scenario_id,robot_id,robots,success,reward,steps,spl,collisions,deadlock,cumulative_risk,path_length,shortest_path_length,detour,disruption_applied
0,0,10,1.0,10.755423162583519,2,0.9157658576381806,0,0.0,0.1,9.806000000000001,8.98,1.0919821826280625,1.0
0,1,10,1.0,10.055716238076643,6,0.6235478260869565,0,0.0,0.75,28.750000000000004,17.927,1.6037262230155633,1.0
0,2,10,0.0,-25.602426558614955,200,0.0,0,0.0,15.000000000000004,889.7999999999972,43.436,20.485311722994687,1.0
0,3,10,0.0,-25.588335158817184,200,0.0,0,0.0,15.000000000000002,738.1539999999969,54.78,13.474881343555985,1.0
0,4,10,0.0,-25.74910251506159,200,0.0,0,0.0,15.100000000000003,1110.237999999999,41.828,26.542937745051134,1.0
0,5,10,0.0,-22.9886351191019,200,0.0,0,0.0,10.000000000000007,663.0820000000016,21.914,30.25837364242044,1.0
0,6,10,1.0,10.610215659689857,3,1.0,0,0.0,0.2,23.602,23.602,1.0,1.0
0,7,10,1.0,10.155576681180456,7,0.8920761882840371,0,0.0,0.35,34.756,31.004999999999995,1.120980487018223,1.0
0,8,10,1.0,10.371258642765685,5,0.9667436870770754,0,0.0,0.3,24.236,23.43,1.034400341442595,1.0
0,9,10,0.0,-25.521430657364956,200,0.0,0,0.0,15.000000000000004,866.2920000000021,67.801,12.776979690565065,1.0
1,0,10,0.0,-25.320561804071545,200,0.0,0,0.0,15.000000000000002,694.1439999999976,35.564,19.518164435946396,1.0
1,1,10,0.0,-23.129328386605795,200,0.0,0,0.0,10.000000000000007,728.472000000002,21.024,34.64954337899553,1.0
1,2,10,1.0,9.39877334186735,12,0.9675197002771199,0,0.0,0.9000000000000001,64.593,62.495000000000005,1.0335706856548523,1.0
1,3,10,1.0,10.371753418085873,5,0.7819877274310673,0,0.0,0.3,37.319,29.183,1.2787924476578831,1.0
1,4,10,0.0,-25.85185321879577,200,0.0,0,0.0,14.950000000000003,378.67499999999933,77.762,4.869666418044795,1.0
1,5,10,0.0,-23.243096887520494,200,0.0,0,0.0,10.100000000000009,741.3109999999967,50.666999999999994,14.631041901040062,1.0
1,6,10,0.0,-22.912283499728908,200,0.0,0,0.0,10.000000000000007,516.4079999999981,31.351,16.471819080731017,1.0
1,7,10,0.0,-23.507810940421038,200,0.0,0,0.0,10.200000000000012,697.5670000000015,61.515,11.339787043810476,1.0
1,8,10,1.0,10.2512008484546,6,0.8813032140500802,0,0.0,0.35000000000000003,31.829,28.051000000000002,1.1346832554989126,1.0
1,9,10,1.0,10.323618966107496,5,0.992794507511386,0,0.0,0.39999999999999997,29.422000000000004,29.21,1.0072577884286205,1.0
2,0,10,0.0,-13.719910021207818,17,0.0,10,1.0,0.39999999999999997,38.664,48.567,0.7960961146457471,1.0
2,1,10,1.0,9.126120975966945,14,0.5731436793668875,0,0.0,1.1,66.718,38.239000000000004,1.7447631998744737,1.0
2,2,10,1.0,10.349588944128008,5,0.8403563622278172,0,0.0,0.35000000000000003,36.143,30.372999999999998,1.189971356138676,1.0
2,3,10,1.0,10.10638549119163,7,0.7417685884389323,0,0.0,0.45,52.573,38.99699999999999,1.348129343282817,1.0
2,4,10,1.0,10.516290971122213,4,0.9968419774079925,0,0.0,0.2,16.465999999999998,16.414,1.0031680272937733,1.0
2,5,10,0.0,-23.030690113660746,200,0.0,0,0.0,10.150000000000011,1104.2729999999988,46.63,23.6815998284366,1.0
2,6,10,0.0,-30.47609669971483,200,0.0,0,0.0,25.0,1476.9509999999927,29.452,50.14773190275678,1.0
2,7,10,1.0,9.619712243318308,10,0.9393122915062869,0,0.0,0.85,46.764,43.926,1.0646086600191231,1.0
2,8,10,0.0,-25.435700619020796,200,0.0,0,0.0,15.050000000000002,650.5609999999989,31.986000000000004,20.33892953167007,1.0
2,9,10,0.0,-13.682096586218616,17,0.0,10,1.0,0.35,23.412,41.186,0.5684455883067061,1.0
3,0,10,0.0,-13.197638482204846,13,0.0,10,1.0,0.2,16.878,66.254,0.25474688320705163,1.0
3,1,10,1.0,9.769804252640014,10,0.6322922698320788,0,0.0,0.6,55.263999999999996,34.943,1.5815470909767335,1.0
3,2,10,1.0,9.802096102245445,9,0.7081531114833612,0,0.0,0.7,39.997,28.323999999999998,1.4121239937861885,1.0
3,3,10,0.0,-25.956384711779467,200,0.0,0,0.0,14.900000000000002,384.46199999999965,52.66800000000001,7.299726589200265,1.0
3,4,10,0.0,-23.35179391935819,200,0.0,0,0.0,10.100000000000009,1004.4620000000008,53.843,18.655386958379005,1.0
3,5,10,1.0,10.22482015262723,6,0.914416516656666,0,0.0,0.4,44.997,41.146,1.0935935449375396,1.0
3,6,10,0.0,-23.007993135591526,200,0.0,0,0.0,10.000000000000007,648.1380000000005,51.279,12.639443046861297,1.0
3,7,10,1.0,10.484219367217186,4,0.933125043881205,0,0.0,0.25,28.485999999999997,26.581000000000003,1.0716677325909483,1.0
3,8,10,0.0,-13.171975979088739,13,0.0,10,1.0,0.25,13.895,44.378,0.31310559286132766,1.0
3,9,10,1.0,10.489302325581395,4,1.0,0,0.0,0.25,21.672,21.672,1.0,1.0
4,0,10,1.0,9.907305969070675,8,0.8700044009472515,0,0.0,0.65,47.717000000000006,41.514,1.1494194729488847,1.0
4,1,10,0.0,-25.279383221910784,200,0.0,0,0.0,15.000000000000004,1636.7999999999965,37.096000000000004,44.12335561785628,1.0
4,2,10,1.0,10.24266409746395,5,0.8631364343580663,0,0.0,0.55,37.278000000000006,32.176,1.1585653903530584,1.0
4,3,10,0.0,-23.55611440245141,200,0.0,0,0.0,10.050000000000008,649.391999999999,48.949999999999996,13.266435137895794,1.0
4,4,10,1.0,10.415263667150459,4,0.9159392032613993,0,0.0,0.39999999999999997,22.567,20.669999999999998,1.091775520077407,1.0
4,5,10,1.0,10.728223614676129,2,1.0,0,0.0,0.15000000000000002,6.623,6.623,1.0,1.0
4,6,10,1.0,9.535444492677465,11,0.6382367523112368,0,0.0,0.8,68.578,43.769,1.5668166967488406,1.0
4,7,10,0.0,-23.63637988449348,200,0.0,0,0.0,10.100000000000009,745.5820000000031,62.161,11.994369459950821,1.0
4,8,10,0.0,-32.40085036022202,200,0.0,0,0.0,30.000000000000004,821.6290000000029,8.467,97.03897484351043,1.0
4,9,10,0.0,-23.571947144466158,200,0.0,0,0.0,10.100000000000009,1120.728000000003,47.94199999999999,23.376746902507264,1.0
5,0,10,1.0,10.345782581040867,5,0.731063688449722,0,0.0,0.35,60.214999999999996,44.02100000000001,1.3678698802844094,1.0
5,1,10,0.0,-24.927621088400848,200,0.0,0,0.0,13.350000000000012,653.1630000000008,39.434,16.56344778617439,1.0
5,2,10,0.0,-13.532785840707964,14,0.0,10,1.0,0.25,24.586000000000002,28.250000000000004,0.8703008849557522,1.0
5,3,10,0.0,-25.574401343112232,200,0.0,0,0.0,15.000000000000002,1054.9999999999975,56.585,18.644517098170848,1.0
5,4,10,0.0,-23.14553266236225,200,0.0,0,0.0,10.000000000000007,1226.1999999999994,42.128,29.106532472464853,1.0
5,5,10,0.0,-23.29929690813259,200,0.0,0,0.0,10.050000000000008,936.5569999999949,49.516999999999996,18.913847769452815,1.0
5,6,10,1.0,10.396457519985127,5,0.8278477672976717,0,0.0,0.25,45.483,37.653,1.2079515576448092,1.0
5,7,10,1.0,9.865704262180772,8,0.6978392104983044,0,0.0,0.75,65.763,45.891999999999996,1.4329948574915021,1.0
5,8,10,1.0,10.467949325894933,4,1.0,0,0.0,0.30000000000000004,21.509999999999998,21.509999999999998,1.0,1.0
5,9,10,0.0,-12.912344640671446,14,0.0,10,1.0,0.35,19.302000000000003,28.595,0.675013114180801,1.0
6,0,10,0.0,-14.125959056090455,24,0.0,10,1.0,1.4000000000000004,69.18,51.827000000000005,1.3348254770679375,1.0
6,1,10,0.0,-24.216362570211732,200,0.0,0,0.0,13.350000000000012,727.3239999999981,32.402,22.446885994691627,1.0
6,2,10,0.0,-14.554957726632223,24,0.0,10,1.0,1.1,47.134000000000015,72.386,0.6511480120465286,1.0
6,3,10,0.0,-25.20751997001573,200,0.0,0,0.0,14.000000000000009,617.2589999999999,42.689,14.459439199793856,1.0
6,4,10,0.0,-22.91383005707043,200,0.0,0,0.0,10.100000000000009,915.0509999999987,42.57900000000001,21.490664412034068,1.0
6,5,10,1.0,9.370911941411219,12,0.7078928987194413,0,0.0,0.9500000000000001,64.425,45.606,1.4126430732798314,1.0
6,6,10,1.0,10.440630024303607,4,0.9253925003243805,0,0.0,0.35,23.121,21.396,1.0806225462703307,1.0
6,7,10,0.0,-23.136057320938637,200,0.0,0,0.0,10.000000000000007,1021.599999999995,37.543000000000006,27.211464187731263,1.0
6,8,10,1.0,10.15805210338993,6,0.6327389522649242,0,0.0,0.5500000000000002,27.087000000000003,17.139000000000003,1.5804305968842989,1.0
6,9,10,1.0,10.111916762027962,7,0.7719399316357491,0,0.0,0.44999999999999996,26.037,20.099,1.295437583959401,1.0
7,0,10,0.0,-23.288760330578498,200,0.0,0,0.0,10.050000000000008,1140.544,37.994,30.01905564036427,1.0
7,1,10,0.0,-23.102934491640987,200,0.0,0,0.0,10.000000000000007,681.9830000000001,19.799,34.445325521490986,1.0
7,2,10,0.0,-12.899999999999999,10,0.0,10,1.0,0.0,0.0,27.914,0.0,1.0
7,3,10,0.0,-14.17280177546823,16,0.0,10,1.0,0.45000000000000007,38.449,55.422000000000004,0.6937497744577965,1.0
7,4,10,0.0,-22.92018697458695,200,0.0,0,0.0,10.200000000000012,964.6190000000026,62.094,15.534818178890113,1.0
7,5,10,0.0,-14.234709142999503,16,0.0,10,1.0,0.5000000000000001,36.315999999999995,48.168,0.7539445274871283,1.0
7,6,10,0.0,-12.899999999999999,10,0.0,10,1.0,0.0,0.0,34.615,0.0,1.0
7,7,10,1.0,10.490985842796048,4,0.7717960391531983,0,0.0,0.25,17.572,13.562,1.295679103377083,1.0
7,8,10,0.0,-15.368554373092554,27,0.0,10,1.0,1.3000000000000003,82.48799999999997,63.239,1.3043849523237239,1.0
7,9,10,0.0,-27.493833820582076,200,0.0,0,0.0,19.90000000000003,940.2179999999987,54.387,17.28755033371943,1.0
8,0,10,0.0,-14.138340873473487,20,0.0,10,1.0,0.7000000000000002,43.704,33.819,1.2922913155326887,1.0
8,1,10,1.0,9.335783394327539,12,0.5569338067865162,0,0.0,1.05,62.801,34.976,1.795545516925892,1.0
8,2,10,0.0,-27.813062985091232,200,0.0,0,0.0,19.950000000000017,1300.3709999999978,35.818,36.304958400804004,1.0
8,3,10,0.0,-25.443925052745698,200,0.0,0,0.0,15.000000000000004,626.1999999999966,51.663,12.120860190077941,1.0
8,4,10,0.0,-13.536426661573723,20,0.0,10,1.0,0.9500000000000002,44.99999999999999,26.18,1.7188693659281893,1.0
8,5,10,0.0,-28.784312851007616,200,0.0,0,0.0,19.80000000000001,1329.1789999999987,36.324,36.59230811584624,1.0
8,6,10,0.0,-22.944262547667645,200,0.0,0,0.0,10.000000000000007,1106.6000000000004,25.961,42.625476676553305,1.0
8,7,10,0.0,-25.92571775328515,200,0.0,0,0.0,15.050000000000002,734.3340000000019,63.239,11.61204320118917,1.0
8,8,10,0.0,-23.229720309314033,200,0.0,0,0.0,10.000000000000007,925.3849999999986,77.97900000000001,11.867105246284236,1.0
8,9,10,0.0,-23.781321502499097,200,0.0,0,0.0,10.150000000000011,838.3050000000023,39.614,21.161836724390426,1.0
9,0,10,1.0,10.199913698253336,6,0.8701271503365744,0,0.0,0.44999999999999996,33.425000000000004,29.084000000000003,1.1492573236143584,1.0
9,1,10,1.0,10.34157092890294,5,0.946219450101833,0,0.0,0.35000000000000003,31.423999999999996,29.733999999999995,1.0568372906437076,1.0
9,2,10,1.0,10.348071597009683,5,0.742973234921345,0,0.0,0.35000000000000003,26.826,19.931,1.3459435050925694,1.0
9,3,10,0.0,-28.096745597512378,200,0.0,0,0.0,19.900000000000013,1727.197000000008,33.447,51.63981821987048,1.0
9,4,10,1.0,9.841708101681876,8,0.6349689165186501,0,0.0,0.7999999999999999,45.04,28.599,1.574880240567852,1.0
9,5,10,1.0,9.5026611230641,11,0.6587626891400115,0,0.0,0.9,78.31500000000001,51.591,1.5179973251148458,1.0
9,6,10,0.0,-23.566638627319684,200,0.0,0,0.0,10.150000000000011,1099.4089999999976,76.143,14.438740265027613,1.0
9,7,10,0.0,-28.137823516584657,200,0.0,0,0.0,19.70000000000001,1185.4550000000033,41.272999999999996,28.72228817871256,1.0
9,8,10,1.0,9.624492462440172,10,0.7650030348716544,0,0.0,0.8500000000000001,51.073,39.071000000000005,1.3071843566839854,1.0
9,9,10,0.0,-23.05710973084886,200,0.0,0,0.0,10.000000000000007,1122.6240000000034,60.37500000000001,18.59418633540378,1.0
10,0,10,0.0,-25.2993334539495,200,0.0,0,0.0,13.95000000000001,624.3809999999997,46.981,13.290074711053398,1.0
10,1,10,0.0,-30.338752167490878,200,0.0,0,0.0,24.85,1470.6259999999927,31.141999999999996,47.22323550189432,1.0
10,2,10,0.0,-23.286634016579328,200,0.0,0,0.0,10.050000000000008,956.3969999999979,48.494,19.721965603992203,1.0
10,3,10,1.0,10.466966766548625,4,0.8920478707247435,0,0.0,0.30000000000000004,16.461,14.684000000000001,1.1210160719150093,1.0
10,4,10,1.0,9.927665680171446,8,0.8249427532327585,0,0.0,0.6,59.392,48.99499999999999,1.2122053270741915,1.0
10,5,10,0.0,-23.391245541125556,200,0.0,0,0.0,10.000000000000007,1064.4459999999942,57.75,18.43196536796527,1.0
10,6,10,1.0,10.610030942846741,3,0.5492901419716057,0,0.0,0.2,10.001999999999999,5.494,1.8205314888969784,1.0
10,7,10,1.0,10.729641251573458,2,1.0,0,0.0,0.15000000000000002,11.122,11.122,1.0,1.0
10,8,10,1.0,10.214397338403042,6,0.922968941919635,0,0.0,0.39999999999999997,28.495,26.3,1.0834600760456274,1.0
10,9,10,0.0,-24.814818369187194,200,0.0,0,0.0,13.300000000000011,1251.9430000000002,62.104000000000006,20.158814247069433,1.0
11,0,10,0.0,-22.89661090698114,200,0.0,0,0.0,10.000000000000007,855.4000000000024,41.367999999999995,20.677818603751753,1.0
11,1,10,1.0,9.877793824446604,8,0.8908370525548774,0,0.0,0.7000000000000001,43.916000000000004,39.122,1.122539747456674,1.0
11,2,10,0.0,-23.039494009817762,200,0.0,0,0.0,10.000000000000007,1455.0009999999947,58.262,24.97341320243031,1.0
11,3,10,0.0,-23.003997364152553,200,0.0,0,0.0,10.000000000000007,473.64700000000175,49.31999999999999,9.603548256285519,1.0
11,4,10,1.0,10.472171144696334,4,0.7887852530492854,0,0.0,0.3,18.119,14.292000000000002,1.267772180240694,1.0
11,5,10,0.0,-23.47885136586413,200,0.0,0,0.0,10.250000000000012,899.1360000000012,51.213,17.55679222072523,1.0
11,6,10,0.0,-22.90410387201487,200,0.0,0,0.0,10.000000000000007,1184.4579999999999,43.13,27.462508694644093,1.0
11,7,10,1.0,8.846765439800373,16,0.7303709947488921,0,0.0,1.25,87.79100000000003,64.12,1.3691671865252655,1.0
11,8,10,0.0,-25.306358912450126,200,0.0,0,0.0,15.000000000000002,607.015000000002,38.104000000000006,15.93047973965993,1.0
11,9,10,1.0,10.635913161240396,3,1.0,0,0.0,0.15000000000000002,18.091,18.091,1.0,1.0
12,0,10,0.0,-13.18359989749465,13,0.0,10,1.0,0.15000000000000002,20.111,66.33800000000001,0.30315957671319604,1.0
12,1,10,0.0,-24.74837817381133,200,0.0,0,0.0,13.350000000000012,663.7750000000004,29.066,22.836819651826893,1.0
12,2,10,1.0,10.097423447568,7,0.8814999120359897,0,0.0,0.44999999999999996,39.78900000000001,35.074,1.1344300621543026,1.0
12,3,10,1.0,9.75260754183966,9,0.8353475400457666,0,0.0,0.8,55.936,46.726,1.197106535975688,1.0
12,4,10,0.0,-12.802198038142553,13,0.0,10,1.0,0.4,15.321,23.753,0.6450132614827601,1.0
12,5,10,0.0,-12.659694006482447,13,0.0,10,1.0,0.3,14.347,18.203,0.7881667856946657,1.0
12,6,10,1.0,9.781591117981284,9,0.9174220501715182,0,0.0,0.7000000000000002,52.181000000000004,47.872,1.0900108622994653,1.0
12,7,10,0.0,-13.226343200334654,13,0.0,10,1.0,0.15000000000000002,11.441,50.20099999999999,0.2279038266169997,1.0
12,8,10,0.0,-24.379071737953396,200,0.0,0,0.0,12.550000000000015,964.3080000000015,36.94,26.104710341093707,1.0
12,9,10,0.0,-23.237776323077693,200,0.0,0,0.0,10.000000000000007,961.2000000000031,19.858999999999998,48.40122866206774,1.0
13,0,10,1.0,10.754567235323634,2,1.0,0,0.0,0.1,7.972,7.972,1.0,1.0
13,1,10,1.0,9.854634752734833,8,1.0,0,0.0,0.7500000000000001,33.183,33.183,1.0,1.0
13,2,10,1.0,9.96570561075981,8,0.8927419354838709,0,0.0,0.5499999999999999,44.64,39.852,1.1201445347786811,1.0
13,3,10,1.0,10.340784389159614,5,0.9934882930834349,0,0.0,0.35000000000000003,35.321,35.091,1.0065543871648,1.0
13,4,10,1.0,10.086865154281824,7,0.838506254217055,0,0.0,0.5,38.534,32.311,1.192596948407663,1.0
13,5,10,0.0,-23.43525084148102,200,0.0,0,0.0,10.000000000000007,997.9999999999978,43.673,22.85164747097744,1.0
13,6,10,1.0,10.08035019455253,7,0.8976714100905561,0,0.0,0.49999999999999994,23.190000000000005,20.817,1.1139933708027094,1.0
13,7,10,0.0,-23.12550934442859,200,0.0,0,0.0,10.000000000000007,1459.9999999999948,58.163000000000004,25.101868885717632,1.0
13,8,10,0.0,-23.057114491928996,200,0.0,0,0.0,10.050000000000008,889.4320000000015,66.782,13.318439100356407,1.0
13,9,10,1.0,10.12808555486671,6,0.8409801876955162,0,0.0,0.6000000000000001,28.77,24.195,1.1890886546807191,1.0
14,0,10,1.0,10.234458394160583,6,0.6222998344571405,0,0.0,0.39999999999999997,49.534000000000006,30.825000000000003,1.6069424168694242,1.0
14,1,10,1.0,10.100732288304902,7,0.8155327637708103,0,0.0,0.44999999999999996,47.873,39.042,1.2261923057220427,1.0
14,2,10,0.0,-23.60522585388499,200,0.0,0,0.0,10.15000000000001,806.9769999999994,77.52800000000002,10.408845836342989,1.0
14,3,10,0.0,-13.611740691062286,17,0.0,10,1.0,0.5,36.674,52.933,0.6928381161090436,1.0
14,4,10,0.0,-25.478457443082306,200,0.0,0,0.0,15.100000000000003,1039.5029999999974,57.099999999999994,18.204956217162827,1.0
14,5,10,1.0,10.268857776731991,5,0.9797134859212909,0,0.0,0.5,30.365000000000002,29.749000000000002,1.0207065783723823,1.0
14,6,10,1.0,10.438408690000928,4,0.9616964285714286,0,0.0,0.35000000000000003,22.400000000000002,21.542,1.03982917092192,1.0
14,7,10,0.0,-23.124173265349228,200,0.0,0,0.0,10.000000000000007,2108.1620000000084,42.559,49.53504546629405,1.0
14,8,10,1.0,9.839263891963693,8,0.7006902970604205,0,0.0,0.8,25.785999999999998,18.068,1.4271640469338054,1.0
14,9,10,0.0,-24.626200710381042,200,0.0,0,0.0,12.450000000000014,961.8030000000014,36.037,26.689319310708477,1.0
15,0,10,0.0,-14.836022968271347,27,0.0,10,1.0,1.2500000000000004,105.945,72.143,1.4685416464521852,1.0
15,1,10,1.0,9.767397626318713,9,0.7676794586602375,0,0.0,0.75,75.073,57.632000000000005,1.3026270127706827,1.0
15,2,10,0.0,-23.185584458150828,200,0.0,0,0.0,10.000000000000007,577.7850000000005,33.561,17.215964959327806,1.0
15,3,10,1.0,10.110479485980022,7,0.8395749104770706,0,0.0,0.44999999999999996,43.285000000000004,36.341,1.1910789466442862,1.0
15,4,10,1.0,9.358251851284898,12,0.6934385988190803,0,0.0,1.0,75.36500000000001,52.260999999999996,1.4420887468666888,1.0
15,5,10,1.0,10.496706517690876,4,0.6067248158358566,0,0.0,0.25,22.127000000000002,13.425,1.648193668528864,1.0
15,6,10,1.0,10.753984794275492,2,0.20780669144981415,0,0.0,0.15000000000000002,10.76,2.236,4.812164579606439,1.0
15,7,10,1.0,10.016633680392708,8,0.7631899205383349,0,0.0,0.45,41.907000000000004,31.983000000000004,1.3102898414782853,1.0
15,8,10,1.0,10.610444786456329,3,0.8743776073206837,0,0.0,0.2,14.862,12.995000000000001,1.1436706425548286,1.0
15,9,10,0.0,-25.527084580477005,200,0.0,0,0.0,15.000000000000002,656.9209999999988,41.428,15.856932509413895,1.0
16,0,10,1.0,10.875,1,1.0,0,0.0,0.05,5.108,5.108,1.0,1.0
16,1,10,0.0,-23.213523122570027,200,0.0,0,0.0,10.000000000000007,464.62299999999857,39.096000000000004,11.884156947002213,1.0
16,2,10,0.0,-13.594261210939557,16,0.0,10,1.0,0.3,32.652,37.954,0.8603045792274859,1.0
16,3,10,0.0,-25.408543227441506,200,0.0,0,0.0,15.000000000000002,822.8000000000012,44.983000000000004,18.291354511704448,1.0
16,4,10,1.0,9.791798615617564,8,0.8063137699485479,0,0.0,0.9,34.401,27.738,1.2402119835604588,1.0
16,5,10,0.0,-23.251613342813137,200,0.0,0,0.0,10.000000000000007,762.3750000000031,33.756,22.584873800213387,1.0
16,6,10,0.0,-13.129659467538938,12,0.0,10,1.0,0.1,8.242,46.163,0.17854125598422982,1.0
16,7,10,0.0,-13.094819193793219,16,0.0,10,1.0,0.45000000000000007,47.025000000000006,59.28999999999999,0.7931354359925791,1.0
16,8,10,1.0,10.104635621465754,7,0.4715678310316816,0,0.0,0.44999999999999996,56.626,26.703,2.120585701981051,1.0
16,9,10,0.0,-12.997426283352402,12,0.0,10,1.0,0.15000000000000002,9.677999999999999,54.193999999999996,0.1785806546850205,1.0
17,0,10,1.0,10.054596313956075,6,0.8842020184368038,0,0.0,0.75,45.778,40.477000000000004,1.1309632630876794,1.0
17,1,10,0.0,-14.112947214592577,20,0.0,10,1.0,0.7,53.73799999999999,56.796,0.9461581801535318,1.0
17,2,10,1.0,10.441262369956863,4,0.650786442637163,0,0.0,0.35000000000000003,24.223,15.764,1.5366023851814261,1.0
17,3,10,0.0,-24.306584157659003,200,0.0,0,0.0,12.500000000000016,940.1999999999991,65.40700000000001,14.374608222361505,1.0
17,4,10,1.0,9.65295217996067,10,0.6243150172181465,0,0.0,0.8000000000000002,66.79,41.69800000000001,1.6017554798791307,1.0
17,5,10,1.0,10.007633294827365,8,0.9424444767019887,0,0.0,0.44999999999999996,41.333999999999996,38.955,1.0610704659222179,1.0
17,6,10,0.0,-22.937726973202476,200,0.0,0,0.0,10.000000000000007,821.9720000000011,27.316000000000003,30.091228583980122,1.0
17,7,10,1.0,9.686819209289956,9,0.9607187719559709,0,0.0,0.9000000000000001,46.969,45.123999999999995,1.0408873326832728,1.0
17,8,10,0.0,-23.170846584276042,200,0.0,0,0.0,10.000000000000007,1899.7839999999926,49.682,38.238879272170855,1.0
17,9,10,0.0,-25.64500378317027,200,0.0,0,0.0,14.950000000000003,558.7350000000015,37.006,15.098497540939347,1.0
18,0,10,0.0,-22.889616268542376,200,0.0,0,0.0,10.000000000000007,633.9999999999993,28.718,22.076746291524454,1.0
18,1,10,0.0,-13.5183964663365,17,0.0,10,1.0,0.5000000000000001,18.500999999999998,7.471,2.476375317895864,1.0
18,2,10,0.0,-12.9,10,0.0,10,1.0,0.0,0.0,12.811,0.0,1.0
18,3,10,0.0,-22.915745891437453,200,0.0,0,0.0,10.000000000000007,687.5999999999982,39.36899999999999,17.46551855520837,1.0
18,4,10,0.0,-22.806096822995407,200,0.0,0,0.0,10.000000000000007,1232.806999999998,21.152,58.28323562783651,1.0
18,5,10,1.0,10.097652532391049,6,0.9799168975069252,0,0.0,0.65,21.66,21.225,1.020494699646643,1.0
18,6,10,1.0,10.34734461709212,5,0.95042194092827,0,0.0,0.35000000000000003,26.544,25.228,1.0521642619311875,1.0
18,7,10,1.0,9.983627459118452,7,0.676246877543574,0,0.0,0.7000000000000001,35.629,24.093999999999998,1.4787498962397279,1.0
18,8,10,0.0,-12.899999999999999,10,0.0,10,1.0,0.0,0.0,67.74900000000001,0.0,1.0
18,9,10,0.0,-33.199913490986006,200,0.0,0,0.0,29.899999999999896,916.6130000000005,63.346000000000004,14.469942853534564,1.0
19,0,10,1.0,9.476016895697228,11,0.8286354302781409,0,0.0,0.9500000000000001,53.56999999999999,44.39,1.206803334084253,1.0
19,1,10,0.0,-25.951877144438278,200,0.0,0,0.0,15.000000000000002,983.9320000000008,63.245,15.55746699343823,1.0
19,2,10,0.0,-29.58577984765066,200,0.0,0,0.0,23.25000000000002,969.8529999999988,39.77700000000001,24.382256077632768,1.0
19,3,10,1.0,10.25307370994855,6,0.9439796114637431,0,0.0,0.35,41.592,39.262,1.059344913656971,1.0
19,4,10,0.0,-23.232107926373683,200,0.0,0,0.0,10.10000000000001,750.1899999999994,58.891999999999996,12.738402499490583,1.0
19,5,10,0.0,-25.497014594221476,200,0.0,0,0.0,14.950000000000003,895.9380000000008,40.564,22.087022976037886,1.0
19,6,10,1.0,9.870306601863103,8,0.6869782971619366,0,0.0,0.7500000000000001,35.94,24.69,1.4556500607533414,1.0
19,7,10,1.0,9.641497636495512,9,0.8451993404642116,0,0.0,1.0,47.306000000000004,39.983,1.183152839956982,1.0
19,8,10,1.0,10.75729805966322,2,1.0,0,0.0,0.1,11.699,11.699,1.0,1.0
19,9,10,0.0,-23.007069104099216,200,0.0,0,0.0,10.000000000000007,966.1310000000051,48.52100000000001,19.91160528430999,1.0
20,0,10,0.0,-23.332447832860783,200,0.0,0,0.0,10.100000000000009,578.6010000000022,39.153,14.777948049957914,1.0
20,1,10,0.0,-12.703821501955327,11,0.0,10,1.0,0.05,5.275,15.087,0.3496387618479486,1.0
20,2,10,0.0,-13.009283160924992,11,0.0,10,1.0,0.1,2.626,31.611000000000004,0.08307234823320994,1.0
20,3,10,1.0,10.292829093892863,5,1.0,0,0.0,0.44999999999999996,25.593,25.593,1.0,1.0
20,4,10,0.0,-25.63742968324944,200,0.0,0,0.0,14.950000000000003,642.0769999999969,42.273,15.188820287180869,1.0
20,5,10,0.0,-13.017577575506827,11,0.0,10,1.0,0.05,5.783,48.339999999999996,0.1196317749275962,1.0
20,6,10,0.0,-12.861224738675958,11,0.0,10,1.0,0.1,13.531,40.17999999999999,0.33675958188153315,1.0
20,7,10,1.0,10.730142938550669,2,1.0,0,0.0,0.15000000000000002,10.529,10.529,1.0,1.0
20,8,10,0.0,-12.830339409930438,11,0.0,10,1.0,0.05,6.997,29.183000000000003,0.23976287564678062,1.0
20,9,10,0.0,-13.101823813407993,11,0.0,10,1.0,0.1,4.715,45.361,0.1039439165803223,1.0
21,0,10,1.0,10.58301017413422,3,0.6314553990610329,0,0.0,0.25,16.188000000000002,10.222000000000001,1.58364312267658,1.0
21,1,10,1.0,8.267165681066453,21,0.47962656718713964,0,0.0,1.5000000000000002,104.00799999999997,49.885000000000005,2.0849553974140513,1.0
21,2,10,1.0,10.08654846174789,7,0.7298740654263642,0,0.0,0.5,40.259,29.384,1.3700993738088756,1.0
21,3,10,0.0,-12.9,10,0.0,10,1.0,0.0,0.0,20.507,0.0,1.0
21,4,10,0.0,-22.953001431980944,200,0.0,0,0.0,10.000000000000007,986.6310000000007,20.95,47.09455847255373,1.0
21,5,10,1.0,10.292829093892863,5,1.0,0,0.0,0.44999999999999996,25.593,25.593,1.0,1.0
21,6,10,1.0,10.875,1,1.0,0,0.0,0.05,3.298,3.298,1.0,1.0
21,7,10,1.0,10.495047593551073,4,0.752855287320285,0,0.0,0.25,22.326999999999998,16.809,1.3282765185317387,1.0
21,8,10,0.0,-12.9,10,0.0,10,1.0,0.0,0.0,53.67999999999999,0.0,1.0
21,9,10,1.0,9.787611122270366,8,0.8263539789433746,0,0.0,0.9000000000000001,42.172000000000004,34.849,1.2101351545238028,1.0
22,0,10,1.0,10.249902106383505,6,0.8955710232310692,0,0.0,0.35,45.112,40.400999999999996,1.1166060246033516,1.0
22,1,10,0.0,-13.245609580613545,14,0.0,10,1.0,0.25,23.961000000000002,47.95099999999999,0.4996976079748077,1.0
22,2,10,0.0,-22.965573853817197,200,0.0,0,0.0,10.000000000000007,929.8829999999978,39.348,23.63228118328753,1.0
22,3,10,0.0,-13.06928578092306,13,0.0,10,1.0,0.2,17.967,75.03300000000002,0.23945463995841823,1.0
22,4,10,1.0,9.94943227646808,8,0.7376172970881301,0,0.0,0.55,41.348,30.499000000000002,1.355716580871504,1.0
22,5,10,0.0,-13.170949223980859,13,0.0,10,1.0,0.30000000000000004,17.060000000000002,45.553,0.37450881390907304,1.0
22,6,10,0.0,-12.789923947647681,14,0.0,10,1.0,0.25,13.169999999999998,14.135,0.9317297488503713,1.0
22,7,10,1.0,10.373460247994165,5,0.9118925150762682,0,0.0,0.3,22.552,20.565,1.0966204716751762,1.0
22,8,10,1.0,10.39066526694661,5,0.9082158942321662,0,0.0,0.25,27.532,25.005,1.1010597880423916,1.0
22,9,10,1.0,10.345417701685328,5,0.9287641087527508,0,0.0,0.35000000000000003,28.174,26.167,1.076699659876944,1.0
23,0,10,0.0,-12.497982711623914,12,0.0,10,1.0,0.15000000000000002,21.958,26.781,0.8199096374295209,1.0
23,1,10,0.0,-23.066876386918388,200,0.0,0,0.0,10.10000000000001,600.6989999999995,54.977999999999994,10.926170468187268,1.0
23,2,10,0.0,-12.968795778570982,12,0.0,10,1.0,0.15000000000000002,10.193999999999999,48.467,0.21032867724431054,1.0
23,3,10,0.0,-23.391346856046614,200,0.0,0,0.0,10.050000000000008,923.6159999999978,64.632,14.290382473078317,1.0
23,4,10,0.0,-23.28372070412446,200,0.0,0,0.0,10.150000000000011,1348.9380000000049,68.39699999999999,19.722180797403468,1.0
23,5,10,0.0,-25.547487077287197,200,0.0,0,0.0,15.000000000000004,1037.5669999999975,32.114,32.30886840630247,1.0
23,6,10,0.0,-27.524996265498203,200,0.0,0,0.0,20.00000000000002,1216.999999999999,20.083,60.59851615794449,1.0
23,7,10,1.0,10.515136192861615,4,0.8174372973895241,0,0.0,0.2,23.444,19.164,1.2233354205802545,1.0
23,8,10,0.0,-25.434878939606897,200,0.0,0,0.0,14.950000000000003,783.3490000000033,58.318,13.432370794608927,1.0
23,9,10,0.0,-22.969309325450133,200,0.0,0,0.0,10.000000000000007,726.5999999999995,37.21,19.5270088685837,1.0
24,0,10,1.0,9.831545196613025,9,0.984226716408142,0,0.0,0.6000000000000001,45.836999999999996,45.114,1.016026067296183,1.0
24,1,10,1.0,10.229305645191905,6,0.9055001718803712,0,0.0,0.4,29.090000000000003,26.341,1.1043620211837062,1.0
24,2,10,0.0,-22.82453452910747,200,0.0,0,0.0,10.000000000000007,929.4609999999972,44.267,20.996701832064453,1.0
24,3,10,1.0,10.055284208964085,6,0.8887423333113501,0,0.0,0.75,30.325999999999997,26.952,1.125185514989611,1.0
24,4,10,0.0,-14.056267916961012,18,0.0,10,1.0,0.5499999999999999,49.238,43.883,1.1220290317434998,1.0
24,5,10,0.0,-23.448556607433854,200,0.0,0,0.0,10.050000000000008,890.3289999999959,64.435,13.817474974780723,1.0
24,6,10,1.0,9.965751006795873,8,0.6504850394989973,0,0.0,0.5499999999999999,48.861999999999995,31.784,1.5373143720110747,1.0
24,7,10,0.0,-30.55156599179493,200,0.0,0,0.0,25.0,949.8000000000033,59.962,15.840032020279564,1.0
24,8,10,1.0,10.14728600737054,6,0.9790945950972734,0,0.0,0.5500000000000002,26.883,26.320999999999998,1.021351772349075,1.0
24,9,10,0.0,-23.124949413192994,200,0.0,0,0.0,10.000000000000007,948.7679999999973,39.535999999999994,23.99757183326582,1.0
25,0,10,0.0,-13.252656769883863,15,0.0,10,1.0,0.35,45.852,78.443,0.5845263439695065,1.0
25,1,10,0.0,-24.740804520433294,200,0.0,0,0.0,13.250000000000012,1194.9760000000003,39.421,30.31318332868269,1.0
25,2,10,1.0,10.465804098854733,4,0.6502822201317029,0,0.0,0.3,25.512,16.590000000000003,1.5377938517179022,1.0
25,3,10,0.0,-13.166368445914028,15,0.0,10,1.0,0.35,29.812,42.34,0.7041095890410959,1.0
25,4,10,0.0,-12.9,10,0.0,10,1.0,0.0,0.0,27.273,0.0,1.0
25,5,10,0.0,-12.948397158204816,10,0.0,10,1.0,0.0,0.0,57.71,0.0,1.0
25,6,10,0.0,-28.161588908364095,200,0.0,0,0.0,20.000000000000014,1640.9999999999968,50.77700000000001,32.31778167280455,1.0
25,7,10,0.0,-22.995912234411886,200,0.0,0,0.0,10.000000000000007,2385.0420000000045,36.005,66.24196639355657,1.0
25,8,10,0.0,-23.08261341296736,200,0.0,0,0.0,10.050000000000008,427.147000000001,53.410999999999994,7.997360094362604,1.0
25,9,10,0.0,-23.44769506726458,200,0.0,0,0.0,10.100000000000009,990.9310000000036,34.565000000000005,28.668624330970733,1.0
26,0,10,0.0,-25.4514554350521,200,0.0,0,0.0,15.000000000000002,1827.7769999999912,44.351,41.211629951973826,1.0
26,1,10,0.0,-13.225518178729189,17,0.0,10,1.0,0.6000000000000001,36.454,35.316,1.0322233548533242,1.0
26,2,10,1.0,9.831316683224362,8,0.9420816646352079,0,0.0,0.7999999999999999,45.94400000000001,43.283,1.0614791026500014,1.0
26,3,10,1.0,10.15565258769147,7,0.38094744838063677,0,0.0,0.35,28.962,11.033000000000001,2.625033988942264,1.0
26,4,10,0.0,-25.838953034344375,200,0.0,0,0.0,14.950000000000003,795.0790000000023,72.73400000000001,10.931325102428056,1.0
26,5,10,0.0,-13.381963094011734,17,0.0,10,1.0,0.4,29.858000000000004,44.653999999999996,0.6686523043848257,1.0
26,6,10,0.0,-23.080421776468032,200,0.0,0,0.0,10.000000000000007,517.6969999999981,63.114000000000004,8.20256995278382,1.0
26,7,10,1.0,9.691946798425786,9,0.8411298506741411,0,0.0,0.9000000000000001,41.385999999999996,34.811,1.1888770790841974,1.0
26,8,10,0.0,-25.67323895913505,200,0.0,0,0.0,14.850000000000003,1187.029999999999,76.39800000000001,15.537448624309523,1.0
26,9,10,0.0,-22.988254780906495,200,0.0,0,0.0,10.000000000000007,684.4000000000029,66.41,10.305676855895241,1.0
27,0,10,1.0,10.75507904265654,2,1.0,0,0.0,0.1,11.323,11.323,1.0,1.0
27,1,10,1.0,10.074215719924489,7,0.8214273127753304,0,0.0,0.5000000000000001,28.375,23.308,1.2173931697271323,1.0
27,2,10,0.0,-13.165673039297891,17,0.0,10,1.0,0.45,39.849999999999994,35.778,1.1138129576834925,1.0
27,3,10,0.0,-13.485131678113849,17,0.0,10,1.0,0.45,33.012,70.323,0.4694338978712513,1.0
27,4,10,1.0,10.035127538215834,7,0.8574950111515437,0,0.0,0.6000000000000001,25.557000000000002,21.915000000000003,1.1661875427789186,1.0
27,5,10,0.0,-23.2651692455117,200,0.0,0,0.0,10.000000000000007,1100.6850000000006,35.481,31.02181449226348,1.0
27,6,10,1.0,10.32127913249892,5,0.5992112238960369,0,0.0,0.4,30.933999999999997,18.536,1.6688605955977556,1.0
27,7,10,0.0,-25.54199168914482,200,0.0,0,0.0,15.000000000000002,738.1539999999969,13.717,53.81307866151468,1.0
27,8,10,1.0,10.466678327502915,4,0.9880668257756564,0,0.0,0.3,24.302,24.012,1.0120772946859904,1.0
27,9,10,1.0,10.145666016739586,6,1.0,0,0.0,0.55,42.056,42.056,1.0,1.0
28,0,10,0.0,-25.572590406478692,200,0.0,0,0.0,15.050000000000002,864.1530000000022,64.21,13.458230805170569,1.0
28,1,10,1.0,10.610629222724869,3,0.9417395153258826,0,0.0,0.2,18.073999999999998,17.021,1.0618647553022735,1.0
28,2,10,1.0,9.85584025580919,8,0.8079546917235166,0,0.0,0.7500000000000001,54.382999999999996,43.939,1.2376931655249321,1.0
28,3,10,0.0,-26.089302478175625,200,0.0,0,0.0,14.950000000000003,519.4459999999984,52.579,9.879343464120627,1.0
28,4,10,0.0,-13.032410887717266,16,0.0,10,1.0,0.4,29.907000000000004,39.641,0.7544461542342525,1.0
28,5,10,0.0,-13.749551385609546,16,0.0,10,1.0,0.45,20.579,32.188,0.6393376413570274,1.0
28,6,10,1.0,9.95419158825098,8,0.963036339955607,0,0.0,0.55,54.51299999999999,52.498,1.038382414568174,1.0
28,7,10,0.0,-22.91407363420422,200,0.0,0,0.0,10.000000000000007,460.3949999999986,33.68,13.669685273159104,1.0
28,8,10,1.0,10.63328634955928,3,1.0,0,0.0,0.15000000000000002,12.593,12.593,1.0,1.0
28,9,10,0.0,-25.448766047001033,200,0.0,0,0.0,14.950000000000003,739.2329999999985,57.01999999999999,12.964451069800045,1.0
29,0,10,1.0,9.75410375332818,9,0.811679408825785,0,0.0,0.8,43.032999999999994,34.929,1.232013513126628,1.0
29,1,10,0.0,-28.852052244022882,200,0.0,0,0.0,21.150000000000023,1144.059,64.37100000000001,17.772894626462225,1.0
29,2,10,1.0,9.724077239453626,10,0.751424763957016,0,0.0,0.6500000000000001,70.538,53.00399999999999,1.3308052222473776,1.0
29,3,10,0.0,-25.38416985787342,200,0.0,0,0.0,14.950000000000003,778.8750000000001,38.909,20.017862191266804,1.0
29,4,10,0.0,-22.55393188941913,200,0.0,0,0.0,10.000000000000007,507.30599999999737,35.413,14.325417219665022,1.0
29,5,10,0.0,-22.884528803847303,200,0.0,0,0.0,10.000000000000007,1354.1999999999953,58.638000000000005,23.09423923053302,1.0
29,6,10,0.0,-23.236555580368695,200,0.0,0,0.0,10.000000000000007,925.2509999999987,58.213,15.894233246869234,1.0
29,7,10,0.0,-23.29862723994034,200,0.0,0,0.0,10.000000000000007,1907.1109999999926,52.959,36.01108404614877,1.0
29,8,10,0.0,-26.952295633050657,200,0.0,0,0.0,19.85000000000003,313.89199999999903,31.83,9.861514294690513,1.0
29,9,10,1.0,10.875,1,1.0,0,0.0,0.05,7.812,7.812,1.0,1.0
30,0,10,1.0,9.906628948281845,8,0.5929325567515281,0,0.0,0.6499999999999999,48.589,28.81,1.6865324540090247,1.0
30,1,10,0.0,-23.182146179401965,200,0.0,0,0.0,10.000000000000007,716.6000000000001,12.040000000000001,59.51827242524918,1.0
30,2,10,1.0,10.347533695007206,5,0.46859980139026813,0,0.0,0.35000000000000003,25.175,11.797,2.1340171229973723,1.0
30,3,10,0.0,-22.982273425499198,200,0.0,0,0.0,10.000000000000007,736.3739999999995,41.664,17.674107142857128,1.0
30,4,10,1.0,10.050603882262234,7,0.6866494347731308,0,0.0,0.55,32.111,22.049,1.456347226631593,1.0
30,5,10,1.0,10.875,1,1.0,0,0.0,0.05,7.263,7.263,1.0,1.0
30,6,10,1.0,10.492217294900222,4,0.9007560987208141,0,0.0,0.25,21.029,18.942,1.1101784394467322,1.0
30,7,10,1.0,9.831639638004944,9,0.8556152845970233,0,0.0,0.6,51.52899999999999,44.089000000000006,1.1687495747238537,1.0
30,8,10,1.0,9.750780289446721,9,0.8015604147418129,0,0.0,0.8,38.964,31.232,1.2475665983606556,1.0
30,9,10,0.0,-23.00947287922654,200,0.0,0,0.0,10.000000000000007,1017.3150000000011,36.614000000000004,27.784863713333724,1.0
31,0,10,1.0,10.489302325581395,4,1.0,0,0.0,0.25,21.672,21.672,1.0,1.0
31,1,10,1.0,9.690825078102053,9,0.8473460337571835,0,0.0,0.9,44.198,37.451,1.1801554030599983,1.0
31,2,10,0.0,-25.514348672747772,200,0.0,0,0.0,15.000000000000004,814.7620000000005,68.299,11.929340107468636,1.0
31,3,10,0.0,-23.4956011612079,200,0.0,0,0.0,10.050000000000008,682.1040000000033,35.997,18.94891240936754,1.0
31,4,10,0.0,-12.92264306642436,11,0.0,10,1.0,0.05,5.596,53.925999999999995,0.10377183547824798,1.0
31,5,10,0.0,-23.274419052795427,200,0.0,0,0.0,10.100000000000009,908.0499999999967,40.477000000000004,22.43372779603223,1.0
31,6,10,0.0,-13.021256788044623,11,0.0,10,1.0,0.05,1.645,47.51,0.034624289623237214,1.0
31,7,10,1.0,10.60789899276493,3,1.0,0,0.0,0.2,14.098,14.098,1.0,1.0
31,8,10,0.0,-23.35393716683671,200,0.0,0,0.0,10.000000000000007,1004.9109999999981,44.08500000000001,22.794850856300283,1.0
31,9,10,0.0,-25.704381149100506,200,0.0,0,0.0,15.000000000000004,1025.2060000000022,36.794,27.863401641572057,1.0
32,0,10,0.0,-23.04877576487808,200,0.0,0,0.0,10.000000000000007,467.99999999999807,46.477999999999994,10.069280089504671,1.0
32,1,10,0.0,-28.121527988816627,200,0.0,0,0.0,20.000000000000014,799.800000000003,32.906,24.30559776332593,1.0
32,2,10,0.0,-27.933525376022423,200,0.0,0,0.0,20.000000000000014,617.200000000002,45.476000000000006,13.571994018823156,1.0
32,3,10,1.0,10.050358056550465,6,0.9980461377916916,0,0.0,0.75,45.039,44.951,1.0019576872594602,1.0
32,4,10,0.0,-23.113894576749058,200,0.0,0,0.0,10.000000000000007,879.6080000000009,26.958,32.62883003190151,1.0
32,5,10,1.0,10.14823956956768,6,0.9680897726441989,0,0.0,0.55,27.358000000000004,26.485,1.0329620539928264,1.0
32,6,10,1.0,9.986937958115183,8,0.8596053016494523,0,0.0,0.5,44.43899999999999,38.2,1.1633246073298427,1.0
32,7,10,0.0,-25.565872748380333,200,0.0,0,0.0,15.000000000000004,685.6899999999995,53.406,12.839194098041409,1.0
32,8,10,1.0,10.34381468186759,5,1.0,0,0.0,0.35000000000000003,39.559,39.559,1.0,1.0
32,9,10,0.0,-25.44485615918764,200,0.0,0,0.0,15.000000000000004,653.9999999999982,51.411,12.72101301277933,1.0
33,0,10,0.0,-22.97199341580802,200,0.0,0,0.0,10.050000000000008,896.2609999999976,33.869,26.46257639729539,1.0
33,1,10,1.0,9.354202063540708,12,0.7564096620149288,0,0.0,1.0,64.70700000000001,48.945,1.3220349371743796,1.0
33,2,10,1.0,9.583761501452232,11,0.8355192471564594,0,0.0,0.7500000000000001,53.982,45.102999999999994,1.1968605192559254,1.0
33,3,10,0.0,-13.078711770568043,14,0.0,10,1.0,0.30000000000000004,28.716,45.155,0.6359428634702691,1.0
33,4,10,0.0,-13.291167601054706,14,0.0,10,1.0,0.2,19.64,39.063,0.502777564447175,1.0
33,5,10,1.0,8.925630775971957,15,0.6951705804164819,0,0.0,1.3000000000000003,72.224,50.208,1.438495857233907,1.0
33,6,10,1.0,10.340138296270267,5,0.9802435723951285,0,0.0,0.35000000000000003,40.645,39.842,1.0201546107123138,1.0
33,7,10,1.0,9.811989830828399,9,0.5911652300053003,0,0.0,0.65,71.694,42.383,1.6915744520208573,1.0
33,8,10,1.0,10.283547968885047,6,0.5253121452894439,0,0.0,0.3,39.644999999999996,20.826,1.903630077787381,1.0
33,9,10,0.0,-23.574642024778193,200,0.0,0,0.0,10.200000000000012,663.7779999999997,24.457,27.140614139101267,1.0
34,0,10,0.0,-24.804520738173448,200,0.0,0,0.0,13.350000000000012,717.8379999999988,43.56699999999999,16.476645167213693,1.0
34,1,10,1.0,10.85,1,1.0,0,0.0,0.1,3.997,3.997,1.0,1.0
34,2,10,1.0,10.013543676952963,8,0.8226833294034425,0,0.0,0.44999999999999996,38.169000000000004,31.401,1.2155345371166524,1.0
34,3,10,1.0,9.756500253267147,10,0.8425086632184497,0,0.0,0.6000000000000001,58.580999999999996,49.355000000000004,1.1869314152568127,1.0
34,4,10,0.0,-13.27439802957213,14,0.0,10,1.0,0.35,22.528999999999996,63.641,0.35400135133011734,1.0
34,5,10,0.0,-22.793306611290937,200,0.0,0,0.0,10.000000000000007,855.9999999999962,20.707,41.33867774182625,1.0
34,6,10,1.0,10.369792852816476,5,0.8676383001086081,0,0.0,0.3,28.543,24.765,1.152554007672118,1.0
34,7,10,1.0,10.08318725591972,7,0.9321475474045576,0,0.0,0.5,43.40299999999999,40.458000000000006,1.0727915369024663,1.0
34,8,10,0.0,-12.89754748603352,14,0.0,10,1.0,0.35000000000000003,28.499000000000002,21.48,1.3267690875232776,1.0
34,9,10,1.0,9.470497270792857,10,0.9067496602520008,0,0.0,1.1500000000000001,59.603,54.045,1.1028402257378112,1.0
35,0,10,0.0,-13.26203216374269,14,0.0,10,1.0,0.45000000000000007,17.954,35.568,0.5047795771479983,1.0
35,1,10,0.0,-23.11455680826679,200,0.0,0,0.0,10.000000000000007,2439.041999999995,58.451,41.72797728011488,1.0
35,2,10,0.0,-23.2030326570913,200,0.0,0,0.0,10.100000000000009,635.2369999999993,53.679,11.83399467203188,1.0
35,3,10,0.0,-23.55055343090389,200,0.0,0,0.0,10.050000000000008,581.1920000000022,40.791000000000004,14.248044911867865,1.0
35,4,10,1.0,10.287083443049825,5,0.900039499670836,0,0.0,0.45,37.975,34.178999999999995,1.1110623482255189,1.0
35,5,10,1.0,9.901304224464061,9,0.8120216061234417,0,0.0,0.49999999999999994,39.063,31.720000000000002,1.2314943253467843,1.0
35,6,10,0.0,-23.594280364911246,200,0.0,0,0.0,10.10000000000001,596.0030000000006,54.479,10.940050294608943,1.0
35,7,10,0.0,-12.945044090300133,14,0.0,10,1.0,0.30000000000000004,35.34,50.011,0.7066445382015957,1.0
35,8,10,1.0,10.465067813063374,4,1.0,0,0.0,0.3,36.055,36.055,1.0,1.0
35,9,10,1.0,9.85451983805668,9,0.2917552563193952,0,0.0,0.65,42.330000000000005,12.35,3.4275303643724704,1.0
36,0,10,0.0,-28.10630875009408,200,0.0,0,0.0,19.900000000000023,809.1190000000001,39.85099999999999,20.30360593209707,1.0
36,1,10,0.0,-26.210098996970025,200,0.0,0,0.0,15.050000000000002,802.2909999999986,38.284,20.95630028210215,1.0
36,2,10,1.0,10.052454689809998,7,0.8157312906179512,0,0.0,0.5499999999999999,44.777,36.526,1.2258938838087936,1.0
36,3,10,0.0,-22.759808472174793,200,0.0,0,0.0,10.000000000000007,983.2000000000048,20.467,48.038305565056184,1.0
36,4,10,0.0,-13.613204027793262,18,0.0,10,1.0,0.6000000000000001,51.14600000000001,26.913,1.9004198714375955,1.0
36,5,10,1.0,10.351792914627064,5,0.830754385360306,0,0.0,0.35000000000000003,29.017,24.105999999999998,1.2037252136397578,1.0
36,6,10,0.0,-23.006255670693847,200,0.0,0,0.0,10.000000000000007,1014.3990000000023,41.882,24.22040494723276,1.0
36,7,10,0.0,-25.642599184852713,200,0.0,0,0.0,15.000000000000004,552.8000000000014,19.383,28.51983697054127,1.0
36,8,10,1.0,9.577884749708964,11,0.5760332610590786,0,0.0,0.8000000000000002,44.737,25.77,1.7360108653473032,1.0
36,9,10,1.0,10.47239992375143,4,0.567032967032967,0,0.0,0.3,27.755,15.738,1.7635658914728682,1.0
37,0,10,1.0,10.116577706730249,7,0.7765364303898673,0,0.0,0.44999999999999996,47.528999999999996,36.908,1.2877695892489431,1.0
37,1,10,0.0,-12.990289058935026,11,0.0,10,1.0,0.05,4.433,28.489000000000004,0.15560391730141454,1.0
37,2,10,0.0,-12.904029331657238,11,0.0,10,1.0,0.1,3.646,23.865000000000002,0.15277603184579927,1.0
37,3,10,0.0,-12.974351406769976,14,0.0,10,1.0,0.3,23.659,29.749,0.7952872365457663,1.0
37,4,10,0.0,-13.154039900249376,14,0.0,10,1.0,0.30000000000000004,31.296,67.368,0.46455290345564665,1.0
37,5,10,1.0,10.171240128928284,6,0.9774732199117833,0,0.0,0.49999999999999994,38.087999999999994,37.23,1.0230459307010475,1.0
37,6,10,0.0,-13.842500646245316,17,0.0,10,1.0,0.35,86.26400000000001,61.895999999999994,1.3936926457283187,1.0
37,7,10,0.0,-25.54516692700756,200,0.0,0,0.0,15.000000000000002,553.4500000000014,75.542,7.32638796960633,1.0
37,8,10,1.0,9.786191094017886,8,0.516143690806467,0,0.0,0.9,41.812000000000005,21.581000000000003,1.9374449747463045,1.0
37,9,10,1.0,10.083595083019906,7,0.999969422700587,0,0.0,0.5,32.704,32.702999999999996,1.000030578234413,1.0
38,0,10,1.0,10.00142565183173,7,1.0,0,0.0,0.65,39.389,39.389,1.0,1.0
38,1,10,0.0,-23.166792213392416,200,0.0,0,0.0,10.000000000000007,1101.536000000003,81.165,13.571564097825453,1.0
38,2,10,1.0,10.753810122339534,2,1.0,0,0.0,0.1,11.934,11.934,1.0,1.0
38,3,10,1.0,9.956123255459513,8,1.0,0,0.0,0.55,45.929,45.929,1.0,1.0
38,4,10,0.0,-25.87178557717866,200,0.0,0,0.0,14.950000000000003,724.4550000000019,33.863,21.39370404276059,1.0
38,5,10,1.0,10.728044708545557,2,1.0,0,0.0,0.15000000000000002,10.602,10.602,1.0,1.0
38,6,10,0.0,-25.618316303187452,200,0.0,0,0.0,15.000000000000004,1689.6080000000006,32.785,51.53600732042095,1.0
38,7,10,1.0,9.295053740157481,12,0.7100327062309562,0,0.0,1.1,71.546,50.8,1.4083858267716538,1.0
38,8,10,1.0,10.729328370834038,2,1.0,0,0.0,0.15000000000000002,23.644,23.644,1.0,1.0
38,9,10,1.0,10.116261236965121,6,1.0,0,0.0,0.6000000000000001,55.620000000000005,55.620000000000005,1.0,1.0
39,0,10,1.0,10.460330275229357,4,0.6030580424504578,0,0.0,0.3,19.881999999999998,11.99,1.6582151793160966,1.0
39,1,10,0.0,-23.184741321885845,200,0.0,0,0.0,10.000000000000007,982.7389999999995,81.066,12.122702489329676,1.0
39,2,10,0.0,-25.66898304586728,200,0.0,0,0.0,15.000000000000002,1110.9969999999978,34.033,32.64469779331819,1.0
39,3,10,1.0,9.497073744292237,11,0.7445560711917996,0,0.0,0.9000000000000001,58.827000000000005,43.8,1.3430821917808222,1.0
39,4,10,0.0,-12.9,10,0.0,10,1.0,0.0,0.0,15.319,0.0,1.0
39,5,10,0.0,-12.9,10,0.0,10,1.0,0.0,0.0,19.644,0.0,1.0
39,6,10,0.0,-23.17963376065276,200,0.0,0,0.0,10.000000000000007,1206.8149999999978,41.421,29.135341976292167,1.0
39,7,10,0.0,-24.648219870831447,200,0.0,0,0.0,13.350000000000012,707.8979999999985,24.619,28.75413298671752,1.0
39,8,10,1.0,10.247458362382833,5,0.9484937545922115,0,0.0,0.55,27.220000000000002,25.818,1.0543031993183052,1.0
39,9,10,0.0,-25.7004871060172,200,0.0,0,0.0,15.000000000000002,2043.562999999994,34.9,58.55481375358149,1.0
40,0,10,1.0,10.345417701685328,5,0.9287641087527508,0,0.0,0.35000000000000003,28.174,26.167,1.076699659876944,1.0
40,1,10,0.0,-26.14998213046045,200,0.0,0,0.0,16.649999999999995,1228.8120000000026,38.893,31.5946828478133,1.0
40,2,10,1.0,10.59120317509971,3,0.5750843265122555,0,0.0,0.25,22.235,12.787,1.7388754203487915,1.0
40,3,10,0.0,-12.756861101772248,11,0.0,10,1.0,0.05,6.039,20.821,0.2900437058738773,1.0
40,4,10,1.0,10.31985210302287,5,1.0,0,0.0,0.39999999999999997,27.722,27.722,1.0,1.0
40,5,10,0.0,-25.48671613980981,200,0.0,0,0.0,15.000000000000004,783.2250000000032,62.25599999999999,12.580715111796506,1.0
40,6,10,0.0,-23.14707166470342,200,0.0,0,0.0,10.15000000000001,1130.6950000000022,78.95100000000001,14.321477878684274,1.0
40,7,10,0.0,-25.68083926896214,200,0.0,0,0.0,14.950000000000003,1386.3029999999958,28.780999999999995,48.16729787012251,1.0
40,8,10,0.0,-25.573672779922806,200,0.0,0,0.0,15.000000000000002,906.3139999999979,41.44,21.870511583011535,1.0
40,9,10,0.0,-13.103827426147365,11,0.0,10,1.0,0.1,2.462,32.531,0.07568165749592697,1.0
41,0,10,0.0,-25.442722681359022,200,0.0,0,0.0,15.000000000000004,1353.7869999999984,17.424,77.69668273645537,1.0
41,1,10,1.0,10.12567435541681,7,0.8225587864666302,0,0.0,0.39999999999999997,42.059,34.596,1.2157185801826802,1.0
41,2,10,1.0,10.413415354859506,4,1.0,0,0.0,0.39999999999999997,18.613,18.613,1.0,1.0
41,3,10,0.0,-12.9,10,0.0,10,1.0,0.0,0.0,60.019,0.0,1.0
41,4,10,1.0,10.469734614706402,4,0.9497969266842523,0,0.0,0.30000000000000004,23.883,22.683999999999997,1.0528566390407337,1.0
41,5,10,1.0,10.248671354267,6,0.7856105091107211,0,0.0,0.35,33.038,25.955,1.2728953958774802,1.0
41,6,10,0.0,-12.899999999999999,10,0.0,10,1.0,0.0,0.0,31.266,0.0,1.0
41,7,10,0.0,-27.901907314244433,200,0.0,0,0.0,20.00000000000003,1251.8000000000025,63.806999999999995,19.618537151096316,1.0
41,8,10,0.0,-12.899999999999999,10,0.0,10,1.0,0.0,0.0,36.061,0.0,1.0
41,9,10,0.0,-12.9,10,0.0,10,1.0,0.0,0.0,39.05500000000001,0.0,1.0
42,0,10,0.0,-25.04695372393939,200,0.0,0,0.0,13.300000000000013,726.6139999999975,57.654,12.603011066014457,1.0
42,1,10,1.0,10.126514477069465,6,0.7412216975420752,0,0.0,0.6000000000000001,33.036,24.487,1.3491240249928536,1.0
42,2,10,0.0,-25.34023176291792,200,0.0,0,0.0,13.95000000000001,625.3969999999998,50.008,12.505939049752035,1.0
42,3,10,0.0,-12.9,10,0.0,10,1.0,0.0,0.0,33.652,0.0,1.0
42,4,10,0.0,-23.062893434201857,200,0.0,0,0.0,10.000000000000007,673.3999999999993,53.535000000000004,12.578686840384782,1.0
42,5,10,0.0,-22.954207812636536,200,0.0,0,0.0,10.000000000000007,824.1999999999977,34.329,24.008855486614745,1.0
42,6,10,0.0,-12.899999999999999,10,0.0,10,1.0,0.0,0.0,38.582,0.0,1.0
42,7,10,0.0,-25.997092155480477,200,0.0,0,0.0,15.000000000000004,1475.4409999999984,41.13699999999999,35.866519191968266,1.0
42,8,10,1.0,10.013232414671762,8,0.6451654769630111,0,0.0,0.44999999999999996,46.23,29.826,1.5499899416616374,1.0
42,9,10,1.0,9.687461717326181,9,0.9168027041041693,0,0.0,0.8999999999999999,52.06900000000001,47.737,1.0907472191381948,1.0
43,0,10,1.0,10.222895374983466,6,0.66646097790315,0,0.0,0.39999999999999997,34.032000000000004,22.681,1.500462942551034,1.0
43,1,10,0.0,-25.536916009242667,200,0.0,0,0.0,15.000000000000004,938.1489999999969,73.139,12.826932279631892,1.0
43,2,10,0.0,-12.966043981304113,15,0.0,10,1.0,0.35,27.607,26.102,1.0576584169795418,1.0
43,3,10,0.0,-28.05829405603557,200,0.0,0,0.0,20.00000000000003,1104.3529999999985,30.552,36.14666797590988,1.0
43,4,10,1.0,10.30006367246337,5,0.8591512014352519,0,0.0,0.44999999999999996,34.001,29.212,1.1639394769272902,1.0
43,5,10,0.0,-25.640198724082985,200,0.0,0,0.0,15.050000000000002,784.3690000000017,31.35,25.019744816586975,1.0
43,6,10,0.0,-22.868038225089855,200,0.0,0,0.0,10.000000000000007,871.3999999999992,32.858000000000004,26.520177734493856,1.0
43,7,10,0.0,-23.252283413659356,200,0.0,0,0.0,10.050000000000008,532.0629999999984,51.04200000000001,10.424023353316842,1.0
43,8,10,0.0,-13.210614598080856,15,0.0,10,1.0,0.45000000000000007,14.86,31.785000000000004,0.4675161239578417,1.0
43,9,10,0.0,-23.432823025872803,200,0.0,0,0.0,10.05000000000001,1054.2839999999942,51.98500000000001,20.280542464172242,1.0
44,0,10,0.0,-25.868243532432963,200,0.0,0,0.0,14.950000000000003,942.3649999999968,42.056000000000004,22.407385390907283,1.0
44,1,10,0.0,-14.40724671661031,25,0.0,10,1.0,0.9500000000000003,80.115,53.526999999999994,1.4967212808489174,1.0
44,2,10,1.0,9.854901048300187,8,0.8615683295349034,0,0.0,0.7500000000000001,59.23500000000001,51.035000000000004,1.1606740472224943,1.0
44,3,10,0.0,-25.522138309991327,200,0.0,0,0.0,15.000000000000002,820.6880000000026,29.846,27.497420089794364,1.0
44,4,10,1.0,9.843028206062076,9,0.4512682846655344,0,0.0,0.6,54.759,24.711,2.2159766905426737,1.0
44,5,10,0.0,-23.085404428377743,200,0.0,0,0.0,10.000000000000007,982.7999999999979,57.53799999999999,17.080885675553514,1.0
44,6,10,1.0,10.3537822427369,5,0.25566623858942766,0,0.0,0.35,28.810999999999996,7.366,3.911349443388542,1.0
44,7,10,1.0,10.825,1,1.0,0,0.0,0.15,4.047,4.047,1.0,1.0
44,8,10,1.0,9.789289385621487,9,0.9242727474882245,0,0.0,0.7000000000000001,49.467,45.721000000000004,1.0819317162791713,1.0
44,9,10,0.0,-14.517443367602436,25,0.0,10,1.0,0.9000000000000002,67.528,33.947,1.9892184876425016,1.0
45,0,10,1.0,10.617048515142605,3,0.6774360608716437,0,0.0,0.2,25.102,17.005,1.4761540723316673,1.0
45,1,10,1.0,10.415781699953554,4,0.9524581944731176,0,0.0,0.39999999999999997,33.907,32.294999999999995,1.049914847499613,1.0
45,2,10,1.0,10.422238154613465,4,0.7783791854865805,0,0.0,0.4,26.788999999999998,20.852000000000004,1.2847208900824858,1.0
45,3,10,1.0,10.1243276003276,6,0.8996463306808136,0,0.0,0.6000000000000001,27.144,24.42,1.1115479115479114,1.0
45,4,10,0.0,-23.055139969412863,200,0.0,0,0.0,10.000000000000007,663.4000000000012,60.156000000000006,11.027993882571998,1.0
45,5,10,1.0,10.18117902587168,6,1.0,0,0.0,0.5,26.012999999999998,26.012999999999998,1.0,1.0
45,6,10,0.0,-23.143410150541552,200,0.0,0,0.0,10.050000000000008,910.1099999999964,43.111000000000004,21.110853378488002,1.0
45,7,10,1.0,9.951136157268683,8,0.8855385357616692,0,0.0,0.55,49.746,44.052,1.1292563334241352,1.0
45,8,10,0.0,-23.246762887238617,200,0.0,0,0.0,10.000000000000007,979.2950000000013,32.183,30.428953174036025,1.0
45,9,10,1.0,10.477144162436549,4,0.5151943093258017,0,0.0,0.3,19.119,9.850000000000001,1.9410152284263957,1.0
46,0,10,0.0,-12.619536285206802,13,0.0,10,1.0,0.25,12.782,15.764,0.8108348134991119,1.0
46,1,10,0.0,-22.965467745812866,200,0.0,0,0.0,10.000000000000007,1448.0749999999969,62.395,23.208189758794724,1.0
46,2,10,0.0,-27.97771841709579,200,0.0,0,0.0,20.000000000000014,1192.0000000000034,62.517999999999994,19.066508845452567,1.0
46,3,10,0.0,-27.301409120734874,200,0.0,0,0.0,19.950000000000024,803.6929999999991,36.57600000000001,21.973233814523155,1.0
46,4,10,0.0,-14.185284526946804,13,0.0,10,1.0,0.2,12.094,34.531,0.3502360198082882,1.0
46,5,10,1.0,10.220503118013884,6,1.0,0,0.0,0.39999999999999997,42.495,42.495,1.0,1.0
46,6,10,0.0,-24.191762679207063,200,0.0,0,0.0,11.650000000000015,1456.6709999999998,61.242000000000004,23.785490349759964,1.0
46,7,10,1.0,9.84772238182293,9,0.6974372051510903,0,0.0,0.6,54.900999999999996,38.290000000000006,1.4338208409506394,1.0
46,8,10,1.0,9.982068365950205,8,0.7322894373256035,0,0.0,0.5,36.913000000000004,27.031000000000002,1.3655802597018238,1.0
46,9,10,1.0,10.413642869923063,4,0.9320177876598109,0,0.0,0.39999999999999997,17.990000000000002,16.767,1.0729408958072406,1.0
47,0,10,0.0,-24.103163920362107,200,0.0,0,0.0,12.500000000000016,1007.857000000002,33.803000000000004,29.815608082122946,1.0
47,1,10,1.0,10.084574670198817,7,0.8599733063328424,0,0.0,0.49999999999999994,43.456,37.371,1.162826790827112,1.0
47,2,10,0.0,-24.340035291675242,200,0.0,0,0.0,12.500000000000016,665.4000000000009,24.085,27.6271538301848,1.0
47,3,10,1.0,9.08091981234525,14,0.5314050922185546,0,0.0,1.2000000000000002,86.642,46.042,1.881803570652882,1.0
47,4,10,0.0,-25.615322467811502,200,0.0,0,0.0,15.050000000000002,1082.1330000000025,60.03699999999999,18.024434931792108,1.0
47,5,10,1.0,10.345011796384151,5,0.8921095376449866,0,0.0,0.35000000000000003,43.711,38.995000000000005,1.1209385818694704,1.0
47,6,10,0.0,-25.60536634550746,200,0.0,0,0.0,15.000000000000002,1128.600000000002,53.556,21.07326910150127,1.0
47,7,10,1.0,10.730167840861998,2,1.0,0,0.0,0.15000000000000002,12.065000000000001,12.065000000000001,1.0,1.0
47,8,10,0.0,-13.965213050752931,22,0.0,10,1.0,0.65,39.62599999999999,26.895,1.4733593604759245,1.0
47,9,10,0.0,-14.157568701408666,22,0.0,10,1.0,0.8000000000000002,49.01,51.964000000000006,0.9431529520437224,1.0
48,0,10,1.0,10.201480255089526,6,0.5556009811937856,0,0.0,0.45,29.352000000000004,16.308,1.799852832965416,1.0
48,1,10,0.0,-12.965796685235805,13,0.0,10,1.0,0.15000000000000002,26.6,57.80199999999999,0.46019168886889733,1.0
48,2,10,0.0,-22.961085719213518,200,0.0,0,0.0,10.000000000000007,678.5999999999993,46.384,14.630044843049314,1.0
48,3,10,0.0,-23.147055573969777,200,0.0,0,0.0,10.000000000000007,634.7099999999992,18.101999999999997,35.06297646668873,1.0
48,4,10,0.0,-27.99986430005968,200,0.0,0,0.0,20.00000000000003,707.0989999999974,36.846000000000004,19.190658416110224,1.0
48,5,10,0.0,-22.89030871158717,200,0.0,0,0.0,10.000000000000007,996.5999999999951,42.56400000000001,23.414152805187364,1.0
48,6,10,0.0,-23.291174032564964,200,0.0,0,0.0,10.000000000000007,1091.5620000000004,23.645,46.16460139564391,1.0
48,7,10,1.0,10.350228063691521,5,1.0,0,0.0,0.35,32.469,32.469,1.0,1.0
48,8,10,0.0,-13.164655761327856,13,0.0,10,1.0,0.25,15.491,37.474000000000004,0.413379943427443,1.0
48,9,10,0.0,-23.278386360964124,200,0.0,0,0.0,10.000000000000007,980.3920000000048,42.525000000000006,23.05448559670793,1.0
49,0,10,1.0,10.006343197222682,8,0.9974852619862308,0,0.0,0.44999999999999996,48.513999999999996,48.391999999999996,1.0025210778641098,1.0
49,1,10,1.0,8.518486944037754,18,0.8333155656633855,0,0.0,1.5500000000000005,84.423,70.351,1.2000255859902489,1.0
49,2,10,0.0,-25.482118840934167,200,0.0,0,0.0,15.000000000000002,1041.0929999999976,65.432,15.911067978970497,1.0
49,3,10,1.0,9.721837713972345,9,0.6815912428247229,0,0.0,0.8500000000000001,74.91000000000001,51.05800000000001,1.4671550001958558,1.0
49,4,10,1.0,10.875,1,1.0,0,0.0,0.05,6.997,6.997,1.0,1.0
49,5,10,0.0,-23.110387772431405,200,0.0,0,0.0,10.000000000000007,417.4639999999993,67.127,6.219017682899569,1.0
49,6,10,0.0,-13.280894639466382,19,0.0,10,1.0,0.6,50.428000000000004,41.077999999999996,1.227615755392181,1.0
49,7,10,0.0,-25.66169806118044,200,0.0,0,0.0,15.000000000000002,885.8680000000028,58.025,15.267005601034086,1.0
49,8,10,0.0,-14.111140520484952,19,0.0,10,1.0,0.65,37.784,38.272,0.9872491638795987,1.0
49,9,10,1.0,10.077409832162838,7,0.9775424714917385,0,0.0,0.5,34.376000000000005,33.604000000000006,1.022973455541007,1.0
50,0,10,0.0,-22.852961644744052,200,0.0,0,0.0,10.000000000000007,896.3999999999991,45.23500000000001,19.816513761467867,1.0
50,1,10,0.0,-29.833073631037944,200,0.0,0,0.0,23.30000000000002,748.2419999999988,57.014,13.123829234924735,1.0
50,2,10,0.0,-22.998831595044564,200,0.0,0,0.0,10.000000000000007,971.9470000000008,58.19899999999999,16.70040722349183,1.0
50,3,10,0.0,-27.036149659331162,200,0.0,0,0.0,17.40000000000003,570.7699999999987,51.07599999999999,11.174915811731514,1.0
50,4,10,1.0,10.224808195420207,6,0.6371792470500093,0,0.0,0.39999999999999997,53.39000000000001,34.019,1.569417090449455,1.0
50,5,10,0.0,-23.229041182905725,200,0.0,0,0.0,10.000000000000007,920.0999999999987,56.674,16.234957828986815,1.0
50,6,10,1.0,10.708448840725806,2,1.0,0,0.0,0.2,15.872,15.872,1.0,1.0
50,7,10,1.0,9.135850845842269,14,0.6641453302528721,0,0.0,1.0500000000000003,63.193999999999996,41.97,1.505694543721706,1.0
50,8,10,0.0,-25.081261352885523,200,0.0,0,0.0,14.10000000000001,811.8160000000003,42.28,19.200946073793762,1.0
50,9,10,1.0,9.220430182513748,13,0.7837099267633787,0,0.0,1.1,64.039,50.18800000000001,1.2759823065274565,1.0
51,0,10,1.0,8.904022032998963,16,0.45906602329142104,0,0.0,1.2000000000000002,86.21200000000002,39.577,2.1783359021654,1.0
51,1,10,0.0,-23.378007872351706,200,0.0,0,0.0,10.050000000000008,667.0840000000003,18.927,35.24509959317379,1.0
51,2,10,1.0,9.22153795668344,13,0.5884397528321318,0,0.0,1.1000000000000003,54.376000000000005,31.997,1.6994093196237148,1.0
51,3,10,1.0,9.916555979037637,9,0.6433026342001625,0,0.0,0.44999999999999996,65.25699999999999,41.980000000000004,1.5544783230109573,1.0
51,4,10,0.0,-23.704327534448296,200,0.0,0,0.0,10.100000000000009,741.7799999999968,53.631,13.831179728142246,1.0
51,5,10,1.0,10.752760531091795,2,1.0,0,0.0,0.1,10.469,10.469,1.0,1.0
51,6,10,0.0,-30.615522283307943,200,0.0,0,0.0,25.0,947.7559999999983,42.745000000000005,22.172324248450067,1.0
51,7,10,1.0,10.197110671000068,6,0.921263157894737,0,0.0,0.44999999999999996,64.125,59.07600000000001,1.0854661791590492,1.0
51,8,10,1.0,10.609859689040578,3,0.9264333895446881,0,0.0,0.2,14.232,13.185,1.0794084186575654,1.0
51,9,10,1.0,9.688916350200143,10,0.8576433513494481,0,0.0,0.7000000000000001,56.800999999999995,48.714999999999996,1.1659858359848096,1.0
52,0,10,1.0,10.20821886015426,6,0.8150708311998635,0,0.0,0.44999999999999996,35.154,28.653000000000002,1.2268872369385404,1.0
52,1,10,0.0,-22.850883505102615,200,0.0,0,0.0,10.000000000000007,543.3450000000021,59.479,9.135072882866258,1.0
52,2,10,1.0,10.736442362836934,2,0.1542339898572945,0,0.0,0.2,33.916,5.231,6.483655132861785,1.0
52,3,10,0.0,-24.996612211969985,200,0.0,0,0.0,13.500000000000012,1149.225999999998,39.666,28.97257096757924,1.0
52,4,10,1.0,10.639137598301732,3,1.0,0,0.0,0.15000000000000002,20.726999999999997,20.726999999999997,1.0,1.0
52,5,10,0.0,-25.79326503451901,200,0.0,0,0.0,15.000000000000004,1214.3180000000027,36.067,33.66839493165505,1.0
52,6,10,1.0,9.353870249334303,12,0.7060814275458928,0,0.0,1.0,58.50600000000001,41.31000000000001,1.4162672476397966,1.0
52,7,10,1.0,10.641268079167723,3,0.4192776211500612,0,0.0,0.15000000000000002,37.598,15.764,2.385054554681553,1.0
52,8,10,1.0,10.201290078830208,6,0.7791426661999173,0,0.0,0.44999999999999996,31.423000000000002,24.483000000000004,1.2834619940366783,1.0
52,9,10,0.0,-12.997484383076127,12,0.0,10,1.0,0.15000000000000002,21.012999999999998,67.715,0.3103152920327844,1.0
53,0,10,0.0,-24.717328605200976,200,0.0,0,0.0,13.300000000000013,710.5289999999989,38.07,18.66375098502755,1.0
53,1,10,0.0,-23.428995553397616,200,0.0,0,0.0,10.25000000000001,757.9400000000026,39.13100000000001,19.369297999028966,1.0
53,2,10,1.0,10.009999765280256,8,0.9955368617829186,0,0.0,0.44999999999999996,42.795,42.604,1.0044831471223359,1.0
53,3,10,0.0,-13.16192722092722,11,0.0,10,1.0,0.05,3.187,19.305,0.1650867650867651,1.0
53,4,10,0.0,-13.07186875271621,11,0.0,10,1.0,0.1,3.699,43.718999999999994,0.08460852261030674,1.0
53,5,10,1.0,10.13382717940861,7,0.554812569064687,0,0.0,0.39999999999999997,35.293,19.581,1.802410499974465,1.0
53,6,10,0.0,-13.24426603896429,14,0.0,10,1.0,0.3,29.184,79.86800000000001,0.36540291480943554,1.0
53,7,10,0.0,-13.22551644412116,14,0.0,10,1.0,0.5,16.63,38.494,0.432015379020107,1.0
53,8,10,1.0,10.248017850830683,5,0.4747839221280524,0,0.0,0.55,23.834,11.316,2.1062212796041004,1.0
53,9,10,1.0,10.146692078316644,6,1.0,0,0.0,0.5500000000000002,35.548,35.548,1.0,1.0
54,0,10,0.0,-12.9,10,0.0,10,1.0,0.0,0.0,35.322,0.0,1.0
54,1,10,0.0,-24.703908509894607,200,0.0,0,0.0,13.350000000000012,504.44399999999985,60.083,8.395785829602382,1.0
54,2,10,1.0,3.4291070764253933,13,0.8566697612548327,6,0.0,0.6500000000000001,72.16899999999998,61.82500000000001,1.1673109583501815,1.0
54,3,10,0.0,-23.010561222084274,200,0.0,0,0.0,10.000000000000007,1452.599999999997,63.629,22.829213094658048,1.0
54,4,10,0.0,-25.672438607537913,200,0.0,0,0.0,15.000000000000002,940.8519999999969,33.351000000000006,28.210608377559794,1.0
54,5,10,1.0,10.446136487221317,4,0.7157034442498541,0,0.0,0.35000000000000003,25.695,18.39,1.397226753670473,1.0
54,6,10,0.0,-12.9,10,0.0,10,1.0,0.0,0.0,31.793,0.0,1.0
54,7,10,1.0,10.345130016958734,5,0.9872152605144336,0,0.0,0.35,19.711000000000002,19.459000000000003,1.0129503057711085,1.0
54,8,10,0.0,-12.964483585705633,10,0.0,10,1.0,0.0,0.0,41.275,0.0,1.0
54,9,10,0.0,-24.264281648335974,200,0.0,0,0.0,12.500000000000016,612.3999999999991,49.189,12.449937994266993,1.0
55,0,10,1.0,9.833876082611592,9,0.7345420734542074,0,0.0,0.6,40.869,30.020000000000003,1.361392405063291,1.0
55,1,10,0.0,-23.211329489098247,200,0.0,0,0.0,10.000000000000007,1026.6540000000005,68.15400000000001,15.063738005106087,1.0
55,2,10,0.0,-24.158128568645374,200,0.0,0,0.0,12.050000000000017,1084.2269999999994,66.727,16.24869992656645,1.0
55,3,10,0.0,-23.041016972540362,200,0.0,0,0.0,10.000000000000007,700.3999999999984,28.988000000000003,24.16172209190004,1.0
55,4,10,0.0,-23.148593607305912,200,0.0,0,0.0,10.000000000000007,1255.2800000000059,54.75,22.927488584474993,1.0
55,5,10,1.0,10.01251155492154,8,0.8351203240409816,0,0.0,0.44999999999999996,41.97,35.05,1.197432239657632,1.0
55,6,10,1.0,10.754926503340759,2,1.0,0,0.0,0.1,6.734999999999999,6.734999999999999,1.0,1.0
55,7,10,0.0,-25.487539717151616,200,0.0,0,0.0,15.000000000000004,353.3999999999994,48.153,7.3391065977197565,1.0
55,8,10,1.0,10.344779695770349,5,0.9775322798676176,0,0.0,0.35000000000000003,21.453,20.971,1.0229841209289017,1.0
55,9,10,0.0,-23.14580402210299,200,0.0,0,0.0,10.000000000000007,770.1020000000034,75.284,10.22929174857876,1.0
56,0,10,0.0,-25.62227233057979,200,0.0,0,0.0,15.000000000000004,1357.3010000000017,49.271,27.547664955044585,1.0
56,1,10,1.0,10.727963548132266,2,1.0,0,0.0,0.15000000000000002,8.861,8.861,1.0,1.0
56,2,10,0.0,-13.077734778933294,13,0.0,10,1.0,0.25,13.623000000000001,50.867000000000004,0.26781606935734364,1.0
56,3,10,1.0,9.85536088669293,8,0.6518966680450065,0,0.0,0.7500000000000001,45.949000000000005,29.954000000000004,1.5339854443480003,1.0
56,4,10,0.0,-25.680742049469952,200,0.0,0,0.0,15.000000000000002,1636.7999999999965,45.28,36.148409893992856,1.0
56,5,10,0.0,-30.670558410650735,200,0.0,0,0.0,25.0,1074.3999999999976,28.993,37.057220708446785,1.0
56,6,10,1.0,10.403090536124054,5,0.7037780170304394,0,0.0,0.25,40.868,28.761999999999997,1.4209025797927823,1.0
56,7,10,1.0,10.125185111859038,7,0.9395111788995947,0,0.0,0.39999999999999997,26.880999999999997,25.255000000000003,1.064383290437537,1.0
56,8,10,0.0,-13.029323094041878,13,0.0,10,1.0,0.15000000000000002,9.268,29.657,0.3125063222847895,1.0
56,9,10,0.0,-22.94278484137765,200,0.0,0,0.0,10.000000000000007,1114.599999999999,24.303,45.86265070155944,1.0
57,0,10,0.0,-23.4060639408585,200,0.0,0,0.0,10.050000000000008,888.5139999999958,59.382999999999996,14.96243032517717,1.0
57,1,10,0.0,-23.46161946510366,200,0.0,0,0.0,10.200000000000012,789.4520000000018,60.909,12.961171583838215,1.0
57,2,10,0.0,-13.983742858114546,23,0.0,10,1.0,1.2000000000000004,87.29100000000001,58.80800000000001,1.4843388654604817,1.0
57,3,10,1.0,10.490900834105652,4,0.9778865325357985,0,0.0,0.25,11.033999999999999,10.79,1.022613531047266,1.0
57,4,10,1.0,9.967640851263411,8,0.5682351961355876,0,0.0,0.55,60.035,34.114,1.7598346719821774,1.0
57,5,10,1.0,10.315804189674818,5,0.8247469879518073,0,0.0,0.4,41.5,34.227000000000004,1.2124930610336868,1.0
57,6,10,0.0,-25.772403695248983,200,0.0,0,0.0,14.900000000000002,1036.575999999998,56.071999999999996,18.48651733485515,1.0
57,7,10,1.0,10.734100719424461,2,0.48465095126203295,0,0.0,0.15000000000000002,13.193,6.394,2.063340631842352,1.0
57,8,10,0.0,-14.277964894463809,23,0.0,10,1.0,0.65,77.846,36.433,2.1366892652265803,1.0
57,9,10,0.0,-23.931214788732415,200,0.0,0,0.0,10.300000000000013,660.176000000001,38.623999999999995,17.092377796188924,1.0
58,0,10,1.0,9.807885838278276,9,0.9518470435501004,0,0.0,0.65,59.311,56.455000000000005,1.0505889646621203,1.0
58,1,10,0.0,-22.998019148233766,200,0.0,0,0.0,10.000000000000007,619.0000000000031,45.434999999999995,13.623858259051461,1.0
58,2,10,1.0,9.497247490450388,11,0.7364736669937848,0,0.0,0.8999999999999999,61.14,45.028000000000006,1.3578217997690325,1.0
58,3,10,1.0,9.330033442402078,12,0.6883850345318737,0,0.0,1.05,60.379,41.564,1.4526753921662976,1.0
58,4,10,0.0,-12.930180466463684,11,0.0,10,1.0,0.05,3.224,33.829,0.09530284667001686,1.0
58,5,10,0.0,-23.046977559366322,200,0.0,0,0.0,10.000000000000007,509.3660000000023,29.099,17.504587786521952,1.0
58,6,10,1.0,9.961027610344157,8,0.9871401151631478,0,0.0,0.5499999999999999,36.470000000000006,36.001000000000005,1.0130274159051138,1.0
58,7,10,0.0,-12.895827873901116,11,0.0,10,1.0,0.1,7.385,35.718,0.20675849711629987,1.0
58,8,10,0.0,-22.823046115116192,200,0.0,0,0.0,10.000000000000007,2454.2279999999946,43.69499999999999,56.167250257466414,1.0
58,9,10,1.0,10.464932344585158,4,0.9727387699658063,0,0.0,0.3,21.349,20.767,1.0280252323397698,1.0
59,0,10,0.0,-25.635661944398525,200,0.0,0,0.0,15.000000000000002,1064.175999999997,54.423,19.553791595465096,1.0
59,1,10,1.0,10.318318090487079,5,0.9359770431737489,0,0.0,0.39999999999999997,61.681,57.732,1.0684022725698052,1.0
59,2,10,1.0,9.971013311983926,8,0.6739098237521952,0,0.0,0.5499999999999999,47.263,31.851,1.4838780572038555,1.0
59,3,10,0.0,-25.622252289758492,200,0.0,0,0.0,15.000000000000004,1174.6000000000047,48.04,24.45045795170701,1.0
59,4,10,0.0,-23.094537341205115,200,0.0,0,0.0,10.050000000000008,613.175999999999,43.531,14.0859617284234,1.0
59,5,10,0.0,-25.551561999125727,200,0.0,0,0.0,14.950000000000003,849.0730000000003,27.452,30.92936762348828,1.0
59,6,10,1.0,9.351618314439524,12,0.7316342030621984,0,0.0,1.0000000000000002,74.391,54.42700000000001,1.3668032410384552,1.0
59,7,10,1.0,10.038947323266987,7,0.5941583266783341,0,0.0,0.6000000000000001,58.853,34.967999999999996,1.6830530770990622,1.0
59,8,10,1.0,9.237080436801667,13,0.5924598145801374,0,0.0,1.05,59.972,35.531,1.6878781908755736,1.0
59,9,10,0.0,-23.25730102204675,200,0.0,0,0.0,10.150000000000011,1112.2309999999986,52.933,21.012052972625746,1.0
60,0,10,0.0,-23.14728702206058,200,0.0,0,0.0,10.000000000000007,915.9019999999987,59.971000000000004,15.272415000583592,1.0
60,1,10,0.0,-12.98312756425371,10,0.0,10,1.0,0.0,0.0,21.205,0.0,1.0
60,2,10,0.0,-25.563091053407444,200,0.0,0,0.0,15.000000000000002,1041.0929999999976,44.095,23.61022791699734,1.0
60,3,10,0.0,-12.900908006186937,10,0.0,10,1.0,0.0,0.0,67.885,0.0,1.0
60,4,10,0.0,-22.94308255687976,200,0.0,0,0.0,10.000000000000007,1445.0129999999972,23.075000000000003,62.622448537377984,1.0
60,5,10,1.0,10.875,1,1.0,0,0.0,0.05,7.196,7.196,1.0,1.0
60,6,10,0.0,-12.648701490388074,12,0.0,10,1.0,0.15000000000000002,7.934,13.889,0.5712434300525596,1.0
60,7,10,0.0,-13.079549207481778,12,0.0,10,1.0,0.15000000000000002,8.519,39.242000000000004,0.21708883339279342,1.0
60,8,10,0.0,-25.9921724832926,200,0.0,0,0.0,14.900000000000002,1016.7979999999961,56.56199999999999,17.97669813655805,1.0
60,9,10,0.0,-25.66699358356318,200,0.0,0,0.0,15.000000000000004,820.7240000000027,30.079,27.285614548356083,1.0
61,0,10,1.0,10.316211361890478,5,1.0,0,0.0,0.39999999999999997,27.337,27.337,1.0,1.0
61,1,10,1.0,9.525941648656993,11,0.8360058073882883,0,0.0,0.8500000000000002,61.989999999999995,51.82399999999999,1.1961639394874963,1.0
61,2,10,0.0,-13.328121817578038,14,0.0,10,1.0,0.25,19.756,36.136,0.5467124197476201,1.0
61,3,10,0.0,-22.985950433552652,200,0.0,0,0.0,10.000000000000007,638.4000000000012,32.522000000000006,19.629789065863143,1.0
61,4,10,1.0,10.00248032459324,7,0.717067750519021,0,0.0,0.65,34.199,24.523,1.394568364392611,1.0
61,5,10,0.0,-25.61476209223847,200,0.0,0,0.0,15.000000000000002,598.9819999999991,17.78,33.68852643419567,1.0
61,6,10,0.0,-13.245531565897387,14,0.0,10,1.0,0.3,21.929,26.215,0.836505817280183,1.0
61,7,10,0.0,-24.727850515654453,200,0.0,0,0.0,13.300000000000013,972.0019999999998,27.053,35.92954570657597,1.0
61,8,10,0.0,-24.63041352736038,200,0.0,0,0.0,12.500000000000014,1022.193999999999,46.454,22.004434494338465,1.0
61,9,10,1.0,10.253307944064266,6,0.9112846374925436,0,0.0,0.35,36.882000000000005,33.61,1.0973519785778043,1.0
62,0,10,0.0,-13.226171282195736,15,0.0,10,1.0,0.35000000000000003,40.386,56.80100000000001,0.7110086090033626,1.0
62,1,10,0.0,-25.679502778115726,200,0.0,0,0.0,15.000000000000004,1004.4009999999969,24.657,40.73492314555692,1.0
62,2,10,0.0,-12.47028906955736,12,0.0,10,1.0,0.2,13.318999999999999,15.497999999999998,0.8594012130597497,1.0
62,3,10,0.0,-12.70362699959312,12,0.0,10,1.0,0.2,25.061999999999998,46.697,0.5366940060389318,1.0
62,4,10,1.0,10.637881468376824,3,0.8104668877139528,0,0.0,0.15000000000000002,11.159,9.044,1.2338567005749668,1.0
62,5,10,1.0,10.591783158846123,3,0.6762938060309699,0,0.0,0.25,19.632,13.277000000000001,1.4786472847781877,1.0
62,6,10,1.0,9.651226721199727,10,0.8201945655820194,0,0.0,0.8000000000000002,44.714999999999996,36.675,1.2192229038854805,1.0
62,7,10,0.0,-13.045049970179086,14,0.0,10,1.0,0.35,32.736,62.037000000000006,0.5276850911552782,1.0
62,8,10,0.0,-12.73794741133306,15,0.0,10,1.0,0.35,39.186,36.795,1.0649816551161841,1.0
62,9,10,0.0,-13.116834723918059,14,0.0,10,1.0,0.3,51.767999999999994,58.968,0.8778998778998778,1.0
63,0,10,0.0,-25.508997814816393,200,0.0,0,0.0,15.000000000000002,549.4000000000013,46.678000000000004,11.76999871459791,1.0
63,1,10,0.0,-25.965356749435678,200,0.0,0,0.0,14.900000000000002,911.1139999999979,55.375,16.45352595936791,1.0
63,2,10,0.0,-23.00119526776688,200,0.0,0,0.0,10.000000000000007,833.7979999999989,47.504,17.55216402829233,1.0
63,3,10,0.0,-22.94251992642549,200,0.0,0,0.0,10.000000000000007,1253.0249999999976,32.620000000000005,38.41278356836289,1.0
63,4,10,0.0,-22.92969449850181,200,0.0,0,0.0,10.000000000000007,1050.1999999999966,32.373000000000005,32.44061409199013,1.0
63,5,10,1.0,9.620116943130546,10,0.8508345697329377,0,0.0,0.85,53.92,45.877,1.1753166074503563,1.0
63,6,10,1.0,10.875,1,1.0,0,0.0,0.05,7.655,7.655,1.0,1.0
63,7,10,0.0,-25.835005038206408,200,0.0,0,0.0,15.050000000000002,907.8809999999959,47.636,19.058716097069357,1.0
63,8,10,1.0,10.8,1,1.0,0,0.0,0.2,6.938,6.938,1.0,1.0
63,9,10,0.0,-25.565334178651216,200,0.0,0,0.0,15.000000000000004,660.6159999999992,59.938,11.02165571090125,1.0
64,0,10,0.0,-22.99119605289706,200,0.0,0,0.0,10.000000000000007,639.200000000003,54.521,11.723922892096677,1.0
64,1,10,1.0,10.274140962447278,5,0.8622820085882044,0,0.0,0.5,22.822,19.679,1.1597134000711418,1.0
64,2,10,1.0,9.214049615411268,13,0.670004333292064,0,0.0,1.0999999999999999,64.616,43.293000000000006,1.492527660360797,1.0
64,3,10,0.0,-23.47500768606687,200,0.0,0,0.0,10.150000000000011,585.5160000000022,46.838,12.500875357615659,1.0
64,4,10,1.0,10.106753065395095,7,0.7160800956074242,0,0.0,0.45,41.001000000000005,29.360000000000003,1.396491825613079,1.0
64,5,10,0.0,-22.900813292183493,200,0.0,0,0.0,10.000000000000007,1481.092999999996,51.519,28.74848114287925,1.0
64,6,10,0.0,-12.9,10,0.0,10,1.0,0.0,0.0,42.744,0.0,1.0
64,7,10,0.0,-12.95148576951145,10,0.0,10,1.0,0.0,0.0,50.701,0.0,1.0
64,8,10,0.0,-25.60829560249509,200,0.0,0,0.0,15.000000000000002,1114.599999999999,51.461,21.659120499018655,1.0
64,9,10,1.0,9.588162963097552,11,0.7494553080233127,0,0.0,0.7500000000000002,73.43599999999999,55.03699999999999,1.3343023783999854,1.0
65,0,10,0.0,-12.9,10,0.0,10,1.0,0.0,0.0,59.879,0.0,1.0
65,1,10,0.0,-12.91188876593951,10,0.0,10,1.0,0.0,0.0,75.91199999999999,0.0,1.0
65,2,10,1.0,10.611455016927177,3,0.5792064750302474,0,0.0,0.2,23.969,13.883,1.7265000360152707,1.0
65,3,10,1.0,10.295285420175931,5,1.0,0,0.0,0.45000000000000007,32.058,32.058,1.0,1.0
65,4,10,0.0,-22.86404487688646,200,0.0,0,0.0,10.000000000000007,728.4530000000027,25.18,28.92982525814149,1.0
65,5,10,1.0,10.147507258753203,6,0.9408040620882476,0,0.0,0.55,31.116999999999997,29.275,1.0629205807002562,1.0
65,6,10,1.0,10.324068521380733,5,0.8583558130279042,0,0.0,0.39999999999999997,22.613,19.409999999999997,1.165018031942298,1.0
65,7,10,0.0,-22.973249857711973,200,0.0,0,0.0,10.000000000000007,633.9999999999993,52.709999999999994,12.02807816353632,1.0
65,8,10,0.0,-25.41847005043,200,0.0,0,0.0,14.950000000000003,1162.0600000000031,55.126,21.080071109821194,1.0
65,9,10,1.0,10.205159348883623,6,0.8871061440150487,0,0.0,0.44999999999999996,36.149,32.068,1.1272608207558938,1.0
66,0,10,0.0,-23.030158851968405,200,0.0,0,0.0,10.000000000000007,1351.5499999999952,52.123999999999995,25.929514235284998,1.0
66,1,10,1.0,9.534938805464606,11,0.6871111386945121,0,0.0,0.85,64.45100000000001,44.285000000000004,1.4553686349779835,1.0
66,2,10,0.0,-13.176924416281325,11,0.0,10,1.0,0.05,3.187,17.517,0.18193754638351314,1.0
66,3,10,0.0,-12.789776087473257,11,0.0,10,1.0,0.1,6.731,21.035000000000004,0.319990492037081,1.0
66,4,10,0.0,-25.344372148383165,200,0.0,0,0.0,15.000000000000002,458.1999999999994,35.287,12.98495196531299,1.0
66,5,10,0.0,-12.989011263398622,11,0.0,10,1.0,0.05,2.526,64.279,0.03929743773238538,1.0
66,6,10,0.0,-12.852977685579726,11,0.0,10,1.0,0.05,3.247,17.836,0.18204754429244227,1.0
66,7,10,0.0,-28.525456090763495,200,0.0,0,0.0,19.90000000000003,1038.3269999999961,50.592999999999996,20.523135611645806,1.0
66,8,10,0.0,-13.046763161437998,13,0.0,10,1.0,0.30000000000000004,12.418000000000001,7.427,1.6720075400565506,1.0
66,9,10,0.0,-13.34349254829807,13,0.0,10,1.0,0.2,13.616999999999999,54.35,0.2505427782888684,1.0
67,0,10,0.0,-25.63214516244713,200,0.0,0,0.0,15.000000000000004,637.8980000000017,27.886,22.875206196657885,1.0
67,1,10,0.0,-25.79638658184611,200,0.0,0,0.0,15.150000000000004,776.7420000000023,33.95399999999999,22.876303233786963,1.0
67,2,10,0.0,-25.831486199575334,200,0.0,0,0.0,15.050000000000002,642.9349999999988,63.114000000000004,10.18688405108215,1.0
67,3,10,0.0,-27.900782417582533,200,0.0,0,0.0,20.000000000000014,1191.6830000000034,56.87499999999999,20.952668131868194,1.0
67,4,10,0.0,-25.61594146511434,200,0.0,0,0.0,15.000000000000002,1009.7169999999961,34.440999999999995,29.3172962457535,1.0
67,5,10,1.0,10.39738109504906,5,0.9838252090932537,0,0.0,0.25,27.141000000000002,26.701999999999998,1.0164407160512323,1.0
67,6,10,0.0,-25.4888550239866,200,0.0,0,0.0,15.000000000000004,1293.715999999999,45.44200000000001,28.469609612252956,1.0
67,7,10,0.0,-23.135695272960632,200,0.0,0,0.0,10.050000000000008,716.4919999999993,68.563,10.450126161340654,1.0
67,8,10,1.0,10.262223450783823,5,1.0,0,0.0,0.5,40.69799999999999,40.69799999999999,1.0,1.0
67,9,10,1.0,9.292271112325771,13,0.742599518715027,0,0.0,0.9500000000000001,68.982,51.226,1.3466208565962596,1.0
68,0,10,0.0,-23.068963971009893,200,0.0,0,0.0,10.000000000000007,661.4799999999998,38.358,17.24490327962876,1.0
68,1,10,0.0,-25.467156667990963,200,0.0,0,0.0,15.000000000000002,907.7999999999979,22.653,40.07416236260089,1.0
68,2,10,0.0,-23.101491342208032,200,0.0,0,0.0,10.000000000000007,614.6729999999991,29.973,20.50755680112098,1.0
68,3,10,1.0,9.998118033883191,7,0.9165389723158647,0,0.0,0.6500000000000001,39.156,35.888,1.0910610789121713,1.0
68,4,10,1.0,10.20703390252402,6,0.7815193074603638,0,0.0,0.44999999999999996,51.405,40.174,1.2795589187036391,1.0
68,5,10,0.0,-22.858917378226288,200,0.0,0,0.0,10.100000000000009,1051.0279999999975,41.224,25.49553658063258,1.0
68,6,10,1.0,10.272196074236508,5,0.8627260981912145,0,0.0,0.5,21.672000000000004,18.697000000000003,1.1591164357918382,1.0
68,7,10,0.0,-26.52866974313799,200,0.0,0,0.0,16.750000000000053,694.3620000000005,49.949,13.901419447836805,1.0
68,8,10,1.0,10.095646159676605,7,0.4616551000174958,0,0.0,0.5,34.294,15.832,2.166119252147549,1.0
68,9,10,1.0,9.96687642074809,8,0.8015865712024441,0,0.0,0.55,54.331,43.550999999999995,1.2475258891873897,1.0
69,0,10,1.0,10.85,1,1.0,0,0.0,0.1,1.745,1.745,1.0,1.0
69,1,10,0.0,-25.554235363753804,200,0.0,0,0.0,14.950000000000003,662.9029999999982,37.168,17.835315325010715,1.0
69,2,10,0.0,-12.775120973583816,12,0.0,10,1.0,0.1,10.179,20.707,0.4915728980537982,1.0
69,3,10,0.0,-25.378646905907893,200,0.0,0,0.0,14.950000000000003,689.3789999999996,49.239,14.000670200450854,1.0
69,4,10,0.0,-13.227408516237295,12,0.0,10,1.0,0.1,7.567,52.441,0.14429549398371502,1.0
69,5,10,0.0,-24.83997299566785,200,0.0,0,0.0,13.350000000000012,745.9269999999993,52.399,14.235519761827502,1.0
69,6,10,1.0,10.343384647534132,5,0.9824129200027373,0,0.0,0.35,29.226,28.712,1.0179019225410977,1.0
69,7,10,0.0,-28.43270499476841,200,0.0,0,0.0,20.000000000000014,1349.4019999999987,18.159,74.31036951373967,1.0
69,8,10,1.0,7.289887775842043,13,0.7464967324511492,2,0.0,0.9000000000000001,92.271,68.88,1.3395905923344948,1.0
69,9,10,0.0,-23.057761532923536,200,0.0,0,0.0,10.000000000000007,330.48399999999987,54.17100000000001,6.100755016521752,1.0
70,0,10,1.0,10.003199566804142,7,1.0,0,0.0,0.65,33.702999999999996,33.702999999999996,1.0,1.0
70,1,10,1.0,9.80549102103643,8,0.9226472259041848,0,0.0,0.8500000000000001,42.248,38.98,1.0838378655720882,1.0
70,2,10,1.0,9.843233088027171,9,0.7795245187269016,0,0.0,0.6,54.387,42.396,1.2828332861590717,1.0
70,3,10,1.0,10.754617625637291,2,1.0,0,0.0,0.1,6.865,6.865,1.0,1.0
70,4,10,1.0,10.195712854149585,5,0.8667877447883765,0,0.0,0.65,25.328,21.954,1.1536849776806049,1.0
70,5,10,1.0,10.608267859043968,3,0.5821506042764177,0,0.0,0.2,16.135,9.393,1.7177685510486533,1.0
70,6,10,1.0,10.610579823873048,3,1.0,0,0.0,0.2,22.938000000000002,22.938000000000002,1.0,1.0
70,7,10,0.0,-23.061824788842976,200,0.0,0,0.0,10.000000000000007,1337.6939999999997,40.728,32.84457866823806,1.0
70,8,10,0.0,-25.406882901289706,200,0.0,0,0.0,15.000000000000002,729.1999999999981,39.155,18.623419742050775,1.0
70,9,10,0.0,-23.200440742781154,200,0.0,0,0.0,10.000000000000007,1053.3229999999942,30.857,34.13562562789624,1.0
71,0,10,0.0,-23.084098695240204,200,0.0,0,0.0,10.000000000000007,510.6720000000011,54.876000000000005,9.3059260879073,1.0
71,1,10,1.0,10.620973918287351,3,0.3664438428816088,0,0.0,0.2,18.101,6.633000000000001,2.72893110206543,1.0
71,2,10,1.0,10.271935608811425,5,1.0,0,0.0,0.5,20.655,20.655,1.0,1.0
71,3,10,1.0,10.875,1,1.0,0,0.0,0.05,7.849,7.849,1.0,1.0
71,4,10,1.0,10.295554986607845,5,0.9304746197544438,0,0.0,0.44999999999999996,27.285000000000004,25.388,1.0747203403182606,1.0
71,5,10,1.0,10.758639515823983,2,0.7744360902255639,0,0.0,0.1,10.241,7.931,1.29126213592233,1.0
71,6,10,0.0,-25.455965880582113,200,0.0,0,0.0,15.000000000000004,1999.285000000007,49.825,40.126141495233455,1.0
71,7,10,0.0,-30.5495912407243,200,0.0,0,0.0,24.85,696.236999999997,48.10900000000001,14.472073832338998,1.0
71,8,10,1.0,10.60851154630376,3,1.0,0,0.0,0.2,21.089000000000002,21.089000000000002,1.0,1.0
71,9,10,0.0,-22.847228915662615,200,0.0,0,0.0,10.000000000000007,633.9999999999993,20.75,30.554216867469847,1.0
72,0,10,0.0,-28.113983690727835,200,0.0,0,0.0,20.000000000000014,1522.6469999999972,49.66499999999999,30.658350951374157,1.0
72,1,10,0.0,-25.63161392258002,200,0.0,0,0.0,15.000000000000002,1125.9250000000018,21.519000000000002,52.32236628096109,1.0
72,2,10,0.0,-23.115309920699218,200,0.0,0,0.0,10.000000000000007,585.5219999999996,24.716,23.68999838161513,1.0
72,3,10,0.0,-23.03509208561468,200,0.0,0,0.0,10.000000000000007,633.9999999999993,40.18,15.778994524639106,1.0
72,4,10,0.0,-23.20137367287275,200,0.0,0,0.0,10.050000000000008,717.536,51.992000000000004,13.800892444991534,1.0
72,5,10,0.0,-22.916081703107057,200,0.0,0,0.0,10.050000000000008,1024.5090000000048,27.808000000000003,36.84223964326829,1.0
72,6,10,1.0,9.606968623734225,10,0.610732836753035,0,0.0,0.9,65.649,40.093999999999994,1.6373771636653867,1.0
72,7,10,1.0,10.346865465907003,5,0.9599082609270938,0,0.0,0.35,22.673000000000002,21.764,1.041766219444955,1.0
72,8,10,1.0,9.884187324922596,8,0.8578888407054062,0,0.0,0.7000000000000001,55.344,47.479,1.16565218307041,1.0
72,9,10,1.0,10.252212102352969,6,0.8896105278848406,0,0.0,0.35,46.961,41.777,1.1240874165210522,1.0
73,0,10,1.0,10.875,1,1.0,0,0.0,0.05,4.504,4.504,1.0,1.0
73,1,10,0.0,-24.387264487692814,200,0.0,0,0.0,12.500000000000014,1070.2289999999996,64.43400000000001,16.609693640003716,1.0
73,2,10,0.0,-14.158953287197235,10,0.0,10,1.0,0.0,0.0,8.091999999999999,0.0,1.0
73,3,10,1.0,9.567102072284653,11,0.7193539712950826,0,0.0,0.7999999999999999,59.502,42.803000000000004,1.390136205406163,1.0
73,4,10,1.0,10.295228201030012,5,0.9484987577378194,0,0.0,0.45,23.747000000000003,22.524,1.0542976380749425,1.0
73,5,10,1.0,10.175330360762059,6,0.9233821162555678,0,0.0,0.5000000000000001,26.717,24.67,1.082975273611674,1.0
73,6,10,0.0,-25.58274881516593,200,0.0,0,0.0,15.000000000000004,385.4000000000011,21.1,18.265402843601947,1.0
73,7,10,0.0,-12.9,10,0.0,10,1.0,0.0,0.0,28.322,0.0,1.0
73,8,10,0.0,-23.03795306657248,200,0.0,0,0.0,10.000000000000007,1088.6860000000001,67.92600000000002,16.027529959073107,1.0
73,9,10,1.0,10.267148253068934,5,1.0,0,0.0,0.5,26.474999999999998,26.474999999999998,1.0,1.0
74,0,10,1.0,10.487271912707579,4,0.9277006058814836,0,0.0,0.25,27.068,25.111,1.0779339731591733,1.0
74,1,10,0.0,-28.359247116689197,200,0.0,0,0.0,20.000000000000014,1465.0200000000061,58.96,24.847693351424798,1.0
74,2,10,1.0,10.351804888538455,5,0.9125756336876535,0,0.0,0.35000000000000003,30.574999999999996,27.902,1.0957995842591928,1.0
74,3,10,1.0,10.621013309894526,3,0.44804500703234884,0,0.0,0.2,17.775,7.964,2.2319186338523354,1.0
74,4,10,0.0,-22.936193633122784,200,0.0,0,0.0,10.000000000000007,703.3749999999984,31.977999999999998,21.995590718619003,1.0
74,5,10,1.0,9.977732708790114,7,0.8319836378209556,0,0.0,0.7,36.181000000000004,30.102,1.20194671450402,1.0
74,6,10,1.0,9.372485257221282,11,0.8749812368658061,0,0.0,1.1500000000000001,53.29600000000001,46.63300000000001,1.1428816503334547,1.0
74,7,10,1.0,10.85,1,1.0,0,0.0,0.1,3.868,3.868,1.0,1.0
74,8,10,1.0,10.49668265855371,4,0.31921410428806213,0,0.0,0.25,26.772,8.546,3.1326936578516267,1.0
74,9,10,1.0,10.21429896189391,5,0.7357831493642588,0,0.0,0.6000000000000001,42.942,31.596,1.3590960881124192,1.0
75,0,10,0.0,-23.2994576762808,200,0.0,0,0.0,10.350000000000012,687.0529999999972,48.956,14.03409183756837,1.0
75,1,10,1.0,9.804315378095867,8,0.5343430785487846,0,0.0,0.85,39.74600000000001,21.238,1.8714568226763353,1.0
75,2,10,0.0,-22.809979489453784,200,0.0,0,0.0,10.000000000000007,790.9380000000016,36.07899999999999,21.922392527509125,1.0
75,3,10,0.0,-26.796193956680717,200,0.0,0,0.0,17.500000000000032,716.8999999999999,67.314,10.6500876489289,1.0
75,4,10,0.0,-22.759808472174793,200,0.0,0,0.0,10.000000000000007,983.2000000000048,20.467,48.038305565056184,1.0
75,5,10,0.0,-23.2612298268143,200,0.0,0,0.0,10.050000000000008,991.6020000000007,28.813,34.415090410578586,1.0
75,6,10,0.0,-24.69066719197715,200,0.0,0,0.0,13.350000000000012,663.3739999999999,69.80000000000001,9.503925501432661,1.0
75,7,10,0.0,-23.12714149194119,200,0.0,0,0.0,10.200000000000012,927.8220000000036,70.11,13.233804022250801,1.0
75,8,10,0.0,-32.89098058643214,200,0.0,0,0.0,30.000000000000007,1145.8000000000043,32.297,35.47697928600193,1.0
75,9,10,1.0,9.81661217563608,9,0.7439661256175018,0,0.0,0.65,63.765,47.439,1.3441472206412446,1.0
76,0,10,1.0,9.881986421837624,8,0.8438362670307816,0,0.0,0.7000000000000001,33.689,28.428,1.1850640213873644,1.0
76,1,10,0.0,-23.384587270614542,200,0.0,0,0.0,10.000000000000007,1078.7780000000023,45.611000000000004,23.651706825108025,1.0
76,2,10,0.0,-23.46247264356418,200,0.0,0,0.0,10.15000000000001,1349.4630000000047,76.67299999999999,17.600237371695446,1.0
76,3,10,1.0,10.754689684844575,2,0.8774893817838603,0,0.0,0.1,10.595,9.297,1.1396149295471658,1.0
76,4,10,1.0,10.731242780865207,2,1.0,0,0.0,0.15000000000000002,9.177,9.177,1.0,1.0
76,5,10,0.0,-24.714695803882975,200,0.0,0,0.0,13.350000000000012,699.9349999999987,55.885,12.52455936297752,1.0
76,6,10,1.0,10.613717985067574,3,0.9919377519452517,0,0.0,0.2,21.334,21.162,1.0081277762026273,1.0
76,7,10,0.0,-23.478494860268462,200,0.0,0,0.0,10.10000000000001,782.7679999999998,31.811,24.606834113985723,1.0
76,8,10,0.0,-30.571359394936316,200,0.0,0,0.0,25.0,1370.2000000000057,65.051,21.063473274815234,1.0
76,9,10,1.0,10.061769980741452,6,0.32528092087232297,0,0.0,0.7499999999999999,51.081999999999994,16.616,3.0742657679345204,1.0
77,0,10,1.0,10.155721804164166,7,1.0,0,0.0,0.35,43.322,43.322,1.0,1.0
77,1,10,0.0,-12.9,10,0.0,10,1.0,0.0,0.0,62.414,0.0,1.0
77,2,10,0.0,-12.899999999999999,10,0.0,10,1.0,0.0,0.0,39.858,0.0,1.0
77,3,10,1.0,10.464993677159166,4,0.9262401468865744,0,0.0,0.30000000000000004,31.589000000000002,29.259,1.079633617006733,1.0
77,4,10,0.0,-30.540667820779866,200,0.0,0,0.0,25.0,1370.7360000000056,68.162,20.10997329890563,1.0
77,5,10,0.0,-25.014859399981184,200,0.0,0,0.0,13.500000000000012,806.6130000000023,53.165,15.17187999623817,1.0
77,6,10,1.0,10.081817477233093,7,0.4811373523927905,0,0.0,0.5000000000000001,32.18000000000001,15.483,2.0784085771491316,1.0
77,7,10,1.0,9.165627785329594,15,0.6483667276540677,0,0.0,0.8000000000000002,89.636,58.117000000000004,1.542337009825008,1.0
77,8,10,0.0,-23.60965660403907,200,0.0,0,0.0,10.100000000000009,1429.700999999994,56.843999999999994,25.151308845260612,1.0
77,9,10,1.0,10.508725199082196,4,0.4223577699236119,0,0.0,0.25,17.542,7.409000000000001,2.3676609528951276,1.0
78,0,10,1.0,10.30567767339044,5,0.6554675118858954,0,0.0,0.45,22.085,14.475999999999999,1.5256286266924566,1.0
78,1,10,0.0,-22.938547923056788,200,0.0,0,0.0,10.000000000000007,682.1339999999988,42.057,16.2192738426421,1.0
78,2,10,0.0,-13.083278521371808,15,0.0,10,1.0,0.4,34.688,61.787,0.5614125948824187,1.0
78,3,10,0.0,-22.919906981498578,200,0.0,0,0.0,10.000000000000007,527.0529999999983,39.132000000000005,13.468593478483038,1.0
78,4,10,1.0,10.14726265696233,6,0.930144323761345,0,0.0,0.55,26.884,25.006,1.0751019755258737,1.0
78,5,10,1.0,10.12573476554431,6,0.8132580721029465,0,0.0,0.6000000000000001,29.763,24.205,1.2296219789299734,1.0
78,6,10,1.0,9.49384772575133,11,0.8884958522460479,0,0.0,0.9,63.89000000000001,56.766000000000005,1.1254976570482331,1.0
78,7,10,1.0,10.21410774658239,6,0.5078571161957374,0,0.0,0.44999999999999996,26.791,13.606,1.969057768631486,1.0
78,8,10,1.0,9.483939342952088,11,0.5615116622379687,0,0.0,0.9500000000000001,84.67500000000001,47.54600000000001,1.7809069112017835,1.0
78,9,10,0.0,-13.532991595042498,15,0.0,10,1.0,0.3,16.665,42.118,0.3956740585972743,1.0
79,0,10,0.0,-25.668850191227833,200,0.0,0,0.0,15.000000000000004,611.5539999999994,61.445,9.952868418911212,1.0
79,1,10,0.0,-13.023596261437419,12,0.0,10,1.0,0.15000000000000002,13.812000000000001,53.44299999999999,0.25844357539808777,1.0
79,2,10,0.0,-25.346728763342774,200,0.0,0,0.0,15.000000000000004,1353.4699999999984,24.639000000000003,54.93201834490029,1.0
79,3,10,0.0,-22.9207085677196,200,0.0,0,0.0,10.000000000000007,1219.4209999999991,36.976000000000006,32.978715923842465,1.0
79,4,10,1.0,10.727951859099804,2,1.0,0,0.0,0.15000000000000002,12.774999999999999,12.774999999999999,1.0,1.0
79,5,10,0.0,-26.042380936958498,200,0.0,0,0.0,15.000000000000002,421.8719999999984,61.75300000000001,6.831603322915459,1.0
79,6,10,0.0,-24.56470252058895,200,0.0,0,0.0,12.500000000000014,908.7069999999987,40.07,22.677988520089812,1.0
79,7,10,0.0,-22.98973501414968,200,0.0,0,0.0,10.000000000000007,509.4000000000023,38.87,13.105222536660724,1.0
79,8,10,0.0,-13.131002048997772,12,0.0,10,1.0,0.1,11.248,56.12500000000001,0.20040979955456567,1.0
79,9,10,1.0,10.039161691542288,8,0.8505736317472257,0,0.0,0.39999999999999997,42.536,36.17999999999999,1.1756771697070207,1.0
80,0,10,1.0,10.113075287901928,7,0.8125230573162961,0,0.0,0.45,29.817,24.227000000000004,1.2307343047013661,1.0
80,1,10,1.0,10.466344685005456,4,0.6874728571992578,0,0.0,0.30000000000000004,25.329,17.413,1.4546028829035778,1.0
80,2,10,1.0,10.344875540190147,5,0.5273232760585206,0,0.0,0.35000000000000003,21.941000000000003,11.57,1.896369922212619,1.0
80,3,10,1.0,9.76543992697142,10,0.6240441708113318,0,0.0,0.6,45.641000000000005,28.482,1.602450670598975,1.0
80,4,10,0.0,-25.71866622972307,200,0.0,0,0.0,14.950000000000003,663.1229999999982,48.824000000000005,13.581906439455967,1.0
80,5,10,0.0,-25.587140545748692,200,0.0,0,0.0,15.000000000000002,534.9799999999989,55.007000000000005,9.725671278200934,1.0
80,6,10,0.0,-13.434515929543226,15,0.0,10,1.0,0.35,21.522,46.89399999999999,0.4589499722779034,1.0
80,7,10,0.0,-39.955952405166364,200,0.0,7,0.0,28.39999999999991,899.0520000000035,39.332,22.85802908573181,1.0
80,8,10,1.0,10.484958915753683,3,1.0,0,0.0,0.45,21.176,21.176,1.0,1.0
80,9,10,0.0,-13.428464983713354,15,0.0,10,1.0,0.45,25.73,22.104,1.1640427072023163,1.0
81,0,10,1.0,10.327096986879408,5,0.5832564220889094,0,0.0,0.39999999999999997,26.003999999999998,15.166999999999998,1.7145117689721106,1.0
81,1,10,0.0,-13.254095705585888,14,0.0,10,1.0,0.25,12.295000000000002,38.096,0.322737295254095,1.0
81,2,10,0.0,-22.998055790363534,200,0.0,0,0.0,10.000000000000007,831.8349999999989,59.14999999999999,14.063144547759915,1.0
81,3,10,0.0,-13.345636060931806,14,0.0,10,1.0,0.45000000000000007,16.313,38.141,0.42770247240502346,1.0
81,4,10,1.0,9.356656059797116,12,0.755973522763965,0,0.0,1.0,61.94000000000001,46.825,1.3227976508275496,1.0
81,5,10,1.0,10.369460718787,5,1.0,0,0.0,0.3,26.182999999999996,26.182999999999996,1.0,1.0
81,6,10,0.0,-29.615011232965834,200,0.0,0,0.0,23.25000000000002,883.6510000000007,67.658,13.060554553785225,1.0
81,7,10,0.0,-25.271662658161752,200,0.0,0,0.0,15.000000000000002,1041.0929999999976,19.125999999999998,54.43338910383759,1.0
81,8,10,1.0,10.636391772395232,3,0.9485776805251641,0,0.0,0.15000000000000002,10.968,10.404,1.0542099192618224,1.0
81,9,10,1.0,9.819930247730893,8,0.8005069124423964,0,0.0,0.8500000000000001,65.1,52.113,1.2492084508663863,1.0
82,0,10,0.0,-13.041309737852655,16,0.0,10,1.0,0.45,40.875,45.05100000000001,0.9073050542718251,1.0
82,1,10,0.0,-26.478959936099574,200,0.0,0,0.0,16.700000000000053,650.4629999999992,23.787,27.345314667675588,1.0
82,2,10,0.0,-22.9005426403156,200,0.0,0,0.0,10.000000000000007,441.57300000000083,49.940999999999995,8.841893434252436,1.0
82,3,10,0.0,-13.618706684503517,16,0.0,10,1.0,0.6,72.08,46.346,1.5552582747162647,1.0
82,4,10,1.0,9.859983194084318,8,0.8374393480417125,0,0.0,0.7500000000000001,37.303,31.238999999999997,1.1941163289477896,1.0
82,5,10,0.0,-23.186009817671792,200,0.0,0,0.0,10.000000000000007,1899.7839999999926,45.632000000000005,41.63271388499282,1.0
82,6,10,1.0,10.728543256997455,2,1.0,0,0.0,0.15000000000000002,11.004000000000001,11.004000000000001,1.0,1.0
82,7,10,0.0,-25.25915707212308,200,0.0,0,0.0,15.000000000000004,1004.9999999999968,16.763,59.953468949471855,1.0
82,8,10,0.0,-22.978699712072306,200,0.0,0,0.0,10.000000000000007,763.2290000000033,62.863,12.141148211189465,1.0
82,9,10,0.0,-25.733654259363295,200,0.0,0,0.0,15.000000000000002,2082.158999999994,60.501999999999995,34.4147135631879,1.0
83,0,10,0.0,-22.99871041153038,200,0.0,0,0.0,10.000000000000007,689.5999999999975,52.73,13.07794424426318,1.0
83,1,10,0.0,-23.1109823855778,200,0.0,0,0.0,10.050000000000008,1521.5979999999956,62.903000000000006,24.189593501104802,1.0
83,2,10,1.0,9.958891560996939,8,0.795282999570438,0,0.0,0.55,48.88699999999999,38.879,1.2574140281385837,1.0
83,3,10,0.0,-23.53485851372463,200,0.0,0,0.0,10.25000000000001,1104.173000000003,67.215,16.427478985345576,1.0
83,4,10,0.0,-13.409469080122287,14,0.0,10,1.0,0.30000000000000004,21.417,33.037,0.6482731482882829,1.0
83,5,10,0.0,-24.545947237960338,200,0.0,0,0.0,12.550000000000015,797.2449999999993,39.53600000000001,20.16503945770941,1.0
83,6,10,1.0,9.384802379044165,12,0.8419575949142308,0,0.0,0.9500000000000002,56.314,47.413999999999994,1.1877082718184504,1.0
83,7,10,0.0,-13.487680114628578,14,0.0,10,1.0,0.30000000000000004,30.682000000000002,44.666,0.6869207003089599,1.0
83,8,10,1.0,10.584171641791045,3,0.9040005397018146,0,0.0,0.25,14.823,13.399999999999999,1.1061940298507464,1.0
83,9,10,0.0,-23.133395939967084,200,0.0,0,0.0,10.050000000000008,1075.5960000000034,46.108000000000004,23.327752233885732,1.0
84,0,10,0.0,-30.556110960849324,200,0.0,0,0.0,24.900000000000002,605.1360000000003,29.578,20.45898978970858,1.0
84,1,10,0.0,-23.061236909809118,200,0.0,0,0.0,10.050000000000008,1050.9999999999966,55.194,19.041924846903587,1.0
84,2,10,0.0,-23.402572735804693,200,0.0,0,0.0,10.000000000000007,1059.0249999999942,51.144000000000005,20.706730017206205,1.0
84,3,10,0.0,-23.076833176248808,200,0.0,0,0.0,10.000000000000007,678.5999999999993,26.524999999999995,25.583411875589047,1.0
84,4,10,0.0,-25.682749125548916,200,0.0,0,0.0,15.000000000000002,572.7829999999987,53.748000000000005,10.656824439979136,1.0
84,5,10,1.0,10.489709266603363,4,0.990155411758199,0,0.0,0.25,18.081000000000003,17.903,1.0099424677428366,1.0
84,6,10,1.0,10.174729979846171,6,0.9653378861272136,0,0.0,0.5,25.186,24.313000000000002,1.0359067165713816,1.0
84,7,10,0.0,-25.767385811718402,200,0.0,0,0.0,14.950000000000003,723.7269999999971,77.41600000000003,9.348545520305839,1.0
84,8,10,1.0,10.534132227299821,3,1.0,0,0.0,0.35000000000000003,20.132,20.132,1.0,1.0
84,9,10,1.0,10.607919054441261,3,0.8289376020584889,0,0.0,0.2,20.209,16.752000000000002,1.2063634192932184,1.0
85,0,10,0.0,-22.801808221975737,200,0.0,0,0.0,10.000000000000007,683.267,68.548,9.96771605298477,1.0
85,1,10,0.0,-13.567656587473003,19,0.0,10,1.0,0.7500000000000001,54.052,42.596000000000004,1.268945440886468,1.0
85,2,10,1.0,10.170020216943353,6,0.9198555182032757,0,0.0,0.49999999999999994,27.962,25.720999999999997,1.0871272501069167,1.0
85,3,10,0.0,-22.63158927285827,200,0.0,0,0.0,10.000000000000007,950.4719999999992,22.224,42.767818574514,1.0
85,4,10,1.0,9.961833766451505,7,0.9947133184350089,0,0.0,0.75,59.961999999999996,59.644999999999996,1.0053147791097325,1.0
85,5,10,0.0,-13.331150136087098,13,0.0,10,1.0,0.2,13.126000000000001,49.968,0.26268812039705414,1.0
85,6,10,0.0,-13.117230345751649,13,0.0,10,1.0,0.15000000000000002,9.108,34.330999999999996,0.2652995834668376,1.0
85,7,10,1.0,10.468380839939282,4,0.6241709653647752,0,0.0,0.3,28.497,17.787,1.6021251475796932,1.0
85,8,10,0.0,-13.443152198678511,19,0.0,10,1.0,0.7500000000000001,81.749,61.446,1.3304202063600559,1.0
85,9,10,1.0,10.216277386707375,6,0.9894268691784845,0,0.0,0.4,35.751000000000005,35.373000000000005,1.0106861165295564,1.0
86,0,10,1.0,10.12064250007667,6,0.7367148666967916,0,0.0,0.6000000000000001,44.26,32.607,1.3573772502836814,1.0
86,1,10,0.0,-25.90899750208163,200,0.0,0,0.0,15.050000000000002,837.8650000000029,48.04,17.440986677768585,1.0
86,2,10,0.0,-13.292551917502259,16,0.0,10,1.0,0.3,38.315,42.086,0.9103977569738155,1.0
86,3,10,1.0,9.961379643331911,8,0.7901109789932619,0,0.0,0.5499999999999999,50.46000000000001,39.869,1.2656449873335174,1.0
86,4,10,0.0,-25.39054383188262,200,0.0,0,0.0,14.950000000000003,955.6889999999983,45.492000000000004,21.007847533632248,1.0
86,5,10,0.0,-13.173223356705574,16,0.0,10,1.0,0.35,46.88699999999999,47.207,0.9932213442921599,1.0
86,6,10,1.0,10.73741754385965,2,0.37658562367864695,0,0.0,0.15000000000000002,7.568,2.85,2.6554385964912277,1.0
86,7,10,1.0,9.987046049796108,8,0.8309366391184574,0,0.0,0.5,36.3,30.163,1.2034611941782978,1.0
86,8,10,1.0,10.417639731191608,4,0.7024216141535864,0,0.0,0.4,26.057,18.303,1.4236463967655575,1.0
86,9,10,0.0,-23.6192390580127,200,0.0,0,0.0,10.100000000000009,737.4949999999989,43.525000000000006,16.944170017231446,1.0
87,0,10,1.0,9.864904333629307,8,0.6507548928238583,0,0.0,0.75,53.65,34.913,1.536676882536591,1.0
87,1,10,0.0,-13.594710655887182,19,0.0,10,1.0,0.5499999999999999,37.604000000000006,49.353,0.7619394970923754,1.0
87,2,10,0.0,-25.75276080028328,200,0.0,0,0.0,15.150000000000002,861.4529999999957,56.480000000000004,15.252354815863944,1.0
87,3,10,0.0,-12.941712679470836,14,0.0,10,1.0,0.3,31.525,47.849000000000004,0.6588434450040752,1.0
87,4,10,1.0,10.009535568521105,7,0.9345911627668836,0,0.0,0.6500000000000001,39.062,36.507000000000005,1.0699865779165638,1.0
87,5,10,0.0,-13.358952878332618,14,0.0,10,1.0,0.2,15.061,41.934,0.3591596318023561,1.0
87,6,10,0.0,-13.929178881008665,19,0.0,10,1.0,0.5,33.933,38.07,0.8913317572892041,1.0
87,7,10,0.0,-25.649966680802116,200,0.0,0,0.0,15.000000000000002,611.8350000000003,33.014,18.532592233597875,1.0
87,8,10,0.0,-23.243099293766385,200,0.0,0,0.0,10.050000000000008,867.1459999999962,52.248999999999995,16.596413328484683,1.0
87,9,10,1.0,10.373173224111538,5,0.8619570644033948,0,0.0,0.3,28.041999999999998,24.170999999999996,1.1601505936866494,1.0
88,0,10,0.0,-22.979821094237547,200,0.0,0,0.0,10.000000000000007,739.6810000000023,48.07,15.38758061160812,1.0
88,1,10,1.0,10.706279836683418,2,1.0,0,0.0,0.2,6.368,6.368,1.0,1.0
88,2,10,0.0,-22.93959262173269,200,0.0,0,0.0,10.000000000000007,2449.164999999995,57.195,42.82131305184011,1.0
88,3,10,0.0,-23.30823145749941,200,0.0,0,0.0,10.15000000000001,895.3150000000012,42.47,21.081116081940223,1.0
88,4,10,0.0,-23.56080189412923,200,0.0,0,0.0,10.20000000000001,1217.2479999999991,57.86299999999999,21.036724677254885,1.0
88,5,10,1.0,10.728886517700225,2,1.0,0,0.0,0.15000000000000002,7.966,7.966,1.0,1.0
88,6,10,1.0,9.794954077680647,9,0.8175875873611831,0,0.0,0.7000000000000001,44.21300000000001,36.147999999999996,1.223110545535023,1.0
88,7,10,1.0,10.760176076020123,2,0.47917503682871293,0,0.0,0.1,7.4670000000000005,3.578,2.0869200670765795,1.0
88,8,10,1.0,9.709668484612386,9,0.7178813132725543,0,0.0,0.8500000000000001,35.758,25.67,1.3929879236462797,1.0
88,9,10,1.0,10.225794115381653,6,0.7945289311832564,0,0.0,0.39999999999999997,32.681,25.966,1.2586074096895938,1.0
89,0,10,1.0,10.04274791086351,8,0.7353393007107597,0,0.0,0.39999999999999997,48.821,35.9,1.35991643454039,1.0
89,1,10,0.0,-23.006794522825015,200,0.0,0,0.0,10.000000000000007,1563.0789999999938,48.127,32.478213892409535,1.0
89,2,10,0.0,-22.975216151907023,200,0.0,0,0.0,10.000000000000007,1112.1219999999987,42.446999999999996,26.20024972318418,1.0
89,3,10,0.0,-25.497232678807514,200,0.0,0,0.0,15.000000000000004,1108.9189999999978,49.145,22.564228303998327,1.0
89,4,10,1.0,9.626590639576252,10,0.6138106175795024,0,0.0,0.85,61.821999999999996,37.946999999999996,1.629166996073471,1.0
89,5,10,1.0,9.779777255768964,8,0.9095822231159822,0,0.0,0.9000000000000001,39.782,36.185,1.0994058311455022,1.0
89,6,10,1.0,10.730117424242424,2,1.0,0,0.0,0.15000000000000002,10.559999999999999,10.559999999999999,1.0,1.0
89,7,10,1.0,10.346942322223155,5,0.9354800706852541,0,0.0,0.35000000000000003,25.465000000000003,23.822,1.0689698597934685,1.0
89,8,10,0.0,-25.578307886086385,200,0.0,0,0.0,15.000000000000004,1829.7359999999912,32.551,56.21136063408163,1.0
89,9,10,1.0,10.255458142806894,6,0.704323052149139,0,0.0,0.35,32.292,22.744,1.4198030249736195,1.0
90,0,10,1.0,10.754814227158535,2,1.0,0,0.0,0.1,7.563000000000001,7.563000000000001,1.0,1.0
90,1,10,0.0,-26.401234219429696,200,0.0,0,0.0,16.699999999999996,726.7180000000021,51.725,14.049647172547164,1.0
90,2,10,1.0,10.587199166863162,3,0.6408280447265036,0,0.0,0.25,19.854,12.723,1.560481018627682,1.0
90,3,10,1.0,9.583537176351133,11,0.597314881182114,0,0.0,0.7000000000000001,72.548,43.334,1.6741588590944754,1.0
90,4,10,1.0,9.977975676497415,7,0.7092336222883512,0,0.0,0.7000000000000001,46.374,32.89,1.4099726360595926,1.0
90,5,10,1.0,9.682745525025652,10,0.6079320191854501,0,0.0,0.7500000000000003,72.138,43.855000000000004,1.6449207616007298,1.0
90,6,10,1.0,10.082261417322835,7,0.8967913230143486,0,0.0,0.49999999999999994,35.403999999999996,31.749999999999996,1.1150866141732283,1.0
90,7,10,1.0,10.251373709686826,6,0.721492889001094,0,0.0,0.35000000000000003,23.766,17.147,1.3860150463637955,1.0
90,8,10,0.0,-22.914454575303722,200,0.0,0,0.0,10.000000000000007,677.3999999999972,39.593,17.109084939256867,1.0
90,9,10,1.0,10.004752327419638,8,0.740158094544698,0,0.0,0.45,38.458000000000006,28.465000000000003,1.351062708589496,1.0
91,0,10,1.0,10.85,1,1.0,0,0.0,0.1,5.729,5.729,1.0,1.0
91,1,10,0.0,-23.073734983181197,200,0.0,0,0.0,10.000000000000007,658.9839999999991,33.29600000000001,19.79168668909175,1.0
91,2,10,0.0,-13.035069936926044,11,0.0,10,1.0,0.1,5.64,61.198,0.0921598745057028,1.0
91,3,10,0.0,-23.05907194535237,200,0.0,0,0.0,10.000000000000007,472.40000000000174,27.229000000000003,17.34914980351837,1.0
91,4,10,0.0,-13.101923828840935,13,0.0,10,1.0,0.25,15.841,40.921,0.3871117519122211,1.0
91,5,10,0.0,-13.22701857142857,15,0.0,10,1.0,0.3,25.13,35.00000000000001,0.7179999999999999,1.0
91,6,10,0.0,-22.981754065878025,24,0.0,19,1.0,0.4,27.468,50.973,0.5388735212759697,1.0
91,7,10,1.0,10.729932217750477,2,1.0,0,0.0,0.15000000000000002,9.442,9.442,1.0,1.0
91,8,10,0.0,-23.03339700780284,200,0.0,0,0.0,10.000000000000007,554.3999999999996,72.92300000000002,7.602539665126223,1.0
91,9,10,0.0,-12.89877857506272,13,0.0,10,1.0,0.2,24.21,56.99899999999999,0.42474429375953976,1.0
92,0,10,0.0,-28.460744937370574,200,0.0,0,0.0,19.70000000000003,629.8629999999995,46.863,13.44051810596845,1.0
92,1,10,1.0,9.038849142457122,15,0.4497335757518516,0,0.0,1.1,127.053,57.14,2.2235386769338468,1.0
92,2,10,0.0,-25.053279033159985,200,0.0,0,0.0,13.350000000000012,719.8189999999988,48.281,14.90894969035436,1.0
92,3,10,1.0,10.736483870967742,2,0.5212473249770713,0,0.0,0.15000000000000002,6.542,3.41,1.9184750733137828,1.0
92,4,10,0.0,-23.138022299097745,200,0.0,0,0.0,10.000000000000007,1187.767999999997,42.782000000000004,27.763264924500888,1.0
92,5,10,1.0,10.314703588554567,5,0.9986580713064072,0,0.0,0.4,38.004999999999995,37.954,1.001343731885967,1.0
92,6,10,0.0,-13.454187570543386,15,0.0,10,1.0,0.25,18.587,43.413000000000004,0.42814364360905716,1.0
92,7,10,1.0,10.006337108013936,8,0.8562371806824539,0,0.0,0.44999999999999996,69.719,59.696,1.1679006968641115,1.0
92,8,10,0.0,-13.0006246952706,15,0.0,10,1.0,0.6000000000000001,26.398000000000003,32.815999999999995,0.8044246708922479,1.0
92,9,10,0.0,-23.44425828772367,200,0.0,0,0.0,10.10000000000001,635.3499999999984,35.263,18.01746873493459,1.0
93,0,10,0.0,-25.580466842319996,200,0.0,0,0.0,14.900000000000002,373.2169999999993,26.947,13.850038965376454,1.0
93,1,10,0.0,-12.989381749954235,11,0.0,10,1.0,0.05,3.883,43.70400000000001,0.08884770272743912,1.0
93,2,10,0.0,-25.555727984435077,200,0.0,0,0.0,15.000000000000002,1145.6950000000043,64.761,17.691125831905072,1.0
93,3,10,1.0,10.388990616744103,4,1.0,0,0.0,0.45,21.954,21.954,1.0,1.0
93,4,10,0.0,-12.977877916694524,11,0.0,10,1.0,0.1,4.183,14.957,0.2796683826970649,1.0
93,5,10,0.0,-27.98279026217236,200,0.0,0,0.0,20.050000000000026,896.9870000000008,69.42,12.921161048689148,1.0
93,6,10,1.0,9.973008412364589,8,0.5918228359400686,0,0.0,0.55,42.582,25.201,1.689694853378834,1.0
93,7,10,0.0,-23.093037633872406,200,0.0,0,0.0,10.000000000000007,834.6940000000033,50.141000000000005,16.64693564149106,1.0
93,8,10,0.0,-13.51068632403081,15,0.0,10,1.0,0.4,24.332,63.352000000000004,0.384076272256598,1.0
93,9,10,0.0,-12.94143407782882,15,0.0,10,1.0,0.3,26.828999999999997,37.878,0.7083003326469189,1.0
94,0,10,1.0,10.350422415743045,5,0.7998914420119414,0,0.0,0.35000000000000003,22.108,17.684,1.2501696448767248,1.0
94,1,10,1.0,10.077466127988215,7,0.9692990047598443,0,0.0,0.5,46.22,44.801,1.031673400147318,1.0
94,2,10,1.0,10.511600720504353,3,1.0,0,0.0,0.4,16.655,16.655,1.0,1.0
94,3,10,0.0,-23.11831164933706,200,0.0,0,0.0,10.000000000000007,824.5920000000023,56.647,14.556675552103417,1.0
94,4,10,1.0,10.069247271560027,7,0.5559620475298177,0,0.0,0.55,33.620999999999995,18.692,1.7986839289535628,1.0
94,5,10,1.0,9.617139952153112,9,0.6734196588597781,0,0.0,1.05,49.657,33.44,1.4849581339712918,1.0
94,6,10,0.0,-13.747244069343065,16,0.0,10,1.0,0.45000000000000007,38.826,21.92,1.7712591240875912,1.0
94,7,10,0.0,-12.942760122699386,13,0.0,10,1.0,0.3,14.969000000000001,32.599999999999994,0.4591717791411044,1.0
94,8,10,0.0,-13.428583833992905,16,0.0,10,1.0,0.55,27.288,48.769,0.5595357706739937,1.0
94,9,10,0.0,-26.108528634813155,200,0.0,0,0.0,15.000000000000002,1011.702999999996,38.991,25.947090354184198,1.0
95,0,10,1.0,9.910964665192898,8,0.85309729129595,0,0.0,0.65,65.75099999999999,56.092,1.1721992440989801,1.0
95,1,10,1.0,9.580329012258701,11,0.7033995497472638,0,0.0,0.75,70.627,49.679,1.4216671027999757,1.0
95,2,10,1.0,10.102064949040956,7,0.8663960949925958,0,0.0,0.44999999999999996,36.466,31.594,1.1542064949040958,1.0
95,3,10,0.0,-25.48653536977492,200,0.0,0,0.0,15.000000000000004,1002.5200000000035,69.66399999999999,14.390790078089166,1.0
95,4,10,0.0,-24.315500042269026,200,0.0,0,0.0,12.500000000000016,687.0909999999984,59.144999999999996,11.617059768365854,1.0
95,5,10,1.0,9.484488316395883,11,0.5334967884522412,0,0.0,0.9500000000000001,57.916,30.898,1.8744255291604635,1.0
95,6,10,0.0,-25.254972633827272,200,0.0,0,0.0,15.000000000000002,1005.1720000000028,14.982,67.09197703911379,1.0
95,7,10,0.0,-24.63517024048444,200,0.0,0,0.0,13.350000000000012,868.0540000000003,56.802,15.282102742861172,1.0
95,8,10,0.0,-25.632553606237774,200,0.0,0,0.0,15.000000000000004,1005.2789999999968,40.014,25.1231818863397,1.0
95,9,10,1.0,10.727627765064836,2,1.0,0,0.0,0.15000000000000002,18.354,18.354,1.0,1.0
96,0,10,0.0,-25.654092961789555,200,0.0,0,0.0,15.050000000000002,920.4550000000031,57.131,16.111305595911205,1.0
96,1,10,1.0,10.338831215003111,5,0.5739281250797051,0,0.0,0.35,39.207,22.502,1.7423784552484225,1.0
96,2,10,0.0,-22.877713713713696,200,0.0,0,0.0,10.000000000000007,910.7999999999963,39.96,22.7927927927927,1.0
96,3,10,0.0,-32.95815201849648,200,0.0,0,0.0,29.4499999999999,908.8000000000037,32.870999999999995,27.64747041465133,1.0
96,4,10,0.0,-12.840126830616189,11,0.0,10,1.0,0.15,4.572,18.095,0.25266648245371653,1.0
96,5,10,0.0,-25.05792757091844,200,0.0,0,0.0,13.350000000000012,1215.1870000000004,50.974000000000004,23.83934947227999,1.0
96,6,10,0.0,-13.01507549410467,11,0.0,10,1.0,0.05,5.624,58.94499999999999,0.09541097633387056,1.0
96,7,10,1.0,10.148369513718395,6,0.9331591639871383,0,0.0,0.55,24.88,23.217,1.0716285480466898,1.0
96,8,10,0.0,-23.44330372217961,200,0.0,0,0.0,10.150000000000011,530.871999999998,52.12,10.185571757482695,1.0
96,9,10,0.0,-23.4779434985446,200,0.0,0,0.0,10.050000000000008,594.4900000000007,50.158,11.85234658479207,1.0
97,0,10,0.0,-23.679805497617444,200,0.0,0,0.0,10.10000000000001,740.5659999999967,58.971,12.558138746163314,1.0
97,1,10,1.0,10.10426253070611,7,0.8285912260187951,0,0.0,0.45,46.182,38.266,1.2068677154654264,1.0
97,2,10,1.0,9.092608224193775,14,0.7197591680350302,0,0.0,1.1500000000000004,98.658,71.01,1.3893536121673002,1.0
97,3,10,1.0,10.22265941737146,6,0.6578529037727849,0,0.0,0.39999999999999997,56.61600000000001,37.245,1.5200966572694323,1.0
97,4,10,0.0,-25.456832726816423,200,0.0,0,0.0,15.000000000000002,776.9999999999985,31.876,24.37570586020826,1.0
97,5,10,1.0,9.656997816954982,9,0.9116897607164937,0,0.0,0.9500000000000002,66.323,60.466,1.0968643535209868,1.0
97,6,10,0.0,-22.9686185304764,200,0.0,0,0.0,10.000000000000007,756.4160000000028,40.88399999999999,18.501516485666837,1.0
97,7,10,0.0,-25.566151094541183,200,0.0,0,0.0,15.000000000000004,525.1999999999979,39.697,13.230218908229787,1.0
97,8,10,0.0,-30.395830674846604,200,0.0,0,0.0,25.0,1115.9799999999982,32.6,34.23251533742326,1.0
97,9,10,1.0,10.85,1,1.0,0,0.0,0.1,3.999,3.999,1.0,1.0
98,0,10,0.0,-25.55205308185524,200,0.0,0,0.0,15.000000000000002,430.62799999999885,55.989,7.69129650467054,1.0
98,1,10,0.0,-24.79090530440928,200,0.0,0,0.0,13.350000000000012,689.495999999999,46.697,14.765316829774909,1.0
98,2,10,0.0,-23.11894094717395,200,0.0,0,0.0,10.000000000000007,898.4079999999975,39.507,22.740476371275914,1.0
98,3,10,1.0,9.585726230813671,10,0.9090689718803673,0,0.0,0.9500000000000001,70.44900000000001,64.043,1.100026544665303,1.0
98,4,10,1.0,10.131741080287336,7,0.6423054373040352,0,0.0,0.39999999999999997,39.229,25.197,1.55689169345557,1.0
98,5,10,0.0,-23.14926899705192,200,0.0,0,0.0,10.000000000000007,992.3999999999982,33.242000000000004,29.853799410384394,1.0
98,6,10,0.0,-25.24426314512037,200,0.0,0,0.0,15.000000000000002,2086.8179999999943,45.321000000000005,46.04527702389608,1.0
98,7,10,1.0,10.052056676426938,7,0.9382785743856084,0,0.0,0.55,53.141999999999996,49.861999999999995,1.0657815570975895,1.0
98,8,10,1.0,9.982549108150824,7,0.8270260176770818,0,0.0,0.7000000000000002,32.132000000000005,26.573999999999998,1.2091518025137356,1.0
98,9,10,1.0,10.440230810400964,4,0.7467692512656541,0,0.0,0.35,30.024,22.421,1.3391017349805987,1.0
99,0,10,0.0,-22.773189732142814,200,0.0,0,0.0,10.20000000000001,662.9400000000016,31.36,21.139668367346992,1.0
99,1,10,1.0,10.512306535249179,4,0.9066537467700257,0,0.0,0.2,27.864,25.262999999999998,1.1029568934805845,1.0
99,2,10,0.0,-23.219033677659286,200,0.0,0,0.0,10.100000000000009,1067.7390000000048,54.309,19.66044302049393,1.0
99,3,10,1.0,10.632933180603283,3,0.8347676419965576,0,0.0,0.15000000000000002,31.374,26.189999999999998,1.1979381443298969,1.0
99,4,10,1.0,9.62835893614582,11,0.7130566284511474,0,0.0,0.65,48.933,34.891999999999996,1.402413160609882,1.0
99,5,10,1.0,10.735722623679822,2,0.31871733545929665,0,0.0,0.15000000000000002,11.289,3.598,3.1375764313507504,1.0
99,6,10,1.0,9.832406128977944,8,0.646658059699171,0,0.0,0.8,64.289,41.57300000000001,1.54641233492892,1.0
99,7,10,1.0,10.237998830485349,6,0.3675462686567165,0,0.0,0.4,41.87499999999999,15.391000000000002,2.72074589045546,1.0
99,8,10,1.0,10.194374635670483,6,1.0,0,0.0,0.45,42.887,42.887,1.0,1.0
99,9,10,0.0,-25.49153839835731,200,0.0,0,0.0,14.900000000000002,815.1849999999973,48.7,16.73891170431206,1.0
100,0,10,0.0,-13.150405984171156,16,0.0,10,1.0,0.4,47.57,50.66700000000001,0.9388754021355121,1.0
100,1,10,0.0,-13.103448141316685,16,0.0,10,1.0,0.55,41.045,56.38399999999999,0.7279547389330308,1.0
100,2,10,0.0,-23.039494009817762,200,0.0,0,0.0,10.000000000000007,1455.0009999999947,58.262,24.97341320243031,1.0
100,3,10,1.0,10.178543308503365,6,0.6698888701395752,0,0.0,0.49999999999999994,41.483000000000004,27.789,1.4927849148943828,1.0
100,4,10,1.0,9.597925428137872,10,0.3864023453860115,0,0.0,0.9500000000000001,71.63,27.678,2.5879760098272993,1.0
100,5,10,1.0,10.153254224270352,6,0.8751470341119141,0,0.0,0.5499999999999999,29.755,26.040000000000003,1.1426651305683562,1.0
100,6,10,1.0,10.635833606467825,3,1.0,0,0.0,0.15000000000000002,18.306,18.306,1.0,1.0
100,7,10,0.0,-28.36985329085035,200,0.0,0,0.0,20.000000000000014,1541.267999999996,42.056000000000004,36.64799315198773,1.0
100,8,10,1.0,10.515532575704102,4,1.0,0,0.0,0.2,14.167000000000002,14.167000000000002,1.0,1.0
100,9,10,0.0,-25.395641295759834,200,0.0,0,0.0,15.000000000000002,600.3689999999976,30.376,19.764583882012037,1.0
101,0,10,1.0,10.319411721368844,5,0.9634453632395216,0,0.0,0.39999999999999997,56.354,54.294,1.0379415773381957,1.0
101,1,10,0.0,-25.530084479194635,200,0.0,0,0.0,15.000000000000002,888.2009999999972,44.507999999999996,19.955985440819568,1.0
101,2,10,1.0,10.105813423629819,7,0.6698652545659982,0,0.0,0.45,59.297,39.721,1.4928375418544348,1.0
101,3,10,0.0,-13.17459279504017,15,0.0,10,1.0,0.35,28.868000000000002,27.259,1.0590263766095602,1.0
101,4,10,0.0,-25.884046774931335,200,0.0,0,0.0,15.000000000000002,1450.039,34.976,41.458114135407136,1.0
101,5,10,0.0,-12.9,10,0.0,10,1.0,0.0,0.0,30.793,0.0,1.0
101,6,10,0.0,-13.092779347365449,15,0.0,10,1.0,0.5,37.777,42.474000000000004,0.8894147007581108,1.0
101,7,10,0.0,-12.909970941883767,10,0.0,10,1.0,0.0,0.0,19.96,0.0,1.0
101,8,10,0.0,-23.078763834443258,200,0.0,0,0.0,10.000000000000007,1185.3999999999999,63.519000000000005,18.662132590248582,1.0
101,9,10,1.0,10.206690225363381,6,0.7431006292424317,0,0.0,0.44999999999999996,40.366,29.996,1.3457127617015603,1.0
102,0,10,1.0,10.875,1,1.0,0,0.0,0.05,3.518,3.518,1.0,1.0
102,1,10,0.0,-22.929165096744217,200,0.0,0,0.0,10.000000000000007,639.200000000003,45.11899999999999,14.166980651166982,1.0
102,2,10,0.0,-23.300126276524193,200,0.0,0,0.0,10.10000000000001,965.3610000000051,32.706,29.51632727939843,1.0
102,3,10,1.0,10.754391170431212,2,0.8849718335453389,0,0.0,0.1,11.006,9.74,1.1299794661190965,1.0
102,4,10,1.0,10.177400900900901,6,0.9461033610819104,0,0.0,0.49999999999999994,35.197,33.300000000000004,1.056966966966967,1.0
102,5,10,0.0,-23.744672476237767,200,0.0,0,0.0,10.100000000000009,990.5870000000042,54.392999999999994,18.2116632654938,1.0
102,6,10,1.0,10.338621253255027,5,0.7903056309659339,0,0.0,0.35,22.838,18.049,1.265333259460358,1.0
102,7,10,0.0,-25.857956333371334,200,0.0,0,0.0,14.950000000000003,1015.7639999999968,43.855000000000004,23.161874358681946,1.0
102,8,10,1.0,9.361331116288168,12,0.7590270372420121,0,0.0,1.0000000000000002,74.08300000000001,56.230999999999995,1.3174761252689802,1.0
102,9,10,1.0,10.633166826330916,3,0.8126112099644127,0,0.0,0.15000000000000002,17.984,14.613999999999999,1.230600793759409,1.0
103,0,10,0.0,-32.85390369824033,200,0.0,0,0.0,30.000000000000007,1386.5999999999988,47.455,29.219260351912315,1.0
103,1,10,1.0,10.592044547173776,3,0.6742225685343912,0,0.0,0.25,14.117,9.518,1.4831897457449044,1.0
103,2,10,0.0,-23.05805102358932,200,0.0,0,0.0,10.000000000000007,701.5789999999984,76.984,9.1133092590668,1.0
103,3,10,1.0,10.63498332679482,3,1.0,0,0.0,0.15000000000000002,10.196,10.196,1.0,1.0
103,4,10,0.0,-12.738015259676468,11,0.0,10,1.0,0.05,9.504,30.538,0.3112188093522824,1.0
103,5,10,1.0,10.24535953139728,6,0.6156460705206145,0,0.0,0.35,36.188,22.279,1.6243098882355582,1.0
103,6,10,0.0,-23.310074676402277,200,0.0,0,0.0,10.050000000000008,644.4179999999991,66.286,9.721781371632005,1.0
103,7,10,0.0,-12.91301788328136,11,0.0,10,1.0,0.05,4.446,31.425999999999995,0.14147521160822252,1.0
103,8,10,1.0,10.50163803532543,4,0.6346500825367577,0,0.0,0.25,26.049,16.532,1.5756714251149286,1.0
103,9,10,1.0,10.167861987779585,5,0.9242526293974407,0,0.0,0.7,19.301,17.839000000000002,1.0819552665508154,1.0
104,0,10,0.0,-13.20968304035081,16,0.0,10,1.0,0.35,40.164,51.99399999999999,0.7724737469708045,1.0
104,1,10,1.0,10.311793721973094,5,0.8429494547033434,0,0.0,0.4,39.15299999999999,33.004,1.1863107502120953,1.0
104,2,10,0.0,-13.267545893133473,16,0.0,10,1.0,0.35000000000000003,47.5,65.914,0.7206359802166459,1.0
104,3,10,0.0,-14.417604888428176,26,0.0,10,1.0,0.8000000000000002,90.916,36.658,2.480113481368323,1.0
104,4,10,0.0,-28.24001406095607,200,0.0,0,0.0,19.950000000000017,802.782000000003,39.471,20.338527019837425,1.0
104,5,10,1.0,10.439509464685528,4,1.0,0,0.0,0.35,19.652,19.652,1.0,1.0
104,6,10,0.0,-13.294946616790382,15,0.0,10,1.0,0.35,27.046999999999997,51.327000000000005,0.5269546242718256,1.0
104,7,10,1.0,10.875,1,1.0,0,0.0,0.05,2.943,2.943,1.0,1.0
104,8,10,0.0,-13.14868176028417,15,0.0,10,1.0,0.30000000000000004,26.009,55.740999999999985,0.46660447426490387,1.0
104,9,10,0.0,-27.95795995132213,200,0.0,0,0.0,20.000000000000014,1459.200000000006,63.273,23.061969560476125,1.0
105,0,10,1.0,10.131570209283293,6,0.6957429501084598,0,0.0,0.6000000000000001,36.88,25.659,1.4373124439767724,1.0
105,1,10,1.0,9.496603075352517,11,0.6771071845163522,0,0.0,0.9,69.441,47.01900000000001,1.476871052127863,1.0
105,2,10,1.0,8.718683211678833,17,0.6702613066361792,0,0.0,1.3000000000000003,97.08899999999997,65.07499999999999,1.4919554360353435,1.0
105,3,10,1.0,10.466797701844571,4,0.8416899974548231,0,0.0,0.3,31.432,26.456,1.1880858784396733,1.0
105,4,10,0.0,-13.265847314201618,17,0.0,10,1.0,0.45,55.995999999999995,54.36,1.0300956585724796,1.0
105,5,10,0.0,-23.337889635915097,200,0.0,0,0.0,10.050000000000008,638.4649999999992,36.887,17.3086724320221,1.0
105,6,10,0.0,-23.352893704246004,200,0.0,0,0.0,10.050000000000008,337.3959999999998,34.15,9.879824304538793,1.0
105,7,10,0.0,-13.7783484656936,17,0.0,10,1.0,0.55,27.804000000000002,52.206,0.5325824617860017,1.0
105,8,10,1.0,10.730694708793301,2,1.0,0,0.0,0.15000000000000002,7.881,7.881,1.0,1.0
105,9,10,0.0,-22.998809405987668,200,0.0,0,0.0,10.050000000000008,1544.8550000000007,52.541000000000004,29.40284730020366,1.0
106,0,10,1.0,10.63200968728756,3,0.6851021715084125,0,0.0,0.15000000000000002,17.177,11.768,1.4596363018354859,1.0
106,1,10,0.0,-28.046535085765093,200,0.0,0,0.0,19.950000000000017,1306.1959999999979,44.88999999999999,29.097705502339007,1.0
106,2,10,1.0,9.818322350252357,8,0.8913807446140265,0,0.0,0.85,58.903,52.505,1.1218550614227216,1.0
106,3,10,1.0,9.280419103313841,12,0.7746491383904779,0,0.0,1.1500000000000001,56.28999999999999,43.605,1.2909070060772847,1.0
106,4,10,1.0,10.734940765813413,2,0.5,0,0.0,0.15000000000000002,9.454,4.727,2.0,1.0
106,5,10,1.0,9.70012338197508,10,0.7704547576804557,0,0.0,0.7000000000000001,53.544999999999995,41.254,1.297934745721627,1.0
106,6,10,0.0,-23.04760460359115,200,0.0,0,0.0,10.000000000000007,764.0910000000003,48.397,15.787982726202046,1.0
106,7,10,0.0,-22.899100147954144,200,0.0,0,0.0,10.000000000000007,831.999999999999,41.229,20.179970409177983,1.0
106,8,10,1.0,10.375181778120524,5,0.5997158997059893,0,0.0,0.3,30.271,18.154,1.6674562079982373,1.0
106,9,10,1.0,10.145346569631881,7,0.5945264749742706,0,0.0,0.4,47.611000000000004,28.305999999999997,1.6820108810852825,1.0
107,0,10,0.0,-25.583771794078196,200,0.0,0,0.0,15.000000000000004,984.7479999999971,58.157999999999994,16.93228790536121,1.0
107,1,10,0.0,-25.82255948686115,200,0.0,0,0.0,15.000000000000002,1057.9119999999969,48.32999999999999,21.889344092695985,1.0
107,2,10,0.0,-25.554006304316246,200,0.0,0,0.0,14.950000000000003,502.0049999999972,62.020999999999994,8.094113284210144,1.0
107,3,10,0.0,-25.751657385141176,200,0.0,0,0.0,15.150000000000004,864.9150000000021,47.406000000000006,18.244842425009534,1.0
107,4,10,0.0,-25.494010637296423,200,0.0,0,0.0,14.950000000000003,1002.4570000000034,53.114999999999995,18.873331450626065,1.0
107,5,10,0.0,-30.404315196998144,200,0.0,0,0.0,25.0,594.6000000000005,23.985,24.790494058786763,1.0
107,6,10,0.0,-25.589123201269057,200,0.0,0,0.0,14.950000000000003,371.42799999999926,26.476999999999997,14.028326472032303,1.0
107,7,10,0.0,-24.567710984293438,200,0.0,0,0.0,13.350000000000012,371.3000000000001,38.900999999999996,9.54474178041696,1.0
107,8,10,1.0,10.487374512046054,4,0.8474287432753033,0,0.0,0.25,29.927,25.361,1.1800402192342572,1.0
107,9,10,1.0,10.875,1,1.0,0,0.0,0.05,4.082,4.082,1.0,1.0
108,0,10,0.0,-28.091796169136163,200,0.0,0,0.0,20.00000000000003,1044.5460000000003,49.80599999999999,20.972292494880143,1.0
108,1,10,0.0,-30.377734558490303,200,0.0,0,0.0,24.900000000000002,999.2240000000055,48.538,20.586427129259665,1.0
108,2,10,1.0,10.754961550292219,2,1.0,0,0.0,0.1,9.753,9.753,1.0,1.0
108,3,10,1.0,10.7361967833491,2,0.5160502868302209,0,0.0,0.15000000000000002,8.193,4.228,1.9377956480605487,1.0
108,4,10,0.0,-24.73305135047513,200,0.0,0,0.0,13.300000000000013,1240.1710000000012,40.097,30.929271516572342,1.0
108,5,10,1.0,9.373175255559069,12,0.8181230331508385,0,0.0,0.9500000000000003,46.394000000000005,37.956,1.222310043207925,1.0
108,6,10,1.0,9.978392258838825,7,1.0,0,0.0,0.7000000000000001,39.994,39.994,1.0,1.0
108,7,10,1.0,10.243870563347176,6,0.774430387427566,0,0.0,0.35000000000000003,32.961,25.526,1.291271644597665,1.0
108,8,10,0.0,-28.101173096735423,200,0.0,0,0.0,19.80000000000003,341.1209999999985,65.03300000000002,5.24535235957127,1.0
108,9,10,1.0,10.85,1,1.0,0,0.0,0.1,2.159,2.159,1.0,1.0
109,0,10,0.0,-25.336668964098447,200,0.0,0,0.0,14.950000000000003,919.9230000000015,48.605,18.926509618352053,1.0
109,1,10,1.0,10.059517614413256,7,0.7289410040307805,0,0.0,0.55,68.225,49.732,1.3718531327917638,1.0
109,2,10,1.0,10.875,1,1.0,0,0.0,0.05,6.727,6.727,1.0,1.0
109,3,10,1.0,10.022018255828296,7,0.9412078853878841,0,0.0,0.6000000000000001,43.06700000000001,40.53500000000001,1.062464536820032,1.0
109,4,10,0.0,-24.706722717526272,200,0.0,0,0.0,12.500000000000014,643.488,53.166,12.103374336982284,1.0
109,5,10,0.0,-22.165854308390028,200,0.0,0,0.0,10.050000000000008,1339.1880000000046,35.28,37.9588435374151,1.0
109,6,10,0.0,-25.70494529990741,200,0.0,0,0.0,15.000000000000004,1224.453000000005,29.159,41.992283685997634,1.0
109,7,10,1.0,10.583566782810685,3,0.7499999999999999,0,0.0,0.25,11.48,8.61,1.3333333333333335,1.0
109,8,10,1.0,9.73418463454503,9,0.9317184610363709,0,0.0,0.8,55.154,51.388000000000005,1.0732855919669961,1.0
109,9,10,1.0,9.52183360059208,11,0.6810411212074541,0,0.0,0.8500000000000001,71.423,48.641999999999996,1.468340117593849,1.0
110,0,10,0.0,-25.61362959868109,200,0.0,0,0.0,14.950000000000003,860.8899999999957,44.278999999999996,19.442399331511456,1.0
110,1,10,1.0,9.847984747179272,9,0.8393362123769645,0,0.0,0.6000000000000001,45.617000000000004,38.288,1.1914176765566238,1.0
110,2,10,0.0,-25.87993994492974,200,0.0,0,0.0,14.850000000000003,925.9679999999979,42.128,21.979870869730295,1.0
110,3,10,0.0,-13.022316025219698,16,0.0,10,1.0,0.39999999999999997,30.842,41.07900000000001,0.7507972443340878,1.0
110,4,10,0.0,-25.821492223724867,200,0.0,0,0.0,14.950000000000003,1005.9119999999969,41.408,24.29269706336932,1.0
110,5,10,1.0,9.926550175378562,8,0.898808150711265,0,0.0,0.6000000000000001,52.019999999999996,46.756,1.1125844811361107,1.0
110,6,10,1.0,9.976409602332255,7,0.805141935010636,0,0.0,0.7000000000000001,27.266000000000002,21.953000000000003,1.2420170363959366,1.0
110,7,10,0.0,-13.673577588874902,16,0.0,10,1.0,0.55,20.683,48.46699999999999,0.42674397012400195,1.0
110,8,10,0.0,-23.086439854886127,200,0.0,0,0.0,10.000000000000007,1124.8000000000034,35.007,32.1307167138002,1.0
110,9,10,1.0,10.20362583469902,6,0.8625833403662757,0,0.0,0.45,47.396,40.883,1.1593082699410513,1.0
111,0,10,1.0,10.875,1,1.0,0,0.0,0.05,2.85,2.85,1.0,1.0
111,1,10,1.0,10.03143433467809,7,0.8991246477606569,0,0.0,0.6,33.358000000000004,29.993,1.112192844997166,1.0
111,2,10,0.0,-25.535792529082126,200,0.0,0,0.0,15.000000000000004,403.5079999999989,44.787000000000006,9.009489360751978,1.0
111,3,10,0.0,-23.330135591664433,200,0.0,0,0.0,10.050000000000008,785.1890000000025,54.46500000000001,14.416395850546264,1.0
111,4,10,1.0,10.875,1,1.0,0,0.0,0.05,3.106,3.106,1.0,1.0
111,5,10,1.0,10.342167333961376,5,0.7586884660055391,0,0.0,0.35,22.386,16.983999999999998,1.3180640602920397,1.0
111,6,10,0.0,-25.479022623583074,200,0.0,0,0.0,15.000000000000004,501.19999999999726,42.522,11.78683975353928,1.0
111,7,10,0.0,-13.021934011906446,11,0.0,10,1.0,0.05,2.573,63.663,0.04041594018503684,1.0
111,8,10,0.0,-23.13554066576375,200,0.0,0,0.0,10.000000000000007,881.7910000000019,28.058,31.427436025376075,1.0
111,9,10,0.0,-13.005356868952237,11,0.0,10,1.0,0.05,2.295,61.282999999999994,0.03744921103731867,1.0
112,0,10,0.0,-23.11851296609355,200,0.0,0,0.0,10.000000000000007,1486.2000000000048,62.702000000000005,23.70259321871718,1.0
112,1,10,0.0,-24.87814935131902,200,0.0,0,0.0,13.350000000000012,718.5789999999988,48.483000000000004,14.821256935420637,1.0
112,2,10,1.0,10.610418013207813,3,1.0,0,0.0,0.2,14.234,14.234,1.0,1.0
112,3,10,0.0,-25.470692736890467,200,0.0,0,0.0,15.000000000000004,744.8069999999968,41.401,17.990072703557807,1.0
112,4,10,0.0,-25.32986937498413,200,0.0,0,0.0,14.950000000000003,1110.4179999999988,39.31099999999999,28.247004655185545,1.0
112,5,10,0.0,-22.872711859085086,200,0.0,0,0.0,10.000000000000007,824.1999999999977,31.849,25.878363527897193,1.0
112,6,10,1.0,9.637717243039397,10,0.9122717124766679,0,0.0,0.8,54.64600000000001,49.852000000000004,1.0961646473561744,1.0
112,7,10,1.0,10.755180483328235,2,0.7646783625730994,0,0.0,0.1,8.55,6.538,1.307739369837871,1.0
112,8,10,0.0,-25.85318425855382,200,0.0,0,0.0,14.900000000000002,800.4769999999985,56.437,14.183549798890773,1.0
112,9,10,0.0,-25.7473675684433,200,0.0,0,0.0,15.000000000000004,953.3479999999985,24.691999999999997,38.609590150656025,1.0
113,0,10,1.0,10.342432933941257,5,0.9803534303534304,0,0.0,0.35000000000000003,19.240000000000002,18.862000000000002,1.0200402926518928,1.0
113,1,10,0.0,-25.42658238393766,200,0.0,0,0.0,15.000000000000002,1143.596000000004,48.013,23.81846583217054,1.0
113,2,10,0.0,-22.902316157806876,200,0.0,0,0.0,10.000000000000007,992.2139999999988,55.156,17.98923054608744,1.0
113,3,10,0.0,-25.48187153130621,200,0.0,0,0.0,15.050000000000002,978.240000000003,51.172,19.11670444774492,1.0
113,4,10,0.0,-23.469588074242644,200,0.0,0,0.0,10.050000000000008,635.861000000002,56.248000000000005,11.304597496799921,1.0
113,5,10,1.0,10.174579367450596,6,0.5925392008093071,0,0.0,0.5,39.54,23.429000000000002,1.6876520551453325,1.0
113,6,10,1.0,10.373476272773098,5,0.9281823346589579,0,0.0,0.3,29.923,27.773999999999997,1.0773745229351193,1.0
113,7,10,1.0,10.611057011670175,3,0.8790783720148,0,0.0,0.2,23.784,20.908,1.1375550028697148,1.0
113,8,10,0.0,-26.10150272559133,200,0.0,0,0.0,15.000000000000002,1009.749999999996,41.092000000000006,24.57290956877241,1.0
113,9,10,1.0,9.78807272214784,9,0.7798966805891404,0,0.0,0.7,54.588,42.573,1.2822211260658163,1.0
114,0,10,0.0,-13.324535945189615,17,0.0,10,1.0,0.6,38.962999999999994,51.815000000000005,0.7519637170703463,1.0
114,1,10,0.0,-13.288703176861073,16,0.0,10,1.0,0.4,35.569,37.961999999999996,0.9369632790685424,1.0
114,2,10,1.0,10.200039383759991,6,0.9269340205078649,0,0.0,0.44999999999999996,37.254,34.532,1.0788254372755706,1.0
114,3,10,0.0,-23.115178694904905,200,0.0,0,0.0,10.000000000000007,883.8180000000019,50.617,17.46089258549503,1.0
114,4,10,1.0,10.497012029720485,4,0.5027571894455974,0,0.0,0.25,16.865,8.479,1.9890317254393206,1.0
114,5,10,0.0,-13.046012779131809,16,0.0,10,1.0,0.3,34.063,45.54299999999999,0.7479305271940805,1.0
114,6,10,0.0,-23.156819081485477,200,0.0,0,0.0,10.15000000000001,1116.3950000000034,59.618,18.72580428729584,1.0
114,7,10,1.0,10.461598495533616,4,0.7134232239887301,0,0.0,0.3,29.814,21.27,1.4016925246826517,1.0
114,8,10,0.0,-13.642995976598185,17,0.0,10,1.0,0.39999999999999997,27.514000000000003,51.44900000000001,0.5347820171431903,1.0
114,9,10,1.0,9.591446919879477,10,0.888882372490372,0,0.0,0.9000000000000001,51.153000000000006,45.46900000000001,1.125008247377334,1.0
115,0,10,1.0,10.8,1,1.0,0,0.0,0.2,2.301,2.301,1.0,1.0
115,1,10,0.0,-22.89542822573681,200,0.0,0,0.0,10.000000000000007,1056.6000000000013,34.713,30.438164376458424,1.0
115,2,10,0.0,-22.96137024377424,200,0.0,0,0.0,10.050000000000008,1339.1770000000001,53.24600000000001,25.1507531082147,1.0
115,3,10,0.0,-23.456079107202722,200,0.0,0,0.0,10.200000000000012,854.0469999999963,53.674,15.911744978946906,1.0
115,4,10,1.0,10.395987987890232,5,0.5845337088272792,0,0.0,0.25,52.553,30.719,1.71076532439207,1.0
115,5,10,1.0,9.959452856829856,8,0.9000021910124667,0,0.0,0.5500000000000002,45.641000000000005,41.077,1.1111084061640335,1.0
115,6,10,1.0,9.377477944939105,12,0.9500058336250147,0,0.0,0.9500000000000001,51.426,48.855000000000004,1.0526251151366288,1.0
115,7,10,1.0,10.147886633606273,6,0.41850475409044835,0,0.0,0.6000000000000001,41.438,17.342,2.3894591165955488,1.0
115,8,10,0.0,-23.20893045814054,200,0.0,0,0.0,10.050000000000008,513.4610000000023,33.505,15.324906730338823,1.0
115,9,10,1.0,10.58550678868056,3,0.9239075495106374,0,0.0,0.25,21.763,20.107000000000003,1.0823593773312776,1.0
116,0,10,0.0,-23.35676114923433,200,0.0,0,0.0,10.050000000000008,872.8289999999961,68.63700000000001,12.716596005070093,1.0
116,1,10,0.0,-23.283383646654976,200,0.0,0,0.0,10.000000000000007,1027.4579999999944,43.990999999999985,23.356095565001812,1.0
116,2,10,1.0,9.93631195151209,8,0.9891338287641291,0,0.0,0.6000000000000001,32.026,31.678000000000004,1.0109855420165414,1.0
116,3,10,1.0,10.515369108298493,4,0.7556911624686228,0,0.0,0.2,23.106,17.461,1.3232919076799727,1.0
116,4,10,0.0,-13.355610709457471,15,0.0,10,1.0,0.25,36.209,51.038999999999994,0.7094378808362234,1.0
116,5,10,0.0,-25.42300843590715,200,0.0,0,0.0,15.000000000000002,691.7999999999977,44.927,15.398312818572299,1.0
116,6,10,1.0,10.606615957446808,3,0.9955517898750265,0,0.0,0.2,18.884,18.8,1.004468085106383,1.0
116,7,10,0.0,-25.586451858429584,200,0.0,0,0.0,15.000000000000002,738.1539999999969,47.297999999999995,15.60645270413119,1.0
116,8,10,0.0,-25.619304647509008,200,0.0,0,0.0,15.000000000000004,941.5999999999987,39.462,23.860929501799163,1.0
116,9,10,0.0,-13.08845843023256,15,0.0,10,1.0,0.5000000000000001,21.282,34.4,0.6186627906976745,1.0
117,0,10,1.0,10.63035924497666,2,1.0,0,0.0,0.35,9.854,9.854,1.0,1.0
117,1,10,0.0,-22.988032506415777,200,0.0,0,0.0,10.000000000000007,1349.6279999999952,51.436,26.23897659226991,1.0
117,2,10,1.0,10.586209758833427,3,0.8777630089105497,0,0.0,0.25,20.313000000000002,17.83,1.1392596747055528,1.0
117,3,10,0.0,-25.60878505612324,200,0.0,0,0.0,14.900000000000002,817.8530000000026,29.845,27.40335064499925,1.0
117,4,10,1.0,9.981391751504173,8,0.8110805288664494,0,0.0,0.49999999999999994,59.221,48.033,1.2329231986342721,1.0
117,5,10,0.0,-23.033142960637512,200,0.0,0,0.0,10.050000000000008,1339.8800000000042,41.410000000000004,32.35643564356445,1.0
117,6,10,0.0,-22.96971252566739,200,0.0,0,0.0,10.000000000000007,271.4000000000002,44.804,6.057494866529779,1.0
117,7,10,0.0,-25.592866031905054,200,0.0,0,0.0,14.950000000000003,2374.1869999999963,71.83800000000001,33.04918009966865,1.0
117,8,10,0.0,-22.9902054175368,200,0.0,0,0.0,10.000000000000007,849.6919999999984,64.162,13.242916367943616,1.0
117,9,10,0.0,-25.839635827446692,200,0.0,0,0.0,15.000000000000004,1684.6780000000006,43.742999999999995,38.513087808335065,1.0
118,0,10,0.0,-12.812245360472078,13,0.0,10,1.0,0.25,15.338999999999999,23.386000000000003,0.6559052424527494,1.0
118,1,10,0.0,-13.802190547286896,21,0.0,10,1.0,0.75,61.044999999999995,42.866,1.4240890216022022,1.0
118,2,10,0.0,-25.967339783090875,200,0.0,0,0.0,15.000000000000004,2996.5159999999923,64.912,46.16274340645785,1.0
118,3,10,0.0,-23.022369863686194,200,0.0,0,0.0,10.000000000000007,502.5999999999981,61.108999999999995,8.224647760558971,1.0
118,4,10,0.0,-13.039682383759002,13,0.0,10,1.0,0.15000000000000002,10.375,33.594,0.3088349109960112,1.0
118,5,10,0.0,-14.088123646960865,21,0.0,10,1.0,0.8000000000000002,54.632,48.04,1.1372189841798501,1.0
118,6,10,0.0,-30.527880536229357,200,0.0,0,0.0,25.0,2028.3799999999912,58.93,34.420159511284425,1.0
118,7,10,1.0,9.973207097174392,8,0.8518768221574343,0,0.0,0.55,54.879999999999995,46.75099999999999,1.1738786336121154,1.0
118,8,10,1.0,9.736154072931784,9,0.8654080150724183,0,0.0,0.8,50.954,44.096000000000004,1.1555243105950652,1.0
118,9,10,1.0,9.38133855601921,12,0.9116946135293442,0,0.0,0.95,69.656,63.50500000000001,1.096858515077553,1.0
119,0,10,0.0,-12.98536989408634,11,0.0,10,1.0,0.05,4.737,55.989,0.08460590473128651,1.0
119,1,10,0.0,-13.02595491143317,11,0.0,10,1.0,0.1,3.082,52.78500000000001,0.058387799564270135,1.0
119,2,10,1.0,9.786396391869143,9,1.0,0,0.0,0.7000000000000002,39.79900000000001,39.79900000000001,1.0,1.0
119,3,10,1.0,10.083811887037692,7,0.8417545255619654,0,0.0,0.5,40.215999999999994,33.852,1.1879948008980266,1.0
119,4,10,1.0,10.85,1,1.0,0,0.0,0.1,1.868,1.868,1.0,1.0
119,5,10,1.0,9.724165166593078,9,0.6394119052272678,0,0.0,0.85,46.047,29.442999999999998,1.5639370988010732,1.0
119,6,10,0.0,-30.50133713831391,200,0.0,0,0.0,24.8,1471.1809999999928,70.434,20.887369736206843,1.0
119,7,10,1.0,9.949666926590176,8,0.7408905211901128,0,0.0,0.6000000000000001,48.465999999999994,35.908,1.349727080316364,1.0
119,8,10,0.0,-25.470692736890467,200,0.0,0,0.0,15.000000000000004,744.8069999999968,41.401,17.990072703557807,1.0
119,9,10,0.0,-13.28238413979868,11,0.0,10,1.0,0.1,7.385,19.570999999999998,0.37734402943130146,1.0
120,0,10,1.0,10.224641235521236,6,0.7354277406751168,0,0.0,0.39999999999999997,44.022000000000006,32.375,1.359752895752896,1.0
120,1,10,1.0,10.319712147030186,5,1.0,0,0.0,0.39999999999999997,32.864,32.864,1.0,1.0
120,2,10,1.0,9.72407322001142,10,0.7263359387462115,0,0.0,0.65,62.69,45.534,1.376773400096631,1.0
120,3,10,0.0,-23.317916448858625,200,0.0,0,0.0,10.050000000000008,679.3879999999994,22.956,29.595225649067753,1.0
120,4,10,0.0,-13.410624597553122,17,0.0,10,1.0,0.55,41.57,31.060000000000002,1.3383773341918865,1.0
120,5,10,0.0,-13.720637178375254,17,0.0,10,1.0,0.6,36.781,69.17999999999999,0.5316710031801098,1.0
120,6,10,0.0,-32.981511226547354,200,0.0,0,0.0,30.000000000000007,841.9609999999977,29.261,28.77417039745729,1.0
120,7,10,0.0,-25.65732872902559,200,0.0,0,0.0,15.000000000000002,940.6909999999987,21.573999999999998,43.602994345044905,1.0
120,8,10,0.0,-26.011615641178853,200,0.0,0,0.0,14.950000000000003,2040.9859999999937,40.176,50.80112504978081,1.0
120,9,10,1.0,9.816639484226886,9,0.7774619600367634,0,0.0,0.65,58.754000000000005,45.679,1.28623656384772,1.0
121,0,10,0.0,-13.127863136668186,16,0.0,10,1.0,0.6,30.697000000000003,30.746000000000002,0.9984062967540493,1.0
121,1,10,0.0,-22.987719767852166,200,0.0,0,0.0,10.000000000000007,1455.0009999999947,82.18900000000001,17.703111121926227,1.0
121,2,10,1.0,10.084233042552787,7,0.9632579086115994,0,0.0,0.5000000000000001,54.623999999999995,52.617000000000004,1.0381435657677174,1.0
121,3,10,1.0,10.141545280612245,6,0.7958380916127396,0,0.0,0.5500000000000002,39.404999999999994,31.359999999999996,1.2565369897959184,1.0
121,4,10,0.0,-13.033235057625301,12,0.0,10,1.0,0.2,11.157,22.386000000000003,0.49839185205038855,1.0
121,5,10,0.0,-12.860171855783545,12,0.0,10,1.0,0.1,9.42,30.898000000000003,0.304874101883617,1.0
121,6,10,1.0,10.34106977586415,5,0.8771973173314509,0,0.0,0.35000000000000003,28.33,24.851000000000003,1.139994366423886,1.0
121,7,10,1.0,10.610050433913399,3,0.9042688688935453,0,0.0,0.2,24.339000000000002,22.009,1.1058657821800173,1.0
121,8,10,1.0,10.369738647500816,5,0.7372350674373797,0,0.0,0.3,29.064,21.427000000000003,1.356419470761189,1.0
121,9,10,0.0,-25.419160231660236,200,0.0,0,0.0,15.000000000000004,736.9999999999969,45.584,16.1679536679536,1.0
122,0,10,1.0,9.879187257716096,9,0.7814133099014937,0,0.0,0.5499999999999999,43.246,33.793,1.2797324889770072,1.0
122,1,10,0.0,-23.041634960321765,200,0.0,0,0.0,10.000000000000007,505.2000000000014,55.19400000000001,9.153168822698143,1.0
122,2,10,0.0,-38.13675650932974,200,0.0,0,0.0,40.00000000000003,1390.8200000000038,74.27799999999999,18.72452139260621,1.0
122,3,10,0.0,-13.110599584550929,14,0.0,10,1.0,0.30000000000000004,15.222999999999999,28.403000000000002,0.5359645107911135,1.0
122,4,10,1.0,9.300286437727488,12,0.8142123149773706,0,0.0,1.1,62.087,50.55200000000001,1.2281808830511156,1.0
122,5,10,1.0,9.93198315515322,8,0.7446548946619328,0,0.0,0.6000000000000001,63.937000000000005,47.611000000000004,1.3429039507676797,1.0
122,6,10,0.0,-12.845314057415871,14,0.0,10,1.0,0.3,15.675999999999998,24.279,0.6456608591787141,1.0
122,7,10,1.0,10.466048632218845,4,0.6185021641236393,0,0.0,0.3,22.872999999999998,14.147,1.6168092175019437,1.0
122,8,10,1.0,10.504192406960286,4,0.5779798854723064,0,0.0,0.25,20.781,12.011,1.730164016318375,1.0
122,9,10,0.0,-25.80219223860639,200,0.0,0,0.0,14.950000000000003,1007.3569999999968,47.878,21.040081039308173,1.0
123,0,10,1.0,10.006627450980393,7,0.872348744013293,0,0.0,0.65,40.924,35.7,1.146330532212885,1.0
123,1,10,0.0,-20.813804194004888,21,0.0,17,1.0,0.30000000000000004,21.632,54.410999999999994,0.39756666850453043,1.0
123,2,10,0.0,-12.9,10,0.0,10,1.0,0.0,0.0,14.448,0.0,1.0
123,3,10,1.0,9.583182573188456,10,0.8875034550535917,0,0.0,0.9000000000000001,65.122,57.796,1.1267561768980552,1.0
123,4,10,0.0,-13.749749666535159,21,0.0,10,1.0,0.6500000000000001,66.968,53.229,1.258111179995867,1.0
123,5,10,0.0,-25.707750346640648,200,0.0,0,0.0,15.000000000000002,1125.5360000000005,55.532999999999994,20.267876757963744,1.0
123,6,10,1.0,10.027220933690156,7,0.7995720399429387,0,0.0,0.6,42.06,33.63,1.2506690454950937,1.0
123,7,10,0.0,-22.965177509767326,200,0.0,0,0.0,10.000000000000007,1253.400000000006,70.644,17.742483438083998,1.0
123,8,10,1.0,9.254853996461726,12,0.6477518541409149,0,0.0,1.2,77.66399999999999,50.307,1.543801061482497,1.0
123,9,10,0.0,-12.900703902406448,10,0.0,10,1.0,0.0,0.0,44.921,0.0,1.0
124,0,10,1.0,10.46623388042204,4,0.9904619722982501,0,0.0,0.30000000000000004,24.113999999999997,23.884,1.0096298777424215,1.0
124,1,10,0.0,-22.890570716510847,200,0.0,0,0.0,10.000000000000007,1122.7010000000034,32.1,34.975109034268016,1.0
124,2,10,0.0,-23.11580629238565,200,0.0,0,0.0,10.050000000000008,419.98400000000015,46.596,9.013305863164224,1.0
124,3,10,1.0,10.319614464656638,5,0.809013367281986,0,0.0,0.4,39.275,31.774,1.2360735192295587,1.0
124,4,10,1.0,10.618279384035198,3,0.4979655712050078,0,0.0,0.2,12.780000000000001,6.364,2.008170961659334,1.0
124,5,10,1.0,10.168860266758259,5,0.7245240761478163,0,0.0,0.7,24.111,17.469,1.3802163833075733,1.0
124,6,10,1.0,10.730132643654615,2,1.0,0,0.0,0.15000000000000002,19.526,19.526,1.0,1.0
124,7,10,0.0,-23.051360781577117,200,0.0,0,0.0,10.000000000000007,806.6500000000015,57.32000000000001,14.072749476622494,1.0
124,8,10,1.0,10.082700800857822,7,0.889375651914767,0,0.0,0.49999999999999994,33.55499999999999,29.843,1.124384277720068,1.0
124,9,10,0.0,-25.689453257983228,200,0.0,0,0.0,15.000000000000004,786.3060000000017,29.374000000000002,26.76877510723775,1.0
125,0,10,0.0,-22.86412783224537,200,0.0,0,0.0,10.000000000000007,1088.4000000000012,39.677,27.431509438717676,1.0
125,1,10,1.0,10.205775487196005,6,0.6781715908470319,0,0.0,0.45,36.622,24.836000000000002,1.4745530681269123,1.0
125,2,10,0.0,-25.378646905907893,200,0.0,0,0.0,14.950000000000003,689.3789999999996,49.239,14.000670200450854,1.0
125,3,10,0.0,-12.873792431970655,13,0.0,10,1.0,0.15000000000000002,16.785,39.79900000000001,0.4217442649312796,1.0
125,4,10,0.0,-25.932834801950538,200,0.0,0,0.0,14.900000000000002,696.9970000000013,58.445,11.925690820429486,1.0
125,5,10,0.0,-12.844496357118079,13,0.0,10,1.0,0.30000000000000004,12.171000000000001,17.294,0.7037700936741067,1.0
125,6,10,1.0,10.200231297675872,6,0.7012324824824825,0,0.0,0.44999999999999996,31.968000000000004,22.417,1.4260605790248473,1.0
125,7,10,0.0,-30.721004546303718,200,0.0,0,0.0,24.900000000000002,638.2000000000022,48.171,13.248635070893322,1.0
125,8,10,1.0,10.34218306182122,5,1.0,0,0.0,0.35,38.304,38.304,1.0,1.0
125,9,10,1.0,10.317322603629657,5,0.8032657183738744,0,0.0,0.4,59.404999999999994,47.718,1.2449180602707572,1.0
126,0,10,0.0,-25.60695472555084,200,0.0,0,0.0,15.000000000000004,863.3959999999956,41.392,20.859006571318023,1.0
126,1,10,1.0,8.624756843101679,18,0.5348832303115967,0,0.0,1.3500000000000003,94.80200000000002,50.708,1.8695669322394892,1.0
126,2,10,1.0,10.290316190944882,5,0.9834240774349666,0,0.0,0.45000000000000007,16.53,16.256,1.01685531496063,1.0
126,3,10,1.0,9.46543562281723,10,0.9531523934222498,0,0.0,1.1500000000000001,45.061,42.949999999999996,1.0491501746216532,1.0
126,4,10,0.0,-25.537778631821663,200,0.0,0,0.0,15.000000000000004,906.9069999999979,52.03999999999999,17.427113758647156,1.0
126,5,10,1.0,10.159775764603566,7,0.8736671478864322,0,0.0,0.35,39.483,34.495,1.144600666763299,1.0
126,6,10,0.0,-22.999253285543567,200,0.0,0,0.0,10.000000000000007,358.38999999999925,40.175999999999995,8.920499800876128,1.0
126,7,10,1.0,9.78049529627825,9,0.9132168466448752,0,0.0,0.7,58.43300000000001,53.362,1.0950301712829356,1.0
126,8,10,0.0,-23.66772997032647,200,0.0,0,0.0,10.050000000000008,968.1070000000051,22.916,42.24589806248931,1.0
126,9,10,1.0,9.75538866244616,9,0.68660063910446,0,0.0,0.8,50.382999999999996,34.593,1.4564507270256986,1.0
127,0,10,1.0,9.37798138025282,12,0.7831438127090302,0,0.0,0.9500000000000001,74.74999999999999,58.54,1.2769046805603004,1.0
127,1,10,0.0,-12.989606241346253,12,0.0,10,1.0,0.15000000000000002,9.52,46.945,0.20279049952071573,1.0
127,2,10,1.0,9.612359679815942,11,0.6153278966539353,0,0.0,0.7500000000000001,67.81099999999999,41.726,1.6251497867037337,1.0
127,3,10,0.0,-25.73055244083491,200,0.0,0,0.0,15.000000000000002,1117.6860000000006,57.254999999999995,19.521194655488614,1.0
127,4,10,1.0,10.24750141880388,5,0.9582545642884891,0,0.0,0.55,38.615,37.00300000000001,1.0435640353484852,1.0
127,5,10,0.0,-23.098202333142098,200,0.0,0,0.0,10.000000000000007,1150.9029999999966,31.374000000000002,36.683336520685806,1.0
127,6,10,0.0,-12.901145392030452,12,0.0,10,1.0,0.15000000000000002,8.245,16.287,0.5062319641431816,1.0
127,7,10,0.0,-22.91900740996043,200,0.0,0,0.0,10.000000000000007,729.400000000002,40.621,17.956229536446713,1.0
127,8,10,1.0,9.773510133865326,9,0.7830250616920605,0,0.0,0.75,44.171,34.587,1.2770983317431404,1.0
127,9,10,1.0,10.0061982354563,7,0.6132075471698113,0,0.0,0.6500000000000001,59.148,36.27,1.6307692307692307,1.0
128,0,10,0.0,-23.08819209865,200,0.0,0,0.0,10.100000000000009,825.461000000001,34.222,24.12077026474201,1.0
128,1,10,0.0,-13.047656775863786,14,0.0,10,1.0,0.25,21.051,50.215,0.4192173653290849,1.0
128,2,10,0.0,-23.086844179919957,200,0.0,0,0.0,10.000000000000007,1179.2999999999984,51.245000000000005,23.012976875792727,1.0
128,3,10,0.0,-22.991738881208448,200,0.0,0,0.0,10.000000000000007,233.49099999999953,59.31399999999999,3.9365242607141577,1.0
128,4,10,0.0,-23.326873857044486,200,0.0,0,0.0,10.10000000000001,1050.555999999997,50.855000000000004,20.65787041588825,1.0
128,5,10,0.0,-23.298390120122,200,0.0,0,0.0,10.200000000000012,648.8419999999991,48.867000000000004,13.277712976036979,1.0
128,6,10,0.0,-13.357688462785102,14,0.0,10,1.0,0.2,47.944,58.619,0.8178918098227538,1.0
128,7,10,1.0,10.45855217015075,4,0.681979127841968,0,0.0,0.3,32.196,21.957,1.466320535592294,1.0
128,8,10,1.0,10.027773685712063,7,0.7130150159035431,0,0.0,0.6,54.076,38.556999999999995,1.402495007391654,1.0
128,9,10,1.0,10.09882078959042,6,0.9907125278331185,0,0.0,0.65,34.132,33.815,1.0093745379269554,1.0
129,0,10,0.0,-25.50791006682636,200,0.0,0,0.0,14.900000000000002,526.7169999999993,51.327000000000005,10.261986868509737,1.0
129,1,10,0.0,-22.98819664843336,200,0.0,0,0.0,10.000000000000007,829.8019999999971,51.737,16.038850339215593,1.0
129,2,10,1.0,0.37146313096068617,15,0.7131127146056233,9,0.0,0.5500000000000002,24.114,17.196,1.4023028611304953,1.0
129,3,10,0.0,-12.9,10,0.0,10,1.0,0.0,0.0,25.675,0.0,1.0
129,4,10,0.0,-22.94152950397492,200,0.0,0,0.0,10.000000000000007,1185.6039999999998,44.655,26.550307916246776,1.0
129,5,10,0.0,-25.432931476477517,200,0.0,0,0.0,14.950000000000003,1052.011999999995,28.866000000000003,36.44467539666025,1.0
129,6,10,1.0,10.610418013207813,3,1.0,0,0.0,0.2,14.234,14.234,1.0,1.0
129,7,10,1.0,10.466797701844571,4,0.8416899974548231,0,0.0,0.3,31.432,26.456,1.1880858784396733,1.0
129,8,10,0.0,-25.638863731244363,200,0.0,0,0.0,15.000000000000004,1022.3130000000025,40.721000000000004,25.105301932663796,1.0
129,9,10,0.0,-23.833649034240526,200,0.0,1,0.0,9.950000000000006,545.6940000000014,45.56,11.977480245829707,1.0
130,0,10,0.0,-28.211841853863557,200,0.0,0,0.0,19.90000000000003,1029.4520000000034,36.637,28.098698037503162,1.0
130,1,10,0.0,-13.158897287783745,15,0.0,10,1.0,0.35,22.218,44.318000000000005,0.5013312875129744,1.0
130,2,10,0.0,-22.93000395512153,200,0.0,0,0.0,10.050000000000008,700.4829999999985,61.94499999999999,11.308144321575568,1.0
130,3,10,1.0,10.049047473995353,7,0.7970756447609799,0,0.0,0.5499999999999999,55.602,44.319,1.254586069180261,1.0
130,4,10,0.0,-30.568642195566373,200,0.0,0,0.0,24.849999999999998,1218.391,26.343999999999998,46.24927877315518,1.0
130,5,10,0.0,-13.310421394664026,15,0.0,10,1.0,0.3,31.196,39.393,0.7919173457213211,1.0
130,6,10,0.0,-25.551589369463255,200,0.0,0,0.0,15.000000000000002,442.08900000000165,49.894,8.860564396520656,1.0
130,7,10,1.0,10.200231294877613,6,0.7912266621610204,0,0.0,0.44999999999999996,47.348,37.462999999999994,1.2638603422043084,1.0
130,8,10,0.0,-22.928900731266904,200,0.0,0,0.0,10.000000000000007,649.5299999999984,33.777,19.229949373834216,1.0
130,9,10,1.0,10.224195289904971,6,0.9396190278999949,0,0.0,0.39999999999999997,38.638,36.305,1.0642611210577055,1.0
131,0,10,1.0,9.364148995081273,12,0.6112355523698593,0,0.0,1.0,100.44900000000001,61.398,1.636030489592495,1.0
131,1,10,1.0,9.511642633228842,11,0.828356271098416,0,0.0,0.9000000000000001,65.467,54.230000000000004,1.2072100313479623,1.0
131,2,10,0.0,-25.549704915354578,200,0.0,0,0.0,15.000000000000002,470.73899999999986,48.969,9.613000061263245,1.0
131,3,10,0.0,-13.0156320365138,14,0.0,10,1.0,0.25,17.238999999999997,23.005,0.7493588350358616,1.0
131,4,10,1.0,10.276360942649054,6,0.6231944084908102,0,0.0,0.3,57.94500000000001,36.111000000000004,1.6046357065714048,1.0
131,5,10,0.0,-23.069304900553668,200,0.0,0,0.0,10.000000000000007,907.7999999999979,43.893,20.68211332103064,1.0
131,6,10,1.0,8.835713710101258,16,0.6600830278571181,0,0.0,1.3000000000000005,86.47699999999999,57.082,1.5149609333940646,1.0
131,7,10,1.0,10.245729814857494,5,0.9648654658661329,0,0.0,0.55,26.982000000000003,26.034,1.0364139202581242,1.0
131,8,10,0.0,-25.688178575153866,200,0.0,0,0.0,15.000000000000002,744.9619999999968,47.934999999999995,15.541086888494771,1.0
131,9,10,0.0,-13.392016917584977,14,0.0,10,1.0,0.25,17.426000000000002,32.214999999999996,0.5409281390656527,1.0
132,0,10,0.0,-23.077148420671726,200,0.0,0,0.0,10.000000000000007,895.3999999999967,58.03099999999999,15.429684134341935,1.0
132,1,10,0.0,-26.86758095658411,200,0.0,0,0.0,16.700000000000053,673.9079999999992,54.381,12.39234291388535,1.0
132,2,10,1.0,10.609507000922278,3,0.7173703837363167,0,0.0,0.2,16.625999999999998,11.927,1.3939800452754254,1.0
132,3,10,0.0,-13.275153605015674,16,0.0,10,1.0,0.6000000000000001,28.072,52.635000000000005,0.5333333333333332,1.0
132,4,10,1.0,9.5883410271206,11,0.7328580921887271,0,0.0,0.7500000000000001,49.659,36.393,1.3645206495754678,1.0
132,5,10,0.0,-22.943043220840792,200,0.0,0,0.0,10.000000000000007,1659.0469999999978,59.11500000000001,28.064738222109405,1.0
132,6,10,0.0,-13.342720705277337,16,0.0,10,1.0,0.35,43.30200000000001,49.002,0.8836782172156239,1.0
132,7,10,0.0,-25.557731807032,200,0.0,0,0.0,15.000000000000004,2697.491999999992,42.80499999999999,63.01815208503662,1.0
132,8,10,1.0,10.05110049339307,7,0.9668009978890808,0,0.0,0.5500000000000002,36.477,35.266,1.034339023421993,1.0
132,9,10,0.0,-22.996062541545044,200,0.0,0,0.0,10.000000000000007,766.371,69.202,11.07440536400682,1.0
133,0,10,0.0,-28.33034600237543,200,0.0,0,0.0,19.90000000000003,620.3469999999995,31.994000000000003,19.38947927736449,1.0
133,1,10,1.0,9.527665920954512,11,0.5317695146874905,0,0.0,0.8500000000000001,65.566,34.866,1.88051396776229,1.0
133,2,10,1.0,10.442344249773237,4,1.0,0,0.0,0.35000000000000003,20.947,20.947,1.0,1.0
133,3,10,0.0,-22.95528398129206,200,0.0,0,0.0,10.000000000000007,681.9920000000001,68.42,9.96772873428822,1.0
133,4,10,0.0,-24.435454826222962,200,0.0,0,0.0,12.500000000000014,1151.1049999999982,48.568000000000005,23.700893592488843,1.0
133,5,10,1.0,10.615560648559896,3,0.7247260647528384,0,0.0,0.2,20.169,14.616999999999997,1.3798317028117948,1.0
133,6,10,0.0,-24.641058419427026,200,0.0,0,0.0,13.400000000000013,1211.4220000000005,37.556,32.25641708382151,1.0
133,7,10,1.0,9.965676091961479,8,0.7464901239349343,0,0.0,0.55,41.312,30.839000000000002,1.3396024514413565,1.0
133,8,10,1.0,10.704387128469662,2,1.0,0,0.0,0.2,8.142,8.142,1.0,1.0
133,9,10,1.0,10.30249582063133,5,0.7313196691837469,0,0.0,0.44999999999999996,27.81,20.338,1.3673910905693774,1.0
134,0,10,0.0,-25.39503128206825,200,0.0,0,0.0,15.000000000000004,877.9699999999985,30.209,29.063193088152488,1.0
134,1,10,0.0,-25.017470714646894,200,0.0,0,0.0,13.500000000000014,802.1900000000023,47.464000000000006,16.901019720209046,1.0
134,2,10,1.0,10.063094649836035,7,0.7954050094686819,0,0.0,0.5499999999999999,55.974,44.522,1.2572211490948295,1.0
134,3,10,0.0,-25.123981074822304,200,0.0,0,0.0,13.300000000000011,520.9149999999998,50.092000000000006,10.399165535414832,1.0
134,4,10,0.0,-23.028229672107045,200,0.0,0,0.0,10.000000000000007,909.1550000000019,34.005,26.735921188060633,1.0
134,5,10,1.0,10.366675030867887,5,1.0,0,0.0,0.3,25.107,25.107,1.0,1.0
134,6,10,0.0,-13.130727725926757,12,0.0,10,1.0,0.15000000000000002,10.384,26.679,0.3892199857565876,1.0
134,7,10,1.0,10.250472480663603,5,0.857994710266891,0,0.0,0.55,20.795,17.842,1.1655083510817175,1.0
134,8,10,0.0,-22.969601392994996,200,0.0,0,0.0,10.000000000000007,815.6020000000003,39.914,20.43398306358672,1.0
134,9,10,0.0,-13.233818996166605,12,0.0,10,1.0,0.15000000000000002,15.279,50.347,0.303473891195106,1.0
135,0,10,0.0,-12.9,10,0.0,10,1.0,0.0,0.0,36.137,0.0,1.0
135,1,10,1.0,10.112566572347767,7,0.622127372253973,0,0.0,0.45,41.468999999999994,25.799,1.6073878832512887,1.0
135,2,10,0.0,-23.36340433925042,200,0.0,0,0.0,10.000000000000007,1478.496999999996,38.025000000000006,38.88223537146603,1.0
135,3,10,0.0,-12.9,10,0.0,10,1.0,0.0,0.0,57.09100000000001,0.0,1.0
135,4,10,0.0,-28.202818301627353,200,0.0,0,0.0,19.900000000000013,1783.8969999999972,69.80799999999999,25.55433474673386,1.0
135,5,10,1.0,10.168060641427774,6,0.724973117805708,0,0.0,0.5,56.729,41.127,1.3793614900187223,1.0
135,6,10,1.0,9.912369035269709,8,0.9037247844647192,0,0.0,0.65,59.73500000000001,53.984,1.106531564908121,1.0
135,7,10,0.0,-13.700221708225202,17,0.0,10,1.0,0.55,57.648999999999994,44.315,1.300891346045357,1.0
135,8,10,1.0,10.131410838027817,6,0.762873659389975,0,0.0,0.6000000000000001,26.294,20.059,1.3108330425245525,1.0
135,9,10,0.0,-13.265971023338276,17,0.0,10,1.0,0.44999999999999996,28.536,34.407000000000004,0.8293661173598396,1.0
136,0,10,1.0,10.030243251181544,7,0.9380338134001255,0,0.0,0.6000000000000001,39.925,37.45100000000001,1.0660596512776692,1.0
136,1,10,0.0,-23.1331360234847,200,0.0,0,0.0,10.000000000000007,594.5729999999994,41.559,14.306720565942381,1.0
136,2,10,0.0,-25.643345157458818,200,0.0,0,0.0,14.950000000000003,1336.1460000000015,31.151,42.89255561619215,1.0
136,3,10,1.0,8.881297194018538,16,0.6994819797430885,0,0.0,1.2000000000000002,90.537,63.329,1.429629395695495,1.0
136,4,10,1.0,9.379879759971123,12,0.9080629301868238,0,0.0,0.9500000000000001,48.81600000000001,44.328,1.1012452625879807,1.0
136,5,10,1.0,10.489331270182992,4,0.9973607694028183,0,0.0,0.25,22.354999999999997,22.296,1.0026462145676354,1.0
136,6,10,1.0,10.75492493872549,2,0.780767850735558,0,0.0,0.1,8.361,6.5280000000000005,1.2807904411764706,1.0
136,7,10,1.0,10.875,1,1.0,0,0.0,0.05,2.543,2.543,1.0,1.0
136,8,10,1.0,9.454579710144928,12,0.8970063169458938,0,0.0,0.7999999999999999,54.615,48.989999999999995,1.1148193508879365,1.0
136,9,10,1.0,10.233810441930084,6,0.5542619308754465,0,0.0,0.4,35.559,19.709,1.8042011263889592,1.0
137,0,10,1.0,10.249717629880836,6,1.0,0,0.0,0.35,21.231,21.231,1.0,1.0
137,1,10,0.0,-25.7945749801154,200,0.0,0,0.0,14.950000000000003,872.7170000000029,49.03299999999999,17.798564232251813,1.0
137,2,10,1.0,9.71478274474743,9,0.6806011926493853,0,0.0,0.8500000000000001,32.868,22.369999999999997,1.4692892266428255,1.0
137,3,10,1.0,9.91832952212059,9,0.8605622489959839,0,0.0,0.44999999999999996,49.8,42.855999999999995,1.162030987493,1.0
137,4,10,0.0,-12.9,10,0.0,10,1.0,0.0,0.0,30.012999999999998,0.0,1.0
137,5,10,0.0,-23.067944996907286,200,0.0,0,0.0,10.000000000000007,571.1999999999991,42.034000000000006,13.588999381453087,1.0
137,6,10,1.0,9.62473776678813,11,0.4921224542077622,0,0.0,0.7000000000000001,62.456,30.735999999999997,2.0320145757418016,1.0
137,7,10,1.0,9.57051389612143,10,0.8468737749901998,0,0.0,0.9500000000000001,61.224000000000004,51.849,1.180813516171961,1.0
137,8,10,0.0,-23.80622200528313,200,0.0,0,0.0,10.000000000000007,1559.587999999998,34.827999999999996,44.77971746870329,1.0
137,9,10,0.0,-12.9,10,0.0,10,1.0,0.0,0.0,46.261,0.0,1.0
138,0,10,0.0,-23.396086151338974,200,0.0,0,0.0,10.100000000000009,1345.3310000000047,53.998000000000005,24.9144597948073,1.0
138,1,10,1.0,2.06800332060435,16,0.9694657717256587,7,0.0,0.8,62.127,60.230000000000004,1.0314959322596713,1.0
138,2,10,1.0,10.222169302462113,6,0.8948612707273024,0,0.0,0.39999999999999997,30.455000000000005,27.253,1.1174916522951603,1.0
138,3,10,0.0,-12.899999999999999,10,0.0,10,1.0,0.0,0.0,10.561,0.0,1.0
138,4,10,0.0,-12.90952480238286,10,0.0,10,1.0,0.0,0.0,43.645,0.0,1.0
138,5,10,0.0,-22.906620553359733,200,0.0,0,0.0,10.000000000000007,982.7999999999979,52.624,18.6758893280632,1.0
138,6,10,1.0,10.39786888827104,5,0.7644451191741308,0,0.0,0.25,32.935,25.177,1.3081383802677047,1.0
138,7,10,0.0,-23.097674678799862,200,0.0,0,0.0,10.000000000000007,1047.6000000000058,53.627,19.534935759971763,1.0
138,8,10,1.0,10.271922595807588,5,0.9406667855232661,0,0.0,0.5,28.045,26.381,1.063075698419317,1.0
138,9,10,0.0,-22.999990680496367,200,0.0,0,0.0,10.000000000000007,478.6869999999983,57.943000000000005,8.261343044025995,1.0
139,0,10,0.0,-13.456787745154926,14,0.0,10,1.0,0.30000000000000004,13.869000000000002,34.468,0.40237321573633517,1.0
139,1,10,0.0,-12.875759112216588,11,0.0,10,1.0,0.1,3.858,20.906,0.18454032335214773,1.0
139,2,10,1.0,10.245699650417556,6,0.7048114434330299,0,0.0,0.35,29.222,20.596,1.418819188191882,1.0
139,3,10,0.0,-25.573235587941493,200,0.0,0,0.0,15.000000000000004,785.4630000000033,68.06800000000001,11.539387083504776,1.0
139,4,10,0.0,-23.271191855487647,200,0.0,0,0.0,10.10000000000001,639.6469999999991,70.084,9.12686205125277,1.0
139,5,10,1.0,10.033573678683934,7,0.7702423389150167,0,0.0,0.6000000000000001,33.382999999999996,25.712999999999997,1.2982926924123983,1.0
139,6,10,0.0,-12.92946915174157,11,0.0,10,1.0,0.05,6.997,72.808,0.09610207669486868,1.0
139,7,10,0.0,-23.45785252781849,200,0.0,0,0.0,10.100000000000009,746.4489999999998,72.434,10.305229588314878,1.0
139,8,10,0.0,-13.019634034362804,14,0.0,10,1.0,0.25,32.898,56.631,0.5809185781639032,1.0
139,9,10,1.0,9.59694084452228,11,0.3708113256559009,0,0.0,0.75,69.29400000000001,25.695,2.6967892586106252,1.0
140,0,10,0.0,-25.07093929027736,200,0.0,0,0.0,14.000000000000009,754.2469999999977,24.263,31.086304249268334,1.0
140,1,10,0.0,-25.613075747653436,200,0.0,0,0.0,15.000000000000004,1084.8809999999971,36.647999999999996,29.602734119187875,1.0
140,2,10,1.0,10.096625601812518,7,0.7849380032603863,0,0.0,0.44999999999999996,40.486,31.779,1.2739859655747505,1.0
140,3,10,0.0,-25.617675766356584,200,0.0,0,0.0,15.000000000000004,1689.1060000000007,32.785,51.520695439987826,1.0
140,4,10,0.0,-13.465891406517478,16,0.0,10,1.0,0.45,25.68,32.129,0.7992779109215974,1.0
140,5,10,0.0,-13.391335449142785,16,0.0,10,1.0,0.5,26.945,32.139,0.8383894956283642,1.0
140,6,10,0.0,-23.001323495289796,200,0.0,0,0.0,10.000000000000007,658.4480000000017,43.098000000000006,15.27792472968587,1.0
140,7,10,0.0,-26.11010194254575,200,0.0,0,0.0,15.100000000000003,717.3210000000018,42.57299999999999,16.8492001973082,1.0
140,8,10,0.0,-30.34503961328568,200,0.0,0,0.0,24.650000000000002,1479.9129999999927,72.19800000000001,20.497977783317996,1.0
140,9,10,0.0,-23.033486316741815,200,0.0,0,0.0,10.000000000000007,585.2150000000012,57.479,10.181370587518941,1.0
141,0,10,1.0,10.226597721297107,6,0.9448716432035964,0,0.0,0.39999999999999997,42.265,39.935,1.0583448103167648,1.0
141,1,10,0.0,-25.71604654596663,200,0.0,0,0.0,14.950000000000003,675.0310000000035,44.021,15.334294995570374,1.0
141,2,10,0.0,-12.953195684873554,14,0.0,10,1.0,0.25,21.034000000000002,42.548,0.49435931183604404,1.0
141,3,10,1.0,10.458691908905758,4,0.6784536632854944,0,0.0,0.3,31.843000000000004,21.604,1.4739400111090541,1.0
141,4,10,0.0,-13.261938909837346,13,0.0,10,1.0,0.2,9.989,44.819,0.22287422744818047,1.0
141,5,10,1.0,10.58550678868056,3,0.9239075495106374,0,0.0,0.25,21.763,20.107000000000003,1.0823593773312776,1.0
141,6,10,0.0,-13.358426350030634,13,0.0,10,1.0,0.2,10.6,34.277,0.3092452665052367,1.0
141,7,10,1.0,10.770447106954997,2,0.2677621283255086,0,0.0,0.1,12.780000000000001,3.422,3.734658094681473,1.0
141,8,10,0.0,-25.79126431691456,200,0.0,0,0.0,15.000000000000004,396.0930000000012,49.678999999999995,7.973046961492809,1.0
141,9,10,0.0,-13.033653832896732,14,0.0,10,1.0,0.25,32.577,58.023999999999994,0.5614400937543086,1.0
142,0,10,1.0,10.608173838700484,3,0.914373566812591,0,0.0,0.2,19.188000000000002,17.544999999999998,1.09364491308065,1.0
142,1,10,1.0,10.638674009803369,3,1.0,0,0.0,0.15000000000000002,17.749,17.749,1.0,1.0
142,2,10,0.0,-12.838453601202678,15,0.0,10,1.0,0.35000000000000003,41.757,43.902,0.9511411780784473,1.0
142,3,10,0.0,-23.030966174546883,200,0.0,0,0.0,10.000000000000007,722.3999999999994,53.510000000000005,13.500280321435234,1.0
142,4,10,0.0,-13.521708841228206,15,0.0,10,1.0,0.4,21.513,25.924,0.8298487887671656,1.0
142,5,10,0.0,-12.89474111532519,15,0.0,10,1.0,0.3,29.884999999999998,35.595,0.8395842112656272,1.0
142,6,10,0.0,-33.091728030402756,200,0.0,0,0.0,29.799999999999894,911.4059999999973,53.153,17.14684025360746,1.0
142,7,10,0.0,-24.685919084477,200,0.0,0,0.0,13.300000000000013,608.489999999999,42.118,14.447267201671469,1.0
142,8,10,0.0,-23.34043717179833,200,0.0,0,0.0,10.250000000000012,518.1990000000023,34.849,14.86983844586652,1.0
142,9,10,0.0,-23.304827916430504,200,0.0,0,0.0,10.20000000000001,466.55399999999855,51.167,9.118259815896936,1.0
143,0,10,0.0,-23.096160120466813,200,0.0,0,0.0,10.000000000000007,635.7309999999992,39.845,15.95510101643868,1.0
143,1,10,1.0,9.221113509982313,13,0.8180206717672667,0,0.0,1.05,76.723,62.761,1.2224629945348224,1.0
143,2,10,0.0,-14.156819095559516,26,0.0,10,1.0,1.1000000000000003,82.322,61.187000000000005,1.345416510042983,1.0
143,3,10,0.0,-15.00763021258531,26,0.0,10,1.0,1.2500000000000004,35.606999999999985,61.246,0.5813767429709693,1.0
143,4,10,1.0,10.232534204615071,6,0.7465508041771476,0,0.0,0.4,26.238000000000003,19.588,1.3394935674903004,1.0
143,5,10,1.0,10.220897539222008,6,0.9984175093206018,0,0.0,0.4,37.283,37.224,1.0015849989254246,1.0
143,6,10,1.0,10.245699650417556,6,0.7048114434330299,0,0.0,0.35,29.222,20.596,1.418819188191882,1.0
143,7,10,1.0,10.729629813328524,2,1.0,0,0.0,0.15000000000000002,11.089,11.089,1.0,1.0
143,8,10,1.0,10.435499349632929,4,0.8369436858808769,0,0.0,0.35,54.196,45.359,1.1948235190370158,1.0
143,9,10,1.0,9.810068938892565,8,0.9515862394709911,0,0.0,0.8500000000000001,38.108999999999995,36.263999999999996,1.0508769027134348,1.0
144,0,10,1.0,10.342876761064465,5,1.0,0,0.0,0.35,35.135000000000005,35.135000000000005,1.0,1.0
144,1,10,0.0,-24.474965887991726,200,0.0,0,0.0,13.350000000000012,1243.9790000000003,46.318,26.857355671661132,1.0
144,2,10,0.0,-23.06067454203047,200,0.0,0,0.0,10.000000000000007,678.6169999999994,46.728,14.52270587228213,1.0
144,3,10,1.0,10.875,1,1.0,0,0.0,0.05,4.95,4.95,1.0,1.0
144,4,10,0.0,-23.06365271309851,200,0.0,0,0.0,10.000000000000007,473.61800000000176,38.867000000000004,12.185607327552981,1.0
144,5,10,1.0,9.538320809832632,10,0.9320855523400174,0,0.0,1.0,58.397000000000006,54.431000000000004,1.0728628906321764,1.0
144,6,10,0.0,-12.9,10,0.0,10,1.0,0.0,0.0,27.349,0.0,1.0
144,7,10,1.0,10.318823575793415,5,1.0,0,0.0,0.4,25.365000000000002,25.365000000000002,1.0,1.0
144,8,10,0.0,-12.963521847728888,10,0.0,10,1.0,0.0,0.0,32.429,0.0,1.0
144,9,10,1.0,9.52999280430227,12,0.6004517752645463,0,0.0,0.65,65.962,39.607000000000006,1.6654126795768422,1.0
145,0,10,0.0,-23.611260346845455,200,0.0,0,0.0,10.200000000000012,349.70199999999966,46.99499999999999,7.4412597084796195,1.0
145,1,10,0.0,-13.250166121376893,16,0.0,10,1.0,0.45,36.895,65.10300000000001,0.5667173555750119,1.0
145,2,10,0.0,-30.417929830395604,200,0.0,0,0.0,25.05,947.9760000000032,54.126,17.514244540516632,1.0
145,3,10,0.0,-13.538775780010576,16,0.0,10,1.0,0.45,29.741,43.493,0.6838111880072655,1.0
145,4,10,0.0,-23.02378581648041,200,0.0,0,0.0,10.050000000000008,930.4879999999971,51.722,17.990178260701384,1.0
145,5,10,0.0,-23.199563860576323,200,0.0,0,0.0,10.000000000000007,616.5059999999985,39.735,15.515439788599434,1.0
145,6,10,1.0,10.382005955274673,5,0.4797807516254117,0,0.0,0.3,34.29900000000001,16.456,2.0842853670393784,1.0
145,7,10,1.0,10.026305374290414,6,0.6881206191588786,0,0.0,0.8,27.392,18.849,1.4532335932940739,1.0
145,8,10,0.0,-24.426650739859785,200,0.0,0,0.0,12.500000000000014,834.1440000000001,47.509,17.557599612704962,1.0
145,9,10,0.0,-23.050325241797875,200,0.0,0,0.0,10.000000000000007,738.3480000000001,52.730000000000004,14.002427460648587,1.0
146,0,10,0.0,-25.46948360254522,200,0.0,0,0.0,14.950000000000003,959.6509999999976,59.24700000000001,16.197461474842566,1.0
146,1,10,1.0,9.987848505507912,8,0.6396373651595134,0,0.0,0.49999999999999994,43.57,27.869,1.5633858408984893,1.0
146,2,10,1.0,10.176664489237277,6,0.8087343714623529,0,0.0,0.5,39.751000000000005,32.147999999999996,1.236499937787732,1.0
146,3,10,1.0,10.09997767791148,7,0.7451969683616816,0,0.0,0.45,45.388,33.823,1.3419270910327292,1.0
146,4,10,1.0,9.835138359696725,9,0.8876855537144909,0,0.0,0.6000000000000001,58.541,51.96600000000001,1.1265250356002,1.0
146,5,10,0.0,-22.89366192811473,200,0.0,0,0.0,10.000000000000007,878.6000000000008,32.218,27.27046992364519,1.0
146,6,10,1.0,10.090016649195288,7,0.6507624398073837,0,0.0,0.49999999999999994,49.84,32.434000000000005,1.536659061478695,1.0
146,7,10,1.0,10.522920057443754,4,0.7634923857868021,0,0.0,0.2,24.625,18.801000000000002,1.3097707568746342,1.0
146,8,10,1.0,10.586792466765141,3,0.9679033526342125,0,0.0,0.25,13.989,13.54,1.0331610044313146,1.0
146,9,10,0.0,-25.55771276018484,200,0.0,0,0.0,15.000000000000004,501.3529999999973,46.073,10.881709461072587,1.0
147,0,10,0.0,-13.62400747790619,16,0.0,10,1.0,0.45,22.223,52.955999999999996,0.4196502757005816,1.0
147,1,10,0.0,-13.713176770316172,16,0.0,10,1.0,0.45,29.690000000000005,45.92400000000001,0.6465029178642976,1.0
147,2,10,0.0,-14.25086723449878,20,0.0,10,1.0,0.9000000000000001,56.054,33.577999999999996,1.6693668473405208,1.0
147,3,10,0.0,-12.979357845409135,14,0.0,10,1.0,0.30000000000000004,20.586000000000002,38.83800000000001,0.5300478912405375,1.0
147,4,10,0.0,-13.965900644897816,20,0.0,10,1.0,0.8500000000000001,55.833999999999996,58.769000000000005,0.9500587044189962,1.0
147,5,10,0.0,-22.868943902929928,200,0.0,0,0.0,10.000000000000007,911.5999999999987,34.778999999999996,26.211219414014167,1.0
147,6,10,0.0,-12.73710217913117,14,0.0,10,1.0,0.4,17.562,21.247,0.8265637501764955,1.0
147,7,10,0.0,-22.936278798860986,200,0.0,0,0.0,10.000000000000007,919.3389999999993,46.355999999999995,19.83214686340494,1.0
147,8,10,1.0,10.39485268433442,4,0.8106494305940289,0,0.0,0.45,16.245,13.169,1.2335788594426305,1.0
147,9,10,0.0,-13.048753451131972,16,0.0,10,1.0,0.75,52.48800000000001,50.70800000000001,1.0351029423365148,1.0
148,0,10,1.0,9.481566792425186,11,0.8280558083105855,0,0.0,0.9500000000000001,65.94,54.602000000000004,1.2076480714992124,1.0
148,1,10,0.0,-33.22137996711978,200,0.0,0,0.0,29.550000000000004,1180.6769999999965,49.87800000000001,23.671297967039504,1.0
148,2,10,0.0,-22.908114393094152,200,0.0,0,0.0,10.000000000000007,622.4980000000021,51.087,12.185056863781433,1.0
148,3,10,0.0,-28.075604902394428,200,0.0,0,0.0,20.00000000000003,967.0000000000025,63.316,15.272600922357737,1.0
148,4,10,0.0,-23.32246900166178,200,0.0,0,0.0,10.050000000000008,663.9489999999997,39.115,16.974280966381176,1.0
148,5,10,1.0,9.488159398683067,11,0.5892041461700632,0,0.0,0.9500000000000001,68.304,40.245,1.697204621692136,1.0
148,6,10,0.0,-25.437407533856796,200,0.0,0,0.0,15.000000000000004,659.9999999999992,52.721999999999994,12.518493228633194,1.0
148,7,10,0.0,-24.17290156451176,200,0.0,0,0.0,11.700000000000017,1451.5959999999998,51.262,28.317194022862935,1.0
148,8,10,1.0,10.731423493382916,2,1.0,0,0.0,0.15000000000000002,9.143,9.143,1.0,1.0
148,9,10,0.0,-24.37374158734007,200,0.0,0,0.0,12.550000000000015,562.4640000000006,32.986,17.051597647486833,1.0
149,0,10,1.0,10.85,1,1.0,0,0.0,0.1,13.531,13.531,1.0,1.0
149,1,10,1.0,10.537388663967612,3,0.9982874366351555,0,0.0,0.35000000000000003,14.598,14.573,1.001715501269471,1.0
149,2,10,0.0,-25.78285723738638,200,0.0,0,0.0,14.900000000000002,1709.5660000000014,60.45,28.28066170388753,1.0
149,3,10,0.0,-23.579565185446405,200,0.0,0,0.0,10.300000000000013,505.9410000000004,68.052,7.434623523188155,1.0
149,4,10,0.0,-12.819835377069282,12,0.0,10,1.0,0.1,11.483,32.620000000000005,0.3520232985898222,1.0
149,5,10,0.0,-23.51936193855973,200,0.0,0,0.0,10.000000000000007,903.7440000000034,27.897000000000002,32.395741477578355,1.0
149,6,10,0.0,-13.669789493121595,16,0.0,10,1.0,0.45,62.25,64.986,0.957898624319084,1.0
149,7,10,0.0,-12.970532185797634,12,0.0,10,1.0,0.1,5.817,31.023,0.18750604390291076,1.0
149,8,10,0.0,-12.815995943816832,12,0.0,10,1.0,0.25,13.103,29.831000000000003,0.43924105795984036,1.0
149,9,10,0.0,-13.130991422160367,16,0.0,10,1.0,0.55,23.865000000000002,35.207,0.6778481551964098,1.0
150,0,10,0.0,-24.801279317115704,200,0.0,0,0.0,13.350000000000012,1073.848999999997,73.336,14.64286298680044,1.0
150,1,10,1.0,10.388961492178098,4,1.0,0,0.0,0.45,20.775000000000002,20.775000000000002,1.0,1.0
150,2,10,1.0,10.035989272943981,7,0.5322156773901223,0,0.0,0.6,44.14,23.492,1.8789375106419206,1.0
150,3,10,1.0,10.251633010443948,6,0.9111634994106316,0,0.0,0.35,34.783,31.692999999999998,1.097497870192156,1.0
150,4,10,0.0,-13.107938737568979,17,0.0,10,1.0,0.7000000000000001,42.752,33.887,1.2616047451825185,1.0
150,5,10,0.0,-25.034551216439635,200,0.0,0,0.0,13.400000000000013,1016.4759999999997,50.804,20.007794661837643,1.0
150,6,10,1.0,10.02532486817383,7,0.8564235660524266,0,0.0,0.6000000000000001,38.53,32.998,1.1676465240317597,1.0
150,7,10,1.0,8.337156575581181,20,0.46499719839662085,0,0.0,1.6000000000000005,116.005,53.942,2.1505505913759224,1.0
150,8,10,0.0,-22.831616129758917,200,0.0,0,0.0,10.000000000000007,930.9139999999971,44.39,20.97125478711415,1.0
150,9,10,0.0,-13.811312278791178,17,0.0,10,1.0,0.35,25.086,51.422,0.48784566916883826,1.0
151,0,10,1.0,10.607443662499065,3,1.0,0,0.0,0.2,26.714,26.714,1.0,1.0
151,1,10,0.0,-13.078351315621134,17,0.0,10,1.0,0.4,53.778,46.897999999999996,1.1467013518700158,1.0
151,2,10,1.0,10.38779254359591,4,1.0,0,0.0,0.44999999999999996,16.63,16.63,1.0,1.0
151,3,10,1.0,9.665599981707874,10,0.6523537718024701,0,0.0,0.75,50.281,32.801,1.5329105819944513,1.0
151,4,10,0.0,-23.23041235215605,200,0.0,0,0.0,10.10000000000001,1117.3130000000033,65.18700000000001,17.140119962569273,1.0
151,5,10,1.0,9.598418048134448,11,0.7940600522193213,0,0.0,0.7000000000000001,55.151999999999994,43.794000000000004,1.2593505959720508,1.0
151,6,10,1.0,9.573485567417952,11,0.6343811240887355,0,0.0,0.7500000000000001,63.78500000000001,40.464,1.5763394622380391,1.0
151,7,10,0.0,-25.785444752455934,200,0.0,0,0.0,14.950000000000003,1108.558999999998,41.123999999999995,26.956497422429678,1.0
151,8,10,1.0,10.584085993820803,3,1.0,0,0.0,0.25,19.42,19.42,1.0,1.0
151,9,10,0.0,-13.678373075813376,17,0.0,10,1.0,0.5000000000000001,47.93799999999999,58.921,0.8135978683321734,1.0
152,0,10,1.0,10.203503503947486,6,0.7037927267051662,0,0.0,0.44999999999999996,64.07,45.092,1.4208728821076908,1.0
152,1,10,1.0,10.875,1,1.0,0,0.0,0.05,7.935,7.935,1.0,1.0
152,2,10,1.0,10.61371007691305,3,0.9221799238629534,0,0.0,0.2,24.955,23.013,1.0843870855603353,1.0
152,3,10,0.0,-12.94822742764716,12,0.0,10,1.0,0.2,9.051,34.622,0.26142337242215935,1.0
152,4,10,0.0,-23.303889335584728,200,0.0,0,0.0,10.050000000000008,734.5409999999999,74.62200000000001,9.843491195625953,1.0
152,5,10,0.0,-23.663818162986995,200,0.0,0,0.0,10.200000000000012,595.3720000000006,57.931,10.277260879321963,1.0
152,6,10,0.0,-22.95205701328155,200,0.0,0,0.0,10.000000000000007,824.6259999999977,30.869999999999997,26.712860382248063,1.0
152,7,10,0.0,-23.11124689396716,200,0.0,0,0.0,10.000000000000007,1092.3999999999983,49.098,22.249378793433507,1.0
152,8,10,0.0,-13.090914895160704,12,0.0,10,1.0,0.15000000000000002,6.293,27.566,0.22828847130523108,1.0
152,9,10,0.0,-28.308410049611336,200,0.0,0,0.0,19.90000000000003,1044.1580000000004,37.693,27.701642214734843,1.0
153,0,10,1.0,10.41445871559633,4,0.8382773016919358,0,0.0,0.4,36.408,30.52,1.1929226736566187,1.0
153,1,10,1.0,10.610650182335675,3,1.0,0,0.0,0.2,11.243,11.243,1.0,1.0
153,2,10,0.0,-25.752045222539792,200,0.0,0,0.0,15.000000000000002,322.4699999999998,39.184000000000005,8.229634544712122,1.0
153,3,10,0.0,-12.869191443654728,13,0.0,10,1.0,0.2,32.801,43.757,0.7496172041044862,1.0
153,4,10,0.0,-25.41047847001148,200,0.0,0,0.0,15.000000000000002,886.0519999999987,43.033,20.59005879208976,1.0
153,5,10,0.0,-14.304134784760024,24,0.0,10,1.0,0.8000000000000003,66.595,50.525000000000006,1.3180603661553685,1.0
153,6,10,0.0,-22.999078745338885,200,0.0,0,0.0,10.000000000000007,1663.999999999998,45.589999999999996,36.49923228778237,1.0
153,7,10,1.0,10.61460058372068,3,0.8518024032042725,0,0.0,0.2,21.721,18.502000000000002,1.1739811912225704,1.0
153,8,10,0.0,-14.232166863095465,24,0.0,10,1.0,1.4000000000000001,78.173,52.606,1.4860092004714291,1.0
153,9,10,0.0,-13.036739673823966,13,0.0,10,1.0,0.15000000000000002,21.958,48.808,0.4498852647107031,1.0
154,0,10,1.0,10.471343385880742,4,0.7963490812056522,0,0.0,0.3,16.489,13.131,1.2557307135785547,1.0
154,1,10,0.0,-28.031008697774052,200,0.0,0,0.0,20.00000000000003,703.6869999999974,57.37100000000001,12.265552282512024,1.0
154,2,10,0.0,-25.58170866614826,200,0.0,0,0.0,15.050000000000002,978.223000000003,56.588,17.286756909592192,1.0
154,3,10,1.0,10.49055411535969,4,1.0,0,0.0,0.25,20.058999999999997,20.058999999999997,1.0,1.0
154,4,10,0.0,-13.023213653005786,17,0.0,10,1.0,0.5000000000000001,59.256,42.335,1.399692925475375,1.0
154,5,10,1.0,10.49895378690629,4,0.692503069042882,0,0.0,0.25,23.623,16.359,1.444036921572223,1.0
154,6,10,0.0,-13.563132673532166,17,0.0,10,1.0,0.35,41.827,37.385,1.1188177076367527,1.0
154,7,10,0.0,-25.00625562240782,200,0.0,0,0.0,14.000000000000009,1578.7849999999964,51.35699999999999,30.741378974628514,1.0
154,8,10,0.0,-31.275410005021016,200,0.0,0,0.0,25.0,860.998,37.840999999999994,22.753045638328803,1.0
154,9,10,0.0,-24.94523873536625,200,0.0,0,0.0,13.250000000000012,999.1790000000009,58.76800000000001,17.002092975769138,1.0
155,0,10,1.0,10.31985210302287,5,1.0,0,0.0,0.39999999999999997,27.722,27.722,1.0,1.0
155,1,10,0.0,-28.26407962256337,200,0.0,0,0.0,20.000000000000014,1823.935000000009,53.201,34.283848047969194,1.0
155,2,10,1.0,10.246374330933035,6,0.963456258811308,0,0.0,0.35,26.954,25.968999999999998,1.0379298394239287,1.0
155,3,10,0.0,-22.95225019444106,200,0.0,0,0.0,10.000000000000007,657.9999999999998,24.429000000000002,26.935199967252025,1.0
155,4,10,0.0,-23.121954919860112,200,0.0,0,0.0,10.050000000000008,1409.363999999996,42.613,33.07356909863178,1.0
155,5,10,0.0,-23.125183052688744,200,0.0,0,0.0,10.000000000000007,1480.703999999996,64.43499999999999,22.979809109955713,1.0
155,6,10,0.0,-28.050550737517995,200,0.0,0,0.0,20.00000000000003,1161.484999999996,69.76100000000001,16.649488969481457,1.0
155,7,10,1.0,9.50073928332217,12,0.5388108628311931,0,0.0,0.7500000000000002,66.502,35.832,1.855938825630721,1.0
155,8,10,0.0,-23.479439136880305,200,0.0,0,0.0,10.10000000000001,758.8309999999998,48.568000000000005,15.624094053697902,1.0
155,9,10,0.0,-24.311989100817396,200,0.0,0,0.0,12.500000000000014,754.8220000000007,47.71,15.821043806329923,1.0
156,0,10,1.0,10.081058574706052,7,0.9616657473800331,0,0.0,0.49999999999999994,29.008000000000003,27.896,1.0398623458560368,1.0
156,1,10,0.0,-23.331934968517988,200,0.0,0,0.0,10.15000000000001,576.5870000000021,42.564,13.546353726153608,1.0
156,2,10,1.0,10.258694039182993,6,0.7888074178805117,0,0.0,0.35,30.413,23.990000000000002,1.2677365568987078,1.0
156,3,10,0.0,-13.629758582193695,13,0.0,10,1.0,0.2,19.338,21.497999999999998,0.8995255372592801,1.0
156,4,10,1.0,10.464733608756305,4,1.0,0,0.0,0.30000000000000004,37.276,37.276,1.0,1.0
156,5,10,0.0,-24.483190626655198,200,0.0,0,0.0,12.500000000000014,841.225,54.751000000000005,15.364559551423717,1.0
156,6,10,0.0,-23.27216695514418,200,0.0,0,0.0,10.050000000000008,475.49300000000176,34.086999999999996,13.949394197201332,1.0
156,7,10,1.0,10.321855092899801,5,0.8696059868361735,0,0.0,0.39999999999999997,55.455,48.224000000000004,1.1499460849369607,1.0
156,8,10,1.0,10.875,1,1.0,0,0.0,0.05,7.812,7.812,1.0,1.0
156,9,10,0.0,-23.049585400779147,200,0.0,0,0.0,10.000000000000007,727.533000000003,30.029000000000003,24.22767990942099,1.0
157,0,10,0.0,-12.745981874761153,13,0.0,10,1.0,0.2,12.96,18.317,0.7075394442321341,1.0
157,1,10,1.0,9.949327473426003,8,0.6020552581379607,0,0.0,0.6000000000000001,32.502,19.567999999999998,1.6609771054783322,1.0
157,2,10,0.0,-23.05313928381142,200,0.0,0,0.0,10.000000000000007,874.6000000000031,71.322,12.262695942346022,1.0
157,3,10,0.0,-23.434492305790833,200,0.0,0,0.0,10.050000000000008,675.7700000000033,32.362,20.881589518571264,1.0
157,4,10,1.0,10.109384645266095,6,0.6925334442025972,0,0.0,0.6500000000000001,40.889,28.317,1.4439735847723982,1.0
157,5,10,1.0,10.315853966725834,5,1.0,0,0.0,0.39999999999999997,66.478,66.478,1.0,1.0
157,6,10,1.0,10.2242246875,6,0.9753718605218239,0,0.0,0.39999999999999997,32.808,32.0,1.02525,1.0
157,7,10,0.0,-22.966067078883217,200,0.0,0,0.0,10.000000000000007,668.2499999999993,53.37,12.521079258010106,1.0
157,8,10,0.0,-13.174477441629122,13,0.0,10,1.0,0.15000000000000002,15.410999999999998,34.178,0.45090409035051787,1.0
157,9,10,0.0,-23.35258373205742,200,0.0,0,0.0,10.100000000000009,869.3630000000007,54.13100000000001,16.060353586669386,1.0
158,0,10,1.0,10.633958235570155,3,0.688474275098942,0,0.0,0.15000000000000002,24.762,17.048000000000002,1.452487095260441,1.0
158,1,10,1.0,9.981272168829882,8,0.8716140360977573,0,0.0,0.49999999999999994,34.739000000000004,30.278999999999996,1.1472968063674496,1.0
158,2,10,0.0,-25.440694222513105,200,0.0,0,0.0,15.000000000000002,974.399999999997,51.943,18.759024315114587,1.0
158,3,10,1.0,9.670143395851941,10,0.7368059312987145,0,0.0,0.7500000000000001,68.38300000000001,50.385000000000005,1.3572094869504814,1.0
158,4,10,0.0,-23.083872141482114,200,0.0,0,0.0,10.000000000000007,584.1870000000011,47.271,12.358253474646213,1.0
158,5,10,0.0,-25.600594374885,200,0.0,0,0.0,15.000000000000004,807.0469999999975,48.958999999999996,16.484139790436846,1.0
158,6,10,0.0,-14.097694157463486,21,0.0,10,1.0,0.5499999999999999,80.379,67.368,1.1931332383327398,1.0
158,7,10,0.0,-13.472632118796183,21,0.0,10,1.0,0.6,56.87800000000001,42.897000000000006,1.325920227521738,1.0
158,8,10,0.0,-24.703983008004467,200,0.0,0,0.0,13.350000000000012,799.4040000000023,35.605000000000004,22.452015166409275,1.0
158,9,10,0.0,-26.204516097560933,200,0.0,0,0.0,16.699999999999996,1148.4289999999992,30.750000000000004,37.347284552845494,1.0
159,0,10,0.0,-23.06022060024654,200,0.0,0,0.0,10.050000000000008,686.2679999999972,67.339,10.191241331175057,1.0
159,1,10,1.0,9.978098522853958,7,0.8561713297142516,0,0.0,0.7000000000000001,33.526,28.704,1.1679905239687849,1.0
159,2,10,1.0,10.219411230856494,6,0.8823823823823823,0,0.0,0.4,39.96000000000001,35.260000000000005,1.1332955190017018,1.0
159,3,10,0.0,-12.997234394722426,12,0.0,10,1.0,0.15000000000000002,7.481,41.989,0.1781657100669223,1.0
159,4,10,1.0,10.231475456351083,6,0.9155063729564975,0,0.0,0.4,57.744,52.864999999999995,1.0922916863709449,1.0
159,5,10,0.0,-28.39495097317511,200,0.0,0,0.0,19.85000000000003,973.7349999999996,67.92200000000001,14.336076676187382,1.0
159,6,10,0.0,-25.551155143197505,200,0.0,0,0.0,15.000000000000004,616.2000000000016,59.602999999999994,10.33840578494374,1.0
159,7,10,0.0,-13.06521503834165,12,0.0,10,1.0,0.1,7.969,52.293,0.15239133344807146,1.0
159,8,10,1.0,10.20601724464658,6,0.7707475243186399,0,0.0,0.44999999999999996,34.233,26.384999999999998,1.2974417282546902,1.0
159,9,10,0.0,-25.611267338020145,200,0.0,0,0.0,15.000000000000002,1353.7400000000018,26.315,51.443663309899364,1.0
160,0,10,1.0,9.564714318438405,11,0.9464352081268582,0,0.0,0.7500000000000001,64.576,61.11699999999999,1.0565963643503444,1.0
160,1,10,0.0,-24.875003120246504,200,0.0,0,0.0,13.300000000000013,1000.3949999999996,51.278,19.509243730254685,1.0
160,2,10,0.0,-23.8069449896098,200,0.0,0,0.0,13.350000000000012,711.3909999999988,34.648,20.531949896097863,1.0
160,3,10,1.0,10.397139037433154,5,0.5158500093510381,0,0.0,0.25,21.387999999999998,11.033000000000001,1.9385479923864766,1.0
160,4,10,1.0,10.754231482626437,2,1.0,0,0.0,0.1,8.087,8.087,1.0,1.0
160,5,10,0.0,-22.989716234748066,200,0.0,0,0.0,12.500000000000014,910.2719999999987,28.439,32.007876507612735,1.0
160,6,10,0.0,-13.239814822864593,14,0.0,10,1.0,0.39999999999999997,23.349,23.005,1.0149532710280373,1.0
160,7,10,1.0,10.078105553277755,7,0.8603849018147612,0,0.0,0.5000000000000001,51.025999999999996,43.902,1.1622705115940046,1.0
160,8,10,1.0,10.520004195217453,4,0.6176635715828115,0,0.0,0.2,23.155,14.302,1.6190043350580339,1.0
160,9,10,0.0,-13.20355240182148,14,0.0,10,1.0,0.25,13.745,29.207,0.4706063614886842,1.0
161,0,10,1.0,10.249824335196914,6,0.9033863242447397,0,0.0,0.35,53.657,48.473,1.1069461349617313,1.0
161,1,10,1.0,9.555040054671778,10,0.8398781907176226,0,0.0,1.0,62.721,52.678000000000004,1.190648847716314,1.0
161,2,10,0.0,-23.476588468769616,200,0.0,0,0.0,10.100000000000009,755.4889999999998,47.870000000000005,15.782097346981402,1.0
161,3,10,1.0,10.469698389707762,4,0.6229830148619958,0,0.0,0.3,18.84,11.737,1.6051801993695152,1.0
161,4,10,0.0,-12.968998609923014,13,0.0,10,1.0,0.2,10.440999999999999,18.704,0.5582228400342172,1.0
161,5,10,0.0,-29.261037191970974,200,0.0,0,0.0,24.95,315.617999999999,28.447,11.094948500720603,1.0
161,6,10,1.0,9.750948801355822,10,0.7723146427968248,0,0.0,0.6,47.368,36.583,1.2948090643194927,1.0
161,7,10,0.0,-23.003329065300814,200,0.0,0,0.0,10.000000000000007,1343.3480000000047,46.86000000000001,28.66726419120795,1.0
161,8,10,0.0,-13.338241539033707,13,0.0,10,1.0,0.25,15.189,59.154,0.25677046353585553,1.0
161,9,10,1.0,10.609232116650096,3,1.0,0,0.0,0.2,21.122999999999998,21.122999999999998,1.0,1.0
162,0,10,0.0,-23.22069540903764,200,0.0,0,0.0,10.000000000000007,954.7130000000026,66.52199999999999,14.351838489522304,1.0
162,1,10,0.0,-25.001492794517738,200,0.0,0,0.0,13.350000000000012,520.2159999999998,49.615,10.485054922906373,1.0
162,2,10,0.0,-25.601726844583954,200,0.0,0,0.0,15.000000000000004,858.7459999999957,57.33000000000001,14.978998778998701,1.0
162,3,10,1.0,10.706589223550779,2,1.0,0,0.0,0.2,13.214,13.214,1.0,1.0
162,4,10,0.0,-25.552941184077714,200,0.0,0,0.0,14.950000000000003,635.577999999997,38.663000000000004,16.43892093215728,1.0
162,5,10,1.0,10.018072736005124,7,0.7997353989287925,0,0.0,0.6000000000000001,46.863,37.478,1.2504135759645658,1.0
162,6,10,1.0,10.559480859989511,3,0.8642646725583503,0,0.0,0.30000000000000004,13.239,11.442,1.1570529627687467,1.0
162,7,10,0.0,-13.211391617759636,14,0.0,10,1.0,0.2,17.009999999999998,31.352,0.542549119673386,1.0
162,8,10,1.0,10.224535434806569,6,0.9278677347877962,0,0.0,0.4,29.335,27.219,1.0777398141004446,1.0
162,9,10,0.0,-13.337557089945793,14,0.0,10,1.0,0.25,12.848,40.769000000000005,0.31514140646079125,1.0
163,0,10,1.0,10.126211773835138,6,0.9068547484246554,0,0.0,0.6,31.262999999999998,28.351,1.1027124263694401,1.0
163,1,10,0.0,-23.094548617823328,200,0.0,0,0.0,10.000000000000007,1203.6529999999977,46.557,25.853319586743083,1.0
163,2,10,1.0,10.612709263794843,3,0.7067868234814928,0,0.0,0.2,19.641,13.882,1.4148537674686643,1.0
163,3,10,0.0,-25.969179155966142,200,0.0,0,0.0,15.050000000000002,1186.146999999996,78.267,15.155135625487064,1.0
163,4,10,1.0,10.7050652027784,2,0.9971401760579113,0,0.0,0.2,22.379,22.314999999999998,1.0028680259914857,1.0
163,5,10,0.0,-25.533361018826177,200,0.0,0,0.0,15.000000000000004,876.9999999999985,14.448,60.700442967884726,1.0
163,6,10,0.0,-12.67632660623682,13,0.0,10,1.0,0.25,38.916,52.623,0.7395245425004275,1.0
163,7,10,1.0,10.465061253561254,4,0.9351272145997069,0,0.0,0.3,15.014000000000001,14.040000000000001,1.0693732193732193,1.0
163,8,10,1.0,10.754611481129084,2,0.95821303753229,0,0.0,0.1,6.5809999999999995,6.306,1.0436092610212495,1.0
163,9,10,1.0,10.729916179928695,2,1.0,0,0.0,0.15000000000000002,13.183,13.183,1.0,1.0
164,0,10,1.0,10.703831384747398,2,1.0,0,0.0,0.2,9.323,9.323,1.0,1.0
164,1,10,0.0,-33.251564258328024,200,0.0,0,0.0,29.650000000000006,851.9909999999977,60.248999999999995,14.14116416869986,1.0
164,2,10,0.0,-28.26703647736865,200,0.0,0,0.0,19.80000000000003,327.66999999999877,56.912,5.757485240371078,1.0
164,3,10,1.0,9.830752622655504,9,0.731550387596899,0,0.0,0.6,51.60000000000001,37.748,1.3669598389318642,1.0
164,4,10,0.0,-12.931623995550698,12,0.0,10,1.0,0.1,12.91,52.143,0.24758836277160884,1.0
164,5,10,1.0,9.910288405026447,8,0.8471277175845798,0,0.0,0.65,42.17900000000001,35.731,1.1804595449329716,1.0
164,6,10,0.0,-13.008293966989186,12,0.0,10,1.0,0.15000000000000002,13.657,42.168,0.323871181938911,1.0
164,7,10,0.0,-24.713293990598412,200,0.0,0,0.0,13.250000000000012,1194.9100000000003,39.355000000000004,30.362342777283704,1.0
164,8,10,1.0,10.059573433069326,7,0.6966977195701416,0,0.0,0.55,58.717,40.908,1.4353427202503177,1.0
164,9,10,0.0,-23.00121943993116,200,0.0,0,0.0,10.050000000000008,367.32199999999915,52.315000000000005,7.021351428844483,1.0
165,0,10,0.0,-27.024874659020764,200,0.0,0,0.0,17.40000000000003,569.9169999999988,50.22299999999999,11.347729128088702,1.0
165,1,10,0.0,-24.67049788764055,200,0.0,0,0.0,13.350000000000012,1239.1000000000001,55.62500000000001,22.275955056179775,1.0
165,2,10,1.0,10.466678327502915,4,0.9880668257756564,0,0.0,0.3,24.302,24.012,1.0120772946859904,1.0
165,3,10,0.0,-35.336314710193875,200,0.0,0,0.0,34.04999999999991,1041.2219999999954,60.71300000000001,17.149901997924584,1.0
165,4,10,0.0,-23.309182874122108,200,0.0,0,0.0,10.100000000000009,575.4470000000022,44.424,12.95351611741406,1.0
165,5,10,1.0,9.987328775448193,8,0.7633959638135004,0,0.0,0.49999999999999994,43.11,32.910000000000004,1.3099361896080217,1.0
165,6,10,0.0,-23.15454311347405,200,0.0,0,0.0,10.050000000000008,1113.8759999999986,54.17099999999999,20.562219637813566,1.0
165,7,10,0.0,-14.056320896503788,24,0.0,10,1.0,1.05,77.84300000000002,53.229,1.4624171034586413,1.0
165,8,10,1.0,10.616752040816326,3,0.5252438632222103,0,0.0,0.2,18.658,9.8,1.9038775510204082,1.0
165,9,10,0.0,-22.93966830215688,200,0.0,0,0.0,10.000000000000007,527.0529999999983,39.132000000000005,13.468593478483038,1.0
166,0,10,0.0,-22.955055084332628,200,0.0,0,0.0,10.000000000000007,872.0520000000023,30.770999999999997,28.3400604465244,1.0
166,1,10,1.0,10.440489780340938,4,0.9427520588470456,0,0.0,0.35000000000000003,12.507000000000001,11.791,1.060724281231448,1.0
166,2,10,1.0,10.12224766336866,7,0.7553094077684241,0,0.0,0.44999999999999996,33.855000000000004,25.571,1.3239607367721247,1.0
166,3,10,0.0,-25.582722873085935,200,0.0,0,0.0,15.000000000000004,900.020999999996,37.812999999999995,23.80189352868051,1.0
166,4,10,1.0,10.018177947980249,7,0.7874177253941528,0,0.0,0.65,32.665,25.721,1.2699739512460635,1.0
166,5,10,1.0,10.642046249881775,3,0.7173972045053603,0,0.0,0.15000000000000002,14.738000000000001,10.573,1.393927929632082,1.0
166,6,10,1.0,10.220118775802025,6,0.8506768687463213,0,0.0,0.39999999999999997,50.970000000000006,43.359,1.1755344911091123,1.0
166,7,10,0.0,-23.439328569502475,200,0.0,0,0.0,10.050000000000008,993.300000000005,59.336,16.740258864770208,1.0
166,8,10,1.0,10.394813329827791,4,0.9354689949887786,0,0.0,0.45,32.527,30.428,1.0689825161035889,1.0
166,9,10,0.0,-30.479585958368947,200,0.0,0,0.0,24.85,1470.6259999999927,59.522999999999996,24.70685281319814,1.0
167,0,10,1.0,10.590341928602797,3,0.8026892279800575,0,0.0,0.25,39.714,31.878,1.245812158855637,1.0
167,1,10,1.0,9.336520728291315,12,0.5651058979960111,0,0.0,1.05,63.174,35.7,1.769579831932773,1.0
167,2,10,0.0,-23.138713531920153,200,0.0,0,0.0,10.050000000000008,648.6489999999984,32.597,19.899039788937582,1.0
167,3,10,1.0,10.130187642851876,6,0.8296427697577685,0,0.0,0.6,32.696,27.125999999999998,1.2053380520533805,1.0
167,4,10,0.0,-26.347247138674568,200,0.0,0,0.0,16.649999999999995,923.5729999999988,45.084,20.485604649099432,1.0
167,5,10,1.0,10.149946217535915,6,0.8999203948415857,0,0.0,0.5499999999999999,31.404999999999998,28.261999999999997,1.1112093977779351,1.0
167,6,10,0.0,-13.407921249686503,14,0.0,10,1.0,0.30000000000000004,28.784,55.821999999999996,0.5156389953781664,1.0
167,7,10,1.0,10.825,1,1.0,0,0.0,0.15,4.57,4.57,1.0,1.0
167,8,10,1.0,9.899651669321544,7,0.7800628898919714,0,0.0,0.8500000000000001,39.434000000000005,30.761000000000003,1.281947921068886,1.0
167,9,10,1.0,10.438487539852952,4,0.7047736965194662,0,0.0,0.35000000000000003,21.807000000000002,15.369,1.4188951786062856,1.0
168,0,10,0.0,-23.0430405055609,200,0.0,0,0.0,10.000000000000007,714.5999999999975,56.016999999999996,12.75684167306349,1.0
168,1,10,0.0,-23.300892423833876,200,0.0,0,0.0,10.100000000000009,998.4000000000007,37.09,26.918306821245633,1.0
168,2,10,0.0,-23.0885435836707,200,0.0,0,0.0,10.000000000000007,1106.6000000000004,62.489000000000004,17.708716734145213,1.0
168,3,10,0.0,-23.532879389691963,200,0.0,0,0.0,10.050000000000008,1452.502999999994,52.36699999999999,27.736990853018014,1.0
168,4,10,0.0,-24.55100366782278,200,0.0,0,0.0,13.350000000000012,779.8590000000007,25.083,31.09113742375317,1.0
168,5,10,1.0,10.875,1,1.0,0,0.0,0.05,3.066,3.066,1.0,1.0
168,6,10,0.0,-22.92471324296142,200,0.0,0,0.0,10.000000000000007,936.5919999999971,52.745000000000005,17.756981704426906,1.0
168,7,10,1.0,10.343336766220391,5,0.9883408901637828,0,0.0,0.35,21.614,21.362000000000002,1.0117966482539087,1.0
168,8,10,0.0,-25.068952153954744,200,0.0,0,0.0,13.300000000000013,386.7060000000005,45.312,8.53429555084747,1.0
168,9,10,1.0,10.228259653049804,6,0.9270190575001367,0,0.0,0.4,36.626,33.953,1.078726474832857,1.0
169,0,10,1.0,9.853220843633876,8,0.8145207248964706,0,0.0,0.7500000000000001,78.963,64.31700000000001,1.2277158449554548,1.0
169,1,10,1.0,10.255458142806894,6,0.704323052149139,0,0.0,0.35,32.292,22.744,1.4198030249736195,1.0
169,2,10,0.0,-29.4355530946228,200,0.0,0,0.0,24.9,598.7709999999987,32.508,18.419189122677455,1.0
169,3,10,0.0,-22.40755489240542,200,0.0,0,0.0,10.050000000000008,1445.912999999997,54.788999999999994,26.39057110003828,1.0
169,4,10,1.0,9.63031493060851,10,0.5465806408589244,0,0.0,0.8500000000000001,59.982,32.785000000000004,1.82955619948147,1.0
169,5,10,0.0,-25.804279290853028,200,0.0,0,0.0,14.950000000000003,725.590000000001,38.92,18.643114080164466,1.0
169,6,10,0.0,-25.38784553664343,200,0.0,0,0.0,14.950000000000003,1149.1690000000042,59.574,19.289774062510563,1.0
169,7,10,0.0,-25.285807632282978,200,0.0,0,0.0,15.050000000000002,2986.939999999993,53.824,55.49457491082032,1.0
169,8,10,1.0,9.955112198971866,8,0.9365897512735989,0,0.0,0.5500000000000002,50.055,46.88099999999999,1.0677033339732516,1.0
169,9,10,1.0,10.728966296523632,2,0.8734282093771322,0,0.0,0.15000000000000002,20.518,17.921,1.144913788293064,1.0
170,0,10,1.0,10.39725139007699,5,0.9234719067838452,0,0.0,0.25,20.254,18.704,1.0828699743370402,1.0
170,1,10,0.0,-23.913528700790486,200,0.0,0,0.0,12.000000000000016,1082.2419999999995,52.12400000000001,20.76283477860485,1.0
170,2,10,0.0,-28.18661303349235,200,0.0,0,0.0,19.950000000000017,797.099000000003,39.621,20.118093940082353,1.0
170,3,10,0.0,-23.26484690175593,200,0.0,0,0.0,10.000000000000007,614.5030000000028,48.236999999999995,12.739245807160538,1.0
170,4,10,0.0,-23.26256507230255,200,0.0,0,0.0,10.050000000000008,665.6009999999997,53.94,12.339655172413787,1.0
170,5,10,0.0,-23.22458223957993,200,0.0,0,0.0,10.000000000000007,1704.8330000000078,62.476,27.287806517702922,1.0
170,6,10,0.0,-23.48448655062239,200,0.0,0,0.0,10.150000000000011,306.93799999999925,75.43099999999998,4.069122774456116,1.0
170,7,10,1.0,9.831860474767597,9,0.7774909654104287,0,0.0,0.6500000000000001,61.983999999999995,48.19200000000001,1.286188579017264,1.0
170,8,10,0.0,-22.864778250900756,200,0.0,0,0.0,10.000000000000007,1451.444999999997,45.795,31.694398951850573,1.0
170,9,10,0.0,-25.638110469279635,200,0.0,0,0.0,15.000000000000004,404.58200000000096,41.894000000000005,9.65727789182224,1.0
171,0,10,1.0,10.369788163354444,5,0.6305136090329095,0,0.0,0.3,21.787,13.737,1.586008589939579,1.0
171,1,10,0.0,-23.117638482797307,200,0.0,0,0.0,10.000000000000007,979.1249999999994,74.901,13.072255377097763,1.0
171,2,10,0.0,-23.071423424183685,200,0.0,0,0.0,10.050000000000008,668.4180000000033,59.255,11.280364526200376,1.0
171,3,10,0.0,-25.431255342065903,200,0.0,0,0.0,15.000000000000004,701.9059999999996,57.562,12.193912650707057,1.0
171,4,10,0.0,-24.772770586120135,200,0.0,0,0.0,13.350000000000012,664.122,30.591,21.70971854467,1.0
171,5,10,0.0,-13.059072843150673,11,0.0,10,1.0,0.05,3.258,51.151,0.06369376942777268,1.0
171,6,10,0.0,-23.080547112461954,200,0.0,0,0.0,10.000000000000007,831.0090000000004,7.567,109.82014008193477,1.0
171,7,10,1.0,10.225208938665538,6,0.7091106615718888,0,0.0,0.4,26.694000000000003,18.929000000000002,1.410217127159385,1.0
171,8,10,0.0,-13.167329425102182,11,0.0,10,1.0,0.05,5.737,33.519,0.17115665741818076,1.0
171,9,10,1.0,10.315779880163987,5,0.767165045725069,0,0.0,0.4,20.667,15.855000000000002,1.3035004730368969,1.0
172,0,10,0.0,-12.728984716157207,12,0.0,10,1.0,0.2,8.391,16.488,0.50891557496361,1.0
172,1,10,1.0,9.234119210812889,13,0.7020491987587881,0,0.0,1.05,66.709,46.833,1.4244015971643929,1.0
172,2,10,0.0,-32.07874005045991,200,0.0,9,0.0,9.650000000000002,719.0509999999995,61.43499999999999,11.70425653129323,1.0
172,3,10,0.0,-13.189470776798853,12,0.0,10,1.0,0.1,9.274999999999999,49.601,0.1869921977379488,1.0
172,4,10,0.0,-23.317908236594786,200,0.0,0,0.0,10.100000000000009,809.0900000000013,36.18,22.362907683803243,1.0
172,5,10,1.0,10.755145691688636,2,1.0,0,0.0,0.1,14.414,14.414,1.0,1.0
172,6,10,0.0,-12.809634363418832,11,0.0,10,1.0,0.05,15.815,68.538,0.23074790627097377,1.0
172,7,10,0.0,-12.921272493573266,11,0.0,10,1.0,0.05,3.646,34.620999999999995,0.10531180497385981,1.0
172,8,10,1.0,10.486672957932834,4,0.940971840785089,0,0.0,0.25,27.309,25.696999999999996,1.0627310581001677,1.0
172,9,10,1.0,10.037642679900744,7,0.7280819892914626,0,0.0,0.6000000000000001,30.443000000000005,22.165,1.3734716896007222,1.0
173,0,10,0.0,-23.289834374712832,200,0.0,0,0.0,10.050000000000008,750.2520000000031,43.532,17.23449416521187,1.0
173,1,10,1.0,8.903006903717793,15,0.7760783992127276,0,0.0,1.3500000000000003,73.164,56.781000000000006,1.288529613779257,1.0
173,2,10,0.0,-24.57126729096357,200,0.0,0,0.0,12.500000000000014,938.5499999999986,21.037,44.614251081427895,1.0
173,3,10,0.0,-12.9,10,0.0,10,1.0,0.0,0.0,5.955,0.0,1.0
173,4,10,1.0,10.535390379139818,3,1.0,0,0.0,0.35,13.346,13.346,1.0,1.0
173,5,10,1.0,10.3442529296875,5,1.0,0,0.0,0.35,26.624,26.624,1.0,1.0
173,6,10,0.0,-12.9,10,0.0,10,1.0,0.0,0.0,49.288,0.0,1.0
173,7,10,1.0,10.585355881267464,3,1.0,0,0.0,0.25,18.967,18.967,1.0,1.0
173,8,10,1.0,10.346006388985192,5,0.9798602348830439,0,0.0,0.35000000000000003,41.212,40.382000000000005,1.0205537120499233,1.0
173,9,10,0.0,-24.67144494023026,200,0.0,0,0.0,13.300000000000013,724.8359999999975,36.306000000000004,19.96463394480244,1.0
174,0,10,1.0,10.368308831458252,5,0.9991022049845577,0,0.0,0.3,27.846000000000004,27.820999999999998,1.0008986017756374,1.0
174,1,10,1.0,9.629794899091713,10,0.6937848668185747,0,0.0,0.8500000000000001,63.635000000000005,44.149,1.441369000430361,1.0
174,2,10,0.0,-23.35308597792338,200,0.0,0,0.0,10.150000000000011,635.2309999999993,46.384,13.695045705415646,1.0
174,3,10,1.0,9.913542737827987,8,0.9326414372228102,0,0.0,0.6500000000000001,44.419,41.42700000000001,1.0722234291645543,1.0
174,4,10,1.0,9.831778274271292,9,0.879642603679508,0,0.0,0.6000000000000001,54.953,48.339000000000006,1.136825337719026,1.0
174,5,10,1.0,10.58353891022905,3,0.9801524588639956,0,0.0,0.25,21.514,21.087,1.020249442784654,1.0
174,6,10,0.0,-23.206366748956764,200,0.0,0,0.0,10.150000000000011,1437.411999999997,68.05199999999999,21.12225944865687,1.0
174,7,10,1.0,10.30437770800628,5,0.5436823597692124,0,0.0,0.45,29.291,15.925,1.839309262166405,1.0
174,8,10,0.0,-25.71630287984113,200,0.0,0,0.0,15.000000000000002,1120.6799999999967,40.28,27.822244289970126,1.0
174,9,10,1.0,10.73128858779159,2,1.0,0,0.0,0.15000000000000002,14.318,14.318,1.0,1.0
175,0,10,0.0,-13.009792542809425,14,0.0,10,1.0,0.30000000000000004,30.115,49.69700000000002,0.6059721914803708,1.0
175,1,10,0.0,-23.092948682852853,200,0.0,0,0.0,10.100000000000009,635.4329999999993,47.489000000000004,13.380635515593069,1.0
175,2,10,0.0,-25.742107052130688,200,0.0,0,0.0,15.000000000000002,1631.7529999999965,55.898,29.19161687359112,1.0
175,3,10,0.0,-13.184755246208187,14,0.0,10,1.0,0.35,44.421,72.19500000000001,0.6152919177228339,1.0
175,4,10,0.0,-14.83382702073293,26,0.0,10,1.0,0.8000000000000002,53.871999999999986,30.916999999999998,1.7424717792800075,1.0
175,5,10,0.0,-19.235772663336075,26,0.0,15,1.0,0.8999999999999999,43.336000000000006,41.233999999999995,1.050977348789834,1.0
175,6,10,0.0,-23.700271575227696,200,0.0,0,0.0,10.15000000000001,1073.6580000000024,32.827000000000005,32.70655253297597,1.0
175,7,10,0.0,-26.262640994066935,200,0.0,0,0.0,15.000000000000004,1019.895999999996,44.665,22.834344565095623,1.0
175,8,10,1.0,10.641732021567117,3,0.8320806385829984,0,0.0,0.15000000000000002,17.162999999999997,14.280999999999999,1.2018065961767381,1.0
175,9,10,0.0,-25.768823179202265,200,0.0,0,0.0,15.000000000000004,1354.5999999999983,25.195,53.76463584044446,1.0
176,0,10,1.0,10.173479860259585,6,0.9275919050582655,0,0.0,0.5,46.597,43.223,1.0780602919741804,1.0
176,1,10,0.0,-22.913040911358735,200,0.0,0,0.0,10.000000000000007,885.9550000000012,24.052000000000003,36.83498253783473,1.0
176,2,10,1.0,9.507483512318384,11,0.7862791067313042,0,0.0,0.9000000000000001,50.332,39.575,1.2718130132659506,1.0
176,3,10,1.0,10.250907696967403,6,1.0,0,0.0,0.35,26.413,26.413,1.0,1.0
176,4,10,0.0,-13.287588092030262,17,0.0,10,1.0,0.6,36.348,38.596,0.9417556223442844,1.0
176,5,10,1.0,10.464244959451229,4,1.0,0,0.0,0.3,31.197,31.197,1.0,1.0
176,6,10,0.0,-26.183643872253416,200,0.0,0,0.0,14.950000000000003,1023.2879999999959,38.138000000000005,26.831191986994487,1.0
176,7,10,1.0,10.61022412350042,3,1.0,0,0.0,0.2,10.753,10.753,1.0,1.0
176,8,10,0.0,-13.52935453588598,17,0.0,10,1.0,0.39999999999999997,47.48300000000001,35.153,1.3507524251130776,1.0
176,9,10,0.0,-13.25401755795497,17,0.0,10,1.0,0.5,45.769,51.031000000000006,0.8968862064235463,1.0
177,0,10,0.0,-25.419160231660236,200,0.0,0,0.0,15.000000000000004,736.9999999999969,45.584,16.1679536679536,1.0
177,1,10,0.0,-24.749668964984433,200,0.0,0,0.0,13.300000000000013,729.7949999999981,51.77700000000001,14.094964945825328,1.0
177,2,10,0.0,-23.2566635508443,200,0.0,0,0.0,10.100000000000009,1068.7320000000047,50.281,21.25518585549223,1.0
177,3,10,1.0,8.947868861545283,15,0.538425726973213,0,0.0,1.2500000000000004,83.772,45.105000000000004,1.8572663784502825,1.0
177,4,10,1.0,10.462606438213914,4,0.6485784384471065,0,0.0,0.3,20.787,13.482000000000001,1.5418335558522474,1.0
177,5,10,1.0,10.368438507348522,5,0.5816754592258311,0,0.0,0.3,31.466,18.303,1.7191717204829808,1.0
177,6,10,1.0,9.536707418438734,11,0.7179640197431404,0,0.0,0.8499999999999999,80.43299999999999,57.748000000000005,1.3928274572279558,1.0
177,7,10,1.0,10.618245647236941,3,0.3680691000278629,0,0.0,0.2,28.712000000000003,10.568000000000001,2.716881150643452,1.0
177,8,10,1.0,10.75559309252696,2,1.0,0,0.0,0.1,13.261,13.261,1.0,1.0
177,9,10,1.0,10.490318250377074,4,1.0,0,0.0,0.25,26.52,26.52,1.0,1.0
178,0,10,0.0,-13.378287111209325,15,0.0,10,1.0,0.35000000000000003,53.059,54.303000000000004,0.9770915050733844,1.0
178,1,10,0.0,-28.335768553459182,200,0.0,0,0.0,19.95000000000003,1046.5380000000005,71.55000000000001,14.62666666666667,1.0
178,2,10,0.0,-24.21783842297173,200,0.0,0,0.0,12.500000000000014,828.7370000000003,17.552,47.21610072926164,1.0
178,3,10,1.0,10.377436582109478,5,0.7938695043880104,0,0.0,0.3,23.587,18.725,1.2596528704939918,1.0
178,4,10,0.0,-23.045449318691343,200,0.0,0,0.0,10.000000000000007,823.5319999999977,69.572,11.837118380957822,1.0
178,5,10,0.0,-23.49847253391566,200,0.0,0,0.0,10.100000000000009,1065.2280000000048,49.461000000000006,21.536725905258784,1.0
178,6,10,0.0,-25.15079475003299,200,0.0,0,0.0,13.950000000000008,816.4340000000002,45.486,17.949127203974854,1.0
178,7,10,0.0,-13.144004030151503,15,0.0,10,1.0,0.3,24.33,40.197,0.6052690499290991,1.0
178,8,10,1.0,10.317594032030883,5,0.8008104607929148,0,0.0,0.4,23.936999999999998,19.169,1.2487349366164118,1.0
178,9,10,1.0,10.027693043924115,7,0.6448661993563463,0,0.0,0.6,45.366,29.255000000000003,1.5507092804648777,1.0
179,0,10,0.0,-26.168265868920187,200,0.0,0,0.0,15.200000000000003,933.0820000000015,62.007999999999996,15.047768029931646,1.0
179,1,10,0.0,-25.204586474148,200,0.0,0,0.0,15.000000000000004,1166.9930000000031,18.838,61.94887992355893,1.0
179,2,10,0.0,-27.986931373670348,200,0.0,0,0.0,20.050000000000026,734.9099999999988,43.714999999999996,16.811391970719406,1.0
179,3,10,1.0,9.725280371345729,10,0.6627587179577589,0,0.0,0.65,56.72200000000001,37.593,1.5088447317319715,1.0
179,4,10,0.0,-22.953083722820498,200,0.0,0,0.0,10.000000000000007,903.9999999999976,39.368,22.962812436496584,1.0
179,5,10,1.0,10.463580852342835,4,0.9503006614552015,0,0.0,0.3,33.26,31.607000000000003,1.052298541462334,1.0
179,6,10,0.0,-25.492962564715246,200,0.0,0,0.0,14.850000000000003,371.9389999999993,25.11,14.812385503783325,1.0
179,7,10,1.0,9.617649354056004,10,0.8379645742128111,0,0.0,0.85,54.593,45.747,1.1933678711172317,1.0
179,8,10,1.0,9.979067817943811,7,0.8906127390534269,0,0.0,0.7000000000000001,44.60300000000001,39.724000000000004,1.1228224750780387,1.0
179,9,10,0.0,-25.150737543540828,200,0.0,0,0.0,13.400000000000013,687.8229999999982,46.221,14.881179550420766,1.0
180,0,10,0.0,-25.47670080013269,200,0.0,0,0.0,15.000000000000002,941.5999999999987,48.242000000000004,19.51826209526965,1.0
180,1,10,1.0,10.120061401851503,7,0.5161586019932518,0,0.0,0.45,51.273,26.465000000000003,1.9373890043453617,1.0
180,2,10,0.0,-23.35795484832737,200,0.0,0,0.0,10.050000000000008,884.6669999999979,44.272999999999996,19.9820884060262,1.0
180,3,10,0.0,-23.097519930646392,200,0.0,0,0.0,10.000000000000007,666.0189999999984,58.82899999999999,11.321270121878639,1.0
180,4,10,1.0,10.21265327088684,5,0.9892984186769497,0,0.0,0.6000000000000001,33.453,33.095,1.0108173440096693,1.0
180,5,10,1.0,10.413200583693074,4,0.6169861574820872,0,0.0,0.4,26.657,16.447,1.6207819055146837,1.0
180,6,10,0.0,-12.929168419710589,11,0.0,10,1.0,0.1,3.907,31.374000000000002,0.1245298654937209,1.0
180,7,10,0.0,-25.42241007453285,200,0.0,0,0.0,14.950000000000003,740.0569999999984,55.546,13.323317610629,1.0
180,8,10,1.0,9.499222280286496,11,0.5755559880398435,0,0.0,0.9000000000000001,56.521,32.531,1.7374504318957302,1.0
180,9,10,0.0,-12.90258754935268,11,0.0,10,1.0,0.05,13.303,54.455,0.24429345331007257,1.0
181,0,10,0.0,-12.9,10,0.0,10,1.0,0.0,0.0,37.771,0.0,1.0
181,1,10,1.0,10.026805955550724,7,0.4722350526045675,0,0.0,0.6,38.970000000000006,18.403,2.1175895234472644,1.0
181,2,10,0.0,-13.044711844197138,10,0.0,10,1.0,0.0,0.0,25.16,0.0,1.0
181,3,10,0.0,-13.39650028480755,18,0.0,10,1.0,0.7,52.238,61.44500000000001,0.8501586784929611,1.0
181,4,10,1.0,9.66257289081886,11,0.7692150380040221,0,0.0,0.6,58.67799999999999,45.136,1.3000265863169087,1.0
181,5,10,0.0,-24.657180780712686,200,0.0,0,0.0,13.350000000000012,635.4310000000007,26.463,24.01205456675361,1.0
181,6,10,1.0,10.267449152877058,5,1.0,0,0.0,0.5,25.321,25.321,1.0,1.0
181,7,10,0.0,-23.05098542414348,200,0.0,0,0.0,10.000000000000007,508.6000000000011,49.876999999999995,10.197084828678573,1.0
181,8,10,0.0,-25.680992671410042,200,0.0,0,0.0,15.000000000000004,537.611999999999,46.80299999999999,11.48669957054033,1.0
181,9,10,0.0,-13.70009940866974,18,0.0,10,1.0,0.39999999999999997,38.72,42.95399999999999,0.9014294361409881,1.0
182,0,10,1.0,9.704846123475262,10,0.7638450183330425,0,0.0,0.7000000000000001,63.00099999999999,48.123000000000005,1.3091660952143462,1.0
182,1,10,1.0,9.987983858353926,8,0.8313049357674104,0,0.0,0.49999999999999994,38.454,31.967,1.2029280195201302,1.0
182,2,10,1.0,9.80843710021322,9,0.8472330944782318,0,0.0,0.65,49.821,42.20999999999999,1.1803127221037673,1.0
182,3,10,0.0,-25.39439329769263,200,0.0,0,0.0,15.000000000000004,736.9999999999969,43.208999999999996,17.0566317202434,1.0
182,4,10,0.0,-23.014331618270386,200,0.0,0,0.0,10.000000000000007,724.399999999999,50.72699999999999,14.280363514499165,1.0
182,5,10,0.0,-13.22117673169781,16,0.0,10,1.0,0.35,22.599999999999998,46.18299999999999,0.48935755581057966,1.0
182,6,10,0.0,-13.299062468446031,16,0.0,10,1.0,0.39999999999999997,38.843999999999994,59.422,0.6536972838342701,1.0
182,7,10,1.0,10.164327582592026,7,0.5125343485669547,0,0.0,0.35,65.141,33.387,1.9510887471171416,1.0
182,8,10,1.0,10.009317516285185,7,0.8570257881123716,0,0.0,0.65,39.049,33.466,1.1668260323910835,1.0
182,9,10,0.0,-22.99895919319529,200,0.0,0,0.0,10.000000000000007,993.399999999998,55.726,17.826508272619566,1.0
183,0,10,1.0,9.384264455988736,12,0.7461509666356733,0,0.0,0.9500000000000001,82.813,61.79100000000001,1.3402113576410801,1.0
183,1,10,0.0,-25.488358793495827,200,0.0,0,0.0,15.000000000000002,539.2779999999989,48.769000000000005,11.057803112633001,1.0
183,2,10,0.0,-13.2696506122588,15,0.0,10,1.0,0.35000000000000003,36.29,58.717,0.6180492872592265,1.0
183,3,10,0.0,-24.60602542547342,200,0.0,0,0.0,13.350000000000012,600.623000000001,58.288,10.304402278342042,1.0
183,4,10,1.0,10.705428679817906,2,1.0,0,0.0,0.2,10.544,10.544,1.0,1.0
183,5,10,0.0,-23.404587544191735,200,0.0,0,0.0,10.050000000000008,955.013000000003,28.003,34.10395314787712,1.0
183,6,10,0.0,-13.538474188460267,15,0.0,10,1.0,0.25,19.403,51.353,0.3778357642202013,1.0
183,7,10,0.0,-22.982010429036098,200,0.0,0,0.0,10.000000000000007,960.5280000000007,38.738,24.795497960658803,1.0
183,8,10,1.0,10.608317742315856,3,0.9382652308600089,0,0.0,0.2,13.558,12.721,1.065796714094804,1.0
183,9,10,0.0,-25.79179059403852,200,0.0,0,0.0,14.950000000000003,704.4620000000019,71.35900000000001,9.872083409240625,1.0
184,0,10,0.0,-24.630281168850587,200,0.0,0,0.0,13.300000000000013,976.4979999999979,67.006,14.573291944004984,1.0
184,1,10,0.0,-25.399145567363266,200,0.0,0,0.0,15.000000000000002,556.0700000000012,42.062999999999995,13.219932006751806,1.0
184,2,10,1.0,9.90235007019033,7,0.9039693079533717,0,0.0,0.8500000000000001,33.885,30.631,1.1062322483758282,1.0
184,3,10,0.0,-25.43064163862817,200,0.0,0,0.0,15.000000000000002,753.3570000000001,50.82300000000001,14.823150935600022,1.0
184,4,10,0.0,-24.908585228516316,200,0.0,0,0.0,13.350000000000012,836.5879999999987,50.259,16.64553612288344,1.0
184,5,10,1.0,10.19296326789107,6,0.7986202431770822,0,0.0,0.45,49.429,39.475,1.2521595946801773,1.0
184,6,10,1.0,10.160172989254313,7,0.42767864914265824,0,0.0,0.35,57.445,24.568,2.338204168023445,1.0
184,7,10,1.0,10.248536994660563,6,0.9577732320280539,0,0.0,0.35,41.06399999999999,39.33,1.044088482074752,1.0
184,8,10,0.0,-22.93101232876714,200,0.0,0,0.0,10.000000000000007,1081.9870000000008,58.4,18.52717465753426,1.0
184,9,10,0.0,-23.08316043776927,200,0.0,0,0.0,10.000000000000007,659.3589999999998,17.178,38.383921294679226,1.0
185,0,10,0.0,-24.389670483487308,200,0.0,0,0.0,12.550000000000015,834.5550000000001,47.509,17.5662506051485,1.0
185,1,10,0.0,-24.749958090883858,200,0.0,0,0.0,13.300000000000013,828.7479999999983,28.872,28.70421169298969,1.0
185,2,10,0.0,-13.129070249975298,12,0.0,10,1.0,0.1,8.746,30.362999999999996,0.28804795310081355,1.0
185,3,10,0.0,-25.504057866075314,200,0.0,0,0.0,15.000000000000002,1143.2670000000041,66.29100000000001,17.246187265239683,1.0
185,4,10,0.0,-28.149761760625484,200,0.0,0,0.0,19.950000000000017,730.1020000000015,39.644999999999996,18.41599192836427,1.0
185,5,10,1.0,9.791820111167256,9,0.6245660544088872,0,0.0,0.7000000000000001,47.529,29.685000000000002,1.6011116725619,1.0
185,6,10,0.0,-25.56496568685784,200,0.0,0,0.0,15.000000000000004,361.59999999999934,25.209,14.344083462255517,1.0
185,7,10,1.0,10.391071270892464,4,0.9447622452627816,0,0.0,0.45000000000000007,16.782,15.855,1.0584673604541155,1.0
185,8,10,0.0,-25.611041403951237,200,0.0,0,0.0,14.950000000000003,905.823999999996,38.064,23.797393862967528,1.0
185,9,10,0.0,-13.097437631268889,12,0.0,10,1.0,0.1,8.852,58.563,0.15115345866844254,1.0
186,0,10,0.0,-28.20254435616488,200,0.0,0,0.0,20.000000000000014,1636.899999999997,57.771,28.3342853680912,1.0
186,1,10,0.0,-23.32548594559826,200,0.0,0,0.0,10.200000000000012,825.6550000000005,52.866,15.617882949343635,1.0
186,2,10,0.0,-13.316416923862063,15,0.0,10,1.0,0.4,17.591,41.149,0.4274952003693893,1.0
186,3,10,0.0,-13.312205187274097,19,0.0,10,1.0,0.6,39.178000000000004,25.177,1.5561027922310047,1.0
186,4,10,1.0,10.634696751940213,3,1.0,0,0.0,0.15000000000000002,13.916,13.916,1.0,1.0
186,5,10,1.0,10.10811943084563,7,0.5777981277981278,0,0.0,0.44999999999999996,49.14,28.393,1.7307082731659211,1.0
186,6,10,0.0,-25.706412770314227,200,0.0,0,0.0,15.000000000000002,906.9309999999979,32.231,28.138469175638292,1.0
186,7,10,0.0,-13.682123010600291,19,0.0,10,1.0,0.49999999999999994,40.510999999999996,33.867,1.1961791714648478,1.0
186,8,10,0.0,-13.122508606521926,15,0.0,10,1.0,0.3,25.055,57.805,0.43344001383963326,1.0
186,9,10,1.0,9.801858908571685,9,0.8803472522292494,0,0.0,0.7000000000000001,50.914,44.822,1.1359153986881443,1.0
187,0,10,1.0,9.987614832390339,8,0.6565608148591973,0,0.0,0.49999999999999994,50.069999999999986,32.873999999999995,1.5230881547727686,1.0
187,1,10,1.0,10.349815758242395,5,0.8174676415607772,0,0.0,0.35000000000000003,42.260999999999996,34.547000000000004,1.2232900107100468,1.0
187,2,10,1.0,10.200719087544377,6,0.8694995402600815,0,0.0,0.45,30.451999999999995,26.477999999999998,1.15008686456681,1.0
187,3,10,0.0,-28.076932435720735,200,0.0,0,0.0,20.00000000000003,758.799999999998,49.316,15.386487144131682,1.0
187,4,10,1.0,10.028231080534196,7,1.0,0,0.0,0.6000000000000001,24.71,24.71,1.0,1.0
187,5,10,1.0,9.840045953734714,9,0.7971893368656346,0,0.0,0.6000000000000001,48.316,38.517,1.2544071448970584,1.0
187,6,10,0.0,-22.997494083252096,200,0.0,0,0.0,10.000000000000007,619.0000000000031,35.915,17.235138521509203,1.0
187,7,10,0.0,-30.696591579031182,200,0.0,0,0.0,24.85,526.8489999999995,50.208,10.493327756532814,1.0
187,8,10,0.0,-24.99950925489271,200,0.0,0,0.0,13.350000000000014,580.180999999999,33.928,17.10035958500351,1.0
187,9,10,0.0,-23.085404428377743,200,0.0,0,0.0,10.000000000000007,982.7999999999979,57.53799999999999,17.080885675553514,1.0
188,0,10,0.0,-14.14309713875684,18,0.0,10,1.0,0.6000000000000001,75.496,22.298000000000002,3.3857745089245666,1.0
188,1,10,0.0,-24.146098525710208,200,0.0,0,0.0,12.500000000000014,750.2500000000008,27.810000000000002,26.977705861201034,1.0
188,2,10,1.0,10.175807194369623,6,0.9019239058030643,0,0.0,0.5,25.520999999999997,23.018,1.1087409853158396,1.0
188,3,10,0.0,-25.519249576783544,200,0.0,0,0.0,14.950000000000003,815.5020000000005,20.675,39.443869407497,1.0
188,4,10,0.0,-24.44759495468512,200,0.0,0,0.0,12.050000000000017,622.4839999999998,38.729,16.072813653851114,1.0
188,5,10,0.0,-14.8695798146241,28,0.0,10,1.0,0.9000000000000002,217.4479999999999,43.69499999999999,4.97649616660945,1.0
188,6,10,1.0,10.466733707000769,4,0.532712742601212,0,0.0,0.3,34.160999999999994,18.198,1.8771843059676885,1.0
188,7,10,0.0,-13.41351048062672,18,0.0,10,1.0,0.85,62.757999999999996,66.122,0.9491243459060524,1.0
188,8,10,0.0,-33.5226215128383,200,0.0,0,0.0,29.699999999999896,923.6960000000039,36.025,25.640416377515724,1.0
188,9,10,0.0,-24.92534649013234,200,0.0,0,0.0,13.400000000000013,656.9320000000008,40.03,16.410991756182884,1.0
189,0,10,0.0,-32.99586217164035,200,0.0,0,0.0,29.800000000000004,626.0159999999987,60.452,10.355587904453099,1.0
189,1,10,0.0,-24.71037755418335,200,0.0,0,0.0,13.250000000000012,831.1989999999988,41.941,19.818292363081444,1.0
189,2,10,0.0,-24.973692697924676,200,0.0,0,0.0,13.350000000000012,783.3930000000007,32.525,24.085872405841684,1.0
189,3,10,1.0,9.543682594323938,11,0.9907565305015115,0,0.0,0.8,51.604000000000006,51.127,1.0093297083732666,1.0
189,4,10,1.0,10.63376130828114,3,1.0,0,0.0,0.15000000000000002,20.118000000000002,20.118000000000002,1.0,1.0
189,5,10,1.0,9.272164613593185,13,0.5225202145544793,0,0.0,1.0,62.455,32.634,1.9138015566586994,1.0
189,6,10,0.0,-23.233427348422627,200,0.0,0,0.0,10.000000000000007,421.381000000001,34.108,12.354315703060896,1.0
189,7,10,1.0,9.789133456579224,9,0.8001984907214947,0,0.0,0.7000000000000001,53.403000000000006,42.73299999999999,1.249689935178902,1.0
189,8,10,0.0,-23.086079884656158,200,0.0,0,0.0,10.000000000000007,764.2000000000033,44.389,17.215976931221775,1.0
189,9,10,0.0,-23.259297402300547,200,0.0,0,0.0,10.15000000000001,722.5819999999975,65.635,11.009095756837015,1.0
190,0,10,0.0,-31.769630278790867,200,0.0,9,0.0,9.55,1089.846000000001,42.504999999999995,25.640418774261875,1.0
190,1,10,0.0,-28.082594022862818,200,0.0,0,0.0,20.00000000000003,961.0229999999996,58.523,16.421287357107452,1.0
190,2,10,1.0,8.114139701060534,15,0.7625312526941977,1,0.0,0.9000000000000001,57.995000000000005,44.223,1.3114216584130431,1.0
190,3,10,0.0,-14.280563013335689,23,0.0,10,1.0,0.65,43.102,22.645999999999997,1.903294179987636,1.0
190,4,10,0.0,-23.250161463733104,200,0.0,0,0.0,10.050000000000008,943.2889999999979,52.086,18.11022155665626,1.0
190,5,10,1.0,10.490189011790447,4,0.9872794911796472,0,0.0,0.25,16.666,16.454,1.012884405007901,1.0
190,6,10,0.0,-22.992794150823403,200,0.0,0,0.0,10.000000000000007,655.943999999999,48.759,13.452777948686377,1.0
190,7,10,1.0,10.057931825388437,7,1.0,0,0.0,0.55,47.305,47.305,1.0,1.0
190,8,10,1.0,10.510208201225957,4,0.9792665677717598,0,0.0,0.2,28.987000000000002,28.386000000000003,1.0211724089339815,1.0
190,9,10,0.0,-23.238145454545457,200,0.0,0,0.0,10.100000000000009,899.5239999999975,55.0,16.354981818181773,1.0
191,0,10,0.0,-25.643436304459645,200,0.0,0,0.0,15.000000000000004,1831.7269999999912,35.026,52.29620853080543,1.0
191,1,10,0.0,-22.82636030493512,200,0.0,0,0.0,10.000000000000007,686.240000000003,37.385,18.35602514377432,1.0
191,2,10,0.0,-24.089704239855806,200,0.0,0,0.0,12.650000000000016,931.7149999999993,50.49700000000001,18.450898073152846,1.0
191,3,10,0.0,-24.164330389295312,200,0.0,0,0.0,12.000000000000016,944.1600000000033,52.762,17.894696940980314,1.0
191,4,10,0.0,-25.45602952714929,200,0.0,0,0.0,15.000000000000002,637.4000000000018,62.451,10.206401819026144,1.0
191,5,10,1.0,9.84383465685325,8,1.0,0,0.0,0.8,61.955999999999996,61.955999999999996,1.0,1.0
191,6,10,0.0,-25.891282059882357,200,0.0,0,0.0,14.950000000000003,731.3910000000011,44.721000000000004,16.35453142818812,1.0
191,7,10,1.0,10.004153598956194,7,0.9117886805754444,0,0.0,0.65,45.391000000000005,41.387,1.0967453548215624,1.0
191,8,10,1.0,10.108775269099501,7,0.6953831798450241,0,0.0,0.44999999999999996,49.298,34.281,1.4380560660424142,1.0
191,9,10,1.0,9.45731043783152,12,0.7703335364840158,0,0.0,0.8000000000000002,72.196,55.615,1.298138991279331,1.0
192,0,10,0.0,-25.743467291403807,200,0.0,0,0.0,15.000000000000004,1223.3370000000027,33.294,36.74346729140394,1.0
192,1,10,0.0,-22.87482812356769,200,0.0,0,0.0,10.000000000000007,1092.3999999999983,43.635999999999996,25.034375286460683,1.0
192,2,10,1.0,9.798152711688147,9,0.7265712650257585,0,0.0,0.7000000000000002,43.675,31.733,1.3763274824315381,1.0
192,3,10,1.0,10.344779695770349,5,0.9775322798676176,0,0.0,0.35000000000000003,21.453,20.971,1.0229841209289017,1.0
192,4,10,0.0,-28.003242476441457,200,0.0,0,0.0,20.000000000000014,1703.3859999999966,39.47599999999999,43.14991387171945,1.0
192,5,10,1.0,9.905959583785304,8,0.955288609149524,0,0.0,0.65,52.11200000000001,49.782000000000004,1.046804065726568,1.0
192,6,10,0.0,-25.620273319376604,200,0.0,0,0.0,15.000000000000002,906.6399999999979,51.588,17.57462975885861,1.0
192,7,10,0.0,-22.908662904855365,200,0.0,0,0.0,10.100000000000009,790.5280000000017,52.457,15.070019253865103,1.0
192,8,10,1.0,10.318823575793415,5,1.0,0,0.0,0.4,25.365000000000002,25.365000000000002,1.0,1.0
192,9,10,0.0,-23.29078432867111,200,0.0,0,0.0,10.150000000000011,845.9510000000026,52.477999999999994,16.12010747360804,1.0
193,0,10,0.0,-23.24191190056273,200,0.0,0,0.0,10.050000000000008,1143.864,35.721000000000004,32.02217183169564,1.0
193,1,10,0.0,-24.743624085448094,200,0.0,0,0.0,13.300000000000013,1232.667000000001,63.009,19.56334809312957,1.0
193,2,10,0.0,-23.03931770087758,200,0.0,0,0.0,10.20000000000001,905.0509999999975,64.268,14.082451608887744,1.0
193,3,10,0.0,-22.97946383087111,200,0.0,0,0.0,10.000000000000007,873.6370000000031,62.816,13.907873790117216,1.0
193,4,10,0.0,-26.846587537092,200,0.0,0,0.0,18.00000000000003,798.2800000000005,40.44,19.739861523244326,1.0
193,5,10,0.0,-25.380381799647964,200,0.0,0,0.0,15.000000000000004,1345.1270000000015,53.955,24.93053470484666,1.0
193,6,10,1.0,10.090059345949536,7,0.4698999590475632,0,0.0,0.5000000000000001,51.279,24.095999999999997,2.128112549800797,1.0
193,7,10,1.0,9.353915087531188,12,0.7745392404254638,0,0.0,1.0,62.614000000000004,48.497,1.291090170526012,1.0
193,8,10,0.0,-23.426733980199984,200,0.0,0,0.0,10.050000000000008,587.8100000000007,40.606,14.475939516327655,1.0
193,9,10,1.0,9.962142970801178,7,0.7446090047393364,0,0.0,0.75,33.76,25.137999999999998,1.3429867133423503,1.0
194,0,10,1.0,10.390483822271424,5,0.6279385743174923,0,0.0,0.25,31.648000000000003,19.873,1.59251245408343,1.0
194,1,10,0.0,-22.872333175704096,200,0.0,0,0.0,10.050000000000008,949.9159999999979,38.064,24.955758722152108,1.0
194,2,10,1.0,10.469906542056075,4,0.7859391395592865,0,0.0,0.3,15.248000000000001,11.984000000000002,1.2723631508678237,1.0
194,3,10,1.0,10.347445147197861,5,0.9009281560242026,0,0.0,0.35000000000000003,34.046,30.673000000000002,1.1099664199784827,1.0
194,4,10,0.0,-25.586174779257338,200,0.0,0,0.0,15.050000000000002,2208.5540000000037,49.039,45.03668508737951,1.0
194,5,10,1.0,9.116708984375,14,0.7301068263119722,0,0.0,1.1,81.347,59.391999999999996,1.3696625808189655,1.0
194,6,10,1.0,9.86143213505569,8,0.980875039678341,0,0.0,0.7500000000000001,37.804,37.081,1.0194978560448746,1.0
194,7,10,0.0,-23.685625633578912,200,0.0,0,0.0,10.400000000000013,981.3720000000042,36.499,26.887640757281133,1.0
194,8,10,1.0,9.970120739281926,8,0.7932082817625782,0,0.0,0.55,83.219,66.00999999999999,1.2607029237994245,1.0
194,9,10,0.0,-23.159754896597065,200,0.0,0,0.0,10.000000000000007,875.9999999999992,27.417,31.950979319400343,1.0
195,0,10,1.0,10.343763107993878,5,1.0,0,0.0,0.35,43.77100000000001,43.77100000000001,1.0,1.0
195,1,10,0.0,-14.702959659686407,26,0.0,10,1.0,1.0000000000000002,115.38400000000001,48.661,2.3711802059143876,1.0
195,2,10,1.0,9.502327364425991,11,0.770963434272024,0,0.0,0.9000000000000001,50.922,39.259,1.2970783769326777,1.0
195,3,10,0.0,-23.536091787921034,200,0.0,0,0.0,10.15000000000001,589.9590000000001,40.136,14.698998405421568,1.0
195,4,10,1.0,10.417430336211131,4,0.9307506369634808,0,0.0,0.4,15.306999999999999,14.247,1.0744016284129991,1.0
195,5,10,1.0,10.079461234801832,7,0.8859820928931169,0,0.0,0.5,35.74,31.665,1.1286909837359862,1.0
195,6,10,0.0,-13.013815889776673,13,0.0,10,1.0,0.15000000000000002,16.404,35.419000000000004,0.46314125187046495,1.0
195,7,10,0.0,-12.9876365641369,13,0.0,10,1.0,0.2,11.527000000000001,25.391,0.4539797566066717,1.0
195,8,10,0.0,-23.316413731090645,200,0.0,0,0.0,10.050000000000008,427.1440000000002,47.265,9.037215698719987,1.0
195,9,10,1.0,9.585647211895912,10,0.8801492000130877,0,0.0,0.9000000000000001,61.126,53.8,1.1361710037174721,1.0
196,0,10,0.0,-28.34113716836023,200,0.0,0,0.0,19.80000000000001,1530.446999999996,60.721,25.204575023467928,1.0
196,1,10,0.0,-23.081402365435682,200,0.0,0,0.0,10.000000000000007,574.823,33.144,17.343199372435432,1.0
196,2,10,0.0,-24.763307365975592,200,0.0,0,0.0,13.350000000000012,945.3469999999992,39.601,23.871796166763446,1.0
196,3,10,0.0,-23.115849064861628,200,0.0,0,0.0,10.050000000000008,715.9729999999975,34.272999999999996,20.89029265019104,1.0
196,4,10,1.0,10.85,1,1.0,0,0.0,0.1,3.685,3.685,1.0,1.0
196,5,10,0.0,-23.10711503155481,200,0.0,0,0.0,10.000000000000007,515.6959999999982,34.86,14.793344807802589,1.0
196,6,10,1.0,10.730175819242856,2,0.7203061004526837,0,0.0,0.15000000000000002,9.278,6.683,1.3882986682627563,1.0
196,7,10,0.0,-23.343283238734006,200,0.0,0,0.0,10.050000000000008,1248.9159999999977,46.51199999999999,26.851479188166447,1.0
196,8,10,0.0,-23.676079667960323,200,0.0,0,0.0,10.050000000000008,635.7269999999968,18.552,34.26730271668806,1.0
196,9,10,1.0,10.61072168356104,3,1.0,0,0.0,0.2,9.076,9.076,1.0,1.0
197,0,10,1.0,10.137814584949572,7,0.7038715666466445,0,0.0,0.39999999999999997,36.626,25.78,1.4207137315748641,1.0
197,1,10,1.0,10.34493459022701,5,0.8299389724666478,0,0.0,0.35000000000000003,28.183999999999997,23.391000000000002,1.2049078705485015,1.0
197,2,10,1.0,9.720840395218888,10,0.827492229724557,0,0.0,0.6500000000000001,65.313,54.046,1.208470562113755,1.0
197,3,10,0.0,-12.899999999999999,10,0.0,10,1.0,0.0,0.0,17.744,0.0,1.0
197,4,10,0.0,-23.395379140981376,200,0.0,0,0.0,10.000000000000007,1907.3329999999926,39.906000000000006,47.79564476519802,1.0
197,5,10,1.0,10.124959920981652,6,0.8973240156809272,0,0.0,0.6000000000000001,29.335,26.323,1.114424647646545,1.0
197,6,10,1.0,10.732554054054054,2,0.4748917054387935,0,0.0,0.15000000000000002,6.2330000000000005,2.96,2.1057432432432432,1.0
197,7,10,0.0,-23.074506727333052,200,0.0,0,0.0,10.15000000000001,960.7520000000034,51.209,18.76138959948453,1.0
197,8,10,1.0,10.348982164347209,5,0.958219988172679,0,0.0,0.35,33.82,32.407000000000004,1.0436016909926866,1.0
197,9,10,0.0,-12.899999999999999,10,0.0,10,1.0,0.0,0.0,40.427,0.0,1.0
198,0,10,1.0,10.25156481260444,5,0.9226059378028368,0,0.0,0.55,22.701999999999998,20.945,1.0838863690618286,1.0
198,1,10,1.0,10.351693854679036,5,0.7372842453176643,0,0.0,0.35,21.784,16.061,1.3563289957038789,1.0
198,2,10,0.0,-23.116090504813577,200,0.0,0,0.0,10.050000000000008,1018.448000000001,40.926,24.885109710208692,1.0
198,3,10,1.0,10.605706752411574,3,0.9715511496167945,0,0.0,0.2,24.008000000000003,23.325000000000003,1.0292818863879958,1.0
198,4,10,0.0,-29.71360128169401,200,0.0,0,0.0,23.35000000000002,917.4999999999983,28.711999999999996,31.955280022290275,1.0
198,5,10,0.0,-23.006674624247953,200,0.0,0,0.0,10.000000000000007,626.948,41.051,15.272417237095318,1.0
198,6,10,0.0,-25.426207705288473,200,0.0,0,0.0,15.000000000000002,1605.0739999999994,34.963,45.907788233275156,1.0
198,7,10,1.0,10.439583868812008,4,0.972990546691342,0,0.0,0.35000000000000003,19.993000000000002,19.453000000000003,1.027759214517041,1.0
198,8,10,1.0,10.534456915837383,3,0.9221084080239009,0,0.0,0.35,14.058000000000002,12.963000000000001,1.0844711872251793,1.0
198,9,10,0.0,-24.72034645318336,200,0.0,0,0.0,13.350000000000012,872.5440000000011,58.33399999999999,14.957726197414908,1.0
199,0,10,0.0,-13.223776604801637,14,0.0,10,1.0,0.4,20.355,41.111,0.4951229597917833,1.0
199,1,10,0.0,-25.64334837455613,200,0.0,0,0.0,14.950000000000003,836.0150000000023,50.417,16.582006069381404,1.0
199,2,10,0.0,-27.992875965470276,200,0.0,0,0.0,20.000000000000014,771.5590000000029,55.025000000000006,14.021971830985967,1.0
199,3,10,0.0,-12.959415292919383,14,0.0,10,1.0,0.25,34.5,53.018,0.6507223961673394,1.0
199,4,10,1.0,10.463755286654134,4,0.8024510959226963,0,0.0,0.3,21.215,17.024,1.2461818609022555,1.0
199,5,10,1.0,9.594856677081918,10,0.8941716673550203,0,0.0,0.9000000000000001,41.161,36.80499999999999,1.1183534845808996,1.0
199,6,10,0.0,-25.712518664493803,200,0.0,0,0.0,15.000000000000002,1341.271999999999,26.386999999999997,50.830787887975106,1.0
199,7,10,0.0,-30.492015998656246,200,0.0,0,0.0,24.9,316.590999999999,47.62900000000001,6.647021772449535,1.0
199,8,10,0.0,-23.51215304196741,200,0.0,0,0.0,10.050000000000008,623.7369999999992,33.382999999999996,18.684270437048774,1.0
199,9,10,0.0,-25.609566000189577,200,0.0,0,0.0,15.000000000000002,925.0,42.211999999999996,21.913200037903916,1.0
