scenario_id,robot_id,robots,success,reward,steps,spl,collisions,deadlock,cumulative_risk,path_length,shortest_path_length,detour,disruption_applied
0,0,10,1.0,10.755423162583519,2,0.9157658576381806,0,0.0,0.1,9.806000000000001,8.98,1.0919821826280625,1.0
0,1,10,1.0,10.199275673565014,5,0.7195263897250652,0,0.0,0.65,24.915,17.927,1.3898030903107046,1.0
0,2,10,0.0,-23.139082097799047,200,0.0,0,0.0,10.000000000000007,901.5119999999976,43.436,20.754949811216445,1.0
0,3,10,0.0,-25.588335158817184,200,0.0,0,0.0,15.000000000000002,738.1539999999969,54.78,13.474881343555985,1.0
0,4,10,0.0,-23.17463851965199,200,0.0,0,0.0,10.100000000000009,1477.858999999996,41.828,35.33181122692923,1.0
0,5,10,0.0,-23.548205713242645,200,0.0,0,0.0,10.050000000000008,1034.9560000000038,21.914,47.22807337774955,1.0
0,6,10,1.0,10.610215659689857,3,1.0,0,0.0,0.2,23.602,23.602,1.0,1.0
0,7,10,1.0,10.106066279632318,7,0.872667398463227,0,0.0,0.44999999999999996,35.529,31.004999999999995,1.1459119496855348,1.0
0,8,10,1.0,10.370793854033291,5,1.0,0,0.0,0.3,23.43,23.43,1.0,1.0
0,9,10,0.0,-26.383425096974996,200,0.0,0,0.0,16.549999999999994,914.1120000000011,67.801,13.482279022433314,1.0
1,0,10,0.0,-30.417472725227757,200,0.0,0,0.0,25.0,586.999999999999,35.564,16.50545495444829,1.0
1,1,10,1.0,10.0399224695586,7,0.7944977703877258,0,0.0,0.6000000000000001,26.462,21.024,1.2586567732115677,1.0
1,2,10,0.0,-13.420599887991038,13,0.0,10,1.0,0.30000000000000004,12.891000000000002,62.495000000000005,0.20627250180014403,1.0
1,3,10,0.0,-12.935763286845079,13,0.0,10,1.0,0.2,15.625,29.183,0.5354144536202584,1.0
1,4,10,0.0,-23.16559643527692,200,0.0,0,0.0,10.000000000000007,1100.209000000003,77.762,14.148414392633972,1.0
1,5,10,0.0,-30.62055183847468,200,0.0,0,0.0,25.0,1224.983,50.666999999999994,24.177136992519788,1.0
1,6,10,1.0,9.866782080316417,8,0.8516285008013472,0,0.0,0.75,36.813,31.351,1.1742209179930465,1.0
1,7,10,0.0,-23.53561846704059,200,0.0,0,0.0,10.100000000000009,922.3619999999992,61.515,14.99409900024383,1.0
1,8,10,1.0,10.25018484189512,6,0.9276431098912,0,0.0,0.35000000000000003,30.239000000000004,28.051000000000002,1.0780007842857653,1.0
1,9,10,1.0,10.323618966107496,5,0.992794507511386,0,0.0,0.39999999999999997,29.422000000000004,29.21,1.0072577884286205,1.0
2,0,10,1.0,9.382309901785163,12,0.7837432223082881,0,0.0,0.9500000000000002,61.968,48.567,1.2759280993267035,1.0
2,1,10,0.0,-25.40799314835648,200,0.0,0,0.0,15.000000000000004,1599.9829999999995,38.239000000000004,41.8416538089385,1.0
2,2,10,0.0,-22.91186250946566,200,0.0,0,0.0,10.000000000000007,1074.6000000000042,30.372999999999998,35.38010733217016,1.0
2,3,10,1.0,9.693348975562223,10,0.7082765760366151,0,0.0,0.7000000000000001,55.059000000000005,38.99699999999999,1.411877836756674,1.0
2,4,10,1.0,10.370883392226148,5,0.9054001875448177,0,0.0,0.3,18.129,16.414,1.1044839770927257,1.0
2,5,10,0.0,-22.956294231181598,200,0.0,0,0.0,10.000000000000007,678.5999999999993,46.63,14.552862963757223,1.0
2,6,10,1.0,10.155164674724976,6,0.789090129675276,0,0.0,0.5500000000000002,37.324,29.452,1.2672823577346188,1.0
2,7,10,1.0,9.619712243318308,10,0.9392520366925395,0,0.0,0.8500000000000001,46.767,43.926,1.0646769566999044,1.0
2,8,10,1.0,9.980123491527545,7,0.8926408617754585,0,0.0,0.7000000000000001,35.833,31.986000000000004,1.1202713687238164,1.0
2,9,10,0.0,-25.693485650463746,200,0.0,0,0.0,14.950000000000003,909.5339999999978,41.186,22.08357208760253,1.0
3,0,10,0.0,-25.95971126271629,200,0.0,0,0.0,14.800000000000002,726.8350000000019,66.254,10.970431973918583,1.0
3,1,10,1.0,9.90104856480554,9,0.8081735550570112,0,0.0,0.49999999999999994,43.23700000000001,34.943,1.2373579830008874,1.0
3,2,10,1.0,10.160801793531988,6,0.6893329114848255,0,0.0,0.55,41.089000000000006,28.323999999999998,1.4506778703572945,1.0
3,3,10,0.0,-29.58614376851223,200,0.0,0,0.0,23.25000000000002,720.3769999999996,52.66800000000001,13.67769803296118,1.0
3,4,10,1.0,9.339821982430399,12,0.6617708512573438,0,0.0,1.05,81.362,53.843,1.5110970785431717,1.0
3,5,10,0.0,-23.20628979730714,200,0.0,0,0.0,10.000000000000007,3199.850999999989,41.146,77.76821562241747,1.0
3,6,10,0.0,-23.59661342849903,200,0.0,0,0.0,10.10000000000001,950.2819999999992,51.279,18.531601630296986,1.0
3,7,10,1.0,10.484219367217186,4,0.933125043881205,0,0.0,0.25,28.485999999999997,26.581000000000003,1.0716677325909483,1.0
3,8,10,0.0,-24.798488665554952,200,0.0,0,0.0,13.300000000000013,794.6559999999988,44.378,17.906530262742773,1.0
3,9,10,0.0,-23.118626799557042,200,0.0,0,0.0,10.000000000000007,630.6000000000021,21.672,29.097452934662332,1.0
4,0,10,1.0,9.54129329864624,11,0.8269885854299887,0,0.0,0.8,50.199000000000005,41.514,1.2092065327359445,1.0
4,1,10,0.0,-28.238843541082524,200,0.0,0,0.0,20.05000000000003,1032.4070000000033,37.096000000000004,27.830682553375116,1.0
4,2,10,0.0,-23.134914221780186,200,0.0,0,0.0,10.000000000000007,987.2000000000025,32.176,30.681253107906592,1.0
4,3,10,1.0,10.102265985699693,7,0.9448712504343124,0,0.0,0.45,51.806000000000004,48.949999999999996,1.0583452502553627,1.0
4,4,10,0.0,-23.33766666666669,200,0.0,0,0.0,10.050000000000008,1048.8129999999967,20.669999999999998,50.740832123850836,1.0
4,5,10,1.0,10.728223614676129,2,1.0,0,0.0,0.15000000000000002,6.623,6.623,1.0,1.0
4,6,10,1.0,9.727436998789097,9,0.8211511763160856,0,0.0,0.8,53.30200000000001,43.769,1.2178025543192672,1.0
4,7,10,0.0,-13.315443043065587,17,0.0,10,1.0,0.44999999999999996,39.687,62.161,0.638454979810492,1.0
4,8,10,1.0,10.37872386913901,5,0.3124469537621315,0,0.0,0.35000000000000003,27.098999999999997,8.467,3.200543285697413,1.0
4,9,10,0.0,-13.212790246547915,17,0.0,10,1.0,0.5,42.825,47.94199999999999,0.8932668641274876,1.0
5,0,10,0.0,-12.91071352309125,14,0.0,10,1.0,0.4,32.1,44.02100000000001,0.729197428500034,1.0
5,1,10,0.0,-25.643556321955582,200,0.0,0,0.0,15.000000000000004,811.0230000000012,39.434,20.56659228077297,1.0
5,2,10,0.0,-28.021168141592856,200,0.0,0,0.0,20.00000000000003,704.9999999999974,28.250000000000004,24.955752212389285,1.0
5,3,10,0.0,-25.57352019086325,200,0.0,0,0.0,15.000000000000002,354.8960000000007,56.585,6.27190951665637,1.0
5,4,10,0.0,-13.03463800797569,14,0.0,10,1.0,0.2,15.718,42.128,0.373101025446259,1.0
5,5,10,1.0,9.718774865197812,10,0.8331286279128459,0,0.0,0.65,59.435,49.516999999999996,1.20029484823394,1.0
5,6,10,1.0,10.396457519985127,5,0.8278477672976717,0,0.0,0.25,45.483,37.653,1.2079515576448092,1.0
5,7,10,1.0,10.084280266713153,7,0.8916954882835268,0,0.0,0.49999999999999994,51.466,45.891999999999996,1.121459077834917,1.0
5,8,10,1.0,10.467949325894933,4,1.0,0,0.0,0.30000000000000004,21.509999999999998,21.509999999999998,1.0,1.0
5,9,10,0.0,-13.396471061374365,14,0.0,10,1.0,0.30000000000000004,15.525,28.595,0.5429270851547474,1.0
6,0,10,0.0,-13.645682752233391,21,0.0,10,1.0,0.9000000000000001,55.179,51.827000000000005,1.064676712910259,1.0
6,1,10,0.0,-13.025066045305847,15,0.0,10,1.0,0.5000000000000001,23.012,32.402,0.7102030738843281,1.0
6,2,10,0.0,-14.12367142817672,21,0.0,10,1.0,0.8500000000000001,75.49,72.386,1.0428812201254387,1.0
6,3,10,0.0,-23.344048466818148,200,0.0,0,0.0,10.050000000000008,583.909,42.689,13.67820750076132,1.0
6,4,10,0.0,-13.57017532116771,15,0.0,10,1.0,0.25,15.84,42.57900000000001,0.372014373282604,1.0
6,5,10,1.0,9.88049182125159,8,0.936199039290553,0,0.0,0.7000000000000001,48.714,45.606,1.0681489277726615,1.0
6,6,10,1.0,10.440630024303607,4,0.9253925003243805,0,0.0,0.35,23.121,21.396,1.0806225462703307,1.0
6,7,10,0.0,-23.073754361665337,200,0.0,0,0.0,10.000000000000007,610.9979999999985,37.543000000000006,16.27461843752493,1.0
6,8,10,1.0,10.414897018495827,4,0.9012462533522639,0,0.0,0.39999999999999997,19.017,17.139000000000003,1.1095746542972167,1.0
6,9,10,1.0,10.22808746703816,6,0.8728070175438597,0,0.0,0.4,23.028,20.099,1.1457286432160803,1.0
7,0,10,0.0,-25.732978101805543,200,0.0,0,0.0,15.000000000000002,907.8009999999967,37.994,23.89327262199286,1.0
7,1,10,1.0,10.349782059699985,5,0.9080027516624627,0,0.0,0.35,21.805,19.799,1.1013182483963837,1.0
7,2,10,0.0,-22.984846313677682,200,0.0,0,0.0,10.000000000000007,729.400000000002,27.914,26.130257218600057,1.0
7,3,10,0.0,-24.975999603045757,200,0.0,0,0.0,14.950000000000003,725.2430000000019,55.422000000000004,13.085832340947672,1.0
7,4,10,0.0,-26.27679260476055,200,0.0,0,0.0,16.699999999999996,807.7760000000029,62.094,13.008921957032932,1.0
7,5,10,0.0,-22.693660521508132,200,0.0,0,0.0,10.000000000000007,636.4729999999993,48.168,13.213606543763479,1.0
7,6,10,0.0,-23.024728008088996,200,0.0,0,0.0,10.000000000000007,921.324000000001,34.615,26.616322403582288,1.0
7,7,10,1.0,10.585854593717741,3,1.0,0,0.0,0.25,13.562,13.562,1.0,1.0
7,8,10,0.0,-30.04810733882564,200,0.0,0,0.0,24.8,616.1639999999984,63.239,9.743417827606358,1.0
7,9,10,0.0,-23.00325629286416,200,0.0,0,0.0,10.000000000000007,1114.3999999999985,54.387,20.49019067056463,1.0
8,0,10,0.0,-13.065373902244298,14,0.0,10,1.0,0.3,16.16,33.819,0.4778379017711937,1.0
8,1,10,0.0,-12.929969693504116,12,0.0,10,1.0,0.15000000000000002,12.711,34.976,0.36342063129002744,1.0
8,2,10,0.0,-13.120460662236862,15,0.0,10,1.0,0.35,25.174000000000003,35.818,0.7028309788374562,1.0
8,3,10,0.0,-23.057758937731048,200,0.0,0,0.0,10.000000000000007,541.3999999999996,51.663,10.479453380562486,1.0
8,4,10,0.0,-28.293969060351426,200,0.0,0,0.0,19.950000000000028,1244.8490000000024,26.18,47.54961802902989,1.0
8,5,10,0.0,-13.426427706199757,14,0.0,10,1.0,0.25,16.701,36.324,0.4597786587380245,1.0
8,6,10,1.0,10.349433188243905,5,0.7801250075124707,0,0.0,0.35000000000000003,33.278,25.961,1.2818458456916144,1.0
8,7,10,0.0,-12.772630022612631,12,0.0,10,1.0,0.2,29.058,63.239,0.45949493192491975,1.0
8,8,10,0.0,-13.16352287154234,15,0.0,10,1.0,0.5,39.707,77.97900000000001,0.5092011951935776,1.0
8,9,10,1.0,9.979928308173879,8,0.9638911869190713,0,0.0,0.5,41.098000000000006,39.614,1.0374615035088608,1.0
9,0,10,1.0,10.199913698253336,6,0.8701271503365744,0,0.0,0.44999999999999996,33.425000000000004,29.084000000000003,1.1492573236143584,1.0
9,1,10,1.0,10.366186856796933,5,0.8848088082130634,0,0.0,0.3,33.605,29.733999999999995,1.1301876639537232,1.0
9,2,10,0.0,-13.14468641814259,14,0.0,10,1.0,0.25,19.715,19.931,0.9891626110079774,1.0
9,3,10,0.0,-33.04389586510014,200,0.0,0,0.0,29.649999999999896,916.0150000000037,33.447,27.38706012497395,1.0
9,4,10,1.0,9.955715759292284,7,0.8372807916386099,0,0.0,0.75,34.157000000000004,28.599,1.194342459526557,1.0
9,5,10,0.0,-23.36401310306058,200,0.0,0,0.0,10.000000000000007,920.4579999999987,51.591,17.841445213312376,1.0
9,6,10,0.0,-13.167647715482712,14,0.0,10,1.0,0.30000000000000004,39.614000000000004,76.143,0.5202579357261995,1.0
9,7,10,1.0,9.365206066920264,13,0.6033005905396714,0,0.0,0.8,68.41199999999999,41.272999999999996,1.6575485184018608,1.0
9,8,10,0.0,-13.882430191190398,17,0.0,10,1.0,0.7,45.312,39.071000000000005,1.1597348416984463,1.0
9,9,10,0.0,-25.502335403726683,200,0.0,0,0.0,15.000000000000004,729.8329999999983,60.37500000000001,12.088331262939928,1.0
10,0,10,0.0,-30.85626902364775,200,0.0,0,0.0,24.75,748.7409999999968,46.981,15.937102232817454,1.0
10,1,10,1.0,9.895849656412562,8,0.5697714839819236,0,0.0,0.7000000000000001,54.657000000000004,31.141999999999996,1.7550895896217331,1.0
10,2,10,0.0,-23.674732338021258,200,0.0,0,0.0,10.150000000000011,577.939000000001,48.494,11.917742401121808,1.0
10,3,10,1.0,10.491101198583493,4,1.0,0,0.0,0.25,14.684000000000001,14.684000000000001,1.0,1.0
10,4,10,1.0,9.830085314828043,9,0.759000495724377,0,0.0,0.6,64.552,48.99499999999999,1.317522196142464,1.0
10,5,10,0.0,-13.274079653679653,19,0.0,10,1.0,0.7,61.090999999999994,57.75,1.0578528138528138,1.0
10,6,10,1.0,10.729832544594101,2,0.8236881559220389,0,0.0,0.15000000000000002,6.67,5.494,1.2140516927557337,1.0
10,7,10,1.0,10.729641251573458,2,1.0,0,0.0,0.15000000000000002,11.122,11.122,1.0,1.0
10,8,10,1.0,10.214397338403042,6,0.922968941919635,0,0.0,0.39999999999999997,28.495,26.3,1.0834600760456274,1.0
10,9,10,0.0,-13.732518356305551,19,0.0,10,1.0,0.8,58.338,62.104000000000006,0.9393597835888187,1.0
11,0,10,1.0,10.104679704119127,7,0.7512303194290592,0,0.0,0.44999999999999996,55.06699999999999,41.367999999999995,1.3311496809127827,1.0
11,1,10,1.0,9.266863657277236,13,0.6619627749576988,0,0.0,0.9500000000000003,59.1,39.122,1.5106589642656307,1.0
11,2,10,0.0,-25.65840101609976,200,0.0,0,0.0,14.950000000000003,1350.6549999999984,58.262,23.1824345199272,1.0
11,3,10,0.0,-25.986731549067223,200,0.0,0,0.0,15.000000000000002,740.467999999998,49.31999999999999,15.013544201135405,1.0
11,4,10,0.0,-23.231947942905148,200,0.0,0,0.0,10.000000000000007,822.3020000000023,14.292000000000002,57.535824237335724,1.0
11,5,10,0.0,-12.968954269423778,15,0.0,10,1.0,0.45000000000000007,50.02,51.213,0.9767051334622069,1.0
11,6,10,1.0,10.256121725017389,6,0.8638612374066137,0,0.0,0.35,49.927,43.13,1.1575933225133317,1.0
11,7,10,1.0,9.35256752963194,12,0.8607289079804014,0,0.0,1.0,74.495,64.12,1.1618059887710543,1.0
11,8,10,0.0,-13.624490342221291,15,0.0,10,1.0,0.6500000000000001,18.303,38.104000000000006,0.480343271047659,1.0
11,9,10,1.0,10.495819191863356,4,0.8875533532845998,0,0.0,0.25,20.383000000000003,18.091,1.1266928306892932,1.0
12,0,10,0.0,-25.722487714432173,200,0.0,0,0.0,14.950000000000003,1223.9749999999942,66.33800000000001,18.450586390907084,1.0
12,1,10,0.0,-23.447780224317068,200,0.0,0,0.0,10.000000000000007,981.5630000000049,29.066,33.770143810638025,1.0
12,2,10,1.0,10.460827108399384,4,0.9545504027868496,0,0.0,0.3,36.744,35.074,1.0476136169242174,1.0
12,3,10,0.0,-13.146580276505583,14,0.0,10,1.0,0.35,17.891,46.726,0.3828917519154218,1.0
12,4,10,0.0,-12.844261777459687,15,0.0,10,1.0,0.6,28.873,23.753,1.2155517197827643,1.0
12,5,10,1.0,10.490067845959459,4,1.0,0,0.0,0.25,18.203,18.203,1.0,1.0
12,6,10,0.0,-13.300876086229946,14,0.0,10,1.0,0.25,15.431000000000001,47.872,0.3223387366310161,1.0
12,7,10,0.0,-13.457662895161448,15,0.0,10,1.0,0.25,14.399,50.20099999999999,0.28682695563833394,1.0
12,8,10,0.0,-23.04052517596112,200,0.0,0,0.0,10.000000000000007,613.154999999999,36.94,16.598673524634513,1.0
12,9,10,1.0,10.490402084697115,4,0.9957879957879958,0,0.0,0.25,19.942999999999998,19.858999999999998,1.00422982023264,1.0
13,0,10,1.0,10.635940792774711,3,0.5656709004470305,0,0.0,0.15000000000000002,14.093,7.972,1.767812343201204,1.0
13,1,10,1.0,9.76100458065877,9,0.6996499957830817,0,0.0,0.7500000000000001,47.428,33.183,1.4292860802218001,1.0
13,2,10,0.0,-12.89344349091639,11,0.0,10,1.0,0.05,5.495,39.852,0.1378851751480478,1.0
13,3,10,1.0,10.341769827021174,5,0.8312448181925857,0,0.0,0.35000000000000003,42.214999999999996,35.091,1.203015018095808,1.0
13,4,10,0.0,-22.925567144316098,200,0.0,0,0.0,10.000000000000007,1658.8229999999978,32.311,51.33926526569892,1.0
13,5,10,0.0,-25.914531518329444,200,0.0,0,0.0,14.950000000000003,648.7340000000019,43.673,14.854349369175505,1.0
13,6,10,1.0,10.198310755632416,6,0.9962670495333811,0,0.0,0.45,20.895000000000003,20.817,1.0037469375990777,1.0
13,7,10,1.0,10.06498418238399,7,0.8034673297416771,0,0.0,0.55,72.39,58.163000000000004,1.2446056771487026,1.0
13,8,10,0.0,-12.945525291246145,11,0.0,10,1.0,0.1,7.3,66.782,0.10931089215656914,1.0
13,9,10,0.0,-26.676679065922734,200,0.0,0,0.0,17.500000000000032,945.6499999999997,24.195,39.08452159537094,1.0
14,0,10,0.0,-12.92132100567721,12,0.0,10,1.0,0.2,12.379,30.825000000000003,0.4015896188158961,1.0
14,1,10,1.0,10.199999231596742,6,0.8819662502541397,0,0.0,0.45,44.267,39.042,1.1338302341068593,1.0
14,2,10,0.0,-25.97832163863387,200,0.0,0,0.0,15.050000000000002,722.0909999999972,77.52800000000002,9.313938190073225,1.0
14,3,10,1.0,9.40096357659683,12,0.7599965541500955,0,0.0,0.9500000000000001,69.649,52.933,1.315795439517881,1.0
14,4,10,1.0,6.40968949211909,20,0.5796836612454569,2,0.0,1.4000000000000001,98.502,57.099999999999994,1.7250788091068303,1.0
14,5,10,0.0,-25.32991024908399,200,0.0,0,0.0,15.000000000000002,1605.7999999999995,29.749000000000002,53.9782849843692,1.0
14,6,10,0.0,-12.740468851545817,11,0.0,10,1.0,0.1,7.25,21.542,0.33655185219571065,1.0
14,7,10,0.0,-22.86418430884181,200,0.0,0,0.0,10.000000000000007,1586.9999999999927,42.559,37.28940999553544,1.0
14,8,10,0.0,-12.942764002656629,11,0.0,10,1.0,0.1,4.029,18.068,0.22299092317910116,1.0
14,9,10,0.0,-23.382812664761133,200,0.0,0,0.0,10.000000000000007,466.82499999999857,36.037,12.95404722923658,1.0
15,0,10,1.0,9.359456218898577,12,0.88996212822126,0,0.0,1.0,81.063,72.143,1.1236433195181792,1.0
15,1,10,0.0,-23.065814131038316,200,0.0,0,0.0,10.000000000000007,758.6000000000012,57.632000000000005,13.162826207662429,1.0
15,2,10,1.0,10.030598015553768,7,0.8894807982825793,0,0.0,0.6000000000000001,37.731,33.561,1.1242513631894164,1.0
15,3,10,1.0,9.96395022151289,8,0.8132706724851739,0,0.0,0.55,44.685,36.341,1.2296029278225695,1.0
15,4,10,0.0,-23.139385009854333,200,0.0,0,0.0,10.000000000000007,901.0059999999975,52.260999999999996,17.24050439141994,1.0
15,5,10,1.0,10.126275232774674,7,0.4428062537106669,0,0.0,0.45,30.318000000000005,13.425,2.2583240223463688,1.0
15,6,10,1.0,10.753984794275492,2,0.20780669144981415,0,0.0,0.15000000000000002,10.76,2.236,4.812164579606439,1.0
15,7,10,1.0,10.249548666479066,6,0.9617211931681502,0,0.0,0.35,33.256,31.983000000000004,1.0398023950223556,1.0
15,8,10,1.0,10.324842631781454,5,0.5380952380952381,0,0.0,0.39999999999999997,24.150000000000002,12.995000000000001,1.8584070796460177,1.0
15,9,10,0.0,-13.338877329342472,15,0.0,10,1.0,0.3,19.906000000000002,41.428,0.4804962827073478,1.0
16,0,10,1.0,10.76628817541112,2,0.316304415134064,0,0.0,0.1,16.149,5.108,3.1615113547376668,1.0
16,1,10,1.0,9.644244679762636,10,0.8980360629378662,0,0.0,0.8000000000000002,43.535,39.096000000000004,1.11354102721506,1.0
16,2,10,0.0,-23.01407124413762,200,0.0,0,0.0,10.000000000000007,730.078000000002,37.954,19.23586446751336,1.0
16,3,10,1.0,9.452192383789432,12,0.46056578853064956,0,0.0,0.8,97.66899999999998,44.983000000000004,2.1712424693773196,1.0
16,4,10,1.0,9.981554906626288,7,0.8929307236672676,0,0.0,0.7000000000000001,31.064,27.738,1.1199077078376234,1.0
16,5,10,0.0,-23.251613342813137,200,0.0,0,0.0,10.000000000000007,762.3750000000031,33.756,22.584873800213387,1.0
16,6,10,0.0,-22.965946753893856,200,0.0,0,0.0,10.000000000000007,824.1999999999977,46.163,17.85412559842293,1.0
16,7,10,0.0,-28.65171209310163,200,0.0,0,0.0,19.750000000000032,1254.9930000000024,59.28999999999999,21.167026480013536,1.0
16,8,10,1.0,10.346976931430925,5,0.9119877049180328,0,0.0,0.35,29.279999999999998,26.703,1.096506010560611,1.0
16,9,10,0.0,-30.636306602206886,200,0.0,0,0.0,25.0,1477.3999999999926,54.193999999999996,27.26132044137714,1.0
17,0,10,0.0,-25.03693863181559,200,0.0,0,0.0,13.450000000000014,693.7969999999996,40.477000000000004,17.14052424833855,1.0
17,1,10,0.0,-25.54602295936333,200,0.0,0,0.0,15.000000000000004,1342.1010000000015,56.796,23.630202831185322,1.0
17,2,10,1.0,10.465765668612027,4,0.8134158926728586,0,0.0,0.3,19.38,15.764,1.2293834052270998,1.0
17,3,10,0.0,-13.34116990536181,14,0.0,10,1.0,0.30000000000000004,17.628,65.40700000000001,0.26951243750668885,1.0
17,4,10,1.0,6.807054534989688,17,0.5568717530949934,2,0.0,1.2000000000000002,74.879,41.69800000000001,1.7957455993093192,1.0
17,5,10,0.0,-23.10553202413039,200,0.0,0,0.0,10.000000000000007,1368.1730000000018,38.955,35.121884225388314,1.0
17,6,10,0.0,-12.726983086835553,14,0.0,10,1.0,0.25,20.565,27.316000000000003,0.7528554693220091,1.0
17,7,10,0.0,-23.536406790178148,200,0.0,0,0.0,10.15000000000001,690.8239999999971,45.123999999999995,15.309458381349108,1.0
17,8,10,0.0,-23.170846584275974,200,0.0,0,0.0,10.000000000000007,1239.3029999999937,49.682,24.94470834507455,1.0
17,9,10,1.0,9.651468410528024,10,0.7155065738592421,0,0.0,0.8000000000000002,51.72,37.006,1.3976111981840782,1.0
18,0,10,1.0,10.252726861202033,6,0.9556420751389305,0,0.0,0.35,30.051,28.718,1.046416881398426,1.0
18,1,10,1.0,10.610144558961318,3,0.9683732987686325,0,0.0,0.2,7.715,7.471,1.0326596171864542,1.0
18,2,10,1.0,10.304505112793693,5,0.6535557596163657,0,0.0,0.45,19.602,12.811,1.5300913277652017,1.0
18,3,10,0.0,-29.565592090223287,200,0.0,0,0.0,23.25000000000002,1067.2700000000013,39.36899999999999,27.109400797581895,1.0
18,4,10,1.0,9.894612329803328,8,0.6125865214747024,0,0.0,0.7000000000000001,34.529,21.152,1.6324224659606656,1.0
18,5,10,1.0,10.562252061248527,3,0.9464882943143813,0,0.0,0.30000000000000004,22.425,21.225,1.0565371024734982,1.0
18,6,10,0.0,-25.421064690026935,200,0.0,0,0.0,14.950000000000003,1170.8240000000017,25.228,46.409703504043186,1.0
18,7,10,1.0,10.100054785423756,6,0.7053072216855477,0,0.0,0.65,34.161,24.093999999999998,1.4178218643645724,1.0
18,8,10,0.0,-28.50505239929748,200,0.0,0,0.0,19.750000000000032,611.987000000001,67.74900000000001,9.033151780838107,1.0
18,9,10,0.0,-25.546822214504438,200,0.0,0,0.0,15.000000000000004,997.0000000000024,63.346000000000004,15.738957471663598,1.0
19,0,10,1.0,9.249559134940302,13,0.7134247279857283,0,0.0,1.0000000000000002,62.221000000000004,44.39,1.4016895697229106,1.0
19,1,10,0.0,-12.93326041584315,14,0.0,10,1.0,0.35,38.904,63.245,0.6151316309589692,1.0
19,2,10,0.0,-31.72889483872594,200,0.0,0,0.0,27.5,709.9000000000004,39.77700000000001,17.8469970083214,1.0
19,3,10,1.0,10.156008354133768,7,1.0,0,0.0,0.35,39.262,39.262,1.0,1.0
19,4,10,0.0,-13.129141479318072,14,0.0,10,1.0,0.30000000000000004,19.69,58.891999999999996,0.33434082727704956,1.0
19,5,10,0.0,-25.687457844394135,200,0.0,0,0.0,14.950000000000003,381.17999999999967,40.564,9.397002268020897,1.0
19,6,10,0.0,-28.14277035236946,200,0.0,0,0.0,20.00000000000003,965.6900000000024,24.69,39.1125961927907,1.0
19,7,10,0.0,-23.33241490133307,200,0.0,0,0.0,10.050000000000008,683.3929999999972,39.983,17.09208913788353,1.0
19,8,10,1.0,10.75729805966322,2,1.0,0,0.0,0.1,11.699,11.699,1.0,1.0
19,9,10,0.0,-25.802726654438228,200,0.0,0,0.0,15.000000000000004,545.9200000000008,48.52100000000001,11.251210815935382,1.0
20,0,10,0.0,-23.74323014839223,200,0.0,0,0.0,10.100000000000009,902.5809999999975,39.153,23.052665185298636,1.0
20,1,10,0.0,-12.703821501955327,11,0.0,10,1.0,0.05,5.275,15.087,0.3496387618479486,1.0
20,2,10,0.0,-25.53451330233151,200,0.0,0,0.0,15.000000000000004,525.1999999999979,31.611000000000004,16.614469646641922,1.0
20,3,10,0.0,-22.784120657992442,200,0.0,0,0.0,10.000000000000007,833.9620000000017,25.593,32.585550736529584,1.0
20,4,10,0.0,-28.300519480519412,200,0.0,0,0.0,19.90000000000003,1028.6569999999963,42.273,24.333664513992293,1.0
20,5,10,0.0,-13.017577575506827,11,0.0,10,1.0,0.05,5.783,48.339999999999996,0.1196317749275962,1.0
20,6,10,0.0,-12.861224738675958,11,0.0,10,1.0,0.1,13.531,40.17999999999999,0.33675958188153315,1.0
20,7,10,1.0,10.730142938550669,2,1.0,0,0.0,0.15000000000000002,10.529,10.529,1.0,1.0
20,8,10,0.0,-12.830339409930438,11,0.0,10,1.0,0.05,6.997,29.183000000000003,0.23976287564678062,1.0
20,9,10,0.0,-25.44729007297007,200,0.0,0,0.0,15.050000000000002,1036.9109999999973,45.361,22.859085998985854,1.0
21,0,10,0.0,-22.60141948738021,200,0.0,0,0.0,10.000000000000007,682.0000000000001,10.222000000000001,66.71884171395031,1.0
21,1,10,0.0,-23.089731682870607,200,0.0,0,0.0,10.050000000000008,1350.6529999999952,49.885000000000005,27.07533326651288,1.0
21,2,10,1.0,10.317520419275796,5,1.0,0,0.0,0.4,29.384,29.384,1.0,1.0
21,3,10,1.0,10.080817281903741,7,0.5623594581253771,0,0.0,0.5,36.466,20.507,1.7782220705125078,1.0
21,4,10,1.0,10.26259952267303,6,0.751596469828514,0,0.0,0.35,27.874,20.95,1.3305011933174224,1.0
21,5,10,0.0,-22.784120657992442,200,0.0,0,0.0,10.000000000000007,833.9620000000017,25.593,32.585550736529584,1.0
21,6,10,1.0,10.875,1,1.0,0,0.0,0.05,3.298,3.298,1.0,1.0
21,7,10,1.0,10.235683264917604,6,0.5553022794846383,0,0.0,0.4,30.27,16.809,1.8008209887560234,1.0
21,8,10,0.0,-23.25750838301044,200,0.0,0,0.0,10.050000000000008,638.5739999999992,53.67999999999999,11.895938897168392,1.0
21,9,10,0.0,-23.30466240064276,200,0.0,0,0.0,10.000000000000007,681.6459999999972,34.849,19.55998737409961,1.0
22,0,10,1.0,10.128050790822009,7,0.9356848395015979,0,0.0,0.39999999999999997,43.178000000000004,40.400999999999996,1.0687359223781592,1.0
22,1,10,0.0,-23.251354507726628,200,0.0,0,0.0,10.000000000000007,1343.8930000000048,47.95099999999999,28.026381097370336,1.0
22,2,10,0.0,-23.086418623564107,200,0.0,0,0.0,10.000000000000007,1148.9399999999966,39.348,29.19945105214996,1.0
22,3,10,0.0,-28.14345068170006,200,0.0,0,0.0,20.050000000000022,899.3750000000028,75.03300000000002,11.986392653898987,1.0
22,4,10,0.0,-23.311616774320505,200,0.0,0,0.0,10.000000000000007,1056.6419999999941,30.499000000000002,34.645135906095085,1.0
22,5,10,0.0,-23.03959497727922,200,0.0,0,0.0,10.000000000000007,506.7300000000014,45.553,11.123965490747073,1.0
22,6,10,1.0,10.462314821365405,4,1.0,0,0.0,0.3,14.135,14.135,1.0,1.0
22,7,10,0.0,-27.791587648918014,200,0.0,0,0.0,20.000000000000014,1686.1930000000013,20.565,81.99333819596407,1.0
22,8,10,1.0,9.960257348530295,8,0.634435338593865,0,0.0,0.55,39.413,25.005,1.5762047590481902,1.0
22,9,10,1.0,10.147998050980242,6,0.7923151456428268,0,0.0,0.55,33.026,26.167,1.2621240493751673,1.0
23,0,10,1.0,10.486161271050372,4,0.8849712510739541,0,0.0,0.25,30.262,26.781,1.1299802098502671,1.0
23,1,10,0.0,-23.218942122303524,200,0.0,0,0.0,10.050000000000008,831.9580000000018,54.977999999999994,15.132562115755427,1.0
23,2,10,1.0,9.61115325891844,10,0.8589632255206026,0,0.0,0.85,56.425,48.467,1.1641941939876617,1.0
23,3,10,0.0,-13.731702871642533,20,0.0,10,1.0,0.7000000000000001,59.755,64.632,0.9245420225275405,1.0
23,4,10,0.0,-13.921496483763907,20,0.0,10,1.0,0.7500000000000001,58.744,68.39699999999999,0.8588680790093134,1.0
23,5,10,0.0,-25.52093479479358,200,0.0,0,0.0,14.950000000000003,1041.2619999999974,32.114,32.42392725913924,1.0
23,6,10,1.0,10.183561220933129,6,0.6836067805841105,0,0.0,0.5,29.378,20.083,1.462829258576906,1.0
23,7,10,1.0,10.48981110415362,4,0.9956359102244389,0,0.0,0.25,19.248,19.164,1.0043832185347525,1.0
23,8,10,0.0,-35.69748705373995,200,0.0,0,0.0,34.94999999999991,1059.2719999999952,58.318,18.16372303576932,1.0
23,9,10,0.0,-25.656894383230313,200,0.0,0,0.0,15.000000000000004,900.6239999999979,37.21,24.203816178446598,1.0
24,0,10,0.0,-23.105593607305845,200,0.0,0,0.0,10.000000000000007,573.3480000000017,45.114,12.708870860486805,1.0
24,1,10,0.0,-22.917580957442823,200,0.0,0,0.0,10.000000000000007,514.4000000000004,26.341,19.528491704946678,1.0
24,2,10,0.0,-23.296135834820525,200,0.0,0,0.0,10.050000000000008,592.7780000000013,44.267,13.390968441502727,1.0
24,3,10,0.0,-30.53131493024647,200,0.0,0,0.0,25.0,517.4390000000009,26.952,19.198538141881894,1.0
24,4,10,0.0,-30.816808787001865,200,0.0,0,0.0,24.900000000000002,1222.83,43.883,27.86568830754506,1.0
24,5,10,0.0,-23.506576084426097,200,0.0,0,0.0,10.100000000000009,635.8299999999988,64.435,9.867773725459747,1.0
24,6,10,1.0,10.205537377296752,6,0.8846089618703034,0,0.0,0.45,35.93,31.784,1.1304429901837403,1.0
24,7,10,0.0,-23.264041226109907,200,0.0,0,0.0,10.050000000000008,910.5469999999985,59.962,15.185400753810722,1.0
24,8,10,0.0,-25.584002507503495,200,0.0,0,0.0,15.000000000000002,784.2220000000034,26.320999999999998,29.794536681737146,1.0
24,9,10,1.0,10.22210871104816,6,0.9579840077538163,0,0.0,0.4,41.269999999999996,39.535999999999994,1.0438587616349657,1.0
25,0,10,0.0,-25.521936437923074,200,0.0,0,0.0,14.000000000000009,1021.0369999999994,78.443,13.016292084698435,1.0
25,1,10,0.0,-23.169733517668305,200,0.0,0,0.0,10.050000000000008,1029.4010000000017,39.421,26.113010831790206,1.0
25,2,10,1.0,10.584427968655817,3,1.0,0,0.0,0.25,16.590000000000003,16.590000000000003,1.0,1.0
25,3,10,0.0,-28.20441402928668,200,0.0,0,0.0,19.80000000000003,856.5370000000007,42.34,20.22997165800663,1.0
25,4,10,0.0,-25.591005756609146,200,0.0,0,0.0,15.000000000000002,827.6229999999957,27.273,30.34587320793443,1.0
25,5,10,0.0,-22.986917345347432,200,0.0,0,0.0,10.000000000000007,678.5999999999993,57.71,11.758793969849235,1.0
25,6,10,0.0,-26.127836618941533,200,0.0,0,0.0,15.000000000000004,795.1259999999986,50.77700000000001,15.65917639876319,1.0
25,7,10,0.0,-24.320254131370607,200,0.0,0,0.0,12.500000000000014,691.2500000000001,36.005,19.198722399666714,1.0
25,8,10,0.0,-25.36087135608768,200,0.0,0,0.0,15.000000000000002,1644.0000000000045,53.410999999999994,30.78017636816395,1.0
25,9,10,0.0,-25.56500795602483,200,0.0,0,0.0,15.000000000000002,1112.8209999999988,34.565000000000005,32.1950238680746,1.0
26,0,10,0.0,-23.13830364591552,200,0.0,0,0.0,10.050000000000008,1429.2919999999942,44.351,32.226826903564614,1.0
26,1,10,0.0,-13.745310624079739,18,0.0,10,1.0,0.6500000000000001,48.470000000000006,35.316,1.3724657379091632,1.0
26,2,10,0.0,-26.114323059861743,200,0.0,0,0.0,15.050000000000002,908.5139999999959,43.283,20.990088487396804,1.0
26,3,10,1.0,10.475869663736065,4,0.3160503022143287,0,0.0,0.3,34.909,11.033000000000001,3.16405329466147,1.0
26,4,10,0.0,-28.339227046498202,200,0.0,0,0.0,19.950000000000028,1115.2349999999985,72.73400000000001,15.333062941677873,1.0
26,5,10,0.0,-13.867405607560352,18,0.0,10,1.0,0.6000000000000001,36.517,44.653999999999996,0.8177766829399383,1.0
26,6,10,0.0,-24.7029338973921,200,0.0,0,0.0,13.350000000000012,941.667000000001,63.114000000000004,14.920096967392354,1.0
26,7,10,0.0,-23.50489859527163,200,0.0,0,0.0,10.25000000000001,667.2240000000013,34.811,19.16704489960074,1.0
26,8,10,0.0,-25.48615146993373,200,0.0,0,0.0,15.000000000000002,596.1999999999991,76.39800000000001,7.803869211235884,1.0
26,9,10,0.0,-25.67078075591025,200,0.0,0,0.0,15.000000000000002,1051.657999999998,66.41,15.835837976208374,1.0
27,0,10,1.0,10.75507904265654,2,1.0,0,0.0,0.1,11.323,11.323,1.0,1.0
27,1,10,1.0,10.354299811223616,5,0.556197203264449,0,0.0,0.35000000000000003,41.906,23.308,1.7979234597563067,1.0
27,2,10,0.0,-13.270228911621667,13,0.0,10,1.0,0.2,14.498000000000001,35.778,0.40522108558331943,1.0
27,3,10,0.0,-13.262083457759196,16,0.0,10,1.0,0.44999999999999996,36.38,70.323,0.5173271902507004,1.0
27,4,10,1.0,9.94268126853753,8,0.6465555391650686,0,0.0,0.6000000000000001,33.895,21.915000000000003,1.5466575404973761,1.0
27,5,10,1.0,10.108707618161834,7,0.8283759805752708,0,0.0,0.45,42.832,35.481,1.2071813083058538,1.0
27,6,10,0.0,-22.82757876564522,200,0.0,0,0.0,10.000000000000007,639.200000000003,18.536,34.48424687095398,1.0
27,7,10,0.0,-23.273091783917756,200,0.0,0,0.0,10.000000000000007,634.5759999999992,13.717,46.262010643726704,1.0
27,8,10,0.0,-12.584596035315673,13,0.0,10,1.0,0.25,19.299,24.012,0.8037231384307846,1.0
27,9,10,0.0,-13.005075375689556,16,0.0,10,1.0,0.44999999999999996,36.836,42.056,0.8758797793418299,1.0
28,0,10,0.0,-23.75624762498053,200,0.0,0,0.0,10.350000000000012,1033.6120000000017,64.21,16.097368011213234,1.0
28,1,10,1.0,10.251861523999764,6,0.6168146403333938,0,0.0,0.35,27.594999999999995,17.021,1.6212325950296689,1.0
28,2,10,0.0,-25.51365529484062,200,0.0,0,0.0,15.000000000000002,353.3999999999994,43.939,8.042968661098328,1.0
28,3,10,0.0,-23.8149169820651,200,0.0,0,0.0,10.100000000000009,843.0040000000023,52.579,16.03309305996695,1.0
28,4,10,0.0,-23.676608687974618,200,0.0,0,0.0,10.150000000000011,1067.2240000000047,39.641,26.922226987210333,1.0
28,5,10,0.0,-25.481738846775233,200,0.0,0,0.0,14.950000000000003,1169.4100000000046,32.188,36.33062010687227,1.0
28,6,10,0.0,-28.003798049449504,200,0.0,0,0.0,19.850000000000016,1524.034999999996,52.498,29.030344013105186,1.0
28,7,10,0.0,-22.91407363420422,200,0.0,0,0.0,10.000000000000007,460.3949999999986,33.68,13.669685273159104,1.0
28,8,10,1.0,10.63328634955928,3,1.0,0,0.0,0.15000000000000002,12.593,12.593,1.0,1.0
28,9,10,0.0,-23.32719957909504,200,0.0,0,0.0,10.100000000000009,811.0910000000017,57.01999999999999,14.224675552437773,1.0
29,0,10,0.0,-23.032813135217108,200,0.0,0,0.0,10.000000000000007,520.9600000000008,34.929,14.914827220933917,1.0
29,1,10,0.0,-12.9,10,0.0,10,1.0,0.0,0.0,64.37100000000001,0.0,1.0
29,2,10,1.0,9.271324617010038,14,0.7437905194914541,0,0.0,0.8,71.26199999999999,53.00399999999999,1.3444645687117953,1.0
29,3,10,0.0,-13.681621604256087,20,0.0,10,1.0,0.6500000000000001,43.492999999999995,38.909,1.1178133593770079,1.0
29,4,10,0.0,-29.93560401547463,200,0.0,0,0.0,24.95,1120.3090000000034,35.413,31.63552932538908,1.0
29,5,10,0.0,-13.743364371226846,20,0.0,10,1.0,0.75,48.648,58.638000000000005,0.8296326614141001,1.0
29,6,10,0.0,-23.347419648532078,200,0.0,0,0.0,10.000000000000007,951.7680000000025,58.213,16.349750055829496,1.0
29,7,10,1.0,10.220273796710662,6,0.9156436944569315,0,0.0,0.39999999999999997,57.838,52.959,1.0921278725051455,1.0
29,8,10,0.0,-22.525656613257976,200,0.0,0,0.0,10.000000000000007,539.599999999998,31.83,16.952560477536853,1.0
29,9,10,0.0,-12.9,10,0.0,10,1.0,0.0,0.0,7.812,0.0,1.0
30,0,10,1.0,9.95611766747657,8,0.6332703213610585,0,0.0,0.5499999999999999,45.494,28.81,1.5791044776119403,1.0
30,1,10,1.0,10.610382890365448,3,0.9484795966598393,0,0.0,0.2,12.694,12.040000000000001,1.0543189368770765,1.0
30,2,10,1.0,10.494661778418243,4,0.7148830444794572,0,0.0,0.25,16.502,11.797,1.398830211070611,1.0
30,3,10,0.0,-28.26720598118281,200,0.0,0,0.0,19.950000000000024,844.9840000000006,41.664,20.280913978494638,1.0
30,4,10,1.0,10.293501065807973,5,0.7444962182603997,0,0.0,0.45000000000000007,29.616000000000003,22.049,1.3431901673545288,1.0
30,5,10,1.0,10.875,1,1.0,0,0.0,0.05,7.263,7.263,1.0,1.0
30,6,10,1.0,10.492217294900222,4,0.9007560987208141,0,0.0,0.25,21.029,18.942,1.1101784394467322,1.0
30,7,10,0.0,-26.233625847717114,200,0.0,0,0.0,15.000000000000002,919.7869999999979,44.089000000000006,20.862051758942087,1.0
30,8,10,0.0,-13.152129866803282,16,0.0,10,1.0,0.5500000000000002,24.819000000000003,31.232,0.7946657274590165,1.0
30,9,10,0.0,-25.811314251379322,200,0.0,0,0.0,14.950000000000003,1720.4260000000015,36.614000000000004,46.9882012345005,1.0
31,0,10,0.0,-23.11835548172755,200,0.0,0,0.0,10.000000000000007,630.6000000000021,21.672,29.097452934662332,1.0
31,1,10,0.0,-25.619836586473053,200,0.0,0,0.0,15.000000000000004,830.7360000000022,37.451,22.181944407359005,1.0
31,2,10,0.0,-23.254931111729384,200,0.0,0,0.0,10.100000000000009,1155.8029999999999,68.299,16.922692865195682,1.0
31,3,10,0.0,-25.886091896546866,200,0.0,0,0.0,14.900000000000002,413.190000000001,35.997,11.478456538044865,1.0
31,4,10,0.0,-13.264903571561026,13,0.0,10,1.0,0.30000000000000004,19.451999999999998,53.925999999999995,0.36071653747728366,1.0
31,5,10,0.0,-23.051755811942623,200,0.0,0,0.0,10.000000000000007,707.5580000000019,40.477000000000004,17.48049509598048,1.0
31,6,10,0.0,-25.895096611239715,200,0.0,0,0.0,15.150000000000002,851.3970000000024,47.51,17.920374657966796,1.0
31,7,10,1.0,10.37448361469712,5,0.6886479093395858,0,0.0,0.3,20.472,14.098,1.4521208682082565,1.0
31,8,10,1.0,9.919068277191787,9,0.8376560451462123,0,0.0,0.44999999999999996,52.629000000000005,44.08500000000001,1.1938074174889417,1.0
31,9,10,0.0,-12.846923954992663,13,0.0,10,1.0,0.25,18.753999999999998,36.794,0.5097026689134098,1.0
32,0,10,0.0,-23.263607082920895,200,0.0,0,0.0,10.000000000000007,554.0170000000013,46.477999999999994,11.919983648177661,1.0
32,1,10,0.0,-26.332753905062866,200,0.0,0,0.0,16.649999999999995,1135.332,32.906,34.502279219595216,1.0
32,2,10,0.0,-23.52679193420706,200,0.0,0,0.0,10.15000000000001,612.9389999999997,45.476000000000006,13.478296244172743,1.0
32,3,10,0.0,-28.11748348201383,200,0.0,0,0.0,20.00000000000003,942.1729999999986,44.951,20.960000889857813,1.0
32,4,10,0.0,-25.64206172564743,200,0.0,0,0.0,14.950000000000003,1211.4180000000026,26.958,44.93723569997784,1.0
32,5,10,1.0,10.123538229186332,6,0.936461353511067,0,0.0,0.6000000000000001,28.282000000000004,26.485,1.0678497262601474,1.0
32,6,10,1.0,9.480147120418847,12,0.5953123051988531,0,0.0,0.75,64.16799999999999,38.2,1.67979057591623,1.0
32,7,10,0.0,-25.565872748380215,200,0.0,0,0.0,15.000000000000004,703.5999999999996,53.406,13.174549676066352,1.0
32,8,10,1.0,10.34381468186759,5,1.0,0,0.0,0.35000000000000003,39.559,39.559,1.0,1.0
32,9,10,0.0,-23.053140378518204,200,0.0,0,0.0,10.000000000000007,542.1219999999996,51.411,10.544863939623808,1.0
33,0,10,0.0,-13.236903215329653,14,0.0,10,1.0,0.25,16.502,33.869,0.4872302105169919,1.0
33,1,10,1.0,9.682804372254571,9,0.7186802537295899,0,0.0,0.9,68.10400000000001,48.945,1.3914393707222394,1.0
33,2,10,0.0,-23.07522781189716,200,0.0,0,0.0,10.000000000000007,678.5999999999993,45.102999999999994,15.045562379442597,1.0
33,3,10,1.0,9.996318347912744,7,0.9571807101218865,0,0.0,0.6500000000000001,47.175000000000004,45.155,1.0447348023474698,1.0
33,4,10,0.0,-13.81742838491667,16,0.0,10,1.0,0.75,20.718,39.063,0.5303740112126565,1.0
33,5,10,0.0,-23.360924753027383,200,0.0,0,0.0,10.050000000000008,597.0199999999995,50.208,11.890933715742502,1.0
33,6,10,0.0,-12.591470307715477,14,0.0,10,1.0,0.30000000000000004,38.139,39.842,0.9572561618392652,1.0
33,7,10,0.0,-12.82580539367199,14,0.0,10,1.0,0.30000000000000004,32.501,42.383,0.7668404784937356,1.0
33,8,10,0.0,-12.60860462882935,14,0.0,10,1.0,0.2,17.843,20.826,0.8567655814846826,1.0
33,9,10,0.0,-12.914403033896228,16,0.0,10,1.0,0.35000000000000003,22.977,24.457,0.9394856278366112,1.0
34,0,10,0.0,-12.921767163219865,11,0.0,10,1.0,0.1,10.375,43.56699999999999,0.23813895838593435,1.0
34,1,10,1.0,10.85,1,1.0,0,0.0,0.1,3.997,3.997,1.0,1.0
34,2,10,0.0,-13.08874860673227,11,0.0,10,1.0,0.05,4.482,31.401,0.1427343078245916,1.0
34,3,10,0.0,-22.944342011954287,200,0.0,0,0.0,10.000000000000007,684.4000000000029,49.355000000000004,13.866882787964803,1.0
34,4,10,0.0,-23.124953960497116,200,0.0,0,0.0,10.050000000000008,715.6339999999975,63.641,11.244857874640523,1.0
34,5,10,1.0,10.232243202781667,6,0.7807186215737284,0,0.0,0.4,26.523000000000003,20.707,1.2808712029748395,1.0
34,6,10,1.0,10.368642035130224,5,0.9188216525062144,0,0.0,0.3,26.953000000000003,24.765,1.0883504946497073,1.0
34,7,10,1.0,10.232424489594147,6,0.9335025380710662,0,0.0,0.4,43.339999999999996,40.458000000000006,1.0712343665035342,1.0
34,8,10,1.0,10.287996741154563,5,0.6461316327758393,0,0.0,0.45000000000000007,33.244,21.48,1.5476722532588454,1.0
34,9,10,0.0,-23.36129493940237,200,0.0,0,0.0,10.150000000000011,600.3569999999995,54.045,11.108465167915616,1.0
35,0,10,0.0,-13.827613022941971,18,0.0,10,1.0,0.6000000000000001,41.900999999999996,35.568,1.17805330634278,1.0
35,1,10,0.0,-23.100870814870554,200,0.0,0,0.0,10.000000000000007,1147.5589999999995,58.451,19.63283776154385,1.0
35,2,10,0.0,-22.8948685705769,200,0.0,0,0.0,10.000000000000007,1050.1999999999966,53.679,19.564447921906083,1.0
35,3,10,0.0,-13.311251624132776,18,0.0,10,1.0,0.55,38.133,40.791000000000004,0.9348385673310289,1.0
35,4,10,1.0,10.436421925743877,4,1.0,0,0.0,0.35000000000000003,34.178999999999995,34.178999999999995,1.0,1.0
35,5,10,1.0,10.12536160151324,7,0.984756760113005,0,0.0,0.39999999999999997,32.211,31.720000000000002,1.0154791929382092,1.0
35,6,10,0.0,-23.667108794214272,200,0.0,0,0.0,10.100000000000009,645.208999999999,54.479,11.843260705960077,1.0
35,7,10,0.0,-13.538019135790128,18,0.0,10,1.0,0.55,43.07999999999999,50.011,0.8614104896922675,1.0
35,8,10,1.0,10.465067813063374,4,1.0,0,0.0,0.3,36.055,36.055,1.0,1.0
35,9,10,1.0,10.3582995951417,5,0.38952846554171267,0,0.0,0.35,31.705,12.35,2.5672064777327934,1.0
36,0,10,0.0,-22.949562118892878,200,0.0,0,0.0,10.000000000000007,411.19999999999936,39.85099999999999,10.318436174750934,1.0
36,1,10,0.0,-23.36406044300497,200,0.0,0,0.0,10.15000000000001,648.299999999999,38.284,16.933967192560836,1.0
36,2,10,1.0,9.824061764222744,9,0.7152704343398741,0,0.0,0.6499999999999999,51.06599999999999,36.526,1.3980726058150355,1.0
36,3,10,1.0,10.25331289392681,6,0.889057816775987,0,0.0,0.35,23.021,20.467,1.124786241266429,1.0
36,4,10,1.0,10.09930163861331,6,1.0,0,0.0,0.65,26.913,26.913,1.0,1.0
36,5,10,1.0,10.368124118476727,5,0.9405384315255559,0,0.0,0.3,25.63,24.105999999999998,1.0632207749108107,1.0
36,6,10,0.0,-12.899999999999999,10,0.0,10,1.0,0.0,0.0,41.882,0.0,1.0
36,7,10,0.0,-12.9,10,0.0,10,1.0,0.0,0.0,19.383,0.0,1.0
36,8,10,0.0,-23.093039580908012,200,0.0,0,0.0,10.000000000000007,649.7439999999983,25.77,25.2131936360108,1.0
36,9,10,1.0,10.560940399034186,3,0.9558457333738233,0,0.0,0.3,16.465,15.738,1.046193925530563,1.0
37,0,10,1.0,10.346327896391026,5,1.0,0,0.0,0.35,36.908,36.908,1.0,1.0
37,1,10,0.0,-13.350445961599215,13,0.0,10,1.0,0.15000000000000002,9.355,28.489000000000004,0.3283723542419881,1.0
37,2,10,0.0,-13.290276974649066,13,0.0,10,1.0,0.3,9.431999999999999,23.865000000000002,0.39522313010685095,1.0
37,3,10,1.0,10.03756899391576,7,0.7674982585588608,0,0.0,0.6000000000000001,38.760999999999996,29.749,1.30293455242193,1.0
37,4,10,0.0,-23.53782760360999,200,0.0,0,0.0,10.150000000000011,578.641000000001,67.368,8.589256026600182,1.0
37,5,10,1.0,10.003155251141552,7,0.9702892885066458,0,0.0,0.65,38.37,37.23,1.0306204673650283,1.0
37,6,10,0.0,-13.327790648830296,15,0.0,10,1.0,0.35,21.653,61.895999999999994,0.34982874499159883,1.0
37,7,10,0.0,-25.631566678139308,200,0.0,0,0.0,15.000000000000052,1025.8900000000006,75.542,13.580392364512464,1.0
37,8,10,1.0,10.277722533710207,5,0.7816937119675459,0,0.0,0.5,27.607999999999997,21.581000000000003,1.279273434965942,1.0
37,9,10,0.0,-13.027089410757423,15,0.0,10,1.0,0.35,21.087,32.702999999999996,0.6448032290615541,1.0
38,0,10,0.0,-26.069285079590646,200,0.0,0,0.0,15.000000000000004,908.3079999999959,39.389,23.059940592551115,1.0
38,1,10,0.0,-31.563622743793374,200,0.0,0,0.0,26.299999999999976,893.7449999999964,81.165,11.011458140824201,1.0
38,2,10,1.0,10.427490363666834,4,0.37679969689315485,0,0.0,0.4,31.671999999999997,11.934,2.653929948047595,1.0
38,3,10,0.0,-23.65132465326915,200,0.0,0,0.0,10.000000000000007,892.6729999999978,45.929,19.43593372379102,1.0
38,4,10,0.0,-23.346436080678,200,0.0,0,0.0,10.050000000000008,834.5500000000026,33.863,24.64489265570099,1.0
38,5,10,1.0,10.728044708545557,2,1.0,0,0.0,0.15000000000000002,10.602,10.602,1.0,1.0
38,6,10,1.0,10.008548269025468,7,0.7874195407820156,0,0.0,0.65,41.635999999999996,32.785,1.2699710233338417,1.0
38,7,10,0.0,-12.765107283464564,12,0.0,10,1.0,0.2,23.733999999999998,50.8,0.4672047244094488,1.0
38,8,10,1.0,10.729328370834038,2,1.0,0,0.0,0.15000000000000002,23.644,23.644,1.0,1.0
38,9,10,0.0,-12.638873966199206,12,0.0,10,1.0,0.2,33.985,55.620000000000005,0.6110212153901474,1.0
39,0,10,1.0,10.488489574645538,4,0.8384029088874904,0,0.0,0.25,14.301,11.99,1.192743953294412,1.0
39,1,10,0.0,-25.787895171835274,200,0.0,0,0.0,14.950000000000003,800.1380000000017,81.066,9.870204524708283,1.0
39,2,10,0.0,-25.66898304586728,200,0.0,0,0.0,15.000000000000002,1110.9969999999978,34.033,32.64469779331819,1.0
39,3,10,0.0,-12.955205022831052,12,0.0,10,1.0,0.1,9.574,43.8,0.21858447488584476,1.0
39,4,10,0.0,-12.9,10,0.0,10,1.0,0.0,0.0,15.319,0.0,1.0
39,5,10,0.0,-12.9,10,0.0,10,1.0,0.0,0.0,19.644,0.0,1.0
39,6,10,0.0,-23.363048453682936,200,0.0,0,0.0,10.100000000000009,956.8689999999992,41.421,23.101059848868914,1.0
39,7,10,0.0,-13.03275336122507,12,0.0,10,1.0,0.15000000000000002,7.053,24.619,0.2864860473617937,1.0
39,8,10,1.0,10.131965682856922,6,0.7321139940450873,0,0.0,0.6000000000000001,35.265,25.818,1.36590750639089,1.0
39,9,10,1.0,10.46472005730659,4,0.9783858035939559,0,0.0,0.3,35.671,34.9,1.0220916905444126,1.0
40,0,10,1.0,10.172113731035273,6,0.7197634438179067,0,0.0,0.5,36.355000000000004,26.167,1.3893453586578515,1.0
40,1,10,0.0,-28.124413776257914,200,0.0,0,0.0,19.95000000000003,1244.7910000000024,38.893,32.00552798704143,1.0
40,2,10,1.0,10.610256510518495,3,1.0,0,0.0,0.2,12.787,12.787,1.0,1.0
40,3,10,0.0,-23.29004370587388,200,0.0,0,0.0,10.000000000000007,1040.8390000000038,20.821,49.98986600067258,1.0
40,4,10,1.0,9.872407113483876,9,0.5825295761625586,0,0.0,0.5499999999999999,47.589,27.722,1.7166510352788398,1.0
40,5,10,0.0,-25.564055833975843,200,0.0,0,0.0,14.950000000000003,818.6820000000025,62.25599999999999,13.150250578257559,1.0
40,6,10,0.0,-30.628662081544245,200,0.0,0,0.0,25.0,2031.5999999999913,78.95100000000001,25.73241630884968,1.0
40,7,10,1.0,10.251866335429623,6,1.0,0,0.0,0.35,28.780999999999995,28.780999999999995,1.0,1.0
40,8,10,0.0,-23.194999999999983,200,0.0,0,0.0,10.050000000000008,807.6040000000017,41.44,19.488513513513556,1.0
40,9,10,1.0,9.400386246964434,12,0.4882188738143835,0,0.0,0.9500000000000002,66.63199999999999,32.531,2.048261658110725,1.0
41,0,10,1.0,10.490048209366392,4,0.7668001584297847,0,0.0,0.25,22.723000000000003,17.424,1.3041207529843895,1.0
41,1,10,0.0,-25.411319227656374,200,0.0,0,0.0,15.000000000000002,673.8000000000035,34.596,19.476240027748975,1.0
41,2,10,1.0,10.413415354859506,4,1.0,0,0.0,0.39999999999999997,18.613,18.613,1.0,1.0
41,3,10,0.0,-12.9,10,0.0,10,1.0,0.0,0.0,60.019,0.0,1.0
41,4,10,0.0,-22.95804443660726,200,0.0,0,0.0,10.000000000000007,859.4630000000006,22.683999999999997,37.88851172632696,1.0
41,5,10,1.0,10.223118474282412,6,0.9377145128075436,0,0.0,0.39999999999999997,27.679,25.955,1.0664226545944904,1.0
41,6,10,0.0,-12.899999999999999,10,0.0,10,1.0,0.0,0.0,31.266,0.0,1.0
41,7,10,0.0,-25.727157913708545,200,0.0,0,0.0,15.050000000000002,952.9659999999966,63.806999999999995,14.935132508972318,1.0
41,8,10,0.0,-12.899999999999999,10,0.0,10,1.0,0.0,0.0,36.061,0.0,1.0
41,9,10,0.0,-12.9,10,0.0,10,1.0,0.0,0.0,39.05500000000001,0.0,1.0
42,0,10,0.0,-13.070484441669269,13,0.0,10,1.0,0.30000000000000004,17.667,57.654,0.3064314704964096,1.0
42,1,10,0.0,-23.073345040225398,200,0.0,0,0.0,10.000000000000007,872.3919999999993,24.487,35.626740719565454,1.0
42,2,10,0.0,-12.840877659574467,13,0.0,10,1.0,0.2,24.441999999999997,50.008,0.4887617981123019,1.0
42,3,10,0.0,-25.889856174967385,200,0.0,0,0.0,14.950000000000003,888.2549999999987,33.652,26.395310828479694,1.0
42,4,10,0.0,-25.13926590081253,200,0.0,0,0.0,14.000000000000046,683.0400000000004,53.535000000000004,12.75875595404876,1.0
42,5,10,0.0,-22.85758396690845,200,0.0,0,0.0,10.000000000000007,1354.1999999999953,34.329,39.44769728218111,1.0
42,6,10,0.0,-23.116738375408218,200,0.0,0,0.0,10.000000000000007,607.6729999999992,38.582,15.750168472344596,1.0
42,7,10,0.0,-23.571461214964557,200,0.0,0,0.0,10.100000000000009,960.8039999999985,41.13699999999999,23.356200014585376,1.0
42,8,10,1.0,10.108310534433045,7,0.7901345766663135,0,0.0,0.45,37.748,29.826,1.2656071883591495,1.0
42,9,10,0.0,-25.517638309906282,200,0.0,0,0.0,15.000000000000004,1171.7399999999996,47.737,24.54574020152082,1.0
43,0,10,1.0,9.995672148494334,8,0.33426179738851064,0,0.0,0.49999999999999994,67.854,22.681,2.9916670340813893,1.0
43,1,10,0.0,-23.149096378129332,200,0.0,0,0.0,10.10000000000001,845.3620000000033,73.139,11.558293113113432,1.0
43,2,10,1.0,10.02832771435139,7,0.8438783097862985,0,0.0,0.6,30.931,26.102,1.1850049804612675,1.0
43,3,10,1.0,9.855670332547787,9,0.746901356802347,0,0.0,0.6000000000000002,40.904999999999994,30.552,1.3388648860958365,1.0
43,4,10,1.0,10.41963028892236,4,0.8990520743567646,0,0.0,0.4,32.492000000000004,29.212,1.112282623579351,1.0
43,5,10,1.0,9.622859011164275,10,0.6534381057590096,0,0.0,0.8500000000000002,47.977,31.35,1.5303668261562997,1.0
43,6,10,0.0,-22.963935723415926,200,0.0,0,0.0,10.000000000000007,1069.8000000000031,32.858000000000004,32.558281088319525,1.0
43,7,10,0.0,-23.252283413659356,200,0.0,0,0.0,10.050000000000008,532.0629999999984,51.04200000000001,10.424023353316842,1.0
43,8,10,0.0,-13.840816422840962,19,0.0,10,1.0,0.49999999999999994,31.586999999999996,31.785000000000004,0.9937706465313825,1.0
43,9,10,0.0,-13.450906126767336,19,0.0,10,1.0,0.44999999999999996,33.789,51.98500000000001,0.6499759546022891,1.0
44,0,10,0.0,-23.3931940745672,200,0.0,0,0.0,10.000000000000007,901.3889999999975,42.056000000000004,21.433065436560714,1.0
44,1,10,0.0,-13.407103891494014,17,0.0,10,1.0,0.5,40.666000000000004,53.526999999999994,0.7597287350309191,1.0
44,2,10,1.0,9.828965415891055,8,0.8997549408508313,0,0.0,0.8,56.721000000000004,51.035000000000004,1.1114137356715978,1.0
44,3,10,0.0,-28.373555585338103,200,0.0,0,0.0,19.950000000000024,844.2580000000011,29.846,28.28714065536424,1.0
44,4,10,1.0,10.134826190765246,7,0.6340055418719212,0,0.0,0.39999999999999997,38.976,24.711,1.5772732791064707,1.0
44,5,10,1.0,9.606990684417253,11,0.79721229251531,0,0.0,0.7000000000000001,72.174,57.53799999999999,1.254371024366506,1.0
44,6,10,0.0,-25.666754004887373,200,0.0,0,0.0,15.000000000000004,1037.932999999998,7.366,140.90863426554412,1.0
44,7,10,1.0,10.825,1,1.0,0,0.0,0.15,4.047,4.047,1.0,1.0
44,8,10,0.0,-25.500546794689512,200,0.0,0,0.0,15.000000000000002,1041.0929999999976,45.721000000000004,22.77056494827317,1.0
44,9,10,0.0,-13.645571920935577,17,0.0,10,1.0,0.39999999999999997,20.493999999999996,33.947,0.6037057766518394,1.0
45,0,10,1.0,10.733853278447516,2,1.0,0,0.0,0.15000000000000002,17.005,17.005,1.0,1.0
45,1,10,0.0,-27.828920885585994,200,0.0,0,0.0,20.00000000000003,1104.9999999999984,32.294999999999995,34.21582288279915,1.0
45,2,10,1.0,10.083852867830423,7,0.6952520672179249,0,0.0,0.5,29.992,20.852000000000004,1.4383272587761364,1.0
45,3,10,0.0,-25.68086486486477,200,0.0,0,0.0,15.000000000000004,940.4439999999969,24.42,38.51122031122018,1.0
45,4,10,0.0,-23.612605392645754,200,0.0,0,0.0,10.05000000000001,638.6889999999993,60.156000000000006,10.61721191568587,1.0
45,5,10,0.0,-25.485199707838387,200,0.0,0,0.0,15.000000000000004,783.2000000000033,26.012999999999998,30.108022911621244,1.0
45,6,10,0.0,-23.052585187075202,200,0.0,0,0.0,10.000000000000007,467.99999999999807,43.111000000000004,10.85569808169604,1.0
45,7,10,0.0,-31.09664328520835,200,0.0,0,0.0,24.75,333.67899999999867,44.052,7.574661763370532,1.0
45,8,10,0.0,-26.00913354876804,200,0.0,0,0.0,15.050000000000002,637.892,32.183,19.820774943293046,1.0
45,9,10,1.0,10.453021319796955,4,0.4325297501427129,0,0.0,0.35000000000000003,22.773000000000003,9.850000000000001,2.311979695431472,1.0
46,0,10,0.0,-23.106698807409188,200,0.0,0,0.0,10.000000000000007,739.0000000000023,15.764,46.878964729764164,1.0
46,1,10,0.0,-26.205503565990835,200,0.0,0,0.0,16.550000000000054,955.6839999999983,62.395,15.316676015706358,1.0
46,2,10,0.0,-25.448286893374664,200,0.0,0,0.0,15.000000000000002,1032.4000000000026,62.517999999999994,16.513644070507738,1.0
46,3,10,0.0,-25.83264134951883,200,0.0,0,0.0,15.100000000000003,2172.2600000000034,36.57600000000001,59.39031058617681,1.0
46,4,10,0.0,-23.223460224146425,200,0.0,0,0.0,12.150000000000016,629.7150000000006,34.531,18.236222524687978,1.0
46,5,10,1.0,10.220509471702554,6,0.9039950646698435,0,0.0,0.39999999999999997,47.007999999999996,42.495,1.106200729497588,1.0
46,6,10,0.0,-23.311238202540768,200,0.0,0,0.0,10.050000000000008,610.6599999999988,61.242000000000004,9.97126155252929,1.0
46,7,10,1.0,9.94480360407417,8,0.7446374049512846,0,0.0,0.6,51.421,38.290000000000006,1.3429354922956382,1.0
46,8,10,1.0,10.061493285487034,7,0.7704432093487245,0,0.0,0.5499999999999999,35.08500000000001,27.031000000000002,1.2979542007324925,1.0
46,9,10,1.0,10.413642869923063,4,0.9320177876598109,0,0.0,0.39999999999999997,17.990000000000002,16.767,1.0729408958072406,1.0
47,0,10,0.0,-13.820435908055497,16,0.0,10,1.0,0.75,36.75,33.803000000000004,1.0871816110996064,1.0
47,1,10,0.0,-13.073875063551952,12,0.0,10,1.0,0.15000000000000002,11.368,37.371,0.3041930908993605,1.0
47,2,10,0.0,-13.0421928586257,12,0.0,10,1.0,0.15000000000000002,6.723,24.085,0.2791363919451941,1.0
47,3,10,0.0,-13.688641892185395,18,0.0,10,1.0,0.39999999999999997,33.557,46.042,0.7288345423743539,1.0
47,4,10,0.0,-13.401075836567449,16,0.0,10,1.0,0.5,31.348999999999997,60.03699999999999,0.5221613338441294,1.0
47,5,10,1.0,10.345011796384151,5,0.8921095376449866,0,0.0,0.35000000000000003,43.711,38.995000000000005,1.1209385818694704,1.0
47,6,10,0.0,-13.496965045933226,18,0.0,10,1.0,0.5000000000000001,43.900999999999996,53.556,0.8197214131003062,1.0
47,7,10,1.0,10.730167840861998,2,1.0,0,0.0,0.15000000000000002,12.065000000000001,12.065000000000001,1.0,1.0
47,8,10,0.0,-25.67071630414578,200,0.0,0,0.0,14.950000000000003,401.9140000000009,26.895,14.943818553634538,1.0
47,9,10,0.0,-24.574359364175237,200,0.0,0,0.0,13.350000000000012,634.4599999999989,51.964000000000006,12.209606650758195,1.0
48,0,10,0.0,-12.899999999999999,10,0.0,10,1.0,0.0,0.0,16.308,0.0,1.0
48,1,10,0.0,-12.94009515241687,15,0.0,10,1.0,0.25,38.207,57.80199999999999,0.6609978893463895,1.0
48,2,10,0.0,-23.12466022766469,200,0.0,0,0.0,10.050000000000008,899.2599999999975,46.384,19.387288720248307,1.0
48,3,10,0.0,-13.03664346481052,15,0.0,10,1.0,0.25,17.581,18.101999999999997,0.9712186498729424,1.0
48,4,10,0.0,-24.644932692829606,200,0.0,0,0.0,13.350000000000012,870.2300000000004,36.846000000000004,23.61803180806601,1.0
48,5,10,0.0,-12.90941875763556,10,0.0,10,1.0,0.0,0.0,42.56400000000001,0.0,1.0
48,6,10,1.0,10.637647917107211,3,0.9819352159468439,0,0.0,0.15000000000000002,24.08,23.645,1.0183971241277225,1.0
48,7,10,1.0,10.350228063691521,5,1.0,0,0.0,0.35,32.469,32.469,1.0,1.0
48,8,10,1.0,9.75158269733682,9,0.8274415420963148,0,0.0,0.8,45.289,37.474000000000004,1.2085445909163686,1.0
48,9,10,1.0,9.641248206937096,9,0.8374854757075054,0,0.0,1.0000000000000002,50.777,42.525000000000006,1.1940505584950027,1.0
49,0,10,0.0,-23.38720139692516,200,0.0,0,0.0,10.000000000000007,1050.7500000000057,48.391999999999996,21.71329971896193,1.0
49,1,10,0.0,-28.394328865261272,200,0.0,0,0.0,19.800000000000026,861.7019999999993,70.351,12.248610538585085,1.0
49,2,10,0.0,-25.482118840934167,200,0.0,0,0.0,15.000000000000002,1041.0929999999976,65.432,15.911067978970497,1.0
49,3,10,0.0,-23.17534686043328,200,0.0,0,0.0,10.050000000000008,728.365999999999,51.05800000000001,14.265462807003777,1.0
49,4,10,1.0,10.875,1,1.0,0,0.0,0.05,6.997,6.997,1.0,1.0
49,5,10,0.0,-28.129630402073737,200,0.0,0,0.0,19.90000000000003,755.363,67.127,11.252744797175504,1.0
49,6,10,1.0,10.10896294853693,7,0.6577952856776837,0,0.0,0.45,62.448,41.077999999999996,1.5202298067091875,1.0
49,7,10,0.0,-23.070469625161518,200,0.0,0,0.0,10.000000000000007,635.6689999999992,58.025,10.955088323998263,1.0
49,8,10,1.0,9.63723191889632,11,0.7231638418079096,0,0.0,0.65,52.923,38.272,1.3828125,1.0
49,9,10,1.0,9.819792584216163,9,0.8038849815798287,0,0.0,0.65,41.80200000000001,33.604000000000006,1.2439590524937507,1.0
50,0,10,0.0,-25.466833646512576,200,0.0,0,0.0,15.000000000000004,886.0780000000027,45.23500000000001,19.588327622416326,1.0
50,1,10,0.0,-13.194176167257165,12,0.0,10,1.0,0.15000000000000002,13.103,57.014,0.2298207457817378,1.0
50,2,10,0.0,-23.118511142803154,200,0.0,0,0.0,10.000000000000007,1027.9580000000017,58.19899999999999,17.662812075808894,1.0
50,3,10,0.0,-13.429464523455245,16,0.0,10,1.0,0.3,38.628,51.07599999999999,0.7562847521340749,1.0
50,4,10,0.0,-12.775787207148948,12,0.0,10,1.0,0.15000000000000002,16.166,34.019,0.4752050324818484,1.0
50,5,10,0.0,-23.307610544517814,200,0.0,0,0.0,10.000000000000007,951.0000000000026,56.674,16.780181388290973,1.0
50,6,10,1.0,10.708448840725806,2,1.0,0,0.0,0.2,15.872,15.872,1.0,1.0
50,7,10,1.0,9.795392184893972,9,0.8442799380418821,0,0.0,0.7000000000000002,49.711,41.97,1.1844412675720752,1.0
50,8,10,0.0,-13.738241485335855,16,0.0,10,1.0,0.5500000000000002,20.244,42.28,0.4788079470198675,1.0
50,9,10,0.0,-25.42934566031723,200,0.0,0,0.0,15.000000000000004,926.104,50.18800000000001,18.452697856061206,1.0
51,0,10,1.0,9.600655683856786,10,0.7533453887884268,0,0.0,0.9000000000000001,52.535,39.577,1.327412385981757,1.0
51,1,10,1.0,10.346370000528346,5,0.7878371628371628,0,0.0,0.35000000000000003,24.024,18.927,1.2692978284989698,1.0
51,2,10,0.0,-23.37388880207523,200,0.0,0,0.0,10.10000000000001,521.1039999999981,31.997,16.286026815013848,1.0
51,3,10,0.0,-28.12376036207716,200,0.0,0,0.0,19.950000000000017,971.3960000000003,41.980000000000004,23.13949499761792,1.0
51,4,10,0.0,-25.802507877906432,200,0.0,0,0.0,15.100000000000003,925.472,53.631,17.256288340698475,1.0
51,5,10,1.0,10.752760531091795,2,1.0,0,0.0,0.1,10.469,10.469,1.0,1.0
51,6,10,0.0,-22.899520411744007,200,0.0,0,0.0,10.000000000000007,858.9999999999973,42.745000000000005,20.095917651187207,1.0
51,7,10,1.0,10.007241350125263,7,0.8069830341775267,0,0.0,0.6500000000000001,73.20599999999999,59.07600000000001,1.2391834247410112,1.0
51,8,10,1.0,10.754224497535077,2,1.0,0,0.0,0.1,13.185,13.185,1.0,1.0
51,9,10,1.0,9.569876526737144,11,0.8340609858407383,0,0.0,0.75,58.407,48.714999999999996,1.1989530945294058,1.0
52,0,10,1.0,10.08467246012634,7,0.743037186867901,0,0.0,0.49999999999999994,38.562000000000005,28.653000000000002,1.345827662024919,1.0
52,1,10,0.0,-25.570273794112268,200,0.0,0,0.0,15.050000000000002,892.5499999999972,59.479,15.006136619647224,1.0
52,2,10,1.0,10.85,1,1.0,0,0.0,0.1,5.231,5.231,1.0,1.0
52,3,10,0.0,-24.64836308173251,200,0.0,0,0.0,13.350000000000012,952.9809999999975,39.666,24.025134876216345,1.0
52,4,10,1.0,10.515652530515753,4,0.9966820542412002,0,0.0,0.2,20.796,20.726999999999997,1.0033289911709367,1.0
52,5,10,0.0,-23.454483877228505,200,0.0,0,0.0,10.100000000000009,648.1040000000013,36.067,17.96944575373614,1.0
52,6,10,1.0,9.381659646574679,12,0.6885688568856887,0,0.0,0.9500000000000002,59.994,41.31000000000001,1.4522875816993461,1.0
52,7,10,1.0,10.63444303476275,3,1.0,0,0.0,0.15000000000000002,15.764,15.764,1.0,1.0
52,8,10,0.0,-25.369514561123985,200,0.0,0,0.0,14.950000000000003,408.06799999999885,24.483000000000004,16.667401870685733,1.0
52,9,10,0.0,-28.381748430923786,200,0.0,0,0.0,20.05000000000003,1119.4349999999986,67.715,16.531566122720204,1.0
53,0,10,0.0,-13.099371158392433,11,0.0,10,1.0,0.05,3.609,38.07,0.09479905437352246,1.0
53,1,10,0.0,-22.97779254299666,200,0.0,0,0.0,10.000000000000007,1124.8000000000034,39.13100000000001,28.744473690935656,1.0
53,2,10,0.0,-12.975909304290676,11,0.0,10,1.0,0.1,3.369,42.604,0.07907708196413483,1.0
53,3,10,1.0,10.56112924112924,3,0.9864084614991568,0,0.0,0.30000000000000004,19.571,19.305,1.013778813778814,1.0
53,4,10,0.0,-23.050060614378264,200,0.0,0,0.0,10.000000000000007,635.9159999999991,43.718999999999994,14.545529403691742,1.0
53,5,10,0.0,-12.89896047188601,11,0.0,10,1.0,0.05,4.539,19.581,0.23180634288340737,1.0
53,6,10,0.0,-23.033964917113217,200,0.0,0,0.0,10.000000000000007,892.9200000000009,79.86800000000001,11.179946912405478,1.0
53,7,10,1.0,9.423060996518938,11,0.7722585563535689,0,0.0,1.0500000000000003,49.846000000000004,38.494,1.294903101782096,1.0
53,8,10,1.0,10.531723223753977,3,1.0,0,0.0,0.35,11.316,11.316,1.0,1.0
53,9,10,0.0,-12.810100708900642,11,0.0,10,1.0,0.05,8.184,35.548,0.23022392258354898,1.0
54,0,10,0.0,-12.762045184304398,13,0.0,10,1.0,0.2,22.966,35.322,0.6501896834833815,1.0
54,1,10,0.0,-23.110749879333564,200,0.0,0,0.0,10.050000000000008,905.4209999999979,60.083,15.06950385300331,1.0
54,2,10,0.0,-13.044065022240193,13,0.0,10,1.0,0.4,33.105999999999995,61.82500000000001,0.5354791750909824,1.0
54,3,10,0.0,-13.014836788256925,11,0.0,10,1.0,0.1,6.108,63.629,0.09599396501595184,1.0
54,4,10,1.0,10.082385235825013,7,0.813677173806968,0,0.0,0.5,40.988,33.351000000000006,1.2289886360229076,1.0
54,5,10,0.0,-12.997432843936924,11,0.0,10,1.0,0.05,4.295,18.39,0.23355084284937466,1.0
54,6,10,1.0,10.464415751895071,4,1.0,0,0.0,0.3,31.793,31.793,1.0,1.0
54,7,10,0.0,-25.475178580605316,200,0.0,0,0.0,15.000000000000002,1552.4239999999954,19.459000000000003,79.77922812066372,1.0
54,8,10,0.0,-23.856431496063017,200,0.0,0,0.0,10.300000000000011,1085.1679999999983,41.275,26.291168988491783,1.0
54,9,10,0.0,-22.85883022627018,200,0.0,0,0.0,10.000000000000007,1388.7999999999954,49.189,28.2339547459797,1.0
55,0,10,0.0,-23.317131578947432,200,0.0,0,0.0,10.050000000000008,1054.1279999999942,30.020000000000003,35.11419053964004,1.0
55,1,10,0.0,-23.359590632978243,200,0.0,0,0.0,10.20000000000001,492.2360000000019,68.15400000000001,7.222408075828298,1.0
55,2,10,0.0,-23.34221057443015,200,0.0,0,0.0,10.15000000000001,565.4410000000012,66.727,8.473946078798704,1.0
55,3,10,0.0,-28.35601697254029,200,0.0,0,0.0,19.95000000000003,1246.4740000000024,28.988000000000003,42.99965502966753,1.0
55,4,10,1.0,9.67752493150685,11,0.8413757069092697,0,0.0,0.5499999999999999,65.072,54.75,1.188529680365297,1.0
55,5,10,0.0,-31.061761768901537,200,0.0,0,0.0,24.55,480.4119999999982,35.05,13.706476462196813,1.0
55,6,10,1.0,10.754926503340759,2,1.0,0,0.0,0.1,6.734999999999999,6.734999999999999,1.0,1.0
55,7,10,0.0,-28.114738437895813,200,0.0,0,0.0,20.00000000000003,942.4169999999987,48.153,19.57130396860006,1.0
55,8,10,1.0,10.343940918411139,5,1.0,0,0.0,0.35,20.971,20.971,1.0,1.0
55,9,10,0.0,-25.418840656713282,200,0.0,0,0.0,15.000000000000002,1221.9999999999986,75.284,16.231868657350812,1.0
56,0,10,0.0,-25.883226340037655,200,0.0,0,0.0,15.050000000000002,949.6219999999986,49.271,19.27344685514803,1.0
56,1,10,1.0,10.635107211375692,3,0.726609266092661,0,0.0,0.15000000000000002,12.195,8.861,1.376255501636384,1.0
56,2,10,0.0,-28.345937051526512,200,0.0,0,0.0,19.90000000000003,863.8340000000007,50.867000000000004,16.98220850453144,1.0
56,3,10,1.0,9.831342057821994,8,0.8432758086765576,0,0.0,0.8,35.521,29.954000000000004,1.185851639180076,1.0
56,4,10,0.0,-12.883340768551234,12,0.0,10,1.0,0.15000000000000002,13.913,45.28,0.3072659010600707,1.0
56,5,10,0.0,-23.562883627082346,200,0.0,0,0.0,10.050000000000008,679.3069999999979,28.993,23.43003483599482,1.0
56,6,10,1.0,10.517432028370768,4,0.7860188019239177,0,0.0,0.2,36.592,28.761999999999997,1.2722341979000071,1.0
56,7,10,1.0,10.60653969510988,3,1.0,0,0.0,0.2,25.255000000000003,25.255000000000003,1.0,1.0
56,8,10,0.0,-23.355228445223652,200,0.0,0,0.0,10.000000000000007,614.6019999999991,29.657,20.7236740061368,1.0
56,9,10,0.0,-13.083945809159363,12,0.0,10,1.0,0.15000000000000002,8.942,24.303,0.36793811463605314,1.0
57,0,10,0.0,-23.37331567957158,200,0.0,0,0.0,10.050000000000008,633.4349999999993,59.382999999999996,10.666941717326496,1.0
57,1,10,0.0,-12.931785942964092,14,0.0,10,1.0,0.5,41.045,60.909,0.6738741401106569,1.0
57,2,10,0.0,-30.595106108012583,200,0.0,0,0.0,25.0,851.3430000000001,58.80800000000001,14.476652836348796,1.0
57,3,10,1.0,10.608003707136236,3,1.0,0,0.0,0.2,10.79,10.79,1.0,1.0
57,4,10,0.0,-25.71782845752479,200,0.0,0,0.0,15.000000000000002,1167.9990000000016,34.114,34.23811338453426,1.0
57,5,10,0.0,-23.43856166184588,200,0.0,0,0.0,10.000000000000007,895.9799999999979,34.227000000000004,26.177579104215905,1.0
57,6,10,0.0,-30.45887787130835,200,0.0,0,0.0,25.0,1363.7220000000054,56.071999999999996,24.320908831502454,1.0
57,7,10,1.0,10.734100719424461,2,0.48465095126203295,0,0.0,0.15000000000000002,13.193,6.394,2.063340631842352,1.0
57,8,10,0.0,-23.274669255894327,200,0.0,0,0.0,10.050000000000008,957.2209999999992,36.433,26.273460873384,1.0
57,9,10,0.0,-13.365209455260977,14,0.0,10,1.0,0.35,23.508,38.623999999999995,0.6086371168185585,1.0
58,0,10,1.0,9.710351873173325,10,0.8687924162447485,0,0.0,0.65,64.98100000000001,56.455000000000005,1.1510229386236825,1.0
58,1,10,0.0,-23.29321987454606,200,0.0,0,0.0,10.050000000000008,949.8629999999993,45.434999999999995,20.905975569494867,1.0
58,2,10,1.0,9.502514435462379,11,0.6808703672901577,0,0.0,0.9,66.13300000000001,45.028000000000006,1.4687083592431376,1.0
58,3,10,0.0,-26.032624867673913,200,0.0,0,0.0,15.050000000000002,1118.2749999999978,41.564,26.904893657973194,1.0
58,4,10,0.0,-23.22828268645249,200,0.0,0,0.0,10.050000000000008,640.7179999999992,33.829,18.939903632977597,1.0
58,5,10,0.0,-23.052557132547513,200,0.0,0,0.0,10.000000000000007,678.3019999999973,29.099,23.31014811505541,1.0
58,6,10,1.0,9.961953973500737,8,0.7717752481402879,0,0.0,0.5499999999999999,46.647,36.001000000000005,1.2957140079442235,1.0
58,7,10,1.0,10.228558149952404,6,0.7842353716104952,0,0.0,0.39999999999999997,45.545,35.718,1.2751273867517778,1.0
58,8,10,1.0,9.884316054468474,8,1.0,0,0.0,0.7000000000000002,43.69499999999999,43.69499999999999,1.0,1.0
58,9,10,1.0,10.347674916935523,5,0.9998074238120456,0,0.0,0.35000000000000003,20.771,20.767,1.0001926132806858,1.0
59,0,10,0.0,-23.09727624349993,200,0.0,0,0.0,10.050000000000008,969.9729999999978,54.423,17.822850633004386,1.0
59,1,10,0.0,-22.979404836139434,200,0.0,0,0.0,10.000000000000007,1457.1979999999946,57.732,25.24073304233345,1.0
59,2,10,0.0,-23.141094471131233,200,0.0,0,0.0,10.000000000000007,1069.1520000000032,31.851,33.56729773005567,1.0
59,3,10,1.0,9.578208159866778,11,0.780060079564829,0,0.0,0.7500000000000001,61.58500000000001,48.04,1.2819525395503748,1.0
59,4,10,0.0,-31.91153580207205,200,0.0,9,0.0,9.55,639.810000000003,43.531,14.697801566699663,1.0
59,5,10,1.0,10.249937345184323,6,0.976730947128727,0,0.0,0.35000000000000003,28.106,27.452,1.0238234008451115,1.0
59,6,10,0.0,-23.09276204824815,200,0.0,0,0.0,10.000000000000007,616.3139999999985,54.42700000000001,11.323681261138743,1.0
59,7,10,1.0,10.391574582475405,4,1.0,0,0.0,0.45,34.967999999999996,34.967999999999996,1.0,1.0
59,8,10,0.0,-24.435722045537744,200,0.0,1,0.0,10.000000000000007,468.90099999999853,35.531,13.196954771889295,1.0
59,9,10,0.0,-13.821763455689265,20,0.0,10,1.0,0.85,49.005,52.933,0.9257929835830201,1.0
60,0,10,0.0,-13.521052842207066,17,0.0,10,1.0,0.4,41.01199999999999,59.971000000000004,0.6838638675359756,1.0
60,1,10,1.0,10.001360056590427,7,0.5618855825538568,0,0.0,0.7000000000000001,37.739,21.205,1.7797217637349683,1.0
60,2,10,1.0,10.083230298219751,7,0.8338218331032657,0,0.0,0.5,52.882999999999996,44.095,1.1992969724458555,1.0
60,3,10,0.0,-23.00132164690283,200,0.0,0,0.0,10.000000000000007,909.4000000000035,67.885,13.39618472416592,1.0
60,4,10,1.0,10.242433586132178,5,0.9330772341285889,0,0.0,0.55,24.73,23.075000000000003,1.0717226435536293,1.0
60,5,10,1.0,10.875,1,1.0,0,0.0,0.05,7.196,7.196,1.0,1.0
60,6,10,1.0,10.587179422564619,3,1.0,0,0.0,0.25,13.889,13.889,1.0,1.0
60,7,10,0.0,-23.10852301105951,200,0.0,0,0.0,10.050000000000008,531.2629999999983,39.242000000000004,13.538122419856233,1.0
60,8,10,0.0,-23.097645062055783,200,0.0,0,0.0,10.000000000000007,1047.8850000000057,56.56199999999999,18.526307414872278,1.0
60,9,10,0.0,-28.37717360949496,200,0.0,0,0.0,19.950000000000024,846.9070000000011,30.079,28.15608896572363,1.0
61,0,10,0.0,-30.806803782419493,200,0.0,0,0.0,24.85,516.7729999999996,27.337,18.90379339356914,1.0
61,1,10,0.0,-25.90429665791907,200,0.0,0,0.0,15.150000000000004,680.9210000000036,51.82399999999999,13.139105433775928,1.0
61,2,10,1.0,9.62927551472216,10,0.8200798838053741,0,0.0,0.85,44.064,36.136,1.2193934027009077,1.0
61,3,10,0.0,-22.985950433552652,200,0.0,0,0.0,10.000000000000007,638.4000000000012,32.522000000000006,19.629789065863143,1.0
61,4,10,1.0,9.551571993638625,11,0.49649740848720436,0,0.0,0.8000000000000002,49.392,24.523,2.014109203604779,1.0
61,5,10,1.0,10.465158605174352,4,1.0,0,0.0,0.3,17.78,17.78,1.0,1.0
61,6,10,1.0,10.175313370207896,6,0.9822398741054367,0,0.0,0.5,26.689,26.215,1.0180812511920656,1.0
61,7,10,1.0,10.34282759767863,5,0.6845394736842106,0,0.0,0.35,39.519999999999996,27.053,1.4608361364728495,1.0
61,8,10,1.0,9.879751797477073,8,0.8613119738940186,0,0.0,0.7000000000000001,53.934000000000005,46.454,1.1610195031644208,1.0
61,9,10,1.0,10.014909253198452,8,0.8177416607868421,0,0.0,0.44999999999999996,41.101000000000006,33.61,1.2228800952097592,1.0
62,0,10,0.0,-13.32860653861728,14,0.0,10,1.0,0.2,11.792000000000002,56.80100000000001,0.20760197883840073,1.0
62,1,10,1.0,10.379396114693595,5,0.8734634595628608,0,0.0,0.3,28.229000000000003,24.657,1.1448675832420814,1.0
62,2,10,1.0,10.60759065685895,3,1.0,0,0.0,0.2,15.497999999999998,15.497999999999998,1.0,1.0
62,3,10,1.0,9.97000642439557,7,0.9266932587168344,0,0.0,0.7000000000000001,50.391,46.697,1.0791057241364541,1.0
62,4,10,1.0,10.610343874391862,3,0.6980549552330966,0,0.0,0.2,12.956000000000001,9.044,1.4325519681556833,1.0
62,5,10,0.0,-25.332944189199445,200,0.0,0,0.0,15.000000000000004,827.3999999999957,13.277000000000001,62.3182947955107,1.0
62,6,10,0.0,-28.24028738922964,200,0.0,0,0.0,19.900000000000013,1676.0000000000014,36.675,45.698704839809174,1.0
62,7,10,0.0,-26.295364540516072,200,0.0,0,0.0,15.200000000000003,1004.5410000000032,62.037000000000006,16.192610861260267,1.0
62,8,10,1.0,10.4633923087376,4,1.0,0,0.0,0.3,36.795,36.795,1.0,1.0
62,9,10,0.0,-12.879293175959841,14,0.0,10,1.0,0.35,43.395999999999994,58.968,0.7359245692579024,1.0
63,0,10,1.0,9.249883028407385,13,0.6641435339982642,0,0.0,1.05,70.283,46.678000000000004,1.5056986160503876,1.0
63,1,10,0.0,-24.926607765237033,200,0.0,0,0.0,12.650000000000015,784.4490000000025,55.375,14.166121896162572,1.0
63,2,10,0.0,-23.070878241832254,200,0.0,0,0.0,10.000000000000007,277.98699999999934,47.504,5.851865106096315,1.0
63,3,10,0.0,-13.279048129981607,14,0.0,10,1.0,0.25,22.481,32.620000000000005,0.6891784181483752,1.0
63,4,10,0.0,-23.773947425323563,200,0.0,0,0.0,12.000000000000016,715.9200000000006,32.373000000000005,22.114725233991305,1.0
63,5,10,0.0,-23.34318852584087,200,0.0,0,0.0,10.000000000000007,900.7189999999975,45.877,19.633345685201682,1.0
63,6,10,1.0,10.875,1,1.0,0,0.0,0.05,7.655,7.655,1.0,1.0
63,7,10,0.0,-25.450268704341266,200,0.0,0,0.0,15.000000000000004,473.80000000000257,47.636,9.946259131749152,1.0
63,8,10,1.0,10.8,1,1.0,0,0.0,0.2,6.938,6.938,1.0,1.0
63,9,10,0.0,-13.13355901097801,14,0.0,10,1.0,0.25,19.634,59.938,0.32757182421835895,1.0
64,0,10,0.0,-13.737344417747291,20,0.0,10,1.0,0.7500000000000002,39.492,54.521,0.7243447478953063,1.0
64,1,10,0.0,-25.206646425123292,200,0.0,0,0.0,14.950000000000003,658.5539999999988,19.679,33.46481020377046,1.0
64,2,10,0.0,-13.02651583396854,13,0.0,10,1.0,0.2,14.035999999999998,43.293000000000006,0.32420945649412136,1.0
64,3,10,0.0,-13.001692429224132,13,0.0,10,1.0,0.25,16.630000000000003,46.838,0.3550535889662241,1.0
64,4,10,0.0,-13.171581062670299,14,0.0,10,1.0,0.30000000000000004,20.386000000000003,29.360000000000003,0.6943460490463216,1.0
64,5,10,0.0,-24.51812748694657,200,0.0,0,0.0,12.200000000000017,650.0110000000006,51.519,12.616918030241283,1.0
64,6,10,0.0,-13.62886884708965,20,0.0,10,1.0,0.5499999999999999,66.262,42.744,1.5502058768482125,1.0
64,7,10,0.0,-12.982325595155912,14,0.0,10,1.0,0.30000000000000004,30.46,50.701,0.6007771049880674,1.0
64,8,10,0.0,-23.258961738015234,200,0.0,0,0.0,10.000000000000007,744.7629999999989,51.461,14.472377139970053,1.0
64,9,10,0.0,-22.98237549285028,200,0.0,0,0.0,10.000000000000007,739.6810000000023,55.03699999999999,13.439704198993448,1.0
65,0,10,0.0,-28.050234639857006,200,0.0,0,0.0,20.00000000000003,1250.4910000000025,59.879,20.88363199118226,1.0
65,1,10,0.0,-13.285800927389609,14,0.0,10,1.0,0.25,16.683,75.91199999999999,0.21976762567183056,1.0
65,2,10,1.0,10.732199452567889,2,0.8118713450292396,0,0.0,0.15000000000000002,17.1,13.883,1.2317222502340994,1.0
65,3,10,0.0,-26.547728804042666,200,0.0,0,0.0,16.699999999999996,1137.7990000000002,32.058,35.4918896999189,1.0
65,4,10,0.0,-24.303468625893597,200,0.0,0,0.0,13.300000000000013,870.7670000000003,25.18,34.581691818903906,1.0
65,5,10,0.0,-12.92831904355252,14,0.0,10,1.0,0.3,19.261,29.275,0.657933390264731,1.0
65,6,10,1.0,10.635556929417826,3,0.9792150136212286,0,0.0,0.15000000000000002,19.822000000000003,19.409999999999997,1.0212261720762497,1.0
65,7,10,0.0,-23.022424777082094,200,0.0,0,0.0,10.050000000000008,635.3729999999993,52.709999999999994,12.054126351735901,1.0
65,8,10,0.0,-28.548601567318588,200,0.0,0,0.0,19.600000000000012,3588.338000000013,55.126,65.09338606102408,1.0
65,9,10,0.0,-23.043127104902084,200,0.0,0,0.0,10.000000000000007,633.9999999999993,32.068,19.770487713608563,1.0
66,0,10,0.0,-30.627590169595575,200,0.0,0,0.0,24.900000000000002,597.5970000000004,52.123999999999995,11.464910597805243,1.0
66,1,10,1.0,9.882608332392458,8,0.8826988239984055,0,0.0,0.7000000000000001,50.17,44.285000000000004,1.1328892401490347,1.0
66,2,10,1.0,10.371133184906093,5,1.0,0,0.0,0.3,17.517,17.517,1.0,1.0
66,3,10,1.0,10.362602804849061,4,0.9626121178839467,0,0.0,0.5,21.852,21.035000000000004,1.0388400285238886,1.0
66,4,10,0.0,-23.131362258055354,200,0.0,0,0.0,10.000000000000007,335.2699999999998,35.287,9.501232748604297,1.0
66,5,10,0.0,-23.029200827641947,200,0.0,0,0.0,10.000000000000007,713.5529999999975,64.279,11.100872757821334,1.0
66,6,10,1.0,10.321193653285489,5,0.9956458635703918,0,0.0,0.4,17.914,17.836,1.0043731778425657,1.0
66,7,10,1.0,9.57098264582057,11,0.9341740832379335,0,0.0,0.7500000000000002,54.157999999999994,50.592999999999996,1.0704642934793351,1.0
66,8,10,1.0,10.754503837350208,2,1.0,0,0.0,0.1,7.427,7.427,1.0,1.0
66,9,10,0.0,-24.62064581416745,200,0.0,0,0.0,13.300000000000013,919.1469999999996,54.35,16.9116283348666,1.0
67,0,10,0.0,-23.10055547586607,200,0.0,0,0.0,10.050000000000008,774.0719999999992,27.886,27.75844509789856,1.0
67,1,10,0.0,-12.931749720209694,12,0.0,10,1.0,0.1,8.076,33.95399999999999,0.2378512104612123,1.0
67,2,10,0.0,-30.3489145039135,200,0.0,0,0.0,24.400000000000002,855.405,63.114000000000004,13.55333206578572,1.0
67,3,10,0.0,-25.400782417582462,200,0.0,0,0.0,15.000000000000004,1032.8810000000026,56.87499999999999,18.160545054945104,1.0
67,4,10,0.0,-23.40813579745075,200,0.0,0,0.0,10.050000000000008,979.0890000000048,34.440999999999995,28.428007316860864,1.0
67,5,10,0.0,-23.676436971013445,200,0.0,0,0.0,10.050000000000008,647.9220000000022,26.701999999999998,24.264923975732238,1.0
67,6,10,0.0,-33.0786802957616,200,0.0,0,0.0,29.5999999999999,913.2660000000037,45.44200000000001,20.097398882091536,1.0
67,7,10,0.0,-13.655507416536617,20,0.0,10,1.0,0.7500000000000001,56.510000000000005,68.563,0.8242054752563336,1.0
67,8,10,0.0,-12.6315492161777,12,0.0,10,1.0,0.25,26.436999999999998,40.69799999999999,0.6495896604255738,1.0
67,9,10,0.0,-14.316946472494436,20,0.0,10,1.0,0.9999999999999999,70.84500000000001,51.226,1.382989107094054,1.0
68,0,10,1.0,9.667782991813963,9,0.8173623985169084,0,0.0,0.95,46.929,38.358,1.223447520725794,1.0
68,1,10,1.0,10.58414624994482,3,0.9552584970903264,0,0.0,0.25,23.714,22.653,1.046837063523595,1.0
68,2,10,0.0,-23.371912054182072,200,0.0,0,0.0,10.200000000000012,970.7690000000041,29.973,32.38811597104074,1.0
68,3,10,0.0,-13.635361959429337,22,0.0,10,1.0,0.7500000000000001,57.68799999999999,35.888,1.6074453856442263,1.0
68,4,10,1.0,10.20703390252402,6,0.7815193074603638,0,0.0,0.44999999999999996,51.405,40.174,1.2795589187036391,1.0
68,5,10,0.0,-28.01467106539872,200,0.0,0,0.0,20.00000000000003,306.95599999999916,41.224,7.446050844168426,1.0
68,6,10,0.0,-25.752072525003943,200,0.0,0,0.0,15.000000000000002,942.5999999999977,18.697000000000003,50.41450500080214,1.0
68,7,10,1.0,9.392447196140063,13,0.7663592985255534,0,0.0,0.75,65.177,49.949,1.3048709683877557,1.0
68,8,10,1.0,10.353961596766045,5,0.6698256896259943,0,0.0,0.35,23.636,15.832,1.4929257200606365,1.0
68,9,10,0.0,-23.13491079424125,200,0.0,0,0.0,10.000000000000007,1124.702,43.550999999999995,25.82494087391794,1.0
69,0,10,1.0,10.85,1,1.0,0,0.0,0.1,1.745,1.745,1.0,1.0
69,1,10,0.0,-28.281824149806297,200,0.0,0,0.0,19.90000000000003,1162.119999999996,37.168,31.266681015927574,1.0
69,2,10,0.0,-12.77030255469165,13,0.0,10,1.0,0.15000000000000002,16.009,20.707,0.773120200898247,1.0
69,3,10,0.0,-22.893921485001727,200,0.0,0,0.0,10.000000000000007,721.5200000000009,49.239,14.653425130486015,1.0
69,4,10,0.0,-13.361722602543812,13,0.0,10,1.0,0.15000000000000002,11.718,52.441,0.22345111649282048,1.0
69,5,10,0.0,-13.585699822515695,15,0.0,10,1.0,0.5499999999999999,14.47,52.399,0.27615030821198877,1.0
69,6,10,1.0,10.343384647534132,5,0.9824129200027373,0,0.0,0.35,29.226,28.712,1.0179019225410977,1.0
69,7,10,1.0,10.436881160856876,4,0.9046480346734419,0,0.0,0.35000000000000003,20.073,18.159,1.105402279861226,1.0
69,8,10,0.0,-12.981456155632987,15,0.0,10,1.0,0.39999999999999997,64.125,68.88,0.9309668989547039,1.0
69,9,10,0.0,-25.04136899817249,200,0.0,0,0.0,13.300000000000013,621.0899999999989,54.17100000000001,11.465359694301357,1.0
70,0,10,0.0,-23.494293386345415,200,0.0,0,0.0,10.000000000000007,901.5119999999976,33.702999999999996,26.74871673144817,1.0
70,1,10,0.0,-13.249354540790147,19,0.0,10,1.0,0.5499999999999999,48.502,38.98,1.244279117496152,1.0
70,2,10,1.0,9.601524200396264,11,0.7646910284621767,0,0.0,0.7000000000000002,55.442,42.396,1.3077177092178507,1.0
70,3,10,1.0,10.612601602330663,3,0.6568749401971103,0,0.0,0.2,10.451,6.865,1.5223597960670066,1.0
70,4,10,0.0,-28.6877589505329,200,0.0,0,0.0,20.10000000000003,1103.6709999999985,21.954,50.2719777717044,1.0
70,5,10,1.0,10.641953050143725,3,0.6323549212333379,0,0.0,0.15000000000000002,14.854,9.393,1.5813903971042262,1.0
70,6,10,1.0,10.610579823873048,3,1.0,0,0.0,0.2,22.938000000000002,22.938000000000002,1.0,1.0
70,7,10,1.0,9.846659546258103,9,0.8283773339299516,0,0.0,0.6,49.166000000000004,40.728,1.2071793360832843,1.0
70,8,10,1.0,10.35123802834887,5,0.9302463709581621,0,0.0,0.35,42.091,39.155,1.0749840377984932,1.0
70,9,10,0.0,-23.696471303107916,200,0.0,0,0.0,10.050000000000008,624.4309999999991,30.857,20.236283501312478,1.0
71,0,10,0.0,-23.42819247029662,200,0.0,0,0.0,10.15000000000001,629.1049999999985,54.876000000000005,11.464119104891,1.0
71,1,10,1.0,10.752668475802803,2,1.0,0,0.0,0.1,6.633000000000001,6.633000000000001,1.0,1.0
71,2,10,1.0,10.123377874606634,6,0.8482894574725862,0,0.0,0.6000000000000001,24.349,20.655,1.1788428951827643,1.0
71,3,10,1.0,10.875,1,1.0,0,0.0,0.05,7.849,7.849,1.0,1.0
71,4,10,1.0,10.295554986607845,5,0.9304746197544438,0,0.0,0.44999999999999996,27.285000000000004,25.388,1.0747203403182606,1.0
71,5,10,1.0,10.758639515823983,2,0.7744360902255639,0,0.0,0.1,10.241,7.931,1.29126213592233,1.0
71,6,10,0.0,-25.531981936778678,200,0.0,0,0.0,15.000000000000002,742.6500000000011,49.825,14.905168088309104,1.0
71,7,10,0.0,-23.06718015340158,200,0.0,0,0.0,10.000000000000007,1352.5329999999951,48.10900000000001,28.113928786713398,1.0
71,8,10,1.0,10.60851154630376,3,1.0,0,0.0,0.2,21.089000000000002,21.089000000000002,1.0,1.0
71,9,10,0.0,-23.114795180722933,200,0.0,0,0.0,10.000000000000007,965.8810000000035,20.75,46.54848192771101,1.0
72,0,10,0.0,-12.990918957011978,12,0.0,10,1.0,0.1,7.817,49.66499999999999,0.1573945434410551,1.0
72,1,10,1.0,10.007913471815606,8,0.5196570876599855,0,0.0,0.49999999999999994,41.410000000000004,21.519000000000002,1.9243459268553371,1.0
72,2,10,0.0,-12.936836462210714,12,0.0,10,1.0,0.2,11.158,24.716,0.4514484544424664,1.0
72,3,10,0.0,-24.647135888501715,200,0.0,0,0.0,13.350000000000012,779.7980000000007,40.18,19.407615729218534,1.0
72,4,10,1.0,9.315766464071396,12,0.717338815381007,0,0.0,1.1,72.479,51.992000000000004,1.394041390983228,1.0
72,5,10,0.0,-13.668484608745683,17,0.0,10,1.0,0.35,22.045,27.808000000000003,0.7927574798619103,1.0
72,6,10,1.0,9.625154137776226,10,0.8712866983940717,0,0.0,0.8500000000000002,46.016999999999996,40.093999999999994,1.147727839576994,1.0
72,7,10,0.0,-23.09998162102561,200,0.0,0,0.0,10.000000000000007,485.00000000000153,21.764,22.284506524536003,1.0
72,8,10,0.0,-13.129591819541268,17,0.0,10,1.0,0.5,46.075,47.479,0.9704290317824723,1.0
72,9,10,0.0,-25.628180577829827,200,0.0,0,0.0,15.000000000000002,1071.0000000000025,41.777,25.636115565981342,1.0
73,0,10,1.0,10.739955595026641,2,0.33586875466070093,0,0.0,0.15000000000000002,13.41,4.504,2.977353463587922,1.0
73,1,10,0.0,-23.382916162274572,200,0.0,0,0.0,10.15000000000001,325.93499999999915,64.43400000000001,5.058431883788048,1.0
73,2,10,1.0,10.753927335640139,2,1.0,0,0.0,0.1,8.091999999999999,8.091999999999999,1.0,1.0
73,3,10,1.0,9.794195266686915,9,0.9992062936246703,0,0.0,0.7,42.837,42.803000000000004,1.000794336845548,1.0
73,4,10,1.0,9.969110282365477,8,0.6080501039332668,0,0.0,0.55,37.043,22.524,1.6446013141537914,1.0
73,5,10,1.0,10.151314957438185,6,0.8797204293406555,0,0.0,0.55,28.043,24.67,1.1367247669233886,1.0
73,6,10,0.0,-25.922217061611338,200,0.0,0,0.0,15.150000000000002,885.9109999999987,21.1,41.98630331753548,1.0
73,7,10,1.0,10.128721841677848,7,1.0,0,0.0,0.39999999999999997,28.322,28.322,1.0,1.0
73,8,10,0.0,-23.0379530665724,200,0.0,0,0.0,10.000000000000007,494.073999999999,67.92600000000002,7.273709625180326,1.0
73,9,10,1.0,10.267148253068934,5,1.0,0,0.0,0.5,26.474999999999998,26.474999999999998,1.0,1.0
74,0,10,0.0,-12.643607980566285,14,0.0,10,1.0,0.3,22.316,25.111,0.8886941977619369,1.0
74,1,10,1.0,10.198970318860244,6,0.8822253145995121,0,0.0,0.44999999999999996,66.831,58.96,1.1334972862957937,1.0
74,2,10,0.0,-13.233675363773205,14,0.0,10,1.0,0.25,20.578,27.902,0.7375098559243064,1.0
74,3,10,1.0,10.755656705173278,2,1.0,0,0.0,0.1,7.964,7.964,1.0,1.0
74,4,10,0.0,-28.33373256613921,200,0.0,0,0.0,19.90000000000003,962.1500000000025,31.977999999999998,30.08787291262751,1.0
74,5,10,0.0,-28.141784599029865,200,0.0,0,0.0,20.00000000000003,853.6000000000007,30.102,28.35691980599298,1.0
74,6,10,1.0,9.590916518345377,10,0.9296850079744818,0,0.0,0.9000000000000001,50.160000000000004,46.63300000000001,1.0756331353333475,1.0
74,7,10,1.0,10.85,1,1.0,0,0.0,0.1,3.868,3.868,1.0,1.0
74,8,10,1.0,10.754042827053592,2,1.0,0,0.0,0.1,8.546,8.546,1.0,1.0
74,9,10,1.0,10.387914609444234,4,0.8022750933143742,0,0.0,0.45,39.383,31.596,1.2464552474996835,1.0
75,0,10,0.0,-24.423145273306613,200,0.0,0,0.0,12.500000000000016,1073.2010000000016,48.956,21.921746057684484,1.0
75,1,10,0.0,-25.78213579433095,200,0.0,0,0.0,15.000000000000002,1800.7999999999934,21.238,84.7914116206796,1.0
75,2,10,0.0,-23.095492530280705,200,0.0,0,0.0,10.05000000000001,643.3259999999991,36.07899999999999,17.831037445605457,1.0
75,3,10,0.0,-28.06766036782842,200,0.0,0,0.0,20.050000000000026,699.7639999999993,67.314,10.395519505600609,1.0
75,4,10,1.0,10.230618556701032,6,0.6683320271682339,0,0.0,0.39999999999999997,30.624000000000002,20.467,1.4962622758586996,1.0
75,5,10,0.0,-13.597015756776454,17,0.0,10,1.0,0.35,26.528999999999996,28.813,0.9207302259396799,1.0
75,6,10,0.0,-22.955164040114603,200,0.0,0,0.0,10.000000000000007,678.5999999999993,69.80000000000001,9.722063037249272,1.0
75,7,10,0.0,-26.167499500784434,200,0.0,0,0.0,15.050000000000002,780.9999999999975,70.11,11.139637712166559,1.0
75,8,10,1.0,9.838377558287148,7,0.7837555814404968,0,0.0,1.0,41.208000000000006,32.297,1.2759079790692638,1.0
75,9,10,0.0,-13.850005691519636,17,0.0,10,1.0,0.39999999999999997,29.852,47.439,0.6292712746896014,1.0
76,0,10,1.0,9.882216476713099,8,0.8239522346530636,0,0.0,0.7000000000000001,34.502,28.428,1.213662586182637,1.0
76,1,10,1.0,9.286291135910197,13,0.6180771054949522,0,0.0,0.9500000000000001,73.79500000000002,45.611000000000004,1.617921115520379,1.0
76,2,10,0.0,-23.32020287454516,200,0.0,0,0.0,10.050000000000008,994.3029999999975,76.67299999999999,12.968098287532738,1.0
76,3,10,0.0,-24.839636441862982,200,0.0,0,0.0,13.300000000000013,708.1509999999989,9.297,76.16983973324716,1.0
76,4,10,1.0,10.731242780865207,2,1.0,0,0.0,0.15000000000000002,9.177,9.177,1.0,1.0
76,5,10,0.0,-23.26676236915095,200,0.0,0,0.0,10.150000000000011,894.3829999999991,55.885,16.003990337299797,1.0
76,6,10,1.0,10.402552688781778,5,0.72450272176384,0,0.0,0.25,29.208999999999996,21.162,1.3802570645496643,1.0
76,7,10,1.0,10.249742070353022,6,0.9013912895639116,0,0.0,0.35,35.291,31.811,1.1093961208387035,1.0
76,8,10,0.0,-12.97173886642788,11,0.0,10,1.0,0.05,3.453,65.051,0.05308142841770303,1.0
76,9,10,0.0,-12.718381078478576,11,0.0,10,1.0,0.2,6.938,16.616,0.4175493500240732,1.0
77,0,10,0.0,-23.201092747333906,200,0.0,0,0.0,10.000000000000007,887.1119999999979,43.322,20.477170952402886,1.0
77,1,10,0.0,-13.125062005319318,12,0.0,10,1.0,0.25,15.255,62.414,0.24441631685198834,1.0
77,2,10,0.0,-12.789107832806463,12,0.0,10,1.0,0.2,17.601,39.858,0.44159265392142105,1.0
77,3,10,1.0,10.464993677159166,4,0.9262401468865744,0,0.0,0.30000000000000004,31.589000000000002,29.259,1.079633617006733,1.0
77,4,10,0.0,-30.350972682726326,200,0.0,0,0.0,25.0,2031.5999999999913,68.162,29.805463454710704,1.0
77,5,10,0.0,-28.17617906517456,200,0.0,0,0.0,19.90000000000003,1028.3639999999964,53.165,19.34287595222414,1.0
77,6,10,1.0,10.49120228637861,4,0.9552690029615006,0,0.0,0.25,16.208,15.483,1.046825550603888,1.0
77,7,10,0.0,-25.87336734518309,200,0.0,0,0.0,15.000000000000004,1069.5199999999977,58.117000000000004,18.402876955107757,1.0
77,8,10,0.0,-26.100771057631402,200,0.0,0,0.0,15.050000000000002,750.6729999999978,56.843999999999994,13.205844064457073,1.0
77,9,10,1.0,10.632577270886758,3,0.534675615212528,0,0.0,0.15000000000000002,13.857,7.409000000000001,1.8702928870292885,1.0
78,0,10,1.0,10.53326816800221,3,1.0,0,0.0,0.35000000000000003,14.475999999999999,14.475999999999999,1.0,1.0
78,1,10,0.0,-22.87854578310385,200,0.0,0,0.0,10.000000000000007,1021.599999999995,42.057,24.290843379223315,1.0
78,2,10,0.0,-23.08079102400182,200,0.0,0,0.0,10.250000000000012,839.2159999999975,61.787,13.582404065580098,1.0
78,3,10,0.0,-22.919378769293733,200,0.0,0,0.0,10.000000000000007,528.4229999999983,39.132000000000005,13.50360318920572,1.0
78,4,10,0.0,-13.680274734063822,18,0.0,10,1.0,0.7,39.861000000000004,25.006,1.5940574262177079,1.0
78,5,10,1.0,10.026925015492667,7,0.5876568986865425,0,0.0,0.6000000000000001,41.189,24.205,1.701673208014873,1.0
78,6,10,0.0,-13.259606806891451,18,0.0,10,1.0,0.5,52.507,56.766000000000005,0.9249726949230171,1.0
78,7,10,1.0,10.515024988975453,4,1.0,0,0.0,0.2,13.606,13.606,1.0,1.0
78,8,10,0.0,-31.94973478315738,200,0.0,0,0.0,27.349999999999998,872.6750000000025,47.54600000000001,18.35433054305309,1.0
78,9,10,0.0,-25.452419393133656,200,0.0,0,0.0,15.000000000000002,400.8000000000009,42.118,9.516121373284603,1.0
79,0,10,0.0,-23.32648547481485,200,0.0,0,0.0,10.100000000000009,976.309000000002,61.445,15.889152900968378,1.0
79,1,10,0.0,-13.138079542690342,13,0.0,10,1.0,0.15000000000000002,13.469999999999999,53.44299999999999,0.25204423404374754,1.0
79,2,10,1.0,9.877711554852063,9,0.5282351427836378,0,0.0,0.55,46.644000000000005,24.639000000000003,1.8930963107268963,1.0
79,3,10,0.0,-25.35942232799651,200,0.0,0,0.0,15.000000000000002,1039.5999999999976,36.976000000000006,28.115534400692272,1.0
79,4,10,1.0,10.727951859099804,2,1.0,0,0.0,0.15000000000000002,12.774999999999999,12.774999999999999,1.0,1.0
79,5,10,0.0,-24.511112820429716,200,0.0,0,0.0,12.500000000000014,1198.7739999999983,61.75300000000001,19.41240101695461,1.0
79,6,10,1.0,9.673690791115549,10,1.0,0,0.0,0.7500000000000002,40.07,40.07,1.0,1.0
79,7,10,0.0,-28.17577180344735,200,0.0,0,0.0,19.95000000000003,937.9599999999987,38.87,24.13069205042446,1.0
79,8,10,0.0,-13.161952962138084,13,0.0,10,1.0,0.2,14.393,56.12500000000001,0.25644543429844097,1.0
79,9,10,1.0,9.986255666113875,8,0.6486893534621866,0,0.0,0.49999999999999994,55.774,36.17999999999999,1.5415699281370927,1.0
80,0,10,1.0,10.227935774136295,6,0.8296633676928874,0,0.0,0.39999999999999997,29.201,24.227000000000004,1.2053081272959918,1.0
80,1,10,0.0,-22.85395968529258,200,0.0,0,0.0,10.000000000000007,508.6000000000011,17.413,29.208062941480566,1.0
80,2,10,1.0,10.612261884183232,3,0.9146968139773894,0,0.0,0.2,12.649000000000001,11.57,1.0932584269662922,1.0
80,3,10,0.0,-24.575745383048954,200,0.0,0,0.0,13.350000000000012,779.3000000000008,28.482,27.36114036935611,1.0
80,4,10,0.0,-25.813731976077403,200,0.0,0,0.0,14.950000000000003,942.3649999999968,48.824000000000005,19.30126577093226,1.0
80,5,10,0.0,-22.98277219263005,200,0.0,0,0.0,10.000000000000007,418.20000000000095,55.007000000000005,7.602668751249857,1.0
80,6,10,0.0,-22.977566426408444,200,0.0,0,0.0,10.000000000000007,1204.657000000003,46.89399999999999,25.688936750970345,1.0
80,7,10,0.0,-22.964914064883544,200,0.0,0,0.0,10.000000000000007,671.4129999999993,39.332,17.070400691548848,1.0
80,8,10,1.0,10.484958915753683,3,1.0,0,0.0,0.45,21.176,21.176,1.0,1.0
80,9,10,0.0,-30.293250090481383,200,0.0,0,0.0,25.0,306.6519999999992,22.104,13.873145132102751,1.0
81,0,10,0.0,-23.09364079910335,200,0.0,0,0.0,10.000000000000007,819.028000000001,15.166999999999998,54.00065932616873,1.0
81,1,10,0.0,-33.140079535909244,200,0.0,0,0.0,29.700000000000003,1134.6990000000042,38.096,29.785253044939214,1.0
81,2,10,1.0,9.751472696534234,10,0.8347445667513406,0,0.0,0.6000000000000001,70.86,59.14999999999999,1.1979712595097212,1.0
81,3,10,0.0,-13.011469416113895,13,0.0,10,1.0,0.25,14.795,38.141,0.3879027817833827,1.0
81,4,10,0.0,-12.901126855312334,13,0.0,10,1.0,0.25,32.493,46.825,0.6939241857981847,1.0
81,5,10,1.0,10.369460718787,5,1.0,0,0.0,0.3,26.182999999999996,26.182999999999996,1.0,1.0
81,6,10,0.0,-22.957506872801453,200,0.0,0,0.0,10.000000000000007,1352.9779999999967,67.658,19.997310000295556,1.0
81,7,10,0.0,-23.35575708459691,200,0.0,0,0.0,10.050000000000008,987.6980000000036,19.125999999999998,51.64163965282881,1.0
81,8,10,1.0,10.642127066512879,3,0.5537871932719434,0,0.0,0.15000000000000002,18.787,10.404,1.805747789311803,1.0
81,9,10,0.0,-22.971600176539418,200,0.0,0,0.0,10.000000000000007,909.4000000000035,52.113,17.450540172317915,1.0
82,0,10,0.0,-23.46029366717723,200,0.0,0,0.0,10.100000000000009,1146.0099999999966,45.05100000000001,25.438059088588407,1.0
82,1,10,0.0,-27.84628242317233,200,0.0,0,0.0,20.10000000000003,809.5610000000033,23.787,34.033757935006655,1.0
82,2,10,0.0,-22.933575318876283,200,0.0,0,0.0,10.050000000000008,715.5259999999975,49.940999999999995,14.327426363108419,1.0
82,3,10,0.0,-13.624784878953959,19,0.0,10,1.0,0.9500000000000001,49.082,46.346,1.0590342208604844,1.0
82,4,10,0.0,-22.890841576234806,200,0.0,0,0.0,10.000000000000007,682.0000000000001,31.238999999999997,21.831684753033073,1.0
82,5,10,1.0,10.223529102384292,6,0.9034071786343569,0,0.0,0.39999999999999997,50.511,45.632000000000005,1.1069205820476857,1.0
82,6,10,1.0,10.728543256997455,2,1.0,0,0.0,0.15000000000000002,11.004000000000001,11.004000000000001,1.0,1.0
82,7,10,0.0,-23.251014138280798,200,0.0,0,0.0,10.000000000000007,3151.962000000009,16.763,188.03090138996652,1.0
82,8,10,0.0,-30.78328173965606,200,0.0,1,0.0,23.200000000000017,568.6650000000001,62.863,9.046100249749456,1.0
82,9,10,0.0,-36.58157713794583,200,0.0,9,0.0,18.850000000000033,721.7089999999997,60.501999999999995,11.928680043634918,1.0
83,0,10,0.0,-23.261697326000427,200,0.0,0,0.0,10.050000000000008,638.5739999999992,52.73,12.110259814147529,1.0
83,1,10,0.0,-27.9795719600019,200,0.0,0,0.0,20.050000000000026,767.2820000000022,62.903000000000006,12.197860197446897,1.0
83,2,10,0.0,-26.24740271097508,200,0.0,0,0.0,15.000000000000002,482.4230000000004,38.879,12.40831811517787,1.0
83,3,10,0.0,-13.27399747080265,14,0.0,10,1.0,0.3,28.163,67.215,0.4189987354013241,1.0
83,4,10,0.0,-13.409469080122287,14,0.0,10,1.0,0.30000000000000004,21.417,33.037,0.6482731482882829,1.0
83,5,10,1.0,8.933352387697289,16,0.5970311532595401,0,0.0,1.1500000000000001,66.221,39.53600000000001,1.674954471873735,1.0
83,6,10,0.0,-25.838968237229516,200,0.0,0,0.0,15.050000000000002,977.734000000003,47.413999999999994,20.621208925633844,1.0
83,7,10,0.0,-13.412104061254645,14,0.0,10,1.0,0.30000000000000004,18.796,44.666,0.42081225092911834,1.0
83,8,10,1.0,10.466708955223881,4,0.8796691393684762,0,0.0,0.3,15.233,13.399999999999999,1.1367910447761196,1.0
83,9,10,0.0,-13.30095428125271,14,0.0,10,1.0,0.2,13.790000000000001,46.108000000000004,0.29908041988375117,1.0
84,0,10,1.0,10.391276624518223,4,0.9454975545823611,0,0.0,0.45000000000000007,31.282999999999998,29.578,1.0576441950098046,1.0
84,1,10,0.0,-22.99512628184226,200,0.0,0,0.0,10.000000000000007,639.200000000003,55.194,11.58096894589997,1.0
84,2,10,0.0,-12.9,10,0.0,10,1.0,0.0,0.0,51.144000000000005,0.0,1.0
84,3,10,0.0,-12.928109142318565,13,0.0,10,1.0,0.25,12.696,26.524999999999995,0.47864278982092373,1.0
84,4,10,0.0,-12.899999999999999,10,0.0,10,1.0,0.0,0.0,53.748000000000005,0.0,1.0
84,5,10,1.0,10.465206948556107,4,1.0,0,0.0,0.3,17.903,17.903,1.0,1.0
84,6,10,0.0,-12.88086558631185,13,0.0,10,1.0,0.25,15.751000000000001,24.313000000000002,0.6478427178875499,1.0
84,7,10,0.0,-27.102187661465337,200,0.0,0,0.0,18.000000000000025,978.2400000000005,77.41600000000003,12.636147566394545,1.0
84,8,10,1.0,10.534132227299821,3,1.0,0,0.0,0.35000000000000003,20.132,20.132,1.0,1.0
84,9,10,1.0,10.608571513849093,3,0.8964041095890412,0,0.0,0.2,18.688000000000002,16.752000000000002,1.1155682903533906,1.0
85,0,10,0.0,-22.822305537725317,200,0.0,0,0.0,10.000000000000007,917.599999999998,68.548,13.386240298768715,1.0
85,1,10,0.0,-30.961316320781318,200,0.0,0,0.0,24.7,339.4299999999986,42.596000000000004,7.968588599868498,1.0
85,2,10,0.0,-25.74446949963064,200,0.0,0,0.0,15.000000000000002,829.7519999999957,25.720999999999997,32.259709964620185,1.0
85,3,10,1.0,10.032796526277899,7,0.7856057124677436,0,0.0,0.6000000000000001,28.289,22.224,1.2729031677465803,1.0
85,4,10,0.0,-14.514639701567608,23,0.0,10,1.0,1.1500000000000001,62.199999999999996,59.644999999999996,1.0428367843071507,1.0
85,5,10,0.0,-13.058903698366953,11,0.0,10,1.0,0.1,2.506,49.968,0.050152097342299064,1.0
85,6,10,0.0,-12.935801899158193,11,0.0,10,1.0,0.05,4.491,34.330999999999996,0.13081471556319363,1.0
85,7,10,1.0,10.350128464608984,5,0.6479545371753306,0,0.0,0.35000000000000003,27.451,17.787,1.5433181537077643,1.0
85,8,10,0.0,-23.11019431696113,200,0.0,0,0.0,10.000000000000007,1354.1999999999953,61.446,22.038863392246775,1.0
85,9,10,1.0,10.067131427925252,7,0.8784176413618416,0,0.0,0.5000000000000001,40.269000000000005,35.373000000000005,1.13841065219235,1.0
86,0,10,1.0,9.930988131382831,8,0.7711792252022136,0,0.0,0.6000000000000001,42.282000000000004,32.607,1.2967154292023186,1.0
86,1,10,0.0,-28.51433659450458,200,0.0,0,0.0,19.800000000000026,855.0840000000011,48.04,17.799417152373046,1.0
86,2,10,1.0,10.152579717720856,7,1.0,0,0.0,0.35,42.086,42.086,1.0,1.0
86,3,10,1.0,10.079628784268479,7,0.8007270390231166,0,0.0,0.5,49.791000000000004,39.869,1.2488650329830195,1.0
86,4,10,0.0,-23.052514727864143,200,0.0,0,0.0,10.000000000000007,277.35699999999935,45.492000000000004,6.096830211905375,1.0
86,5,10,0.0,-28.247574618171047,200,0.0,0,0.0,19.950000000000017,961.6220000000003,47.207,20.370326434638937,1.0
86,6,10,1.0,10.875,1,1.0,0,0.0,0.05,2.85,2.85,1.0,1.0
86,7,10,1.0,10.104721181580082,7,0.9509142496847415,0,0.0,0.44999999999999996,31.72,30.163,1.0516195338659946,1.0
86,8,10,1.0,10.419665082226958,4,0.6971509103374725,0,0.0,0.4,26.253999999999998,18.303,1.4344096596186415,1.0
86,9,10,0.0,-25.580735209649646,200,0.0,0,0.0,15.000000000000002,924.616,43.525000000000006,21.243331418724868,1.0
87,0,10,0.0,-13.014708704494026,12,0.0,10,1.0,0.15000000000000002,8.287,34.913,0.23736144129693815,1.0
87,1,10,0.0,-25.649636293639734,200,0.0,0,0.0,15.000000000000004,966.5650000000041,49.353,19.584726359086662,1.0
87,2,10,0.0,-25.56391430594906,200,0.0,0,0.0,15.000000000000004,830.2320000000042,56.480000000000004,14.699575070821602,1.0
87,3,10,0.0,-12.848545215156008,16,0.0,10,1.0,0.5,47.08500000000001,47.849000000000004,0.9840331041401075,1.0
87,4,10,0.0,-25.773947462130568,200,0.0,0,0.0,15.000000000000002,786.6010000000017,36.507000000000005,21.54658010792455,1.0
87,5,10,0.0,-26.907457671579156,200,0.0,0,0.0,17.500000000000032,716.1989999999993,41.934,17.07919587923879,1.0
87,6,10,0.0,-13.154052009456265,12,0.0,10,1.0,0.15000000000000002,7.218,38.07,0.1895981087470449,1.0
87,7,10,0.0,-23.150167807596837,200,0.0,0,0.0,10.000000000000007,1056.6000000000013,33.014,32.004604107348435,1.0
87,8,10,0.0,-23.314680663744817,200,0.0,0,0.0,10.100000000000009,1148.0829999999996,52.248999999999995,21.9733009244196,1.0
87,9,10,0.0,-13.632841835257125,16,0.0,10,1.0,0.39999999999999997,19.91,24.170999999999996,0.8237143684580698,1.0
88,0,10,0.0,-22.8426309548575,200,0.0,0,0.0,10.050000000000008,1122.8290000000034,48.07,23.358206781776644,1.0
88,1,10,1.0,10.706279836683418,2,1.0,0,0.0,0.2,6.368,6.368,1.0,1.0
88,2,10,0.0,-13.165021243115657,15,0.0,10,1.0,0.3,31.81,57.195,0.5561674971588425,1.0
88,3,10,1.0,10.238364728043324,5,1.0,0,0.0,0.55,42.47,42.47,1.0,1.0
88,4,10,0.0,-23.51785959939867,200,0.0,0,0.0,10.100000000000009,676.4239999999966,57.86299999999999,11.69009557057181,1.0
88,5,10,1.0,10.728886517700225,2,1.0,0,0.0,0.15000000000000002,7.966,7.966,1.0,1.0
88,6,10,0.0,-13.202549242005087,15,0.0,10,1.0,0.25,22.423,36.147999999999996,0.6203109438973111,1.0
88,7,10,1.0,10.875,1,1.0,0,0.0,0.05,3.578,3.578,1.0,1.0
88,8,10,0.0,-28.224776392676198,200,0.0,0,0.0,20.00000000000003,812.5570000000033,25.67,31.653954031944032,1.0
88,9,10,0.0,-23.332304166987576,200,0.0,0,0.0,10.050000000000008,886.8040000000036,25.966,34.15250712470167,1.0
89,0,10,0.0,-23.022586072423362,200,0.0,0,0.0,10.050000000000008,1061.2050000000033,35.9,29.560027855153297,1.0
89,1,10,1.0,10.225966713071664,6,0.9565519845765508,0,0.0,0.4,50.313,48.127,1.0454214889770814,1.0
89,2,10,0.0,-24.02026998374444,200,0.0,0,0.0,12.000000000000016,678.32,42.446999999999996,15.980399085918913,1.0
89,3,10,0.0,-28.059675246718857,200,0.0,0,0.0,20.00000000000003,1026.9709999999964,49.145,20.89675450198385,1.0
89,4,10,0.0,-23.143436898832565,200,0.0,0,0.0,10.000000000000007,912.5019999999987,37.946999999999996,24.046749413655856,1.0
89,5,10,1.0,9.830468702501037,8,0.8405342624854821,0,0.0,0.8,43.05,36.185,1.1897194970291556,1.0
89,6,10,1.0,10.707121212121212,2,0.712742980561555,0,0.0,0.2,14.815999999999999,10.559999999999999,1.403030303030303,1.0
89,7,10,0.0,-22.820334144908138,200,0.0,0,0.0,10.000000000000007,658.9899999999998,23.822,27.663084543699092,1.0
89,8,10,0.0,-25.572563054898406,200,0.0,0,0.0,15.000000000000002,626.4260000000005,32.551,19.244447175202005,1.0
89,9,10,0.0,-25.627638058388964,200,0.0,0,0.0,15.000000000000002,1004.0180000000028,22.744,44.144301793879826,1.0
90,0,10,1.0,10.636532460663759,3,0.5526892721426484,0,0.0,0.15000000000000002,13.684000000000001,7.563000000000001,1.8093349200052888,1.0
90,1,10,0.0,-13.06438144030933,11,0.0,10,1.0,0.1,4.76,51.725,0.09202513291445141,1.0
90,2,10,1.0,10.558152165369803,3,1.0,0,0.0,0.30000000000000004,12.723,12.723,1.0,1.0
90,3,10,1.0,10.217965569760466,6,0.9331983805668016,0,0.0,0.39999999999999997,46.43600000000001,43.334,1.0715835140997831,1.0
90,4,10,0.0,-12.917620553359683,11,0.0,10,1.0,0.05,7.108,32.89,0.21611432046214654,1.0
90,5,10,0.0,-22.950928286398376,200,0.0,0,0.0,10.000000000000007,919.2920000000009,43.855000000000004,20.962079580435546,1.0
90,6,10,1.0,10.320814488188976,5,0.814499371488674,0,0.0,0.39999999999999997,38.980999999999995,31.749999999999996,1.227748031496063,1.0
90,7,10,1.0,9.957601912871057,8,0.3299974981235927,0,0.0,0.6,51.961,17.147,3.030326004548901,1.0
90,8,10,0.0,-24.22760967847856,200,0.0,0,0.0,12.500000000000016,1067.2360000000015,39.593,26.95516884297733,1.0
90,9,10,1.0,10.248737572457404,6,0.8855187431948981,0,0.0,0.35000000000000003,32.145,28.465000000000003,1.1292815738626383,1.0
91,0,10,1.0,10.85,1,1.0,0,0.0,0.1,5.729,5.729,1.0,1.0
91,1,10,0.0,-13.203548474291207,15,0.0,10,1.0,0.5,22.42,33.29600000000001,0.6733541566554541,1.0
91,2,10,0.0,-25.45445929605549,200,0.0,0,0.0,15.000000000000004,1032.2660000000026,61.198,16.867642733422702,1.0
91,3,10,0.0,-23.297709427448716,200,0.0,0,0.0,10.000000000000007,613.911999999999,27.229000000000003,22.546255830181018,1.0
91,4,10,0.0,-25.61277828010065,200,0.0,0,0.0,15.000000000000002,923.0000000000015,40.921,22.555656020136396,1.0
91,5,10,0.0,-23.12997142857145,200,0.0,0,0.0,10.000000000000007,413.6979999999993,35.00000000000001,11.819942857142834,1.0
91,6,10,0.0,-13.015862024993623,12,0.0,10,1.0,0.15000000000000002,7.997999999999999,50.973,0.15690659761049966,1.0
91,7,10,0.0,-23.308938784155924,200,0.0,0,0.0,10.000000000000007,628.5999999999989,9.442,66.57487820377027,1.0
91,8,10,0.0,-23.320379304197544,200,0.0,0,0.0,10.10000000000001,640.835000000002,72.92300000000002,8.787830999821756,1.0
91,9,10,0.0,-23.130125089913857,200,0.0,0,0.0,10.000000000000007,1254.5500000000059,56.99899999999999,22.010035263776665,1.0
92,0,10,0.0,-23.41750432110627,200,0.0,0,0.0,10.050000000000008,502.19200000000023,46.863,10.716172673537764,1.0
92,1,10,0.0,-12.85889954497725,11,0.0,10,1.0,0.05,10.022,57.14,0.1753937696884844,1.0
92,2,10,0.0,-28.389911559412607,200,0.0,0,0.0,20.00000000000003,1033.2960000000032,48.281,21.40171081792016,1.0
92,3,10,1.0,10.736483870967742,2,0.5212473249770713,0,0.0,0.15000000000000002,6.542,3.41,1.9184750733137828,1.0
92,4,10,1.0,9.641301949417981,10,0.6640177559794502,0,0.0,0.8,64.429,42.782000000000004,1.5059838249731194,1.0
92,5,10,1.0,10.314573957949097,5,1.0,0,0.0,0.4,37.954,37.954,1.0,1.0
92,6,10,1.0,10.032631009144726,8,0.9284415834384824,0,0.0,0.39999999999999997,46.75900000000001,43.413000000000004,1.0770736876050953,1.0
92,7,10,0.0,-23.392570859019045,200,0.0,0,0.0,10.050000000000008,1041.413000000005,59.696,17.445272715089875,1.0
92,8,10,1.0,9.648013469039492,10,0.7169291940663709,0,0.0,0.8000000000000002,45.773,32.815999999999995,1.3948378839590447,1.0
92,9,10,0.0,-12.753146215580069,11,0.0,10,1.0,0.05,10.375,35.263,0.2942177353032924,1.0
93,0,10,1.0,10.203425427691394,6,0.7088517690385374,0,0.0,0.45,38.015,26.947,1.4107321779789959,1.0
93,1,10,0.0,-23.00684147904076,200,0.0,0,0.0,10.000000000000007,964.8120000000034,43.70400000000001,22.076057111477283,1.0
93,2,10,0.0,-24.69528257747714,200,0.0,0,0.0,13.350000000000012,870.2300000000004,64.761,13.437562730655802,1.0
93,3,10,1.0,10.155297440102032,6,0.8298620298620298,0,0.0,0.55,26.455000000000002,21.954,1.205019586407944,1.0
93,4,10,1.0,10.610916627665976,3,1.0,0,0.0,0.2,14.957,14.957,1.0,1.0
93,5,10,0.0,-23.554415730337034,200,0.0,0,0.0,10.150000000000011,577.457000000001,69.42,8.318308844713354,1.0
93,6,10,1.0,10.068282012618546,7,0.5983569579979581,0,0.0,0.55,42.117000000000004,25.201,1.671243204634737,1.0
93,7,10,0.0,-25.48592718533727,200,0.0,0,0.0,14.950000000000003,406.89699999999885,50.141000000000005,8.11505554336768,1.0
93,8,10,0.0,-28.325278917792556,200,0.0,0,0.0,19.95000000000003,1164.1249999999961,63.352000000000004,18.375505114282046,1.0
93,9,10,0.0,-23.039166798669406,200,0.0,0,0.0,10.000000000000007,919.2920000000009,37.878,24.26981361212316,1.0
94,0,10,1.0,10.220651436326623,6,0.6937894778139589,0,0.0,0.4,25.489,17.684,1.4413594209454874,1.0
94,1,10,1.0,9.988946005669517,8,0.8823784294802357,0,0.0,0.5,50.772999999999996,44.801,1.1333005959688398,1.0
94,2,10,0.0,-12.899999999999999,10,0.0,10,1.0,0.0,0.0,16.655,0.0,1.0
94,3,10,0.0,-31.384623281020957,200,0.0,6,0.0,12.95000000000001,613.8180000000011,56.647,10.8358430278744,1.0
94,4,10,0.0,-13.535132677081103,14,0.0,10,1.0,0.2,15.08,18.692,0.806762251230473,1.0
94,5,10,1.0,3.2005663875598085,14,0.9659993644741022,6,0.0,0.95,34.617000000000004,33.44,1.035197368421053,1.0
94,6,10,0.0,-30.37650136861312,200,0.0,0,0.0,24.95,736.4089999999969,21.92,33.59530109489037,1.0
94,7,10,0.0,-13.463930674846626,14,0.0,10,1.0,0.4,19.016,32.599999999999994,0.5833128834355829,1.0
94,8,10,0.0,-22.975982078779616,200,0.0,0,0.0,10.000000000000007,678.6169999999994,48.769,13.914925464946982,1.0
94,9,10,0.0,-12.9,10,0.0,10,1.0,0.0,0.0,38.991,0.0,1.0
95,0,10,1.0,9.81508717820723,9,0.8003652811666168,0,0.0,0.65,70.083,56.092,1.2494295086643372,1.0
95,1,10,0.0,-23.589915255943115,200,0.0,0,0.0,10.100000000000009,1447.6039999999941,49.679,29.139153364600617,1.0
95,2,10,1.0,10.225412420079762,6,0.7564707290793725,0,0.0,0.4,41.76500000000001,31.594,1.3219282142178896,1.0
95,3,10,0.0,-25.756377899632586,200,0.0,0,0.0,15.100000000000003,955.1249999999966,69.66399999999999,13.710453031694946,1.0
95,4,10,0.0,-22.91765998816466,200,0.0,0,0.0,10.000000000000007,974.0000000000008,59.144999999999996,16.46800236706401,1.0
95,5,10,1.0,10.148801540552787,6,1.0,0,0.0,0.55,30.898,30.898,1.0,1.0
95,6,10,1.0,10.414495394473368,4,0.8216068001096791,0,0.0,0.4,18.235,14.982,1.2171272193298626,1.0
95,7,10,0.0,-22.979586106122998,200,0.0,0,0.0,10.000000000000007,1122.6240000000034,56.802,19.763811133410854,1.0
95,8,10,0.0,-23.263312090768206,200,0.0,0,0.0,10.050000000000008,878.3209999999968,40.014,21.950342380166862,1.0
95,9,10,1.0,10.727627765064836,2,1.0,0,0.0,0.15000000000000002,18.354,18.354,1.0,1.0
96,0,10,0.0,-30.38159860671098,200,0.0,0,0.0,24.900000000000002,493.40900000000056,57.131,8.63644956328439,1.0
96,1,10,1.0,10.461817171806949,4,0.643484228888444,0,0.0,0.3,34.969,22.502,1.5540396409208073,1.0
96,2,10,0.0,-23.180115865865844,200,0.0,0,0.0,10.050000000000008,839.2409999999969,39.96,21.002027027026948,1.0
96,3,10,0.0,-13.09855510936692,11,0.0,10,1.0,0.05,3.086,32.870999999999995,0.09388214535608896,1.0
96,4,10,0.0,-27.73456756009948,200,0.0,0,0.0,20.00000000000003,960.5999999999996,18.095,53.086487980104984,1.0
96,5,10,0.0,-23.48253187899721,200,0.0,0,0.0,10.15000000000001,1041.1070000000018,50.974000000000004,20.424275120649778,1.0
96,6,10,0.0,-26.71937594367632,200,0.0,0,0.0,17.45000000000003,598.8439999999994,58.94499999999999,10.159368903214851,1.0
96,7,10,0.0,-12.794541284403671,11,0.0,10,1.0,0.05,5.751,23.217,0.24770642201834867,1.0
96,8,10,0.0,-25.541193399846563,200,0.0,0,0.0,15.000000000000002,1121.7209999999966,52.12,21.521891788181055,1.0
96,9,10,0.0,-23.634313768491534,200,0.0,0,0.0,10.050000000000008,649.373999999999,50.158,12.946568842457813,1.0
97,0,10,0.0,-25.459314069627453,200,0.0,0,0.0,13.400000000000013,664.1929999999988,58.971,11.26304454731985,1.0
97,1,10,1.0,10.12906365964564,7,0.9609019913115535,0,0.0,0.39999999999999997,39.823,38.266,1.0406888621752992,1.0
97,2,10,0.0,-25.163005351358915,200,0.0,0,0.0,13.350000000000014,596.262999999999,71.01,8.396887762286987,1.0
97,3,10,0.0,-23.578750570546347,200,0.0,0,0.0,10.050000000000008,981.8290000000007,37.245,26.361363941468674,1.0
97,4,10,0.0,-25.451844648011072,200,0.0,0,0.0,15.000000000000002,907.7999999999979,31.876,28.479106537834042,1.0
97,5,10,1.0,9.271095822445671,12,0.8629124329261331,0,0.0,1.1500000000000001,70.072,60.466,1.1588661396487283,1.0
97,6,10,0.0,-13.3938582330496,16,0.0,10,1.0,0.4,25.564,40.88399999999999,0.6252812836317386,1.0
97,7,10,0.0,-24.885708113963226,200,0.0,0,0.0,13.350000000000012,840.2460000000002,39.697,21.166486132453336,1.0
97,8,10,0.0,-13.049837116564419,16,0.0,10,1.0,0.35,54.031000000000006,32.6,1.65739263803681,1.0
97,9,10,1.0,10.85,1,1.0,0,0.0,0.1,3.999,3.999,1.0,1.0
98,0,10,0.0,-22.974959367018517,200,0.0,0,0.0,10.000000000000007,682.0000000000001,55.989,12.180964117951744,1.0
98,1,10,0.0,-25.589149195879788,200,0.0,0,0.0,15.000000000000002,974.885000000003,46.697,20.87682292224346,1.0
98,2,10,0.0,-24.27459057888477,200,0.0,0,0.0,12.500000000000014,833.6500000000001,39.507,21.101323816032604,1.0
98,3,10,0.0,-23.06437862061429,200,0.0,0,0.0,10.000000000000007,572.4890000000022,64.043,8.939134643911155,1.0
98,4,10,1.0,10.036903202762234,8,0.9354742899573046,0,0.0,0.39999999999999997,26.935,25.197,1.0689764654522365,1.0
98,5,10,1.0,10.273699235906383,6,0.9086237529041958,0,0.0,0.3,36.585,33.242000000000004,1.1005655496059201,1.0
98,6,10,0.0,-28.10975519075049,200,0.0,0,0.0,19.950000000000024,819.8120000000001,45.321000000000005,18.089009509940205,1.0
98,7,10,1.0,9.831315631141951,9,0.9150669847678473,0,0.0,0.6000000000000002,54.489999999999995,49.861999999999995,1.0928161726364767,1.0
98,8,10,0.0,-22.92172800481673,200,0.0,0,0.0,10.000000000000007,585.5999999999996,26.573999999999998,22.036577105441395,1.0
98,9,10,1.0,10.463944516301682,4,1.0,0,0.0,0.30000000000000004,22.421,22.421,1.0,1.0
99,0,10,1.0,9.60227232142857,11,0.7952528275092559,0,0.0,0.7000000000000001,39.434000000000005,31.36,1.2574617346938777,1.0
99,1,10,0.0,-25.43005581284894,200,0.0,0,0.0,15.000000000000002,353.3999999999994,25.262999999999998,13.988837430233916,1.0
99,2,10,0.0,-25.570034432598682,200,0.0,0,0.0,15.000000000000004,887.2500000000001,54.309,16.337071203667904,1.0
99,3,10,1.0,10.756038564337533,2,1.0,0,0.0,0.1,26.189999999999998,26.189999999999998,1.0,1.0
99,4,10,0.0,-23.37189040467726,200,0.0,0,0.0,10.000000000000007,639.4560000000013,34.891999999999996,18.326722457870037,1.0
99,5,10,1.0,10.735722623679822,2,0.31871733545929665,0,0.0,0.15000000000000002,11.289,3.598,3.1375764313507504,1.0
99,6,10,0.0,-13.100291054290045,14,0.0,10,1.0,0.5,21.192999999999998,41.57300000000001,0.5097779809010654,1.0
99,7,10,0.0,-23.276135403807455,200,0.0,0,0.0,10.000000000000007,626.921000000002,15.391000000000002,40.732960821259304,1.0
99,8,10,1.0,10.096345629211648,7,0.9121982346059768,0,0.0,0.44999999999999996,47.015,42.887,1.0962529437824982,1.0
99,9,10,0.0,-12.965194250513346,14,0.0,10,1.0,0.30000000000000004,38.353,48.7,0.7875359342915811,1.0
100,0,10,0.0,-23.349782501430884,200,0.0,0,0.0,10.000000000000007,748.3139999999999,50.66700000000001,14.7692580969862,1.0
100,1,10,0.0,-26.50620034052212,200,0.0,0,0.0,16.000000000000036,832.0990000000002,56.38399999999999,14.757714954597054,1.0
100,2,10,0.0,-25.65840101609976,200,0.0,0,0.0,14.950000000000003,1350.6549999999984,58.262,23.1824345199272,1.0
100,3,10,0.0,-25.63315520529702,200,0.0,0,0.0,15.100000000000003,870.734000000003,27.789,31.33376515887592,1.0
100,4,10,1.0,10.269660380085266,5,1.0,0,0.0,0.5,27.678,27.678,1.0,1.0
100,5,10,0.0,-28.120498079877176,200,0.0,0,0.0,20.00000000000003,958.9389999999995,26.040000000000003,36.82561443932409,1.0
100,6,10,1.0,10.635833606467825,3,1.0,0,0.0,0.15000000000000002,18.306,18.306,1.0,1.0
100,7,10,0.0,-24.585169535856977,200,0.0,0,0.0,13.300000000000013,780.9350000000006,42.056000000000004,18.568931900323392,1.0
100,8,10,1.0,10.515532575704102,4,1.0,0,0.0,0.2,14.167000000000002,14.167000000000002,1.0,1.0
100,9,10,0.0,-24.147962207005563,200,0.0,0,0.0,12.500000000000014,689.618,30.376,22.702725836186463,1.0
101,0,10,0.0,-23.138173278815348,200,0.0,0,0.0,10.050000000000008,664.4719999999998,54.294,12.238405717022134,1.0
101,1,10,0.0,-23.348757302058,200,0.0,0,0.0,10.100000000000009,835.2840000000017,44.507999999999996,18.767053114046952,1.0
101,2,10,1.0,9.692558847964552,10,0.6429114805043458,0,0.0,0.7000000000000001,61.783,39.721,1.555424082978777,1.0
101,3,10,0.0,-23.419346454381994,200,0.0,0,0.0,10.050000000000008,553.9560000000013,27.259,20.32194871418619,1.0
101,4,10,1.0,9.904249199451053,8,0.8332975960736664,0,0.0,0.6500000000000002,41.973,34.976,1.2000514638609332,1.0
101,5,10,0.0,-22.947877764426945,200,0.0,0,0.0,10.000000000000007,472.40000000000174,30.793,15.341148962426582,1.0
101,6,10,0.0,-25.874394453077183,200,0.0,0,0.0,15.100000000000003,943.2139999999986,42.474000000000004,22.206855958939553,1.0
101,7,10,0.0,-23.211479959919775,200,0.0,0,0.0,10.000000000000007,907.7999999999979,19.96,45.48096192384759,1.0
101,8,10,0.0,-26.440491821344732,200,0.0,0,0.0,15.300000000000002,966.1139999999982,63.519000000000005,15.209842724224218,1.0
101,9,10,1.0,10.319312241632218,5,0.8227323843221153,0,0.0,0.4,36.458999999999996,29.996,1.2154620616082144,1.0
102,0,10,1.0,10.875,1,1.0,0,0.0,0.05,3.518,3.518,1.0,1.0
102,1,10,0.0,-26.206543584742537,200,0.0,0,0.0,16.700000000000053,644.39,45.11899999999999,14.28200979631641,1.0
102,2,10,1.0,9.86768268819177,9,0.9205178722206586,0,0.0,0.55,35.53,32.706,1.0863450131474346,1.0
102,3,10,1.0,10.72950205338809,2,1.0,0,0.0,0.15000000000000002,9.74,9.74,1.0,1.0
102,4,10,0.0,-28.142416216216215,200,0.0,0,0.0,20.050000000000026,847.8560000000007,33.300000000000004,25.46114114114116,1.0
102,5,10,0.0,-23.71703334987958,200,0.0,0,0.0,10.15000000000001,1005.5249999999951,54.392999999999994,18.486294192267298,1.0
102,6,10,1.0,10.583290209983932,3,0.95472097328749,0,0.0,0.25,18.905,18.049,1.0474264502188488,1.0
102,7,10,0.0,-13.040128377608024,15,0.0,10,1.0,0.3,40.394,43.855000000000004,0.9210808345684641,1.0
102,8,10,0.0,-13.514851416478454,15,0.0,10,1.0,0.3,32.096000000000004,56.230999999999995,0.5707883551777491,1.0
102,9,10,1.0,10.513786779800192,4,0.9965902891434806,0,0.0,0.2,14.664,14.613999999999999,1.003421376762009,1.0
103,0,10,0.0,-22.92781255926661,200,0.0,0,0.0,10.15000000000001,1352.1269999999952,47.455,28.492824781371727,1.0
103,1,10,0.0,-12.899999999999999,10,0.0,10,1.0,0.0,0.0,9.518,0.0,1.0
103,2,10,0.0,-23.05805102358932,200,0.0,0,0.0,10.000000000000007,729.2399999999989,76.984,9.472617686792047,1.0
103,3,10,1.0,10.63498332679482,3,1.0,0,0.0,0.15000000000000002,10.196,10.196,1.0,1.0
103,4,10,1.0,10.339582814853625,5,0.9582352756597321,0,0.0,0.35,31.868999999999996,30.538,1.04358504158753,1.0
103,5,10,1.0,10.226156470218593,6,0.8054300278370267,0,0.0,0.39999999999999997,27.661000000000005,22.279,1.2415727815431574,1.0
103,6,10,0.0,-30.522709471079843,200,0.0,0,0.0,24.75,615.8020000000001,66.286,9.290076335877865,1.0
103,7,10,1.0,10.341837013937504,5,0.9512077002239843,0,0.0,0.35,33.038000000000004,31.425999999999995,1.0512951059632154,1.0
103,8,10,1.0,10.501543672876846,4,0.629311001141987,0,0.0,0.25,26.270000000000003,16.532,1.5890394386644087,1.0
103,9,10,0.0,-12.9,10,0.0,10,1.0,0.0,0.0,17.839000000000002,0.0,1.0
104,0,10,0.0,-26.13407566257649,200,0.0,0,0.0,15.000000000000002,796.0809999999985,51.99399999999999,15.311016655767947,1.0
104,1,10,0.0,-23.424886377408832,200,0.0,0,0.0,10.050000000000008,1213.876999999998,33.004,36.77969337050048,1.0
104,2,10,0.0,-23.147145219528486,200,0.0,0,0.0,10.250000000000012,843.0099999999975,65.914,12.789543951209113,1.0
104,3,10,0.0,-23.75023269136339,200,0.0,0,0.0,10.050000000000008,630.6139999999992,36.658,17.202629712477474,1.0
104,4,10,0.0,-26.46963644194474,200,0.0,0,0.0,16.599999999999994,1132.5780000000002,39.471,28.693927187048725,1.0
104,5,10,1.0,10.467681660899654,4,0.8201661032511165,0,0.0,0.3,23.961,19.652,1.2192652147364134,1.0
104,6,10,1.0,9.6152470434664,10,0.9250441552824136,0,0.0,0.8500000000000002,55.486000000000004,51.327000000000005,1.0810294776628284,1.0
104,7,10,1.0,10.875,1,1.0,0,0.0,0.05,2.943,2.943,1.0,1.0
104,8,10,0.0,-22.932353922606314,200,0.0,0,0.0,10.000000000000007,874.6000000000031,55.740999999999985,15.690425360147886,1.0
104,9,10,1.0,9.47269728004046,11,0.9428111635946417,0,0.0,0.9500000000000001,67.111,63.273,1.0606577845210436,1.0
105,0,10,0.0,-22.915195447990914,200,0.0,0,0.0,10.000000000000007,985.6510000000026,25.659,38.41346116372433,1.0
105,1,10,1.0,9.643493481358599,10,0.7330111466209371,0,0.0,0.8000000000000002,64.145,47.01900000000001,1.364235734490312,1.0
105,2,10,1.0,9.370872454859777,12,0.925425560659281,0,0.0,0.9500000000000001,70.319,65.07499999999999,1.0805839416058396,1.0
105,3,10,1.0,10.466797701844571,4,0.8416899974548231,0,0.0,0.3,31.432,26.456,1.1880858784396733,1.0
105,4,10,0.0,-12.892291942604857,14,0.0,10,1.0,0.25,39.971000000000004,54.36,0.7353016924208978,1.0
105,5,10,1.0,10.116216959904573,7,0.9231443015165924,0,0.0,0.45,39.958,36.887,1.083254263019492,1.0
105,6,10,1.0,9.346276720351392,13,0.5713090757005437,0,0.0,0.8500000000000002,59.775,34.15,1.7503660322108345,1.0
105,7,10,0.0,-13.410016090104588,14,0.0,10,1.0,0.2,9.790999999999999,52.206,0.18754549285522734,1.0
105,8,10,1.0,10.730694708793301,2,1.0,0,0.0,0.15000000000000002,7.881,7.881,1.0,1.0
105,9,10,0.0,-23.00309967453998,200,0.0,0,0.0,10.000000000000007,598.3929999999991,52.541000000000004,11.389067585314308,1.0
106,0,10,0.0,-12.912825458871517,11,0.0,10,1.0,0.05,6.155,11.768,0.5230285520054385,1.0
106,1,10,0.0,-13.19038427266652,13,0.0,10,1.0,0.15000000000000002,21.85,44.88999999999999,0.48674537758966374,1.0
106,2,10,0.0,-25.50811351299876,200,0.0,0,0.0,15.000000000000004,870.230000000003,52.505,16.574231025616665,1.0
106,3,10,0.0,-12.94448171081298,11,0.0,10,1.0,0.05,3.455,43.605,0.07923403279440432,1.0
106,4,10,1.0,10.734940765813413,2,0.5,0,0.0,0.15000000000000002,9.454,4.727,2.0,1.0
106,5,10,0.0,-25.879783778542635,200,0.0,0,0.0,15.000000000000004,1038.883999999998,41.254,25.182624715179085,1.0
106,6,10,0.0,-25.58762939851646,200,0.0,0,0.0,15.000000000000004,1005.6000000000029,48.397,20.778147405831,1.0
106,7,10,0.0,-23.48034599432437,200,0.0,0,0.0,10.050000000000008,1337.875999999994,41.229,32.449877513400615,1.0
106,8,10,1.0,10.491030076016306,4,0.932935916542474,0,0.0,0.25,19.459,18.154,1.071884984025559,1.0
106,9,10,0.0,-12.58069490567371,13,0.0,10,1.0,0.2,22.316000000000003,28.305999999999997,0.7883840881791848,1.0
107,0,10,0.0,-22.962275181402404,200,0.0,0,0.0,10.000000000000007,966.1500000000043,58.157999999999994,16.612503868771356,1.0
107,1,10,0.0,-12.91237285330023,11,0.0,10,1.0,0.05,5.573,48.32999999999999,0.11531140078626115,1.0
107,2,10,0.0,-25.579408587413873,200,0.0,0,0.0,15.000000000000004,777.7940000000023,62.020999999999994,12.540816820109356,1.0
107,3,10,0.0,-13.036501075813188,11,0.0,10,1.0,0.15,1.518,47.406000000000006,0.03202126313124921,1.0
107,4,10,0.0,-23.039819919043502,200,0.0,0,0.0,10.050000000000008,873.4380000000032,53.114999999999995,16.444281276475632,1.0
107,5,10,1.0,10.585072128413591,3,0.9336317633320358,0,0.0,0.25,25.69,23.985,1.0710860954763395,1.0
107,6,10,1.0,10.200853004494467,6,0.7429637736060835,0,0.0,0.45,35.637,26.476999999999997,1.34596064508819,1.0
107,7,10,0.0,-23.270399861186135,200,0.0,0,0.0,10.050000000000008,648.6750000000009,38.900999999999996,16.67502120768106,1.0
107,8,10,1.0,10.488522337447261,4,0.8949467146587621,0,0.0,0.25,28.338,25.361,1.1173849611608375,1.0
107,9,10,1.0,10.875,1,1.0,0,0.0,0.05,4.082,4.082,1.0,1.0
108,0,10,0.0,-13.410668995703329,14,0.0,10,1.0,0.25,13.046,49.80599999999999,0.26193631289402886,1.0
108,1,10,0.0,-23.269029214223895,200,0.0,0,0.0,10.100000000000009,954.4869999999992,48.538,19.664736907165505,1.0
108,2,10,1.0,10.6102860658259,3,0.5128569174948729,0,0.0,0.2,19.017000000000003,9.753,1.9498615810519844,1.0
108,3,10,1.0,10.875,1,1.0,0,0.0,0.05,4.228,4.228,1.0,1.0
108,4,10,0.0,-25.822285083672103,200,0.0,0,0.0,14.950000000000003,734.420999999998,40.097,18.31610843704013,1.0
108,5,10,1.0,9.258895299820844,13,0.7357525005815307,0,0.0,1.0000000000000002,51.587999999999994,37.956,1.3591527031299397,1.0
108,6,10,0.0,-25.716257438615806,200,0.0,0,0.0,15.000000000000002,945.5549999999986,39.994,23.642421363204445,1.0
108,7,10,0.0,-22.805609966308875,200,0.0,0,0.0,10.000000000000007,992.3999999999982,25.526,38.87800673822762,1.0
108,8,10,0.0,-13.302328894561223,14,0.0,10,1.0,0.25,17.217000000000002,65.03300000000002,0.2647425153383666,1.0
108,9,10,1.0,10.85,1,1.0,0,0.0,0.1,2.159,2.159,1.0,1.0
109,0,10,0.0,-25.383911531735407,200,0.0,0,0.0,15.000000000000004,402.2059999999981,48.605,8.274992284744329,1.0
109,1,10,0.0,-12.862563339499717,14,0.0,10,1.0,0.30000000000000004,44.68,49.732,0.8984155071181533,1.0
109,2,10,1.0,10.875,1,1.0,0,0.0,0.05,6.727,6.727,1.0,1.0
109,3,10,0.0,-12.713018749229061,12,0.0,10,1.0,0.15000000000000002,20.205000000000002,40.53500000000001,0.49845812261009,1.0
109,4,10,0.0,-13.239509460933682,12,0.0,10,1.0,0.15000000000000002,6.452,53.166,0.1213557536771621,1.0
109,5,10,0.0,-29.48823214285708,200,0.0,0,0.0,24.9,601.0729999999987,35.28,17.037216553287944,1.0
109,6,10,1.0,10.000699783943208,7,1.0,0,0.0,0.6500000000000001,29.159,29.159,1.0,1.0
109,7,10,1.0,10.35188037166086,5,0.521944713870029,0,0.0,0.35000000000000003,16.496,8.61,1.9159117305458768,1.0
109,8,10,0.0,-24.691161360628957,200,0.0,0,0.0,13.350000000000012,896.9310000000029,51.388000000000005,17.45409434109136,1.0
109,9,10,0.0,-23.048799391472485,200,0.0,0,0.0,10.300000000000013,827.4730000000026,48.641999999999996,17.011492126146184,1.0
110,0,10,0.0,-28.321774994918627,200,0.0,0,0.0,19.950000000000028,1112.4439999999986,44.278999999999996,25.12351227444158,1.0
110,1,10,1.0,10.082456905557876,7,0.9499330124547214,0,0.0,0.49999999999999994,40.306,38.288,1.0527058086084413,1.0
110,2,10,0.0,-13.254789213824532,16,0.0,10,1.0,0.3,23.67,42.128,0.5618590960881125,1.0
110,3,10,0.0,-24.841789843959283,200,0.0,0,0.0,13.350000000000012,658.1599999999981,41.07900000000001,16.02181163124706,1.0
110,4,10,0.0,-23.74131013330758,200,0.0,0,0.0,10.10000000000001,1053.0999999999967,41.408,25.432283616692345,1.0
110,5,10,0.0,-12.766779236889386,13,0.0,10,1.0,0.25,28.299999999999997,46.756,0.6052699118829669,1.0
110,6,10,1.0,10.124981095977772,6,1.0,0,0.0,0.6000000000000001,21.953000000000003,21.953000000000003,1.0,1.0
110,7,10,0.0,-13.662957373057957,16,0.0,10,1.0,0.45,19.8,48.46699999999999,0.408525388408608,1.0
110,8,10,1.0,10.016552260976377,8,0.8271779967392074,0,0.0,0.44999999999999996,42.321,35.007,1.2089296426429,1.0
110,9,10,0.0,-13.113691999119439,13,0.0,10,1.0,0.2,13.103,40.883,0.3204999633099332,1.0
111,0,10,1.0,10.637564912280702,3,0.23979806478754734,0,0.0,0.2,11.885,2.85,4.170175438596491,1.0
111,1,10,0.0,-13.382421231620711,14,0.0,10,1.0,0.2,23.004,29.993,0.7669789617577436,1.0
111,2,10,0.0,-13.319317659142163,14,0.0,10,1.0,0.2,21.221,44.787000000000006,0.47382052827829496,1.0
111,3,10,0.0,-31.30697686587714,200,0.0,8,0.0,9.750000000000005,951.2819999999999,54.46500000000001,17.465932250068846,1.0
111,4,10,1.0,10.773873148744366,2,0.24437450826121163,0,0.0,0.1,12.71,3.106,4.0920798454603995,1.0
111,5,10,0.0,-13.1804239284032,16,0.0,10,1.0,0.35000000000000003,23.507999999999996,16.983999999999998,1.3841262364578426,1.0
111,6,10,0.0,-24.628555100888956,200,0.0,0,0.0,13.350000000000012,652.2179999999987,42.522,15.338366022294313,1.0
111,7,10,0.0,-12.985688233353752,11,0.0,10,1.0,0.1,3.885,63.663,0.06102445690589511,1.0
111,8,10,0.0,-13.431921377147338,16,0.0,10,1.0,0.4,25.512,28.058,0.9092593912609594,1.0
111,9,10,0.0,-13.011483527242465,11,0.0,10,1.0,0.15,3.685,61.282999999999994,0.06013086826689295,1.0
112,0,10,0.0,-28.102601352428955,200,0.0,0,0.0,19.900000000000023,678.5970000000009,62.702000000000005,10.822573442633422,1.0
112,1,10,0.0,-13.522576470102926,17,0.0,10,1.0,0.55,39.291000000000004,48.483000000000004,0.8104077717962997,1.0
112,2,10,1.0,10.58696501334832,3,0.8585560045841124,0,0.0,0.25,16.579,14.234,1.164746381902487,1.0
112,3,10,0.0,-13.140160020289365,13,0.0,10,1.0,0.25,16.552999999999997,41.401,0.39982126035602994,1.0
112,4,10,0.0,-13.088495586477066,13,0.0,10,1.0,0.2,12.498,39.31099999999999,0.3179262801760322,1.0
112,5,10,0.0,-22.98785644761213,200,0.0,0,0.0,10.000000000000007,877.331000000002,31.849,27.54657917046067,1.0
112,6,10,0.0,-13.172651047099414,17,0.0,10,1.0,0.55,45.807,49.852000000000004,0.9188598250822434,1.0
112,7,10,1.0,10.730933007035791,2,1.0,0,0.0,0.15000000000000002,6.538,6.538,1.0,1.0
112,8,10,0.0,-28.22859967751655,200,0.0,0,0.0,20.00000000000003,1101.5129999999983,56.437,19.51756826195578,1.0
112,9,10,1.0,10.19998420541066,6,0.8461380302926461,0,0.0,0.44999999999999996,29.182,24.691999999999997,1.1818402721529242,1.0
113,0,10,1.0,10.200312798218642,6,0.9490314465408806,0,0.0,0.45,19.875,18.862000000000002,1.0537058636411831,1.0
113,1,10,0.0,-33.095224210109805,200,0.0,0,0.0,29.999999999999893,914.4000000000004,48.013,19.044842021952398,1.0
113,2,10,0.0,-22.901987091159643,200,0.0,0,0.0,10.000000000000007,1158.1199999999994,55.156,20.997171658568416,1.0
113,3,10,0.0,-25.504524153834183,200,0.0,0,0.0,15.050000000000002,1286.4739999999967,51.172,25.140193856014946,1.0
113,4,10,0.0,-25.99078900583135,200,0.0,0,0.0,14.950000000000003,1173.886999999996,56.248000000000005,20.869844261129213,1.0
113,5,10,1.0,10.319720431943319,5,0.8550105831691118,0,0.0,0.4,27.402,23.429000000000002,1.169576166289641,1.0
113,6,10,0.0,-23.027435731259487,200,0.0,0,0.0,10.000000000000007,830.6000000000025,27.773999999999997,29.905667170735313,1.0
113,7,10,1.0,10.487366558255214,4,0.8329548623560815,0,0.0,0.25,25.101,20.908,1.2005452458389132,1.0
113,8,10,1.0,9.706921785262338,10,0.7336154107082284,0,0.0,0.7000000000000001,56.013000000000005,41.092000000000006,1.3631120412732405,1.0
113,9,10,1.0,10.031992577455194,7,0.851221657935778,0,0.0,0.6,50.014,42.573,1.1747821389143354,1.0
114,0,10,1.0,9.232155649908327,12,0.8250664798331238,0,0.0,1.2500000000000002,62.801,51.815000000000005,1.2120235453054133,1.0
114,1,10,0.0,-25.497286760444577,200,0.0,0,0.0,15.000000000000004,416.99999999999875,37.961999999999996,10.984668879405689,1.0
114,2,10,1.0,10.349258658635469,5,0.9840699894559858,0,0.0,0.35000000000000003,35.091,34.532,1.0161878837020735,1.0
114,3,10,0.0,-25.672546081356067,200,0.0,0,0.0,14.950000000000003,898.6999999999961,50.617,17.754904478732364,1.0
114,4,10,1.0,10.59351161693596,3,0.40955417089310725,0,0.0,0.25,20.703,8.479,2.4416794433305817,1.0
114,5,10,0.0,-23.30808247151039,200,0.0,0,0.0,10.000000000000007,3144.2000000000003,45.54299999999999,69.03805195090357,1.0
114,6,10,0.0,-24.287353483847156,200,0.0,0,0.0,12.450000000000015,984.6760000000012,59.618,16.516421215069293,1.0
114,7,10,1.0,10.461598495533616,4,0.7134232239887301,0,0.0,0.3,29.814,21.27,1.4016925246826517,1.0
114,8,10,1.0,9.9531262998309,7,0.9619692238655276,0,0.0,0.75,53.483,51.44900000000001,1.0395342960990492,1.0
114,9,10,0.0,-23.436124722338295,200,0.0,0,0.0,10.050000000000008,595.8369999999995,45.46900000000001,13.104246849501846,1.0
115,0,10,1.0,10.8,1,1.0,0,0.0,0.2,2.301,2.301,1.0,1.0
115,1,10,1.0,9.96480065105292,8,0.8167764705882353,0,0.0,0.55,42.5,34.713,1.224325180768012,1.0
115,2,10,0.0,-23.022668369454987,200,0.0,0,0.0,10.000000000000007,741.5999999999999,53.24600000000001,13.927806783608155,1.0
115,3,10,0.0,-26.497076983269313,200,0.0,0,0.0,16.449999999999992,991.2120000000009,53.674,18.467265342624007,1.0
115,4,10,1.0,10.137192291415737,7,0.6454656244747015,0,0.0,0.39999999999999997,47.59200000000001,30.719,1.5492691819395166,1.0
115,5,10,1.0,9.959616938919591,8,0.8819159671082293,0,0.0,0.55,46.577000000000005,41.077,1.1338948803466662,1.0
115,6,10,0.0,-12.92267536587862,11,0.0,10,1.0,0.05,5.163,48.855000000000004,0.10568007368744242,1.0
115,7,10,0.0,-24.79905028255102,200,0.0,0,0.0,13.400000000000013,652.8640000000007,17.342,37.64640756544809,1.0
115,8,10,0.0,-12.965140874496345,11,0.0,10,1.0,0.05,2.526,33.505,0.07539173257722727,1.0
115,9,10,1.0,10.405285970060179,5,0.7416546789126186,0,0.0,0.25,27.111,20.107000000000003,1.3483364002586162,1.0
116,0,10,0.0,-23.80396200300128,200,0.0,0,0.0,10.20000000000001,1033.741999999995,68.63700000000001,15.061002083424315,1.0
116,1,10,0.0,-13.553638812484376,20,0.0,10,1.0,0.8500000000000001,52.519999999999996,43.990999999999985,1.1938805664795076,1.0
116,2,10,0.0,-23.03456436643728,200,0.0,0,0.0,10.000000000000007,688.4090000000031,31.678000000000004,21.73145400593481,1.0
116,3,10,1.0,10.515369108298493,4,0.7556911624686228,0,0.0,0.2,23.106,17.461,1.3232919076799727,1.0
116,4,10,1.0,9.8843825310057,9,0.7924326170662028,0,0.0,0.5,64.408,51.038999999999994,1.2619369501753563,1.0
116,5,10,0.0,-26.14994891713226,200,0.0,0,0.0,15.050000000000002,758.0809999999977,44.927,16.87361720123751,1.0
116,6,10,1.0,10.606615957446808,3,0.9955517898750265,0,0.0,0.2,18.884,18.8,1.004468085106383,1.0
116,7,10,0.0,-13.384191086303861,18,0.0,10,1.0,0.55,41.318,47.297999999999995,0.8735675927100512,1.0
116,8,10,0.0,-13.276810095788354,18,0.0,10,1.0,0.49999999999999994,36.342,39.462,0.9209365972327808,1.0
116,9,10,0.0,-14.067809593023258,20,0.0,10,1.0,0.7500000000000001,70.423,34.4,2.04718023255814,1.0
117,0,10,1.0,10.63035924497666,2,1.0,0,0.0,0.35,9.854,9.854,1.0,1.0
117,1,10,0.0,-25.569984446691038,200,0.0,0,0.0,15.000000000000002,1119.2000000000005,51.436,21.759079244109195,1.0
117,2,10,1.0,10.58747335950645,3,0.8755217284556837,0,0.0,0.25,20.365000000000002,17.83,1.1421761076836794,1.0
117,3,10,0.0,-28.33620371921603,200,0.0,0,0.0,19.900000000000023,845.696000000001,29.845,28.336270732115967,1.0
117,4,10,1.0,10.00615399829284,8,0.7822709358001368,0,0.0,0.45,61.402,48.033,1.2783294818145858,1.0
117,5,10,0.0,-25.488601787007994,200,0.0,0,0.0,15.000000000000002,686.6919999999996,41.410000000000004,16.582757787973907,1.0
117,6,10,0.0,-25.377287742165922,200,0.0,0,0.0,15.000000000000004,1086.588999999997,44.804,24.25205338809028,1.0
117,7,10,0.0,-23.23759570143933,200,0.0,0,0.0,10.300000000000011,852.7279999999975,71.83800000000001,11.870152287090361,1.0
117,8,10,1.0,10.08566207412487,7,0.8145797097769372,0,0.0,0.5,78.767,64.162,1.2276269442972474,1.0
117,9,10,1.0,9.514102370665022,11,0.8181002075969251,0,0.0,0.8999999999999999,53.46900000000001,43.742999999999995,1.2223441464920104,1.0
118,0,10,1.0,10.345863337039255,5,0.8319459267164712,0,0.0,0.35000000000000003,28.11,23.386000000000003,1.2020011972975282,1.0
118,1,10,0.0,-23.543822609993907,200,0.0,0,0.0,10.250000000000012,940.1869999999986,42.866,21.933163812811987,1.0
118,2,10,0.0,-26.860829738723222,200,0.0,0,0.0,16.650000000000052,732.7740000000008,64.912,11.288729356667499,1.0
118,3,10,0.0,-25.543296650247953,200,0.0,0,0.0,14.950000000000003,882.0559999999973,61.108999999999995,14.434142270369298,1.0
118,4,10,1.0,10.226178186580938,6,0.9993752788933512,0,0.0,0.39999999999999997,33.615,33.594,1.0006251116270763,1.0
118,5,10,0.0,-23.196400499583685,200,0.0,0,0.0,10.050000000000008,618.7299999999991,48.04,12.879475437135701,1.0
118,6,10,0.0,-30.527880536229343,200,0.0,0,0.0,25.0,1593.9629999999954,58.93,27.04841337179697,1.0
118,7,10,0.0,-28.089901820282016,200,0.0,0,0.0,20.000000000000014,1537.0999999999958,46.75099999999999,32.87844110286402,1.0
118,8,10,1.0,9.204767325834542,12,0.6656301417422676,0,0.0,1.3,66.247,44.096000000000004,1.5023358127721333,1.0
118,9,10,0.0,-23.092858830013345,200,0.0,0,0.0,10.000000000000007,1048.6290000000058,63.50500000000001,16.51254231950249,1.0
119,0,10,0.0,-22.954221900730488,200,0.0,0,0.0,10.000000000000007,686.5600000000031,55.989,12.2624086874208,1.0
119,1,10,0.0,-23.333661551577148,200,0.0,0,0.0,10.15000000000001,870.0519999999983,52.78500000000001,16.482940229231755,1.0
119,2,10,1.0,9.786396391869143,9,1.0,0,0.0,0.7000000000000002,39.79900000000001,39.79900000000001,1.0,1.0
119,3,10,1.0,9.494691598723856,12,0.614775533924161,0,0.0,0.75,55.06399999999999,33.852,1.6266099491905943,1.0
119,4,10,1.0,10.85,1,1.0,0,0.0,0.1,1.868,1.868,1.0,1.0
119,5,10,0.0,-22.919097918011136,200,0.0,0,0.0,10.000000000000007,634.8039999999995,29.442999999999998,21.560438813979538,1.0
119,6,10,0.0,-23.388424624471188,200,0.0,0,0.0,10.20000000000001,850.3599999999968,70.434,12.073146491751098,1.0
119,7,10,1.0,10.116212821655342,7,0.7654168354187539,0,0.0,0.45,46.913,35.908,1.3064776651442573,1.0
119,8,10,0.0,-25.669696867225543,200,0.0,0,0.0,15.000000000000004,1309.8580000000065,41.401,31.638317915026363,1.0
119,9,10,1.0,10.257744366664964,6,0.5466301706560902,0,0.0,0.35000000000000003,35.803,19.570999999999998,1.829390424607838,1.0
120,0,10,0.0,-23.02779922779918,200,0.0,0,0.0,10.000000000000007,621.1999999999991,32.375,19.18764478764476,1.0
120,1,10,1.0,10.19964185735151,6,0.9572410579051612,0,0.0,0.45,34.332,32.864,1.0446689386562806,1.0
120,2,10,0.0,-23.679441296613508,200,0.0,0,0.0,10.10000000000001,679.0199999999984,45.534,14.91237317169584,1.0
120,3,10,1.0,10.252168496253702,6,0.9451581027667983,0,0.0,0.35000000000000003,24.288,22.956,1.0580240460010455,1.0
120,4,10,1.0,9.845901802962008,9,0.7089543721896329,0,0.0,0.6000000000000001,43.81099999999999,31.060000000000002,1.4105280103026396,1.0
120,5,10,0.0,-23.135257588898558,200,0.0,0,0.0,10.15000000000001,634.4099999999968,69.17999999999999,9.170424978317387,1.0
120,6,10,1.0,10.104038652130823,7,1.0,0,0.0,0.45,29.261,29.261,1.0,1.0
120,7,10,0.0,-25.933210809307432,200,0.0,0,0.0,15.000000000000002,266.69900000000007,21.573999999999998,12.362056178733665,1.0
120,8,10,1.0,10.346780665073677,5,0.9272525849335302,0,0.0,0.35000000000000003,43.328,40.176,1.0784547988849065,1.0
120,9,10,0.0,-26.465276275750323,200,0.0,0,0.0,15.050000000000002,960.8309999999976,45.679,21.0344140633551,1.0
121,0,10,1.0,10.006792103037794,7,0.9998374036616695,0,0.0,0.65,30.751000000000005,30.746000000000002,1.0001626227801992,1.0
121,1,10,0.0,-22.987719767852166,200,0.0,0,0.0,10.000000000000007,1455.0009999999947,82.18900000000001,17.703111121926227,1.0
121,2,10,0.0,-23.04293289241114,200,0.0,0,0.0,10.000000000000007,689.2000000000031,52.617000000000004,13.09842826462936,1.0
121,3,10,1.0,9.549973214285714,10,0.47541083014977864,0,0.0,1.0,65.964,31.359999999999996,2.1034438775510207,1.0
121,4,10,0.0,-23.02823193067087,200,0.0,0,0.0,10.000000000000007,971.2260000000041,22.386000000000003,43.38541945859037,1.0
121,5,10,1.0,9.648631950288044,10,0.7646505642447041,0,0.0,0.8,40.408,30.898000000000003,1.3077869117742247,1.0
121,6,10,1.0,10.34106977586415,5,0.8771973173314509,0,0.0,0.35000000000000003,28.33,24.851000000000003,1.139994366423886,1.0
121,7,10,1.0,10.610050433913399,3,0.9042688688935453,0,0.0,0.2,24.339000000000002,22.009,1.1058657821800173,1.0
121,8,10,1.0,10.343549493629531,5,0.9194164342415793,0,0.0,0.35,23.305,21.427000000000003,1.0876464274046762,1.0
121,9,10,0.0,-23.30860981923485,200,0.0,0,0.0,10.050000000000008,3173.7719999999895,45.584,69.62469287469264,1.0
122,0,10,0.0,-23.101973781552363,200,0.0,0,0.0,10.000000000000007,716.4630000000001,33.793,21.201521025064366,1.0
122,1,10,0.0,-27.02329274921188,200,0.0,0,0.0,17.6,1991.8129999999978,55.19400000000001,36.08749139399205,1.0
122,2,10,0.0,-23.00352728937234,200,0.0,0,0.0,10.000000000000007,1128.7090000000007,74.27799999999999,15.195737634292804,1.0
122,3,10,0.0,-25.40424162940528,200,0.0,0,0.0,15.050000000000002,1034.8989999999974,28.403000000000002,36.43625673344356,1.0
122,4,10,0.0,-23.349347800284914,200,0.0,0,0.0,10.050000000000008,1066.3360000000048,50.55200000000001,21.09384396265241,1.0
122,5,10,0.0,-25.011593329272692,200,0.0,0,0.0,13.300000000000011,516.0989999999998,47.611000000000004,10.839910944949692,1.0
122,6,10,1.0,9.963582313933854,8,0.598196466848991,0,0.0,0.55,40.587,24.279,1.6716915853206475,1.0
122,7,10,1.0,10.58253516646639,3,0.9743784007163028,0,0.0,0.25,14.519,14.147,1.0262953276312998,1.0
122,8,10,1.0,10.627150112396968,3,0.3862927346991284,0,0.0,0.2,31.093,12.011,2.5887103488468903,1.0
122,9,10,0.0,-23.768951710597673,200,0.0,0,0.0,10.10000000000001,1062.9909999999966,47.878,22.202076110113133,1.0
123,0,10,0.0,-38.98630700280112,200,0.0,9,0.0,23.8,492.5570000000009,35.7,13.7971148459384,1.0
123,1,10,0.0,-23.16683198250361,200,0.0,0,0.0,10.050000000000008,875.3579999999969,54.410999999999994,16.087886640568946,1.0
123,2,10,1.0,10.585825719822813,3,1.0,0,0.0,0.25,14.448,14.448,1.0,1.0
123,3,10,0.0,-13.293001418783305,17,0.0,10,1.0,0.6,39.295,57.796,0.6798913419613815,1.0
123,4,10,0.0,-13.120989216404594,15,0.0,10,1.0,0.35000000000000003,40.869,53.229,0.7677957504367919,1.0
123,5,10,0.0,-13.45835746313003,17,0.0,10,1.0,0.44999999999999996,37.040000000000006,55.532999999999994,0.6669907982640954,1.0
123,6,10,1.0,8.267460303300624,13,0.6380072470641801,1,0.0,0.9500000000000001,52.711000000000006,33.63,1.5673803151947667,1.0
123,7,10,0.0,-23.036450370873677,200,0.0,0,0.0,10.000000000000007,637.8489999999996,70.644,9.029061208312093,1.0
123,8,10,0.0,-13.992871568568983,21,0.0,10,1.0,1.0000000000000002,62.236999999999995,50.307,1.2371439362315382,1.0
123,9,10,0.0,-22.966340686983813,200,0.0,0,0.0,10.000000000000007,717.9720000000008,44.921,15.982992364373027,1.0
124,0,10,0.0,-23.440769552838702,200,0.0,0,0.0,10.000000000000007,888.515999999999,23.884,37.20130631385024,1.0
124,1,10,1.0,10.028129906542055,7,0.9344162081914243,0,0.0,0.6000000000000001,34.353,32.1,1.0701869158878505,1.0
124,2,10,0.0,-25.607280238647174,200,0.0,0,0.0,14.950000000000003,330.0419999999998,46.596,7.083054339428274,1.0
124,3,10,1.0,10.113032668219299,7,0.7611815154636706,0,0.0,0.44999999999999996,41.742999999999995,31.774,1.313747088814754,1.0
124,4,10,1.0,10.704992143306097,2,1.0,0,0.0,0.2,6.364,6.364,1.0,1.0
124,5,10,1.0,10.390860667468086,4,0.9319782330345712,0,0.0,0.44999999999999996,18.744,17.469,1.0729864331100807,1.0
124,6,10,1.0,10.730132643654615,2,1.0,0,0.0,0.15000000000000002,19.526,19.526,1.0,1.0
124,7,10,0.0,-26.07477198185621,200,0.0,0,0.0,15.850000000000035,675.114999999999,57.32000000000001,11.778000697836687,1.0
124,8,10,1.0,9.968887008678752,8,0.7395301581008079,0,0.0,0.55,40.354,29.843,1.3522098984686526,1.0
124,9,10,1.0,9.906611629332064,8,0.6852677009214979,0,0.0,0.6500000000000001,42.864999999999995,29.374000000000002,1.459283720296861,1.0
125,0,10,0.0,-27.8523829926658,200,0.0,0,0.0,20.00000000000003,1171.399999999998,39.677,29.52340146684472,1.0
125,1,10,1.0,10.090839909808341,7,0.6753868327305361,0,0.0,0.5000000000000001,36.772999999999996,24.836000000000002,1.48063295216621,1.0
125,2,10,0.0,-22.99302402567071,200,0.0,0,0.0,10.000000000000007,724.637000000001,49.239,14.71672860943563,1.0
125,3,10,0.0,-26.071862860875914,200,0.0,0,0.0,15.000000000000004,908.4499999999979,39.79900000000001,22.82595040076378,1.0
125,4,10,0.0,-12.99388681666524,12,0.0,10,1.0,0.15000000000000002,15.559999999999999,58.445,0.26623321071092476,1.0
125,5,10,1.0,10.363313866080722,4,1.0,0,0.0,0.5,17.294,17.294,1.0,1.0
125,6,10,0.0,-23.25598675112638,200,0.0,0,0.0,10.050000000000008,838.1640000000017,22.417,37.389659633314075,1.0
125,7,10,1.0,9.387804488177533,10,0.9554704855601396,0,0.0,1.3,50.416000000000004,48.171,1.0466048037200806,1.0
125,8,10,0.0,-12.769212092731827,12,0.0,10,1.0,0.15000000000000002,16.676000000000002,38.304,0.435359231411863,1.0
125,9,10,1.0,10.317322603629657,5,0.8032657183738744,0,0.0,0.4,59.404999999999994,47.718,1.2449180602707572,1.0
126,0,10,0.0,-28.32876256281408,200,0.0,0,0.0,20.00000000000003,1104.7419999999984,41.392,26.689746810977926,1.0
126,1,10,0.0,-23.472480279245847,200,0.0,0,0.0,10.150000000000011,520.947,50.708,10.27346769740475,1.0
126,2,10,0.0,-27.84953986220477,200,0.0,0,0.0,19.950000000000024,843.731000000001,16.256,51.902743602362264,1.0
126,3,10,0.0,-13.736705471478464,19,0.0,10,1.0,0.44999999999999996,30.086000000000006,42.949999999999996,0.7004889406286382,1.0
126,4,10,0.0,-13.213720215219062,19,0.0,10,1.0,0.6,67.028,52.03999999999999,1.2880092236740972,1.0
126,5,10,0.0,-13.018113494709375,14,0.0,10,1.0,0.25,28.997,34.495,0.8406145818234527,1.0
126,6,10,0.0,-12.845934886499403,12,0.0,10,1.0,0.1,12.891,40.175999999999995,0.32086320191158907,1.0
126,7,10,1.0,9.783988606124208,9,0.8144632009524101,0,0.0,0.7,65.518,53.362,1.2278025561260821,1.0
126,8,10,1.0,10.36824620352592,5,1.0,0,0.0,0.3,22.916,22.916,1.0,1.0
126,9,10,0.0,-13.072652704304339,12,0.0,10,1.0,0.15000000000000002,15.254999999999999,34.593,0.4409851704101985,1.0
127,0,10,0.0,-13.036690297232662,14,0.0,10,1.0,0.3,31.432,58.54,0.5369320122992826,1.0
127,1,10,0.0,-13.465659708169136,19,0.0,10,1.0,0.5499999999999999,46.019000000000005,46.945,0.98027478964746,1.0
127,2,10,0.0,-23.49028591286009,200,0.0,0,0.0,10.100000000000009,1368.3280000000018,41.726,32.793174519484296,1.0
127,3,10,0.0,-23.167221028731074,200,0.0,0,0.0,10.000000000000007,880.230000000002,57.254999999999995,15.373853811894193,1.0
127,4,10,0.0,-28.127232927060028,200,0.0,0,0.0,20.00000000000003,1104.1829999999984,37.00300000000001,29.84036429478686,1.0
127,5,10,1.0,9.96012685663288,8,0.7247233836132221,0,0.0,0.55,43.291000000000004,31.374000000000002,1.379836807547651,1.0
127,6,10,1.0,10.22902191932216,6,0.6321611551001396,0,0.0,0.4,25.764000000000003,16.287,1.5818751151224906,1.0
127,7,10,0.0,-13.467006351394598,14,0.0,10,1.0,0.35,17.662000000000003,40.621,0.434799734127668,1.0
127,8,10,0.0,-25.55713129210404,200,0.0,0,0.0,15.000000000000004,1023.6420000000026,34.587,29.596148842050553,1.0
127,9,10,0.0,-13.902754342431763,19,0.0,10,1.0,0.6500000000000001,50.787,36.27,1.4002481389578163,1.0
128,0,10,1.0,9.83559114020221,9,0.8642355674529018,0,0.0,0.6000000000000001,39.598,34.222,1.1570919291683712,1.0
128,1,10,0.0,-23.637337349397537,200,0.0,0,0.0,10.15000000000001,681.8809999999997,50.215,13.579229313950009,1.0
128,2,10,1.0,2.693772465606399,19,0.6974481116025859,6,0.0,1.0,73.47500000000001,51.245000000000005,1.4337984193579862,1.0
128,3,10,0.0,-13.097063425161007,13,0.0,10,1.0,0.25,13.315000000000001,59.31399999999999,0.22448325858987764,1.0
128,4,10,0.0,-28.04001573099984,200,0.0,0,0.0,20.000000000000014,1540.5999999999958,50.855000000000004,30.293973060662584,1.0
128,5,10,1.0,9.725410092700594,10,0.6540978998514235,0,0.0,0.65,74.709,48.867000000000004,1.5288231321750874,1.0
128,6,10,0.0,-23.216691431105936,200,0.0,0,0.0,10.050000000000008,702.0000000000035,58.619,11.975639297838645,1.0
128,7,10,1.0,10.632732841462857,3,1.0,0,0.0,0.15000000000000002,21.957,21.957,1.0,1.0
128,8,10,1.0,10.076352413310165,7,0.9611856209802063,0,0.0,0.5,40.114,38.556999999999995,1.040381772440802,1.0
128,9,10,0.0,-13.018638030459854,13,0.0,10,1.0,0.35,12.515,33.815,0.37010202572822715,1.0
129,0,10,0.0,-23.049467142049938,200,0.0,0,0.0,10.000000000000007,1658.2189999999978,51.327000000000005,32.30695345529639,1.0
129,1,10,0.0,-22.935887276030705,200,0.0,0,0.0,10.000000000000007,663.4000000000012,51.737,12.822544793861283,1.0
129,2,10,0.0,-13.194024773203074,11,0.0,10,1.0,0.05,3.459,17.196,0.20115143056524773,1.0
129,3,10,1.0,0.15960993184031125,17,0.8444612550980134,9,0.0,0.55,30.404,25.675,1.184186952288218,1.0
129,4,10,0.0,-23.075288321576526,200,0.0,0,0.0,10.000000000000007,729.400000000002,44.655,16.334117120143365,1.0
129,5,10,0.0,-25.955733388761946,200,0.0,0,0.0,14.950000000000003,922.471999999998,28.866000000000003,31.957042887826436,1.0
129,6,10,1.0,10.58696501334832,3,0.8585560045841124,0,0.0,0.25,16.579,14.234,1.164746381902487,1.0
129,7,10,1.0,10.466797701844571,4,0.8416899974548231,0,0.0,0.3,31.432,26.456,1.1880858784396733,1.0
129,8,10,0.0,-23.57140210210947,200,0.0,0,0.0,10.050000000000008,900.6989999999976,40.721000000000004,22.118783919844734,1.0
129,9,10,0.0,-13.088606672519756,11,0.0,10,1.0,0.05,3.768,45.56,0.08270412642669007,1.0
130,0,10,0.0,-23.274809618691453,200,0.0,0,0.0,10.10000000000001,287.65500000000054,36.637,7.851488931954051,1.0
130,1,10,0.0,-25.848756712848036,200,0.0,0,0.0,14.950000000000003,736.189999999998,44.318000000000005,16.611534816553046,1.0
130,2,10,0.0,-30.668454838970053,200,0.0,0,0.0,24.650000000000002,1003.5370000000055,61.94499999999999,16.200452013883375,1.0
130,3,10,1.0,10.194258331641057,6,0.9485681263644538,0,0.0,0.44999999999999996,46.721999999999994,44.319,1.0542205374670004,1.0
130,4,10,0.0,-23.224489826905526,200,0.0,0,0.0,10.050000000000008,1030.2940000000017,26.343999999999998,39.109246887336845,1.0
130,5,10,1.0,9.884453075419492,8,0.973652339405324,0,0.0,0.7000000000000002,40.458999999999996,39.393,1.0270606452923108,1.0
130,6,10,0.0,-23.04193389986775,200,0.0,0,0.0,10.000000000000007,953.7649999999974,49.894,19.1158255501663,1.0
130,7,10,0.0,-23.019085097295996,200,0.0,0,0.0,10.050000000000008,791.8919999999997,37.462999999999994,21.137976136454633,1.0
130,8,10,1.0,9.863670989134619,8,0.9170309233567725,0,0.0,0.7500000000000001,36.833,33.777,1.0904757675341208,1.0
130,9,10,0.0,-25.77684492494145,200,0.0,0,0.0,15.050000000000002,359.3449999999994,36.305,9.897947941054936,1.0
131,0,10,0.0,-29.7902044040522,200,0.0,0,0.0,23.35000000000002,1401.9380000000012,61.398,22.83361021531648,1.0
131,1,10,1.0,9.476602987276415,12,0.919620145836866,0,0.0,0.7500000000000001,58.97000000000001,54.230000000000004,1.087405495113406,1.0
131,2,10,0.0,-25.587861810533173,200,0.0,0,0.0,14.950000000000003,1084.3080000000025,48.969,22.142743368253434,1.0
131,3,10,0.0,-23.06011736579006,200,0.0,0,0.0,10.000000000000007,878.6190000000008,23.005,38.19252336448602,1.0
131,4,10,1.0,10.015145661986653,8,0.6815453721878303,0,0.0,0.44999999999999996,52.98400000000001,36.111000000000004,1.4672537453961398,1.0
131,5,10,1.0,9.157954001777048,14,0.6999473759747404,0,0.0,1.0500000000000003,62.709,43.893,1.4286788326156792,1.0
131,6,10,0.0,-22.941791633089192,200,0.0,0,0.0,10.000000000000007,596.5999999999991,57.082,10.45163098700114,1.0
131,7,10,0.0,-25.63682108012595,200,0.0,0,0.0,15.000000000000004,712.4000000000018,26.034,27.364216025197887,1.0
131,8,10,0.0,-28.117701053509933,200,0.0,0,0.0,20.000000000000014,917.919000000002,47.934999999999995,19.149243767602005,1.0
131,9,10,1.0,10.153121682446065,6,0.8764793905591074,0,0.0,0.5499999999999999,36.755,32.214999999999996,1.140928139065653,1.0
132,0,10,0.0,-28.221086746738916,200,0.0,0,0.0,19.85000000000003,1027.6510000000035,58.03099999999999,17.70865571849535,1.0
132,1,10,0.0,-24.558240010297748,200,0.0,0,0.0,12.600000000000016,1069.9810000000016,54.381,19.67564038910652,1.0
132,2,10,1.0,10.609507000922278,3,0.7173703837363167,0,0.0,0.2,16.625999999999998,11.927,1.3939800452754254,1.0
132,3,10,0.0,-22.990770779899254,200,0.0,0,0.0,10.100000000000009,647.0549999999996,52.635000000000005,12.293245939013955,1.0
132,4,10,0.0,-25.499835133130073,200,0.0,0,0.0,15.000000000000002,525.9669999999979,36.393,14.452422169098396,1.0
132,5,10,0.0,-30.884286052609376,200,0.0,0,0.0,24.7,342.6509999999985,59.11500000000001,5.796346105049453,1.0
132,6,10,1.0,9.77391004448798,10,0.7258910319082749,0,0.0,0.5499999999999999,67.506,49.002,1.3776172401126483,1.0
132,7,10,0.0,-23.296558696413953,200,0.0,0,0.0,10.050000000000008,525.3889999999981,42.80499999999999,12.274010045555382,1.0
132,8,10,0.0,-25.710712867918204,200,0.0,0,0.0,15.000000000000002,1167.9990000000016,35.266,33.11969035331485,1.0
132,9,10,0.0,-22.99770237854388,200,0.0,0,0.0,10.000000000000007,377.8000000000012,69.202,5.459379786711384,1.0
133,0,10,0.0,-13.42588516596862,12,0.0,10,1.0,0.1,10.242,31.994000000000003,0.32012252297305743,1.0
133,1,10,1.0,9.743536970114151,10,0.8152356902356901,0,0.0,0.6,42.76800000000001,34.866,1.2266391326794013,1.0
133,2,10,0.0,-31.552095765503385,200,0.0,0,0.0,27.5,891.0999999999977,20.947,42.540697951973925,1.0
133,3,10,0.0,-28.086358959368628,200,0.0,0,0.0,19.950000000000024,701.6939999999994,68.42,10.255685472084176,1.0
133,4,10,0.0,-23.450595865590547,200,0.0,0,0.0,10.050000000000008,929.9199999999988,48.568000000000005,19.146763300938865,1.0
133,5,10,1.0,10.615560648559896,3,0.7247260647528384,0,0.0,0.2,20.169,14.616999999999997,1.3798317028117948,1.0
133,6,10,0.0,-23.27718926403245,200,0.0,0,0.0,10.15000000000001,1034.0520000000017,37.556,27.53360315262546,1.0
133,7,10,0.0,-12.888744771231234,12,0.0,10,1.0,0.1,11.693999999999999,30.839000000000002,0.3791951749408216,1.0
133,8,10,1.0,10.704387128469662,2,1.0,0,0.0,0.2,8.142,8.142,1.0,1.0
133,9,10,0.0,-13.244963123217623,12,0.0,10,1.0,0.1,7.164,20.338,0.35224702527288815,1.0
134,0,10,1.0,10.07609785163362,7,0.7763215377894276,0,0.0,0.5,38.913000000000004,30.209,1.2881260551491278,1.0
134,1,10,0.0,-12.9,10,0.0,10,1.0,0.0,0.0,47.464000000000006,0.0,1.0
134,2,10,0.0,-12.987911594267999,14,0.0,10,1.0,0.25,25.945999999999998,44.522,0.5827680697183415,1.0
134,3,10,0.0,-23.08971492453877,200,0.0,0,0.0,10.000000000000007,940.2000000000029,50.092000000000006,18.769464185898002,1.0
134,4,10,0.0,-23.121246875459512,200,0.0,0,0.0,10.000000000000007,1067.8000000000047,34.005,31.40126451992368,1.0
134,5,10,1.0,10.01764468076632,8,0.7252166377816291,0,0.0,0.44999999999999996,34.62,25.107,1.3788983152108973,1.0
134,6,10,0.0,-12.911759061434088,10,0.0,10,1.0,0.0,0.0,26.679,0.0,1.0
134,7,10,0.0,-25.571460598587603,200,0.0,0,0.0,15.000000000000002,1162.2089999999962,17.842,65.13894182266542,1.0
134,8,10,0.0,-13.044163200881897,14,0.0,10,1.0,0.3,20.957,39.914,0.5250538658114947,1.0
134,9,10,0.0,-35.8605235664487,200,0.0,8,0.0,19.100000000000033,989.8070000000033,50.347,19.65970167040744,1.0
135,0,10,0.0,-26.06462019536763,200,0.0,1,0.0,12.600000000000016,671.1319999999985,36.137,18.57187923734672,1.0
135,1,10,1.0,10.250582386914221,6,0.9239998567386555,0,0.0,0.35,27.921,25.799,1.0822512500484516,1.0
135,2,10,0.0,-25.85084733727813,200,0.0,0,0.0,14.900000000000002,948.7429999999978,38.025000000000006,24.9505062458908,1.0
135,3,10,1.0,9.021166733810933,14,0.7781033636809683,0,0.0,1.3000000000000003,73.372,57.09100000000001,1.2851762974899719,1.0
135,4,10,1.0,8.769615230346092,17,0.6650978000933698,0,0.0,1.25,104.95899999999999,69.80799999999999,1.5035382764153105,1.0
135,5,10,1.0,9.95313115471588,8,0.80698139863433,0,0.0,0.55,50.964000000000006,41.127,1.2391859362462616,1.0
135,6,10,0.0,-26.357971250740924,200,0.0,0,0.0,15.000000000000002,963.3459999999985,53.984,17.845028156490784,1.0
135,7,10,1.0,8.741447365451878,9,0.791735153290931,1,0.0,0.8,55.97200000000001,44.315,1.2630486291323482,1.0
135,8,10,1.0,10.147244877611048,6,0.8386220159705675,0,0.0,0.55,23.918999999999997,20.059,1.192432324642305,1.0
135,9,10,1.0,9.45693550730956,11,0.5171651886367054,0,0.0,1.0,66.52999999999999,34.407000000000004,1.9336181590955324,1.0
136,0,10,1.0,10.030990627753598,7,0.8604084820915755,0,0.0,0.6000000000000001,43.527,37.45100000000001,1.1622386585137912,1.0
136,1,10,0.0,-25.781345797540848,200,0.0,0,0.0,15.000000000000002,733.8069999999981,41.559,17.65699367164749,1.0
136,2,10,0.0,-23.564486693846135,200,0.0,0,0.0,10.050000000000008,1064.0580000000048,31.151,34.158068761837654,1.0
136,3,10,0.0,-28.619109649607523,200,0.0,0,0.0,19.85000000000003,980.4889999999995,63.329,15.482464589682444,1.0
136,4,10,0.0,-13.136995352824403,13,0.0,10,1.0,0.2,13.464,44.328,0.3037357877639415,1.0
136,5,10,1.0,10.462070775026909,4,0.9063783080613034,0,0.0,0.3,24.598999999999997,22.296,1.1032920703265159,1.0
136,6,10,1.0,10.729791666666666,2,1.0,0,0.0,0.15000000000000002,6.5280000000000005,6.5280000000000005,1.0,1.0
136,7,10,1.0,10.875,1,1.0,0,0.0,0.05,2.543,2.543,1.0,1.0
136,8,10,0.0,-23.616907736272676,200,0.0,0,0.0,10.15000000000001,1446.572999999994,48.989999999999995,29.527924066135824,1.0
136,9,10,0.0,-13.052232228930944,13,0.0,10,1.0,0.15000000000000002,15.689,19.709,0.7960322695215384,1.0
137,0,10,0.0,-23.036785832038095,200,0.0,0,0.0,10.000000000000007,874.6000000000031,21.231,41.19447977014757,1.0
137,1,10,1.0,8.661553341627068,16,0.5799701930355787,0,0.0,1.6500000000000001,84.54400000000003,49.03299999999999,1.7242265413089153,1.0
137,2,10,0.0,-28.110416182387205,200,0.0,0,0.0,20.00000000000003,809.6670000000033,22.369999999999997,36.19432275368813,1.0
137,3,10,1.0,9.980607849542654,8,0.7527708981047232,0,0.0,0.49999999999999994,56.931,42.855999999999995,1.3284254246779916,1.0
137,4,10,0.0,-12.9,10,0.0,10,1.0,0.0,0.0,30.012999999999998,0.0,1.0
137,5,10,1.0,9.93292786791645,8,0.980933933863854,0,0.0,0.6000000000000001,42.851,42.034000000000006,1.0194366465242422,1.0
137,6,10,1.0,10.151200546590317,6,0.6368967446486666,0,0.0,0.55,48.25899999999999,30.735999999999997,1.5701132222800624,1.0
137,7,10,1.0,9.354944357653958,12,0.8237191198665502,0,0.0,1.0000000000000002,62.94499999999999,51.849,1.2140060560473682,1.0
137,8,10,1.0,10.00486246698059,8,0.7209870409472943,0,0.0,0.44999999999999996,48.306,34.827999999999996,1.3869874813368555,1.0
137,9,10,0.0,-12.9,10,0.0,10,1.0,0.0,0.0,46.261,0.0,1.0
138,0,10,0.0,-28.415828734397618,200,0.0,0,0.0,19.80000000000003,867.9650000000008,53.998000000000005,16.07402126004668,1.0
138,1,10,0.0,-22.90514345010799,200,0.0,0,0.0,10.000000000000007,1091.4000000000003,60.230000000000004,18.120537937904704,1.0
138,2,10,1.0,10.096016401864015,7,0.9085544739298572,0,0.0,0.45,29.996000000000002,27.253,1.1006494697831433,1.0
138,3,10,0.0,-12.899999999999999,10,0.0,10,1.0,0.0,0.0,10.561,0.0,1.0
138,4,10,0.0,-12.90952480238286,10,0.0,10,1.0,0.0,0.0,43.645,0.0,1.0
138,5,10,0.0,-13.327397005168747,16,0.0,10,1.0,0.35000000000000003,34.132999999999996,52.624,0.6486204013377925,1.0
138,6,10,1.0,10.39786888827104,5,0.7644451191741308,0,0.0,0.25,32.935,25.177,1.3081383802677047,1.0
138,7,10,0.0,-13.262215861413097,16,0.0,10,1.0,0.39999999999999997,38.451,53.627,0.717008223469521,1.0
138,8,10,1.0,10.173035897047116,6,0.7458791597161356,0,0.0,0.5,35.369,26.381,1.3406997460293393,1.0
138,9,10,0.0,-22.933676544190007,200,0.0,0,0.0,10.000000000000007,1414.4249999999959,57.943000000000005,24.410627685829102,1.0
139,0,10,0.0,-28.153448125797823,200,0.0,0,0.0,19.85000000000003,580.9750000000009,34.468,16.85548914935595,1.0
139,1,10,1.0,10.514845498899836,4,0.8327756532823454,0,0.0,0.2,25.104,20.906,1.2008035970534776,1.0
139,2,10,1.0,10.584271217712178,3,1.0,0,0.0,0.25,20.596,20.596,1.0,1.0
139,3,10,0.0,-23.050831521419795,200,0.0,0,0.0,10.000000000000007,1226.1999999999994,68.06800000000001,18.014338602573883,1.0
139,4,10,0.0,-23.492110752810934,200,0.0,0,0.0,10.000000000000007,1243.6999999999937,70.084,17.745847839735085,1.0
139,5,10,1.0,9.99749620814374,8,0.5427087950357753,0,0.0,0.5,47.379,25.712999999999997,1.8426087971065221,1.0
139,6,10,0.0,-25.915626442149247,200,0.0,0,0.0,15.000000000000004,515.6549999999985,72.808,7.082394791781102,1.0
139,7,10,0.0,-23.069939531159335,200,0.0,0,0.0,10.000000000000007,1663.508999999998,72.434,22.96585857470246,1.0
139,8,10,0.0,-23.52719853083992,200,0.0,0,0.0,10.10000000000001,687.2580000000034,56.631,12.135720718334541,1.0
139,9,10,1.0,10.370808328468573,5,1.0,0,0.0,0.3,25.695,25.695,1.0,1.0
140,0,10,1.0,10.248999505419775,6,0.8855109489051095,0,0.0,0.35,27.400000000000002,24.263,1.1292915138276387,1.0
140,1,10,0.0,-23.20690624317834,200,0.0,0,0.0,10.000000000000007,846.0339999999968,36.647999999999996,23.08540711635006,1.0
140,2,10,1.0,10.243676799144088,6,0.8823578409595734,0,0.0,0.35,36.016000000000005,31.779,1.1333270398690962,1.0
140,3,10,0.0,-13.053501753850847,14,0.0,10,1.0,0.45,23.089,32.785,0.7042549946621931,1.0
140,4,10,0.0,-13.331209032338384,18,0.0,10,1.0,0.7500000000000001,29.917999999999996,32.129,0.931183665847054,1.0
140,5,10,0.0,-13.930797473474595,18,0.0,10,1.0,0.39999999999999997,24.352000000000004,32.139,0.7577087028221164,1.0
140,6,10,0.0,-25.41561139728055,200,0.0,0,0.0,15.000000000000002,884.0070000000003,43.098000000000006,20.511555060559658,1.0
140,7,10,0.0,-25.519186103868705,200,0.0,0,0.0,15.000000000000004,537.9359999999972,42.57299999999999,12.635614121626318,1.0
140,8,10,0.0,-23.426619435441413,200,0.0,0,0.0,10.200000000000012,318.3180000000012,72.19800000000001,4.4089586969168275,1.0
140,9,10,0.0,-13.168702656622418,14,0.0,10,1.0,0.3,24.371000000000002,57.479,0.4239983298248056,1.0
141,0,10,0.0,-25.16668548891953,200,0.0,0,0.0,13.350000000000014,843.2300000000026,39.935,21.115061975710596,1.0
141,1,10,0.0,-24.612039367574567,200,0.0,0,0.0,13.350000000000012,786.4329999999986,44.021,17.864950818927298,1.0
141,2,10,0.0,-28.05758202500711,200,0.0,0,0.0,20.000000000000014,1540.5999999999958,42.548,36.208517439127476,1.0
141,3,10,1.0,10.632859192742085,3,1.0,0,0.0,0.15000000000000002,21.604,21.604,1.0,1.0
141,4,10,0.0,-12.911661572101117,10,0.0,10,1.0,0.0,0.0,44.819,0.0,1.0
141,5,10,1.0,10.405285970060179,5,0.7416546789126186,0,0.0,0.25,27.111,20.107000000000003,1.3483364002586162,1.0
141,6,10,0.0,-12.899999999999999,10,0.0,10,1.0,0.0,0.0,34.277,0.0,1.0
141,7,10,1.0,10.875,1,1.0,0,0.0,0.05,3.422,3.422,1.0,1.0
141,8,10,1.0,9.772173654864229,9,0.9423000322452152,0,0.0,0.7500000000000001,52.721000000000004,49.678999999999995,1.0612331166086275,1.0
141,9,10,0.0,-23.328770508755024,200,0.0,0,0.0,10.100000000000009,1327.653999999994,58.023999999999994,22.881118158003485,1.0
142,0,10,1.0,10.633111712738673,3,1.0,0,0.0,0.15000000000000002,17.544999999999998,17.544999999999998,1.0,1.0
142,1,10,0.0,-13.260167896782919,12,0.0,10,1.0,0.1,5.547000000000001,17.749,0.3125246492760156,1.0
142,2,10,0.0,-25.584415288597345,200,0.0,0,0.0,15.000000000000004,1065.005999999998,43.902,24.258712587125824,1.0
142,3,10,0.0,-23.104092692954683,200,0.0,0,0.0,10.000000000000007,1114.000000000003,53.510000000000005,20.81853859091764,1.0
142,4,10,1.0,9.769182996451164,10,0.5655692999105526,0,0.0,0.5499999999999999,45.836999999999996,25.924,1.7681299182224963,1.0
142,5,10,1.0,10.227090602612726,6,0.8008594699185528,0,0.0,0.4,44.446,35.595,1.2486585194549795,1.0
142,6,10,0.0,-22.930270727898687,200,0.0,0,0.0,10.000000000000007,445.360999999999,53.153,8.378849735668712,1.0
142,7,10,0.0,-13.154524193931335,12,0.0,10,1.0,0.15000000000000002,4.008,42.118,0.0951612137328458,1.0
142,8,10,0.0,-23.30466240064276,200,0.0,0,0.0,10.000000000000007,681.6459999999972,34.849,19.55998737409961,1.0
142,9,10,0.0,-25.502501612367446,200,0.0,0,0.0,15.000000000000004,828.3830000000022,51.167,16.18979029452581,1.0
143,0,10,1.0,9.904039904630444,9,0.7052961376429355,0,0.0,0.49999999999999994,56.494,39.845,1.4178441460660058,1.0
143,1,10,1.0,8.369801230063254,12,0.8615572577766797,1,0.0,0.9500000000000002,72.84599999999999,62.761,1.1606889628909671,1.0
143,2,10,0.0,-17.625692957654397,18,0.0,14,1.0,0.45,23.290999999999997,61.187000000000005,0.3806527530357755,1.0
143,3,10,0.0,-25.5972623518271,200,0.0,0,0.0,15.050000000000002,821.1060000000026,61.246,13.406687783692039,1.0
143,4,10,0.0,-22.888911578517543,200,0.0,0,0.0,10.000000000000007,485.00000000000153,19.588,24.760057177864077,1.0
143,5,10,1.0,10.318265635074146,5,0.8841175213167707,0,0.0,0.4,42.103,37.224,1.131071351816033,1.0
143,6,10,1.0,5.111621674111478,8,1.0,5,0.0,0.25,20.596,20.596,1.0,1.0
143,7,10,0.0,-24.496776084407966,200,0.0,0,0.0,12.500000000000014,667.8999999999985,11.089,60.230859410226216,1.0
143,8,10,1.0,10.312289292091977,5,0.9315110691255596,0,0.0,0.4,48.694,45.359,1.0735245486011598,1.0
143,9,10,0.0,-23.315497463048736,200,0.0,0,0.0,10.150000000000011,685.3509999999972,36.263999999999996,18.89893558349871,1.0
144,0,10,1.0,10.342876761064465,5,1.0,0,0.0,0.35,35.135000000000005,35.135000000000005,1.0,1.0
144,1,10,0.0,-30.87418174359853,200,0.0,0,0.0,24.95,1225.5819999999999,46.318,26.46016667386329,1.0
144,2,10,1.0,9.46502182845403,12,0.6571689754588286,0,0.0,0.8,71.10499999999999,46.728,1.5216786509159388,1.0
144,3,10,1.0,10.875,1,1.0,0,0.0,0.05,4.95,4.95,1.0,1.0
144,4,10,0.0,-26.014803818149126,200,0.0,0,0.0,14.900000000000002,241.44500000000122,38.867000000000004,6.2120822291404325,1.0
144,5,10,0.0,-31.12751860153227,200,0.0,0,0.0,24.95,614.6669999999984,54.431000000000004,11.292590619316169,1.0
144,6,10,1.0,10.126746133313832,7,0.821982447703775,0,0.0,0.39999999999999997,33.272,27.349,1.21657098979853,1.0
144,7,10,0.0,-23.415714961561218,200,0.0,0,0.0,10.000000000000007,883.8959999999979,25.365000000000002,34.84707273802475,1.0
144,8,10,0.0,-25.417186777267236,200,0.0,0,0.0,15.000000000000002,400.6209999999981,32.429,12.35378827592581,1.0
144,9,10,0.0,-23.0731436362259,200,0.0,0,0.0,10.000000000000007,724.399999999999,39.607000000000006,18.28969626581157,1.0
145,0,10,1.0,9.221876369826576,14,0.5700163745527319,0,0.0,0.9000000000000001,82.44500000000001,46.99499999999999,1.7543355676135763,1.0
145,1,10,1.0,9.233055081947068,13,0.8880749713537405,0,0.0,1.0500000000000003,73.308,65.10300000000001,1.1260310584765678,1.0
145,2,10,0.0,-30.52453534345786,200,0.0,0,0.0,25.0,436.8000000000019,54.126,8.070058751801387,1.0
145,3,10,0.0,-25.629653047616884,200,0.0,0,0.0,15.000000000000004,462.3440000000008,43.493,10.630308325477682,1.0
145,4,10,0.0,-25.51767681064153,200,0.0,0,0.0,15.050000000000002,1289.3539999999966,51.722,24.928541046363183,1.0
145,5,10,0.0,-25.450320875802127,200,0.0,0,0.0,15.000000000000002,420.7999999999996,39.735,10.590159808732846,1.0
145,6,10,1.0,10.354221560525035,5,0.6300153139356814,0,0.0,0.35000000000000003,26.12,16.456,1.587263004375304,1.0
145,7,10,1.0,10.389699453551913,4,0.9366428145497911,0,0.0,0.44999999999999996,20.124000000000002,18.849,1.0676428457743117,1.0
145,8,10,0.0,-24.714539771411708,200,0.0,0,0.0,13.300000000000011,622.2829999999996,47.509,13.098212970174062,1.0
145,9,10,1.0,9.760369808458183,9,0.9495255073559866,0,0.0,0.7500000000000001,55.533,52.730000000000004,1.0531575952967949,1.0
146,0,10,0.0,-23.078231809205544,200,0.0,0,0.0,10.000000000000007,915.1089999999963,59.24700000000001,15.445659695849514,1.0
146,1,10,0.0,-23.03060748501922,200,0.0,0,0.0,10.000000000000007,924.1999999999974,27.869,33.162295023143905,1.0
146,2,10,1.0,9.895521338808013,8,0.7668344345585953,0,0.0,0.7000000000000001,41.923,32.147999999999996,1.3040624611173326,1.0
146,3,10,1.0,9.633886260828431,11,0.5878784718601175,0,0.0,0.65,57.534,33.823,1.7010318422375306,1.0
146,4,10,1.0,9.716816187507217,10,0.7912840893517885,0,0.0,0.6500000000000001,65.673,51.96600000000001,1.2637686179425007,1.0
146,5,10,1.0,9.826516853932583,9,0.6612618529617011,0,0.0,0.65,48.722,32.218,1.512260227202185,1.0
146,6,10,1.0,10.18106585681692,6,0.6459154817381608,0,0.0,0.49999999999999994,50.214,32.434000000000005,1.5481901708084107,1.0
146,7,10,1.0,10.637690282431786,3,0.9846548654027444,0,0.0,0.15000000000000002,19.094,18.801000000000002,1.0155842774320514,1.0
146,8,10,1.0,10.586792466765141,3,0.9679033526342125,0,0.0,0.25,13.989,13.54,1.0331610044313146,1.0
146,9,10,0.0,-24.738554902003273,200,0.0,0,0.0,13.300000000000013,653.5019999999987,46.073,14.184055737633727,1.0
147,0,10,0.0,-23.86501359619306,200,0.0,0,0.0,10.350000000000012,667.4579999999984,52.955999999999996,12.604010876954423,1.0
147,1,10,0.0,-12.957926356589144,11,0.0,10,1.0,0.15,5.525,45.92400000000001,0.12030746450657608,1.0
147,2,10,0.0,-25.448001667758646,200,0.0,0,0.0,15.000000000000002,385.4000000000011,33.577999999999996,11.47775329084523,1.0
147,3,10,0.0,-12.871230753385857,12,0.0,10,1.0,0.15000000000000002,15.262,38.83800000000001,0.39296565219630253,1.0
147,4,10,0.0,-25.580910003573344,200,0.0,0,0.0,15.000000000000002,1166.4000000000017,58.769000000000005,19.84719835287314,1.0
147,5,10,0.0,-12.883695333390836,11,0.0,10,1.0,0.1,6.108,34.778999999999996,0.17562322090916935,1.0
147,6,10,1.0,9.899841860027298,8,0.6077691009468233,0,0.0,0.7,34.959,21.247,1.645361698122088,1.0
147,7,10,0.0,-13.047541202864787,12,0.0,10,1.0,0.15000000000000002,9.027000000000001,46.355999999999995,0.19473207351799124,1.0
147,8,10,0.0,-22.96787911003102,200,0.0,0,0.0,10.000000000000007,729.400000000002,13.169,55.38765282101921,1.0
147,9,10,0.0,-28.655178078409772,200,0.0,0,0.0,19.950000000000028,1048.1560000000031,50.70800000000001,20.670426757119248,1.0
148,0,10,1.0,9.37804073110875,11,0.8189399166091731,0,0.0,1.1500000000000001,66.67399999999999,54.602000000000004,1.2210908025347054,1.0
148,1,10,1.0,10.120729981154016,6,0.9596167535640765,0,0.0,0.6000000000000001,51.977000000000004,49.87800000000001,1.0420826817434539,1.0
148,2,10,0.0,-13.411293088261202,14,0.0,10,1.0,0.3,13.212,51.087,0.2586176522402959,1.0
148,3,10,0.0,-13.206793701434078,15,0.0,10,1.0,0.30000000000000004,26.599,63.316,0.42009918504011623,1.0
148,4,10,0.0,-13.188523839959092,15,0.0,10,1.0,0.5,28.846000000000004,39.115,0.7374664450977886,1.0
148,5,10,0.0,-13.533481550503167,15,0.0,10,1.0,0.25,8.165000000000001,40.245,0.20288234563299792,1.0
148,6,10,0.0,-25.993606274420564,200,0.0,0,0.0,15.050000000000002,950.2599999999986,52.721999999999994,18.023974811274208,1.0
148,7,10,0.0,-13.26487749209941,15,0.0,10,1.0,0.3,26.361,51.262,0.5142405680621123,1.0
148,8,10,1.0,10.518351744503992,4,0.6759074443705182,0,0.0,0.2,13.527000000000001,9.143,1.4794925079295635,1.0
148,9,10,0.0,-13.337399502819373,14,0.0,10,1.0,0.30000000000000004,17.777,32.986,0.5389256048020373,1.0
149,0,10,1.0,10.85,1,1.0,0,0.0,0.1,13.531,13.531,1.0,1.0
149,1,10,1.0,10.610063816647225,3,1.0,0,0.0,0.2,14.573,14.573,1.0,1.0
149,2,10,0.0,-25.545755334987614,200,0.0,0,0.0,15.000000000000004,891.0419999999972,60.45,14.740148883374642,1.0
149,3,10,0.0,-25.79188120848764,200,0.0,0,0.0,15.100000000000003,1119.0280000000007,68.052,16.44371950861107,1.0
149,4,10,0.0,-12.818446965052116,11,0.0,10,1.0,0.05,7.204,32.620000000000005,0.22084610668301652,1.0
149,5,10,0.0,-22.82213141197986,200,0.0,0,0.0,10.000000000000007,992.3999999999982,27.897000000000002,35.573717604043374,1.0
149,6,10,0.0,-23.207525774782262,200,0.0,0,0.0,10.050000000000008,899.412999999999,64.986,13.840104022404809,1.0
149,7,10,0.0,-12.970532185797634,12,0.0,10,1.0,0.1,5.817,31.023,0.18750604390291076,1.0
149,8,10,0.0,-12.815995943816832,12,0.0,10,1.0,0.25,13.103,29.831000000000003,0.43924105795984036,1.0
149,9,10,1.0,9.642917033544466,10,0.6875830013280213,0,0.0,0.8000000000000002,51.204,35.207,1.454369869628199,1.0
150,0,10,0.0,-23.00606796116504,200,0.0,0,0.0,10.000000000000007,1350.5419999999951,73.336,18.415812152285305,1.0
150,1,10,1.0,10.273532129963899,5,0.927911027736835,0,0.0,0.49999999999999994,22.389000000000003,20.775000000000002,1.0776895306859207,1.0
150,2,10,1.0,10.318262387195642,5,0.9104720564297342,0,0.0,0.4,25.802,23.492,1.098331346841478,1.0
150,3,10,1.0,10.08890953838387,7,0.709063248092713,0,0.0,0.5,44.697,31.692999999999998,1.4103114252358566,1.0
150,4,10,1.0,9.827704429427214,8,0.9541333483500393,0,0.0,0.8,35.516000000000005,33.887,1.048071531855874,1.0
150,5,10,0.0,-23.094972836784546,200,0.0,0,0.0,10.000000000000007,947.487999999998,50.804,18.649870088969333,1.0
150,6,10,0.0,-23.52467513182621,200,0.0,0,0.0,10.050000000000008,561.2830000000012,32.998,17.009606642826874,1.0
150,7,10,0.0,-22.990804938637773,200,0.0,0,0.0,10.000000000000007,717.0000000000008,53.942,13.292054428830982,1.0
150,8,10,0.0,-23.235414733047946,200,0.0,0,0.0,10.050000000000008,592.8360000000013,44.39,13.355170083352135,1.0
150,9,10,0.0,-23.354940881334787,200,0.0,0,0.0,10.150000000000011,736.7989999999994,51.422,14.328478083310635,1.0
151,0,10,1.0,10.607443662499065,3,1.0,0,0.0,0.2,26.714,26.714,1.0,1.0
151,1,10,1.0,10.007613117830186,8,0.893091102985984,0,0.0,0.44999999999999996,52.512,46.897999999999996,1.11970659729626,1.0
151,2,10,0.0,-28.314251352976484,200,0.0,0,0.0,20.00000000000003,1250.7670000000026,16.63,75.21148526758886,1.0
151,3,10,1.0,10.078783573671535,7,0.9872385252069226,0,0.0,0.49999999999999994,33.225,32.801,1.0129264351696594,1.0
151,4,10,0.0,-24.413069323638087,200,0.0,0,0.0,12.500000000000014,985.0540000000011,65.18700000000001,15.111203154003112,1.0
151,5,10,0.0,-24.189101246746095,200,0.0,0,0.0,12.500000000000014,643.7499999999989,43.794000000000004,14.699502214915258,1.0
151,6,10,1.0,9.941849545274811,8,0.8229742922225838,0,0.0,0.6,49.168,40.464,1.2151047844998024,1.0
151,7,10,0.0,-25.81045836980833,200,0.0,0,0.0,15.000000000000002,1107.3799999999978,41.123999999999995,26.927828032292528,1.0
151,8,10,1.0,10.584085993820803,3,1.0,0,0.0,0.25,19.42,19.42,1.0,1.0
151,9,10,0.0,-23.123894706471383,200,0.0,0,0.0,10.000000000000007,1459.9999999999948,58.921,24.7789412942753,1.0
152,0,10,1.0,10.203503503947486,6,0.7037927267051662,0,0.0,0.44999999999999996,64.07,45.092,1.4208728821076908,1.0
152,1,10,1.0,10.875,1,1.0,0,0.0,0.05,7.935,7.935,1.0,1.0
152,2,10,1.0,10.255338938860644,6,0.7090522553611044,0,0.0,0.35,32.455999999999996,23.013,1.410333289879633,1.0
152,3,10,0.0,-12.94822742764716,12,0.0,10,1.0,0.2,9.051,34.622,0.26142337242215935,1.0
152,4,10,0.0,-24.94369931119512,200,0.0,0,0.0,13.400000000000013,837.2049999999994,74.62200000000001,11.21927849695799,1.0
152,5,10,0.0,-13.295637914070191,18,0.0,10,1.0,0.49999999999999994,55.742999999999995,57.931,0.962230929899363,1.0
152,6,10,0.0,-23.083381924198296,200,0.0,0,0.0,10.000000000000007,824.5669999999976,30.869999999999997,26.71094914156131,1.0
152,7,10,0.0,-13.128313576927777,12,0.0,10,1.0,0.15000000000000002,6.818,49.098,0.13886512688907898,1.0
152,8,10,0.0,-22.23954218965393,24,0.0,18,1.0,0.49999999999999994,30.000999999999998,27.566,1.0883334542552419,1.0
152,9,10,0.0,-13.182908762900272,18,0.0,10,1.0,0.7000000000000001,38.405,37.693,1.0188894489693048,1.0
153,0,10,0.0,-23.069266055045794,200,0.0,0,0.0,10.000000000000007,961.2000000000031,30.52,31.494102228047286,1.0
153,1,10,1.0,10.232482433514187,6,0.46326589476286617,0,0.0,0.4,24.269000000000002,11.243,2.1585875655963713,1.0
153,2,10,0.0,-25.29862801143326,200,0.0,0,0.0,15.000000000000004,1472.4549999999986,39.184000000000005,37.577965496120825,1.0
153,3,10,0.0,-13.081468450762165,15,0.0,10,1.0,0.35,41.010999999999996,43.757,0.9372443266220262,1.0
153,4,10,1.0,10.252676434364325,6,0.901007097841335,0,0.0,0.35,47.760999999999996,43.033,1.1098691701717285,1.0
153,5,10,0.0,-25.753047600197934,200,0.0,0,0.0,14.900000000000002,794.6379999999986,50.525000000000006,15.727619990103879,1.0
153,6,10,0.0,-22.999078745338885,200,0.0,0,0.0,10.000000000000007,1663.999999999998,45.589999999999996,36.49923228778237,1.0
153,7,10,1.0,10.439330342665658,4,0.9943035253654343,0,0.0,0.35,18.608,18.502000000000002,1.0057291103664467,1.0
153,8,10,0.0,-23.655958635897054,200,0.0,0,0.0,10.250000000000012,695.685999999997,52.606,13.224461088088754,1.0
153,9,10,0.0,-13.138364817243074,15,0.0,10,1.0,0.25,36.158,48.808,0.7408211768562531,1.0
154,0,10,1.0,10.61047368821872,3,1.0,0,0.0,0.2,13.131,13.131,1.0,1.0
154,1,10,1.0,9.793180526746962,9,0.8667754460710995,0,0.0,0.7,66.18900000000001,57.37100000000001,1.1537013473706228,1.0
154,2,10,0.0,-25.974531879550437,200,0.0,0,0.0,14.950000000000003,841.3309999999956,56.588,14.867657453877069,1.0
154,3,10,0.0,-13.023297023779849,11,0.0,10,1.0,0.05,3.136,20.058999999999997,0.1563388005384117,1.0
154,4,10,1.0,10.007503838431559,8,0.9134158971260895,0,0.0,0.44999999999999996,46.348000000000006,42.335,1.0947915436400142,1.0
154,5,10,1.0,10.40325967357418,5,0.7759332163354361,0,0.0,0.25,21.083000000000002,16.359,1.2887707072559447,1.0
154,6,10,0.0,-12.867757790557711,11,0.0,10,1.0,0.05,6.185,37.385,0.16544068476661764,1.0
154,7,10,1.0,6.999395311252606,16,0.6001542542624425,2,0.0,0.9500000000000001,85.573,51.35699999999999,1.6662382927351678,1.0
154,8,10,1.0,9.775880130017706,8,0.8427276573948289,0,0.0,0.9,44.90299999999999,37.840999999999994,1.1866229750799397,1.0
154,9,10,0.0,-23.035614620201414,200,0.0,0,0.0,10.000000000000007,1087.2000000000016,58.76800000000001,18.499863871494718,1.0
155,0,10,1.0,9.872407113483876,9,0.5825295761625586,0,0.0,0.5499999999999999,47.589,27.722,1.7166510352788398,1.0
155,1,10,0.0,-28.160476306836394,200,0.0,0,0.0,20.00000000000002,926.1999999999975,53.201,17.409447190842233,1.0
155,2,10,0.0,-28.444354807655248,200,0.0,0,0.0,19.90000000000003,1031.8839999999961,25.968999999999998,39.735222765605,1.0
155,3,10,0.0,-12.924545212657089,12,0.0,10,1.0,0.15000000000000002,6.609,24.429000000000002,0.2705391133488886,1.0
155,4,10,0.0,-12.96008283857039,12,0.0,10,1.0,0.2,10.556000000000001,42.613,0.24771783258629998,1.0
155,5,10,0.0,-24.629070691394407,200,0.0,0,0.0,12.400000000000015,1195.6769999999983,64.43499999999999,18.5563280825638,1.0
155,6,10,0.0,-22.95693897736563,200,0.0,0,0.0,10.100000000000009,1507.9150000000016,69.76100000000001,21.615444159344065,1.0
155,7,10,1.0,10.112088356776066,7,0.7888514629152632,0,0.0,0.44999999999999996,45.423,35.832,1.2676657736101808,1.0
155,8,10,0.0,-25.449061110196038,200,0.0,0,0.0,15.000000000000002,869.0460000000021,48.568000000000005,17.89338659199477,1.0
155,9,10,0.0,-30.496350241039725,200,0.0,0,0.0,24.85,1470.6109999999928,47.71,30.823957241668264,1.0
156,0,10,0.0,-23.492090622311494,200,0.0,0,0.0,10.100000000000009,776.6040000000023,27.896,27.83926010897628,1.0
156,1,10,0.0,-28.599726294521155,200,0.0,0,0.0,19.750000000000032,1025.2889999999963,42.564,24.08817310403149,1.0
156,2,10,0.0,-23.099829095456453,200,0.0,0,0.0,10.000000000000007,597.5980000000018,23.990000000000002,24.910295956648675,1.0
156,3,10,0.0,-25.702344404130613,200,0.0,0,0.0,15.000000000000004,870.000000000003,21.497999999999998,40.4688808261235,1.0
156,4,10,1.0,10.369263332975642,5,0.9365358524697253,0,0.0,0.30000000000000004,39.802,37.276,1.06776478162893,1.0
156,5,10,0.0,-24.832455662910217,200,0.0,0,0.0,13.300000000000013,621.2019999999995,54.751000000000005,11.345948019214251,1.0
156,6,10,0.0,-23.456691260597953,200,0.0,0,0.0,10.050000000000008,621.1869999999991,34.086999999999996,18.22357496992986,1.0
156,7,10,0.0,-23.025402289316474,200,0.0,0,0.0,10.000000000000007,657.9999999999998,48.224000000000004,13.644658261446576,1.0
156,8,10,1.0,10.875,1,1.0,0,0.0,0.05,7.812,7.812,1.0,1.0
156,9,10,1.0,10.19612158247028,6,0.97518916636898,0,0.0,0.44999999999999996,30.793000000000003,30.029000000000003,1.0254420726630924,1.0
157,0,10,1.0,10.006959654965334,8,0.5629590927252052,0,0.0,0.49999999999999994,32.537,18.317,1.7763280013102583,1.0
157,1,10,0.0,-22.897820932134106,200,0.0,0,0.0,10.000000000000007,459.7999999999986,19.567999999999998,23.4975470155355,1.0
157,2,10,0.0,-25.490148621743693,200,0.0,0,0.0,15.000000000000002,930.7649999999978,71.322,13.050180869857797,1.0
157,3,10,0.0,-25.902870341758856,200,0.0,0,0.0,15.100000000000003,947.7740000000017,32.362,29.28663247018113,1.0
157,4,10,0.0,-13.129856976374615,12,0.0,10,1.0,0.1,6.094,28.317,0.21520641310873329,1.0
157,5,10,0.0,-12.803014531123077,12,0.0,10,1.0,0.15000000000000002,26.854,66.478,0.40395318752068354,1.0
157,6,10,1.0,10.249266875,6,0.9756989968594689,0,0.0,0.35000000000000003,32.797,32.0,1.02490625,1.0
157,7,10,1.0,8.824414652426457,17,0.6974100305778428,0,0.0,1.1500000000000004,76.526,53.37,1.4338767097620386,1.0
157,8,10,0.0,-26.33446047164838,200,0.0,0,0.0,15.150000000000002,1209.5730000000049,34.178,35.390397331616974,1.0
157,9,10,0.0,-23.201188413293686,200,0.0,0,0.0,10.000000000000007,287.0529999999993,54.13100000000001,5.302931776615973,1.0
158,0,10,1.0,10.632839629282028,3,0.9998826979472142,0,0.0,0.15000000000000002,17.05,17.048000000000002,1.0001173158141716,1.0
158,1,10,0.0,-13.144478681594503,15,0.0,10,1.0,0.3,22.246000000000002,30.278999999999996,0.7347006175897488,1.0
158,2,10,0.0,-25.441705330843416,200,0.0,0,0.0,15.000000000000002,605.6000000000021,51.943,11.658933831315135,1.0
158,3,10,0.0,-13.000325692170291,15,0.0,10,1.0,0.3,43.352000000000004,50.385000000000005,0.8604148059938473,1.0
158,4,10,0.0,-28.18706839288351,200,0.0,0,0.0,19.90000000000003,718.1050000000005,47.271,15.191237756764199,1.0
158,5,10,0.0,-30.51191435691089,200,0.0,0,0.0,24.849999999999998,1221.6860000000001,48.958999999999996,24.953246594088938,1.0
158,6,10,1.0,9.633956626291413,11,0.8944712942801,0,0.0,0.65,75.31599999999999,67.368,1.1179788623678897,1.0
158,7,10,0.0,-23.169801035037416,200,0.0,0,0.0,10.050000000000008,728.8049999999989,42.897000000000006,16.989649625847935,1.0
158,8,10,0.0,-33.173786968122464,200,0.0,0,0.0,29.850000000000005,1141.520000000004,35.605000000000004,32.06066563684887,1.0
158,9,10,1.0,9.749525528455285,9,0.7886637599384458,0,0.0,0.8000000000000002,38.99,30.750000000000004,1.2679674796747966,1.0
159,0,10,0.0,-28.15537801274164,200,0.0,0,0.0,20.00000000000003,1109.5529999999985,67.339,16.477123212402894,1.0
159,1,10,1.0,9.792310479375697,9,0.7598877534812305,0,0.0,0.7000000000000001,37.774,28.704,1.3159838350055741,1.0
159,2,10,1.0,10.471118264322179,4,0.9221434735988703,0,0.0,0.30000000000000004,38.237,35.260000000000005,1.0844299489506521,1.0
159,3,10,1.0,9.961419538450546,8,1.0,0,0.0,0.55,41.989,41.989,1.0,1.0
159,4,10,0.0,-13.36886418235127,15,0.0,10,1.0,0.35,37.394999999999996,52.864999999999995,0.7073678237018821,1.0
159,5,10,0.0,-28.37240098937022,200,0.0,0,0.0,19.70000000000003,738.6210000000004,67.92200000000001,10.874547274815233,1.0
159,6,10,0.0,-23.12057002164322,200,0.0,0,0.0,10.050000000000008,786.1210000000015,59.602999999999994,13.189285774206022,1.0
159,7,10,0.0,-30.64898007381494,200,0.0,0,0.0,24.75,592.1159999999988,52.293,11.323045149446367,1.0
159,8,10,1.0,10.319002084517718,5,0.9073246217331499,0,0.0,0.4,29.08,26.384999999999998,1.1021413682016297,1.0
159,9,10,0.0,-25.647938438153158,200,0.0,0,0.0,15.000000000000004,783.1360000000017,26.315,29.760060801824118,1.0
160,0,10,0.0,-23.12135739646903,200,0.0,0,0.0,10.000000000000007,1106.494000000002,61.11699999999999,18.104520837083008,1.0
160,1,10,0.0,-22.950905066500326,200,0.0,0,0.0,10.000000000000007,508.6000000000011,51.278,9.918483560201278,1.0
160,2,10,0.0,-14.038308127453243,14,0.0,10,1.0,0.25,24.182000000000002,34.648,0.6979335026552759,1.0
160,3,10,1.0,10.475869663736065,4,0.3160503022143287,0,0.0,0.3,34.909,11.033000000000001,3.16405329466147,1.0
160,4,10,1.0,10.754231482626437,2,1.0,0,0.0,0.1,8.087,8.087,1.0,1.0
160,5,10,0.0,-14.911868033334509,14,0.0,10,1.0,0.35000000000000003,11.403,28.439,0.4009634656633496,1.0
160,6,10,0.0,-12.888121930015217,11,0.0,10,1.0,0.15,4.572,23.005,0.19873940447728755,1.0
160,7,10,0.0,-25.584415288597345,200,0.0,0,0.0,15.000000000000004,1065.005999999998,43.902,24.258712587125824,1.0
160,8,10,0.0,-23.167389176338986,200,0.0,0,0.0,10.000000000000007,666.7390000000013,14.302,46.618584813312914,1.0
160,9,10,0.0,-12.828175266203306,11,0.0,10,1.0,0.05,6.131,29.207,0.20991543123223885,1.0
161,0,10,0.0,-25.401182101375966,200,0.0,0,0.0,15.000000000000002,957.9999999999975,48.473,19.763579724795196,1.0
161,1,10,0.0,-12.988841641672048,11,0.0,10,1.0,0.1,3.028,52.678000000000004,0.057481301492083976,1.0
161,2,10,1.0,9.68529036975141,9,0.9581281774148354,0,0.0,0.9,49.962,47.870000000000005,1.043701692082724,1.0
161,3,10,0.0,-12.660402147056317,11,0.0,10,1.0,0.1,5.006,11.737,0.4265144415097555,1.0
161,4,10,0.0,-25.66723695466209,200,0.0,0,0.0,15.000000000000002,625.5999999999998,18.704,33.44739093242086,1.0
161,5,10,0.0,-14.325375083488593,12,0.0,10,1.0,0.15000000000000002,6.073,28.447,0.2134847259816501,1.0
161,6,10,0.0,-12.640125468113606,12,0.0,10,1.0,0.2,22.379,36.583,0.6117322253505727,1.0
161,7,10,0.0,-23.096137430644564,200,0.0,0,0.0,10.000000000000007,900.9999999999992,46.86000000000001,19.22748612889456,1.0
161,8,10,0.0,-24.731096798187743,200,0.0,0,0.0,12.650000000000016,1167.1600000000021,59.154,19.73087196132133,1.0
161,9,10,1.0,10.485683615016807,4,0.9327063187177109,0,0.0,0.25,22.647,21.122999999999998,1.072148842493964,1.0
162,0,10,0.0,-13.294535642343886,15,0.0,10,1.0,0.3,27.619999999999997,66.52199999999999,0.4152009861399236,1.0
162,1,10,0.0,-12.835224125768415,11,0.0,10,1.0,0.05,10.022,49.615,0.20199536430514964,1.0
162,2,10,1.0,9.692458922030351,9,0.965736810187993,0,0.0,0.9,59.364,57.33000000000001,1.0354788069073781,1.0
162,3,10,1.0,10.706589223550779,2,1.0,0,0.0,0.2,13.214,13.214,1.0,1.0
162,4,10,0.0,-28.26516760210024,200,0.0,0,0.0,19.95000000000003,1025.9739999999963,38.663000000000004,26.536326720637202,1.0
162,5,10,0.0,-12.641669245957626,11,0.0,10,1.0,0.05,15.721,37.478,0.4194727573509792,1.0
162,6,10,1.0,10.435116238419857,4,0.771856449001619,0,0.0,0.35,14.824,11.442,1.2955776962069567,1.0
162,7,10,0.0,-24.91260079101812,200,0.0,0,0.0,13.350000000000012,549.6710000000005,31.352,17.53224674661905,1.0
162,8,10,1.0,10.341360997832396,5,0.9533800350262699,0,0.0,0.35,28.549999999999997,27.219,1.0488996656747123,1.0
162,9,10,0.0,-13.438754200495476,15,0.0,10,1.0,0.4,16.106,40.769000000000005,0.39505506634943216,1.0
163,0,10,0.0,-13.149652922295513,17,0.0,10,1.0,0.7,36.363,28.351,1.2826002610137208,1.0
163,1,10,0.0,-13.694369267779285,20,0.0,10,1.0,0.9,54.89800000000001,46.557,1.1791567326073418,1.0
163,2,10,0.0,-13.845179368967006,17,0.0,10,1.0,0.35,27.178000000000004,13.882,1.9577870623829423,1.0
163,3,10,0.0,-23.34524512246534,200,0.0,0,0.0,10.200000000000012,843.1359999999976,78.267,10.772560593864561,1.0
163,4,10,0.0,-13.801871386959442,20,0.0,10,1.0,0.49999999999999994,35.11300000000001,22.314999999999998,1.5735155724848762,1.0
163,5,10,1.0,10.610379983388704,3,0.9646791747345931,0,0.0,0.2,14.977,14.448,1.0366140642303432,1.0
163,6,10,0.0,-25.598084107709603,200,0.0,0,0.0,15.000000000000004,1354.3659999999984,52.623,25.737149155312288,1.0
163,7,10,1.0,10.582170227920228,3,0.6577652846099789,0,0.0,0.25,21.345000000000002,14.040000000000001,1.5202991452991454,1.0
163,8,10,1.0,10.75661433555344,2,1.0,0,0.0,0.1,6.306,6.306,1.0,1.0
163,9,10,1.0,10.475380414169765,4,0.6221918066830281,0,0.0,0.30000000000000004,21.188000000000002,13.183,1.6072214215277254,1.0
164,0,10,1.0,10.703831384747398,2,1.0,0,0.0,0.2,9.323,9.323,1.0,1.0
164,1,10,0.0,-23.040150043984173,200,0.0,0,0.0,10.000000000000007,493.799999999999,60.248999999999995,8.195986655380157,1.0
164,2,10,0.0,-34.17746169524876,200,0.0,9,0.0,14.3,1011.0629999999949,56.912,17.7653746134382,1.0
164,3,10,1.0,10.103550386775458,7,1.0,0,0.0,0.45,37.748,37.748,1.0,1.0
164,4,10,0.0,-12.899999999999999,10,0.0,10,1.0,0.0,0.0,52.143,0.0,1.0
164,5,10,1.0,9.866253253477373,9,0.8520567545010135,0,0.0,0.55,41.935,35.731,1.1736307408132993,1.0
164,6,10,0.0,-12.899999999999999,10,0.0,10,1.0,0.0,0.0,42.168,0.0,1.0
164,7,10,0.0,-23.233968364883776,200,0.0,0,0.0,10.050000000000008,1032.4730000000018,39.355000000000004,26.234862152204336,1.0
164,8,10,1.0,10.059573433069326,7,0.6966977195701416,0,0.0,0.55,58.717,40.908,1.4353427202503177,1.0
164,9,10,0.0,-23.25492468699229,200,0.0,0,0.0,10.050000000000008,953.0570000000026,52.315000000000005,18.217662238363808,1.0
165,0,10,0.0,-13.027051848754558,12,0.0,10,1.0,0.15000000000000002,18.354,50.22299999999999,0.36545009258706174,1.0
165,1,10,0.0,-13.200364494382022,12,0.0,10,1.0,0.15000000000000002,6.836,55.62500000000001,0.1228943820224719,1.0
165,2,10,1.0,10.467053140096619,4,1.0,0,0.0,0.3,24.012,24.012,1.0,1.0
165,3,10,0.0,-28.232594007873196,200,0.0,0,0.0,20.00000000000003,1104.3909999999983,60.71300000000001,18.19035461927426,1.0
165,4,10,0.0,-28.519738654781204,200,0.0,0,0.0,19.80000000000003,1023.8229999999962,44.424,23.046618944714485,1.0
165,5,10,0.0,-12.972246429656638,12,0.0,10,1.0,0.15000000000000002,9.120000000000001,32.910000000000004,0.27711941659070194,1.0
165,6,10,1.0,9.655653024681103,11,0.9420715801189523,0,0.0,0.6000000000000001,57.501999999999995,54.17099999999999,1.0614904653781545,1.0
165,7,10,0.0,-13.150307069454621,12,0.0,10,1.0,0.15000000000000002,10.047,53.229,0.18875049315222905,1.0
165,8,10,1.0,10.63639693877551,3,0.9683794466403164,0,0.0,0.15000000000000002,10.12,9.8,1.0326530612244897,1.0
165,9,10,0.0,-22.962616528672264,200,0.0,0,0.0,10.15000000000001,541.3019999999984,39.132000000000005,13.83272002453231,1.0
166,0,10,0.0,-23.415505995905164,200,0.0,0,0.0,10.050000000000008,509.53599999999733,30.770999999999997,16.558967859348,1.0
166,1,10,0.0,-30.022443389025476,200,0.0,0,0.0,25.0,1123.6000000000033,11.791,95.2930201000766,1.0
166,2,10,1.0,2.4801976848774014,14,0.6422937807696173,7,0.0,0.44999999999999996,39.812,25.571,1.556919948379023,1.0
166,3,10,0.0,-23.13022346811939,200,0.0,0,0.0,10.100000000000009,1144.8799999999965,37.812999999999995,30.277417819268415,1.0
166,4,10,0.0,-12.960294117647063,11,0.0,10,1.0,0.05,1.581,25.721,0.061467283542630535,1.0
166,5,10,0.0,-12.729808947318645,11,0.0,10,1.0,0.1,3.685,10.573,0.34852927267568334,1.0
166,6,10,0.0,-12.870895546484006,14,0.0,10,1.0,0.2,26.852,43.359,0.6192947254318596,1.0
166,7,10,0.0,-24.18638769044089,200,0.0,0,0.0,11.650000000000016,933.8610000000008,59.336,15.738522987730903,1.0
166,8,10,1.0,10.394813329827791,4,0.9354689949887786,0,0.0,0.45,32.527,30.428,1.0689825161035889,1.0
166,9,10,0.0,-32.95362616131585,200,0.0,0,0.0,29.800000000000004,1415.0720000000028,59.522999999999996,23.773532920047764,1.0
167,0,10,1.0,10.024019072714724,8,0.8101761252446186,0,0.0,0.45,39.346999999999994,31.878,1.2342995169082123,1.0
167,1,10,0.0,-12.961647619047618,13,0.0,10,1.0,0.25,16.35,35.7,0.4579831932773109,1.0
167,2,10,0.0,-25.615900236217986,200,0.0,0,0.0,15.000000000000004,460.4830000000008,32.597,14.126545387612381,1.0
167,3,10,0.0,-22.847673081176765,200,0.0,0,0.0,10.000000000000007,876.1880000000018,27.125999999999998,32.30067094300678,1.0
167,4,10,0.0,-25.821503194037795,200,0.0,0,0.0,14.900000000000002,1020.881,45.084,22.64397568982344,1.0
167,5,10,0.0,-25.61428985917494,200,0.0,0,0.0,15.000000000000002,661.6249999999989,28.261999999999997,23.410409737456618,1.0
167,6,10,0.0,-23.286649349718708,200,0.0,0,0.0,10.100000000000009,777.1150000000004,55.821999999999996,13.921303428755696,1.0
167,7,10,1.0,10.825,1,1.0,0,0.0,0.15,4.57,4.57,1.0,1.0
167,8,10,0.0,-12.880599622899124,13,0.0,10,1.0,0.25,18.703000000000003,30.761000000000003,0.6080101427131758,1.0
167,9,10,1.0,10.489269633678184,4,0.9202994011976047,0,0.0,0.25,16.700000000000003,15.369,1.0866029019454748,1.0
168,0,10,0.0,-23.0430405055609,200,0.0,0,0.0,10.000000000000007,714.5999999999975,56.016999999999996,12.75684167306349,1.0
168,1,10,0.0,-12.905888379617146,12,0.0,10,1.0,0.15000000000000002,13.107,37.09,0.3533836613642491,1.0
168,2,10,0.0,-23.08524300276853,200,0.0,0,0.0,10.000000000000007,853.0539999999985,62.489000000000004,13.65126662292561,1.0
168,3,10,0.0,-23.115313556247262,200,0.0,0,0.0,10.050000000000008,519.0790000000011,52.36699999999999,9.912330284339397,1.0
168,4,10,1.0,10.342194514212814,5,0.7397587518801426,0,0.0,0.35,33.907000000000004,25.083,1.3517920503926966,1.0
168,5,10,1.0,10.734853228962818,2,0.40427215189873417,0,0.0,0.15000000000000002,7.584,3.066,2.4735812133072406,1.0
168,6,10,0.0,-23.408420892975652,200,0.0,0,0.0,10.200000000000012,295.1759999999993,52.745000000000005,5.596284007962827,1.0
168,7,10,0.0,-25.288383110195745,200,0.0,0,0.0,14.950000000000003,1548.4339999999954,21.362000000000002,72.48544143806738,1.0
168,8,10,0.0,-23.069959392655424,200,0.0,0,0.0,10.000000000000007,633.9999999999993,45.312,13.991878531073432,1.0
168,9,10,0.0,-12.831063823520752,12,0.0,10,1.0,0.1,14.142,33.953,0.41651694990133414,1.0
169,0,10,0.0,-23.26854447502209,200,0.0,0,0.0,10.15000000000001,885.8410000000019,64.31700000000001,13.773046006499088,1.0
169,1,10,0.0,-25.627638058388964,200,0.0,0,0.0,15.000000000000002,1004.0180000000028,22.744,44.144301793879826,1.0
169,2,10,0.0,-21.926030823182007,200,0.0,0,0.0,10.000000000000007,411.19999999999936,32.508,12.649194044542861,1.0
169,3,10,0.0,-27.326260654511028,200,0.0,0,0.0,19.95000000000003,942.5949999999987,54.788999999999994,17.20409206227525,1.0
169,4,10,0.0,-25.679091657770304,200,0.0,0,0.0,15.100000000000003,949.1179999999987,32.785000000000004,28.94976361140761,1.0
169,5,10,0.0,-25.055046505652573,200,0.0,0,0.0,13.300000000000013,719.1929999999987,38.92,18.478751284686503,1.0
169,6,10,0.0,-22.762813643535797,200,0.0,0,0.0,10.000000000000007,1046.5590000000057,59.574,17.56737838654456,1.0
169,7,10,0.0,-27.342475847205808,200,0.0,0,0.0,19.90000000000003,788.7840000000002,53.824,14.654875148632584,1.0
169,8,10,0.0,-22.97327702054136,200,0.0,0,0.0,10.000000000000007,1019.1570000000002,46.88099999999999,21.739233378127604,1.0
169,9,10,1.0,10.636016684336811,3,1.0,0,0.0,0.15000000000000002,17.921,17.921,1.0,1.0
170,0,10,0.0,-25.66723695466209,200,0.0,0,0.0,15.000000000000002,625.5999999999998,18.704,33.44739093242086,1.0
170,1,10,0.0,-25.449236436190596,200,0.0,0,0.0,15.000000000000004,923.0000000000015,52.12400000000001,17.707773770240223,1.0
170,2,10,0.0,-25.612288937684614,200,0.0,0,0.0,15.000000000000004,889.7999999999972,39.621,22.45778753691217,1.0
170,3,10,0.0,-23.26314592532705,200,0.0,0,0.0,10.000000000000007,613.4980000000028,48.236999999999995,12.71841117814132,1.0
170,4,10,0.0,-13.259997775305898,14,0.0,10,1.0,0.2,48.778999999999996,53.94,0.9043196143863552,1.0
170,5,10,0.0,-13.106916896088096,14,0.0,10,1.0,0.25,34.03,62.476,0.5446891606376849,1.0
170,6,10,0.0,-23.486381527488664,200,0.0,0,0.0,10.15000000000001,311.5499999999993,75.43099999999998,4.130264745263875,1.0
170,7,10,1.0,9.830126784528552,9,0.745521487577736,0,0.0,0.6500000000000001,64.642,48.19200000000001,1.3413429614873835,1.0
170,8,10,0.0,-28.131903482913078,200,0.0,0,0.0,20.00000000000003,943.0169999999987,45.795,20.59213887979034,1.0
170,9,10,0.0,-24.972298419821406,200,0.0,0,0.0,13.300000000000013,719.337999999998,41.894000000000005,17.17043013319325,1.0
171,0,10,0.0,-23.26825362160592,200,0.0,0,0.0,10.000000000000007,634.5149999999993,13.737,46.19021620441139,1.0
171,1,10,0.0,-25.630312612648716,200,0.0,0,0.0,14.850000000000003,787.1220000000017,74.901,10.508831657788303,1.0
171,2,10,0.0,-23.051337439878534,200,0.0,0,0.0,10.000000000000007,614.6729999999991,59.255,10.373352459708025,1.0
171,3,10,0.0,-23.0826065807303,200,0.0,0,0.0,10.000000000000007,898.4639999999976,57.562,15.60863069386049,1.0
171,4,10,1.0,9.916129090255303,8,0.6896233007957799,0,0.0,0.6499999999999999,44.359,30.591,1.4500670131738094,1.0
171,5,10,1.0,9.673450665676135,10,0.8296595461696917,0,0.0,0.75,61.653,51.151,1.2053136791069576,1.0
171,6,10,1.0,10.633387736223073,3,0.6324807756603142,0,0.0,0.15000000000000002,11.964,7.567,1.5810757235364081,1.0
171,7,10,1.0,10.37143219398806,5,0.9631118347410198,0,0.0,0.3,19.654,18.929000000000002,1.0383010195995561,1.0
171,8,10,1.0,10.080209135117396,7,0.9707492252888876,0,0.0,0.49999999999999994,34.528999999999996,33.519,1.0301321638473702,1.0
171,9,10,1.0,10.438629139072848,4,1.0,0,0.0,0.35000000000000003,15.855000000000002,15.855000000000002,1.0,1.0
172,0,10,0.0,-27.337962760795687,200,0.0,0,0.0,17.550000000000033,869.3569999999986,16.488,52.726649684619034,1.0
172,1,10,0.0,-23.437585570004074,200,0.0,0,0.0,10.050000000000008,768.8610000000034,46.833,16.417077701620727,1.0
172,2,10,0.0,-25.463389517376154,200,0.0,0,0.0,14.950000000000003,1351.1039999999982,61.43499999999999,21.992414747293864,1.0
172,3,10,0.0,-25.43242071732432,200,0.0,0,0.0,15.000000000000002,753.6,49.601,15.193242071732426,1.0
172,4,10,0.0,-13.398051133222774,17,0.0,10,1.0,0.39999999999999997,30.067999999999998,36.18,0.8310668877833056,1.0
172,5,10,1.0,10.755145691688636,2,1.0,0,0.0,0.1,14.414,14.414,1.0,1.0
172,6,10,0.0,-12.809634363418832,11,0.0,10,1.0,0.05,15.815,68.538,0.23074790627097377,1.0
172,7,10,0.0,-13.784731521330983,17,0.0,10,1.0,0.5,38.349000000000004,34.620999999999995,1.107680309638659,1.0
172,8,10,0.0,-12.721023271198973,11,0.0,10,1.0,0.05,8.488,25.696999999999996,0.3303109312371094,1.0
172,9,10,1.0,10.244100834649222,5,1.0,0,0.0,0.55,22.165,22.165,1.0,1.0
173,0,10,1.0,9.58820155288064,11,0.5110469347984317,0,0.0,0.7500000000000001,85.18199999999999,43.532,1.956767435449784,1.0
173,1,10,0.0,-13.431148887832196,19,0.0,10,1.0,0.75,45.412,56.781000000000006,0.799774572480231,1.0
173,2,10,1.0,10.370990635546892,5,0.9750185391175379,0,0.0,0.3,21.576,21.037,1.0256215239815565,1.0
173,3,10,1.0,10.85,1,1.0,0,0.0,0.1,5.955,5.955,1.0,1.0
173,4,10,0.0,-25.245242020080898,200,0.0,0,0.0,15.000000000000004,900.2929999999959,13.346,67.45789000449543,1.0
173,5,10,0.0,-23.080341045673094,200,0.0,0,0.0,10.000000000000007,633.5279999999992,26.624,23.79537259615382,1.0
173,6,10,0.0,-25.55683087161168,200,0.0,0,0.0,14.950000000000003,774.3450000000023,49.288,15.710619217659518,1.0
173,7,10,1.0,10.585355881267464,3,1.0,0,0.0,0.25,18.967,18.967,1.0,1.0
173,8,10,1.0,10.345494527264623,5,0.9921379784777162,0,0.0,0.35000000000000003,40.702,40.382000000000005,1.0079243227180426,1.0
173,9,10,1.0,9.911169779099874,8,0.9431599729828024,0,0.0,0.65,38.49400000000001,36.306000000000004,1.0602655208505483,1.0
174,0,10,1.0,10.368308831458252,5,0.9991022049845577,0,0.0,0.3,27.846000000000004,27.820999999999998,1.0008986017756374,1.0
174,1,10,0.0,-25.753383768601815,200,0.0,0,0.0,15.000000000000002,908.7709999999979,44.149,20.584180842148132,1.0
174,2,10,0.0,-25.298085546740335,200,0.0,0,0.0,15.000000000000002,1010.7999999999962,46.384,21.79199724042765,1.0
174,3,10,0.0,-28.150880585125755,200,0.0,0,0.0,19.90000000000003,1243.7320000000025,41.42700000000001,30.02225601660758,1.0
174,4,10,1.0,9.480343304578083,12,0.6702579034941764,0,0.0,0.75,72.12,48.339000000000006,1.4919630112331657,1.0
174,5,10,1.0,10.58353891022905,3,0.9801524588639956,0,0.0,0.25,21.514,21.087,1.020249442784654,1.0
174,6,10,0.0,-28.360654793393184,200,0.0,0,0.0,19.90000000000003,946.4419999999986,68.05199999999999,13.907629459824822,1.0
174,7,10,1.0,10.637563265306122,3,0.9459459459459459,0,0.0,0.15000000000000002,16.835,15.925,1.0571428571428572,1.0
174,8,10,1.0,9.553918818272097,11,0.7991112169186207,0,0.0,0.8000000000000003,50.406000000000006,40.28,1.2513902681231381,1.0
174,9,10,0.0,-25.87114122084088,200,0.0,0,0.0,15.000000000000004,473.16299999999984,14.318,33.04672440284955,1.0
175,0,10,0.0,-23.515933959796346,200,0.0,0,0.0,10.100000000000009,862.5959999999967,49.69700000000002,17.357104050546237,1.0
175,1,10,0.0,-13.398976605108551,18,0.0,10,1.0,0.49999999999999994,37.144,47.489000000000004,0.7821600791762302,1.0
175,2,10,0.0,-23.064098894414887,200,0.0,0,0.0,10.000000000000007,963.7580000000034,55.898,17.24136820637596,1.0
175,3,10,0.0,-25.757893690698744,200,0.0,0,0.0,15.050000000000002,692.1240000000037,72.19500000000001,9.586868896738052,1.0
175,4,10,0.0,-22.96265970178217,200,0.0,0,0.0,10.000000000000007,411.19999999999936,30.916999999999998,13.300126144192495,1.0
175,5,10,1.0,9.015443565989234,15,0.6270663199355201,0,0.0,1.1000000000000003,65.757,41.233999999999995,1.5947276519377216,1.0
175,6,10,1.0,9.84882231090261,9,0.6911674913148754,0,0.0,0.6,47.495,32.827000000000005,1.446827306790142,1.0
175,7,10,0.0,-22.957393932609442,200,0.0,0,0.0,10.000000000000007,659.6000000000003,44.665,14.767715213254231,1.0
175,8,10,1.0,10.756654996148729,2,1.0,0,0.0,0.1,14.280999999999999,14.280999999999999,1.0,1.0
175,9,10,0.0,-13.748000793808298,18,0.0,10,1.0,0.6000000000000001,41.968999999999994,25.195,1.6657670172653303,1.0
176,0,10,1.0,10.075394350230201,7,0.9033963841571744,0,0.0,0.5,47.84499999999999,43.223,1.1069338083890519,1.0
176,1,10,1.0,10.197776900049892,6,0.9312013628092455,0,0.0,0.45,25.829,24.052000000000003,1.0738815898885747,1.0
176,2,10,1.0,9.656852053063803,10,0.679936086866882,0,0.0,0.8,58.204,39.575,1.4707264687302588,1.0
176,3,10,0.0,-23.131298981562168,200,0.0,0,0.0,10.000000000000007,573.1700000000017,26.413,21.700299095142608,1.0
176,4,10,1.0,10.003073375479325,7,0.9130393641180925,0,0.0,0.6500000000000001,42.27199999999999,38.596,1.095243030365841,1.0
176,5,10,0.0,-12.719434400743662,12,0.0,10,1.0,0.15000000000000002,15.325,31.197,0.49123313139083885,1.0
176,6,10,0.0,-12.719631076616498,12,0.0,10,1.0,0.15000000000000002,18.752000000000002,38.138000000000005,0.491688080130054,1.0
176,7,10,0.0,-23.13695526829724,200,0.0,0,0.0,10.000000000000007,543.9030000000021,10.753,50.58151213614824,1.0
176,8,10,0.0,-23.232123289619604,200,0.0,0,0.0,10.000000000000007,638.0149999999992,35.153,18.149660057463066,1.0
176,9,10,1.0,9.53045472359938,11,0.7986321950608783,0,0.0,0.8500000000000001,63.898,51.031000000000006,1.252140855558386,1.0
177,0,10,0.0,-23.30860981923485,200,0.0,0,0.0,10.050000000000008,3173.7719999999895,45.584,69.62469287469264,1.0
177,1,10,0.0,-25.927185429823982,200,0.0,0,0.0,14.900000000000002,741.4279999999968,51.77700000000001,14.31963999459213,1.0
177,2,10,0.0,-25.49524810564621,200,0.0,0,0.0,15.000000000000004,890.7070000000001,50.281,17.714584037708082,1.0
177,3,10,0.0,-25.57384990577549,200,0.0,0,0.0,15.000000000000004,736.5999999999988,45.105000000000004,16.330783726859522,1.0
177,4,10,1.0,10.517688770212136,4,0.9375521557719055,0,0.0,0.2,14.379999999999999,13.482000000000001,1.0666073282895712,1.0
177,5,10,1.0,10.632957711850516,3,1.0,0,0.0,0.15000000000000002,18.303,18.303,1.0,1.0
177,6,10,0.0,-23.06769065595345,200,0.0,0,0.0,10.000000000000007,760.3770000000011,57.748000000000005,13.167157304149079,1.0
177,7,10,1.0,10.6365234670704,3,0.8842774663208101,0,0.0,0.15000000000000002,11.951,10.568000000000001,1.1308667676003028,1.0
177,8,10,1.0,10.75559309252696,2,1.0,0,0.0,0.1,13.261,13.261,1.0,1.0
177,9,10,1.0,10.36647435897436,5,0.9456568249893025,0,0.0,0.3,28.044,26.52,1.0574660633484163,1.0
178,0,10,0.0,-25.947922398394088,200,0.0,0,0.0,15.000000000000002,744.758999999998,54.303000000000004,13.714877631070069,1.0
178,1,10,0.0,-23.06559049615647,200,0.0,0,0.0,10.000000000000007,524.4810000000018,71.55000000000001,7.330272536687655,1.0
178,2,10,1.0,10.413107338195077,4,1.0,0,0.0,0.39999999999999997,17.552,17.552,1.0,1.0
178,3,10,1.0,10.467795994659545,4,0.6466931445346228,0,0.0,0.3,28.955,18.725,1.5463284379172229,1.0
178,4,10,0.0,-30.50639625136559,200,0.0,0,0.0,25.0,622.600000000002,69.572,8.949002472258982,1.0
178,5,10,0.0,-24.669988981217507,200,0.0,0,0.0,13.350000000000012,1261.2160000000035,49.461000000000006,25.499201390994994,1.0
178,6,10,1.0,10.219160840698237,6,0.9097381947638953,0,0.0,0.39999999999999997,49.998999999999995,45.486,1.099217341599613,1.0
178,7,10,0.0,-25.683720178122787,200,0.0,0,0.0,15.000000000000004,966.5650000000041,40.197,24.045699927855413,1.0
178,8,10,1.0,10.248966821430434,6,0.7925004134281463,0,0.0,0.35,24.188,19.169,1.2618289947310761,1.0
178,9,10,1.0,10.173801743291746,6,0.8804321656434333,0,0.0,0.5,33.228,29.255000000000003,1.1358058451546744,1.0
179,0,10,0.0,-23.03918849180755,200,0.0,0,0.0,10.000000000000007,486.00000000000114,62.007999999999996,7.837698361501761,1.0
179,1,10,1.0,10.46490444845525,4,0.9518467990500733,0,0.0,0.3,19.791,18.838,1.0505892345259582,1.0
179,2,10,0.0,-28.05414617408211,200,0.0,0,0.0,20.00000000000003,578.8000000000009,43.714999999999996,13.240306530939058,1.0
179,3,10,0.0,-28.231833852047004,200,0.0,0,0.0,19.900000000000013,1303.317999999998,37.593,34.669167132178806,1.0
179,4,10,0.0,-23.32242557407037,200,0.0,0,0.0,10.000000000000007,688.2740000000031,39.368,17.483082706766993,1.0
179,5,10,1.0,10.12993577372101,7,0.935921352639839,0,0.0,0.39999999999999997,33.771,31.607000000000003,1.0684658461733159,1.0
179,6,10,0.0,-12.60530227001195,11,0.0,10,1.0,0.05,11.559,25.11,0.4603345280764635,1.0
179,7,10,0.0,-12.912628696963736,11,0.0,10,1.0,0.05,5.262,45.747,0.11502393599580299,1.0
179,8,10,1.0,9.810900714933037,8,0.9296730557700859,0,0.0,0.8500000000000001,42.729000000000006,39.724000000000004,1.0756469640519586,1.0
179,9,10,1.0,9.644034746111075,10,0.8551368152300605,0,0.0,0.8,54.050999999999995,46.221,1.1694035178814823,1.0
180,0,10,0.0,-33.017495128725926,200,0.0,0,0.0,30.000000000000007,843.5999999999977,48.242000000000004,17.486837195804437,1.0
180,1,10,0.0,-26.0021723030418,200,0.0,0,0.0,15.000000000000002,1009.6170000000028,26.465000000000003,38.149140374079074,1.0
180,2,10,0.0,-27.634387888780974,200,0.0,0,0.0,19.950000000000017,1325.8829999999987,44.272999999999996,29.947891491428155,1.0
180,3,10,1.0,9.522804824151354,11,0.8666617560400705,0,0.0,0.8500000000000002,67.88000000000001,58.82899999999999,1.1538526916996723,1.0
180,4,10,1.0,9.908895150324822,8,0.6811773181022949,0,0.0,0.6499999999999999,48.585,33.095,1.4680465327088685,1.0
180,5,10,1.0,10.635211588739589,3,1.0,0,0.0,0.15000000000000002,16.447,16.447,1.0,1.0
180,6,10,1.0,10.464922547332186,4,0.9408342579542388,0,0.0,0.3,33.347,31.374000000000002,1.0628864665009243,1.0
180,7,10,0.0,-23.29835775753436,200,0.0,0,0.0,10.100000000000009,808.9490000000018,55.546,14.563586936953188,1.0
180,8,10,1.0,9.285644769604378,13,0.44350374914792096,0,0.0,1.0,73.35,32.531,2.254772370969229,1.0
180,9,10,0.0,-25.440977687999354,200,0.0,0,0.0,15.000000000000002,967.1269999999975,54.455,17.760113855476952,1.0
181,0,10,0.0,-12.9,10,0.0,10,1.0,0.0,0.0,37.771,0.0,1.0
181,1,10,0.0,-12.784604955713741,11,0.0,10,1.0,0.05,5.142,18.403,0.27941096560343426,1.0
181,2,10,0.0,-13.01089546899841,11,0.0,10,1.0,0.05,4.163,25.16,0.1654610492845787,1.0
181,3,10,0.0,-28.38452900968342,200,0.0,0,0.0,19.75000000000003,823.8550000000034,61.44500000000001,13.408007160875634,1.0
181,4,10,1.0,9.565282479617158,11,0.6872525732383215,0,0.0,0.8,65.676,45.136,1.455069124423963,1.0
181,5,10,1.0,3.303164418244342,15,0.5701021155586196,6,0.0,0.6000000000000001,46.418,26.463,1.7540717227827531,1.0
181,6,10,0.0,-12.9,10,0.0,10,1.0,0.0,0.0,25.321,0.0,1.0
181,7,10,0.0,-24.857663853078535,200,0.0,0,0.0,12.600000000000016,778.9510000000025,49.876999999999995,15.617438899693298,1.0
181,8,10,0.0,-12.878916522445142,11,0.0,10,1.0,0.1,8.471,46.80299999999999,0.1809926714099524,1.0
181,9,10,0.0,-12.958248358709316,11,0.0,10,1.0,0.05,5.137,42.95399999999999,0.11959305303347768,1.0
182,0,10,0.0,-23.042349811940152,200,0.0,0,0.0,10.000000000000007,678.5999999999993,48.123000000000005,14.101365251542907,1.0
182,1,10,0.0,-13.474427847467702,13,0.0,10,1.0,0.25,23.145,31.967,0.7240279037757688,1.0
182,2,10,0.0,-13.079612651030562,13,0.0,10,1.0,0.15000000000000002,11.766,42.20999999999999,0.2787491115849326,1.0
182,3,10,0.0,-13.514071374019299,15,0.0,10,1.0,0.3,17.678,43.208999999999996,0.4091277280196256,1.0
182,4,10,0.0,-23.014331618270386,200,0.0,0,0.0,10.000000000000007,724.399999999999,50.72699999999999,14.280363514499165,1.0
182,5,10,1.0,10.075609423380898,7,0.8537703584567319,0,0.0,0.5,54.092999999999996,46.18299999999999,1.171275144533703,1.0
182,6,10,0.0,-13.171500454377165,15,0.0,10,1.0,0.35000000000000003,30.825000000000003,59.422,0.5187472653226078,1.0
182,7,10,1.0,9.904236978464672,9,0.5547856430707877,0,0.0,0.49999999999999994,60.17999999999999,33.387,1.8024979782550092,1.0
182,8,10,0.0,-25.801612980338334,200,0.0,0,0.0,14.950000000000003,712.9600000000019,33.466,21.304010040040694,1.0
182,9,10,1.0,9.25226034526074,13,0.7559860540203219,0,0.0,1.0499999999999998,73.71300000000001,55.726,1.3227757240785272,1.0
183,0,10,0.0,-23.09399831690697,200,0.0,0,0.0,10.000000000000007,665.6789999999984,61.79100000000001,10.773073748604137,1.0
183,1,10,0.0,-22.032035206791203,26,0.0,18,1.0,0.75,54.096,48.769000000000005,1.10922922348213,1.0
183,2,10,0.0,-28.231034623703525,200,0.0,0,0.0,19.80000000000003,817.7860000000034,58.717,13.92758485617459,1.0
183,3,10,0.0,-23.04469187482844,200,0.0,0,0.0,10.000000000000007,329.95999999999987,58.288,5.660856437002469,1.0
183,4,10,1.0,10.705428679817906,2,1.0,0,0.0,0.2,10.544,10.544,1.0,1.0
183,5,10,0.0,-13.351614112773632,15,0.0,10,1.0,0.3,39.754999999999995,28.003,1.4196693211441629,1.0
183,6,10,0.0,-25.581094483282335,200,0.0,0,0.0,15.050000000000002,1714.7119999999964,51.353,33.390687983175205,1.0
183,7,10,0.0,-23.47465253756007,200,0.0,0,0.0,10.050000000000008,994.532000000005,38.738,25.673292374412853,1.0
183,8,10,0.0,-13.2944568037104,15,0.0,10,1.0,0.35000000000000003,27.253,12.721,2.142363021775018,1.0
183,9,10,0.0,-23.795394624364082,200,0.0,0,0.0,10.150000000000011,569.6289999999977,71.35900000000001,7.982581033927012,1.0
184,0,10,0.0,-28.239888368205815,200,0.0,0,0.0,20.05000000000003,584.1980000000009,67.006,8.718592364862861,1.0
184,1,10,0.0,-23.442865582578513,200,0.0,0,0.0,10.050000000000008,1073.1550000000025,42.062999999999995,25.51303996386379,1.0
184,2,10,0.0,-22.987373575789203,200,0.0,0,0.0,10.000000000000007,877.331000000002,30.631,28.641931376709934,1.0
184,3,10,0.0,-22.802940204238205,200,0.0,0,0.0,10.000000000000007,1047.5159999999976,50.82300000000001,20.611061920783847,1.0
184,4,10,0.0,-23.389070415249062,200,0.0,0,0.0,10.100000000000009,931.8769999999993,50.259,18.541495055611914,1.0
184,5,10,0.0,-26.125043445218484,200,0.0,0,0.0,15.000000000000002,624.3479999999992,39.475,15.816288790373632,1.0
184,6,10,1.0,10.516189759036145,4,1.0,0,0.0,0.2,24.568,24.568,1.0,1.0
184,7,10,1.0,10.010286295448767,8,0.9457737164843092,0,0.0,0.44999999999999996,41.585,39.33,1.0573353674040173,1.0
184,8,10,1.0,9.353527910958903,12,0.852741476235672,0,0.0,1.0,68.485,58.4,1.1726883561643835,1.0
184,9,10,0.0,-23.083160437769152,200,0.0,0,0.0,10.000000000000007,793.4850000000039,17.178,46.19193154034252,1.0
185,0,10,0.0,-32.46404281294065,200,0.0,8,0.0,12.80000000000001,587.4699999999996,47.509,12.36544654697004,1.0
185,1,10,0.0,-22.857509005264582,200,0.0,0,0.0,10.000000000000007,278.73399999999936,28.872,9.654128567470192,1.0
185,2,10,0.0,-12.935991338141816,12,0.0,10,1.0,0.15000000000000002,7.521,30.362999999999996,0.24770279616638674,1.0
185,3,10,0.0,-23.0581060023231,200,0.0,0,0.0,10.050000000000008,969.1920000000033,66.29100000000001,14.620265194370324,1.0
185,4,10,1.0,9.818837306091563,9,0.9388765215743854,0,0.0,0.65,42.226,39.644999999999996,1.065102787236726,1.0
185,5,10,0.0,-13.103710628263428,11,0.0,10,1.0,0.1,2.135,29.685000000000002,0.0719218460501937,1.0
185,6,10,1.0,10.207547502875958,6,0.5854797129386626,0,0.0,0.45,43.057,25.209,1.7080011107144275,1.0
185,7,10,0.0,-12.723987070324819,12,0.0,10,1.0,0.15000000000000002,8.64,15.855,0.5449385052034059,1.0
185,8,10,0.0,-12.880531998738967,11,0.0,10,1.0,0.05,5.751,38.064,0.1510876418663304,1.0
185,9,10,0.0,-26.33110923279205,200,0.0,0,0.0,16.699999999999996,808.9670000000029,58.563,13.813619520857928,1.0
186,0,10,0.0,-25.582913572553633,200,0.0,0,0.0,15.000000000000004,957.9999999999975,57.771,16.58271451074064,1.0
186,1,10,0.0,-23.045965270684384,200,0.0,0,0.0,10.000000000000007,486.00000000000114,52.866,9.193054136874384,1.0
186,2,10,0.0,-23.040355780213343,200,0.0,0,0.0,10.000000000000007,1146.0969999999966,41.149,27.85236579260727,1.0
186,3,10,1.0,10.107240536998054,7,0.9180979469788133,0,0.0,0.45,27.423000000000002,25.177,1.0892084044961672,1.0
186,4,10,1.0,10.524923828686404,4,0.41742156098146266,0,0.0,0.2,33.337999999999994,13.916,2.3956596723196317,1.0
186,5,10,0.0,-23.67143239530871,200,0.0,0,0.0,10.200000000000012,654.5050000000022,28.393,23.051632444616708,1.0
186,6,10,0.0,-24.640144271043383,200,0.0,0,0.0,12.600000000000016,772.2500000000024,32.231,23.959852316093276,1.0
186,7,10,0.0,-23.357655682522825,200,0.0,0,0.0,10.050000000000008,950.2999999999993,33.867,28.05976319130715,1.0
186,8,10,1.0,9.425286134417437,12,0.8392253081490728,0,0.0,0.8500000000000002,68.87900000000002,57.805,1.191575123259234,1.0
186,9,10,0.0,-27.87676275043496,200,0.0,0,0.0,19.80000000000003,1163.693999999998,44.822,25.962563027084865,1.0
187,0,10,1.0,9.959202105006996,8,0.7075459515302828,0,0.0,0.55,46.461999999999996,32.873999999999995,1.4133357668674333,1.0
187,1,10,1.0,10.12172967261991,7,0.6739168601135321,0,0.0,0.45,51.263000000000005,34.547000000000004,1.4838625640431875,1.0
187,2,10,1.0,10.20465254173276,6,0.5717926015505215,0,0.0,0.45,46.307,26.477999999999998,1.7488858675126522,1.0
187,3,10,0.0,-24.89993125963168,200,0.0,0,0.0,13.350000000000012,744.0589999999993,49.316,15.087578067969812,1.0
187,4,10,0.0,-13.34081384055038,17,0.0,10,1.0,0.44999999999999996,27.548,24.71,1.1148522865236745,1.0
187,5,10,0.0,-25.595360490173213,200,0.0,0,0.0,15.000000000000002,734.6000000000003,38.517,19.072098034634063,1.0
187,6,10,0.0,-13.308635389113189,17,0.0,10,1.0,0.6000000000000001,31.098,35.915,0.8658777669497424,1.0
187,7,10,0.0,-23.360924753027383,200,0.0,0,0.0,10.050000000000008,597.0199999999995,50.208,11.890933715742502,1.0
187,8,10,1.0,10.12793032303702,6,0.8462536166816322,0,0.0,0.6000000000000001,40.092,33.928,1.1816788493279888,1.0
187,9,10,1.0,9.606990684417253,11,0.79721229251531,0,0.0,0.7000000000000001,72.174,57.53799999999999,1.254371024366506,1.0
188,0,10,1.0,10.467969773073818,4,0.7566595405341207,0,0.0,0.3,29.469,22.298000000000002,1.3215983496277692,1.0
188,1,10,1.0,9.810646889608055,8,0.72,0,0.0,0.8500000000000001,38.62500000000001,27.810000000000002,1.388888888888889,1.0
188,2,10,0.0,-25.630972282561473,200,0.0,0,0.0,15.000000000000004,939.041999999997,23.018,40.795985750282256,1.0
188,3,10,1.0,10.053405804111245,6,0.5238951956213258,0,0.0,0.75,39.464,20.675,1.9087787182587665,1.0
188,4,10,1.0,9.734266570270341,9,0.8982095644510414,0,0.0,0.8000000000000002,43.117999999999995,38.729,1.1133259314725399,1.0
188,5,10,0.0,-12.922160544684747,11,0.0,10,1.0,0.05,4.558,43.69499999999999,0.10431399473623985,1.0
188,6,10,1.0,10.752689856028134,2,1.0,0,0.0,0.1,18.198,18.198,1.0,1.0
188,7,10,0.0,-28.294908956171938,200,0.0,0,0.0,19.85000000000003,1037.9500000000032,66.122,15.697498563261899,1.0
188,8,10,0.0,-13.098538931297709,11,0.0,10,1.0,0.05,4.708,36.025,0.13068702290076337,1.0
188,9,10,0.0,-13.103031476392704,11,0.0,10,1.0,0.1,3.27,40.03,0.08168873344991257,1.0
189,0,10,0.0,-23.685132667240136,200,0.0,0,0.0,10.000000000000007,670.8729999999997,60.452,11.097614636405739,1.0
189,1,10,0.0,-23.176795975298653,200,0.0,0,0.0,10.000000000000007,596.4549999999995,41.941,14.22128704608854,1.0
189,2,10,0.0,-23.335086702536472,200,0.0,0,0.0,10.050000000000008,879.5909999999992,32.525,27.043535741737102,1.0
189,3,10,1.0,9.889243648170243,8,0.8328365016533906,0,0.0,0.7,61.38900000000001,51.127,1.200715864416062,1.0
189,4,10,1.0,10.346942041952481,5,0.7026404023470245,0,0.0,0.35,28.631999999999994,20.118000000000002,1.4232031016999698,1.0
189,5,10,0.0,-23.06409327695041,200,0.0,0,0.0,10.000000000000007,821.3630000000011,32.634,25.168934240362844,1.0
189,6,10,1.0,10.012946815996248,8,0.9275031272094414,0,0.0,0.44999999999999996,36.774,34.108,1.0781634807083385,1.0
189,7,10,0.0,-28.495497507780843,200,0.0,0,0.0,19.85000000000003,962.8699999999995,42.73299999999999,22.532235040834948,1.0
189,8,10,0.0,-25.926381648606725,200,0.0,0,0.0,14.950000000000003,943.2299999999968,44.389,21.249183356236834,1.0
189,9,10,0.0,-23.204851908280588,200,0.0,0,0.0,10.050000000000008,714.4909999999975,65.635,10.885823112668506,1.0
190,0,10,1.0,9.715035760498765,10,0.874192752252067,0,0.0,0.65,48.62199999999999,42.504999999999995,1.1439124808846017,1.0
190,1,10,0.0,-13.617627257659379,16,0.0,10,1.0,0.5,25.224,58.523,0.4310100302445192,1.0
190,2,10,0.0,-13.819899034439093,16,0.0,10,1.0,0.65,20.201,44.223,0.4567984985188703,1.0
190,3,10,1.0,10.256191821955312,6,0.7340442773329876,0,0.0,0.35,30.850999999999996,22.645999999999997,1.3623156407312549,1.0
190,4,10,0.0,-23.61154494489877,200,0.0,0,0.0,10.050000000000008,686.2730000000014,52.086,13.17576700072959,1.0
190,5,10,1.0,10.491566792269357,4,0.9887032808556665,0,0.0,0.25,16.642,16.454,1.011425793120214,1.0
190,6,10,0.0,-23.172083820422895,200,0.0,0,0.0,10.050000000000008,911.0939999999986,48.759,18.685658032363225,1.0
190,7,10,1.0,9.966230948102737,8,0.9580759493670887,0,0.0,0.55,49.37499999999999,47.305,1.0437585878871154,1.0
190,8,10,1.0,10.48564750228986,4,1.0,0,0.0,0.25,28.386000000000003,28.386000000000003,1.0,1.0
190,9,10,0.0,-23.208131636363657,200,0.0,0,0.0,10.050000000000008,949.0259999999992,55.0,17.255018181818166,1.0
191,0,10,0.0,-23.072729115514203,200,0.0,0,0.0,10.050000000000008,773.8229999999992,35.026,22.09281676468906,1.0
191,1,10,0.0,-28.078648120904123,200,0.0,0,0.0,20.00000000000003,715.6170000000004,37.385,19.141821586197686,1.0
191,2,10,0.0,-13.403958254945836,14,0.0,10,1.0,0.2,16.275,50.49700000000001,0.3222963740420222,1.0
191,3,10,0.0,-13.239722338046318,16,0.0,10,1.0,0.55,31.695,52.762,0.6007164246995944,1.0
191,4,10,0.0,-13.423941730316566,16,0.0,10,1.0,0.35000000000000003,27.628,62.451,0.44239483755264125,1.0
191,5,10,0.0,-13.164005584608434,14,0.0,10,1.0,0.4,20.951,61.955999999999996,0.3381593388856608,1.0
191,6,10,0.0,-25.132221104179227,200,0.0,0,0.0,13.300000000000013,724.9939999999988,44.721000000000004,16.211489009637504,1.0
191,7,10,0.0,-25.658938797206954,200,0.0,0,0.0,15.000000000000002,1604.7679999999993,41.387,38.774687703868345,1.0
191,8,10,0.0,-23.561777077681537,200,0.0,0,0.0,10.000000000000007,890.150999999999,34.281,25.966307867331732,1.0
191,9,10,0.0,-23.703134046570174,200,0.0,0,0.0,10.20000000000001,673.9630000000013,55.615,12.118367346938799,1.0
192,0,10,0.0,-13.053071424280654,14,0.0,10,1.0,0.25,20.931,33.294,0.62867183276266,1.0
192,1,10,0.0,-26.07587840315332,200,0.0,0,0.0,15.100000000000003,1124.5879999999997,43.635999999999996,25.7720231001925,1.0
192,2,10,1.0,9.880006932845934,8,0.8692543691447981,0,0.0,0.7000000000000001,36.506,31.733,1.1504112438155862,1.0
192,3,10,1.0,10.343940918411139,5,1.0,0,0.0,0.35,20.971,20.971,1.0,1.0
192,4,10,0.0,-27.960509930084097,200,0.0,0,0.0,19.70000000000003,717.2910000000005,39.47599999999999,18.17030600871417,1.0
192,5,10,0.0,-12.877844401590938,14,0.0,10,1.0,0.25,31.191000000000003,49.782000000000004,0.6265517656984452,1.0
192,6,10,0.0,-22.959208343025537,200,0.0,0,0.0,10.000000000000007,857.7369999999994,51.588,16.62667674653019,1.0
192,7,10,1.0,9.862432563814172,9,0.9415238266176076,0,0.0,0.5499999999999999,55.714999999999996,52.457,1.0621080122767217,1.0
192,8,10,0.0,-23.415714961561218,200,0.0,0,0.0,10.000000000000007,883.8959999999979,25.365000000000002,34.84707273802475,1.0
192,9,10,0.0,-22.918588741949016,200,0.0,0,0.0,10.000000000000007,786.7100000000014,52.477999999999994,14.99123442204355,1.0
193,0,10,0.0,-25.761403656112652,200,0.0,0,0.0,14.900000000000002,902.4359999999967,35.721000000000004,25.26345846980758,1.0
193,1,10,0.0,-25.153519179799655,200,0.0,0,0.0,14.300000000000034,1028.4249999999993,63.009,16.32187465282736,1.0
193,2,10,0.0,-13.4295154664841,14,0.0,10,1.0,0.44999999999999996,14.52,64.268,0.2259289226364598,1.0
193,3,10,0.0,-28.01618122771267,200,0.0,0,0.0,19.950000000000017,1681.0490000000013,62.816,26.76147796739686,1.0
193,4,10,1.0,9.716465133531157,10,0.8082019305713771,0,0.0,0.65,50.037,40.44,1.2373145400593473,1.0
193,5,10,0.0,-25.380381799647964,200,0.0,0,0.0,15.000000000000004,1345.1270000000015,53.955,24.93053470484666,1.0
193,6,10,1.0,10.322583831341301,5,0.5934829191399226,0,0.0,0.39999999999999997,40.601,24.095999999999997,1.6849684594953522,1.0
193,7,10,0.0,-13.301218632080335,14,0.0,10,1.0,0.2,18.106,48.497,0.37334268099057677,1.0
193,8,10,0.0,-23.547388316997562,200,0.0,0,0.0,10.050000000000008,642.9919999999992,40.606,15.834901246121241,1.0
193,9,10,1.0,10.050923303365423,6,0.868054836147657,0,0.0,0.75,28.959,25.137999999999998,1.152000954729891,1.0
194,0,10,1.0,10.638911840185177,3,0.8623188405797102,0,0.0,0.15000000000000002,23.046,19.873,1.1596638655462184,1.0
194,1,10,1.0,10.133280527532577,7,0.9939938371546457,0,0.0,0.39999999999999997,38.294,38.064,1.0060424548129465,1.0
194,2,10,1.0,10.611115654205607,3,0.9073288915808602,0,0.0,0.2,13.208,11.984000000000002,1.1021361815754338,1.0
194,3,10,0.0,-25.69919799171917,200,0.0,0,0.0,15.000000000000004,706.1919999999997,30.673000000000002,23.02324519936099,1.0
194,4,10,0.0,-13.16202033075715,14,0.0,10,1.0,0.35,21.05,49.039,0.4292501886253798,1.0
194,5,10,0.0,-25.04839978448277,200,0.0,0,0.0,13.350000000000012,591.8409999999991,59.391999999999996,9.964995285560331,1.0
194,6,10,0.0,-13.235269275370138,15,0.0,10,1.0,0.7000000000000001,27.175,37.081,0.7328551009951187,1.0
194,7,10,0.0,-13.409604783692703,15,0.0,10,1.0,0.35000000000000003,25.037,36.499,0.6859639990136716,1.0
194,8,10,0.0,-12.873293440387819,14,0.0,10,1.0,0.45,51.38099999999999,66.00999999999999,0.7783820633237388,1.0
194,9,10,0.0,-25.680849108217583,200,0.0,0,0.0,15.000000000000004,439.0739999999989,27.417,16.014662435715024,1.0
195,0,10,1.0,10.343763107993878,5,1.0,0,0.0,0.35,43.77100000000001,43.77100000000001,1.0,1.0
195,1,10,0.0,-12.815568011343785,11,0.0,10,1.0,0.05,10.904,48.661,0.22408088613057683,1.0
195,2,10,0.0,-23.310400417738634,200,0.0,0,0.0,10.000000000000007,897.5069999999976,39.259,22.86117832853607,1.0
195,3,10,0.0,-24.155770380705615,200,0.0,0,0.0,12.000000000000016,714.0400000000028,40.136,17.790512258321776,1.0
195,4,10,1.0,10.416531199550784,4,0.8328656611715188,0,0.0,0.4,17.105999999999998,14.247,1.2006738260686458,1.0
195,5,10,0.0,-25.63090162640139,200,0.0,0,0.0,15.000000000000004,537.360999999999,31.665,16.970187904626528,1.0
195,6,10,1.0,9.474053050622548,12,0.7175648298217181,0,0.0,0.7500000000000001,49.36,35.419000000000004,1.3936023038482168,1.0
195,7,10,0.0,-23.145524004568554,200,0.0,0,0.0,10.000000000000007,540.596999999998,25.391,21.290890473002168,1.0
195,8,10,0.0,-12.852459430868507,11,0.0,10,1.0,0.05,16.037,47.265,0.3392996932190839,1.0
195,9,10,0.0,-28.515600743494335,200,0.0,0,0.0,20.00000000000003,767.8360000000001,53.8,14.27204460966543,1.0
196,0,10,0.0,-13.79694150293968,20,0.0,10,1.0,0.7500000000000002,50.62,60.721,0.8336489847005155,1.0
196,1,10,0.0,-13.815203958484192,20,0.0,10,1.0,0.6,39.108999999999995,33.144,1.1799722423364711,1.0
196,2,10,0.0,-13.09729678543471,14,0.0,10,1.0,0.3,15.386,39.601,0.38852554228428576,1.0
196,3,10,0.0,-24.593160651241494,200,0.0,0,0.0,13.350000000000012,788.4410000000004,34.272999999999996,23.004726752837524,1.0
196,4,10,1.0,10.85,1,1.0,0,0.0,0.1,3.685,3.685,1.0,1.0
196,5,10,0.0,-13.034316695352839,14,0.0,10,1.0,0.30000000000000004,20.444,34.86,0.5864601262191623,1.0
196,6,10,1.0,10.85,1,1.0,0,0.0,0.1,6.683,6.683,1.0,1.0
196,7,10,0.0,-23.720959752321978,200,0.0,0,0.0,10.100000000000009,685.9909999999978,46.51199999999999,14.74868851049187,1.0
196,8,10,1.0,10.37283958602846,5,0.68495477201403,0,0.0,0.3,27.084999999999997,18.552,1.4599504096593359,1.0
196,9,10,1.0,10.584795063904805,3,0.8430243358721903,0,0.0,0.25,10.766,9.076,1.1862053768179814,1.0
197,0,10,0.0,-23.106322730799082,200,0.0,0,0.0,10.000000000000007,854.8899999999962,25.78,33.16097750193934,1.0
197,1,10,0.0,-22.822153819845227,200,0.0,0,0.0,10.000000000000007,1659.8399999999979,23.391000000000002,70.9606258817493,1.0
197,2,10,1.0,9.966794027310069,8,0.8299192285249224,0,0.0,0.55,65.122,54.046,1.204936535543796,1.0
197,3,10,1.0,10.414588029756537,4,0.9138854552946025,0,0.0,0.4,19.415999999999997,17.744,1.0942290351668167,1.0
197,4,10,1.0,9.563275196712274,11,0.7089232737027233,0,0.0,0.75,56.29100000000001,39.906000000000006,1.4105898862326467,1.0
197,5,10,1.0,9.777647874482392,9,0.671916479477231,0,0.0,0.75,39.176,26.323,1.4882802112221252,1.0
197,6,10,1.0,10.732554054054054,2,0.4748917054387935,0,0.0,0.15000000000000002,6.2330000000000005,2.96,2.1057432432432432,1.0
197,7,10,0.0,-23.074669491690923,200,0.0,0,0.0,10.000000000000007,880.990000000001,51.209,17.203811829951785,1.0
197,8,10,0.0,-25.52567253988338,200,0.0,0,0.0,15.000000000000002,527.2609999999979,32.407000000000004,16.26997253679754,1.0
197,9,10,1.0,10.00416565661563,7,0.7738854112827581,0,0.0,0.6500000000000001,52.239,40.427,1.2921809681648402,1.0
198,0,10,0.0,-13.386817378849365,14,0.0,10,1.0,0.30000000000000004,15.872,20.945,0.7577942229649081,1.0
198,1,10,1.0,10.488205279870494,4,0.9568092458000714,0,0.0,0.25,16.786,16.061,1.0451404022165496,1.0
198,2,10,0.0,-22.984152616918337,200,0.0,0,0.0,10.000000000000007,520.7890000000011,40.926,12.725138054048799,1.0
198,3,10,1.0,10.605706752411574,3,0.9715511496167945,0,0.0,0.2,24.008000000000003,23.325000000000003,1.0292818863879958,1.0
198,4,10,0.0,-22.58175362217886,200,0.0,0,0.0,10.000000000000007,1447.093999999997,28.711999999999996,50.400320423516206,1.0
198,5,10,1.0,10.251399356897519,6,0.9183258019775402,0,0.0,0.35,44.702,41.051,1.0889381501059656,1.0
198,6,10,0.0,-26.165776821210954,200,0.0,0,0.0,14.950000000000003,814.1569999999973,34.963,23.286245459485663,1.0
198,7,10,1.0,10.465907058037322,4,0.9361855719717024,0,0.0,0.3,20.779,19.453000000000003,1.0681642934251785,1.0
198,8,10,1.0,10.534456915837383,3,0.9221084080239009,0,0.0,0.35,14.058000000000002,12.963000000000001,1.0844711872251793,1.0
198,9,10,0.0,-12.915828333390476,14,0.0,10,1.0,0.3,32.857,58.33399999999999,0.5632564199266296,1.0
199,0,10,1.0,9.911965775583177,8,0.9057281339502092,0,0.0,0.6500000000000002,45.39,41.111,1.1040840650920678,1.0
199,1,10,1.0,9.078980304262451,15,0.7851647667102722,0,0.0,1.0000000000000002,64.212,50.417,1.273618025665946,1.0
199,2,10,1.0,9.237704225352113,12,0.785667371066309,0,0.0,1.2500000000000002,70.03599999999999,55.025000000000006,1.272803271240345,1.0
199,3,10,1.0,9.597553095175224,11,0.7822648469199558,0,0.0,0.7,67.77499999999999,53.018,1.2783394318910557,1.0
199,4,10,1.0,10.608949718045112,3,0.9987679671457905,0,0.0,0.2,17.045,17.024,1.001233552631579,1.0
199,5,10,1.0,9.74016899877734,9,0.5750960967530234,0,0.0,0.8,63.998000000000005,36.80499999999999,1.7388398315446276,1.0
199,6,10,0.0,-23.284736612725993,200,0.0,0,0.0,10.050000000000008,511.6690000000023,26.386999999999997,19.390950089059096,1.0
199,7,10,0.0,-22.881605744399423,200,0.0,0,0.0,10.000000000000007,942.5309999999986,47.62900000000001,19.789015095844935,1.0
199,8,10,0.0,-23.08319968247315,200,0.0,0,0.0,10.050000000000008,3110.8450000000007,33.382999999999996,93.18650211185337,1.0
199,9,10,0.0,-25.399057140149626,200,0.0,0,0.0,15.000000000000002,857.1999999999956,42.211999999999996,20.307021699990422,1.0
