episode,mean_reward,std_reward,success_rate,n_robots,robot_0_reward,robot_0_success,robot_1_reward,robot_1_success,robot_2_reward,robot_2_success,robot_3_reward,robot_3_success,robot_4_reward,robot_4_success,robot_5_reward,robot_5_success,robot_6_reward,robot_6_success,robot_7_reward,robot_7_success,robot_8_reward,robot_8_success,robot_9_reward,robot_9_success
1,-21.089876891650754,18.7618413004583,0.4,10,8.962412512498215,1.0,-41.65166779172162,0.0,5.237749150465155,1.0,-29.813910869962804,0.0,-23.548007312908755,0.0,-25.820215956123214,0.0,-33.50856748659729,0.0,-29.920046666666597,1.0,3.6998941267387906,1.0,-44.53640862222942,0.0
2,-6.081641098837367,12.969376680282544,0.8,10,-1.224256985274991,1.0,-3.249026311949816,1.0,5.7980494327666685,1.0,-23.928185719711347,0.0,8.826221380424489,1.0,-0.1429639746430862,1.0,-19.823474928274734,1.0,9.6662,1.0,-8.508549639286622,1.0,-28.230424242424228,0.0
3,-13.390860814402947,13.917870613055031,0.8,10,-15.849927472398406,1.0,-36.10185075573406,0.0,-10.619520585309493,1.0,-12.235759790068645,1.0,-37.09951281817351,0.0,-4.475396600566567,1.0,5.2472542796191295,1.0,-13.802615397433762,1.0,-15.854018337742888,1.0,6.882739333778753,1.0
4,-13.39580632793188,18.487596650560352,0.5,10,-23.551980216733885,0.0,-30.770685064442777,0.0,10.179369359454105,1.0,-34.404739485056886,0.0,9.619109387536774,1.0,-27.235603013338864,0.0,10.3954735323336,1.0,-36.77972385786801,0.0,-0.07672466785643728,1.0,-11.332559253346432,1.0
5,-18.378322982001926,16.50871611032371,0.4,10,9.37313582786172,1.0,-29.194087844657044,0.0,-31.715031305028365,0.0,-37.8299561370244,0.0,-28.07307262027039,0.0,-11.131531230283924,1.0,-8.81460218734347,1.0,-29.997821751670077,0.0,10.53281,1.0,-26.93307257160332,0.0
6,-17.34496479520714,16.673043439673535,0.5,10,-15.263419607190395,1.0,-33.40561669696547,0.0,-10.42675752148996,1.0,-9.411229363579075,1.0,10.664666666666667,1.0,10.652436666666667,1.0,-30.662593669250647,0.0,-31.873849081613358,0.0,-28.08598896271485,0.0,-35.637296382600965,0.0
7,-16.544618424858538,17.80022472925039,0.5,10,2.601437898384801,1.0,10.066846532296461,1.0,-26.992977251895685,0.0,-13.368646411680032,1.0,-33.84900054487429,0.0,8.959195732949778,1.0,-12.81356076640303,1.0,-43.01071983618606,0.0,-25.096504438837503,0.0,-31.94225516233981,0.0
8,-23.733450856016127,20.054514094413683,0.4,10,1.771218026002801,1.0,-51.39813241183305,0.0,-11.066918333251442,1.0,-41.557170048107096,0.0,2.8560126661847427,1.0,-31.742459257804843,0.0,-38.790045007394035,0.0,-31.807156992654484,0.0,-40.098400368546045,0.0,4.498543167242228,1.0
9,-20.007275015960563,23.637045751082383,0.5,10,-45.566863088842375,0.0,4.387884580291966,1.0,7.5682034308081985,1.0,-48.01145842191585,0.0,-36.77759087537092,0.0,6.987681666666667,1.0,-40.70287805385177,0.0,-3.532967684587165,1.0,-45.392487773714585,0.0,0.9677260609102021,1.0
10,-15.909558621465914,16.4953592363426,0.4,10,-23.341500636693073,0.0,-15.886831777937303,1.0,7.109192932946461,1.0,-33.65684729064041,0.0,-31.759770400950075,0.0,-24.268411498415563,0.0,10.754691596638656,1.0,6.426950745804848,1.0,-23.15589135317239,0.0,-31.317168532240277,0.0
11,-25.025207184666584,16.72885986753636,0.2,10,-37.834639203607935,0.0,-36.91624983228228,0.0,10.875,1.0,-28.097120939709928,0.0,-25.768403091484586,0.0,-24.17828719261749,0.0,-34.55835924738341,0.0,2.3518341040462376,1.0,-35.494803264838126,0.0,-40.631043178788325,0.0
12,-16.867898492390122,18.862112785541765,0.6,10,-43.81903454983025,0.0,-9.06332036449268,1.0,10.517362392618518,1.0,-29.379201288602534,0.0,7.759288451924679,1.0,-11.999053617303389,1.0,-41.22500518915712,0.0,2.3975042194567617,1.0,-32.71134805345727,0.0,-21.156176925057945,1.0
13,-9.70084909288477,19.37271572120892,0.7,10,-38.559444311305455,0.0,-3.8378934045356825,1.0,-39.779041681270364,0.0,-28.244324695884043,0.0,10.157274452033391,1.0,5.99178018273318,1.0,3.3642127485698703,1.0,-22.815133485327653,1.0,9.308761522198731,1.0,7.405317743940335,1.0
14,-8.734612365559354,18.54377866369147,0.7,10,9.712283493369913,1.0,0.2844411291502098,1.0,4.450278222578061,1.0,-35.39765684256147,0.0,10.875,1.0,-22.85100587741392,0.0,-3.850936852491367,1.0,-40.68034048208232,0.0,-20.361637334334922,1.0,10.473450888192268,1.0
15,-28.990122902028713,16.11577683291016,0.2,10,-9.553311150787218,1.0,-62.23970001284744,0.0,-40.87475280735018,0.0,-36.12878298781545,0.0,-25.91614183354769,0.0,-31.947867903873203,0.0,-26.477455178986247,0.0,-32.645938099041544,0.0,0.39983844580777017,1.0,-24.51711749184594,0.0
16,-27.819998687023855,15.076015497623256,0.4,10,-38.07856525772598,0.0,4.134027566030738,1.0,-14.166970865467011,1.0,-33.84492484304111,0.0,-33.068298717165575,0.0,-40.64786944210608,0.0,-12.573946636079885,1.0,-24.738447055189937,1.0,-47.7301132985585,0.0,-37.4848783209352,0.0
17,-13.75062582380647,19.357169943208298,0.5,10,6.769382390600287,1.0,-29.643496052100712,0.0,-37.26534636142572,0.0,-26.526517816138515,0.0,10.27543345613631,1.0,-11.933058037448541,1.0,-34.837332289923886,0.0,10.305317777777777,1.0,-31.680230155715908,0.0,7.029588850174217,1.0
18,-27.163210707337925,15.012274472117703,0.4,10,-46.5957361371165,0.0,-40.414578111621395,0.0,-25.06656723879354,1.0,-30.853093726717322,0.0,-33.261143121115396,0.0,-36.16271570409733,0.0,-6.762291305677294,1.0,-40.240362646542046,0.0,0.6787380259703397,1.0,-12.95435710766873,1.0
19,-25.719282134442857,21.975281843512466,0.3,10,-46.547416212423755,0.0,-41.74726797858486,0.0,-37.9261261404964,0.0,-37.139935864978916,0.0,-33.500965618474005,0.0,8.639206666666666,1.0,-39.553834983812585,0.0,-43.09182761772131,0.0,8.388967518002381,1.0,5.286378887394161,1.0
20,-22.53500931085967,13.698420565711306,0.4,10,-6.859800440667298,1.0,-12.277236518483152,1.0,-30.731359866149262,0.0,-32.525053822345185,0.0,-0.21290663307331315,1.0,-27.103381466516517,0.0,-30.68884244184342,0.0,-7.625085271846645,1.0,-42.560454742104525,0.0,-34.76597190556738,0.0
21,-22.27598318874849,22.786898510252573,0.4,10,5.501780899788859,1.0,-24.048265629420086,0.0,-0.28941754845959267,1.0,4.93374469169356,1.0,-45.62155903215983,0.0,5.3754745175417495,1.0,-47.2453991291727,0.0,-50.912668987397524,0.0,-27.970449774474485,0.0,-42.48307189542484,0.0
22,-24.496856447052437,21.717598942082695,0.5,10,8.614346474641248,1.0,9.328470248499126,1.0,-9.743441567992948,1.0,-59.19206931000798,0.0,-25.96069223476431,0.0,-38.67224568527918,0.0,-20.90455331315171,1.0,-42.652223340251155,0.0,-19.328123495862588,1.0,-46.458032246354904,0.0
23,-13.432778909561907,20.69435305582805,0.6,10,10.050291596453953,1.0,-13.314705201196562,1.0,-8.459542598227276,1.0,-37.82803803329291,0.0,-31.881225337091482,0.0,7.180328535252566,1.0,9.499439416400095,1.0,8.358412791550535,1.0,-34.42131871515067,0.0,-43.511431550317326,0.0
24,-13.29295182185076,17.11819936547942,0.6,10,9.709262295081967,1.0,-0.14961923012830525,1.0,0.08013112024558922,1.0,-34.2635326325011,0.0,-31.94406554684186,0.0,-11.235006739957472,1.0,10.754065040650406,1.0,-13.08416583912611,1.0,-34.852657716183074,0.0,-27.94392896974766,0.0
25,-23.483781094386163,16.01006565026786,0.4,10,-33.36112207534289,0.0,-6.27531514324693,1.0,-39.65938573236128,0.0,-35.74011692162545,0.0,-7.0042067724303365,1.0,-41.17856522300117,0.0,1.3991667665747478,1.0,-5.452463397094784,1.0,-30.90662893700789,0.0,-36.65917350832564,0.0
26,-13.68087327355685,21.528847284339978,0.5,10,10.104193333333333,1.0,3.0916599813766927,1.0,-38.74628826571583,0.0,9.487708478219636,1.0,10.753616209192788,1.0,-35.63216792289636,0.0,4.4792347796838206,1.0,-37.80440441588906,0.0,-33.85321016728925,0.0,-28.68907474558427,0.0
27,-20.16606311018037,27.735260366421024,0.7,10,-0.4105900772388811,1.0,-43.95271699987583,1.0,-56.185991714845,0.0,-9.199031588907493,1.0,1.2883679772356587,1.0,-70.11321112592412,0.0,8.47346856528748,1.0,2.3821714612902056,1.0,-39.494718119022316,0.0,5.551620520196572,1.0
28,-22.583656267817688,36.53103539670767,0.6,10,9.939456297959948,1.0,0.1000801192070142,1.0,-2.2972732450519686,1.0,-65.05588743577772,0.0,-87.21896217380903,0.0,-26.908942839051356,0.0,3.936375735687534,1.0,5.829327499013665,1.0,10.756632455460883,1.0,-74.91736909181583,0.0
29,-15.077585097822714,19.20064594105863,0.5,10,10.445,1.0,0.8400760765074438,1.0,-33.18694001496746,0.0,-32.21908388520971,0.0,4.858659355148029,1.0,9.57318181818182,1.0,-29.51408856652032,0.0,-8.830016075924854,1.0,-35.78443837412591,0.0,-36.95820131131619,0.0
30,-8.863254238294228,18.998633882944333,0.6,10,-32.59990801867251,0.0,-36.542997808470496,0.0,10.755760258973627,1.0,4.263566721581552,1.0,4.3714211894300385,1.0,-23.918592828781144,0.0,-0.6784279037619712,1.0,-33.032038087654705,0.0,10.875,1.0,7.873674094413348,1.0
31,-18.19335054351722,16.24078020760839,0.4,10,-32.09330736373479,0.0,-0.17411459902391968,1.0,-32.753033511822395,0.0,-3.937253532927441,1.0,2.4032822511394443,1.0,-36.760837393892636,0.0,-28.54319472135193,0.0,6.694995333644425,1.0,-27.596063705435395,0.0,-29.173978191767592,0.0
32,-15.141802332873587,15.77239371230936,0.6,10,9.322416399791464,1.0,-12.450721759303095,1.0,-10.353067848981304,1.0,-32.14458012658603,0.0,-27.626455901816882,0.0,-33.262942229206224,0.0,-6.881481299615347,1.0,-10.421337497121812,1.0,8.466173839662448,1.0,-36.066026905559106,0.0
33,-14.155712977732401,16.672897586784867,0.6,10,-14.458375238425525,1.0,-30.450092137166592,0.0,-28.29313957029266,0.0,-31.115474450800384,0.0,10.312999999999999,1.0,-3.0666847263951134,1.0,-18.96501985856824,1.0,10.753785516023216,1.0,-0.392859712230214,1.0,-35.882269599468486,0.0
34,-17.41335516842894,21.489709329023388,0.6,10,-7.918401569322283,1.0,4.416229713903298,1.0,2.8219165161016067,1.0,-23.429755152558798,1.0,-37.16772393103223,0.0,-47.69037837273627,0.0,7.320962319311354,1.0,-42.479881421303126,0.0,-37.88404138998454,0.0,7.877521603331596,1.0
35,-18.131920021574498,19.786978521530298,0.5,10,-32.54962073064785,0.0,-16.33387438405531,1.0,-43.91284231320451,0.0,-37.7414908772807,0.0,-29.145966727006293,0.0,-33.33276388300124,0.0,9.822451666666666,1.0,9.821218905472637,1.0,9.04241075860824,1.0,-16.988722631296618,1.0
36,-29.909871270607265,14.807475577214415,0.2,10,-22.417373224151532,1.0,-38.98276773981603,0.0,10.524472508591066,1.0,-40.435180584687984,0.0,-37.45327500124818,0.0,-42.814478274559235,0.0,-30.03742622253291,0.0,-36.594641496722026,0.0,-25.986713752737312,0.0,-34.901328918208506,0.0
37,-10.392250300906488,16.21325339858303,0.7,10,-28.27108265783762,0.0,1.4087560635258143,1.0,-35.81442005846639,0.0,9.341613132125456,1.0,-31.561665802907427,0.0,-11.42423080698999,1.0,5.138441316651773,1.0,-10.414518473652343,1.0,10.526743697478992,1.0,-12.85213941899315,1.0
38,-34.028887530473554,33.58559969870391,0.3,10,10.633107255520505,1.0,-71.14768187388593,0.0,10.875,1.0,-67.76201300956768,0.0,-55.81357368640782,0.0,-46.611562354040146,0.0,-27.07267600724941,0.0,10.875,1.0,-78.59009766522658,0.0,-25.674377963878516,0.0
39,-16.039028067582564,19.45255770399008,0.5,10,-37.70289084156417,0.0,-31.758265755370108,0.0,-38.02793214373782,0.0,-27.890864612358616,0.0,10.875,1.0,3.965637269011573,1.0,-37.924651941665246,0.0,6.48433299360172,1.0,-9.339408376005855,1.0,0.9287627322628946,1.0
40,-10.564645483359135,14.561099506521343,0.7,10,-8.528752407704657,1.0,5.577678658409296,1.0,1.006218970156926,1.0,-35.70297846810212,0.0,1.6834905345953821,1.0,-28.92118888743513,0.0,-6.002335464703222,1.0,-10.518834166523012,1.0,4.866621185119181,1.0,-29.106374787403997,0.0
41,-3.2692798667827305,13.20338509177499,0.9,10,-3.377712458198424,1.0,-30.55994125202169,0.0,10.51770447314243,1.0,2.0750812752016117,1.0,-5.58670939951797,1.0,0.8029231522523474,1.0,-24.39559090500586,1.0,0.2793089430894291,1.0,6.677137503230824,1.0,10.875,1.0
42,-27.875053742176874,15.119946612277753,0.2,10,-2.1077432521879818,1.0,-28.953763073741914,0.0,-38.854892747387815,0.0,-31.912429621254955,0.0,-37.75383369704526,0.0,-33.73892247719919,0.0,-33.545337206736775,0.0,-39.5616999334664,0.0,-37.48005158631373,0.0,5.158136173565237,1.0
43,-22.495087096749238,20.47609428298242,0.5,10,-32.88320850608533,0.0,-52.48071407988018,0.0,-39.93508453846304,0.0,-40.05145058666578,0.0,-16.992467503887795,1.0,3.1783209033247353,1.0,0.05451737250611721,1.0,-13.089900785448533,1.0,-40.99280394596514,0.0,8.241920703072589,1.0
44,-17.976379658219393,15.809263432117755,0.6,10,-28.73931057747569,0.0,-37.764369365214804,0.0,-35.80679729293073,0.0,4.933055505059686,1.0,-15.458090492776057,1.0,-40.83936862597617,0.0,-3.407096815723973,1.0,-13.77702229451727,1.0,-7.945540084819383,1.0,-0.9592565378195292,1.0
45,-9.078387993788105,13.692229347580422,0.8,10,3.695660490535861,1.0,-8.868681531256358,1.0,-28.880860207768773,0.0,-31.7111397387726,0.0,-3.598638564900071,1.0,5.823322088353415,1.0,-21.849702400418614,1.0,10.639344885100074,1.0,-7.333621729299022,1.0,-8.69956322945495,1.0
46,-19.849552647621334,17.54497224440618,0.6,10,-40.280176759499135,0.0,4.349069967155815,1.0,-14.870621516164984,1.0,-21.081259698688285,1.0,-40.380307119181026,0.0,-3.643251722211877,1.0,-35.5941371473553,0.0,-19.314518702155475,1.0,-36.69196804544649,0.0,9.011644267333438,1.0
47,-13.126242859819246,17.808076227459082,0.7,10,-14.687332352522418,1.0,-2.1134636944763177,1.0,-28.916723453069906,0.0,-42.57328580950968,0.0,10.759923221787629,1.0,-20.43762723640785,1.0,5.767044769271105,1.0,-9.68282772038105,1.0,-36.29215041084785,0.0,6.9140140879638725,1.0
48,-18.0212298089883,17.15646484699818,0.5,10,-31.703134802882552,0.0,10.25225,1.0,9.604338155296771,1.0,-30.139421563580203,0.0,-17.3984746692678,1.0,-28.867795220652326,0.0,-8.454506333036381,1.0,-9.535856272411095,1.0,-41.78270495106506,0.0,-32.18699243228435,0.0
49,-13.78014653142608,19.22704371560384,0.7,10,5.59441004814941,1.0,3.199369711228324,1.0,-39.99965632175398,0.0,10.530965156794426,1.0,-1.7007773460687474,1.0,-29.833783037604455,1.0,4.623236353449656,1.0,-29.973290492716096,0.0,-19.72760595365521,1.0,-40.51433343208413,0.0
50,-11.199718819403623,20.027721151645387,0.6,10,0.9773705605477065,1.0,6.655101312603543,1.0,5.976608938547485,1.0,-32.066925023638696,0.0,6.82572094468614,1.0,-42.70370252247031,0.0,4.223930064011002,1.0,-25.955206471823708,0.0,3.817788044421306,1.0,-39.74787404092069,0.0
51,-17.30688382292083,17.208703866366626,0.6,10,-3.759559673982883,1.0,-31.572476490983014,0.0,-20.184813826374835,1.0,-31.634441585424355,0.0,6.9475952596056745,1.0,-6.992512249813139,1.0,10.348068965517243,1.0,-34.80720586505667,0.0,-41.56860704841061,0.0,-19.84488571428571,1.0
52,-13.92021002178135,18.969547909630624,0.5,10,-33.48973332121433,0.0,-34.91567320775255,0.0,-33.00999791767891,0.0,-23.84476201030643,0.0,8.961755102040817,1.0,10.755012161968809,1.0,5.7663679590343815,1.0,5.27033218320817,1.0,-34.20962819914266,0.0,-10.485772967970801,1.0
53,-14.924812829354059,15.373231472848346,0.6,10,9.969520168067227,1.0,-22.893954349167185,0.0,-8.796281172924092,1.0,10.180014818755225,1.0,-38.663067710479346,0.0,-19.366390298780818,1.0,-29.011168840886985,0.0,-12.19427303400943,1.0,-28.880570701653728,0.0,-9.591957172461425,1.0
54,-13.929990371367783,17.905081723220142,0.6,10,-31.977856739988727,0.0,-37.05870340929164,0.0,-30.888528634652236,0.0,5.0571063028019205,1.0,-35.79417480732413,0.0,1.004382080924854,1.0,-15.400564890217508,1.0,5.49735635830128,1.0,-10.383625346848618,1.0,10.644705372616984,1.0
55,-14.838208316453773,13.905501817627343,0.7,10,-34.532288125714025,0.0,-33.1354003885172,0.0,-14.415627545184156,1.0,2.5886436601050535,1.0,0.6985640957269528,1.0,-18.328464814255508,1.0,-0.40807132166705173,1.0,-1.2499030086407323,1.0,-30.376623028513702,0.0,-19.22291268787736,1.0
56,-11.529105788460104,12.693996486179959,0.8,10,-36.729579735440005,0.0,-11.621637115051326,1.0,-10.199330453563707,1.0,1.1619932027189144,1.0,-14.23552443875451,1.0,-26.274485910336047,0.0,1.660199577513632,1.0,-14.359217464389989,1.0,-13.258215972413094,1.0,8.564740425115094,1.0
57,-17.662636608541696,19.39075602646954,0.4,10,-32.21377694796361,0.0,-32.726444329392805,0.0,-7.58108512269939,1.0,8.14442328505901,1.0,-35.686785317636605,0.0,10.875,1.0,-27.24489182731646,0.0,8.130861710037175,1.0,-41.67450172143974,0.0,-26.649165814064528,0.0
58,-26.611411871924787,16.36674479551099,0.3,10,2.644510665373895,1.0,6.25206262034551,1.0,-34.40702004496962,0.0,-41.67240886775679,0.0,-28.152390353423936,0.0,-23.452162494870763,1.0,-35.02454354418261,0.0,-34.762765460503395,0.0,-36.538953682790186,0.0,-41.00044755646994,0.0
59,-13.080882595654211,21.408456858685323,0.6,10,-36.3407589753357,0.0,-38.59809156605271,0.0,10.754368105283529,1.0,5.0451585242513515,1.0,8.557215878958042,1.0,-3.83529199801192,1.0,3.3769851689764154,1.0,-0.7166288918048451,1.0,-47.216681807243475,0.0,-31.835100395562808,0.0
60,-12.836763466409437,18.96613232064137,0.6,10,-35.290366625930446,0.0,9.100269202402275,1.0,-24.972578420303353,0.0,1.330358545617777,1.0,4.849568310202945,1.0,-21.079271350949703,1.0,5.121762700176232,1.0,-36.49255003461043,0.0,-37.68303746654769,0.0,6.748210475848016,1.0
61,-15.277022278498782,20.899745700118032,0.6,10,-36.994144659336335,0.0,6.660681128195083,1.0,4.790240418118467,1.0,10.274295522949586,1.0,-39.32784074605454,0.0,-33.14350698537711,0.0,-0.612731366029367,1.0,-26.48521054888502,1.0,-42.35400593080723,0.0,4.422000382238642,1.0
62,-6.778585183535912,18.590152239561075,0.7,10,8.295207924173853,1.0,9.587895429135152,1.0,-31.985374486970507,0.0,-34.803267601519124,0.0,-35.367650703886426,0.0,5.47229648671808,1.0,2.8281722328725625,1.0,-9.080608913142344,1.0,8.680039129604886,1.0,8.587438667654745,1.0
63,0.8466352682227353,10.61183534582452,0.9,10,9.512506718788174,1.0,9.208868648130395,1.0,-5.844848926406058,1.0,10.280825369978858,1.0,-1.9343992610037386,1.0,10.529525073334264,1.0,-1.5294116631166936,1.0,9.002645717009397,1.0,-6.8046832832273,1.0,-23.954675711259945,0.0
64,-12.690495426041196,16.97032986682264,0.6,10,7.026657505285412,1.0,-29.24385748872932,0.0,5.164748389519601,1.0,-33.00412703959896,0.0,-10.86707397746524,1.0,-5.158451477688752,1.0,9.300188268156425,1.0,-3.4536159689100785,1.0,-31.859291717114147,0.0,-34.81013075386689,0.0
65,-8.633355891262637,21.33885281648082,0.7,10,10.875,1.0,-40.162599220192874,0.0,10.286631786602625,1.0,3.377736610190529,1.0,-28.80053075793971,1.0,10.399536312849161,1.0,8.28954045408442,1.0,6.909389739849258,1.0,-41.41999512059114,0.0,-26.088268717478638,0.0
66,-12.2586750652424,16.329430581649408,0.8,10,-0.026861857149262036,1.0,-6.630293761356754,1.0,5.901329936458458,1.0,-15.258862553464983,1.0,0.6492196590276773,1.0,10.75669941980161,1.0,-26.616388231815517,1.0,-18.14947899048187,1.0,-40.04578528696336,0.0,-33.16632898648002,0.0
67,-22.958078214587644,20.042515605680386,0.3,10,1.695529970557189,1.0,-37.607031806705876,0.0,-26.289303557910667,0.0,-43.52052337975136,0.0,-25.761256801143343,0.0,-36.550817777777766,0.0,7.505618014464169,1.0,-39.66135332524956,0.0,-39.439856742027736,0.0,10.048213259668508,1.0
68,-10.83865493627118,19.05795444285944,0.7,10,-33.10242752007137,0.0,-1.5745256372404306,1.0,8.80929493294428,1.0,-37.7778330043241,0.0,7.525052842045131,1.0,3.206027899447724,1.0,-40.41708231107276,0.0,10.754777215189872,1.0,-7.679118826722849,1.0,-18.13071495290729,1.0
69,1.0912758844778043,14.159416295663707,0.9,10,8.536395857888534,1.0,7.906549083382615,1.0,-17.79996059274326,1.0,8.014913421418637,1.0,10.516875524945407,1.0,7.476385048203932,1.0,1.7252880403732611,1.0,-33.98370293734624,0.0,7.764456219526937,1.0,10.755559179128221,1.0
70,-38.579868125668085,23.976156333547973,0.3,10,10.520207599276258,1.0,-37.09200115091351,0.0,-29.01858418982365,0.0,-67.0026357664647,0.0,-8.958619410164083,1.0,-63.63184906689531,0.0,-45.71015060365079,0.0,-44.982788793583566,1.0,-66.99540396674934,0.0,-32.92685590771216,0.0
71,-14.092453439214205,24.43773889660326,0.6,10,9.55846287000173,1.0,-25.028393562171935,0.0,10.519774751178629,1.0,0.9673947876902815,1.0,-46.262262409468306,0.0,10.42719,1.0,4.28136447971963,1.0,-49.55869641844759,0.0,-48.49185809128628,0.0,-7.337510799358213,1.0
72,-33.04544647866396,15.251035149343892,0.1,10,9.602034739454094,1.0,-32.98266606822263,0.0,-44.23062827402075,0.0,-27.079276864087213,0.0,-43.59322199350295,0.0,-34.13081542483663,0.0,-32.73887348353553,0.0,-41.19464422525866,0.0,-43.66717156232486,0.0,-40.439201630304495,0.0
73,-5.331522726076854,12.792297237140822,0.9,10,-29.416929750445085,0.0,10.875,1.0,-6.345922305223684,1.0,-6.515191206917548,1.0,-10.623384356796434,1.0,10.39984503979042,1.0,-22.15558067262669,1.0,-3.7108196429841396,1.0,9.833565481437947,1.0,-5.655809847003335,1.0
74,-9.092897582691819,12.564896926553056,0.8,10,-0.9362398504010603,1.0,-13.06645554432938,1.0,-13.488621004702988,1.0,7.721003382663849,1.0,-29.217248427149553,0.0,-15.357391569945028,1.0,6.205638768468549,1.0,-0.8520266014750977,1.0,-29.266737805793166,0.0,-2.670897174254323,1.0
75,-10.38184042491169,13.566225614058757,0.7,10,-7.828237224064768,1.0,-10.125503348834508,1.0,-0.24874161073826073,1.0,0.8948096105889078,1.0,2.453588337568541,1.0,3.488426095650726,1.0,-29.679342048864115,0.0,-29.902967559839283,0.0,-1.9419718247266964,1.0,-30.92846467585744,0.0
76,0.669989010741584,12.72503596986694,0.9,10,10.875,1.0,9.818449399656947,1.0,6.482073156388443,1.0,-11.599355491554455,1.0,-6.189121729153545,1.0,7.970149163879599,1.0,10.75576923076923,1.0,7.550454780956768,1.0,1.927942222222221,1.0,-30.89147062574937,0.0
77,-16.277725018941858,20.820359310916526,0.5,10,-22.094192611634767,0.0,-4.919702092050208,1.0,-43.992250916626844,0.0,-51.564277967387184,0.0,6.087162383487079,1.0,3.573226467083706,1.0,-29.792276982970694,0.0,4.888735170969992,1.0,4.911749985862125,1.0,-29.87542362615177,0.0
78,-14.82802334769985,12.576762029751494,0.7,10,-11.240921951219516,1.0,0.2504572480181242,1.0,-19.46817876795059,1.0,-3.9062883286874364,1.0,-31.363501442476206,0.0,-33.49544224874259,0.0,-26.201932635581432,0.0,-15.481399118942752,1.0,-13.705306524594947,1.0,6.332280293178862,1.0
79,-9.385999789454294,9.759200848801825,0.9,10,-9.270156410632984,1.0,7.298991899498866,1.0,-25.42046301262982,0.0,-18.745521297076177,1.0,-20.368925697525768,1.0,-7.161695249658527,1.0,2.145707053966918,1.0,-1.409937300464076,1.0,-12.01622298000231,1.0,-8.911774900019047,1.0
80,-10.590437383642925,16.2073505714362,0.8,10,-20.112658323852862,1.0,-8.935147766083514,1.0,-20.606476101598624,1.0,8.023772268907562,1.0,-12.707035658742505,1.0,-35.10621062247979,0.0,9.462656424581006,1.0,-2.3146671665416996,1.0,-34.248619052587635,0.0,10.640012161968809,1.0
81,-3.958255293144764,8.838094487962175,1.0,10,-6.525241460011689,1.0,-17.492438610304617,1.0,3.9893210837032598,1.0,-0.9255376858384192,1.0,-17.532995653806985,1.0,-8.362799008127858,1.0,-0.9264716481576833,1.0,6.755336616683524,1.0,9.309594285714287,1.0,-7.871320851301462,1.0
82,-10.000485197209589,18.306276302417782,0.7,10,-1.4826852387007303,1.0,8.670026919410017,1.0,3.982382797731571,1.0,-12.39643804206959,1.0,-0.12749307479224292,1.0,7.179464002816408,1.0,3.8329404427321805,1.0,-34.12586575388211,0.0,-40.980725434658154,0.0,-34.556458590683235,0.0
83,-8.019076863075636,13.337211526458987,0.9,10,6.4773068965517275,1.0,-11.363698258721486,1.0,-5.523297987020134,1.0,-21.75153342162125,1.0,8.39095718901454,1.0,1.0867966476913296,1.0,-36.628693967187694,0.0,-5.53032257230069,1.0,1.9571356951871675,1.0,-17.305418852349888,1.0
84,-7.31077830693787,21.449742626717153,0.8,10,-47.57228123215428,0.0,10.875,1.0,-12.366656017039416,1.0,3.612133305883966,1.0,-17.50641220495104,1.0,-44.471338761345436,0.0,9.921331898386867,1.0,8.616279568405036,1.0,9.70904582474401,1.0,6.075114548691591,1.0
85,-22.90873219474894,18.401963248960964,0.4,10,-32.34887684137322,0.0,-39.85868848311517,0.0,3.968270805560845,1.0,-29.6660852932042,0.0,-44.30964602036512,0.0,-6.131833928399109,1.0,-45.62583358880034,0.0,2.5232551154797482,1.0,-31.190303574995003,0.0,-6.4475801382778055,1.0
86,-7.559353097084072,14.868334116447405,0.8,10,10.288022336950796,1.0,1.256622947047486,1.0,5.831454643209177,1.0,-34.07564742508486,0.0,8.400546048447708,1.0,-7.0576798688640885,1.0,-8.240641512595644,1.0,-13.886608208771152,1.0,-5.4122784183805255,1.0,-32.69732151279962,0.0
87,-3.7878425054863443,5.778898786515831,1.0,10,5.55010748208632,1.0,-2.23017109240069,1.0,-5.32069910473834,1.0,-8.745919313502458,1.0,-2.181741125699002,1.0,-6.59927694485369,1.0,-12.817067339286393,1.0,-8.876728995263049,1.0,-2.794103909509266,1.0,6.13717528830313,1.0
88,-14.407112213038635,16.34747367887831,0.6,10,-2.414120428986376,1.0,-37.32095936794582,0.0,-32.90173375010705,0.0,6.24356359449797,1.0,-17.87874009283525,1.0,2.2856499737348956,1.0,-10.185512140964116,1.0,7.208532246108229,1.0,-29.099837128923827,0.0,-30.007965034965025,0.0
89,-12.169221012652836,23.969910979367636,0.8,10,4.3002678097931755,1.0,2.322412263009279,1.0,3.880698578409599,1.0,-46.605656420727335,1.0,-7.876347525365341,1.0,7.283698111486179,1.0,7.716808407508594,1.0,2.028660220994471,1.0,-34.16939487716627,0.0,-60.573356694470704,0.0
90,-5.617998809425555,13.31754197712147,0.8,10,-2.292852420425236,1.0,-7.869993112771983,1.0,0.8413756940160368,1.0,5.412376117397818,1.0,-27.54499710508539,0.0,-32.10720164609055,0.0,8.19598770599006,1.0,3.64862886185826,1.0,-9.713170288915403,1.0,5.249858099770844,1.0
91,-8.919791758442724,20.373933400384903,0.6,10,-33.67044539915637,0.0,9.653462439350845,1.0,6.172492658338811,1.0,7.528359381460348,1.0,-22.94938357712552,0.0,10.410628888888889,1.0,-40.048060768543316,0.0,4.605914945379956,1.0,-36.51445236220471,0.0,5.613566209183811,1.0
92,-19.72710029416162,27.938547164599516,0.6,10,-54.791456008621054,0.0,-48.451989315173044,0.0,5.264057262911027,1.0,10.875,1.0,-4.068547468100467,1.0,-62.92035932744748,0.0,-1.7295338665708009,1.0,3.351983094056086,1.0,-46.97908769617825,0.0,2.178930383507791,1.0
93,-12.391256373501069,19.8499227717745,0.6,10,-35.6555593592559,0.0,-4.719361889652742,1.0,-29.737704871707944,0.0,-43.074746176887935,0.0,10.090070638411301,1.0,10.173302182039468,1.0,9.95351871947911,1.0,-1.339529810298103,1.0,-6.53634235794113,1.0,-33.066210809196804,0.0
94,-0.017281147202127832,13.928125310485425,0.9,10,-13.798938073186225,1.0,5.73980167079208,1.0,8.72677396983182,1.0,9.554899720822771,1.0,-4.086143382261012,1.0,10.635000000000002,1.0,-35.05830771948422,0.0,-1.2903916800555812,1.0,9.31238321070827,1.0,10.09211081081081,1.0
95,3.6839690744247724,5.0482693869857025,1.0,10,1.3606637030104558,1.0,9.641079759742983,1.0,-1.0485178039907375,1.0,7.724176271186442,1.0,2.6815881738498577,1.0,6.378031643984302,1.0,4.743841530370456,1.0,7.602931465648339,1.0,-8.343741644385032,1.0,6.09963764483066,1.0
96,-6.627148427608931,20.529532450155088,0.7,10,10.522112215220554,1.0,-36.99320661438801,0.0,10.875,1.0,10.875,1.0,3.0449076655052236,1.0,-39.63821717460576,0.0,3.2199551210687423,1.0,3.1710051506567085,1.0,-36.238937337131105,0.0,4.890896697584344,1.0
97,-11.788664656793728,13.874694470708818,0.7,10,7.532324511657215,1.0,-26.971210326231123,0.0,-19.87411319923656,1.0,-1.9248572669728166,1.0,-5.095924893769663,1.0,-28.444682659728958,0.0,-12.716456893277636,1.0,-11.041388009112625,1.0,-29.997857298072535,0.0,10.647519466807445,1.0
98,-20.65260421055512,22.185070762555505,0.4,10,7.988054869684499,1.0,-30.43905354706687,0.0,-34.715026607219876,0.0,9.810418495896164,1.0,-44.397262895645795,0.0,-26.153307924735607,0.0,-8.968879467541939,1.0,-48.16609609030834,0.0,-41.667111044537656,0.0,10.18222210592422,1.0
99,-6.820681551060176,14.312815355870166,0.8,10,-15.045691097988456,1.0,4.989332920674223,1.0,-13.156503263014127,1.0,5.398533826638476,1.0,4.3648122770258775,1.0,6.542316582914574,1.0,9.588554245469652,1.0,-31.53016220245748,0.0,-11.378149887771224,1.0,-27.97985891209327,0.0
100,-13.870671136610222,18.684476827985744,0.8,10,-12.529449917413883,1.0,-50.31754573911165,0.0,-7.883243243243246,1.0,9.256604444444445,1.0,-32.8942451847996,0.0,-2.402797064012093,1.0,-28.72391574631308,1.0,-24.41667100346946,1.0,7.414207940512547,1.0,3.790344147303813,1.0
101,-1.105093039751818,8.894330402348224,1.0,10,-2.5148140459622343,1.0,10.510870715725806,1.0,0.7444717986404559,1.0,-7.89437181010976,1.0,3.3312409569515085,1.0,-2.8001767300722076,1.0,-21.884445141211454,1.0,-4.825856431535277,1.0,7.630721946042563,1.0,6.651428344012417,1.0
102,-1.497857378188719,14.552407718414065,0.9,10,-7.528202983919519,1.0,-17.27675090375826,1.0,6.933424080267558,1.0,-36.87425979680696,0.0,6.654071790835957,1.0,10.639388333333333,1.0,8.313127430285522,1.0,6.083657655205782,1.0,10.402726954195069,1.0,-2.3257563415256755,1.0
103,-7.101265226079617,14.809669986858774,0.8,10,5.6499242518316155,1.0,-27.612777556059957,0.0,-17.438222115538505,1.0,9.945285796352149,1.0,8.105915187376725,1.0,9.45629455106237,1.0,-0.003814296814294238,1.0,-18.008939243288502,1.0,-11.176552841289933,1.0,-29.929765994427836,0.0
104,-11.41377960088592,18.144633532991467,0.7,10,-8.049398747390407,1.0,10.6412,1.0,7.9867981672526085,1.0,-13.511534451745527,1.0,-31.13373131398121,0.0,-11.079809999999998,1.0,4.415492516037064,1.0,3.270905,1.0,-30.968665998318322,0.0,-45.709051180713395,0.0
105,-0.9109458880195787,9.085790828224228,1.0,10,6.3364494025951785,1.0,-11.521234459674838,1.0,-5.4129753848642554,1.0,10.278020533743563,1.0,-6.7262281619213695,1.0,3.0545479738562076,1.0,3.92774568214229,1.0,10.407475945017183,1.0,-18.627666946409303,1.0,-0.825593464680443,1.0
106,0.4213448016402497,11.676637596356183,0.9,10,5.690491790886825,1.0,7.422296735379988,1.0,8.726767650432787,1.0,-1.9033004232874546,1.0,4.982191526866031,1.0,-0.03124686739548288,1.0,-5.135977951500896,1.0,10.271455214215408,1.0,-31.722164084155036,0.0,5.912934424960325,1.0
107,-6.865850499508331,17.01128075221141,0.6,10,-26.94799035521798,0.0,10.875,1.0,-22.927630976186144,0.0,6.3057332355685904,1.0,1.0752066234014102,1.0,5.623554478609625,1.0,-26.122886068591367,0.0,6.005628728632808,1.0,10.521280497280497,1.0,-33.066401158580746,0.0
108,-2.486531982787026,9.313234140277466,0.9,10,7.873283474065138,1.0,-22.722049642271852,0.0,-7.407324094769779,1.0,-3.2062601468882885,1.0,5.785195014210867,1.0,7.632667040610276,1.0,-10.136642323626369,1.0,-0.19040752575841147,1.0,-7.885403221373206,1.0,5.391621597931366,1.0
109,-11.10197930551401,22.153877131692486,0.6,10,10.875,1.0,6.447813544219201,1.0,-27.930451204342415,0.0,9.226530495310048,1.0,-38.75111452191357,0.0,7.1394675568677455,1.0,-4.309043171287783,1.0,7.557825453162631,1.0,-50.235156613098525,0.0,-31.040664594057425,0.0
110,-18.377712284145662,22.441909735266343,0.4,10,9.081534306504174,1.0,5.637420621683094,1.0,-31.091541373181474,0.0,-26.927170545652665,0.0,-47.283446560621385,0.0,-38.549129440189176,0.0,-37.46351294679864,0.0,10.755440383007826,1.0,-36.065879914800526,0.0,8.129162628592159,1.0
111,0.9298140219293138,9.123811737016005,1.0,10,10.754948072522444,1.0,6.680753519432078,1.0,4.239694395488191,1.0,6.562772067039107,1.0,4.143086310791893,1.0,-17.36295778966377,1.0,8.576024919877035,1.0,5.278520328815822,1.0,-7.77418578904992,1.0,-11.800515815959745,1.0
112,-13.432021055353522,17.41447114485765,0.5,10,3.114187991894058,1.0,-28.90347895551451,0.0,-0.64828509285595,1.0,3.8095986170840703,1.0,-30.061931229392357,0.0,-30.561812334468417,0.0,-33.87734637771183,0.0,5.622377171058876,1.0,-30.108754862329338,0.0,7.295234518700183,1.0
113,-14.684784622688715,19.198022512017072,0.7,10,8.742175373761128,1.0,-21.158215495915016,1.0,-37.84013314242454,0.0,-31.681619949928812,1.0,-20.083507305976013,1.0,9.453098477157361,1.0,-32.321111990667426,0.0,7.221309401092672,1.0,6.23232381914625,1.0,-35.41216541313277,0.0
114,-16.134158624300245,20.64737400288878,0.6,10,1.3313508388506765,1.0,-30.090078130785738,0.0,-16.622242113746253,1.0,8.211477360681114,1.0,-47.59197331615179,0.0,2.2074792314357055,1.0,10.651263164911345,1.0,-43.637951447022246,0.0,-11.091818768996951,1.0,-34.7090930621783,0.0
115,-6.9607299242448075,13.140177789908115,0.8,10,-6.2932421681702255,1.0,-2.790065549208734,1.0,-31.639604121475035,0.0,8.581750664663044,1.0,-11.798108490959095,1.0,-7.353159297729562,1.0,9.199446862634256,1.0,-3.829290922901631,1.0,4.220054204124802,1.0,-27.9050804234259,0.0
116,-11.296305023549236,15.545641925167143,0.9,10,-44.58602747303402,0.0,-0.2551750347671735,1.0,1.935574353920277,1.0,-26.507164521897675,1.0,-8.86243965925224,1.0,-5.443347331185901,1.0,-26.109269319938193,1.0,-0.47248394004282446,1.0,-11.449279320467777,1.0,8.786562011173185,1.0
117,3.1306565997698845,9.150472653148169,1.0,10,-3.337166332442063,1.0,8.951079241980748,1.0,9.684492233224715,1.0,10.875,1.0,2.9524804344078603,1.0,-21.72183228676085,1.0,7.372637477087153,1.0,3.6115887448750152,1.0,5.905729484209245,1.0,7.012557001117026,1.0
118,-7.405492533538508,16.187545520820677,0.8,10,8.443046231278158,1.0,10.397287902664273,1.0,5.984725165054505,1.0,5.871229022292727,1.0,-11.38295827819725,1.0,-2.826661916129261,1.0,-39.593161513150754,0.0,-29.224389305445936,0.0,-18.73255070603337,1.0,-2.991491937718184,1.0
119,-6.516044898372202,14.518817254012031,0.8,10,4.673573757795623,1.0,-28.014420742995842,0.0,-22.02579149222707,1.0,2.613675442734018,1.0,7.139952534675675,1.0,-32.58373119961498,0.0,8.856557316746924,1.0,-5.471369329251324,1.0,2.35718123042058,1.0,-2.706076502005626,1.0
120,1.2544382828257699,6.893909275973994,1.0,10,3.2885615472873297,1.0,-9.274944339078086,1.0,3.3563406098983526,1.0,6.299034379028793,1.0,-9.36843577965568,1.0,-1.9265010106642446,1.0,2.973619121287128,1.0,10.39427970338277,1.0,-4.072571403228665,1.0,10.875,1.0
121,-2.3800660817212695,13.17926420571907,0.9,10,7.492139037433156,1.0,-17.493658318167384,1.0,-34.017980859355724,0.0,7.485041773420964,1.0,4.319372881355935,1.0,-4.038842700460307,1.0,4.643865389692296,1.0,8.361821302892455,1.0,-7.042328841704105,1.0,6.489909517680019,1.0
122,3.0147517199538822,5.819032322494882,1.0,10,8.70346800717596,1.0,-7.152542308181701,1.0,5.409047174217654,1.0,-2.8065931696011823,1.0,8.824248857476883,1.0,9.797559447529547,1.0,-0.5948214963919494,1.0,-2.3119448113207532,1.0,1.0734479551360945,1.0,9.20564754349827,1.0
123,-4.4340787628986265,16.41573186922683,0.8,10,-27.839597415163457,0.0,4.5669984582063785,1.0,8.128053772070627,1.0,-2.6365607726416833,1.0,1.9501282375465063,1.0,-42.688320639576126,0.0,-3.75635708566854,1.0,10.090581480576596,1.0,8.905290586630286,1.0,-1.0610042509668567,1.0
124,-2.468622886694369,12.511294105967826,0.9,10,0.6608678878787053,1.0,6.390555632871756,1.0,8.596501852379596,1.0,9.599227393912464,1.0,-24.629373704273387,0.0,-6.1043589080087965,1.0,-21.226056735846736,1.0,-13.979487721691676,1.0,8.71346889952153,1.0,7.292426536312849,1.0
125,-5.434286733513675,13.56419815394277,0.9,10,5.81185499858397,1.0,9.21660456511543,1.0,0.6709960626736056,1.0,7.065010551703346,1.0,0.18752719984729893,1.0,-10.321730559345143,1.0,-29.994817010217535,0.0,-26.65961152219874,1.0,4.736768297680518,1.0,-15.055469918979492,1.0
126,-11.145635035414546,20.939814314699227,0.7,10,-6.590940163191293,1.0,10.403222575128268,1.0,-32.05113426485518,0.0,-45.51058506160557,0.0,5.837671697473291,1.0,5.919605900544624,1.0,-3.4755397932986636,1.0,5.4101297616395625,1.0,-3.9569484131122366,1.0,-47.44183259286826,0.0
127,-6.461249625408287,13.742794043687432,0.9,10,-21.51333489242281,1.0,5.196950201669264,1.0,4.932582605393088,1.0,-11.678107514589987,1.0,-39.30736932866346,0.0,-5.823669715395223,1.0,3.030615019571166,1.0,-2.2381984494394587,1.0,6.8030736759650114,1.0,-4.015037856170446,1.0
128,-2.543980953910359,13.498571789196037,0.9,10,2.6796696633911763,1.0,-11.02470554657026,1.0,10.515254889532779,1.0,-33.65561025459463,0.0,4.978784980465922,1.0,-17.87890586630288,1.0,-1.2536289403722023,1.0,8.811778983719783,1.0,9.322588735210799,1.0,2.0649638164159203,1.0
129,-2.5960412953682037,10.919449303159317,1.0,10,-0.9660123728029522,1.0,5.788433195082207,1.0,4.2207599742138795,1.0,8.839876393601552,1.0,-9.97305290253862,1.0,7.680548044555133,1.0,-19.606137282229966,1.0,-5.296314261674381,1.0,-22.813045562313164,1.0,6.164531820424273,1.0
130,-7.580657691861122,16.225916797593428,0.8,10,10.639766060952926,1.0,-8.215996753079422,1.0,-16.9366248204539,1.0,-38.55342126957956,0.0,9.103862387973402,1.0,-8.654616538737526,1.0,0.07640127595859525,1.0,-0.3200346131658165,1.0,8.927978488935908,1.0,-31.873891137415825,0.0
131,-1.8832286620122265,10.609275801961685,0.9,10,5.880754109138725,1.0,6.570488065702798,1.0,1.2162827658517763,1.0,6.451219806374835,1.0,-16.06609649336123,1.0,6.13019889459754,1.0,-3.0871187025534823,1.0,-25.30527936999741,0.0,-7.181611967062262,1.0,6.558876271186438,1.0
132,-5.99449200160665,12.060061160874739,1.0,10,-8.972303052139756,1.0,-26.59748698624812,1.0,4.578466759195004,1.0,-21.54137585456806,1.0,-3.5516463972201944,1.0,9.722973834697823,1.0,10.211566666666668,1.0,-0.10769210572379073,1.0,-6.899865622881096,1.0,-16.78755725784498,1.0
133,-10.06024427667357,17.894997173232035,0.7,10,3.5741345644286824,1.0,-35.08745573355814,0.0,10.875,1.0,1.9002912695581262,1.0,2.582883732257166,1.0,-36.00547517018798,0.0,5.9309468291821235,1.0,-36.81174390406396,0.0,-9.512881405649585,1.0,-8.048142948702152,1.0
134,-0.7638440543989121,13.00131372569294,0.9,10,-6.502350149023073,1.0,6.419904381084841,1.0,9.659915966386555,1.0,-0.17435418186238572,1.0,9.00203923989077,1.0,-29.8924613809319,0.0,7.383040743209467,1.0,10.875,1.0,-18.78372873721583,1.0,4.374553574472435,1.0
135,-0.5750243944765673,13.562012018107435,0.9,10,-2.2529467019204006,1.0,-16.735892413729093,1.0,8.261047910479105,1.0,-0.3288538125303546,1.0,6.444331817269747,1.0,-33.809165644171806,0.0,3.0388132929369434,1.0,8.603496732026143,1.0,10.27173611985396,1.0,10.75718875502008,1.0
136,-4.357775308521763,13.91361813486545,0.8,10,-1.2912277894272197,1.0,-7.740700934579447,1.0,-31.746606670072918,0.0,6.972760816326529,1.0,-28.747575597284687,0.0,0.6618745953722573,1.0,7.894355455030766,1.0,10.875,1.0,-0.5328979005921397,1.0,0.0772649400092309,1.0
137,-2.7788645615623904,19.15815113080128,0.8,10,2.133148050994178,1.0,9.105899536872105,1.0,6.653346736247753,1.0,7.049283695460165,1.0,-42.91124737834179,0.0,8.071500102326215,1.0,-38.57811061263514,0.0,7.159907949790797,1.0,10.544274576271187,1.0,2.9833517273906365,1.0
138,-11.270247851422223,20.019132612857373,0.6,10,-10.741839439065965,1.0,5.319389674838901,1.0,-25.56262109217765,0.0,-35.52151076444856,0.0,6.178006066843617,1.0,-38.53056436529233,0.0,9.846963204691638,1.0,7.163001586373884,1.0,-38.577533281318594,0.0,7.724229895332812,1.0
139,-9.24162600484338,22.43039693365159,0.7,10,9.666660010058875,1.0,3.2854196721311535,1.0,-46.36381386579296,0.0,9.550460348749052,1.0,-12.23999065052653,1.0,4.891302407141718,1.0,-31.48422631697943,0.0,9.429470941155081,1.0,7.991559619927827,1.0,-47.14310221429858,0.0
140,-15.991583258373206,21.733302936682993,0.6,10,-30.105047365675535,0.0,-39.07168217966548,0.0,-39.19166407676472,0.0,9.092329664682456,1.0,-31.50365414364642,1.0,-20.247156627661624,1.0,8.603597324414714,1.0,-39.003432282498544,0.0,10.635877103083098,1.0,10.875,1.0
141,-14.300554667683826,25.365695729476947,0.6,10,8.764611863384681,1.0,-12.533676847290655,1.0,10.028091058514136,1.0,-57.172499855466256,0.0,-53.37114875309909,0.0,-30.841681134507922,0.0,10.633895782677957,1.0,6.490150328077563,1.0,4.942583302332997,1.0,-29.945872421461655,0.0
142,-6.980733686415578,22.713819584031537,0.7,10,-31.15321482045431,0.0,9.827795867954189,1.0,10.512417375622377,1.0,-47.0896061689763,0.0,4.125911381864401,1.0,1.9037680053847872,1.0,6.9031065460070025,1.0,9.312216201117318,1.0,-44.58224950085042,0.0,10.432518248175183,1.0
143,-3.2457141227191912,16.354843392432386,0.9,10,10.039642367188609,1.0,-16.709542160278758,1.0,10.753202971565196,1.0,5.4213914689439635,1.0,-20.657893183038112,1.0,10.875,1.0,-21.46762005426892,1.0,-31.98386349136508,0.0,10.755937288135593,1.0,10.5166035659256,1.0
144,-0.45863503922981497,10.988334575060545,1.0,10,-20.43308701962517,1.0,-14.391952468878436,1.0,5.157280035077461,1.0,5.04119950349808,1.0,6.585118087174161,1.0,10.284163133582231,1.0,-15.510783756435817,1.0,2.034074428182688,1.0,8.806661716617167,1.0,7.840975948509485,1.0
145,-2.5933869822573445,12.370424316420294,0.9,10,8.72177634891738,1.0,2.032798680674329,1.0,3.9574581267783273,1.0,-35.597415792720575,0.0,-4.736285254072447,1.0,-3.0362516647884448,1.0,-10.301761468987362,1.0,0.5777386281588406,1.0,9.298353293413173,1.0,3.1497192800533282,1.0
146,-27.147302447899733,19.472768084437934,0.3,10,0.4579417316040697,1.0,-42.78450370402088,0.0,-41.68939631387263,0.0,-48.56887162484897,0.0,-43.79247548326777,0.0,-28.15284290125069,0.0,-32.28139006390061,0.0,9.265244390135525,1.0,-7.285021515571444,1.0,-36.641708994004006,0.0
147,-0.27011651491088084,15.292835960360181,0.9,10,9.674091296432584,1.0,2.040321937164073,1.0,10.760069854916711,1.0,6.880175044883303,1.0,-42.96952573056653,0.0,7.897103536709013,1.0,8.379848422648182,1.0,-9.507498947115092,1.0,1.5131546011744064,1.0,2.6310948346445446,1.0
148,0.2979426992742423,11.570258901637072,0.9,10,8.764439414567732,1.0,-27.966944386149013,0.0,0.6871116465678249,1.0,6.6058659406915226,1.0,5.924089293647267,1.0,-12.533733346841611,1.0,-3.9117687855961805,1.0,10.875,1.0,8.868672300600643,1.0,5.666694915254237,1.0
149,-0.7941600862463916,9.280789271919476,1.0,10,7.614751339197143,1.0,-10.35388696769094,1.0,-15.589014447884429,1.0,7.897837419545031,1.0,4.9739399155930695,1.0,-17.613443267743108,1.0,3.8056946225949675,1.0,2.5320825441132504,1.0,3.265470937208372,1.0,5.5249670426027295,1.0
150,-2.847642810882982,12.360840113096025,0.8,10,-25.928824697450345,0.0,-27.17635427052173,0.0,0.7174110949291652,1.0,3.504819693157711,1.0,9.571063086195213,1.0,1.7568141834033941,1.0,-2.6519029720279637,1.0,-1.1048602883496983,1.0,6.515126640571033,1.0,6.320279421263402,1.0
151,-9.204164158612148,16.993482777725664,0.8,10,9.100988793502287,1.0,2.266455796455795,1.0,-40.7161757245399,0.0,-10.07678045838358,1.0,7.579504924831518,1.0,3.5775470077312237,1.0,-19.114394969775468,1.0,4.2198194499128165,1.0,-13.49252586932979,1.0,-35.386080536526386,0.0
152,-10.077170330273912,19.34035491689524,0.6,10,-34.09449363523712,0.0,8.19883877656817,1.0,8.00067377826404,1.0,-27.935216723187803,0.0,-37.11523145697312,0.0,-2.072152932233452,1.0,-32.84435962726191,0.0,9.712755000000001,1.0,-3.3754959760434193,1.0,10.7529794933655,1.0
153,-2.047669454721202,6.50041599227999,1.0,10,7.08280571428571,1.0,-0.2393973404557581,1.0,4.9443523713614335,1.0,-4.599144312965851,1.0,-8.862336831990525,1.0,-5.214179190448771,1.0,-6.106640832119229,1.0,-14.164914827432982,1.0,2.1865670222565603,1.0,4.496193680297398,1.0
154,-2.093851986536403,12.010920869977834,1.0,10,-0.09655551634909543,1.0,-11.727108285479902,1.0,4.59654090456876,1.0,-0.038069073360116334,1.0,10.759607552469376,1.0,9.921497083790495,1.0,-29.523301745745563,1.0,9.78332223701731,1.0,-2.865086485515924,1.0,-11.749366536759371,1.0
155,3.485190575352642,6.432237138977741,1.0,10,3.4688662669348442,1.0,-0.4244185588336702,1.0,10.875,1.0,0.37816052599684724,1.0,9.935205979829657,1.0,5.820031751336898,1.0,-2.569422570420956,1.0,-10.338232167943373,1.0,7.916727374906337,1.0,9.789987151719835,1.0
156,-9.24387974234389,21.388706048414036,0.6,10,-13.228644490151105,1.0,-25.753833104323046,0.0,-50.224609398272285,0.0,10.759303689225508,1.0,-31.524886857559974,0.0,9.943065615141956,1.0,10.153359294787174,1.0,-23.285773891371576,0.0,10.398055052417806,1.0,10.325166666666666,1.0
157,-7.918457833536467,16.388500250499128,0.8,10,1.004795071438453,1.0,-41.97958849557521,0.0,-9.447050636306734,1.0,1.7031616666666665,1.0,9.370329473393989,1.0,5.41565494564488,1.0,-11.208119220296028,1.0,-34.809698167050875,0.0,1.5326238546771815,1.0,-0.7666868279569936,1.0
158,-5.608239118081812,10.867577388912855,0.9,10,2.51929479768786,1.0,2.7027795071335916,1.0,-4.436975638927361,1.0,-4.281746914965225,1.0,3.806307083983068,1.0,-12.583581308146776,1.0,-7.41584364121176,1.0,-6.925385510208526,1.0,4.422900955437239,1.0,-33.89014051160023,0.0
159,-6.3678045760528965,13.208223959661957,0.9,10,9.794859190134977,1.0,1.8849667035129833,1.0,-1.6186008289678195,1.0,-2.628229149953471,1.0,-35.72683397631316,0.0,-20.000641193638693,1.0,-7.3407270159112645,1.0,10.875,1.0,-12.058418928644866,1.0,-6.859420560747658,1.0
160,-5.0310537474294135,15.758529612312701,0.8,10,-4.307799645269121,1.0,4.430663658375524,1.0,5.987794621909401,1.0,8.815881415364998,1.0,10.149759910852975,1.0,-10.78321480671046,1.0,-7.411311877298301,1.0,9.198184715385585,1.0,-29.879545098405,0.0,-36.510950368499735,0.0
161,5.935174323525664,5.837082821734005,1.0,10,10.875,1.0,0.05146143392223834,1.0,10.755042016806723,1.0,-6.983577160741513,1.0,8.729872557349193,1.0,-0.22433770824468446,1.0,9.65580963543273,1.0,7.282077355836849,1.0,10.875,1.0,8.335395104895104,1.0
162,-0.8282599327542627,10.71396302651013,0.9,10,-13.224481972291542,1.0,2.728241503512712,1.0,3.9720690629591955,1.0,4.382358264413279,1.0,6.905391520057446,1.0,-4.93808978719693,1.0,-27.255241227039964,0.0,6.7940114953015245,1.0,6.352034725717161,1.0,6.001107087024491,1.0
163,-0.2392163455232094,11.670338865358945,0.9,10,0.6029380737868468,1.0,8.957992799644028,1.0,9.364834566596196,1.0,10.642784186493632,1.0,-29.57673130524805,0.0,4.677033571703849,1.0,-6.778640695255362,1.0,-9.55704115449507,1.0,3.2217444142333607,1.0,6.05292208730847,1.0
164,-6.800716159492756,19.869113464938238,0.8,10,6.8042567567567565,1.0,-2.786993273481791,1.0,-46.0324944359699,0.0,3.6931988547631436,1.0,-43.45583709781505,0.0,-9.004155844155841,1.0,10.756993511175198,1.0,-3.1327297607256437,1.0,10.205580945003874,1.0,4.945018749521696,1.0
165,3.5757037161503886,7.528637732594897,1.0,10,-2.297161951844732,1.0,7.771703064640742,1.0,-15.840033532144119,1.0,9.310074178629346,1.0,5.456497057026151,1.0,9.810475413818232,1.0,6.899958968200355,1.0,10.394838718095933,1.0,2.7105393550729033,1.0,1.5401458900090699,1.0
166,2.113722344333979,7.490912753825152,1.0,10,-4.617271495570609,1.0,-9.876409724321805,1.0,10.514761538461538,1.0,4.8118692322796,1.0,4.843765315214967,1.0,-5.370896969394876,1.0,-6.688294761145627,1.0,7.916125759146793,1.0,8.970522742474916,1.0,10.633051806194898,1.0
167,-6.320986006832846,12.130054773206554,1.0,10,3.1662821762438504,1.0,-6.496740271456108,1.0,-16.92618075300733,1.0,3.56059305884391,1.0,5.915154209041556,1.0,-26.60721648185484,1.0,-24.136026261920208,1.0,-4.55918283770162,1.0,-7.75917342860604,1.0,10.632630522088354,1.0
168,-2.0966871970329737,13.034027376368766,1.0,10,-27.8362540835868,1.0,5.486896608877249,1.0,2.911809019118871,1.0,5.903254019814843,1.0,10.757753941586975,1.0,-18.11692972972972,1.0,10.755,1.0,6.924363010980288,1.0,-0.8333734939759019,1.0,-16.91939126341554,1.0
169,-6.541435927158199,14.792706703347047,0.8,10,4.445395201129145,1.0,-7.746782629287981,1.0,4.043369689748406,1.0,-1.7348249982215282,1.0,-17.65463990117359,1.0,8.120036544674539,1.0,-35.89055237828242,0.0,9.547038250635282,1.0,-27.552345454545467,0.0,-0.9910535962583751,1.0
170,3.629725194323705,5.296313116409898,1.0,10,9.971318824102648,1.0,10.270068958723279,1.0,7.509673333333333,1.0,-0.22898699274710488,1.0,6.565985,1.0,2.692924900274389,1.0,-5.1383508720647,1.0,-2.3120119372441987,1.0,8.201906665405176,1.0,-1.2352759365457686,1.0
171,-6.042072160594275,17.85810488585464,0.6,10,-27.122881286906942,0.0,9.48311234764176,1.0,8.473912267375617,1.0,-27.347917233339803,0.0,5.634030462604985,1.0,-33.67330522486769,0.0,10.875,1.0,5.316117499999999,1.0,-22.21614687216684,0.0,10.157356433716176,1.0
172,-6.231465915481289,18.027594088851256,0.8,10,-43.7001661844924,0.0,6.938701666666665,1.0,4.060310460848287,1.0,6.6774745076127955,1.0,6.684429001169851,1.0,-32.38945510639258,0.0,10.271466499162479,1.0,-20.491824817518257,1.0,0.023524000119476085,1.0,-0.3891191819891979,1.0
173,-3.3934734004755613,19.56776293735623,0.8,10,6.767105657294573,1.0,-44.98958747429752,0.0,5.9938004650985475,1.0,-38.37760271041374,0.0,9.565920661157024,1.0,8.117733999958075,1.0,-0.20954498994923831,1.0,-1.1368744777108617,1.0,10.056861335106824,1.0,10.277453529000699,1.0
174,2.088041202917502,10.38445046278318,0.9,10,6.093853573503777,1.0,8.49464565034292,1.0,6.0039444444444445,1.0,0.05598850851332848,1.0,9.314145877378436,1.0,10.307924325774856,1.0,-6.548022874661013,1.0,1.9073180176879987,1.0,10.350000000000001,1.0,-25.099385493809727,0.0
175,-0.7818074865143568,8.574342128431557,1.0,10,-12.325102351859153,1.0,4.26591116086676,1.0,-18.920608126428327,1.0,-7.657087702254536,1.0,4.114930463352612,1.0,1.5208491803278719,1.0,4.261114217980668,1.0,4.995919663624979,1.0,2.7147348103390394,1.0,9.21126381890652,1.0
176,1.1725008333305438,8.97598298811057,1.0,10,7.618955472565355,1.0,8.473393958766183,1.0,10.514937834161156,1.0,7.969169179951171,1.0,-19.642953571428578,1.0,-2.577729995320544,1.0,-7.756156023583927,1.0,3.1497719673665916,1.0,6.73331886549205,1.0,-2.7576993546640196,1.0
177,-8.277444651416397,16.6085029074818,1.0,10,10.531167760860455,1.0,-35.47143103200804,1.0,-38.32743077677043,1.0,-2.588864242710425,1.0,-6.588507640067908,1.0,-2.9860780613912503,1.0,10.528009674650855,1.0,-11.56467358067476,1.0,-15.02702771786883,1.0,8.720389101816364,1.0
178,4.043250663923921,6.451148031085096,1.0,10,7.88539232268265,1.0,-8.80869419868981,1.0,-2.967529423400256,1.0,8.98398618208206,1.0,10.512841949454526,1.0,5.208884681920553,1.0,-3.124070292887021,1.0,3.261819252859455,1.0,10.875,1.0,8.604876165217053,1.0
179,-2.24617321186808,11.562228219398465,1.0,10,0.6020539101874469,1.0,9.056311028585057,1.0,4.760044146795599,1.0,-15.792155099449865,1.0,-21.93001580739297,1.0,10.404065354529397,1.0,-16.043387151790782,1.0,5.969584783751971,1.0,-8.420158309597937,1.0,8.931925025701277,1.0
180,1.5042520377752773,7.013943020940568,1.0,10,10.276095133796781,1.0,4.712298007706322,1.0,5.476741944883857,1.0,-7.6863168093008145,1.0,0.5962637191562266,1.0,6.7989139479721565,1.0,-9.77063083504349,1.0,4.705073102653847,1.0,-8.203570372560614,1.0,8.137652538488501,1.0
181,-1.9018624432490683,6.544008003176893,1.0,10,-5.962487402717322,1.0,-5.436201745077232,1.0,-3.665491365617928,1.0,-13.360019945602941,1.0,4.317753319128011,1.0,8.196133798481428,1.0,-6.483835990552109,1.0,-4.146521099965403,1.0,7.886417058875765,1.0,-0.3643710594429539,1.0
182,-9.455118953295592,20.861275370540838,0.7,10,10.167247082121941,1.0,9.64865992970123,1.0,8.526457451548229,1.0,-39.45025376372358,0.0,-34.82876580538759,0.0,2.8849804654323083,1.0,10.756054122621565,1.0,-7.116094126907553,1.0,-43.57832753661961,0.0,-11.561147351742871,1.0
183,-0.9294021522832576,12.80376917336235,0.9,10,-34.129781127323895,0.0,3.7685207877461675,1.0,-4.9603786806665155,1.0,4.804810496054447,1.0,10.452479101358412,1.0,7.029327687160183,1.0,-2.3768853712281413,1.0,-10.725370521606363,1.0,8.233077453987729,1.0,8.610178651685395,1.0
184,2.2587916711350142,11.899231625823768,0.9,10,10.517230915923495,1.0,8.029943061711556,1.0,3.841224713905909,1.0,7.1526080899085125,1.0,-2.9835547003848166,1.0,8.995858002553035,1.0,-31.736707077247775,0.0,4.939570054860384,1.0,9.016828154294148,1.0,4.814915495825699,1.0
185,-12.432755513943183,16.99801475531378,0.5,10,-31.852630107003872,0.0,5.981018561846826,1.0,-0.07556841447756568,1.0,8.329913605167542,1.0,-31.03972943471595,0.0,-29.912258371208605,0.0,-22.798485506590673,0.0,2.181054463909607,1.0,4.987123790007282,1.0,-30.127993726366427,0.0
186,-11.981814836856362,18.856004346089318,0.6,10,10.655932697403285,1.0,4.4526672505230405,1.0,-33.67987441464452,0.0,-7.143190241783687,1.0,-0.0960747478742352,1.0,5.063200218155377,1.0,-27.147895599672122,0.0,-33.85252395270614,0.0,3.758110045529401,1.0,-41.828499623494004,0.0
187,-4.942027412056779,16.148739329526357,0.7,10,-28.017048391531464,0.0,10.636814107883817,1.0,0.24694808569613969,1.0,7.332769615045549,1.0,10.27953832712558,1.0,-6.889558110173432,1.0,2.7320940094233768,1.0,10.514866755927958,1.0,-32.953135073621624,0.0,-23.303563446343695,0.0
188,6.635984047008162,4.188134273982724,1.0,10,9.114459751037343,1.0,6.8403738317756995,1.0,-2.856144491095984,1.0,9.922266761400335,1.0,0.5114959067228977,1.0,6.0294836138761205,1.0,10.285963865546218,1.0,7.52773206828339,1.0,9.420348991948899,1.0,9.563860170586715,1.0
189,-0.5099271060738181,14.3008959443418,0.9,10,-2.7665090981731026,1.0,10.875,1.0,10.875,1.0,-20.21057880497353,1.0,-11.286353501038045,1.0,9.26813777777778,1.0,9.463132444919381,1.0,-30.171726651186784,0.0,10.875,1.0,7.97962677193612,1.0
190,-8.553632299251579,20.56760780618069,0.6,10,6.576315211281999,1.0,-32.802979602858095,0.0,-43.33477694130773,0.0,9.067413408283045,1.0,7.939723973466365,1.0,7.609654370683971,1.0,-27.0130450230821,0.0,8.706321260597345,1.0,7.669047104247103,1.0,-29.95399675382769,0.0
191,0.7209595630131356,13.663962910418029,0.9,10,5.09126594123466,1.0,6.432287026605424,1.0,-36.702858433414825,0.0,-9.253629649344605,1.0,6.99332266575463,1.0,7.038074195896579,1.0,9.568001459854015,1.0,10.277214571970951,1.0,-0.9361844271935968,1.0,8.70210227876812,1.0
192,-2.5631402287885345,7.971604192663034,1.0,10,7.868179048871356,1.0,1.4677572895762,1.0,-8.78132153137593,1.0,3.51713849157506,1.0,-11.882428705629735,1.0,8.337881093514996,1.0,0.7614449821836882,1.0,-16.511171578640223,1.0,-7.387766609709528,1.0,-3.0211147682512305,1.0
193,3.070493849848847,13.968180227726053,0.9,10,6.948117243546108,1.0,7.625674692978485,1.0,9.453959154929576,1.0,7.24546867291564,1.0,7.728196721311475,1.0,8.828040174377996,1.0,7.780197930453614,1.0,6.700127109357878,1.0,7.160188746579959,1.0,-38.76503194796226,0.0
194,-6.9152021937662,23.0304205951025,0.8,10,-51.22290583591771,0.0,-52.27636824164377,0.0,10.75317935083638,1.0,-0.39374512941831874,1.0,7.158366005791936,1.0,7.7415670241286865,1.0,-8.570690527838034,1.0,2.3874832087428377,1.0,6.435905152302873,1.0,8.835187055353114,1.0
195,5.7571008907814125,4.109057114143997,1.0,10,10.515001428299371,1.0,5.15097624234879,1.0,5.769421211977861,1.0,-4.238801182516447,1.0,10.163509389124458,1.0,7.638360655737705,1.0,6.279790696210501,1.0,6.667960378514535,1.0,1.6440431902490733,1.0,7.980746897868279,1.0
196,-21.9064422632265,23.547827685610514,0.4,10,-48.87862321170235,0.0,-43.52524097554664,0.0,1.454566513258822,1.0,-47.45389471561117,0.0,8.220597539543057,1.0,-35.80402417263201,0.0,-29.137940834517504,0.0,4.165460430342817,1.0,10.396654268975052,1.0,-38.50197747437508,0.0
197,-2.6724324896970826,16.905075568296088,0.8,10,-3.400648657318305,1.0,-25.974675830939663,0.0,7.373006752492742,1.0,7.6821243536322115,1.0,1.5259151073942583,1.0,-43.516031760272675,0.0,6.924832548403977,1.0,9.664957983193277,1.0,4.520522777777779,1.0,8.475671828665568,1.0
198,-23.612833273715914,28.487983767735155,0.5,10,-37.61552466773365,0.0,-16.418747493959806,1.0,10.766842706251785,1.0,-35.683128104921494,0.0,-49.197971896579354,0.0,-63.13357154412361,0.0,10.04748252969951,1.0,10.053401179784238,1.0,-63.297433757830994,0.0,-1.6496816877457725,1.0
199,-0.6707052925658916,10.457301991622487,1.0,10,4.400110054429094,1.0,2.3460345478127573,1.0,10.875,1.0,-16.975646454425146,1.0,-1.4431727062451838,1.0,8.073151750972762,1.0,-9.397090400497301,1.0,-19.7823805601318,1.0,6.1207795809086685,1.0,9.07616126151723,1.0
200,-11.236422442968111,27.212208943251078,0.6,10,9.679430584650543,1.0,-24.15839108494531,0.0,10.11842287694974,1.0,-51.489039024998455,0.0,9.728643142276118,1.0,10.875,1.0,-48.72307916301606,0.0,10.518665375735457,1.0,10.39397756263492,1.0,-49.30785469896807,0.0
201,-10.176475506440038,20.104788837873897,0.6,10,-36.9490976740562,0.0,9.612480671820848,1.0,-35.96121718858988,0.0,-33.82672528610891,0.0,10.638204083247606,1.0,8.444519987409505,1.0,-26.173531610499417,0.0,6.487515624466377,1.0,9.443846692607003,1.0,-13.480750364697297,1.0
202,-2.7057104832445757,17.696896451947932,0.8,10,-5.310841114982583,1.0,7.8816046728204,1.0,-38.32591967789614,0.0,9.370966999911529,1.0,-35.77691842304775,0.0,6.288285285785703,1.0,2.417686851375797,1.0,9.106861593862533,1.0,8.336196840421277,1.0,8.954972139303482,1.0
203,2.873698467801321,13.42612144820777,0.9,10,10.51523414082846,1.0,10.297174474363702,1.0,7.2906856228458885,1.0,10.407905670971365,1.0,1.6379183436796456,1.0,6.122636643892684,1.0,-36.40200042751793,0.0,3.394932316265833,1.0,10.039344657493602,1.0,5.433153235189964,1.0
204,-5.73607524208845,16.85063821062539,0.9,10,9.543851415844735,1.0,-34.056715059055094,1.0,10.512207838906868,1.0,-2.984156023562532,1.0,-2.149192854311762,1.0,-35.61619371133741,0.0,-19.140108541764988,1.0,10.875,1.0,-0.6641675599901049,1.0,6.318722074385791,1.0
205,4.388469511964816,7.511120112807618,1.0,10,9.488924846215564,1.0,4.192899974153527,1.0,10.753939662036627,1.0,10.396086307081186,1.0,10.034726001331938,1.0,8.121471472659648,1.0,-4.531181602341112,1.0,-0.737576456396793,1.0,-12.64875261854883,1.0,8.814157533456392,1.0
206,0.11464424185243427,7.08400590431717,1.0,10,9.136864878273503,1.0,9.955726992575991,1.0,-3.8119551049963842,1.0,7.673512567610562,1.0,2.0325244349419656,1.0,-5.8295448754438794,1.0,-11.572239718896405,1.0,-2.817980003635702,1.0,-7.261098020521203,1.0,3.6406312686158895,1.0
207,-0.5134052666916126,13.997581985200533,0.9,10,10.034545051534966,1.0,-38.81576770350756,0.0,-8.706732765360872,1.0,10.875,1.0,7.212610393750996,1.0,2.3582653469306143,1.0,-0.8371233887000553,1.0,9.446459142918826,1.0,-0.2961510577287303,1.0,3.594842313245688,1.0
208,-2.6426812962333477,18.358346121276718,0.7,10,10.875,1.0,10.875,1.0,10.407794440380394,1.0,10.529242493060812,1.0,6.548646280991737,1.0,-24.03999885481612,0.0,6.585377674007699,1.0,8.274478144938579,1.0,-28.6686584173541,0.0,-37.813694723542476,0.0
209,-20.91145083843866,25.112939414047506,0.4,10,2.7383949720670406,1.0,-48.52096962236977,0.0,-26.124207486779863,0.0,-45.56753724759851,0.0,10.392662200095334,1.0,-47.58115310981295,0.0,-44.68634135921147,0.0,-31.042369979807017,0.0,10.640828190812028,1.0,10.636185058218572,1.0
210,-13.062051977141255,21.469601222290247,0.7,10,9.215756032395424,1.0,-38.44362179487179,0.0,-7.968651743883385,1.0,-15.323707394300612,1.0,-45.75532222783106,0.0,3.4831038015720104,1.0,10.156087161301047,1.0,-6.258595743679088,1.0,-46.48414873209827,0.0,6.758580869983178,1.0
211,-18.52401722716869,20.128029222779524,0.7,10,-18.5628905093112,1.0,4.746196228109563,1.0,-23.615639626907857,1.0,9.203664033773661,1.0,-7.889582477997209,1.0,6.15958799761542,1.0,-29.018525959423748,0.0,-41.11243581918065,1.0,-52.95442475108165,0.0,-32.19612138728321,0.0
212,1.473009266470976,12.477638775204365,0.9,10,10.875,1.0,-14.29756591442298,1.0,6.4261838790932,1.0,10.157372242029659,1.0,-29.75291236254583,0.0,10.397976117914334,1.0,6.233865234542492,1.0,3.636409710837489,1.0,7.096450529144969,1.0,3.9573132281164263,1.0
213,-24.019683655915294,15.250864878658893,0.2,10,-32.03034871543116,0.0,-33.53701419727077,0.0,-34.76249897813203,0.0,-27.987801452525908,0.0,-30.71772508105415,0.0,4.274684771060609,1.0,-32.480806662640916,0.0,-28.847147901452516,0.0,-32.219696777540754,0.0,8.111518435834654,1.0
214,1.127660682057255,7.03103471483426,1.0,10,-12.249986257192061,1.0,-11.269966109657055,1.0,5.254122339492969,1.0,8.795809320526503,1.0,9.685093304561894,1.0,2.2387744046536966,1.0,2.6506949871144725,1.0,0.0327656969077168,1.0,2.6582996023292136,1.0,3.480999531835204,1.0
215,-3.984884094988524,12.778494967444704,1.0,10,1.5761601925060162,1.0,-29.787630721249737,1.0,10.513650257507859,1.0,6.693228589273168,1.0,-14.24543045843044,1.0,-16.856907815433278,1.0,5.809771741735853,1.0,-12.88347571377989,1.0,1.8196033806697791,1.0,7.512189597315436,1.0
216,-15.300815352306245,28.521461933784185,0.6,10,1.2207291743661735,1.0,-53.18996517511005,0.0,10.635,1.0,10.756060337963373,1.0,-35.03489156008042,0.0,-48.41964959055423,0.0,0.861153417015343,1.0,10.179675040961223,1.0,10.271762015742492,1.0,-60.28802718336637,0.0
217,-5.034232131737098,18.751981261215064,0.8,10,-46.34733700022516,0.0,-1.3162388492417438,1.0,-34.97598976591652,0.0,7.283764032853915,1.0,8.870573126272431,1.0,9.584801271860094,1.0,5.480644411656215,1.0,-9.089645119927589,1.0,7.171867298962386,1.0,2.9952392763349893,1.0
218,5.953747613056994,4.100011945125011,1.0,10,8.711530693687752,1.0,-0.694927241740956,1.0,7.747049282144611,1.0,10.634357577836864,1.0,9.428831456965785,1.0,9.074127666163434,1.0,4.083236670065374,1.0,0.4867813295615271,1.0,9.172841591961385,1.0,0.8936471039241667,1.0
219,5.847050119177126,6.076177211281658,1.0,10,4.5423634086018065,1.0,10.276361158226313,1.0,-8.777647927009264,1.0,10.875,1.0,10.524882047181128,1.0,8.005605535270474,1.0,7.647509351620949,1.0,8.741353509596026,1.0,8.691512635708422,1.0,-2.0564385274245893,1.0
220,5.881369602708199,5.272939327150147,1.0,10,-6.213721067425478,1.0,8.495193443290571,1.0,10.292796356226777,1.0,8.986639474205694,1.0,10.17313882312179,1.0,7.148268335381978,1.0,7.93163162533048,1.0,1.586612260154494,1.0,10.316786941580755,1.0,0.09634983521491947,1.0
221,-10.536483034242028,16.665198599734673,0.7,10,-40.45179483484175,0.0,6.0403256773730485,1.0,-3.6131214598827732,1.0,-15.936913545180207,1.0,1.2197660879871712,1.0,-35.85812502769036,0.0,7.748115406826541,1.0,-24.21793027507686,0.0,-2.765985519629444,1.0,2.4708331476943632,1.0
222,0.1265926392198426,12.142688993012165,0.9,10,10.756328435053096,1.0,10.513073682802888,1.0,-16.090755842434383,1.0,8.920742728977462,1.0,3.93171143111399,1.0,5.822715468268138,1.0,5.809240837696336,1.0,-27.68474010347733,0.0,-5.837325884543766,1.0,5.124935638741998,1.0
223,-6.718904959253993,20.847018183419625,0.7,10,8.129163133796848,1.0,-30.47826766706086,0.0,-0.27209016393442553,1.0,0.46825469374349815,1.0,8.325242243043457,1.0,10.633677998678598,1.0,-38.242071757690795,0.0,10.278995904908792,1.0,8.464843354219436,1.0,-44.496797332244476,0.0
224,-3.587852326489157,11.458954597557613,1.0,10,3.8592648559041063,1.0,-1.42806172140431,1.0,-10.393084096053546,1.0,-25.109557562076763,1.0,6.872069528984026,1.0,-16.884337686846607,1.0,10.403708563117387,1.0,-2.030945881552073,1.0,10.393782319275887,1.0,-11.561361584239677,1.0
225,5.971556347550045,5.921437252948699,1.0,10,8.782603331706976,1.0,-7.472655192703744,1.0,10.635267311473667,1.0,-3.4617339007547763,1.0,10.515438716871087,1.0,6.415617359243756,1.0,9.822786182772191,1.0,8.512452968482776,1.0,8.698812456827078,1.0,7.266974241581446,1.0
226,2.1063841711615323,6.302721964666334,1.0,10,10.633932480215526,1.0,7.764767768310103,1.0,1.5074100678892322,1.0,-11.024285571662489,1.0,4.343783936651587,1.0,5.573033857637963,1.0,1.1575329503210536,1.0,6.735265750725271,1.0,1.184105792368511,1.0,-6.811705320841435,1.0
227,-0.0755276048872453,13.674485195550476,0.8,10,7.1774619888563596,1.0,7.9797020914396875,1.0,9.610046666666667,1.0,7.054039700762907,1.0,-27.209636861144627,0.0,6.057509190152613,1.0,-23.197202539120145,0.0,10.397210486322189,1.0,-9.019220001046627,1.0,10.394813228238519,1.0
228,-5.8254313195290734,18.240850745209883,0.6,10,-23.400714565800968,0.0,8.83947176463437,1.0,6.084847581349919,1.0,-33.80017768133383,0.0,-23.32208384468117,0.0,10.518611364489994,1.0,10.166965811965813,1.0,7.264651211471035,1.0,-30.77770003780235,0.0,10.17181520041645,1.0
229,-8.976097738076941,20.075297766197675,0.7,10,-3.7793893824844105,1.0,-37.87647159546779,0.0,7.80109294375645,1.0,-4.86381057381673,1.0,8.48368415042631,1.0,8.293864867116554,1.0,-35.1520126334787,0.0,-0.20248230918605437,1.0,10.215200000000001,1.0,-42.68065284763504,0.0
230,3.7260925309270307,6.734929009385347,1.0,10,-13.294528812558424,1.0,4.697008796512536,1.0,10.75317935083638,1.0,-3.160808671579522,1.0,6.173657195112254,1.0,4.497662173246318,1.0,9.061359084840394,1.0,7.969403418612445,1.0,3.25212221057361,1.0,7.311870563674322,1.0
231,-1.693280777918903,9.629389128439941,1.0,10,8.864716025204359,1.0,-1.0849276510225803,1.0,-16.54268114121656,1.0,10.277128157156222,1.0,10.038044134870246,1.0,-17.57035409932414,1.0,-8.608033783490376,1.0,1.389894918478861,1.0,-0.34143030523697426,1.0,-3.355164034608091,1.0
232,-2.947090758704269,15.545430775504942,0.8,10,-35.85955177160111,0.0,-4.112817279586707,1.0,9.919113989974612,1.0,7.829326502417683,1.0,10.396684565249593,1.0,-28.908982408552387,0.0,8.154018306960904,1.0,2.1897536106018167,1.0,-3.1043177620613545,1.0,4.025864659554264,1.0
233,4.431708243993091,4.358402358185822,1.0,10,6.411931902649563,1.0,8.84653989361702,1.0,0.38615255030416584,1.0,2.7508764705882394,1.0,-2.7302707136997455,1.0,8.038056157307116,1.0,0.19510377729687356,1.0,1.3109557449147893,1.0,10.75643252887595,1.0,8.351304128076933,1.0
234,-8.02021237474109,22.54531384251974,0.7,10,8.282079169370537,1.0,-5.773952534934754,1.0,5.552218506131549,1.0,-38.827324061943614,0.0,10.393206931401862,1.0,6.373338664534186,1.0,-48.315933803489656,0.0,10.639158447343302,1.0,-37.52976832470012,0.0,9.0048532588758,1.0
235,-0.025070974446045648,15.023546619777537,0.8,10,0.9749167346938776,1.0,-27.314197782221424,0.0,2.819171868932763,1.0,-31.48416587316701,0.0,9.665968158347678,1.0,10.153653280249264,1.0,6.582111980061878,1.0,10.875,1.0,8.843907883817426,1.0,8.63292400482509,1.0
236,-25.353462616213797,34.07075490705815,0.5,10,10.635083333333332,1.0,9.645888571428571,1.0,-60.03948431540432,0.0,5.017294418591208,1.0,-65.86325827484235,0.0,-55.82837828829287,0.0,-58.331344361428364,0.0,-56.416309829114056,0.0,7.361429574169395,1.0,10.284453009421474,1.0
237,1.0811075973820585,9.311090621318314,1.0,10,-3.083592548939226,1.0,9.9391645201951,1.0,6.437669854647034,1.0,9.12082277822119,1.0,-4.561814102754576,1.0,9.201987462006079,1.0,-15.179715921272667,1.0,7.621221582974921,1.0,6.00218755396926,1.0,-14.686855205226529,1.0
238,2.33205777219177,9.935094508755242,1.0,10,4.116093176620753,1.0,-1.9021277137906427,1.0,-18.271158755108466,1.0,10.875,1.0,-13.796497498212998,1.0,9.54220494134376,1.0,10.875,1.0,7.401069920588806,1.0,5.061424144945362,1.0,9.419569505531122,1.0
239,3.5601039335549487,8.878676909173201,1.0,10,6.875182269241809,1.0,10.181554767955062,1.0,-20.867745014591442,1.0,10.51532554974572,1.0,10.875,1.0,6.999943714821763,1.0,2.3877326414520823,1.0,5.069873352138623,1.0,4.337865107259726,1.0,-0.7736930524738526,1.0
240,-11.480657977684915,19.785394876781275,0.7,10,4.7075256754786166,1.0,7.950963603501435,1.0,-33.95855770145564,0.0,1.050593304457676,1.0,-16.981706063437944,1.0,-40.689948442855055,0.0,8.440799360923569,1.0,2.279470543144984,1.0,-3.3167433065595695,1.0,-44.288976750047226,0.0
241,2.5257357309493695,12.362676877872126,0.9,10,10.51724752541466,1.0,5.479920634920636,1.0,3.5992635329795295,1.0,9.817944658860469,1.0,-0.5214404477465386,1.0,10.513352688421786,1.0,10.039326254976968,1.0,-33.035290589925665,0.0,4.654240276371435,1.0,4.192792775220411,1.0
242,-7.862709294062933,16.176204411382137,0.8,10,-4.641324116988965,1.0,8.832447517202086,1.0,7.614446936438252,1.0,-30.809137526623697,0.0,0.9051258333333365,1.0,-9.255631629262075,1.0,10.633901556365013,1.0,-0.5990941709681508,1.0,-25.707627301376704,1.0,-35.60020003874842,0.0
243,-3.901329367549292,19.708626561665618,0.7,10,10.633616585737409,1.0,-34.961397841513836,0.0,8.71907213572332,1.0,3.1360595818815336,1.0,-37.16001087169229,0.0,10.272729978211192,1.0,8.657189285714285,1.0,10.396191199939205,1.0,10.279239411066918,1.0,-28.98598314056065,0.0
244,-7.352097291185098,18.878879677257036,0.8,10,10.40133188992876,1.0,-39.76920697960443,0.0,-1.1985277279122801,1.0,3.523823826897373,1.0,10.754214606741574,1.0,-37.494267037552135,0.0,-17.672148722627732,1.0,10.875,1.0,7.043139210597667,1.0,-19.98433197831978,1.0
245,0.05697179443300211,12.148913922550541,0.8,10,7.884902692615302,1.0,-0.21572025138510043,1.0,2.278649883034422,1.0,7.776367884451997,1.0,4.193003201002054,1.0,7.557639724218865,1.0,-20.542722944826995,0.0,7.465067873303168,1.0,-26.222570095866406,0.0,10.395099977782715,1.0
246,-2.844809730497221,8.73621160683219,1.0,10,-12.203256437916629,1.0,8.605284681826193,1.0,-10.850939258013268,1.0,-6.870179178584925,1.0,5.8157587258925645,1.0,-14.47597419087351,1.0,6.833842608036392,1.0,-8.08522110552764,1.0,8.352264668760457,1.0,-5.569677818571844,1.0
247,9.383165306065758,1.9558184934691873,1.0,10,5.526062866955979,1.0,5.459287681816655,1.0,10.155124172469385,1.0,10.39709830792896,1.0,10.526295425604859,1.0,10.179766393630166,1.0,10.025645525686782,1.0,10.530918023582258,1.0,10.273452739905611,1.0,10.758001923076923,1.0
248,-4.633235140057112,12.908553563524563,0.9,10,1.2086656866136245,1.0,2.4955071824091153,1.0,-31.205432954301667,0.0,-7.310224555424233,1.0,6.159113897941506,1.0,0.9364151681000745,1.0,-22.373311111111096,1.0,10.038000638627864,1.0,6.50842853839038,1.0,-12.789513891816682,1.0
249,1.7271026463816508,14.186408608694675,0.9,10,10.048219940401392,1.0,10.520306270852938,1.0,7.2226468628011045,1.0,-34.367232006854536,0.0,10.637832604895104,1.0,3.292531514141147,1.0,8.948816275560644,1.0,5.820035598533554,1.0,10.759607552469376,1.0,-15.61173814898422,1.0
250,-5.0349119328809,17.868170131142634,0.7,10,9.930168461584742,1.0,6.092112696734789,1.0,-33.82712652784066,0.0,8.340776404494383,1.0,-3.3863356626930514,1.0,-26.42133810561261,0.0,-34.26299213868758,0.0,9.805866405525203,1.0,2.982960025468538,1.0,10.396789112217252,1.0
251,-5.643310786793903,16.799194882106463,0.7,10,10.161800420904944,1.0,-7.147445076475794,1.0,2.081647993746742,1.0,7.48272770398482,1.0,5.568657286055822,1.0,3.6332264911453187,1.0,-34.99975349547644,0.0,-34.51306137933783,0.0,10.273654518746504,1.0,-18.974562331233123,0.0
252,4.957127112256705,7.199189477023355,1.0,10,9.551059624983138,1.0,10.875,1.0,8.659098413326085,1.0,9.91156042582536,1.0,7.130186983099604,1.0,8.5425002221235,1.0,8.378045837994739,1.0,1.7787366352655631,1.0,-13.449027189542464,1.0,-1.8058898305084732,1.0
253,-0.5921944718712198,13.140971292395704,0.8,10,1.8283882886555887,1.0,8.136602617705872,1.0,9.913151943930178,1.0,9.206195944295139,1.0,-24.979877790588027,0.0,6.6779189151791885,1.0,4.930471872884677,1.0,-24.70104447261397,0.0,-7.687648551806525,1.0,10.753896513645685,1.0
254,4.675415224054021,7.077987786017765,1.0,10,10.160967222818245,1.0,-7.482200313164068,1.0,4.711863438094172,1.0,9.57380625,1.0,9.54969579628884,1.0,-9.625601975440468,1.0,8.54171215389356,1.0,9.303141559740043,1.0,2.081099067457914,1.0,9.939669040851967,1.0
255,7.217694171375032,3.9306920828009364,1.0,10,10.03777133443163,1.0,8.849446654106483,1.0,10.397024983563446,1.0,8.252919347753057,1.0,-1.6519776497572938,1.0,1.8764425761713337,1.0,10.403143697478992,1.0,5.0236095105564145,1.0,9.795346024272435,1.0,9.193215235173824,1.0
256,-2.5388745715943584,8.302869441126193,1.0,10,-20.84036852401084,1.0,-4.254759668348127,1.0,-0.11246224496086121,1.0,-10.073507993852969,1.0,3.978729542382143,1.0,3.963147254929777,1.0,-1.042785783459232,1.0,1.0625799137674683,1.0,10.029170936190033,1.0,-8.098489148580976,1.0
257,7.613774422797469,3.359438121120493,1.0,10,6.901230773441348,1.0,7.756188253342098,1.0,9.912004915437807,1.0,9.4529043714738,1.0,10.267556654076872,1.0,10.631427687327431,1.0,-1.7152225696985788,1.0,7.36812834224599,1.0,8.212009273570324,1.0,7.3515165267576075,1.0
258,2.8874440720444583,12.57099777614926,0.9,10,9.916693885636306,1.0,-27.35484863851834,0.0,-15.928156557240447,1.0,9.180972798682811,1.0,9.324118314872203,1.0,6.414135151359232,1.0,10.516153530588175,1.0,9.187244163713583,1.0,9.431044023323615,1.0,8.187084048027446,1.0
259,5.888535575684718,4.414125846725466,1.0,10,10.282721488304448,1.0,8.740891461905605,1.0,10.279042709867452,1.0,5.154694441337658,1.0,10.515629564240431,1.0,8.990725803684771,1.0,5.298886999536249,1.0,1.6688066306271843,1.0,-2.218547142614886,1.0,0.1725037999582728,1.0
260,-19.55748184138146,22.12751737885342,0.4,10,-40.40177180238731,0.0,10.754031841652322,1.0,10.394221843231675,1.0,10.757462578025574,1.0,-26.436953957690854,0.0,-41.695771375737465,0.0,-35.650689327763,0.0,-38.64925304292118,0.0,-5.729633284052202,1.0,-38.916461886172186,0.0
261,1.6218782342970723,12.756843384809684,0.9,10,-8.00463422674975,1.0,8.238014572572093,1.0,-3.7794834523036993,1.0,3.459674556213016,1.0,9.356660883797055,1.0,8.256893332404376,1.0,9.433422411857174,1.0,10.75265581201169,1.0,-32.00920727522304,0.0,10.51478572839181,1.0
262,2.9734811637327936,7.414868766660289,1.0,10,10.053618502202644,1.0,3.3505698005698017,1.0,10.754433806146572,1.0,9.245693014194266,1.0,5.1039242677824275,1.0,6.449773079035397,1.0,-7.9202341044115805,1.0,0.9224374543462375,1.0,4.823661542436376,1.0,-13.049065724974204,1.0
263,-2.39697460147557,18.614779410651348,0.7,10,-32.6365793275018,0.0,9.664289027469978,1.0,8.543361367335866,1.0,9.424559824902722,1.0,-31.770945538298495,0.0,-27.892821444884277,0.0,10.516164455473895,1.0,9.491689655172413,1.0,10.526041778830624,1.0,10.164494186743378,1.0
264,3.7184291296861303,6.348348462456389,1.0,10,2.8349571070166446,1.0,10.63897683007032,1.0,10.281433568785738,1.0,5.0129587753753535,1.0,2.7665735676683267,1.0,9.88518813559322,1.0,-0.3714205883612376,1.0,-9.19795308796877,1.0,9.181590964098428,1.0,-3.8480139754167233,1.0
265,-2.872959510753622,19.21636691621304,0.7,10,9.478027773561998,1.0,9.658343434343434,1.0,10.027097324239245,1.0,10.652184745762712,1.0,-32.20972575738095,0.0,10.754691596638656,1.0,-31.86115723829267,0.0,-32.52109321127091,0.0,7.482772268907562,1.0,9.809263955954691,1.0
266,0.31267761187147036,12.763461523091035,0.9,10,8.346127050057808,1.0,-35.07861435111696,0.0,-5.927668722466967,1.0,0.9876355899083773,1.0,0.7820338137343654,1.0,9.174899405785299,1.0,8.993509515078713,1.0,7.8850812214701715,1.0,8.117013810703295,1.0,-0.1532412144393991,1.0
267,-9.817227411417804,21.34027750753795,0.6,10,-34.7918799730613,0.0,0.36566959589083936,1.0,-35.76749052762537,0.0,7.84458910770727,1.0,10.754401902107075,1.0,-37.38835810030624,0.0,9.091210758794762,1.0,-34.92598833972026,0.0,5.8901310790273556,1.0,10.755440383007826,1.0
268,7.8458474440492605,4.960759304608092,1.0,10,9.667857790579827,1.0,7.40578574110986,1.0,6.675166431774501,1.0,10.875,1.0,8.69760915181393,1.0,-6.442137793707696,1.0,10.875,1.0,10.875,1.0,10.267227497497194,1.0,9.561965621425008,1.0
269,-16.961287866126625,21.750737762999698,0.5,10,-33.27789735692285,0.0,9.696910743801654,1.0,0.7561588362145208,1.0,-38.57570377546214,0.0,-12.57039630081416,1.0,-32.787351990540024,0.0,-45.337151957110805,0.0,9.829374301675978,1.0,-37.742789368251344,0.0,10.395968206142914,1.0
270,-1.8744536393013582,15.949755324520696,0.7,10,7.996788485863731,1.0,6.071342390052958,1.0,-22.963047720469724,0.0,4.495695466096025,1.0,10.401676719804682,1.0,10.875,1.0,9.502701626425218,1.0,-26.842318621768086,0.0,9.916167207040296,1.0,-28.198541946058683,0.0
271,1.6398119007323033,12.558875508646594,1.0,10,-25.378956162558314,1.0,6.398026177362459,1.0,-0.6071800637062026,1.0,-19.764724259905524,1.0,8.467124683398573,1.0,10.755,1.0,7.77325858729997,1.0,10.1468276714021,1.0,7.852184746911329,1.0,10.756557627118644,1.0
272,-18.763823739630816,27.662354583667796,0.5,10,-52.521496292619354,0.0,10.634119229679978,1.0,10.521199422710168,1.0,-2.08373506596455,1.0,10.517091070285181,1.0,-45.71795263748596,0.0,-29.15018050766483,0.0,10.283156089193826,1.0,-47.06255969780094,0.0,-53.05787900664165,0.0
273,-10.914609408189724,22.60146530665802,0.6,10,-42.14697489596836,0.0,3.413821994160841,1.0,-31.924780349088042,0.0,-37.044391394684425,0.0,10.179524907063197,1.0,10.655000000000001,1.0,-42.05577481840194,0.0,6.853244112459797,1.0,7.826719264474951,1.0,5.097517098086744,1.0
274,1.7658848979683506,10.602063536473443,1.0,10,7.639383385669427,1.0,1.6414404781949816,1.0,-0.7442255375164528,1.0,7.378872368932878,1.0,7.853473495702005,1.0,10.164826065891472,1.0,10.875,1.0,-20.907201526717586,1.0,-15.354545520863748,1.0,9.111825770390528,1.0
275,5.179245254653384,6.598398134917103,1.0,10,-10.20097317724612,1.0,0.5710794082125616,1.0,6.37730797228438,1.0,2.1676720868765758,1.0,10.523330930064889,1.0,10.414501588077206,1.0,0.2678118795943547,1.0,10.754065040650406,1.0,10.157672159721121,1.0,10.759984658298468,1.0
276,-11.563311612710326,21.29691116540183,0.6,10,-36.73773937209608,0.0,9.670878445936296,1.0,10.63604661389622,1.0,-33.78633221954086,0.0,-31.98253970566808,0.0,10.033245239875114,1.0,-36.99912504897112,0.0,9.699354964056733,1.0,7.042863674147963,1.0,-23.20976871873943,1.0
277,-0.5286378649313885,16.450360612524758,0.8,10,-28.225103395917177,0.0,10.875,1.0,-30.881464072343505,0.0,-15.888289529461664,1.0,10.530000000000001,1.0,9.56981718419369,1.0,10.75819882873875,1.0,10.167929314598306,1.0,6.932533020877717,1.0,10.875,1.0
278,-13.298694617077974,22.87319689058614,0.5,10,-36.92416760571736,0.0,10.635540466392317,1.0,9.051763949723862,1.0,-37.57868921650218,0.0,-30.802001119934864,0.0,9.585298929128774,1.0,8.048717297829352,1.0,-30.957175750058123,0.0,-43.352189397882995,0.0,9.305956276241494,1.0
279,4.516798570163042,3.5118730640536118,1.0,10,3.5762044278666796,1.0,8.723687709408072,1.0,-1.084306591413025,1.0,4.780322544476004,1.0,8.117687916634742,1.0,4.5196762454363455,1.0,2.2903559981956727,1.0,0.2257439678284161,1.0,10.512609770982559,1.0,3.506003712214956,1.0
280,-3.8409563167951717,16.254628276341307,0.9,10,5.409426831452625,1.0,10.397506082725062,1.0,-38.68064009879339,0.0,10.640299539170508,1.0,6.405532846715327,1.0,10.395376192764468,1.0,-22.963944234241957,1.0,-3.7817914589740855,1.0,-18.61360559157776,1.0,2.3822767228074877,1.0
281,5.942193806872451,6.469228752733958,1.0,10,10.755,1.0,8.786763380885981,1.0,10.875,1.0,3.967446963288782,1.0,2.2917556978091707,1.0,9.45864973309294,1.0,9.302535736584403,1.0,-11.65904771889885,1.0,9.429530834969396,1.0,6.214303440992696,1.0
282,8.244674756239492,3.181562151899918,1.0,10,9.003553333333334,1.0,7.425987436199451,1.0,10.875,1.0,10.76,1.0,8.69387448840382,1.0,7.750037603847835,1.0,10.755042016806723,1.0,9.566061585365853,1.0,-0.6004694855958199,1.0,8.21766058403372,1.0
283,6.793565011261544,3.679275440904879,1.0,10,7.225581207415624,1.0,1.6059094918842653,1.0,10.875,1.0,10.041138716930849,1.0,9.19066314910416,1.0,-0.17677728528667203,1.0,6.1625440000000005,1.0,10.875,1.0,8.145233199378136,1.0,3.991357633189075,1.0
284,1.4158737611636716,13.26485219672183,0.9,10,8.600347670795653,1.0,7.809420690374387,1.0,-33.97331455778928,0.0,5.129981716076791,1.0,10.635571822099791,1.0,9.706521018944388,1.0,-7.326839571889682,1.0,10.527397777777779,1.0,-5.095724716963176,1.0,8.145375762210065,1.0
285,-3.986772668243011,10.672612326466274,1.0,10,-15.706716354730444,1.0,2.053806382395911,1.0,-5.65169231122543,1.0,-1.5510099772448829,1.0,7.957429640053326,1.0,-30.412734726262862,1.0,1.6620048524736468,1.0,2.7155417256011294,1.0,2.168702073926685,1.0,-3.1030579874171966,1.0
286,2.8653168954123216,13.172394632002176,0.9,10,10.161698019474066,1.0,6.611280143791502,1.0,-32.80863792820849,0.0,10.028762434423646,1.0,8.950100815162601,1.0,10.875,1.0,10.633826530612245,1.0,1.6819037136684223,1.0,-8.11636267288432,1.0,10.635597898083548,1.0
287,1.0137396878244274,11.543137162187715,0.9,10,10.27392908319519,1.0,1.6275159925204203,1.0,1.479115369507884,1.0,10.403183273030894,1.0,9.966097808441559,1.0,-3.803780190608819,1.0,9.921621487257314,1.0,-10.089628787129524,1.0,7.746567380939332,1.0,-27.387224538909976,0.0
288,3.8123336203106333,11.04428756403841,0.9,10,7.962787256363537,1.0,9.084810437109724,1.0,9.563867792571104,1.0,10.51354016532429,1.0,7.719764245585875,1.0,-1.296856560877849,1.0,9.425312945198975,1.0,-27.89598079378593,0.0,5.151770079449322,1.0,7.894320636167289,1.0
289,-1.5543660578088825,18.16896351661434,0.8,10,-34.04776898497179,0.0,10.39983838490886,1.0,10.188787674313991,1.0,-12.409623939871006,1.0,8.707649525096372,1.0,9.635751833158746,1.0,8.820779226398223,1.0,-36.8012160418044,0.0,9.928889774876682,1.0,10.033251969805498,1.0
290,0.8410871614987411,13.582964986268337,0.9,10,8.527127910608321,1.0,-28.37815544500809,0.0,10.754957983193277,1.0,-5.428078822238474,1.0,9.921825142190462,1.0,8.837558000440708,1.0,4.587602545968881,1.0,-20.632217144332543,1.0,10.875,1.0,9.345251444164866,1.0
291,-9.806126597234233,20.387509439171858,0.6,10,10.75533073929961,1.0,-31.860367512902048,0.0,-30.85672818279075,0.0,-34.53093734404061,0.0,-12.467703626583381,1.0,9.80712141725479,1.0,9.466544646203113,1.0,-36.550574211175764,0.0,8.610758333333333,1.0,9.56528976905937,1.0
292,-12.169353929024052,21.55128550647665,0.5,10,8.839779504004632,1.0,-28.95214862267775,0.0,-33.59124143580577,0.0,-36.55537390241548,0.0,9.66603683024782,1.0,8.83008505402803,1.0,-33.05176435019222,0.0,10.875,1.0,-35.9817984003764,0.0,8.227886032946605,1.0
293,1.5967890026499385,7.679008238885435,1.0,10,-6.269710633946827,1.0,-7.447613715013448,1.0,-7.58625867360556,1.0,2.933300126241834,1.0,8.37324047335938,1.0,5.228741626934215,1.0,9.474760222863397,1.0,10.516617920886508,1.0,-8.463277928954918,1.0,9.208090607734807,1.0
294,0.5696634861561689,11.805964722038235,0.9,10,9.221097436035697,1.0,9.049669583237392,1.0,2.059441246823143,1.0,-4.633875513799177,1.0,-1.0668781911013845,1.0,9.455505785123968,1.0,-8.710133047527535,1.0,-29.130984408325364,0.0,9.423997017846327,1.0,10.028794953248621,1.0
295,3.536017035968775,8.469980628619519,1.0,10,9.38769,1.0,-0.43837057312032535,1.0,9.607240187191703,1.0,10.512009333333333,1.0,8.330039521352507,1.0,6.062481282439943,1.0,-15.92789901548267,1.0,-7.91569169353602,1.0,9.436959636156908,1.0,6.305711681352373,1.0
296,0.3688583922622154,10.850771425931443,0.9,10,4.702238872486213,1.0,10.520743885736646,1.0,9.928110702151756,1.0,-9.992478818998741,1.0,1.4876328410955448,1.0,-5.334723865877704,1.0,-26.018842308517492,0.0,10.042497399954781,1.0,2.7370977153595115,1.0,5.616307499231637,1.0
297,0.6762690973886697,14.762092209486768,0.8,10,9.690144133491,1.0,10.516359773371105,1.0,7.74234193731752,1.0,9.451656569111252,1.0,-31.970581337600706,0.0,2.268707205860369,1.0,2.4969885714285756,1.0,-24.128064038252813,0.0,10.040343734073277,1.0,10.654794425087108,1.0
298,-10.246798591164108,23.323472292890575,0.6,10,7.748062863755489,1.0,-30.986894206549124,0.0,10.397117031263335,1.0,5.3695550804316845,1.0,-44.771685439070374,0.0,-46.58363973295962,0.0,-30.25238950075202,0.0,9.234533495695125,1.0,6.86508947191389,1.0,10.512265024630542,1.0
299,3.1658339483475872,6.191383445277655,1.0,10,0.3759074718356512,1.0,10.875,1.0,4.061938082887257,1.0,-6.838901981436386,1.0,-5.722856037436902,1.0,5.782546093726424,1.0,9.78864610846225,1.0,7.341248500199974,1.0,-2.8340246975806416,1.0,8.828835942818243,1.0
300,4.283944050679489,9.061623752359976,1.0,10,9.577703475452578,1.0,10.75504132231405,1.0,-19.098318168404475,1.0,3.6360464918437225,1.0,8.499148544499533,1.0,9.802601125854444,1.0,7.4055900435488,1.0,8.734872920183266,1.0,-5.773061595953736,1.0,9.299816347456696,1.0
301,-12.089453803652795,20.79834310744819,0.6,10,-30.662874830196017,0.0,-35.633529122530966,0.0,5.819975210294691,1.0,-35.95989562673053,0.0,10.390286896183614,1.0,10.552186666666666,1.0,-40.797991222347456,0.0,3.259535859388798,1.0,8.816403145545022,1.0,-16.678635012801763,1.0
302,0.4202879389373699,14.459576089050522,0.9,10,-6.88441702032611,1.0,10.636648116033422,1.0,10.39250248719555,1.0,10.640632086851628,1.0,-19.990698377044513,1.0,4.782515711293088,1.0,9.560908903787345,1.0,6.663507124248175,1.0,10.639309176124259,1.0,-32.23802881878915,0.0
303,0.5600374188552101,9.75297773990403,1.0,10,10.515756621846473,1.0,10.756666666666666,1.0,-11.278300800669847,1.0,9.803942561884162,1.0,2.985581618198484,1.0,-4.738969411938971,1.0,-11.582283929061393,1.0,6.413229223101093,1.0,8.01619139856542,1.0,-15.291439760039987,1.0
304,7.338025327607701,4.059229838686019,1.0,10,8.488563333333335,1.0,-1.8093607462239536,1.0,10.753855381906229,1.0,10.755475585284282,1.0,8.611359890890494,1.0,10.7695838718015,1.0,7.12451422206991,1.0,7.78549933879926,1.0,1.2278818044354871,1.0,9.672880593780475,1.0
305,8.126983917508099,3.446833347972939,1.0,10,1.8476823171674486,1.0,10.16713938096165,1.0,1.0379417405105134,1.0,10.514669646598687,1.0,8.849269400522775,1.0,7.864895370957514,1.0,10.271694312796209,1.0,10.636805572380375,1.0,9.564723213508573,1.0,10.515018219677252,1.0
306,-7.280213386205648,18.034646826830816,0.8,10,-35.968175898166834,0.0,4.727987640449438,1.0,10.27646365157321,1.0,-36.58060430256766,0.0,-18.881483387475498,1.0,-4.274424996161525,1.0,6.7513607348591,1.0,10.639945664564175,1.0,-19.647258844163062,1.0,10.154055875032187,1.0
307,7.197471909956046,3.578165458828195,1.0,10,8.079631756537538,1.0,7.255281760172371,1.0,9.44445576484934,1.0,7.9649887918829645,1.0,10.875,1.0,4.700550962289286,1.0,8.501150750398256,1.0,9.093280494357872,1.0,8.590231283000135,1.0,-2.529852463927311,1.0
308,3.4913913027849452,10.55599046022,1.0,10,10.514951528402293,1.0,9.923286655045516,1.0,10.399365265406052,1.0,10.515733609958506,1.0,10.163216302302011,1.0,-8.917725510397734,1.0,9.948568539325843,1.0,-13.254002555106412,1.0,-15.254480807086617,1.0,10.875,1.0
309,-2.491225369310109,16.005927515103867,0.8,10,-38.492473729275325,0.0,-26.10009861852003,0.0,2.857655132213452,1.0,10.875,1.0,10.155740841617867,1.0,2.729097938924368,1.0,-7.586976124106181,1.0,6.843061996863565,1.0,10.392776557623398,1.0,3.413962311557791,1.0
310,4.336479754716317,9.11738062799266,1.0,10,8.713155842709146,1.0,-9.9893442456627,1.0,10.875,1.0,-14.082692684614045,1.0,9.330260818687131,1.0,-2.982188691650231,1.0,10.875,1.0,10.517739080896316,1.0,10.163654729272722,1.0,9.944212697524822,1.0
311,-1.748621724567282,17.5530552228785,0.7,10,-25.152339350512168,0.0,10.39456950553112,1.0,8.444864084141914,1.0,9.318734453781513,1.0,-27.965432197447768,0.0,9.520917359083763,1.0,10.062443303571428,1.0,-32.19431451515954,0.0,10.634701979307243,1.0,9.449638132029675,1.0
312,-1.0782677487252488,15.403449881658963,0.9,10,7.90248230625069,1.0,9.299578241872176,1.0,-4.453304452590293,1.0,8.387450359820654,1.0,6.973145315487573,1.0,-8.268114720812171,1.0,10.52760305119554,1.0,-10.472228071230905,1.0,-41.19581233751644,0.0,10.516522820270694,1.0
313,-2.725138010058287,21.18431353932409,0.8,10,-49.869304097288484,0.0,8.990617886178862,1.0,3.811135895676049,1.0,10.755558270217444,1.0,7.079713310988748,1.0,-39.03660485228993,0.0,10.272939643207746,1.0,10.276911305212327,1.0,1.7613089722412472,1.0,8.706343565273128,1.0
314,3.975210005568455,3.884749573270923,1.0,10,3.667376666666666,1.0,9.33972132086276,1.0,2.6691570635936825,1.0,-1.7407830510468134,1.0,2.1537916984229346,1.0,1.0258576291253512,1.0,10.514763314936959,1.0,2.9722112704778745,1.0,0.6282192384112673,1.0,8.521784904233872,1.0
315,6.319601860373341,4.025642899453172,1.0,10,6.454856885456884,1.0,-3.6032746457082805,1.0,8.110536480686694,1.0,8.51365501519757,1.0,7.709560106640816,1.0,3.3247091769401633,1.0,9.912224053899083,1.0,10.294138524772272,1.0,3.4169584048027417,1.0,9.06265460104547,1.0
316,-1.3339423831586912,17.57709224479913,0.8,10,10.286235420240137,1.0,-11.276548716386078,1.0,10.394155138523162,1.0,-35.899788617428484,0.0,10.040002740476842,1.0,9.94271491313053,1.0,4.8998153251020105,1.0,-32.287162397942055,0.0,10.395668968919587,1.0,10.165483393777437,1.0
317,4.714365357590459,6.693031916890483,1.0,10,2.447315898602101,1.0,-10.613763746401936,1.0,6.077620318816262,1.0,8.890450993432538,1.0,1.7550380683820919,1.0,10.759789886538732,1.0,-2.5620620656602036,1.0,10.755566555183947,1.0,8.878874137599295,1.0,10.754823529411764,1.0
318,-15.982618012076935,24.384653026680205,0.5,10,-37.6480064423765,0.0,-42.44748260408064,0.0,-34.14911041009456,0.0,7.61053513324549,1.0,-48.93161327116391,0.0,8.268456532254518,1.0,4.033114509803921,1.0,-37.00542391521694,0.0,10.284176975460369,1.0,10.159173371398909,1.0
319,3.3397164321677097,10.352598629867416,1.0,10,-23.89377009110438,1.0,8.731019758404345,1.0,3.335189313281873,1.0,5.605371960310524,1.0,-7.147094752673802,1.0,7.581981832238114,1.0,10.391812762672613,1.0,10.283939130434783,1.0,9.327026542867236,1.0,9.181687865245788,1.0
320,-0.6611974468874018,16.920373435055986,0.8,10,10.762822855095827,1.0,-6.841007686932208,1.0,8.953872331599605,1.0,10.516228951776426,1.0,-29.95233957339571,0.0,10.291611840357124,1.0,10.27871137730708,1.0,10.636017045132792,1.0,-35.67385749185674,0.0,4.415965882041784,1.0
321,4.530100125553875,6.154190570894114,1.0,10,-8.183845551758353,1.0,-4.62328442728443,1.0,9.29892985735096,1.0,9.316417621967476,1.0,0.6961600574197,1.0,10.529955616924745,1.0,9.179954296646649,1.0,7.6398083802989465,1.0,4.535132914451426,1.0,6.911772489521632,1.0
322,-1.1398066004407545,14.048822677523589,0.9,10,7.3920069311219745,1.0,4.460816780174044,1.0,10.755714285714285,1.0,-11.013226331225361,1.0,3.5265366444291457,1.0,9.019229955947136,1.0,3.575974235827461,1.0,-0.10353519947365264,1.0,0.5894252306914467,1.0,-39.60100853761403,0.0
323,3.0094581483273495,7.8569616379622005,1.0,10,-17.073692808041997,1.0,6.262711952807455,1.0,8.25226418026418,1.0,9.798316204655297,1.0,-0.20641505803886417,1.0,1.5362346036207324,1.0,-2.1742976392906854,1.0,10.637408201892745,1.0,4.600457742419001,1.0,8.461594102985629,1.0
324,3.8064690897099673,10.601608491992225,0.9,10,0.6915041076162716,1.0,9.452079802475156,1.0,7.480118945900975,1.0,8.230708303205592,1.0,10.157653593758074,1.0,-26.939235269880555,0.0,4.845385807785048,1.0,7.2901660341555985,1.0,6.462935681216932,1.0,10.393373890866584,1.0
325,2.35011976127323,11.320928768793245,0.9,10,0.10228322299370163,1.0,1.1948843979649535,1.0,7.525189213298111,1.0,8.71419084442608,1.0,9.705812071591776,1.0,8.77514907100677,1.0,10.764105084745763,1.0,0.5398336363324496,1.0,5.863388254021048,1.0,-29.683638183648345,0.0
326,3.3655606135810006,10.5739046609218,0.9,10,9.536874999999998,1.0,10.275075674690006,1.0,1.137367389115573,1.0,10.648742372881356,1.0,6.807197136563876,1.0,5.087990816819721,1.0,8.605578034682082,1.0,-27.125713302949507,0.0,3.924488034131059,1.0,4.758004979875842,1.0
327,3.0975581775112735,6.95215335053451,1.0,10,-1.009254430216009,1.0,10.755760258973627,1.0,10.098023333333334,1.0,2.2401662473484274,1.0,-6.219291137738757,1.0,6.255397748770337,1.0,7.033206324520478,1.0,7.745435820247877,1.0,-11.644275697146593,1.0,5.720413307020019,1.0
328,2.5521261631785945,11.900586341232648,0.9,10,9.546021864059712,1.0,-29.60446492015073,0.0,9.459891663252272,1.0,10.875,1.0,-3.5427563819264662,1.0,9.917516050878255,1.0,-4.072011406515539,1.0,8.286402416406126,1.0,8.450054760642995,1.0,6.205607585139317,1.0
329,-14.631744945806238,28.540360832092652,0.6,10,-54.32749371022642,0.0,10.875,1.0,8.441666666666666,1.0,-48.47487194912336,0.0,9.807990144198968,1.0,9.92473154177243,1.0,-58.86832113333752,0.0,-33.04051698579371,0.0,4.8643693009118545,1.0,4.479996666868675,1.0
330,-11.351262929698455,23.96270609443329,0.6,10,10.171676710136056,1.0,10.754559616992173,1.0,-51.35347630577648,0.0,-36.579283060453406,0.0,1.1358282820816061,1.0,9.673549908539865,1.0,-25.257280631567696,0.0,2.5804345133508075,1.0,-44.677163776247596,0.0,10.038525445960126,1.0
331,0.9574865527814579,15.33179065503598,0.8,10,7.257116256018125,1.0,6.905698387311742,1.0,7.882744453574364,1.0,6.493016805906354,1.0,10.408683327340285,1.0,9.917673591823132,1.0,-28.049341364557534,0.0,10.4040059040218,1.0,-31.060911837407268,0.0,9.416180003783579,1.0
332,0.7306846058305798,6.474469654429907,1.0,10,-1.9304942649346906,1.0,4.0439077002406325,1.0,-1.9963444220264712,1.0,8.213597709923663,1.0,-12.745333052854026,1.0,-5.414422117782463,1.0,9.55912509692427,1.0,6.635722161966738,1.0,-1.1704944133418387,1.0,2.11158166018998,1.0
333,-1.5307111412375265,15.823997686044011,0.8,10,-37.622893207729916,0.0,8.488766960352422,1.0,10.754234390299013,1.0,2.9765660698156298,1.0,-26.166909504156948,0.0,1.7068018661334854,1.0,4.317774454199365,1.0,-0.20078594005693873,1.0,9.921305253476167,1.0,10.51802824529245,1.0
334,-5.151695648003036,17.810991721110486,0.7,10,3.948255275697753,1.0,9.421336529044893,1.0,10.635758472296935,1.0,8.85998187873445,1.0,6.238823996191081,1.0,-35.239160247410176,0.0,-26.929539833189548,0.0,9.050056333739342,1.0,-5.509209650385966,1.0,-31.993259234749125,0.0
335,6.251478470634181,5.587276435775173,1.0,10,9.29808240611961,1.0,8.606238156698248,1.0,-9.082379066561066,1.0,9.193626486423673,1.0,8.46197428616501,1.0,1.7921678961165632,1.0,6.972711798167528,1.0,9.105415281010973,1.0,10.513368721927318,1.0,7.6535787402739555,1.0
336,3.715851543085023,7.787582322678526,1.0,10,10.875,1.0,9.921751660528221,1.0,10.520083333333332,1.0,-9.81037425374255,1.0,10.51566320700819,1.0,7.128481850468152,1.0,-2.404239002066733,1.0,-8.7903855401409,1.0,8.732159663865545,1.0,0.47037451159697063,1.0
337,5.659843211799309,4.8556518691423785,1.0,10,10.875,1.0,8.338382024354821,1.0,8.396413034058412,1.0,2.314099044923947,1.0,9.699178817800622,1.0,9.103552681809505,1.0,10.043009324009324,1.0,0.9250358691367708,1.0,-3.6697862267701744,1.0,0.5735475486698594,1.0
338,0.5121499235641902,11.533180092401606,0.9,10,10.635055865921787,1.0,9.059246157240567,1.0,9.678094453720837,1.0,3.9596817673378073,1.0,-1.1357791257696732,1.0,-12.006162816525977,1.0,6.866316287878788,1.0,2.437781179648807,1.0,4.133932196415509,1.0,-28.506666730226545,0.0
339,-2.737579199681735,13.502933160932665,0.9,10,3.402978782564059,1.0,7.8754713502498666,1.0,9.920993585504563,1.0,-5.5620626961803445,1.0,-31.107369382799128,0.0,-9.189940172045807,1.0,1.0606723105595002,1.0,10.276931371263766,1.0,7.766097894229224,1.0,-21.81956504016305,1.0
340,8.999305186558379,2.0152801185488,1.0,10,9.920894799288115,1.0,8.500349858629116,1.0,9.058709883296864,1.0,10.274441799499805,1.0,10.631285847299814,1.0,3.8395605252359477,1.0,9.904420113389902,1.0,10.297282432432432,1.0,7.050725409028191,1.0,10.515381197483613,1.0
341,7.123847153663296,3.1802954959075254,1.0,10,9.180939957797813,1.0,4.241052880394409,1.0,8.962240612756966,1.0,9.658490288404945,1.0,6.705326528288998,1.0,10.755012161968809,1.0,-0.3121641563973814,1.0,9.926349600416135,1.0,5.9448259175195926,1.0,6.176397745482677,1.0
342,1.9848213587150823,7.585180008098208,1.0,10,0.09627476345358055,1.0,-5.352506786771974,1.0,9.920727925976967,1.0,-2.736532943383729,1.0,-4.0885158810896325,1.0,10.513496152559386,1.0,-12.219431589321683,1.0,5.2119616784414475,1.0,7.627740267286461,1.0,10.875,1.0
343,5.632199599492179,6.764206916414429,1.0,10,-8.935427849579774,1.0,-5.8208221468716665,1.0,9.337242199823544,1.0,10.650467244028496,1.0,10.040597880316065,1.0,4.140871253235368,1.0,9.546349929071523,1.0,9.352899226872834,1.0,9.919942281714356,1.0,8.089875976311047,1.0
344,-16.944690712810882,22.21141795729873,0.5,10,9.543480463683528,1.0,-31.133647439851938,0.0,-15.145131425343614,1.0,7.74517350449484,1.0,-51.53187284841757,0.0,6.219304373386498,1.0,-39.7932023619005,0.0,-32.708468276067165,0.0,9.307018151053683,1.0,-31.949561269146585,0.0
345,-17.665280912542336,20.960397692962946,0.4,10,-39.40821491765352,0.0,4.189724837074586,1.0,7.963137554765644,1.0,-34.18711140583551,0.0,10.634838718095933,1.0,-34.967086915356944,0.0,-32.67165268734135,0.0,-34.16048981750862,0.0,8.616741610738256,1.0,-32.66269610240183,0.0
346,9.746967762653778,0.8815423008756879,1.0,10,8.514899913505499,1.0,10.545214609437483,1.0,10.271758260202368,1.0,9.92200135959964,1.0,9.580025092353802,1.0,8.730866139069263,1.0,10.760879999999998,1.0,8.360262901951248,1.0,9.908769350418488,1.0,10.875,1.0
347,-21.24818135797924,18.16394172414159,0.3,10,-31.144101921470323,0.0,2.971297835497837,1.0,-33.07878457715516,0.0,-32.71070348001148,0.0,10.523541091387246,1.0,-33.688732672329415,0.0,-35.14839581956117,0.0,-35.663689899967714,0.0,5.2932607484963246,1.0,-29.83550488467852,0.0
348,7.597516463301827,3.4623664453701974,1.0,10,8.247772936049934,1.0,5.577572049365547,1.0,10.637465258978525,1.0,7.698016584191521,1.0,-1.4394441872768198,1.0,6.641235129014767,1.0,10.65717627118644,1.0,9.80628735845554,1.0,7.502776566386154,1.0,10.646306666666666,1.0
349,3.4427125587496716,12.398974022436189,0.9,10,-31.46172803293032,0.0,10.51566044601549,1.0,8.377348430385814,1.0,10.170177314564157,1.0,9.688815124533752,1.0,1.1021571012959583,1.0,9.924515626505638,1.0,8.367145400435774,1.0,-2.7717515517013656,1.0,10.51478572839181,1.0
350,-8.726962973718916,22.214988440146616,0.6,10,10.2775953307393,1.0,10.295731438372949,1.0,10.755936541794426,1.0,7.894218156424581,1.0,-36.34210244455647,0.0,-37.89362208622084,0.0,7.362972649286988,1.0,-37.12389486850335,0.0,9.547183622828785,1.0,-32.04364807735554,0.0
351,6.591118364635614,6.799913405584658,1.0,10,10.292933217808583,1.0,8.446981210508811,1.0,9.364056147917415,1.0,9.440745473785917,1.0,1.497514984676302,1.0,8.95004353790183,1.0,9.140414089347079,1.0,10.39543649334412,1.0,-12.372252527065013,1.0,10.755311018131103,1.0
352,0.20152546824279743,12.380504986262903,0.9,10,7.687372753233665,1.0,10.288377682873412,1.0,4.439904546078834,1.0,-8.801710275439271,1.0,8.477755092863246,1.0,8.712823537990374,1.0,4.593013534280554,1.0,-25.18903126448965,0.0,-18.829454718953087,1.0,10.636203793989894,1.0
353,7.170083009244225,3.1175259329995115,1.0,10,4.080731571627258,1.0,10.875,1.0,8.993548526863085,1.0,1.6842146604890935,1.0,3.110754248366013,1.0,7.7689622046480045,1.0,10.538187709497207,1.0,7.3789246979354965,1.0,10.632927032430032,1.0,6.637579440586053,1.0
354,-5.269700992031999,19.766876630382388,0.7,10,8.084281559405941,1.0,10.285948448263092,1.0,7.439881877926206,1.0,-30.8377499923292,0.0,1.3015630322528349,1.0,-36.664796944572416,0.0,7.507675270121526,1.0,10.142867074439575,1.0,7.973467044087881,1.0,-37.93014728991543,0.0
355,5.220613174533755,9.536906715377913,0.9,10,7.966896513311797,1.0,7.0599431818181815,1.0,-23.195880579540468,0.0,8.585249418454381,1.0,8.834973240386777,1.0,9.736589286734052,1.0,10.758598452278589,1.0,7.630674009420893,1.0,7.746821548325288,1.0,7.082266674148057,1.0
356,5.630206702948359,4.730143390107468,1.0,10,10.043928484331179,1.0,8.01662047855709,1.0,6.922397019741838,1.0,5.862116935483869,1.0,5.220317257766435,1.0,8.715655114846584,1.0,5.115044432689764,1.0,-6.795487647134912,1.0,2.6887058691252497,1.0,10.512769084076506,1.0
357,-4.565510358881608,20.99598802198292,0.7,10,7.150212816834051,1.0,8.332590626559593,1.0,8.76321367829717,1.0,-33.94963338682565,0.0,-41.53786411326002,0.0,10.633324127805354,1.0,10.76221028121082,1.0,10.519659751037345,1.0,7.514945596735805,1.0,-33.84376296721054,0.0
358,0.6724751858980118,11.230765653108822,0.9,10,1.091113559703171,1.0,8.242281425322215,1.0,10.754533699857461,1.0,3.85576013716761,1.0,-27.81691841978481,0.0,10.273534289768248,1.0,3.7778417639429334,1.0,7.533615951742629,1.0,-0.227602132502696,1.0,-10.759408416236644,1.0
359,2.2932811158979316,5.830906952860276,1.0,10,-9.598470434731045,1.0,2.7037751610305936,1.0,10.7597,1.0,-1.4080811937507303,1.0,5.791686544089228,1.0,10.754502939427967,1.0,-2.430580172623392,1.0,3.5873717165546744,1.0,2.721901227660206,1.0,0.0510053713218106,1.0
360,5.382810774145805,7.932780192824753,1.0,10,10.177328767123289,1.0,-7.401560810065112,1.0,7.872408352945869,1.0,9.22232644394111,1.0,10.039913570691434,1.0,9.78946022794588,1.0,-12.95572962238086,1.0,7.3845343005552575,1.0,10.397398034632449,1.0,9.30202847606874,1.0
361,0.928021768489063,13.78865823852773,0.9,10,-35.82957381390546,0.0,10.150117834506426,1.0,-11.96521528103962,1.0,4.769071709663314,1.0,10.639472268907562,1.0,4.471706483135907,1.0,10.875,1.0,7.163064732142857,1.0,7.135842195540308,1.0,1.8707315559393347,1.0
362,4.483307522762992,9.923581766507926,1.0,10,10.153633010399076,1.0,10.875,1.0,9.704248741570899,1.0,7.643152422583546,1.0,-9.216088948787055,1.0,5.654868800354795,1.0,10.637252620996698,1.0,8.833747906610185,1.0,10.423644872490504,1.0,-19.876384198588724,1.0
363,-1.488099506522215,13.887026190793504,0.9,10,-5.941494804156676,1.0,-14.486016672556813,1.0,5.231078500396025,1.0,-36.86723394898859,0.0,3.364225521669341,1.0,10.278947351241964,1.0,7.16690642182799,1.0,5.899393229166667,1.0,-0.28382117045654986,1.0,10.7570205066345,1.0
364,7.657175080988796,5.202114149958228,1.0,10,3.7368157788465064,1.0,10.649856666666667,1.0,10.875,1.0,9.546961159737418,1.0,-6.7060269959793235,1.0,7.954502340195724,1.0,9.056634648370498,1.0,10.552778333333332,1.0,10.393782319275887,1.0,10.511446559441247,1.0
365,8.628125250308393,3.023434649806998,1.0,10,10.162684141468361,1.0,8.593661995834124,1.0,10.513434441272432,1.0,0.09595807210031282,1.0,9.309621624396755,1.0,7.426965579413211,1.0,10.633143449470882,1.0,8.625792719390043,1.0,10.280518210830252,1.0,10.639472268907562,1.0
366,8.89680498577444,3.1426430195804977,1.0,10,10.394999166805533,1.0,9.805026479525393,1.0,10.513199293164384,1.0,10.514000635862653,1.0,8.760566756823213,1.0,10.27797794887302,1.0,9.925611490116701,1.0,8.858840784265594,1.0,10.272315905463941,1.0,-0.3544886031560459,1.0
367,-6.254877768340725,21.20532430405476,0.7,10,-18.780686814017507,1.0,-13.304502260616825,0.0,9.900659113506725,1.0,10.278643004636304,1.0,5.125567024497661,1.0,10.875,1.0,-12.736638269986894,0.0,7.764166220914682,1.0,-61.54215893741563,0.0,-0.12882676492576906,1.0
368,-2.9112023220949035,16.027927707807038,0.8,10,-5.975638587517009,1.0,-32.22006150210898,0.0,8.499234934190254,1.0,9.57547926428073,1.0,10.758045516805394,1.0,1.2522985886042868,1.0,9.109809689073478,1.0,3.0130221618231214,1.0,-34.699785039224125,0.0,1.5755717531238194,1.0
369,-1.4097854889338763,19.674646841116527,0.8,10,-34.098135605761655,0.0,-45.67033047552593,0.0,7.995844880955826,1.0,10.755864724594005,1.0,10.875,1.0,10.413578378378379,1.0,10.398581565525909,1.0,8.735317631617324,1.0,-0.6544704567014481,1.0,7.150894467578823,1.0
370,-2.061532918965871,19.48079139684251,0.8,10,9.301396296589381,1.0,10.049332120056619,1.0,10.756767174918622,1.0,-36.257674505159876,0.0,-43.982334276874475,0.0,6.12050112256059,1.0,10.401458788736017,1.0,-2.7271849497950456,1.0,5.793809248793366,1.0,9.928599790516092,1.0
371,6.157336477426999,10.895610787326115,0.9,10,8.85633613445378,1.0,-26.205492286185034,0.0,10.527140531741725,1.0,5.523637507016194,1.0,10.755344464383242,1.0,10.875,1.0,10.636546542878085,1.0,10.754275138121548,1.0,9.822379831932773,1.0,10.02819690992768,1.0
372,6.309832036019461,4.139666751711893,1.0,10,10.515418611622628,1.0,3.5834187596104545,1.0,7.5221512058284965,1.0,9.710076812950827,1.0,10.396624230811746,1.0,6.832087333055091,1.0,4.676833085984602,1.0,-3.3211631147892398,1.0,9.80552768106251,1.0,3.3773457540575027,1.0
373,3.2026607491825887,7.960608653517233,1.0,10,7.096779237941412,1.0,10.408333333333333,1.0,-9.118495563242599,1.0,-4.145354341450103,1.0,10.51545834261528,1.0,10.75265581201169,1.0,-5.379475262546521,1.0,8.130386489442806,1.0,-6.746025262660847,1.0,10.51234470638143,1.0
374,3.0279127199591893,7.485298817173454,1.0,10,3.5123460683014747,1.0,10.643643451930355,1.0,6.765833577497802,1.0,8.841155198229282,1.0,7.488339255968905,1.0,-17.340777029942206,1.0,4.431752360515021,1.0,2.2303476867335563,1.0,-0.8067955918645211,1.0,4.513282222222223,1.0
375,-14.04399482638234,25.90409959073784,0.6,10,-52.88320292937262,0.0,6.612173869279291,1.0,10.631951996498225,1.0,9.65805044948343,1.0,9.675610079575597,1.0,-31.53142608988011,0.0,-41.82955504672316,0.0,10.752865289194995,1.0,-50.637278374205614,0.0,-10.889137507673437,1.0
376,1.888110041734135,10.56126593742535,0.9,10,1.7144198351175124,1.0,10.755566555183947,1.0,4.059212153719945,1.0,-7.504964000484046,1.0,2.4865683719166896,1.0,9.664286258451575,1.0,7.162834115362834,1.0,8.69341996846549,1.0,7.783867132015745,1.0,-25.934109972408343,0.0
377,9.47069491538387,1.2456879217357646,1.0,10,8.188177125117724,1.0,10.152362271632912,1.0,8.135904683748215,1.0,10.39565367538234,1.0,9.933206250889935,1.0,10.875,1.0,6.751815390357276,1.0,10.155385707878606,1.0,9.937973683450329,1.0,10.181470365381378,1.0
378,-7.59002149450856,21.312195598199096,0.6,10,-38.44474794905009,0.0,10.054880789988731,1.0,8.145509781134999,1.0,-28.256634123377925,0.0,10.63102316992968,1.0,10.147417494468247,1.0,-32.299487619137714,0.0,8.917120988238075,1.0,-35.07066165894198,0.0,10.275364181662383,1.0
379,4.038468395798694,9.957307572803494,0.9,10,0.6559582515209108,1.0,8.594261051952243,1.0,8.818439672801636,1.0,9.482450761279509,1.0,-24.92152978498415,0.0,5.497037526221739,1.0,8.619183218206366,1.0,7.197025105532104,1.0,8.073030525193282,1.0,8.368827630263304,1.0
380,-31.221774696408335,20.844249742559484,0.2,10,-49.44666979362104,0.0,7.105334276284771,1.0,-52.28392478751895,0.0,-38.69221582907498,0.0,-34.976824829445654,0.0,10.040823975798594,1.0,-31.03034855681403,0.0,-45.55808768235821,0.0,-40.983152157224,0.0,-36.3926815801098,0.0
381,0.19854048425496096,15.242096290922598,0.8,10,0.36611729099742085,1.0,9.171753532391362,1.0,10.047071441556081,1.0,6.0057282521000435,1.0,8.704023955972806,1.0,-33.87436135074642,0.0,10.390634732824427,1.0,8.56487603305785,1.0,-25.226601631957134,0.0,7.8361625863531685,1.0
382,-9.505618163896786,22.031509961705535,0.7,10,-47.13884951253067,0.0,-0.7296235133973301,1.0,7.728167124885444,1.0,0.9867232153022893,1.0,8.733143205081788,1.0,-30.858132238447528,0.0,-47.185458670867156,0.0,-5.7629349623369475,1.0,10.636554574132493,1.0,8.534229139209758,1.0
383,6.034603263603379,8.994932968366683,1.0,10,5.857850419610744,1.0,10.63945508292785,1.0,10.635956179775281,1.0,9.547740183078108,1.0,-20.493837677103365,1.0,10.753526631521542,1.0,10.399892444679539,1.0,6.763580048270313,1.0,8.024553010196955,1.0,8.21731631307683,1.0
384,-2.663927597711118,16.949337387516135,0.8,10,-9.884297011944081,1.0,4.214374687552077,1.0,-41.11268307390268,0.0,10.285201633061156,1.0,8.01591856060606,1.0,-26.23096991576413,0.0,-0.7355092550790108,1.0,9.842537025718181,1.0,10.63945508292785,1.0,8.326696289713398,1.0
385,2.10789237327741,12.649307070469083,0.9,10,9.920785847299813,1.0,-32.699244858362434,0.0,1.0986057655349128,1.0,8.479486206896553,1.0,9.297374689659799,1.0,7.346859050548835,1.0,7.647660276073621,1.0,7.981393636408413,1.0,9.342416369313112,1.0,-7.336413250598525,1.0
386,-0.46364302824728937,17.656331509670455,0.8,10,10.038205864796298,1.0,10.63945508292785,1.0,10.633426094252552,1.0,10.040831684002189,1.0,-33.978437698972925,0.0,5.893565550510783,1.0,-1.6384746108354271,1.0,9.063912069290152,1.0,10.754275138121548,1.0,-36.08318945656592,0.0
387,-16.864984743253718,23.601025848219606,0.5,10,-47.45780097171607,0.0,9.5570236167984,1.0,-28.04300220368325,0.0,9.421868200038176,1.0,-49.06793420760875,0.0,-36.66333195897545,0.0,-0.5986431214261643,1.0,-36.601951178572314,0.0,10.161925210084034,1.0,0.6419991825241826,1.0
388,-6.474280110568503,15.586589690801528,0.8,10,9.928518198953991,1.0,-33.73844484192208,0.0,-1.3064938208221815,1.0,-34.09092159831486,0.0,5.7102967434025835,1.0,-6.683511461318048,1.0,6.489662045060658,1.0,10.15926335142707,1.0,-10.969450045829495,1.0,-10.241719676322674,1.0
389,-1.1994486311331642,14.893790535836509,0.8,10,9.420292965606052,1.0,9.927103196018468,1.0,-30.288476853350623,0.0,-27.03722603560608,0.0,10.512417375622377,1.0,10.273333086438042,1.0,-8.31747589833479,1.0,-0.023431624509676396,1.0,3.602564795564793,1.0,9.936412681219796,1.0
390,7.401268508446651,4.3490704797371365,1.0,10,10.39624669565959,1.0,-1.6325237426431283,1.0,1.205705526408961,1.0,8.8791651491143,1.0,10.75819882873875,1.0,3.626660087882623,1.0,10.514951111844548,1.0,9.232409532782322,1.0,10.396329853862213,1.0,10.635542040816327,1.0
391,3.2119110168035894,10.469922174533162,0.9,10,7.2363422784289515,1.0,10.034569432142506,1.0,-3.071245195007121,1.0,-26.051366918890245,0.0,7.149945423291793,1.0,2.8725917667238425,1.0,10.518538927939046,1.0,9.093335467056834,1.0,6.000970616804273,1.0,8.335428369546015,1.0
392,-14.396130175310935,22.38549754898276,0.5,10,10.152331051205248,1.0,-41.552216274089965,0.0,10.270103330359797,1.0,2.693494052430996,1.0,2.7724492416339004,1.0,10.635602988611678,1.0,-27.723518930558065,0.0,-31.050996812667094,0.0,-46.20084272442419,0.0,-33.95770767561166,0.0
393,3.574300460762904,6.682788013064373,1.0,10,10.159397747447848,1.0,10.515126050420168,1.0,9.082964281677404,1.0,-8.8231778648085,1.0,-5.285659109786488,1.0,-2.93181813372831,1.0,3.7392799451613827,1.0,2.330520364387482,1.0,8.986267414693241,1.0,7.970103912164813,1.0
394,-2.701639704453923,18.135159326164402,0.7,10,7.507731987777421,1.0,9.792320536418616,1.0,8.090714400436863,1.0,10.637465258978525,1.0,-34.193008152261136,0.0,10.75423076923077,1.0,9.190157670989615,1.0,7.1186093506887795,1.0,-32.845382494090686,0.0,-23.069236372707994,0.0
395,-16.989377417939345,29.396368415605803,0.6,10,-25.43529506178268,0.0,-49.43856920556925,0.0,-10.66984142682887,1.0,10.52064395981377,1.0,10.298215380514462,1.0,-1.2296078700526198,1.0,10.636823766431071,1.0,-64.18001925275257,0.0,10.875,1.0,-61.27112446916677,0.0
396,3.384198456087791,12.667711403575742,0.9,10,10.154251599674762,1.0,-2.7137068088830016,1.0,9.243682936845502,1.0,7.17329638635978,1.0,10.753559844948976,1.0,10.514438715252773,1.0,5.846128029263831,1.0,-32.95709823317815,0.0,8.098672059466551,1.0,7.72876003112689,1.0
397,3.0629578187482016,8.409697758620494,1.0,10,-12.209351416211442,1.0,6.714466942273454,1.0,6.311315854380426,1.0,0.046025593643163276,1.0,10.7584418371727,1.0,9.911128081198648,1.0,10.050246146767885,1.0,-13.223453492810805,1.0,5.152359455845589,1.0,7.11839918522239,1.0
398,-12.115708654970764,21.422462981406802,0.5,10,-28.419677325095996,0.0,2.8997005317660225,1.0,10.050770196182047,1.0,-24.04633621360735,0.0,10.2805638726347,1.0,9.545376901169483,1.0,-40.32061788496106,0.0,10.398440110981493,1.0,-29.783366288119012,0.0,-41.76194045065796,0.0
399,6.068795222342862,6.755422415781446,1.0,10,-6.756888628818466,1.0,10.27761491505479,1.0,10.396928344723072,1.0,9.703754992548435,1.0,-7.026346094256187,1.0,8.589610748546772,1.0,10.646845762711864,1.0,10.04063883909104,1.0,10.875,1.0,3.940793343827301,1.0
400,-7.3155919810083585,20.93552798155279,0.7,10,6.405198380566803,1.0,6.572311549319513,1.0,-38.82843371059013,0.0,6.531556370215197,1.0,7.609654009652572,1.0,9.553184351611021,1.0,8.084834561645938,1.0,-33.993152314850114,0.0,-1.3684228138559984,1.0,-43.72265019379839,0.0
401,-12.465332147266922,24.35892598659455,0.6,10,-40.96210834935785,0.0,-1.7953062538221403,1.0,-46.41536535577407,0.0,9.294708359188014,1.0,9.17947818924146,1.0,3.461146804835926,1.0,-31.176002331524906,0.0,-47.62952471290533,0.0,10.753584657665192,1.0,10.636067519784476,1.0
402,-2.56516083218708,12.93399148944942,0.9,10,-0.6944620264769483,1.0,7.169131031192222,1.0,-19.401994785645215,1.0,10.512588616114352,1.0,7.387851319459344,1.0,-6.805282837649871,1.0,-5.662376941366924,1.0,-30.78430700042008,0.0,1.8695654441858593,1.0,10.757678858736458,1.0
403,-13.271122169423498,17.867280179575868,0.5,10,9.683407357859533,1.0,-2.3505623273973892,1.0,-24.208024850640435,0.0,-32.70488129631957,0.0,7.352646595590018,1.0,10.632412642842988,1.0,-31.177036826529235,0.0,-30.142458614224733,0.0,-33.29832328385901,0.0,-6.498401091557145,1.0
404,4.041852863658176,6.7461050080172384,1.0,10,8.607291092884598,1.0,-5.511153724711875,1.0,2.9813425567595484,1.0,8.809551938551573,1.0,10.760166666666667,1.0,10.635652319144876,1.0,-8.035513524237798,1.0,-2.6894773122340006,1.0,4.567695612990439,1.0,10.292973010767724,1.0
405,-18.230749190832384,20.18963324825116,0.5,10,7.882640731988124,1.0,-36.92063417554029,0.0,-43.603860759493635,0.0,-35.799466593346146,0.0,-34.79342166114619,0.0,1.581252683110522,1.0,9.785,1.0,-32.02297179762386,0.0,-21.203279814681682,1.0,2.7872494784093034,1.0
406,4.202099377355115,11.82016007295296,0.9,10,7.126156645799972,1.0,10.155105096001154,1.0,10.272566936738745,1.0,10.395149166041062,1.0,9.805744075242869,1.0,5.669904846862917,1.0,-30.677974444798654,0.0,9.053345130237826,1.0,3.968304494382023,1.0,6.252691827043238,1.0
407,-14.165801934141953,20.994754629520912,0.5,10,-24.705784961311352,0.0,5.57063994173712,1.0,-28.263863272560954,0.0,10.755659309564232,1.0,-40.24936280374602,0.0,-27.254901829912683,0.0,-3.1277945592651513,1.0,6.879959047379032,1.0,-48.80308824609063,0.0,7.540518032786887,1.0
408,3.165485412410823,12.07908609495233,0.9,10,-13.022950278164132,1.0,6.514535144846168,1.0,8.242875379939209,1.0,10.754615292854588,1.0,9.913367247767722,1.0,9.09723264976887,1.0,7.453536983161421,1.0,10.519071105885265,1.0,-27.042000163311993,0.0,9.22457076136111,1.0
409,-0.16980715836145793,13.825933184093795,0.8,10,10.041556340496669,1.0,-26.016977806634376,0.0,9.29923930066801,1.0,-25.192951150967833,0.0,10.516353268297282,1.0,10.752611269690242,1.0,-7.07432291206689,1.0,4.835759922783558,1.0,10.63372288145751,1.0,0.5069373026612496,1.0
410,-5.00403799403062,23.280117718013567,0.7,10,-27.910578398725935,0.0,-47.553130512161346,0.0,10.4058,1.0,8.952808264830036,1.0,9.695484441622062,1.0,9.189812746568872,1.0,10.519262756881472,1.0,9.80545380244415,1.0,-44.02029304176552,0.0,10.875,1.0
411,-4.8044459997836855,21.133106297209483,0.7,10,9.696730190778359,1.0,-37.95037560975608,0.0,9.20627325970163,1.0,10.394371147446101,1.0,7.89163180023586,1.0,-36.10980549263876,0.0,9.54432530363014,1.0,-37.10299568013355,0.0,9.111949267498645,1.0,7.2734358154007985,1.0
412,-11.850903793251353,21.53757375627702,0.5,10,-35.821599776098516,0.0,8.592548360822644,1.0,-33.0459294536963,0.0,-34.07321584769744,0.0,-31.8370959563405,0.0,10.393549353884477,1.0,8.715364960431048,1.0,-31.998413356390827,0.0,10.523652282157675,1.0,10.042101500414224,1.0
413,-4.118949917539883,15.43056819433637,0.9,10,-10.590128998258649,1.0,-37.060357722916976,0.0,7.967678437933858,1.0,-26.055648039169554,1.0,10.63340426765627,1.0,8.933755207465422,1.0,-0.5099283795881835,1.0,10.75557120622568,1.0,-2.667635274985212,1.0,-2.5962098797614797,1.0
414,-16.724310406295974,26.431995670423998,0.5,10,9.94744682784948,1.0,10.153445105749814,1.0,4.2518784888638255,1.0,-35.919847607755614,0.0,10.875,1.0,-45.90390250189537,0.0,-43.85128188827273,0.0,-53.42156306597674,0.0,-34.02277027405182,0.0,10.648490852529443,1.0
415,-8.724424868457954,22.811270188437867,0.6,10,-39.685106786187,0.0,-38.79642556422113,0.0,-33.033985472007764,0.0,10.403350899889654,1.0,10.39207464348422,1.0,8.356650411104823,1.0,10.51867044691487,1.0,-34.75977017984696,0.0,10.397357142857144,1.0,8.962935773432608,1.0
416,5.440435058505476,6.647904504308691,1.0,10,10.654833333333334,1.0,4.871176104190259,1.0,7.4918913810483865,1.0,7.854953103361451,1.0,9.724896643827663,1.0,-12.053775377818294,1.0,6.365113264097024,1.0,9.300861071821467,1.0,10.753896513645685,1.0,-0.5594954524522269,1.0
417,-2.271281325688033,17.503670822484413,0.7,10,-33.79458359545854,0.0,10.63465365826884,1.0,10.875,1.0,5.957474434682414,1.0,7.811279012948937,1.0,-26.18315623669648,0.0,9.919343589904766,1.0,10.158877874363037,1.0,-26.28853753364567,0.0,8.196835538752362,1.0
418,2.7794336857441744,11.299008167687646,0.9,10,8.488535218683014,1.0,-6.476563935218749,1.0,9.346052366275888,1.0,-27.033134196511924,0.0,9.791649349007711,1.0,10.400280070396892,1.0,10.167067980576977,1.0,10.273026913790655,1.0,2.970510706964978,1.0,-0.1330876165237047,1.0
419,4.96436424151479,6.903353267611358,1.0,10,9.58540428605827,1.0,10.510712961279767,1.0,8.682155205167174,1.0,-13.464923756353636,1.0,0.34623605523042755,1.0,7.224042659835153,1.0,5.729797492401217,1.0,10.634297810427897,1.0,7.617651912399753,1.0,2.778267788701884,1.0
420,4.059064903081723,13.120440510003268,0.9,10,5.019501881193365,1.0,6.515840595785137,1.0,-34.95839022765129,0.0,10.27636869365049,1.0,6.902627928132819,1.0,9.416392520579581,1.0,9.71011027095148,1.0,8.010127104395973,1.0,10.875,1.0,8.82307026377968,1.0
421,0.8264556796475006,12.641183133877513,0.9,10,-30.99938298602176,0.0,10.633143888831844,1.0,8.628063085121704,1.0,-4.408892830863033,1.0,-5.115024410656989,1.0,7.143840856924253,1.0,10.153175609756097,1.0,9.363783333333334,1.0,10.51164194135647,1.0,-7.645791691306911,1.0
422,3.386519243469293,11.223747093642483,0.9,10,8.704794553853635,1.0,5.029594411780006,1.0,10.270324896342597,1.0,5.808729290029307,1.0,6.654187481415404,1.0,8.483369580370836,1.0,10.40523841152206,1.0,7.0228851683517295,1.0,0.805589262085082,1.0,-29.31952062105773,0.0
423,-5.8817760867432085,25.33319097721064,0.7,10,-32.329019711032394,0.0,10.16450795644891,1.0,10.645111235955055,1.0,10.272561716582144,1.0,10.162704826407154,1.0,10.515440274630048,1.0,-51.196508240058535,0.0,10.515760002847784,1.0,10.755,1.0,-48.32331892921225,0.0
424,-1.0776630943998435,15.934833950378216,0.9,10,-23.866303237769273,1.0,2.019553883965143,1.0,-37.98801428685027,0.0,6.058776013413552,1.0,9.048540888025116,1.0,8.719858278037192,1.0,-5.264574314945252,1.0,9.100948202743412,1.0,10.639164754292949,1.0,10.755418875088997,1.0
425,7.124056652411438,4.6323762469743075,1.0,10,9.563432100758922,1.0,-5.32539893487076,1.0,3.3453586885018884,1.0,10.756214483976784,1.0,8.830657280267651,1.0,9.195490334944175,1.0,6.2981016644174534,1.0,10.151011872809372,1.0,9.662503333333333,1.0,8.763195699975567,1.0
426,-4.378444474254439,18.204017031515818,0.7,10,5.530071125344457,1.0,-31.548119674602905,0.0,10.273829727550053,1.0,9.567866606781944,1.0,10.754989429175476,1.0,-33.19326696733031,0.0,-30.56390689467969,0.0,8.467866530612245,1.0,-0.7382379196584594,1.0,7.6644632942628,1.0
427,-11.408921899795729,26.011105386793762,0.6,10,10.396461771104153,1.0,8.761039229280412,1.0,8.708263252355618,1.0,10.27990168067227,1.0,-52.86932711693555,0.0,9.066146673720407,1.0,9.33105479497464,1.0,-36.82219080608476,0.0,-47.71830717814588,0.0,-33.222261298898594,0.0
428,-17.24821695708389,21.007957729053324,0.4,10,-26.02184788744627,0.0,7.661038260945785,1.0,6.471797901653243,1.0,-42.61676640170173,0.0,-28.029465963121922,0.0,-23.289316596269764,0.0,-42.01493920708673,0.0,-39.6136084583902,0.0,10.635938780578668,1.0,4.335000000000001,1.0
429,5.106805876213072,6.028942365066285,1.0,10,9.180784046630976,1.0,-3.1376820676660913,1.0,8.864607284865741,1.0,8.82901888888889,1.0,-7.949232865180987,1.0,10.275378644452859,1.0,1.028171444475369,1.0,7.738151042850003,1.0,10.57415,1.0,5.664712342813965,1.0
430,-19.90004582212621,24.765117075643982,0.4,10,-47.670092607769305,0.0,9.914334605294538,1.0,-41.58920569010709,0.0,-34.79546762077682,0.0,10.391624689205333,1.0,-43.523857639145525,0.0,9.539852404232935,1.0,10.534572655306588,1.0,-35.77316844410589,0.0,-36.029050573396866,0.0
431,-8.11724677301304,21.94143276826194,0.6,10,10.634952394553938,1.0,8.249113617440013,1.0,-41.752303524847825,0.0,8.701158346911567,1.0,-28.57015573080501,0.0,10.513846153846155,1.0,-40.5558911622549,0.0,9.292753179463023,1.0,9.30530755948848,1.0,-26.991248563925833,0.0
432,3.7965100606508835,4.292681006507844,1.0,10,2.3071087195708984,1.0,4.804845085470085,1.0,7.261311522397838,1.0,-4.109391365133524,1.0,1.5902825811893724,1.0,5.284089039687435,1.0,9.074169853674759,1.0,9.81545884462028,1.0,4.080859123055161,1.0,-2.143632798023477,1.0
433,6.8610715511645095,5.1426136528554744,1.0,10,10.875,1.0,10.755559179128221,1.0,-5.879294273303708,1.0,10.040362412867013,1.0,1.5179450919198345,1.0,9.924689944815052,1.0,5.551042589556664,1.0,9.459759093671325,1.0,10.513394929410895,1.0,5.8522565435798,1.0
434,1.5603459677045124,10.532036611891877,0.9,10,9.577133586785527,1.0,6.286735564471079,1.0,-3.4089030321453055,1.0,-4.317302374818256,1.0,0.6160723739622185,1.0,10.635055865921787,1.0,8.44286938378641,1.0,-25.830188318162843,0.0,10.516423660714285,1.0,3.0855629665302198,1.0
435,3.7404480544426164,12.256796873177489,0.9,10,6.408644760449199,1.0,8.718356424581005,1.0,-12.35426160199267,1.0,10.631306761848107,1.0,10.394835890342053,1.0,9.785,1.0,9.91995118119073,1.0,10.39558585428206,1.0,-27.13070671940958,0.0,10.635767993135257,1.0
436,8.507605573679072,2.8294635183543955,1.0,10,7.131405844557024,1.0,8.732453521864363,1.0,9.54729244524339,1.0,7.605,1.0,10.635296738811087,1.0,10.32669165158956,1.0,9.662317942942943,1.0,0.7520747418455969,1.0,10.04808494966855,1.0,10.635437900268213,1.0
437,6.6341402120295045,3.3673537983816897,1.0,10,9.133563246471226,1.0,0.6715559730543994,1.0,7.549638314785373,1.0,8.034717555624008,1.0,8.943741595649009,1.0,6.841369008329405,1.0,5.795352411234764,1.0,0.02032368215123448,1.0,9.192089388967025,1.0,10.159050944028602,1.0
438,5.787952729916528,5.2676222170871005,1.0,10,10.51668554822185,1.0,9.580562222222223,1.0,10.272470660214696,1.0,2.7639219107207333,1.0,9.567442670839855,1.0,8.621387872655093,1.0,10.277128157156222,1.0,2.4866231617647037,1.0,-3.063571756192033,1.0,-3.143123148438063,1.0
439,-4.6649347214572785,15.829000582208002,0.8,10,-24.123621796310417,1.0,-7.877219783126163,1.0,5.316633050982898,1.0,-28.117875948715742,0.0,-29.779573620093267,0.0,8.390276772119776,1.0,10.636098443634987,1.0,8.898874946027634,1.0,-0.50557810052684,1.0,10.512638821434354,1.0
440,4.1579587798211515,8.5897619429222,1.0,10,4.475323791875946,1.0,10.642397065783246,1.0,10.397441329414423,1.0,0.8150346431283246,1.0,8.850258147512864,1.0,8.399564637938694,1.0,-17.532991625428227,1.0,10.635437900268213,1.0,-4.157387764901015,1.0,9.054509672619048,1.0
441,-14.466566576871363,28.534201676822,0.7,10,5.064204577832652,1.0,-59.21058620689655,0.0,-11.188107520602175,1.0,0.36216076256816976,1.0,9.068121310575208,1.0,-56.936465811668,0.0,9.19067911714771,1.0,-55.262250904642976,0.0,4.466400756143668,1.0,9.78017815082866,1.0
442,4.080457435209557,7.833235267153577,1.0,10,5.129626523691686,1.0,10.160856324089567,1.0,-3.1347097181320915,1.0,10.272622554312617,1.0,10.269131524706143,1.0,9.663811295406395,1.0,-14.269576380642876,1.0,6.334476306268907,1.0,-2.8214697706740868,1.0,9.199805693069306,1.0
443,-10.860878452992502,20.36035398159006,0.5,10,10.635000000000002,1.0,-33.98148468953461,0.0,-28.11208174312156,0.0,-35.72939701342068,0.0,9.929468783170897,1.0,-27.83089160955487,0.0,9.457954244183389,1.0,-29.678890073081604,0.0,10.27307228734143,1.0,6.428465284092575,1.0
444,-2.717698695997604,18.96810930824512,0.8,10,8.317426767791453,1.0,8.451435979157182,1.0,10.395974069708705,1.0,9.303113480652321,1.0,9.4632678719867,1.0,-42.618347999572556,0.0,-5.356826825287953,1.0,6.170827761433538,1.0,5.2514500605152445,1.0,-36.55530812636068,0.0
445,-9.92962382068772,23.775296497808323,0.7,10,8.01712323682257,1.0,10.755318717328548,1.0,-53.13705238822152,0.0,6.723841399481266,1.0,10.277940447365387,1.0,-28.31231327889985,1.0,6.91173154526556,1.0,-35.09539130434784,0.0,-35.9533986812178,0.0,10.515962099546465,1.0
446,-3.3311395063779257,14.721027515483932,0.7,10,1.034942942769872,1.0,-22.367518890860133,0.0,-26.167359795405684,0.0,5.188581216950918,1.0,10.752357723577237,1.0,10.396585577179419,1.0,7.966566386247257,1.0,-25.17132273299749,0.0,-5.580074002868571,1.0,10.635846511627907,1.0
447,-6.848873605442722,17.644965566257156,0.6,10,5.001714569231314,1.0,-24.032794365062443,0.0,-26.952165995218003,0.0,-31.989878526738252,0.0,7.4520196521985005,1.0,5.489115715704669,1.0,10.875,1.0,7.282188385269121,1.0,8.423410264483627,1.0,-30.03734575429576,0.0
448,0.09979306475840773,15.933970378308326,0.9,10,-0.9741254342877728,1.0,10.639674774183783,1.0,7.992038935273209,1.0,6.6719906568516425,1.0,5.267114457831326,1.0,-8.04790913178942,1.0,3.483307596318828,1.0,-44.70122786174726,0.0,10.514639748837578,1.0,10.152426906112161,1.0
449,-0.3788668516291415,12.87041469906886,0.8,10,-25.25837025064914,0.0,2.954632297685988,1.0,4.3267056893511615,1.0,-25.289375047003087,0.0,8.177532609730552,1.0,8.876007804437565,1.0,10.16358610416738,1.0,9.913972548655302,1.0,-0.03682614491097347,1.0,2.383465872243838,1.0
450,-11.2531737581796,18.864882924345434,0.7,10,-36.15198207065333,0.0,2.3052367855608047,1.0,5.119861814283161,1.0,10.634944134078212,1.0,10.406659606752228,1.0,-17.475137376237615,1.0,-36.78358994814519,0.0,-33.61047503242542,0.0,4.4166660086366445,1.0,-21.393921503645487,1.0
451,-6.307031724922797,18.018029163550445,0.7,10,10.39624669565959,1.0,-31.211214795171912,0.0,8.124341358646657,1.0,9.297599811514736,1.0,-30.6930929385501,0.0,-32.326082346845254,0.0,10.28156348941843,1.0,-3.817129173833111,1.0,-13.755747765231709,1.0,10.6331984151647,1.0
452,-1.5505026238652173,14.298297539430845,0.9,10,-38.35079358705053,0.0,10.278047542276953,1.0,8.447222222222223,1.0,-11.448978834524478,1.0,-5.9460408921933094,1.0,-3.7385168181501243,1.0,-1.1233698271617687,1.0,6.785765400866593,1.0,9.074443268534507,1.0,10.517195286527764,1.0
453,-4.452993413708537,19.138732289286185,0.8,10,-34.81160323714693,0.0,-22.13464765342961,1.0,-40.92772619160879,0.0,8.373912647685454,1.0,8.142996338290562,1.0,10.285484402402082,1.0,-0.11541531981584718,1.0,9.077608744310975,1.0,10.398483794283063,1.0,7.180972337943677,1.0
454,2.061186990467434,12.415621642071116,0.9,10,5.778098210257181,1.0,5.187958149779735,1.0,-33.879536807658184,0.0,8.725044437554901,1.0,-1.237599688068629,1.0,7.238521613442343,1.0,10.778696551724138,1.0,2.5661650835971788,1.0,6.386309847760536,1.0,9.068212506285139,1.0
455,-5.1976477630873505,19.215521417168784,0.8,10,10.63582973977695,1.0,10.283491598689256,1.0,-9.529953977646295,1.0,5.202514042111935,1.0,-15.795512715340436,1.0,9.325659494855003,1.0,8.32255293647623,1.0,-38.616581529203984,0.0,-40.63103779429991,0.0,8.826560573707749,1.0
456,5.2167284098015925,10.388138941367377,0.9,10,10.282399663542417,1.0,10.753620680723204,1.0,10.277520191950256,1.0,-2.204401465155197,1.0,10.63412036128019,1.0,7.755075803945571,1.0,7.222153977291003,1.0,-23.82568863270369,0.0,10.875,1.0,10.397483517142172,1.0
457,8.870592098866362,2.9316804093891675,1.0,10,10.0493047112462,1.0,10.875,1.0,1.7321506144942251,1.0,10.51524963472435,1.0,10.034659535529471,1.0,10.63164533910818,1.0,9.371509010879494,1.0,10.027825639706828,1.0,4.713576502974868,1.0,10.755,1.0
458,-9.632676549654784,18.803803283840317,0.6,10,2.4209201600278325,1.0,-0.2131244394089613,1.0,-28.869912150394438,0.0,1.9093355837312682,1.0,6.638471767019384,1.0,10.753370165745856,1.0,10.27489596834709,1.0,-39.98314424364129,0.0,-30.34684435086165,0.0,-28.91073395711291,0.0
459,10.210733710469452,0.3886935411240853,1.0,10,10.518032946030397,1.0,10.635483715319662,1.0,10.646531666666666,1.0,9.785,1.0,10.404540826715538,1.0,9.684593442622951,1.0,10.401666666666667,1.0,10.51450516037857,1.0,9.678965680343197,1.0,9.838016999950868,1.0
460,5.731553677975692,7.283428995397378,1.0,10,9.18287342796205,1.0,9.380004511820971,1.0,9.77915163355225,1.0,8.368188798777332,1.0,10.269544577272072,1.0,-12.137065033101866,1.0,9.064312570781428,1.0,-4.491775297414005,1.0,7.261613586197576,1.0,10.638688003909113,1.0
461,-4.297580068978852,16.819365658796748,0.8,10,1.830121019410564,1.0,-36.76763633562698,0.0,3.53809505449311,1.0,-35.15521395025225,0.0,3.6856917729956207,1.0,9.920878018945752,1.0,-1.5653985074313983,1.0,10.394931284596296,1.0,10.236271491403437,1.0,-9.093540538322669,1.0
462,4.917725757481056,11.235032162505584,0.9,10,10.639164754292949,1.0,-1.646924678321497,1.0,9.696109142800905,1.0,9.018731885373915,1.0,9.670822764315398,1.0,7.594451520182373,1.0,10.158707642512717,1.0,10.638850597451926,1.0,-27.10590525496139,0.0,10.51324920116325,1.0
463,-9.045071372368634,21.95320975371174,0.6,10,9.751923076923077,1.0,-40.416423007630335,0.0,-36.64266571007213,0.0,-33.69598973797987,0.0,10.15508542614198,1.0,9.79465431716013,1.0,1.631494137112437,1.0,-31.825957475561967,0.0,10.395247817018419,1.0,10.401917433201927,1.0
464,-16.01742585505646,22.22742999072232,0.4,10,-28.277513153757475,0.0,10.033116206179947,1.0,-41.6268238704085,0.0,10.513285474994017,1.0,10.512378346522985,1.0,-25.168344067339675,0.0,-36.918358182098615,0.0,-41.719193163880014,0.0,10.753036249505174,1.0,-28.275842390282424,0.0
465,7.359104320884931,4.151163866515409,1.0,10,8.35482479338843,1.0,-3.833782235571757,1.0,7.393012476475917,1.0,10.635033305578684,1.0,9.561636666666667,1.0,4.300270563792614,1.0,7.419100870165405,1.0,8.954185882767119,1.0,10.289684378167076,1.0,10.51707650741916,1.0
466,3.7376167857665843,11.73626221123284,0.9,10,10.516996400062608,1.0,10.634205171682916,1.0,-3.7920441108426264,1.0,10.756395294556997,1.0,8.794328755520601,1.0,10.516402412753125,1.0,-28.76942971719008,0.0,2.591016809283194,1.0,5.726012810851544,1.0,10.402284030987564,1.0
467,7.515172754294507,3.4084512331191235,1.0,10,10.636823766431071,1.0,8.720690999476714,1.0,7.977543079075028,1.0,5.486055439445606,1.0,3.3333178777240526,1.0,6.887546715493241,1.0,10.755873109243698,1.0,10.63546867291564,1.0,10.518162281357451,1.0,0.20024560178257111,1.0
468,-9.279187512422412,20.41179884788171,0.7,10,-7.219104323953326,1.0,-9.3470115915269,1.0,10.28449253125141,1.0,10.518399730611822,1.0,-40.07854352870399,0.0,7.844657273304508,1.0,0.31971006697435556,1.0,-43.008024588175005,0.0,-32.379156097561,0.0,10.272705403554015,1.0
469,-10.847322050681573,20.381144922073037,0.6,10,-33.73243514797222,0.0,7.641035504175751,1.0,-34.116953054468866,0.0,9.733926547798514,1.0,6.169186003341377,1.0,-39.72315439525646,0.0,-34.78609503386008,0.0,6.472947051412065,1.0,1.6743882192403934,1.0,2.193933798773787,1.0
470,-1.370139332244626,14.674092373047774,0.9,10,8.687303586786058,1.0,8.08757291091732,1.0,8.379862379132,1.0,7.4879692116644545,1.0,-18.451424564063693,1.0,10.875,1.0,-34.8286677970207,0.0,10.516298971018596,1.0,-4.222198219470952,1.0,-10.233109801409341,1.0
471,0.9802953152824173,13.477025901382754,0.8,10,4.9844654053459445,1.0,4.603024876499646,1.0,10.416684024861414,1.0,8.14083863950959,1.0,9.537324824307564,1.0,3.70693332536743,1.0,10.390720952380953,1.0,9.113208509398222,1.0,-24.08353097107578,0.0,-27.006716433770812,0.0
472,6.440580011788417,5.883926419167923,1.0,10,4.258887883449462,1.0,10.281542596746057,1.0,10.63296743603507,1.0,8.761771480402397,1.0,2.6731953751149646,1.0,8.256744663026836,1.0,8.82422350588758,1.0,-9.486904869762181,1.0,9.923475006612007,1.0,10.279897040371983,1.0
473,-23.424736118797522,24.85642357387761,0.4,10,-50.33732946266444,0.0,7.628685939553219,1.0,-51.66927493730279,0.0,8.367210532830002,1.0,-29.981247053276764,0.0,-37.79988875440529,0.0,9.935254730011886,1.0,-38.85600500585362,0.0,-2.6404351334216987,1.0,-48.894332043445715,0.0
474,-12.091859208847449,18.742827830553754,0.6,10,-28.0912761917065,0.0,9.360359108140056,1.0,-13.504546750367151,1.0,-15.647592292746122,1.0,-37.696323346757495,0.0,8.592586164260766,1.0,10.76092699579832,1.0,-30.18169733861835,0.0,-32.8605803611738,0.0,8.349551924695799,1.0
475,-0.14449259003397774,14.871687840566924,0.8,10,-16.079935086441044,1.0,8.950938353684625,1.0,10.523302452679285,1.0,-25.12393589966904,0.0,7.262727955569718,1.0,9.78270378516792,1.0,-26.2484913364971,0.0,10.523682669789228,1.0,10.756054122621565,1.0,8.208027082755066,1.0
476,-9.323621758435463,20.715522628011783,0.6,10,10.150132234202001,1.0,0.18134024303073382,1.0,-42.145540015270406,0.0,-30.945220872515055,0.0,10.875,1.0,2.4590869660873116,1.0,8.974898746507396,1.0,-24.338972671133885,0.0,-37.907382367968765,0.0,9.460440152706042,1.0
477,-15.238080039153482,25.814182593932333,0.5,10,-45.407331090032294,0.0,10.6354840711626,1.0,8.102029718961989,1.0,-31.095371026473778,0.0,9.428573970345964,1.0,-46.797181897346604,0.0,-24.34072397717784,0.0,-52.141225893730926,0.0,8.359945732756064,1.0,10.875,1.0
478,-1.3925243572545698,18.03437868160622,0.7,10,-27.066201935884894,0.0,-32.954081931438346,0.0,10.183448618784531,1.0,10.521614095288374,1.0,10.396921097770155,1.0,10.395,1.0,10.63578021055351,1.0,10.395037715345032,1.0,10.038415163804759,1.0,-26.471176606768818,0.0
479,6.508049135415035,4.184758628232057,1.0,10,10.635692726077341,1.0,-2.9044620958751377,1.0,7.172086228968544,1.0,7.962157378198388,1.0,10.391954464813718,1.0,9.938346240536324,1.0,1.1401971135586813,1.0,4.84215127425168,1.0,6.480151034761054,1.0,9.422216988859763,1.0
480,7.1773355423738945,4.721355603720869,1.0,10,10.399541780054426,1.0,5.058294465046008,1.0,10.034838530479224,1.0,8.939647455179882,1.0,10.029156634563938,1.0,10.512841949454526,1.0,9.458102164447528,1.0,-3.140870775169443,1.0,-0.16014714747630343,1.0,10.641950367159161,1.0
481,8.060895993302072,1.997204378273269,1.0,10,5.300803115015974,1.0,9.947947151858044,1.0,9.821504638166292,1.0,7.251334889888158,1.0,9.080354524245958,1.0,10.514088039958285,1.0,8.612280294956362,1.0,3.9846811648886913,1.0,7.349157557984539,1.0,8.746808556058408,1.0
482,3.0370725271057935,9.64874814885741,1.0,10,-5.177723105458384,1.0,10.875,1.0,10.875,1.0,7.852203426674308,1.0,10.3933599189213,1.0,-8.903997442870477,1.0,4.12368745889614,1.0,10.755591277606934,1.0,-17.937559036071725,1.0,7.515162773359842,1.0
483,-4.4205283446649455,16.711313584202152,0.8,10,10.753202971565196,1.0,-11.201989453801355,1.0,7.5203635147189996,1.0,-37.84745674467526,0.0,-15.362128413686543,1.0,9.57198971722365,1.0,9.059274567251638,1.0,-27.895287433664283,0.0,7.530970619097587,1.0,3.6657772093209138,1.0
484,2.3500983822374004,12.146055772447317,0.9,10,9.194843765353248,1.0,-29.142897161603223,0.0,10.875,1.0,9.66644501718213,1.0,-4.86715003009472,1.0,10.155417249486622,1.0,9.300512005885896,1.0,-6.872342985435502,1.0,5.474132613581929,1.0,9.717023348017621,1.0
485,-4.501134925423093,22.107970693049037,0.7,10,10.26990304793068,1.0,10.042612616175598,1.0,10.039625424712025,1.0,-34.40848903247748,0.0,9.302003280559122,1.0,10.392401958840557,1.0,10.6348,1.0,-38.55488535993775,0.0,-41.55841966778021,0.0,8.829098477746529,1.0
486,4.267708325581703,13.817004701654255,0.9,10,10.397632061323113,1.0,7.6367383042258625,1.0,6.622691425546931,1.0,10.875,1.0,10.393605222994744,1.0,4.996891313649978,1.0,10.517679306916632,1.0,-36.816682224676654,0.0,8.468737291922691,1.0,9.584790553913727,1.0
487,-12.030317284797762,21.87659825852836,0.5,10,9.068492481090615,1.0,-34.932358306188945,0.0,9.92437912087912,1.0,-33.14464631650751,0.0,-37.871177004931255,0.0,-38.48274380273399,0.0,10.037236211290114,1.0,-23.38427529719351,0.0,9.06205313575812,1.0,9.41986693055965,1.0
488,-9.767292877675567,26.34904705828352,0.7,10,10.642368188642585,1.0,9.296122182948535,1.0,-8.310801654458187,1.0,-51.36389641484478,0.0,7.153560749774163,1.0,10.757089641913002,1.0,9.807007899719267,1.0,10.439463547914167,1.0,-47.47063700952692,0.0,-48.6232059088375,0.0
489,-2.8813725122371534,13.69812575978855,0.9,10,1.5878146780150946,1.0,-13.101522901363522,1.0,-17.065960163726484,1.0,9.23761324288036,1.0,10.403740785773994,1.0,10.27107453113583,1.0,-8.189517540204989,1.0,-0.2519014928353922,1.0,10.269003500409623,1.0,-31.974069762456047,0.0
490,-13.695903755202565,23.20167691773115,0.5,10,-38.80503501922334,0.0,-26.26698067740143,0.0,9.686966605932076,1.0,9.297606279522089,1.0,7.137672661362458,1.0,-36.919614571280356,0.0,-44.52720252779558,0.0,10.034517541413353,1.0,-36.01214859518811,0.0,9.415180750633203,1.0
491,1.8004289490005216,12.610777067424145,1.0,10,10.398920111731844,1.0,-19.82713437897414,1.0,10.030752649833069,1.0,-9.241266723411687,1.0,-21.62959882747068,1.0,10.398505740461557,1.0,8.827901650300756,1.0,9.445010251011249,1.0,9.446632563653232,1.0,10.154566452870016,1.0
492,6.224002489764693,5.256386105244436,1.0,10,10.778696551724138,1.0,10.388394763523587,1.0,9.071113212211099,1.0,8.834674206815512,1.0,10.286862204265567,1.0,1.6928614768448522,1.0,9.66466926070039,1.0,-2.8370472392182187,1.0,7.638769044496014,1.0,-3.2789685837160096,1.0
493,-6.381137528614124,16.37774140109902,0.7,10,0.14506784782310156,1.0,9.654009970020219,1.0,6.957080536912752,1.0,-32.17714176163845,0.0,8.827837112434366,1.0,-13.307697657828985,1.0,-25.349410512875096,0.0,-30.052626615746174,0.0,10.525766666666668,1.0,0.9657391280903713,1.0
494,0.0488212681210598,16.18830326349316,0.8,10,10.753202971565196,1.0,10.045842038725132,1.0,9.461305197930454,1.0,-28.81452384193099,0.0,7.856097780347564,1.0,9.4597461591958,1.0,-33.655130304583594,0.0,-3.828645180107916,1.0,8.816958967067007,1.0,10.39335889300194,1.0
495,5.512356506581855,8.612204547057232,1.0,10,10.633653820118235,1.0,10.875,1.0,9.423427112694782,1.0,8.370990169044479,1.0,9.185051041706199,1.0,9.810975044783495,1.0,-13.435375251004007,1.0,9.066913671647148,1.0,10.875,1.0,-9.682070543171776,1.0
496,-10.10558062383144,23.6650675160655,0.6,10,-32.55927476127412,0.0,-45.779428207035835,0.0,10.515605315780704,1.0,10.753045685279188,1.0,10.637259091919118,1.0,7.421885120559242,1.0,8.853807999636793,1.0,-35.108831622058155,0.0,-41.55714602630965,0.0,5.767271165188315,1.0
497,0.7988914021947118,13.760729361008043,0.8,10,10.515418611622628,1.0,6.427948588709677,1.0,7.174104616910201,1.0,10.393360244552438,1.0,7.036552004408321,1.0,-1.8865138414865346,1.0,-27.298253571350912,0.0,10.272324975285342,1.0,-24.316194273370712,0.0,9.670166666666667,1.0
498,9.67315538589805,1.4570159206434292,1.0,10,8.847538345072739,1.0,10.51231917842742,1.0,10.515646255506608,1.0,5.877558514135438,1.0,9.924075925589285,1.0,10.875,1.0,10.069680991735536,1.0,8.719734648513477,1.0,10.515,1.0,10.875,1.0
499,7.845475493770133,3.2519844506480053,1.0,10,9.197073195120325,1.0,1.9535295175666487,1.0,10.394611551528879,1.0,9.030928713914713,1.0,6.865702615375236,1.0,8.610886666666666,1.0,10.637465258978525,1.0,10.513904970481812,1.0,1.4426755379388467,1.0,9.807976910129673,1.0
500,-4.701493657001376,16.49913464199656,0.7,10,-5.220261264348121,1.0,-30.0546448694333,0.0,-23.393107841086078,0.0,-31.26179002208504,0.0,10.427631843294826,1.0,8.588920685391273,1.0,10.282877935183388,1.0,7.7632221006564555,1.0,-4.90174603762406,1.0,10.753960900036887,1.0
501,-1.093389614141186,21.651509289481986,0.8,10,10.156730411477218,1.0,-43.94452144082333,0.0,-44.75439136928575,0.0,6.89153709084928,1.0,9.668606406243299,1.0,10.27013110362463,1.0,10.393246594481313,1.0,9.834118889069352,1.0,10.63102316992968,1.0,9.919623003022451,1.0
502,-6.7110670012712905,23.075328548482233,0.8,10,7.200190412089105,1.0,-1.3028926232546585,1.0,-50.93066021941227,0.0,-51.09432656301491,0.0,10.04738290131878,1.0,10.761605131720692,1.0,-7.011215485225241,1.0,10.514713656387665,1.0,10.397287902664273,1.0,-5.6927551259863325,1.0
503,-1.7606315643627248,15.00393466482041,0.8,10,10.875,1.0,-1.5369806401935993,1.0,-6.500691825919372,1.0,10.75734418798831,1.0,9.925772864755869,1.0,0.03983879093198972,1.0,7.534610399915362,1.0,-33.822760348355274,0.0,-24.667330318433244,0.0,9.788881245682708,1.0
504,5.83757102654584,12.05743323655745,0.9,10,9.94125085910653,1.0,10.633677998678598,1.0,9.79832829618436,1.0,9.182686587064087,1.0,-30.21330919603525,0.0,10.875,1.0,10.514889420203227,1.0,10.27609997525365,1.0,7.220990743789558,1.0,10.146095581213647,1.0
505,2.6020726324194046,14.50918115160074,0.8,10,10.875,1.0,10.517949532228993,1.0,8.720810494652408,1.0,-27.26609779351674,0.0,10.875,1.0,10.269391935042423,1.0,10.513908815357413,1.0,8.098059707301884,1.0,8.842177138128731,1.0,-25.42547350500106,0.0
506,-5.412512349496967,20.760905493326398,0.8,10,10.754829875518672,1.0,-45.79191018456636,0.0,10.754829875518672,1.0,-44.985838110999474,0.0,-2.5389942831352528,1.0,-7.000265496556327,1.0,8.447949685207348,1.0,7.7287487769346175,1.0,8.022634417171394,1.0,0.48289194993704676,1.0
507,2.115323154473453,16.019870267264412,0.8,10,9.926863063379253,1.0,8.062961343115125,1.0,9.949718908248219,1.0,10.75997206313731,1.0,-30.841533073929945,0.0,10.275709174671633,1.0,10.767128175849273,1.0,10.875,1.0,10.289637858253721,1.0,-28.912225967990054,0.0
508,-4.546920801826454,19.917728808338016,0.7,10,-3.200142314556354,1.0,10.415,1.0,-36.616623222748835,0.0,8.012231199502796,1.0,10.517679306916632,1.0,-36.894952705481494,0.0,-29.134957678355466,0.0,10.163262542602705,1.0,10.512609770982559,1.0,10.756685082872929,1.0
509,7.019473245925347,10.067691239637846,0.9,10,10.753361946902654,1.0,10.875,1.0,-23.138537338573848,0.0,10.3920414228237,1.0,10.397640080578974,1.0,10.397098013159175,1.0,8.799516753662232,1.0,10.634706157589369,1.0,10.648469761759316,1.0,10.435435661351898,1.0
510,-2.8602224079098617,18.410304231570425,0.7,10,10.636322001321401,1.0,3.9761520077703656,1.0,8.743833874107722,1.0,10.420414364640884,1.0,-30.231398094976782,0.0,10.273901253348326,1.0,10.515798353909465,1.0,9.227913333333333,1.0,-28.875723623250124,0.0,-33.28943754930321,0.0
511,-5.911145371981966,21.332120312410304,0.7,10,-39.629979967514885,0.0,7.99868115942029,1.0,-29.001590507942716,0.0,3.8844321045813217,1.0,10.633608205953339,1.0,5.672959595959595,1.0,4.664060138621085,1.0,10.754069451980467,1.0,10.756060337963373,1.0,-44.84375423884154,0.0
512,5.351083896277154,3.8379363176396697,1.0,10,8.948958769672672,1.0,7.848960379130732,1.0,3.7333856613102583,1.0,8.341289575289576,1.0,-2.54650751766032,1.0,9.171839935245611,1.0,2.65638074036839,1.0,3.6422826038159384,1.0,9.657879324073255,1.0,2.056369491525425,1.0
513,-1.704103724825334,10.821486142049395,1.0,10,-24.90797169529051,1.0,3.660809966610418,1.0,10.512491366551554,1.0,7.147407807863075,1.0,2.330056382390419,1.0,8.35359463663335,1.0,-0.6570755735934259,1.0,-15.432374821173118,1.0,1.383979666782638,1.0,-9.43195498502774,1.0
514,-6.0372174108274335,19.58210078213967,0.6,10,10.875,1.0,-33.09239804587935,0.0,-30.072128519855596,0.0,7.471865200570149,1.0,-23.956983029206803,0.0,10.511695178849145,1.0,10.754681282671452,1.0,-32.21095484415242,0.0,10.280498552889554,1.0,9.066550115839531,1.0
515,4.186637421483535,8.227056165846726,1.0,10,10.394879346348901,1.0,10.042326292542045,1.0,10.516683965882937,1.0,-3.9256443154896647,1.0,-13.526046858595357,1.0,-4.591660881861419,1.0,10.553013698630137,1.0,9.804525590696986,1.0,2.6714745177512578,1.0,9.926822858929537,1.0
516,3.894546129761621,13.625445766084356,0.9,10,10.274485349588097,1.0,10.518665475126602,1.0,-35.43419831675047,0.0,10.514210943346392,1.0,0.38853969432584456,1.0,9.809777880019425,1.0,10.512265024630542,1.0,10.75997206313731,1.0,1.564330445592633,1.0,10.037412738599834,1.0
517,-2.619628650658831,18.286454144076295,0.7,10,-26.012106719170554,0.0,8.956911989147024,1.0,10.636621950197032,1.0,10.029002422430677,1.0,8.679675978560988,1.0,-30.931253946329917,0.0,5.852529786105711,1.0,10.634554430379746,1.0,10.041919897495246,1.0,-34.08414229540426,0.0
518,8.968653315999973,3.5814963418882964,1.0,10,10.512039230811615,1.0,10.513262782666816,1.0,10.875,1.0,10.516103228263974,1.0,8.215758437105215,1.0,9.922773528433655,1.0,8.98090556752758,1.0,10.875,1.0,-1.4798030971182516,1.0,10.755493482309125,1.0
519,-4.529126919607284,17.005026210591105,0.7,10,6.431181666579811,1.0,-1.3456949092440347,1.0,-32.83167691605642,0.0,10.753960900036887,1.0,3.6225149957155054,1.0,-31.75468915682106,0.0,-25.054679609186653,0.0,8.666228985314639,1.0,9.561325639838635,1.0,6.660259207749855,1.0
520,-2.7651598817865257,16.387772154750497,0.7,10,9.929384148777741,1.0,-27.042763131003465,0.0,10.875,1.0,10.27948481682024,1.0,-29.325216038176254,0.0,10.756963750494826,1.0,-6.648146531141274,1.0,7.148385451617232,1.0,9.686453938811287,1.0,-23.311145224065587,0.0
521,-3.380244995561339,18.70087973651123,0.7,10,7.420530244074992,1.0,8.679116949152542,1.0,-32.70092017326728,0.0,10.03687831318125,1.0,5.409546606717162,1.0,10.875,1.0,10.39371809958079,1.0,-30.964052514440187,0.0,-31.887835165356982,0.0,8.93556768474432,1.0
522,-2.2205090586600242,13.900732728922117,0.9,10,0.3156121207092113,1.0,-11.252537340399899,1.0,2.2971007606658578,1.0,-4.899212276214833,1.0,10.755,1.0,9.075498496156845,1.0,-34.08201274609537,0.0,10.636693384404408,1.0,10.51465064572591,1.0,-15.565883631552374,1.0
523,3.94128387819919,7.381401518335443,1.0,10,3.003951367781153,1.0,10.63615867768595,1.0,9.806755573629317,1.0,0.5732728452626983,1.0,3.354812242293341,1.0,8.200007308754262,1.0,-15.704871869058447,1.0,2.1104459762478225,1.0,8.695507010819465,1.0,8.736799648576335,1.0
524,5.393749349216277,6.070906322314456,1.0,10,3.4845486685722884,1.0,7.750137039502885,1.0,10.516792376862167,1.0,-2.6785654735319753,1.0,10.274014918513805,1.0,8.876455579020455,1.0,8.59726764896373,1.0,5.357622022012723,1.0,-8.63323932228792,1.0,10.392460034534619,1.0
525,4.729089663613572,7.685682710555055,1.0,10,4.983475753163848,1.0,10.15691898481658,1.0,9.457614247692394,1.0,9.423313978244881,1.0,-4.629622710757156,1.0,10.63241118881119,1.0,-2.3122051411290254,1.0,10.63490341793207,1.0,-11.810913082639065,1.0,10.755,1.0
526,3.8233424632737574,11.11352419795465,0.9,10,4.000853325773415,1.0,10.280605537295973,1.0,-3.535751313485111,1.0,-27.08277786980288,0.0,5.60575213604141,1.0,9.37059692278469,1.0,10.875,1.0,10.27120749370277,1.0,8.750409718987733,1.0,9.697528681439573,1.0
527,3.918784400948912,6.87042651876024,1.0,10,-7.73545725287287,1.0,9.200749330655958,1.0,10.156062055831669,1.0,-6.715697805704192,1.0,6.295679019256605,1.0,9.566094908209214,1.0,-3.6734028501088876,1.0,7.701392532795157,1.0,3.6369270108544365,1.0,10.755497060572033,1.0
528,7.702875883123528,4.512658694824831,1.0,10,9.813520701506441,1.0,10.520040376272496,1.0,9.915015224746254,1.0,9.915955466476307,1.0,10.27591738861386,1.0,-2.9101325666492404,1.0,10.875,1.0,7.023995036328321,1.0,10.51324920116325,1.0,1.0861980027775964,1.0
529,-4.998222337497294,22.177774871876217,0.7,10,10.755042016806723,1.0,5.502374893977946,1.0,10.527882528486163,1.0,8.120997619677334,1.0,8.351975479557982,1.0,-44.79457934854655,0.0,-27.017861471451553,0.0,-42.602815755409026,0.0,10.875,1.0,10.299760661928032,1.0
530,-1.0422984156448474,18.483079027242944,0.8,10,8.30876252943155,1.0,10.517387310966157,1.0,-39.979363188358604,0.0,9.065274190529665,1.0,9.119935375659809,1.0,-1.1431569501361025,1.0,9.253630130463765,1.0,-34.79523991252516,0.0,10.394493564120431,1.0,8.835292793400017,1.0
531,-20.1904875155257,20.18075607176676,0.3,10,10.875,1.0,-28.02852081488044,0.0,-33.91089097136334,0.0,-39.90249429312295,0.0,-34.70979004962464,0.0,9.181477558994395,1.0,-34.546848435310636,0.0,-29.009208710370412,0.0,10.756003945449867,1.0,-32.60960338502887,0.0
532,-11.568091571390008,20.285968652075567,0.6,10,-38.392623985903576,0.0,-33.740721111567076,0.0,10.875,1.0,-29.696151448302324,1.0,-23.317215895946326,0.0,2.6023299672306566,1.0,10.397340028655618,1.0,6.915679887290269,1.0,10.634337285436207,1.0,-31.958890440793528,0.0
533,7.436371001737942,3.7482433533263366,1.0,10,8.514739861853833,1.0,5.308590245999041,1.0,1.0824805720899455,1.0,0.028411254414244524,1.0,10.156978457506312,1.0,10.275176569037658,1.0,10.050072551787531,1.0,9.435238212117298,1.0,8.637022292573539,1.0,10.875,1.0
534,5.113918053079395,13.033720651568926,0.9,10,9.680194285714286,1.0,7.912154298948181,1.0,10.039151136330904,1.0,9.362041200815368,1.0,8.255591825032765,1.0,10.758041008227766,1.0,-33.91020085754722,0.0,9.069367929708951,1.0,9.817543784707391,1.0,10.155295918855556,1.0
535,-14.928916383172217,20.55725632233851,0.4,10,-40.86293438855055,0.0,-15.359044281296065,0.0,3.8403266666666678,1.0,10.757785294303597,1.0,10.875,1.0,-36.167689563395484,0.0,-36.109386319177126,0.0,-31.895087357625126,0.0,-24.03343206987989,0.0,9.665298187231807,1.0
536,0.3706107619270405,17.232878909785484,0.8,10,6.235028285644009,1.0,7.111164403023243,1.0,9.479061067516122,1.0,10.875,1.0,-29.75812873502311,0.0,10.636814107883817,1.0,10.516488975851866,1.0,6.838917945181865,1.0,9.540268498942918,1.0,-37.76850692975032,0.0
537,-9.594199774163206,20.528264347497466,0.5,10,-36.11599503906028,0.0,10.875,1.0,-23.802240770946394,0.0,-27.6603237600678,0.0,-34.63327078258222,0.0,10.275019771626605,1.0,10.636805572380375,1.0,10.76,1.0,-27.031394635089406,0.0,10.754401902107075,1.0
538,4.113283677266241,11.306343866768342,0.9,10,7.511016302566089,1.0,10.046784460488839,1.0,10.156009536536475,1.0,10.147042174169663,1.0,10.415930297527588,1.0,8.022548090040928,1.0,0.3386174861886051,1.0,4.595690258804144,1.0,8.496241288625905,1.0,-28.597043122285825,0.0
539,7.503115261540202,6.811547610515324,1.0,10,9.925687180014922,1.0,8.997032844524483,1.0,10.756448333333333,1.0,-12.749189048899304,1.0,10.76,1.0,9.091032534628441,1.0,10.634105935386929,1.0,9.421807745825603,1.0,10.407883190883192,1.0,7.786343899704413,1.0
540,4.609520059371063,10.27876486004701,0.9,10,9.305961805863731,1.0,4.413448879861049,1.0,7.0551645817720665,1.0,10.875,1.0,9.29781635576391,1.0,-25.150418917760053,0.0,9.353974604454297,1.0,9.477440149792699,1.0,1.6818131339629279,1.0,9.785,1.0
541,8.746458633886238,1.9851266872779711,1.0,10,9.43315456167549,1.0,8.718760924307508,1.0,10.156189568212572,1.0,10.514714858543107,1.0,7.738453908432366,1.0,9.454944827940158,1.0,6.914040646853147,1.0,10.513394929410895,1.0,3.8643809036760732,1.0,10.15655120981107,1.0
542,-19.90293973200201,25.46831571412707,0.4,10,8.347271773347323,1.0,-42.775614428161994,0.0,10.875,1.0,-43.38800924943141,0.0,-51.45969436514826,0.0,7.506927119831814,1.0,-51.221106352713285,0.0,-23.138868245453363,0.0,10.274275445960127,1.0,-24.04957901825106,0.0
543,0.018809008548062955,12.224247420951208,0.9,10,7.187264534530888,1.0,4.361429385980541,1.0,10.515768213015795,1.0,6.938989485373217,1.0,10.515277583554747,1.0,0.06552298197173911,1.0,-31.818696878525778,0.0,-9.286225687320483,1.0,-4.352214059261062,1.0,6.060974526161024,1.0
544,0.8714759159891434,12.275289568019874,0.9,10,9.054698553583169,1.0,10.165595979222015,1.0,-28.42698235909704,0.0,9.4264979817611,1.0,10.28526640553737,1.0,7.542444581866615,1.0,-9.862671874050218,1.0,-3.0559689631906437,1.0,10.636786527627951,1.0,-7.050907673368888,1.0
545,-18.114398242377057,19.90372925164205,0.3,10,-25.160658748661056,0.0,10.755132366273799,1.0,-37.57187479113289,0.0,-37.26007858664631,0.0,-12.596439929798436,0.0,-35.839169669351385,0.0,9.6788254835859,1.0,-31.919044057166367,0.0,-31.983720176152996,0.0,10.753045685279188,1.0
546,-0.5218033667825533,15.596439563577142,0.7,10,10.755807047644186,1.0,10.76,1.0,10.515,1.0,4.5388786434804125,1.0,10.395404699175053,1.0,-23.20092558776534,0.0,10.760051471558663,1.0,-23.21716818382028,0.0,9.554280833333333,1.0,-26.07936259143157,0.0
547,8.975951801587115,2.173596896786411,1.0,10,10.513542864785341,1.0,4.869703655009203,1.0,9.454494339274598,1.0,10.563196666666666,1.0,8.473987635239567,1.0,10.044078676444027,1.0,10.267192609250593,1.0,10.875,1.0,9.929081074254926,1.0,4.769240494946227,1.0
548,4.66710038076011,10.882162277904214,0.9,10,4.14938294964785,1.0,9.469874286226794,1.0,-0.713448696576549,1.0,10.778696551724138,1.0,10.632853463426459,1.0,9.805273630182642,1.0,10.394708846584546,1.0,10.752865713650841,1.0,7.6209094583670165,1.0,-26.220112395632633,0.0
549,4.160396600101707,7.7130132052670115,1.0,10,-3.6379658416038865,1.0,6.655148101859085,1.0,10.392596163023766,1.0,3.8906141695837064,1.0,6.438107988019617,1.0,10.875,1.0,10.390518325307651,1.0,1.2911322664478178,1.0,10.043467874538516,1.0,-14.734653046159194,1.0
550,6.001502297543166,6.8916370198899894,1.0,10,9.423266185922559,1.0,-0.2720779957299264,1.0,9.361781558039098,1.0,4.8135204713965765,1.0,10.394991826885654,1.0,10.651853991596639,1.0,-12.273904094470815,1.0,10.63490341793207,1.0,9.297298114932639,1.0,7.983389498927174,1.0
551,-3.745971144982859,18.340681622084162,0.8,10,-5.2017161252715844,1.0,2.015083521307078,1.0,-7.073531225335445,1.0,10.27608020902194,1.0,8.712438101007042,1.0,-42.63257663814824,0.0,10.512907830342577,1.0,10.160522107813446,1.0,-33.52306849755785,0.0,9.294149266992449,1.0
552,3.3151133621353948,7.366201739006713,1.0,10,6.83407267037552,1.0,5.99899181564629,1.0,9.114444339511273,1.0,8.483873387509234,1.0,7.5788750456704435,1.0,-5.632937155574389,1.0,9.344341298178156,1.0,-11.834874425803877,1.0,8.447197785606441,1.0,-5.18285113976515,1.0
553,5.9778714687483205,10.164326423262816,0.9,10,10.636573905747449,1.0,10.165298046418435,1.0,10.514599875186022,1.0,10.778696551724138,1.0,6.138444392925746,1.0,7.9907064839952024,1.0,10.875,1.0,-24.06498516000218,0.0,10.393269774011298,1.0,6.351110817477098,1.0
554,-0.9369707654685346,15.86112213497045,0.8,10,5.96060675706734,1.0,-9.439358236404018,1.0,5.936413716053627,1.0,-31.15857435277152,0.0,9.564906267695884,1.0,7.747088670936748,1.0,10.875,1.0,10.39451429787838,1.0,10.754979253112033,1.0,-30.005284028253815,0.0
555,-11.892116901016323,21.75839322809784,0.5,10,10.276755836713853,1.0,-36.52244204278195,0.0,-34.14733020201182,0.0,10.646598333333333,1.0,-37.867976748405084,0.0,8.832916548664212,1.0,8.843083256183045,1.0,-24.440718453683456,0.0,9.41884706303725,1.0,-33.96090260121262,0.0
556,1.2526752809694848,15.52815828206611,0.8,10,10.276274095454076,1.0,-32.87500744950888,0.0,10.28002276414255,1.0,-25.980151009257856,0.0,10.032329900616089,1.0,5.804799929490567,1.0,10.277879567471963,1.0,10.395226797547751,1.0,4.988588993239868,1.0,9.326789220498723,1.0
557,-17.72593992812331,27.016041285040682,0.5,10,7.741321960521569,1.0,-52.10060408299866,0.0,-50.847931547619055,0.0,-46.35989721380096,0.0,-33.66721108477748,0.0,10.289678098874335,1.0,-38.292907944638756,0.0,9.342804765111973,1.0,8.664323293037077,1.0,7.971024475056841,1.0
558,3.8647069466438553,11.533375448089496,0.9,10,10.875,1.0,7.783406170071679,1.0,4.700423461973196,1.0,6.332837274533485,1.0,9.464047504633761,1.0,9.926017004332474,1.0,7.425182200218757,1.0,-30.032648730073987,0.0,9.186832095509128,1.0,2.9859724852400564,1.0
559,-8.44256443108643,21.694627885522834,0.6,10,-32.752311611501085,0.0,10.513222426317109,1.0,10.517493473870857,1.0,-36.10528058621652,0.0,-31.924009249229215,0.0,4.659642749989283,1.0,10.64734706117553,1.0,10.657670000000001,1.0,-38.608048259010374,0.0,7.968629683740117,1.0
560,7.817567217607719,2.018666483096912,1.0,10,8.23459616224195,1.0,5.150082855522654,1.0,4.625058843214904,1.0,9.571736554333588,1.0,9.075086366719422,1.0,7.394541334300218,1.0,7.991245005069483,1.0,10.03583437561714,1.0,10.63461780738946,1.0,5.462872871668371,1.0
561,-9.222131480315062,19.53496242063321,0.5,10,-31.97535908065597,0.0,-32.232901613930146,0.0,10.154274823996891,1.0,10.038484316611935,1.0,9.30508169001713,1.0,-31.125006958473598,0.0,10.512777901207139,1.0,-24.242972296552825,0.0,-23.17549589179623,0.0,10.519802306425042,1.0
562,-1.723239391110636,15.872480896175928,0.7,10,9.199683690157597,1.0,9.42123707451991,1.0,-24.35380083463748,0.0,-25.041760334903195,0.0,10.166050835744828,1.0,8.970982777985775,1.0,-27.85541240524605,0.0,10.51503954550518,1.0,8.715696624447004,1.0,3.0298891153200627,1.0
563,-4.751378887536984,19.11265309173332,0.7,10,10.158733678491167,1.0,10.277893821877507,1.0,3.011333686627804,1.0,4.8044918968504735,1.0,-22.993277956362185,0.0,-38.96176064768142,0.0,7.511190231588834,1.0,10.514596342551295,1.0,5.496727988748243,1.0,-37.33371791806156,0.0
564,4.154278855430533,12.64218687214971,0.9,10,-32.6580642212002,0.0,9.181041289573443,1.0,10.753924193688603,1.0,9.690605078172343,1.0,9.061568088511587,1.0,0.13268229806039855,1.0,5.637442038279398,1.0,9.785,1.0,9.083589789219758,1.0,10.875,1.0
565,-20.899944936292876,21.335380222405114,0.3,10,10.755934959349593,1.0,9.444368571428573,1.0,-43.75129056966763,0.0,-32.66949288564982,0.0,-38.57013630028578,0.0,-42.78666619559075,0.0,-25.152792748368373,0.0,10.75325842696629,1.0,-33.053560554914306,0.0,-23.96907206619654,0.0
566,7.964531191626795,4.120292325584609,1.0,10,8.252568153655515,1.0,10.875,1.0,7.921444278148745,1.0,10.755418875088997,1.0,-3.96048219227532,1.0,8.99242975867029,1.0,10.6359824908063,1.0,8.657659110723626,1.0,9.559432669940552,1.0,7.955858771509243,1.0
567,9.51698374256534,1.6027890418820983,1.0,10,10.875,1.0,10.045224505196721,1.0,7.260774324647383,1.0,10.394987967339924,1.0,10.875,1.0,5.804020791415158,1.0,9.312222150786507,1.0,10.637966542255398,1.0,10.396325284769116,1.0,9.56831585924319,1.0
568,-5.748464546329892,19.747701361819047,0.7,10,3.3445241385085644,1.0,-36.53836950998185,0.0,-1.0729891517769445,1.0,-39.96115200864106,0.0,7.625728495593465,1.0,10.516617920886508,1.0,-29.23578009742522,0.0,7.897717240397281,1.0,10.758041008227766,1.0,9.181016500912579,1.0
569,8.817719731563978,2.953459022475056,1.0,10,10.155313712374582,1.0,10.046594594594595,1.0,0.755690620915713,1.0,9.812311162996151,1.0,10.52886406142337,1.0,10.515488816471633,1.0,10.759711068909388,1.0,8.032093036088732,1.0,10.753221482098251,1.0,6.817908759767347,1.0
570,3.795274322414,12.59025656937091,0.9,10,8.719141780071118,1.0,10.753785516023216,1.0,6.191683155577159,1.0,9.298043586010346,1.0,-33.21369270305666,0.0,10.15742912563414,1.0,2.0239108342894614,1.0,5.980008727659089,1.0,10.396828961175236,1.0,7.645604240756894,1.0
571,7.86355459874302,3.5302901174639922,1.0,10,10.155058015077715,1.0,10.75669941980161,1.0,9.17379364397138,1.0,10.277001777382804,1.0,0.3009542124542133,1.0,9.335823155429145,1.0,2.687076382011629,1.0,10.755394398682043,1.0,9.695128013983858,1.0,5.49861696863581,1.0
572,-21.152398223916336,21.273622693143245,0.3,10,10.516733870967741,1.0,9.785,1.0,-36.02081428278265,0.0,10.755606023406171,1.0,-42.655481500580144,0.0,-31.864317759900985,0.0,-39.08799819758926,0.0,-22.79474771788002,0.0,-39.38089102897793,0.0,-30.777071645826272,0.0
573,3.5373800938764277,13.059856203971504,0.9,10,-11.535875110605481,1.0,10.407936712702991,1.0,-30.42477076061133,0.0,10.875,1.0,9.912321530963302,1.0,8.708769270668242,1.0,10.755736235595391,1.0,10.755298187231807,1.0,5.388440875650458,1.0,10.530943997168892,1.0
574,3.7836416821250354,12.183121172269802,0.9,10,-31.99265918553876,0.0,10.516493497412949,1.0,9.807852835125562,1.0,7.53038670592232,1.0,5.128887379481136,1.0,7.159159054116558,1.0,9.80034344971934,1.0,8.583814575136964,1.0,9.475952546968818,1.0,1.8261859629054644,1.0
575,-8.987584312171183,22.112967785274463,0.7,10,5.601179390001804,1.0,-1.7449745661280698,1.0,10.63291712952677,1.0,10.635055865921787,1.0,-5.610713214464262,1.0,-41.771208413527624,0.0,-26.100772113040627,0.0,10.63745495353101,1.0,-53.52040762954176,0.0,1.3656254760091375,1.0
576,0.1295880479292693,19.07191735217052,0.8,10,8.85789071571223,1.0,10.875,1.0,-33.94801924651927,0.0,9.546079228439345,1.0,10.875,1.0,-41.629883770602675,0.0,10.535190392501464,1.0,6.9522966910777955,1.0,10.523370165745858,1.0,8.708956302937946,1.0
577,-4.263355583236826,17.057981788442905,0.6,10,-23.314035935863355,0.0,-27.917466880038855,0.0,9.679228446273312,1.0,-24.26112283447568,0.0,7.812757035003431,1.0,10.517032060785768,1.0,9.421015483520465,1.0,10.270815495276887,1.0,-24.888847804714285,0.0,10.047069101864055,1.0
578,3.0034507264883694,12.072204315495208,0.9,10,3.9844593710234495,1.0,8.26038463680927,1.0,10.154151593583531,1.0,0.9981931130949988,1.0,9.189372466187441,1.0,-1.6820010430636323,1.0,8.815106947320643,1.0,-31.07394634792853,0.0,10.513786527856517,1.0,10.875,1.0
579,3.570501575487443,11.35013612924335,0.9,10,10.175773195876289,1.0,4.856119010614726,1.0,8.231599984432163,1.0,10.51374107982038,1.0,10.524241255666059,1.0,-2.1824213429876753,1.0,10.516862840466926,1.0,2.0548526898451636,1.0,9.211877281812127,1.0,-28.197630240671728,0.0
580,6.894027284506953,4.7550857632757415,1.0,10,10.394611473668235,1.0,8.636360525469662,1.0,0.768996299004943,1.0,10.634944134078212,1.0,10.15959176672384,1.0,-3.3538503852651598,1.0,10.754354380874283,1.0,10.40269775280899,1.0,2.9105917129606027,1.0,7.631975184745917,1.0
581,-0.5141006195363051,15.209609636530292,0.8,10,10.637623974763407,1.0,-25.512328014772017,0.0,7.882649466334964,1.0,8.96011750992376,1.0,9.68488630762659,1.0,0.3763758351262627,1.0,10.635126944736088,1.0,6.73060411723209,1.0,-0.5230018289894822,1.0,-34.01306050734471,0.0
582,2.7716145823045086,14.845640753305418,0.8,10,8.395419746659725,1.0,10.7566035659256,1.0,10.63296743603507,1.0,10.515756621846473,1.0,-28.33877665888904,0.0,10.634921952234768,1.0,9.704230310657747,1.0,10.63644593139517,1.0,10.15977642471314,1.0,-25.381199507533562,0.0
583,-3.5273295337981225,17.851749684521337,0.7,10,-32.96544595523264,0.0,9.43469821506736,1.0,-29.92501445518891,0.0,9.23983752620545,1.0,-26.335644517742193,0.0,10.631285847299814,1.0,9.785,1.0,-5.957434533105724,1.0,10.636779329608938,1.0,10.182643205106668,1.0
584,-14.905261215693034,18.474728180439314,0.4,10,6.559814701690083,1.0,10.513950842281549,1.0,-28.25115337181195,0.0,-32.774272667071365,0.0,9.680541141055045,1.0,-29.090855121757865,0.0,-32.19585046138289,0.0,2.686129677674683,1.0,-32.94032781613138,0.0,-23.240589081476255,0.0
585,2.7609026145218647,11.079642612997562,1.0,10,10.875,1.0,-21.373828917395986,1.0,10.759711068909388,1.0,7.157452969930381,1.0,-14.943868766135832,1.0,8.010132851525135,1.0,-1.1477577112203896,1.0,10.277175260212983,1.0,7.358201284796573,1.0,10.636808104596394,1.0
586,-8.235826237896022,22.78374656131892,0.6,10,10.1654530979032,1.0,-34.78070942153709,0.0,-35.987034213345105,0.0,9.918906044369242,1.0,-36.53272009326463,0.0,10.875,1.0,10.396112345404724,1.0,-37.21550558397143,0.0,9.927235445480862,1.0,10.875,1.0
587,5.67008059371751,8.313581190618157,1.0,10,-16.57326736993892,1.0,9.688702185428701,1.0,9.311403379742071,1.0,10.514747467081547,1.0,10.39522169117647,1.0,-2.3053690674753575,1.0,10.875,1.0,10.875,1.0,6.7764291908906955,1.0,7.142938460269907,1.0
588,9.785697103879336,1.2214203629322442,1.0,10,9.68502676293023,1.0,9.14142018847199,1.0,10.633650070928477,1.0,10.755559179128221,1.0,10.875,1.0,10.75737540828153,1.0,10.289110986337263,1.0,9.343084580895203,1.0,6.5835624774937,1.0,9.793181384326761,1.0
589,-19.773125524197905,22.574190872478315,0.4,10,4.362849344550969,1.0,7.3121688067208,1.0,10.394926377426977,1.0,-38.79080926727309,0.0,-38.678856824201866,0.0,-40.87818010110547,0.0,-37.779942464800946,0.0,-30.298832843092207,0.0,8.323389435306089,1.0,-41.697967705510344,0.0
590,3.1084476881176295,12.6007647527807,0.9,10,-5.61995459106228,1.0,-0.8709935149156909,1.0,9.36390320033094,1.0,10.756214483976784,1.0,10.038643279409744,1.0,-31.182706745289792,0.0,10.513637167706747,1.0,8.368626232424818,1.0,9.307350677597457,1.0,10.409756690997567,1.0
591,4.891742177018051,12.092408645052616,0.9,10,10.875,1.0,10.169948457162558,1.0,10.76946046246075,1.0,8.577742689882012,1.0,9.80576908813713,1.0,10.392273648946487,1.0,-2.9749238768563213,1.0,10.047029920907326,1.0,10.635956179775281,1.0,-29.380834800234712,0.0
592,-20.044921768792697,19.68294563836405,0.3,10,-35.47877199721954,0.0,-34.03933384333841,0.0,10.633485911306622,1.0,-34.840379975379534,0.0,-23.98114103574242,0.0,-33.142064978923784,0.0,7.347921933085502,1.0,-32.902611301761596,0.0,-34.92132239995382,0.0,10.875,1.0
593,0.20123814855434058,13.994743557783588,0.8,10,-26.965564262457924,0.0,2.741347390214667,1.0,7.4989708983551235,1.0,9.063452310132858,1.0,7.774855072463769,1.0,-28.042664727821677,0.0,10.755311018131103,1.0,6.01775695823036,1.0,7.062135622837987,1.0,6.106781205457139,1.0
594,7.414804661846903,3.4685646974033664,1.0,10,9.302157823206297,1.0,0.7321987945913193,1.0,3.513507465032215,1.0,9.926646976798233,1.0,10.018883112161426,1.0,8.084248660714286,1.0,2.791504091923617,1.0,10.756932820067055,1.0,10.510627446465577,1.0,8.511339427509006,1.0
595,-4.888746348172016,23.33725463087916,0.7,10,10.278558908045976,1.0,10.517679306916632,1.0,9.297746045541455,1.0,10.398279471499352,1.0,-46.657394954107296,0.0,-47.412754988438834,0.0,9.056602230032723,1.0,8.834738078631474,1.0,-23.95473353802293,0.0,10.753815958181281,1.0
596,-0.8400040498252089,16.495537701543533,0.8,10,9.178443362124728,1.0,10.647503333333333,1.0,10.756767174918622,1.0,9.687827228830526,1.0,-25.139015218458475,0.0,-11.028025118939045,1.0,7.238186912337354,1.0,9.309736233398,1.0,-36.95634485235215,0.0,7.904880446555027,1.0
597,5.99641758818669,5.750128986512219,1.0,10,10.395151399733384,1.0,10.875,1.0,5.825350546132671,1.0,7.838180060304142,1.0,5.610725146198831,1.0,10.16555884576613,1.0,10.409168748630288,1.0,-1.826140444836497,1.0,-7.467737046175536,1.0,8.138918626113474,1.0
598,4.574217952525116,7.250033997796829,1.0,10,6.475838123802382,1.0,10.753928758512311,1.0,10.875,1.0,8.345217162872153,1.0,-1.0552809699383712,1.0,4.784584775086503,1.0,10.160900910908687,1.0,-13.993057053852137,1.0,1.367057977511303,1.0,8.027989840348331,1.0
599,4.045389324275552,8.023412142925805,1.0,10,9.18812370476646,1.0,-1.4238542316230571,1.0,1.850088493617399,1.0,-15.845995241023456,1.0,10.51673455956216,1.0,-0.7219016518073111,1.0,10.875,1.0,9.810180098715195,1.0,5.923504748782047,1.0,10.282012761766092,1.0
600,-4.872367227422773,16.463312389626882,0.7,10,-25.05488429645817,0.0,10.515921369350092,1.0,8.95653806407165,1.0,-28.086786178353144,0.0,1.3112592503459464,1.0,10.192975075276012,1.0,-4.61991730536506,1.0,-33.781386612636986,0.0,4.891336794443259,1.0,6.951271565098673,1.0
601,5.170548394349014,10.205390258713722,0.9,10,5.084806505675325,1.0,5.718147494707129,1.0,10.515600157612175,1.0,-24.872118145845103,0.0,10.265689559469143,1.0,10.155415030433929,1.0,10.027025011703337,1.0,10.043119581592338,1.0,8.415106574989256,1.0,6.352692173152602,1.0
602,7.401163142454374,5.3369479501936326,1.0,10,6.130239857394287,1.0,10.042028792322046,1.0,10.755,1.0,-7.271147655916598,1.0,3.9588203097292816,1.0,9.669482635867414,1.0,9.063731443591504,1.0,10.272183683292221,1.0,10.63792157174674,1.0,10.753370786516854,1.0
603,-11.78781217379917,23.559242632721244,0.6,10,-42.82626375086358,0.0,-40.877029378907565,0.0,-38.96395313501579,0.0,10.755559179128221,1.0,10.513063207590411,1.0,-4.146798753030831,1.0,-38.01502883975451,0.0,8.71506797503174,1.0,6.452258599536511,1.0,10.515003158293679,1.0
604,1.2260585246980193,10.003280405409964,1.0,10,-4.576136027533545,1.0,3.4011906681447144,1.0,-5.8882015107753976,1.0,8.238087808147762,1.0,-22.46709051938991,1.0,9.182418044039316,1.0,10.875,1.0,7.505864191132647,1.0,10.030879581668392,1.0,-4.041426988453788,1.0
605,-1.0341509477413662,6.920675636989635,1.0,10,1.4587086838444705,1.0,7.7579716414323485,1.0,-9.683945443328053,1.0,-4.48323681786783,1.0,-0.32328934609384596,1.0,-6.857027578636854,1.0,-11.944584306685995,1.0,0.1618534426085798,1.0,2.8150469700025944,1.0,10.756993277310924,1.0
606,0.5602284074593676,16.372616789294547,0.8,10,10.297043985161633,1.0,-30.10013592768162,0.0,9.915996499315085,1.0,-32.802245204666775,0.0,9.815480194788895,1.0,-1.2416728144596032,1.0,8.044025317531116,1.0,10.875,1.0,10.045458691271609,1.0,10.753333333333334,1.0
607,-6.257699894375028,19.4425709330489,0.6,10,10.636139303174701,1.0,9.660932600285076,1.0,10.307837273083452,1.0,-28.70251031991746,0.0,10.755807047644186,1.0,-32.23200400645196,0.0,10.637787456445993,1.0,-28.017507773598048,0.0,5.27365343307903,1.0,-30.89713395749525,0.0
608,-25.265991833737218,20.815912273685466,0.3,10,-40.751908323281064,0.0,-24.068831127914304,0.0,-50.08698371785118,0.0,-7.1017914565693125,1.0,-42.6883595634693,0.0,10.512898786247526,1.0,9.459286701550006,1.0,-38.61564128853023,0.0,-35.54279352269158,0.0,-33.77579482486273,0.0
609,-13.263318068154964,23.7801786941471,0.5,10,9.542904152941937,1.0,-45.310630097195876,0.0,10.518179810725552,1.0,-28.589232827235662,0.0,-35.710170641229446,0.0,10.279412610232702,1.0,-45.39857664233574,0.0,8.094501333111147,1.0,-26.813278237775375,0.0,10.753709857211105,1.0
610,-2.2665420759834256,17.383836376176934,0.7,10,-30.571414819789556,0.0,10.875,1.0,10.759522279647996,1.0,-23.37678976455011,0.0,9.182923595214444,1.0,7.873839010850366,1.0,10.270421843295006,1.0,-31.455891343493334,0.0,3.5680451196632017,1.0,10.208923319327731,1.0
611,5.713169054914047,5.2661827836856245,1.0,10,2.535671283522791,1.0,-4.4595393544923905,1.0,6.865376794258373,1.0,8.478178359370496,1.0,10.75667365845132,1.0,-3.150473669309182,1.0,7.078475510252346,1.0,10.392253080861355,1.0,8.599369464713417,1.0,10.035705421511953,1.0
612,1.4766056374836158,8.299242023559565,1.0,10,8.374485675422935,1.0,-12.452992725528592,1.0,6.0735069371819,1.0,-6.117886185635726,1.0,-3.2795354313851437,1.0,10.754275138121548,1.0,-1.9190911680911693,1.0,10.533931396893227,1.0,10.512259046217645,1.0,-7.712896308360467,1.0
613,-8.64627198582785,19.06309859325659,0.6,10,10.166867722847872,1.0,-32.46091610363357,0.0,10.063584203510331,1.0,7.109527748267315,1.0,-36.62435110848191,0.0,10.515214856128786,1.0,9.397301490349378,1.0,-30.01015948864343,0.0,-21.347430971647455,1.0,-13.27235820697582,0.0
614,-13.252016288492573,22.588897770337777,0.5,10,3.9665603375527434,1.0,-34.682844173875914,0.0,-35.096199472663464,0.0,-25.100814076133876,0.0,10.276098157077746,1.0,-36.822027386061734,0.0,-44.89539591011772,0.0,10.875,1.0,10.756908016877638,1.0,8.202551622418879,1.0
615,-0.04633823047081824,13.47170215930767,0.9,10,7.699674523007856,1.0,9.91490214304157,1.0,9.080237142691482,1.0,10.513733970059558,1.0,-3.012506759543557,1.0,10.637185831960462,1.0,-9.352779970162166,1.0,-4.307848483047577,1.0,-34.99655747126437,0.0,3.3605767685485555,1.0
616,4.579288855192169,7.353742532141826,1.0,10,10.755,1.0,5.739208971553609,1.0,6.4080175240248725,1.0,10.290590838776213,1.0,10.641556940748004,1.0,9.070319463012478,1.0,7.862622702900875,1.0,-13.405622476990143,1.0,-3.668073041418845,1.0,2.0992676293146086,1.0
617,-2.218187312323056,10.388146720118197,0.9,10,6.832015189873417,1.0,-2.2432348509816844,1.0,1.5762373690979175,1.0,-23.869505932960642,0.0,8.447949685207348,1.0,-18.658361710099097,1.0,-3.65363372498026,1.0,7.986120803724577,1.0,-1.1413140420545602,1.0,2.541854089942423,1.0
618,1.4389332954830365,13.654420101799888,0.9,10,9.054338145896656,1.0,-29.819134900132315,0.0,10.152628615717585,1.0,8.616854221220459,1.0,-18.787245007132686,1.0,8.956728130194442,1.0,8.216861614497528,1.0,-3.237040507321245,1.0,10.634921952234768,1.0,10.600420689655174,1.0
619,-22.227661232831654,21.209092316689997,0.3,10,10.660453333333333,1.0,-37.19235612629423,0.0,-36.430665585108656,0.0,-37.81386232392463,0.0,-32.94386017115877,0.0,10.39445331010453,1.0,9.176849052002682,1.0,-38.39077400912539,0.0,-33.88755061234694,0.0,-35.849299195798466,0.0
620,-6.725681753554795,19.332979695576704,0.6,10,10.755,1.0,10.635055865921787,1.0,-37.769754296963725,0.0,9.177405935347112,1.0,-23.229329619617143,0.0,-0.020198732818613507,1.0,-30.933097817030514,0.0,10.515871124435504,1.0,-27.023564769508127,0.0,10.635794774685767,1.0
621,-0.7841964964118542,15.984242359414061,0.8,10,5.525587197580643,1.0,-30.341049587198025,0.0,6.502082927778859,1.0,7.984862368586874,1.0,10.396188734455011,1.0,-33.747264132506004,0.0,10.875,1.0,10.151409731479719,1.0,-1.0667056481014132,1.0,5.8779234438057975,1.0
622,-5.486511273910734,19.112754874819473,0.7,10,10.632309828901564,1.0,10.392383607140738,1.0,5.099898270600204,1.0,7.859908535244713,1.0,-32.701022622039936,0.0,-29.77986143744566,0.0,-38.26498118139048,0.0,-6.86632982905407,1.0,8.49029903214025,1.0,10.27228305679534,1.0
623,7.393883295090641,6.177277306266327,1.0,10,10.284464905159052,1.0,10.875,1.0,-8.790547008045106,1.0,10.16472142108023,1.0,10.277986800450718,1.0,9.937410259984667,1.0,10.156362769594951,1.0,10.392731735601082,1.0,10.394281764423846,1.0,0.24642030265696135,1.0
624,0.6749035389345177,16.58960525855197,0.8,10,10.875,1.0,10.875,1.0,-31.243842940500393,0.0,10.634732688526332,1.0,10.280663975417244,1.0,10.517641194162861,1.0,10.156493714937149,1.0,10.636675872194646,1.0,-4.746053779069774,1.0,-31.237275336322885,0.0
625,-2.3404502696584712,18.134976323515293,0.7,10,5.430385172445007,1.0,-32.946815894568694,0.0,10.66186518996626,1.0,-32.88888038339072,0.0,-23.061178318931663,0.0,10.635519767928704,1.0,10.753970422761615,1.0,6.6243017941196545,1.0,10.875,1.0,10.51132955308513,1.0
626,-10.15194936346234,19.702434194862928,0.5,10,9.307880274015258,1.0,-13.08311188310293,0.0,-28.23394335208599,0.0,-29.019135524030787,0.0,10.519112794058463,1.0,9.33113892155216,1.0,3.996007477513275,1.0,-38.233304507169045,0.0,9.299900932756202,1.0,-35.404038768129986,0.0
627,3.363360277128298,11.053381256811234,0.9,10,10.752357723577237,1.0,8.59013536277223,1.0,8.71818542072042,1.0,10.409251933701658,1.0,3.61137211640507,1.0,2.909679624495963,1.0,10.394371176997701,1.0,-25.937884054899033,0.0,10.754605523462848,1.0,-6.568472055951119,1.0
628,-2.6879441968445983,20.50429009345028,0.8,10,9.177009469766757,1.0,9.668063878927855,1.0,7.369257479601087,1.0,-42.657544664809045,0.0,10.395151399733384,1.0,0.907034485904564,1.0,4.8934677419354875,1.0,9.292254266505774,1.0,8.118603499884872,1.0,-44.042739525896714,0.0
629,-0.08457613906177848,16.07323086892506,0.8,10,-2.4585007637175433,1.0,-31.001548463631924,0.0,8.21047893026477,1.0,10.759167103195391,1.0,8.581491069289537,1.0,7.745451063329809,1.0,10.64449377593361,1.0,9.345435227451597,1.0,-31.853860190455922,0.0,9.18163085772289,1.0
630,-20.581945858234324,20.220518363875467,0.4,10,10.875,1.0,-46.450716195485555,0.0,1.6093608884312793,1.0,-35.621463378101765,0.0,-28.854315801824537,0.0,10.875,1.0,-32.47695810886396,0.0,-14.144697023748849,1.0,-37.59106406318561,0.0,-34.03960489956423,0.0
631,-19.180749637198563,18.49061078743471,0.3,10,-35.069904761904795,0.0,-31.227508722269743,0.0,10.754412413590233,1.0,-38.224219082345826,0.0,-30.70638377895287,0.0,-27.855664153211467,0.0,4.44521679253665,1.0,-26.36002062564455,0.0,-27.867924506464718,0.0,10.304500052681488,1.0
632,5.616992374949513,11.41515298226936,0.9,10,10.516738331291078,1.0,1.536822041553748,1.0,10.033988854286182,1.0,10.875,1.0,-27.707430234756988,0.0,9.809200280603296,1.0,10.754957983193277,1.0,10.154020111731844,1.0,10.044274145170967,1.0,10.152352236421725,1.0
633,2.3313102483177497,10.584320180846444,0.9,10,5.375577303052138,1.0,6.398584100469425,1.0,10.39630691818223,1.0,2.52995318019107,1.0,-26.72781388651047,0.0,9.292611063269337,1.0,-3.7031791294284027,1.0,10.037892446008943,1.0,1.1195058514757736,1.0,8.593664636467453,1.0
634,6.42737175838729,5.692125035984454,1.0,10,-2.5078171200473083,1.0,10.633854328667702,1.0,7.244044190441905,1.0,8.099072948328267,1.0,8.845354668125456,1.0,8.590968690879606,1.0,10.514210943346392,1.0,9.035635666467613,1.0,-6.69743855442322,1.0,10.515831822086476,1.0
635,0.098900473830928,16.931013309521028,0.8,10,10.875,1.0,9.063639930252833,1.0,10.198804379562043,1.0,10.395679076901624,1.0,-5.889862229758382,1.0,10.75572857142857,1.0,-33.72690591966168,0.0,-30.98652129945646,0.0,10.030809237337474,1.0,10.27263299170327,1.0
636,2.5296636045715895,10.744007523019453,1.0,10,10.51242818701648,1.0,10.519802306425042,1.0,-15.452594452051327,1.0,4.718419778576769,1.0,-14.790968908988132,1.0,10.875,1.0,-10.442060042599735,1.0,10.634790882733945,1.0,8.44483405141802,1.0,10.27698424318483,1.0
637,-13.583064469136124,18.55241442322317,0.6,10,5.039018766756033,1.0,-1.8842391997449415,1.0,0.03977175073209338,1.0,-38.286392045454576,0.0,-26.96898837605173,0.0,-12.112932642126498,1.0,2.663002661230961,1.0,10.514216432207565,1.0,-37.843977436389835,0.0,-36.990124602520304,0.0
638,7.660758887370375,4.046075036057103,1.0,10,10.875,1.0,9.813210675136538,1.0,0.16495894795435184,1.0,10.515062761506277,1.0,8.485699159663866,1.0,10.031526760352818,1.0,-0.2688977777777737,1.0,6.435156142837547,1.0,10.161933543962947,1.0,10.393938660067173,1.0
639,2.5138265496813794,9.39560034663472,0.9,10,10.275304189944135,1.0,4.617305209513025,1.0,-24.414188776484036,0.0,10.03951884620046,1.0,5.954016118445045,1.0,6.215852022328861,1.0,4.730563069908816,1.0,3.9420533467539016,1.0,3.1297235294117627,1.0,0.6481179407918187,1.0
640,2.186909969189091,11.274398369501665,0.9,10,4.966455843577712,1.0,8.208253179775992,1.0,8.953994944355076,1.0,10.636067519784476,1.0,8.71736606980714,1.0,6.537688959557997,1.0,-11.935352275463535,1.0,-26.207900270714486,0.0,3.383369716586998,1.0,8.60915600462354,1.0
641,0.22909563716291848,14.38225888403676,0.8,10,10.644191176470589,1.0,9.11021951460142,1.0,-26.85733563853241,0.0,3.26616689857761,1.0,10.394735671403275,1.0,0.5675411018171364,1.0,10.755475585284282,1.0,-28.79907570347701,0.0,6.4308286372595305,1.0,6.77820912822476,1.0
642,-0.534004518151708,9.769446360713879,1.0,10,4.294763323258899,1.0,5.80441700258709,1.0,7.188938484012336,1.0,5.224073038565746,1.0,-4.026045650832829,1.0,-17.508759210026582,1.0,-1.924662972837865,1.0,4.029954137702268,1.0,10.754979253112033,1.0,-19.177702587058178,1.0
643,3.483081254824645,14.552452442649527,0.8,10,-34.109402355032216,0.0,10.396416550267434,1.0,9.559171026901327,1.0,-14.379725761110116,0.0,10.875,1.0,10.651263164911345,1.0,10.528622712669367,1.0,10.514937834161156,1.0,10.517949356223175,1.0,10.276580019254979,1.0
644,-4.412013979108709,16.54419124110546,0.7,10,6.32935960482013,1.0,8.942885167992927,1.0,10.515695594919501,1.0,-32.47845185995621,0.0,3.7075111821086226,1.0,9.806964333244611,1.0,-29.84857944007771,0.0,-4.3101115164148,1.0,-23.980901444097082,0.0,7.195488586372926,1.0
645,-9.719411828216185,19.756978699068732,0.5,10,-33.60136558240245,0.0,-25.931219585360978,0.0,10.755440383007826,1.0,-24.251935297144342,0.0,7.244141731714368,1.0,10.63461780738946,1.0,9.932942715194399,1.0,10.645,1.0,-32.80129034298122,0.0,-29.820450111578896,0.0
646,-0.3563087209152318,12.701812867926947,0.8,10,-24.99129221905406,0.0,-25.07553672316384,0.0,9.166603192189177,1.0,9.096661597386504,1.0,1.868570720013226,1.0,3.0831770742737836,1.0,1.3177385350729889,1.0,7.545218985051889,1.0,4.147659885046983,1.0,10.278111744031026,1.0
647,-4.590742510181513,12.170652608187185,0.9,10,1.2248263103255503,1.0,-7.053787152898179,1.0,10.399031828051562,1.0,10.276923743500866,1.0,-10.966843045729728,1.0,-4.058259995496801,1.0,2.699022452504317,1.0,1.9978843226788428,1.0,-27.158167528671008,0.0,-23.26805603608055,1.0
648,7.7826768924316685,2.0454277214893795,1.0,10,4.713591319295231,1.0,7.275262726814517,1.0,6.15813671020746,1.0,8.590669055157473,1.0,5.05909890844286,1.0,10.755864724594005,1.0,10.033022435380111,1.0,9.570941745848504,1.0,9.30883495145631,1.0,6.3613463471202145,1.0
649,-12.309640361306947,25.86662697832905,0.6,10,-3.4906650387819553,1.0,10.752659631743297,1.0,-47.463560727778095,0.0,9.53971846044191,1.0,10.755,1.0,10.754559616992173,1.0,-27.052454407774352,0.0,-48.462484797651506,0.0,9.805379230880023,1.0,-48.23455558114096,0.0
650,5.5899252895571205,10.371103016418516,0.9,10,9.425253624552814,1.0,9.80146114742193,1.0,10.411333957984022,1.0,5.666796960451328,1.0,10.519802306425042,1.0,6.272475137537031,1.0,-25.13902473396605,0.0,9.197345442644412,1.0,9.104765204506329,1.0,10.639043848014357,1.0
651,1.9135621382419998,15.263129828839835,0.8,10,10.875,1.0,9.183659122616648,1.0,10.153482436672533,1.0,8.492432482771466,1.0,-23.956188525857016,0.0,7.0450399255442555,1.0,-32.618928395249135,0.0,10.515018219677252,1.0,10.517254464285713,1.0,8.928851651958283,1.0
652,-4.416217772541049,18.546280475275246,0.8,10,-35.929826106392476,0.0,9.69382015735135,1.0,-12.127323489219545,1.0,8.637414520692467,1.0,-41.71503964033646,0.0,-2.3063429355281198,1.0,0.5615059990001683,1.0,10.633485911306622,1.0,9.447123517228395,1.0,8.943004340487098,1.0
653,2.0859091634629507,16.169598303413082,0.8,10,10.275529549770976,1.0,10.394430655580626,1.0,10.39303707567611,1.0,10.515994968195196,1.0,10.51707650741916,1.0,10.035014667244853,1.0,9.678431943513889,1.0,-29.863633719029874,0.0,-30.62686780596669,0.0,9.54007779222526,1.0
654,-9.301885715611059,19.201628120899866,0.6,10,-34.288698375795185,0.0,9.178479234263465,1.0,-31.816423905072988,0.0,7.844011896215772,1.0,-31.010328959400145,0.0,9.292889857015192,1.0,2.1612329984544054,1.0,-33.3265510920695,0.0,1.7205502538071045,1.0,7.225980936471282,1.0
655,1.787393455667289,11.217681057800903,0.9,10,9.184179242119383,1.0,6.174704121038001,1.0,-28.03182255123175,0.0,10.148675069446249,1.0,-0.3798055110987466,1.0,9.184655404395276,1.0,3.8594321435388412,1.0,-7.415701723634241,1.0,9.800923772609819,1.0,5.348694589490058,1.0
656,2.3171568046146698,12.615831904417448,0.9,10,9.561589660405001,1.0,9.067503964757709,1.0,10.406131649381065,1.0,-9.669552278288476,1.0,-30.02692232942323,0.0,5.255367923148195,1.0,10.514609073128847,1.0,-2.9707902485984476,1.0,10.397448644552956,1.0,10.636181987083075,1.0
657,5.000901271818923,6.488247090842768,1.0,10,-7.920524512514717,1.0,10.514394414078122,1.0,6.851823524496561,1.0,-5.916407756305844,1.0,10.757015206145162,1.0,3.5726367591659116,1.0,9.5353998223012,1.0,8.216278541226217,1.0,3.645329539663665,1.0,10.753067179932945,1.0
658,-7.403187878374385,20.87512598914149,0.6,10,9.325564666666667,1.0,-33.032585887160145,0.0,-25.534787200113378,0.0,10.514284805833476,1.0,-26.554089656634183,0.0,10.637849982864976,1.0,9.636552554158865,1.0,10.75495867768595,1.0,4.058695638735202,1.0,-43.83832236578128,0.0
659,-1.2434634817289336,15.576785016834135,0.9,10,-10.375651068626798,1.0,-39.5317162346521,0.0,10.282391847468771,1.0,10.672628004179728,1.0,8.103450578550458,1.0,-15.38522867859316,1.0,10.756718610066274,1.0,3.6419736013104824,1.0,10.875,1.0,-1.474201476992988,1.0
660,0.19945343093747567,16.54316120923275,0.8,10,10.643446127534816,1.0,10.031313903817004,1.0,-28.27911263368983,0.0,10.518358694929894,1.0,2.0332907720045874,1.0,-35.71289460909904,0.0,10.154481001189195,1.0,10.635094778756098,1.0,1.2158749912605735,1.0,10.754681282671452,1.0
661,0.2606622265687479,16.698360757068585,0.9,10,-4.642408860396133,1.0,9.823221109737126,1.0,-47.101488545688525,0.0,10.875,1.0,7.5396859994071725,1.0,10.756060337963373,1.0,-2.681198107168978,1.0,9.301454386984311,1.0,8.225704005302529,1.0,0.5105919395466021,1.0
662,7.008692916992,7.212086916619876,1.0,10,7.34213230393246,1.0,7.756923076923076,1.0,10.038387407780013,1.0,10.392098632426015,1.0,-14.378872584821721,1.0,10.651931666666666,1.0,9.363636416487413,1.0,9.94254412852764,1.0,10.407086602094928,1.0,8.571061519903498,1.0
663,5.703640491706281,6.505605360343138,1.0,10,8.815123659633343,1.0,7.745267567832945,1.0,8.846462624013622,1.0,6.7908122410264085,1.0,3.0498125241592566,1.0,-12.768300876995724,1.0,8.960817741623089,1.0,10.640994382460793,1.0,5.38206281963209,1.0,9.573352233676976,1.0
664,8.028730004714038,5.395498065535488,1.0,10,8.984812560045487,1.0,10.27677799703996,1.0,10.269410411945074,1.0,-7.913976844372645,1.0,10.512741785243952,1.0,10.754559616992173,1.0,10.632515719063544,1.0,10.339344262295082,1.0,8.504279464671177,1.0,7.926835074216603,1.0
665,1.8789386231079739,14.002742926504013,0.9,10,9.461253052503052,1.0,-32.95761916987593,0.0,10.152693782963082,1.0,7.292500433450848,1.0,2.47171139063592,1.0,10.396338854576081,1.0,10.04571170050331,1.0,10.520688928766482,1.0,7.978487220743858,1.0,-16.572379963186968,1.0
666,-31.277454602594524,18.241470948306933,0.2,10,-51.57139916623242,0.0,-24.22666791258079,0.0,-51.578030229354084,0.0,-34.5512213130173,0.0,5.1579682034976155,1.0,-34.42258342204767,0.0,-2.9170525010937745,1.0,-46.492678890104145,0.0,-32.64958799682738,0.0,-39.52329279818534,0.0
667,7.815464353830346,3.922993324679641,1.0,10,10.875,1.0,6.458132365031515,1.0,-1.4985666812417975,1.0,10.875,1.0,10.278603172170715,1.0,10.150481318834519,1.0,10.654460462460747,1.0,9.324829317935443,1.0,8.180384328159173,1.0,2.856319254953137,1.0
668,5.416067736091761,10.197313048096982,0.9,10,10.516433531061756,1.0,4.2186954898017825,1.0,9.927394032594478,1.0,9.694728817405611,1.0,10.516220049373155,1.0,10.513262782666816,1.0,9.450491332797611,1.0,10.283523703468024,1.0,3.2387757957327716,1.0,-24.19884817398441,0.0
669,8.856468091650072,3.609127035226558,1.0,10,10.272900309536679,1.0,9.802065558832698,1.0,10.75557703573521,1.0,10.639135941201483,1.0,10.75734418798831,1.0,10.755,1.0,-1.5831380199722265,1.0,10.51263705691749,1.0,7.596703895093627,1.0,9.056454951167453,1.0
670,3.4821654614184654,8.132551478013102,1.0,10,4.559961496811455,1.0,8.109963718322247,1.0,-5.950929313356008,1.0,10.875,1.0,6.633207327176215,1.0,0.6597227544910123,1.0,7.480792535142995,1.0,9.54386695993342,1.0,-16.307779903973284,1.0,9.217849039636606,1.0
671,-5.103771285545503,16.50558516023404,0.7,10,-7.466417549306062,1.0,-25.80281776440293,0.0,8.797614701529353,1.0,8.101650669642856,1.0,9.065435566554711,1.0,-27.988054355400706,0.0,6.140655690734373,1.0,-33.68319957966838,0.0,8.437628269617706,1.0,3.3597914952440497,1.0
672,3.0665930384213884,13.640798540236391,0.8,10,-29.994735475896192,0.0,10.513262782666816,1.0,10.275376559078358,1.0,10.63164533910818,1.0,10.398426471685443,1.0,-17.063757617912025,0.0,10.63897683007032,1.0,8.494584212503975,1.0,8.946550770198051,1.0,7.8256005127109605,1.0
673,7.058103874437198,6.343554399198337,1.0,10,10.875,1.0,10.875,1.0,8.211590141539862,1.0,2.9945594466600207,1.0,8.54226392509443,1.0,10.277487231244455,1.0,10.759789886538732,1.0,8.24371298933563,1.0,-10.712798808695933,1.0,10.5144339326548,1.0
674,-7.246082127625288,16.25488373007515,0.6,10,10.7529588716836,1.0,8.204741928885555,1.0,-14.228738576088853,0.0,-34.09827739952998,0.0,-29.08834094969048,0.0,-0.06104852054410692,1.0,10.355442372881356,1.0,7.528004566639989,1.0,-8.746838679922112,1.0,-23.078724890567845,0.0
675,8.122309155137014,3.8845463446380157,1.0,10,10.272422466960352,1.0,10.513378780501,1.0,10.754354380874283,1.0,10.755396267571497,1.0,8.944955284203285,1.0,7.796041452033209,1.0,6.365405999595014,1.0,-2.809753687868362,1.0,8.831224119780092,1.0,9.799666487719769,1.0
676,2.7142670295276368,11.806425772979015,0.9,10,9.413500222766764,1.0,9.189570212918747,1.0,3.009399112144595,1.0,3.7099168062137027,1.0,-29.930939362258236,0.0,9.297323647742513,1.0,10.634219789446488,1.0,6.185489864864865,1.0,10.633324127805354,1.0,-4.999134126368423,1.0
677,5.339749240456805,6.377547022719196,1.0,10,9.347216029304956,1.0,-9.32839160610227,1.0,-1.765030013697526,1.0,10.392098632426015,1.0,10.755873109243698,1.0,10.875,1.0,0.6532377393181203,1.0,8.954526862474694,1.0,6.2589223502903195,1.0,7.254039301310044,1.0
678,7.57285441084133,3.2446198221090445,1.0,10,10.632731832899836,1.0,10.14954477723141,1.0,4.023167584908295,1.0,5.693433477015652,1.0,0.1222526049162358,1.0,10.404984394867647,1.0,8.496644336861067,1.0,10.152732446322162,1.0,7.107920651626777,1.0,8.945132001764224,1.0
679,-1.7571389759272678,22.53452974010636,0.8,10,10.172845771949707,1.0,10.400751397566589,1.0,3.1108337774056025,1.0,10.875,1.0,10.3958265611382,1.0,-46.930471393205885,0.0,10.51675079883675,1.0,-46.30484356006557,0.0,10.396502955665026,1.0,9.795413931436906,1.0
680,2.495728648189728,12.132617001196582,0.9,10,-8.714245437163223,1.0,6.290006666666668,1.0,10.76983606557377,1.0,-29.866770102298936,0.0,10.170060758865834,1.0,7.950163396254569,1.0,9.813520115698132,1.0,3.554960167167298,1.0,10.875,1.0,4.114754851133164,1.0
681,1.4822974967573028,9.375941514512533,1.0,10,10.048356753069578,1.0,-19.010304593395198,1.0,7.053186087092915,1.0,-2.432062529164723,1.0,7.283737236215113,1.0,4.682282665278499,1.0,7.9952821610056155,1.0,-0.22062301271860285,1.0,10.755,1.0,-11.33187979981017,1.0
682,4.240183271456155,12.867892931738538,0.9,10,4.167731769036117,1.0,4.912798935298936,1.0,-33.7443115351424,0.0,9.71422836630679,1.0,7.907903455256749,1.0,10.642368188642585,1.0,10.636098443634987,1.0,10.269918696765739,1.0,10.758329274891775,1.0,7.136767119870276,1.0
683,-0.9814639035409221,14.264622213624033,0.9,10,9.422958723098057,1.0,2.604182011808792,1.0,8.147846453722334,1.0,-28.967746235630628,1.0,-27.002714878998066,0.0,10.752865713650841,1.0,10.875,1.0,-5.244010228435055,1.0,2.9615714901992503,1.0,6.635407915175255,1.0
684,4.989622217806906,7.085322541566328,1.0,10,9.298983837276992,1.0,7.637369687014168,1.0,7.877169039281366,1.0,8.453044315168107,1.0,10.755974775258284,1.0,5.165913553313335,1.0,-10.36904773269691,1.0,7.7642201651238425,1.0,10.516670409882089,1.0,-7.204075871552224,1.0
685,-9.668427539356355,19.975577282212583,0.6,10,2.6138220159418806,1.0,-32.27340537641195,0.0,10.519131636286337,1.0,-39.921216131064924,0.0,9.858452528330634,1.0,-27.273372933729345,0.0,10.755819114311077,1.0,-33.980267643440314,0.0,6.815865247885084,1.0,-3.79910385167201,1.0
686,1.2301124043060014,16.21411112101183,0.8,10,9.109403088669096,1.0,8.702105772688299,1.0,-31.14331143313273,0.0,10.169446490849955,1.0,10.635542040816327,1.0,10.77,1.0,10.634091202756542,1.0,-30.932411902465873,0.0,9.41617114935951,1.0,4.940087633518881,1.0
687,-5.304940977530904,15.594151272445496,0.8,10,-13.335219559414504,1.0,7.224157419713781,1.0,8.323637168141593,1.0,10.39514841949032,1.0,9.570779900841178,1.0,-11.210718542954575,1.0,3.8289234230480753,1.0,-33.05985498094229,0.0,-31.102693825496917,0.0,-3.6835691977356966,1.0
688,0.004532310656048644,14.1409628687057,0.8,10,9.802673605374745,1.0,6.5148070916773815,1.0,-27.390632205407236,0.0,-26.146684963150342,0.0,10.634944751381216,1.0,2.73095648218347,1.0,-5.0730156044034285,1.0,9.346006207790436,1.0,9.10643723263967,1.0,10.519830508474575,1.0
689,3.914160708451804,12.21900080704658,0.9,10,10.754444115250722,1.0,10.754121786586243,1.0,-32.02780871047638,0.0,10.515928207306711,1.0,6.539572052881841,1.0,7.796118032229262,1.0,4.376412074947954,1.0,3.5978151785404426,1.0,7.636328103683493,1.0,9.198676243567753,1.0
690,-8.699556808195343,19.78861910557581,0.6,10,-37.650392509246224,0.0,-4.762460086633677,1.0,10.410217665615143,1.0,7.352557901628612,1.0,7.672008719978573,1.0,10.521188404566868,1.0,10.51599207524811,1.0,-26.18559027957882,0.0,-32.09857023411369,0.0,-32.770519739418326,0.0
691,1.116554369962143,14.63382860629643,0.9,10,-35.91520841556803,0.0,6.138433312521009,1.0,-17.744812446976134,1.0,9.420816517875341,1.0,8.023555979225561,1.0,6.5428910162504685,1.0,5.41732142857143,1.0,10.171779547733097,1.0,9.813815750104721,1.0,9.296951009883971,1.0
692,5.5677169649141875,5.2972821570974995,1.0,10,-3.911166835231521,1.0,9.92551046290425,1.0,9.312526586620926,1.0,-1.1203169449108294,1.0,9.245826769090554,1.0,1.574718327259248,1.0,10.168966480446928,1.0,0.6689844890510948,1.0,10.512250489865409,1.0,9.299869824045816,1.0
693,4.810415396920239,10.696867021954912,0.9,10,10.036553204084653,1.0,-26.24872063978085,0.0,1.1080540872771998,1.0,9.346484831617031,1.0,10.159346022811434,1.0,10.17060237657012,1.0,9.685756642135463,1.0,7.517455619733983,1.0,6.289894287833827,1.0,10.03872753691952,1.0
694,0.24167804054930891,13.249001494104057,0.9,10,9.112810409327981,1.0,-1.5532691505992666,1.0,10.875,1.0,-28.966589386657397,0.0,6.528432365145227,1.0,7.2886586487683545,1.0,10.04312359948107,1.0,-1.5178501737009409,1.0,10.635015555555555,1.0,-20.028551461827494,1.0
695,-0.8230618168108329,16.325922487944258,0.7,10,10.283201212121211,1.0,-26.813360750788824,0.0,8.721381300896816,1.0,-13.674681177725999,0.0,10.875,1.0,10.153993047655165,1.0,8.165645183717453,1.0,-33.73075257969675,0.0,8.483553185837351,1.0,9.30540240987525,1.0
696,-3.4708413004931806,19.474109319755442,0.7,10,9.665714285714285,1.0,9.687702828217155,1.0,-35.70543257803837,0.0,-29.93045482091996,0.0,9.055454064564092,1.0,8.323489246903259,1.0,10.005813116502265,1.0,7.791622684259629,1.0,10.156148476573287,1.0,-33.75847030870745,0.0
697,-3.972913733222247,17.820962447304595,0.7,10,9.695737181087422,1.0,-32.959892197621585,0.0,7.60247500555432,1.0,-30.75425830337118,0.0,0.8031505791505769,1.0,9.72503703365033,1.0,-28.901593354052107,0.0,10.637170926418715,1.0,6.201880103316115,1.0,8.221155693644922,1.0
698,2.3017924402935654,12.66618639734533,0.9,10,-15.010413790146208,1.0,10.636573905747449,1.0,7.613942581877577,1.0,9.684256351698544,1.0,3.738486151473813,1.0,10.63433375852426,1.0,9.668987693676328,1.0,-28.88184279308442,0.0,6.8044628776949985,1.0,8.129137665473316,1.0
699,4.801545506680675,11.088064101149115,0.9,10,-26.778539096558774,0.0,9.180839896842546,1.0,10.635000000000002,1.0,6.779221174424826,1.0,10.515064144582826,1.0,10.516994740796394,1.0,8.825041099940863,1.0,10.51367004419051,1.0,-1.5324116765604199,1.0,9.36057473914798,1.0
700,-4.04094708871372,18.18597436468747,0.8,10,-9.577612070532632,1.0,10.63634981944508,1.0,10.403329508585898,1.0,-40.63515319253238,0.0,-10.467973151699512,1.0,8.598663229719484,1.0,10.875,1.0,2.392576271914752,1.0,10.392262117134822,1.0,-33.02691341917271,0.0
701,-23.698561402884884,23.802257918481445,0.3,10,-23.191607652058373,0.0,10.875,1.0,-30.933403279802036,0.0,-33.01419588875456,0.0,-53.123252904378944,0.0,-49.44921070547187,0.0,9.190067854113655,1.0,-32.37811943557866,0.0,-45.47622870433457,0.0,10.515336687416504,1.0
702,-11.962482641694084,22.00191756223599,0.5,10,8.96050949952615,1.0,-40.95208005273375,0.0,7.968756708407871,1.0,10.634418769996445,1.0,-24.07698249610359,0.0,9.301319643698344,1.0,-35.443444126074496,0.0,-26.98799326551082,0.0,10.642261521221458,1.0,-39.67159261936843,0.0
703,5.679169750295519,3.5504520471092915,1.0,10,7.857485521885522,1.0,8.098782138371227,1.0,9.917023609653725,1.0,7.746385797562268,1.0,5.804919467529602,1.0,9.906791053243696,1.0,-1.2542816742081353,1.0,4.154421005799146,1.0,1.3232745521711848,1.0,3.236896030946955,1.0
704,1.758339563788367,11.87775254103297,0.9,10,3.265445341047503,1.0,10.646531666666666,1.0,5.233727331606217,1.0,-3.5257969163829017,1.0,-28.294255651269,0.0,9.478587879197809,1.0,10.63945508292785,1.0,-9.207890201781487,1.0,8.592985504553056,1.0,10.754605601317957,1.0
705,7.077358616941209,4.049047215029926,1.0,10,10.635832759129835,1.0,10.170270174191254,1.0,9.446974872610607,1.0,10.154654020385053,1.0,10.394042322752645,1.0,8.444185036032216,1.0,8.323675845379032,1.0,2.6173343424150675,1.0,0.6632827269764086,1.0,-0.07666593046002212,1.0
706,8.473913705319612,2.199764526527101,1.0,10,6.450036822950118,1.0,9.185823027577541,1.0,7.858778157409366,1.0,10.397194831310047,1.0,10.28037669353208,1.0,3.5865975761209388,1.0,7.018331297336918,1.0,10.875,1.0,10.636251666666666,1.0,8.450746980292434,1.0
707,6.081805116891607,4.529339919817248,1.0,10,7.193259892510293,1.0,3.5494211681618646,1.0,6.710189141567094,1.0,-5.066364651162779,1.0,9.303255986035744,1.0,8.348934750143595,1.0,1.78131988606253,1.0,10.039548585568113,1.0,9.657631916362561,1.0,9.300854493667051,1.0
708,-1.3219705440312985,14.264389424945044,0.8,10,10.275431684828165,1.0,-28.947595474180268,0.0,8.954223858088591,1.0,8.332104427315334,1.0,10.753692292548479,1.0,-26.129498806339367,0.0,8.827017925222394,1.0,5.038786657474676,1.0,-6.587574420609563,1.0,-3.736293584661425,1.0
709,3.273003805984679,9.817466714409026,1.0,10,3.9203159452010334,1.0,-11.368127917609112,1.0,9.926951235584843,1.0,10.757388730309758,1.0,10.632742427641912,1.0,10.047405804716718,1.0,10.755,1.0,-8.683375532195468,1.0,-13.911198227023231,1.0,10.652935593220338,1.0
710,-2.419009893995501,18.585029062939032,0.7,10,4.911161144151798,1.0,10.633155968468468,1.0,10.179356273408239,1.0,10.634335011185682,1.0,-31.914809705042835,0.0,10.630325225816218,1.0,10.26948785897399,1.0,-27.039639264899414,0.0,10.404081373030397,1.0,-32.89755282504756,0.0
711,4.832380133319005,10.882591875539072,0.9,10,7.845878036802727,1.0,10.636322001321401,1.0,-27.061309903528162,0.0,9.812324050632911,1.0,4.632434715426217,1.0,9.936223968193866,1.0,3.4599832282302456,1.0,8.986259468804024,1.0,10.27529934064156,1.0,9.800386426665272,1.0
712,-7.93976970454225,20.782950798719707,0.6,10,-36.78142920960156,0.0,-34.042415042421474,0.0,6.794083834972838,1.0,10.515064144582826,1.0,10.51703948812847,1.0,-31.170859111394247,0.0,-31.037368695615896,0.0,9.185555649099175,1.0,5.747631896827372,1.0,10.875,1.0
713,-3.679359714737602,16.09190948928194,0.7,10,-30.013008676789596,0.0,-27.934900641195505,0.0,8.261139788230503,1.0,-24.720394154118708,0.0,-2.1589323047858944,1.0,8.735053392601676,1.0,2.7108560087267426,1.0,10.51335215788848,1.0,10.762896666666666,1.0,7.050340615399618,1.0
714,-17.363930636185913,26.03573254940976,0.5,10,10.753045685279188,1.0,9.299491151618218,1.0,-28.236839624957046,0.0,8.016449339597552,1.0,-53.46104004295266,0.0,-51.33391180695199,0.0,0.7510570520910402,1.0,-42.354975745423964,0.0,-36.72831294854945,0.0,9.655730578389988,1.0
715,0.327802815371952,11.636087714049422,1.0,10,2.9662871878393062,1.0,-24.361292860391096,1.0,10.51658876375236,1.0,-20.138674193866496,1.0,2.1857197180790013,1.0,9.461278005926081,1.0,3.20956405031545,1.0,5.384733074321894,1.0,8.489587597982926,1.0,5.564236809760095,1.0
716,0.6758551658242204,16.83994604969168,0.8,10,-38.08424489198811,0.0,10.646531666666666,1.0,10.518162281357451,1.0,8.472896855387244,1.0,7.783610659120388,1.0,9.303949154055623,1.0,-26.89784113022496,0.0,5.3096197340129,1.0,9.068402070876475,1.0,10.637465258978525,1.0
717,-5.397079988710353,21.57960323515386,0.7,10,7.971414213636241,1.0,-32.27609337449015,0.0,10.51633442910366,1.0,9.543442966151439,1.0,9.313184996154652,1.0,-40.42328565819735,0.0,9.41670914574572,1.0,5.277563707190392,1.0,-41.645356485171604,0.0,8.33528617277347,1.0
718,-1.1077588663255469,12.5422945123195,0.9,10,3.127474728682172,1.0,5.014078189210933,1.0,-5.316507271835935,1.0,-17.47639695095643,1.0,10.754669260700389,1.0,9.065115508426436,1.0,-28.974839241765718,0.0,-4.688098587731426,1.0,7.017636845737531,1.0,10.399278856276581,1.0
719,6.624368108694918,4.83615853461413,1.0,10,10.756167400881058,1.0,10.875,1.0,10.762503333333333,1.0,1.0398971834496447,1.0,2.0233633077669033,1.0,9.337488231200624,1.0,-3.7521208117535068,1.0,7.72558314415437,1.0,7.308619373885918,1.0,10.167179924030835,1.0
720,-11.595339135142478,19.884465873421032,0.7,10,-9.74341167629758,1.0,7.740226192875861,1.0,-34.82426783387023,0.0,10.75299683463085,1.0,-32.844624883108054,0.0,-38.92867478276021,0.0,-32.859084108786185,1.0,8.268487384909722,1.0,8.337145836809611,1.0,-1.8521843158285556,1.0
721,3.6837069204874338,10.824707305610167,1.0,10,-21.525559142212156,1.0,-13.424665246734579,1.0,8.111521133682832,1.0,10.528593333333333,1.0,5.969364752086399,1.0,8.826816866628421,1.0,7.595174740427762,1.0,10.389813899461222,1.0,10.754135275405995,1.0,9.611873592795112,1.0
722,5.877796286758591,4.408757602600773,1.0,10,10.15641349429714,1.0,3.8896449140528073,1.0,2.0502128077849324,1.0,7.603518645618852,1.0,10.281301339285715,1.0,9.079243781759828,1.0,-3.716275340644737,1.0,6.103550446998724,1.0,2.696147606749742,1.0,10.634205171682916,1.0
723,-14.447936239045637,19.45343615130918,0.4,10,10.163022099447515,1.0,-32.72880137463426,0.0,8.601705181761622,1.0,-32.08791256650497,0.0,10.533410632591892,1.0,-26.938156227635364,0.0,7.346203400570282,1.0,-34.71732983843245,0.0,-28.814937845303874,0.0,-25.83656585231677,0.0
724,-17.54934871498005,22.050791533589624,0.4,10,10.75669941980161,1.0,-33.088428687895636,0.0,8.432463333333333,1.0,-39.83086011620208,0.0,-29.89812049821592,0.0,-33.87703687166931,0.0,-37.97255081431828,0.0,-37.77210941198754,0.0,10.634922572256045,1.0,7.1215339250972765,1.0
725,-9.420016102192369,20.556535211981643,0.5,10,-28.938577735730046,0.0,-30.222949916384383,0.0,-14.138694806801713,0.0,10.157033051810947,1.0,10.75331491712707,1.0,8.949152804032765,1.0,-42.40819993045897,0.0,-29.136331994645232,0.0,10.2700298276196,1.0,10.515062761506277,1.0
726,0.8507734113362119,11.114753722503071,1.0,10,-11.865470969349609,1.0,10.756054122621565,1.0,-17.429542876964376,1.0,-17.69365928981427,1.0,5.159983779269584,1.0,10.636168923734854,1.0,4.160272227314391,1.0,6.645529161205767,1.0,7.736194094000455,1.0,10.40220494134376,1.0
727,7.016663351869296,5.65627455399972,1.0,10,10.28775342946049,1.0,10.519119233984345,1.0,7.751686976389948,1.0,-4.496102232166637,1.0,8.824766384804855,1.0,10.516262651742077,1.0,9.421813899751156,1.0,10.636892744479495,1.0,-3.8108667878187106,1.0,10.515307218065947,1.0
728,9.186359043333962,2.77681339712927,1.0,10,1.0718540818868902,1.0,10.759869037772264,1.0,9.423803217998007,1.0,9.316465871147846,1.0,10.276127880403733,1.0,10.636621814218644,1.0,10.515852875203915,1.0,8.833405004663728,1.0,10.511641293821423,1.0,10.517949356223175,1.0
729,-9.368157297869718,21.268093577162986,0.7,10,-26.945526976007816,0.0,10.033775940726512,1.0,-4.2944793241732935,1.0,10.399049614482065,1.0,4.25343799078979,1.0,-4.973511335304687,1.0,-47.1254220054559,0.0,10.63504045775055,1.0,-0.15724413864799303,1.0,-45.5066932028564,0.0
730,-17.20955535634431,28.653970000309645,0.5,10,10.395000833263895,1.0,-46.53525429728116,0.0,10.754421588794202,1.0,-51.129215890445565,0.0,10.757879154743561,1.0,-56.482327081157216,0.0,-45.56252368660351,0.0,-24.23594960212201,0.0,9.429143717728055,1.0,10.513271699636658,1.0
731,-1.3685958028459888,16.524207369190854,0.8,10,10.756665735567971,1.0,-16.07045486147323,1.0,10.632329794361697,1.0,9.807173241228869,1.0,10.875,1.0,9.013183575523264,1.0,-35.771524223140894,0.0,9.421231199720182,1.0,2.0240114646429515,1.0,-24.3735739548907,0.0
732,-8.046441601556513,21.9535230545779,0.6,10,-27.997001623852594,0.0,10.631825780331724,1.0,10.394152907394112,1.0,8.82978896643403,1.0,-35.92172987721693,0.0,-43.90510668768887,0.0,9.921433038844484,1.0,8.56600116355542,1.0,9.182367162592987,1.0,-30.1661468459595,0.0
733,-5.610635003647419,21.087416504167603,0.7,10,-3.4289150396128214,1.0,-37.867747905528574,0.0,8.680098316947175,1.0,-35.84180824168878,0.0,10.763530578512396,1.0,8.795131375844683,1.0,-38.018274824886696,0.0,9.539188507812892,1.0,10.516399361334681,1.0,10.756047834790856,1.0
734,1.4129975668434238,14.634793541561354,0.8,10,10.393112398302087,1.0,5.8795541225139925,1.0,8.931118415612337,1.0,-29.977587782816148,0.0,10.63461780738946,1.0,-25.002914154531112,0.0,10.637375574699817,1.0,9.53934156271204,1.0,4.038391295607601,1.0,9.056966428944163,1.0
735,1.2577808676978386,10.679033206324997,0.9,10,8.490908617547515,1.0,4.623728525166035,1.0,7.078857332624867,1.0,10.40490284052231,1.0,-2.445585574104756,1.0,-25.039425671734648,0.0,9.813288848183523,1.0,-4.918060220330753,1.0,10.666439344262296,1.0,-6.0972453651580025,1.0
736,-13.690202417536545,29.643182069485583,0.6,10,-23.12648557037414,0.0,-54.31365109670542,0.0,10.875,1.0,-55.26593039893703,0.0,10.51232069308337,1.0,-59.82861485332628,0.0,9.917874268817895,1.0,10.631555555555556,1.0,8.951278800061854,1.0,4.7446284264587595,1.0
737,-20.46217207186034,20.485443253489162,0.4,10,-44.87935073534532,0.0,10.285016487516595,1.0,-22.909268450582694,1.0,-23.015631432729194,0.0,-44.74160600481516,0.0,-36.23025257519571,0.0,10.15190762799761,1.0,-23.399548261088725,0.0,5.027333144529408,1.0,-34.91032051889023,0.0
738,3.3157054359814873,9.066917198322837,1.0,10,10.51607878905492,1.0,7.805388870307958,1.0,-3.1503810823101386,1.0,-7.181617689658504,1.0,10.124349248666991,1.0,0.8784099365675608,1.0,10.875,1.0,10.388234404536863,1.0,9.572677826297914,1.0,-16.67108594364869,1.0
739,0.08529686117486221,13.370477929259714,0.9,10,10.63317678767352,1.0,8.450109217357234,1.0,-5.24420352867045,1.0,-15.935000836633403,1.0,10.875,1.0,8.931938377851749,1.0,8.620460734257232,1.0,9.11703664505887,1.0,-30.861899740342306,0.0,-3.7336490448038298,1.0
740,7.710110041112644,2.753587566529587,1.0,10,7.6006532555135635,1.0,4.3537688509995425,1.0,3.715075873501659,1.0,10.635937405320245,1.0,4.65304729904368,1.0,10.756054122621565,1.0,9.07460250047719,1.0,10.041027498987354,1.0,10.756954314720812,1.0,5.513979289940829,1.0
741,-8.741706937630873,19.68924779763521,0.5,10,-13.09157418672309,0.0,-23.23786560877656,0.0,-36.968674046569745,0.0,10.751958991772234,1.0,-28.031512092994173,0.0,10.39452697466468,1.0,7.837980428441489,1.0,-35.7506182443208,0.0,10.398517244221022,1.0,10.28019116397621,1.0
742,-8.022011144969268,17.665421054359676,0.6,10,-20.742779248812774,1.0,-31.205608097295592,0.0,9.536959174187551,1.0,-23.009240234744773,0.0,8.48441638139768,1.0,10.636884756097562,1.0,-23.127491110338724,0.0,-29.169819047619047,0.0,9.30896580102414,1.0,9.06760017641129,1.0
743,6.780785480370885,10.379886351445885,0.9,10,10.636892744479495,1.0,8.831157556919102,1.0,-24.3091316964819,0.0,10.531881038914989,1.0,10.277135370205173,1.0,9.539699581032185,1.0,10.632927032430032,1.0,10.634706157589369,1.0,10.157587018620399,1.0,10.875,1.0
744,7.139679313444864,7.1940834430690055,1.0,10,9.920100821718036,1.0,7.481925412210338,1.0,-14.145668470732291,1.0,10.753361946902654,1.0,9.421149005034765,1.0,10.75643252887595,1.0,8.005510117092495,1.0,8.046929352666643,1.0,10.7597,1.0,10.397352420680065,1.0
745,1.1096752615218732,14.90061330793933,0.9,10,10.274922068561647,1.0,-10.829733260978461,1.0,10.754582213535304,1.0,9.543607468879669,1.0,-9.78875966900521,1.0,10.282166323152833,1.0,10.678463333333333,1.0,-36.60839925959734,0.0,6.6200897957147475,1.0,10.169813601622211,1.0
746,0.6403475129141769,13.2866082978323,0.9,10,6.915125971622455,1.0,10.277438692911975,1.0,10.875,1.0,-8.964667431192643,1.0,5.3850528018266575,1.0,10.276532596126048,1.0,1.350899670734071,1.0,4.170733015494638,1.0,-35.509060085625705,0.0,1.6264198972442774,1.0
747,5.429439158571326,7.562564422138368,1.0,10,5.415924954001147,1.0,7.975943924739708,1.0,0.15233935353848516,1.0,10.875,1.0,10.875,1.0,8.673734287242578,1.0,10.513369455645162,1.0,10.04875090339677,1.0,4.834124923152588,1.0,-15.069796216003178,1.0
748,-0.9454497876002007,15.48155874620911,0.8,10,10.398396547532215,1.0,-33.75192796281953,0.0,-0.12293928639938478,1.0,-8.122055218096376,1.0,9.910151600224594,1.0,7.056903988449738,1.0,10.643837844761336,1.0,10.154157325086974,1.0,9.596467259176597,1.0,-25.217489973918177,0.0
749,4.784845090268204,8.613142359800468,1.0,10,6.461792182543743,1.0,-2.513675232479695,1.0,-17.099341028903837,1.0,9.681844171233891,1.0,10.037966001999882,1.0,-0.4389846084571616,1.0,9.809237819753259,1.0,10.756767174918622,1.0,10.634205171682916,1.0,10.518639250390422,1.0
750,5.18774433661809,6.052955625492045,1.0,10,7.8171030745967744,1.0,8.214881392350666,1.0,10.160007988455394,1.0,10.39561897564239,1.0,-1.0337544525891325,1.0,9.211671505034927,1.0,-8.068927356966755,1.0,7.976963839360108,1.0,8.846583378112127,1.0,-1.6427049778155958,1.0
751,-1.396514558753955,16.344145474236964,0.9,10,10.394791920349546,1.0,8.7116268403171,1.0,-32.96411118724071,0.0,10.3935,1.0,9.330251011248405,1.0,10.398181889838257,1.0,10.633406381336307,1.0,-25.728601160716018,1.0,-18.23208367874384,1.0,3.0978923960714058,1.0
752,4.881889669937592,11.615409806652593,0.9,10,10.51675515269235,1.0,7.985540700542674,1.0,10.40735321969697,1.0,8.558028201046167,1.0,-29.289503179650247,0.0,9.811969362913967,1.0,2.271208547407756,1.0,10.050713479850172,1.0,9.20002791792802,1.0,9.306803296948095,1.0
753,-12.848411043077277,23.17448476014395,0.5,10,-31.892999136566413,0.0,-29.934792607500512,0.0,9.053170586073856,1.0,10.757388730309758,1.0,9.19362858048832,1.0,-43.77602365350806,0.0,9.579452453379181,1.0,-43.917626598231095,0.0,-27.94506386005267,0.0,10.398755074834877,1.0
754,-1.3105707281294134,13.82769584298484,0.9,10,10.1541813043214,1.0,-23.21981283981606,1.0,1.0385646442551213,1.0,10.041099220262703,1.0,3.1677577189666035,1.0,4.9241019560652175,1.0,10.635000000000002,1.0,-10.20854241639835,1.0,9.424575855592655,1.0,-29.062632724543423,0.0
755,-1.2533903602335381,14.63481132220937,0.8,10,9.300521639920698,1.0,10.164154117790316,1.0,9.071636285550678,1.0,-29.804110323787025,0.0,9.46509454965231,1.0,10.150451440416461,1.0,-12.184905882133469,1.0,-25.183558335347684,0.0,2.628997133715501,1.0,3.857815771886834,1.0
756,-0.6621364662117479,16.59285899322939,0.8,10,9.17907015612898,1.0,10.157046557285094,1.0,-3.8554596403829695,1.0,9.921541167699548,1.0,4.9749063670412,1.0,7.138007343124165,1.0,10.635656614785994,1.0,-34.422135643988014,0.0,10.754989429175476,1.0,-31.104987012986946,0.0
757,-2.550198243930045,19.33537364268817,0.7,10,-38.23482646420822,0.0,10.875,1.0,-26.920330369882546,0.0,-30.135202839756577,0.0,10.514507153428713,1.0,10.167606230567579,1.0,10.752953046559702,1.0,6.676948429112031,1.0,10.167681530143595,1.0,10.633680844735277,1.0
758,-1.4401550974904542,17.29451209535226,0.8,10,9.930671357146538,1.0,-34.080230999384,0.0,5.474506161107415,1.0,10.753964757709252,1.0,9.91797556357612,1.0,10.153934212625645,1.0,-32.09265523761207,0.0,-13.727878825702751,1.0,9.109310460813992,1.0,10.15885157481532,1.0
759,-3.3430808883581564,16.04670920540065,0.8,10,-3.6466716155617505,1.0,-0.8785152659517603,1.0,6.313690389871159,1.0,8.712660527375201,1.0,9.087075179228831,1.0,8.369380846873462,1.0,-27.748975554574542,0.0,-38.584686300003014,0.0,-5.68994203542006,1.0,10.635174944580912,1.0
760,-16.489851680679628,21.84710583360392,0.4,10,-33.16644995553799,0.0,10.75567245531753,1.0,-28.667972599585568,0.0,-38.73148289790307,0.0,10.532018888888889,1.0,8.325013407037662,1.0,-36.867593610645756,0.0,-36.00397084907038,0.0,10.636786527627951,1.0,-31.71053817292556,0.0
761,-0.896126275468675,13.051795219795837,0.9,10,10.539066666666667,1.0,-32.92387980048134,0.0,10.519170755278026,1.0,10.157892559258892,1.0,-5.170076652297013,1.0,-9.201895754794291,1.0,7.570396291583348,1.0,-9.580488834573949,1.0,5.048016810628655,1.0,4.080535204044253,1.0
762,-18.815652610562903,23.598953471858902,0.4,10,10.875,1.0,-32.962064925632355,0.0,10.397499529721596,1.0,10.39655460586014,1.0,-37.820234999850214,0.0,7.765996891996892,1.0,-40.59046093230795,0.0,-43.78214169485716,0.0,-38.42695026876939,0.0,-34.00972431179059,0.0
763,-8.525763434650477,19.372737109966675,0.7,10,5.76365170360167,1.0,6.54545299234881,1.0,-4.724978827327423,1.0,3.2267649304230135,1.0,7.121056185239217,1.0,-19.716378382751515,0.0,-41.83269157367399,0.0,8.710785776339833,1.0,-45.647486876306026,0.0,-4.7038102743983625,1.0
764,-6.512270605567335,16.80536486738117,0.9,10,0.32553651497191005,1.0,-35.96568745441285,1.0,10.401637906547366,1.0,9.421181272038659,1.0,-10.716308206928517,1.0,-7.322684086261766,1.0,5.280565107989096,1.0,-36.536064170267274,0.0,-10.646889113745134,1.0,10.636006174395161,1.0
765,-22.912405353051717,28.59244677765093,0.4,10,7.800835356112945,1.0,-63.93018211884023,0.0,-27.080054570259204,0.0,10.63555251396648,1.0,-42.62116216658484,0.0,-58.18130419835849,0.0,-35.043016368128484,0.0,10.759338842975207,1.0,10.633669032830523,1.0,-42.0977298542311,0.0
766,-6.9166921646013275,20.84599119245898,0.6,10,-31.89506529059456,0.0,-34.91502579092159,0.0,10.038454587796926,1.0,9.803662125058281,1.0,-30.361084364121137,0.0,-32.473158648261716,0.0,10.637152898756229,1.0,9.08745176591244,1.0,10.632033457744601,1.0,10.278657612617257,1.0
767,4.5649635690284835,8.158285404774213,1.0,10,10.765249418454381,1.0,8.153654010847845,1.0,8.477063335068541,1.0,10.395895660531844,1.0,10.525111943978697,1.0,9.305330985568634,1.0,-10.884772903059472,1.0,-3.688456834165736,1.0,10.756114100264755,1.0,-8.155554027204643,1.0
768,2.013206362289683,15.80494557842882,0.8,10,9.709772627126114,1.0,10.755106242576217,1.0,10.668613333333333,1.0,5.596982683090242,1.0,10.528321666666667,1.0,-23.28638663497526,0.0,10.753908225108226,1.0,-34.79342300907262,0.0,9.923324046292327,1.0,10.27584444275158,1.0
769,7.962366677721993,3.91205371143419,1.0,10,10.393547854785478,1.0,8.591063116370808,1.0,10.044424910513477,1.0,-1.4891352574361285,1.0,9.452939705039345,1.0,10.517971515119308,1.0,10.277487351658856,1.0,9.109784003713717,1.0,2.3302161832257235,1.0,10.39536739422933,1.0
770,-5.295692045623293,15.75802515460925,0.7,10,8.750106456339969,1.0,8.37250444559954,1.0,-6.121051173476285,1.0,1.2730501824817502,1.0,3.433956235669423,1.0,10.516020425474164,1.0,-24.80454573348469,0.0,-30.13944127483769,0.0,5.743030961906417,1.0,-29.98055098190553,0.0
771,0.32180617570824505,14.673739921627126,0.8,10,-0.38731613027931466,1.0,10.761624528565441,1.0,-29.818929846395676,0.0,10.392196010441422,1.0,7.518500370625975,1.0,-26.27472216765972,0.0,10.1514499884804,1.0,1.5157385003699009,1.0,10.53396857142857,1.0,8.825551931505453,1.0
772,2.7567010463555937,10.829692546679668,0.9,10,8.247312004530013,1.0,10.635512290502792,1.0,10.753516671860393,1.0,-8.260381178890539,1.0,-25.752485137167838,0.0,3.6656746379425904,1.0,9.294761588477941,1.0,5.8940790886991925,1.0,6.986362462055157,1.0,6.102658035546234,1.0
773,4.034763927273936,10.707930679345527,0.9,10,7.804974202936896,1.0,10.638204083247606,1.0,-27.129298947458494,0.0,10.512709984922912,1.0,2.717126096607122,1.0,3.0161829625120298,1.0,6.617372135655361,1.0,8.476232432244856,1.0,8.593534549280953,1.0,9.100601772790112,1.0
774,-11.503230320286736,21.725293311797348,0.5,10,10.045167814994201,1.0,-37.00862561973943,0.0,-32.7810152636448,0.0,10.634418769996445,1.0,9.571095621441193,1.0,9.065123731271147,1.0,-32.849444132509845,0.0,10.4,1.0,-24.15873714088117,0.0,-37.9502869837951,0.0
775,-0.05943352352643494,11.473621966667169,0.9,10,7.029243707774706,1.0,-5.604427946068965,1.0,9.662007890899735,1.0,1.3843684658400175,1.0,3.4390965211459736,1.0,-27.897730067368688,0.0,9.420205797216385,1.0,3.6483591062113856,1.0,-11.946722815010194,1.0,10.271264104095295,1.0
776,1.6690441357669556,5.933320829235998,1.0,10,10.635094778756098,1.0,4.509722712724864,1.0,6.255722386743116,1.0,-5.066169909036589,1.0,-8.939720622796713,1.0,6.620659957453771,1.0,-5.559824572434605,1.0,1.0580633292299275,1.0,3.3432173654475177,1.0,3.8336759315821656,1.0
777,-3.4773591613210284,17.367491942147613,0.7,10,-16.858573609675176,0.0,10.514624056603774,1.0,-17.62163540245566,0.0,-22.29168893657497,1.0,8.832769756838905,1.0,10.635325322948328,1.0,10.397351235584843,1.0,9.450083568075117,1.0,-37.990442996475736,0.0,10.158595391920294,1.0
778,-7.0323639712071895,20.899354418879163,0.6,10,8.37387973890934,1.0,10.405975869884015,1.0,-31.507556966428925,0.0,10.635857207564262,1.0,10.275899459817,1.0,-32.07674888184462,0.0,10.391226913911229,1.0,-33.031011194488904,0.0,-33.82240085555306,0.0,10.031238996157775,1.0
779,3.392537787271961,10.722580104086129,0.9,10,-2.062634132660218,1.0,-26.061683605705404,0.0,3.7725057342028325,1.0,10.647403967034501,1.0,0.30783044693542294,1.0,7.963806475702778,1.0,10.39281372870249,1.0,10.047794782502445,1.0,8.37637811929988,1.0,10.541162356704879,1.0
780,8.734628682576973,3.15719071925017,1.0,10,7.859092104398134,1.0,7.802145113284334,1.0,-0.18228279350505616,1.0,10.514767356163711,1.0,9.125849657435106,1.0,9.791505072343256,1.0,10.636032315978456,1.0,10.765249418454381,1.0,10.516683965882937,1.0,10.517244615334484,1.0
781,5.6550007035015355,11.692435636706005,0.9,10,7.278364383443766,1.0,10.405761687137009,1.0,10.756328435053096,1.0,9.180834691156866,1.0,10.756466666666666,1.0,10.397773244147158,1.0,7.167732613452573,1.0,9.785,1.0,-29.22123680083635,0.0,10.042982114794581,1.0
782,-0.42050257189185364,12.652875668668884,0.9,10,-28.233922299651585,0.0,-6.700457022414147,1.0,8.602597114091225,1.0,4.02098797683495,1.0,10.75667744147321,1.0,9.545076995465823,1.0,-15.211932640769183,1.0,-6.42151632774932,1.0,10.752288732394366,1.0,8.68517431140612,1.0
783,0.9138085447256806,14.972937319535149,0.9,10,7.625070683185113,1.0,7.9815915562101125,1.0,10.875,1.0,2.436609120521177,1.0,10.639309176124259,1.0,-24.837093164173442,1.0,10.395803199404762,1.0,6.855542869745191,1.0,9.299683054178521,1.0,-32.13343104793889,0.0
784,-20.667818829444123,21.266333919293128,0.3,10,10.644150058162078,1.0,-23.359333051474476,0.0,10.164363249731707,1.0,-34.57869825284714,0.0,-30.624789962899435,0.0,-34.108392472013996,0.0,-46.64302613546197,0.0,-29.16993705723459,0.0,10.875,1.0,-39.877524670403375,0.0
785,3.6854631133913593,12.255087456916469,0.9,10,-32.28381112176414,0.0,10.755,1.0,3.977541236843485,1.0,7.882127057421613,1.0,8.07440114161992,1.0,10.516657472303867,1.0,9.937182465022406,1.0,7.544178675625496,1.0,2.4184404919436426,1.0,8.032913714897303,1.0
786,4.878944014345644,9.94060603968163,0.9,10,-22.799511819948183,0.0,10.281364106733683,1.0,10.392176301695104,1.0,0.7533335252129891,1.0,9.325963231360342,1.0,0.7552534693877568,1.0,9.67909056843076,1.0,10.755,1.0,8.77177076058399,1.0,10.875,1.0
787,-2.900123794563741,15.965126033805053,0.7,10,-11.932614565342533,1.0,10.755020746887967,1.0,10.760118691828197,1.0,7.800938388070197,1.0,10.754979253112033,1.0,-19.62034157537819,0.0,8.815765121603238,1.0,8.599014561803784,1.0,-31.774046487860165,0.0,-23.16007208036194,0.0
788,-3.4432911779670325,19.12359062263303,0.8,10,10.875,1.0,8.946402497450006,1.0,10.63774643874644,1.0,10.410265237747518,1.0,-39.052007326617215,0.0,-5.333476234608765,1.0,-36.745037369624626,0.0,10.63269084843331,1.0,-15.199552121961274,1.0,10.395056250764277,1.0
789,-1.5481362571790125,12.996579632705554,0.9,10,10.875,1.0,-17.596750450682457,1.0,-32.13824781144785,0.0,8.938214788968665,1.0,0.7428174652665227,1.0,4.60578009742519,1.0,-3.5118747405254727,1.0,4.388770145405059,1.0,10.638394092827003,1.0,-2.4234661590267876,1.0
790,3.595850077307232,9.584037744834323,1.0,10,9.299628249409198,1.0,8.488210583206406,1.0,8.818597447226313,1.0,-4.571379477250732,1.0,9.171093527676557,1.0,-3.7001935993678465,1.0,10.273124003135898,1.0,-20.360796821542884,1.0,8.60985726267861,1.0,9.930359597900805,1.0
791,-4.418075607133178,16.47821291988229,0.8,10,6.0625585076314294,1.0,9.05631966709871,1.0,-13.523989018266088,1.0,7.960819178257804,1.0,-32.92314345080683,0.0,9.297703188683768,1.0,9.166461790214367,1.0,6.681890958610962,1.0,-32.73366093250612,0.0,-13.225715960249783,1.0
792,-11.430781521409163,21.013044995738184,0.6,10,-29.34180778969319,0.0,-9.18503787002774,1.0,-0.411833560709411,1.0,-44.70363013114099,0.0,10.753045685279188,1.0,10.875,1.0,8.474569532373,1.0,-38.64302371953214,0.0,-30.225824873867847,0.0,8.100727513227513,1.0
793,8.66383947211546,2.6430415096707387,1.0,10,7.372345999105945,1.0,10.27498856774345,1.0,8.930056267921875,1.0,7.33597084621695,1.0,8.73877014537179,1.0,10.875,1.0,10.158873727436053,1.0,1.6822714070267537,1.0,10.875,1.0,10.395117760331802,1.0
794,3.72588487009903,10.83644282452226,0.9,10,4.229731491524701,1.0,5.741041029099021,1.0,-27.98207554928915,0.0,7.968572260777062,1.0,10.631774829864879,1.0,3.5162659666956406,1.0,9.57406971830986,1.0,4.930521887574685,1.0,9.823974411324349,1.0,8.824972655109246,1.0
795,-13.518724555513035,24.436484486173633,0.6,10,-48.42407879864376,0.0,-5.497253038940675,1.0,9.489702278189636,1.0,9.30188316198944,1.0,10.75700316536915,1.0,4.551799845483142,1.0,-46.280686902501046,0.0,-27.124493795788172,0.0,5.027574511819117,1.0,-46.988695982107174,0.0
796,-13.038220876884006,23.34074271524397,0.5,10,9.539901731399159,1.0,-41.510881452823654,0.0,-31.136562685519994,0.0,10.275490319960285,1.0,9.539259567387687,1.0,10.528424657534247,1.0,-40.96056335695837,0.0,-38.04724960310877,0.0,-28.77611792618154,0.0,10.166089979470891,1.0
797,4.990622475048601,5.8402771655441335,1.0,10,10.516531777917614,1.0,4.605417338245454,1.0,8.491700196874614,1.0,10.15693126317413,1.0,-9.963761775208297,1.0,1.4040170788974304,1.0,1.5353325534238031,1.0,8.278406455801873,1.0,7.122122319688109,1.0,7.759527541671266,1.0
798,-10.184357336775014,20.098867836308315,0.6,10,-31.32111999787426,0.0,0.3208005715145106,1.0,7.355583680470472,1.0,4.007516775260139,1.0,9.792032169609417,1.0,-36.92556119141148,0.0,6.521073046629957,1.0,-33.06601284866227,0.0,8.356725454953942,1.0,-36.88461102824057,0.0
799,2.44491957851195,7.668887157319023,1.0,10,8.096285113976514,1.0,-6.1815332354890735,1.0,7.754696876662982,1.0,-5.713557295672237,1.0,-1.9815307421864183,1.0,10.398487750393672,1.0,7.561801925312192,1.0,9.376948730921663,1.0,7.117852284024908,1.0,-11.980255622824705,1.0
800,0.5951579594196054,13.626717433234282,0.8,10,9.338082921359767,1.0,-23.430206304071607,0.0,5.086863918950034,1.0,10.517679306916632,1.0,10.403042833607907,1.0,-27.898346298845063,0.0,-1.697993702921364,1.0,9.179572657311,1.0,5.03411546160893,1.0,9.418768800279818,1.0
801,-12.130064626789826,19.89412425102255,0.5,10,8.86050408719346,1.0,-35.487512767066164,0.0,-30.453128281282805,0.0,-22.97450435111618,0.0,-35.84916250024509,0.0,-1.4161916512440929,1.0,8.573792809631136,1.0,10.631642169897983,1.0,-32.73005346768805,0.0,9.543967684021544,1.0
802,-3.5930529480896967,21.06542629812932,0.7,10,10.295103340348604,1.0,10.875,1.0,10.520613158145292,1.0,10.753620680723204,1.0,-29.458765377423454,0.0,-38.605161676288475,0.0,7.943594248275063,1.0,10.513211813567143,1.0,9.807514435847095,1.0,-38.57526010409144,0.0
803,3.0898193633384166,14.885610972513511,0.9,10,8.977356679636834,1.0,10.162345124190587,1.0,-40.49445894677244,0.0,8.385417671034753,1.0,10.401323306303949,1.0,10.515681651600293,1.0,0.8329888978063149,1.0,10.393577750576714,1.0,2.614805188472225,1.0,9.109156310534942,1.0
804,1.6560580223737564,10.587545287642282,0.9,10,6.760889911903028,1.0,2.90053172150518,1.0,6.622467545942955,1.0,3.8263997177632767,1.0,9.341872044627488,1.0,-29.080949532630136,0.0,5.782690149336796,1.0,5.464593850096094,1.0,-1.2221753330975087,1.0,6.164260148290392,1.0
805,0.6161727083425991,16.601324021498932,0.8,10,-38.89311358065951,0.0,10.3936152833463,1.0,6.905530371472606,1.0,7.262190721649484,1.0,-24.882697645454034,0.0,9.103581896122023,1.0,10.634974319066147,1.0,6.890740558462415,1.0,8.939322360807509,1.0,9.807582798613048,1.0
806,-7.60387988834808,20.93623356631114,0.6,10,-36.26097209788123,0.0,9.807037846245,1.0,10.169567497697086,1.0,10.26719287581302,1.0,-36.10073908247355,0.0,4.930338461538461,1.0,-29.951781325336636,0.0,10.875,1.0,-29.926139703931682,0.0,10.151696644848736,1.0
807,3.984781246758433,6.914307309766491,1.0,10,-8.821873774574737,1.0,0.722871011194206,1.0,10.272785428029048,1.0,10.75423076923077,1.0,9.446090599798387,1.0,-3.5355504487472,1.0,8.06464930391694,1.0,10.875,1.0,6.042553405659321,1.0,-3.972943826922407,1.0
808,-16.28749022067437,22.15810740635372,0.4,10,-41.530080502650684,0.0,-32.360280496186974,0.0,-29.918465226640503,0.0,-27.72092700176811,0.0,10.515731735636988,1.0,10.151077230692328,1.0,-29.89423063674838,0.0,10.155505498449156,1.0,-42.5556989143391,0.0,10.28246610681157,1.0
809,8.183653269345507,2.258264653122556,1.0,10,8.933671790653436,1.0,10.159180862094503,1.0,5.223887145227101,1.0,6.527696998123828,1.0,10.396903832752612,1.0,8.830844933438696,1.0,4.41103470661673,1.0,6.19640416123508,1.0,10.404296993622836,1.0,10.752611269690242,1.0
810,6.867974662975849,4.547410502511827,1.0,10,-5.274620048970194,1.0,9.347676644076305,1.0,8.480278214397988,1.0,3.9665141875261227,1.0,10.875,1.0,8.328006380344728,1.0,10.398887957449269,1.0,4.905141810344829,1.0,8.806527220064513,1.0,8.846334264524925,1.0
811,-12.674400250038609,22.068376781236218,0.5,10,-34.69436506457198,0.0,7.459386148659707,1.0,-39.48746157922622,0.0,-34.999989039093904,0.0,-28.854694623532165,0.0,9.181148396937608,1.0,10.516452580460864,1.0,10.513801880050574,1.0,-34.949275466606714,0.0,8.570994266536148,1.0
812,1.4604921794344006,9.82419461877785,0.9,10,10.875,1.0,-25.07812485609029,0.0,2.8162603432111872,1.0,-2.709581404576113,1.0,-0.2663214874713997,1.0,10.393768349680732,1.0,0.9557855169482519,1.0,6.978752456883426,1.0,7.523228899874918,1.0,3.116153975883295,1.0
813,1.5242985988427589,15.111610881437622,0.8,10,8.826053881491863,1.0,4.8752536806342,1.0,9.98416549680237,1.0,-26.947028813625202,0.0,9.797834375,1.0,9.074213813875483,1.0,9.427357311256099,1.0,-30.08649142280523,0.0,10.875,1.0,9.41662766579801,1.0
814,-9.424375689346164,17.893174923705036,0.7,10,-36.76263181634732,0.0,-29.078917824399603,0.0,-16.576382155617814,1.0,6.135843390804597,1.0,10.394608832552883,1.0,-3.8267938035794877,1.0,-8.569549596459256,1.0,10.394718723592613,1.0,8.373574137553788,1.0,-34.72822678156203,0.0
815,0.8927529223687646,8.934905411019253,0.9,10,-5.009983402103433,1.0,6.775080083882928,1.0,-6.809273051991003,1.0,10.63434525851507,1.0,-5.5769740441310525,1.0,8.203363268009507,1.0,-16.43456744675256,0.0,10.51613376979563,1.0,9.429516107246572,1.0,-2.8001113187840136,1.0
816,4.142156339783564,11.877242153424023,0.9,10,7.519511120221379,1.0,10.162374632352941,1.0,8.25031926129334,1.0,-31.193623537003877,0.0,9.415692666422824,1.0,7.025226046906249,1.0,7.958075612236483,1.0,7.943134616492825,1.0,9.823078345613055,1.0,4.517774633300417,1.0
817,-13.89794945427686,21.12002137704871,0.5,10,-24.921782390071684,0.0,10.514992712398326,1.0,10.63555251396648,1.0,9.927635960591134,1.0,-35.621391142731504,0.0,-12.362667777863908,1.0,-41.584944495837235,0.0,-37.54245904964753,0.0,-28.06276427165355,0.0,10.038333398080882,1.0
818,0.256322968619498,16.119848391229457,0.7,10,10.404454341485303,1.0,-25.037501665556317,0.0,10.27450799866689,1.0,10.150832527791204,1.0,10.755,1.0,10.757575557608552,1.0,10.400205773461394,1.0,-12.734209583840698,0.0,10.040560106922753,1.0,-32.4481953703441,0.0
819,-4.0517090520782855,19.41034028221368,0.7,10,9.811472608620985,1.0,10.754559616992173,1.0,10.754025224741715,1.0,-0.02095354593598664,1.0,-35.90337034797429,0.0,9.042128158516633,1.0,8.37393919521536,1.0,-30.916850062551575,0.0,-33.07226359063009,0.0,10.660222222222222,1.0
820,-18.137248664942504,29.79748538224016,0.5,10,10.755,1.0,10.293997172721042,1.0,6.770260421295886,1.0,10.163835292691795,1.0,8.950420851825896,1.0,-66.28667517006798,0.0,-63.30232368312875,0.0,-32.8013313751224,0.0,-38.79479563640554,0.0,-27.120874523235017,0.0
821,-1.4662416625201815,17.549181750675867,0.8,10,8.124053997647326,1.0,8.215380797689948,1.0,-40.83562577553376,0.0,10.636042016806723,1.0,-29.621131829547245,0.0,7.026914050866639,1.0,-4.6679612823732874,1.0,7.62018152050114,1.0,8.204077497333806,1.0,10.63565238140689,1.0
822,0.023841775949143516,11.076644236792852,1.0,10,-12.223287457434747,1.0,10.026174256402687,1.0,10.875,1.0,6.597966133702631,1.0,10.27440670010854,1.0,9.414514006907517,1.0,5.6816645902939005,1.0,-16.919436841233914,1.0,-15.390694711894517,1.0,-8.097888917360663,1.0
823,-3.7217213632753667,16.622477563119478,0.8,10,3.8682713238560664,1.0,-33.50231715581505,0.0,9.058259897299983,1.0,9.423875558116087,1.0,10.756665735567971,1.0,-3.715705977064374,1.0,-1.7488210110324385,1.0,-36.86004546921293,0.0,-3.8432582848469536,1.0,9.34586175037796,1.0
824,-21.150811974086704,23.68502134749127,0.4,10,-25.24893573158788,0.0,10.389316898132767,1.0,10.281512551636478,1.0,-50.477543859649145,0.0,-35.45596325019829,0.0,9.298506655879974,1.0,-13.14418717036966,0.0,-21.010509676798172,1.0,-40.826080720390415,0.0,-55.31423543752271,0.0
825,3.339966990727425,9.873719252441195,0.9,10,10.273093976149221,1.0,-0.496461919290768,1.0,8.321737580752952,1.0,10.397651769824005,1.0,8.602081315534594,1.0,3.9236707528314447,1.0,5.895194343224014,1.0,5.295962950692949,1.0,-24.803883004130242,0.0,5.990622141686082,1.0
826,4.160504606742985,11.533579825654025,0.9,10,10.637463917525773,1.0,-26.252629386991096,0.0,5.451326271914747,1.0,10.149817894944448,1.0,10.396923871741885,1.0,10.402546763294485,1.0,10.755559179128221,1.0,10.752214705696403,1.0,7.414864274494404,1.0,-8.103041424319413,1.0
827,4.362564752641227,7.195676329694591,1.0,10,-8.920520722257766,1.0,-9.53466184238948,1.0,5.2276369421274405,1.0,6.843817273436346,1.0,10.288186896135267,1.0,2.585276666666669,1.0,10.635055865921787,1.0,7.91073541819,1.0,10.398443548814763,1.0,8.19167747976724,1.0
828,-4.462965976343603,17.360621018685254,0.6,10,10.396237950051562,1.0,10.630917598071445,1.0,7.844758202032604,1.0,10.156009166934705,1.0,-27.163218008831397,0.0,-24.96495442445753,0.0,-23.271976505064004,0.0,8.088024273093747,1.0,10.875,1.0,-27.22045801526717,0.0
829,1.1816224821416665,16.62235917652414,0.8,10,7.698319527753975,1.0,9.366336659663865,1.0,-32.226962460063895,0.0,10.28296716930712,1.0,-31.808723299444512,0.0,9.584036668079694,1.0,8.3225,1.0,9.790873999286115,1.0,10.875,1.0,9.931876556834306,1.0
830,8.832130248614451,2.0912662963318454,1.0,10,9.556320507050705,1.0,10.63562605548854,1.0,3.0397490213295297,1.0,9.424726169126776,1.0,8.828008362411262,1.0,10.755,1.0,8.311936596583443,1.0,9.919899687337153,1.0,8.259622215467456,1.0,9.590413871349645,1.0
831,-10.038262692320291,20.733609061073597,0.6,10,6.78866744395968,1.0,10.523682669789228,1.0,-0.00035594989561715806,1.0,3.275794419134396,1.0,8.382636994219654,1.0,-31.152516620680608,0.0,-36.79159034539778,0.0,-39.62044042182569,0.0,-32.543849576889414,0.0,10.755344464383242,1.0
832,5.721237091945847,11.983525678407181,0.9,10,10.282014602416035,1.0,10.392385245515747,1.0,10.643749030757302,1.0,4.4099956828120215,1.0,10.753526631521542,1.0,9.440486620321874,1.0,9.706275384260936,1.0,-29.814869171805665,0.0,10.523806893658673,1.0,10.875,1.0
833,-12.607317258028868,20.82730986334923,0.6,10,10.51737613142887,1.0,-40.67344398551834,0.0,10.415245644101686,1.0,-33.85496264821637,0.0,9.840967714954834,1.0,-34.79059828607701,0.0,-9.1161464982172,1.0,-38.90174869489128,0.0,1.6292819735906932,1.0,-1.1391439314445613,1.0
834,8.308595773041253,4.8066180347361005,1.0,10,10.15555760153535,1.0,-5.875549725789989,1.0,8.336610843625706,1.0,10.396991178863528,1.0,10.639341010257404,1.0,8.083338441006376,1.0,10.39529493374157,1.0,10.391239969791371,1.0,10.044633996357703,1.0,10.518499481023511,1.0
835,2.274300672853232,15.40824131152492,0.8,10,10.150789327113866,1.0,-28.942930207610296,0.0,9.46875522241337,1.0,10.512326906638807,1.0,8.024488308748099,1.0,10.15813644524237,1.0,-28.06724691964471,0.0,10.636892744479495,1.0,10.162106632994899,1.0,10.639688268156425,1.0
836,1.9961525578036323,13.476178367029947,0.9,10,-3.349695388192737,1.0,10.395767831399738,1.0,8.841545780303965,1.0,-34.97402808670247,0.0,7.759043545398393,1.0,9.954100858730426,1.0,10.301682345036117,1.0,7.308636716852842,1.0,-5.53737574404763,1.0,9.261847719257675,1.0
837,-16.21931452517792,20.264231406421704,0.5,10,-36.95362730583952,0.0,10.392531794630239,1.0,-45.62809679141219,0.0,7.975544117174701,1.0,10.515342192691032,1.0,-8.38575125478978,1.0,-14.002543208162699,0.0,-15.30600581856652,1.0,-35.817484637186766,0.0,-34.983054340317715,0.0
838,6.325112390999126,7.402450582788172,1.0,10,9.599718888888889,1.0,9.694070661390617,1.0,8.987652792268408,1.0,10.633608755443502,1.0,10.156853296256104,1.0,10.27757970071568,1.0,-14.637128446664896,1.0,5.06381624068401,1.0,10.518138903960935,1.0,2.9568131170480143,1.0
839,7.813358178121798,3.2593673784278643,1.0,10,5.45381819387789,1.0,10.158676022756781,1.0,10.157105280815943,1.0,2.178003674392314,1.0,10.274560659314023,1.0,10.754275138121548,1.0,8.939478557143916,1.0,10.755601717860143,1.0,2.058625166121031,1.0,7.403437370814386,1.0
840,-18.61284203341788,24.02481460725956,0.4,10,-33.25461413923369,0.0,-36.959233270974245,0.0,10.277415290200432,1.0,10.63791590855154,1.0,-43.115894524174436,0.0,10.635714397129933,1.0,-39.608199139609894,0.0,10.634174784804907,1.0,-42.73311033501488,0.0,-32.64258930585844,0.0
841,-4.46935029413658,16.73553077087085,0.7,10,-29.907818345609652,0.0,9.812321309532626,1.0,8.688210715125853,1.0,9.806383248995232,1.0,-23.091571732199792,0.0,10.53005617977528,1.0,-30.342814640892865,0.0,8.100019255455711,1.0,5.166442777339066,1.0,-13.454731708887254,1.0
842,-0.8466369817683583,13.924881529568834,0.9,10,-19.684769463232122,1.0,10.6376393629124,1.0,10.875,1.0,0.7643240609775219,1.0,6.252490171990171,1.0,7.978178099624288,1.0,-4.964441033198252,1.0,8.196339312768924,1.0,-33.30516823136538,0.0,4.784037901838866,1.0
843,5.927264526818304,9.864702939031892,0.9,10,10.875,1.0,10.768503489273714,1.0,10.285668182484965,1.0,10.288298782934332,1.0,3.1379012612094197,1.0,-22.952095000229143,0.0,8.820666169319187,1.0,10.392341661187814,1.0,8.471535449497704,1.0,9.184825272505051,1.0
844,4.498015468084958,9.652513188222372,1.0,10,10.754234390299013,1.0,10.162354502863092,1.0,8.932618225292243,1.0,5.926539237013848,1.0,10.637072967569969,1.0,10.755042016806723,1.0,5.854949631591065,1.0,-19.273498369177446,1.0,-8.463815909982992,1.0,9.694657988574058,1.0
845,6.963385810821434,4.60001979428831,1.0,10,5.883640904046007,1.0,0.6184354190501367,1.0,9.41283660519532,1.0,8.609034462014439,1.0,10.631367259576352,1.0,10.875,1.0,10.271195591554907,1.0,-3.8087536300318696,1.0,9.103580971832184,1.0,8.037520524976872,1.0
846,3.9121190103732446,9.968295299667767,0.9,10,5.1614335443662105,1.0,8.287466555183947,1.0,7.149359905752993,1.0,9.937098682954762,1.0,10.521043551797039,1.0,-2.4557389817629165,1.0,7.568231774820397,1.0,-24.117874525709787,0.0,8.822945588893866,1.0,8.247224007435932,1.0
847,-2.3428939629221115,19.221054919084125,0.7,10,-34.86690107338615,0.0,9.918612984967297,1.0,-30.82713490959667,0.0,10.636067519784476,1.0,-29.155675386940416,0.0,10.631247096463163,1.0,10.51566044601549,1.0,10.875,1.0,8.32893152787676,1.0,10.51525216559494,1.0
848,3.0324327976499617,11.097358003771555,0.9,10,8.089763006374666,1.0,4.429284309342869,1.0,10.282326723104875,1.0,-2.4623733573548083,1.0,10.423668592436975,1.0,3.135338677649485,1.0,6.617692290382105,1.0,-28.266153815163943,0.0,8.033323884418435,1.0,10.041457665308952,1.0
849,-9.90364648416053,21.025148077279603,0.8,10,-47.60717105448011,0.0,6.170847933726908,1.0,-1.414461578370899,1.0,-17.096917447976217,1.0,9.91756261116185,1.0,10.035189946511062,1.0,-39.66613416215392,0.0,10.635522107813447,1.0,0.269634244974986,1.0,-30.280537442812417,1.0
850,7.380739701045519,3.57751711474099,1.0,10,-2.449395763738478,1.0,8.208572232223222,1.0,10.75556619385343,1.0,10.755,1.0,7.137409312946209,1.0,9.662865289194995,1.0,8.048973498487685,1.0,7.7965166653183395,1.0,6.043303198887343,1.0,7.848586383282446,1.0
851,-5.623648108357147,23.606298378483903,0.7,10,8.507375267942937,1.0,-49.56620223385076,0.0,10.396924410078656,1.0,10.273623233341084,1.0,-24.051266000041487,0.0,8.94114090959884,1.0,-47.41423192319234,0.0,9.18097844251337,1.0,7.710176810038248,1.0,9.785,1.0
852,-3.446867253161687,15.70122642266333,0.8,10,10.048076475907505,1.0,8.412960753937515,1.0,8.250187369882024,1.0,-32.072411157434985,0.0,-11.289266349955895,1.0,-30.84578624629833,0.0,9.542220642355302,1.0,7.882190957988769,1.0,-8.276582404856038,1.0,3.879737426857271,1.0
853,-5.914037926136537,18.512614915225907,0.6,10,-31.47263146744505,0.0,-31.99735915207521,0.0,10.393313953488372,1.0,5.853947603619706,1.0,10.514725043932964,1.0,10.875,1.0,7.490026725207597,1.0,-24.085151575965043,0.0,-25.90050610737619,0.0,9.18825571524749,1.0
854,-2.921713920153006,18.289428936225843,0.8,10,10.149175257731958,1.0,8.941203631647213,1.0,7.010680026593219,1.0,7.210654026594121,1.0,-0.7442502047760104,1.0,-0.5856947117587747,1.0,10.273010052711928,1.0,5.810677857859684,1.0,-35.494333261396065,0.0,-41.78826187673733,0.0
855,5.621118512379923,5.897678587776181,1.0,10,9.418768800279818,1.0,7.006452878387009,1.0,10.767142857142856,1.0,5.216196347265564,1.0,10.275458038778563,1.0,4.245652020157369,1.0,-10.77598728030596,1.0,9.109989603024575,1.0,5.792961108125273,1.0,5.1545507509441695,1.0
856,-4.684300375707631,15.153696237588978,0.7,10,7.568252443266523,1.0,-14.813798891853065,0.0,8.717643606544199,1.0,-15.246344382853733,0.0,-36.735500549148774,0.0,-17.928303681857116,1.0,-4.236012352772196,1.0,10.16474348575484,1.0,5.032018755415115,1.0,10.634297810427897,1.0
857,1.7827116369624327,15.247956968549905,0.8,10,8.09286291918792,1.0,-25.178766419054377,0.0,10.419134655678167,1.0,8.601552803988627,1.0,-31.849178016599268,0.0,10.039767320261438,1.0,8.026984701728974,1.0,10.638626176128556,1.0,8.883379134561862,1.0,10.152753093742419,1.0
858,-18.260671145368157,24.114877463692142,0.4,10,10.875,1.0,-32.25121753687448,0.0,10.757785294303597,1.0,10.755514292694844,1.0,-40.16398897885744,0.0,9.930182948722132,1.0,-44.60131046390572,0.0,-25.21132985223866,0.0,-39.950753269687105,0.0,-42.74659388783875,0.0
859,8.74728644482921,4.635918481256631,1.0,10,7.893886018524352,1.0,10.757756756756756,1.0,10.398428693164526,1.0,-4.940625952018278,1.0,10.167625170299727,1.0,10.875,1.0,10.634921952234768,1.0,10.515960098522168,1.0,10.774617241379312,1.0,10.395294469428762,1.0
860,1.0307964652305748,10.240811418148578,1.0,10,-19.15467827382593,1.0,10.397570389553143,1.0,6.792690884192604,1.0,6.839248720164884,1.0,-7.822528548827835,1.0,-2.763100353060853,1.0,10.517834222052942,1.0,10.275183819046458,1.0,-12.261660482374765,1.0,7.487404275385098,1.0
861,-26.659194541048503,24.38022069330421,0.4,10,-50.541342821473215,0.0,-50.498139754485344,0.0,10.040698530521107,1.0,-3.996250735021883,1.0,-0.05641978811956072,1.0,-42.635677021246806,0.0,-48.064318943299014,0.0,4.372665789687814,1.0,-47.70847073118944,0.0,-37.50468993585874,0.0
862,-1.0180198516100745,16.57112475321377,0.8,10,8.738241019867068,1.0,-34.80814457009717,0.0,10.754533699857461,1.0,10.875,1.0,10.755042016806723,1.0,9.189533749679185,1.0,-4.33710788692621,1.0,-30.987567236439094,0.0,6.926114754098361,1.0,2.7141559370529285,1.0
863,5.258452879027518,10.566144657712229,0.9,10,0.5370687977424264,1.0,10.515921369350092,1.0,5.711389000979997,1.0,10.515001428299371,1.0,10.272573846315568,1.0,10.274178710983476,1.0,10.397586351441985,1.0,-25.100081061646087,0.0,9.331940346808338,1.0,10.12895,1.0
864,-0.12557888492457145,15.976520541330212,0.8,10,6.3236372098116505,1.0,6.767800688370329,1.0,-38.00701088679851,0.0,9.30278384808565,1.0,8.818159898477159,1.0,-24.403764746519286,0.0,4.342104824541648,1.0,4.45240205275356,1.0,10.273098262032086,1.0,10.875,1.0
865,7.954434600385433,4.837604817027523,1.0,10,9.95081943992941,1.0,9.433155611070935,1.0,10.390140571817563,1.0,10.517248863028357,1.0,10.395844724594129,1.0,10.391783644153225,1.0,-4.9332243216274545,1.0,2.820727491615786,1.0,10.06109918043564,1.0,10.51675079883675,1.0
866,-7.6183820178745165,15.88558763768367,0.7,10,-7.194777520361132,1.0,-32.89643125866277,0.0,-6.518089273112206,1.0,-1.6038152288908574,1.0,-28.942408424908407,0.0,10.034346974538709,1.0,4.432120635919138,1.0,-29.02371394406041,0.0,9.174042579785018,1.0,6.354905281007751,1.0
867,1.503636772533169,10.255190632971084,0.9,10,-3.0102857142857182,1.0,-1.809938155307993,1.0,10.515488816471633,1.0,-23.888741195825418,0.0,10.1881475161168,1.0,7.309376014503446,1.0,0.6378148476700023,1.0,10.634706157589369,1.0,9.302360802856317,1.0,-4.842561364456746,1.0
868,-11.263228090591785,21.411183544392106,0.5,10,-31.5038992494883,0.0,-37.04722859875657,0.0,9.684794044613234,1.0,6.91583321299639,1.0,10.644817606351591,1.0,-15.278818105134004,0.0,9.42144593139517,1.0,-41.63377683156311,0.0,9.217794516465505,1.0,-33.05324343279775,0.0
869,5.965729475174986,10.506881275964185,0.9,10,10.63008701769977,1.0,10.511282796839188,1.0,6.940438699684332,1.0,7.679555302928982,1.0,10.052546781020272,1.0,8.210557414766784,1.0,10.034873764173602,1.0,10.761694285714286,1.0,-25.319747045702634,0.0,10.156005734625271,1.0
870,0.33864036983593804,16.215059229626206,0.8,10,10.51713582441626,1.0,5.07421042129156,1.0,10.51399061904983,1.0,7.386415006018458,1.0,8.36111154255472,1.0,10.152134677860335,1.0,9.0734770279411,1.0,-31.915968153573022,0.0,-31.899003284618427,0.0,6.122900017418569,1.0
871,-3.4883715607293135,19.384242780035724,0.7,10,10.875,1.0,10.28866694256679,1.0,0.09428115015974292,1.0,-28.22137416868375,0.0,10.753202971565196,1.0,8.710543578973377,1.0,-25.03321395044517,0.0,-42.79478742337355,0.0,10.048102898658167,1.0,10.395862393286066,1.0
872,9.04002800246808,3.182424334584948,1.0,10,10.636823766431071,1.0,10.767142857142856,1.0,10.398960476190476,1.0,10.511794518507484,1.0,9.098798098687189,1.0,7.7880536828177185,1.0,-0.12574875978392797,1.0,10.520024323937617,1.0,10.049431060750333,1.0,10.755,1.0
873,8.564486250665883,1.823411289362488,1.0,10,9.418113553975802,1.0,7.50746671524144,1.0,6.726721374172735,1.0,9.785,1.0,4.797926611770954,1.0,8.848088161050107,1.0,10.275724394447973,1.0,10.395674524595316,1.0,7.2573825,1.0,10.632764671404498,1.0
874,-14.233507279884236,25.24273601255486,0.5,10,9.915154840707622,1.0,-44.900843638591766,0.0,10.514109348198971,1.0,-47.96613653649019,0.0,-42.67810707456975,0.0,10.633641447198887,1.0,10.518328593657778,1.0,-30.37179821279217,0.0,-28.269189226048443,0.0,10.269767659886684,1.0
875,-11.214818212621891,18.730766936448383,0.5,10,9.225685011709603,1.0,5.873978803205092,1.0,-14.432911385177572,0.0,8.0902310768775,1.0,8.203417699390076,1.0,-33.88167725356588,0.0,1.7728954498977494,1.0,-29.53937235878073,0.0,-35.50835545023697,0.0,-31.952073719537776,0.0
876,-3.4060521024304102,15.327306022834216,0.8,10,6.916104192886004,1.0,9.34558304783657,1.0,-29.134285579530694,0.0,-10.58143396512509,1.0,10.515830273526136,1.0,7.750522996437397,1.0,10.755614823133072,1.0,-17.624437405765452,1.0,5.281163750999023,1.0,-27.285183158701063,0.0
877,5.873379194713471,5.5662106687464785,1.0,10,-0.17732582553923137,1.0,1.6813186761451924,1.0,9.424794024135927,1.0,9.308176620752008,1.0,9.553641570368876,1.0,9.918859774021678,1.0,4.8262682792958795,1.0,-6.705771101888235,1.0,10.272274374287056,1.0,10.631555555555556,1.0
878,4.361731972519026,11.634098803056956,0.9,10,9.54818085106383,1.0,-3.509165275459095,1.0,10.400263732394366,1.0,5.174224105102817,1.0,10.757642276422764,1.0,9.727509507829977,1.0,9.218396896807342,1.0,10.27255423606827,1.0,-28.260380835380843,0.0,10.288094230340834,1.0
879,-9.653641738775105,23.183876634938724,0.6,10,10.518665475126602,1.0,-40.50966656680647,0.0,-42.66782791437092,0.0,-33.09405857629283,0.0,8.332291754756872,1.0,-34.882559035867374,0.0,10.875,1.0,3.9729148817284434,1.0,10.043822593974605,1.0,10.875,1.0
880,7.525121679107028,4.783438818885348,1.0,10,8.737842625499779,1.0,-5.413406125777197,1.0,10.516298362170037,1.0,10.756274887067091,1.0,3.2560040261701024,1.0,10.875,1.0,9.54902724545909,1.0,8.663981437125747,1.0,9.59967602159856,1.0,8.710518311757063,1.0
881,5.043568573308282,8.5559060277027,0.9,10,9.297747965721392,1.0,-15.355680427741508,0.0,6.434238863982687,1.0,10.633426094252552,1.0,10.398426471685443,1.0,10.045771002710028,1.0,8.963953630014618,1.0,10.635877103083098,1.0,-7.622954264240873,1.0,7.004879293615371,1.0
882,-21.27156243262958,21.15176264785147,0.3,10,-32.112154634581124,0.0,-52.090305153355146,0.0,-30.227835254349987,0.0,-35.606099299526434,0.0,7.79231588287489,1.0,-32.702510229712736,0.0,8.470699562922448,1.0,-38.77032110091742,0.0,9.297879639580062,1.0,-16.767293739230333,0.0
883,-1.7492682222257492,14.38562229844587,0.9,10,10.289985284280936,1.0,1.1374381850147746,1.0,-3.9927844712181972,1.0,-36.09285074747801,0.0,10.644469352659378,1.0,10.3936152833463,1.0,8.754828543147028,1.0,-19.390085964060205,1.0,0.3527487113687169,1.0,0.40995360068178677,1.0
884,-5.857572874723131,18.9405444505476,0.8,10,-0.39111906686684605,1.0,10.635876812308906,1.0,7.763252647939213,1.0,-17.489377446952474,1.0,-39.31484722358242,0.0,9.686737609329445,1.0,-12.243424827645265,1.0,-38.01929156047836,0.0,10.279843089217488,1.0,10.516621219499,1.0
885,-7.396161224670865,21.064774026747276,0.6,10,-32.78906299516084,0.0,10.875,1.0,10.754354380874283,1.0,10.391311395912712,1.0,10.754605601317957,1.0,-31.77342359493096,0.0,9.31017057710085,1.0,-31.87122421186052,0.0,-36.03300013465601,0.0,6.419656734693877,1.0
886,6.235353505354316,7.65734869332318,1.0,10,2.2747663633401025,1.0,10.635557932939712,1.0,10.399502916600976,1.0,1.0197295848472248,1.0,10.755,1.0,-14.205895589558954,1.0,10.044781489799737,1.0,10.516639597600145,1.0,10.511353992542112,1.0,10.402098765432099,1.0
887,2.876316215930995,11.921516523033775,0.9,10,10.282222109909364,1.0,6.9367334634418345,1.0,-8.506491009357315,1.0,10.755,1.0,9.923444193080384,1.0,1.8066760415985357,1.0,9.05492019884877,1.0,8.715301652178919,1.0,-28.787664357628433,0.0,8.583019867237889,1.0
888,2.3247460952715064,11.854239018670773,0.9,10,6.656964821069409,1.0,4.44146062923692,1.0,9.052966025927581,1.0,1.7255138386671618,1.0,-8.279720122748188,1.0,10.633932201123294,1.0,8.120068728522337,1.0,-29.30151544101843,0.0,10.394663261943986,1.0,9.803127009990996,1.0
889,2.2479553096664304,13.511654307755952,0.8,10,9.419926784924574,1.0,-24.27817414959766,0.0,7.8751742067960535,1.0,5.290817038570662,1.0,10.875,1.0,9.061043510826638,1.0,10.051341690455505,1.0,-24.94491713669723,0.0,8.7301539527597,1.0,10.399187198626064,1.0
890,5.3889422224979,9.078290986741184,0.9,10,10.163398207597645,1.0,10.875,1.0,8.58113847954461,1.0,6.890994417597067,1.0,3.709758937246625,1.0,4.7436538461538476,1.0,-20.915376768767402,0.0,10.638329837441008,1.0,10.157377166994221,1.0,9.045148101171378,1.0
891,7.083731491498071,3.5812001001809217,1.0,10,8.360095137420718,1.0,-1.223725768229679,1.0,2.8750023539906335,1.0,6.5204958012336185,1.0,10.756954314720812,1.0,10.511732123411978,1.0,6.567412437868454,1.0,10.635995566502462,1.0,7.743700250487057,1.0,8.089652697574657,1.0
892,9.767493934752363,0.4582164577870476,1.0,10,9.180344827586207,1.0,9.104944737289577,1.0,10.641767174918622,1.0,10.166958710335159,1.0,10.27316392370882,1.0,9.695766398514852,1.0,9.80392203413974,1.0,9.68794577175965,1.0,9.696856028489062,1.0,9.423269740781933,1.0
893,2.0288581620810233,14.65358121456706,0.8,10,9.918400678554118,1.0,-27.25139106343227,0.0,10.64556572146948,1.0,-26.95645612627704,0.0,9.420065951418884,1.0,10.875,1.0,10.390701310799122,1.0,4.8807659521897575,1.0,9.182806754069084,1.0,9.1831224420191,1.0
894,-6.0670282001290765,18.14597780218583,0.6,10,10.75533073929961,1.0,9.929835211267607,1.0,10.875,1.0,-2.430300944453334,1.0,-28.06761456377827,0.0,-31.6731099367174,0.0,-27.140670517757798,0.0,-23.94906482626014,0.0,10.275312837108952,1.0,10.755,1.0
895,2.3994179805605116,13.706013376419476,0.8,10,7.9272406272972304,1.0,9.539538748666903,1.0,10.752865289194995,1.0,-31.974794606800106,0.0,0.08602946857237725,1.0,10.634564740307242,1.0,10.5251807106599,1.0,10.154509685659548,1.0,10.6365638906548,1.0,-14.287518748607777,0.0
896,7.1865370012044725,4.1961303372559415,1.0,10,10.280027511239346,1.0,10.516570170507777,1.0,2.4764692189033797,1.0,2.2429182283259905,1.0,8.959780032587766,1.0,10.154793139565331,1.0,10.394745308310991,1.0,-1.6489357845675805,1.0,9.178771000025726,1.0,9.310231187145995,1.0
897,3.324135768593216,5.570337564797771,1.0,10,3.7201066437040478,1.0,3.9188309540130524,1.0,9.932451580447724,1.0,10.875,1.0,-1.4300136871508382,1.0,2.5799816951275334,1.0,2.0885666598715735,1.0,1.0695192370288389,1.0,-8.710423794336528,1.0,9.197338397226755,1.0
898,1.9764047217035938,14.012080611453603,0.9,10,10.516405922681393,1.0,-36.79232387680767,0.0,-2.512528828217743,1.0,-5.455259816947157,1.0,9.81234892210547,1.0,5.741656664024459,1.0,9.675006666666667,1.0,9.548135691577938,1.0,8.355605871952585,1.0,10.875,1.0
899,4.140829918307913,6.666465579155389,1.0,10,10.63296743603507,1.0,2.7405314599877872,1.0,6.760839985149433,1.0,10.63489966555184,1.0,10.518257926740986,1.0,-0.8767586049444454,1.0,-8.524726943175938,1.0,-5.61863049409731,1.0,5.804722129101947,1.0,9.336196622729759,1.0
900,-1.1615200042468516,17.198126256014056,0.8,10,-11.72661725067384,1.0,10.875,1.0,-38.03529399121577,0.0,10.638387157341343,1.0,10.75664711359404,1.0,-27.260971302428253,0.0,7.111120826709062,1.0,10.515769744903643,1.0,10.521372243261306,1.0,4.989385416039951,1.0
901,-7.797203233807972,17.867573127757094,0.9,10,7.844211930101169,1.0,-16.24678192795448,1.0,-23.046254309510005,1.0,8.966259204712813,1.0,-8.713063231267112,1.0,-46.68416254245513,0.0,10.272452290450252,1.0,3.0000514838020305,1.0,7.535432347423022,1.0,-20.900177583382266,1.0
902,-17.184570830720908,22.58611272936745,0.4,10,-25.275124780240972,0.0,-32.02542116900252,0.0,-43.6049838862152,0.0,6.381865200570149,1.0,10.516660831696695,1.0,10.515928207306711,1.0,-43.30003409644422,0.0,-26.953317324185253,0.0,-38.85424016237806,0.0,10.7529588716836,1.0
903,3.5628020209605253,11.177725831694916,0.9,10,6.830400033037827,1.0,6.294500490801432,1.0,8.594769253452597,1.0,9.195859377509397,1.0,2.697672837117943,1.0,-28.2171730363853,0.0,10.287107035500933,1.0,10.51577226531158,1.0,10.51523414082846,1.0,-1.0861221875696128,1.0
904,-14.883774630895596,20.13682867754501,0.4,10,-32.08693442753881,0.0,-34.222525139664846,0.0,-26.090089985002493,0.0,10.633519063545151,1.0,-30.83744798118979,0.0,-33.862987917519604,0.0,9.31033524393495,1.0,7.8045378828586776,1.0,-30.243938342682817,0.0,10.757785294303597,1.0
905,5.63371161823772,6.403992207629797,1.0,10,10.63555251396648,1.0,-10.190355377296878,1.0,-2.1055330648579904,1.0,10.157079451795244,1.0,8.355934311423287,1.0,9.181193998141017,1.0,8.006923799909494,1.0,4.001194957193941,1.0,9.968602981276131,1.0,8.326522610826464,1.0
906,-13.099187421108562,23.274088120676886,0.5,10,10.754065040650406,1.0,-39.914342391498195,0.0,-41.253384374574715,0.0,-30.87978700768591,0.0,-36.602009087256185,0.0,-32.27169716986849,0.0,10.52033959173387,1.0,9.299510638297873,1.0,10.875,1.0,8.480430549115718,1.0
907,-4.54559462849609,13.07130612873041,0.8,10,-15.075584402320453,0.0,6.268288997414535,1.0,-5.472987966180813,1.0,-4.849632738057675,1.0,8.821310022558814,1.0,-7.408558474423094,1.0,10.635581230003554,1.0,-32.642050936329646,0.0,-14.42960035361543,1.0,8.697288335989308,1.0
908,-3.306925419446368,15.390514677227154,0.8,10,10.756328435053096,1.0,-9.283256363926233,1.0,10.280752160930378,1.0,8.934224518636283,1.0,-36.55603593173827,0.0,-25.228244404084016,0.0,2.184445155258108,1.0,10.163062310987904,1.0,-2.6314814090975673,1.0,-1.689048666483366,1.0
909,7.860348565257925,2.6905345955859525,1.0,10,10.400472837860356,1.0,8.483916780354706,1.0,5.677542514970059,1.0,4.8338777782536075,1.0,9.075954910714286,1.0,7.294899750603852,1.0,9.785,1.0,10.39228687377554,1.0,10.514665110500358,1.0,2.144869095546497,1.0
910,6.264454484722278,11.131161171837169,0.9,10,10.397263224868206,1.0,10.637170926418715,1.0,8.17994020314548,1.0,10.631562539790332,1.0,8.592982013330719,1.0,10.28530227146254,1.0,10.875,1.0,-27.03295093452098,0.0,10.153065260846308,1.0,9.92520934188146,1.0
911,-1.8944971802401434,17.89488949071237,0.7,10,-33.071303307614095,0.0,10.75423076923077,1.0,9.695664865225513,1.0,10.045758735824075,1.0,-28.053943640043634,0.0,10.75570028117638,1.0,10.76983606557377,1.0,6.944722465034966,1.0,-26.08558481976961,0.0,9.299946782960435,1.0
912,6.309139841583704,4.145431177059126,1.0,10,8.830208940459322,1.0,1.2490757575757563,1.0,10.514438715252773,1.0,10.166344154112785,1.0,3.3062767121289465,1.0,8.491392912938503,1.0,4.146367526543134,1.0,10.15605364590824,1.0,-2.064655633135075,1.0,8.295895684052658,1.0
913,6.7877850253123615,4.5533184382926795,1.0,10,9.174903642203503,1.0,10.517927506775068,1.0,10.042057261873332,1.0,10.393323044545772,1.0,10.75801841512391,1.0,-3.1253419467651096,1.0,6.777401490947818,1.0,9.097845516064135,1.0,2.8937899728997305,1.0,1.3479253494554477,1.0
914,-6.94411119592805,19.674836232155137,0.7,10,8.44363537710255,1.0,-34.71506004497394,0.0,-4.795582084750436,1.0,-10.865804900697956,1.0,10.651263164911345,1.0,-29.963704347112404,0.0,10.161006819759196,1.0,-39.87132102644672,0.0,10.875,1.0,10.63945508292785,1.0
915,4.657594968531829,7.623242030395532,1.0,10,10.5136589958159,1.0,9.420994572762844,1.0,8.007400955970217,1.0,-4.833759832197181,1.0,1.541318556201551,1.0,4.59516511144418,1.0,10.758041008227766,1.0,9.540102040816327,1.0,10.27773371481802,1.0,-13.244705438541342,1.0
916,3.623745155633121,7.132098855576547,1.0,10,-3.3595997807017604,1.0,-6.335075196408537,1.0,4.5695267871336975,1.0,9.673249057130885,1.0,10.757642276422764,1.0,6.118441860465115,1.0,10.635055865921787,1.0,10.875,1.0,2.4462360303978548,1.0,-9.143025344030598,1.0
917,-3.7370323166390875,18.944665349404392,0.8,10,4.289750565239589,1.0,10.039110414345314,1.0,-35.733060748901046,0.0,0.9489636039005642,1.0,10.637832604895104,1.0,10.661416477802959,1.0,-21.250506055152975,1.0,-37.8765017988044,0.0,10.515904719413049,1.0,10.39676705087096,1.0
918,-0.537300804318671,14.138833598261936,0.9,10,8.73224767163183,1.0,10.394970174691094,1.0,5.667544181195051,1.0,-23.7233042225359,1.0,8.356214138098712,1.0,-30.133025675179137,0.0,10.164289573952198,1.0,-7.0426022557176235,1.0,3.152141664747873,1.0,9.058516705929195,1.0
919,-15.514129372868831,20.264130199311385,0.5,10,-33.7812442839651,0.0,-7.957806001544316,1.0,10.034067246301019,1.0,3.845150099122062,1.0,-27.960648548486713,0.0,-34.612379471825605,0.0,10.75299577398654,1.0,3.0137622719420216,1.0,-37.05094785393977,0.0,-41.424242960278434,0.0
920,-0.535325925245106,15.293768268692247,0.8,10,10.277158036472207,1.0,4.7680933294109,1.0,-9.063394139886574,1.0,8.34920452985587,1.0,-32.47372575991413,0.0,6.145043472163794,1.0,10.40470607841949,1.0,10.875,1.0,10.511034505817841,1.0,-25.146379304790457,0.0
921,-23.190729030327862,30.134407325658366,0.4,10,-41.36314344761804,0.0,10.875,1.0,-46.63442927970587,0.0,10.875,1.0,10.395971350613916,1.0,-28.85860298448851,0.0,10.653381058807096,1.0,-27.590192604872026,0.0,-60.81531896336908,0.0,-69.44495543264613,0.0
922,-3.02706088641887,19.641455398382462,0.7,10,8.941451301956146,1.0,10.408218202751016,1.0,-31.927194940476205,0.0,10.634970348406227,1.0,7.623573833073053,1.0,9.661882172813206,1.0,-36.91899418776477,0.0,10.516164455473895,1.0,-29.843570473388617,0.0,10.632890422967346,1.0
923,2.169973334930508,10.078609568384511,0.9,10,7.272136008379665,1.0,2.37367300442106,1.0,4.244958632576847,1.0,9.93877677472302,1.0,10.512228293190605,1.0,-23.255990067720084,0.0,1.3600647203203717,1.0,10.405195414397511,1.0,7.343488728082383,1.0,-8.494798159066297,1.0
924,5.9123296407788155,9.356793693052367,0.8,10,10.75506932791663,1.0,-12.798167260929622,0.0,10.635558741258741,1.0,10.273103586188508,1.0,10.274922068561647,1.0,10.63459491549099,1.0,10.875,1.0,10.63490341793207,1.0,-12.797585525681798,0.0,10.635897137050982,1.0
925,-4.641940213882176,15.8033111160794,0.6,10,10.514872227933617,1.0,-17.594802184824328,0.0,-29.26094576536145,0.0,9.912306102601507,1.0,-12.846238417070472,0.0,9.659362565342905,1.0,-29.97294143229921,0.0,-4.6183481185238975,1.0,9.917400030968142,1.0,7.869932852411415,1.0
926,-5.635411928157625,19.32428790183381,0.6,10,7.865468159695042,1.0,-34.96691452378329,0.0,10.635512290502792,1.0,-24.01672943140711,0.0,10.753036249505174,1.0,-25.226733315589843,0.0,9.30376435861059,1.0,10.642748410839745,1.0,-31.858908032389646,0.0,10.51463655244029,1.0
927,6.099323716312611,11.215995783255265,0.9,10,10.633826530612245,1.0,8.539031173181339,1.0,7.557820273831717,1.0,10.270837558613854,1.0,10.756103486354315,1.0,10.16002104012078,1.0,9.585769198974953,1.0,10.275794079483386,1.0,10.634838718095933,1.0,-27.42080489614241,0.0
928,-3.783761005674493,16.416548858815545,0.8,10,8.152749267769481,1.0,10.165362749635115,1.0,-33.037176792354266,0.0,10.056731423553945,1.0,3.6358377412087366,1.0,-23.48956924502083,1.0,-28.251084417423886,0.0,7.117241818181819,1.0,-0.06438926588525717,1.0,7.876686663590216,1.0
929,-9.746828146037597,24.659338776305002,0.6,10,-41.75873646358599,0.0,8.94854947967799,1.0,-43.961035922084484,0.0,-28.731252273403665,0.0,10.753815958181281,1.0,9.423349241998878,1.0,10.294743189404544,1.0,10.755,1.0,-43.72509070073636,0.0,10.532376030171811,1.0
930,3.63050264774438,6.454101677727284,1.0,10,6.430463971038412,1.0,-3.075490314340442,1.0,6.144601680672269,1.0,10.875,1.0,-1.5985176997115236,1.0,-7.3579510189198984,1.0,10.875,1.0,7.360389664911075,1.0,10.044076902504978,1.0,-3.3925467087110732,1.0
931,-8.375546512108645,15.301561969051505,0.7,10,-8.080001577585666,1.0,2.1567454981428362,1.0,4.130259701823832,1.0,10.27263178182519,1.0,-30.00209006123205,0.0,-27.144754929814596,0.0,10.288987967339922,1.0,-9.603126624185677,1.0,-4.186481199911306,1.0,-31.58763567748894,0.0
932,2.2017423297135146,8.732114890311475,1.0,10,6.687785411697696,1.0,8.709131573083779,1.0,7.876772577399049,1.0,9.537095847058064,1.0,-13.55644283905134,1.0,10.276632944479404,1.0,0.1415826823778623,1.0,9.684510851557324,1.0,-10.06122988505747,1.0,-7.278415866409226,1.0
933,-7.205079698922826,19.49831031394022,0.7,10,-5.388668279766245,1.0,-6.671701821452663,1.0,-28.620905068891428,0.0,10.515794322489642,1.0,9.426483187471211,1.0,9.419275544520225,1.0,-32.13341918335547,0.0,7.4250290004038035,1.0,-44.50284447476125,0.0,8.480159784113908,1.0
934,-8.410542607074877,17.314993934001496,0.8,10,7.377245788389285,1.0,10.035430416068866,1.0,-16.40022027972029,1.0,6.39695517338596,1.0,9.305,1.0,-33.77069205058495,0.0,1.219481355075212,1.0,-7.023387071851669,1.0,-24.023638830897745,1.0,-37.221600570613425,0.0
935,-8.421929046224042,21.41746134088329,0.6,10,5.185910135378314,1.0,8.676573995171141,1.0,-41.615074909667726,0.0,-38.780575714361134,0.0,7.247907054683571,1.0,-29.945210554993405,0.0,-26.15820654822557,0.0,9.536849315068492,1.0,10.875,1.0,10.757536764705883,1.0
936,0.03304198512182168,17.482198226525266,0.8,10,10.765042646678728,1.0,-29.96478288067558,0.0,-38.916123566365094,0.0,9.42194840180283,1.0,6.711019830028327,1.0,9.538566592774549,1.0,10.517704356049412,1.0,8.600571841155235,1.0,3.263988737233941,1.0,10.39248389253586,1.0
937,5.375123153856224,10.683753781030195,0.9,10,10.398483794283063,1.0,-26.17168967699254,0.0,10.760879999999998,1.0,5.441514536300146,1.0,9.29838294307866,1.0,7.530721477546484,1.0,10.755396267571497,1.0,10.754069451980467,1.0,9.088692134155512,1.0,5.894780610638967,1.0
938,-11.160719587440449,22.859599672940156,0.5,10,6.198544356204598,1.0,-53.347764844039695,0.0,-12.834573056892996,0.0,10.26849533650329,1.0,-30.06465136548518,0.0,10.875,1.0,10.875,1.0,-31.233923617490365,0.0,-32.978435869395426,0.0,10.635113186191283,1.0
939,-5.895754925756544,16.943295662398373,0.6,10,-29.29635411647554,0.0,10.644817606351591,1.0,-22.047345307561393,0.0,-25.599081462208098,0.0,5.03120719636169,1.0,10.394467280393988,1.0,5.106196035612296,1.0,6.6778099876314165,1.0,8.826320521687581,1.0,-28.695586999358976,0.0
940,-3.883957422516925,17.882577516982895,0.6,10,10.875,1.0,10.63296743603507,1.0,-35.168311784654506,0.0,10.278358086310792,1.0,-14.396310098302054,0.0,-26.805434361418037,0.0,-23.671922937880332,0.0,10.038137428130696,1.0,10.059852601582076,1.0,9.318089405027044,1.0
941,1.491962063809995,14.334563433019856,0.8,10,-30.03148855279877,0.0,10.035764029424048,1.0,10.27671883120633,1.0,6.906249041611487,1.0,8.587225667741668,1.0,9.664006330738301,1.0,-23.11172888468722,0.0,1.7803189980426097,1.0,10.636786527627951,1.0,10.175768649193548,1.0
942,-4.9613704767828715,21.488874878952338,0.7,10,-44.5826300104306,0.0,8.718632772433677,1.0,10.405962999264885,1.0,5.525728993438756,1.0,8.95096587121717,1.0,8.250756580154913,1.0,10.153627127787102,1.0,-30.90896911282568,0.0,10.531029687345892,1.0,-36.65880967621484,0.0
943,-8.511120909709556,19.363356038866478,0.7,10,8.939471567422634,1.0,3.78254656755575,1.0,-40.0276566693347,0.0,-30.023608809966003,0.0,8.334166533822202,1.0,-39.65640888923486,0.0,3.281466155810987,1.0,10.446447613969609,1.0,-10.664087984615742,1.0,0.4764548174745702,1.0
944,-3.121979616250056,16.24914653138698,0.6,10,9.923830147058824,1.0,-26.138762452107276,0.0,10.163580916628852,1.0,-27.364483856298328,0.0,10.032010943199584,1.0,10.756993277310924,1.0,7.236149551001612,1.0,10.760707964601771,1.0,-13.291505933442254,0.0,-23.298316720454267,0.0
945,4.7911847908469145,4.724798344067547,1.0,10,5.10083502963874,1.0,10.172355123473231,1.0,4.304162720273188,1.0,8.713296545886642,1.0,5.702857037835718,1.0,2.373739680082558,1.0,8.837426729942923,1.0,-4.178570076089628,1.0,-2.5331005956320336,1.0,9.418845713057804,1.0
946,1.489207827523409,15.714414311148193,0.8,10,10.635133657980626,1.0,8.963400818166638,1.0,-25.509934481076172,0.0,10.515114048482534,1.0,7.615979632878352,1.0,9.30449612627197,1.0,6.939552845528455,1.0,-33.76649645831712,0.0,10.04051282051282,1.0,10.154319264805991,1.0
947,1.9460971723141605,12.661519927724386,0.8,10,9.431375041820008,1.0,9.321364761424578,1.0,9.663930348258706,1.0,5.634283116196017,1.0,-27.30141959963365,0.0,5.22737708830549,1.0,8.104308712121211,1.0,7.520192118226602,1.0,-18.42255363535073,0.0,10.282113771773368,1.0
948,2.598838446924942,8.905188205954117,1.0,10,7.488961856898942,1.0,-15.814679152052593,1.0,9.052798730494578,1.0,-11.787310776942359,1.0,1.5090344553931594,1.0,8.946399158076527,1.0,-0.5226548232014352,1.0,7.510295000883234,1.0,8.73054001969937,1.0,10.875,1.0
949,-6.275020972410384,20.321116197096668,0.6,10,9.197878967080623,1.0,10.75495867768595,1.0,10.517749510134593,1.0,-34.85126062608275,0.0,10.875,1.0,9.19534927018171,1.0,-25.45839470284238,0.0,-32.01568140038402,0.0,-31.719625378058854,0.0,10.753815958181281,1.0
950,-2.723885882386164,16.620703419219677,0.8,10,-40.570741059147146,0.0,10.635257026434019,1.0,6.2148720600800464,1.0,7.719576701941504,1.0,3.437048634536974,1.0,9.210452687512772,1.0,1.6151659000838912,1.0,10.516738694586767,1.0,-25.78313845633037,0.0,-10.234091013560093,1.0
951,6.802010627315063,10.10585902220751,0.9,10,10.281777116437265,1.0,10.39241532905297,1.0,10.753484739245375,1.0,9.00780406531156,1.0,10.755,1.0,10.51722388624397,1.0,10.291533749164625,1.0,9.217273033938577,1.0,-23.468795180722875,0.0,10.27238953447916,1.0
952,8.626869256798873,2.663972736456522,1.0,10,8.757635807192043,1.0,10.395148543134642,1.0,10.513033175355451,1.0,9.300993424907233,1.0,9.68758310090988,1.0,2.3974217506631312,1.0,4.640149315028311,1.0,9.54146507725652,1.0,10.51407396897465,1.0,10.521188404566868,1.0
953,-15.656614570545589,21.43076417040171,0.4,10,-39.698868654539574,0.0,8.84804515163394,1.0,-40.63724209146043,0.0,10.633453458204139,1.0,10.516524268314852,1.0,-28.896792906273298,0.0,-28.90605634466352,0.0,-33.83567590520612,0.0,9.922467212128504,1.0,-24.511999893594375,0.0
954,6.022306944080365,10.925422762481404,0.9,10,10.166000198564662,1.0,10.76,1.0,2.216129176444298,1.0,-25.897646085508054,0.0,10.51655957803884,1.0,10.153971639801236,1.0,10.632927032430032,1.0,10.875,1.0,10.75880152559777,1.0,10.041326375434869,1.0
955,5.895093149443085,9.855017227457818,0.9,10,8.042444220065999,1.0,10.7566035659256,1.0,10.875,1.0,8.242982705373688,1.0,-23.318352608718417,0.0,9.056313326256875,1.0,9.58148327271274,1.0,10.875,1.0,9.180337972166997,1.0,5.659119040647377,1.0
956,-8.959352671250471,20.603042088579702,0.6,10,6.542095210593622,1.0,-36.9059206143273,0.0,-30.93173244620612,0.0,8.708717684740334,1.0,9.182235159676322,1.0,-37.82126957855643,0.0,10.148199171697728,1.0,2.3972826541442878,1.0,9.138320652504717,1.0,-30.051454606771866,0.0
957,-11.28389645236771,25.588081746815888,0.6,10,-47.460132719181864,0.0,10.634397011388321,1.0,6.263958579881657,1.0,10.75734418798831,1.0,10.054018896736018,1.0,10.40143340722545,1.0,-41.72547142086007,0.0,8.498761666666667,1.0,-45.45313226690362,0.0,-34.81014186661799,0.0
958,3.127396360658051,13.21782267475096,0.9,10,8.733103822890364,1.0,10.756060337963373,1.0,9.785,1.0,-3.7227648323408022,1.0,9.730097099837455,1.0,10.759973808276586,1.0,7.764808829325975,1.0,-34.34581886267923,0.0,9.31193278677858,1.0,2.5015706165282037,1.0
959,6.598797297982877,5.0401530149137965,1.0,10,10.285587320396978,1.0,9.681125091174325,1.0,9.798303222724845,1.0,4.218382710053425,1.0,10.875,1.0,-4.6778661141627325,1.0,10.637723529411764,1.0,3.1771089494163425,1.0,1.477502992880094,1.0,10.515105277933744,1.0
960,-14.964715063911218,20.366747485422447,0.4,10,-33.01282636974977,0.0,10.634335011185682,1.0,-35.635668544105144,0.0,-27.206272444751367,0.0,-32.13149758855812,0.0,-23.144243128229625,0.0,6.726226271064382,1.0,10.637722646310433,1.0,-36.67156186385701,0.0,10.15663537157837,1.0
961,4.9612706171868926,6.773964469742952,1.0,10,10.160313829945537,1.0,7.792088193047974,1.0,-2.187018963601002,1.0,8.990369593998235,1.0,7.2326672347677885,1.0,9.925061302681993,1.0,10.028549742029368,1.0,2.291778292719389,1.0,-12.00926080307814,1.0,7.388157749357787,1.0
962,9.971781882271952,0.8778370204517149,1.0,10,10.755,1.0,9.33295511284202,1.0,9.932344309512688,1.0,10.75664711359404,1.0,10.759305,1.0,10.282253492109275,1.0,10.031888678002867,1.0,7.680553735056739,1.0,9.909920703974688,1.0,10.276950677627195,1.0
963,8.685178519407799,3.712031050564607,1.0,10,-2.265647259408942,1.0,10.281464640822254,1.0,10.164624307427928,1.0,9.565191512741354,1.0,9.553351568198396,1.0,10.512515689438768,1.0,10.26845508795195,1.0,10.27435349940688,1.0,8.108667517105417,1.0,10.388808630393996,1.0
964,2.1317603304231674,14.350770452913096,0.9,10,2.346370254517633,1.0,5.567000406028328,1.0,9.540320873816448,1.0,-37.43123575551279,0.0,-8.623334519342746,1.0,10.633650070928477,1.0,10.755418875088997,1.0,9.414301604668125,1.0,8.598441084157109,1.0,10.516670409882089,1.0
965,-2.6199297011464178,12.75750093705624,0.9,10,-5.0627801298006485,1.0,-3.8312865660992834,1.0,-8.977803452933243,1.0,-1.6518797992958731,1.0,10.755659309564232,1.0,-36.08661588753649,0.0,-0.07711449976403806,1.0,1.9614173602189595,1.0,6.135854506552554,1.0,10.635252147629654,1.0
966,6.420923582703578,4.762520643202583,1.0,10,7.660905309887077,1.0,-6.838539126076887,1.0,7.650482131927115,1.0,8.856201990828765,1.0,8.47776015074155,1.0,4.4379055823308375,1.0,10.513062600644123,1.0,8.085299206921412,1.0,10.045066505441355,1.0,5.3210914743904425,1.0
967,3.5934629821233997,12.159257061804821,0.9,10,9.181275694947356,1.0,6.470081132450144,1.0,-32.04117151532964,0.0,10.752630004758345,1.0,6.393848589522165,1.0,7.381243058428973,1.0,4.655947662756063,1.0,10.875,1.0,2.3474256312883304,1.0,9.918349562412258,1.0
968,9.532007760644085,1.3921337683644166,1.0,10,10.875,1.0,10.755974775258284,1.0,10.27308480102059,1.0,10.515133244072043,1.0,10.155618708898134,1.0,10.277283258139251,1.0,9.81176572866621,1.0,6.482441616317438,1.0,7.9083914486787945,1.0,8.265384025390109,1.0
969,-25.94883564976597,26.023240752466982,0.4,10,10.296964058368426,1.0,-45.816980575023436,0.0,10.283434237995824,1.0,-60.100543229529386,0.0,10.755934959349593,1.0,-48.80189871898723,0.0,-49.81515371329875,0.0,-20.423852711772184,1.0,-35.872765043865094,0.0,-29.993495760897503,0.0
970,7.773821115189027,3.022047014682882,1.0,10,8.472451972964635,1.0,7.580025771324864,1.0,10.28067192774382,1.0,1.5548694980694986,1.0,8.91381441450671,1.0,10.267248654395642,1.0,3.491600072075319,1.0,10.875,1.0,5.9056064304645,1.0,10.396922410345287,1.0
971,-0.7560933452394302,10.872973632190162,1.0,10,10.404642923448232,1.0,-3.853553576039248,1.0,-23.2987210571675,1.0,-8.09822779360138,1.0,8.216169854194282,1.0,10.515,1.0,4.307802744811294,1.0,-10.2270559417994,1.0,-6.283757781159208,1.0,10.756767174918622,1.0
972,7.436864285889447,3.2429679154483217,1.0,10,10.398902710572518,1.0,10.394364842398126,1.0,0.5905457582349296,1.0,1.8889695210449915,1.0,7.955824737723706,1.0,9.300119978670457,1.0,9.175492760199662,1.0,9.182724970004,1.0,7.740237825441791,1.0,7.7414597546042945,1.0
973,-17.788109194890737,23.432682074082216,0.4,10,8.115241275672066,1.0,-29.99185249147508,0.0,10.875,1.0,-40.3548411531939,0.0,-47.64846432202884,0.0,-42.82932452020642,0.0,-32.87533709338927,0.0,10.755042016806723,1.0,-23.4673168457177,0.0,9.540761184625078,1.0
974,-19.758975522357535,21.330470757498553,0.3,10,-33.05089423241488,0.0,-15.593270638859009,0.0,-34.62725263301869,0.0,10.759582879377431,1.0,10.279271514971247,1.0,-47.39855375802594,0.0,-39.594312927056826,0.0,-24.983185545439092,0.0,-33.89687161874657,0.0,10.515731735636988,1.0
975,-1.745677520037604,15.19399025005559,0.8,10,-28.40167355575237,0.0,2.9051831719790293,1.0,6.6495054259698145,1.0,10.156396155977484,1.0,-31.070335743137207,0.0,10.515474278609544,1.0,-1.891750943855806,1.0,10.875,1.0,10.753202971565196,1.0,-7.947776961731725,1.0
976,-5.48414379770075,18.03002599152033,0.6,10,-31.05592940693615,0.0,-26.170923660732313,0.0,-28.939582485778356,0.0,10.633975593181948,1.0,-23.289770139181776,0.0,10.63721492157694,1.0,5.001893234840837,1.0,9.384582842229332,1.0,8.200088683788122,1.0,10.757012440003919,1.0
977,0.9131407954069488,14.295543147337506,0.8,10,-26.798016162862407,0.0,7.861744840525327,1.0,9.794789231399582,1.0,10.75669941980161,1.0,5.710365955770085,1.0,9.338298139004937,1.0,8.695,1.0,-27.324868130173265,0.0,10.875,1.0,0.22239466060361757,1.0
978,1.0837379559613969,11.843222326076123,0.9,10,-23.918003410686815,0.0,2.846871360508204,1.0,7.725513460670777,1.0,5.828808059836567,1.0,6.552020312399563,1.0,-20.3460668785694,1.0,10.515926239932174,1.0,6.573628324268768,1.0,10.398073352840278,1.0,4.660608738413852,1.0
979,-3.5730546876823666,18.97987185313239,0.7,10,-24.165195904469602,0.0,-38.14725075987843,0.0,10.635656614785994,1.0,8.330680330588484,1.0,5.783894851770976,1.0,-33.447053479755375,0.0,3.013863091671662,1.0,10.875,1.0,10.875,1.0,10.514858378462618,1.0
980,-1.644069835037501,16.127583461067186,0.7,10,8.358507077931755,1.0,1.3122688752880567,1.0,10.754433806146572,1.0,-27.813941063308818,0.0,10.156873382079114,1.0,10.277107821353184,1.0,7.962891028651949,1.0,-31.76924110230352,0.0,10.753527058966123,1.0,-16.43312523517942,0.0
981,-10.745727556296025,21.29778999162565,0.5,10,9.577718462027327,1.0,-37.61997736418513,0.0,-27.141983522786546,0.0,-23.348892882613033,0.0,10.398093955211316,1.0,10.394495758236516,1.0,10.028124343964473,1.0,-33.382454095635715,0.0,10.516966954715722,1.0,-36.87936717189518,0.0
982,6.06126655754286,11.054426699956336,0.9,10,10.511793640154899,1.0,6.389222004963525,1.0,9.664559616992173,1.0,8.790012831768758,1.0,10.422823557925351,1.0,10.7695838718015,1.0,10.273464548977886,1.0,9.802694790861937,1.0,-26.886489288017426,0.0,10.875,1.0
983,8.135996225272553,2.5964563337983395,1.0,10,6.800676783602679,1.0,9.54830900684466,1.0,10.151883929038673,1.0,8.942102508469414,1.0,10.396320540663186,1.0,9.663709857211105,1.0,7.897573399793325,1.0,7.577337612323493,1.0,1.0820767584915778,1.0,9.299971856287424,1.0
984,-3.6709762863734645,15.869664092529517,0.8,10,-32.968420926772254,0.0,-11.181855673017136,1.0,-7.003498091256132,1.0,-31.66016185449971,0.0,10.753526631521542,1.0,9.060513115783806,1.0,5.470975303919068,1.0,9.591046186658822,1.0,7.507639992280724,1.0,3.720472451646626,1.0
985,6.8216035342902215,4.409665056926035,1.0,10,9.296287001920899,1.0,-5.26586441961749,1.0,6.795137241069709,1.0,9.591336666666667,1.0,9.32761801345278,1.0,9.303860489882855,1.0,4.44722954071512,1.0,6.084595181674565,1.0,10.63372288145751,1.0,8.002112745679598,1.0
986,5.089251016732719,6.187631580852435,1.0,10,1.0016269793880888,1.0,10.754289027469978,1.0,10.185562159760027,1.0,8.667391198638462,1.0,-10.012687655746653,1.0,9.175387824970578,1.0,10.515260392340029,1.0,0.5020412433661825,1.0,5.191652028439983,1.0,4.911986968700523,1.0
987,-4.248829691907959,19.406337932960998,0.8,10,8.812271239849716,1.0,4.772992261571339,1.0,8.741800776746162,1.0,-22.445355523119417,1.0,-37.67895082943821,0.0,-39.04198515259828,0.0,10.645921280959142,1.0,9.355157023640716,1.0,10.18663173920831,1.0,4.163220264100927,1.0
988,-2.949588374173093,16.403933424827983,0.8,10,-33.132544869856794,0.0,-30.804939394772305,0.0,8.386743287056282,1.0,10.519211202635914,1.0,8.741730050596912,1.0,-11.37792922433097,1.0,5.816803181667535,1.0,10.756433104407547,1.0,10.63548767697955,1.0,-9.036878756114602,1.0
989,3.8123543495914816,9.21065858214971,1.0,10,10.875,1.0,9.301955263516273,1.0,9.685816779402723,1.0,10.636183362624488,1.0,3.578185503522219,1.0,-2.606150300343714,1.0,10.069531734719543,1.0,9.187083765368094,1.0,-3.520575772681955,1.0,-19.083486840212856,1.0
990,-21.120481402511334,24.244774343319655,0.4,10,-38.94272556702169,0.0,-45.54527018039734,0.0,6.260067089755213,1.0,10.272113813197903,1.0,6.489465216337413,1.0,-40.80761995101102,0.0,9.422542287844037,1.0,-29.865024704748123,0.0,-44.40509688449844,0.0,-44.08326514457127,0.0
991,7.663952768550028,3.08479630329263,1.0,10,10.167814387574367,1.0,8.262488573888852,1.0,10.755497060572033,1.0,6.322241983024179,1.0,8.195906125281972,1.0,3.1718522064583485,1.0,10.397272788414115,1.0,9.17281688572065,1.0,9.206823456390328,1.0,0.9868142181754536,1.0
992,1.5835739927520347,12.130018553029533,0.9,10,5.991319576529695,1.0,-25.087279130166866,0.0,8.972111987838424,1.0,-1.6373656329323456,1.0,5.3612617530131885,1.0,-17.78797442400047,1.0,10.274276423752507,1.0,10.277214571970951,1.0,10.75674157303371,1.0,8.715433228481555,1.0
993,-13.309956266017826,20.19429692834437,0.5,10,10.396811399175553,1.0,-36.5886391884175,0.0,-28.072628738147344,0.0,-35.90102796092212,0.0,-34.80741949955141,0.0,1.5941613026924841,1.0,10.036977633069084,1.0,-0.4293325018278793,1.0,10.63415794860132,1.0,-29.96262305485045,0.0
994,-9.830728369373775,18.302414920131607,0.5,10,9.946056668516931,1.0,-28.229179840150803,0.0,-28.964583182966415,0.0,-0.12831152416356595,1.0,-22.726236170327592,0.0,-29.992123785051916,0.0,-29.101526011560694,0.0,9.72503703365033,1.0,10.64833095272104,1.0,10.51525216559494,1.0
995,-6.596636865512006,18.973492918427127,0.6,10,-33.66546105483759,0.0,-12.7442921560864,0.0,10.160021554027574,1.0,10.75734418798831,1.0,10.65795081967213,1.0,-0.5054110815086172,1.0,8.95769326774833,1.0,-33.31064606856066,0.0,-34.01173094635044,0.0,7.738162822787306,1.0
996,-0.0870851691616699,11.740377376625077,1.0,10,-0.14431628954844378,1.0,-20.51322131643587,1.0,5.478469398573965,1.0,10.752953046559702,1.0,-6.722457123810676,1.0,10.875,1.0,10.770932697403286,1.0,3.1796365599136376,1.0,-21.706312571709553,1.0,7.158463907437256,1.0
997,7.697756755878993,4.831069538933293,1.0,10,9.903525624626928,1.0,10.759869037772264,1.0,-2.3522414895317265,1.0,10.284304598978006,1.0,10.411006357704535,1.0,10.149235757726201,1.0,7.9794397379697575,1.0,10.647896666666668,1.0,10.516617481354295,1.0,-1.3220862144769931,1.0
998,9.615419174762009,1.1186147428894313,1.0,10,10.14660925704385,1.0,10.517659931803145,1.0,8.842487977369164,1.0,10.762503333333333,1.0,7.491821315111191,1.0,10.757997867235405,1.0,10.408141114982579,1.0,8.984493848622627,1.0,8.078764167009219,1.0,10.163712935109585,1.0
999,-7.358427557628301,20.69317958957966,0.6,10,-31.879315402016804,0.0,8.813467030222295,1.0,10.275563345873845,1.0,9.687850692822668,1.0,9.074233192949617,1.0,8.783071246477927,1.0,-32.71020612585599,0.0,-31.94883811788688,0.0,-34.19612684251359,0.0,10.516025403643905,1.0
1000,6.154813858195454,5.4375654788416945,1.0,10,6.931329996537287,1.0,7.249929049885424,1.0,8.513495119058481,1.0,9.415788021425094,1.0,7.110826540717604,1.0,10.087212648485863,1.0,10.153640238298951,1.0,-3.922677537465928,1.0,-4.866405494988234,1.0,10.875,1.0
