scenario_id,robot_id,robots,success,reward,steps,spl,collisions,deadlock,cumulative_risk,path_length,shortest_path_length,detour,disruption_applied
0,0,5,0.0,-25.39204382257612,200,0.0,0,0.0,15.000000000000002,1999.6399999999958,48.742,41.024988716096914,0.0
0,1,5,0.0,-25.444504237858236,200,0.0,0,0.0,15.000000000000004,1244.0649999999985,59.464,20.92131373604195,0.0
0,2,5,0.0,-24.6090681907563,200,0.0,0,0.0,13.350000000000012,1300.7309999999984,58.483000000000004,22.241181197954933,0.0
0,3,5,0.0,-25.5441100905645,200,0.0,0,0.0,15.000000000000004,783.2250000000032,62.27600000000001,12.576674802492182,0.0
0,4,5,0.0,-23.006111566858138,200,0.0,0,0.0,10.000000000000007,1043.9690000000057,48.75999999999999,21.41035684987707,0.0
1,0,5,0.0,-27.945322363865987,200,0.0,0,0.0,20.000000000000014,2252.6000000000076,49.105999999999995,45.872194843807435,0.0
1,1,5,0.0,-27.942468675984077,200,0.0,0,0.0,20.000000000000014,1686.0520000000013,55.309,30.484224990507897,0.0
1,2,5,0.0,-25.028090823998394,200,0.0,0,0.0,15.000000000000002,2082.894999999994,33.119,62.89124067755651,0.0
1,3,5,0.0,-33.09830252945456,200,0.0,0,0.0,30.000000000000004,1145.8000000000043,35.818,31.989502484784307,0.0
1,4,5,0.0,-25.558557039142,200,0.0,0,0.0,15.050000000000002,1165.3370000000043,51.376999999999995,22.682075636958256,0.0
2,0,5,0.0,-23.1527722131476,200,0.0,0,0.0,10.000000000000007,1480.939999999996,32.447,45.641815884365144,0.0
2,1,5,1.0,10.321875448176954,5,0.7402613311555737,0,0.0,0.4,48.98,36.257999999999996,1.3508742898119037,0.0
2,2,5,0.0,-23.207184482908612,200,0.0,0,0.0,10.000000000000007,988.8249999999989,11.497,86.00721927459328,0.0
2,3,5,1.0,9.166481211494144,14,0.6199938767476784,0,0.0,1.0000000000000002,68.591,42.526,1.6129191553402622,0.0
2,4,5,0.0,-25.434660601406105,200,0.0,0,0.0,15.000000000000004,1599.9829999999995,33.854,47.26126897855496,0.0
3,0,5,0.0,-13.04523876438522,12,0.0,10,1.0,0.1,8.312000000000001,41.275,0.20138098122350095,0.0
3,1,5,1.0,10.123694776640775,7,0.532590614603397,0,0.0,0.45,45.687999999999995,24.333,1.8776147618460526,0.0
3,2,5,0.0,-23.02241320688842,200,0.0,0,0.0,10.050000000000008,1466.2239999999963,54.410999999999994,26.947198176839176,0.0
3,3,5,0.0,-12.751710550333119,12,0.0,10,1.0,0.15000000000000002,20.012,43.828,0.45660308478598155,0.0
3,4,5,0.0,-24.559555928340757,200,0.0,0,0.0,13.350000000000012,946.4430000000027,47.391000000000005,19.970943850098173,0.0
4,0,5,0.0,-25.53037256306809,200,0.0,0,0.0,15.000000000000004,939.1769999999987,26.519,35.41524944379497,0.0
4,1,5,0.0,-24.715852727966418,200,0.0,0,0.0,12.500000000000014,893.7999999999998,7.863,113.67162660562124,0.0
4,2,5,0.0,-27.893594956744884,200,0.0,0,0.0,20.000000000000014,3797.4360000000142,36.643,103.63332696558727,0.0
4,3,5,1.0,10.321763070507375,5,0.8072313566586147,0,0.0,0.39999999999999997,64.16499999999999,51.79600000000001,1.2388022241099697,0.0
4,4,5,0.0,-22.7650980645996,200,0.0,0,0.0,10.000000000000007,963.8250000000031,30.898,31.1937665868342,0.0
5,0,5,0.0,-23.23534451936649,200,0.0,0,0.0,10.050000000000008,969.1740000000032,63.77000000000001,15.197961423867069,0.0
5,1,5,0.0,-25.592081522184785,200,0.0,0,0.0,15.000000000000002,1109.7369999999978,48.772,22.75356762076597,0.0
5,2,5,0.0,-24.892268210112487,200,0.0,0,0.0,15.000000000000004,1029.2850000000024,9.157,112.40417167194522,0.0
5,3,5,0.0,-21.318731415331126,200,0.0,0,0.0,10.10000000000001,978.6050000000033,10.358,94.47818111604589,0.0
5,4,5,0.0,-27.9812597167948,200,0.0,0,0.0,20.000000000000014,1819.376000000009,47.598000000000006,38.22379091558487,0.0
6,0,5,0.0,-13.026488032494271,14,0.0,10,1.0,0.3,54.476,71.15100000000001,0.7656392742196173,0.0
6,1,5,1.0,10.351524744423791,5,0.7852581645685095,0,0.0,0.35,21.924,17.216,1.2734665427509293,0.0
6,2,5,0.0,-25.425142428035034,200,0.0,0,0.0,15.000000000000002,1598.9189999999994,59.925,26.682002503128903,0.0
6,3,5,0.0,-25.56688125121516,200,0.0,0,0.0,15.000000000000004,972.6239999999971,46.291,21.011082067788493,0.0
6,4,5,0.0,-13.528605102321109,14,0.0,10,1.0,0.35,49.41,58.248,0.8482694684796044,0.0
7,0,5,0.0,-22.907787845649114,200,0.0,0,0.0,10.000000000000007,2038.5860000000046,51.208,39.80991251366983,0.0
7,1,5,0.0,-12.9,10,0.0,10,1.0,0.0,0.0,41.632,0.0,0.0
7,2,5,0.0,-12.9,10,0.0,10,1.0,0.0,0.0,58.51500000000001,0.0,0.0
7,3,5,0.0,-12.9,10,0.0,10,1.0,0.0,0.0,31.648,0.0,0.0
7,4,5,0.0,-25.59211076384043,200,0.0,0,0.0,15.000000000000002,1110.799999999998,50.233,22.112953636055938,0.0
8,0,5,0.0,-28.073413073924048,200,0.0,0,0.0,20.000000000000014,1820.7490000000091,52.838,34.45908247851942,0.0
8,1,5,0.0,-31.504941795231414,200,0.0,0,0.0,26.550000000000026,2595.4010000000085,71.3,36.40113604488091,0.0
8,2,5,1.0,9.959908677820069,8,0.7192334627872922,0,0.0,0.5499999999999999,47.121,33.891,1.3903691245463399,0.0
8,3,5,0.0,-23.00397947098306,200,0.0,0,0.0,10.000000000000007,1040.0000000000039,63.325,16.423213580734366,0.0
8,4,5,1.0,9.38634049446523,12,0.5656409193546629,0,0.0,0.9500000000000002,91.67299999999999,51.854,1.7679060438924672,0.0
9,0,5,0.0,-25.19704660452729,200,0.0,0,0.0,14.950000000000003,1629.2289999999966,37.550000000000004,43.38825565912108,0.0
9,1,5,0.0,-26.614765760555215,200,0.0,0,0.0,16.699999999999996,863.2550000000014,27.664,31.20499566223255,0.0
9,2,5,0.0,-23.31708711856514,200,0.0,0,0.0,10.050000000000008,971.4850000000032,51.516,18.857927634133148,0.0
9,3,5,0.0,-25.40239707147113,200,0.0,0,0.0,15.000000000000002,885.2000000000028,45.346999999999994,19.52058570577994,0.0
9,4,5,0.0,-25.682450791967614,200,0.0,0,0.0,15.000000000000002,2004.3999999999958,30.178,66.41924580820451,0.0
10,0,5,0.0,-25.467467146098222,200,0.0,0,0.0,15.000000000000004,941.6519999999987,46.721999999999994,20.154359830486683,0.0
10,1,5,0.0,-25.710189254573795,200,0.0,0,0.0,15.050000000000002,960.1639999999966,39.682,24.19646187188137,0.0
10,2,5,0.0,-23.234281148485806,200,0.0,0,0.0,10.050000000000008,966.2000000000031,19.086000000000002,50.623493660274704,0.0
10,3,5,1.0,10.116897530923618,6,0.8398140662894098,0,0.0,0.6,49.480000000000004,41.554,1.1907397603118834,0.0
10,4,5,0.0,-25.4226236088305,200,0.0,0,0.0,15.000000000000004,935.762000000003,54.81,17.072833424557615,0.0
11,0,5,0.0,-25.695849560975617,200,0.0,0,0.0,14.950000000000003,1602.3969999999995,51.25,31.26628292682926,0.0
11,1,5,0.0,-25.304126510346403,200,0.0,0,0.0,14.000000000000009,1523.074999999999,34.842999999999996,43.71251040381136,0.0
11,2,5,0.0,-25.930072186467186,200,0.0,0,0.0,15.000000000000002,971.3080000000042,34.494,28.158752246767676,0.0
11,3,5,0.0,-25.487005268568478,200,0.0,0,0.0,15.000000000000002,1037.6899999999973,62.25599999999999,16.668112310459996,0.0
11,4,5,0.0,-25.58345931886531,200,0.0,0,0.0,15.000000000000004,1026.8000000000025,61.51499999999999,16.69186377306352,0.0
12,0,5,0.0,-25.317791604316028,200,0.0,0,0.0,15.000000000000004,1110.799999999998,25.394,43.74261636607065,0.0
12,1,5,0.0,-25.94168068161593,200,0.0,0,0.0,15.000000000000004,749.9700000000003,44.952000000000005,16.683796049119064,0.0
12,2,5,1.0,9.826256222870736,9,0.8105470302933927,0,0.0,0.6000000000000001,50.30800000000001,40.77700000000001,1.233734703386713,0.0
12,3,5,1.0,10.373082578094872,5,0.9496429225416592,0,0.0,0.3,43.687999999999995,41.488,1.0530273814114923,0.0
12,4,5,0.0,-25.439034144878278,200,0.0,0,0.0,15.000000000000002,525.1999999999979,40.006,13.12803079538064,0.0
13,0,5,0.0,-23.18000626762768,200,0.0,0,0.0,10.000000000000007,574.400000000001,15.955,36.00125352554065,0.0
13,1,5,0.0,-25.55593869731803,200,0.0,0,0.0,15.000000000000004,2091.1529999999943,50.894999999999996,41.0875921013851,0.0
13,2,5,0.0,-26.358450844799304,200,0.0,0,0.0,16.699999999999996,824.2940000000004,28.054000000000002,29.38240536108934,0.0
13,3,5,1.0,10.754926453143534,2,1.0,0,0.0,0.1,8.43,8.43,1.0,0.0
13,4,5,0.0,-25.608039337046932,200,0.0,0,0.0,15.000000000000004,942.5999999999977,43.623000000000005,21.607867409394075,0.0
14,0,5,0.0,-27.735967382989113,200,0.0,0,0.0,20.000000000000014,1683.2280000000012,28.758000000000003,58.530774045483035,0.0
14,1,5,0.0,-25.710762331838577,200,0.0,0,0.0,15.000000000000004,1344.7830000000015,28.990000000000002,46.38782338737501,0.0
14,2,5,0.0,-25.437532671197147,200,0.0,0,0.0,15.000000000000002,1039.5999999999976,45.912000000000006,22.643317651158682,0.0
14,3,5,1.0,10.325178243879098,5,0.6296417183459289,0,0.0,0.4,39.829,25.078,1.5882048010208152,0.0
14,4,5,0.0,-24.291621731610537,200,0.0,0,0.0,12.500000000000014,752.6999999999989,49.145,15.315901922881247,0.0
15,0,5,0.0,-22.959991924358174,200,0.0,0,0.0,10.000000000000007,700.3999999999984,29.719,23.567414785154224,0.0
15,1,5,0.0,-25.617136861739397,200,0.0,0,0.0,15.000000000000004,1062.790999999997,42.89,24.779459081370877,0.0
15,2,5,0.0,-22.96889383971921,200,0.0,0,0.0,10.000000000000007,909.4000000000035,47.57899999999999,19.113474431997385,0.0
15,3,5,0.0,-25.454197605697843,200,0.0,0,0.0,14.950000000000003,1723.8040000000015,52.792,32.65275041672984,0.0
15,4,5,1.0,9.234619723597875,13,0.6944403059197457,0,0.0,1.05,80.544,55.93299999999999,1.4400085816959578,0.0
16,0,5,0.0,-25.972782551647924,200,0.0,0,0.0,15.050000000000002,620.3879999999974,38.86899999999999,15.960997195708599,0.0
16,1,5,0.0,-24.95340896539027,200,0.0,0,0.0,15.000000000000002,1175.767999999996,21.727999999999998,54.11303387334297,0.0
16,2,5,0.0,-29.591694072657734,200,0.0,0,0.0,23.25000000000002,916.4139999999983,31.38,29.20376035691518,0.0
16,3,5,0.0,-25.663411225584195,200,0.0,0,0.0,15.000000000000002,1005.6000000000029,30.769000000000002,32.682245116838466,0.0
16,4,5,1.0,10.194917190419568,6,1.0,0,0.0,0.45,47.096000000000004,47.096000000000004,1.0,0.0
17,0,5,0.0,-25.389419062388086,200,0.0,0,0.0,15.000000000000004,961.0779999999983,41.915,22.929213885243904,0.0
17,1,5,0.0,-25.56598485101283,200,0.0,0,0.0,15.000000000000004,2093.0909999999944,59.93799999999999,34.92093496613158,0.0
17,2,5,0.0,-28.553318276940985,200,0.0,0,0.0,19.90000000000003,865.3610000000008,48.263000000000005,17.930112094150815,0.0
17,3,5,0.0,-23.463230170866375,200,0.0,0,0.0,10.15000000000001,1102.2710000000013,60.164,18.321105644571524,0.0
17,4,5,0.0,-25.58886044099137,200,0.0,0,0.0,15.000000000000004,502.71999999999724,45.306999999999995,11.09585715231636,0.0
18,0,5,0.0,-25.346007998815054,200,0.0,0,0.0,15.000000000000002,1039.5999999999976,33.755,30.798400237001854,0.0
18,1,5,0.0,-25.293115790729566,200,0.0,0,0.0,15.000000000000004,885.7990000000027,16.763,52.84251029052095,0.0
18,2,5,0.0,-25.451954473365102,200,0.0,0,0.0,15.000000000000004,1025.7090000000026,10.719000000000001,95.69073607612673,0.0
18,3,5,1.0,10.328036407097546,5,0.9946595460614152,0,0.0,0.4,54.67700000000001,54.385000000000005,1.0053691275167786,0.0
18,4,5,1.0,9.679263490398782,9,0.6733983521103077,0,0.0,0.9500000000000001,59.46999999999999,40.047,1.4850051189851923,0.0
19,0,5,0.0,-22.744012245817334,200,0.0,0,0.0,10.100000000000009,3123.965000000009,48.83299999999999,63.97241619396738,0.0
19,1,5,0.0,-25.169357854568585,200,0.0,0,0.0,14.950000000000003,619.7080000000028,23.585,26.275514097943727,0.0
19,2,5,1.0,10.369391629897045,5,0.8542547115933753,0,0.0,0.3,26.265,22.437,1.1706110442572537,0.0
19,3,5,0.0,-25.413449318550228,200,0.0,0,0.0,15.000000000000002,2005.9369999999958,22.819,87.90643761777449,0.0
19,4,5,0.0,-28.01114436074706,200,0.0,0,0.0,20.000000000000014,2252.4740000000074,29.073,77.47649021428843,0.0
20,0,5,0.0,-29.76361930875243,200,0.0,0,0.0,24.000000000000014,1577.0400000000016,13.859,113.7917598672344,0.0
20,1,5,1.0,10.732657134562345,2,0.5520474396986939,0,0.0,0.15000000000000002,12.479,6.889,1.8114385251850775,0.0
20,2,5,1.0,9.305614915226473,12,0.6157842309001728,0,0.0,1.1,79.307,48.836,1.6239454500778114,0.0
20,3,5,0.0,-23.54450445465626,200,0.0,0,0.0,10.050000000000008,1437.185999999994,53.315,26.956503798180513,0.0
20,4,5,0.0,-25.465183328872854,200,0.0,0,0.0,15.000000000000004,935.945000000003,41.101,22.77183036909085,0.0
21,0,5,0.0,-25.612485475467533,200,0.0,0,0.0,15.000000000000004,1631.6169999999966,26.679,61.157352224595996,0.0
21,1,5,0.0,-23.157776745501163,200,0.0,0,0.0,10.000000000000007,1400.2150000000015,49.513000000000005,28.27974471350961,0.0
21,2,5,0.0,-13.328527054743828,13,0.0,10,1.0,0.2,25.287,47.293,0.5346880087962278,0.0
21,3,5,0.0,-13.84532331032331,13,0.0,10,1.0,0.25,16.963,25.641,0.6615576615576616,0.0
21,4,5,0.0,-24.84571555179563,200,0.0,0,0.0,13.400000000000013,879.6000000000005,49.647,17.71708260317845,0.0
22,0,5,0.0,-28.51969227236199,200,0.0,0,0.0,20.000000000000014,1143.6020000000021,8.709,131.31266505913447,0.0
22,1,5,0.0,-12.978955851380247,11,0.0,10,1.0,0.05,6.691,62.199,0.10757407675364555,0.0
22,2,5,0.0,-35.79650634011809,200,0.0,8,0.0,18.95000000000002,806.2560000000009,33.358999999999995,24.169069816241525,0.0
22,3,5,0.0,-25.868500639758018,200,0.0,0,0.0,15.000000000000002,2003.8819999999957,25.791,77.69694854794291,0.0
22,4,5,0.0,-12.978868870692466,11,0.0,10,1.0,0.05,5.927,52.147,0.11365946267282873,0.0
23,0,5,0.0,-25.495725838163104,200,0.0,0,0.0,15.000000000000002,1224.600000000005,58.491,20.93655434169368,0.0
23,1,5,0.0,-13.947290447582638,23,0.0,10,1.0,1.05,73.51299999999999,38.451,1.91186185014694,0.0
23,2,5,0.0,-22.832627798021846,200,0.0,0,0.0,10.050000000000008,733.134000000003,38.419999999999995,19.08209266007296,0.0
23,3,5,0.0,-15.133248803660626,23,0.0,10,1.0,1.3,135.682,28.629,4.739320269656641,0.0
23,4,5,0.0,-25.432047320286014,200,0.0,0,0.0,15.000000000000004,1058.6319999999969,32.037000000000006,33.04404282548293,0.0
24,0,5,0.0,-23.48719825436413,200,0.0,0,0.0,10.000000000000007,2444.7749999999946,48.120000000000005,50.805798004987416,0.0
24,1,5,1.0,9.244928030540082,13,0.6047726283519104,0,0.0,1.1,52.843,31.958000000000002,1.6535139871080793,0.0
24,2,5,0.0,-23.010216158973407,200,0.0,0,0.0,10.000000000000007,1114.000000000003,48.159,23.131709545464044,0.0
24,3,5,1.0,10.189347520139764,6,0.9407628917752869,0,0.0,0.44999999999999996,43.807,41.211999999999996,1.06296709696205,0.0
24,4,5,0.0,-27.75288461538459,200,0.0,0,0.0,20.000000000000014,1677.8970000000013,24.648000000000003,68.07436708860764,0.0
25,0,5,0.0,-25.594571286442168,200,0.0,0,0.0,14.950000000000003,1350.6549999999984,66.33800000000001,20.36020078989415,0.0
25,1,5,1.0,9.478989221593144,10,0.3935772163965682,0,0.0,1.1500000000000001,83.91999999999999,33.028999999999996,2.540797481001544,0.0
25,2,5,0.0,-25.657013666045806,200,0.0,0,0.0,15.000000000000002,1604.7679999999993,44.563,36.011220070462024,0.0
25,3,5,1.0,9.704466250615864,9,0.7757552593441943,0,0.0,0.8500000000000001,62.793,48.711999999999996,1.2890663491542127,0.0
25,4,5,1.0,10.302184332207007,5,0.800569496351664,0,0.0,0.44999999999999996,28.095000000000002,22.492,1.2491107949493154,0.0
26,0,5,0.0,-25.39113700318614,200,0.0,0,0.0,15.000000000000002,936.200000000003,42.999,21.772599362775946,0.0
26,1,5,0.0,-27.91887482249148,200,0.0,0,0.0,20.000000000000014,2252.6000000000076,33.097,68.06054929449822,0.0
26,2,5,1.0,9.928083772882408,8,0.7371012990181133,0,0.0,0.6000000000000001,65.588,48.345000000000006,1.3566656324335502,0.0
26,3,5,0.0,-25.912596359415996,200,0.0,0,0.0,14.25000000000001,1516.7089999999982,32.742,46.32304074277681,0.0
26,4,5,0.0,-25.536823357486504,200,0.0,0,0.0,15.000000000000004,876.9999999999985,65.69200000000001,13.350179626134056,0.0
27,0,5,0.0,-25.526731789296715,200,0.0,0,0.0,15.000000000000002,1246.9999999999984,57.123000000000005,21.830085954869286,0.0
27,1,5,0.0,-22.982117236129216,200,0.0,0,0.0,10.100000000000009,810.1230000000018,44.662,18.13897720657386,0.0
27,2,5,1.0,10.756478855565314,2,0.6676441018766756,0,0.0,0.1,11.936,7.968999999999999,1.4978039904630445,0.0
27,3,5,0.0,-25.649545390114003,200,0.0,0,0.0,15.000000000000004,966.5650000000041,49.383,19.572828706235022,0.0
27,4,5,1.0,10.191469963138843,6,0.819802896656866,0,0.0,0.44999999999999996,36.732,30.113000000000003,1.2198053996612757,0.0
28,0,5,0.0,-13.179722744768908,14,0.0,10,1.0,0.30000000000000004,23.895000000000003,34.553,0.691546320145863,0.0
28,1,5,0.0,-25.5530824298027,200,0.0,0,0.0,15.000000000000002,803.4759999999977,57.55199999999999,13.960870169585728,0.0
28,2,5,0.0,-25.501549950683376,200,0.0,0,0.0,15.000000000000004,964.373000000004,21.290999999999997,45.294866375464004,0.0
28,3,5,0.0,-13.309366396091502,14,0.0,10,1.0,0.3,20.335,39.299,0.5174431919387262,0.0
28,4,5,0.0,-28.121116972284927,200,0.0,0,0.0,20.000000000000014,1157.1999999999966,47.772,24.223394457004034,0.0
29,0,5,1.0,10.316401394133022,5,0.907522303325223,0,0.0,0.39999999999999997,49.32,44.759,1.1019012935945842,0.0
29,1,5,0.0,-25.52858787413661,200,0.0,0,0.0,15.000000000000004,1028.4220000000025,52.12,19.731811204911793,0.0
29,2,5,1.0,10.755774770085026,2,1.0,0,0.0,0.1,11.526,11.526,1.0,0.0
29,3,5,0.0,-25.690012624491544,200,0.0,0,0.0,15.000000000000004,1354.5999999999983,35.644999999999996,38.00252489830267,0.0
29,4,5,0.0,-25.015547956527193,200,0.0,0,0.0,13.350000000000014,791.3820000000011,48.398,16.35154345220879,0.0
30,0,5,0.0,-26.271675743135905,200,0.0,0,0.0,15.050000000000002,482.88600000000207,48.477000000000004,9.961136208923861,0.0
30,1,5,0.0,-25.426707479735907,200,0.0,0,0.0,15.000000000000004,1246.9999999999984,58.478,21.324258695577797,0.0
30,2,5,1.0,9.545516019879456,10,0.41513878930656567,0,0.0,1.05,68.341,28.371000000000002,2.4088329632371077,0.0
30,3,5,1.0,10.098364247529565,7,0.5315022493919108,0,0.0,0.49999999999999994,46.457,24.692,1.8814595820508666,0.0
30,4,5,1.0,10.367737358101136,5,1.0,0,0.0,0.3,23.256,23.256,1.0,0.0
31,0,5,1.0,10.587238636363637,3,0.4552901612485987,0,0.0,0.25,23.194,10.559999999999999,2.1964015151515155,0.0
31,1,5,0.0,-25.767179042188374,200,0.0,0,0.0,15.000000000000004,1165.840000000003,24.201,48.17321598281075,0.0
31,2,5,0.0,-22.719118279318646,200,0.0,0,0.0,10.050000000000008,962.3730000000031,42.797000000000004,22.48692665373748,0.0
31,3,5,0.0,-24.71442689233661,200,0.0,0,0.0,15.150000000000004,2105.4339999999943,21.269999999999996,98.98608368594239,0.0
31,4,5,0.0,-25.57555119055796,200,0.0,0,0.0,15.000000000000002,617.4960000000028,58.291999999999994,10.593151718932322,0.0
32,0,5,0.0,-24.249497427253473,200,0.0,0,0.0,15.050000000000002,2009.820999999994,22.544,89.15103797019135,0.0
32,1,5,0.0,-23.54392682926831,200,0.0,0,0.0,10.20000000000001,973.4090000000033,26.650000000000002,36.52566604127592,0.0
32,2,5,0.0,-27.913318934485126,200,0.0,0,0.0,20.000000000000014,1826.000000000009,41.669999999999995,43.820494360451384,0.0
32,3,5,0.0,-25.59963427646671,200,0.0,0,0.0,14.950000000000003,1602.2689999999993,56.230999999999995,28.494406999697667,0.0
32,4,5,0.0,-26.011891552742775,200,0.0,0,0.0,15.050000000000002,700.6960000000014,64.15100000000001,10.92260448005489,0.0
33,0,5,0.0,-12.786135173515573,13,0.0,10,1.0,0.2,16.601,22.534,0.7367089731073045,0.0
33,1,5,0.0,-25.617023874435315,200,0.0,0,0.0,15.000000000000004,2691.4999999999923,51.352000000000004,52.41275899672831,0.0
33,2,5,0.0,-25.64833033771641,200,0.0,0,0.0,15.000000000000004,1058.6319999999969,21.142000000000003,50.072462397124056,0.0
33,3,5,0.0,-12.81467280296624,13,0.0,10,1.0,0.25,39.421,61.492000000000004,0.641075261822676,0.0
33,4,5,0.0,-25.730181043916705,200,0.0,0,0.0,14.950000000000003,1215.2300000000025,42.034,28.9106437645716,0.0
34,0,5,0.0,-26.263755904980368,200,0.0,0,0.0,15.000000000000004,978.8129999999971,29.636000000000003,33.02783776488045,0.0
34,1,5,1.0,10.875,1,1.0,0,0.0,0.05,3.187,3.187,1.0,0.0
34,2,5,1.0,9.394302382109869,12,0.41334648618037667,0,0.0,1.0000000000000002,54.741,22.627,2.419277853891369,0.0
34,3,5,1.0,8.887881092357294,16,0.6070129391720771,0,0.0,1.2000000000000002,86.86800000000001,52.73,1.6474113407927178,0.0
34,4,5,0.0,-23.58998613834604,200,0.0,0,0.0,10.050000000000008,850.0789999999969,29.578,28.740246128879466,0.0
35,0,5,0.0,-12.897099638030372,11,0.0,10,1.0,0.05,6.185,46.689,0.13247231681980765,0.0
35,1,5,0.0,-23.629327497015456,200,0.0,0,0.0,15.000000000000004,1028.3970000000024,2.513,409.2307998408287,0.0
35,2,5,0.0,-24.30139828738512,22,0.0,18,1.0,0.35,34.388,9.576,3.5910609857978275,0.0
35,3,5,0.0,-25.455297025519673,200,0.0,0,0.0,14.950000000000003,1170.9629999999995,47.336000000000006,24.737261281054575,0.0
35,4,5,0.0,-12.859067030945683,11,0.0,10,1.0,0.05,8.488,36.968,0.2296039818221164,0.0
36,0,5,0.0,-28.1567124383416,200,0.0,0,0.0,20.000000000000014,1454.255000000006,15.002,96.93740834555432,0.0
36,1,5,1.0,10.619442163728568,3,0.4913675467220409,0,0.0,0.2,16.855,8.282,2.0351364404733157,0.0
36,2,5,0.0,-25.62082670439374,200,0.0,0,0.0,15.000000000000002,1163.6900000000046,37.462,31.063210720196587,0.0
36,3,5,0.0,-25.357232552523616,200,0.0,0,0.0,15.000000000000002,1345.4000000000017,20.705000000000002,64.97947355711189,0.0
36,4,5,0.0,-27.024119094695187,200,0.0,0,0.0,17.45000000000003,863.9430000000007,23.771,36.34441125741452,0.0
37,0,5,0.0,-25.482118840934167,200,0.0,0,0.0,15.000000000000002,1041.0929999999976,65.432,15.911067978970497,0.0
37,1,5,0.0,-25.23319074831765,200,0.0,0,0.0,15.000000000000002,1601.0949999999993,29.573,54.14043215094848,0.0
37,2,5,0.0,-25.400870608335293,200,0.0,0,0.0,15.000000000000004,528.6789999999979,55.019,9.609025972845707,0.0
37,3,5,1.0,10.345624960783082,4,0.5836873718136537,0,0.0,0.55,27.304,15.937,1.713245905753906,0.0
37,4,5,0.0,-22.505394039129648,200,0.0,0,0.0,10.000000000000007,1903.2819999999926,16.407,116.00426647162752,0.0
38,0,5,0.0,-25.248863927986264,200,0.0,0,0.0,15.000000000000004,2096.0949999999943,50.657,41.378190575833436,0.0
38,1,5,0.0,-25.510758559323673,200,0.0,0,0.0,15.000000000000002,1999.1549999999959,49.449,40.42862343020073,0.0
38,2,5,0.0,-25.408618838457745,200,0.0,0,0.0,15.000000000000002,936.200000000003,51.225,18.276232308443202,0.0
38,3,5,0.0,-28.27698956399255,200,0.0,0,0.0,19.550000000000033,1250.1490000000026,62.476,20.01006786606061,0.0
38,4,5,0.0,-25.41608420789089,200,0.0,0,0.0,15.000000000000004,627.9929999999966,47.929,13.102568382398895,0.0
39,0,5,1.0,10.491936262273256,4,0.9395913687063484,0,0.0,0.25,19.186,18.027,1.0642924502135684,0.0
39,1,5,0.0,-24.284151467089604,200,0.0,0,0.0,13.350000000000012,634.2410000000008,11.349,55.88518812230159,0.0
39,2,5,0.0,-23.008363020908558,200,0.0,0,0.0,10.100000000000009,2111.311000000009,48.449000000000005,43.57800986604488,0.0
39,3,5,1.0,10.56708556946929,3,0.6918673611469239,0,0.0,0.30000000000000004,19.391,13.416,1.4453637447823493,0.0
39,4,5,0.0,-28.08768857758629,200,0.0,0,0.0,20.000000000000014,2253.8540000000075,51.96799999999999,43.37003540640409,0.0
40,0,5,0.0,-23.076090842700243,200,0.0,0,0.0,10.050000000000008,967.6850000000035,62.98800000000001,15.363005651870251,0.0
40,1,5,0.0,-23.132844424112324,200,0.0,0,0.0,10.000000000000007,875.8550000000018,28.417,30.82151529014329,0.0
40,2,5,0.0,-25.408513120981222,200,0.0,0,0.0,15.000000000000004,736.9999999999969,40.278999999999996,18.297375803768638,0.0
40,3,5,0.0,-28.139908776021162,200,0.0,0,0.0,20.00000000000003,948.7129999999986,58.318,16.26792756953254,0.0
40,4,5,0.0,-25.476229270361316,200,0.0,0,0.0,15.000000000000002,1354.5999999999983,44.803,30.234582505635746,0.0
41,0,5,0.0,-25.5778499951737,200,0.0,0,0.0,15.000000000000002,936.358000000003,62.15800000000001,15.064159078477475,0.0
41,1,5,0.0,-28.093726057716932,200,0.0,0,0.0,20.000000000000014,2252.6000000000076,35.241,63.91986606509485,0.0
41,2,5,0.0,-23.016613756613793,200,0.0,0,0.0,10.000000000000007,645.4590000000009,37.800000000000004,17.07563492063494,0.0
41,3,5,1.0,9.186325688167837,13,0.5764967003750653,0,0.0,1.1500000000000001,84.25200000000001,48.571000000000005,1.7346153054291655,0.0
41,4,5,0.0,-25.301576551571053,200,0.0,0,0.0,15.000000000000004,2096.2359999999944,36.028,58.18352392583531,0.0
42,0,5,0.0,-25.686181180083356,200,0.0,0,0.0,15.000000000000002,2002.8659999999957,45.58999999999999,43.93213423996482,0.0
42,1,5,1.0,9.690158863416208,9,0.9485645444521584,0,0.0,0.9000000000000001,48.974,46.455000000000005,1.0542245183510923,0.0
42,2,5,1.0,9.69092794046339,10,0.6146957817663449,0,0.0,0.75,77.165,47.43300000000001,1.626820989606392,0.0
42,3,5,0.0,-25.686725272680683,200,0.0,0,0.0,15.000000000000004,1605.7999999999995,42.998999999999995,37.345054536152,0.0
42,4,5,1.0,10.502456244689888,4,0.3994434263218624,0,0.0,0.25,14.733000000000002,5.885,2.5034834324553956,0.0
43,0,5,0.0,-25.69568103717587,200,0.0,0,0.0,15.000000000000002,2004.3999999999958,51.21600000000001,39.136207435176416,0.0
43,1,5,0.0,-28.070419194813844,200,0.0,0,0.0,20.000000000000014,1821.6300000000092,50.59700000000001,36.00272743443305,0.0
43,2,5,0.0,-28.08677861132092,200,0.0,0,0.0,20.000000000000014,2254.005000000008,54.25299999999999,41.546181777966346,0.0
43,3,5,1.0,10.48412226573316,4,0.8485265489695912,0,0.0,0.25,29.794,25.281000000000002,1.1785135081681894,0.0
43,4,5,0.0,-26.32653458862056,200,0.0,0,0.0,15.000000000000004,1034.7029999999963,48.86,21.176893164142374,0.0
44,0,5,0.0,-25.498854676440335,200,0.0,0,0.0,15.100000000000003,1166.4810000000014,47.611000000000004,24.500241540820426,0.0
44,1,5,1.0,10.204708707990015,6,0.8193456216034513,0,0.0,0.45,35.698,29.249000000000002,1.2204861704673664,0.0
44,2,5,0.0,-25.460107839420374,200,0.0,0,0.0,15.000000000000002,1600.1529999999993,47.478,33.70304140865241,0.0
44,3,5,0.0,-23.28898278061231,200,0.0,0,0.0,10.000000000000007,1370.7980000000018,25.088,54.63958864795926,0.0
44,4,5,0.0,-23.240939713249336,200,0.0,0,0.0,10.050000000000008,507.369999999998,34.734,14.607301203431739,0.0
45,0,5,0.0,-24.8974986819444,200,0.0,0,0.0,13.450000000000014,846.396000000001,56.902,14.874626550912112,0.0
45,1,5,0.0,-25.37250497846522,200,0.0,0,0.0,15.000000000000004,2004.3999999999958,43.186,46.41318945954698,0.0
45,2,5,0.0,-26.564413420337733,200,0.0,0,0.0,16.600000000000055,556.0799999999995,35.706999999999994,15.573416977063308,0.0
45,3,5,0.0,-23.138668693669278,200,0.0,0,0.0,10.000000000000007,510.36899999999815,36.836,13.855168856553322,0.0
45,4,5,0.0,-23.414002775540997,200,0.0,0,0.0,10.000000000000007,960.2330000000027,58.367000000000004,16.45164219507603,0.0
46,0,5,0.0,-25.354804250559383,200,0.0,0,0.0,15.000000000000002,877.3719999999961,16.092000000000002,54.522247079293805,0.0
46,1,5,0.0,-27.98134507058322,200,0.0,0,0.0,20.000000000000014,1686.0630000000012,43.849000000000004,38.45157244178889,0.0
46,2,5,0.0,-28.170533651638916,200,0.0,0,0.0,19.80000000000001,2237.081000000008,54.455,41.081278119548394,0.0
46,3,5,0.0,-23.231482737110436,200,0.0,0,0.0,10.000000000000007,902.3699999999975,36.870999999999995,24.473705622304728,0.0
46,4,5,0.0,-26.018781427832455,200,0.0,0,0.0,15.050000000000002,722.0909999999972,77.32,9.338993792033074,0.0
47,0,5,0.0,-25.434140695573728,200,0.0,0,0.0,15.000000000000004,492.3999999999985,35.424,13.90018066847331,0.0
47,1,5,1.0,10.730049449784092,2,1.0,0,0.0,0.15000000000000002,14.358,14.358,1.0,0.0
47,2,5,0.0,-28.149888190371673,200,0.0,0,0.0,20.000000000000014,3800.6420000000144,47.402,80.17893759757003,0.0
47,3,5,0.0,-28.140570336522046,200,0.0,0,0.0,19.950000000000017,1513.9889999999973,46.832,32.328087632388055,0.0
47,4,5,0.0,-25.554630915500503,200,0.0,0,0.0,15.000000000000004,964.373000000004,46.805,20.60405939536383,0.0
48,0,5,0.0,-25.2572639599135,200,0.0,0,0.0,15.100000000000003,1406.5739999999996,29.137000000000004,48.2744963448536,0.0
48,1,5,0.0,-23.457683741648037,200,0.0,0,0.0,10.000000000000007,987.2000000000025,8.98,109.93318485523413,0.0
48,2,5,0.0,-25.497104159162745,200,0.0,0,0.0,15.050000000000002,946.800000000003,47.196999999999996,20.06059707184785,0.0
48,3,5,0.0,-33.050147339987085,200,0.0,0,0.0,29.800000000000004,1423.2680000000028,57.010999999999996,24.964796267387047,0.0
48,4,5,0.0,-25.604824384814037,200,0.0,0,0.0,15.000000000000004,885.2000000000028,42.223,20.964876962792857,0.0
49,0,5,1.0,10.491009217753646,4,0.982934094576145,0,0.0,0.25,16.114,15.839,1.0173622072100512,0.0
49,1,5,0.0,-25.370710295137535,200,0.0,0,0.0,15.000000000000002,704.992999999998,51.908,13.581586653309664,0.0
49,2,5,0.0,-23.885549579045865,200,0.0,0,0.0,10.100000000000009,997.7470000000037,42.76,23.333652946679226,0.0
49,3,5,0.0,-28.162659422069385,200,0.0,0,0.0,20.05000000000002,1681.0450000000012,48.864,34.40252537655537,0.0
49,4,5,0.0,-25.57460471315194,200,0.0,0,0.0,15.000000000000004,1108.3319999999978,33.014,33.57157569515956,0.0
50,0,5,0.0,-25.678540397514087,200,0.0,0,0.0,15.000000000000002,1147.328000000004,65.004,17.65011383914842,0.0
50,1,5,0.0,-25.63113542983557,200,0.0,0,0.0,15.050000000000002,879.2969999999985,63.279999999999994,13.895338179519573,0.0
50,2,5,0.0,-23.064363516338474,200,0.0,0,0.0,10.000000000000007,963.8250000000031,36.356,26.51075475849937,0.0
50,3,5,0.0,-25.484495641344974,200,0.0,0,0.0,15.000000000000002,738.1539999999969,32.120000000000005,22.981133250311235,0.0
50,4,5,1.0,10.089413050790448,8,0.05372050160818185,0,0.0,0.6500000000000001,55.342,2.973,18.614867137571476,0.0
51,0,5,0.0,-28.369979861788202,200,0.0,0,0.0,19.950000000000017,1789.507999999997,47.174,37.93420104294732,0.0
51,1,5,0.0,-25.573740668715885,200,0.0,0,0.0,15.000000000000004,954.5659999999982,31.882,29.940593438303686,0.0
51,2,5,0.0,-22.708986731001133,200,0.0,0,0.0,10.000000000000007,965.0000000000034,16.580000000000002,58.20265379975894,0.0
51,3,5,0.0,-30.617744353129602,200,0.0,0,0.0,25.0,494.6220000000006,19.346999999999998,25.56582415878434,0.0
51,4,5,0.0,-27.827536579515534,200,0.0,0,0.0,20.000000000000014,1820.1400000000092,8.338000000000001,218.29455504917354,0.0
52,0,5,0.0,-28.091056784774896,200,0.0,0,0.0,20.000000000000014,1821.578000000009,51.704,35.23089122698455,0.0
52,1,5,1.0,10.331131880564712,5,0.7472248768653974,0,0.0,0.4,27.206,20.329,1.3382852083230852,0.0
52,2,5,0.0,-25.415351182910264,200,0.0,0,0.0,15.000000000000004,938.084000000003,48.778000000000006,19.23170281684372,0.0
52,3,5,0.0,-28.00465375665847,200,0.0,0,0.0,20.000000000000014,1826.000000000009,52.001,35.114709332513016,0.0
52,4,5,0.0,-23.313391877058237,200,0.0,0,0.0,10.000000000000007,1370.400000000002,21.863999999999997,62.67837541163566,0.0
53,0,5,0.0,-23.588281657455973,200,0.0,0,0.0,10.050000000000008,620.4309999999987,41.799,14.84320199047821,0.0
53,1,5,0.0,-25.556602549547495,200,0.0,0,0.0,15.000000000000004,1023.4110000000026,30.829,33.196373544390106,0.0
53,2,5,1.0,10.196609331284234,6,0.8907961246840775,0,0.0,0.44999999999999996,28.488000000000003,25.377000000000002,1.1225913228514008,0.0
53,3,5,1.0,10.122362495620878,6,0.7518017478750149,0,0.0,0.6,41.765,31.398999999999997,1.330137902480971,0.0
53,4,5,0.0,-23.225619173222963,200,0.0,0,0.0,10.050000000000008,662.7460000000003,43.977999999999994,15.06994406294057,0.0
54,0,5,1.0,10.19924193761274,6,0.9538377607117378,0,0.0,0.45,47.658,45.458,1.0483963218795371,0.0
54,1,5,0.0,-25.60123991935482,200,0.0,0,0.0,14.950000000000003,896.9880000000048,29.759999999999998,30.140725806451776,0.0
54,2,5,0.0,-25.68471177551654,200,0.0,0,0.0,14.950000000000003,1602.3969999999995,22.309,71.82737908467432,0.0
54,3,5,1.0,9.710687090509422,9,0.6551685566073352,0,0.0,0.8500000000000001,71.51899999999999,46.857,1.5263247753804126,0.0
54,4,5,0.0,-25.60978202125739,200,0.0,0,0.0,15.000000000000002,609.4000000000027,27.755000000000003,21.956404251486315,0.0
55,0,5,1.0,9.910913281687236,8,0.9011254446037055,0,0.0,0.65,37.674,33.949,1.1097234086423753,0.0
55,1,5,0.0,-26.030165661269898,200,0.0,0,0.0,14.950000000000003,729.5920000000019,54.539,13.377436329965747,0.0
55,2,5,0.0,-25.402205150878746,200,0.0,0,0.0,15.000000000000004,1025.2050000000024,36.188,28.32997126119162,0.0
55,3,5,0.0,-25.464205041712997,200,0.0,0,0.0,15.000000000000004,1603.4999999999993,66.40599999999999,24.14691443544257,0.0
55,4,5,0.0,-22.687438988489564,200,0.0,0,0.0,10.050000000000008,969.3920000000032,33.969,28.537548941682218,0.0
56,0,5,0.0,-25.48740607027423,200,0.0,0,0.0,15.000000000000004,938.6589999999986,47.642,19.702342470928983,0.0
56,1,5,1.0,10.354826859776168,5,0.5739222427929118,0,0.0,0.35000000000000003,26.467000000000002,15.19,1.7423963133640554,0.0
56,2,5,1.0,10.324845314685316,5,0.6457031391106455,0,0.0,0.39999999999999997,55.366,35.75,1.5486993006993006,0.0
56,3,5,0.0,-28.250352458666256,200,0.0,0,0.0,20.000000000000014,1822.730000000009,23.407,77.87114965608617,0.0
56,4,5,0.0,-25.755072618539025,200,0.0,0,0.0,15.000000000000002,1999.1549999999959,18.728,106.74684963690707,0.0
57,0,5,0.0,-25.750514810708115,200,0.0,0,0.0,15.000000000000002,2010.1929999999957,63.129999999999995,31.842119436084204,0.0
57,1,5,0.0,-25.673837279173167,200,0.0,0,0.0,15.000000000000004,1636.0009999999966,33.284,49.15277610864069,0.0
57,2,5,1.0,9.995403210349783,7,0.5730603951288493,0,0.0,0.7,72.837,41.74,1.7450167704839483,0.0
57,3,5,1.0,10.377306545007897,5,0.4799966310115387,0,0.0,0.3,23.746000000000002,11.398,2.0833479557817163,0.0
57,4,5,0.0,-28.054631368364905,200,0.0,0,0.0,19.850000000000016,1665.4650000000013,37.49,44.424246465724224,0.0
58,0,5,0.0,-13.241216225495243,12,0.0,10,1.0,0.15000000000000002,10.574,29.127,0.3630308648333162,0.0
58,1,5,0.0,-25.326029974002182,200,0.0,0,0.0,15.050000000000002,1025.5150000000024,13.078000000000001,78.41527756537714,0.0
58,2,5,0.0,-13.12262743902439,12,0.0,10,1.0,0.25,6.0569999999999995,32.8,0.18466463414634146,0.0
58,3,5,0.0,-25.392743395275218,200,0.0,0,0.0,15.000000000000002,936.200000000003,43.643,21.45132094493969,0.0
58,4,5,0.0,-25.462172164691605,200,0.0,0,0.0,15.000000000000004,1108.9189999999978,28.101,39.461905270275004,0.0
59,0,5,1.0,10.584640381282496,3,1.0,0,0.0,0.25,11.54,11.54,1.0,0.0
59,1,5,0.0,-12.9,10,0.0,10,1.0,0.0,0.0,25.454,0.0,0.0
59,2,5,1.0,10.634166393532176,3,1.0,0,0.0,0.15000000000000002,18.306,18.306,1.0,0.0
59,3,5,0.0,-12.899999999999999,10,0.0,10,1.0,0.0,0.0,51.604000000000006,0.0,0.0
59,4,5,1.0,10.135874540464972,7,0.7579670329670329,0,0.0,0.4,50.96,38.626,1.3193185936933673,0.0
60,0,5,0.0,-12.899999999999999,10,0.0,10,1.0,0.0,0.0,39.462,0.0,0.0
60,1,5,0.0,-28.48375516614304,200,0.0,0,0.0,19.900000000000013,640.5360000000023,24.196,26.47280542238396,0.0
60,2,5,1.0,10.315750579425922,6,0.20249097472924188,0,0.0,0.35,27.7,5.609,4.938491709752184,0.0
60,3,5,0.0,-12.899999999999999,10,0.0,10,1.0,0.0,0.0,32.363,0.0,0.0
60,4,5,0.0,-28.08574722582508,200,0.0,0,0.0,20.000000000000014,1825.3410000000092,62.451,29.22837104289778,0.0
61,0,5,0.0,-28.24659628475838,200,0.0,0,0.0,20.000000000000014,1709.7999999999965,34.66799999999999,49.31925695165562,0.0
61,1,5,0.0,-25.3766162843956,200,0.0,0,0.0,15.000000000000004,940.687000000003,56.766,16.57131029137165,0.0
61,2,5,0.0,-25.412729033820234,200,0.0,0,0.0,15.000000000000002,1605.0739999999994,61.945,25.911276132052617,0.0
61,3,5,1.0,10.364524230023692,5,1.0,0,0.0,0.3,23.215,23.215,1.0,0.0
61,4,5,0.0,-25.508582861057516,200,0.0,0,0.0,15.050000000000002,1034.8989999999974,32.114,32.22578937535024,0.0
62,0,5,1.0,10.173331297976274,6,0.9823479005998283,0,0.0,0.5000000000000001,35.010000000000005,34.391999999999996,1.017969295184927,0.0
62,1,5,0.0,-23.382859191967498,200,0.0,0,0.0,10.000000000000007,659.6000000000003,8.366,78.84293569208705,0.0
62,2,5,1.0,10.115676899609113,7,0.6852868156278583,0,0.0,0.45,30.612000000000002,20.978,1.4592430164934693,0.0
62,3,5,1.0,10.052708748871485,7,0.6954966268508512,0,0.0,0.55,68.48200000000001,47.629000000000005,1.4378214953074808,0.0
62,4,5,0.0,-25.656418884470256,200,0.0,0,0.0,15.000000000000004,2999.3139999999926,19.614000000000004,152.91699806260792,0.0
63,0,5,0.0,-33.248776298840845,200,0.0,0,0.0,30.000000000000004,2958.644000000007,11.645,254.06990124517023,0.0
63,1,5,1.0,10.681275177304965,2,0.44389875330562895,0,0.0,0.25,7.941000000000001,3.525,2.2527659574468086,0.0
63,2,5,1.0,9.827147932816537,8,0.8855090263640494,0,0.0,0.8,59.437,52.632,1.1292939656482748,0.0
63,3,5,0.0,-27.822570878543925,200,0.0,0,0.0,19.950000000000017,3772.0390000000143,48.56900000000001,77.66350964607082,0.0
63,4,5,1.0,9.846906232453678,8,0.527196033449271,0,0.0,0.7500000000000001,40.539,21.372,1.8968276249298148,0.0
64,0,5,0.0,-24.100387363670553,200,0.0,0,0.0,15.000000000000004,1115.422999999998,13.295,83.89793155321534,0.0
64,1,5,0.0,-13.055697638404954,13,0.0,10,1.0,0.15000000000000002,19.555,38.745,0.5047102851980901,0.0
64,2,5,0.0,-23.341758484222304,200,0.0,0,0.0,10.15000000000001,819.4520000000017,57.106,14.349665534269633,0.0
64,3,5,0.0,-25.778778588807683,200,0.0,0,0.0,15.000000000000002,2091.4399999999946,43.154999999999994,48.463445718920056,0.0
64,4,5,0.0,-13.069194332629229,13,0.0,10,1.0,0.2,16.532,50.181999999999995,0.3294408353592922,0.0
65,0,5,1.0,10.226911205000174,6,0.9611047721323579,0,0.0,0.4,29.798000000000002,28.639000000000003,1.0404692901288453,0.0
65,1,5,0.0,-12.880749093202963,11,0.0,10,1.0,0.05,5.739,38.046,0.1508437155022867,0.0
65,2,5,1.0,10.413807439824945,4,1.0,0,0.0,0.39999999999999997,21.936,21.936,1.0,0.0
65,3,5,0.0,-13.258678773173596,11,0.0,10,1.0,0.1,6.481,26.377000000000002,0.24570648671190806,0.0
65,4,5,0.0,-28.27448149661881,200,0.0,0,0.0,20.000000000000014,1541.053999999996,53.827999999999996,28.629226424908897,0.0
66,0,5,0.0,-33.12359246353575,200,0.0,0,0.0,29.999999999999968,1037.8609999999974,32.429,32.00410126738405,0.0
66,1,5,0.0,-23.174456365355432,200,0.0,0,0.0,10.000000000000007,3155.673000000009,48.653999999999996,64.8594771241832,0.0
66,2,5,0.0,-23.072819112628068,200,0.0,0,0.0,10.000000000000007,1047.6000000000058,36.625,28.603412969283436,0.0
66,3,5,0.0,-25.85403775138187,200,0.0,0,0.0,15.150000000000004,1154.6779999999997,42.515,27.159308479360217,0.0
66,4,5,1.0,10.199427663457303,6,0.68192936531777,0,0.0,0.44999999999999996,23.303000000000004,15.890999999999998,1.4664275375998999,0.0
67,0,5,0.0,-28.09007863773428,200,0.0,0,0.0,20.000000000000014,1686.0520000000013,67.652,24.92242653580088,0.0
67,1,5,0.0,-12.854539893960949,11,0.0,10,1.0,0.05,8.488,38.665,0.21952670373723004,0.0
67,2,5,0.0,-28.037672538702036,200,0.0,0,0.0,20.000000000000014,1518.1569999999972,52.452000000000005,28.943739037596224,0.0
67,3,5,0.0,-27.920442268737375,200,0.0,0,0.0,20.000000000000014,911.5560000000021,59.24,15.387508440243113,0.0
67,4,5,0.0,-12.826373329177288,11,0.0,10,1.0,0.05,11.559,54.539,0.21194007957608316,0.0
68,0,5,0.0,-22.614971140857282,200,0.0,0,0.0,10.000000000000007,965.6890000000035,24.429000000000002,39.53043513856496,0.0
68,1,5,1.0,10.412931688194845,4,1.0,0,0.0,0.4,31.122,31.122,1.0,0.0
68,2,5,0.0,-28.188256147540947,200,0.0,0,0.0,19.950000000000017,3781.9630000000143,39.04,96.87405225409873,0.0
68,3,5,0.0,-25.56955759964967,200,0.0,0,0.0,15.000000000000002,1600.1529999999993,34.245,46.7266170243831,0.0
68,4,5,0.0,-33.44456877266064,200,0.0,0,0.0,30.000000000000007,772.8609999999975,25.926000000000002,29.810267684949373,0.0
69,0,5,0.0,-32.9795432091591,200,0.0,0,0.0,30.000000000000007,1420.8330000000028,34.414,41.2864822455978,0.0
69,1,5,1.0,9.323032760226484,12,0.7492246688228258,0,0.0,1.05,90.28399999999999,67.643,1.3347131262658367,0.0
69,2,5,1.0,10.58385294584363,3,1.0,0,0.0,0.25,44.11299999999999,44.11299999999999,1.0,0.0
69,3,5,1.0,9.960808974788309,8,0.9156536785158902,0,0.0,0.5499999999999999,45.657,41.806,1.0921159642156628,0.0
69,4,5,0.0,-23.048049483580318,200,0.0,0,0.0,10.000000000000007,908.2910000000035,69.033,13.157345037880484,0.0
70,0,5,0.0,-25.58411995352896,200,0.0,0,0.0,15.000000000000004,730.1999999999982,27.544,26.51031077548643,0.0
70,1,5,0.0,-23.4020366895303,200,0.0,0,0.0,10.050000000000008,697.9709999999975,30.907999999999998,22.58221172511963,0.0
70,2,5,0.0,-25.44001935585514,200,0.0,0,0.0,15.000000000000004,2096.510999999994,44.43099999999999,47.1857711957866,0.0
70,3,5,0.0,-25.605112571954024,200,0.0,0,0.0,15.000000000000004,734.0130000000003,29.359,25.0012943220137,0.0
70,4,5,0.0,-26.223415514592908,200,0.0,0,0.0,15.000000000000004,2000.9839999999958,26.039999999999996,76.84270353302597,0.0
71,0,5,0.0,-25.1607260203957,200,0.0,0,0.0,15.000000000000004,2098.0169999999944,41.087,51.06279358434527,0.0
71,1,5,0.0,-25.61239528795803,200,0.0,0,0.0,15.050000000000002,1648.9719999999966,20.627999999999997,79.93853015318969,0.0
71,2,5,0.0,-23.302977624784834,200,0.0,0,0.0,10.050000000000008,468.31699999999853,46.48,10.07566695352837,0.0
71,3,5,0.0,-23.55939966023012,200,0.0,0,0.0,10.100000000000009,1365.7480000000019,41.79299999999999,32.678869667169195,0.0
71,4,5,0.0,-25.907813305827673,200,0.0,0,0.0,15.000000000000002,2010.1929999999957,38.779999999999994,51.8358174316657,0.0
72,0,5,0.0,-28.591377446489627,200,0.0,0,0.0,20.05000000000002,1723.218000000008,60.035,28.70355625884914,0.0
72,1,5,1.0,10.511424229266176,4,0.6232240954726274,0,0.0,0.2,36.952999999999996,23.029999999999998,1.6045592705167173,0.0
72,2,5,0.0,-23.509576931228157,200,0.0,0,0.0,10.050000000000008,917.1519999999979,37.748000000000005,24.296704461163447,0.0
72,3,5,0.0,-12.991827622748145,12,0.0,10,1.0,0.1,13.652000000000001,42.465,0.3214882844695632,0.0
72,4,5,0.0,-12.927386259784639,12,0.0,10,1.0,0.15000000000000002,15.731,50.334,0.31253228434060476,0.0
73,0,5,1.0,9.5803511276365,11,0.5747961377485465,0,0.0,0.7500000000000001,78.607,45.183,1.7397472500719298,0.0
73,1,5,1.0,10.057570815721405,7,0.6759200034113685,0,0.0,0.55,46.901999999999994,31.702,1.4794650179799378,0.0
73,2,5,0.0,-25.507879736224456,200,0.0,0,0.0,15.000000000000004,1026.8000000000025,35.788000000000004,28.69118140158719,0.0
73,3,5,1.0,10.418281103950411,4,0.7354995115244056,0,0.0,0.4,27.637,20.326999999999998,1.359620209573474,0.0
73,4,5,1.0,10.621316635265433,3,0.42929869635550477,0,0.0,0.2,21.018,9.023,2.3293804721267874,0.0
74,0,5,0.0,-12.99081643987781,11,0.0,10,1.0,0.1,7.295,36.010000000000005,0.20258261594001664,0.0
74,1,5,0.0,-25.58910132118861,200,0.0,0,0.0,15.000000000000004,1023.6420000000026,22.177000000000003,46.15782116607307,0.0
74,2,5,0.0,-12.879146294460963,11,0.0,10,1.0,0.1,6.565,36.324,0.18073450060566018,0.0
74,3,5,0.0,-22.44016449623032,200,0.0,0,0.0,10.000000000000007,965.0000000000034,7.295,132.28238519533974,0.0
74,4,5,0.0,-23.07045400522934,200,0.0,0,0.0,10.000000000000007,2118.5860000000084,63.105000000000004,33.57239521432546,0.0
75,0,5,1.0,9.81928122124791,9,0.73918776371308,0,0.0,0.6000000000000001,72.048,53.25699999999999,1.3528362468783448,0.0
75,1,5,0.0,-25.605009476122447,200,0.0,0,0.0,15.000000000000004,1109.7339999999979,42.739,25.96537120662622,0.0
75,2,5,0.0,-27.986848697394713,200,0.0,0,0.0,20.000000000000014,1826.000000000009,39.92000000000001,45.74148296593208,0.0
75,3,5,0.0,-24.790420171895434,200,0.0,0,0.0,13.350000000000012,999.5499999999984,65.854,15.178273149694755,0.0
75,4,5,1.0,10.728437591063622,2,1.0,0,0.0,0.15000000000000002,10.295,10.295,1.0,0.0
76,0,5,0.0,-28.303908794788295,200,0.0,0,0.0,19.90000000000003,816.1940000000034,53.111,15.36770160607037,0.0
76,1,5,0.0,-27.960630140031103,200,0.0,0,0.0,20.000000000000014,1821.6300000000092,35.992000000000004,50.61208046232521,0.0
76,2,5,0.0,-25.60205556894213,200,0.0,0,0.0,15.000000000000002,2004.3999999999958,53.951,37.15223072788263,0.0
76,3,5,0.0,-27.888493129354988,200,0.0,0,0.0,20.000000000000014,3799.266000000014,51.378,73.94733154268391,0.0
76,4,5,0.0,-23.772177269451156,200,0.0,0,0.0,10.100000000000009,1043.123000000005,52.721999999999994,19.785345775957005,0.0
77,0,5,0.0,-28.037539206054632,200,0.0,0,0.0,19.900000000000023,992.1,54.965999999999994,18.04933959174763,0.0
77,1,5,0.0,-25.537189421804765,200,0.0,0,0.0,15.000000000000002,1605.7999999999995,68.78299999999999,23.345884884346418,0.0
77,2,5,0.0,-25.997585692727768,200,0.0,0,0.0,15.000000000000004,1073.4099999999978,55.664,19.283738143144543,0.0
77,3,5,0.0,-26.482728813559348,200,0.0,0,0.0,15.350000000000003,1177.3679999999995,52.805,22.296524950288788,0.0
77,4,5,1.0,10.465494574225225,4,0.9747005212302252,0,0.0,0.3,32.807,31.977,1.0259561559871158,0.0
78,0,5,1.0,10.345196206938926,5,0.636335201355402,0,0.0,0.35,38.364999999999995,24.412999999999997,1.5714987916274117,0.0
78,1,5,1.0,10.22768389214235,6,0.7134854676523257,0,0.0,0.39999999999999997,43.558,31.078,1.401570242615355,0.0
78,2,5,0.0,-28.04185909230296,200,0.0,0,0.0,19.950000000000017,833.2490000000021,52.176,15.969967034651987,0.0
78,3,5,0.0,-25.579243051448874,200,0.0,0,0.0,15.000000000000004,809.9539999999973,49.039,16.516527661656994,0.0
78,4,5,0.0,-23.41671351188685,200,0.0,0,0.0,10.050000000000008,965.9650000000031,33.23,29.069064098706086,0.0
79,0,5,0.0,-23.196069573074332,200,0.0,0,0.0,10.000000000000007,2119.4010000000085,39.843,53.19381070702528,0.0
79,1,5,0.0,-26.181282171049563,200,0.0,0,0.0,16.599999999999994,926.3879999999989,21.409,43.27096081087388,0.0
79,2,5,1.0,10.299195985171714,5,0.7310052152571838,0,0.0,0.45000000000000007,19.558,14.297,1.3679792963558788,0.0
79,3,5,1.0,10.100967023172906,6,0.9605848068754324,0,0.0,0.65,30.369,29.172000000000004,1.0410324969148497,0.0
79,4,5,1.0,10.367653972956186,5,0.9713185130180536,0,0.0,0.3,21.547,20.929000000000002,1.0295284055616607,0.0
80,0,5,0.0,-22.932182346326794,200,0.0,0,0.0,10.000000000000007,809.7710000000017,42.687999999999995,18.969523050974555,0.0
80,1,5,0.0,-25.506216657113885,200,0.0,0,0.0,15.000000000000004,1026.8000000000025,45.36200000000001,22.63568625721975,0.0
80,2,5,0.0,-31.046023896246364,200,0.0,0,0.0,24.599999999999998,382.2049999999977,65.617,5.824786259658285,0.0
80,3,5,1.0,10.414843242568073,4,0.9482973053005628,0,0.0,0.4,16.884999999999998,16.012,1.0545216087934048,0.0
80,4,5,0.0,-25.61837195858947,200,0.0,0,0.0,15.000000000000002,877.1199999999985,38.058,23.046928372484064,0.0
81,0,5,1.0,10.583757414220287,3,0.9521732913926222,0,0.0,0.25,13.988,13.318999999999999,1.0502289961708837,0.0
81,1,5,0.0,-23.35734642497485,200,0.0,0,0.0,10.050000000000008,801.6859999999976,15.888,50.45858509566954,0.0
81,2,5,0.0,-24.963464878231065,200,0.0,0,0.0,13.350000000000012,985.8789999999999,34.778999999999996,28.34696224733316,0.0
81,3,5,0.0,-25.520553998909257,200,0.0,0,0.0,15.000000000000004,1243.6849999999984,53.17699999999999,23.387648795531874,0.0
81,4,5,0.0,-25.460746364944672,200,0.0,0,0.0,15.000000000000004,525.8130000000008,20.151,26.093642995384883,0.0
82,0,5,0.0,-25.260243849335932,200,0.0,0,0.0,15.000000000000004,2004.3999999999958,22.965,87.2806444589591,0.0
82,1,5,0.0,-22.964696133801464,200,0.0,0,0.0,10.000000000000007,1076.920000000005,45.85900000000001,23.483285723631237,0.0
82,2,5,0.0,-23.13946020337949,200,0.0,0,0.0,10.000000000000007,729.600000000003,26.158000000000005,27.892040675892762,0.0
82,3,5,1.0,9.767456943120433,9,0.37432200970596635,0,0.0,0.7500000000000001,42.036,15.735000000000001,2.671496663489037,0.0
82,4,5,0.0,-25.236097169243177,200,0.0,0,0.0,15.000000000000002,1004.6000000000034,9.962,100.84320417586865,0.0
83,0,5,0.0,-24.62789546225621,200,0.0,0,0.0,15.000000000000002,1108.9239999999977,28.296000000000003,39.19013288097249,0.0
83,1,5,1.0,10.371566104518008,5,0.6067305020085394,0,0.0,0.3,39.581,24.015,1.648178221944618,0.0
83,2,5,0.0,-25.2489776492391,200,0.0,0,0.0,13.350000000000012,971.2509999999962,53.42100000000001,18.181071114355706,0.0
83,3,5,0.0,-25.277930536216278,200,0.0,0,0.0,15.000000000000002,1599.5359999999994,38.062999999999995,42.02338228726058,0.0
83,4,5,0.0,-23.011927067866218,200,0.0,0,0.0,10.050000000000008,735.9590000000028,57.245000000000005,12.856301860424539,0.0
84,0,5,0.0,-25.249400143002262,200,0.0,0,0.0,15.000000000000002,1339.4510000000014,26.573000000000004,50.40646520904682,0.0
84,1,5,0.0,-23.926842060032154,200,0.0,0,0.0,10.350000000000012,994.1440000000034,63.999,15.53374271472997,0.0
84,2,5,0.0,-25.631342257528633,200,0.0,0,0.0,15.000000000000002,2101.6089999999945,52.36699999999999,40.132316153302554,0.0
84,3,5,1.0,10.44985766504209,4,0.6060992598311543,0,0.0,0.35,59.580999999999996,36.112,1.649894771821001,0.0
84,4,5,0.0,-25.4792859582504,200,0.0,0,0.0,15.000000000000004,625.7239999999966,49.772999999999996,12.571554859060067,0.0
85,0,5,0.0,-12.875073491303358,12,0.0,10,1.0,0.1,15.301000000000002,48.237,0.3172046354458196,0.0
85,1,5,0.0,-23.017820387726236,200,0.0,0,0.0,10.050000000000008,964.3290000000031,38.94500000000001,24.761304403646243,0.0
85,2,5,1.0,10.082197435212397,7,0.8474077428118634,0,0.0,0.49999999999999994,44.17,37.43000000000001,1.1800694629975954,0.0
85,3,5,0.0,-13.267944586949644,12,0.0,10,1.0,0.15000000000000002,10.815999999999999,28.459,0.3800555184651604,0.0
85,4,5,0.0,-25.732166080631924,200,0.0,0,0.0,15.000000000000004,964.0000000000041,20.761,46.43321612639103,0.0
86,0,5,1.0,10.20387429338322,6,0.7928738411930674,0,0.0,0.45,62.025000000000006,49.178000000000004,1.261234698442393,0.0
86,1,5,1.0,10.131933107176932,6,0.6158114636375506,0,0.0,0.6,30.636000000000003,18.866,1.6238736351107814,0.0
86,2,5,0.0,-25.616318146774837,200,0.0,0,0.0,15.000000000000004,2096.2359999999944,27.239,76.95715701751145,0.0
86,3,5,0.0,-25.570015515903826,200,0.0,0,0.0,15.000000000000004,710.726999999998,56.716,12.531331546653467,0.0
86,4,5,0.0,-24.973212510961705,200,0.0,0,0.0,13.350000000000012,944.8560000000027,13.684000000000001,69.04823151125422,0.0
87,0,5,0.0,-27.701640022763737,200,0.0,0,0.0,20.000000000000014,1741.4000000000083,19.329,90.0926069636302,0.0
87,1,5,0.0,-25.51369487726005,200,0.0,0,0.0,15.000000000000004,2104.0149999999944,54.424,38.65969057768621,0.0
87,2,5,0.0,-25.757930166302213,200,0.0,0,0.0,15.000000000000004,2109.7759999999944,75.46500000000002,27.95701318492008,0.0
87,3,5,0.0,-25.465451634052833,200,0.0,0,0.0,15.000000000000004,1107.569999999998,39.656,27.92944321161988,0.0
87,4,5,1.0,10.129472063901487,6,0.8330849478390461,0,0.0,0.6000000000000001,28.853,24.037,1.2003577817531308,0.0
88,0,5,0.0,-25.65502535043236,200,0.0,0,0.0,15.000000000000004,1039.5999999999976,33.53,31.00507008648964,0.0
88,1,5,0.0,-25.534204510295996,200,0.0,0,0.0,13.600000000000014,830.5310000000004,58.178,14.275688404551556,0.0
88,2,5,0.0,-28.11246467865085,200,0.0,0,0.0,19.850000000000016,3754.618000000014,33.266,112.86653039139104,0.0
88,3,5,1.0,10.207717749056755,6,0.7365993554681725,0,0.0,0.45,67.646,49.827999999999996,1.3575901099783256,0.0
88,4,5,1.0,9.958518278141696,8,0.8612244897959185,0,0.0,0.55,38.464999999999996,33.127,1.1611374407582937,0.0
89,0,5,0.0,-27.902031803831218,200,0.0,0,0.0,20.000000000000014,1685.7880000000014,51.629,32.65195917023381,0.0
89,1,5,0.0,-26.359485710452216,200,0.0,0,0.0,16.649999999999995,1106.669000000001,37.265,29.697276264591466,0.0
89,2,5,0.0,-25.45668693009113,200,0.0,0,0.0,15.000000000000002,1037.6899999999973,56.587999999999994,18.33763342051314,0.0
89,3,5,0.0,-25.32379187259735,200,0.0,0,0.0,15.000000000000002,1026.8000000000025,29.136000000000003,35.2416254805053,0.0
89,4,5,0.0,-25.85601796330788,200,0.0,0,0.0,15.000000000000002,978.8570000000042,39.191,24.976576254752473,0.0
90,0,5,0.0,-25.423570633005355,200,0.0,0,0.0,15.050000000000002,1986.285999999996,48.483000000000004,40.96871068209467,0.0
90,1,5,0.0,-25.450967573221792,200,0.0,0,0.0,15.000000000000004,935.762000000003,53.535999999999994,17.479116855947456,0.0
90,2,5,0.0,-25.55046094129063,200,0.0,0,0.0,15.000000000000004,1023.6420000000026,39.159000000000006,26.140657320156347,0.0
90,3,5,0.0,-25.501717876791265,200,0.0,0,0.0,15.000000000000004,1448.2400000000025,45.986999999999995,31.49237828081855,0.0
90,4,5,0.0,-25.72121977684731,200,0.0,0,0.0,15.050000000000002,946.9139999999986,45.619,20.75700914092809,0.0
91,0,5,0.0,-22.81853842166034,200,0.0,0,0.0,10.050000000000008,967.3160000000031,42.437,22.79416546881267,0.0
91,1,5,0.0,-28.1613492373876,200,0.0,0,0.0,20.000000000000025,678.1839999999984,20.456,33.1533046538912,0.0
91,2,5,0.0,-25.157197360697918,200,0.0,0,0.0,15.000000000000004,1115.422999999998,49.407,22.5762138968162,0.0
91,3,5,0.0,-25.284494773519096,200,0.0,0,0.0,15.000000000000002,2000.5629999999958,28.7,69.70602787456431,0.0
91,4,5,1.0,10.517687248956445,4,0.8016035859717795,0,0.0,0.2,31.679,25.394000000000002,1.2474994093092855,0.0
92,0,5,0.0,-23.35628186968834,200,0.0,0,0.0,10.050000000000008,885.0210000000012,22.592,39.17408817280459,0.0
92,1,5,1.0,10.754658826411859,2,1.0,0,0.0,0.1,8.163,8.163,1.0,0.0
92,2,5,0.0,-25.905564219262494,200,0.0,0,0.0,15.200000000000003,946.6589999999986,29.882,31.67990763670432,0.0
92,3,5,0.0,-23.49118554823317,200,0.0,0,0.0,10.050000000000008,815.6509999999976,60.394000000000005,13.50549723482461,0.0
92,4,5,0.0,-25.330652497442088,200,0.0,0,0.0,14.950000000000003,1602.3969999999995,21.502,74.52316063621987,0.0
93,0,5,0.0,-25.59405880789586,200,0.0,0,0.0,15.000000000000002,2002.8659999999957,41.389,48.39126337915861,0.0
93,1,5,0.0,-25.64793048973144,200,0.0,0,0.0,15.000000000000002,1221.0000000000027,31.65,38.57819905213279,0.0
93,2,5,0.0,-25.476110212153976,200,0.0,0,0.0,15.000000000000004,1108.9189999999978,44.496,24.921768248831306,0.0
93,3,5,0.0,-25.30606527429377,200,0.0,0,0.0,13.350000000000012,733.1889999999975,36.676,19.99097502453914,0.0
93,4,5,0.0,-23.65651500859076,200,0.0,0,0.0,10.150000000000011,1017.5950000000013,59.366,17.141040326112613,0.0
94,0,5,0.0,-13.063462448186224,13,0.0,10,1.0,0.2,30.066000000000003,42.70100000000001,0.7041052902742324,0.0
94,1,5,0.0,-12.9,10,0.0,10,1.0,0.0,0.0,56.541000000000004,0.0,0.0
94,2,5,0.0,-25.54768269649866,200,0.0,0,0.0,15.000000000000002,1604.7679999999993,68.82999999999998,23.31494987650733,0.0
94,3,5,0.0,-13.073382007587163,13,0.0,10,1.0,0.25,20.064999999999998,49.821,0.40274181570020673,0.0
94,4,5,0.0,-12.9,10,0.0,10,1.0,0.0,0.0,34.128,0.0,0.0
95,0,5,1.0,10.634083372334024,3,1.0,0,0.0,0.15000000000000002,14.957,14.957,1.0,0.0
95,1,5,0.0,-25.760143257039367,200,0.0,0,0.0,15.000000000000002,868.8890000000007,42.510999999999996,20.439156924090256,0.0
95,2,5,0.0,-23.120443104813923,200,0.0,0,0.0,10.050000000000008,819.5000000000023,22.726,36.06001936108432,0.0
95,3,5,0.0,-27.91210008203447,200,0.0,0,0.0,20.000000000000014,1686.1930000000013,48.76,34.581480721903226,0.0
95,4,5,1.0,10.753734903381641,2,1.0,0,0.0,0.1,16.56,16.56,1.0,0.0
96,0,5,0.0,-25.32955295444922,200,0.0,0,0.0,15.100000000000003,946.4859999999986,21.273000000000003,44.492361209044255,0.0
96,1,5,1.0,10.494328975348507,4,0.5887235127741457,0,0.0,0.25,21.567,12.697,1.6985902181617707,0.0
96,2,5,0.0,-25.441788091514187,200,0.0,0,0.0,15.000000000000002,1598.9189999999994,54.986000000000004,29.07865638526169,0.0
96,3,5,0.0,-26.081852970357442,200,0.0,0,0.0,15.050000000000002,797.9770000000027,57.45099999999999,13.889697307270593,0.0
96,4,5,0.0,-25.761296772829077,200,0.0,0,0.0,15.050000000000002,1995.487999999996,56.737,35.170840897474235,0.0
97,0,5,0.0,-23.2196825619776,200,0.0,0,0.0,10.050000000000008,967.8710000000032,56.956,16.993310625746243,0.0
97,1,5,0.0,-23.065937222541415,200,0.0,0,0.0,10.000000000000007,613.199999999999,38.294000000000004,16.012952420744735,0.0
97,2,5,0.0,-25.521548014139473,200,0.0,0,0.0,15.050000000000002,1027.1410000000024,64.783,15.855100875229649,0.0
97,3,5,0.0,-25.64941601189215,200,0.0,0,0.0,15.000000000000004,1342.1910000000016,23.545,57.00535145466135,0.0
97,4,5,0.0,-25.653538184365928,200,0.0,0,0.0,15.000000000000004,673.8000000000035,19.982000000000003,33.720348313482305,0.0
98,0,5,0.0,-12.862001353610957,11,0.0,10,1.0,0.05,8.488,37.677,0.22528332935212464,0.0
98,1,5,0.0,-23.02629157416851,200,0.0,0,0.0,10.050000000000008,806.1040000000017,50.001000000000005,16.121757564848735,0.0
98,2,5,0.0,-12.695861046485104,11,0.0,10,1.0,0.05,15.721,43.842000000000006,0.35858309383695997,0.0
98,3,5,0.0,-28.652626035777878,200,0.0,0,0.0,19.800000000000026,616.2829999999993,64.565,9.545156044296435,0.0
98,4,5,0.0,-28.010287662642977,200,0.0,0,0.0,20.000000000000014,1826.000000000009,51.032000000000004,35.781470449913954,0.0
99,0,5,0.0,-25.161930487344208,200,0.0,0,0.0,15.000000000000004,1115.422999999998,18.529,60.19876949646489,0.0
99,1,5,0.0,-25.520148986584484,200,0.0,0,0.0,15.000000000000004,1039.5999999999976,58.663000000000004,17.72156214308845,0.0
99,2,5,0.0,-25.467059539689558,200,0.0,0,0.0,15.050000000000002,2106.1069999999945,47.229,44.59351246056437,0.0
99,3,5,0.0,-24.67328189910978,200,0.0,0,0.0,14.950000000000003,571.3889999999986,10.11,56.517210682492454,0.0
99,4,5,0.0,-25.645028052180454,200,0.0,0,0.0,15.000000000000002,2701.0959999999923,58.105999999999995,46.48566413107067,0.0
100,0,5,0.0,-25.523218801779006,200,0.0,0,0.0,15.000000000000004,1354.5999999999983,45.868,29.532571727566022,0.0
100,1,5,0.0,-22.941019917582413,200,0.0,0,0.0,10.000000000000007,514.5999999999981,23.296000000000003,22.089629120879035,0.0
100,2,5,0.0,-24.75476490024154,200,0.0,0,0.0,15.000000000000004,2088.792999999994,31.476,66.36144999364576,0.0
100,3,5,0.0,-25.976866122394895,200,0.0,0,0.0,15.050000000000002,1995.7819999999958,30.132,66.23463427585277,0.0
100,4,5,0.0,-25.63046702080565,200,0.0,0,0.0,15.150000000000002,1248.4729999999984,47.439,26.317439237757927,0.0
101,0,5,0.0,-23.02004148715495,200,0.0,0,0.0,10.000000000000007,776.6000000000016,31.335,24.783788096377904,0.0
101,1,5,0.0,-25.615677822728962,200,0.0,0,0.0,15.000000000000004,2088.322999999994,54.379999999999995,38.402408973887354,0.0
101,2,5,0.0,-24.964424696645214,200,0.0,0,0.0,15.000000000000004,1988.536999999996,28.02,70.96848679514618,0.0
101,3,5,0.0,-28.16497193382762,200,0.0,0,0.0,19.950000000000017,3781.9630000000143,43.825,86.29693097547094,0.0
101,4,5,0.0,-25.460240198046197,200,0.0,0,0.0,15.000000000000004,1603.4999999999993,59.784,26.82155760738658,0.0
102,0,5,0.0,-25.62969665310995,200,0.0,0,0.0,15.000000000000004,1342.1910000000016,26.801000000000002,50.07988507891502,0.0
102,1,5,1.0,10.32786377064869,5,1.0,0,0.0,0.39999999999999997,48.066,48.066,1.0,0.0
102,2,5,0.0,-25.568762768700022,200,0.0,0,0.0,15.000000000000004,1173.849999999996,51.591,22.75299955418573,0.0
102,3,5,0.0,-24.9014996704021,200,0.0,0,0.0,15.050000000000002,1028.1660000000024,7.585000000000001,135.55253790375772,0.0
102,4,5,0.0,-23.312306680694295,200,0.0,0,0.0,10.050000000000008,967.3160000000031,53.228,18.173066806943773,0.0
103,0,5,0.0,-23.692625754140522,200,0.0,0,0.0,10.000000000000007,1486.3640000000048,26.023000000000003,57.117319294470455,0.0
103,1,5,1.0,10.342928494780997,5,0.9401352745615043,0,0.0,0.35,43.614999999999995,41.004000000000005,1.063676714466881,0.0
103,2,5,0.0,-25.397856652242613,200,0.0,0,0.0,15.050000000000002,1166.0820000000015,43.67699999999999,26.697850127069206,0.0
103,3,5,0.0,-30.268157619628372,200,0.0,0,0.0,24.85,1471.2939999999928,63.133,23.30467425910368,0.0
103,4,5,0.0,-33.192394488132216,200,0.0,0,0.0,29.700000000000006,837.470000000003,27.722,30.20958083832346,0.0
104,0,5,0.0,-23.288614749254428,200,0.0,0,0.0,10.050000000000008,970.7220000000032,72.763,13.340873795747882,0.0
104,1,5,0.0,-12.97819142290665,11,0.0,10,1.0,0.1,5.193,36.819,0.1410413101931068,0.0
104,2,5,0.0,-32.87177294701877,200,0.0,0,0.0,30.000000000000004,1417.7940000000028,30.407,46.62722399447505,0.0
104,3,5,0.0,-28.042746561614422,200,0.0,0,0.0,20.000000000000014,1684.6220000000012,28.938000000000002,58.21487317713736,0.0
104,4,5,0.0,-13.034109388475503,11,0.0,10,1.0,0.1,3.001,49.859,0.06018973505284903,0.0
105,0,5,0.0,-25.580607001806,200,0.0,0,0.0,14.950000000000003,1050.0639999999973,50.38699999999999,20.839978565899884,0.0
105,1,5,0.0,-24.67039565242398,200,0.0,0,0.0,15.000000000000002,1349.5279999999982,17.389,77.60814307895787,0.0
105,2,5,0.0,-25.628558150342762,200,0.0,0,0.0,15.000000000000004,885.2000000000028,34.428,25.71163006854894,0.0
105,3,5,0.0,-24.727307863915225,200,0.0,0,0.0,13.350000000000012,1240.2790000000011,26.895,46.115597694738845,0.0
105,4,5,0.0,-24.051687853722196,200,0.0,0,0.0,12.550000000000015,1964.7500000000025,34.455,57.023654041503484,0.0
106,0,5,1.0,9.752091068598595,9,0.7214815117299956,0,0.0,0.8,48.977000000000004,35.336,1.3860369028752548,0.0
106,1,5,0.0,-26.573285054297298,200,0.0,0,0.0,16.649999999999995,1141.7699999999993,37.663,30.31542893556008,0.0
106,2,5,0.0,-24.6632667075019,200,0.0,0,0.0,13.300000000000013,1143.5699999999981,62.038,18.433379541571266,0.0
106,3,5,0.0,-25.612447207883548,200,0.0,0,0.0,15.000000000000002,1729.2900000000016,51.144000000000005,33.812177381511056,0.0
106,4,5,0.0,-28.278879673037565,200,0.0,0,0.0,20.000000000000014,957.1220000000003,8.318999999999999,115.05253035220585,0.0
107,0,5,0.0,-27.76209083119111,200,0.0,0,0.0,20.000000000000014,2256.5560000000078,29.175,77.34553556126848,0.0
107,1,5,0.0,-27.28662690711987,200,0.0,0,0.0,17.900000000000002,981.5710000000023,59.775999999999996,16.42082106531053,0.0
107,2,5,0.0,-25.488703459125563,200,0.0,0,0.0,15.150000000000004,2104.984999999994,51.48700000000001,40.88381533202544,0.0
107,3,5,0.0,-28.09805566309635,200,0.0,0,0.0,20.000000000000014,1684.5170000000012,46.494,36.23084699100962,0.0
107,4,5,0.0,-24.205424420128455,200,0.0,0,0.0,12.500000000000016,1351.6750000000013,61.048,22.141183986371402,0.0
108,0,5,0.0,-22.63043004587154,200,0.0,0,0.0,10.10000000000001,978.6050000000033,19.184,51.011520016680734,0.0
108,1,5,0.0,-25.699300921512606,200,0.0,0,0.0,15.000000000000004,934.655000000003,15.735000000000001,59.399745789641116,0.0
108,2,5,1.0,10.754103196056606,2,1.0,0,0.0,0.1,12.578,12.578,1.0,0.0
108,3,5,0.0,-28.081682647221996,200,0.0,0,0.0,20.00000000000003,853.6000000000007,52.251,16.336529444412562,0.0
108,4,5,0.0,-25.756109212806212,200,0.0,0,0.0,15.000000000000002,2010.1929999999957,61.75099999999999,32.55320561610332,0.0
109,0,5,0.0,-23.630255530836756,200,0.0,0,0.0,10.25000000000001,756.4310000000031,64.72800000000001,11.686302681992384,0.0
109,1,5,0.0,-25.62091000922307,200,0.0,0,0.0,15.000000000000002,2004.3999999999958,45.538,44.01598664851324,0.0
109,2,5,0.0,-25.863590772317014,200,0.0,0,0.0,15.000000000000004,870.000000000003,11.964,72.71815446339042,0.0
109,3,5,0.0,-25.859423951844406,200,0.0,0,0.0,15.000000000000002,2106.0649999999946,28.573999999999998,73.70564149226551,0.0
109,4,5,1.0,10.730060748822217,2,1.0,0,0.0,0.15000000000000002,12.099,12.099,1.0,0.0
110,0,5,0.0,-23.167439209870977,200,0.0,0,0.0,10.050000000000008,965.6800000000031,52.599000000000004,18.359284397041826,0.0
110,1,5,0.0,-25.83439971960852,200,0.0,0,0.0,15.000000000000002,2106.0649999999946,74.18199999999999,28.390512523253552,0.0
110,2,5,0.0,-25.442912915305524,200,0.0,0,0.0,15.000000000000004,1340.6830000000016,25.102000000000004,53.40940960879617,0.0
110,3,5,0.0,-27.887107655732972,200,0.0,0,0.0,20.000000000000014,1684.9810000000014,31.127000000000002,54.132457352138054,0.0
110,4,5,0.0,-25.728299999999983,200,0.0,0,0.0,15.050000000000002,795.3980000000016,10.600000000000001,75.03754716981146,0.0
111,0,5,0.0,-23.731102249391082,200,0.0,0,0.0,10.000000000000007,1201.8719999999978,20.939,57.39872964324933,0.0
111,1,5,0.0,-25.45803328006019,200,0.0,0,0.0,15.000000000000002,1040.3289999999974,53.185,19.5605715897339,0.0
111,2,5,0.0,-28.140038627246973,200,0.0,0,0.0,20.000000000000014,636.9360000000023,33.655,18.925449413163044,0.0
111,3,5,0.0,-23.23698410096705,200,0.0,0,0.0,10.000000000000007,974.555000000002,30.505000000000003,31.947385674479655,0.0
111,4,5,0.0,-28.532064662750358,200,0.0,0,0.0,20.10000000000003,310.3619999999991,23.321,13.308262938981995,0.0
112,0,5,0.0,-33.3564255543822,200,0.0,0,0.0,29.4499999999999,912.3940000000038,31.251,29.19567373844049,0.0
112,1,5,0.0,-23.308917660818736,200,0.0,0,0.0,10.050000000000008,340.66599999999977,42.74999999999999,7.9687953216374225,0.0
112,2,5,0.0,-12.9,10,0.0,10,1.0,0.0,0.0,25.462000000000003,0.0,0.0
112,3,5,0.0,-12.899999999999999,10,0.0,10,1.0,0.0,0.0,56.11000000000001,0.0,0.0
112,4,5,1.0,10.491290220820188,4,1.0,0,0.0,0.25,30.115000000000002,30.115000000000002,1.0,0.0
113,0,5,0.0,-26.358058639531958,200,0.0,0,0.0,15.949999999999994,1118.7930000000008,51.791,21.602073719372108,0.0
113,1,5,0.0,-24.861537450465,200,0.0,0,0.0,13.350000000000012,714.429999999998,25.487000000000002,28.031153136893238,0.0
113,2,5,0.0,-25.334305829236044,200,0.0,0,0.0,15.000000000000002,1113.9069999999979,52.271,21.310229381492565,0.0
113,3,5,0.0,-27.834881213259685,200,0.0,0,0.0,20.000000000000014,2260.6000000000076,28.749,78.63230025392214,0.0
113,4,5,0.0,-23.157127817911146,200,0.0,0,0.0,10.000000000000007,901.4229999999975,27.546999999999997,32.72309144371429,0.0
114,0,5,0.0,-25.769434695274015,200,0.0,0,0.0,15.000000000000002,2091.3259999999946,45.303000000000004,46.1630797077455,0.0
114,1,5,1.0,10.875,1,1.0,0,0.0,0.05,4.423,4.423,1.0,0.0
114,2,5,0.0,-25.82968630396686,200,0.0,0,0.0,15.000000000000004,1036.4959999999953,27.957,37.07465035590354,0.0
114,3,5,0.0,-28.023746444476338,200,0.0,0,0.0,19.950000000000017,1682.5110000000013,69.61,24.170535842551377,0.0
114,4,5,0.0,-23.640228491192243,200,0.0,0,0.0,10.350000000000012,1414.3649999999943,39.17,36.10837375542492,0.0
115,0,5,0.0,-25.315494880545987,200,0.0,0,0.0,15.000000000000002,1605.0739999999994,29.3,54.78068259385663,0.0
115,1,5,0.0,-30.76893111984847,200,0.0,0,0.0,25.0,1477.3999999999926,27.467999999999996,53.786223969709944,0.0
115,2,5,0.0,-24.166523210297,200,0.0,0,0.0,12.000000000000016,1009.8840000000002,45.217000000000006,22.334166353362676,0.0
115,3,5,0.0,-26.090755058182218,200,0.0,0,0.0,14.850000000000003,903.400999999996,38.156,23.67651221302013,0.0
115,4,5,0.0,-25.745081810789795,200,0.0,0,0.0,15.050000000000002,943.8199999999987,60.26100000000001,15.662202751364871,0.0
116,0,5,0.0,-25.628740948973515,200,0.0,0,0.0,15.000000000000002,2090.1759999999945,11.739,178.0540080074959,0.0
116,1,5,0.0,-24.620410753432576,200,0.0,0,0.0,12.550000000000015,724.1159999999995,52.001999999999995,13.924772124149063,0.0
116,2,5,0.0,-25.399611848825323,200,0.0,0,0.0,15.000000000000002,1109.944999999998,24.475,45.35015321756886,0.0
116,3,5,0.0,-23.20949423247555,200,0.0,0,0.0,10.000000000000007,961.2000000000031,22.54,42.64418811002676,0.0
116,4,5,1.0,9.275486002032707,12,0.8504368871008299,0,0.0,1.1500000000000001,63.632,54.115,1.1758662108472697,0.0
117,0,5,0.0,-25.585256006402403,200,0.0,0,0.0,15.000000000000004,1603.1019999999994,58.729000000000006,27.29659963561442,0.0
117,1,5,1.0,10.679660179861418,2,0.8575221238938053,0,0.0,0.25,7.91,6.783,1.1661506707946336,0.0
117,2,5,1.0,9.95512873845076,8,0.5599362510726984,0,0.0,0.5499999999999999,81.57,45.67400000000001,1.785917589876078,0.0
117,3,5,1.0,10.487423760275789,4,0.5787115189834566,0,0.0,0.25,32.581,18.855,1.7279766640148504,0.0
117,4,5,0.0,-23.107257451267724,200,0.0,0,0.0,10.000000000000007,1481.765999999996,53.91699999999998,27.482352504775793,0.0
118,0,5,0.0,-25.504527976425734,200,0.0,0,0.0,15.000000000000004,931.0559999999979,27.827,33.45872713551579,0.0
118,1,5,0.0,-13.255707365153933,12,0.0,10,1.0,0.15000000000000002,12.733,47.684,0.26702877275396364,0.0
118,2,5,0.0,-13.061372213125079,12,0.0,10,1.0,0.1,9.600999999999999,79.39,0.12093462652727043,0.0
118,3,5,1.0,10.728442509779857,2,1.0,0,0.0,0.15000000000000002,13.036999999999999,13.036999999999999,1.0,0.0
118,4,5,0.0,-22.763783115276954,200,0.0,0,0.0,10.000000000000007,1486.2000000000048,30.726,48.369459090021635,0.0
119,0,5,1.0,9.87235652771303,9,0.7380706615236958,0,0.0,0.55,55.221,40.757000000000005,1.354883823637657,0.0
119,1,5,1.0,9.929765992584054,8,1.0,0,0.0,0.6000000000000001,32.093,32.093,1.0,0.0
119,2,5,0.0,-25.379370585425967,200,0.0,0,0.0,15.000000000000004,1113.7949999999978,39.782999999999994,27.996757408943466,0.0
119,3,5,1.0,10.41533671053356,4,0.9431346073950977,0,0.0,0.39999999999999997,19.256,18.161,1.0602940366719893,0.0
119,4,5,0.0,-24.894971793595555,200,0.0,0,0.0,14.950000000000003,649.7609999999999,6.026999999999999,107.80836236933797,0.0
120,0,5,0.0,-22.656348740318272,200,0.0,0,0.0,10.000000000000007,2457.9999999999945,35.763,68.73025193635866,0.0
120,1,5,0.0,-25.86620872854719,200,0.0,0,0.0,15.000000000000004,742.8950000000019,71.902,10.332049178047924,0.0
120,2,5,1.0,10.314129857316333,5,0.6763513166675222,0,0.0,0.39999999999999997,38.961999999999996,26.352,1.4785215543412262,0.0
120,3,5,0.0,-23.140957702328613,200,0.0,0,0.0,10.000000000000007,2108.2790000000086,49.12800000000001,42.9140001628401,0.0
120,4,5,0.0,-32.35722915916274,200,0.0,0,0.0,29.850000000000005,1416.0130000000026,24.987000000000002,56.669988393964964,0.0
121,0,5,0.0,-25.640933215104425,200,0.0,0,0.0,15.050000000000002,394.2470000000012,46.23799999999999,8.526471733206481,0.0
121,1,5,0.0,-28.066892484070383,200,0.0,0,0.0,20.000000000000014,2252.4740000000074,42.217,53.35466755098675,0.0
121,2,5,0.0,-25.954214992927845,200,0.0,0,0.0,15.000000000000004,771.7349999999977,45.955000000000005,16.793276030899744,0.0
121,3,5,0.0,-25.60052186355788,200,0.0,0,0.0,15.000000000000002,1999.1549999999959,47.522,42.067989562728755,0.0
121,4,5,0.0,-23.15525685676974,200,0.0,0,0.0,10.000000000000007,1141.2,36.752,31.05137135393992,0.0
122,0,5,0.0,-22.92350728084361,200,0.0,0,0.0,10.000000000000007,1481.092999999996,51.299,28.87177137955898,0.0
122,1,5,1.0,10.419337209302325,4,0.7601649970536242,0,0.0,0.39999999999999997,16.97,12.9,1.315503875968992,0.0
122,2,5,0.0,-25.48261657196165,200,0.0,0,0.0,15.000000000000002,1601.0949999999993,58.95499999999999,27.157917055381215,0.0
122,3,5,0.0,-23.40207240629392,200,0.0,0,0.0,10.000000000000007,764.2000000000033,7.817,97.76128949725,0.0
122,4,5,0.0,-26.059857773172336,200,0.0,0,0.0,15.000000000000002,843.4659999999961,59.83400000000001,14.096767724036434,0.0
123,0,5,0.0,-33.29322714501026,200,0.0,0,0.0,29.500000000000004,2911.0910000000067,53.74099999999999,54.16890269998711,0.0
123,1,5,0.0,-27.75832245561661,200,0.0,0,0.0,20.000000000000014,2250.0780000000077,44.893,50.12090971866455,0.0
123,2,5,0.0,-25.54210646894648,200,0.0,0,0.0,15.000000000000002,760.0210000000025,24.006999999999998,31.658307993502,0.0
123,3,5,0.0,-24.7895377128953,200,0.0,0,0.0,15.000000000000004,525.4939999999979,4.11,127.85742092457367,0.0
123,4,5,1.0,9.867035954187406,9,0.32919185491568564,0,0.0,0.65,62.86000000000001,20.693,3.037742231672546,0.0
124,0,5,0.0,-25.269726092213908,200,0.0,0,0.0,15.000000000000004,1115.1409999999978,38.041999999999994,29.313416749907944,0.0
124,1,5,0.0,-23.22334404160924,200,0.0,0,0.0,10.000000000000007,662.9399999999968,45.759,14.487641775388377,0.0
124,2,5,1.0,10.654860210481557,2,1.0,0,0.0,0.3,9.407,9.407,1.0,0.0
124,3,5,0.0,-27.93479310191566,200,0.0,0,0.0,19.950000000000017,3772.325000000014,44.998000000000005,83.83317036312755,0.0
124,4,5,0.0,-28.08320520297626,200,0.0,0,0.0,20.000000000000014,2254.005000000008,56.583000000000006,39.8353745824719,0.0
125,0,5,0.0,-25.427557701920037,200,0.0,0,0.0,15.050000000000002,1995.144999999996,34.010999999999996,58.66175649054706,0.0
125,1,5,0.0,-25.82615818492933,200,0.0,0,0.0,15.100000000000003,736.1450000000019,63.11599999999999,11.663365866024495,0.0
125,2,5,0.0,-25.302740418008472,200,0.0,0,0.0,15.000000000000004,1028.4220000000025,31.674,32.46896508177062,0.0
125,3,5,0.0,-23.42797003049364,200,0.0,0,0.0,10.150000000000011,844.5150000000018,41.976000000000006,20.118996569468308,0.0
125,4,5,0.0,-25.644098837209306,200,0.0,0,0.0,15.000000000000002,1602.7279999999994,34.4,46.59093023255812,0.0
126,0,5,0.0,-12.9,10,0.0,10,1.0,0.0,0.0,44.661,0.0,0.0
126,1,5,0.0,-22.663448726892252,200,0.0,0,0.0,10.050000000000008,964.6000000000032,22.936000000000003,42.05615626090003,0.0
126,2,5,0.0,-25.754145077720207,200,0.0,0,0.0,15.000000000000002,2002.8659999999957,15.44,129.71930051813445,0.0
126,3,5,0.0,-12.9,10,0.0,10,1.0,0.0,0.0,45.288,0.0,0.0
126,4,5,0.0,-28.116315156244923,200,0.0,0,0.0,20.000000000000014,2249.343000000008,30.753,73.14223002633915,0.0
127,0,5,0.0,-25.46286910110207,200,0.0,0,0.0,15.000000000000002,1108.8179999999977,26.043000000000003,42.57643128671803,0.0
127,1,5,0.0,-28.248757790734413,200,0.0,0,0.0,20.000000000000014,1741.3540000000082,34.817,50.014475687164555,0.0
127,2,5,1.0,10.21832697044335,6,0.4131579616862136,0,0.0,0.45,39.307,16.24,2.420381773399015,0.0
127,3,5,1.0,10.1002227491994,6,0.6192950745594216,0,0.0,0.65,39.834,24.669,1.614739146296972,0.0
127,4,5,0.0,-25.292056846975775,200,0.0,0,0.0,15.000000000000002,1999.1549999999959,18.154,110.12201167786691,0.0
128,0,5,0.0,-25.738687889627002,200,0.0,0,0.0,15.050000000000002,759.2700000000013,48.925000000000004,15.51905978538582,0.0
128,1,5,0.0,-25.88817749859062,200,0.0,0,0.0,15.000000000000004,569.9799999999987,12.417000000000002,45.90319722960446,0.0
128,2,5,0.0,-22.734056065942838,200,0.0,0,0.0,10.050000000000008,973.1640000000032,55.077999999999996,17.66883329096923,0.0
128,3,5,0.0,-25.42554156171281,200,0.0,0,0.0,15.000000000000002,1345.4000000000017,39.699999999999996,33.88916876574312,0.0
128,4,5,0.0,-25.676006065120237,200,0.0,0,0.0,15.050000000000002,743.124000000002,37.592,19.76814215790599,0.0
129,0,5,0.0,-28.773184260005298,200,0.0,0,0.0,20.100000000000016,3788.5170000000144,37.23,101.75979049153948,0.0
129,1,5,0.0,-28.001866376866413,200,0.0,0,0.0,20.000000000000014,2252.996000000008,42.328,53.22708372708391,0.0
129,2,5,0.0,-22.920257411067222,200,0.0,0,0.0,10.000000000000007,1419.1109999999958,40.480000000000004,35.057089920948506,0.0
129,3,5,0.0,-12.899999999999999,10,0.0,10,1.0,0.0,0.0,23.561,0.0,0.0
129,4,5,0.0,-12.9,10,0.0,10,1.0,0.0,0.0,42.718,0.0,0.0
130,0,5,0.0,-23.110019391460657,200,0.0,0,0.0,10.000000000000007,854.5979999999973,56.726,15.065366851179308,0.0
130,1,5,0.0,-13.084880808135813,12,0.0,10,1.0,0.2,11.635,73.45299999999999,0.15840060991382246,0.0
130,2,5,0.0,-12.916349253041416,12,0.0,10,1.0,0.1,11.477,47.592999999999996,0.24114890845292378,0.0
130,3,5,0.0,-33.22923454809762,200,0.0,0,0.0,29.999999999999893,914.5999999999973,19.949,45.84690961952966,0.0
130,4,5,0.0,-25.378187610454784,200,0.0,0,0.0,15.000000000000004,939.610000000003,43.004000000000005,21.849362849967513,0.0
131,0,5,0.0,-25.566259072975292,200,0.0,0,0.0,15.000000000000004,1026.6720000000025,33.203,30.921061349878098,0.0
131,1,5,0.0,-25.405059500559876,200,0.0,0,0.0,15.000000000000004,964.373000000004,38.403,25.11191833971315,0.0
131,2,5,0.0,-25.468016417238086,200,0.0,0,0.0,15.000000000000004,1023.6420000000026,39.958,25.61794884628867,0.0
131,3,5,0.0,-25.694304210963985,200,0.0,0,0.0,15.000000000000002,1354.5999999999983,33.674,40.22688127338595,0.0
131,4,5,1.0,9.993430754834685,8,0.641097424412094,0,0.0,0.49999999999999994,50.008,32.06,1.559825327510917,0.0
132,0,5,0.0,-25.607146483064362,200,0.0,0,0.0,15.100000000000003,1038.0639999999973,34.277,30.284563993348232,0.0
132,1,5,0.0,-25.338118458284136,200,0.0,0,0.0,15.000000000000002,899.7149999999959,36.400999999999996,24.71676602291135,0.0
132,2,5,0.0,-33.16572043852769,200,0.0,0,0.0,30.000000000000007,1424.0530000000028,61.29600000000001,23.232396893761464,0.0
132,3,5,0.0,-25.827446568971308,200,0.0,0,0.0,14.900000000000002,871.6079999999955,54.182,16.086670850097736,0.0
132,4,5,0.0,-22.68206598904985,200,0.0,0,0.0,10.050000000000008,962.3730000000031,38.172999999999995,25.210829643989292,0.0
133,0,5,0.0,-25.18575579975572,200,0.0,0,0.0,13.400000000000013,845.5959999999983,53.23500000000001,15.884211514980711,0.0
133,1,5,0.0,-25.298547243445327,200,0.0,0,0.0,15.000000000000002,884.2280000000028,36.385999999999996,24.30132468531861,0.0
133,2,5,1.0,10.345868783702816,5,1.0,0,0.0,0.35000000000000003,38.387,38.387,1.0,0.0
133,3,5,1.0,10.43522168224299,4,0.849799860219836,0,0.0,0.35000000000000003,31.478,26.75,1.176747663551402,0.0
133,4,5,0.0,-28.377986102353265,200,0.0,0,0.0,20.00000000000003,785.3230000000002,79.29400000000001,9.903939768456631,0.0
134,0,5,0.0,-13.212340617794302,13,0.0,10,1.0,0.35,19.039,48.139,0.39550052971603067,0.0
134,1,5,0.0,-25.74271179560047,200,0.0,0,0.0,15.000000000000004,1122.8719999999994,39.413,28.489889122878225,0.0
134,2,5,0.0,-25.3922254070436,200,0.0,0,0.0,15.000000000000004,1114.8419999999978,42.562999999999995,26.192749571223786,0.0
134,3,5,0.0,-23.26323954762193,200,0.0,0,0.0,10.050000000000008,663.3550000000004,50.754000000000005,13.07000433463373,0.0
134,4,5,0.0,-12.814867612881809,13,0.0,10,1.0,0.25,13.102,24.096000000000004,0.5437416998671978,0.0
135,0,5,0.0,-23.39743550213946,200,0.0,0,0.0,10.000000000000007,1206.2819999999979,31.784,37.952491819783475,0.0
135,1,5,0.0,-25.63472970573869,200,0.0,0,0.0,14.950000000000003,723.6690000000019,22.531,32.118814078380986,0.0
135,2,5,0.0,-28.24618948435038,200,0.0,0,0.0,20.000000000000014,1679.4370000000013,53.29200000000001,31.513866996922633,0.0
135,3,5,0.0,-22.74487623103537,200,0.0,0,0.0,10.000000000000007,1150.1999999999966,22.541999999999998,51.02475379291974,0.0
135,4,5,0.0,-25.69563360227815,200,0.0,0,0.0,15.000000000000004,1353.4699999999984,10.535,128.47365923113418,0.0
136,0,5,0.0,-25.6071742575365,200,0.0,0,0.0,15.000000000000002,476.3610000000026,53.639,8.88087026230919,0.0
136,1,5,0.0,-25.558579425007444,200,0.0,0,0.0,14.950000000000003,1107.2889999999989,57.079,19.399236146393573,0.0
136,2,5,0.0,-25.482376713730332,200,0.0,0,0.0,15.000000000000004,1025.6950000000024,39.096000000000004,26.235292613055105,0.0
136,3,5,0.0,-22.927306967985018,200,0.0,0,0.0,10.000000000000007,809.7710000000017,39.825,20.3332328939109,0.0
136,4,5,1.0,10.102857589397349,7,0.8604857580892438,0,0.0,0.44999999999999996,37.179,31.991999999999997,1.162134283570893,0.0
137,0,5,0.0,-25.473165331083976,200,0.0,0,0.0,15.000000000000004,1246.9999999999984,56.904,21.914100941937267,0.0
137,1,5,0.0,-25.669383779349907,200,0.0,0,0.0,15.000000000000004,736.9999999999969,9.753,75.5664923613244,0.0
137,2,5,0.0,-24.88970632217327,200,0.0,0,0.0,14.950000000000003,1603.0029999999995,36.111000000000004,44.390988895350425,0.0
137,3,5,0.0,-25.67347327557776,200,0.0,0,0.0,14.950000000000003,748.3839999999984,33.358999999999995,22.43424563086419,0.0
137,4,5,0.0,-25.59532028010865,200,0.0,0,0.0,15.000000000000002,927.483,50.409,18.399154912813188,0.0
138,0,5,0.0,-26.4588540198399,200,0.0,0,0.0,16.699999999999996,928.4489999999998,37.601,24.692135847450864,0.0
138,1,5,0.0,-25.75453834552864,200,0.0,0,0.0,15.000000000000004,942.4439999999978,17.903,52.6416801653353,0.0
138,2,5,0.0,-25.975368583810592,200,0.0,0,0.0,15.000000000000002,635.746999999999,45.919,13.844966136022107,0.0
138,3,5,0.0,-28.483096377748975,200,0.0,0,0.0,19.950000000000017,2673.2259999999987,46.38,57.63747304872787,0.0
138,4,5,0.0,-23.56668902136113,200,0.0,0,0.0,10.000000000000007,1633.0120000000013,40.26,40.5616492796821,0.0
139,0,5,0.0,-26.065635514018656,200,0.0,0,0.0,14.950000000000003,1698.5470000000014,51.895,32.73045572791216,0.0
139,1,5,1.0,9.874019121654827,9,0.33912094904777057,0,0.0,0.6,66.003,22.383000000000003,2.9488004288969303,0.0
139,2,5,0.0,-23.265835445711932,200,0.0,0,0.0,10.000000000000007,694.0939999999975,18.936,36.654731727925515,0.0
139,3,5,0.0,-25.38099630996312,200,0.0,0,0.0,15.000000000000002,1296.922999999999,34.688,37.38823224169739,0.0
139,4,5,0.0,-25.346951302687092,200,0.0,0,0.0,15.000000000000004,1109.7339999999979,29.323999999999998,37.84388214431858,0.0
140,0,5,0.0,-22.88249159629421,200,0.0,0,0.0,10.000000000000007,1663.999999999998,48.788000000000004,34.10674756087558,0.0
140,1,5,1.0,9.96035144196895,8,1.0,0,0.0,0.5499999999999999,41.159,41.159,1.0,0.0
140,2,5,0.0,-23.194928448599565,200,0.0,0,0.0,10.050000000000008,809.8380000000017,50.59299999999999,16.00691795307655,0.0
140,3,5,0.0,-22.926716091524902,200,0.0,0,0.0,10.000000000000007,514.5999999999981,18.749,27.446797162515235,0.0
140,4,5,0.0,-25.379342079498684,200,0.0,0,0.0,15.000000000000004,1345.1270000000015,25.535000000000004,52.6777756021148,0.0
141,0,5,0.0,-25.35554219341223,200,0.0,0,0.0,15.000000000000002,1174.6000000000047,34.093,34.45282022702621,0.0
141,1,5,0.0,-28.01357066971367,200,0.0,0,0.0,20.000000000000014,2250.601000000008,49.887,45.11397758935209,0.0
141,2,5,1.0,10.197078459416662,6,0.831930987591365,0,0.0,0.45000000000000007,47.064,39.154,1.2020227818358276,0.0
141,3,5,1.0,10.008741000719942,7,0.7347991403537775,0,0.0,0.6500000000000001,30.245,22.224,1.3609161267098633,0.0
141,4,5,0.0,-23.064608881102895,200,0.0,0,0.0,10.000000000000007,678.5999999999993,52.516000000000005,12.92177622058038,0.0
142,0,5,0.0,-23.08504623640459,200,0.0,0,0.0,10.000000000000007,817.800000000004,41.742000000000004,19.591778065258108,0.0
142,1,5,0.0,-25.561416009175833,200,0.0,0,0.0,15.000000000000004,938.6589999999986,28.771,32.625178130756616,0.0
142,2,5,1.0,10.25670647729718,5,0.6191322112181906,0,0.0,0.55,22.517000000000003,13.941,1.6151639050283337,0.0
142,3,5,0.0,-13.132164798167366,16,0.0,10,1.0,0.6,32.647,28.811,1.1331435909895526,0.0
142,4,5,0.0,-13.304640743871513,16,0.0,10,1.0,0.35,26.915,23.66,1.1375739644970413,0.0
143,0,5,1.0,9.886795004568992,8,0.9625025653053445,0,0.0,0.7000000000000002,34.109,32.83,1.0389582698751143,0.0
143,1,5,1.0,9.951901797457257,7,0.9366402496612327,0,0.0,0.75,48.705999999999996,45.62,1.0676457693993862,0.0
143,2,5,0.0,-28.009909772136524,200,0.0,0,0.0,20.000000000000014,2252.4740000000074,32.695,68.89353112096674,0.0
143,3,5,0.0,-28.637998367225737,200,0.0,0,0.0,19.80000000000003,643.8209999999996,53.89600000000001,11.945617485527674,0.0
143,4,5,0.0,-25.44637012602121,200,0.0,0,0.0,15.000000000000004,1005.999999999996,38.803,25.92583047702487,0.0
144,0,5,0.0,-27.817218682904503,200,0.0,0,0.0,20.000000000000014,1685.9340000000013,28.410999999999998,59.34088909225305,0.0
144,1,5,0.0,-28.01063140415536,200,0.0,0,0.0,20.000000000000014,1826.000000000009,49.382000000000005,36.9770361670246,0.0
144,2,5,0.0,-22.75969976905317,200,0.0,0,0.0,10.000000000000007,1114.3999999999985,17.32,64.34180138568121,0.0
144,3,5,0.0,-27.906422488566385,200,0.0,0,0.0,20.000000000000014,2260.6000000000076,50.728,44.5631603847975,0.0
144,4,5,1.0,9.91577306733167,8,0.6204325946300754,0,0.0,0.65,63.986,39.699000000000005,1.6117786342225242,0.0
145,0,5,0.0,-23.128277612073198,200,0.0,0,0.0,10.000000000000007,931.198999999995,44.926,20.727396162578348,0.0
145,1,5,0.0,-25.799529278980195,200,0.0,0,0.0,15.100000000000003,2030.938999999994,15.062,134.83860045146687,0.0
145,2,5,1.0,10.311772413793104,5,0.43536072745989535,0,0.0,0.44999999999999996,46.628,20.3,2.296945812807882,0.0
145,3,5,1.0,10.266780682487813,6,0.46555766161213097,0,0.0,0.35,40.096,18.667,2.147961643542079,0.0
145,4,5,0.0,-23.421619436504784,200,0.0,0,0.0,10.150000000000011,818.8030000000017,48.98,16.717088607594974,0.0
146,0,5,0.0,-22.653636457154583,200,0.0,0,0.0,10.000000000000007,1659.0469999999978,9.721,170.66628947639109,0.0
146,1,5,0.0,-25.45989974937348,200,0.0,0,0.0,15.000000000000004,1023.4110000000026,33.516,30.53499820981032,0.0
146,2,5,0.0,-22.724006924914484,200,0.0,0,0.0,10.050000000000008,961.9890000000031,33.068999999999996,29.090356527261278,0.0
146,3,5,0.0,-23.056144012522843,200,0.0,0,0.0,10.000000000000007,729.600000000003,57.495000000000005,12.689799112966396,0.0
146,4,5,0.0,-25.437688415864926,200,0.0,0,0.0,15.000000000000004,1603.4999999999993,38.147,42.034760269483826,0.0
147,0,5,1.0,10.727338638373121,2,1.0,0,0.0,0.15000000000000002,24.881999999999998,24.881999999999998,1.0,0.0
147,1,5,0.0,-27.983502182356908,200,0.0,0,0.0,20.000000000000014,1820.896000000009,49.946000000000005,36.457293877387755,0.0
147,2,5,1.0,10.521796551152379,4,0.3491374319786963,0,0.0,0.2,34.548,12.062,2.8642016249378215,0.0
147,3,5,0.0,-21.638783521181587,200,0.0,0,0.0,15.000000000000004,911.0049999999981,2.573,354.0633501748924,0.0
147,4,5,0.0,-22.85446577204005,200,0.0,0,0.0,10.050000000000008,965.8950000000032,35.321999999999996,27.345422116528034,0.0
148,0,5,0.0,-25.376306228373608,200,0.0,0,0.0,15.050000000000002,1993.6309999999958,33.524,59.46876864335985,0.0
148,1,5,0.0,-25.589637635092217,200,0.0,0,0.0,15.000000000000002,936.358000000003,45.617,20.52651423811305,0.0
148,2,5,1.0,10.731388389416903,2,1.0,0,0.0,0.15000000000000002,23.358,23.358,1.0,0.0
148,3,5,0.0,-23.63166701916166,200,0.0,0,0.0,10.100000000000009,1369.6440000000018,47.282000000000004,28.96755636394403,0.0
148,4,5,0.0,-25.883701493141285,200,0.0,0,0.0,15.000000000000004,1179.2630000000047,49.426,23.859163193461026,0.0
149,0,5,0.0,-12.963103692162612,12,0.0,10,1.0,0.15000000000000002,12.614,48.779,0.25859488714405787,0.0
149,1,5,1.0,10.476194452991077,4,0.6009562047651751,0,0.0,0.3,37.858,22.750999999999998,1.664014768581601,0.0
149,2,5,0.0,-25.493443498992868,200,0.0,0,0.0,15.000000000000004,1171.5539999999994,48.653999999999996,24.07929461092612,0.0
149,3,5,0.0,-25.655062571103464,200,0.0,0,0.0,15.000000000000002,936.358000000003,26.369999999999997,35.50845657944646,0.0
149,4,5,0.0,-13.178377822448692,12,0.0,10,1.0,0.15000000000000002,15.279,42.782,0.3571361787667711,0.0
150,0,5,0.0,-23.436641716948063,200,0.0,0,0.0,10.150000000000011,907.254999999999,52.37199999999999,17.32328343389596,0.0
150,1,5,1.0,10.608275532740404,3,1.0,0,0.0,0.2,16.753,16.753,1.0,0.0
150,2,5,0.0,-25.460214243869782,200,0.0,0,0.0,15.000000000000004,1603.4999999999993,59.745000000000005,26.839066030630164,0.0
150,3,5,0.0,-23.398485746542416,200,0.0,0,0.0,10.15000000000001,546.0160000000012,49.602,11.007943228095666,0.0
150,4,5,0.0,-26.015070318501472,200,0.0,0,0.0,15.000000000000004,704.0280000000014,67.69200000000001,10.400460911185979,0.0
151,0,5,0.0,-23.28562362726384,200,0.0,0,0.0,10.100000000000009,1243.7739999999937,55.546,22.391783386742407,0.0
151,1,5,0.0,-13.169787690328118,11,0.0,10,1.0,0.1,4.76,32.641,0.1458288655372078,0.0
151,2,5,0.0,-25.56680372081667,200,0.0,0,0.0,15.000000000000002,1604.7679999999993,49.129000000000005,32.66437338435546,0.0
151,3,5,0.0,-12.950532436101762,11,0.0,10,1.0,0.1,2.506,16.941,0.1479251519981111,0.0
151,4,5,0.0,-28.06383854544431,200,0.0,0,0.0,19.950000000000017,909.430000000002,70.31700000000001,12.933287825134775,0.0
152,0,5,0.0,-25.47693365242627,200,0.0,0,0.0,15.000000000000002,1293.751999999999,39.278000000000006,32.93833698253472,0.0
152,1,5,0.0,-23.333841159289964,200,0.0,0,0.0,10.050000000000008,965.6800000000031,44.51,21.69579869692211,0.0
152,2,5,0.0,-28.044287780188068,200,0.0,0,0.0,20.000000000000014,1540.5999999999958,55.32,27.848879248011492,0.0
152,3,5,1.0,9.814907022012383,9,0.803417239256659,0,0.0,0.65,60.107,48.291000000000004,1.2446832743161251,0.0
152,4,5,0.0,-27.875729348036455,200,0.0,0,0.0,20.000000000000014,1683.2280000000012,41.352000000000004,40.70487521764367,0.0
153,0,5,0.0,-25.730832919439834,200,0.0,0,0.0,14.950000000000003,1966.410999999996,50.335,39.06647462004561,0.0
153,1,5,0.0,-13.250401810516685,13,0.0,10,1.0,0.2,19.418,61.198,0.31729795091342855,0.0
153,2,5,0.0,-25.599542052393183,200,0.0,0,0.0,15.000000000000004,1025.7090000000026,40.61600000000001,25.25381623005718,0.0
153,3,5,0.0,-25.47192478225057,200,0.0,0,0.0,15.000000000000002,1037.6899999999973,57.06100000000001,18.18562590911476,0.0
153,4,5,0.0,-13.40309737140861,13,0.0,10,1.0,0.2,18.898,57.254999999999995,0.33006724303554275,0.0
154,0,5,0.0,-28.25652307827693,200,0.0,0,0.0,20.000000000000014,1685.7880000000014,22.726999999999997,74.17556210674535,0.0
154,1,5,0.0,-23.234334004515254,200,0.0,0,0.0,10.000000000000007,3144.2940000000003,65.55600000000001,47.96348160351455,0.0
154,2,5,0.0,-25.480210816555104,200,0.0,0,0.0,15.000000000000004,1025.6950000000024,34.817,29.45960306746711,0.0
154,3,5,0.0,-33.15764986135142,200,0.0,0,0.0,30.000000000000004,1085.856999999998,53.733000000000004,20.20838218599367,0.0
154,4,5,0.0,-23.395291522218724,200,0.0,0,0.0,10.200000000000012,1091.2590000000002,38.076,28.660022061140882,0.0
155,0,5,0.0,-12.899999999999999,10,0.0,10,1.0,0.0,0.0,27.352,0.0,0.0
155,1,5,0.0,-28.43210057914033,200,0.0,0,0.0,20.00000000000002,1058.4619999999977,37.642,28.11917538919286,0.0
155,2,5,0.0,-12.899999999999999,10,0.0,10,1.0,0.0,0.0,8.191,0.0,0.0
155,3,5,0.0,-25.59246730790004,200,0.0,0,0.0,15.000000000000004,1028.1320000000026,46.265,22.222673727439805,0.0
155,4,5,1.0,10.025700398476157,7,0.8362750842244031,0,0.0,0.6000000000000001,54.616,45.674,1.1957787800499189,0.0
156,0,5,0.0,-13.489097680864425,14,0.0,10,1.0,0.4,22.477,46.181,0.4867153158225245,0.0
156,1,5,0.0,-25.619257179263318,200,0.0,0,0.0,15.000000000000002,1421.3439999999935,42.379000000000005,33.53887538639405,0.0
156,2,5,0.0,-25.56683981492625,200,0.0,0,0.0,15.000000000000004,2093.0909999999944,58.138999999999996,36.001496413766915,0.0
156,3,5,0.0,-12.861694361855427,14,0.0,10,1.0,0.30000000000000004,40.342,54.82299999999999,0.7358590372653814,0.0
156,4,5,1.0,10.707700092772201,2,0.9012617816965643,0,0.0,0.2,13.156,11.857000000000001,1.1095555368136965,0.0
157,0,5,1.0,10.875,1,1.0,0,0.0,0.05,3.598,3.598,1.0,0.0
157,1,5,0.0,-23.137988826815615,200,0.0,0,0.0,10.000000000000007,2118.5860000000084,32.22,65.75375543140933,0.0
157,2,5,0.0,-25.399854285853955,200,0.0,0,0.0,15.050000000000002,1025.5150000000024,40.901999999999994,25.072490342770585,0.0
157,3,5,1.0,10.515411383745326,4,0.6984137096260433,0,0.0,0.2,31.394,21.926000000000002,1.4318161087293622,0.0
157,4,5,0.0,-13.337036169659118,14,0.0,10,1.0,0.30000000000000004,25.02,42.272999999999996,0.5918671492441985,0.0
158,0,5,0.0,-25.52913616398241,200,0.0,0,0.0,15.000000000000004,1353.7869999999984,47.81,28.315979920518686,0.0
158,1,5,1.0,9.480135865530247,11,0.6262413985493769,0,0.0,0.9500000000000001,53.77000000000001,33.673,1.5968283194250588,0.0
158,2,5,0.0,-23.116067985643465,200,0.0,0,0.0,10.000000000000007,782.6000000000017,33.713,23.213597128704112,0.0
158,3,5,0.0,-25.632415289052545,200,0.0,0,0.0,15.000000000000004,1025.6950000000024,30.427,33.71002727840413,0.0
158,4,5,0.0,-26.11609588024247,200,0.0,0,0.0,14.950000000000003,1445.2110000000025,40.415,35.7592725473216,0.0
159,0,5,0.0,-28.086893739913325,200,0.0,0,0.0,20.000000000000014,1825.3410000000092,70.63799999999999,25.84077975027619,0.0
159,1,5,0.0,-25.706289797307146,200,0.0,0,0.0,15.000000000000002,2002.8659999999957,41.146,48.67705244738239,0.0
159,2,5,0.0,-26.078673028058592,200,0.0,0,0.0,15.050000000000002,830.7609999999956,18.497,44.913283235118975,0.0
159,3,5,1.0,10.36306530363137,4,0.54098225340487,0,0.0,0.5,24.23,13.108,1.8484894720781202,0.0
159,4,5,0.0,-27.94308595370448,200,0.0,0,0.0,20.000000000000014,2249.343000000008,24.105999999999998,93.31050360906032,0.0
160,0,5,0.0,-25.63973623545817,200,0.0,0,0.0,15.000000000000004,802.0769999999982,37.306,21.499946389320705,0.0
160,1,5,0.0,-26.141168849794425,200,0.0,0,0.0,14.950000000000035,1112.1350000000002,41.836,26.583205851419837,0.0
160,2,5,0.0,-25.54219434880873,200,0.0,0,0.0,15.000000000000002,1041.0929999999976,65.933,15.790165774346647,0.0
160,3,5,0.0,-23.21491841491844,200,0.0,0,0.0,10.000000000000007,1059.1239999999943,55.77,18.99092702169615,0.0
160,4,5,0.0,-25.613133940182045,200,0.0,0,0.0,15.000000000000004,963.363000000004,9.228,104.39564369310837,0.0
161,0,5,0.0,-12.903469548827896,11,0.0,10,1.0,0.05,10.022,42.44499999999999,0.23611732830722115,0.0
161,1,5,0.0,-25.502639229674756,200,0.0,0,0.0,15.000000000000004,733.0620000000004,48.498999999999995,15.114992061692002,0.0
161,2,5,0.0,-12.910592910489356,11,0.0,10,1.0,0.05,5.262,44.855,0.11731133652881506,0.0
161,3,5,0.0,-25.48229974824031,200,0.0,0,0.0,15.000000000000004,1025.6950000000024,38.926,26.349868982171362,0.0
161,4,5,0.0,-23.320537705671267,200,0.0,0,0.0,10.050000000000008,1092.0030000000002,56.583,19.299135782832302,0.0
162,0,5,1.0,10.729095399061034,2,1.0,0,0.0,0.15000000000000002,26.625,26.625,1.0,0.0
162,1,5,0.0,-12.9,10,0.0,10,1.0,0.0,0.0,52.317,0.0,0.0
162,2,5,1.0,10.253139876100423,5,0.6573081868838405,0,0.0,0.55,55.992000000000004,36.804,1.5213563743071405,0.0
162,3,5,0.0,-22.97159934369867,200,0.0,0,0.0,10.000000000000007,782.6000000000017,25.598,30.57270099226509,0.0
162,4,5,0.0,-12.9,10,0.0,10,1.0,0.0,0.0,27.565,0.0,0.0
163,0,5,0.0,-25.12129303896726,200,0.0,0,0.0,15.000000000000004,2098.0789999999943,41.445,50.6232114851006,0.0
163,1,5,0.0,-25.595261383796622,200,0.0,0,0.0,14.950000000000003,1350.6549999999984,25.365,53.24876798738413,0.0
163,2,5,0.0,-25.497519149068076,200,0.0,0,0.0,15.000000000000004,778.7980000000001,64.494,12.075510900238784,0.0
163,3,5,1.0,10.85,1,1.0,0,0.0,0.1,6.271,6.271,1.0,0.0
163,4,5,0.0,-28.106212863831786,200,0.0,0,0.0,20.000000000000014,1820.7490000000091,36.521,49.85485063388212,0.0
164,0,5,0.0,-25.732729673384252,200,0.0,0,0.0,15.150000000000004,2108.2049999999945,57.56,36.62621612230706,0.0
164,1,5,0.0,-25.370159981451522,200,0.0,0,0.0,15.000000000000004,1171.7399999999996,43.129999999999995,27.16763273823324,0.0
164,2,5,0.0,-23.094306002499916,200,0.0,0,0.0,10.000000000000007,755.9999999999965,37.601,20.105848248716697,0.0
164,3,5,0.0,-33.100181946455706,200,0.0,0,0.0,30.000000000000004,845.4899999999977,53.861999999999995,15.697337640637143,0.0
164,4,5,0.0,-25.635460019995758,200,0.0,0,0.0,15.000000000000004,1027.4920000000025,43.009,23.890162524122914,0.0
165,0,5,0.0,-14.12413569269074,13,0.0,10,1.0,0.2,25.287,22.492,1.124266405833185,0.0
165,1,5,0.0,-25.050623988725974,200,0.0,0,0.0,15.000000000000004,1997.7519999999959,38.318,52.13612401482322,0.0
165,2,5,0.0,-22.73857158223081,200,0.0,0,0.0,10.000000000000007,1076.1999999999969,18.594,57.87888566204135,0.0
165,3,5,0.0,-13.231088334678988,13,0.0,10,1.0,0.25,23.339,33.441,0.6979157321850422,0.0
165,4,5,0.0,-25.286961228442927,200,0.0,0,0.0,13.300000000000013,931.2719999999995,64.016,14.547488127967998,0.0
166,0,5,0.0,-33.46766653061219,200,0.0,0,0.0,29.899999999999896,913.0590000000037,24.5,37.26771428571444,0.0
166,1,5,0.0,-25.966736222875806,200,0.0,0,0.0,15.100000000000003,1012.9589999999962,36.038,28.1080803596203,0.0
166,2,5,0.0,-25.569763870224676,200,0.0,0,0.0,15.000000000000004,620.1190000000006,26.044999999999998,23.809521981186432,0.0
166,3,5,0.0,-22.97044797857593,200,0.0,0,0.0,10.000000000000007,960.2520000000031,42.569,22.557541873194182,0.0
166,4,5,0.0,-23.624122045986844,200,0.0,0,0.0,10.150000000000011,474.814000000001,37.576,12.636097509048355,0.0
167,0,5,0.0,-25.46984910040619,200,0.0,0,0.0,15.000000000000004,1833.599999999991,34.46,53.2095182820659,0.0
167,1,5,0.0,-22.899702643516378,200,0.0,0,0.0,10.050000000000008,371.2349999999991,31.965,11.61379633974657,0.0
167,2,5,1.0,9.587609357956895,10,0.8896734038281353,0,0.0,0.9,59.768,53.17399999999999,1.1240079738217927,0.0
167,3,5,0.0,-25.273620954369555,200,0.0,0,0.0,15.000000000000002,1220.560000000005,32.566,37.47957992998848,0.0
167,4,5,1.0,10.055063989508435,7,0.5836874752540583,0,0.0,0.55,75.77000000000001,44.226,1.7132456021344913,0.0
168,0,5,0.0,-22.91266598569971,200,0.0,0,0.0,10.000000000000007,928.1859999999949,52.86600000000001,17.557333635985223,0.0
168,1,5,0.0,-25.707509073121383,200,0.0,0,0.0,15.000000000000004,2994.2309999999925,31.687,94.49398807081745,0.0
168,2,5,1.0,10.272393985553537,6,0.7800306630893061,0,0.0,0.3,52.18000000000001,40.702,1.2820008844774216,0.0
168,3,5,0.0,-25.801050957343616,200,0.0,0,0.0,14.950000000000003,1636.1599999999964,33.007999999999996,49.568589432864655,0.0
168,4,5,1.0,10.247510431746571,5,0.9055367057371994,0,0.0,0.55,38.903999999999996,35.229,1.1043174657242611,0.0
169,0,5,0.0,-25.39666345564419,200,0.0,0,0.0,15.000000000000004,849.0380000000036,11.419,74.35309571766386,0.0
169,1,5,1.0,10.633986694862985,3,1.0,0,0.0,0.15000000000000002,11.349,11.349,1.0,0.0
169,2,5,0.0,-25.79898797949442,200,0.0,0,0.0,15.000000000000002,2101.8369999999945,45.256,46.443278239349354,0.0
169,3,5,0.0,-23.332469158665468,200,0.0,0,0.0,10.000000000000007,924.7439999999987,70.19800000000001,13.173366762585808,0.0
169,4,5,0.0,-26.526314661046253,200,0.0,0,0.0,16.000000000000036,784.481,55.037,14.253702054981195,0.0
170,0,5,0.0,-25.317290249433054,200,0.0,0,0.0,15.000000000000004,1028.4220000000025,35.28,29.150283446712088,0.0
170,1,5,1.0,10.610535864978903,3,0.7615681233933163,0,0.0,0.2,9.336,7.11,1.3130801687763713,0.0
170,2,5,1.0,10.291213321723987,5,0.4387439355159109,0,0.0,0.44999999999999996,26.177,11.485,2.2792337831954725,0.0
170,3,5,0.0,-23.62789686052495,200,0.0,0,0.0,10.100000000000009,1364.6820000000018,48.575,28.09432835820899,0.0
170,4,5,0.0,-25.73431036711479,200,0.0,0,0.0,15.000000000000004,1094.3669999999993,30.944000000000003,35.36604834539811,0.0
171,0,5,0.0,-22.951277539080312,200,0.0,0,0.0,10.050000000000008,2023.1330000000046,43.756,46.236698966998915,0.0
171,1,5,0.0,-23.26205825765739,200,0.0,0,0.0,10.050000000000008,971.4850000000032,51.976,18.691030475604187,0.0
171,2,5,1.0,10.75298519316957,2,0.8400610017633321,0,0.0,0.1,20.983,17.627,1.1903897430078858,0.0
171,3,5,0.0,-25.865895349941432,200,0.0,0,0.0,15.000000000000002,2005.9369999999958,31.591,63.49710360545711,0.0
171,4,5,1.0,8.993773657996678,15,0.6659681784198721,0,0.0,1.1500000000000001,94.967,63.245,1.501573246896988,0.0
172,0,5,0.0,-25.437892628512326,200,0.0,0,0.0,15.000000000000004,1997.7519999999959,52.174,38.29018284969517,0.0
172,1,5,0.0,-25.413199536191826,200,0.0,0,0.0,15.000000000000004,1348.1809999999984,40.534,33.26049736024075,0.0
172,2,5,1.0,9.157210069739753,13,0.6185230775705164,0,0.0,1.2000000000000002,95.04899999999999,58.790000000000006,1.616754550093553,0.0
172,3,5,0.0,-29.292202114487008,200,0.0,0,0.0,23.40000000000002,744.5699999999989,10.499,70.91818268406504,0.0
172,4,5,0.0,-26.225503727776704,200,0.0,0,0.0,16.649999999999995,1108.463000000001,41.848,26.487836933664717,0.0
173,0,5,1.0,10.376856030689384,5,0.26238195328458513,0,0.0,0.35,33.778999999999996,8.863,3.8112377298882993,0.0
173,1,5,1.0,10.875,1,1.0,0,0.0,0.05,3.438,3.438,1.0,0.0
173,2,5,0.0,-28.091123850321246,200,0.0,0,0.0,20.000000000000014,1157.1999999999966,63.496,18.224770064255964,0.0
173,3,5,0.0,-25.488998262883605,200,0.0,0,0.0,15.000000000000004,2097.3099999999945,39.721000000000004,52.80103723471198,0.0
173,4,5,0.0,-26.28600911477981,200,0.0,0,0.0,15.150000000000002,636.5849999999991,66.26600000000002,9.606510125856381,0.0
174,0,5,0.0,-25.477756868648747,200,0.0,0,0.0,15.000000000000002,1039.5999999999976,53.14000000000001,19.563417388031567,0.0
174,1,5,0.0,-25.629512793550592,200,0.0,0,0.0,15.000000000000004,1345.4000000000017,22.823999999999998,58.94672274798466,0.0
174,2,5,0.0,-25.706422311776326,200,0.0,0,0.0,15.000000000000002,1246.9999999999984,15.633,79.76715921448209,0.0
174,3,5,1.0,10.390998092177929,4,0.8023363544813694,0,0.0,0.45,49.650000000000006,39.836,1.246360076312883,0.0
174,4,5,0.0,-25.452249302125868,200,0.0,0,0.0,15.000000000000004,1599.9829999999995,37.256,42.94564633884474,0.0
175,0,5,1.0,10.573015441630638,3,0.4315952228620175,0,0.0,0.30000000000000004,18.756,8.095,2.3169857936998146,0.0
175,1,5,0.0,-28.136367753623198,200,0.0,0,0.0,20.000000000000014,1686.0520000000013,44.160000000000004,38.18052536231887,0.0
175,2,5,0.0,-30.352725932291907,200,0.0,0,0.0,22.950000000000017,775.7719999999988,59.342999999999996,13.072679170247525,0.0
175,3,5,0.0,-26.074157108829244,200,0.0,0,0.0,14.950000000000003,912.0689999999959,49.959,18.256350207169795,0.0
175,4,5,0.0,-25.634931909456004,200,0.0,0,0.0,15.000000000000004,931.6420000000028,54.78,17.006973347937254,0.0
176,0,5,0.0,-23.36114097363088,200,0.0,0,0.0,10.000000000000007,957.4340000000027,59.160000000000004,16.18380662609876,0.0
176,1,5,0.0,-25.78138063232075,200,0.0,0,0.0,15.050000000000002,1028.1660000000024,30.648999999999997,33.54647786224681,0.0
176,2,5,0.0,-25.503821970163973,200,0.0,0,0.0,15.000000000000002,1600.1529999999993,48.666,32.88030657954217,0.0
176,3,5,0.0,-25.625941670253997,200,0.0,0,0.0,15.000000000000004,936.200000000003,37.168,25.188334050796467,0.0
176,4,5,1.0,10.344457892005739,5,1.0,0,0.0,0.35,32.760999999999996,32.760999999999996,1.0,0.0
177,0,5,0.0,-23.39295482147195,200,0.0,0,0.0,10.15000000000001,757.1539999999993,57.638,13.136368368090485,0.0
177,1,5,0.0,-22.95681540095979,200,0.0,0,0.0,10.000000000000007,681.9660000000001,27.297,24.983184965380815,0.0
177,2,5,1.0,10.390639482107877,4,0.8925799573560769,0,0.0,0.45000000000000007,23.45,20.931,1.1203478094692083,0.0
177,3,5,1.0,10.612127922661871,3,0.9654873019318427,0,0.0,0.2,9.214,8.895999999999999,1.035746402877698,0.0
177,4,5,0.0,-23.59222287047848,200,0.0,0,0.0,10.050000000000008,652.4970000000013,31.708999999999996,20.57765933961971,0.0
178,0,5,0.0,-23.91711740806332,200,0.0,0,0.0,15.000000000000004,1115.1409999999978,9.599,116.1726221481402,0.0
178,1,5,0.0,-29.371700188943777,200,0.0,0,0.0,23.35000000000002,568.6130000000005,16.407,34.65673188273301,0.0
178,2,5,0.0,-13.009048206646924,12,0.0,10,1.0,0.15000000000000002,10.047,12.156,0.8265054294175715,0.0
178,3,5,0.0,-25.145113236488243,200,0.0,0,0.0,14.950000000000003,1602.2689999999993,44.332,36.142493007308474,0.0
178,4,5,0.0,-12.957973896979437,12,0.0,10,1.0,0.1,18.173000000000002,41.681,0.43600201530673455,0.0
179,0,5,1.0,10.438151205450735,4,1.0,0,0.0,0.35,22.896,22.896,1.0,0.0
179,1,5,0.0,-23.16352687882661,200,0.0,0,0.0,10.000000000000007,1076.1999999999969,29.726,36.20399650137916,0.0
179,2,5,0.0,-25.59864244000372,200,0.0,0,0.0,15.000000000000002,1242.5869999999984,43.836,28.346267907655772,0.0
179,3,5,0.0,-21.164395358306063,200,0.0,0,0.0,10.050000000000008,970.5960000000032,9.824,98.79845276872997,0.0
179,4,5,0.0,-23.031305339005538,200,0.0,0,0.0,10.000000000000007,309.6000000000003,49.129,6.301776954548236,0.0
180,0,5,0.0,-25.372454059925804,200,0.0,0,0.0,15.000000000000004,740.149999999999,22.093999999999998,33.500045261156835,0.0
180,1,5,0.0,-28.055298755069042,200,0.0,0,0.0,20.000000000000014,3795.487000000014,35.263,107.63369537475582,0.0
180,2,5,0.0,-28.103403207158255,200,0.0,0,0.0,20.000000000000014,1218.3240000000055,19.893,61.2438546222292,0.0
180,3,5,0.0,-28.322799282659652,200,0.0,0,0.0,19.900000000000013,1144.3720000000021,36.245,31.573237687957022,0.0
180,4,5,0.0,-25.663261468680002,200,0.0,0,0.0,15.050000000000002,1025.5830000000024,52.25100000000001,19.62800711948101,0.0
181,0,5,1.0,10.342156091676719,5,0.7842061449977297,0,0.0,0.35000000000000003,26.428,20.725,1.2751749095295537,0.0
181,1,5,0.0,-27.98633510629199,200,0.0,0,0.0,20.000000000000014,1703.3859999999966,58.471000000000004,29.132150980828044,0.0
181,2,5,1.0,10.755601398601398,2,0.9903047091412743,0,0.0,0.1,8.664,8.58,1.0097902097902098,0.0
181,3,5,0.0,-25.587918915272525,200,0.0,0,0.0,15.050000000000002,1307.6600000000064,14.824,88.21235833783098,0.0
181,4,5,1.0,10.172768423724511,6,0.9234315180873506,0,0.0,0.5,63.99499999999999,59.09499999999999,1.082917336492089,0.0
182,0,5,0.0,-25.500807930823672,200,0.0,0,0.0,15.000000000000004,938.084000000003,45.796,20.483972399336253,0.0
182,1,5,0.0,-13.113785989471516,18,0.0,10,1.0,0.55,50.776,34.003,1.4932800047054673,0.0
182,2,5,0.0,-25.86556159514295,200,0.0,0,0.0,15.050000000000002,2116.3579999999947,77.08400000000002,27.455217684603735,0.0
182,3,5,0.0,-13.598999814951885,18,0.0,10,1.0,0.6000000000000001,36.989000000000004,43.232000000000006,0.8555930792005921,0.0
182,4,5,0.0,-25.40105455511987,200,0.0,0,0.0,15.000000000000002,1062.1300000000003,15.049,70.57811150242543,0.0
183,0,5,1.0,10.727393663713988,2,1.0,0,0.0,0.15000000000000002,25.061999999999998,25.061999999999998,1.0,0.0
183,1,5,0.0,-25.141116293064634,200,0.0,0,0.0,15.000000000000002,954.1999999999966,13.294,71.77674138709166,0.0
183,2,5,0.0,-24.78791609923615,200,0.0,0,0.0,15.050000000000002,1995.487999999996,16.889,118.153117413701,0.0
183,3,5,1.0,9.631003436518379,10,0.7498741720521028,0,0.0,0.85,49.671,37.247,1.3335570649985233,0.0
183,4,5,0.0,-28.05976154716211,200,0.0,0,0.0,20.000000000000014,1820.896000000009,53.93099999999999,33.763438467671826,0.0
184,0,5,1.0,10.490043528394349,4,0.54374745289821,0,0.0,0.25,31.898999999999997,17.345,1.8390890746612856,0.0
184,1,5,0.0,-28.192794104129806,200,0.0,0,0.0,19.950000000000017,3793.308000000014,76.15500000000003,49.81036044908427,0.0
184,2,5,0.0,-28.163678613053595,200,0.0,0,0.0,19.95000000000003,1162.719999999998,27.456000000000003,42.34848484848477,0.0
184,3,5,1.0,10.246192662269525,5,0.9083760276420826,0,0.0,0.55,58.751000000000005,53.367999999999995,1.1008656873032532,0.0
184,4,5,0.0,-27.78195841716966,200,0.0,0,0.0,20.000000000000014,1826.000000000009,14.91,122.46814218645265,0.0
185,0,5,0.0,-25.567191201353648,200,0.0,0,0.0,15.000000000000004,710.726999999998,59.1,12.025837563451743,0.0
185,1,5,0.0,-23.961128150029303,200,0.0,0,0.0,12.550000000000015,797.8899999999992,15.357,51.956111219639205,0.0
185,2,5,0.0,-25.742001677276665,200,0.0,0,0.0,15.050000000000002,1996.1549999999959,52.466,38.04663972858605,0.0
185,3,5,1.0,10.53561435302646,3,1.0,0,0.0,0.35,11.036000000000001,11.036000000000001,1.0,0.0
185,4,5,1.0,10.481133373078398,4,0.7685233669328446,0,0.0,0.25,30.555999999999997,23.482999999999997,1.3011966103138441,0.0
186,0,5,0.0,-28.24510916465307,200,0.0,0,0.0,19.950000000000017,639.9470000000023,23.176,27.61248705557483,0.0
186,1,5,0.0,-13.130787784983166,12,0.0,10,1.0,0.15000000000000002,13.386,44.257000000000005,0.30246062769731336,0.0
186,2,5,0.0,-25.64087071157284,200,0.0,0,0.0,15.000000000000004,897.6000000000048,31.859,28.17414231457374,0.0
186,3,5,0.0,-13.040438274943414,12,0.0,10,1.0,0.2,7.921,49.923,0.15866434308835606,0.0
186,4,5,0.0,-28.08886362816208,200,0.0,0,0.0,20.000000000000014,1822.743000000009,55.422000000000004,32.88843780448214,0.0
187,0,5,1.0,9.852556943538113,8,0.7826689690395701,0,0.0,0.7500000000000001,41.117000000000004,32.181000000000004,1.2776793760293341,0.0
187,1,5,0.0,-22.993432574430756,200,0.0,0,0.0,10.000000000000007,806.6000000000017,45.67999999999999,17.657618213660285,0.0
187,2,5,1.0,9.838170205109751,9,0.594856583695187,0,0.0,0.6000000000000001,65.404,38.906000000000006,1.6810774687708834,0.0
187,3,5,0.0,-23.280787451006997,200,0.0,0,0.0,10.000000000000007,1149.6089999999965,58.937000000000005,19.505726453670807,0.0
187,4,5,1.0,10.61162237408251,3,0.9153779322328409,0,0.0,0.2,17.265,15.803999999999998,1.0924449506454064,0.0
188,0,5,0.0,-25.615725949591845,200,0.0,0,0.0,15.000000000000004,938.1959999999987,11.268,83.26198083067081,0.0
188,1,5,0.0,-25.57054913513099,200,0.0,0,0.0,15.000000000000004,954.0829999999983,26.478,36.03304630259076,0.0
188,2,5,1.0,9.802246685360197,9,0.5934181063703035,0,0.0,0.7000000000000002,48.678999999999995,28.886999999999997,1.6851524907397792,0.0
188,3,5,0.0,-23.41797782570856,200,0.0,0,0.0,10.100000000000009,555.2650000000014,26.427,21.011276346161175,0.0
188,4,5,0.0,-26.231070829673364,200,0.0,0,0.0,15.000000000000002,1042.8410000000026,50.092000000000006,20.818513934360826,0.0
189,0,5,0.0,-25.446771462346998,200,0.0,0,0.0,15.000000000000004,941.5999999999987,31.299,30.084028243713814,0.0
189,1,5,0.0,-26.995331658789738,200,0.0,0,0.0,17.500000000000032,865.1840000000007,30.257,28.594507056218415,0.0
189,2,5,0.0,-25.559022492812453,200,0.0,0,0.0,15.000000000000004,1023.4110000000026,29.565,34.615626585489686,0.0
189,3,5,0.0,-25.710384569662434,200,0.0,0,0.0,15.000000000000004,1997.7519999999959,16.824,118.74417498811196,0.0
189,4,5,0.0,-28.068401952849705,200,0.0,0,0.0,20.000000000000014,1684.6220000000012,38.303000000000004,43.98146359293008,0.0
190,0,5,0.0,-28.598172750878323,200,0.0,0,0.0,19.950000000000017,2668.868999999999,32.735,81.52952497327017,0.0
190,1,5,0.0,-28.052324651080056,200,0.0,0,0.0,20.000000000000014,1682.9010000000012,56.245000000000005,29.920899635523178,0.0
190,2,5,0.0,-25.398226612061386,200,0.0,0,0.0,15.000000000000004,1115.422999999998,62.265,17.914125110415128,0.0
190,3,5,0.0,-25.739103261397428,200,0.0,0,0.0,14.950000000000003,936.591000000003,51.480999999999995,18.192944969988986,0.0
190,4,5,1.0,9.733261301325506,9,0.8870038105815446,0,0.0,0.8,52.223,46.322,1.1273908725875392,0.0
191,0,5,0.0,-28.254101647116517,200,0.0,0,0.0,20.05000000000002,1721.869000000008,24.467000000000002,70.3751583765892,0.0
191,1,5,0.0,-25.568424364677035,200,0.0,0,0.0,14.950000000000003,410.66799999999984,58.001999999999995,7.0802386124616365,0.0
191,2,5,0.0,-25.396773766732178,200,0.0,0,0.0,15.000000000000002,936.200000000003,45.346999999999994,20.645246653582443,0.0
191,3,5,0.0,-22.972068379855248,200,0.0,0,0.0,10.000000000000007,855.4000000000024,54.168000000000006,15.791611283414603,0.0
191,4,5,0.0,-28.08806963645683,200,0.0,0,0.0,20.000000000000014,1826.000000000009,41.013,44.52246848560235,0.0
192,0,5,0.0,-14.02586810517291,12,0.0,10,1.0,0.15000000000000002,17.528,13.995999999999999,1.2523578165190055,0.0
192,1,5,1.0,10.315031892572387,5,0.4464720650503991,0,0.0,0.44999999999999996,26.687,11.915000000000001,2.23978178766261,0.0
192,2,5,0.0,-13.199672052915455,12,0.0,10,1.0,0.15000000000000002,13.105,45.053,0.29087963065722594,0.0
192,3,5,0.0,-25.887672413793165,200,0.0,0,0.0,15.050000000000002,914.462999999998,12.528,72.99353448275846,0.0
192,4,5,0.0,-25.421749100289823,200,0.0,0,0.0,15.000000000000002,1109.944999999998,31.399,35.34969266537144,0.0
193,0,5,0.0,-25.677259020435233,200,0.0,0,0.0,15.050000000000002,2107.0759999999946,42.182,49.95201744820052,0.0
193,1,5,0.0,-26.463784319801608,200,0.0,0,0.0,15.100000000000003,796.8720000000035,48.404999999999994,16.46259683916958,0.0
193,2,5,0.0,-23.074002635652402,200,0.0,0,0.0,10.000000000000007,1067.5900000000047,47.806,22.331715684223838,0.0
193,3,5,0.0,-25.600543031100838,200,0.0,0,0.0,15.000000000000004,1344.7830000000015,60.769999999999996,22.12906039164064,0.0
193,4,5,0.0,-25.436395396629617,200,0.0,0,0.0,15.000000000000004,1345.423999999999,48.66000000000001,27.649486230990522,0.0
194,0,5,0.0,-25.39911385949257,200,0.0,0,0.0,15.000000000000004,553.2010000000014,31.372,17.633590462833144,0.0
194,1,5,1.0,10.08842772965837,7,0.8422237288135593,0,0.0,0.49999999999999994,36.875,31.057000000000002,1.1873329684129181,0.0
194,2,5,0.0,-23.37415402403562,200,0.0,0,0.0,10.050000000000008,1126.014,57.081999999999994,19.72625345993483,0.0
194,3,5,0.0,-25.349419360077984,200,0.0,0,0.0,15.000000000000002,1605.1879999999994,49.256,32.588679551729726,0.0
194,4,5,0.0,-25.521122128292006,200,0.0,0,0.0,15.000000000000002,2094.0449999999946,41.04699999999999,51.01578678100702,0.0
195,0,5,0.0,-28.64371491051902,200,0.0,0,0.0,19.85000000000003,656.6919999999996,44.814,14.653724282590252,0.0
195,1,5,1.0,10.407234441186054,4,0.46477113542573734,0,0.0,0.44999999999999996,26.413,12.276,2.1515966112740306,0.0
195,2,5,0.0,-25.619240059457475,200,0.0,0,0.0,15.000000000000004,1026.8000000000025,43.056,23.84801189149021,0.0
195,3,5,0.0,-28.04096913191653,200,0.0,0,0.0,19.950000000000017,1135.325000000001,46.06700000000001,24.64508216293661,0.0
195,4,5,0.0,-25.85780141557138,200,0.0,0,0.0,15.000000000000002,705.0040000000038,74.175,9.504603977081278,0.0
196,0,5,1.0,10.729852437417655,2,1.0,0,0.0,0.15000000000000002,7.59,7.59,1.0,0.0
196,1,5,0.0,-25.532176679131627,200,0.0,0,0.0,15.000000000000036,1109.1439999999998,20.591,53.86547520761496,0.0
196,2,5,0.0,-25.58229185534012,200,0.0,0,0.0,15.000000000000002,936.358000000003,49.689,18.844371993801506,0.0
196,3,5,0.0,-25.743441662638954,200,0.0,0,0.0,15.000000000000002,2091.4399999999946,51.724999999999994,40.433832769453744,0.0
196,4,5,0.0,-28.044916529830225,200,0.0,0,0.0,20.000000000000014,1682.5840000000012,58.464,28.779830322933794,0.0
197,0,5,0.0,-25.358511935877367,200,0.0,0,0.0,15.000000000000002,974.399999999997,34.434,28.297612824533807,0.0
197,1,5,0.0,-27.849232456140363,200,0.0,0,0.0,20.000000000000014,1683.2580000000012,21.888,76.90323464912285,0.0
197,2,5,0.0,-25.883036727210204,200,0.0,0,0.0,14.950000000000003,972.1670000000041,34.90599999999999,27.850999828109906,0.0
197,3,5,0.0,-33.16169654978715,200,0.0,0,0.0,30.000000000000004,1423.9300000000028,21.361,66.66026871401165,0.0
197,4,5,0.0,-25.277230421649868,200,0.0,0,0.0,15.000000000000002,895.5140000000048,40.721000000000004,21.991454040912668,0.0
198,0,5,1.0,10.197233985488834,6,0.6534395926725333,0,0.0,0.44999999999999996,54.206999999999994,35.42100000000001,1.5303633437791135,0.0
198,1,5,0.0,-28.039162270960563,200,0.0,0,0.0,20.000000000000014,1684.0570000000014,57.632000000000005,29.220866879511405,0.0
198,2,5,0.0,-25.687364328527494,200,0.0,0,0.0,15.000000000000002,1603.5539999999994,30.865000000000002,51.953798801231144,0.0
198,3,5,0.0,-23.120654236015536,200,0.0,0,0.0,10.20000000000001,810.0820000000017,39.955,20.27485921661874,0.0
198,4,5,0.0,-28.119872070853145,200,0.0,0,0.0,20.000000000000014,2673.0849999999987,16.259,164.4064825635032,0.0
199,0,5,0.0,-28.06419712911748,200,0.0,0,0.0,20.00000000000003,942.0549999999986,55.314,17.031040966120667,0.0
199,1,5,0.0,-25.895409033298787,200,0.0,0,0.0,14.950000000000003,271.48400000000004,17.358,15.640281138379999,0.0
199,2,5,0.0,-25.353095788451856,200,0.0,0,0.0,15.000000000000004,1115.1409999999978,43.262,25.7764550876057,0.0
199,3,5,0.0,-25.87022722297995,200,0.0,0,0.0,14.950000000000003,371.82299999999935,59.391000000000005,6.260595039652461,0.0
199,4,5,0.0,-28.059697279751585,200,0.0,0,0.0,20.000000000000014,1683.3420000000012,56.68600000000001,29.695903750485147,0.0
