scenario_id,robot_id,robots,success,reward,steps,spl,collisions,deadlock,cumulative_risk,path_length,shortest_path_length,detour,disruption_applied
0,0,10,1.0,10.755423162583519,2,0.9157658576381806,0,0.0,0.1,9.806000000000001,8.98,1.0919821826280625,1.0
0,1,10,1.0,10.370730741339878,4,0.7104866835764109,0,0.0,0.5,25.232,17.927,1.4074859151001282,1.0
0,2,10,0.0,-13.501819458513674,15,0.0,10,1.0,0.25,14.25,43.436,0.32806888295423153,1.0
0,3,10,0.0,-26.672267981015004,200,0.0,0,0.0,16.500000000000053,561.5099999999995,54.78,10.25027382256297,1.0
0,4,10,0.0,-12.899999999999999,10,0.0,10,1.0,0.0,0.0,41.828,0.0,1.0
0,5,10,0.0,-12.9,10,0.0,10,1.0,0.0,0.0,21.914,0.0,1.0
0,6,10,1.0,10.32232946360478,5,0.7440262278544859,0,0.0,0.4,31.721999999999998,23.602,1.344038640793153,1.0
0,7,10,0.0,-13.312649572649573,15,0.0,10,1.0,0.4,25.257,31.004999999999995,0.8146105466860185,1.0
0,8,10,1.0,10.370793854033291,5,1.0,0,0.0,0.3,23.43,23.43,1.0,1.0
0,9,10,1.0,8.999025604342119,15,0.8054862546629602,0,0.0,1.1500000000000001,84.17399999999999,67.801,1.2414861137741329,1.0
1,0,10,0.0,-13.423093296592057,19,0.0,10,1.0,0.6,61.341,35.564,1.7248059835789,1.0
1,1,10,0.0,-12.844960996955859,12,0.0,10,1.0,0.2,7.945,21.024,0.3779014459665145,1.0
1,2,10,0.0,-24.875828306264534,200,0.0,0,0.0,13.400000000000013,767.7949999999993,62.495000000000005,12.285702856228486,1.0
1,3,10,1.0,10.253935681732516,6,0.8108866598127205,0,0.0,0.35,35.989000000000004,29.183,1.2332179693657268,1.0
1,4,10,0.0,-23.402916848846505,200,0.0,0,0.0,10.050000000000008,849.7170000000018,77.762,10.927149507471539,1.0
1,5,10,0.0,-28.52513095308592,200,0.0,0,0.0,19.80000000000003,728.7790000000005,50.666999999999994,14.383701423016964,1.0
1,6,10,0.0,-14.158652036617651,19,0.0,10,1.0,0.9,26.363000000000003,31.351,0.8408982169627764,1.0
1,7,10,0.0,-25.94036535804275,200,0.0,0,0.0,14.950000000000003,1165.310999999996,61.515,18.943525969275722,1.0
1,8,10,1.0,9.970848632847312,8,0.6350690513923478,0,0.0,0.55,44.17,28.051000000000002,1.574631920430644,1.0
1,9,10,0.0,-13.236883601506332,12,0.0,10,1.0,0.1,6.3919999999999995,29.21,0.21882916809311878,1.0
2,0,10,0.0,-25.622280252022993,200,0.0,0,0.0,14.950000000000003,1369.126999999996,48.567,28.19047913192077,1.0
2,1,10,0.0,-13.221155103428437,16,0.0,10,1.0,0.49999999999999994,30.617000000000004,38.239000000000004,0.8006747038363974,1.0
2,2,10,0.0,-23.009353373061654,200,0.0,0,0.0,10.000000000000007,1108.3220000000003,30.372999999999998,36.49036973627894,1.0
2,3,10,0.0,-23.56394850885973,200,0.0,0,0.0,10.000000000000007,655.2890000000009,38.99699999999999,16.803574633946226,1.0
2,4,10,1.0,10.51483550627513,4,1.0,0,0.0,0.2,16.414,16.414,1.0,1.0
2,5,10,0.0,-13.530340338837656,16,0.0,10,1.0,0.45,33.151,46.63,0.7109371649152906,1.0
2,6,10,1.0,10.282392027706097,6,0.8542754379858453,0,0.0,0.3,34.476,29.452,1.170582642944452,1.0
2,7,10,0.0,-22.862564312707693,200,0.0,0,0.0,10.000000000000007,905.5169999999977,43.926,20.614601830350992,1.0
2,8,10,1.0,10.103819483524042,6,0.9254672761992943,0,0.0,0.65,34.562,31.986000000000004,1.080535234164947,1.0
2,9,10,0.0,-13.115652891759332,16,0.0,10,1.0,0.5,30.518,41.186,0.7409799446413831,1.0
3,0,10,0.0,-25.449482295408618,200,0.0,0,0.0,15.000000000000002,730.1999999999982,66.254,11.021221360219732,1.0
3,1,10,0.0,-13.607408207652464,13,0.0,10,1.0,0.35,16.273,34.943,0.46570128494977536,1.0
3,2,10,0.0,-25.49438320858647,200,0.0,0,0.0,15.050000000000002,1031.2200000000025,28.323999999999998,36.40799322129652,1.0
3,3,10,0.0,-28.004661274398163,200,0.0,0,0.0,20.000000000000025,1097.0499999999986,52.66800000000001,20.829535961114875,1.0
3,4,10,0.0,-12.934220140036775,11,0.0,10,1.0,0.05,4.887,53.843,0.09076388759913079,1.0
3,5,10,0.0,-12.831402080396636,11,0.0,10,1.0,0.05,8.488,41.146,0.20628979730715014,1.0
3,6,10,0.0,-23.460255855223348,200,0.0,0,0.0,10.000000000000007,900.5769999999975,51.279,17.56229645663912,1.0
3,7,10,1.0,10.484219367217186,4,0.933125043881205,0,0.0,0.25,28.485999999999997,26.581000000000003,1.0716677325909483,1.0
3,8,10,0.0,-13.139864572535943,13,0.0,10,1.0,0.2,19.541,44.378,0.4403307945378341,1.0
3,9,10,1.0,10.489302325581395,4,1.0,0,0.0,0.25,21.672,21.672,1.0,1.0
4,0,10,0.0,-25.41086260056845,200,0.0,0,0.0,13.95000000000001,1081.4810000000018,41.514,26.050994845112534,1.0
4,1,10,0.0,-30.747058712529512,200,0.0,0,0.0,24.8,593.2449999999989,37.096000000000004,15.992155488462336,1.0
4,2,10,1.0,10.317010193933367,5,1.0,0,0.0,0.39999999999999997,32.176,32.176,1.0,1.0
4,3,10,1.0,9.544881920326864,11,0.7116584039660963,0,0.0,0.8,68.783,48.949999999999996,1.4051685393258428,1.0
4,4,10,0.0,-22.764779874213787,200,0.0,0,0.0,10.000000000000007,972.3999999999978,20.669999999999998,47.0440251572326,1.0
4,5,10,1.0,10.728223614676129,2,1.0,0,0.0,0.15000000000000002,6.623,6.623,1.0,1.0
4,6,10,0.0,-23.53817713450169,200,0.0,0,0.0,10.050000000000008,612.1899999999996,43.769,13.98684000091388,1.0
4,7,10,0.0,-24.699343559466573,200,0.0,0,0.0,12.550000000000015,1089.1329999999975,62.161,17.521162786956413,1.0
4,8,10,1.0,10.730409235856856,2,1.0,0,0.0,0.15000000000000002,8.467,8.467,1.0,1.0
4,9,10,1.0,9.475772183054524,11,0.758671983795417,0,0.0,0.95,63.192,47.94199999999999,1.318092695340203,1.0
5,0,10,1.0,10.196273028781716,6,0.7124176660031398,0,0.0,0.45,61.791,44.02100000000001,1.4036709752163736,1.0
5,1,10,0.0,-23.125957295734658,200,0.0,0,0.0,10.000000000000007,235.60799999999955,39.434,5.9747426079018,1.0
5,2,10,0.0,-26.70093805309736,200,0.0,0,0.0,17.500000000000032,869.9999999999985,28.250000000000004,30.796460176991094,1.0
5,3,10,0.0,-25.45442255014583,200,0.0,0,0.0,15.000000000000002,605.6000000000021,56.585,10.702482990191783,1.0
5,4,10,1.0,9.423873433345994,12,0.8588086598442533,0,0.0,0.8500000000000001,49.054,42.128,1.1644037219901253,1.0
5,5,10,1.0,10.010265262435123,8,0.9239108125757999,0,0.0,0.45,53.595,49.516999999999996,1.0823555546579964,1.0
5,6,10,1.0,10.396457519985127,5,0.8278477672976717,0,0.0,0.25,45.483,37.653,1.2079515576448092,1.0
5,7,10,0.0,-23.825274557657075,200,0.0,0,0.0,10.20000000000001,449.11900000000105,45.891999999999996,9.78643336529245,1.0
5,8,10,1.0,10.467949325894933,4,1.0,0,0.0,0.30000000000000004,21.509999999999998,21.509999999999998,1.0,1.0
5,9,10,1.0,9.935742612344816,8,0.8303086616916867,0,0.0,0.6000000000000001,34.439,28.595,1.2043713936002798,1.0
6,0,10,0.0,-25.2550987902058,200,0.0,0,0.0,13.350000000000012,721.761000000001,51.827000000000005,13.926351129720048,1.0
6,1,10,1.0,10.005725572495525,7,0.9922827218717464,0,0.0,0.6500000000000001,32.653999999999996,32.402,1.0077772976976729,1.0
6,2,10,0.0,-30.556364490371042,200,0.0,0,0.0,25.0,874.6000000000031,72.386,12.0824468819938,1.0
6,3,10,0.0,-13.101314038745343,15,0.0,10,1.0,0.35,24.525,42.689,0.5745039705779006,1.0
6,4,10,0.0,-25.36881420418518,200,0.0,0,0.0,15.100000000000003,1685.4420000000007,42.57900000000001,39.583879377157764,1.0
6,5,10,0.0,-12.840488093671885,15,0.0,10,1.0,0.3,35.75600000000001,45.606,0.7840196465377364,1.0
6,6,10,1.0,10.346172181716208,5,0.9999532644763286,0,0.0,0.35,21.397,21.396,1.0000467377079827,1.0
6,7,10,0.0,-23.261596036544756,200,0.0,0,0.0,10.000000000000007,549.0440000000013,37.543000000000006,14.624404016727519,1.0
6,8,10,1.0,10.414897018495827,4,0.9012462533522639,0,0.0,0.39999999999999997,19.017,17.139000000000003,1.1095746542972167,1.0
6,9,10,1.0,10.46498681526444,4,0.9072402274984201,0,0.0,0.30000000000000004,22.154,20.099,1.1022438927309817,1.0
7,0,10,0.0,-23.611762383534273,200,0.0,0,0.0,10.15000000000001,911.8539999999979,37.994,23.999947360109434,1.0
7,1,10,1.0,10.349782059699985,5,0.9080027516624627,0,0.0,0.35,21.805,19.799,1.1013182483963837,1.0
7,2,10,0.0,-28.172064197177153,200,0.0,0,0.0,20.00000000000003,960.5999999999996,27.914,34.412839435408735,1.0
7,3,10,0.0,-14.426304355671032,17,0.0,10,1.0,0.6000000000000001,46.98300000000001,55.422000000000004,0.8477319476020354,1.0
7,4,10,0.0,-14.210562695268463,18,0.0,10,1.0,0.75,51.035,62.094,0.8218990562695268,1.0
7,5,10,0.0,-14.251990533134029,17,0.0,10,1.0,0.44999999999999996,32.196,48.168,0.668410563029397,1.0
7,6,10,0.0,-22.988386537628298,200,0.0,0,0.0,10.000000000000007,1088.4000000000012,34.615,31.443016033511515,1.0
7,7,10,1.0,10.585854593717741,3,1.0,0,0.0,0.25,13.562,13.562,1.0,1.0
7,8,10,0.0,-13.413168930565,18,0.0,10,1.0,0.7000000000000002,59.01899999999999,63.239,0.9332690270244627,1.0
7,9,10,0.0,-22.812918712192303,200,0.0,0,0.0,10.000000000000007,572.6120000000021,54.387,10.528471877470759,1.0
8,0,10,1.0,9.721312723616903,10,0.8317511067388095,0,0.0,0.65,40.66000000000001,33.819,1.202282740471333,1.0
8,1,10,1.0,9.743131004117108,9,0.899334036152323,0,0.0,0.8,38.891000000000005,34.976,1.1119338975297348,1.0
8,2,10,1.0,10.080955943938802,7,0.8831085579033013,0,0.0,0.5,40.559,35.818,1.1323636160589647,1.0
8,3,10,0.0,-25.559191297446844,200,0.0,0,0.0,15.000000000000004,805.6869999999993,51.663,15.595048680874115,1.0
8,4,10,1.0,9.889530557677617,8,0.7236042012161417,0,0.0,0.7000000000000001,36.17999999999999,26.18,1.3819709702062641,1.0
8,5,10,1.0,9.812900836912235,9,0.6808367071524967,0,0.0,0.65,53.35199999999999,36.324,1.4687809712586717,1.0
8,6,10,1.0,10.235429682986018,6,0.6650016650016649,0,0.0,0.39999999999999997,39.039,25.961,1.5037556334501754,1.0
8,7,10,0.0,-23.858000442764784,200,0.0,0,0.0,10.300000000000013,858.3150000000018,63.239,13.572558073340847,1.0
8,8,10,0.0,-25.6315569576424,200,0.0,0,0.0,15.000000000000002,2047.176999999994,77.97900000000001,26.252927070108537,1.0
8,9,10,1.0,10.095866360377645,7,0.9492930745267192,0,0.0,0.44999999999999996,41.730000000000004,39.614,1.0534154591810978,1.0
9,0,10,1.0,10.199913698253336,6,0.8701271503365744,0,0.0,0.44999999999999996,33.425000000000004,29.084000000000003,1.1492573236143584,1.0
9,1,10,1.0,10.365719714804602,5,1.0,0,0.0,0.3,29.733999999999995,29.733999999999995,1.0,1.0
9,2,10,0.0,-12.698061060659276,14,0.0,10,1.0,0.35,18.428,19.931,0.9245898349305103,1.0
9,3,10,0.0,-22.883008939516305,200,0.0,0,0.0,10.000000000000007,782.6000000000017,33.447,23.398212096750132,1.0
9,4,10,1.0,9.70225882023847,9,0.6734722712822324,0,0.0,0.9,42.465,28.599,1.4848421273471102,1.0
9,5,10,0.0,-25.95190508034348,200,0.0,0,0.0,14.950000000000003,955.6939999999986,51.591,18.524432556065953,1.0
9,6,10,0.0,-13.27808229252853,14,0.0,10,1.0,0.4,40.47,76.143,0.5314999409006738,1.0
9,7,10,0.0,-24.61221706684754,200,0.0,0,0.0,13.350000000000014,1079.8279999999968,41.272999999999996,26.163060596515805,1.0
9,8,10,0.0,-25.92447032325772,200,0.0,0,0.0,15.000000000000004,942.7349999999968,39.071000000000005,24.128765580609574,1.0
9,9,10,0.0,-28.0571097308489,200,0.0,0,0.0,20.00000000000003,704.9229999999974,60.37500000000001,11.675743271221487,1.0
10,0,10,0.0,-23.477338711394005,200,0.0,0,0.0,10.100000000000009,977.7210000000041,46.981,20.81098742044665,1.0
10,1,10,1.0,9.895849656412562,8,0.5697714839819236,0,0.0,0.7000000000000001,54.657000000000004,31.141999999999996,1.7550895896217331,1.0
10,2,10,0.0,-23.535062894378758,200,0.0,0,0.0,10.050000000000008,806.839000000004,48.494,16.637913968738484,1.0
10,3,10,1.0,10.491101198583493,4,1.0,0,0.0,0.25,14.684000000000001,14.684000000000001,1.0,1.0
10,4,10,1.0,9.928190835799573,8,0.8011478840996793,0,0.0,0.6,61.156000000000006,48.99499999999999,1.2482090009184614,1.0
10,5,10,0.0,-26.015571948051907,200,0.0,0,0.0,14.950000000000003,634.236000000003,57.75,10.982441558441609,1.0
10,6,10,1.0,10.729832544594101,2,0.8236881559220389,0,0.0,0.15000000000000002,6.67,5.494,1.2140516927557337,1.0
10,7,10,1.0,10.729641251573458,2,1.0,0,0.0,0.15000000000000002,11.122,11.122,1.0,1.0
10,8,10,0.0,-23.397012547528455,200,0.0,0,0.0,10.000000000000007,911.3909999999979,26.3,34.653650190113986,1.0
10,9,10,0.0,-23.04891794409379,200,0.0,0,0.0,10.000000000000007,628.1999999999999,62.104000000000006,10.115290480484347,1.0
11,0,10,0.0,-23.119561013343592,200,0.0,0,0.0,10.000000000000007,1331.2729999999942,41.367999999999995,32.18122703538954,1.0
11,1,10,0.0,-12.81635115791626,11,0.0,10,1.0,0.1,13.41,39.122,0.3427738868156025,1.0
11,2,10,0.0,-23.039494009817762,200,0.0,0,0.0,10.000000000000007,1455.0009999999947,58.262,24.97341320243031,1.0
11,3,10,1.0,9.371325425790754,12,0.7520700224157122,0,0.0,0.9500000000000002,65.57900000000001,49.31999999999999,1.3296634225466346,1.0
11,4,10,1.0,10.608011474951022,3,1.0,0,0.0,0.2,14.292000000000002,14.292000000000002,1.0,1.0
11,5,10,0.0,-26.21441216097479,200,0.0,0,0.0,15.200000000000003,961.0730000000026,51.213,18.766192177767415,1.0
11,6,10,0.0,-25.541525620217964,200,0.0,0,0.0,15.000000000000002,1039.5999999999976,43.13,24.103872014838803,1.0
11,7,10,1.0,8.848908140985651,16,0.6674161045882255,0,0.0,1.25,96.072,64.12,1.4983156581409856,1.0
11,8,10,0.0,-24.627206854923394,200,0.0,0,0.0,13.350000000000012,1131.4590000000017,38.104000000000006,29.693969137098506,1.0
11,9,10,0.0,-13.207798076391576,11,0.0,10,1.0,0.05,5.091,18.091,0.2814106461776574,1.0
12,0,10,0.0,-22.91773945551571,200,0.0,0,0.0,10.000000000000007,1091.4000000000003,66.33800000000001,16.45210889686153,1.0
12,1,10,0.0,-13.429569944264777,14,0.0,10,1.0,0.30000000000000004,16.603,29.066,0.5712172297529761,1.0
12,2,10,1.0,10.460892113816502,4,0.889706255390391,0,0.0,0.3,39.422000000000004,35.074,1.1239664708901183,1.0
12,3,10,0.0,-28.393848392757803,200,0.0,0,0.0,19.95000000000003,757.788,46.726,16.217694645379446,1.0
12,4,10,0.0,-12.802198038142553,13,0.0,10,1.0,0.4,15.321,23.753,0.6450132614827601,1.0
12,5,10,1.0,10.490067845959459,4,1.0,0,0.0,0.25,18.203,18.203,1.0,1.0
12,6,10,1.0,9.24925259024064,13,0.7711712872722586,0,0.0,1.0,62.077000000000005,47.872,1.296728776737968,1.0
12,7,10,0.0,-13.285672994561864,13,0.0,10,1.0,0.2,12.096,50.20099999999999,0.2409513754706082,1.0
12,8,10,0.0,-25.40230102869525,200,0.0,0,0.0,15.000000000000002,721.800000000001,36.94,19.539794260963752,1.0
12,9,10,1.0,10.43787527065814,4,0.9073837156172896,0,0.0,0.35000000000000003,21.886,19.858999999999998,1.1020695906138276,1.0
13,0,10,0.0,-14.232436026091317,19,0.0,10,1.0,0.44999999999999996,24.955000000000002,7.972,3.1303311590566985,1.0
13,1,10,0.0,-23.257210017177467,200,0.0,0,0.0,10.000000000000007,954.9059999999993,33.183,28.776964108127633,1.0
13,2,10,1.0,9.941580347284953,8,0.919371582808499,0,0.0,0.6,43.346999999999994,39.852,1.087699488105992,1.0
13,3,10,1.0,10.218446895215298,6,0.6335259072034664,0,0.0,0.39999999999999997,55.39,35.091,1.5784674132968568,1.0
13,4,10,1.0,10.467877503017549,4,0.9902540684667015,0,0.0,0.3,32.629,32.311,1.0098418495249295,1.0
13,5,10,0.0,-13.331419297964418,19,0.0,10,1.0,0.75,46.963,43.673,1.0753325853502163,1.0
13,6,10,0.0,-25.49276504779759,200,0.0,0,0.0,15.000000000000002,559.4000000000025,20.817,26.872267858000793,1.0
13,7,10,0.0,-23.12550934442859,200,0.0,0,0.0,10.000000000000007,1459.9999999999948,58.163000000000004,25.101868885717632,1.0
13,8,10,0.0,-23.174399538797886,200,0.0,0,0.0,10.150000000000011,752.2359999999998,66.782,11.264053187984784,1.0
13,9,10,0.0,-22.938830336846443,200,0.0,0,0.0,10.000000000000007,824.6259999999977,24.195,34.08249638355022,1.0
14,0,10,1.0,10.112480291970803,7,0.5324018100797955,0,0.0,0.45,57.898,30.825000000000003,1.878280616382806,1.0
14,1,10,1.0,10.224358383279544,6,0.9305906468989846,0,0.0,0.39999999999999997,41.954,39.042,1.0745863429127607,1.0
14,2,10,0.0,-28.433320735734153,200,0.0,0,0.0,19.900000000000023,838.0520000000001,77.52800000000002,10.809668764833349,1.0
14,3,10,0.0,-32.976252999074234,200,0.0,0,0.0,30.000000000000007,1145.8000000000043,52.933,21.64623202916903,1.0
14,4,10,0.0,-25.508178633975415,200,0.0,0,0.0,15.000000000000004,819.0850000000025,57.099999999999994,14.344746059544704,1.0
14,5,10,1.0,9.928901139534101,8,1.0,0,0.0,0.6,29.749000000000002,29.749000000000002,1.0,1.0
14,6,10,1.0,10.195235354191812,6,0.6859417290240408,0,0.0,0.44999999999999996,31.405,21.542,1.4578497818215579,1.0
14,7,10,1.0,9.725059916821355,10,0.6974712794375523,0,0.0,0.6500000000000001,61.01899999999999,42.559,1.433750793016753,1.0
14,8,10,1.0,10.063450298870931,7,0.7601817569841804,0,0.0,0.55,23.768,18.068,1.3154748727031216,1.0
14,9,10,0.0,-23.40861739323465,200,0.0,0,0.0,10.050000000000008,524.068999999998,36.037,14.542525737436469,1.0
15,0,10,0.0,-30.559285031118673,200,0.0,0,0.0,25.0,1594.9999999999955,72.143,22.108867111154172,1.0
15,1,10,0.0,-12.942526894780679,11,0.0,10,1.0,0.05,4.983,57.632000000000005,0.08646238200999444,1.0
15,2,10,1.0,9.791949584338965,9,0.8371831969666733,0,0.0,0.7,40.088,33.561,1.1944816900569113,1.0
15,3,10,1.0,9.88754437137118,9,0.8021941636130856,0,0.0,0.5,45.302,36.341,1.2465809966704273,1.0
15,4,10,1.0,9.307740571362967,12,0.6498265421583377,0,0.0,1.1,80.423,52.260999999999996,1.5388721991542451,1.0
15,5,10,0.0,-13.048147113594037,11,0.0,10,1.0,0.05,3.642,13.425,0.2712849162011173,1.0
15,6,10,1.0,10.753984794275492,2,0.20780669144981415,0,0.0,0.15000000000000002,10.76,2.236,4.812164579606439,1.0
15,7,10,0.0,-26.07007957352344,200,0.0,0,0.0,14.850000000000003,932.6140000000015,31.983000000000004,29.159678579245266,1.0
15,8,10,0.0,-25.340015390534788,200,0.0,0,0.0,15.000000000000004,1353.7869999999984,12.995000000000001,104.1775298191611,1.0
15,9,10,0.0,-25.119575166554117,200,0.0,0,0.0,13.300000000000013,520.3499999999998,41.428,12.560345659940133,1.0
16,0,10,1.0,10.76628817541112,2,0.316304415134064,0,0.0,0.1,16.149,5.108,3.1615113547376668,1.0
16,1,10,0.0,-25.488422089216215,200,0.0,0,0.0,14.900000000000002,917.250999999998,39.096000000000004,23.461505013300542,1.0
16,2,10,0.0,-13.077296991094482,13,0.0,10,1.0,0.2,12.236,37.954,0.32239026189597936,1.0
16,3,10,1.0,9.716857590645356,10,0.6481513501051843,0,0.0,0.6500000000000001,69.402,44.983000000000004,1.542849520930129,1.0
16,4,10,0.0,-25.066981036844762,200,0.0,0,0.0,13.350000000000014,711.822000000001,27.738,25.662340471555304,1.0
16,5,10,1.0,9.98394181775092,8,0.7042183001627238,0,0.0,0.49999999999999994,47.934,33.756,1.4200142196942764,1.0
16,6,10,0.0,-13.04530738903451,11,0.0,10,1.0,0.05,4.121,46.163,0.08927062799211491,1.0
16,7,10,0.0,-12.976013661663012,13,0.0,10,1.0,0.2,25.427,59.28999999999999,0.42885815483218087,1.0
16,8,10,0.0,-24.59814028386325,200,0.0,0,0.0,12.600000000000016,1059.7340000000002,26.703,39.685952889188485,1.0
16,9,10,0.0,-12.893687124035873,11,0.0,10,1.0,0.05,7.387,54.193999999999996,0.13630660220688637,1.0
17,0,10,0.0,-28.349540356251634,200,0.0,0,0.0,20.150000000000027,755.719,40.477000000000004,18.670331299256368,1.0
17,1,10,0.0,-25.54602295936333,200,0.0,0,0.0,15.000000000000004,1342.1010000000015,56.796,23.630202831185322,1.0
17,2,10,1.0,10.44033367165694,4,0.6629657666750778,0,0.0,0.35000000000000003,23.778,15.764,1.5083735092616086,1.0
17,3,10,0.0,-25.66490910758786,200,0.0,0,0.0,15.000000000000002,1337.925999999999,65.40700000000001,20.455394682526318,1.0
17,4,10,0.0,-23.032867043982897,200,0.0,0,0.0,10.000000000000007,610.4439999999985,41.69800000000001,14.63964698546689,1.0
17,5,10,1.0,9.536457835964574,12,0.6867947813822286,0,0.0,0.65,56.719999999999985,38.955,1.456039019381337,1.0
17,6,10,1.0,10.221085810513983,6,1.0,0,0.0,0.39999999999999997,27.316000000000003,27.316000000000003,1.0,1.0
17,7,10,0.0,-25.726699760659496,200,0.0,0,0.0,14.850000000000001,948.1969999999986,45.123999999999995,21.013141565464025,1.0
17,8,10,0.0,-23.055993921339688,200,0.0,0,0.0,10.050000000000008,527.9310000000017,49.682,10.6262026488467,1.0
17,9,10,0.0,-28.255411825109427,200,0.0,0,0.0,20.00000000000003,1046.9380000000003,37.006,28.29103388639681,1.0
18,0,10,1.0,9.676524827634237,10,0.6614155093392294,0,0.0,0.7500000000000001,43.419,28.718,1.5119089073055225,1.0
18,1,10,1.0,10.610144558961318,3,0.9683732987686325,0,0.0,0.2,7.715,7.471,1.0326596171864542,1.0
18,2,10,1.0,10.55938412301928,3,1.0,0,0.0,0.30000000000000004,12.811,12.811,1.0,1.0
18,3,10,0.0,-23.01434732911681,200,0.0,0,0.0,10.000000000000007,876.9050000000019,39.36899999999999,22.27399730752628,1.0
18,4,10,0.0,-12.825581978063541,12,0.0,10,1.0,0.1,7.291,21.152,0.34469553706505296,1.0
18,5,10,1.0,10.335503886925794,5,0.5651710824124617,0,0.0,0.4,37.555,21.225,1.7693757361601883,1.0
18,6,10,1.0,10.34498295544633,5,0.8448477947824923,0,0.0,0.35000000000000003,29.861,25.228,1.1836451561756778,1.0
18,7,10,0.0,-25.401676765999927,200,0.0,0,0.0,15.000000000000002,1353.1810000000019,24.093999999999998,56.162571594587945,1.0
18,8,10,0.0,-12.987929268328685,12,0.0,10,1.0,0.2,29.098,67.74900000000001,0.4294971143485512,1.0
18,9,10,0.0,-26.423968364221988,200,0.0,0,0.0,16.700000000000053,913.973000000001,63.346000000000004,14.428266978183325,1.0
19,0,10,0.0,-33.404965758053656,200,0.0,0,0.0,29.799999999999894,922.3180000000038,44.39,20.777607569272444,1.0
19,1,10,0.0,-23.130347221124204,200,0.0,0,0.0,10.000000000000007,760.2980000000011,63.245,12.021472053126748,1.0
19,2,10,0.0,-13.080207406290068,11,0.0,10,1.0,0.1,3.887,39.77700000000001,0.0977197878170802,1.0
19,3,10,0.0,-12.903718608323569,11,0.0,10,1.0,0.1,8.707,39.262,0.22176659365289594,1.0
19,4,10,0.0,-13.648631223256128,18,0.0,10,1.0,0.6000000000000001,32.648,58.891999999999996,0.5543707124906609,1.0
19,5,10,0.0,-26.20909377773393,200,0.0,0,0.0,15.100000000000003,937.1059999999978,40.564,23.10191302632871,1.0
19,6,10,1.0,10.248060348319157,5,0.974387308102135,0,0.0,0.5499999999999999,25.339000000000002,24.69,1.026285945727015,1.0
19,7,10,0.0,-13.27248155466073,18,0.0,10,1.0,0.7,37.837,39.983,0.9463271890553486,1.0
19,8,10,1.0,10.75729805966322,2,1.0,0,0.0,0.1,11.699,11.699,1.0,1.0
19,9,10,0.0,-25.939881185466106,200,0.0,0,0.0,15.050000000000002,741.7240000000012,48.52100000000001,15.286659384596382,1.0
20,0,10,1.0,9.649968329374506,10,0.8841541900955219,0,0.0,0.8,44.283,39.153,1.1310244425714506,1.0
20,1,10,1.0,10.608944786902631,3,0.9772005958935164,0,0.0,0.2,15.439,15.087,1.0233313448664414,1.0
20,2,10,0.0,-13.082582803454493,13,0.0,10,1.0,0.25,14.011,31.611000000000004,0.44323178640346705,1.0
20,3,10,0.0,-30.169225960223446,200,0.0,0,0.0,25.0,916.3499999999974,25.593,35.8047122259992,1.0
20,4,10,0.0,-26.497286092777852,200,0.0,0,0.0,16.649999999999995,928.1719999999988,42.273,21.956615333664484,1.0
20,5,10,0.0,-13.078030616466695,13,0.0,10,1.0,0.35,14.672999999999998,48.339999999999996,0.303537443111295,1.0
20,6,10,1.0,10.218909407665505,6,1.0,0,0.0,0.39999999999999997,40.17999999999999,40.17999999999999,1.0,1.0
20,7,10,1.0,10.730142938550669,2,1.0,0,0.0,0.15000000000000002,10.529,10.529,1.0,1.0
20,8,10,1.0,10.345527019154988,5,0.8959810874704494,0,0.0,0.35000000000000003,32.571,29.183000000000003,1.1160949868073877,1.0
20,9,10,1.0,9.370786578779128,12,0.6475609930191721,0,0.0,1.0,70.049,45.361,1.5442560790106041,1.0
21,0,10,1.0,10.729009978477793,2,1.0,0,0.0,0.15000000000000002,10.222000000000001,10.222000000000001,1.0,1.0
21,1,10,0.0,-13.675638969630151,19,0.0,10,1.0,0.49999999999999994,28.191,49.885000000000005,0.5651197754836123,1.0
21,2,10,1.0,10.077669139667845,7,0.8459722462140842,0,0.0,0.5,34.734,29.384,1.1820718758508033,1.0
21,3,10,0.0,-13.46324206368557,12,0.0,10,1.0,0.15000000000000002,9.394,20.507,0.45808748232310914,1.0
21,4,10,0.0,-24.22544343675412,200,0.0,0,0.0,13.300000000000013,1137.1949999999995,20.95,54.28138424821,1.0
21,5,10,0.0,-30.11544055015038,200,0.0,0,0.0,24.900000000000002,913.6229999999975,25.593,35.69815965303003,1.0
21,6,10,1.0,10.734493632504549,2,0.40943513345747984,0,0.0,0.15000000000000002,8.055,3.298,2.4423893268647663,1.0
21,7,10,1.0,10.491592896662503,4,0.8341935483870969,0,0.0,0.25,20.15,16.809,1.1987625676720803,1.0
21,8,10,0.0,-13.078043964232487,12,0.0,10,1.0,0.1,5.621,53.67999999999999,0.10471311475409838,1.0
21,9,10,0.0,-13.411392148985623,19,0.0,10,1.0,0.75,37.715,34.849,1.0822405234009587,1.0
22,0,10,0.0,-12.9,10,0.0,10,1.0,0.0,0.0,40.400999999999996,0.0,1.0
22,1,10,0.0,-13.533121624157992,17,0.0,10,1.0,0.55,42.382,47.95099999999999,0.8838606077036976,1.0
22,2,10,0.0,-22.965573853817205,200,0.0,0,0.0,10.000000000000007,309.6000000000003,39.348,7.868252516010987,1.0
22,3,10,0.0,-28.11755281009691,200,0.0,0,0.0,19.900000000000013,1352.3000000000009,75.03300000000002,18.02273666253516,1.0
22,4,10,0.0,-23.311616774320505,200,0.0,0,0.0,10.000000000000007,1056.6419999999941,30.499000000000002,34.645135906095085,1.0
22,5,10,0.0,-28.896687484907826,200,0.0,3,0.0,14.750000000000002,1195.6570000000027,45.553,26.247601694729276,1.0
22,6,10,1.0,10.295289352670675,5,0.9095881595881598,0,0.0,0.45,15.539999999999997,14.135,1.099398655818889,1.0
22,7,10,0.0,-12.9,10,0.0,10,1.0,0.0,0.0,20.565,0.0,1.0
22,8,10,1.0,10.055579884023196,7,0.8072639225181597,0,0.0,0.55,30.975,25.005,1.23875224955009,1.0
22,9,10,1.0,10.226842970153246,6,0.8922494629522284,0,0.0,0.39999999999999997,29.326999999999998,26.167,1.1207627928306645,1.0
23,0,10,1.0,10.486183301594414,4,0.9275126411304287,0,0.0,0.25,28.874,26.781,1.0781524214928495,1.0
23,1,10,0.0,-25.597711811997613,200,0.0,0,0.0,15.000000000000002,858.2859999999956,54.977999999999994,15.611444577831055,1.0
23,2,10,0.0,-22.962191800606533,200,0.0,0,0.0,10.000000000000007,633.4179999999989,48.467,13.06905729671733,1.0
23,3,10,0.0,-12.999547437801708,14,0.0,10,1.0,0.30000000000000004,34.620999999999995,64.632,0.5356634484465899,1.0
23,4,10,0.0,-25.901981885170454,200,0.0,0,0.0,15.050000000000002,709.7099999999973,68.39699999999999,10.37633229527607,1.0
23,5,10,1.0,9.938863112661144,8,0.8624449457514234,0,0.0,0.6,37.236,32.114,1.1594943015507255,1.0
23,6,10,0.0,-26.43647612408509,200,0.0,0,0.0,17.500000000000032,781.3500000000001,20.083,38.906039934272776,1.0
23,7,10,1.0,10.607275099144228,3,1.0,0,0.0,0.2,19.164,19.164,1.0,1.0
23,8,10,0.0,-24.405903837580176,200,0.0,0,0.0,12.500000000000014,712.3059999999983,58.318,12.214170581981522,1.0
23,9,10,0.0,-13.307834453104006,14,0.0,10,1.0,0.3,15.122,37.21,0.40639613007256115,1.0
24,0,10,1.0,9.665247816642283,10,0.7533816505794728,0,0.0,0.7500000000000001,59.882000000000005,45.114,1.3273484949239707,1.0
24,1,10,1.0,10.090857218784404,7,0.7122076517507098,0,0.0,0.5,36.985,26.341,1.4040848866785618,1.0
24,2,10,1.0,9.604844240630717,10,0.7743317940106352,0,0.0,0.8999999999999999,57.168000000000006,44.267,1.2914360584634152,1.0
24,3,10,0.0,-30.52226179875331,200,0.0,0,0.0,25.0,491.1080000000006,26.952,18.22157910359159,1.0
24,4,10,0.0,-30.426737005218392,200,0.0,0,0.0,25.0,997.6000000000055,43.883,22.73317685664165,1.0
24,5,10,0.0,-13.915987118801894,24,0.0,10,1.0,0.8,73.217,64.435,1.1362923876775044,1.0
24,6,10,0.0,-13.30752233828341,14,0.0,10,1.0,0.2,19.659,31.784,0.6185187515731185,1.0
24,7,10,0.0,-23.003618958673886,200,0.0,0,0.0,10.000000000000007,1356.5999999999967,59.962,22.62432874153625,1.0
24,8,10,0.0,-13.23140116256981,14,0.0,10,1.0,0.30000000000000004,21.839,26.320999999999998,0.8297177158922533,1.0
24,9,10,0.0,-23.204828510724315,200,0.0,0,0.0,10.000000000000007,886.7310000000036,39.535999999999994,22.42844496155412,1.0
25,0,10,0.0,-25.94817459811593,200,0.0,0,0.0,15.000000000000002,716.7439999999972,78.443,9.13713142026691,1.0
25,1,10,0.0,-35.601667639075586,200,0.0,0,0.0,34.499999999999915,1047.6729999999955,39.421,26.576520128865212,1.0
25,2,10,1.0,10.464696805304401,4,0.7773768801836841,0,0.0,0.3,21.341,16.590000000000003,1.2863773357444241,1.0
25,3,10,0.0,-13.430196268304204,16,0.0,10,1.0,0.44999999999999996,23.399,42.34,0.5526452527161076,1.0
25,4,10,0.0,-22.860558061086067,200,0.0,0,0.0,10.000000000000007,760.5999999999996,27.273,27.888387782788822,1.0
25,5,10,0.0,-25.532420724311294,200,0.0,0,0.0,15.000000000000004,932.7999999999979,57.71,16.163576503205647,1.0
25,6,10,0.0,-13.146234417157375,16,0.0,10,1.0,0.45,44.872,50.77700000000001,0.883707190263308,1.0
25,7,10,0.0,-23.073489793084335,200,0.0,0,0.0,10.000000000000007,510.6720000000011,36.005,14.183363421747009,1.0
25,8,10,0.0,-23.084062365430377,200,0.0,0,0.0,10.25000000000001,859.5749999999973,53.410999999999994,16.093594952350593,1.0
25,9,10,0.0,-25.436004628959953,200,0.0,0,0.0,15.000000000000004,1599.9829999999995,34.565000000000005,46.28910747866337,1.0
26,0,10,0.0,-12.966835020630878,11,0.0,10,1.0,0.1,3.646,44.351,0.0822078419877793,1.0
26,1,10,0.0,-25.70761213047908,200,0.0,0,0.0,15.000000000000002,1349.4919999999984,35.316,38.21191527919352,1.0
26,2,10,0.0,-25.513792944112033,200,0.0,0,0.0,15.000000000000002,972.489000000003,43.283,22.468151468243953,1.0
26,3,10,1.0,10.634625668449198,3,1.0,0,0.0,0.15000000000000002,11.033000000000001,11.033000000000001,1.0,1.0
26,4,10,1.0,9.86333007946765,8,0.9911965113109841,0,0.0,0.75,73.38,72.73400000000001,1.0088816784447436,1.0
26,5,10,0.0,-12.96431540287544,11,0.0,10,1.0,0.05,2.543,44.653999999999996,0.05694898553321092,1.0
26,6,10,0.0,-12.969480463922427,11,0.0,10,1.0,0.05,3.648,63.114000000000004,0.05780017111892765,1.0
26,7,10,1.0,9.987879405934905,8,0.9737615038182885,0,0.0,0.49999999999999994,35.749,34.811,1.0269455057309471,1.0
26,8,10,0.0,-12.93243985444645,11,0.0,10,1.0,0.05,10.022,76.39800000000001,0.13118144454043298,1.0
26,9,10,0.0,-26.747825026351457,200,0.0,0,0.0,17.40000000000003,1095.332000000002,66.41,16.493479897605813,1.0
27,0,10,1.0,10.75507904265654,2,1.0,0,0.0,0.1,11.323,11.323,1.0,1.0
27,1,10,1.0,10.059440535438476,7,0.5605444794497486,0,0.0,0.55,41.581,23.308,1.7839797494422518,1.0
27,2,10,1.0,9.734449941304714,10,0.6711688896392594,0,0.0,0.65,53.307,35.778,1.4899379506959585,1.0
27,3,10,0.0,-23.62178199166697,200,0.0,0,0.0,10.25000000000001,404.98200000000094,70.323,5.75888400665502,1.0
27,4,10,1.0,9.944629249372575,8,0.5432977167364951,0,0.0,0.6000000000000001,40.337,21.915000000000003,1.8406114533424593,1.0
27,5,10,1.0,10.3436660466165,5,0.990591322798593,0,0.0,0.35000000000000003,35.818,35.481,1.009498041205152,1.0
27,6,10,1.0,10.440467738454897,4,1.0,0,0.0,0.35,18.536,18.536,1.0,1.0
27,7,10,1.0,10.258854341328279,6,0.5191114138661823,0,0.0,0.35,26.424,13.717,1.926368739520303,1.0
27,8,10,1.0,10.467053140096619,4,1.0,0,0.0,0.3,24.012,24.012,1.0,1.0
27,9,10,0.0,-25.278618746433356,200,0.0,0,0.0,13.450000000000014,1040.1839999999988,42.056,24.733307970325253,1.0
28,0,10,1.0,9.258036754399626,13,0.8162668598960121,0,0.0,1.0,78.663,64.21,1.2250895499143437,1.0
28,1,10,1.0,10.608283297103577,3,1.0,0,0.0,0.2,17.021,17.021,1.0,1.0
28,2,10,0.0,-23.003312319351828,200,0.0,0,0.0,10.100000000000009,1033.1070000000018,43.939,23.512301144768927,1.0
28,3,10,1.0,9.703542669126458,10,0.7765208016422738,0,0.0,0.7000000000000001,67.711,52.579,1.2877955077122045,1.0
28,4,10,1.0,9.617536767488208,11,0.7626349102522171,0,0.0,0.65,51.979000000000006,39.641,1.3112434096011707,1.0
28,5,10,0.0,-23.07912886790103,200,0.0,0,0.0,10.000000000000007,857.2519999999973,32.188,26.632658133465803,1.0
28,6,10,1.0,9.04952626766734,15,0.6415025172295811,0,0.0,1.0500000000000003,81.836,52.498,1.5588403367747343,1.0
28,7,10,0.0,-27.929139845605675,200,0.0,0,0.0,19.950000000000024,608.8519999999987,33.68,18.077553444180484,1.0
28,8,10,1.0,10.513765584054633,4,0.8536469631236443,0,0.0,0.2,14.751999999999999,12.593,1.1714444532676884,1.0
28,9,10,0.0,-25.615135040336718,200,0.0,0,0.0,15.000000000000004,850.9220000000037,57.01999999999999,14.92321992283416,1.0
29,0,10,0.0,-13.611070457213202,17,0.0,10,1.0,0.7000000000000001,24.622999999999998,34.929,0.7049443156116693,1.0
29,1,10,0.0,-29.389622500815562,200,0.0,1,0.0,19.70000000000003,1105.6479999999983,64.37100000000001,17.176181821006324,1.0
29,2,10,0.0,-13.253036185948233,17,0.0,10,1.0,0.55,48.419,53.00399999999999,0.9134970945589013,1.0
29,3,10,0.0,-23.08572566758331,200,0.0,0,0.0,10.000000000000007,951.5969999999998,38.909,24.456989385489212,1.0
29,4,10,1.0,9.820496569056562,9,0.8622805522413498,0,0.0,0.65,41.069,35.413,1.1597153587665547,1.0
29,5,10,0.0,-24.630271496299308,200,0.0,0,0.0,13.350000000000012,673.8979999999985,58.638000000000005,11.492513387223276,1.0
29,6,10,0.0,-25.8400945665058,200,0.0,0,0.0,14.850000000000003,964.4229999999985,58.213,16.567141360177253,1.0
29,7,10,0.0,-23.298627239940284,200,0.0,0,0.0,10.000000000000007,2401.0290000000045,52.959,45.337506372854556,1.0
29,8,10,0.0,-22.39703455859256,200,0.0,0,0.0,10.000000000000007,873.4979999999969,31.83,27.442601319509798,1.0
29,9,10,1.0,9.785,2,1.0,1,0.0,0.05,7.812,7.812,1.0,1.0
30,0,10,1.0,10.19751266921208,6,0.6755616001500726,0,0.0,0.44999999999999996,42.646,28.81,1.480249913224575,1.0
30,1,10,1.0,10.48979318936877,4,0.8955667955965486,0,0.0,0.25,13.444,12.040000000000001,1.1166112956810632,1.0
30,2,10,1.0,10.633903958633551,3,0.9345638913095143,0,0.0,0.15000000000000002,12.623000000000001,11.797,1.070017801135882,1.0
30,3,10,0.0,-30.77379296274969,200,0.0,0,0.0,24.900000000000002,1120.3360000000032,41.664,26.889784946236635,1.0
30,4,10,1.0,10.292857045671004,5,0.8653453689167974,0,0.0,0.45000000000000007,25.480000000000004,22.049,1.1556079640800039,1.0
30,5,10,1.0,10.875,1,1.0,0,0.0,0.05,7.263,7.263,1.0,1.0
30,6,10,1.0,10.46678281068525,4,1.0,0,0.0,0.3,18.942,18.942,1.0,1.0
30,7,10,1.0,9.976205856336048,8,0.9578110403858271,0,0.0,0.5,46.031,44.089000000000006,1.044047268026038,1.0
30,8,10,0.0,-33.32055744108601,200,0.0,0,0.0,29.949999999999893,911.1650000000037,31.232,29.174084272541105,1.0
30,9,10,0.0,-23.384905773747793,200,0.0,0,0.0,10.100000000000009,949.0849999999992,36.614000000000004,25.92136887529358,1.0
31,0,10,1.0,10.489302325581395,4,1.0,0,0.0,0.25,21.672,21.672,1.0,1.0
31,1,10,0.0,-25.96472791113722,200,0.0,0,0.0,15.150000000000002,467.83500000000083,37.451,12.491922779098044,1.0
31,2,10,0.0,-33.01434867274767,200,0.0,0,0.0,30.000000000000004,886.7999999999988,68.299,12.9840846864522,1.0
31,3,10,1.0,9.879879712198239,8,0.786407130685542,0,0.0,0.7000000000000001,45.774,35.997,1.2716059671639304,1.0
31,4,10,0.0,-24.567073025998596,200,0.0,0,0.0,12.450000000000015,1073.6179999999977,53.925999999999995,19.90909765233835,1.0
31,5,10,1.0,9.742297354052917,9,0.9199945450826194,0,0.0,0.8,43.997,40.477000000000004,1.0869629666230203,1.0
31,6,10,0.0,-22.94735845085247,200,0.0,0,0.0,10.000000000000007,644.8000000000008,47.51,13.57187960429385,1.0
31,7,10,1.0,10.60789899276493,3,1.0,0,0.0,0.2,14.098,14.098,1.0,1.0
31,8,10,0.0,-23.387736645117403,200,0.0,0,0.0,10.000000000000007,921.6509999999977,44.08500000000001,20.906226607689636,1.0
31,9,10,0.0,-25.954416480948023,200,0.0,0,0.0,15.000000000000002,949.7610000000026,36.794,25.81293145621576,1.0
32,0,10,0.0,-22.899371745772232,200,0.0,0,0.0,10.000000000000007,1041.2000000000019,46.477999999999994,22.401996643573348,1.0
32,1,10,1.0,9.697818938795356,10,0.7973346256360553,0,0.0,0.7000000000000001,41.269999999999996,32.906,1.254178569257886,1.0
32,2,10,0.0,-28.43540526871322,200,0.0,0,0.0,19.850000000000016,1541.4349999999959,45.476000000000006,33.89557129035086,1.0
32,3,10,0.0,-30.513236635447466,200,0.0,0,0.0,25.0,976.5499999999981,44.951,21.724766968476743,1.0
32,4,10,0.0,-28.15336783144151,200,0.0,0,0.0,19.90000000000003,807.0910000000033,26.958,29.9388307737964,1.0
32,5,10,0.0,-30.773856900132074,200,0.0,0,0.0,24.8,739.234999999997,26.485,27.911459316594183,1.0
32,6,10,1.0,9.69748115183246,10,0.7063870705277563,0,0.0,0.7,54.077999999999996,38.2,1.4156544502617798,1.0
32,7,10,0.0,-25.6190901771337,200,0.0,0,0.0,14.950000000000003,735.4450000000003,53.406,13.770830992772353,1.0
32,8,10,0.0,-23.23944032963419,200,0.0,0,0.0,10.000000000000007,1106.5150000000003,39.559,27.971258120781627,1.0
32,9,10,0.0,-23.064597070665812,200,0.0,0,0.0,10.000000000000007,506.9690000000014,51.411,9.861099764641835,1.0
33,0,10,0.0,-25.78464731760611,200,0.0,0,0.0,15.000000000000004,773.8720000000022,33.869,22.848976940565183,1.0
33,1,10,0.0,-30.78073694963745,200,0.0,0,0.0,24.8,319.70999999999896,48.945,6.532025743181101,1.0
33,2,10,0.0,-28.395412500277196,200,0.0,0,0.0,19.80000000000003,1041.6030000000003,45.102999999999994,23.09387402168371,1.0
33,3,10,1.0,10.06897641457203,7,0.9858739793022141,0,0.0,0.49999999999999994,45.80199999999999,45.155,1.0143284243162438,1.0
33,4,10,0.0,-23.0809461638891,200,0.0,0,0.0,10.000000000000007,823.5319999999977,39.063,21.08214934848828,1.0
33,5,10,0.0,-33.190740320267786,200,0.0,0,0.0,29.700000000000003,975.4180000000023,50.208,19.427541427660977,1.0
33,6,10,1.0,10.220735906831985,6,0.9616470758610701,0,0.0,0.39999999999999997,41.431000000000004,39.842,1.0398825360172683,1.0
33,7,10,1.0,9.982365099214308,8,0.888830635013841,0,0.0,0.49999999999999994,47.68400000000001,42.383,1.125073732392705,1.0
33,8,10,1.0,10.377421012196294,5,0.670271314087091,0,0.0,0.3,31.070999999999998,20.826,1.4919331604724861,1.0
33,9,10,0.0,-25.624586008095758,200,0.0,0,0.0,15.000000000000002,609.4000000000027,24.457,24.917201619168445,1.0
34,0,10,0.0,-24.045294603713835,200,0.0,0,0.0,12.500000000000014,1028.6499999999992,43.56699999999999,23.610760437946137,1.0
34,1,10,1.0,10.85,1,1.0,0,0.0,0.1,3.997,3.997,1.0,1.0
34,2,10,1.0,9.89929110537881,9,0.8311540497617786,0,0.0,0.49999999999999994,37.78,31.401,1.203146396611573,1.0
34,3,10,0.0,-23.412197447067165,200,0.0,0,0.0,10.050000000000008,600.3179999999995,49.355000000000004,12.163266133117201,1.0
34,4,10,0.0,-12.98575336654044,11,0.0,10,1.0,0.1,3.879,63.641,0.06095127355006993,1.0
34,5,10,1.0,10.231257062828995,6,0.8294079948730273,0,0.0,0.4,24.966,20.707,1.2056792389047182,1.0
34,6,10,1.0,10.228810417928528,6,0.7263102325717805,0,0.0,0.39999999999999997,34.097,24.765,1.3768221280032304,1.0
34,7,10,0.0,-23.11807306342383,200,0.0,0,0.0,10.000000000000007,955.400000000003,40.458000000000006,23.614612684759575,1.0
34,8,10,0.0,-12.69941340782123,11,0.0,10,1.0,0.1,8.22,21.48,0.38268156424581007,1.0
34,9,10,1.0,9.299236007031178,12,0.6594311651231745,0,0.0,1.1,81.957,54.045,1.5164585067998888,1.0
35,0,10,0.0,-25.717092330184517,200,0.0,0,0.0,15.050000000000002,544.5569999999989,35.568,15.31030701754383,1.0
35,1,10,0.0,-22.95074506851898,200,0.0,0,0.0,10.000000000000007,1089.2010000000002,58.451,18.634428837829983,1.0
35,2,10,0.0,-27.922011401106488,200,0.0,0,0.0,20.00000000000003,758.799999999998,53.679,14.135881815980142,1.0
35,3,10,0.0,-23.612517957392576,200,0.0,0,0.0,10.10000000000001,583.6310000000022,40.791000000000004,14.30783751317698,1.0
35,4,10,1.0,10.066739225840427,7,0.8219069375976913,0,0.0,0.5,41.585,34.178999999999995,1.2166827584189124,1.0
35,5,10,1.0,9.916740226986128,8,0.5611080646017229,0,0.0,0.65,56.531000000000006,31.720000000000002,1.78218789407314,1.0
35,6,10,0.0,-23.20830521852455,200,0.0,0,0.0,10.000000000000007,629.392000000002,54.479,11.552928651407,1.0
35,7,10,1.0,10.001477574933514,7,1.0,0,0.0,0.65,50.011,50.011,1.0,1.0
35,8,10,1.0,10.465067813063374,4,1.0,0,0.0,0.3,36.055,36.055,1.0,1.0
35,9,10,0.0,-25.646396761133598,200,0.0,0,0.0,15.000000000000004,1053.721999999995,12.35,85.32161943319798,1.0
36,0,10,0.0,-23.512295299992495,200,0.0,0,0.0,10.100000000000009,1352.9609999999998,39.85099999999999,33.95049057740082,1.0
36,1,10,0.0,-25.8332601086615,200,0.0,0,0.0,15.000000000000002,843.8279999999987,38.284,22.04127050464943,1.0
36,2,10,0.0,-23.25200268302028,200,0.0,0,0.0,10.000000000000007,824.8750000000011,36.526,22.583228385259844,1.0
36,3,10,1.0,10.251418625103826,6,0.7974984413965086,0,0.0,0.35,25.664,20.467,1.2539209459129332,1.0
36,4,10,1.0,9.978840708951065,7,0.943422021243033,0,0.0,0.7,28.526999999999997,26.913,1.0599710177237764,1.0
36,5,10,1.0,10.491852235957852,4,1.0,0,0.0,0.25,24.105999999999998,24.105999999999998,1.0,1.0
36,6,10,0.0,-13.017296451936394,12,0.0,10,1.0,0.1,7.143,41.882,0.17055059452748197,1.0
36,7,10,0.0,-12.760986431408966,12,0.0,10,1.0,0.2,10.517,19.383,0.5425888665325285,1.0
36,8,10,0.0,-23.15752774544047,200,0.0,0,0.0,10.050000000000008,518.4779999999981,25.77,20.119441210710058,1.0
36,9,10,1.0,10.611646333714576,3,0.9984140074858846,0,0.0,0.2,15.763,15.738,1.0015885118820689,1.0
37,0,10,1.0,10.346327896391026,5,1.0,0,0.0,0.35,36.908,36.908,1.0,1.0
37,1,10,1.0,10.177361437747903,6,1.0,0,0.0,0.49999999999999994,28.489000000000004,28.489000000000004,1.0,1.0
37,2,10,0.0,-13.357196731615335,14,0.0,10,1.0,0.2,13.38,23.865000000000002,0.5606536769327467,1.0
37,3,10,0.0,-12.9,10,0.0,10,1.0,0.0,0.0,29.749,0.0,1.0
37,4,10,0.0,-23.38333941930891,200,0.0,0,0.0,10.050000000000008,642.866000000002,67.368,9.54260182876146,1.0
37,5,10,0.0,-32.239228041901654,200,0.0,0,0.0,27.349999999999998,787.4669999999998,37.23,21.151410153102333,1.0
37,6,10,0.0,-13.30296998190513,14,0.0,10,1.0,0.25,16.276,61.895999999999994,0.26295721856016546,1.0
37,7,10,0.0,-28.106867173228114,200,0.0,0,0.0,19.950000000000024,844.8490000000006,75.542,11.18383151094756,1.0
37,8,10,0.0,-23.03361985079469,200,0.0,0,0.0,10.000000000000007,876.1880000000018,21.581000000000003,40.59997219776663,1.0
37,9,10,0.0,-12.9,10,0.0,10,1.0,0.0,0.0,32.702999999999996,0.0,1.0
38,0,10,0.0,-23.586149559521687,200,0.0,0,0.0,10.050000000000008,962.2939999999992,39.389,24.43052628906545,1.0
38,1,10,0.0,-13.293976159674735,16,0.0,10,1.0,0.35000000000000003,35.289,81.165,0.4347810016632785,1.0
38,2,10,1.0,10.753810122339534,2,1.0,0,0.0,0.1,11.934,11.934,1.0,1.0
38,3,10,1.0,9.956588756559036,8,0.9692934323822388,0,0.0,0.55,47.384,45.929,1.0316793311415444,1.0
38,4,10,0.0,-23.22139724773353,200,0.0,0,0.0,10.050000000000008,860.3310000000024,33.863,25.40622508342446,1.0
38,5,10,1.0,10.728044708545557,2,1.0,0,0.0,0.15000000000000002,10.602,10.602,1.0,1.0
38,6,10,1.0,9.532797773371968,11,0.5461253997867804,0,0.0,0.8500000000000001,60.03199999999999,32.785,1.8310812871740123,1.0
38,7,10,1.0,9.682947440944881,9,0.891869590407135,0,0.0,0.9,56.958999999999996,50.8,1.121240157480315,1.0
38,8,10,1.0,10.729328370834038,2,1.0,0,0.0,0.15000000000000002,23.644,23.644,1.0,1.0
38,9,10,0.0,-12.98129971233369,16,0.0,10,1.0,0.7,58.328,55.620000000000005,1.0486875224739303,1.0
39,0,10,1.0,10.61073894912427,3,0.9370115661144108,0,0.0,0.2,12.796,11.99,1.0672226855713094,1.0
39,1,10,0.0,-33.05463190486759,200,0.0,0,0.0,29.700000000000006,799.8059999999958,81.066,9.866109096291858,1.0
39,2,10,0.0,-13.052211823818059,14,0.0,10,1.0,0.44999999999999996,17.578,34.033,0.5164986924455675,1.0
39,3,10,0.0,-23.04281689497717,200,0.0,0,0.0,10.000000000000007,901.8240000000025,43.8,20.589589041095948,1.0
39,4,10,1.0,10.516642731248776,4,0.7007776761207686,0,0.0,0.2,21.86,15.319,1.4269860956981526,1.0
39,5,10,0.0,-22.969863571574106,200,0.0,0,0.0,10.000000000000007,524.5300000000018,19.644,26.701791895744343,1.0
39,6,10,0.0,-25.841023031795476,200,0.0,0,0.0,14.950000000000003,834.1139999999956,41.421,20.137466502498626,1.0
39,7,10,0.0,-13.468405499817216,14,0.0,10,1.0,0.25,16.398999999999997,24.619,0.6661115398675819,1.0
39,8,10,0.0,-23.17878999147884,200,0.0,0,0.0,10.000000000000007,1069.8000000000031,25.818,41.43620729723461,1.0
39,9,10,1.0,10.368702865329514,5,0.9374160623153369,0,0.0,0.3,37.230000000000004,34.9,1.06676217765043,1.0
40,0,10,1.0,10.226842970153246,6,0.8922494629522284,0,0.0,0.39999999999999997,29.326999999999998,26.167,1.1207627928306645,1.0
40,1,10,0.0,-13.494526392924179,15,0.0,10,1.0,0.5499999999999999,25.069000000000003,38.893,0.6445632890237318,1.0
40,2,10,1.0,10.610256510518495,3,1.0,0,0.0,0.2,12.787,12.787,1.0,1.0
40,3,10,0.0,-12.758985399356416,15,0.0,10,1.0,0.35000000000000003,28.244000000000003,20.821,1.356515056913693,1.0
40,4,10,1.0,10.31985210302287,5,1.0,0,0.0,0.39999999999999997,27.722,27.722,1.0,1.0
40,5,10,0.0,-25.486085999743057,200,0.0,0,0.0,15.000000000000002,1037.6899999999973,62.25599999999999,16.668112310459996,1.0
40,6,10,0.0,-23.071500044331284,200,0.0,0,0.0,10.000000000000007,1128.7090000000007,78.95100000000001,14.296323035807028,1.0
40,7,10,1.0,10.251866335429623,6,1.0,0,0.0,0.35,28.780999999999995,28.780999999999995,1.0,1.0
40,8,10,0.0,-23.073672779922802,200,0.0,0,0.0,10.000000000000007,460.5539999999986,41.44,11.113754826254793,1.0
40,9,10,0.0,-25.4282837908457,200,0.0,0,0.0,15.000000000000004,492.3999999999985,32.531,15.136331499185347,1.0
41,0,10,0.0,-12.636501377410466,13,0.0,10,1.0,0.2,17.853,17.424,1.0246212121212122,1.0
41,1,10,0.0,-12.983538559371024,13,0.0,10,1.0,0.2,19.106,34.596,0.5522603769221877,1.0
41,2,10,1.0,10.133778004620426,6,0.6291363866824404,0,0.0,0.6000000000000001,29.585,18.613,1.5894804706388008,1.0
41,3,10,0.0,-23.090921208284005,200,0.0,0,0.0,10.000000000000007,1091.4000000000003,60.019,18.184241656808684,1.0
41,4,10,1.0,10.585510932816081,3,1.0,0,0.0,0.25,22.683999999999997,22.683999999999997,1.0,1.0
41,5,10,0.0,-23.038104411481402,200,0.0,0,0.0,10.000000000000007,857.8099999999973,25.955,33.049894047389614,1.0
41,6,10,0.0,-12.899999999999999,10,0.0,10,1.0,0.0,0.0,31.266,0.0,1.0
41,7,10,0.0,-34.04411193129287,200,0.0,9,0.0,14.3,783.5110000000022,63.806999999999995,12.279389408685603,1.0
41,8,10,0.0,-12.899999999999999,10,0.0,10,1.0,0.0,0.0,36.061,0.0,1.0
41,9,10,1.0,9.80861387786455,8,0.7496161228406912,0,0.0,0.85,52.099999999999994,39.05500000000001,1.3340161310971703,1.0
42,0,10,0.0,-13.210331980435011,13,0.0,10,1.0,0.25,11.701,57.654,0.20295209352343288,1.0
42,1,10,1.0,9.776223914730265,9,0.42335753803596127,0,0.0,0.75,57.839999999999996,24.487,2.362069669620615,1.0
42,2,10,0.0,-23.449165133578607,200,0.0,0,0.0,10.050000000000008,626.9019999999991,50.008,12.53603423452246,1.0
42,3,10,0.0,-25.873544811601096,200,0.0,0,0.0,15.000000000000002,877.8669999999961,33.652,26.086621894686676,1.0
42,4,10,0.0,-25.578564023535925,200,0.0,0,0.0,14.950000000000003,615.028999999999,53.535000000000004,11.488353413654599,1.0
42,5,10,0.0,-22.954207812636536,200,0.0,0,0.0,10.000000000000007,824.1999999999977,34.329,24.008855486614745,1.0
42,6,10,0.0,-12.95765849359805,13,0.0,10,1.0,0.2,16.969,38.582,0.4398164947384791,1.0
42,7,10,0.0,-25.997092155480477,200,0.0,0,0.0,15.000000000000004,1475.4409999999984,41.13699999999999,35.866519191968266,1.0
42,8,10,0.0,-24.45142526654598,200,0.0,0,0.0,13.350000000000012,1736.9900000000014,29.826,58.23744384094419,1.0
42,9,10,0.0,-25.680857091983206,200,0.0,0,0.0,15.150000000000002,974.9720000000029,47.737,20.423822192429412,1.0
43,0,10,1.0,10.224162955777963,6,0.6756128801644276,0,0.0,0.39999999999999997,33.571000000000005,22.681,1.4801375600723075,1.0
43,1,10,0.0,-23.039759909213945,200,0.0,0,0.0,10.000000000000007,310.9600000000003,73.139,4.2516304570748895,1.0
43,2,10,1.0,10.122607463029652,6,0.9340824506155168,0,0.0,0.6,27.944,26.102,1.070569305034097,1.0
43,3,10,0.0,-30.478070175438564,200,0.0,0,0.0,25.0,517.0680000000009,30.552,16.92419481539673,1.0
43,4,10,1.0,10.41963028892236,4,0.8990520743567646,0,0.0,0.4,32.492000000000004,29.212,1.112282623579351,1.0
43,5,10,0.0,-28.96543030303035,200,0.0,0,0.0,21.400000000000023,1014.0840000000007,31.35,32.34717703349285,1.0
43,6,10,1.0,9.651536003408605,10,0.7514350401353856,0,0.0,0.8,43.727,32.858000000000004,1.3307870229472272,1.0
43,7,10,0.0,-22.961874534696875,200,0.0,0,0.0,10.000000000000007,486.00000000000114,51.04200000000001,9.521570471376535,1.0
43,8,10,0.0,-23.37613874469087,200,0.0,0,0.0,10.100000000000009,466.96099999999853,31.785000000000004,14.691238005348387,1.0
43,9,10,0.0,-23.120554005963264,200,0.0,0,0.0,10.000000000000007,1253.400000000006,51.98500000000001,24.110801192651838,1.0
44,0,10,0.0,-25.407800076088968,200,0.0,0,0.0,15.050000000000002,600.1370000000005,42.056000000000004,14.269949591021506,1.0
44,1,10,0.0,-13.593474134548917,20,0.0,10,1.0,0.6,57.217,53.526999999999994,1.068937171894558,1.0
44,2,10,0.0,-23.26648594102089,200,0.0,0,0.0,10.000000000000007,823.3540000000023,51.035000000000004,16.133124326442683,1.0
44,3,10,1.0,9.477787308182,11,0.43327284604776084,0,0.0,1.0,68.88499999999999,29.846,2.3080144743014137,1.0
44,4,10,1.0,10.109829428189874,7,0.8573361551538701,0,0.0,0.45,28.823,24.711,1.1664036259155843,1.0
44,5,10,0.0,-22.963745698494833,200,0.0,0,0.0,10.000000000000007,991.3049999999988,57.53799999999999,17.228701032361204,1.0
44,6,10,0.0,-25.075970676079297,200,0.0,0,0.0,13.350000000000012,706.4149999999984,7.366,95.90211783871823,1.0
44,7,10,1.0,10.553660736347913,3,0.2513508477734302,0,0.0,0.35,16.101,4.047,3.978502594514455,1.0
44,8,10,0.0,-23.056779160560847,200,0.0,0,0.0,10.000000000000007,1222.7879999999993,45.721000000000004,26.74455939283916,1.0
44,9,10,0.0,-14.375993754970983,20,0.0,10,1.0,1.0,28.939999999999998,33.947,0.8525053760273366,1.0
45,0,10,1.0,10.614366362834462,3,0.8444654119282912,0,0.0,0.2,20.137,17.005,1.184181123199059,1.0
45,1,10,0.0,-22.775114568818676,200,0.0,0,0.0,10.050000000000008,678.7319999999972,32.294999999999995,21.01662796098459,1.0
45,2,10,0.0,-23.171872242470673,200,0.0,0,0.0,10.000000000000007,964.6870000000034,20.852000000000004,46.26352388260135,1.0
45,3,10,1.0,9.920805896805897,8,0.7537967650327201,0,0.0,0.6500000000000001,32.396,24.42,1.3266175266175266,1.0
45,4,10,0.0,-14.05244514262916,21,0.0,10,1.0,0.6000000000000001,53.17699999999999,60.156000000000006,0.8839849724050799,1.0
45,5,10,0.0,-25.53017721908283,200,0.0,0,0.0,15.000000000000002,531.2009999999973,26.012999999999998,20.420597393610784,1.0
45,6,10,0.0,-23.121596576279877,200,0.0,0,0.0,10.000000000000007,898.3799999999992,43.111000000000004,20.838765048363506,1.0
45,7,10,0.0,-25.971305048578884,200,0.0,0,0.0,15.000000000000002,466.75299999999856,44.052,10.595500771815095,1.0
45,8,10,1.0,9.118703974147842,14,0.4677217765376119,0,0.0,1.1,68.808,32.183,2.13802317993972,1.0
45,9,10,1.0,10.608935025380712,3,0.9058304211881553,0,0.0,0.2,10.874,9.850000000000001,1.1039593908629441,1.0
46,0,10,0.0,-12.767715046942403,11,0.0,10,1.0,0.05,4.38,15.764,0.27784826186247147,1.0
46,1,10,0.0,-22.89362513021869,200,0.0,0,0.0,10.000000000000007,1064.895000000003,62.395,17.066992547479813,1.0
46,2,10,0.0,-12.934666815957002,11,0.0,10,1.0,0.05,5.643,62.517999999999994,0.0902620045426917,1.0
46,3,10,0.0,-22.377399114173286,200,0.0,0,0.0,10.000000000000007,645.7259999999995,36.57600000000001,17.65436351706035,1.0
46,4,10,0.0,-13.941559613101273,11,0.0,10,1.0,0.05,4.563,34.531,0.13214213315571516,1.0
46,5,10,1.0,3.6253622779150483,12,0.9039950646698435,6,0.0,0.39999999999999997,47.007999999999996,42.495,1.106200729497588,1.0
46,6,10,0.0,-12.931249142745173,11,0.0,10,1.0,0.05,8.436,61.242000000000004,0.13774860389928478,1.0
46,7,10,0.0,-22.95891877774871,200,0.0,0,0.0,10.000000000000007,1586.9999999999927,38.290000000000006,41.44685296422023,1.0
46,8,10,0.0,-12.99595741925937,13,0.0,10,1.0,0.25,20.425,27.031000000000002,0.7556139247530612,1.0
46,9,10,0.0,-12.954450110335776,13,0.0,10,1.0,0.15000000000000002,10.265,16.767,0.6122144688972386,1.0
47,0,10,0.0,-25.51774990385463,200,0.0,0,0.0,15.000000000000002,353.3999999999994,33.803000000000004,10.454693370410892,1.0
47,1,10,0.0,-29.64799189210878,200,0.0,0,0.0,23.35000000000002,1242.3450000000025,37.371,33.24355783896611,1.0
47,2,10,0.0,-23.122815030101737,200,0.0,0,0.0,10.000000000000007,312.6400000000003,24.085,12.98069337762094,1.0
47,3,10,0.0,-23.940063420355315,200,0.0,0,0.0,12.000000000000016,813.2000000000005,46.042,17.662134572781383,1.0
47,4,10,1.0,9.881621666638905,8,0.9273412520659243,0,0.0,0.7000000000000002,64.74099999999999,60.03699999999999,1.0783516831287372,1.0
47,5,10,1.0,10.345011796384151,5,0.8921095376449866,0,0.0,0.35000000000000003,43.711,38.995000000000005,1.1209385818694704,1.0
47,6,10,0.0,-25.37392523713487,200,0.0,0,0.0,15.000000000000002,1354.5999999999983,53.556,25.29315109418176,1.0
47,7,10,1.0,10.587823870700372,3,0.6207233626588465,0,0.0,0.25,19.437,12.065000000000001,1.611023622047244,1.0
47,8,10,1.0,10.007537274586355,7,1.0,0,0.0,0.6500000000000001,26.895,26.895,1.0,1.0
47,9,10,0.0,-22.907570625817858,200,0.0,0,0.0,10.000000000000007,508.27299999999735,51.964000000000006,9.781252405511456,1.0
48,0,10,1.0,10.34430402256561,5,0.6491004617099188,0,0.0,0.35000000000000003,25.124000000000002,16.308,1.5405935737061567,1.0
48,1,10,1.0,10.032259610394103,8,0.8852438931005435,0,0.0,0.39999999999999997,65.295,57.80199999999999,1.1296321926576938,1.0
48,2,10,0.0,-25.68448387374952,200,0.0,0,0.0,15.000000000000002,899.236999999996,46.384,19.386792859606675,1.0
48,3,10,0.0,-26.16198817810187,200,0.0,0,0.0,16.699999999999996,768.3249999999985,18.101999999999997,42.444205060214266,1.0
48,4,10,0.0,-25.08673424523694,200,0.0,0,0.0,13.350000000000012,743.5569999999993,36.846000000000004,20.180128100743616,1.0
48,5,10,0.0,-13.515566676064282,16,0.0,10,1.0,0.4,24.788999999999998,42.56400000000001,0.5823935720327036,1.0
48,6,10,1.0,10.63988306195813,3,0.8816839436199568,0,0.0,0.15000000000000002,26.817999999999998,23.645,1.1341932755339394,1.0
48,7,10,0.0,-13.680290122886447,16,0.0,10,1.0,0.5000000000000001,22.701999999999998,32.469,0.6991899966121531,1.0
48,8,10,0.0,-26.145591076479715,200,0.0,0,0.0,15.050000000000002,825.4700000000012,37.474000000000004,22.027805945455544,1.0
48,9,10,0.0,-25.94391405055858,200,0.0,0,0.0,15.050000000000002,407.4829999999985,42.525000000000006,9.582198706643116,1.0
49,0,10,0.0,-23.635004752851692,200,0.0,0,0.0,10.000000000000007,1069.2330000000031,48.391999999999996,22.095243015374507,1.0
49,1,10,0.0,-25.522146096004327,200,0.0,0,0.0,15.000000000000004,784.4000000000033,70.351,11.149805972907325,1.0
49,2,10,0.0,-13.075662978359212,13,0.0,10,1.0,0.30000000000000004,18.959,65.432,0.28975119207727107,1.0
49,3,10,0.0,-13.333081201770538,12,0.0,10,1.0,0.15000000000000002,10.288,51.05800000000001,0.20149633749853105,1.0
49,4,10,1.0,10.875,1,1.0,0,0.0,0.05,6.997,6.997,1.0,1.0
49,5,10,0.0,-25.54412144144687,200,0.0,0,0.0,15.100000000000003,1109.7060000000006,67.127,16.53144040401032,1.0
49,6,10,1.0,9.693395491503969,10,0.7053954734347632,0,0.0,0.7000000000000001,58.233999999999995,41.077999999999996,1.417644481230829,1.0
49,7,10,0.0,-26.205515984489434,200,0.0,0,0.0,14.950000000000003,843.1930000000013,58.025,14.531546747091795,1.0
49,8,10,0.0,-12.567144910117058,12,0.0,10,1.0,0.2,26.436999999999998,38.272,0.6907660953177257,1.0
49,9,10,0.0,-12.964417926437328,13,0.0,10,1.0,0.15000000000000002,12.787999999999998,33.604000000000006,0.38054993453160324,1.0
50,0,10,1.0,9.606524593787997,11,0.7750364088066479,0,0.0,0.7000000000000001,58.365,45.23500000000001,1.290261965292362,1.0
50,1,10,0.0,-32.871681692215844,200,0.0,0,0.0,30.000000000000004,1048.3429999999992,57.014,18.387466236362982,1.0
50,2,10,0.0,-23.14741997285177,200,0.0,0,0.0,10.050000000000008,579.5609999999995,58.19899999999999,9.958263887695658,1.0
50,3,10,0.0,-12.96010905317566,12,0.0,10,1.0,0.1,9.812000000000001,51.07599999999999,0.19210588143159218,1.0
50,4,10,0.0,-25.011251506511094,200,0.0,0,0.0,13.350000000000012,515.4559999999998,34.019,15.15200329227784,1.0
50,5,10,0.0,-25.019187987436958,200,0.0,0,0.0,13.300000000000013,727.497000000001,56.674,12.8365211560857,1.0
50,6,10,0.0,-12.899999999999999,10,0.0,10,1.0,0.0,0.0,15.872,0.0,1.0
50,7,10,0.0,-12.9,10,0.0,10,1.0,0.0,0.0,41.97,0.0,1.0
50,8,10,0.0,-13.192132923368021,12,0.0,10,1.0,0.3,9.716000000000001,42.28,0.22980132450331128,1.0
50,9,10,0.0,-25.35006196700402,200,0.0,0,0.0,15.000000000000002,943.6229999999987,50.18800000000001,18.801765362237955,1.0
51,0,10,0.0,-22.967784319175262,200,0.0,0,0.0,10.000000000000007,845.599999999997,39.577,21.365944866968114,1.0
51,1,10,1.0,10.227000052834576,6,0.6692715700141443,0,0.0,0.39999999999999997,28.28,18.927,1.4941617794684843,1.0
51,2,10,0.0,-23.325719598712368,200,0.0,0,0.0,10.10000000000001,773.842000000001,31.997,24.18482982779639,1.0
51,3,10,0.0,-24.836717008099118,200,0.0,0,0.0,13.300000000000013,1730.357000000001,41.980000000000004,41.21860409718916,1.0
51,4,10,1.0,9.852623202998267,8,0.9119832672981109,0,0.0,0.75,58.806999999999995,53.631,1.0965113460498592,1.0
51,5,10,1.0,10.752760531091795,2,1.0,0,0.0,0.1,10.469,10.469,1.0,1.0
51,6,10,0.0,-23.098530939291173,200,0.0,0,0.0,10.050000000000008,677.7749999999972,42.745000000000005,15.856240495964375,1.0
51,7,10,1.0,9.753775306384997,9,0.6743296768523064,0,0.0,0.8000000000000002,87.607,59.07600000000001,1.4829541607420946,1.0
51,8,10,1.0,10.754224497535077,2,1.0,0,0.0,0.1,13.185,13.185,1.0,1.0
51,9,10,1.0,9.570270450579903,11,0.7950094653698021,0,0.0,0.75,61.276,48.714999999999996,1.2578466591398956,1.0
52,0,10,0.0,-26.16750026175275,200,0.0,0,0.0,15.050000000000002,280.4329999999998,28.653000000000002,9.787212508288828,1.0
52,1,10,0.0,-13.15265101968762,12,0.0,10,1.0,0.2,11.648,59.479,0.19583382370248323,1.0
52,2,10,1.0,10.736442362836934,2,0.1542339898572945,0,0.0,0.2,33.916,5.231,6.483655132861785,1.0
52,3,10,0.0,-23.17520748247868,200,0.0,0,0.0,10.050000000000008,335.9159999999998,39.666,8.468612917864162,1.0
52,4,10,1.0,10.402742558016115,5,0.7394049657534245,0,0.0,0.25,28.032,20.726999999999997,1.3524388478795775,1.0
52,5,10,0.0,-23.185007070174898,200,0.0,0,0.0,10.000000000000007,361.9849999999992,36.067,10.036459921812162,1.0
52,6,10,0.0,-13.231215928346646,12,0.0,10,1.0,0.15000000000000002,7.856,41.31000000000001,0.1901718712176228,1.0
52,7,10,1.0,10.63444303476275,3,1.0,0,0.0,0.15000000000000002,15.764,15.764,1.0,1.0
52,8,10,0.0,-23.706980353714822,200,0.0,0,0.0,10.100000000000009,877.6600000000009,24.483000000000004,35.8477310787077,1.0
52,9,10,0.0,-23.185487262792545,200,0.0,0,0.0,10.100000000000009,847.0630000000026,67.715,12.509237244332903,1.0
53,0,10,0.0,-12.908326241134752,11,0.0,10,1.0,0.05,4.563,38.07,0.11985815602836879,1.0
53,1,10,0.0,-27.950205463698865,200,0.0,0,0.0,19.90000000000003,707.7459999999974,39.13100000000001,18.086580971608118,1.0
53,2,10,1.0,9.991735987231246,8,0.7562348012851234,0,0.0,0.49999999999999994,56.336999999999996,42.604,1.3223406252933996,1.0
53,3,10,1.0,10.440863765863766,4,0.9861565181855333,0,0.0,0.35,19.576,19.305,1.0140378140378141,1.0
53,4,10,1.0,9.36778242869233,13,0.517574494785069,0,0.0,0.8000000000000002,84.46900000000001,43.718999999999994,1.932089023079211,1.0
53,5,10,0.0,-12.896733312905369,11,0.0,10,1.0,0.05,4.482,19.581,0.2288953577447526,1.0
53,6,10,0.0,-22.99019244253023,200,0.0,0,0.0,10.000000000000007,656.5829999999968,79.86800000000001,8.220851905644272,1.0
53,7,10,0.0,-25.023102561438176,200,0.0,0,0.0,13.350000000000012,656.5130000000008,38.494,17.054943627578346,1.0
53,8,10,1.0,10.531723223753977,3,1.0,0,0.0,0.35,11.316,11.316,1.0,1.0
53,9,10,1.0,10.121860020254303,6,0.9674241393386857,0,0.0,0.6000000000000001,36.745,35.548,1.0336727804658488,1.0
54,0,10,1.0,10.587355189400373,3,1.0,0,0.0,0.25,35.322,35.322,1.0,1.0
54,1,10,0.0,-23.034352479070595,200,0.0,0,0.0,10.000000000000007,905.6719999999979,60.083,15.073681407386413,1.0
54,2,10,0.0,-13.257325758188435,14,0.0,10,1.0,0.25,28.742,61.82500000000001,0.4648928427011726,1.0
54,3,10,0.0,-13.082185560043378,15,0.0,10,1.0,0.35,43.487,63.629,0.6834462273491647,1.0
54,4,10,0.0,-12.967344757278644,15,0.0,10,1.0,0.35,21.427000000000003,33.351000000000006,0.64246949116968,1.0
54,5,10,1.0,10.32336487221316,5,0.7687484324053172,0,0.0,0.39999999999999997,23.922000000000004,18.39,1.300815660685155,1.0
54,6,10,0.0,-22.97430755197687,200,0.0,0,0.0,10.000000000000007,936.440999999996,31.793,29.454313842669645,1.0
54,7,10,1.0,10.320616167326174,5,0.8419071518193225,0,0.0,0.4,23.113000000000003,19.459000000000003,1.187779433681073,1.0
54,8,10,0.0,-28.12231278013334,200,0.0,0,0.0,19.900000000000023,605.4399999999993,41.275,14.668443367655948,1.0
54,9,10,0.0,-22.960600947366288,200,0.0,0,0.0,10.000000000000007,1659.8399999999979,49.189,33.74412978511452,1.0
55,0,10,0.0,-23.463314457028712,200,0.0,0,0.0,10.000000000000007,1047.3009999999942,30.020000000000003,34.88677548301113,1.0
55,1,10,0.0,-23.112788684449907,200,0.0,0,0.0,10.000000000000007,482.63700000000034,68.15400000000001,7.081565278633686,1.0
55,2,10,0.0,-23.22625114271579,200,0.0,0,0.0,10.100000000000009,518.360000000001,66.727,7.768369625488948,1.0
55,3,10,0.0,-28.39568476611012,200,0.0,0,0.0,20.05000000000003,963.3700000000024,28.988000000000003,33.23340692700436,1.0
55,4,10,0.0,-23.36758703196347,200,0.0,0,0.0,10.000000000000007,1171.5260000000053,54.75,21.397735159817447,1.0
55,5,10,1.0,10.055374037089871,7,0.7748253603324784,0,0.0,0.55,45.236000000000004,35.05,1.2906134094151214,1.0
55,6,10,1.0,10.760389012620639,2,0.5604093859211182,0,0.0,0.1,12.018,6.734999999999999,1.784409799554566,1.0
55,7,10,0.0,-22.91354640417005,200,0.0,0,0.0,10.000000000000007,832.6000000000017,48.153,17.29071916599177,1.0
55,8,10,1.0,10.343940918411139,5,1.0,0,0.0,0.35,20.971,20.971,1.0,1.0
55,9,10,0.0,-25.720423595983178,200,0.0,0,0.0,15.000000000000004,488.60500000000275,75.284,6.490157271133344,1.0
56,0,10,0.0,-13.67127174199834,19,0.0,10,1.0,0.9,42.512,49.271,0.8628199143512411,1.0
56,1,10,1.0,10.345834555919197,5,0.3175530389908257,0,0.0,0.39999999999999997,27.904,8.861,3.1490802392506487,1.0
56,2,10,0.0,-25.595130438201558,200,0.0,0,0.0,15.000000000000002,738.1539999999969,50.867000000000004,14.511451432166176,1.0
56,3,10,1.0,9.862055151231889,8,0.7612972093732527,0,0.0,0.7500000000000001,39.346000000000004,29.954000000000004,1.3135474394070907,1.0
56,4,10,0.0,-13.802007287985864,19,0.0,10,1.0,0.85,37.909,45.28,0.8372128975265017,1.0
56,5,10,1.0,10.39614613872314,5,0.9854860639021074,0,0.0,0.25,29.42,28.993,1.0147276928913878,1.0
56,6,10,1.0,10.403090536124054,5,0.7037780170304394,0,0.0,0.25,40.868,28.761999999999997,1.4209025797927823,1.0
56,7,10,1.0,10.60653969510988,3,1.0,0,0.0,0.2,25.255000000000003,25.255000000000003,1.0,1.0
56,8,10,0.0,-25.885526014094406,200,0.0,0,0.0,14.950000000000003,904.5089999999979,29.657,30.499005293859724,1.0
56,9,10,1.0,10.221170225898037,5,0.8814696601501577,0,0.0,0.6,27.571,24.303,1.1344689955972513,1.0
57,0,10,0.0,-23.424993600862212,200,0.0,0,0.0,10.050000000000008,689.9400000000035,59.382999999999996,11.618476668406842,1.0
57,1,10,0.0,-13.121190218194355,15,0.0,10,1.0,0.35,30.646,60.909,0.5031440345433351,1.0
57,2,10,0.0,-12.9,10,0.0,10,1.0,0.0,0.0,58.80800000000001,0.0,1.0
57,3,10,1.0,10.608003707136236,3,1.0,0,0.0,0.2,10.79,10.79,1.0,1.0
57,4,10,1.0,10.199656152899102,6,0.8425290195109904,0,0.0,0.45,40.489999999999995,34.114,1.1869027378788766,1.0
57,5,10,0.0,-23.212816489905673,200,0.0,0,0.0,10.000000000000007,1887.0059999999928,34.227000000000004,55.13208870190179,1.0
57,6,10,0.0,-12.899999999999999,10,0.0,10,1.0,0.0,0.0,56.071999999999996,0.0,1.0
57,7,10,1.0,10.734100719424461,2,0.48465095126203295,0,0.0,0.15000000000000002,13.193,6.394,2.063340631842352,1.0
57,8,10,0.0,-25.88815702796912,200,0.0,0,0.0,15.050000000000002,834.9649999999956,36.433,22.917821755002212,1.0
57,9,10,0.0,-30.75506809237777,200,0.0,0,0.0,25.0,919.8269999999974,38.623999999999995,23.81490782932885,1.0
58,0,10,0.0,-23.13424851651757,200,0.0,0,0.0,10.000000000000007,1663.258999999998,56.455000000000005,29.461677442210572,1.0
58,1,10,0.0,-23.60213733905577,200,0.0,0,0.0,10.300000000000011,931.4669999999987,45.434999999999995,20.501089468471417,1.0
58,2,10,0.0,-25.951503286843774,200,0.0,0,0.0,15.000000000000004,916.9710000000008,45.028000000000006,20.36446211246337,1.0
58,3,10,0.0,-23.15384130497554,200,0.0,0,0.0,10.100000000000009,1081.0009999999982,41.564,26.00810797805789,1.0
58,4,10,0.0,-12.930180466463684,11,0.0,10,1.0,0.05,3.224,33.829,0.09530284667001686,1.0
58,5,10,0.0,-12.98005154816317,12,0.0,10,1.0,0.1,7.676,29.099,0.26378913364720435,1.0
58,6,10,0.0,-25.6089414182939,200,0.0,0,0.0,15.000000000000002,784.4000000000033,36.001000000000005,21.788283658787343,1.0
58,7,10,0.0,-12.895827873901116,11,0.0,10,1.0,0.1,7.385,35.718,0.20675849711629987,1.0
58,8,10,0.0,-12.93879311133997,12,0.0,10,1.0,0.15000000000000002,10.666,43.69499999999999,0.2441011557386429,1.0
58,9,10,0.0,-14.506412096114028,25,0.0,10,1.0,0.9000000000000002,56.955999999999996,20.767,2.742620503683729,1.0
59,0,10,0.0,-25.486384433052184,200,0.0,0,0.0,15.000000000000002,2174.6729999999993,54.423,39.95871230913399,1.0
59,1,10,1.0,10.318318090487079,5,0.9359770431737489,0,0.0,0.39999999999999997,61.681,57.732,1.0684022725698052,1.0
59,2,10,0.0,-25.683572101346904,200,0.0,0,0.0,14.950000000000003,1355.6539999999984,31.851,42.562368528460595,1.0
59,3,10,1.0,9.931686511240633,8,0.975629569455727,0,0.0,0.6000000000000001,49.24,48.04,1.0249791840133222,1.0
59,4,10,0.0,-25.535491948266753,200,0.0,0,0.0,15.000000000000004,719.736000000001,43.531,16.53387241276334,1.0
59,5,10,1.0,10.24992313856914,6,1.0,0,0.0,0.35000000000000003,27.452,27.452,1.0,1.0
59,6,10,0.0,-23.549326529112317,200,0.0,0,0.0,10.050000000000008,539.552999999998,54.42700000000001,9.91333345582152,1.0
59,7,10,0.0,-28.13014756348663,200,0.0,0,0.0,20.000000000000014,1640.9999999999968,34.967999999999996,46.9286204529855,1.0
59,8,10,0.0,-23.073401818130627,200,0.0,0,0.0,10.000000000000007,927.9059999999974,35.531,26.115392192733037,1.0
59,9,10,0.0,-32.976252999074234,200,0.0,0,0.0,30.000000000000007,1145.8000000000043,52.933,21.64623202916903,1.0
60,0,10,0.0,-23.057434093145023,200,0.0,0,0.0,10.000000000000007,1089.9570000000028,59.971000000000004,18.174734454986623,1.0
60,1,10,0.0,-25.303503890591827,200,0.0,0,0.0,15.000000000000002,458.1999999999994,21.205,21.60811129450599,1.0
60,2,10,0.0,-12.97811679328722,11,0.0,10,1.0,0.1,4.423,44.095,0.10030615716067581,1.0
60,3,10,0.0,-25.714853354938548,200,0.0,0,0.0,15.100000000000003,714.0330000000018,67.885,10.518273550858096,1.0
60,4,10,0.0,-25.31425785482118,200,0.0,0,0.0,15.000000000000004,857.1999999999956,23.075000000000003,37.148429035752784,1.0
60,5,10,1.0,10.875,1,1.0,0,0.0,0.05,7.196,7.196,1.0,1.0
60,6,10,1.0,10.464091007271943,4,0.8019053117782909,0,0.0,0.30000000000000004,17.32,13.889,1.24703002375981,1.0
60,7,10,0.0,-25.599390449008677,200,0.0,0,0.0,15.050000000000002,1291.1469999999968,39.242000000000004,32.90217114316285,1.0
60,8,10,0.0,-23.188014037693137,200,0.0,0,0.0,10.000000000000007,1046.9230000000057,56.56199999999999,18.509299529719705,1.0
60,9,10,0.0,-13.038878120948171,11,0.0,10,1.0,0.05,1.775,30.079,0.059011270321486745,1.0
61,0,10,1.0,9.928150857811756,8,0.7793203717429729,0,0.0,0.6,35.077999999999996,27.337,1.2831693309434098,1.0
61,1,10,0.0,-13.452308196974373,14,0.0,10,1.0,0.39999999999999997,19.405,51.82399999999999,0.3744404137079346,1.0
61,2,10,0.0,-22.848848793447,200,0.0,0,0.0,10.000000000000007,1092.3999999999983,36.136,30.230241310604335,1.0
61,3,10,0.0,-28.118474263575415,200,0.0,0,0.0,19.95000000000003,1026.4529999999963,32.522000000000006,31.561804317077552,1.0
61,4,10,1.0,10.003938139705582,7,0.7465371853024446,0,0.0,0.6500000000000001,32.849,24.523,1.3395180035069119,1.0
61,5,10,1.0,10.204065241844768,6,0.6569370035100683,0,0.0,0.45,27.065,17.78,1.5222159730033746,1.0
61,6,10,0.0,-13.186554453557124,14,0.0,10,1.0,0.35,19.774,26.215,0.7543009727255389,1.0
61,7,10,1.0,10.131087125272613,7,0.7634542119373501,0,0.0,0.39999999999999997,35.435,27.053,1.309836247366281,1.0
61,8,10,0.0,-12.9,10,0.0,10,1.0,0.0,0.0,46.454,0.0,1.0
61,9,10,0.0,-12.899999999999999,10,0.0,10,1.0,0.0,0.0,33.61,0.0,1.0
62,0,10,0.0,-23.036772239925448,200,0.0,0,0.0,10.000000000000007,507.7999999999982,56.80100000000001,8.939983450995548,1.0
62,1,10,1.0,10.494864541509509,4,0.9406042572671091,0,0.0,0.25,26.214000000000002,24.657,1.0631463681713105,1.0
62,2,10,1.0,10.342484836753128,5,0.7901901799826645,0,0.0,0.35,19.613,15.497999999999998,1.26551813137179,1.0
62,3,10,1.0,10.094496327387198,6,0.9750073078047355,0,0.0,0.65,47.894,46.697,1.0256333383300853,1.0
62,4,10,1.0,10.637881468376824,3,0.8104668877139528,0,0.0,0.15000000000000002,11.159,9.044,1.2338567005749668,1.0
62,5,10,1.0,10.730112600738117,2,1.0,0,0.0,0.15000000000000002,13.277000000000001,13.277000000000001,1.0,1.0
62,6,10,1.0,9.81714124062713,9,0.9508192471222648,0,0.0,0.6500000000000001,38.571999999999996,36.675,1.0517246080436264,1.0
62,7,10,0.0,-13.517902300240177,18,0.0,10,1.0,0.5499999999999999,51.852,62.037000000000006,0.8358237825813626,1.0
62,8,10,1.0,10.4633923087376,4,1.0,0,0.0,0.3,36.795,36.795,1.0,1.0
62,9,10,0.0,-13.413833943833943,18,0.0,10,1.0,0.55,60.604,58.968,1.0277438610771943,1.0
63,0,10,0.0,-13.567324007026867,19,0.0,10,1.0,0.75,46.238,46.678000000000004,0.9905737178113886,1.0
63,1,10,0.0,-13.633217155756212,21,0.0,10,1.0,0.7000000000000001,60.798,55.375,1.0979322799097067,1.0
63,2,10,0.0,-23.04231222633887,200,0.0,0,0.0,10.000000000000007,411.19999999999936,47.504,8.6561131694173,1.0
63,3,10,0.0,-13.810376456161862,19,0.0,10,1.0,0.8,50.836,32.620000000000005,1.5584304107909255,1.0
63,4,10,0.0,-14.256782967287553,21,0.0,10,1.0,0.6500000000000001,44.117999999999995,32.373000000000005,1.3628023352793992,1.0
63,5,10,0.0,-25.500849336268747,200,0.0,0,0.0,15.050000000000002,601.7320000000005,45.877,13.116202018440624,1.0
63,6,10,1.0,10.875,1,1.0,0,0.0,0.05,7.655,7.655,1.0,1.0
63,7,10,1.0,9.835245192711396,8,0.9846624498739097,0,0.0,0.8,48.378,47.636,1.0155764547820976,1.0
63,8,10,1.0,10.8,1,1.0,0,0.0,0.2,6.938,6.938,1.0,1.0
63,9,10,0.0,-25.547098668624194,200,0.0,0,0.0,15.000000000000002,585.4529999999999,59.938,9.767643231339047,1.0
64,0,10,0.0,-24.286802333046044,200,0.0,0,0.0,12.500000000000014,585.1000000000012,54.521,10.731644687368192,1.0
64,1,10,1.0,10.24838228568525,5,0.9472898815827475,0,0.0,0.55,20.774,19.679,1.0556430712942733,1.0
64,2,10,0.0,-22.918231584782713,200,0.0,0,0.0,10.000000000000007,1076.1999999999969,43.293000000000006,24.858522162936197,1.0
64,3,10,1.0,9.641769716896539,10,0.9989762402422898,0,0.0,0.8,46.886,46.838,1.0010248089158376,1.0
64,4,10,1.0,10.105539509536785,7,0.793577857664135,0,0.0,0.45,36.997,29.360000000000003,1.2601158038147138,1.0
64,5,10,0.0,-25.495280479046663,200,0.0,0,0.0,14.950000000000003,600.5859999999991,51.519,11.657563229099926,1.0
64,6,10,0.0,-12.9,10,0.0,10,1.0,0.0,0.0,42.744,0.0,1.0
64,7,10,0.0,-12.95148576951145,10,0.0,10,1.0,0.0,0.0,50.701,0.0,1.0
64,8,10,0.0,-25.549707545519944,200,0.0,0,0.0,15.000000000000002,1605.7999999999995,51.461,31.20421289908862,1.0
64,9,10,1.0,9.371885822265021,13,0.7563455962180659,0,0.0,0.8,72.767,55.03699999999999,1.3221469193451678,1.0
65,0,10,0.0,-33.179307269660484,200,0.0,0,0.0,29.899999999999896,916.4650000000005,59.879,15.30528231934402,1.0
65,1,10,0.0,-24.350675914216435,200,0.0,0,0.0,12.550000000000015,680.6959999999997,75.91199999999999,8.966909052587203,1.0
65,2,10,1.0,10.411292948210042,4,0.7790247460860783,0,0.0,0.39999999999999997,17.820999999999998,13.883,1.2836562702585896,1.0
65,3,10,1.0,10.295285420175931,5,1.0,0,0.0,0.45000000000000007,32.058,32.058,1.0,1.0
65,4,10,0.0,-23.2825436854646,200,0.0,0,0.0,10.000000000000007,667.8830000000032,25.18,26.52434471803031,1.0
65,5,10,1.0,10.147507258753203,6,0.9408040620882476,0,0.0,0.55,31.116999999999997,29.275,1.0629205807002562,1.0
65,6,10,1.0,10.489130860381248,4,1.0,0,0.0,0.25,19.409999999999997,19.409999999999997,1.0,1.0
65,7,10,0.0,-23.08354429899452,200,0.0,0,0.0,10.050000000000008,633.9139999999993,52.709999999999994,12.026446594574074,1.0
65,8,10,0.0,-24.63173130646156,200,0.0,0,0.0,13.300000000000013,595.9510000000012,55.126,10.810706381743664,1.0
65,9,10,1.0,10.057291380815768,7,0.7683718701329819,0,0.0,0.5499999999999999,41.735,32.068,1.3014531620306848,1.0
66,0,10,0.0,-23.712334433274517,200,0.0,0,0.0,10.300000000000011,970.7749999999947,52.123999999999995,18.624338116798306,1.0
66,1,10,0.0,-25.834348199164527,200,0.0,0,0.0,15.000000000000002,1694.8410000000006,44.285000000000004,38.27122050355652,1.0
66,2,10,0.0,-23.575716161443157,200,0.0,0,0.0,10.000000000000007,727.6390000000026,17.517,41.53901923845422,1.0
66,3,10,1.0,10.362602804849061,4,0.9626121178839467,0,0.0,0.5,21.852,21.035000000000004,1.0388400285238886,1.0
66,4,10,0.0,-23.131362258055354,200,0.0,0,0.0,10.000000000000007,335.2699999999998,35.287,9.501232748604297,1.0
66,5,10,0.0,-23.244540985391804,200,0.0,0,0.0,10.200000000000012,1029.5950000000018,64.279,16.017595171051227,1.0
66,6,10,0.0,-23.231484637811146,200,0.0,0,0.0,10.000000000000007,782.8229999999998,17.836,43.890053823727285,1.0
66,7,10,0.0,-28.480666100053455,200,0.0,0,0.0,19.80000000000003,726.6140000000005,50.592999999999996,14.361947304963147,1.0
66,8,10,1.0,10.637878685875858,3,0.5968338154934104,0,0.0,0.15000000000000002,12.444,7.427,1.675508280597819,1.0
66,9,10,0.0,-23.618947010119598,200,0.0,0,0.0,10.100000000000009,646.6760000000022,54.35,11.898362465501421,1.0
67,0,10,0.0,-25.776069353797553,200,0.0,0,0.0,14.950000000000003,608.5150000000016,27.886,21.82152334504775,1.0
67,1,10,0.0,-14.621560346350947,23,0.0,10,1.0,1.4500000000000002,35.03,33.95399999999999,1.0316899334393594,1.0
67,2,10,0.0,-23.163106442310827,200,0.0,0,0.0,10.000000000000007,1896.4589999999928,63.114000000000004,30.048150964920502,1.0
67,3,10,0.0,-25.672955428571456,200,0.0,0,0.0,14.900000000000002,713.1000000000018,56.87499999999999,12.538021978022012,1.0
67,4,10,1.0,9.99031793501931,8,0.76849785790789,0,0.0,0.49999999999999994,44.815999999999995,34.440999999999995,1.3012398013994948,1.0
67,5,10,1.0,10.344111302524155,5,0.7749818603976201,0,0.0,0.35000000000000003,34.455,26.701999999999998,1.2903527825631038,1.0
67,6,10,0.0,-23.16190396549447,200,0.0,0,0.0,10.05000000000001,774.2050000000006,45.44200000000001,17.037212270586693,1.0
67,7,10,0.0,-30.483868850546205,200,0.0,0,0.0,25.0,1594.9999999999955,68.563,23.263276111021913,1.0
67,8,10,1.0,10.237370141038872,5,0.9714285714285713,0,0.0,0.55,41.894999999999996,40.69799999999999,1.0294117647058825,1.0
67,9,10,0.0,-14.403647561785032,23,0.0,10,1.0,1.2,78.51799999999999,51.226,1.532776324522703,1.0
68,0,10,0.0,-23.11671620001047,200,0.0,0,0.0,10.000000000000007,646.0530000000008,38.358,16.842718598467094,1.0
68,1,10,1.0,10.58414624994482,3,0.9552584970903264,0,0.0,0.25,23.714,22.653,1.046837063523595,1.0
68,2,10,0.0,-23.092276048443654,200,0.0,0,0.0,10.000000000000007,669.9150000000033,29.973,22.350615553998708,1.0
68,3,10,1.0,9.79648378288007,9,0.7310356066161493,0,0.0,0.7000000000000001,49.092,35.888,1.3679224253232278,1.0
68,4,10,1.0,9.241642853586898,13,0.42380319429499763,0,0.0,1.05,94.79399999999998,40.174,2.3595858017623335,1.0
68,5,10,0.0,-25.51719386764989,200,0.0,0,0.0,15.000000000000052,828.2000000000011,41.224,20.090238695905324,1.0
68,6,10,0.0,-25.244825373054507,200,0.0,0,0.0,15.000000000000002,954.1999999999966,18.697000000000003,51.03492538909967,1.0
68,7,10,0.0,-23.361913451720753,200,0.0,0,0.0,10.050000000000008,853.5829999999968,49.949,17.08909087269008,1.0
68,8,10,1.0,10.130537518948964,7,0.49475,0,0.0,0.45,32.0,15.832,2.02122283981809,1.0
68,9,10,0.0,-23.101306514201763,200,0.0,0,0.0,10.000000000000007,882.4000000000018,43.550999999999995,20.26130284034814,1.0
69,0,10,1.0,10.85,1,1.0,0,0.0,0.1,1.745,1.745,1.0,1.0
69,1,10,0.0,-36.75627125484277,200,0.0,9,0.0,19.050000000000033,687.3130000000004,37.168,18.492063065002164,1.0
69,2,10,0.0,-13.261421499975853,11,0.0,10,1.0,0.15,4.57,20.707,0.22069831457961075,1.0
69,3,10,0.0,-13.099300859075122,14,0.0,10,1.0,0.25,22.868,49.239,0.4644286033428786,1.0
69,4,10,0.0,-13.010367841955723,11,0.0,10,1.0,0.1,1.927,52.441,0.03674605747411377,1.0
69,5,10,0.0,-24.863964865741703,200,0.0,0,0.0,13.350000000000012,710.4339999999988,52.399,13.558159506860795,1.0
69,6,10,1.0,10.343384647534132,5,0.9824129200027373,0,0.0,0.35,29.226,28.712,1.0179019225410977,1.0
69,7,10,1.0,10.585715347761441,3,0.6107971745711402,0,0.0,0.25,29.73,18.159,1.6372046918883199,1.0
69,8,10,0.0,-29.258178135888464,200,0.0,0,0.0,21.35000000000002,1036.4280000000006,68.88,15.046864111498268,1.0
69,9,10,0.0,-22.995126543722677,200,0.0,0,0.0,10.000000000000007,635.7459999999992,54.17100000000001,11.735910357940579,1.0
70,0,10,0.0,-23.494371717651223,200,0.0,0,0.0,10.000000000000007,953.5199999999992,33.702999999999996,28.29184345607214,1.0
70,1,10,0.0,-23.68947819394557,200,0.0,0,0.0,10.100000000000009,911.9099999999992,38.98,23.394304771677763,1.0
70,2,10,1.0,9.507189121615248,12,0.6571087586602395,0,0.0,0.7000000000000002,64.519,42.396,1.521818096046797,1.0
70,3,10,1.0,10.609382374362708,3,0.6026158707865169,0,0.0,0.2,11.392,6.865,1.6594319009468317,1.0
70,4,10,0.0,-28.18239682973491,200,0.0,0,0.0,20.00000000000003,754.98,21.954,34.389177370866356,1.0
70,5,10,1.0,10.754253167252209,2,0.8115603939865216,0,0.0,0.1,11.574,9.393,1.2321941871606514,1.0
70,6,10,1.0,10.610579823873048,3,1.0,0,0.0,0.2,22.938000000000002,22.938000000000002,1.0,1.0
70,7,10,0.0,-23.11807601649965,200,0.0,0,0.0,10.000000000000007,623.2309999999991,40.728,15.302273620113903,1.0
70,8,10,0.0,-23.115923892223282,200,0.0,0,0.0,10.000000000000007,462.0399999999986,39.155,11.800280934746484,1.0
70,9,10,1.0,9.857576076741097,8,0.8940689015733201,0,0.0,0.7500000000000001,34.513000000000005,30.857,1.1184820300093983,1.0
71,0,10,0.0,-25.52538450324374,200,0.0,0,0.0,15.000000000000004,1353.7869999999984,54.876000000000005,24.669928566221998,1.0
71,1,10,1.0,10.605484697723504,3,0.6925245353936104,0,0.0,0.2,9.578000000000001,6.633000000000001,1.443992160410071,1.0
71,2,10,1.0,10.249373759380296,5,0.7209172454713624,0,0.0,0.55,28.650999999999996,20.655,1.3871217622851608,1.0
71,3,10,1.0,10.734206268314434,2,0.7251478196600148,0,0.0,0.15000000000000002,10.824,7.849,1.3790291756911708,1.0
71,4,10,0.0,-25.515440365526956,200,0.0,0,0.0,15.000000000000002,631.662,25.388,24.88033716716559,1.0
71,5,10,1.0,10.758639515823983,2,0.7744360902255639,0,0.0,0.1,10.241,7.931,1.29126213592233,1.0
71,6,10,0.0,-23.038178223783227,200,0.0,0,0.0,10.000000000000007,1132.0810000000004,49.825,22.721144004014054,1.0
71,7,10,0.0,-23.153547153339282,200,0.0,0,0.0,10.000000000000007,912.2400000000035,48.10900000000001,18.961940593236264,1.0
71,8,10,1.0,10.60851154630376,3,1.0,0,0.0,0.2,21.089000000000002,21.089000000000002,1.0,1.0
71,9,10,0.0,-23.114795180722933,200,0.0,0,0.0,10.000000000000007,965.8810000000035,20.75,46.54848192771101,1.0
72,0,10,0.0,-12.899999999999999,10,0.0,10,1.0,0.0,0.0,49.66499999999999,0.0,1.0
72,1,10,1.0,10.372381616246109,5,0.9674069411976264,0,0.0,0.3,22.244,21.519000000000002,1.0336911566522606,1.0
72,2,10,0.0,-22.973759103414768,200,0.0,0,0.0,10.000000000000007,520.7890000000011,24.716,21.070925716135342,1.0
72,3,10,1.0,9.881741413638625,9,0.7677022431120792,0,0.0,0.55,52.337999999999994,40.18,1.3025883524141362,1.0
72,4,10,1.0,9.550450069241423,10,0.9002943722943723,0,0.0,1.0,57.75000000000001,51.992000000000004,1.1107478073549777,1.0
72,5,10,0.0,-25.592578754315348,200,0.0,0,0.0,15.000000000000004,729.9349999999981,27.808000000000003,26.24910097813572,1.0
72,6,10,0.0,-12.9,10,0.0,10,1.0,0.0,0.0,40.093999999999994,0.0,1.0
72,7,10,1.0,10.491722109906268,4,0.9822186117880675,0,0.0,0.25,22.158,21.764,1.0181032898364273,1.0
72,8,10,1.0,9.599626571747509,10,0.9171673073579693,0,0.0,0.9000000000000001,51.767,47.479,1.090313612333874,1.0
72,9,10,1.0,9.467125451803625,12,0.43716252982294584,0,0.0,0.8000000000000003,95.56400000000001,41.777,2.287478756253441,1.0
73,0,10,1.0,10.739955595026641,2,0.33586875466070093,0,0.0,0.15000000000000002,13.41,4.504,2.977353463587922,1.0
73,1,10,0.0,-23.163518639227714,200,0.0,0,0.0,10.000000000000007,471.4519999999985,64.43400000000001,7.316820312257479,1.0
73,2,10,0.0,-23.47409911023227,200,0.0,0,0.0,13.300000000000013,780.4180000000007,8.091999999999999,96.44315373208117,1.0
73,3,10,0.0,-23.045807887297556,200,0.0,0,0.0,10.050000000000008,244.19999999999948,42.803000000000004,5.7052075789080074,1.0
73,4,10,1.0,10.250723228556208,6,0.8786082072086129,0,0.0,0.35000000000000003,25.636000000000003,22.524,1.1381637364588884,1.0
73,5,10,1.0,10.125888528577219,6,1.0,0,0.0,0.6000000000000001,24.67,24.67,1.0,1.0
73,6,10,0.0,-25.27810426540285,200,0.0,0,0.0,15.000000000000004,1221.0000000000027,21.1,57.867298578199176,1.0
73,7,10,1.0,10.25223995480545,6,0.8842611383433764,0,0.0,0.35,32.028999999999996,28.322,1.1308876491773179,1.0
73,8,10,0.0,-28.293980066543007,200,0.0,0,0.0,19.85000000000003,1114.2849999999985,67.92600000000002,16.404395960309724,1.0
73,9,10,1.0,10.26985269121813,5,0.8390910243407708,0,0.0,0.5,31.552,26.474999999999998,1.1917658168083098,1.0
74,0,10,0.0,-12.832337222731075,12,0.0,10,1.0,0.1,11.143,25.111,0.4437497511050934,1.0
74,1,10,1.0,10.198970318860244,6,0.8822253145995121,0,0.0,0.44999999999999996,66.831,58.96,1.1334972862957937,1.0
74,2,10,1.0,10.235066661888036,6,0.8463871867985197,0,0.0,0.39999999999999997,32.966,27.902,1.181492366138628,1.0
74,3,10,1.0,10.755656705173278,2,1.0,0,0.0,0.1,7.964,7.964,1.0,1.0
74,4,10,0.0,-23.09620551629248,200,0.0,0,0.0,10.000000000000007,731.6510000000021,31.977999999999998,22.87982362874483,1.0
74,5,10,0.0,-28.04564480765397,200,0.0,0,0.0,20.00000000000003,578.4790000000008,30.102,19.217294531924818,1.0
74,6,10,0.0,-25.30317961529389,200,0.0,0,0.0,13.350000000000014,720.153000000001,46.63300000000001,15.442991014946516,1.0
74,7,10,1.0,10.85,1,1.0,0,0.0,0.1,3.868,3.868,1.0,1.0
74,8,10,1.0,10.754042827053592,2,1.0,0,0.0,0.1,8.546,8.546,1.0,1.0
74,9,10,1.0,10.263899860741866,5,0.7408032636983892,0,0.0,0.5,42.651,31.596,1.3498860615267756,1.0
75,0,10,0.0,-23.190065160552386,200,0.0,0,0.0,10.000000000000007,676.8359999999973,48.956,13.825394231554808,1.0
75,1,10,1.0,10.414534796120162,4,0.8757938144329896,0,0.0,0.39999999999999997,24.25,21.238,1.1418212637724834,1.0
75,2,10,0.0,-25.219375398431193,200,0.0,0,0.0,14.950000000000003,1116.0389999999966,36.07899999999999,30.933202139748794,1.0
75,3,10,0.0,-24.243499420625753,200,0.0,0,0.0,12.500000000000014,679.0409999999996,67.314,10.087663784651033,1.0
75,4,10,0.0,-12.843188547417796,11,0.0,10,1.0,0.1,4.526,20.467,0.2211364635755118,1.0
75,5,10,0.0,-24.462457050636875,200,0.0,0,0.0,13.350000000000012,1140.8279999999993,28.813,39.59421094644776,1.0
75,6,10,0.0,-22.955164040114564,200,0.0,0,0.0,10.000000000000007,678.5999999999993,69.80000000000001,9.722063037249272,1.0
75,7,10,1.0,8.668590785907858,17,0.5615043928848881,0,0.0,1.4000000000000001,124.86099999999999,70.11,1.7809299671944085,1.0
75,8,10,0.0,-28.022504721800846,200,0.0,0,0.0,20.05000000000002,1341.2350000000008,32.297,41.528160510264144,1.0
75,9,10,0.0,-12.96535856573705,11,0.0,10,1.0,0.05,4.615,47.439,0.09728282636649171,1.0
76,0,10,1.0,9.616709582102153,10,0.7345356829104438,0,0.0,0.8500000000000001,38.702000000000005,28.428,1.361404249331645,1.0
76,1,10,0.0,-27.006346276117583,200,0.0,0,0.0,17.500000000000018,1346.746999999999,45.611000000000004,29.52680274495185,1.0
76,2,10,0.0,-25.273043444237242,200,0.0,0,0.0,14.000000000000046,845.3930000000017,76.67299999999999,11.025954377681868,1.0
76,3,10,1.0,10.25124610089276,6,0.3311251202051501,0,0.0,0.35,28.077,9.297,3.0200064536947404,1.0
76,4,10,0.0,-12.899999999999999,10,0.0,10,1.0,0.0,0.0,9.177,0.0,1.0
76,5,10,0.0,-12.9,10,0.0,10,1.0,0.0,0.0,55.885,0.0,1.0
76,6,10,1.0,10.523580474435308,4,0.8011963805701738,0,0.0,0.2,26.412999999999997,21.162,1.248133446744164,1.0
76,7,10,1.0,10.249742070353022,6,0.9013912895639116,0,0.0,0.35,35.291,31.811,1.1093961208387035,1.0
76,8,10,0.0,-12.97173886642788,11,0.0,10,1.0,0.05,3.453,65.051,0.05308142841770303,1.0
76,9,10,0.0,-12.718381078478576,11,0.0,10,1.0,0.2,6.938,16.616,0.4175493500240732,1.0
77,0,10,1.0,9.89277041687826,9,0.618956452165962,0,0.0,0.49999999999999994,69.99199999999999,43.322,1.6156225474354828,1.0
77,1,10,0.0,-23.0341045278303,200,0.0,0,0.0,10.000000000000007,422.45000000000095,62.414,6.768513474540984,1.0
77,2,10,0.0,-23.006297355612343,200,0.0,0,0.0,10.000000000000007,443.79999999999905,39.858,11.134527572883714,1.0
77,3,10,1.0,10.465780785399364,4,0.8520384391380313,0,0.0,0.30000000000000004,34.34,29.259,1.1736559691035238,1.0
77,4,10,0.0,-30.540667820779888,200,0.0,0,0.0,25.0,1477.3999999999926,68.162,21.674833484932844,1.0
77,5,10,0.0,-13.356066114925234,15,0.0,10,1.0,0.44999999999999996,21.845999999999997,53.165,0.4109094328975829,1.0
77,6,10,1.0,10.343907188529354,5,0.6818301920028185,0,0.0,0.35,22.708,15.483,1.4666408318801265,1.0
77,7,10,0.0,-26.880529793347996,200,0.0,0,0.0,17.5,1303.0089999999977,58.117000000000004,22.42044496446819,1.0
77,8,10,0.0,-13.115599007810854,15,0.0,10,1.0,0.5000000000000001,42.903,56.843999999999994,0.7547498416719444,1.0
77,9,10,1.0,10.619634228640841,3,0.42950724637681165,0,0.0,0.2,17.25,7.409000000000001,2.3282494263733295,1.0
78,0,10,1.0,10.183242608455375,6,0.3199681711683834,0,0.0,0.55,45.242,14.475999999999999,3.1253108593534127,1.0
78,1,10,0.0,-25.495793684761136,200,0.0,0,0.0,14.950000000000003,938.4070000000025,42.057,22.312742230782092,1.0
78,2,10,0.0,-25.77351586903401,200,0.0,0,0.0,15.050000000000002,1054.6479999999951,61.787,17.069092203861576,1.0
78,3,10,0.0,-22.827387048962482,200,0.0,0,0.0,10.000000000000007,440.9940000000008,39.132000000000005,11.269395890831053,1.0
78,4,10,1.0,10.14726265696233,6,0.930144323761345,0,0.0,0.55,26.884,25.006,1.0751019755258737,1.0
78,5,10,0.0,-25.060888659367862,200,0.0,0,0.0,13.500000000000014,811.3980000000007,24.205,33.52191695930596,1.0
78,6,10,0.0,-13.484871401895502,20,0.0,10,1.0,0.8,61.25,56.766000000000005,1.0789909452841489,1.0
78,7,10,1.0,10.515024988975453,4,1.0,0,0.0,0.2,13.606,13.606,1.0,1.0
78,8,10,0.0,-25.97448197535019,200,0.0,0,0.0,15.000000000000002,368.5889999999994,47.54600000000001,7.752260968325397,1.0
78,9,10,0.0,-13.997959067382116,20,0.0,10,1.0,0.65,45.022,42.118,1.0689491428842774,1.0
79,0,10,0.0,-28.299439254617898,200,0.0,0,0.0,19.950000000000024,562.3009999999992,61.445,9.151289771340211,1.0
79,1,10,0.0,-25.618866549407873,200,0.0,0,0.0,14.950000000000003,232.3900000000011,53.44299999999999,4.348371161798573,1.0
79,2,10,0.0,-13.834903811031293,16,0.0,10,1.0,0.45,39.507999999999996,24.639000000000003,1.6034741669710617,1.0
79,3,10,0.0,-28.057938392470717,200,0.0,0,0.0,20.00000000000003,1247.6730000000025,36.976000000000006,33.74277909995679,1.0
79,4,10,1.0,10.727951859099804,2,1.0,0,0.0,0.15000000000000002,12.774999999999999,12.774999999999999,1.0,1.0
79,5,10,0.0,-28.722931841367984,200,0.0,0,0.0,19.90000000000003,955.6119999999986,61.75300000000001,15.474746166178138,1.0
79,6,10,0.0,-23.24605365610191,200,0.0,0,0.0,10.050000000000008,497.17200000000025,40.07,12.407586723234346,1.0
79,7,10,1.0,9.883454334962696,8,0.8065988794355675,0,0.0,0.75,48.19,38.87,1.2397736043220993,1.0
79,8,10,0.0,-28.02682708240537,200,0.0,0,0.0,19.90000000000003,966.3230000000025,56.12500000000001,17.217336302895365,1.0
79,9,10,0.0,-13.009616639027087,16,0.0,10,1.0,0.3,30.868,36.17999999999999,0.8531785516860145,1.0
80,0,10,1.0,10.320126305361788,5,0.9856788315228449,0,0.0,0.39999999999999997,24.579,24.227000000000004,1.0145292442316423,1.0
80,1,10,0.0,-22.85395968529258,200,0.0,0,0.0,10.000000000000007,508.6000000000011,17.413,29.208062941480566,1.0
80,2,10,1.0,10.612261884183232,3,0.9146968139773894,0,0.0,0.2,12.649000000000001,11.57,1.0932584269662922,1.0
80,3,10,1.0,10.226314514430166,6,0.9905748965325357,0,0.0,0.39999999999999997,28.753,28.482,1.0095147812653607,1.0
80,4,10,0.0,-22.873534122562685,200,0.0,0,0.0,10.050000000000008,712.0339999999975,48.824000000000005,14.583688349991755,1.0
80,5,10,0.0,-24.477225353136845,200,0.0,0,0.0,12.650000000000015,653.657,55.007000000000005,11.88316032504954,1.0
80,6,10,0.0,-25.477566426408483,200,0.0,0,0.0,15.000000000000002,658.7999999999982,46.89399999999999,14.048705591333611,1.0
80,7,10,0.0,-25.029199633885877,200,0.0,0,0.0,12.600000000000016,740.6640000000002,39.332,18.83107901962779,1.0
80,8,10,0.0,-30.827635058557014,200,0.0,0,0.0,25.0,1593.9629999999954,21.176,75.27214771439344,1.0
80,9,10,1.0,10.023230184581976,8,0.6463913908059422,0,0.0,0.44999999999999996,34.196,22.104,1.5470503076366269,1.0
81,0,10,0.0,-22.664337047537522,200,0.0,0,0.0,10.000000000000007,1018.2000000000013,15.166999999999998,67.13259049251674,1.0
81,1,10,0.0,-25.55186896262067,200,0.0,0,0.0,15.000000000000004,1023.6420000000026,38.096,26.870065098698095,1.0
81,2,10,0.0,-30.56524852071017,200,0.0,0,0.0,24.65,1457.1130000000037,59.14999999999999,24.63420118343202,1.0
81,3,10,0.0,-22.920610366796872,200,0.0,0,0.0,10.000000000000007,563.6110000000012,38.141,14.777037833302778,1.0
81,4,10,0.0,-30.75269983982918,200,0.0,0,0.0,24.8,316.94299999999896,46.825,6.768670581954062,1.0
81,5,10,1.0,10.369460718787,5,1.0,0,0.0,0.3,26.182999999999996,26.182999999999996,1.0,1.0
81,6,10,0.0,-23.661262526234857,200,0.0,0,0.0,10.250000000000012,1046.7249999999945,67.658,15.470823849359935,1.0
81,7,10,1.0,10.237948865418803,6,0.602849397970119,0,0.0,0.39999999999999997,31.726,19.125999999999998,1.6587890829237688,1.0
81,8,10,1.0,10.639319492502883,3,0.5669136878814298,0,0.0,0.15000000000000002,18.352,10.404,1.763936947327951,1.0
81,9,10,0.0,-30.410924337497292,200,0.0,0,0.0,25.0,693.997999999997,52.113,13.317176136472607,1.0
82,0,10,1.0,9.465157932121373,12,0.8391885850532749,0,0.0,0.8000000000000002,53.684,45.05100000000001,1.1916272668753187,1.0
82,1,10,1.0,10.345747046706183,5,0.9105071770334927,0,0.0,0.35,26.125000000000004,23.787,1.0982889813763823,1.0
82,2,10,0.0,-25.486203720390098,200,0.0,0,0.0,15.000000000000004,351.2840000000007,49.940999999999995,7.0339800965139005,1.0
82,3,10,1.0,9.622274845725629,10,0.911587104895655,0,0.0,0.8500000000000001,50.841,46.346,1.0969878738186685,1.0
82,4,10,0.0,-23.32420916162493,200,0.0,0,0.0,10.000000000000007,681.9660000000001,31.238999999999997,21.83059636992222,1.0
82,5,10,0.0,-23.233870748597457,200,0.0,0,0.0,10.000000000000007,518.6270000000011,45.632000000000005,11.365423387096797,1.0
82,6,10,1.0,10.728543256997455,2,1.0,0,0.0,0.15000000000000002,11.004000000000001,11.004000000000001,1.0,1.0
82,7,10,1.0,10.364883970649645,5,0.6640652854256628,0,0.0,0.3,25.242999999999995,16.763,1.5058760365089776,1.0
82,8,10,0.0,-24.425764281055546,200,0.0,0,0.0,12.500000000000014,715.2709999999983,62.863,11.378251117509476,1.0
82,9,10,0.0,-25.621413176423836,200,0.0,0,0.0,14.950000000000003,1029.0389999999954,60.501999999999995,17.008346831509627,1.0
83,0,10,0.0,-22.998710411530432,200,0.0,0,0.0,10.000000000000007,973.3740000000033,52.73,18.45958657310835,1.0
83,1,10,1.0,9.611762952482394,10,0.728465547191662,0,0.0,0.8500000000000001,86.35,62.903000000000006,1.3727485175587808,1.0
83,2,10,0.0,-13.4896346356645,15,0.0,10,1.0,0.25,11.495,38.879,0.2956608966279997,1.0
83,3,10,0.0,-13.123155248084506,15,0.0,10,1.0,0.5000000000000001,45.891,67.215,0.6827493862977013,1.0
83,4,10,0.0,-22.858794684747448,200,0.0,0,0.0,10.000000000000007,685.643000000003,33.037,20.75379120380189,1.0
83,5,10,0.0,-23.402409702549633,200,0.0,0,0.0,10.100000000000009,880.1060000000008,39.53600000000001,22.260876163496576,1.0
83,6,10,0.0,-25.757442527523455,200,0.0,0,0.0,15.000000000000002,984.4059999999971,47.413999999999994,20.761926857046383,1.0
83,7,10,0.0,-13.412104061254645,14,0.0,10,1.0,0.30000000000000004,18.796,44.666,0.42081225092911834,1.0
83,8,10,1.0,10.584171641791045,3,0.9040005397018146,0,0.0,0.25,14.823,13.399999999999999,1.1061940298507464,1.0
83,9,10,0.0,-22.96907261212802,200,0.0,0,0.0,10.000000000000007,965.0000000000034,46.108000000000004,20.92912292877599,1.0
84,0,10,1.0,10.152763202380147,6,0.9280828365233762,0,0.0,0.5499999999999999,31.87,29.578,1.0774900263709515,1.0
84,1,10,0.0,-22.99512628184226,200,0.0,0,0.0,10.000000000000007,639.200000000003,55.194,11.58096894589997,1.0
84,2,10,0.0,-23.046073439699654,200,0.0,0,0.0,10.050000000000008,3137.09599999999,51.144000000000005,61.338495229156685,1.0
84,3,10,0.0,-23.06804901036761,200,0.0,0,0.0,10.000000000000007,678.5999999999993,26.524999999999995,25.583411875589047,1.0
84,4,10,0.0,-25.403959217087053,200,0.0,0,0.0,15.000000000000002,1032.4000000000026,53.748000000000005,19.20815658257056,1.0
84,5,10,1.0,10.465206948556107,4,1.0,0,0.0,0.3,17.903,17.903,1.0,1.0
84,6,10,1.0,10.175790729239502,6,0.7971475409836066,0,0.0,0.5,30.5,24.313000000000002,1.2544729157240981,1.0
84,7,10,0.0,-25.770514493128044,200,0.0,0,0.0,15.150000000000002,1138.8450000000007,77.41600000000003,14.710718714477633,1.0
84,8,10,1.0,10.534132227299821,3,1.0,0,0.0,0.35000000000000003,20.132,20.132,1.0,1.0
84,9,10,1.0,10.369091451766952,5,0.7963112611113752,0,0.0,0.3,21.037000000000003,16.752000000000002,1.2557903533906398,1.0
85,0,10,0.0,-22.822305537725317,200,0.0,0,0.0,10.000000000000007,917.599999999998,68.548,13.386240298768715,1.0
85,1,10,0.0,-13.715585031458351,20,0.0,10,1.0,0.9,51.168,42.596000000000004,1.2012395530096722,1.0
85,2,10,1.0,10.170893822168656,6,0.9173948710632378,0,0.0,0.49999999999999994,28.037,25.720999999999997,1.0900431553983128,1.0
85,3,10,0.0,-22.586654067674587,200,0.0,0,0.0,10.000000000000007,1150.1999999999966,22.224,51.75485961123095,1.0
85,4,10,0.0,-13.91641679939643,19,0.0,10,1.0,0.8000000000000002,44.861000000000004,59.644999999999996,0.7521334562830079,1.0
85,5,10,0.0,-14.103184438040348,19,0.0,10,1.0,0.6,30.515,49.968,0.610690842138969,1.0
85,6,10,0.0,-27.975926859106977,200,0.0,0,0.0,19.850000000000016,1333.2620000000006,34.330999999999996,38.835513093122856,1.0
85,7,10,1.0,10.468380839939282,4,0.6241709653647752,0,0.0,0.3,28.497,17.787,1.6021251475796932,1.0
85,8,10,0.0,-23.110194316961262,200,0.0,0,0.0,10.000000000000007,826.8499999999976,61.446,13.456530937733907,1.0
85,9,10,0.0,-13.82244960845843,20,0.0,10,1.0,0.6,56.437,35.373000000000005,1.595482430102055,1.0
86,0,10,1.0,9.761978869567884,9,0.5832573115105983,0,0.0,0.75,55.904999999999994,32.607,1.7145091544760327,1.0
86,1,10,1.0,9.683429641965029,9,0.9884366898481545,0,0.0,0.9,48.602,48.04,1.0116985845129058,1.0
86,2,10,1.0,10.152579717720856,7,1.0,0,0.0,0.35,42.086,42.086,1.0,1.0
86,3,10,1.0,10.177615189746419,6,0.974077693623259,0,0.0,0.5,40.93000000000001,39.869,1.026612154806993,1.0
86,4,10,0.0,-24.76718939593775,200,0.0,0,0.0,12.550000000000015,1095.8950000000002,45.492000000000004,24.08983997186319,1.0
86,5,10,0.0,-24.975360645666974,200,0.0,0,0.0,13.300000000000013,1728.772000000001,47.207,36.62109432923086,1.0
86,6,10,1.0,10.875,1,1.0,0,0.0,0.05,2.85,2.85,1.0,1.0
86,7,10,1.0,9.841415641680205,9,0.6980236971211701,0,0.0,0.6,43.211999999999996,30.163,1.4326161190862976,1.0
86,8,10,1.0,10.417639731191608,4,0.7024216141535864,0,0.0,0.4,26.057,18.303,1.4236463967655575,1.0
86,9,10,1.0,9.765190005743825,9,0.823152280807928,0,0.0,0.7500000000000001,52.876000000000005,43.525000000000006,1.214842044801838,1.0
87,0,10,0.0,-24.760320510984386,200,0.0,0,0.0,13.300000000000013,722.4899999999989,34.913,20.69401082691258,1.0
87,1,10,0.0,-12.972010921321909,15,0.0,10,1.0,0.35000000000000003,31.348,49.353,0.6351792190950905,1.0
87,2,10,0.0,-13.023247698300281,13,0.0,10,1.0,0.15000000000000002,16.824,56.480000000000004,0.29787535410764876,1.0
87,3,10,1.0,9.953299650985391,8,1.0,0,0.0,0.55,47.849000000000004,47.849000000000004,1.0,1.0
87,4,10,1.0,10.053975538937738,7,0.9001849340401925,0,0.0,0.55,40.555,36.507000000000005,1.110882844386008,1.0
87,5,10,0.0,-39.052883578957506,200,0.0,9,0.0,23.75,300.4319999999993,41.934,7.164401201888666,1.0
87,6,10,0.0,-24.01512765957445,200,0.0,1,0.0,9.950000000000006,901.8119999999979,38.07,23.688258471237138,1.0
87,7,10,0.0,-12.91423456715333,13,0.0,10,1.0,0.15000000000000002,19.403000000000002,33.014,0.5877203610589447,1.0
87,8,10,1.0,9.57184587264828,11,0.774219838188661,0,0.0,0.75,67.48600000000002,52.248999999999995,1.2916228061781092,1.0
87,9,10,0.0,-24.78491973852959,200,0.0,0,0.0,13.350000000000012,742.0039999999993,24.170999999999996,30.698109304538473,1.0
88,0,10,0.0,-24.13499063865198,200,0.0,0,0.0,12.500000000000016,777.4250000000014,48.07,16.172768878718564,1.0
88,1,10,1.0,10.706279836683418,2,1.0,0,0.0,0.2,6.368,6.368,1.0,1.0
88,2,10,0.0,-13.406014599178247,17,0.0,10,1.0,0.45,41.681,57.195,0.7287525133315849,1.0
88,3,10,0.0,-25.966981398634307,200,0.0,0,0.0,15.050000000000002,963.0780000000027,42.47,22.676665881798982,1.0
88,4,10,0.0,-13.402122427112317,17,0.0,10,1.0,0.6000000000000001,47.85599999999999,57.86299999999999,0.8270570139813006,1.0
88,5,10,1.0,10.728886517700225,2,1.0,0,0.0,0.15000000000000002,7.966,7.966,1.0,1.0
88,6,10,0.0,-12.934424311165209,13,0.0,10,1.0,0.15000000000000002,12.787999999999998,36.147999999999996,0.3537678433108332,1.0
88,7,10,1.0,10.875,1,1.0,0,0.0,0.05,3.578,3.578,1.0,1.0
88,8,10,0.0,-13.073895987534087,13,0.0,10,1.0,0.2,12.539,25.67,0.48846902999610436,1.0
88,9,10,1.0,10.225794115381653,6,0.7945289311832564,0,0.0,0.39999999999999997,32.681,25.966,1.2586074096895938,1.0
89,0,10,0.0,-25.626462395543196,200,0.0,0,0.0,15.000000000000002,822.8279999999987,35.9,22.919999999999966,1.0
89,1,10,0.0,-23.144700479980056,200,0.0,0,0.0,10.000000000000007,1663.999999999998,48.127,34.57518648575639,1.0
89,2,10,0.0,-27.20691214926848,200,0.0,0,0.0,18.000000000000025,846.5449999999986,42.446999999999996,19.943576695643948,1.0
89,3,10,0.0,-23.091382643198706,200,0.0,0,0.0,10.000000000000007,898.1999999999975,49.145,18.276528639739496,1.0
89,4,10,0.0,-25.89562060241913,200,0.0,0,0.0,14.950000000000003,943.5849999999987,37.946999999999996,24.865865549318755,1.0
89,5,10,1.0,9.467789553682465,11,0.6942232795502946,0,0.0,0.9500000000000001,52.123,36.185,1.4404587536271933,1.0
89,6,10,1.0,10.707121212121212,2,0.712742980561555,0,0.0,0.2,14.815999999999999,10.559999999999999,1.403030303030303,1.0
89,7,10,1.0,10.141591805893711,7,0.6570679906219833,0,0.0,0.39999999999999997,36.254999999999995,23.822,1.5219125178406514,1.0
89,8,10,1.0,9.983298208964394,8,0.81190761249127,0,0.0,0.49999999999999994,40.092000000000006,32.551,1.2316672298854108,1.0
89,9,10,1.0,10.466397731269785,4,0.6985472526797507,0,0.0,0.3,32.559,22.744,1.4315423848047837,1.0
90,0,10,1.0,10.754814227158535,2,1.0,0,0.0,0.1,7.563000000000001,7.563000000000001,1.0,1.0
90,1,10,0.0,-29.683350990816848,200,0.0,0,0.0,23.40000000000002,744.969999999999,51.725,14.402513291445123,1.0
90,2,10,1.0,10.558152165369803,3,1.0,0,0.0,0.30000000000000004,12.723,12.723,1.0,1.0
90,3,10,1.0,10.218008030645683,6,0.9653589966361471,0,0.0,0.39999999999999997,44.888999999999996,43.334,1.0358840633221025,1.0
90,4,10,0.0,-27.621465795074542,200,0.0,0,0.0,20.000000000000014,2681.9999999999986,32.89,81.54454241410758,1.0
90,5,10,0.0,-28.024033747577267,200,0.0,0,0.0,20.00000000000003,958.3269999999995,43.855000000000004,21.852171930224593,1.0
90,6,10,1.0,10.106856062992126,7,0.9641371352221311,0,0.0,0.45,32.931,31.749999999999996,1.0371968503937008,1.0
90,7,10,1.0,10.463822826150349,4,1.0,0,0.0,0.3,17.147,17.147,1.0,1.0
90,8,10,0.0,-22.914454575303722,200,0.0,0,0.0,10.000000000000007,677.3999999999972,39.593,17.109084939256867,1.0
90,9,10,1.0,10.224399437906202,6,0.9470969888537683,0,0.0,0.39999999999999997,30.055,28.465000000000003,1.0558580713156507,1.0
91,0,10,1.0,10.85,1,1.0,0,0.0,0.1,5.729,5.729,1.0,1.0
91,1,10,0.0,-23.25186899327256,200,0.0,0,0.0,10.15000000000001,683.4199999999972,33.29600000000001,20.52558865929833,1.0
91,2,10,0.0,-27.951452661851636,200,0.0,0,0.0,20.000000000000014,1304.972999999998,61.198,21.323785091016013,1.0
91,3,10,0.0,-25.846221491791844,200,0.0,0,0.0,14.950000000000003,903.1999999999979,27.229000000000003,33.170516728487925,1.0
91,4,10,1.0,9.963873683438822,8,0.9354226672152882,0,0.0,0.55,43.746,40.921,1.0690354585665063,1.0
91,5,10,0.0,-23.167250857142857,200,0.0,0,0.0,10.000000000000007,682.5649999999991,35.00000000000001,19.501857142857116,1.0
91,6,10,1.0,9.86853108508426,9,0.7102568032661252,0,0.0,0.5499999999999999,71.767,50.973,1.4079414592038921,1.0
91,7,10,1.0,10.729932217750477,2,1.0,0,0.0,0.15000000000000002,9.442,9.442,1.0,1.0
91,8,10,0.0,-25.63021934094863,200,0.0,0,0.0,14.950000000000003,327.4169999999998,72.92300000000002,4.489900305802006,1.0
91,9,10,0.0,-23.13012508991392,200,0.0,0,0.0,10.000000000000007,1049.7790000000057,56.99899999999999,18.41749855260629,1.0
92,0,10,0.0,-13.110638243390307,15,0.0,10,1.0,0.3,30.24,46.863,0.6452851930094103,1.0
92,1,10,0.0,-12.85889954497725,11,0.0,10,1.0,0.05,10.022,57.14,0.1753937696884844,1.0
92,2,10,0.0,-30.8418071290984,200,0.0,0,0.0,24.7,598.5599999999987,48.281,12.397423417079155,1.0
92,3,10,1.0,10.736483870967742,2,0.5212473249770713,0,0.0,0.15000000000000002,6.542,3.41,1.9184750733137828,1.0
92,4,10,0.0,-14.184078584451402,21,0.0,10,1.0,0.8,101.78000000000002,42.782000000000004,2.379037913141041,1.0
92,5,10,1.0,10.072133635453444,7,0.8548583269516644,0,0.0,0.5,44.398,37.954,1.1697844759445646,1.0
92,6,10,1.0,10.006778038836293,8,0.9398787616367179,0,0.0,0.44999999999999996,46.190000000000005,43.413000000000004,1.0639670144887476,1.0
92,7,10,0.0,-22.74841563923881,22,0.0,19,1.0,0.2,24.777,59.696,0.41505293487000805,1.0
92,8,10,0.0,-13.234750426621163,15,0.0,10,1.0,0.30000000000000004,19.539,32.815999999999995,0.5954107752315945,1.0
92,9,10,0.0,-12.753146215580069,11,0.0,10,1.0,0.05,10.375,35.263,0.2942177353032924,1.0
93,0,10,0.0,-23.031612053289813,200,0.0,0,0.0,10.000000000000007,735.5329999999994,26.947,27.29554310312834,1.0
93,1,10,0.0,-25.41463962108736,200,0.0,0,0.0,14.950000000000003,1030.9080000000024,43.70400000000001,23.588412959912187,1.0
93,2,10,0.0,-25.453060638347182,200,0.0,0,0.0,15.000000000000002,1601.0949999999993,64.761,24.72313583792714,1.0
93,3,10,0.0,-24.840362120798023,200,0.0,0,0.0,13.350000000000012,1037.1159999999988,21.954,47.240411770064625,1.0
93,4,10,1.0,10.610916627665976,3,1.0,0,0.0,0.2,14.957,14.957,1.0,1.0
93,5,10,0.0,-23.057447421492373,200,0.0,0,0.0,10.000000000000007,1034.7370000000017,69.42,14.90545952175168,1.0
93,6,10,1.0,10.114490496408871,7,0.7020950576698054,0,0.0,0.45,35.894000000000005,25.201,1.4243085591841596,1.0
93,7,10,1.0,9.411799126463373,12,0.8611297164545658,0,0.0,0.9000000000000001,58.227000000000004,50.141000000000005,1.1612652320456314,1.0
93,8,10,0.0,-13.194139727238287,12,0.0,10,1.0,0.15000000000000002,11.289,63.352000000000004,0.1781948478343225,1.0
93,9,10,0.0,-13.11001795237341,12,0.0,10,1.0,0.2,10.809000000000001,37.878,0.2853635355615397,1.0
94,0,10,1.0,10.285049762497172,6,0.8184005923731952,0,0.0,0.3,21.608,17.684,1.2218954987559376,1.0
94,1,10,1.0,9.989868083301712,8,0.7967030035744137,0,0.0,0.5,56.233,44.801,1.2551728756054552,1.0
94,2,10,1.0,10.511600720504353,3,1.0,0,0.0,0.4,16.655,16.655,1.0,1.0
94,3,10,0.0,-12.970730224018922,14,0.0,10,1.0,0.25,26.748,56.647,0.472187406217452,1.0
94,4,10,0.0,-30.299047720950202,200,0.0,0,0.0,25.0,692.835999999997,18.692,37.06591054996774,1.0
94,5,10,0.0,-24.48995454545447,200,0.0,0,0.0,12.550000000000015,570.2430000000002,33.44,17.052721291866035,1.0
94,6,10,0.0,-22.78317107664229,200,0.0,0,0.0,10.000000000000007,970.2460000000041,21.92,44.26304744525566,1.0
94,7,10,0.0,-30.70769938650313,200,0.0,0,0.0,25.0,1119.7779999999984,32.599999999999994,34.34901840490793,1.0
94,8,10,0.0,-22.95300457257683,200,0.0,0,0.0,10.000000000000007,682.0000000000001,48.769,13.984293301072405,1.0
94,9,10,0.0,-23.57866994947549,200,0.0,0,0.0,10.100000000000009,884.6060000000019,38.991,22.687440691441665,1.0
95,0,10,0.0,-13.12657366469372,16,0.0,10,1.0,0.44999999999999996,53.462,56.092,0.9531127433502105,1.0
95,1,10,0.0,-13.044639384850743,16,0.0,10,1.0,0.39999999999999997,47.273,49.679,0.951569073451559,1.0
95,2,10,0.0,-25.527441919351837,200,0.0,0,0.0,15.000000000000002,1081.1349999999993,31.594,34.21963030955242,1.0
95,3,10,0.0,-25.486535369774938,200,0.0,0,0.0,15.000000000000004,818.6440000000026,69.66399999999999,11.751320624712948,1.0
95,4,10,0.0,-23.139971257079967,200,0.0,0,0.0,10.000000000000007,991.126999999998,59.144999999999996,16.75757883168481,1.0
95,5,10,0.0,-25.585930804582812,200,0.0,0,0.0,15.050000000000002,907.0180000000008,30.898,29.35523334843682,1.0
95,6,10,1.0,10.610573354692297,3,1.0,0,0.0,0.2,14.982,14.982,1.0,1.0
95,7,10,0.0,-24.231003309742565,200,0.0,0,0.0,12.500000000000014,775.7020000000015,56.802,13.65624449843318,1.0
95,8,10,0.0,-25.46361648423046,200,0.0,0,0.0,14.950000000000003,310.68299999999965,40.014,7.764357474883782,1.0
95,9,10,1.0,10.727627765064836,2,1.0,0,0.0,0.15000000000000002,18.354,18.354,1.0,1.0
96,0,10,0.0,-25.49849468764769,200,0.0,0,0.0,15.000000000000004,595.8000000000004,57.131,10.42866394776917,1.0
96,1,10,1.0,10.367785530175096,5,0.8291999852599772,0,0.0,0.3,27.136999999999997,22.502,1.2059816905163985,1.0
96,2,10,1.0,9.98769944944945,7,0.9586182079884851,0,0.0,0.7,41.685,39.96,1.0431681681681682,1.0
96,3,10,0.0,-12.889721487025039,11,0.0,10,1.0,0.05,5.554,32.870999999999995,0.1689635240789754,1.0
96,4,10,0.0,-22.711190936722815,200,0.0,0,0.0,10.000000000000007,546.3069999999997,18.095,30.191047250621704,1.0
96,5,10,0.0,-22.93490799230978,200,0.0,0,0.0,10.000000000000007,1089.2610000000002,50.974000000000004,21.368952799466395,1.0
96,6,10,0.0,-23.0542200356264,200,0.0,0,0.0,10.000000000000007,639.200000000003,58.94499999999999,10.844007125286335,1.0
96,7,10,0.0,-12.794541284403671,11,0.0,10,1.0,0.05,5.751,23.217,0.24770642201834867,1.0
96,8,10,0.0,-25.541193399846435,200,0.0,0,0.0,15.000000000000002,429.39999999999895,52.12,8.238679969301591,1.0
96,9,10,0.0,-23.487564296822057,200,0.0,0,0.0,10.050000000000008,931.9919999999993,50.158,18.581123649268296,1.0
97,0,10,1.0,9.618689779722237,10,0.9974122183884716,0,0.0,0.85,59.124,58.971,1.002594495599532,1.0
97,1,10,1.0,9.750335284586841,10,0.752571439809625,0,0.0,0.6,50.846999999999994,38.266,1.328777504834579,1.0
97,2,10,0.0,-25.92635361216729,200,0.0,0,0.0,15.000000000000004,732.3950000000019,71.01,10.313969863399548,1.0
97,3,10,0.0,-25.068742515773963,200,0.0,0,0.0,13.350000000000012,518.6819999999998,37.245,13.926218284333462,1.0
97,4,10,0.0,-22.749818986070984,200,0.0,0,0.0,10.10000000000001,852.5369999999994,31.876,26.745419751537185,1.0
97,5,10,0.0,-28.591826811761898,200,0.0,0,0.0,19.95000000000003,1032.3540000000035,60.466,17.07329739026897,1.0
97,6,10,0.0,-23.46729209470702,200,0.0,0,0.0,10.10000000000001,534.682999999998,40.88399999999999,13.078050092945848,1.0
97,7,10,1.0,9.654694309393657,10,0.6713285530677129,0,0.0,0.8,59.132000000000005,39.697,1.4895835957377133,1.0
97,8,10,0.0,-23.21674417177917,200,0.0,0,0.0,10.000000000000007,638.6919999999992,32.6,19.59177914110427,1.0
97,9,10,1.0,10.85,1,1.0,0,0.0,0.1,3.999,3.999,1.0,1.0
98,0,10,0.0,-22.96951186840275,200,0.0,0,0.0,10.000000000000007,684.4000000000029,55.989,12.223829680830216,1.0
98,1,10,0.0,-23.08489474698588,200,0.0,0,0.0,10.100000000000009,681.4179999999972,46.697,14.592329271687627,1.0
98,2,10,0.0,-23.131150682157607,200,0.0,0,0.0,10.100000000000009,646.7719999999996,39.507,16.371073480648988,1.0
98,3,10,0.0,-12.9390950611308,11,0.0,10,1.0,0.05,5.462,64.043,0.08528644816763735,1.0
98,4,10,0.0,-25.644699765845075,200,0.0,0,0.0,15.000000000000002,729.1999999999981,25.197,28.939953169027984,1.0
98,5,10,0.0,-22.850731002948077,200,0.0,0,0.0,10.000000000000007,992.3999999999982,33.242000000000004,29.853799410384394,1.0
98,6,10,0.0,-25.550492266278365,200,0.0,0,0.0,15.000000000000002,692.8459999999976,45.321000000000005,15.287526753602029,1.0
98,7,10,0.0,-25.1049935822871,200,0.0,0,0.0,13.300000000000013,1001.3719999999984,49.861999999999995,20.082868717660713,1.0
98,8,10,0.0,-13.025732671031836,11,0.0,10,1.0,0.1,4.58,26.573999999999998,0.17234891247083617,1.0
98,9,10,1.0,10.25328954997547,6,0.9226369285214601,0,0.0,0.35,24.301,22.421,1.0838499620891129,1.0
99,0,10,1.0,9.438685267857142,12,0.6118666224416132,0,0.0,0.8500000000000001,51.253,31.36,1.634343112244898,1.0
99,1,10,0.0,-24.66531528322056,200,0.0,0,0.0,13.300000000000013,711.4700000000009,25.262999999999998,28.162530182480346,1.0
99,2,10,0.0,-23.070890644276204,200,0.0,0,0.0,10.000000000000007,898.1999999999975,54.309,16.538695243882184,1.0
99,3,10,1.0,10.756038564337533,2,1.0,0,0.0,0.1,26.189999999999998,26.189999999999998,1.0,1.0
99,4,10,0.0,-28.43149948412237,200,0.0,0,0.0,19.80000000000003,815.4650000000033,34.891999999999996,23.3711165883298,1.0
99,5,10,1.0,10.85,1,1.0,0,0.0,0.1,3.598,3.598,1.0,1.0
99,6,10,1.0,9.712711254901018,9,0.8709670661191655,0,0.0,0.8500000000000001,47.732,41.57300000000001,1.148149039039761,1.0
99,7,10,1.0,10.489362289649796,4,1.0,0,0.0,0.25,15.391000000000002,15.391000000000002,1.0,1.0
99,8,10,1.0,10.194374635670483,6,1.0,0,0.0,0.45,42.887,42.887,1.0,1.0
99,9,10,0.0,-23.231316427104737,200,0.0,0,0.0,10.000000000000007,821.0190000000023,48.7,16.858706365503124,1.0
100,0,10,0.0,-25.2635819172242,200,0.0,0,0.0,13.250000000000012,632.5940000000004,50.66700000000001,12.485325754435832,1.0
100,1,10,0.0,-23.598367267309897,200,0.0,0,0.0,10.050000000000008,539.950999999998,56.38399999999999,9.576315976163416,1.0
100,2,10,0.0,-23.039494009817762,200,0.0,0,0.0,10.000000000000007,1455.0009999999947,58.262,24.97341320243031,1.0
100,3,10,0.0,-28.202946669545515,200,0.0,0,0.0,20.050000000000026,894.760000000002,27.789,32.19835186584627,1.0
100,4,10,1.0,10.007977816316208,7,0.8179803174040251,0,0.0,0.65,33.837,27.678,1.2225233037069154,1.0
100,5,10,0.0,-23.104416282642063,200,0.0,0,0.0,10.000000000000007,543.7999999999996,26.040000000000003,20.883256528417803,1.0
100,6,10,1.0,10.635833606467825,3,1.0,0,0.0,0.15000000000000002,18.306,18.306,1.0,1.0
100,7,10,0.0,-23.206564342781085,200,0.0,0,0.0,10.000000000000007,575.1179999999999,42.056000000000004,13.675052311204105,1.0
100,8,10,1.0,10.515532575704102,4,1.0,0,0.0,0.2,14.167000000000002,14.167000000000002,1.0,1.0
100,9,10,1.0,10.102271859362654,7,1.0,0,0.0,0.44999999999999996,30.376,30.376,1.0,1.0
101,0,10,0.0,-23.33254521678276,200,0.0,0,0.0,10.15000000000001,985.3140000000049,54.294,18.14775113272194,1.0
101,1,10,0.0,-25.530084479194635,200,0.0,0,0.0,15.000000000000002,888.2009999999972,44.507999999999996,19.955985440819568,1.0
101,2,10,0.0,-25.7811297550415,200,0.0,0,0.0,14.950000000000003,1120.2990000000018,39.721,28.204199290048134,1.0
101,3,10,0.0,-23.252749550607188,200,0.0,0,0.0,10.000000000000007,845.3409999999969,27.259,31.01144576103294,1.0
101,4,10,0.0,-26.19066531335775,200,0.0,0,0.0,14.950000000000003,1349.0370000000019,34.976,38.5703625343093,1.0
101,5,10,0.0,-12.9,10,0.0,10,1.0,0.0,0.0,30.793,0.0,1.0
101,6,10,1.0,9.862442435372229,8,0.959387423202024,0,0.0,0.7500000000000001,44.272,42.474000000000004,1.0423317794415405,1.0
101,7,10,0.0,-12.909970941883767,10,0.0,10,1.0,0.0,0.0,19.96,0.0,1.0
101,8,10,0.0,-23.078763834443258,200,0.0,0,0.0,10.000000000000007,1185.3999999999999,63.519000000000005,18.662132590248582,1.0
101,9,10,1.0,10.210713761834912,6,0.8701050066716947,0,0.0,0.45,34.474,29.996,1.1492865715428724,1.0
102,0,10,1.0,10.875,1,1.0,0,0.0,0.05,3.518,3.518,1.0,1.0
102,1,10,0.0,-12.947033178926837,11,0.0,10,1.0,0.1,4.713,45.11899999999999,0.10445710232939562,1.0
102,2,10,0.0,-12.9118852809882,11,0.0,10,1.0,0.1,4.708,32.706,0.14394912248517092,1.0
102,3,10,1.0,10.72950205338809,2,1.0,0,0.0,0.15000000000000002,9.74,9.74,1.0,1.0
102,4,10,0.0,-30.65693693693684,200,0.0,0,0.0,25.0,1123.2080000000033,33.300000000000004,33.729969969970064,1.0
102,5,10,1.0,9.194573658375159,13,0.7189990879168813,0,0.0,1.1500000000000001,75.65100000000001,54.392999999999994,1.390822348463957,1.0
102,6,10,1.0,10.487303174691117,4,0.9546199820172423,0,0.0,0.25,18.907,18.049,1.047537259681977,1.0
102,7,10,0.0,-25.299647246608135,200,0.0,0,0.0,13.300000000000011,538.6559999999997,43.855000000000004,12.282658761828747,1.0
102,8,10,0.0,-23.201216055200856,200,0.0,0,0.0,10.000000000000007,1240.2749999999937,56.230999999999995,22.056783624690897,1.0
102,9,10,1.0,10.633166826330916,3,0.8126112099644127,0,0.0,0.15000000000000002,17.984,14.613999999999999,1.230600793759409,1.0
103,0,10,1.0,9.22585944579075,13,0.6748243792838656,0,0.0,1.1,70.322,47.455,1.4818670319249816,1.0
103,1,10,1.0,10.610304685858374,3,0.5788129408902943,0,0.0,0.2,16.444000000000003,9.518,1.7276738810674512,1.0
103,2,10,0.0,-25.623791177387467,200,0.0,0,0.0,15.000000000000002,2045.131999999994,76.984,26.565675984620103,1.0
103,3,10,1.0,10.63498332679482,3,1.0,0,0.0,0.15000000000000002,10.196,10.196,1.0,1.0
103,4,10,1.0,10.223410504944658,6,0.8507354579897481,0,0.0,0.4,35.896,30.538,1.1754535333027702,1.0
103,5,10,0.0,-12.874715875936982,14,0.0,10,1.0,0.25,20.982999999999997,22.279,0.9418286278558282,1.0
103,6,10,0.0,-25.74067027728326,200,0.0,0,0.0,14.950000000000003,1139.8150000000019,66.286,17.19541079564315,1.0
103,7,10,0.0,-13.362291732959967,14,0.0,10,1.0,0.2,17.784,31.425999999999995,0.5659008464328901,1.0
103,8,10,1.0,10.638390394386645,3,0.9159002770083104,0,0.0,0.15000000000000002,18.049999999999997,16.532,1.091821921122671,1.0
103,9,10,1.0,10.13014518751051,6,0.8495571006762551,0,0.0,0.6000000000000001,20.997999999999998,17.839000000000002,1.1770839172599359,1.0
104,0,10,0.0,-12.747953994691693,13,0.0,10,1.0,0.2,30.974999999999998,51.99399999999999,0.5957418163634266,1.0
104,1,10,0.0,-23.560896254999466,200,0.0,0,0.0,10.050000000000008,2042.3740000000046,33.004,61.88262028845003,1.0
104,2,10,0.0,-25.635547835057793,200,0.0,0,0.0,14.950000000000003,1350.6549999999984,65.914,20.491170312831848,1.0
104,3,10,0.0,-12.8751047520323,13,0.0,10,1.0,0.2,20.231,36.658,0.5518849909978722,1.0
104,4,10,1.0,9.38517506523777,12,0.6806987893629497,0,0.0,0.9500000000000003,57.986,39.471,1.4690785640090194,1.0
104,5,10,1.0,10.439509464685528,4,1.0,0,0.0,0.35,19.652,19.652,1.0,1.0
104,6,10,0.0,-30.86543378728549,200,0.0,0,0.0,24.599999999999998,1118.9050000000013,51.327000000000005,21.799540203012082,1.0
104,7,10,1.0,10.875,1,1.0,0,0.0,0.05,2.943,2.943,1.0,1.0
104,8,10,0.0,-23.155125849912988,200,0.0,0,0.0,10.000000000000007,1244.8079999999977,55.740999999999985,22.331999784718572,1.0
104,9,10,1.0,8.800608711456704,17,0.7064083956681925,0,0.0,1.1500000000000004,89.57000000000001,63.273,1.4156117143173235,1.0
105,0,10,1.0,10.20575022409291,6,0.8074454024797028,0,0.0,0.45,31.778000000000006,25.659,1.2384738298452787,1.0
105,1,10,0.0,-25.90616633701273,200,0.0,0,0.0,14.950000000000003,957.8609999999986,47.01900000000001,20.371785873795666,1.0
105,2,10,1.0,8.840520706876681,16,0.7618863639024505,0,0.0,1.2500000000000002,85.41299999999998,65.07499999999999,1.312531694199001,1.0
105,3,10,1.0,10.466797701844571,4,0.8416899974548231,0,0.0,0.3,31.432,26.456,1.1880858784396733,1.0
105,4,10,0.0,-25.82090673289182,200,0.0,0,0.0,15.000000000000002,2168.6949999999997,54.36,39.895051508462096,1.0
105,5,10,0.0,-25.500840404478566,200,0.0,0,0.0,15.000000000000004,521.4760000000014,36.887,14.137121479111919,1.0
105,6,10,1.0,9.356126500732065,13,0.5558992056257326,0,0.0,0.85,61.431999999999995,34.15,1.7988872620790628,1.0
105,7,10,0.0,-25.4452545684404,200,0.0,0,0.0,15.000000000000002,874.216999999996,52.206,16.74552733402283,1.0
105,8,10,1.0,10.730694708793301,2,1.0,0,0.0,0.15000000000000002,7.881,7.881,1.0,1.0
105,9,10,0.0,-23.060333834529263,200,0.0,0,0.0,10.000000000000007,1077.1730000000034,52.541000000000004,20.501570202318252,1.0
106,0,10,1.0,10.754525832766825,2,1.0,0,0.0,0.1,11.768,11.768,1.0,1.0
106,1,10,1.0,9.816541768768099,9,0.8576778310628784,0,0.0,0.65,52.339,44.88999999999999,1.1659389619068836,1.0
106,2,10,0.0,-24.718303113989208,200,0.0,0,0.0,13.350000000000012,650.0540000000008,52.505,12.38080182839731,1.0
106,3,10,0.0,-23.161151244123353,200,0.0,0,0.0,10.000000000000007,1569.799999999998,43.605,36.00045866299732,1.0
106,4,10,1.0,10.596220647345039,3,0.5259819739623901,0,0.0,0.25,8.987,4.727,1.9012058387983921,1.0
106,5,10,1.0,9.067161729771659,15,0.5468089336602825,0,0.0,1.0,75.44499999999998,41.254,1.8287923595287725,1.0
106,6,10,0.0,-27.952517718040372,200,0.0,0,0.0,20.000000000000014,1304.972999999998,48.397,26.963923383680765,1.0
106,7,10,1.0,10.081428120982803,7,0.8441646191646193,0,0.0,0.5,48.839999999999996,41.229,1.184603070654151,1.0
106,8,10,1.0,10.491030076016306,4,0.932935916542474,0,0.0,0.25,19.459,18.154,1.071884984025559,1.0
106,9,10,1.0,10.160641206811277,7,0.8621729463007524,0,0.0,0.35,32.830999999999996,28.305999999999997,1.159860100332085,1.0
107,0,10,0.0,-28.171480621754625,200,0.0,0,0.0,19.950000000000028,1101.4889999999984,58.157999999999994,18.939595584442355,1.0
107,1,10,0.0,-23.333835092075397,200,0.0,0,0.0,10.050000000000008,639.5469999999991,48.32999999999999,13.232919511690445,1.0
107,2,10,0.0,-25.579408587413905,200,0.0,0,0.0,15.000000000000004,504.5669999999972,62.020999999999994,8.13542187323644,1.0
107,3,10,0.0,-28.03202126313122,200,0.0,0,0.0,20.00000000000003,702.9929999999974,47.406000000000006,14.829198835590375,1.0
107,4,10,0.0,-23.038369575449426,200,0.0,0,0.0,10.000000000000007,678.5999999999993,53.114999999999995,12.776051962722384,1.0
107,5,10,1.0,10.349237231603086,5,0.9127754309852723,0,0.0,0.35,26.277,23.985,1.0955597248280176,1.0
107,6,10,1.0,10.22476375722325,6,0.9444602982093172,0,0.0,0.39999999999999997,28.034,26.476999999999997,1.058805755939117,1.0
107,7,10,0.0,-25.8855229942674,200,0.0,0,0.0,15.000000000000002,950.0410000000026,38.900999999999996,24.422019999485943,1.0
107,8,10,1.0,10.610598556839243,3,1.0,0,0.0,0.2,25.361,25.361,1.0,1.0
107,9,10,1.0,10.875,1,1.0,0,0.0,0.05,4.082,4.082,1.0,1.0
108,0,10,0.0,-22.9695217443682,200,0.0,0,0.0,10.000000000000007,971.4440000000033,49.80599999999999,19.504557683813264,1.0
108,1,10,0.0,-13.095119494004695,14,0.0,10,1.0,0.35,20.653,48.538,0.4255016687955828,1.0
108,2,10,1.0,10.754961550292219,2,1.0,0,0.0,0.1,9.753,9.753,1.0,1.0
108,3,10,1.0,10.875,1,1.0,0,0.0,0.05,4.228,4.228,1.0,1.0
108,4,10,0.0,-13.079819562560791,14,0.0,10,1.0,0.25,15.494,40.097,0.38641294859964587,1.0
108,5,10,0.0,-23.005886816313588,200,0.0,0,0.0,10.000000000000007,1341.4000000000042,37.956,35.340921066498154,1.0
108,6,10,0.0,-25.775775616342504,200,0.0,0,0.0,15.000000000000002,555.1339999999989,39.994,13.880432064809693,1.0
108,7,10,0.0,-12.61607419885607,13,0.0,10,1.0,0.15000000000000002,19.677999999999997,25.526,0.7709002585598996,1.0
108,8,10,0.0,-13.201925253332925,13,0.0,10,1.0,0.15000000000000002,21.603,65.03300000000002,0.3321851982839481,1.0
108,9,10,1.0,10.748881426586383,2,0.1981642955484167,0,0.0,0.15000000000000002,10.895,2.159,5.046317739694303,1.0
109,0,10,0.0,-22.722923670404302,200,0.0,0,0.0,10.050000000000008,338.47399999999976,48.605,6.963769159551482,1.0
109,1,10,1.0,10.20889708839379,6,0.7296147413514861,0,0.0,0.45000000000000007,68.162,49.732,1.370586342797394,1.0
109,2,10,1.0,10.875,1,1.0,0,0.0,0.05,6.727,6.727,1.0,1.0
109,3,10,1.0,-0.013059084741582794,17,0.6682437890502647,9,0.0,0.7,60.659000000000006,40.53500000000001,1.4964598495127666,1.0
109,4,10,0.0,-25.653932964676713,200,0.0,0,0.0,15.000000000000004,840.6009999999987,53.166,15.810875371477989,1.0
109,5,10,0.0,-14.639465986394555,16,0.0,10,1.0,0.65,26.384999999999994,35.28,0.7478741496598638,1.0
109,6,10,0.0,-28.479082444528313,200,0.0,0,0.0,19.95000000000003,1169.1669999999979,29.159,40.0962653040227,1.0
109,7,10,1.0,10.213765389082463,6,0.3126588713777326,0,0.0,0.45,27.538,8.61,3.1983739837398377,1.0
109,8,10,0.0,-13.746345255701723,16,0.0,10,1.0,0.3,22.931,51.388000000000005,0.4462325834825251,1.0
109,9,10,0.0,-27.799152378602873,200,0.0,0,0.0,20.00000000000002,908.2140000000009,48.641999999999996,18.67139509066241,1.0
110,0,10,0.0,-22.70324329817744,200,0.0,0,0.0,10.000000000000007,1087.2210000000002,44.278999999999996,24.553874297070852,1.0
110,1,10,0.0,-12.9,10,0.0,10,1.0,0.0,0.0,38.288,0.0,1.0
110,2,10,0.0,-25.467646221040678,200,0.0,0,0.0,15.000000000000002,1221.9999999999986,42.128,29.006836308393435,1.0
110,3,10,0.0,-25.640782516614344,200,0.0,0,0.0,15.050000000000002,1289.3189999999965,41.07900000000001,31.386328781128952,1.0
110,4,10,0.0,-25.278943199381725,200,0.0,0,0.0,13.300000000000011,528.8039999999997,41.408,12.770575734157644,1.0
110,5,10,1.0,9.951956326460776,8,0.8941329457660827,0,0.0,0.55,52.292,46.756,1.118401916331594,1.0
110,6,10,0.0,-13.253682412426548,12,0.0,10,1.0,0.2,9.866,21.953000000000003,0.44941465858880325,1.0
110,7,10,0.0,-13.110086760063549,12,0.0,10,1.0,0.15000000000000002,7.635,48.46699999999999,0.15752986568180413,1.0
110,8,10,1.0,10.131570257377096,7,0.9095798581339154,0,0.0,0.39999999999999997,38.486999999999995,35.007,1.0994086896906332,1.0
110,9,10,0.0,-12.899999999999999,10,0.0,10,1.0,0.0,0.0,40.883,0.0,1.0
111,0,10,1.0,10.875,1,1.0,0,0.0,0.05,2.85,2.85,1.0,1.0
111,1,10,0.0,-25.51434368019208,200,0.0,0,0.0,13.400000000000013,678.6209999999984,29.993,22.625979395192157,1.0
111,2,10,1.0,9.454571862370777,12,0.9261740802779329,0,0.0,0.8,48.357000000000006,44.787000000000006,1.079710630316833,1.0
111,3,10,1.0,1.9258476085559515,17,0.8364817545152967,7,0.0,0.9000000000000001,65.11200000000001,54.46500000000001,1.195483337923437,1.0
111,4,10,1.0,10.63878622021893,3,0.2046517757132503,0,0.0,0.2,15.177,3.106,4.8863490019317455,1.0
111,5,10,0.0,-12.988046396608574,15,0.0,10,1.0,0.35000000000000003,18.964000000000002,16.983999999999998,1.1165803108808292,1.0
111,6,10,0.0,-22.916490287380615,200,0.0,0,0.0,10.000000000000007,1032.6000000000017,42.522,24.283900098772442,1.0
111,7,10,0.0,-12.899999999999999,10,0.0,10,1.0,0.0,0.0,63.663,0.0,1.0
111,8,10,0.0,-13.331120179627916,15,0.0,10,1.0,0.3,16.773,28.058,0.5977974196307648,1.0
111,9,10,0.0,-12.899999999999999,10,0.0,10,1.0,0.0,0.0,61.282999999999994,0.0,1.0
112,0,10,0.0,-25.86115498708181,200,0.0,0,0.0,15.000000000000004,1683.2320000000007,62.702000000000005,26.84494912442985,1.0
112,1,10,0.0,-25.822248829486554,200,0.0,0,0.0,15.000000000000002,1367.4019999999962,48.483000000000004,28.20374151764528,1.0
112,2,10,0.0,-13.003347618378534,12,0.0,10,1.0,0.15000000000000002,6.916,14.234,0.48587888155121545,1.0
112,3,10,0.0,-12.965762179657492,12,0.0,10,1.0,0.1,7.681000000000001,41.401,0.18552691963962223,1.0
112,4,10,0.0,-25.588928416982522,200,0.0,0,0.0,14.950000000000003,941.0579999999978,39.31099999999999,23.93879575691277,1.0
112,5,10,1.0,9.94272724418349,8,0.819477679145761,0,0.0,0.6000000000000001,38.865,31.849,1.2202894910358253,1.0
112,6,10,1.0,9.256703843376394,13,0.7938216560509556,0,0.0,1.0,62.8,49.852000000000004,1.2597287972398297,1.0
112,7,10,1.0,10.755180483328235,2,0.7646783625730994,0,0.0,0.1,8.55,6.538,1.307739369837871,1.0
112,8,10,0.0,-22.95501178305014,200,0.0,0,0.0,10.000000000000007,514.3670000000004,56.437,9.114003224834779,1.0
112,9,10,1.0,10.34338895188725,5,0.881133354744317,0,0.0,0.35,28.023000000000003,24.691999999999997,1.134901992548194,1.0
113,0,10,1.0,10.225253949740218,6,0.9197834885648803,0,0.0,0.39999999999999997,20.507,18.862000000000002,1.0872123846887922,1.0
113,1,10,0.0,-13.08034167829546,11,0.0,10,1.0,0.05,3.525,48.013,0.07341761606231646,1.0
113,2,10,0.0,-12.961476720574371,11,0.0,10,1.0,0.05,3.33,55.156,0.06037421132787004,1.0
113,3,10,1.0,9.27274935511608,12,0.7496630530325226,0,0.0,1.2000000000000004,68.26,51.172,1.3339326194012353,1.0
113,4,10,1.0,9.475661001280045,11,0.779047381615213,0,0.0,0.9500000000000002,72.20100000000001,56.248000000000005,1.2836189731190442,1.0
113,5,10,1.0,10.468193264757351,4,1.0,0,0.0,0.30000000000000004,23.429000000000002,23.429000000000002,1.0,1.0
113,6,10,0.0,-23.474170087131856,200,0.0,0,0.0,10.000000000000007,946.527999999998,27.773999999999997,34.079642831425005,1.0
113,7,10,1.0,10.611057011670175,3,0.8790783720148,0,0.0,0.2,23.784,20.908,1.1375550028697148,1.0
113,8,10,0.0,-25.50814732794703,200,0.0,0,0.0,15.000000000000002,704.992999999998,41.092000000000006,17.15645381096072,1.0
113,9,10,0.0,-23.538352476921993,200,0.0,0,0.0,10.100000000000009,350.1300000000003,42.573,8.22422662250723,1.0
114,0,10,0.0,-12.911908038212875,12,0.0,10,1.0,0.15000000000000002,14.215,51.815000000000005,0.27434140692849557,1.0
114,1,10,0.0,-24.992037037037043,200,0.0,0,0.0,13.200000000000012,448.8090000000002,37.961999999999996,11.822585743638381,1.0
114,2,10,1.0,10.466727672883122,4,1.0,0,0.0,0.3,34.532,34.532,1.0,1.0
114,3,10,0.0,-26.06829671849385,200,0.0,0,0.0,15.050000000000002,909.086999999998,50.617,17.96011221526361,1.0
114,4,10,1.0,10.59351161693596,3,0.40955417089310725,0,0.0,0.25,20.703,8.479,2.4416794433305817,1.0
114,5,10,1.0,10.095819664932042,7,0.9642199309804583,0,0.0,0.45,47.233000000000004,45.54299999999999,1.0371077882440773,1.0
114,6,10,0.0,-23.137332181555877,200,0.0,0,0.0,10.050000000000008,974.8500000000033,59.618,16.351605219900087,1.0
114,7,10,0.0,-22.64010343206401,200,0.0,0,0.0,10.000000000000007,1530.9999999999955,21.27,71.97931358721182,1.0
114,8,10,0.0,-28.210406907811517,200,0.0,0,0.0,20.05000000000003,1109.0199999999984,51.44900000000001,21.55571536861743,1.0
114,9,10,0.0,-12.94376806175636,12,0.0,10,1.0,0.2,12.107000000000001,45.46900000000001,0.26626932635421935,1.0
115,0,10,1.0,10.8,1,1.0,0,0.0,0.2,2.301,2.301,1.0,1.0
115,1,10,0.0,-22.841701956039536,200,0.0,0,0.0,10.000000000000007,1098.9999999999993,34.713,31.65960879209516,1.0
115,2,10,0.0,-23.377788754084822,200,0.0,0,0.0,10.15000000000001,686.9269999999972,53.24600000000001,12.901006648386678,1.0
115,3,10,0.0,-23.62510060737048,200,0.0,0,0.0,10.100000000000009,1047.3179999999943,53.674,19.512575921302574,1.0
115,4,10,1.0,10.39248559523422,5,1.0,0,0.0,0.25,30.719,30.719,1.0,1.0
115,5,10,1.0,9.984373006792122,8,0.7762827175659076,0,0.0,0.49999999999999994,52.915,41.077,1.288190471553424,1.0
115,6,10,0.0,-23.627964486746553,200,0.0,0,0.0,10.150000000000011,329.27400000000034,48.855000000000004,6.73982192201413,1.0
115,7,10,0.0,-30.278168608003703,200,0.0,0,0.0,25.0,517.0680000000009,17.342,29.81593818475383,1.0
115,8,10,1.0,9.765132815997612,9,0.8041714669738863,0,0.0,0.7500000000000001,41.664,33.505,1.243515893150276,1.0
115,9,10,1.0,10.63486323171035,3,1.0,0,0.0,0.15000000000000002,20.107000000000003,20.107000000000003,1.0,1.0
116,0,10,0.0,-14.196291358888061,25,0.0,10,1.0,1.1,106.358,68.63700000000001,1.5495723880705738,1.0
116,1,10,0.0,-14.374216771612375,25,0.0,10,1.0,0.8000000000000002,45.885,43.990999999999985,1.0430542610988613,1.0
116,2,10,0.0,-25.346549655912575,200,0.0,0,0.0,15.000000000000002,687.5529999999995,31.678000000000004,21.704432097985965,1.0
116,3,10,0.0,-23.025954985396012,200,0.0,0,0.0,10.000000000000007,1207.8049999999978,17.461,69.17158238359761,1.0
116,4,10,0.0,-23.309937302846837,200,0.0,0,0.0,10.000000000000007,1051.5380000000057,51.038999999999994,20.602637199004796,1.0
116,5,10,0.0,-24.633188060631664,200,0.0,0,0.0,13.300000000000013,827.4729999999983,44.927,18.418167249092935,1.0
116,6,10,1.0,10.729563829787233,2,1.0,0,0.0,0.15000000000000002,18.8,18.8,1.0,1.0
116,7,10,0.0,-23.086451858429513,200,0.0,0,0.0,10.000000000000007,967.8000000000052,47.297999999999995,20.461753139667753,1.0
116,8,10,0.0,-25.619304647509036,200,0.0,0,0.0,15.000000000000004,942.5949999999978,39.462,23.886143631848302,1.0
116,9,10,0.0,-23.15363866279073,200,0.0,0,0.0,10.000000000000007,683.663,34.4,19.873924418604652,1.0
117,0,10,1.0,10.507854678303227,3,0.7847415784024846,0,0.0,0.4,12.557,9.854,1.2743048508220014,1.0
117,1,10,0.0,-32.84774165953809,200,0.0,0,0.0,30.000000000000007,1386.5999999999988,51.436,26.957772766155976,1.0
117,2,10,1.0,10.586209758833427,3,0.8777630089105497,0,0.0,0.25,20.313000000000002,17.83,1.1392596747055528,1.0
117,3,10,1.0,10.003376612497906,7,0.9661077301566748,0,0.0,0.65,30.892,29.845,1.0350812531412297,1.0
117,4,10,1.0,10.005864822101472,8,0.8349063982896178,0,0.0,0.45,57.531,48.033,1.1977390544000999,1.0
117,5,10,0.0,-23.145786042018887,200,0.0,0,0.0,10.000000000000007,1114.8649999999986,41.410000000000004,26.922603235933316,1.0
117,6,10,0.0,-22.962681903401435,200,0.0,0,0.0,10.000000000000007,477.00000000000034,44.804,10.646370859744673,1.0
117,7,10,0.0,-25.87171302096381,200,0.0,0,0.0,15.050000000000002,1066.0899999999951,71.83800000000001,14.840195996547719,1.0
117,8,10,0.0,-23.624534615504487,200,0.0,0,0.0,10.150000000000011,923.2839999999977,64.162,14.389888095757577,1.0
117,9,10,0.0,-23.32534576960881,200,0.0,0,0.0,10.100000000000009,676.9079999999973,43.742999999999995,15.474658802551206,1.0
118,0,10,0.0,-13.036447447190623,13,0.0,10,1.0,0.2,10.73,23.386000000000003,0.45882151714701097,1.0
118,1,10,0.0,-13.259938412728035,17,0.0,10,1.0,0.6000000000000001,34.743,42.866,0.8105024961507955,1.0
118,2,10,0.0,-12.9,10,0.0,10,1.0,0.0,0.0,64.912,0.0,1.0
118,3,10,0.0,-28.07194455808468,200,0.0,0,0.0,19.900000000000023,1120.2929999999997,61.108999999999995,18.332700584201994,1.0
118,4,10,0.0,-13.092378400904924,13,0.0,10,1.0,0.25,13.68,33.594,0.4072155742096803,1.0
118,5,10,0.0,-13.710205037468775,17,0.0,10,1.0,0.45,27.490000000000002,48.04,0.5722314737718568,1.0
118,6,10,0.0,-12.9,10,0.0,10,1.0,0.0,0.0,58.93,0.0,1.0
118,7,10,1.0,9.54631836752155,11,0.733015569388043,0,0.0,0.8,63.778999999999996,46.75099999999999,1.3642275031550128,1.0
118,8,10,0.0,-26.192353955007246,200,0.0,0,0.0,15.150000000000004,818.5409999999973,44.096000000000004,18.562704100145076,1.0
118,9,10,0.0,-26.134878907172755,200,0.0,0,0.0,14.850000000000001,842.3680000000013,63.50500000000001,13.264593339107176,1.0
119,0,10,0.0,-12.899999999999999,10,0.0,10,1.0,0.0,0.0,55.989,0.0,1.0
119,1,10,0.0,-13.220931988254241,12,0.0,10,1.0,0.15000000000000002,7.816,52.78500000000001,0.148072369044236,1.0
119,2,10,0.0,-25.893634890323916,200,0.0,0,0.0,14.950000000000003,942.4879999999969,39.79900000000001,23.681198020050672,1.0
119,3,10,0.0,-23.376524577572965,200,0.0,0,0.0,10.050000000000008,766.9770000000007,33.852,22.656770648706154,1.0
119,4,10,1.0,10.85,1,1.0,0,0.0,0.1,1.868,1.868,1.0,1.0
119,5,10,0.0,-23.80872142784371,200,0.0,0,0.0,10.250000000000012,1087.5320000000013,29.442999999999998,36.93686105356117,1.0
119,6,10,0.0,-12.928196041684414,12,0.0,10,1.0,0.2,25.061999999999998,70.434,0.35582247210154183,1.0
119,7,10,1.0,9.946993706137908,8,0.774146257330114,0,0.0,0.6000000000000001,46.38399999999999,35.908,1.2917455720173776,1.0
119,8,10,1.0,10.22796768194005,6,0.8977383611249647,0,0.0,0.39999999999999997,46.117000000000004,41.401,1.113910292021932,1.0
119,9,10,0.0,-12.899999999999999,10,0.0,10,1.0,0.0,0.0,19.570999999999998,0.0,1.0
120,0,10,0.0,-23.688209420849425,200,0.0,0,0.0,10.100000000000009,1093.4520000000016,32.375,33.7745791505792,1.0
120,1,10,1.0,10.197708739045765,6,0.8482564592313451,0,0.0,0.45,38.742999999999995,32.864,1.1788887536514119,1.0
120,2,10,1.0,9.814881846532263,9,0.9634990160604329,0,0.0,0.6500000000000002,47.259,45.534,1.0378837791540387,1.0
120,3,10,1.0,10.112638090259626,7,0.8068325601012231,0,0.0,0.45,28.452,22.956,1.239414532148458,1.0
120,4,10,1.0,9.969764327108821,8,0.7723870390172333,0,0.0,0.55,40.213,31.060000000000002,1.2946877012234383,1.0
120,5,10,0.0,-25.411679676207097,200,0.0,0,0.0,15.000000000000002,1221.9999999999986,69.17999999999999,17.664064758600734,1.0
120,6,10,0.0,-23.14678240661637,200,0.0,0,0.0,10.000000000000007,858.9999999999973,29.261,29.356481323262955,1.0
120,7,10,0.0,-25.657099286177807,200,0.0,0,0.0,15.000000000000002,941.6809999999978,21.573999999999998,43.64888291461935,1.0
120,8,10,1.0,10.249933542413382,6,0.9411764705882353,0,0.0,0.35,42.687000000000005,40.176,1.0625,1.0
120,9,10,1.0,9.815295321701438,9,0.7930932703659976,0,0.0,0.6500000000000001,57.596000000000004,45.679,1.2608857461853369,1.0
121,0,10,1.0,9.516350094321213,11,0.7311597821692707,0,0.0,0.9,42.051,30.746000000000002,1.3676901060300526,1.0
121,1,10,1.0,9.494104807212643,11,0.9258228760673173,0,0.0,0.9000000000000002,88.77399999999999,82.18900000000001,1.0801202107337962,1.0
121,2,10,1.0,10.319860121253587,5,0.9702742075273378,0,0.0,0.39999999999999997,54.229,52.617000000000004,1.0306364863067068,1.0
121,3,10,1.0,10.05133737244898,7,0.9625241705288357,0,0.0,0.55,32.581,31.359999999999996,1.038934948979592,1.0
121,4,10,0.0,-13.315163495041546,14,0.0,10,1.0,0.4,17.263,22.386000000000003,0.7711516126150272,1.0
121,5,10,0.0,-13.11473655252767,14,0.0,10,1.0,0.25,16.664,30.898000000000003,0.5393229335232054,1.0
121,6,10,1.0,10.22233592209569,6,0.6813159698423576,0,0.0,0.39999999999999997,36.47500000000001,24.851000000000003,1.4677477767494267,1.0
121,7,10,1.0,10.610050433913399,3,0.9042688688935453,0,0.0,0.2,24.339000000000002,22.009,1.1058657821800173,1.0
121,8,10,1.0,10.342987119055397,5,1.0,0,0.0,0.35,21.427000000000003,21.427000000000003,1.0,1.0
121,9,10,1.0,9.792936337311337,9,0.7966862995263646,0,0.0,0.7,57.217,45.584,1.2551991926991926,1.0
122,0,10,0.0,-13.484515432190097,21,0.0,10,1.0,0.7000000000000001,49.305,33.793,1.4590299766223775,1.0
122,1,10,0.0,-25.57325071565753,200,0.0,0,0.0,15.000000000000004,808.6000000000012,55.19400000000001,14.650143131499819,1.0
122,2,10,0.0,-30.636756509329757,200,0.0,0,0.0,25.0,1480.1709999999925,74.27799999999999,19.92744823500892,1.0
122,3,10,0.0,-25.47834735767342,200,0.0,0,0.0,15.000000000000004,1037.5669999999975,28.403000000000002,36.53019047283728,1.0
122,4,10,0.0,-25.836373635068952,200,0.0,0,0.0,15.000000000000004,1354.5370000000019,50.55200000000001,26.794924038613736,1.0
122,5,10,0.0,-14.122728781164017,21,0.0,10,1.0,0.8000000000000002,112.20600000000002,47.611000000000004,2.3567242864044027,1.0
122,6,10,1.0,10.200442563532272,6,1.0,0,0.0,0.45,24.279,24.279,1.0,1.0
122,7,10,1.0,10.58253516646639,3,0.9743784007163028,0,0.0,0.25,14.519,14.147,1.0262953276312998,1.0
122,8,10,1.0,10.51394763133794,4,0.38410617204988806,0,0.0,0.25,31.27,12.011,2.6034468403963036,1.0
122,9,10,0.0,-22.96204937549603,200,0.0,0,0.0,10.000000000000007,1457.4009999999946,47.878,30.43988888424735,1.0
123,0,10,1.0,9.558284593837536,10,0.7553317535545025,0,0.0,1.0,47.263999999999996,35.7,1.3239215686274508,1.0
123,1,10,0.0,-25.560355442833323,200,0.0,0,0.0,15.000000000000004,729.8329999999983,54.410999999999994,13.413335538769704,1.0
123,2,10,1.0,10.46687569213732,4,0.7525391947497266,0,0.0,0.3,19.198999999999998,14.448,1.3288344407530452,1.0
123,3,10,0.0,-23.66160824278496,200,0.0,0,0.0,10.20000000000001,398.74700000000087,57.796,6.899214478510639,1.0
123,4,10,0.0,-23.460767344868337,200,0.0,0,0.0,10.150000000000011,616.6569999999998,53.229,11.58498187078472,1.0
123,5,10,0.0,-23.22853024327874,200,0.0,0,0.0,10.000000000000007,635.356000000002,55.532999999999994,11.441053067545461,1.0
123,6,10,1.0,9.901155813261967,8,0.8098345654634335,0,0.0,0.65,41.527,33.63,1.234820101100208,1.0
123,7,10,0.0,-28.11338924749455,200,0.0,0,0.0,19.85000000000003,318.59199999999896,70.644,4.509823905781085,1.0
123,8,10,0.0,-28.39735941320281,200,0.0,0,0.0,20.10000000000002,1329.8660000000007,50.307,26.435009044466984,1.0
123,9,10,0.0,-22.91819015605175,200,0.0,0,0.0,10.000000000000007,728.4000000000027,44.921,16.21513323389957,1.0
124,0,10,1.0,10.46623388042204,4,0.9904619722982501,0,0.0,0.30000000000000004,24.113999999999997,23.884,1.0096298777424215,1.0
124,1,10,0.0,-33.14242990654194,200,0.0,0,0.0,29.999999999999893,914.4000000000004,32.1,28.485981308411226,1.0
124,2,10,0.0,-23.117765044209808,200,0.0,0,0.0,10.05000000000001,493.2840000000019,46.596,10.586402266288994,1.0
124,3,10,1.0,10.133190029583938,7,0.80554710475611,0,0.0,0.39999999999999997,39.443999999999996,31.774,1.2413923333543146,1.0
124,4,10,1.0,10.704992143306097,2,1.0,0,0.0,0.2,6.364,6.364,1.0,1.0
124,5,10,1.0,10.366658080027477,4,0.8424072913150408,0,0.0,0.5,20.737000000000002,17.469,1.187074245806858,1.0
124,6,10,1.0,10.730132643654615,2,1.0,0,0.0,0.15000000000000002,19.526,19.526,1.0,1.0
124,7,10,0.0,-28.13320603628746,200,0.0,0,0.0,19.90000000000003,584.8560000000009,57.32000000000001,10.203349616189826,1.0
124,8,10,1.0,10.082209228294742,7,0.9336148912873455,0,0.0,0.49999999999999994,31.965,29.843,1.071105451864759,1.0
124,9,10,0.0,-29.254902634983264,200,0.0,0,0.0,21.450000000000024,1009.6950000000007,29.374000000000002,34.37376591543544,1.0
125,0,10,1.0,9.64994354411876,10,0.7509889652300643,0,0.0,0.8,52.83300000000001,39.677,1.3315774882173554,1.0
125,1,10,0.0,-23.612709373490127,200,0.0,0,0.0,10.150000000000011,898.7979999999991,24.836000000000002,36.189321952005116,1.0
125,2,10,0.0,-25.954898149840588,200,0.0,0,0.0,15.000000000000002,951.6969999999986,49.239,19.32811389345841,1.0
125,3,10,0.0,-25.893634890323916,200,0.0,0,0.0,14.950000000000003,942.4879999999969,39.79900000000001,23.681198020050672,1.0
125,4,10,1.0,8.998554966207545,15,0.7145564358372458,0,0.0,1.1500000000000004,81.79199999999999,58.445,1.3994695867909999,1.0
125,5,10,0.0,-13.356983925060714,15,0.0,10,1.0,0.3,17.326999999999998,17.294,1.0019081762460968,1.0
125,6,10,0.0,-23.273552660926907,200,0.0,0,0.0,10.000000000000007,508.5800000000014,22.417,22.687246286300635,1.0
125,7,10,1.0,9.556963629569658,9,0.9125369402136848,0,0.0,1.1500000000000001,52.788000000000004,48.171,1.0958460484523884,1.0
125,8,10,1.0,10.012307591896409,8,0.895036919338256,0,0.0,0.44999999999999996,42.796,38.304,1.1172723475355053,1.0
125,9,10,0.0,-12.72814179135756,15,0.0,10,1.0,0.35,58.163,47.718,1.2188901462760382,1.0
126,0,10,0.0,-33.24951657325079,200,0.0,0,0.0,29.5999999999999,920.9559999999973,41.392,22.24961345187469,1.0
126,1,10,0.0,-28.472135954878837,200,0.0,0,0.0,19.800000000000022,587.2719999999993,50.708,11.581446714522349,1.0
126,2,10,0.0,-12.61189653051181,13,0.0,10,1.0,0.30000000000000004,13.079,16.256,0.804564468503937,1.0
126,3,10,0.0,-13.283359953434228,16,0.0,10,1.0,0.3,27.621000000000002,42.949999999999996,0.6430966239813738,1.0
126,4,10,0.0,-24.08157186779401,200,0.0,0,0.0,12.000000000000016,680.3269999999998,52.03999999999999,13.073155265180628,1.0
126,5,10,1.0,10.255175387737355,6,0.7667941137242696,0,0.0,0.35,44.986000000000004,34.495,1.3041310334831138,1.0
126,6,10,1.0,10.250393518518518,6,0.9411764705882353,0,0.0,0.35,42.687,40.175999999999995,1.0625,1.0
126,7,10,0.0,-13.13170439638694,16,0.0,10,1.0,0.45,46.74000000000001,53.362,0.8759042014916983,1.0
126,8,10,0.0,-12.700944754756502,13,0.0,10,1.0,0.2,14.824,22.916,0.6468842729970327,1.0
126,9,10,1.0,9.957103604775533,8,0.8103302881236825,0,0.0,0.55,42.69,34.593,1.2340646951695429,1.0
127,0,10,0.0,-12.994148274683976,12,0.0,10,1.0,0.15000000000000002,15.559999999999999,58.54,0.2658011615989067,1.0
127,1,10,0.0,-25.68187368196819,200,0.0,0,0.0,15.000000000000002,630.4480000000005,46.945,13.429502609436586,1.0
127,2,10,1.0,9.823341801274983,9,0.7077121389440121,0,0.0,0.65,58.95899999999999,41.726,1.4130038824713604,1.0
127,3,10,0.0,-30.42529910051515,200,0.0,0,0.0,25.0,1594.9999999999955,57.254999999999995,27.857829010566686,1.0
127,4,10,0.0,-22.908466881063678,200,0.0,0,0.0,10.000000000000007,677.3999999999972,37.00300000000001,18.306623787260413,1.0
127,5,10,0.0,-25.390737553388142,200,0.0,0,0.0,15.000000000000002,685.5999999999996,31.374000000000002,21.852489322368825,1.0
127,6,10,0.0,-23.11242217719651,200,0.0,0,0.0,10.000000000000007,1052.3999999999942,16.287,64.61595137225973,1.0
127,7,10,0.0,-13.079752837202433,12,0.0,10,1.0,0.2,8.355,40.621,0.20568179020703578,1.0
127,8,10,1.0,9.912324139127419,8,1.0,0,0.0,0.65,34.587,34.587,1.0,1.0
127,9,10,0.0,-25.313261648745502,200,0.0,0,0.0,15.000000000000002,1354.5999999999983,36.27,37.34767025089601,1.0
128,0,10,0.0,-22.999824674186126,200,0.0,0,0.0,10.000000000000007,678.5999999999993,34.222,19.829349541230766,1.0
128,1,10,0.0,-32.88538783232098,200,0.0,0,0.0,30.000000000000007,933.9020000000039,50.215,18.59806830628306,1.0
128,2,10,0.0,-22.940716167430963,200,0.0,0,0.0,10.000000000000007,628.1999999999999,51.245000000000005,12.258756951897743,1.0
128,3,10,0.0,-13.096331220285263,13,0.0,10,1.0,0.25,15.173,59.31399999999999,0.25580807229321917,1.0
128,4,10,1.0,9.798562186608986,9,0.8174336553453458,0,0.0,0.7000000000000001,62.213,50.855000000000004,1.2233408711041194,1.0
128,5,10,1.0,9.09026224241308,15,0.6262912362545818,0,0.0,0.9500000000000001,78.02600000000001,48.867000000000004,1.5967012503325353,1.0
128,6,10,0.0,-23.369286408843585,200,0.0,0,0.0,10.100000000000009,641.979000000002,58.619,10.95172213787342,1.0
128,7,10,1.0,10.632732841462857,3,1.0,0,0.0,0.15000000000000002,21.957,21.957,1.0,1.0
128,8,10,0.0,-25.691249319189797,200,0.0,0,0.0,15.000000000000004,716.2120000000018,38.556999999999995,18.575407837746763,1.0
128,9,10,0.0,-13.023152151412097,13,0.0,10,1.0,0.4,17.05,33.815,0.5042141061659028,1.0
129,0,10,0.0,-23.049467142050016,200,0.0,0,0.0,10.000000000000007,1019.0309999999951,51.327000000000005,19.853702729557444,1.0
129,1,10,0.0,-28.3033731178847,200,0.0,0,0.0,19.950000000000024,994.6559999999974,51.737,19.225235324815845,1.0
129,2,10,1.0,10.277179576645732,5,0.7708445400753093,0,0.0,0.49999999999999994,22.308,17.196,1.297278436845778,1.0
129,3,10,0.0,-22.947147030185043,200,0.0,0,0.0,10.000000000000007,907.6029999999963,25.675,35.34967867575448,1.0
129,4,10,1.0,9.644375993729705,10,0.8940834918410251,0,0.0,0.8,49.945,44.655,1.118463777852424,1.0
129,5,10,1.0,9.8485567796023,9,0.6792479469139,0,0.0,0.6000000000000002,42.49699999999999,28.866000000000003,1.472216448416822,1.0
129,6,10,1.0,10.346331319376143,5,0.6711618257261411,0,0.0,0.35,21.208,14.234,1.489953632148377,1.0
129,7,10,1.0,10.466797701844571,4,0.8416899974548231,0,0.0,0.3,31.432,26.456,1.1880858784396733,1.0
129,8,10,0.0,-24.013837577662613,200,0.0,0,0.0,12.500000000000014,712.4569999999983,40.721000000000004,17.496058544731177,1.0
129,9,10,0.0,-28.52750065847231,200,0.0,0,0.0,19.850000000000026,590.3239999999993,45.56,12.95706760316065,1.0
130,0,10,0.0,-13.29275445587794,15,0.0,10,1.0,0.44999999999999996,27.936999999999998,36.637,0.7625351420694925,1.0
130,1,10,0.0,-23.25594679362783,200,0.0,0,0.0,10.050000000000008,892.9639999999991,44.318000000000005,20.14901394467257,1.0
130,2,10,0.0,-22.891795383000982,200,0.0,0,0.0,10.050000000000008,660.6770000000016,61.94499999999999,10.665542013076143,1.0
130,3,10,1.0,10.292857352377085,5,0.9566972477064222,0,0.0,0.44999999999999996,46.324999999999996,44.319,1.0452627541235135,1.0
130,4,10,0.0,-22.79995786516855,200,0.0,0,0.0,10.000000000000007,563.4000000000012,26.343999999999998,21.38627391436385,1.0
130,5,10,0.0,-23.300963496052596,200,0.0,0,0.0,10.05000000000001,674.1970000000033,39.393,17.114639656791898,1.0
130,6,10,0.0,-13.341737082615145,15,0.0,10,1.0,0.44999999999999996,23.284,49.894,0.4666693389986772,1.0
130,7,10,1.0,10.200231294877613,6,0.7912266621610204,0,0.0,0.44999999999999996,47.348,37.462999999999994,1.2638603422043084,1.0
130,8,10,0.0,-25.459262219853766,200,0.0,0,0.0,15.000000000000002,776.9999999999985,33.777,23.00381916688867,1.0
130,9,10,0.0,-25.469541247761963,200,0.0,0,0.0,15.050000000000002,889.0969999999973,36.305,24.48965707202857,1.0
131,0,10,0.0,-23.10034089058268,200,0.0,0,0.0,10.15000000000001,914.6310000000035,61.398,14.896755594644834,1.0
131,1,10,0.0,-23.12455209293746,200,0.0,0,0.0,10.050000000000008,715.1019999999975,54.230000000000004,13.186465056241884,1.0
131,2,10,0.0,-25.57233341501776,200,0.0,0,0.0,14.950000000000003,1019.7610000000022,48.969,20.824623741550823,1.0
131,3,10,0.0,-25.650667246250862,200,0.0,0,0.0,16.000000000000036,746.4399999999994,23.005,32.44685937839598,1.0
131,4,10,0.0,-22.942039821660998,200,0.0,0,0.0,10.000000000000007,1087.2000000000016,36.111000000000004,30.107169560521765,1.0
131,5,10,0.0,-25.661813614927176,200,0.0,0,0.0,14.950000000000003,774.6779999999986,43.893,17.64923791948599,1.0
131,6,10,0.0,-23.11280718965696,200,0.0,0,0.0,10.050000000000008,975.2840000000008,57.082,17.085666234539797,1.0
131,7,10,1.0,9.64227279711147,10,0.6383542162175417,0,0.0,0.8500000000000001,40.782999999999994,26.034,1.5665283859568255,1.0
131,8,10,0.0,-25.686963805152825,200,0.0,0,0.0,15.000000000000002,737.7309999999969,47.934999999999995,15.390236778971461,1.0
131,9,10,0.0,-26.81158621760051,200,0.0,0,0.0,17.500000000000032,908.0999999999988,32.214999999999996,28.188731957162776,1.0
132,0,10,0.0,-13.130663266185314,12,0.0,10,1.0,0.1,9.832,58.03099999999999,0.16942668573693376,1.0
132,1,10,0.0,-23.133557676394325,200,0.0,0,0.0,10.000000000000007,949.3290000000026,54.381,17.456997848513314,1.0
132,2,10,0.0,-13.172872474218158,12,0.0,10,1.0,0.1,4.869,11.927,0.40823341997149326,1.0
132,3,10,0.0,-13.35143896646718,14,0.0,10,1.0,0.4,15.508,52.635000000000005,0.2946328488648237,1.0
132,4,10,0.0,-22.99983513312994,200,0.0,0,0.0,10.000000000000007,681.9830000000001,36.393,18.739400434149427,1.0
132,5,10,0.0,-13.032615748963888,14,0.0,10,1.0,0.3,39.51,59.11500000000001,0.6683582846993148,1.0
132,6,10,0.0,-23.449846945022635,200,0.0,0,0.0,10.050000000000008,923.6289999999977,49.002,18.848802089710578,1.0
132,7,10,1.0,9.568113888564419,11,0.9479150519299331,0,0.0,0.75,45.157000000000004,42.80499999999999,1.054946852003271,1.0
132,8,10,1.0,10.177137469517382,6,0.8779188449091361,0,0.0,0.49999999999999994,40.17,35.266,1.1390574491011174,1.0
132,9,10,0.0,-23.40289196844016,200,0.0,0,0.0,10.150000000000011,1046.0460000000019,69.202,15.115834802462384,1.0
133,0,10,0.0,-13.240932987435144,12,0.0,10,1.0,0.1,8.982,31.994000000000003,0.28074013877602044,1.0
133,1,10,1.0,10.342890495038146,5,0.6727641099855283,0,0.0,0.35,51.824999999999996,34.866,1.486405093787644,1.0
133,2,10,1.0,10.25280875543037,5,0.8600698008622459,0,0.0,0.55,24.355,20.947,1.1626963288299041,1.0
133,3,10,0.0,-25.52478529669684,200,0.0,0,0.0,15.000000000000002,628.0029999999999,68.42,9.178646594562991,1.0
133,4,10,0.0,-23.4579255888651,200,0.0,0,0.0,10.050000000000008,918.4829999999979,48.568000000000005,18.911279031461,1.0
133,5,10,1.0,10.49660292809742,4,0.7643675155571823,0,0.0,0.25,19.123,14.616999999999997,1.3082711910788811,1.0
133,6,10,0.0,-35.724031046969856,200,0.0,0,0.0,34.79999999999991,1053.7569999999953,37.556,28.058286292469788,1.0
133,7,10,1.0,9.590913291611272,11,0.5550176373191276,0,0.0,0.7500000000000001,55.564,30.839000000000002,1.8017445442459223,1.0
133,8,10,1.0,10.704387128469662,2,1.0,0,0.0,0.2,8.142,8.142,1.0,1.0
133,9,10,1.0,10.162495820631332,6,0.596142572400047,0,0.0,0.5500000000000002,34.116,20.338,1.6774510768020454,1.0
134,0,10,0.0,-25.39503128206825,200,0.0,0,0.0,15.000000000000004,877.9699999999985,30.209,29.063193088152488,1.0
134,1,10,0.0,-12.9,10,0.0,10,1.0,0.0,0.0,47.464000000000006,0.0,1.0
134,2,10,1.0,9.817006199182426,9,0.6975855099258889,0,0.0,0.6499999999999999,63.82299999999999,44.522,1.4335160145546022,1.0
134,3,10,0.0,-28.57516349916152,200,0.0,0,0.0,19.750000000000014,1524.0779999999959,50.092000000000006,30.425576938433196,1.0
134,4,10,0.0,-25.160384355241895,200,0.0,0,0.0,15.000000000000002,1343.9720000000016,34.005,39.522776062343816,1.0
134,5,10,1.0,10.374179710837614,5,0.8280672823218997,0,0.0,0.3,30.32,25.107,1.2076313378738996,1.0
134,6,10,0.0,-12.911759061434088,10,0.0,10,1.0,0.0,0.0,26.679,0.0,1.0
134,7,10,0.0,-23.07146059858765,200,0.0,0,0.0,10.000000000000007,900.7229999999993,17.842,50.48329783656537,1.0
134,8,10,0.0,-22.947988174575304,200,0.0,0,0.0,10.000000000000007,659.5100000000016,39.914,16.523275041338916,1.0
134,9,10,0.0,-31.92325471229675,200,0.0,9,0.0,9.55,438.8270000000008,50.347,8.716050608775117,1.0
135,0,10,0.0,-12.9,10,0.0,10,1.0,0.0,0.0,36.137,0.0,1.0
135,1,10,0.0,-23.78851098879799,200,0.0,0,0.0,10.050000000000008,769.9650000000034,25.799,29.844761424861563,1.0
135,2,10,1.0,9.936565943458252,8,0.8400159056266154,0,0.0,0.6000000000000001,45.267,38.025000000000006,1.1904536489151873,1.0
135,3,10,0.0,-12.9,10,0.0,10,1.0,0.0,0.0,57.09100000000001,0.0,1.0
135,4,10,0.0,-23.165589187485732,200,0.0,0,0.0,10.000000000000007,1457.626999999997,69.80799999999999,20.88051512720601,1.0
135,5,10,0.0,-12.75019658618426,12,0.0,10,1.0,0.15000000000000002,20.459,41.127,0.4974590901354341,1.0
135,6,10,0.0,-23.594739181979893,200,0.0,0,0.0,10.10000000000001,990.7260000000042,53.984,18.35221547125082,1.0
135,7,10,0.0,-13.169921132799281,12,0.0,10,1.0,0.15000000000000002,4.948,44.315,0.11165519575764415,1.0
135,8,10,0.0,-25.58708684381073,200,0.0,0,0.0,14.950000000000003,1121.8579999999997,20.059,55.92791265765989,1.0
135,9,10,0.0,-23.485129915424146,200,0.0,0,0.0,10.050000000000008,653.3810000000009,34.407000000000004,18.989769523643467,1.0
136,0,10,0.0,-25.315410803449915,200,0.0,0,0.0,15.000000000000002,565.8420000000011,37.45100000000001,15.108862246669007,1.0
136,1,10,0.0,-28.30799838783414,200,0.0,0,0.0,19.75000000000003,808.0850000000033,41.559,19.444284029933428,1.0
136,2,10,0.0,-23.059498892491415,200,0.0,0,0.0,10.000000000000007,1074.3549999999968,31.151,34.48861994799515,1.0
136,3,10,0.0,-23.696732539594805,200,0.0,0,0.0,10.25000000000001,581.0220000000004,63.329,9.174659318795502,1.0
136,4,10,0.0,-13.29114239306984,13,0.0,10,1.0,0.2,20.319,44.328,0.45837845154304274,1.0
136,5,10,1.0,10.462070775026909,4,0.9063783080613034,0,0.0,0.3,24.598999999999997,22.296,1.1032920703265159,1.0
136,6,10,1.0,10.729791666666666,2,1.0,0,0.0,0.15000000000000002,6.5280000000000005,6.5280000000000005,1.0,1.0
136,7,10,1.0,10.875,1,1.0,0,0.0,0.05,2.543,2.543,1.0,1.0
136,8,10,0.0,-28.08776974892832,200,0.0,0,0.0,20.05000000000002,1334.3759999999986,48.989999999999995,27.23772198407836,1.0
136,9,10,0.0,-12.796027195697397,13,0.0,10,1.0,0.2,17.473,19.709,0.8865492922015322,1.0
137,0,10,0.0,-14.54304719513918,17,0.0,10,1.0,0.44999999999999996,33.789,21.231,1.5914935707220572,1.0
137,1,10,0.0,-24.017483837415632,200,0.0,1,0.0,9.950000000000006,1245.8609999999976,49.03299999999999,25.408622764260762,1.0
137,2,10,0.0,-13.190634331694236,13,0.0,10,1.0,0.15000000000000002,9.645,22.369999999999997,0.4311578006258382,1.0
137,3,10,1.0,9.770053668097816,10,0.7122367918100081,0,0.0,0.5499999999999999,60.17099999999999,42.855999999999995,1.4040274407317528,1.0
137,4,10,0.0,-13.465802152400626,14,0.0,10,1.0,0.4,34.828,30.012999999999998,1.1604304801252792,1.0
137,5,10,1.0,-0.3305467002902418,20,0.6595016944897705,9,0.0,0.8500000000000002,63.73599999999999,42.034000000000006,1.5162963315411329,1.0
137,6,10,0.0,-23.34334721499217,200,0.0,0,0.0,10.050000000000008,652.0050000000009,30.735999999999997,21.213072618427933,1.0
137,7,10,0.0,-13.358611255761923,17,0.0,10,1.0,0.44999999999999996,45.106,51.849,0.8699492757815966,1.0
137,8,10,0.0,-23.799786378775703,200,0.0,0,0.0,10.000000000000007,683.8429999999978,34.827999999999996,19.634862754105832,1.0
137,9,10,1.0,9.712086963100669,9,0.9731782228205992,0,0.0,0.85,47.536,46.261,1.0275610125159422,1.0
138,0,10,0.0,-25.837392496018357,200,0.0,0,0.0,14.950000000000003,827.7829999999989,53.998000000000005,15.329882588243986,1.0
138,1,10,0.0,-28.370557529470293,200,0.0,0,0.0,19.80000000000001,1685.6370000000013,60.230000000000004,27.986667773534805,1.0
138,2,10,1.0,10.343083880673687,5,0.961983762795623,0,0.0,0.35000000000000003,28.33,27.253,1.039518585109896,1.0
138,3,10,0.0,-23.14345232459045,200,0.0,0,0.0,10.000000000000007,682.0000000000001,10.561,64.57721806647099,1.0
138,4,10,0.0,-25.45654507961961,200,0.0,0,0.0,15.000000000000004,452.20000000000175,43.645,10.360866078588652,1.0
138,5,10,1.0,9.843695462146549,9,0.8856128304808066,0,0.0,0.6,59.42099999999999,52.624,1.1291615992702948,1.0
138,6,10,1.0,10.272971759939628,6,1.0,0,0.0,0.3,25.177,25.177,1.0,1.0
138,7,10,1.0,10.103503552315065,7,0.9208090798262333,0,0.0,0.45,58.239000000000004,53.627,1.0860014544912078,1.0
138,8,10,0.0,-25.390299837003955,200,0.0,0,0.0,15.000000000000002,776.0089999999985,26.381,29.415450513627174,1.0
138,9,10,0.0,-23.13297136841384,200,0.0,0,0.0,10.000000000000007,286.6899999999993,57.943000000000005,4.947793521219117,1.0
139,0,10,0.0,-22.993162643611562,200,0.0,0,0.0,10.000000000000007,613.2879999999991,34.468,17.79296739004291,1.0
139,1,10,1.0,10.514845498899836,4,0.8327756532823454,0,0.0,0.2,25.104,20.906,1.2008035970534776,1.0
139,2,10,1.0,10.584271217712178,3,1.0,0,0.0,0.25,20.596,20.596,1.0,1.0
139,3,10,0.0,-25.573500029382416,200,0.0,0,0.0,15.000000000000002,1040.3289999999974,68.06800000000001,15.283672210142758,1.0
139,4,10,0.0,-23.363623936989885,200,0.0,0,0.0,10.05000000000001,542.9890000000015,70.084,7.747688488100016,1.0
139,5,10,1.0,10.15242114883522,6,0.7016399705296477,0,0.0,0.5500000000000002,36.647,25.712999999999997,1.4252323727297478,1.0
139,6,10,0.0,-22.92504944511594,200,0.0,0,0.0,10.000000000000007,1091.4000000000003,72.808,14.990110976815737,1.0
139,7,10,0.0,-24.715159179390913,200,0.0,0,0.0,12.500000000000016,730.6939999999972,72.434,10.087721235883663,1.0
139,8,10,0.0,-22.99521392876695,200,0.0,0,0.0,10.000000000000007,940.0530000000028,56.631,16.599618583461407,1.0
139,9,10,1.0,10.370808328468573,5,1.0,0,0.0,0.3,25.695,25.695,1.0,1.0
140,0,10,0.0,-26.102816428306387,200,0.0,0,0.0,15.050000000000002,279.53999999999985,24.263,11.521246342167078,1.0
140,1,10,0.0,-23.299991814014422,200,0.0,0,0.0,10.050000000000008,377.7760000000007,36.647999999999996,10.308229644182513,1.0
140,2,10,1.0,10.12399603511753,7,0.8421624486550946,0,0.0,0.39999999999999997,37.73500000000001,31.779,1.1874193649894587,1.0
140,3,10,0.0,-13.4745932591124,16,0.0,10,1.0,0.5,32.04899999999999,32.785,0.9775507091657769,1.0
140,4,10,0.0,-25.788332036478007,200,0.0,0,0.0,15.000000000000004,629.3629999999999,32.129,19.588627097015156,1.0
140,5,10,0.0,-22.90567565885686,200,0.0,0,0.0,10.000000000000007,940.2769999999987,32.139,29.256573010983498,1.0
140,6,10,1.0,9.58268736368277,11,0.7844129370438455,0,0.0,0.7500000000000001,54.943000000000005,43.098000000000006,1.2748387396166876,1.0
140,7,10,0.0,-33.12231543466518,200,0.0,0,0.0,29.649999999999896,916.3649999999973,42.57299999999999,21.524557818335506,1.0
140,8,10,0.0,-30.49273677941219,200,0.0,0,0.0,24.85,465.9209999999983,72.19800000000001,6.453378209922688,1.0
140,9,10,0.0,-13.279358548339394,16,0.0,10,1.0,0.4,28.444999999999997,57.479,0.49487638963795466,1.0
141,0,10,1.0,10.103930261675222,7,0.7887771830373898,0,0.0,0.45,50.629,39.935,1.2677851508701639,1.0
141,1,10,0.0,-23.083869062492916,200,0.0,0,0.0,10.000000000000007,738.4000000000012,44.021,16.773812498580252,1.0
141,2,10,1.0,9.690893814045312,10,0.7141802067946825,0,0.0,0.7000000000000001,59.57599999999999,42.548,1.4002068252326783,1.0
141,3,10,1.0,10.606288187372709,3,0.9422129181386016,0,0.0,0.2,22.929000000000002,21.604,1.0613312349564896,1.0
141,4,10,0.0,-12.911661572101117,10,0.0,10,1.0,0.0,0.0,44.819,0.0,1.0
141,5,10,1.0,10.63486323171035,3,1.0,0,0.0,0.15000000000000002,20.107000000000003,20.107000000000003,1.0,1.0
141,6,10,0.0,-12.899999999999999,10,0.0,10,1.0,0.0,0.0,34.277,0.0,1.0
141,7,10,1.0,10.770447106954997,2,0.2677621283255086,0,0.0,0.1,12.780000000000001,3.422,3.734658094681473,1.0
141,8,10,0.0,-23.255092191871782,200,0.0,0,0.0,10.050000000000008,883.1830000000009,49.678999999999995,17.777793433845307,1.0
141,9,10,0.0,-22.99801806149183,200,0.0,0,0.0,10.000000000000007,1659.674999999998,58.023999999999994,28.603250379153423,1.0
142,0,10,1.0,10.633111712738673,3,1.0,0,0.0,0.15000000000000002,17.544999999999998,17.544999999999998,1.0,1.0
142,1,10,1.0,10.63840075497211,3,0.9193514969439553,0,0.0,0.15000000000000002,19.305999999999997,17.749,1.087723252014198,1.0
142,2,10,0.0,-24.301592182588546,200,0.0,0,0.0,12.500000000000016,642.599,43.902,14.637123593458158,1.0
142,3,10,0.0,-23.10409269295462,200,0.0,0,0.0,10.000000000000007,1099.0749999999994,53.510000000000005,20.53961876284805,1.0
142,4,10,0.0,-25.36772874556401,200,0.0,0,0.0,15.000000000000004,685.7999999999969,25.924,26.454250887208644,1.0
142,5,10,0.0,-25.59976120241602,200,0.0,0,0.0,15.000000000000002,876.9999999999985,35.595,24.638291894929022,1.0
142,6,10,0.0,-22.949836885970615,200,0.0,0,0.0,10.000000000000007,971.6370000000007,53.153,18.28000301017818,1.0
142,7,10,0.0,-24.801892065150234,200,0.0,0,0.0,13.350000000000012,917.9529999999996,42.118,21.794790825775195,1.0
142,8,10,1.0,9.671392148985623,10,0.8228807556080282,0,0.0,0.7500000000000001,42.35,34.849,1.2152429051048812,1.0
142,9,10,0.0,-23.092930990677612,200,0.0,0,0.0,10.000000000000007,950.9999999999992,51.167,18.586198135517016,1.0
143,0,10,0.0,-25.65003601455642,200,0.0,0,0.0,14.950000000000003,602.971999999999,39.845,15.13294014305431,1.0
143,1,10,0.0,-13.33013989579516,16,0.0,10,1.0,0.39999999999999997,38.57299999999999,62.761,0.6146014244514905,1.0
143,2,10,0.0,-13.49727801657215,16,0.0,10,1.0,0.4,28.839,61.187000000000005,0.4713256083808652,1.0
143,3,10,0.0,-25.49526891552101,200,0.0,0,0.0,15.050000000000002,1035.3329999999974,61.246,16.904499885706777,1.0
143,4,10,1.0,10.489770778027363,4,1.0,0,0.0,0.25,19.588,19.588,1.0,1.0
143,5,10,1.0,10.220897539222008,6,0.9984175093206018,0,0.0,0.4,37.283,37.224,1.0015849989254246,1.0
143,6,10,1.0,10.584271217712178,3,1.0,0,0.0,0.25,20.596,20.596,1.0,1.0
143,7,10,1.0,10.610833258183785,3,0.9123745269047228,0,0.0,0.2,12.154,11.089,1.0960411218324466,1.0
143,8,10,1.0,10.435499349632929,4,0.8369436858808769,0,0.0,0.35,54.196,45.359,1.1948235190370158,1.0
143,9,10,0.0,-13.647143723803222,17,0.0,10,1.0,0.5000000000000001,34.205999999999996,36.263999999999996,0.9432495036399735,1.0
144,0,10,1.0,10.342876761064465,5,1.0,0,0.0,0.35,35.135000000000005,35.135000000000005,1.0,1.0
144,1,10,0.0,-30.4831598946414,200,0.0,0,0.0,25.0,995.1650000000054,46.318,21.485491601537316,1.0
144,2,10,1.0,9.817025980140388,9,0.9634241886932499,0,0.0,0.6500000000000001,48.501999999999995,46.728,1.0379643896593047,1.0
144,3,10,1.0,10.875,1,1.0,0,0.0,0.05,4.95,4.95,1.0,1.0
144,4,10,0.0,-22.96341369284996,200,0.0,0,0.0,10.000000000000007,575.9740000000008,38.867000000000004,14.819101036869343,1.0
144,5,10,1.0,9.69798928919182,9,0.9027747831423217,0,0.0,0.8500000000000001,60.293,54.431000000000004,1.1076959820690415,1.0
144,6,10,0.0,-12.9,10,0.0,10,1.0,0.0,0.0,27.349,0.0,1.0
144,7,10,1.0,10.09197043169722,7,0.6586942972888752,0,0.0,0.5,38.507999999999996,25.365000000000002,1.518154937906564,1.0
144,8,10,0.0,-12.963521847728888,10,0.0,10,1.0,0.0,0.0,32.429,0.0,1.0
144,9,10,0.0,-22.96399626328685,200,0.0,0,0.0,10.000000000000007,965.0000000000034,39.607000000000006,24.364380033832486,1.0
145,0,10,1.0,3.8987314607937,17,0.7696528005240746,5,0.0,0.95,61.059999999999995,46.99499999999999,1.2992871582083203,1.0
145,1,10,0.0,-13.167203585088247,13,0.0,10,1.0,0.35,14.911,65.10300000000001,0.22903706434419302,1.0
145,2,10,0.0,-23.396856039611308,200,0.0,0,0.0,10.200000000000012,642.3169999999991,54.126,11.867069430587872,1.0
145,3,10,0.0,-22.97128273515279,200,0.0,0,0.0,10.000000000000007,758.6000000000012,43.493,17.441887200239144,1.0
145,4,10,1.0,9.225284985112719,13,0.7357953737161067,0,0.0,1.0999999999999999,70.294,51.722,1.3590735083716792,1.0
145,5,10,0.0,-12.992073486850384,13,0.0,10,1.0,0.2,13.57,39.735,0.3415125204479678,1.0
145,6,10,1.0,10.2304515070491,6,0.5644508472250805,0,0.0,0.4,29.154000000000003,16.456,1.7716334467671369,1.0
145,7,10,1.0,10.365438484800254,4,0.8522403580955825,0,0.0,0.5,22.117,18.849,1.1733778980317258,1.0
145,8,10,0.0,-23.04309583447347,200,0.0,0,0.0,10.000000000000007,581.9970000000012,47.509,12.25024732156015,1.0
145,9,10,0.0,-28.4705188697136,200,0.0,0,0.0,19.85000000000003,956.2089999999986,52.730000000000004,18.13406030722546,1.0
146,0,10,0.0,-28.075873461947513,200,0.0,0,0.0,19.950000000000028,1026.8230000000035,59.24700000000001,17.331223521866143,1.0
146,1,10,1.0,9.963961570203452,8,0.610827397260274,0,0.0,0.55,45.625,27.869,1.637123685815781,1.0
146,2,10,0.0,-25.479345526937895,200,0.0,0,0.0,15.000000000000004,459.0000000000008,32.147999999999996,14.277715565509546,1.0
146,3,10,1.0,9.98377435472903,8,0.9333057395143487,0,0.0,0.5,36.24,33.823,1.071460248943027,1.0
146,4,10,1.0,9.867211061078399,9,0.8156519282384519,0,0.0,0.5499999999999999,63.711,51.96600000000001,1.2260131624523725,1.0
146,5,10,1.0,9.619016698739834,11,0.5547940487670479,0,0.0,0.7,58.072,32.218,1.8024706685703642,1.0
146,6,10,1.0,10.205799469692298,6,0.6966065292096221,0,0.0,0.45,46.56,32.434000000000005,1.4355306160202255,1.0
146,7,10,1.0,10.637690282431786,3,0.9846548654027444,0,0.0,0.15000000000000002,19.094,18.801000000000002,1.0155842774320514,1.0
146,8,10,1.0,10.586792466765141,3,0.9679033526342125,0,0.0,0.25,13.989,13.54,1.0331610044313146,1.0
146,9,10,0.0,-23.077073340134174,200,0.0,0,0.0,10.000000000000007,1032.6000000000017,46.073,22.412258806676398,1.0
147,0,10,0.0,-24.623939685776925,200,0.0,0,0.0,13.350000000000012,1208.4350000000004,52.955999999999996,22.819604955057038,1.0
147,1,10,1.0,10.249978660395435,5,0.9861284088468975,0,0.0,0.55,46.56999999999999,45.92400000000001,1.0140667189269224,1.0
147,2,10,0.0,-28.101256775269555,200,0.0,0,0.0,20.00000000000003,808.7530000000033,33.577999999999996,24.085800226338776,1.0
147,3,10,0.0,-23.05229414490959,200,0.0,0,0.0,10.000000000000007,3133.3660000000004,38.83800000000001,80.67784128945877,1.0
147,4,10,0.0,-28.558238527114675,200,0.0,0,0.0,19.90000000000003,1054.1000000000006,58.769000000000005,17.93632697510593,1.0
147,5,10,0.0,-30.87521679749271,200,0.0,0,0.0,25.05,1222.232,34.778999999999996,35.14281606716697,1.0
147,6,10,0.0,-23.231861439261973,200,0.0,0,0.0,10.000000000000007,898.6379999999975,21.247,42.29481809196581,1.0
147,7,10,0.0,-23.088661661920728,200,0.0,0,0.0,10.000000000000007,461.61099999999857,46.355999999999995,9.957955820174273,1.0
147,8,10,1.0,10.280653048826789,5,0.6203306797305573,0,0.0,0.5000000000000001,21.229,13.169,1.6120434353405724,1.0
147,9,10,0.0,-23.627977636664745,200,0.0,0,0.0,10.100000000000009,360.90799999999956,50.70800000000001,7.117377928531977,1.0
148,0,10,0.0,-26.404995238269677,200,0.0,0,0.0,16.700000000000053,1169.8900000000003,54.602000000000004,21.425771949745435,1.0
148,1,10,0.0,-13.527171097477847,19,0.0,10,1.0,0.75,64.63900000000001,49.87800000000001,1.295942098720879,1.0
148,2,10,1.0,8.851457317908666,17,0.6145730577677262,0,0.0,1.1000000000000003,83.12599999999999,51.087,1.6271458492375748,1.0
148,3,10,0.0,-22.99657274622519,200,0.0,0,0.0,10.000000000000007,1053.1999999999975,63.316,16.634026154526463,1.0
148,4,10,0.0,-25.677246580595718,200,0.0,0,0.0,15.000000000000004,462.8419999999994,39.115,11.832851847117459,1.0
148,5,10,0.0,-14.105417443160638,19,0.0,10,1.0,0.9500000000000001,33.912,40.245,0.842638837122624,1.0
148,6,10,0.0,-25.43740753385683,200,0.0,0,0.0,15.000000000000004,584.3799999999999,52.721999999999994,11.084177383255566,1.0
148,7,10,0.0,-23.617797588857314,200,0.0,0,0.0,10.050000000000008,1254.7600000000023,51.262,24.477390659748007,1.0
148,8,10,1.0,10.731423493382916,2,1.0,0,0.0,0.15000000000000002,9.143,9.143,1.0,1.0
148,9,10,0.0,-23.159478263505765,200,0.0,0,0.0,10.000000000000007,738.1330000000023,32.986,22.377160007275886,1.0
149,0,10,1.0,10.85,1,1.0,0,0.0,0.1,13.531,13.531,1.0,1.0
149,1,10,0.0,-25.231489741302337,200,0.0,0,0.0,15.000000000000002,782.6000000000017,14.573,53.7020517395184,1.0
149,2,10,0.0,-23.0611948717949,200,0.0,0,0.0,10.000000000000007,1090.6359999999981,60.45,18.041952026468124,1.0
149,3,10,0.0,-25.921545876682497,200,0.0,0,0.0,15.150000000000002,738.1270000000019,68.052,10.846514430141683,1.0
149,4,10,0.0,-12.986392090741875,13,0.0,10,1.0,0.15000000000000002,14.443000000000001,32.620000000000005,0.4427651747394237,1.0
149,5,10,1.0,10.317444528085458,5,0.951563939011495,0,0.0,0.4,29.317,27.897000000000002,1.0509015306305336,1.0
149,6,10,0.0,-23.20745514418486,200,0.0,0,0.0,10.050000000000008,622.0059999999991,64.986,9.571384605915105,1.0
149,7,10,0.0,-23.07126261161074,200,0.0,0,0.0,10.000000000000007,486.00000000000114,31.023,15.665796344647557,1.0
149,8,10,1.0,10.121478663135665,6,0.9566123653155465,0,0.0,0.6000000000000001,31.184,29.831000000000003,1.0453555026650128,1.0
149,9,10,0.0,-26.07517681142953,200,0.0,0,0.0,15.100000000000003,976.9739999999987,35.207,27.749424830289392,1.0
150,0,10,0.0,-30.506147321915535,200,0.0,0,0.0,25.0,622.600000000002,73.336,8.489691283953338,1.0
150,1,10,1.0,10.388961492178098,4,1.0,0,0.0,0.45,20.775000000000002,20.775000000000002,1.0,1.0
150,2,10,1.0,10.318759577728589,5,0.8668634686346863,0,0.0,0.4,27.1,23.492,1.1535841988762132,1.0
150,3,10,1.0,10.088906383112992,7,0.7555666809707718,0,0.0,0.49999999999999994,41.946000000000005,31.692999999999998,1.3235099233269179,1.0
150,4,10,0.0,-13.101809986130373,16,0.0,10,1.0,0.55,29.625,33.887,0.8742290553899725,1.0
150,5,10,0.0,-25.253119833084106,200,0.0,0,0.0,15.000000000000002,1996.1530000000068,50.804,39.29125659396911,1.0
150,6,10,0.0,-23.433686284017266,200,0.0,0,0.0,10.100000000000009,856.3489999999967,32.998,25.95154251772825,1.0
150,7,10,0.0,-23.008954061770094,200,0.0,0,0.0,10.000000000000007,363.19999999999874,53.942,6.733157836194407,1.0
150,8,10,0.0,-13.286060373958097,16,0.0,10,1.0,0.35000000000000003,31.796999999999997,44.39,0.7163099797251633,1.0
150,9,10,0.0,-22.79246237019177,200,0.0,0,0.0,10.000000000000007,748.9709999999998,51.422,14.565186107113684,1.0
151,0,10,1.0,10.607443662499065,3,1.0,0,0.0,0.2,26.714,26.714,1.0,1.0
151,1,10,1.0,3.1525372084097416,16,0.7868923975234483,6,0.0,0.65,59.599,46.897999999999996,1.2708217834449231,1.0
151,2,10,1.0,9.965265183403487,7,0.5067032297379647,0,0.0,0.75,32.82,16.63,1.973541791942273,1.0
151,3,10,1.0,10.101133044724246,7,0.7214084630949239,0,0.0,0.45,45.468,32.801,1.3861772506935763,1.0
151,4,10,0.0,-23.233721064015874,200,0.0,0,0.0,10.050000000000008,974.2500000000033,65.18700000000001,14.945464586497355,1.0
151,5,10,0.0,-12.963233547974607,12,0.0,10,1.0,0.1,9.802,43.794000000000004,0.22382061469607706,1.0
151,6,10,1.0,10.057805456702255,7,0.9740738066007077,0,0.0,0.55,41.541,40.464,1.0266162514827994,1.0
151,7,10,0.0,-23.08321174982977,200,0.0,0,0.0,10.000000000000007,684.4000000000029,41.123999999999995,16.642349965956694,1.0
151,8,10,1.0,10.584085993820803,3,1.0,0,0.0,0.25,19.42,19.42,1.0,1.0
151,9,10,0.0,-12.942985692707186,12,0.0,10,1.0,0.1,12.463000000000001,58.921,0.2115205105140782,1.0
152,0,10,0.0,-23.14924798190363,200,0.0,0,0.0,10.050000000000008,1452.7689999999948,45.092,32.21788787368036,1.0
152,1,10,1.0,10.875,1,1.0,0,0.0,0.05,7.935,7.935,1.0,1.0
152,2,10,1.0,10.248991656889585,6,0.9143390679009892,0,0.0,0.35,25.169000000000004,23.013,1.0936861773780038,1.0
152,3,10,0.0,-28.395641788458253,200,0.0,0,0.0,20.000000000000014,1221.7350000000013,34.622,35.28782277164812,1.0
152,4,10,0.0,-23.279273002599798,200,0.0,0,0.0,10.050000000000008,941.4839999999948,74.62200000000001,12.61670820937518,1.0
152,5,10,0.0,-22.941862733251675,200,0.0,0,0.0,10.000000000000007,673.3999999999993,57.931,11.6241735858176,1.0
152,6,10,0.0,-23.083381924198232,200,0.0,0,0.0,10.000000000000007,897.6000000000048,30.869999999999997,29.076773566569642,1.0
152,7,10,1.0,9.742516192105585,9,0.987609124190369,0,0.0,0.8,49.714,49.098,1.0125463358996294,1.0
152,8,10,0.0,-22.942281433650134,200,0.0,0,0.0,10.000000000000007,521.7600000000011,27.566,18.927664514256733,1.0
152,9,10,1.0,9.762411455707955,9,0.9729736706246774,0,0.0,0.7500000000000001,38.739999999999995,37.693,1.0277770408298623,1.0
153,0,10,1.0,10.464535058977718,4,1.0,0,0.0,0.30000000000000004,30.52,30.52,1.0,1.0
153,1,10,1.0,10.613153962465535,3,0.8470579371656747,0,0.0,0.2,13.273,11.243,1.1805567908921106,1.0
153,2,10,0.0,-23.27822197835844,200,0.0,0,0.0,10.050000000000008,913.8329999999978,39.184000000000005,23.321585340955433,1.0
153,3,10,0.0,-26.847915762049485,200,0.0,0,0.0,17.500000000000032,609.849999999999,43.757,13.937198619649406,1.0
153,4,10,0.0,-25.754801896219263,200,0.0,0,0.0,14.900000000000002,598.410999999999,43.033,13.905862942393025,1.0
153,5,10,0.0,-23.344967144977737,200,0.0,0,0.0,10.050000000000008,652.6010000000009,50.525000000000006,12.916397822859986,1.0
153,6,10,1.0,9.707629962711122,10,0.7193688362919132,0,0.0,0.7000000000000001,63.375,45.589999999999996,1.390107479710463,1.0
153,7,10,1.0,10.466720895038373,4,0.7677815586355714,0,0.0,0.30000000000000004,24.098000000000003,18.502000000000002,1.3024537887795913,1.0
153,8,10,0.0,-22.961805307379365,200,0.0,0,0.0,10.000000000000007,821.9720000000011,52.606,15.625061780025113,1.0
153,9,10,1.0,10.104856376003934,7,0.9931427408688573,0,0.0,0.45,49.145,48.808,1.0069046058023277,1.0
154,0,10,1.0,10.61047368821872,3,1.0,0,0.0,0.2,13.131,13.131,1.0,1.0
154,1,10,0.0,-25.541432082410953,200,0.0,0,0.0,15.000000000000002,1145.8000000000043,57.37100000000001,19.971762737271515,1.0
154,2,10,1.0,9.26578656252209,12,0.8292132526412964,0,0.0,1.2000000000000004,68.24300000000001,56.588,1.2059623948540328,1.0
154,3,10,1.0,10.12754025624408,7,0.5792878389695901,0,0.0,0.4,34.627,20.058999999999997,1.7262575402562443,1.0
154,4,10,1.0,10.225794732490847,6,1.0,0,0.0,0.4,42.335,42.335,1.0,1.0
154,5,10,1.0,10.51825967357418,4,0.9918152055292835,0,0.0,0.2,16.494,16.359,1.0082523381624793,1.0
154,6,10,0.0,-25.665440684766608,200,0.0,0,0.0,15.000000000000002,2000.5629999999958,37.385,53.51245151798839,1.0
154,7,10,1.0,9.031051268570984,15,0.725935035196336,0,0.0,1.1000000000000005,70.74600000000001,51.35699999999999,1.377533734447106,1.0
154,8,10,0.0,-23.28697219946621,200,0.0,0,0.0,10.15000000000001,687.0169999999971,37.840999999999994,18.15536058772224,1.0
154,9,10,0.0,-25.555674006261956,200,0.0,0,0.0,14.950000000000003,818.6680000000005,58.76800000000001,13.930506398039755,1.0
155,0,10,1.0,10.31985210302287,5,1.0,0,0.0,0.39999999999999997,27.722,27.722,1.0,1.0
155,1,10,0.0,-23.444231875340616,200,0.0,0,0.0,10.200000000000012,529.507999999998,53.201,9.952970808819344,1.0
155,2,10,0.0,-23.087604451461367,200,0.0,0,0.0,10.000000000000007,1040.0000000000039,25.968999999999998,40.047749239477994,1.0
155,3,10,0.0,-25.846648245937114,200,0.0,0,0.0,15.000000000000002,822.2310000000011,24.429000000000002,33.65798845634291,1.0
155,4,10,0.0,-22.966893670945467,200,0.0,0,0.0,10.000000000000007,758.1510000000026,42.613,17.791542487034533,1.0
155,5,10,1.0,8.988033522154108,16,0.7802925718714426,0,0.0,1.0000000000000002,82.578,64.43499999999999,1.2815705749980604,1.0
155,6,10,0.0,-23.055589799458232,200,0.0,0,0.0,10.000000000000007,1092.5099999999982,69.76100000000001,15.660756009804876,1.0
155,7,10,1.0,9.400075630721142,13,0.48925421229416427,0,0.0,0.8000000000000002,73.238,35.832,2.0439272158964052,1.0
155,8,10,0.0,-27.87452643716034,200,0.0,0,0.0,20.000000000000014,1218.8000000000054,48.568000000000005,25.094712567946083,1.0
155,9,10,1.0,9.65230580591071,10,0.8739695915002749,0,0.0,0.8000000000000002,54.589999999999996,47.71,1.144204569272689,1.0
156,0,10,0.0,-25.59843705190703,200,0.0,0,0.0,15.000000000000004,736.501999999997,27.896,26.401706337826102,1.0
156,1,10,0.0,-25.4563010995206,200,0.0,0,0.0,15.000000000000004,1169.4099999999996,42.564,27.474156564232675,1.0
156,2,10,0.0,-23.136556898707727,200,0.0,0,0.0,10.000000000000007,815.9919999999963,23.990000000000002,34.01383909962469,1.0
156,3,10,1.0,10.081403386361522,7,0.6763567720622934,0,0.0,0.49999999999999994,31.785000000000004,21.497999999999998,1.4785096288026796,1.0
156,4,10,1.0,10.464733608756305,4,1.0,0,0.0,0.30000000000000004,37.276,37.276,1.0,1.0
156,5,10,0.0,-22.91588098847512,200,0.0,0,0.0,10.10000000000001,854.8209999999974,54.751000000000005,15.612883782944555,1.0
156,6,10,0.0,-25.962982221961354,200,0.0,0,0.0,14.950000000000003,906.7699999999979,34.086999999999996,26.601636987707867,1.0
156,7,10,0.0,-23.098229097544802,200,0.0,0,0.0,10.000000000000007,947.3999999999979,48.224000000000004,19.64581950895815,1.0
156,8,10,1.0,10.875,1,1.0,0,0.0,0.05,7.812,7.812,1.0,1.0
156,9,10,0.0,-22.80291851210495,200,0.0,0,0.0,10.000000000000007,1165.5999999999963,30.029000000000003,38.81581138233029,1.0
157,0,10,0.0,-12.746218267183492,13,0.0,10,1.0,0.2,11.0,18.317,0.6005350221106076,1.0
157,1,10,0.0,-26.729944807849584,200,0.0,0,0.0,17.500000000000032,771.3999999999999,19.567999999999998,39.42150449713818,1.0
157,2,10,0.0,-23.05313928381142,200,0.0,0,0.0,10.000000000000007,874.6000000000031,71.322,12.262695942346022,1.0
157,3,10,0.0,-23.080711946109652,200,0.0,0,0.0,10.000000000000007,522.4000000000018,32.362,16.142389221927004,1.0
157,4,10,1.0,10.300769325846664,5,0.9632943257586066,0,0.0,0.45,29.396,28.317,1.0381043189603418,1.0
157,5,10,1.0,10.315853966725834,5,1.0,0,0.0,0.39999999999999997,66.478,66.478,1.0,1.0
157,6,10,1.0,10.0109346875,8,0.8578168561012224,0,0.0,0.45,37.304,32.0,1.16575,1.0
157,7,10,0.0,-23.045531197301823,200,0.0,0,0.0,10.000000000000007,486.00000000000114,53.37,9.106239460371016,1.0
157,8,10,0.0,-13.251797355023701,13,0.0,10,1.0,0.15000000000000002,16.71,34.178,0.4889109953771433,1.0
157,9,10,0.0,-28.14114028929822,200,0.0,0,0.0,19.750000000000025,811.2930000000001,54.13100000000001,14.987585671796198,1.0
158,0,10,1.0,10.633738854997654,3,0.7896614016397241,0,0.0,0.15000000000000002,21.589,17.048000000000002,1.2663655560769589,1.0
158,1,10,1.0,9.956835595627332,8,0.9307165032428609,0,0.0,0.55,32.533,30.278999999999996,1.0744410317381685,1.0
158,2,10,0.0,-14.049228962516608,22,0.0,10,1.0,0.9,63.505,51.943,1.2225901468917852,1.0
158,3,10,0.0,-28.43142403493101,200,0.0,0,0.0,19.70000000000001,1532.0009999999959,50.385000000000005,30.40589461149143,1.0
158,4,10,0.0,-23.238829938016888,200,0.0,0,0.0,10.000000000000007,897.6209999999976,47.271,18.988830361109297,1.0
158,5,10,0.0,-25.600594374885212,200,0.0,0,0.0,15.000000000000004,535.0139999999989,48.958999999999996,10.927796727874322,1.0
158,6,10,0.0,-23.32744418715118,200,0.0,0,0.0,10.000000000000007,2379.602000000005,67.368,35.32243795273728,1.0
158,7,10,0.0,-23.043452922115808,200,0.0,0,0.0,10.000000000000007,964.9120000000034,42.897000000000006,22.49369419772952,1.0
158,8,10,0.0,-25.485535739362472,200,0.0,0,0.0,15.000000000000004,1025.7090000000026,35.605000000000004,28.808004493750946,1.0
158,9,10,0.0,-14.658062439024391,22,0.0,10,1.0,1.2,60.653000000000006,30.750000000000004,1.9724552845528456,1.0
159,0,10,0.0,-13.157118831583482,13,0.0,10,1.0,0.25,10.525,67.339,0.15629872733482827,1.0
159,1,10,1.0,9.146984740802676,14,0.41264501660413166,0,0.0,1.05,69.56099999999999,28.704,2.4233904682274243,1.0
159,2,10,1.0,10.58737691435054,3,1.0,0,0.0,0.25,35.260000000000005,35.260000000000005,1.0,1.0
159,3,10,1.0,9.85190668984734,9,0.7742619534952334,0,0.0,0.6000000000000001,54.230999999999995,41.989,1.291552549477244,1.0
159,4,10,1.0,10.011686087203254,8,0.8092489973364357,0,0.0,0.44999999999999996,65.326,52.864999999999995,1.2357136101390334,1.0
159,5,10,0.0,-25.699640028267687,200,0.0,0,0.0,14.950000000000003,984.065000000003,67.92200000000001,14.488162892729939,1.0
159,6,10,0.0,-12.941973726154725,13,0.0,10,1.0,0.30000000000000004,26.942,59.602999999999994,0.45202422696844125,1.0
159,7,10,0.0,-13.07389440269252,13,0.0,10,1.0,0.2,11.655999999999999,52.293,0.222897902204884,1.0
159,8,10,1.0,10.346118438506728,5,1.0,0,0.0,0.35,26.384999999999998,26.384999999999998,1.0,1.0
159,9,10,1.0,10.203782063461903,6,0.8510947960800802,0,0.0,0.45,30.919,26.315,1.1749572487174615,1.0
160,0,10,0.0,-23.12135739646903,200,0.0,0,0.0,10.000000000000007,1106.494000000002,61.11699999999999,18.104520837083008,1.0
160,1,10,0.0,-22.951055033347703,200,0.0,0,0.0,10.000000000000007,596.1599999999991,51.278,11.626038457038089,1.0
160,2,10,0.0,-24.580336527360902,200,0.0,0,0.0,15.000000000000002,1372.766999999996,34.648,39.620382128838486,1.0
160,3,10,1.0,10.634625668449198,3,1.0,0,0.0,0.15000000000000002,11.033000000000001,11.033000000000001,1.0,1.0
160,4,10,1.0,10.754231482626437,2,1.0,0,0.0,0.1,8.087,8.087,1.0,1.0
160,5,10,0.0,-21.652304933366196,200,0.0,0,0.0,10.000000000000007,476.3130000000018,28.439,16.748584690038392,1.0
160,6,10,1.0,10.320022169093676,5,0.9761530954300502,0,0.0,0.4,23.567000000000004,23.005,1.024429471853945,1.0
160,7,10,0.0,-24.301592182588546,200,0.0,0,0.0,12.500000000000016,642.599,43.902,14.637123593458158,1.0
160,8,10,1.0,10.491730527198992,4,0.7704158586511529,0,0.0,0.25,18.563999999999997,14.302,1.2980002796811632,1.0
160,9,10,0.0,-28.486100592323755,200,0.0,0,0.0,19.90000000000003,964.1920000000024,29.207,33.01236005067287,1.0
161,0,10,1.0,9.59772904503538,11,0.582762268869172,0,0.0,0.7000000000000003,83.17800000000001,48.473,1.7159655890908343,1.0
161,1,10,0.0,-24.84638198109275,200,0.0,0,0.0,13.350000000000014,567.3679999999999,52.678000000000004,10.770492425680548,1.0
161,2,10,0.0,-13.44261938583664,19,0.0,10,1.0,1.0,60.428,47.870000000000005,1.2623354919573844,1.0
161,3,10,1.0,10.466747039277498,4,0.7825188345889725,0,0.0,0.3,14.999,11.737,1.277924512226293,1.0
161,4,10,1.0,10.284587788708299,6,0.7294282817252945,0,0.0,0.3,25.642,18.704,1.3709366980325064,1.0
161,5,10,0.0,-14.430368580166624,13,0.0,10,1.0,0.15000000000000002,4.743,28.447,0.16673111400147644,1.0
161,6,10,0.0,-12.680869119536396,13,0.0,10,1.0,0.25,25.682000000000002,36.583,0.7020200639641364,1.0
161,7,10,0.0,-13.960081306017926,19,0.0,10,1.0,0.6500000000000001,32.177,46.86000000000001,0.6866623986342295,1.0
161,8,10,0.0,-28.048200797917232,200,0.0,0,0.0,19.90000000000003,1040.9250000000002,59.154,17.59686580789127,1.0
161,9,10,1.0,10.609232116650096,3,1.0,0,0.0,0.2,21.122999999999998,21.122999999999998,1.0,1.0
162,0,10,0.0,-28.272761492438487,200,0.0,0,0.0,19.950000000000028,1112.5139999999985,66.52199999999999,16.72400108234868,1.0
162,1,10,0.0,-12.810563035372368,12,0.0,10,1.0,0.15000000000000002,20.926000000000002,49.615,0.4217676106016326,1.0
162,2,10,0.0,-25.517901971044765,200,0.0,0,0.0,15.000000000000002,929.5219999999999,57.33000000000001,16.213535670678525,1.0
162,3,10,1.0,10.706589223550779,2,1.0,0,0.0,0.2,13.214,13.214,1.0,1.0
162,4,10,0.0,-25.579817913767762,200,0.0,0,0.0,15.000000000000004,829.3340000000022,38.663000000000004,21.450327186198745,1.0
162,5,10,0.0,-12.613987139121619,12,0.0,10,1.0,0.1,21.906,37.478,0.5845029083729121,1.0
162,6,10,1.0,10.583928509001924,3,1.0,0,0.0,0.25,11.442,11.442,1.0,1.0
162,7,10,0.0,-23.015628986986542,200,0.0,0,0.0,10.000000000000007,1065.3110000000047,31.352,33.979044399081545,1.0
162,8,10,1.0,9.615128770344246,11,0.5382546619470426,0,0.0,0.7000000000000001,50.569,27.219,1.8578566442558506,1.0
162,9,10,0.0,-24.695699305845178,200,0.0,0,0.0,13.350000000000012,1134.0620000000017,40.769000000000005,27.816772547769176,1.0
163,0,10,0.0,-13.153691756904518,15,0.0,10,1.0,0.45000000000000007,23.235,28.351,0.8195478113646785,1.0
163,1,10,0.0,-13.37904310844771,15,0.0,10,1.0,0.4,31.392,46.557,0.6742702493717379,1.0
163,2,10,1.0,10.584043365509293,3,1.0,0,0.0,0.25,13.882,13.882,1.0,1.0
163,3,10,0.0,-23.478482118900704,200,0.0,0,0.0,10.100000000000009,854.0760000000028,78.267,10.912338533481579,1.0
163,4,10,1.0,10.7050652027784,2,0.9971401760579113,0,0.0,0.2,22.379,22.314999999999998,1.0028680259914857,1.0
163,5,10,1.0,10.585092054263566,3,0.8515353332940414,0,0.0,0.25,16.967,14.448,1.1743493909191582,1.0
163,6,10,0.0,-25.527611500674663,200,0.0,0,0.0,15.000000000000002,404.9999999999988,52.623,7.696254489481763,1.0
163,7,10,1.0,10.465061253561254,4,0.9351272145997069,0,0.0,0.3,15.014000000000001,14.040000000000001,1.0693732193732193,1.0
163,8,10,1.0,10.754611481129084,2,0.95821303753229,0,0.0,0.1,6.5809999999999995,6.306,1.0436092610212495,1.0
163,9,10,1.0,10.729916179928695,2,1.0,0,0.0,0.15000000000000002,13.183,13.183,1.0,1.0
164,0,10,1.0,10.703831384747398,2,1.0,0,0.0,0.2,9.323,9.323,1.0,1.0
164,1,10,0.0,-22.951032382280186,200,0.0,0,0.0,10.000000000000007,1089.5410000000004,60.248999999999995,18.08396819864231,1.0
164,2,10,0.0,-25.834544208602757,200,0.0,0,0.0,14.950000000000003,1149.2970000000043,56.912,20.194282400899713,1.0
164,3,10,0.0,-25.448341633993827,200,0.0,0,0.0,15.000000000000002,389.99999999999864,37.748,10.331673201229169,1.0
164,4,10,0.0,-23.688378881153703,200,0.0,0,0.0,10.200000000000012,363.0839999999995,52.143,6.963235717162409,1.0
164,5,10,0.0,-22.94460832330463,200,0.0,0,0.0,10.000000000000007,923.4509999999975,35.731,25.844532758668873,1.0
164,6,10,0.0,-25.76974743881612,200,0.0,0,0.0,14.900000000000002,757.4550000000014,42.168,17.962791690381366,1.0
164,7,10,0.0,-23.119672722652748,200,0.0,0,0.0,10.000000000000007,511.12700000000234,39.355000000000004,12.987600050819522,1.0
164,8,10,1.0,9.982067566246211,7,0.9221405707587574,0,0.0,0.7000000000000001,44.362,40.908,1.084433362667449,1.0
164,9,10,0.0,-28.373234636337592,200,0.0,0,0.0,20.00000000000003,952.1959999999985,52.315000000000005,18.20120424352477,1.0
165,0,10,1.0,10.012887820321366,8,0.728809624007778,0,0.0,0.44999999999999996,68.911,50.22299999999999,1.3721004320729548,1.0
165,1,10,0.0,-22.94924943820227,200,0.0,0,0.0,10.000000000000007,874.6000000000031,55.62500000000001,15.723146067415785,1.0
165,2,10,0.0,-23.026729551890696,200,0.0,0,0.0,10.000000000000007,970.9610000000041,24.012,40.43649008828936,1.0
165,3,10,0.0,-13.149681369723124,12,0.0,10,1.0,0.15000000000000002,9.163,60.71300000000001,0.1509231960206216,1.0
165,4,10,0.0,-25.58339546191241,200,0.0,0,0.0,15.000000000000002,1171.9999999999995,44.424,26.382135782459923,1.0
165,5,10,1.0,9.986166514737162,8,0.80100277466777,0,0.0,0.49999999999999994,41.086000000000006,32.910000000000004,1.248435126101489,1.0
165,6,10,0.0,-25.56328109135888,200,0.0,0,0.0,15.000000000000004,685.5999999999996,54.17099999999999,12.656218271769022,1.0
165,7,10,0.0,-28.515961130210975,200,0.0,0,0.0,19.750000000000025,587.4469999999993,53.229,11.036220857051594,1.0
165,8,10,1.0,10.58704387755102,3,0.8312128922815947,0,0.0,0.25,11.79,9.8,1.2030612244897958,1.0
165,9,10,0.0,-13.276040069508332,12,0.0,10,1.0,0.1,6.582,39.132000000000005,0.16819993866911986,1.0
166,0,10,0.0,-23.14211432842616,200,0.0,0,0.0,10.000000000000007,874.6000000000031,30.770999999999997,28.422865685223204,1.0
166,1,10,1.0,10.343256297175813,5,0.514172335600907,0,0.0,0.35,22.932,11.791,1.9448732083792721,1.0
166,2,10,1.0,10.01227562473114,8,0.5150666720380292,0,0.0,0.5,49.646,25.571,1.941496226193735,1.0
166,3,10,0.0,-28.21277100468094,200,0.0,0,0.0,20.00000000000003,853.3240000000006,37.812999999999995,22.56694787506944,1.0
166,4,10,0.0,-25.78933595116824,200,0.0,0,0.0,15.000000000000004,734.404999999998,25.721,28.552739007036976,1.0
166,5,10,1.0,10.493787477537122,4,0.7153585926928281,0,0.0,0.25,14.780000000000001,10.573,1.3979003121157667,1.0
166,6,10,1.0,10.245583731174612,6,0.8989861292529701,0,0.0,0.35,48.231,43.359,1.1123642150418598,1.0
166,7,10,0.0,-26.073145982203116,200,0.0,0,0.0,15.000000000000002,421.2139999999984,59.336,7.098793312660079,1.0
166,8,10,1.0,10.064757788878664,6,0.7517726991970354,0,0.0,0.7500000000000001,40.474999999999994,30.428,1.3301892993295648,1.0
166,9,10,0.0,-23.053122322463587,200,0.0,0,0.0,10.000000000000007,908.3060000000035,59.522999999999996,15.259748332577383,1.0
167,0,10,1.0,10.496036765167199,4,0.9585062240663902,0,0.0,0.25,33.257999999999996,31.878,1.0432900432900432,1.0
167,1,10,0.0,-23.378256862745094,200,0.0,0,0.0,10.050000000000008,1093.6839999999982,35.7,30.635406162464932,1.0
167,2,10,0.0,-23.03552474154065,200,0.0,0,0.0,10.000000000000007,729.600000000003,32.597,22.382427830782063,1.0
167,3,10,1.0,10.22732802477328,6,0.9308534367386156,0,0.0,0.39999999999999997,29.141,27.125999999999998,1.0742829757428298,1.0
167,4,10,1.0,8.92454240972407,16,0.6056828105058104,0,0.0,1.1500000000000001,74.435,45.084,1.6510291899565255,1.0
167,5,10,1.0,9.747106361899371,9,0.7138130477609677,0,0.0,0.8,39.593,28.261999999999997,1.4009270398414835,1.0
167,6,10,1.0,9.200075060012182,13,0.5120063104213672,0,0.0,1.1500000000000001,109.02600000000001,55.821999999999996,1.9531009279495544,1.0
167,7,10,1.0,10.825,1,1.0,0,0.0,0.15,4.57,4.57,1.0,1.0
167,8,10,1.0,10.029351126426318,7,0.7229547110390373,0,0.0,0.6,42.54900000000001,30.761000000000003,1.3832125093462502,1.0
167,9,10,0.0,-25.600527034940395,200,0.0,0,0.0,15.000000000000002,386.6880000000011,15.369,25.160257661526522,1.0
168,0,10,0.0,-25.639295570987304,200,0.0,0,0.0,15.200000000000003,1028.1410000000024,56.016999999999996,18.35408893728694,1.0
168,1,10,0.0,-24.81904286869778,200,0.0,0,0.0,13.350000000000012,1139.8589999999992,37.09,30.732245888379595,1.0
168,2,10,0.0,-23.08854358367065,200,0.0,0,0.0,10.000000000000007,857.0539999999994,62.489000000000004,13.715277888908437,1.0
168,3,10,0.0,-12.899999999999999,10,0.0,10,1.0,0.0,0.0,52.36699999999999,0.0,1.0
168,4,10,1.0,9.981591117489932,8,0.5983254615714898,0,0.0,0.5,41.922000000000004,25.083,1.671331180480804,1.0
168,5,10,1.0,10.875,1,1.0,0,0.0,0.05,3.066,3.066,1.0,1.0
168,6,10,0.0,-24.83587761873164,200,0.0,0,0.0,13.350000000000012,575.0749999999999,52.745000000000005,10.902929187600717,1.0
168,7,10,1.0,10.318779608650875,5,0.8539334825711544,0,0.0,0.4,25.016000000000002,21.362000000000002,1.1710513996816778,1.0
168,8,10,0.0,-12.9,10,0.0,10,1.0,0.0,0.0,45.312,0.0,1.0
168,9,10,1.0,10.228580390539863,6,0.9070581320795044,0,0.0,0.4,37.431999999999995,33.953,1.102465172444261,1.0
169,0,10,0.0,-23.521085405102813,200,0.0,0,0.0,10.400000000000013,920.114000000003,64.31700000000001,14.305922228959728,1.0
169,1,10,1.0,10.466397731269785,4,0.6985472526797507,0,0.0,0.3,32.559,22.744,1.4315423848047837,1.0
169,2,10,0.0,-14.602813461301839,16,0.0,10,1.0,0.5,18.782,32.508,0.5777654731143103,1.0
169,3,10,0.0,-13.798218072970855,13,0.0,10,1.0,0.2,10.761,54.788999999999994,0.19640803810983956,1.0
169,4,10,0.0,-12.97567851151441,13,0.0,10,1.0,0.30000000000000004,18.498,32.785000000000004,0.5642214427329572,1.0
169,5,10,0.0,-23.61004958890022,200,0.0,0,0.0,10.10000000000001,530.8849999999981,38.92,13.640416238437771,1.0
169,6,10,0.0,-25.280915835767367,200,0.0,0,0.0,15.000000000000004,2170.8219999999997,59.574,36.43908416423272,1.0
169,7,10,0.0,-14.096860508323422,16,0.0,10,1.0,0.4,48.346999999999994,53.824,0.8982424197384066,1.0
169,8,10,0.0,-22.84179091742921,200,0.0,0,0.0,10.000000000000007,1483.399999999996,46.88099999999999,31.641816514152776,1.0
169,9,10,1.0,10.728966296523632,2,0.8734282093771322,0,0.0,0.15000000000000002,20.518,17.921,1.144913788293064,1.0
170,0,10,1.0,10.284587788708299,6,0.7294282817252945,0,0.0,0.3,25.642,18.704,1.3709366980325064,1.0
170,1,10,0.0,-22.951212493285283,200,0.0,0,0.0,10.000000000000007,508.6000000000011,52.12400000000001,9.757501342951443,1.0
170,2,10,0.0,-12.94006284546074,11,0.0,10,1.0,0.1,4.449,39.621,0.1122889376845612,1.0
170,3,10,0.0,-13.73623877936024,19,0.0,10,1.0,0.49999999999999994,30.171,48.236999999999995,0.6254742210336465,1.0
170,4,10,0.0,-13.60690081572117,19,0.0,10,1.0,0.49999999999999994,58.744,53.94,1.089061920652577,1.0
170,5,10,0.0,-23.34678564568786,200,0.0,0,0.0,10.050000000000008,886.6959999999958,62.476,14.192585953005887,1.0
170,6,10,1.0,9.733625299942993,9,0.9672873227154984,0,0.0,0.8000000000000002,77.98199999999999,75.43099999999998,1.0338189868886798,1.0
170,7,10,0.0,-23.073061918990746,200,0.0,0,0.0,10.000000000000007,934.7999999999971,48.19200000000001,19.397410358565676,1.0
170,8,10,0.0,-13.005126433016706,11,0.0,10,1.0,0.05,1.767,45.795,0.03858499836226662,1.0
170,9,10,0.0,-25.797437580560366,200,0.0,0,0.0,15.000000000000002,776.9789999999986,41.894000000000005,18.54630734711411,1.0
171,0,10,1.0,10.366450462255223,5,0.7887121777573635,0,0.0,0.3,17.417,13.737,1.2678896411152363,1.0
171,1,10,0.0,-32.98916623276058,200,0.0,0,0.0,29.700000000000006,796.1919999999959,74.901,10.62992483411431,1.0
171,2,10,0.0,-24.661205721036144,200,0.0,0,0.0,13.350000000000012,371.84600000000034,59.255,6.275352290945917,1.0
171,3,10,0.0,-23.0826065807303,200,0.0,0,0.0,10.000000000000007,898.4639999999976,57.562,15.60863069386049,1.0
171,4,10,0.0,-12.9,10,0.0,10,1.0,0.0,0.0,30.591,0.0,1.0
171,5,10,1.0,9.673450665676135,10,0.8296595461696917,0,0.0,0.75,61.653,51.151,1.2053136791069576,1.0
171,6,10,0.0,-12.9,10,0.0,10,1.0,0.0,0.0,7.567,0.0,1.0
171,7,10,1.0,10.225004490464366,6,0.6641987438155725,0,0.0,0.4,28.499000000000002,18.929000000000002,1.5055734587141423,1.0
171,8,10,1.0,10.221657567349862,6,0.902163966194757,0,0.0,0.4,37.153999999999996,33.519,1.1084459560249411,1.0
171,9,10,1.0,10.438629139072848,4,1.0,0,0.0,0.35000000000000003,15.855000000000002,15.855000000000002,1.0,1.0
172,0,10,0.0,-28.24211851043187,200,0.0,0,0.0,20.05000000000003,960.4799999999996,16.488,58.25327510917028,1.0
172,1,10,0.0,-23.075587726602958,200,0.0,0,0.0,10.000000000000007,1076.1999999999969,46.833,22.97952298592866,1.0
172,2,10,0.0,-12.978159925124114,11,0.0,10,1.0,0.05,2.543,61.43499999999999,0.04139334255717426,1.0
172,3,10,0.0,-27.932420717324202,200,0.0,0,0.0,20.00000000000003,705.2429999999974,49.601,14.21832221124569,1.0
172,4,10,0.0,-23.39825345494747,200,0.0,0,0.0,10.050000000000008,805.4330000000012,36.18,22.261829740187984,1.0
172,5,10,1.0,10.755145691688636,2,1.0,0,0.0,0.1,14.414,14.414,1.0,1.0
172,6,10,0.0,-12.809634363418832,11,0.0,10,1.0,0.05,15.815,68.538,0.23074790627097377,1.0
172,7,10,0.0,-12.921272493573266,11,0.0,10,1.0,0.05,3.646,34.620999999999995,0.10531180497385981,1.0
172,8,10,0.0,-12.721023271198973,11,0.0,10,1.0,0.05,8.488,25.696999999999996,0.3303109312371094,1.0
172,9,10,1.0,10.244100834649222,5,1.0,0,0.0,0.55,22.165,22.165,1.0,1.0
173,0,10,0.0,-22.956847836074655,200,0.0,0,0.0,10.050000000000008,861.2789999999962,43.532,19.784962785996424,1.0
173,1,10,0.0,-23.006139377608736,200,0.0,0,0.0,10.000000000000007,684.4330000000001,56.781000000000006,12.053908877969745,1.0
173,2,10,0.0,-23.142283833246182,200,0.0,0,0.0,10.050000000000008,1202.6239999999977,21.037,57.16708656177201,1.0
173,3,10,1.0,10.733181360201511,2,0.5566461020751542,0,0.0,0.15000000000000002,10.698,5.955,1.7964735516372796,1.0
173,4,10,1.0,10.419483740446575,4,0.7005038841066555,0,0.0,0.4,19.052,13.346,1.4275438333583095,1.0
173,5,10,1.0,9.97828350360577,8,0.646339094969897,0,0.0,0.5,41.192,26.624,1.5471754807692308,1.0
173,6,10,0.0,-28.425701590650895,200,0.0,0,0.0,19.85000000000003,636.2509999999995,49.288,12.908841908781033,1.0
173,7,10,1.0,10.585355881267464,3,1.0,0,0.0,0.25,18.967,18.967,1.0,1.0
173,8,10,1.0,10.346006388985192,5,0.9798602348830439,0,0.0,0.35000000000000003,41.212,40.382000000000005,1.0205537120499233,1.0
173,9,10,0.0,-25.558742907508414,200,0.0,0,0.0,15.000000000000004,774.8959999999986,36.306000000000004,21.34346939899737,1.0
174,0,10,0.0,-28.037016102943852,200,0.0,0,0.0,19.950000000000017,1736.294000000008,27.820999999999998,62.40947485712261,1.0
174,1,10,0.0,-22.989354232258933,200,0.0,0,0.0,10.000000000000007,606.1999999999992,44.149,13.730775328999506,1.0
174,2,10,0.0,-25.152308339082417,200,0.0,0,0.0,15.000000000000004,1006.1450000000028,46.384,21.69163935839951,1.0
174,3,10,0.0,-25.57639944963434,200,0.0,0,0.0,15.000000000000002,366.73799999999966,41.42700000000001,8.852632341226727,1.0
174,4,10,0.0,-23.538314094209728,200,0.0,0,0.0,10.050000000000008,654.230999999999,48.339000000000006,13.534227021659508,1.0
174,5,10,1.0,10.462102243088157,4,0.9721543497303029,0,0.0,0.3,21.691,21.087,1.0286432399108456,1.0
174,6,10,0.0,-30.665738846764214,200,0.0,0,0.0,24.8,975.5179999999982,68.05199999999999,14.334890965732063,1.0
174,7,10,1.0,10.637563265306122,3,0.9459459459459459,0,0.0,0.15000000000000002,16.835,15.925,1.0571428571428572,1.0
174,8,10,0.0,-25.098139771598813,200,0.0,0,0.0,12.450000000000015,679.7039999999995,40.28,16.87447864945381,1.0
174,9,10,0.0,-23.406927643525602,200,0.0,0,0.0,10.050000000000008,847.8729999999969,14.318,59.217278949573746,1.0
175,0,10,1.0,9.974465259472403,7,0.9439305589849764,0,0.0,0.7000000000000001,52.648999999999994,49.69700000000002,1.0593999637805094,1.0
175,1,10,0.0,-25.552359283202374,200,0.0,0,0.0,15.000000000000002,602.112999999999,47.489000000000004,12.678999347217228,1.0
175,2,10,0.0,-28.391036173029462,200,0.0,0,0.0,19.85000000000003,1040.6810000000032,55.898,18.617499731654142,1.0
175,3,10,0.0,-25.798821455779503,200,0.0,0,0.0,15.050000000000002,968.1680000000027,72.19500000000001,13.410457787935488,1.0
175,4,10,0.0,-25.4122528058996,200,0.0,0,0.0,13.300000000000013,727.8479999999983,30.916999999999998,23.541999547174637,1.0
175,5,10,0.0,-23.345005335402814,200,0.0,0,0.0,10.050000000000008,833.9350000000018,41.233999999999995,20.224450696027596,1.0
175,6,10,0.0,-13.398082371218814,15,0.0,10,1.0,0.4,12.806000000000001,32.827000000000005,0.3901057056691138,1.0
175,7,10,0.0,-13.554780700772419,15,0.0,10,1.0,0.30000000000000004,15.75,44.665,0.3526250979514161,1.0
175,8,10,1.0,10.756654996148729,2,1.0,0,0.0,0.1,14.280999999999999,14.280999999999999,1.0,1.0
175,9,10,0.0,-23.413289144671612,200,0.0,0,0.0,10.100000000000009,969.9900000000034,25.195,38.49930541774175,1.0
176,0,10,1.0,9.838433704277815,9,0.8877364497114337,0,0.0,0.6,48.689,43.223,1.1264604492978276,1.0
176,1,10,1.0,10.222888741061034,6,0.9252904516426869,0,0.0,0.39999999999999997,25.994,24.052000000000003,1.0807417262597703,1.0
176,2,10,0.0,-13.716479090334811,17,0.0,10,1.0,0.7,63.25100000000001,39.575,1.5982564750473787,1.0
176,3,10,0.0,-25.322776663006863,200,0.0,0,0.0,15.000000000000002,936.200000000003,26.413,35.444667398629576,1.0
176,4,10,0.0,-13.128811275779874,12,0.0,10,1.0,0.2,9.144,38.596,0.2369157425639963,1.0
176,5,10,0.0,-12.719434400743662,12,0.0,10,1.0,0.15000000000000002,15.325,31.197,0.49123313139083885,1.0
176,6,10,0.0,-12.719631076616498,12,0.0,10,1.0,0.15000000000000002,18.752000000000002,38.138000000000005,0.491688080130054,1.0
176,7,10,1.0,10.61022412350042,3,1.0,0,0.0,0.2,10.753,10.753,1.0,1.0
176,8,10,0.0,-12.895691121668134,12,0.0,10,1.0,0.1,10.355,35.153,0.2945694535317043,1.0
176,9,10,0.0,-13.309957868746451,17,0.0,10,1.0,0.4,38.23,51.031000000000006,0.7491524759459934,1.0
177,0,10,1.0,9.792936337311337,9,0.7966862995263646,0,0.0,0.7,57.217,45.584,1.2551991926991926,1.0
177,1,10,0.0,-23.144872530274053,200,0.0,0,0.0,10.050000000000008,635.0259999999993,51.77700000000001,12.264634876489545,1.0
177,2,10,0.0,-25.38862592231656,200,0.0,0,0.0,15.000000000000004,656.3299999999981,50.281,13.053240786778268,1.0
177,3,10,0.0,-23.018911428888156,200,0.0,0,0.0,10.000000000000007,924.1999999999974,45.105000000000004,20.48996785278788,1.0
177,4,10,1.0,10.517688770212136,4,0.9375521557719055,0,0.0,0.2,14.379999999999999,13.482000000000001,1.0666073282895712,1.0
177,5,10,1.0,10.632957711850516,3,1.0,0,0.0,0.15000000000000002,18.303,18.303,1.0,1.0
177,6,10,0.0,-25.583275611276612,200,0.0,0,0.0,15.000000000000002,662.4339999999995,57.748000000000005,11.471115882801127,1.0
177,7,10,1.0,10.63741672975019,3,0.945343948474819,0,0.0,0.15000000000000002,11.179,10.568000000000001,1.0578160484481451,1.0
177,8,10,1.0,10.75559309252696,2,1.0,0,0.0,0.1,13.261,13.261,1.0,1.0
177,9,10,1.0,10.490318250377074,4,1.0,0,0.0,0.25,26.52,26.52,1.0,1.0
178,0,10,0.0,-28.570080474375175,200,0.0,0,0.0,20.00000000000003,821.3490000000033,54.303000000000004,15.12529694492023,1.0
178,1,10,0.0,-25.631995387840636,200,0.0,0,0.0,14.950000000000003,1595.8469999999993,71.55000000000001,22.303941299790342,1.0
178,2,10,1.0,10.413107338195077,4,1.0,0,0.0,0.39999999999999997,17.552,17.552,1.0,1.0
178,3,10,1.0,10.465502803738318,4,0.8814253436264358,0,0.0,0.3,21.244,18.725,1.1345260347129504,1.0
178,4,10,0.0,-33.15331584545516,200,0.0,0,0.0,29.800000000000004,1061.599999999999,69.572,15.25901224630597,1.0
178,5,10,0.0,-23.2179164392148,200,0.0,0,0.0,10.050000000000008,520.8470000000004,49.461000000000006,10.530458340915072,1.0
178,6,10,1.0,10.219160840698237,6,0.9097381947638953,0,0.0,0.39999999999999997,49.998999999999995,45.486,1.099217341599613,1.0
178,7,10,0.0,-25.683720178122766,200,0.0,0,0.0,15.000000000000004,908.0589999999968,40.197,22.590218175485653,1.0
178,8,10,1.0,10.236549637435443,6,0.5884393418467584,0,0.0,0.4,32.576,19.169,1.699410506547029,1.0
178,9,10,1.0,10.322578704494958,5,1.0,0,0.0,0.4,29.255000000000003,29.255000000000003,1.0,1.0
179,0,10,0.0,-22.94281383047355,200,0.0,0,0.0,10.000000000000007,755.9999999999965,62.007999999999996,12.191975229002653,1.0
179,1,10,1.0,10.46490444845525,4,0.9518467990500733,0,0.0,0.3,19.791,18.838,1.0505892345259582,1.0
179,2,10,0.0,-22.98186194670027,200,0.0,0,0.0,10.050000000000008,623.7409999999991,43.714999999999996,14.268351824316577,1.0
179,3,10,0.0,-13.875653180113318,19,0.0,10,1.0,0.7000000000000001,51.986000000000004,37.593,1.382863831032373,1.0
179,4,10,1.0,9.628111918309287,11,0.8968675247750313,0,0.0,0.65,43.895,39.368,1.114991871570819,1.0
179,5,10,1.0,10.463580852342835,4,0.9503006614552015,0,0.0,0.3,33.26,31.607000000000003,1.052298541462334,1.0
179,6,10,1.0,10.485132616487455,4,1.0,0,0.0,0.25,25.11,25.11,1.0,1.0
179,7,10,0.0,-23.010601788095382,200,0.0,0,0.0,10.000000000000007,571.0000000000016,45.747,12.481692788598194,1.0
179,8,10,0.0,-13.398263518276107,19,0.0,10,1.0,0.9500000000000001,47.088,39.724000000000004,1.1853791158997078,1.0
179,9,10,0.0,-22.90454555288725,200,0.0,0,0.0,10.000000000000007,882.4000000000018,46.221,19.090889422556888,1.0
180,0,10,0.0,-23.459939264541198,200,0.0,0,0.0,10.10000000000001,881.8490000000008,48.242000000000004,18.279694042535567,1.0
180,1,10,1.0,10.612793878707727,3,0.8946318707322021,0,0.0,0.2,29.582,26.465000000000003,1.1177781976194974,1.0
180,2,10,1.0,9.65440991123258,11,0.5983646438707934,0,0.0,0.6,73.99,44.272999999999996,1.671221737853771,1.0
180,3,10,1.0,9.41409185945707,12,0.8265518307247028,0,0.0,0.9000000000000001,71.17399999999999,58.82899999999999,1.2098454843699535,1.0
180,4,10,0.0,-25.754988064662278,200,0.0,0,0.0,15.000000000000004,954.3370000000026,33.095,28.836289469708493,1.0
180,5,10,1.0,10.609393810421354,3,0.6661671189598606,0,0.0,0.2,24.689,16.447,1.5011248251960845,1.0
180,6,10,0.0,-25.598453815261063,200,0.0,0,0.0,14.950000000000003,740.3489999999987,31.374000000000002,23.59753298909921,1.0
180,7,10,0.0,-25.591653764447496,200,0.0,0,0.0,15.000000000000004,853.5250000000037,55.546,15.366092967990562,1.0
180,8,10,0.0,-25.4037424302973,200,0.0,0,0.0,14.950000000000003,497.6579999999985,32.531,15.297961943991838,1.0
180,9,10,0.0,-23.6308576806538,200,0.0,0,0.0,10.150000000000011,973.0780000000041,54.455,17.869396749609844,1.0
181,0,10,0.0,-23.40356662518864,200,0.0,0,0.0,10.25000000000001,863.5220000000024,37.771,22.862037012522897,1.0
181,1,10,1.0,10.17326468510569,6,0.8091364755539923,0,0.0,0.5000000000000001,22.744,18.403,1.2358854534586754,1.0
181,2,10,0.0,-25.30566494435614,200,0.0,0,0.0,15.000000000000002,938.1139999999987,25.16,37.2859300476947,1.0
181,3,10,0.0,-33.405971681992085,200,0.0,0,0.0,29.499999999999897,923.3530000000039,61.44500000000001,15.027308975506612,1.0
181,4,10,0.0,-23.00525389932643,200,0.0,0,0.0,10.000000000000007,1049.0790000000056,45.136,23.242622297057903,1.0
181,5,10,0.0,-22.95348222045874,200,0.0,0,0.0,10.000000000000007,739.0000000000023,26.463,27.92578316895296,1.0
181,6,10,1.0,10.124829588088938,6,0.7463597241054059,0,0.0,0.6000000000000001,33.926,25.321,1.339836499348367,1.0
181,7,10,0.0,-26.08061100306755,200,0.0,0,0.0,14.850000000000003,259.67900000000145,49.876999999999995,5.206387713775919,1.0
181,8,10,0.0,-23.153217208298592,200,0.0,0,0.0,10.050000000000008,681.6029999999972,46.80299999999999,14.563233126081606,1.0
181,9,10,0.0,-23.14333915351307,200,0.0,0,0.0,10.000000000000007,1025.2790000000048,42.95399999999999,23.869232201890508,1.0
182,0,10,0.0,-23.266670095380583,200,0.0,0,0.0,10.050000000000008,1024.5319999999972,48.123000000000005,21.28986139683721,1.0
182,1,10,0.0,-13.586400976006509,14,0.0,10,1.0,0.3,24.891,31.967,0.7786467294397347,1.0
182,2,10,1.0,9.90825704809287,8,0.7534674497063599,0,0.0,0.65,56.020999999999994,42.20999999999999,1.327197346600332,1.0
182,3,10,0.0,-22.906181582540672,200,0.0,0,0.0,10.000000000000007,967.8000000000052,43.208999999999996,22.398111504547785,1.0
182,4,10,0.0,-23.285436256825793,200,0.0,0,0.0,10.050000000000008,651.3560000000009,50.72699999999999,12.84042028899799,1.0
182,5,10,0.0,-12.930456336747286,14,0.0,10,1.0,0.25,37.487,46.18299999999999,0.8117056059589028,1.0
182,6,10,0.0,-28.496052303860544,200,0.0,0,0.0,19.90000000000003,600.1970000000009,59.422,10.100585641681548,1.0
182,7,10,0.0,-22.85683409710365,200,0.0,0,0.0,10.000000000000007,1084.3120000000017,33.387,32.47707191421816,1.0
182,8,10,0.0,-22.855823821191706,200,0.0,0,0.0,10.000000000000007,965.0000000000034,33.466,28.83523576166866,1.0
182,9,10,0.0,-28.292317410185547,200,0.0,0,0.0,20.10000000000003,1101.7649999999983,55.726,19.771112227685432,1.0
183,0,10,0.0,-24.951781165541938,200,0.0,0,0.0,13.300000000000011,1137.600000000002,61.79100000000001,18.410448123513163,1.0
183,1,10,0.0,-22.911931759929445,200,0.0,0,0.0,10.000000000000007,858.9999999999973,48.769000000000005,17.613648014107266,1.0
183,2,10,0.0,-26.933787403988624,200,0.0,0,0.0,17.45000000000003,751.8849999999994,58.717,12.805235281094053,1.0
183,3,10,0.0,-30.544691874828445,200,0.0,0,0.0,25.0,521.0000000000014,58.288,8.938374965687643,1.0
183,4,10,1.0,10.705428679817906,2,1.0,0,0.0,0.2,10.544,10.544,1.0,1.0
183,5,10,0.0,-23.230736528229095,200,0.0,0,0.0,10.050000000000008,972.3639999999947,28.003,34.72356533228564,1.0
183,6,10,0.0,-23.079245613693473,200,0.0,0,0.0,10.000000000000007,830.4000000000004,51.353,16.17042821256792,1.0
183,7,10,0.0,-23.030874077133603,200,0.0,0,0.0,10.000000000000007,1457.8629999999948,38.738,37.63392534462272,1.0
183,8,10,1.0,10.515237795770773,4,0.8893316554809843,0,0.0,0.2,14.304000000000002,12.721,1.1244399025233867,1.0
183,9,10,0.0,-23.75432552305944,200,0.0,0,0.0,10.150000000000011,818.6370000000011,71.35900000000001,11.47209181743019,1.0
184,0,10,0.0,-25.605696504790608,200,0.0,0,0.0,14.950000000000003,936.6389999999969,67.006,13.978434767035742,1.0
184,1,10,0.0,-31.977950455269564,200,0.0,0,0.0,27.0,796.8279999999997,42.062999999999995,18.94367971851746,1.0
184,2,10,1.0,9.90235007019033,7,0.9039693079533717,0,0.0,0.8500000000000001,33.885,30.631,1.1062322483758282,1.0
184,3,10,0.0,-25.42534875941992,200,0.0,0,0.0,15.000000000000002,1112.8209999999988,50.82300000000001,21.896011648269457,1.0
184,4,10,0.0,-28.47939592908742,200,0.0,0,0.0,20.00000000000003,596.1960000000009,50.259,11.862472393004257,1.0
184,5,10,1.0,9.978529195693476,8,0.8443669654125044,0,0.0,0.49999999999999994,46.751000000000005,39.475,1.1843191893603546,1.0
184,6,10,1.0,10.516189759036145,4,1.0,0,0.0,0.2,24.568,24.568,1.0,1.0
184,7,10,1.0,10.011946859903382,8,0.9956962025316455,0,0.0,0.45,39.5,39.33,1.004322400203407,1.0
184,8,10,0.0,-25.0656289383562,200,0.0,0,0.0,13.350000000000012,677.6820000000006,58.4,11.60414383561645,1.0
184,9,10,0.0,-23.00956455932007,200,0.0,0,0.0,10.000000000000007,334.3229999999998,17.178,19.462277331470474,1.0
185,0,10,0.0,-23.21732713801592,200,0.0,0,0.0,10.050000000000008,1146.1599999999967,47.509,24.125113136458285,1.0
185,1,10,1.0,10.438121709614853,4,0.7928818586258032,0,0.0,0.35,36.414,28.872,1.2612219451371571,1.0
185,2,10,0.0,-25.6424368474788,200,0.0,0,0.0,15.000000000000002,631.7669999999999,30.362999999999996,20.807133682442448,1.0
185,3,10,0.0,-23.004057866075414,200,0.0,0,0.0,10.000000000000007,689.3479999999976,66.29100000000001,10.398817335686555,1.0
185,4,10,1.0,9.945214276705764,8,0.7071634975562769,0,0.0,0.6,56.062,39.644999999999996,1.4141001387312397,1.0
185,5,10,1.0,9.70926764359104,10,0.6063484282125131,0,0.0,0.7000000000000001,48.957,29.685000000000002,1.6492167761495704,1.0
185,6,10,1.0,10.226757903923202,6,0.9873492088359707,0,0.0,0.39999999999999997,25.531999999999996,25.209,1.0128128842873576,1.0
185,7,10,1.0,10.129305581835384,6,0.6056149732620321,0,0.0,0.6,26.18,15.855,1.65121412803532,1.0
185,8,10,1.0,9.983376944094157,7,0.9840744570837642,0,0.0,0.7,38.68,38.064,1.016183270281631,1.0
185,9,10,0.0,-23.298707204207425,200,0.0,0,0.0,10.000000000000007,643.9450000000013,58.563,10.99576524426688,1.0
186,0,10,0.0,-23.241721105745068,200,0.0,0,0.0,10.200000000000012,307.91100000000097,57.771,5.3298540790362114,1.0
186,1,10,0.0,-28.215703098399786,200,0.0,0,0.0,20.05000000000002,806.275000000003,52.866,15.251295728823877,1.0
186,2,10,0.0,-14.817338817468226,27,0.0,10,1.0,0.8500000000000002,80.251,41.149,1.9502539551386426,1.0
186,3,10,0.0,-12.875135441077173,16,0.0,10,1.0,0.35,21.504,25.177,0.8541128808039083,1.0
186,4,10,1.0,10.525921960333429,4,0.3739955387137521,0,0.0,0.2,37.208999999999996,13.916,2.6738286864041387,1.0
186,5,10,1.0,10.203454900855844,6,0.5178652853521076,0,0.0,0.44999999999999996,54.82699999999999,28.393,1.9310041207339834,1.0
186,6,10,1.0,9.634286091030374,10,0.6983814001863448,0,0.0,0.85,46.151,32.231,1.4318823492910553,1.0
186,7,10,0.0,-13.304806448755427,16,0.0,10,1.0,0.3,29.287,33.867,0.8647651105796204,1.0
186,8,10,0.0,-31.979316062624353,200,0.0,0,0.0,27.35,868.8080000000025,57.805,15.029980105527248,1.0
186,9,10,0.0,-23.18103074383117,200,0.0,0,0.0,10.000000000000007,2026.7700000000045,44.822,45.2181964214003,1.0
187,0,10,0.0,-25.015267384559305,200,0.0,0,0.0,14.950000000000003,1602.3969999999995,32.873999999999995,48.74359676339964,1.0
187,1,10,1.0,9.988214027267201,8,0.6411841128433556,0,0.0,0.49999999999999994,53.88,34.547000000000004,1.5596144383014443,1.0
187,2,10,0.0,-23.285543470050673,200,0.0,0,0.0,10.050000000000008,777.8300000000016,26.477999999999998,29.3764634791148,1.0
187,3,10,1.0,9.649556127828697,11,0.7322128518826464,0,0.0,0.6000000000000001,67.352,49.316,1.365723091897153,1.0
187,4,10,1.0,10.028231080534196,7,1.0,0,0.0,0.6000000000000001,24.71,24.71,1.0,1.0
187,5,10,0.0,-23.12512332216941,200,0.0,0,0.0,10.050000000000008,1085.4619999999995,38.517,28.181374458031506,1.0
187,6,10,0.0,-25.85062466935823,200,0.0,0,0.0,15.050000000000002,898.130999999996,35.915,25.00712794097163,1.0
187,7,10,0.0,-33.190740320267786,200,0.0,0,0.0,29.700000000000003,975.4180000000023,50.208,19.427541427660977,1.0
187,8,10,0.0,-23.43731961801468,200,0.0,0,0.0,10.200000000000012,293.04999999999933,33.928,8.637408630040065,1.0
187,9,10,0.0,-22.963745698494833,200,0.0,0,0.0,10.000000000000007,991.3049999999988,57.53799999999999,17.228701032361204,1.0
188,0,10,1.0,10.515933716028343,4,0.9279234290470246,0,0.0,0.2,24.03,22.298000000000002,1.0776751278141536,1.0
188,1,10,0.0,-30.07911974110033,200,0.0,0,0.0,24.85,1470.9439999999927,27.810000000000002,52.89262855088071,1.0
188,2,10,1.0,9.80920497002346,9,0.6428531531028319,0,0.0,0.7000000000000001,35.806000000000004,23.018,1.5555652098357808,1.0
188,3,10,1.0,10.5052553808948,4,0.5821483880050683,0,0.0,0.25,35.515,20.675,1.7177750906892382,1.0
188,4,10,0.0,-24.331653283069542,200,0.0,0,0.0,12.000000000000016,1206.4549999999972,38.729,31.15120452374183,1.0
188,5,10,0.0,-28.35615345005148,200,0.0,0,0.0,19.95000000000003,944.2669999999987,43.69499999999999,21.61041309074262,1.0
188,6,10,1.0,10.752689856028134,2,1.0,0,0.0,0.1,18.198,18.198,1.0,1.0
188,7,10,0.0,-23.206175705514042,200,0.0,0,0.0,10.300000000000013,706.6709999999981,66.122,10.687380901969059,1.0
188,8,10,0.0,-28.085369604441436,200,0.0,0,0.0,20.000000000000014,1788.999999999997,36.025,49.65995836224836,1.0
188,9,10,0.0,-25.590376217836546,200,0.0,0,0.0,15.000000000000002,819.2519999999984,40.03,20.465950537097136,1.0
189,0,10,0.0,-33.022037980546585,200,0.0,0,0.0,29.850000000000005,934.1340000000039,60.452,15.452491232713623,1.0
189,1,10,0.0,-23.176795975298653,200,0.0,0,0.0,10.000000000000007,596.4549999999995,41.941,14.22128704608854,1.0
189,2,10,0.0,-22.909295926210653,200,0.0,0,0.0,10.000000000000007,904.6359999999979,32.525,27.813558800922305,1.0
189,3,10,0.0,-23.342090578363678,200,0.0,0,0.0,10.050000000000008,1327.6279999999942,51.127,25.967258004576724,1.0
189,4,10,1.0,10.63376130828114,3,1.0,0,0.0,0.15000000000000002,20.118000000000002,20.118000000000002,1.0,1.0
189,5,10,1.0,9.791220506220506,9,0.8678101316314321,0,0.0,0.7000000000000001,37.605,32.634,1.152325795182938,1.0
189,6,10,0.0,-23.116368593878228,200,0.0,0,0.0,10.000000000000007,897.7159999999975,34.108,26.319807669754827,1.0
189,7,10,0.0,-23.438486649661954,200,0.0,0,0.0,10.10000000000001,556.0849999999999,42.73299999999999,13.01301102192685,1.0
189,8,10,0.0,-22.986249746558833,200,0.0,0,0.0,10.000000000000007,520.7890000000011,44.389,11.732388654846947,1.0
189,9,10,0.0,-25.77868431477098,200,0.0,0,0.0,15.150000000000004,1023.4560000000025,65.635,15.593143901881655,1.0
190,0,10,0.0,-22.992965533466606,200,0.0,0,0.0,10.000000000000007,927.399999999995,42.504999999999995,21.81860957534396,1.0
190,1,10,0.0,-28.082594022862825,200,0.0,0,0.0,20.00000000000003,1045.2000000000005,58.523,17.859644925926567,1.0
190,2,10,0.0,-25.563291726024914,200,0.0,0,0.0,15.000000000000002,559.7990000000025,44.223,12.658548718992435,1.0
190,3,10,0.0,-23.054535017221536,200,0.0,0,0.0,10.000000000000007,630.6000000000021,22.645999999999997,27.845977214519216,1.0
190,4,10,0.0,-13.293396306109125,16,0.0,10,1.0,0.35,23.285,52.086,0.44704911108551243,1.0
190,5,10,1.0,10.610378631335845,3,0.6905321470538862,0,0.0,0.2,23.828,16.454,1.4481585024917951,1.0
190,6,10,0.0,-25.507023216226823,200,0.0,0,0.0,14.950000000000003,409.34099999999876,48.759,8.395188580569716,1.0
190,7,10,0.0,-13.655968925060776,16,0.0,10,1.0,0.3,22.435,47.305,0.4742627629214671,1.0
190,8,10,1.0,10.510225463256534,4,0.9960349485946876,0,0.0,0.2,28.499000000000002,28.386000000000003,1.0039808356231945,1.0
190,9,10,0.0,-23.187212363636366,200,0.0,0,0.0,10.000000000000007,901.2499999999975,55.0,16.38636363636359,1.0
191,0,10,1.0,9.86291269342774,9,0.7816558803838429,0,0.0,0.55,44.81,35.026,1.2793353508822016,1.0
191,1,10,0.0,-28.08740283536188,200,0.0,0,0.0,19.950000000000024,696.3599999999994,37.385,18.626721947305054,1.0
191,2,10,0.0,-13.915358140087529,18,0.0,10,1.0,0.6000000000000001,46.88,50.49700000000001,0.9283719824940094,1.0
191,3,10,0.0,-23.2054146923922,200,0.0,0,0.0,10.000000000000007,510.71799999999735,52.762,9.679655812895595,1.0
191,4,10,0.0,-25.53351427519175,200,0.0,0,0.0,15.000000000000002,736.9999999999969,62.451,11.801252181710412,1.0
191,5,10,0.0,-13.777534540641748,18,0.0,10,1.0,0.6500000000000001,45.56099999999999,61.955999999999996,0.7353767189618439,1.0
191,6,10,0.0,-23.66711790881241,200,0.0,0,0.0,10.10000000000001,536.685999999998,44.721000000000004,12.000760269224703,1.0
191,7,10,1.0,9.661372774059487,10,0.9243327749860412,0,0.0,0.75,44.775000000000006,41.387,1.0818614540797837,1.0
191,8,10,0.0,-23.05908695779009,200,0.0,0,0.0,10.000000000000007,594.7600000000016,34.281,17.34955223009835,1.0
191,9,10,1.0,-0.8798394318079659,25,0.6649807494559629,9,0.0,1.0000000000000002,83.634,55.615,1.5038029308639755,1.0
192,0,10,0.0,-23.17510662581841,200,0.0,0,0.0,10.000000000000007,359.05499999999927,33.294,10.784375563164513,1.0
192,1,10,0.0,-12.9,10,0.0,10,1.0,0.0,0.0,43.635999999999996,0.0,1.0
192,2,10,1.0,10.12374436706268,6,0.9636501670209535,0,0.0,0.6000000000000001,32.93,31.733,1.0377209844641224,1.0
192,3,10,1.0,10.343940918411139,5,1.0,0,0.0,0.35,20.971,20.971,1.0,1.0
192,4,10,0.0,-23.431020113486618,200,0.0,0,0.0,10.300000000000013,1023.8979999999945,39.47599999999999,25.937227682642483,1.0
192,5,10,0.0,-14.015853320477278,20,0.0,10,1.0,0.8500000000000001,56.772,49.782000000000004,1.1404121971797034,1.0
192,6,10,0.0,-25.674782313716342,200,0.0,0,0.0,15.100000000000003,777.5629999999986,51.588,15.072555633092941,1.0
192,7,10,0.0,-12.908710944201918,10,0.0,10,1.0,0.0,0.0,52.457,0.0,1.0
192,8,10,1.0,10.09197043169722,7,0.6586942972888752,0,0.0,0.5,38.507999999999996,25.365000000000002,1.518154937906564,1.0
192,9,10,0.0,-13.665150348717555,20,0.0,10,1.0,0.8,42.095,52.477999999999994,0.8021456610389116,1.0
193,0,10,0.0,-13.469991181657846,15,0.0,10,1.0,0.35000000000000003,31.978,35.721000000000004,0.8952156994485037,1.0
193,1,10,0.0,-26.09740116491295,200,0.0,0,0.0,14.900000000000002,429.29599999999834,63.009,6.813248900950631,1.0
193,2,10,0.0,-28.144284247214777,200,0.0,0,0.0,20.05000000000002,1017.6100000000013,64.268,15.833851994771912,1.0
193,3,10,0.0,-25.94659624936323,200,0.0,0,0.0,14.950000000000003,609.0490000000007,62.816,9.695762226184423,1.0
193,4,10,1.0,9.606884767556874,11,0.7644901508563651,0,0.0,0.7000000000000001,52.897999999999996,40.44,1.308061325420376,1.0
193,5,10,1.0,8.894078491335371,15,0.7910362420830401,0,0.0,1.3500000000000003,68.208,53.955,1.2641645815957743,1.0
193,6,10,0.0,-14.79065405046481,25,0.0,10,1.0,0.7500000000000001,72.37500000000001,24.095999999999997,3.0036105577689254,1.0
193,7,10,0.0,-26.104687094046948,200,0.0,0,0.0,16.699999999999996,744.1660000000016,48.497,15.34457801513499,1.0
193,8,10,0.0,-13.415544500812688,15,0.0,10,1.0,0.25,15.833,40.606,0.38991774614588975,1.0
193,9,10,0.0,-22.91296045827032,200,0.0,0,0.0,10.000000000000007,1344.4260000000047,25.137999999999998,53.48182035165903,1.0
194,0,10,1.0,10.394326724701857,5,0.8793751935926369,0,0.0,0.25,22.599,19.873,1.1371710360791023,1.0
194,1,10,1.0,10.133280527532577,7,0.9939938371546457,0,0.0,0.39999999999999997,38.294,38.064,1.0060424548129465,1.0
194,2,10,1.0,10.58484896528705,3,0.9056147510012847,0,0.0,0.25,13.233,11.984000000000002,1.1042222963951935,1.0
194,3,10,1.0,10.229575196426826,6,0.9815360000000001,0,0.0,0.39999999999999997,31.25,30.673000000000002,1.018811332442213,1.0
194,4,10,1.0,10.038941046921838,7,0.8945784231456821,0,0.0,0.6000000000000001,54.818,49.039,1.117844980525704,1.0
194,5,10,0.0,-25.820969154094833,200,0.0,0,0.0,15.000000000000004,727.9010000000019,59.391999999999996,12.255876212284516,1.0
194,6,10,0.0,-26.96796243359131,200,0.0,0,0.0,17.55000000000003,808.7500000000009,37.081,21.810361101372692,1.0
194,7,10,1.0,9.893895449190389,8,0.6728794498829344,0,0.0,0.7,54.242999999999995,36.499,1.4861503054878213,1.0
194,8,10,1.0,8.778102711710346,17,0.7330127813620867,0,0.0,1.2000000000000004,90.053,66.00999999999999,1.3642326920163612,1.0
194,9,10,0.0,-25.828804573804657,200,0.0,0,0.0,14.950000000000003,1122.7039999999965,27.417,40.949192107086716,1.0
195,0,10,1.0,10.219288341596034,6,0.9718682001865092,0,0.0,0.39999999999999997,45.038000000000004,43.77100000000001,1.0289461058691827,1.0
195,1,10,0.0,-23.448405499270457,200,0.0,0,0.0,10.100000000000009,757.8820000000026,48.661,15.574731304330008,1.0
195,2,10,0.0,-13.057429124531957,14,0.0,10,1.0,0.30000000000000004,16.352,39.259,0.4165159581242518,1.0
195,3,10,0.0,-12.869206198923658,14,0.0,10,1.0,0.35,26.91,40.136,0.6704704006378314,1.0
195,4,10,1.0,10.04062048150488,7,0.5116354234001292,0,0.0,0.6000000000000001,27.846000000000004,14.247,1.9545167403663932,1.0
195,5,10,1.0,9.956360176851414,8,0.8156667782901007,0,0.0,0.5499999999999999,38.821,31.665,1.2259908416232432,1.0
195,6,10,0.0,-12.885837121319067,13,0.0,10,1.0,0.15000000000000002,14.43,35.419000000000004,0.4074084530901493,1.0
195,7,10,0.0,-13.081062581229569,13,0.0,10,1.0,0.2,12.364,25.391,0.4869441928242291,1.0
195,8,10,1.0,9.813495927218874,9,0.9248786787726987,0,0.0,0.6500000000000001,51.104000000000006,47.265,1.0812228922035334,1.0
195,9,10,1.0,9.974148327137547,7,1.0,0,0.0,0.7000000000000001,53.8,53.8,1.0,1.0
196,0,10,0.0,-23.472270960623163,200,0.0,0,0.0,10.050000000000008,597.567,60.721,9.841191679978921,1.0
196,1,10,0.0,-25.676960837557225,200,0.0,0,0.0,14.950000000000003,230.76100000000105,33.144,6.962376297369088,1.0
196,2,10,1.0,9.835003914042574,8,0.7116722077455296,0,0.0,0.8,55.645,39.601,1.4051412843110023,1.0
196,3,10,1.0,9.724409447670176,10,0.8342177003212928,0,0.0,0.6500000000000001,41.084,34.272999999999996,1.1987278615820036,1.0
196,4,10,1.0,10.85,1,1.0,0,0.0,0.1,3.685,3.685,1.0,1.0
196,5,10,0.0,-23.23751462994837,200,0.0,0,0.0,10.000000000000007,375.20000000000067,34.86,10.763052208835362,1.0
196,6,10,1.0,10.85,1,1.0,0,0.0,0.1,6.683,6.683,1.0,1.0
196,7,10,0.0,-13.210900412796697,13,0.0,10,1.0,0.25,8.360999999999999,46.51199999999999,0.17976006191950464,1.0
196,8,10,0.0,-12.692543661060801,13,0.0,10,1.0,0.2,14.192,18.552,0.764984907287624,1.0
196,9,10,1.0,10.584795063904805,3,0.8430243358721903,0,0.0,0.25,10.766,9.076,1.1862053768179814,1.0
197,0,10,1.0,10.37332971295578,5,0.9836315769392193,0,0.0,0.3,26.209000000000003,25.78,1.0166408068269976,1.0
197,1,10,1.0,10.108197383609081,7,0.6859329638427026,0,0.0,0.45,34.101,23.391000000000002,1.4578684109272795,1.0
197,2,10,1.0,9.891710024793694,9,0.8575191190937073,0,0.0,0.49999999999999994,63.026,54.046,1.1661547570588018,1.0
197,3,10,0.0,-24.869353584310165,200,0.0,0,0.0,13.950000000000008,1065.0000000000018,17.744,60.020288548241766,1.0
197,4,10,1.0,9.950941462436727,8,0.8855798677377835,0,0.0,0.55,45.062000000000005,39.906000000000006,1.1292036285270386,1.0
197,5,10,1.0,9.776732705238764,9,0.6768926146883356,0,0.0,0.7500000000000001,38.888000000000005,26.323,1.4773392090567186,1.0
197,6,10,1.0,10.875,1,1.0,0,0.0,0.05,2.96,2.96,1.0,1.0
197,7,10,0.0,-25.569558085492787,200,0.0,0,0.0,15.000000000000004,1161.542999999996,51.209,22.682399578199064,1.0
197,8,10,1.0,10.349776745764803,5,0.9365914279934108,0,0.0,0.35000000000000003,34.601,32.407000000000004,1.0677014225321688,1.0
197,9,10,0.0,-23.54799898582625,200,0.0,0,0.0,10.15000000000001,656.9470000000009,40.427,16.250204071536373,1.0
198,0,10,0.0,-25.631296252088923,200,0.0,0,0.0,15.000000000000004,729.9349999999981,20.945,34.85008355216033,1.0
198,1,10,1.0,10.13390760226636,7,0.6080948053914887,0,0.0,0.39999999999999997,26.412,16.061,1.6444804184048316,1.0
198,2,10,0.0,-28.352080340126015,200,0.0,0,0.0,19.90000000000003,720.3460000000005,40.926,17.601182622293905,1.0
198,3,10,1.0,10.605706752411574,3,0.9715511496167945,0,0.0,0.2,24.008000000000003,23.325000000000003,1.0292818863879958,1.0
198,4,10,1.0,9.7209929646141,10,0.5569954217428416,0,0.0,0.65,51.548,28.711999999999996,1.7953468932850378,1.0
198,5,10,1.0,10.137524786241505,7,0.8305379650798148,0,0.0,0.39999999999999997,49.42699999999999,41.051,1.2040388784682465,1.0
198,6,10,0.0,-25.742238652289497,200,0.0,0,0.0,15.000000000000002,1118.7859999999991,34.963,31.999141950061468,1.0
198,7,10,1.0,10.465907058037322,4,0.9361855719717024,0,0.0,0.3,20.779,19.453000000000003,1.0681642934251785,1.0
198,8,10,1.0,10.558914603101133,3,1.0,0,0.0,0.30000000000000004,12.963000000000001,12.963000000000001,1.0,1.0
198,9,10,0.0,-22.972503171392287,200,0.0,0,0.0,10.000000000000007,1658.569999999998,58.33399999999999,28.432303630815618,1.0
199,0,10,1.0,9.400281798058915,13,0.5950871402929766,0,0.0,0.7500000000000001,69.084,41.111,1.680426163313955,1.0
199,1,10,0.0,-22.885574310252473,200,0.0,0,0.0,10.000000000000007,1207.4000000000033,50.417,23.948271416387392,1.0
199,2,10,0.0,-22.888577919127684,200,0.0,0,0.0,10.000000000000007,1226.1999999999994,55.025000000000006,22.284416174466138,1.0
199,3,10,1.0,9.218215134482628,14,0.669892853532801,0,0.0,0.9000000000000001,79.14399999999999,53.018,1.4927760383266058,1.0
199,4,10,1.0,10.608949718045112,3,0.9987679671457905,0,0.0,0.2,17.045,17.024,1.001233552631579,1.0
199,5,10,1.0,9.855270343703301,8,0.9480937660999484,0,0.0,0.7500000000000001,38.81999999999999,36.80499999999999,1.054747996196169,1.0
199,6,10,0.0,-23.423880888316198,200,0.0,0,0.0,10.050000000000008,1030.2260000000017,26.386999999999997,39.04293781028544,1.0
199,7,10,0.0,-13.076519977324738,12,0.0,10,1.0,0.3,8.255,47.62900000000001,0.17331877637573745,1.0
199,8,10,1.0,9.849332294880627,9,0.7366063548102383,0,0.0,0.6000000000000002,45.31999999999999,33.382999999999996,1.357577209957164,1.0
199,9,10,0.0,-12.88911399602009,12,0.0,10,1.0,0.1,11.477,42.211999999999996,0.27188951009191703,1.0
