scenario_id,robot_id,robots,success,reward,steps,spl,collisions,deadlock,cumulative_risk,path_length,shortest_path_length,detour,disruption_applied
0,0,5,0.0,-22.89204382257594,200,0.0,0,0.0,10.000000000000007,3152.4470000000088,48.742,64.67619301629004,1.0
0,1,5,0.0,-25.41354197497649,200,0.0,0,0.0,15.000000000000004,869.3920000000021,59.464,14.620476254540598,1.0
0,2,5,0.0,-13.984982730024107,19,0.0,10,1.0,0.6500000000000001,33.592,58.483000000000004,0.5743891387240736,1.0
0,3,5,0.0,-13.81298702549939,19,0.0,10,1.0,0.8,34.147,62.27600000000001,0.5483171687327381,1.0
0,4,5,0.0,-25.171159762100167,200,0.0,0,0.0,14.950000000000003,1602.2689999999993,48.75999999999999,32.860315832649704,1.0
1,0,5,0.0,-25.23343888730508,200,0.0,0,0.0,15.050000000000002,1594.3149999999994,49.105999999999995,32.466806500223996,1.0
1,1,5,0.0,-25.422548409842857,200,0.0,0,0.0,15.000000000000002,781.5480000000032,55.309,14.130575494042619,1.0
1,2,5,1.0,10.395463480177542,5,0.8087865393538304,0,0.0,0.25,40.949,33.119,1.2364201817687732,1.0
1,3,5,0.0,-22.969177508515223,200,0.0,0,0.0,10.000000000000007,1366.937000000002,35.818,38.16340945893132,1.0
1,4,5,0.0,-25.424762539657817,200,0.0,0,0.0,15.050000000000002,1110.6379999999995,51.376999999999995,21.617416353621262,1.0
2,0,5,0.0,-22.924184053995724,200,0.0,0,0.0,10.000000000000007,1023.1570000000023,32.447,31.533177181249492,1.0
2,1,5,0.0,-23.04227839373381,200,0.0,0,0.0,10.000000000000007,517.1689999999982,36.257999999999996,14.263583209222743,1.0
2,2,5,1.0,10.525203966252066,4,0.4877190005514784,0,0.0,0.2,23.573,11.497,2.0503609637296685,1.0
2,3,5,0.0,-23.180335324272168,200,0.0,0,0.0,10.10000000000001,766.3790000000012,42.526,18.021422188778654,1.0
2,4,5,0.0,-27.895876410468397,200,0.0,0,0.0,20.00000000000003,704.9999999999974,33.854,20.824717906303462,1.0
3,0,5,1.0,9.71950345245306,9,0.6777392817851924,0,0.0,0.8500000000000001,60.900999999999996,41.275,1.4754936402180496,1.0
3,1,5,1.0,10.295469732462088,5,1.0,0,0.0,0.45,24.333,24.333,1.0,1.0
3,2,5,0.0,-24.215307015125614,200,0.0,0,0.0,12.000000000000016,692.4960000000008,54.410999999999994,12.727132381319969,1.0
3,3,5,1.0,9.721190334945698,9,0.6973761675179405,0,0.0,0.8500000000000001,62.846999999999994,43.828,1.4339463356758235,1.0
3,4,5,0.0,-30.632071490367263,200,0.0,0,0.0,25.0,1124.2410000000032,47.391000000000005,23.72266886117624,1.0
4,0,5,0.0,-25.805503789735596,200,0.0,0,0.0,14.950000000000003,1821.3999999999912,26.519,68.6828311776459,1.0
4,1,5,1.0,9.399610835558947,5,0.3471216669609748,1,0.0,0.3,22.651999999999997,7.863,2.880834287167747,1.0
4,2,5,0.0,-24.025831263815796,200,0.0,1,0.0,9.950000000000006,921.603999999995,36.643,25.15088830063027,1.0
4,3,5,0.0,-26.104411537570577,200,0.0,0,0.0,14.900000000000002,929.106999999998,51.79600000000001,17.937813730789983,1.0
4,4,5,1.0,9.748185643083694,9,0.6109825789484091,0,0.0,0.7999999999999999,50.571000000000005,30.898,1.6367078775325266,1.0
5,0,5,0.0,-26.020025403795007,200,0.0,0,0.0,14.900000000000002,846.8109999999955,63.77000000000001,13.279143798024077,1.0
5,1,5,0.0,-22.83043283031247,200,0.0,0,0.0,10.000000000000007,683.769000000003,48.772,14.019703928483617,1.0
5,2,5,1.0,9.240440646499945,6,0.3975600225763035,1,0.0,0.45000000000000007,23.033,9.157,2.5153434530959924,1.0
5,3,5,1.0,9.543329793396408,4,1.0,1,0.0,0.15000000000000002,10.358,10.358,1.0,1.0
5,4,5,1.0,10.054322870708853,6,0.8983975387403031,0,0.0,0.75,52.98100000000001,47.598000000000006,1.1130929871002984,1.0
6,0,5,0.0,-23.683561369481847,200,0.0,0,0.0,10.150000000000011,896.7479999999983,71.15100000000001,12.603449002824952,1.0
6,1,5,1.0,10.276651951672862,5,0.7804170444242974,0,0.0,0.5,22.060000000000002,17.216,1.2813661710037174,1.0
6,2,5,0.0,-25.533536003337495,200,0.0,0,0.0,14.950000000000003,1595.4909999999993,59.925,26.62479766374634,1.0
6,3,5,1.0,9.349868981011427,12,0.7502836396641706,0,0.0,1.05,61.698,46.291,1.3328292756691367,1.0
6,4,5,0.0,-32.97754429336626,200,0.0,0,0.0,30.000000000000004,1418.6930000000027,58.248,24.356080895481437,1.0
7,0,5,0.0,-23.125369473519847,200,0.0,0,0.0,10.000000000000007,1486.2000000000048,51.208,29.02280893610383,1.0
7,1,5,1.0,9.49828737509608,11,0.7981136054291355,0,0.0,0.9,52.163000000000004,41.632,1.252954458109147,1.0
7,2,5,0.0,-25.489702640348707,200,0.0,0,0.0,15.000000000000004,982.207999999997,58.51500000000001,16.785576347944918,1.0
7,3,5,0.0,-13.047358442871586,15,0.0,10,1.0,0.30000000000000004,24.338,31.648,0.7690217391304348,1.0
7,4,5,0.0,-13.489721000139351,15,0.0,10,1.0,0.35000000000000003,14.439999999999998,50.233,0.2874604343758087,1.0
8,0,5,0.0,-22.954937734206407,200,0.0,0,0.0,10.000000000000007,987.2000000000025,52.838,18.683523221923664,1.0
8,1,5,0.0,-25.012316129032275,200,0.0,0,0.0,13.350000000000012,833.2090000000007,71.3,11.685960729312773,1.0
8,2,5,0.0,-25.95591174648142,200,0.0,0,0.0,15.150000000000002,1205.0650000000035,33.891,35.55708005075104,1.0
8,3,5,0.0,-23.028611054086,200,0.0,0,0.0,10.050000000000008,360.5879999999992,63.325,5.69424397947097,1.0
8,4,5,1.0,9.719255409418754,10,0.9834989757984978,0,0.0,0.65,52.724000000000004,51.854,1.016777876345123,1.0
9,0,5,1.0,9.890415978695072,8,0.7466396245923805,0,0.0,0.7000000000000002,50.292,37.550000000000004,1.339334221038615,1.0
9,1,5,0.0,-25.43270062174672,200,0.0,0,0.0,13.500000000000012,1395.8899999999999,27.664,50.45871891266627,1.0
9,2,5,1.0,9.92772459041851,8,0.8740117403549251,0,0.0,0.6000000000000001,58.942,51.516,1.1441493904806275,1.0
9,3,5,0.0,-25.396773766732178,200,0.0,0,0.0,15.000000000000002,936.200000000003,45.346999999999994,20.645246653582443,1.0
9,4,5,1.0,10.119670289614952,6,0.8698334005879979,0,0.0,0.6000000000000001,34.694,30.178,1.1496454370733649,1.0
10,0,5,0.0,-27.114397928170845,200,0.0,0,0.0,17.45000000000003,795.3770000000001,46.721999999999994,17.023607722272168,1.0
10,1,5,0.0,-23.526752683836403,200,0.0,0,0.0,10.100000000000009,978.7190000000033,39.682,24.664054231137627,1.0
10,2,5,0.0,-30.380423346955858,200,0.0,0,0.0,23.250000000000018,868.8230000000004,19.086000000000002,45.52148171434561,1.0
10,3,5,1.0,10.16468210039948,6,0.8059504645163794,0,0.0,0.5,51.559,41.554,1.2407710449054241,1.0
10,4,5,0.0,-25.4226236088305,200,0.0,0,0.0,15.000000000000004,935.762000000003,54.81,17.072833424557615,1.0
11,0,5,0.0,-24.88876936585363,200,0.0,0,0.0,13.300000000000013,1235.6350000000014,51.25,24.109951219512222,1.0
11,1,5,0.0,-25.50361622133576,200,0.0,0,0.0,15.000000000000004,1243.6849999999984,34.842999999999996,35.69397009442351,1.0
11,2,5,0.0,-25.967812952977354,200,0.0,0,0.0,15.000000000000002,415.985999999998,34.494,12.059662550008639,1.0
11,3,5,0.0,-25.487005268568478,200,0.0,0,0.0,15.000000000000002,1037.6899999999973,62.25599999999999,16.668112310459996,1.0
11,4,5,0.0,-25.518905957896383,200,0.0,0,0.0,15.000000000000002,1291.4079999999967,61.51499999999999,20.993383727546075,1.0
12,0,5,1.0,10.00547452154052,7,0.8753533264391589,0,0.0,0.6500000000000001,29.009999999999998,25.394,1.142395841537371,1.0
12,1,5,0.0,-25.896702037729064,200,0.0,0,0.0,14.900000000000002,651.8399999999968,44.952000000000005,14.500800854244456,1.0
12,2,5,0.0,-23.380432351570736,200,0.0,0,0.0,10.000000000000007,881.5909999999959,40.77700000000001,21.61981018711518,1.0
12,3,5,1.0,10.373082578094872,5,0.9496429225416592,0,0.0,0.3,43.687999999999995,41.488,1.0530273814114923,1.0
12,4,5,0.0,-23.238987651852188,200,0.0,0,0.0,10.050000000000008,729.7330000000021,40.006,18.240588911663302,1.0
13,0,5,0.0,-13.026630523346913,17,0.0,10,1.0,0.4,46.299,15.955,2.9018489501723597,1.0
13,1,5,0.0,-24.295328912466836,200,0.0,0,0.0,12.550000000000015,655.6509999999993,50.894999999999996,12.882424599665965,1.0
13,2,5,1.0,10.236001639694873,6,0.7607658097407529,0,0.0,0.4,36.876,28.054000000000002,1.3144649604334495,1.0
13,3,5,1.0,10.468767497034401,4,0.47250714646040026,0,0.0,0.3,17.840999999999998,8.43,2.1163701067615657,1.0
13,4,5,0.0,-13.593167251220688,17,0.0,10,1.0,0.45,35.586999999999996,43.623000000000005,0.8157852508997545,1.0
14,0,5,0.0,-27.782356213923162,200,0.0,0,0.0,20.00000000000003,1251.8000000000025,28.758000000000003,43.52875721538363,1.0
14,1,5,1.0,10.219886512590548,6,1.0,0,0.0,0.39999999999999997,28.990000000000002,28.990000000000002,1.0,1.0
14,2,5,0.0,-24.613056063774184,200,0.0,0,0.0,13.300000000000013,978.9870000000001,45.912000000000006,21.323118139048614,1.0
14,3,5,1.0,10.189892734667836,6,0.4535146572146771,0,0.0,0.5,55.297,25.078,2.2050003987558817,1.0
14,4,5,0.0,-25.49535731000105,200,0.0,0,0.0,15.050000000000002,598.8479999999997,49.145,12.185329128090338,1.0
15,0,5,0.0,-22.939678320266445,200,0.0,0,0.0,10.000000000000007,894.3600000000009,29.719,30.093879336451458,1.0
15,1,5,1.0,10.055887153182558,7,0.7242241059065888,0,0.0,0.5499999999999999,59.222,42.89,1.3807880624854278,1.0
15,2,5,0.0,-27.11416664915184,200,0.0,0,0.0,20.050000000000026,988.1659999999999,47.57899999999999,20.768952689211627,1.0
15,3,5,0.0,-23.05008334596152,200,0.0,0,0.0,10.000000000000007,834.2000000000032,52.792,15.80163661160788,1.0
15,4,5,0.0,-27.4748446355461,200,0.0,0,0.0,19.65000000000003,800.4260000000004,55.93299999999999,14.31044285126849,1.0
16,0,5,0.0,-29.866361367670844,200,0.0,0,0.0,24.000000000000014,1131.4399999999991,38.86899999999999,29.109058632843638,1.0
16,1,5,0.0,-24.19645158321065,200,0.0,0,0.0,12.500000000000016,708.2499999999987,21.727999999999998,32.59618924889538,1.0
16,2,5,0.0,-25.671191841937627,200,0.0,0,0.0,15.000000000000002,858.2859999999956,31.38,27.351370299553718,1.0
16,3,5,0.0,-25.64878189086408,200,0.0,0,0.0,15.000000000000002,1128.600000000002,30.769000000000002,36.6797750983133,1.0
16,4,5,0.0,-23.6680240360115,200,0.0,0,0.0,10.050000000000008,873.4689999999994,47.096000000000004,18.546564464073366,1.0
17,0,5,0.0,-23.440303590600024,200,0.0,0,0.0,10.350000000000012,462.15900000000016,41.915,11.026100441369442,1.0
17,1,5,1.0,9.612379125095933,10,0.9581801323656358,0,0.0,0.8500000000000001,62.554,59.93799999999999,1.0436450999366014,1.0
17,2,5,1.0,9.905729337173403,8,0.8684456760355563,0,0.0,0.65,55.574,48.263000000000005,1.15148250212378,1.0
17,3,5,0.0,-23.072742337610567,200,0.0,0,0.0,10.000000000000007,954.0520000000026,60.164,15.857522771092391,1.0
17,4,5,0.0,-32.91838137594629,200,0.0,0,0.0,29.650000000000006,1073.114999999998,45.306999999999995,23.68541285011142,1.0
18,0,5,0.0,-25.453843874981523,200,0.0,0,0.0,15.000000000000002,784.4000000000033,33.755,23.23803880906542,1.0
18,1,5,1.0,10.642439599117104,3,0.833855643436303,0,0.0,0.15000000000000002,20.103,16.763,1.1992483445683946,1.0
18,2,5,1.0,10.563852971359267,3,0.7016429927341756,0,0.0,0.30000000000000004,15.277,10.719000000000001,1.4252262337904653,1.0
18,3,5,1.0,10.17868603475223,6,0.8907104720102198,0,0.0,0.5,61.05800000000001,54.385000000000005,1.1226992736967913,1.0
18,4,5,0.0,-22.940456713361773,200,0.0,0,0.0,10.000000000000007,610.9269999999984,40.047,15.255250081154605,1.0
19,0,5,0.0,-23.331325435668457,200,0.0,0,0.0,10.050000000000008,624.5189999999991,48.83299999999999,12.788872278991649,1.0
19,1,5,1.0,9.932998516005934,7,0.77009730294521,0,0.0,0.8,30.626,23.585,1.2985372058511766,1.0
19,2,5,1.0,10.366847617774212,5,0.7561419472247498,0,0.0,0.3,29.673,22.437,1.3225030084235858,1.0
19,3,5,0.0,-22.913449318550324,200,0.0,0,0.0,10.000000000000007,984.0719999999945,22.819,43.125115035715616,1.0
19,4,5,0.0,-25.486103945241357,200,0.0,0,0.0,15.000000000000002,637.4000000000018,29.073,21.924122037629477,1.0
20,0,5,1.0,10.753912980734542,2,1.0,0,0.0,0.1,13.859,13.859,1.0,1.0
20,1,5,1.0,10.85,1,1.0,0,0.0,0.1,6.889,6.889,1.0,1.0
20,2,5,0.0,-13.080129822262268,11,0.0,10,1.0,0.1,2.236,48.836,0.045785895650749454,1.0
20,3,5,0.0,-12.928929663321767,11,0.0,10,1.0,0.05,5.156,53.315,0.09670824345868892,1.0
20,4,5,0.0,-25.73415379187846,200,0.0,0,0.0,15.050000000000002,741.015999999998,41.101,18.02914770930143,1.0
21,0,5,0.0,-28.548921061509038,200,0.0,0,0.0,19.950000000000017,1333.4649999999988,26.679,49.981820907830084,1.0
21,1,5,1.0,9.92614040756973,7,1.0,0,0.0,0.8,49.513000000000005,49.513000000000005,1.0,1.0
21,2,5,1.0,9.790573657835198,9,0.9445376472937886,0,0.0,0.7000000000000001,50.07,47.293,1.0587190493307679,1.0
21,3,5,1.0,10.367033657033657,5,1.0,0,0.0,0.3,25.641,25.641,1.0,1.0
21,4,5,0.0,-28.075452696033942,200,0.0,0,0.0,20.000000000000014,2253.3460000000077,49.647,45.3873547243541,1.0
22,0,5,1.0,10.640599954070503,3,0.635461510397665,0,0.0,0.15000000000000002,13.705000000000002,8.709,1.5736594327706972,1.0
22,1,5,0.0,-12.899999999999999,10,0.0,10,1.0,0.0,0.0,62.199,0.0,1.0
22,2,5,0.0,-25.57347342546241,200,0.0,0,0.0,15.000000000000002,549.9410000000014,33.358999999999995,16.48553613717442,1.0
22,3,5,1.0,10.340557752704433,5,1.0,0,0.0,0.35,25.791,25.791,1.0,1.0
22,4,5,0.0,-12.9,10,0.0,10,1.0,0.0,0.0,52.147,0.0,1.0
23,0,5,0.0,-25.43497751790872,200,0.0,0,0.0,15.000000000000002,780.5240000000032,58.491,13.34434357422515,1.0
23,1,5,0.0,-25.71200527944661,200,0.0,0,0.0,14.950000000000003,898.3320000000008,38.451,23.36303347117112,1.0
23,2,5,0.0,-25.36424466423734,200,0.0,0,0.0,14.950000000000003,1364.0569999999962,38.419999999999995,35.503826132222706,1.0
23,3,5,0.0,-25.340616158440664,200,0.0,0,0.0,15.000000000000004,912.5999999999981,28.629,31.87676831185155,1.0
23,4,5,0.0,-23.064425508006398,200,0.0,0,0.0,10.000000000000007,405.1870000000001,32.037000000000006,12.647470112682212,1.0
24,0,5,0.0,-23.11133790523683,200,0.0,0,0.0,10.000000000000007,1096.5540000000003,48.120000000000005,22.787905236907736,1.0
24,1,5,0.0,-24.778917016083565,200,0.0,0,0.0,13.350000000000012,850.8579999999995,31.958000000000002,26.624256837098674,1.0
24,2,5,0.0,-25.613021449780977,200,0.0,0,0.0,15.000000000000002,405.4849999999989,48.159,8.419713864490518,1.0
24,3,5,0.0,-33.43364651072503,200,0.0,0,0.0,30.000000000000004,1188.2959999999964,41.211999999999996,28.833737746287404,1.0
24,4,5,0.0,-22.817794547224832,200,0.0,0,0.0,10.000000000000007,898.1999999999975,24.648000000000003,36.441090555014505,1.0
25,0,5,0.0,-22.99634975428873,200,0.0,0,0.0,10.000000000000007,1455.0009999999947,66.33800000000001,21.93314540685572,1.0
25,1,5,1.0,10.102454963819675,6,0.9132105728821056,0,0.0,0.65,36.168,33.028999999999996,1.0950376941475675,1.0
25,2,5,0.0,-12.843697686421473,12,0.0,10,1.0,0.1,14.414,44.563,0.3234521912797612,1.0
25,3,5,1.0,9.13828953851207,14,0.651639399087662,0,0.0,1.05,74.753,48.711999999999996,1.5345910658564625,1.0
25,4,5,0.0,-13.171747287924594,12,0.0,10,1.0,0.1,8.009,22.492,0.3560821625466833,1.0
26,0,5,0.0,-14.214205097792972,25,0.0,10,1.0,1.05,112.385,42.999,2.6136654340798624,1.0
26,1,5,1.0,10.348954134815843,5,0.9622619566797501,0,0.0,0.35,34.394999999999996,33.097,1.0392180560171616,1.0
26,2,5,0.0,-23.550274588892332,200,0.0,0,0.0,10.050000000000008,813.1980000000041,48.345000000000006,16.820726031647617,1.0
26,3,5,1.0,10.026784252641866,6,0.9647308406258286,0,0.0,0.7999999999999999,33.939,32.742,1.0365585486531061,1.0
26,4,5,0.0,-14.76503896973756,25,0.0,10,1.0,1.1000000000000003,69.50600000000001,65.69200000000001,1.0580588199476346,1.0
27,0,5,0.0,-25.82465399226232,200,0.0,0,0.0,15.100000000000003,872.0439999999961,57.123000000000005,15.266074961048895,1.0
27,1,5,0.0,-25.857097756481952,200,0.0,0,0.0,15.000000000000004,1453.2070000000017,44.662,32.53788455510281,1.0
27,2,5,1.0,10.75569707617016,2,1.0,0,0.0,0.1,7.968999999999999,7.968999999999999,1.0,1.0
27,3,5,0.0,-25.649545390114003,200,0.0,0,0.0,15.000000000000004,966.5650000000041,49.383,19.572828706235022,1.0
27,4,5,1.0,10.438839537741176,4,0.9491883372734439,0,0.0,0.35000000000000003,31.724999999999998,30.113000000000003,1.0535316972736026,1.0
28,0,5,0.0,-25.654950366104273,200,0.0,0,0.0,15.000000000000004,1730.6090000000015,34.553,50.08563655833073,1.0
28,1,5,0.0,-24.721144703919908,200,0.0,0,0.0,13.350000000000012,708.0280000000006,57.55199999999999,12.302404781762592,1.0
28,2,5,1.0,10.489190033347423,4,0.7675474963048415,0,0.0,0.25,27.738999999999997,21.290999999999997,1.3028509698933823,1.0
28,3,5,0.0,-22.993087483142013,200,0.0,0,0.0,10.050000000000008,1114.1999999999987,39.299,28.351866459706322,1.0
28,4,5,0.0,-22.996591099388773,200,0.0,0,0.0,10.000000000000007,744.7380000000023,47.772,15.589424767646369,1.0
29,0,5,1.0,10.31700149690565,5,0.9137660004491355,0,0.0,0.39999999999999997,48.983,44.759,1.0943720815925289,1.0
29,1,5,0.0,-25.52858787413661,200,0.0,0,0.0,15.000000000000004,1028.4220000000025,52.12,19.731811204911793,1.0
29,2,5,1.0,10.755774770085026,2,1.0,0,0.0,0.1,11.526,11.526,1.0,1.0
29,3,5,0.0,-25.646499368775515,200,0.0,0,0.0,15.000000000000004,1129.7300000000018,35.644999999999996,31.693926216860763,1.0
29,4,5,0.0,-27.248859043762156,200,0.0,0,0.0,17.35000000000003,790.0260000000001,48.398,16.323525765527503,1.0
30,0,5,0.0,-23.770193596963477,200,0.0,0,0.0,10.15000000000001,533.7249999999972,48.477000000000004,11.009860346143473,1.0
30,1,5,0.0,-23.039615581928285,200,0.0,0,0.0,10.000000000000007,1206.345999999998,58.478,20.629057081295496,1.0
30,2,5,1.0,10.032677029360968,6,0.49724831744251263,0,0.0,0.8,57.056000000000004,28.371000000000002,2.0110676394910296,1.0
30,3,5,0.0,-25.274339867163548,200,0.0,0,0.0,15.000000000000002,1289.9179999999944,24.692,52.24032075166023,1.0
30,4,5,1.0,10.318998538011696,5,0.9028300788074071,0,0.0,0.39999999999999997,25.759,23.256,1.107628138974888,1.0
31,0,5,0.0,-24.866616477272792,200,0.0,0,0.0,15.000000000000002,1071.0000000000025,10.559999999999999,101.42045454545479,1.0
31,1,5,1.0,10.438810173133342,4,1.0,0,0.0,0.35000000000000003,24.201,24.201,1.0,1.0
31,2,5,1.0,9.867675421174381,8,0.762027705566041,0,0.0,0.75,56.162000000000006,42.797000000000004,1.3122882445031194,1.0
31,3,5,1.0,10.536226140103432,3,0.868624167925838,0,0.0,0.35000000000000003,24.487000000000002,21.269999999999996,1.15124588622473,1.0
31,4,5,0.0,-23.250724627736258,200,0.0,0,0.0,10.250000000000012,798.6280000000039,58.291999999999994,13.700473478350442,1.0
32,0,5,0.0,-22.65929826117817,200,0.0,0,0.0,10.000000000000007,914.462999999998,22.544,40.563475869410844,1.0
32,1,5,0.0,-25.595794746716713,200,0.0,0,0.0,15.000000000000002,940.3900000000017,26.650000000000002,35.286679174484114,1.0
32,2,5,1.0,9.663453563714903,9,0.8071514353232865,0,0.0,0.9500000000000002,51.626000000000005,41.669999999999995,1.2389248860091195,1.0
32,3,5,1.0,9.126079208977254,14,0.7240198287516898,0,0.0,1.1000000000000003,77.665,56.230999999999995,1.3811776422258188,1.0
32,4,5,0.0,-23.619960327976194,200,0.0,0,0.0,10.250000000000012,843.0170000000003,64.15100000000001,13.141135757821392,1.0
33,0,5,0.0,-24.71229963610547,200,0.0,0,0.0,13.350000000000012,531.8959999999996,22.534,23.60415372326261,1.0
33,1,5,1.0,9.821507633587785,9,0.7647584440340741,0,0.0,0.65,67.148,51.352000000000004,1.307602430285091,1.0
33,2,5,0.0,-25.374657080692394,200,0.0,0,0.0,15.000000000000004,604.7879999999994,21.142000000000003,28.6059975404408,1.0
33,3,5,0.0,-23.4807519677357,200,0.0,0,0.0,10.10000000000001,940.1419999999986,61.492000000000004,15.288850582189529,1.0
33,4,5,0.0,-25.606770709425682,200,0.0,0,0.0,15.000000000000002,897.6000000000048,42.034,21.354141885140717,1.0
34,0,5,1.0,10.469428397894452,4,0.838216992872497,0,0.0,0.3,35.356,29.636000000000003,1.193008503171818,1.0
34,1,5,1.0,10.765183558205209,2,0.37388549976536833,0,0.0,0.1,8.524000000000001,3.187,2.6746156259805463,1.0
34,2,5,0.0,-27.817678437265172,200,0.0,0,0.0,24.900000000000002,1118.3190000000013,22.627,49.42409510761486,1.0
34,3,5,0.0,-25.498710411530446,200,0.0,0,0.0,15.000000000000002,753.2800000000001,52.73,14.285605916935333,1.0
34,4,5,1.0,10.414299817431875,4,0.9454975545823611,0,0.0,0.4,31.282999999999998,29.578,1.0576441950098046,1.0
35,0,5,0.0,-12.897099638030372,11,0.0,10,1.0,0.05,6.185,46.689,0.13247231681980765,1.0
35,1,5,1.0,10.73558097890967,2,0.37591623036649213,0,0.0,0.15000000000000002,6.685,2.513,2.66016713091922,1.0
35,2,5,1.0,10.730889724310776,2,1.0,0,0.0,0.15000000000000002,9.576,9.576,1.0,1.0
35,3,5,0.0,-25.4206582727733,200,0.0,0,0.0,15.050000000000002,954.1159999999985,47.336000000000006,20.15624471860737,1.0
35,4,5,0.0,-12.859067030945683,11,0.0,10,1.0,0.05,8.488,36.968,0.2296039818221164,1.0
36,0,5,1.0,10.587002399680042,3,1.0,0,0.0,0.25,15.002,15.002,1.0,1.0
36,1,5,1.0,10.730584399903405,2,0.9415643474306503,0,0.0,0.15000000000000002,8.796,8.282,1.0620623037913546,1.0
36,2,5,1.0,9.542205167903475,11,0.8020982764158014,0,0.0,0.8500000000000001,46.705,37.462,1.24673001975335,1.0
36,3,5,0.0,-25.162731707317,200,0.0,0,0.0,15.000000000000002,1345.4000000000017,20.705000000000002,64.97947355711189,1.0
36,4,5,0.0,-24.539765891211964,200,0.0,0,0.0,13.350000000000012,911.9689999999982,23.771,38.36477220142182,1.0
37,0,5,0.0,-22.982118840934106,200,0.0,0,0.0,10.000000000000007,661.0030000000016,65.432,10.10213656926277,1.0
37,1,5,0.0,-25.23319074831765,200,0.0,0,0.0,15.000000000000002,1601.0949999999993,29.573,54.14043215094848,1.0
37,2,5,0.0,-25.80718633562942,200,0.0,0,0.0,14.950000000000003,893.1809999999972,55.019,16.234046420327473,1.0
37,3,5,1.0,10.343870552801656,4,0.6849909739534085,0,0.0,0.55,23.266,15.937,1.4598732509255192,1.0
37,4,5,1.0,10.341452733589321,5,0.7957995828685067,0,0.0,0.35,20.616999999999997,16.407,1.2565977936246722,1.0
38,0,5,0.0,-25.650736423396648,200,0.0,0,0.0,15.050000000000002,760.3259999999987,50.657,15.009297826558988,1.0
38,1,5,0.0,-23.18890382009748,200,0.0,0,0.0,10.050000000000008,910.2479999999979,49.449,18.407814111508785,1.0
38,2,5,0.0,-25.408618838457745,200,0.0,0,0.0,15.000000000000002,936.200000000003,51.225,18.276232308443202,1.0
38,3,5,0.0,-24.22933702541782,200,0.0,0,0.0,11.950000000000015,777.6949999999991,62.476,12.447899993597527,1.0
38,4,5,1.0,9.663608358196498,8,0.8567164179104477,0,0.0,1.15,55.94500000000001,47.929,1.167247386759582,1.0
39,0,5,0.0,-13.128916625062406,13,0.0,10,1.0,0.2,13.961,18.027,0.7744494369556776,1.0
39,1,5,1.0,10.357824918495021,5,0.4470574332309147,0,0.0,0.35,25.386,11.349,2.2368490615913297,1.0
39,2,5,0.0,-22.940783091498297,200,0.0,0,0.0,10.000000000000007,760.5999999999996,48.449000000000005,15.69898243513797,1.0
39,3,5,1.0,10.592051282051282,3,0.8205504587155963,0,0.0,0.25,16.35,13.416,1.2186940966010733,1.0
39,4,5,0.0,-28.059225869765996,200,0.0,0,0.0,20.000000000000014,911.400000000002,51.96799999999999,17.537715517241423,1.0
40,0,5,0.0,-26.984877436972084,200,0.0,0,0.0,17.500000000000036,646.9449999999997,62.98800000000001,10.27092462056264,1.0
40,1,5,0.0,-23.11672590350846,200,0.0,0,0.0,10.000000000000007,823.5169999999977,28.417,28.979730443044573,1.0
40,2,5,0.0,-25.408513120981222,200,0.0,0,0.0,15.000000000000004,736.9999999999969,40.278999999999996,18.297375803768638,1.0
40,3,5,0.0,-35.49529802119425,200,0.0,0,0.0,34.54999999999991,1054.4129999999952,58.318,18.080403991906362,1.0
40,4,5,0.0,-25.384784501037927,200,0.0,0,0.0,15.000000000000002,1032.4000000000026,44.803,23.043099792424673,1.0
41,0,5,0.0,-28.062319090060775,200,0.0,0,0.0,19.950000000000017,2238.392000000008,62.15800000000001,36.01132597573937,1.0
41,1,5,1.0,10.204474475752674,6,1.0,0,0.0,0.44999999999999996,35.241,35.241,1.0,1.0
41,2,5,0.0,-23.214723015873016,200,0.0,0,0.0,10.15000000000001,1652.105999999998,37.800000000000004,43.706507936507876,1.0
41,3,5,0.0,-22.930551151921957,200,0.0,0,0.0,10.000000000000007,899.3270000000025,48.571000000000005,18.51571925634643,1.0
41,4,5,0.0,-23.36763045409132,200,0.0,0,0.0,10.100000000000009,992.9249999999975,36.028,27.5598145886532,1.0
42,0,5,0.0,-25.686181180083356,200,0.0,0,0.0,15.000000000000002,2002.8659999999957,45.58999999999999,43.93213423996482,1.0
42,1,5,0.0,-23.43478463028732,200,0.0,0,0.0,10.200000000000012,302.3860000000009,46.455000000000005,6.509223980195906,1.0
42,2,5,0.0,-25.622825880716057,200,0.0,0,0.0,15.000000000000004,1027.4920000000025,47.43300000000001,21.66196529842098,1.0
42,3,5,0.0,-25.686725272680683,200,0.0,0,0.0,15.000000000000004,1605.7999999999995,42.998999999999995,37.345054536152,1.0
42,4,5,0.0,-22.89175021240445,200,0.0,0,0.0,10.000000000000007,822.0000000000023,5.885,139.6771452846223,1.0
43,0,5,0.0,-23.32397629646989,200,0.0,0,0.0,10.000000000000007,645.8119999999992,51.21600000000001,12.609575132770992,1.0
43,1,5,0.0,-28.098263335770863,200,0.0,0,0.0,20.00000000000003,941.8719999999986,50.59700000000001,18.6151748127359,1.0
43,2,5,0.0,-25.819037564742892,200,0.0,0,0.0,15.050000000000002,670.0049999999995,54.25299999999999,12.349639651263518,1.0
43,3,5,1.0,10.459675250187889,4,0.7801573831198891,0,0.0,0.3,32.404999999999994,25.281000000000002,1.281792650607175,1.0
43,4,5,0.0,-30.206522103970595,200,0.0,0,0.0,23.250000000000014,782.297000000001,48.86,16.01099058534591,1.0
44,0,5,0.0,-25.508657033038595,200,0.0,0,0.0,15.100000000000003,1039.7509999999975,47.611000000000004,21.83846170002725,1.0
44,1,5,1.0,10.204708707990015,6,0.8193456216034513,0,0.0,0.45,35.698,29.249000000000002,1.2204861704673664,1.0
44,2,5,1.0,9.598539744723873,11,0.6934030465452528,0,0.0,0.75,68.471,47.478,1.4421626858755634,1.0
44,3,5,1.0,10.489997608418367,4,0.9003409294814284,0,0.0,0.25,27.865,25.088,1.110690369897959,1.0
44,4,5,1.0,9.712334312201302,9,0.7639050781851372,0,0.0,0.8500000000000001,45.469,34.734,1.3090631657741694,1.0
45,0,5,0.0,-25.692955959368714,200,0.0,0,0.0,15.100000000000003,1166.4810000000014,56.902,20.499824259252772,1.0
45,1,5,0.0,-25.623290881304104,200,0.0,0,0.0,15.000000000000004,918.411999999998,43.186,21.26642893530306,1.0
45,2,5,0.0,-24.79523398773348,200,0.0,0,0.0,13.300000000000013,717.569999999998,35.706999999999994,20.096059596157563,1.0
45,3,5,1.0,9.61040775328483,9,0.8328283970156003,0,0.0,1.05,44.23,36.836,1.200727549136714,1.0
45,4,5,0.0,-25.96861831171723,200,0.0,0,0.0,14.950000000000003,956.4849999999985,58.367000000000004,16.387427827368178,1.0
46,0,5,1.0,10.439977628635347,4,0.7105263157894737,0,0.0,0.35,22.648000000000003,16.092000000000002,1.4074074074074074,1.0
46,1,5,0.0,-22.95915186207209,200,0.0,0,0.0,10.000000000000007,638.4000000000012,43.849000000000004,14.559054938539104,1.0
46,2,5,0.0,-25.827251308419765,200,0.0,0,0.0,15.000000000000002,981.7879999999972,54.455,18.029345331007203,1.0
46,3,5,0.0,-25.731482737110422,200,0.0,0,0.0,15.000000000000002,1113.9069999999979,36.870999999999995,30.210924574869086,1.0
46,4,5,0.0,-23.464090920848424,200,0.0,0,0.0,10.250000000000012,816.1430000000041,77.32,10.555393171236474,1.0
47,0,5,0.0,-25.434140695573728,200,0.0,0,0.0,15.000000000000004,492.3999999999985,35.424,13.90018066847331,1.0
47,1,5,1.0,10.730049449784092,2,1.0,0,0.0,0.15000000000000002,14.358,14.358,1.0,1.0
47,2,5,0.0,-22.998161469980072,200,0.0,0,0.0,10.000000000000007,912.2400000000035,47.402,19.244757605164413,1.0
47,3,5,0.0,-29.700268833276475,200,0.0,0,0.0,23.40000000000002,1384.423000000001,46.832,29.561475059788197,1.0
47,4,5,0.0,-24.44925862621515,200,0.0,0,0.0,12.500000000000014,1907.9169999999995,46.805,40.763102232667435,1.0
48,0,5,1.0,9.633277104712223,10,0.5798407960199005,0,0.0,0.8500000000000001,50.25000000000001,29.137000000000004,1.724611318941552,1.0
48,1,5,1.0,10.359417594654788,5,0.5730695596681558,0,0.0,0.35000000000000003,15.67,8.98,1.7449888641425388,1.0
48,2,5,0.0,-25.438322350996934,200,0.0,0,0.0,15.000000000000004,1449.3120000000026,47.196999999999996,30.707714473377603,1.0
48,3,5,1.0,9.297244479135605,13,0.5785862891358401,0,0.0,0.9500000000000001,98.53499999999998,57.010999999999996,1.7283506691691075,1.0
48,4,5,0.0,-25.60482438481404,200,0.0,0,0.0,15.000000000000004,628.4900000000005,42.223,14.8850152760344,1.0
49,0,5,1.0,10.491806616579328,4,1.0,0,0.0,0.25,15.839,15.839,1.0,1.0
49,1,5,0.0,-24.741471256839038,200,0.0,0,0.0,13.350000000000014,713.5230000000009,51.908,13.745915851121232,1.0
49,2,5,1.0,10.240966089803555,6,0.95244459293908,0,0.0,0.35,44.895,42.76,1.049929840972872,1.0
49,3,5,0.0,-28.162659422069385,200,0.0,0,0.0,20.05000000000002,1681.0450000000012,48.864,34.40252537655537,1.0
49,4,5,1.0,10.057770642757617,7,0.8692927484333035,0,0.0,0.5499999999999999,37.978,33.014,1.1503604531410916,1.0
50,0,5,0.0,-23.219518337333128,200,0.0,0,0.0,10.10000000000001,685.0230000000034,65.004,10.53816688203808,1.0
50,1,5,0.0,-22.998182680151768,200,0.0,0,0.0,10.000000000000007,1659.674999999998,63.279999999999994,26.22748103666242,1.0
50,2,5,1.0,10.096846462757178,6,0.9847770735142749,0,0.0,0.65,36.918,36.356,1.0154582462317086,1.0
50,3,5,0.0,-23.27156382316318,200,0.0,0,0.0,10.150000000000011,692.1319999999976,32.120000000000005,21.54831880448311,1.0
50,4,5,1.0,10.875,1,1.0,0,0.0,0.05,2.973,2.973,1.0,1.0
51,0,5,1.0,9.981385296985628,8,0.915093790615119,0,0.0,0.5,51.551,47.174,1.092784160766524,1.0
51,1,5,1.0,10.32329339439182,5,0.9117478837794556,0,0.0,0.39999999999999997,34.967999999999996,31.882,1.0967944294586285,1.0
51,2,5,1.0,10.4903835946924,4,1.0,0,0.0,0.25,16.580000000000002,16.580000000000002,1.0,1.0
51,3,5,0.0,-12.782389000878686,11,0.0,10,1.0,0.1,5.6,19.346999999999998,0.2894505608104616,1.0
51,4,5,0.0,-13.193492444231229,11,0.0,10,1.0,0.1,3.27,8.338000000000001,0.3921803789877668,1.0
52,0,5,0.0,-13.619254603125487,15,0.0,10,1.0,0.25,37.992,51.704,0.734798081386353,1.0
52,1,5,1.0,10.47109400364012,4,0.580016548261006,0,0.0,0.30000000000000004,35.049,20.329,1.7240887402233263,1.0
52,2,5,1.0,9.102446389765877,14,0.8190687286954479,0,0.0,1.1500000000000001,59.553,48.778000000000006,1.2208987658370576,1.0
52,3,5,0.0,-25.51715351627863,200,0.0,0,0.0,15.000000000000002,501.19999999999726,52.001,9.638276186996352,1.0
52,4,5,1.0,10.611546834979876,3,0.9036951310242207,0,0.0,0.2,24.194000000000003,21.863999999999997,1.106567874130992,1.0
53,0,5,0.0,-25.428826048470004,200,0.0,0,0.0,15.000000000000004,1022.3430000000022,41.799,24.45855163999144,1.0
53,1,5,0.0,-25.363440267280815,200,0.0,0,0.0,15.000000000000004,1054.9999999999975,30.829,34.221025657659915,1.0
53,2,5,1.0,10.345217519801395,5,0.8373865698729583,0,0.0,0.35,30.305,25.377000000000002,1.1941915908105765,1.0
53,3,5,1.0,10.169430555113221,6,0.7161527232916703,0,0.0,0.5,43.844,31.398999999999997,1.3963502022357401,1.0
53,4,5,0.0,-25.73423188867162,200,0.0,0,0.0,14.950000000000003,506.67099999999715,43.977999999999994,11.521010505252564,1.0
54,0,5,1.0,9.951638215495622,8,0.8114746782341704,0,0.0,0.5500000000000002,56.019000000000005,45.458,1.2323243433499056,1.0
54,1,5,0.0,-25.889573924731096,200,0.0,0,0.0,14.950000000000003,1107.0319999999977,29.759999999999998,37.19865591397842,1.0
54,2,5,1.0,10.204667398807656,6,0.9454167902699495,0,0.0,0.45,23.597,22.309,1.0577345465955443,1.0
54,3,5,1.0,10.06858462983119,6,0.8986077017490027,0,0.0,0.7,52.144,46.857,1.1128326610751862,1.0
54,4,5,1.0,10.20392992253648,6,1.0,0,0.0,0.45,27.755000000000003,27.755000000000003,1.0,1.0
55,0,5,0.0,-27.02282939114552,200,0.0,0,0.0,17.45000000000003,785.5470000000001,33.949,23.13903207752806,1.0
55,1,5,0.0,-27.365442985753315,200,0.0,0,0.0,19.850000000000023,832.7630000000001,54.539,15.269128513540771,1.0
55,2,5,0.0,-22.955245661545312,200,0.0,0,0.0,10.000000000000007,521.7600000000011,36.188,14.418039128993067,1.0
55,3,5,0.0,-25.616986266301218,200,0.0,0,0.0,15.000000000000004,950.6779999999966,66.40599999999999,14.316146131373621,1.0
55,4,5,0.0,-26.579615384615245,200,0.0,0,0.0,19.95000000000003,944.2669999999987,33.969,27.797903971267882,1.0
56,0,5,0.0,-27.12618907686492,200,0.0,0,0.0,17.45000000000003,792.384,47.642,16.632047353175768,1.0
56,1,5,0.0,-23.38733508887423,200,0.0,0,0.0,10.000000000000007,893.1249999999967,15.19,58.79690585911762,1.0
56,2,5,1.0,10.322629090909091,5,0.8708679447516503,0,0.0,0.39999999999999997,41.051,35.75,1.1482797202797204,1.0
56,3,5,0.0,-23.1367539624898,200,0.0,0,0.0,10.000000000000007,1030.7350000000017,23.407,44.035331311146315,1.0
56,4,5,1.0,10.60907624946604,3,1.0,0,0.0,0.2,18.728,18.728,1.0,1.0
57,0,5,0.0,-28.35744638048471,200,0.0,0,0.0,19.70000000000003,603.025000000001,63.129999999999995,9.552114683985444,1.0
57,1,5,1.0,10.19618555462084,6,0.9541610526617551,0,0.0,0.45,34.882999999999996,33.284,1.0480411008292272,1.0
57,2,5,1.0,10.132749880210827,6,0.8792736618145816,0,0.0,0.6000000000000001,47.471000000000004,41.74,1.1373023478677529,1.0
57,3,5,1.0,10.755113177750484,2,1.0,0,0.0,0.1,11.398,11.398,1.0,1.0
57,4,5,0.0,-28.218477460656153,200,0.0,0,0.0,19.80000000000003,816.2790000000033,37.49,21.773246198986485,1.0
58,0,5,0.0,-27.84310090294224,200,0.0,0,0.0,20.00000000000003,715.3980000000005,29.127,24.56133484395923,1.0
58,1,5,1.0,10.250175103226793,5,0.6324596189186575,0,0.0,0.55,20.678,13.078000000000001,1.581128612937758,1.0
58,2,5,0.0,-25.43591341463406,200,0.0,0,0.0,15.000000000000002,731.1529999999981,32.8,22.291249999999945,1.0
58,3,5,0.0,-25.632575670783407,200,0.0,0,0.0,15.000000000000004,606.9649999999995,43.643,13.907499484453394,1.0
58,4,5,1.0,10.367844916551013,5,1.0,0,0.0,0.3,28.101,28.101,1.0,1.0
59,0,5,1.0,10.610785095320624,3,0.8868736550876113,0,0.0,0.2,13.012,11.54,1.1275563258232237,1.0
59,1,5,0.0,-25.316099630706375,200,0.0,0,0.0,15.000000000000002,936.200000000003,25.454,36.780073858725665,1.0
59,2,5,1.0,10.510962525947777,4,0.8171227067803418,0,0.0,0.2,22.403000000000002,18.306,1.223806402272479,1.0
59,3,5,1.0,9.51004108208666,12,0.6651885843924824,0,0.0,0.7000000000000001,77.578,51.604000000000006,1.5033330749554297,1.0
59,4,5,0.0,-23.370826904157795,200,0.0,0,0.0,10.000000000000007,1027.1230000000005,38.626,26.59149277688605,1.0
60,0,5,0.0,-25.450626425421923,200,0.0,0,0.0,15.000000000000002,1054.4059999999974,39.462,26.719527646850068,1.0
60,1,5,0.0,-25.577786824268443,200,0.0,0,0.0,14.950000000000003,723.014000000001,24.196,29.881550669532196,1.0
60,2,5,1.0,10.755865573185952,2,0.8738121202679544,0,0.0,0.1,6.4190000000000005,5.609,1.144410768407916,1.0
60,3,5,0.0,-25.50577820350403,200,0.0,0,0.0,15.000000000000004,934.655000000003,32.363,28.880357198034886,1.0
60,4,5,0.0,-25.585747225825067,200,0.0,0,0.0,15.000000000000004,809.6449999999975,62.451,12.964484155577933,1.0
61,0,5,1.0,9.862383754470981,9,0.7558704894799956,0,0.0,0.55,45.864999999999995,34.66799999999999,1.3229779623860622,1.0
61,1,5,0.0,-24.681783461931445,200,0.0,0,0.0,13.350000000000012,1237.5680000000011,56.766,21.801219039565957,1.0
61,2,5,0.0,-25.412729033820234,200,0.0,0,0.0,15.000000000000002,1605.0739999999994,61.945,25.911276132052617,1.0
61,3,5,0.0,-23.770316821020895,200,0.0,0,0.0,10.15000000000001,833.9320000000023,23.215,35.92211931940565,1.0
61,4,5,1.0,9.640437503892382,10,0.6285524152509198,0,0.0,0.8,51.092000000000006,32.114,1.5909572149218412,1.0
62,0,5,0.0,-25.469682484298755,200,0.0,0,0.0,15.000000000000002,736.9999999999969,34.391999999999996,21.429402186554928,1.0
62,1,5,1.0,10.727995457805402,2,1.0,0,0.0,0.15000000000000002,8.366,8.366,1.0,1.0
62,2,5,1.0,10.319150061969681,5,0.8312398462574793,0,0.0,0.4,25.237,20.978,1.2030222137477355,1.0
62,3,5,1.0,10.052708748871485,7,0.6954966268508512,0,0.0,0.55,68.48200000000001,47.629000000000005,1.4378214953074808,1.0
62,4,5,1.0,10.368799327011319,5,0.9848857644991216,0,0.0,0.3,19.915,19.614000000000004,1.0153461812990718,1.0
63,0,5,1.0,10.150697724345212,5,0.42858194398439514,0,0.0,0.75,27.171,11.645,2.33327608415629,1.0
63,1,5,1.0,10.681275177304965,2,0.44389875330562895,0,0.0,0.25,7.941000000000001,3.525,2.2527659574468086,1.0
63,2,5,1.0,9.660554605563155,9,0.8993079880392995,0,0.0,0.9500000000000001,58.525,52.632,1.111966104271166,1.0
63,3,5,0.0,-25.29081759970349,200,0.0,0,0.0,15.000000000000004,1033.1980000000026,48.56900000000001,21.272787168770254,1.0
63,4,5,1.0,10.387188845218043,4,0.9643969134966833,0,0.0,0.45,22.161,21.372,1.036917462099944,1.0
64,0,5,1.0,10.48101692365551,4,0.4677220756376429,0,0.0,0.30000000000000004,28.425,13.295,2.138021812711546,1.0
64,1,5,0.0,-13.195609239901925,13,0.0,10,1.0,0.2,13.215,38.745,0.3410762679055362,1.0
64,2,5,0.0,-25.62774489545759,200,0.0,0,0.0,15.000000000000004,888.0690000000028,57.106,15.551238048541357,1.0
64,3,5,0.0,-25.60517900590889,200,0.0,0,0.0,15.000000000000004,907.7999999999979,43.154999999999994,21.03580118178654,1.0
64,4,5,0.0,-13.127260372245027,13,0.0,10,1.0,0.25,13.199,50.181999999999995,0.2630225977442111,1.0
65,0,5,0.0,-25.42153060511888,200,0.0,0,0.0,15.050000000000002,941.5599999999986,28.639000000000003,32.87684625859836,1.0
65,1,5,1.0,10.21959601534984,6,0.9901623985009369,0,0.0,0.39999999999999997,38.424,38.046,1.0099353414287968,1.0
65,2,5,0.0,-22.91551194383654,200,0.0,0,0.0,10.000000000000007,876.9050000000019,21.936,39.97561086797966,1.0
65,3,5,0.0,-23.1294688554423,200,0.0,0,0.0,10.000000000000007,806.6000000000017,26.377000000000002,30.57967168366386,1.0
65,4,5,0.0,-23.924656312699707,200,0.0,0,0.0,12.000000000000016,630.3200000000004,53.827999999999996,11.709890763171591,1.0
66,0,5,0.0,-23.845834129945473,200,0.0,0,0.0,10.250000000000012,900.6929999999967,32.429,27.774306947485172,1.0
66,1,5,1.0,9.273733300448061,12,0.7495955752076047,0,0.0,1.1500000000000001,64.907,48.653999999999996,1.3340526986475931,1.0
66,2,5,1.0,9.926496928327646,8,0.7870589246572399,0,0.0,0.6,46.534,36.625,1.2705529010238907,1.0
66,3,5,0.0,-25.749911913442396,200,0.0,0,0.0,15.150000000000002,677.8860000000035,42.515,15.944631306597753,1.0
66,4,5,0.0,-25.50981687747785,200,0.0,0,0.0,15.000000000000004,752.87,15.890999999999998,47.37713170977283,1.0
67,0,5,0.0,-22.99471486430549,200,0.0,0,0.0,10.000000000000007,661.6210000000017,67.652,9.779769999408764,1.0
67,1,5,1.0,10.247183111341005,6,0.8057222638993081,0,0.0,0.35,47.988,38.665,1.2411224621750938,1.0
67,2,5,0.0,-23.00440402653861,200,0.0,0,0.0,10.000000000000007,513.9190000000004,52.452000000000005,9.79789140547549,1.0
67,3,5,0.0,-26.380231262660374,200,0.0,0,0.0,16.700000000000053,702.4699999999983,59.24,11.85803511141118,1.0
67,4,5,1.0,9.323849080474522,12,0.7189238353853048,0,0.0,1.05,75.86200000000001,54.539,1.3909679312051928,1.0
68,0,5,0.0,-13.007217446477545,12,0.0,10,1.0,0.15000000000000002,6.609,24.429000000000002,0.2705391133488886,1.0
68,1,5,1.0,10.412931688194845,4,1.0,0,0.0,0.4,31.122,31.122,1.0,1.0
68,2,5,1.0,10.18335681352459,6,0.686731516825274,0,0.0,0.5,56.849,39.04,1.456173155737705,1.0
68,3,5,0.0,-23.21794422543436,200,0.0,0,0.0,10.10000000000001,920.2810000000023,34.245,26.873441378303472,1.0
68,4,5,0.0,-13.101719895086017,12,0.0,10,1.0,0.2,17.209,25.926000000000002,0.663773817789092,1.0
69,0,5,1.0,10.034466496193408,7,0.8138390956817859,0,0.0,0.6000000000000002,42.286,34.414,1.228744115766839,1.0
69,1,5,1.0,9.239677498041187,13,0.8375390025258778,0,0.0,1.05,80.76400000000001,67.643,1.1939742471504813,1.0
69,2,5,0.0,-12.998794346337817,13,0.0,10,1.0,0.15000000000000002,13.708000000000002,44.11299999999999,0.3107473987259992,1.0
69,3,5,0.0,-12.781937042529778,13,0.0,10,1.0,0.2,27.568,41.806,0.6594268765249008,1.0
69,4,5,0.0,-23.25820861037479,200,0.0,0,0.0,10.050000000000008,1085.6640000000002,69.033,15.72673938551128,1.0
70,0,5,0.0,-24.862806418820824,200,0.0,0,0.0,13.300000000000011,776.9940000000024,27.544,28.20919256462396,1.0
70,1,5,1.0,9.886478581596998,8,0.7798158193515832,0,0.0,0.7000000000000001,39.635,30.907999999999998,1.2823540830852853,1.0
70,2,5,1.0,9.840862685962504,9,0.8905078766986009,0,0.0,0.6,49.894,44.43099999999999,1.1229546937948731,1.0
70,3,5,1.0,10.27181205081917,5,1.0,0,0.0,0.5,29.359,29.359,1.0,1.0
70,4,5,1.0,10.369567588325651,5,1.0,0,0.0,0.3,26.039999999999996,26.039999999999996,1.0,1.0
71,0,5,1.0,10.066186506680946,7,0.81415210240558,0,0.0,0.55,50.466,41.087,1.228271716114586,1.0
71,1,5,1.0,10.179576304052743,6,0.38588745884465725,0,0.0,0.5,53.455999999999996,20.627999999999997,2.5914291254605395,1.0
71,2,5,0.0,-13.045479991394146,13,0.0,10,1.0,0.2,18.508,46.48,0.39819277108433737,1.0
71,3,5,1.0,9.870643289546097,9,0.8419048770169819,0,0.0,0.5499999999999999,49.64099999999999,41.79299999999999,1.187782643026344,1.0
71,4,5,0.0,-12.575051057246004,13,0.0,10,1.0,0.2,30.752999999999997,38.779999999999994,0.793011861784425,1.0
72,0,5,0.0,-25.994571583243193,200,0.0,0,0.0,15.050000000000002,795.4269999999985,60.035,13.249387857083345,1.0
72,1,5,1.0,10.632466348241424,3,0.8561020036429872,0,0.0,0.15000000000000002,26.901,23.029999999999998,1.168085106382979,1.0
72,2,5,0.0,-24.89382536823139,200,0.0,0,0.0,12.850000000000016,931.997000000001,37.748000000000005,24.689970329553905,1.0
72,3,5,0.0,-23.20662274814545,200,0.0,0,0.0,10.050000000000008,928.7439999999978,42.465,21.870811256328686,1.0
72,4,5,0.0,-28.300285691580285,200,0.0,0,0.0,19.95000000000003,722.9870000000004,50.334,14.363789883577708,1.0
73,0,5,0.0,-13.704046212070914,18,0.0,10,1.0,0.39999999999999997,54.424,45.183,1.2045238253325365,1.0
73,1,5,0.0,-25.64712005551692,200,0.0,0,0.0,15.000000000000004,1245.4289999999983,31.702,39.28550249195629,1.0
73,2,5,1.0,9.908286855929362,8,0.9521883730211521,0,0.0,0.65,37.585,35.788000000000004,1.050212361685481,1.0
73,3,5,1.0,10.414477296207016,4,0.9991643727880455,0,0.0,0.4,20.344,20.326999999999998,1.0008363260687756,1.0
73,4,5,1.0,10.730303114263549,2,0.8934547975047034,0,0.0,0.15000000000000002,10.099,9.023,1.119250803502161,1.0
74,0,5,0.0,-23.10186059427935,200,0.0,0,0.0,10.000000000000007,749.1999999999978,36.010000000000005,20.805331852263194,1.0
74,1,5,0.0,-25.12690557785101,200,0.0,0,0.0,14.950000000000003,1164.9429999999995,22.177000000000003,52.52933219100868,1.0
74,2,5,0.0,-22.893376280145365,200,0.0,0,0.0,10.000000000000007,774.6000000000023,36.324,21.324743970928377,1.0
74,3,5,1.0,10.730088416723783,2,1.0,0,0.0,0.15000000000000002,7.295,7.295,1.0,1.0
74,4,5,0.0,-22.911476111243115,200,0.0,0,0.0,10.000000000000007,493.799999999999,63.105000000000004,7.825053482291403,1.0
75,0,5,1.0,10.190731077604822,6,1.0,0,0.0,0.45,53.25699999999999,53.25699999999999,1.0,1.0
75,1,5,1.0,9.788175436954537,9,0.8363469140151071,0,0.0,0.7000000000000001,51.102,42.739,1.1956760803949553,1.0
75,2,5,0.0,-25.443386773547083,200,0.0,0,0.0,15.000000000000002,653.9999999999982,39.92000000000001,16.382765531062073,1.0
75,3,5,0.0,-23.13924256689047,200,0.0,0,0.0,10.050000000000008,1488.3460000000048,65.854,22.600692440854083,1.0
75,4,5,1.0,10.609858183584265,3,0.9112232253496194,0,0.0,0.2,11.298,10.295,1.097425934919864,1.0
76,0,5,1.0,9.149911223663647,13,0.63929078697128,0,0.0,1.2500000000000002,83.078,53.111,1.5642333979778202,1.0
76,1,5,0.0,-22.911535896865946,200,0.0,0,0.0,10.000000000000007,832.6000000000017,35.992000000000004,23.132918426317005,1.0
76,2,5,0.0,-28.330300272469415,200,0.0,0,0.0,19.90000000000003,860.3900000000008,53.951,15.947619135882574,1.0
76,3,5,0.0,-23.06341235548288,200,0.0,0,0.0,10.000000000000007,1329.4139999999943,51.378,25.875160574564877,1.0
76,4,5,1.0,9.731256211828079,9,0.968709232889297,0,0.0,0.8,54.425000000000004,52.721999999999994,1.0323015060126703,1.0
77,0,5,0.0,-12.844053778699559,12,0.0,10,1.0,0.2,26.168,54.965999999999994,0.4760761197831387,1.0
77,1,5,0.0,-24.220188854804206,200,0.0,0,0.0,12.500000000000014,1102.0499999999993,68.78299999999999,16.02212756058909,1.0
77,2,5,0.0,-22.939512072434503,200,0.0,0,0.0,10.000000000000007,1659.0469999999978,55.664,29.80466728945095,1.0
77,3,5,0.0,-12.837288703721239,12,0.0,10,1.0,0.2,21.959999999999997,52.805,0.4158697093078306,1.0
77,4,5,1.0,10.465494574225225,4,0.9747005212302252,0,0.0,0.3,32.807,31.977,1.0259561559871158,1.0
78,0,5,1.0,10.34747163396551,5,0.8075752563678464,0,0.0,0.35,30.229999999999997,24.412999999999997,1.2382746897144965,1.0
78,1,5,1.0,10.252282643670764,6,0.7037749949047759,0,0.0,0.35,44.159,31.078,1.4209086813823284,1.0
78,2,5,0.0,-28.137996205151744,200,0.0,0,0.0,19.80000000000001,1710.5220000000077,52.176,32.78369365225406,1.0
78,3,5,1.0,9.617802871184159,10,0.8667962881131241,0,0.0,0.8499999999999999,56.575,49.039,1.153673606721181,1.0
78,4,5,1.0,10.369989768281673,5,0.8475743508646634,0,0.0,0.3,39.206,33.23,1.1798374962383391,1.0
79,0,5,0.0,-29.325375724719542,200,0.0,0,0.0,24.75,1117.3030000000015,39.843,28.042642371307416,1.0
79,1,5,0.0,-25.70977159138673,200,0.0,0,0.0,15.000000000000002,1109.7369999999978,21.409,51.835069363351764,1.0
79,2,5,1.0,10.41573686787438,4,1.0,0,0.0,0.4,14.297,14.297,1.0,1.0
79,3,5,0.0,-23.87585527217883,200,0.0,0,0.0,15.100000000000003,658.9989999999981,29.172000000000004,22.59012066365001,1.0
79,4,5,1.0,10.343716135505758,5,0.9487737431433882,0,0.0,0.35000000000000003,22.059,20.929000000000002,1.053992068421807,1.0
80,0,5,0.0,-25.513657233883077,200,0.0,0,0.0,15.000000000000004,1377.7999999999959,42.687999999999995,32.276049475262276,1.0
80,1,5,0.0,-23.306022221242497,200,0.0,0,0.0,10.000000000000007,1139.9589999999966,45.36200000000001,25.130263215907508,1.0
80,2,5,0.0,-23.705434719661046,200,0.0,0,0.0,10.200000000000012,898.4359999999983,65.617,13.692122468262772,1.0
80,3,5,1.0,10.41494254309268,4,1.0,0,0.0,0.4,16.012,16.012,1.0,1.0
80,4,5,1.0,10.344296599926428,5,0.9507131972721141,0,0.0,0.35,40.031,38.058,1.0518419254821587,1.0
81,0,5,1.0,10.70616037240033,2,1.0,0,0.0,0.2,13.318999999999999,13.318999999999999,1.0,1.0
81,1,5,1.0,10.491025931520644,4,0.9767613426779787,0,0.0,0.25,16.266,15.888,1.0237915407854983,1.0
81,2,5,1.0,9.873018344403233,8,0.7218405595566718,0,0.0,0.7500000000000001,48.18099999999999,34.778999999999996,1.3853474798010292,1.0
81,3,5,0.0,-23.117698064952894,200,0.0,0,0.0,10.000000000000007,1204.9969999999978,53.17699999999999,22.66011621565711,1.0
81,4,5,1.0,10.271374621606869,5,1.0,0,0.0,0.49999999999999994,20.151,20.151,1.0,1.0
82,0,5,1.0,10.460885260178532,4,1.0,0,0.0,0.3,22.965,22.965,1.0,1.0
82,1,5,1.0,10.034656228875466,8,0.9692480027053304,0,0.0,0.39999999999999997,47.31400000000001,45.85900000000001,1.0317276870407117,1.0
82,2,5,1.0,10.320365471366314,5,0.9885118282820651,0,0.0,0.39999999999999997,26.462,26.158000000000005,1.011621683614955,1.0
82,3,5,0.0,-23.298633619320057,200,0.0,0,0.0,10.000000000000007,898.4079999999975,15.735000000000001,57.09615506831887,1.0
82,4,5,1.0,10.582819714916683,3,0.6478928199791884,0,0.0,0.25,15.376,9.962,1.5434651676370206,1.0
83,0,5,1.0,10.195280605032513,5,1.0,0,0.0,0.6500000000000001,28.296000000000003,28.296000000000003,1.0,1.0
83,1,5,0.0,-12.961127212159068,16,0.0,10,1.0,0.39999999999999997,48.872,24.015,2.035061419945867,1.0
83,2,5,0.0,-26.149081915351694,200,0.0,0,0.0,14.850000000000003,914.3259999999958,53.42100000000001,17.115478931506257,1.0
83,3,5,0.0,-13.586301132333235,16,0.0,10,1.0,0.3,28.157999999999994,38.062999999999995,0.7397735333525995,1.0
83,4,5,0.0,-25.535007424229182,200,0.0,0,0.0,15.000000000000004,603.1829999999994,57.245000000000005,10.536867848720401,1.0
84,0,5,0.0,-13.270054002182667,17,0.0,10,1.0,0.45,28.451,26.573000000000004,1.0706732397546381,1.0
84,1,5,0.0,-26.14431014547098,200,0.0,0,0.0,15.050000000000002,961.7610000000018,63.999,15.027750433600552,1.0
84,2,5,0.0,-13.140485229247425,17,0.0,10,1.0,0.6000000000000001,51.06700000000001,52.36699999999999,0.9751752057593526,1.0
84,3,5,1.0,10.143124446167478,6,0.5228243401717074,0,0.0,0.6,69.071,36.112,1.9126883030571553,1.0
84,4,5,0.0,-23.02025194382501,200,0.0,0,0.0,10.000000000000007,527.8179999999983,49.772999999999996,10.604504450203892,1.0
85,0,5,0.0,-27.60257167734318,200,0.0,0,0.0,19.60000000000003,729.4190000000004,48.237,15.121566432406667,1.0
85,1,5,1.0,9.688285530876877,9,0.617929393097977,0,0.0,0.9,63.025000000000006,38.94500000000001,1.6183078700731799,1.0
85,2,5,1.0,9.836888324873097,9,0.8220411569630817,0,0.0,0.6000000000000001,45.53300000000001,37.43000000000001,1.2164841036601657,1.0
85,3,5,1.0,10.097855335746162,6,1.0,0,0.0,0.65,28.459,28.459,1.0,1.0
85,4,5,0.0,-23.06232984923651,200,0.0,0,0.0,10.000000000000007,638.6429999999992,20.761,30.761668513077367,1.0
86,0,5,0.0,-13.066646671275775,12,0.0,10,1.0,0.15000000000000002,12.564,49.178000000000004,0.25548009272438893,1.0
86,1,5,1.0,10.391694582847451,4,0.952155041889573,0,0.0,0.45,19.814,18.866,1.050249125410792,1.0
86,2,5,0.0,-12.706613862476594,12,0.0,10,1.0,0.15000000000000002,18.424,27.239,0.6763831271338888,1.0
86,3,5,0.0,-23.038683969250307,200,0.0,0,0.0,10.000000000000007,438.8000000000008,56.716,7.736793850059962,1.0
86,4,5,1.0,10.489131832797428,4,0.8085081240768095,0,0.0,0.25,16.925,13.684000000000001,1.2368459514761765,1.0
87,0,5,0.0,-27.592129701484815,200,0.0,0,0.0,19.95000000000002,1134.2130000000018,19.329,58.679341921465245,1.0
87,1,5,0.0,-26.128633507276163,200,0.0,0,0.0,15.000000000000002,927.9139999999986,54.424,17.049720711450806,1.0
87,2,5,0.0,-25.80746544755853,200,0.0,0,0.0,15.000000000000004,739.6110000000019,75.46500000000002,9.800715563506284,1.0
87,3,5,1.0,9.455618065362113,11,0.785018607965793,0,0.0,1.0,50.516,39.656,1.273855154327214,1.0
87,4,5,1.0,9.759874568373757,9,0.6162701261409086,0,0.0,0.7500000000000001,39.004,24.037,1.6226650580355286,1.0
88,0,5,0.0,-22.500728303012195,200,0.0,0,0.0,10.000000000000007,965.8970000000031,33.53,28.806949000894814,1.0
88,1,5,0.0,-30.553147237787428,200,0.0,0,0.0,25.0,437.7080000000019,58.178,7.52359998624913,1.0
88,2,5,0.0,-23.153550171346165,200,0.0,0,0.0,10.000000000000007,1021.599999999995,33.266,30.710034269223684,1.0
88,3,5,1.0,10.209141647266597,6,0.7833605835743932,0,0.0,0.45,63.60799999999999,49.827999999999996,1.2765513365978967,1.0
88,4,5,0.0,-26.558826636882273,200,0.0,0,0.0,17.500000000000032,865.3969999999998,33.127,26.123615177951514,1.0
89,0,5,0.0,-23.312751941738185,200,0.0,0,0.0,10.000000000000007,1367.900000000002,51.629,26.494799434426426,1.0
89,1,5,0.0,-23.1094710854689,200,0.0,0,0.0,10.000000000000007,577.4499999999995,37.265,15.495773514021185,1.0
89,2,5,0.0,-25.583286562522048,200,0.0,0,0.0,14.950000000000003,461.63900000000183,56.587999999999994,8.157895666925883,1.0
89,3,5,1.0,10.057132413509061,7,0.6238571397982999,0,0.0,0.55,46.703,29.136000000000003,1.6029310818231741,1.0
89,4,5,1.0,10.339897808170244,5,0.9331412652682208,0,0.0,0.35,41.998999999999995,39.191,1.0716491031104078,1.0
90,0,5,0.0,-28.385146030567412,200,0.0,0,0.0,19.95000000000003,861.2190000000007,48.483000000000004,17.76331910154076,1.0
90,1,5,0.0,-25.55682157800359,200,0.0,0,0.0,15.000000000000002,605.7179999999994,53.535999999999994,11.314218469814694,1.0
90,2,5,0.0,-25.398388620751323,200,0.0,0,0.0,15.000000000000004,983.890999999997,39.159000000000006,25.1255394672999,1.0
90,3,5,0.0,-22.949616195881436,200,0.0,0,0.0,10.000000000000007,728.4000000000027,45.986999999999995,15.839258920999473,1.0
90,4,5,0.0,-25.634264232008537,200,0.0,0,0.0,15.000000000000004,943.0169999999987,45.619,20.671584208334217,1.0
91,0,5,0.0,-28.324430096378027,200,0.0,0,0.0,20.10000000000003,1105.7699999999984,42.437,26.056742936588318,1.0
91,1,5,0.0,-22.791308173640967,200,0.0,0,0.0,10.000000000000007,823.0320000000023,20.456,40.2342588971452,1.0
91,2,5,0.0,-23.0124274900318,200,0.0,0,0.0,10.050000000000008,1714.7539999999972,49.407,34.70670147954738,1.0
91,3,5,0.0,-27.770084320557483,200,0.0,0,0.0,19.850000000000016,3757.239000000014,28.7,130.91425087108064,1.0
91,4,5,1.0,10.517878238954083,4,0.8430383108691324,0,0.0,0.2,30.121999999999996,25.394000000000002,1.1861857131605889,1.0
92,0,5,0.0,-23.021246458923564,200,0.0,0,0.0,10.000000000000007,1122.3720000000035,22.592,49.680063739376926,1.0
92,1,5,1.0,10.754658826411859,2,1.0,0,0.0,0.1,8.163,8.163,1.0,1.0
92,2,5,1.0,9.981167592530621,7,1.0,0,0.0,0.7000000000000001,29.882,29.882,1.0,1.0
92,3,5,1.0,9.690355498890618,10,0.878445404430481,0,0.0,0.7,68.751,60.394000000000005,1.1383746729807596,1.0
92,4,5,0.0,-23.149507952748493,200,0.0,0,0.0,10.000000000000007,938.599999999998,21.502,43.651753325271976,1.0
93,0,5,1.0,10.087047766314722,7,0.7982141479595775,0,0.0,0.5000000000000001,51.85199999999999,41.389,1.2527966367875518,1.0
93,1,5,0.0,-25.64793048973144,200,0.0,0,0.0,15.000000000000002,1221.0000000000027,31.65,38.57819905213279,1.0
93,2,5,0.0,-22.934645810859458,200,0.0,0,0.0,10.000000000000007,1096.4129999999993,44.496,24.640709277238386,1.0
93,3,5,0.0,-26.093565546951616,200,0.0,0,0.0,15.000000000000002,883.444999999996,36.676,24.087823099574543,1.0
93,4,5,0.0,-25.478584543341373,200,0.0,0,0.0,15.000000000000002,984.799999999997,59.366,16.588619748677644,1.0
94,0,5,0.0,-23.501787545959093,200,0.0,0,0.0,10.000000000000007,917.0569999999977,42.70100000000001,21.47624177419727,1.0
94,1,5,0.0,-23.00834792451498,200,0.0,0,0.0,10.000000000000007,903.9999999999976,56.541000000000004,15.98839779982663,1.0
94,2,5,0.0,-23.032111579253275,200,0.0,0,0.0,10.000000000000007,480.8410000000008,68.82999999999998,6.985921836408556,1.0
94,3,5,0.0,-25.568986973364662,200,0.0,0,0.0,15.000000000000004,962.617000000004,49.821,19.321511009413783,1.0
94,4,5,0.0,-25.52557460150019,200,0.0,0,0.0,15.000000000000004,1342.1910000000016,34.128,39.32814697609006,1.0
95,0,5,0.0,-23.175261750351083,200,0.0,0,0.0,10.000000000000007,896.6519999999966,14.957,59.9486528047066,1.0
95,1,5,0.0,-23.12848439227486,200,0.0,0,0.0,10.000000000000007,1092.3999999999983,42.510999999999996,25.696878454988084,1.0
95,2,5,0.0,-28.16043298424713,200,0.0,0,0.0,20.000000000000014,1536.542999999996,22.726,67.61167825398205,1.0
95,3,5,0.0,-23.27231480721904,200,0.0,0,0.0,10.000000000000007,1368.5650000000019,48.76,28.06737079573425,1.0
95,4,5,1.0,10.753734903381641,2,1.0,0,0.0,0.1,16.56,16.56,1.0,1.0
96,0,5,0.0,-25.398650871997404,200,0.0,0,0.0,15.000000000000004,1162.9130000000032,21.273000000000003,54.66614957927904,1.0
96,1,5,1.0,10.587013073954477,3,0.6982896111752736,0,0.0,0.25,18.183,12.697,1.4320705678506735,1.0
96,2,5,0.0,-25.441788091514187,200,0.0,0,0.0,15.000000000000002,1598.9189999999994,54.986000000000004,29.07865638526169,1.0
96,3,5,0.0,-23.477335555516877,200,0.0,0,0.0,10.15000000000001,935.8659999999958,57.45099999999999,16.28981218777734,1.0
96,4,5,0.0,-26.016516999488886,200,0.0,0,0.0,15.050000000000002,925.876999999998,56.737,16.31875143204607,1.0
97,0,5,1.0,9.663644392162372,10,0.8956050003931125,0,0.0,0.7500000000000001,63.59500000000001,56.956,1.1165636631785942,1.0
97,1,5,0.0,-23.609021778868687,200,0.0,0,0.0,10.10000000000001,1115.7840000000033,38.294000000000004,29.137306105395183,1.0
97,2,5,0.0,-24.770262028618564,200,0.0,0,0.0,13.350000000000012,1039.6709999999987,64.783,16.048515814333985,1.0
97,3,5,1.0,10.000864514758971,7,0.8647030739285322,0,0.0,0.65,27.229,23.545,1.156466341049055,1.0
97,4,5,1.0,10.368575217695925,5,0.9414369846878682,0,0.0,0.3,21.225,19.982000000000003,1.0622059853868482,1.0
98,0,5,1.0,9.587459988852617,10,0.7362815602282499,0,0.0,0.9,51.172,37.677,1.3581760755898824,1.0
98,1,5,0.0,-13.917767344653104,18,0.0,10,1.0,0.5499999999999999,35.557,50.001000000000005,0.7111257774844503,1.0
98,2,5,1.0,10.216094384380275,6,0.7458278754061549,0,0.0,0.39999999999999997,58.783,43.842000000000006,1.340791934674513,1.0
98,3,5,0.0,-13.294911716874468,18,0.0,10,1.0,0.55,85.22699999999999,64.565,1.3200185859211646,1.0
98,4,5,0.0,-25.3774196582536,200,0.0,0,0.0,15.000000000000002,941.5999999999987,51.032000000000004,18.451167894654308,1.0
99,0,5,0.0,-22.709752280209393,200,0.0,0,0.0,10.000000000000007,1075.6000000000024,18.529,58.049543958119834,1.0
99,1,5,1.0,9.717088198694237,10,0.9586710681134789,0,0.0,0.6500000000000001,61.192,58.663000000000004,1.0431106489610145,1.0
99,2,5,1.0,9.77943392830676,10,0.8071953512220132,0,0.0,0.5499999999999999,58.510000000000005,47.229,1.2388574816320483,1.0
99,3,5,1.0,10.61166765578635,3,0.7485007773746946,0,0.0,0.2,13.507,10.11,1.336003956478734,1.0
99,4,5,0.0,-23.495886999621355,200,0.0,0,0.0,10.050000000000008,1348.7329999999997,58.105999999999995,23.211596048600832,1.0
100,0,5,1.0,9.877109967733496,8,1.0,0,0.0,0.7000000000000001,45.868,45.868,1.0,1.0
100,1,5,0.0,-22.99317479395611,200,0.0,0,0.0,10.000000000000007,459.7999999999986,23.296000000000003,19.737293956043892,1.0
100,2,5,1.0,10.396386770873045,5,0.8637049639162528,0,0.0,0.25,36.443,31.476,1.1578027703647222,1.0
100,3,5,0.0,-23.04589804858618,200,0.0,0,0.0,10.000000000000007,633.9999999999993,30.132,21.040754015664387,1.0
100,4,5,0.0,-25.483589767912438,200,0.0,0,0.0,15.050000000000002,1038.6559999999974,47.439,21.894559328822222,1.0
101,0,5,0.0,-14.069514440721235,21,0.0,10,1.0,0.6499999999999999,42.72,31.335,1.3633317376735279,1.0
101,1,5,0.0,-14.259115115851419,21,0.0,10,1.0,1.4,52.217,54.379999999999995,0.9602243471864657,1.0
101,2,5,1.0,10.271857601713062,6,0.8166953277565652,0,0.0,0.3,34.309000000000005,28.02,1.2244468236973591,1.0
101,3,5,1.0,10.061265830005706,7,0.7110523412402245,0,0.0,0.55,61.634,43.825,1.4063662293211636,1.0
101,4,5,0.0,-30.46024019804629,200,0.0,0,0.0,25.0,445.9169999999986,59.784,7.458801686069829,1.0
102,0,5,0.0,-23.20782806611696,200,0.0,0,0.0,10.000000000000007,784.2570000000017,26.801000000000002,29.262229021305235,1.0
102,1,5,0.0,-25.562963217243013,200,0.0,0,0.0,15.050000000000002,1767.279000000008,48.066,36.76775683435293,1.0
102,2,5,0.0,-24.59553429861798,200,0.0,0,0.0,13.300000000000013,737.0080000000019,51.591,14.285592448295281,1.0
102,3,5,1.0,10.590824653922216,3,0.5595308350545884,0,0.0,0.25,13.556000000000001,7.585000000000001,1.787211601845748,1.0
102,4,5,1.0,9.73198316675434,9,0.9504660547837578,0,0.0,0.8,56.001999999999995,53.228,1.0521154279702412,1.0
103,0,5,0.0,-12.631017753525729,13,0.0,10,1.0,0.15000000000000002,22.457,26.023000000000003,0.8629673750144102,1.0
103,1,5,0.0,-25.617622670958916,200,0.0,0,0.0,15.000000000000004,737.7399999999988,41.004000000000005,17.99190322895324,1.0
103,2,5,0.0,-23.031641367309927,200,0.0,0,0.0,10.000000000000007,642.9999999999995,43.67699999999999,14.721707076951247,1.0
103,3,5,0.0,-26.942297372214203,200,0.0,0,0.0,17.40000000000003,659.0029999999996,63.133,10.43832860785959,1.0
103,4,5,0.0,-13.034060313108723,13,0.0,10,1.0,0.2,25.860000000000003,27.722,0.9328331289228772,1.0
104,0,5,0.0,-26.01493767436755,200,0.0,0,0.0,15.000000000000004,487.46700000000214,72.763,6.699380179486856,1.0
104,1,5,0.0,-13.270994866780741,15,0.0,10,1.0,0.39999999999999997,31.461000000000002,36.819,0.8544773079116761,1.0
104,2,5,0.0,-12.924948202716479,15,0.0,10,1.0,0.3,22.904999999999998,30.407,0.7532804946229485,1.0
104,3,5,0.0,-25.542746561614557,200,0.0,0,0.0,15.000000000000004,783.9480000000034,28.938000000000002,27.09060750570196,1.0
104,4,5,0.0,-26.027075352494,200,0.0,0,0.0,15.000000000000002,669.2079999999988,49.859,13.422010068392844,1.0
105,0,5,0.0,-22.962051719689537,200,0.0,0,0.0,10.000000000000007,1114.000000000003,50.38699999999999,22.108877289777187,1.0
105,1,5,1.0,10.424159526137213,4,0.73750954279413,0,0.0,0.4,23.578000000000003,17.389,1.355914658692277,1.0
105,2,5,1.0,9.262326304171024,14,0.5373833234476946,0,0.0,0.8500000000000002,64.06599999999999,34.428,1.8608690600673867,1.0
105,3,5,0.0,-25.887587655698116,200,0.0,0,0.0,15.000000000000002,873.6639999999961,26.895,32.484253578731966,1.0
105,4,5,0.0,-23.1656073138876,200,0.0,0,0.0,10.000000000000007,636.5359999999993,34.455,18.474415904803347,1.0
106,0,5,0.0,-23.372380575051015,200,0.0,0,0.0,10.050000000000008,809.8380000000017,35.336,22.918213719719315,1.0
106,1,5,0.0,-25.5719804582746,200,0.0,0,0.0,15.000000000000004,1344.7830000000015,37.663,35.70567931391556,1.0
106,2,5,0.0,-25.55218865856408,200,0.0,0,0.0,15.000000000000002,610.7110000000027,62.038,9.84414391179604,1.0
106,3,5,0.0,-24.182400672610694,200,0.0,0,0.0,12.450000000000015,858.8239999999992,51.144000000000005,16.7922727983732,1.0
106,4,5,1.0,10.619109267940857,3,0.6674422336328626,0,0.0,0.2,12.463999999999999,8.318999999999999,1.4982570020435149,1.0
107,0,5,0.0,-22.991568466152533,200,0.0,0,0.0,10.000000000000007,802.6000000000012,29.175,27.509854327335088,1.0
107,1,5,0.0,-30.0544646680942,200,0.0,0,0.0,23.30000000000002,764.5759999999989,59.775999999999996,12.790685224839383,1.0
107,2,5,0.0,-13.119216112805173,12,0.0,10,1.0,0.30000000000000004,14.043,51.48700000000001,0.2727484607765066,1.0
107,3,5,0.0,-28.09805566309635,200,0.0,0,0.0,20.000000000000014,1684.5170000000012,46.494,36.23084699100962,1.0
107,4,5,0.0,-13.1879373607653,12,0.0,10,1.0,0.15000000000000002,5.471,61.048,0.08961800550386581,1.0
108,0,5,0.0,-12.907676188490411,14,0.0,10,1.0,0.25,27.152,19.184,1.41534612176814,1.0
108,1,5,1.0,10.441831267874166,4,1.0,0,0.0,0.35,15.735000000000001,15.735000000000001,1.0,1.0
108,2,5,1.0,10.754103196056606,2,1.0,0,0.0,0.1,12.578,12.578,1.0,1.0
108,3,5,0.0,-13.363324242598228,14,0.0,10,1.0,0.35,14.05,52.251,0.2688943752272684,1.0
108,4,5,0.0,-26.909807938333017,200,0.0,0,0.0,16.499999999999993,1141.4439999999984,61.75099999999999,18.48462373078976,1.0
109,0,5,0.0,-25.61277963168953,200,0.0,0,0.0,15.000000000000002,1355.1269999999984,64.72800000000001,20.93571560993694,1.0
109,1,5,0.0,-23.470395933066868,200,0.0,0,0.0,10.050000000000008,683.9250000000034,45.538,15.018775528130428,1.0
109,2,5,1.0,10.43961467736543,4,0.805276973817056,0,0.0,0.35,14.857,11.964,1.2418087596121696,1.0
109,3,5,0.0,-23.353992090711838,200,0.0,0,0.0,10.100000000000009,713.8879999999981,28.573999999999998,24.98383145516897,1.0
109,4,5,1.0,10.730060748822217,2,1.0,0,0.0,0.15000000000000002,12.099,12.099,1.0,1.0
110,0,5,0.0,-23.536850605524858,200,0.0,0,0.0,10.050000000000008,662.9279999999997,52.599000000000004,12.603433525352186,1.0
110,1,5,0.0,-25.535460219460262,200,0.0,0,0.0,14.500000000000007,883.0900000000003,74.18199999999999,11.90437033242566,1.0
110,2,5,1.0,10.227667118157916,6,0.8805556529975096,0,0.0,0.39999999999999997,28.506999999999998,25.102000000000004,1.1356465620269298,1.0
110,3,5,1.0,10.351251807112796,5,0.9009783489637606,0,0.0,0.35,34.548,31.127000000000002,1.1099045844443731,1.0
110,4,5,1.0,10.449184905660378,4,0.40226177374672695,0,0.0,0.35000000000000003,26.351,10.600000000000001,2.4859433962264146,1.0
111,0,5,0.0,-25.73578012321514,200,0.0,0,0.0,15.000000000000002,1246.9999999999984,20.939,59.5539424041262,1.0
111,1,5,0.0,-12.9,10,0.0,10,1.0,0.0,0.0,53.185,0.0,1.0
111,2,5,1.0,10.139269647897788,7,0.5693622060565048,0,0.0,0.39999999999999997,59.11000000000001,33.655,1.7563512108156294,1.0
111,3,5,0.0,-23.14010981806262,200,0.0,0,0.0,10.000000000000007,1437.874999999994,30.505000000000003,47.135715456482345,1.0
111,4,5,0.0,-12.9,10,0.0,10,1.0,0.0,0.0,23.321,0.0,1.0
112,0,5,0.0,-23.084989280343038,200,0.0,0,0.0,10.000000000000007,921.0000000000024,31.251,29.471056926178438,1.0
112,1,5,0.0,-25.543228070175424,200,0.0,0,0.0,15.000000000000004,400.5999999999981,42.74999999999999,9.370760233918086,1.0
112,2,5,1.0,10.493537035582436,4,1.0,0,0.0,0.25,25.462000000000003,25.462000000000003,1.0,1.0
112,3,5,1.0,9.16401550525753,13,0.6669995126184278,0,0.0,1.2000000000000004,84.123,56.11000000000001,1.499251470326145,1.0
112,4,5,1.0,10.491290220820188,4,1.0,0,0.0,0.25,30.115000000000002,30.115000000000002,1.0,1.0
113,0,5,0.0,-23.305948620416704,200,0.0,0,0.0,10.150000000000011,1650.249999999998,51.791,31.863644262516615,1.0
113,1,5,0.0,-23.120296621807174,200,0.0,0,0.0,10.000000000000007,668.7210000000033,25.487000000000002,26.237729038333395,1.0
113,2,5,0.0,-28.369838916416363,200,0.0,0,0.0,19.90000000000003,941.6189999999987,52.271,18.01417612060222,1.0
113,3,5,1.0,10.104421892935408,7,1.0,0,0.0,0.45,28.749,28.749,1.0,1.0
113,4,5,1.0,10.030395324354739,7,0.8932520509744154,0,0.0,0.6000000000000002,30.839,27.546999999999997,1.119504846262751,1.0
114,0,5,0.0,-23.060479659183653,200,0.0,0,0.0,10.000000000000007,991.0459999999953,45.303000000000004,21.875946405315215,1.0
114,1,5,1.0,10.731249152159169,2,0.6669179734620024,0,0.0,0.15000000000000002,6.632,4.423,1.499434772778657,1.0
114,2,5,1.0,10.369651607826306,5,0.7729761114797612,0,0.0,0.3,36.168,27.957,1.293701040884215,1.0
114,3,5,0.0,-22.99623329981326,200,0.0,0,0.0,10.000000000000007,761.9619999999995,69.61,10.946157161327388,1.0
114,4,5,0.0,-25.43594587694667,200,0.0,0,0.0,15.000000000000004,1029.2850000000024,39.17,26.27738064845551,1.0
115,0,5,0.0,-25.589522184300264,200,0.0,0,0.0,15.000000000000004,639.5999999999977,29.3,21.8293515358361,1.0
115,1,5,1.0,10.561806101645551,3,0.8361389303217557,0,0.0,0.30000000000000004,32.851,27.467999999999996,1.1959734964322122,1.0
115,2,5,0.0,-25.742335294247656,200,0.0,0,0.0,14.950000000000003,922.219999999998,45.217000000000006,20.395426498883115,1.0
115,3,5,1.0,9.622117622392285,10,0.6578393848487982,0,0.0,0.85,58.002,38.156,1.5201278960058708,1.0
115,4,5,0.0,-25.54158576857345,200,0.0,0,0.0,15.000000000000004,1688.2350000000006,60.26100000000001,28.015383083586404,1.0
116,0,5,0.0,-23.64562569213735,200,0.0,0,0.0,10.000000000000007,1663.258999999998,11.739,141.68660022148376,1.0
116,1,5,1.0,9.76283354486366,9,0.9397498915714905,0,0.0,0.7500000000000001,55.336,52.001999999999995,1.064112918733895,1.0
116,2,5,1.0,10.112502757916241,7,0.676179688363355,0,0.0,0.45,36.196000000000005,24.475,1.4788968335035753,1.0
116,3,5,0.0,-25.84524844720495,200,0.0,0,0.0,14.950000000000003,724.6409999999987,22.54,32.14911268855363,1.0
116,4,5,0.0,-25.93654448858913,200,0.0,0,0.0,15.050000000000002,789.0639999999986,54.115,14.581243647787094,1.0
117,0,5,1.0,8.79456707929643,16,0.6131719896845865,0,0.0,1.4000000000000004,95.779,58.729000000000006,1.6308637981235843,1.0
117,1,5,1.0,10.875,1,1.0,0,0.0,0.05,6.783,6.783,1.0,1.0
117,2,5,1.0,10.0766661557998,7,0.8352962692026336,0,0.0,0.49999999999999994,54.68000000000001,45.67400000000001,1.1971800148881202,1.0
117,3,5,1.0,10.61045505171042,3,0.6203731122297897,0,0.0,0.2,30.393,18.855,1.6119331742243437,1.0
117,4,5,1.0,9.785070200493351,9,0.9031172007169057,0,0.0,0.7,59.70099999999999,53.91699999999998,1.107275998293674,1.0
118,0,5,0.0,-25.81346641750816,200,0.0,0,0.0,14.900000000000002,927.7049999999999,27.827,33.33830452438279,1.0
118,1,5,0.0,-25.529213153258965,200,0.0,0,0.0,15.000000000000004,1353.7869999999984,47.684,28.390801946145427,1.0
118,2,5,0.0,-33.37010240584461,200,0.0,0,0.0,29.699999999999896,935.0059999999972,79.39,11.777377503463878,1.0
118,3,5,1.0,10.728442509779857,2,1.0,0,0.0,0.15000000000000002,13.036999999999999,13.036999999999999,1.0,1.0
118,4,5,1.0,9.811614593503872,9,0.5547010398613519,0,0.0,0.7,55.391999999999996,30.726,1.8027728959187659,1.0
119,0,5,0.0,-22.919399121623275,200,0.0,0,0.0,10.000000000000007,690.1980000000032,40.757000000000005,16.934465245234023,1.0
119,1,5,0.0,-22.962804973047135,200,0.0,0,0.0,10.000000000000007,901.4430000000025,32.093,28.088461658305622,1.0
119,2,5,0.0,-25.314431164064988,200,0.0,0,0.0,14.950000000000003,1243.0269999999985,39.782999999999994,31.245180102053606,1.0
119,3,5,1.0,10.46535102692583,4,0.8309388726207906,0,0.0,0.3,21.856,18.161,1.203457959363471,1.0
119,4,5,1.0,10.479830761572922,4,0.35243553008595985,0,0.0,0.3,17.101,6.026999999999999,2.83739837398374,1.0
120,0,5,1.0,9.953718507955148,7,0.7493556836039812,0,0.0,0.75,47.724999999999994,35.763,1.3344797695942734,1.0
120,1,5,0.0,-30.59352145976457,200,0.0,0,0.0,24.6,857.077,71.902,11.920071764345915,1.0
120,2,5,1.0,10.314129857316333,5,0.7241151901516818,0,0.0,0.39999999999999997,36.391999999999996,26.352,1.3809957498482086,1.0
120,3,5,0.0,-22.943419842045266,200,0.0,0,0.0,10.000000000000007,764.9430000000011,49.12800000000001,15.570407914020539,1.0
120,4,5,0.0,-23.03495457637969,200,0.0,0,0.0,10.000000000000007,951.1839999999997,24.987000000000002,38.06715492055868,1.0
121,0,5,1.0,9.960081967213114,8,0.9019760841152487,0,0.0,0.55,51.263,46.23799999999999,1.1086768458843377,1.0
121,1,5,0.0,-23.39956711751191,200,0.0,0,0.0,10.150000000000011,681.4490000000034,42.217,16.14157803728364,1.0
121,2,5,1.0,9.831920792079208,8,0.8360927152317882,0,0.0,0.8,54.964,45.955000000000005,1.1960396039603958,1.0
121,3,5,1.0,9.620097849417112,10,0.8966415094339621,0,0.0,0.8500000000000001,53.00000000000001,47.522,1.115272926223644,1.0
121,4,5,0.0,-27.930392359599463,200,0.0,0,0.0,19.750000000000014,1176.4930000000031,36.752,32.01167283413156,1.0
122,0,5,0.0,-25.825148833310518,200,0.0,0,0.0,15.000000000000004,921.115999999998,51.299,17.955827598978498,1.0
122,1,5,0.0,-12.586920930232559,12,0.0,10,1.0,0.3,9.375,12.9,0.7267441860465116,1.0
122,2,5,0.0,-13.098136035959632,12,0.0,10,1.0,0.1,9.072,58.95499999999999,0.15388007802561277,1.0
122,3,5,0.0,-23.36458999616224,200,0.0,0,0.0,10.000000000000007,570.0000000000022,7.817,72.91799923244238,1.0
122,4,5,0.0,-23.046913126316092,200,0.0,0,0.0,10.000000000000007,628.1999999999999,59.83400000000001,10.499047364374768,1.0
123,0,5,1.0,9.518079399341284,9,0.8701727683414562,0,0.0,1.25,61.759,53.74099999999999,1.1491970748590463,1.0
123,1,5,1.0,9.226814202659659,13,0.6255120523895777,0,0.0,1.1,71.77000000000001,44.893,1.598690218965095,1.0
123,2,5,0.0,-22.901278793685133,200,0.0,0,0.0,10.000000000000007,809.2690000000017,24.006999999999998,33.70970966801357,1.0
123,3,5,1.0,10.875,1,1.0,0,0.0,0.05,4.11,4.11,1.0,1.0
123,4,5,1.0,10.476080800270623,4,0.4160149574797451,0,0.0,0.3,49.741,20.693,2.4037597255110423,1.0
124,0,5,0.0,-25.637781925240525,200,0.0,0,0.0,15.100000000000003,532.9239999999972,38.041999999999994,14.00883234319955,1.0
124,1,5,0.0,-23.45454915972819,200,0.0,0,0.0,10.050000000000008,736.8000000000021,45.759,16.101750475316376,1.0
124,2,5,1.0,10.512071861379823,3,0.9423963133640554,0,0.0,0.4,9.982,9.407,1.061124694376528,1.0
124,3,5,0.0,-25.507333659273694,200,0.0,0,0.0,15.000000000000004,1631.6169999999966,44.998000000000005,36.25976710075995,1.0
124,4,5,0.0,-25.85294514253396,200,0.0,0,0.0,15.050000000000002,670.0049999999995,56.583000000000006,11.841100683951002,1.0
125,0,5,0.0,-25.622989621004947,200,0.0,0,0.0,15.000000000000004,904.8569999999968,34.010999999999996,26.604833730263646,1.0
125,1,5,0.0,-30.607835731034964,200,0.0,0,0.0,24.75,849.261,63.11599999999999,13.455558020153369,1.0
125,2,5,0.0,-25.24099829513169,200,0.0,0,0.0,15.050000000000002,531.8659999999973,31.674,16.791879775209864,1.0
125,3,5,0.0,-23.120402134553068,200,0.0,0,0.0,10.000000000000007,1370.400000000002,41.976000000000006,32.64722698684967,1.0
125,4,5,0.0,-25.458700000000015,200,0.0,0,0.0,14.250000000000034,1026.0190000000011,34.4,29.826133720930265,1.0
126,0,5,0.0,-12.960855892165421,11,0.0,10,1.0,0.05,3.438,44.661,0.07697991536239672,1.0
126,1,5,0.0,-23.90497471224279,200,0.0,0,0.0,12.550000000000015,1114.7319999999982,22.936000000000003,48.60184862225314,1.0
126,2,5,1.0,10.344892487046632,5,0.47767843331373944,0,0.0,0.35000000000000003,32.323,15.44,2.093458549222798,1.0
126,3,5,0.0,-13.22624735029147,11,0.0,10,1.0,0.2,6.933,45.288,0.15308691043985162,1.0
126,4,5,0.0,-25.61933860111208,200,0.0,0,0.0,15.000000000000004,2069.188,30.753,67.28410236399701,1.0
127,0,5,1.0,10.065877011097033,7,0.5450835112394827,0,0.0,0.5499999999999999,47.778,26.043000000000003,1.8345812694390045,1.0
127,1,5,1.0,10.22128241950771,6,0.9261318295472681,0,0.0,0.4,37.594,34.817,1.0797598874113221,1.0
127,2,5,1.0,10.21832697044335,6,0.4131579616862136,0,0.0,0.45,39.307,16.24,2.420381773399015,1.0
127,3,5,1.0,10.582560095666626,3,1.0,0,0.0,0.25,24.669,24.669,1.0,1.0
127,4,5,0.0,-23.07152693621239,200,0.0,0,0.0,10.050000000000008,754.0279999999977,18.154,41.53508868568898,1.0
128,0,5,0.0,-26.0157232498722,200,0.0,0,0.0,15.000000000000002,1155.8479999999997,48.925000000000004,23.624895247828302,1.0
128,1,5,1.0,10.462465974067811,4,0.5894891758450438,0,0.0,0.3,21.064,12.417000000000002,1.6963839896915518,1.0
128,2,5,1.0,9.666510403427866,9,0.8355786152072334,0,0.0,0.9500000000000002,65.916,55.077999999999996,1.1967754820436471,1.0
128,3,5,0.0,-25.42554156171281,200,0.0,0,0.0,15.000000000000002,1345.4000000000017,39.699999999999996,33.88916876574312,1.0
128,4,5,0.0,-23.08273036816338,200,0.0,0,0.0,10.000000000000007,622.0000000000022,37.592,16.546073632687865,1.0
129,0,5,0.0,-31.200689766317552,200,0.0,8,0.0,9.750000000000004,797.7409999999977,37.23,21.42737040021482,1.0
129,1,5,0.0,-25.72235068985061,200,0.0,0,0.0,15.000000000000002,661.6849999999995,42.328,15.632323757323745,1.0
129,2,5,0.0,-25.671748764822123,200,0.0,0,0.0,14.950000000000003,819.3270000000011,40.480000000000004,20.240291501976312,1.0
129,3,5,0.0,-12.899999999999999,10,0.0,10,1.0,0.0,0.0,23.561,0.0,1.0
129,4,5,0.0,-12.9,10,0.0,10,1.0,0.0,0.0,42.718,0.0,1.0
130,0,5,0.0,-13.099527024644788,12,0.0,10,1.0,0.1,4.617,56.726,0.08139124916264147,1.0
130,1,5,1.0,9.279125018719453,12,0.7657416287894583,0,0.0,1.2000000000000002,95.92399999999999,73.45299999999999,1.3059235157175337,1.0
130,2,5,0.0,-14.657013321286742,22,0.0,10,1.0,1.15,100.294,47.592999999999996,2.107326707709117,1.0
130,3,5,0.0,-12.753436513108426,12,0.0,10,1.0,0.25,10.173,19.949,0.5099503734523033,1.0
130,4,5,0.0,-23.117096781694745,200,0.0,0,0.0,10.000000000000007,971.047000000002,43.004000000000005,22.580387870895773,1.0
131,0,5,1.0,9.505872059753637,11,0.6966492520089801,0,0.0,0.9000000000000002,47.661,33.203,1.4354425804897146,1.0
131,1,5,1.0,9.503078275134754,12,0.6958451865407962,0,0.0,0.7500000000000002,55.189,38.403,1.437101268130094,1.0
131,2,5,0.0,-25.5022954101807,200,0.0,0,0.0,15.000000000000002,1050.2189999999973,39.958,26.283072225837063,1.0
131,3,5,1.0,10.018322444616025,8,0.6321381640698329,0,0.0,0.44999999999999996,53.269999999999996,33.674,1.5819326483340261,1.0
131,4,5,0.0,-23.208082969432276,200,0.0,0,0.0,10.000000000000007,1020.7220000000013,32.06,31.837866500311954,1.0
132,0,5,0.0,-13.70614376987484,15,0.0,10,1.0,0.6,11.06,34.277,0.32266534410829417,1.0
132,1,5,0.0,-13.032788934369934,15,0.0,10,1.0,0.4,21.588,36.400999999999996,0.593060630202467,1.0
132,2,5,0.0,-30.665720438527778,200,0.0,0,0.0,25.0,1480.1709999999925,61.29600000000001,24.14792156095002,1.0
132,3,5,0.0,-22.954659481008434,200,0.0,0,0.0,10.000000000000007,915.7349999999989,54.182,16.901092613783153,1.0
132,4,5,0.0,-30.37884106567477,200,0.0,0,0.0,25.0,679.0360000000015,38.172999999999995,17.788384460220616,1.0
133,0,5,1.0,9.591384615384616,10,0.9658369316738634,0,0.0,0.9000000000000001,55.118,53.23500000000001,1.0353714661406968,1.0
133,1,5,1.0,9.865014566041884,9,0.8593358839922535,0,0.0,0.55,42.342,36.385999999999996,1.1636893310613974,1.0
133,2,5,1.0,10.222209602209082,6,0.8845746151719054,0,0.0,0.4,43.395999999999994,38.387,1.1304868835803785,1.0
133,3,5,1.0,10.317848971962617,5,0.7385830250151858,0,0.0,0.4,36.218,26.75,1.353943925233645,1.0
133,4,5,0.0,-23.72185007692884,200,0.0,0,0.0,10.25000000000001,1147.3410000000026,79.29400000000001,14.469455444295942,1.0
134,0,5,0.0,-23.032655435301987,200,0.0,0,0.0,10.000000000000007,824.1999999999977,48.139,17.121253038077185,1.0
134,1,5,0.0,-23.175635450232164,200,0.0,0,0.0,10.000000000000007,1024.8119999999951,39.413,26.001877553091497,1.0
134,2,5,0.0,-25.730146371261338,200,0.0,0,0.0,15.100000000000003,1161.8670000000016,42.562999999999995,27.297582407255167,1.0
134,3,5,0.0,-22.99466170154075,200,0.0,0,0.0,10.000000000000007,652.7540000000005,50.754000000000005,12.861134097805108,1.0
134,4,5,1.0,9.866951776228419,9,0.4743960781997521,0,0.0,0.6000000000000002,50.79299999999999,24.096000000000004,2.1079432270916327,1.0
135,0,5,0.0,-25.25958155046565,200,0.0,0,0.0,15.000000000000002,2027.1839999999938,31.784,63.78001510193789,1.0
135,1,5,0.0,-23.17593537792374,200,0.0,0,0.0,10.000000000000007,792.8000000000038,22.531,35.18707558475007,1.0
135,2,5,0.0,-23.189442880732607,200,0.0,0,0.0,10.300000000000013,1045.8470000000057,53.29200000000001,19.62484050138868,1.0
135,3,5,0.0,-25.291544672167547,200,0.0,0,0.0,15.000000000000004,939.7999999999969,22.541999999999998,41.691065566497954,1.0
135,4,5,1.0,10.464064546748933,4,0.5484693877551021,0,0.0,0.3,19.208,10.535,1.8232558139534882,1.0
136,0,5,0.0,-25.459805365498916,200,0.0,0,0.0,15.000000000000004,1025.2050000000024,53.639,19.113052070322013,1.0
136,1,5,0.0,-28.06040750538728,200,0.0,0,0.0,20.00000000000003,704.9229999999974,57.079,12.349953573117913,1.0
136,2,5,0.0,-25.48237671373034,200,0.0,0,0.0,15.000000000000004,351.2840000000007,39.096000000000004,8.9851647227338,1.0
136,3,5,0.0,-24.689227495291824,200,0.0,0,0.0,13.350000000000012,1290.4519999999977,39.825,32.40306340238538,1.0
136,4,5,0.0,-24.623547449362356,200,0.0,0,0.0,12.500000000000014,956.8650000000002,31.991999999999997,29.9095086271568,1.0
137,0,5,0.0,-27.95804864332917,200,0.0,0,0.0,19.80000000000003,957.9189999999995,56.904,16.83394840433009,1.0
137,1,5,1.0,10.755038449707781,2,1.0,0,0.0,0.1,9.753,9.753,1.0,1.0
137,2,5,0.0,-22.940793663980457,200,0.0,0,0.0,10.000000000000007,1031.4529999999947,36.111000000000004,28.563401733543646,1.0
137,3,5,0.0,-25.72012020744037,200,0.0,0,0.0,14.900000000000002,650.5699999999977,33.358999999999995,19.502083395785178,1.0
137,4,5,0.0,-23.021294213334897,200,0.0,0,0.0,10.000000000000007,1696.679999999999,50.409,33.658275307980695,1.0
138,0,5,0.0,-23.0015425121672,200,0.0,0,0.0,10.000000000000007,993.399999999998,37.601,26.419510119411665,1.0
138,1,5,0.0,-25.75453834552864,200,0.0,0,0.0,15.000000000000004,942.4439999999978,17.903,52.6416801653353,1.0
138,2,5,0.0,-25.556338117119317,200,0.0,0,0.0,15.000000000000002,619.197999999999,45.919,13.484570657026481,1.0
138,3,5,0.0,-23.641581931867204,200,0.0,0,0.0,10.100000000000009,381.81799999999896,46.38,8.232384648555389,1.0
138,4,5,0.0,-22.982563338300974,200,0.0,0,0.0,10.000000000000007,1481.092999999996,40.26,36.788201689021264,1.0
139,0,5,0.0,-28.039406493881785,200,0.0,0,0.0,20.000000000000014,1825.3410000000092,51.895,35.17373542730531,1.0
139,1,5,0.0,-23.740139168118642,200,0.0,0,0.0,10.050000000000008,1048.9179999999942,22.383000000000003,46.86226153777394,1.0
139,2,5,1.0,10.416111639205745,4,1.0,0,0.0,0.39999999999999997,18.936,18.936,1.0,1.0
139,3,5,0.0,-24.74895987084877,200,0.0,0,0.0,13.400000000000013,714.8799999999981,34.688,20.608856088560827,1.0
139,4,5,1.0,10.082175010230527,7,0.9378878014456599,0,0.0,0.49999999999999994,31.266,29.323999999999998,1.0662256172418496,1.0
140,0,5,0.0,-25.594318274985568,200,0.0,0,0.0,15.100000000000003,1756.8030000000078,48.788000000000004,36.00891612691661,1.0
140,1,5,1.0,9.935468791758788,8,0.8908295998095362,0,0.0,0.6,46.202999999999996,41.159,1.1225491387059938,1.0
140,2,5,0.0,-23.176095704939424,200,0.0,0,0.0,10.000000000000007,915.5680000000006,50.59299999999999,18.09673274958988,1.0
140,3,5,0.0,-25.37261187263319,200,0.0,0,0.0,15.000000000000004,886.5999999999987,18.749,47.28785535228538,1.0
140,4,5,0.0,-25.725220285882187,200,0.0,0,0.0,15.000000000000002,940.8519999999969,25.535000000000004,36.84558449187377,1.0
141,0,5,1.0,9.905162496700202,8,0.8781197681905989,0,0.0,0.6500000000000001,38.825,34.093,1.1387968204616783,1.0
141,1,5,0.0,-25.78954657526009,200,0.0,0,0.0,15.000000000000002,733.995999999998,49.887,14.713171768196084,1.0
141,2,5,0.0,-23.66357664606418,200,0.0,0,0.0,10.000000000000007,990.9399999999974,39.154,25.308780712060003,1.0
141,3,5,1.0,10.013259989200863,7,0.7851893725268514,0,0.0,0.6500000000000001,28.304,22.224,1.2735781137509,1.0
141,4,5,0.0,-22.987470485185476,200,0.0,0,0.0,10.000000000000007,678.5999999999993,52.516000000000005,12.92177622058038,1.0
142,0,5,1.0,9.447321642470413,12,0.9085606077095532,0,0.0,0.8000000000000002,45.943000000000005,41.742000000000004,1.1006420391931389,1.0
142,1,5,0.0,-25.438097389732683,200,0.0,0,0.0,15.000000000000004,975.600000000003,28.771,33.90914462479591,1.0
142,2,5,0.0,-25.559751811204375,200,0.0,0,0.0,15.000000000000004,616.399999999999,13.941,44.21490567391141,1.0
142,3,5,0.0,-23.388988580750418,200,0.0,0,0.0,10.100000000000009,720.4740000000007,28.811,25.006907084099847,1.0
142,4,5,1.0,10.224859678782757,6,0.8940109578688834,0,0.0,0.39999999999999997,26.465,23.66,1.1185545224006763,1.0
143,0,5,0.0,-13.827504416692053,19,0.0,10,1.0,0.65,38.68,32.83,1.1781906792567773,1.0
143,1,5,0.0,-23.29289412538362,200,0.0,0,0.0,10.050000000000008,778.9420000000016,45.62,17.074572555896573,1.0
143,2,5,1.0,9.490159657439976,12,0.48821825349420617,0,0.0,0.8000000000000002,66.968,32.695,2.0482642605903045,1.0
143,3,5,0.0,-25.590284993320527,200,0.0,0,0.0,15.050000000000002,1753.0480000000077,53.89600000000001,32.5264954727625,1.0
143,4,5,0.0,-13.761543823931142,19,0.0,10,1.0,0.44999999999999996,31.329,38.803,0.8073860268535938,1.0
144,0,5,0.0,-30.793929111963646,200,0.0,0,0.0,24.900000000000002,1422.1380000000006,28.410999999999998,50.05589384393371,1.0
144,1,5,0.0,-25.912526831639013,200,0.0,0,0.0,15.000000000000004,748.7710000000003,49.382000000000005,15.162832611072865,1.0
144,2,5,1.0,10.500567551963048,4,0.6402010793228358,0,0.0,0.25,27.054000000000002,17.32,1.5620092378752888,1.0
144,3,5,0.0,-25.399358342532782,200,0.0,0,0.0,15.000000000000002,942.5999999999977,50.728,18.581454029332868,1.0
144,4,5,1.0,9.9413345424318,8,0.5867945723830077,0,0.0,0.6000000000000001,67.65400000000001,39.699000000000005,1.7041739086626868,1.0
145,0,5,0.0,-24.40609958598583,200,0.0,0,0.0,11.450000000000015,1117.0790000000009,44.926,24.864866669634527,1.0
145,1,5,1.0,10.586714911698314,3,1.0,0,0.0,0.25,15.062,15.062,1.0,1.0
145,2,5,0.0,-22.476361576354748,200,0.0,0,0.0,10.000000000000007,2044.0000000000048,20.3,100.68965517241402,1.0
145,3,5,1.0,10.266780682487813,6,0.46555766161213097,0,0.0,0.35,40.096,18.667,2.147961643542079,1.0
145,4,5,0.0,-30.932141486320937,200,0.0,0,0.0,24.95,322.7649999999989,48.98,6.589730502245793,1.0
146,0,5,1.0,10.654704248534102,2,1.0,0,0.0,0.3,9.721,9.721,1.0,1.0
146,1,5,0.0,-25.67743256951903,200,0.0,0,0.0,14.950000000000003,654.2809999999981,33.516,19.521452440625318,1.0
146,2,5,1.0,9.963261816202484,8,0.7372093541699176,0,0.0,0.55,44.857,33.068999999999996,1.356466781577913,1.0
146,3,5,0.0,-25.56571006174446,200,0.0,0,0.0,15.000000000000004,755.6000000000024,57.495000000000005,13.142012348899945,1.0
146,4,5,0.0,-25.58510551288439,200,0.0,0,0.0,15.000000000000002,563.6260000000026,38.147,14.775106823603497,1.0
147,0,5,1.0,10.727338638373121,2,1.0,0,0.0,0.15000000000000002,24.881999999999998,24.881999999999998,1.0,1.0
147,1,5,0.0,-25.483502182357043,200,0.0,0,0.0,15.000000000000004,1170.1659999999995,49.946000000000005,23.42862291274575,1.0
147,2,5,0.0,-22.739678328635318,200,0.0,0,0.0,10.000000000000007,627.9999999999978,12.062,52.064334272923055,1.0
147,3,5,1.0,10.875,1,1.0,0,0.0,0.05,2.573,2.573,1.0,1.0
147,4,5,1.0,9.905907366513787,8,0.8276395332489807,0,0.0,0.6500000000000001,42.678,35.321999999999996,1.208255478172244,1.0
148,0,5,0.0,-22.97663196515922,200,0.0,0,0.0,10.000000000000007,735.8139999999994,33.524,21.948872449588336,1.0
148,1,5,0.0,-25.589637635092075,200,0.0,0,0.0,15.000000000000002,738.1539999999969,45.617,16.181555121993927,1.0
148,2,5,1.0,10.731388389416903,2,1.0,0,0.0,0.15000000000000002,23.358,23.358,1.0,1.0
148,3,5,1.0,9.633487796624507,10,0.8479403167088108,0,0.0,0.8,55.76100000000001,47.282000000000004,1.179328285605516,1.0
148,4,5,1.0,10.009424392020394,7,0.9448490757202118,0,0.0,0.65,52.311,49.426,1.0583700886173268,1.0
149,0,5,1.0,9.959118370610303,8,0.9525474037766799,0,0.0,0.55,51.209,48.779,1.0498165194038418,1.0
149,1,5,0.0,-25.646191376203227,200,0.0,0,0.0,15.000000000000004,964.373000000004,22.750999999999998,42.38815876225239,1.0
149,2,5,0.0,-25.38759526452085,200,0.0,0,0.0,15.050000000000002,1168.3630000000046,48.653999999999996,24.013709047560422,1.0
149,3,5,0.0,-25.463373530527118,200,0.0,0,0.0,15.000000000000002,738.1539999999969,26.369999999999997,27.992188092529275,1.0
149,4,5,0.0,-25.725606096021668,200,0.0,0,0.0,14.950000000000003,822.5390000000011,42.782,19.226286756112412,1.0
150,0,5,1.0,9.593681547391737,10,1.0,0,0.0,0.9000000000000001,52.37199999999999,52.37199999999999,1.0,1.0
150,1,5,0.0,-26.1744899421,200,0.0,0,0.0,15.000000000000002,1042.126999999998,16.753,62.205396048468806,1.0
150,2,5,0.0,-25.537065695874166,200,0.0,0,0.0,15.000000000000004,753.6,59.745000000000005,12.613607833291487,1.0
150,3,5,0.0,-25.698359945163457,200,0.0,0,0.0,14.900000000000002,1341.4049999999986,49.602,27.0433651868876,1.0
150,4,5,0.0,-22.954219110086857,200,0.0,0,0.0,10.000000000000007,632.9939999999999,67.69200000000001,9.351090232228326,1.0
151,0,5,0.0,-25.591653764447518,200,0.0,0,0.0,15.000000000000004,889.9420000000028,55.546,16.02171173441837,1.0
151,1,5,0.0,-13.169787690328118,11,0.0,10,1.0,0.1,4.76,32.641,0.1458288655372078,1.0
151,2,5,0.0,-24.760497160536584,200,0.0,0,0.0,13.350000000000012,1238.0060000000012,49.129000000000005,25.19908811496267,1.0
151,3,5,0.0,-12.950532436101762,11,0.0,10,1.0,0.1,2.506,16.941,0.1479251519981111,1.0
151,4,5,0.0,-22.996700655602517,200,0.0,0,0.0,10.000000000000007,982.7999999999979,70.31700000000001,13.976705490848554,1.0
152,0,5,0.0,-23.092876419369635,200,0.0,0,0.0,10.000000000000007,621.741999999999,39.278000000000006,15.829268292682901,1.0
152,1,5,0.0,-24.80674882048978,200,0.0,0,0.0,13.350000000000012,1397.850000000001,44.51,31.405302179285577,1.0
152,2,5,0.0,-23.740889551699166,200,0.0,0,0.0,10.150000000000011,1124.283999999999,55.32,20.323282718727384,1.0
152,3,5,1.0,9.955262988962746,8,0.8719462650993988,0,0.0,0.5500000000000002,55.383,48.291000000000004,1.1468596632912964,1.0
152,4,5,0.0,-25.173701634745612,200,0.0,0,0.0,15.050000000000002,1038.6899999999973,41.352000000000004,25.11825304701096,1.0
153,0,5,0.0,-26.158373497566267,200,0.0,0,0.0,15.000000000000004,549.5280000000008,50.335,10.91741333068443,1.0
153,1,5,1.0,9.626684041962156,10,0.8849652220438736,0,0.0,0.85,69.153,61.198,1.129987908101572,1.0
153,2,5,0.0,-25.54710212724052,200,0.0,0,0.0,15.000000000000004,1025.7090000000026,40.61600000000001,25.25381623005718,1.0
153,3,5,1.0,9.718269834037258,10,0.9449845155093322,0,0.0,0.6500000000000001,60.383,57.06100000000001,1.058218397854927,1.0
153,4,5,0.0,-23.21465374203133,200,0.0,0,0.0,10.000000000000007,919.3319999999986,57.254999999999995,16.056798532879203,1.0
154,0,5,0.0,-22.83266599199188,200,0.0,0,0.0,10.000000000000007,760.5999999999996,22.726999999999997,33.4668016016192,1.0
154,1,5,0.0,-25.846750259320288,200,0.0,0,0.0,15.000000000000002,423.31299999999794,65.55600000000001,6.457273171029317,1.0
154,2,5,1.0,9.680920670936612,10,0.7372421970948205,0,0.0,0.75,47.226000000000006,34.817,1.3564063532182555,1.0
154,3,5,0.0,-30.65764986135151,200,0.0,0,0.0,25.0,1122.8710000000012,53.733000000000004,20.89723261310556,1.0
154,4,5,0.0,-23.335537346359843,200,0.0,0,0.0,10.200000000000012,1091.2590000000002,38.076,28.660022061140882,1.0
155,0,5,0.0,-16.21666861655455,14,0.0,13,1.0,0.05,3.913,27.352,0.14306083650190113,1.0
155,1,5,1.0,9.642073216088413,10,0.743560366624526,0,0.0,0.8,50.624,37.642,1.3448807183465277,1.0
155,2,5,0.0,-15.954369429862046,14,0.0,13,1.0,0.1,3.518,8.191,0.4294957880600659,1.0
155,3,5,0.0,-25.59246730790011,200,0.0,0,0.0,15.000000000000004,1165.840000000003,46.265,25.199178644763926,1.0
155,4,5,0.0,-23.756806279283573,200,0.0,0,0.0,10.100000000000009,914.4609999999966,45.674,20.02147830275423,1.0
156,0,5,0.0,-23.107073904852673,200,0.0,0,0.0,10.000000000000007,879.5550000000019,46.181,19.04581970940434,1.0
156,1,5,0.0,-12.98019797541235,13,0.0,10,1.0,0.2,15.763,42.379000000000005,0.3719530899738077,1.0
156,2,5,0.0,-24.32643303118395,200,0.0,0,0.0,11.500000000000016,1137.960000000001,58.138999999999996,19.573092072447086,1.0
156,3,5,0.0,-25.424509056418014,200,0.0,0,0.0,15.000000000000002,755.6000000000024,54.82299999999999,13.782536526640325,1.0
156,4,5,1.0,10.707700092772201,2,0.9012617816965643,0,0.0,0.2,13.156,11.857000000000001,1.1095555368136965,1.0
157,0,5,1.0,10.875,1,1.0,0,0.0,0.05,3.598,3.598,1.0,1.0
157,1,5,0.0,-23.137988826815615,200,0.0,0,0.0,10.000000000000007,2118.5860000000084,32.22,65.75375543140933,1.0
157,2,5,0.0,-24.279277296953634,200,0.0,0,0.0,12.500000000000016,712.0999999999995,40.901999999999994,17.409906606033925,1.0
157,3,5,1.0,10.52053498130074,4,0.7423483206933912,0,0.0,0.2,29.535999999999998,21.926000000000002,1.3470765301468575,1.0
157,4,5,0.0,-25.711667967733543,200,0.0,0,0.0,15.000000000000002,1128.7880000000018,42.272999999999996,26.702339554798616,1.0
158,0,5,0.0,-12.989886007111483,12,0.0,10,1.0,0.15000000000000002,9.669,47.81,0.2022380255176741,1.0
158,1,5,1.0,9.715167493243845,9,0.762419055381968,0,0.0,0.85,44.166000000000004,33.673,1.3116146467496215,1.0
158,2,5,0.0,-25.540429507904996,200,0.0,0,0.0,15.000000000000004,1344.7830000000015,33.713,39.88915255242789,1.0
158,3,5,1.0,10.200855654517369,6,0.9012470009774591,0,0.0,0.45,33.761,30.427,1.1095737338548002,1.0
158,4,5,0.0,-12.883322405047632,12,0.0,10,1.0,0.15000000000000002,12.411999999999999,40.415,0.30711369541012,1.0
159,0,5,0.0,-28.086893739913325,200,0.0,0,0.0,20.000000000000014,1825.3410000000092,70.63799999999999,25.84077975027619,1.0
159,1,5,1.0,10.344083993583823,5,1.0,0,0.0,0.35,41.146,41.146,1.0,1.0
159,2,5,1.0,10.224809428555982,6,0.7316851265822785,0,0.0,0.39999999999999997,25.28,18.497,1.3667081148294318,1.0
159,3,5,1.0,10.507966890448582,3,1.0,0,0.0,0.4,13.108,13.108,1.0,1.0
159,4,5,0.0,-23.064599684725824,200,0.0,0,0.0,10.000000000000007,613.199999999999,24.105999999999998,25.437650377499338,1.0
160,0,5,0.0,-23.10681927840031,200,0.0,0,0.0,10.000000000000007,900.8000000000025,37.306,24.14624993298672,1.0
160,1,5,0.0,-13.157086719571657,13,0.0,10,1.0,0.15000000000000002,25.886,41.836,0.6187494024285305,1.0
160,2,5,0.0,-23.05358287958989,200,0.0,0,0.0,10.000000000000007,660.3650000000016,65.933,10.015697753780376,1.0
160,3,5,0.0,-12.95238748431056,13,0.0,10,1.0,0.2,20.231,55.77,0.3627577550654474,1.0
160,4,5,1.0,10.7552774165583,2,1.0,0,0.0,0.1,9.228,9.228,1.0,1.0
161,0,5,0.0,-25.932522440805812,200,0.0,0,0.0,14.950000000000003,1603.9299999999994,42.44499999999999,37.78843208858522,1.0
161,1,5,0.0,-25.50196622610774,200,0.0,0,0.0,15.000000000000004,1107.3809999999978,48.498999999999995,22.83306872306641,1.0
161,2,5,1.0,9.621135770817077,10,0.829618806295892,0,0.0,0.8500000000000001,54.067,44.855,1.2053728681306433,1.0
161,3,5,0.0,-25.83194111904643,200,0.0,0,0.0,14.900000000000002,643.907999999997,38.926,16.541848635873116,1.0
161,4,5,1.0,9.435852376155383,12,0.6288187768800774,0,0.0,0.8500000000000002,89.98299999999999,56.583,1.5902833006380006,1.0
162,0,5,1.0,10.729095399061034,2,1.0,0,0.0,0.15000000000000002,26.625,26.625,1.0,1.0
162,1,5,0.0,-12.9,10,0.0,10,1.0,0.0,0.0,52.317,0.0,1.0
162,2,5,0.0,-25.750518150201046,200,0.0,0,0.0,15.000000000000004,620.8059999999989,36.804,16.867894794044094,1.0
162,3,5,1.0,0.421118837409173,15,0.9234487734487734,9,0.0,0.35,27.72,25.598,1.0828971013360418,1.0
162,4,5,0.0,-12.92945365499728,10,0.0,10,1.0,0.0,0.0,27.565,0.0,1.0
163,0,5,0.0,-22.926866932078603,200,0.0,0,0.0,10.000000000000007,606.1999999999992,41.445,14.62661358426829,1.0
163,1,5,1.0,10.040469544648138,8,0.42449041068380355,0,0.0,0.39999999999999997,59.754000000000005,25.365,2.3557658190419875,1.0
163,2,5,0.0,-24.66929373275038,200,0.0,0,0.0,13.350000000000012,611.8149999999996,64.494,9.48638633051136,1.0
163,3,5,1.0,10.85,1,1.0,0,0.0,0.1,6.271,6.271,1.0,1.0
163,4,5,0.0,-25.92573793160105,200,0.0,0,0.0,15.050000000000002,945.1929999999986,36.521,25.88080830207274,1.0
164,0,5,0.0,-23.249963168867207,200,0.0,0,0.0,10.15000000000001,917.8510000000035,57.56,15.94598679638644,1.0
164,1,5,0.0,-13.5677741711106,14,0.0,10,1.0,0.3,15.409999999999998,43.129999999999995,0.3572919081845583,1.0
164,2,5,0.0,-13.28146312598069,14,0.0,10,1.0,0.25,13.302999999999999,37.601,0.3537937820802638,1.0
164,3,5,0.0,-23.48940756006095,200,0.0,0,0.0,10.150000000000011,1151.8799999999965,53.861999999999995,21.385763618135172,1.0
164,4,5,0.0,-13.494915250296447,14,0.0,10,1.0,0.2,12.625,43.009,0.29354321188588434,1.0
165,0,5,1.0,10.462750755824294,4,0.6945405138339921,0,0.0,0.3,32.384,22.492,1.4398008180686466,1.0
165,1,5,0.0,-23.974206117229546,200,0.0,1,0.0,9.950000000000006,903.2609999999979,38.318,23.572759538597996,1.0
165,2,5,1.0,10.122751425190922,6,0.8472614599471431,0,0.0,0.6000000000000001,21.945999999999998,18.594,1.18027320641067,1.0
165,3,5,0.0,-27.836547950121126,200,0.0,0,0.0,20.000000000000014,621.906000000002,33.441,18.597111330402857,1.0
165,4,5,1.0,8.300758247938017,13,0.8650226336058374,1,0.0,0.9000000000000001,74.00500000000001,64.016,1.1560391152211948,1.0
166,0,5,0.0,-33.46766653061219,200,0.0,0,0.0,29.899999999999896,913.0590000000037,24.5,37.26771428571444,1.0
166,1,5,1.0,9.1408896165159,14,0.4889491893358659,0,0.0,1.1000000000000003,73.705,36.038,2.045202286475387,1.0
166,2,5,0.0,-23.382622192359417,200,0.0,0,0.0,10.050000000000008,1031.2130000000018,26.044999999999998,39.59351123056256,1.0
166,3,5,1.0,9.699710470060372,9,0.9028228457508856,0,0.0,0.8500000000000001,47.150999999999996,42.569,1.1076370128497262,1.0
166,4,5,1.0,10.0193932297211,6,0.8491751412429379,0,0.0,0.8,44.25,37.576,1.177613370236321,1.0
167,0,5,1.0,9.953721125943122,8,0.5980250941464347,0,0.0,0.6000000000000001,57.62299999999999,34.46,1.6721706326175272,1.0
167,1,5,0.0,-22.89358079149079,200,0.0,0,0.0,10.000000000000007,630.9999999999968,31.965,19.740340997966427,1.0
167,2,5,0.0,-23.29741979162754,200,0.0,0,0.0,10.000000000000007,3163.000000000009,53.17399999999999,59.4839583254976,1.0
167,3,5,0.0,-28.160474114106727,200,0.0,0,0.0,20.00000000000003,1045.2000000000005,32.566,32.09482282134743,1.0
167,4,5,1.0,10.204061637950527,6,0.6211167911915061,0,0.0,0.44999999999999996,71.204,44.226,1.610003165558721,1.0
168,0,5,0.0,-25.446666666666694,200,0.0,0,0.0,15.000000000000002,1468.8369999999984,52.86600000000001,27.78415238527595,1.0
168,1,5,0.0,-25.352526272603956,200,0.0,0,0.0,15.000000000000004,976.9999999999985,31.687,30.8328336541799,1.0
168,2,5,1.0,10.366891553240627,5,0.9952319241020122,0,0.0,0.3,40.897000000000006,40.702,1.0047909193651419,1.0
168,3,5,0.0,-25.565408385845892,200,0.0,0,0.0,15.000000000000004,874.7739999999985,33.007999999999996,26.501878332525408,1.0
168,4,5,1.0,10.124660081183116,6,0.8489120219764331,0,0.0,0.6000000000000001,41.499,35.229,1.1779783700928212,1.0
169,0,5,1.0,10.560763639548123,3,1.0,0,0.0,0.30000000000000004,11.419,11.419,1.0,1.0
169,1,5,1.0,10.633986694862985,3,1.0,0,0.0,0.15000000000000002,11.349,11.349,1.0,1.0
169,2,5,1.0,10.315381385893582,5,0.7760344324982423,0,0.0,0.4,58.317,45.256,1.2886026162276825,1.0
169,3,5,0.0,-28.25153907518732,200,0.0,0,0.0,19.750000000000014,815.8060000000031,70.19800000000001,11.621499188011098,1.0
169,4,5,0.0,-23.50166051928701,200,0.0,0,0.0,10.100000000000009,1127.345000000003,55.037,20.483402074967803,1.0
170,0,5,0.0,-30.627664399092957,200,0.0,0,0.0,25.0,494.21900000000056,35.28,14.008475056689358,1.0
170,1,5,1.0,10.727779184247538,2,1.0,0,0.0,0.15000000000000002,7.11,7.11,1.0,1.0
170,2,5,1.0,10.704550282977797,2,1.0,0,0.0,0.2,11.485,11.485,1.0,1.0
170,3,5,1.0,9.864270612454966,9,1.0,0,0.0,0.5499999999999999,48.575,48.575,1.0,1.0
170,4,5,0.0,-23.233147944674258,200,0.0,0,0.0,10.050000000000008,1020.9659999999951,30.944000000000003,32.99398914167512,1.0
171,0,5,0.0,-23.448462839382024,200,0.0,0,0.0,10.050000000000008,1153.6469999999965,43.756,26.365458451412298,1.0
171,1,5,1.0,9.686505117746652,10,0.7712488129154794,0,0.0,0.7000000000000002,67.39200000000001,51.976,1.2965984300446363,1.0
171,2,5,1.0,10.75298519316957,2,0.8400610017633321,0,0.0,0.1,20.983,17.627,1.1903897430078858,1.0
171,3,5,1.0,9.704710043999873,10,0.5884073087597087,0,0.0,0.65,53.689,31.591,1.6995030230128834,1.0
171,4,5,0.0,-23.114839117716766,200,0.0,0,0.0,10.000000000000007,914.3049999999987,63.245,14.45655783065853,1.0
172,0,5,1.0,9.455912715145475,11,0.7580235075331618,0,0.0,1.0,68.82900000000001,52.174,1.319220301299498,1.0
172,1,5,1.0,9.474187842305225,11,0.7824341279799247,0,0.0,0.9500000000000001,51.805,40.534,1.2780628608082105,1.0
172,2,5,0.0,-23.025174349379164,200,0.0,0,0.0,10.000000000000007,909.4000000000035,58.790000000000006,15.468617111753758,1.0
172,3,5,1.0,10.493019811410612,4,0.7484850645184288,0,0.0,0.25,14.027000000000001,10.499,1.3360320030479094,1.0
172,4,5,0.0,-27.92581150831581,200,0.0,0,0.0,20.000000000000014,1519.7199999999973,41.848,36.31523609252527,1.0
173,0,5,1.0,10.376856030689384,5,0.26238195328458513,0,0.0,0.35,33.778999999999996,8.863,3.8112377298882993,1.0
173,1,5,1.0,10.875,1,1.0,0,0.0,0.05,3.438,3.438,1.0,1.0
173,2,5,0.0,-25.484361219604416,200,0.0,0,0.0,15.000000000000002,596.5999999999991,63.496,9.395867456217701,1.0
173,3,5,0.0,-22.915233755444234,200,0.0,0,0.0,10.000000000000007,1659.0469999999978,39.721000000000004,41.76750333576691,1.0
173,4,5,0.0,-23.624393504964896,200,0.0,0,0.0,10.15000000000001,885.9929999999983,66.26600000000002,13.370250203724355,1.0
174,0,5,0.0,-25.5738050432818,200,0.0,0,0.0,15.000000000000002,865.7910000000021,53.14000000000001,16.292642077531088,1.0
174,1,5,0.0,-23.319155275148965,200,0.0,0,0.0,10.000000000000007,901.0059999999975,22.823999999999998,39.47625306694697,1.0
174,2,5,1.0,10.582944732297063,3,0.8265743139639401,0,0.0,0.25,18.913,15.633,1.209812575961108,1.0
174,3,5,0.0,-25.77926021688931,200,0.0,0,0.0,14.950000000000003,625.3239999999989,39.836,15.697459584295586,1.0
174,4,5,0.0,-25.027748013742727,200,0.0,0,0.0,15.050000000000002,822.6200000000026,37.256,22.080201846682485,1.0
175,0,5,1.0,10.53948424953675,3,0.42306888261733044,0,0.0,0.35,19.134,8.095,2.363681284743669,1.0
175,1,5,1.0,10.206763360507248,6,0.9822501000934206,0,0.0,0.44999999999999996,44.958,44.160000000000004,1.018070652173913,1.0
175,2,5,0.0,-30.97050983266774,200,0.0,0,0.0,24.65,1467.3810000000037,59.342999999999996,24.72711187503166,1.0
175,3,5,1.0,9.784056726515743,9,0.8826990353016009,0,0.0,0.7000000000000002,56.598,49.959,1.1328889689545427,1.0
175,4,5,0.0,-25.035341365461903,200,0.0,0,0.0,14.000000000000009,1012.8799999999984,54.78,18.4899598393574,1.0
176,0,5,1.0,9.658929851250845,9,1.0,0,0.0,0.9500000000000001,59.160000000000004,59.160000000000004,1.0,1.0
176,1,5,0.0,-25.603557375444584,200,0.0,0,0.0,15.000000000000004,975.600000000003,30.648999999999997,31.831381121733273,1.0
176,2,5,0.0,-25.503821970163973,200,0.0,0,0.0,15.000000000000002,1600.1529999999993,48.666,32.88030657954217,1.0
176,3,5,1.0,9.357977292294446,12,0.6696454309599308,0,0.0,1.0000000000000002,55.504000000000005,37.168,1.4933275936289283,1.0
176,4,5,1.0,10.344457892005739,5,1.0,0,0.0,0.35,32.760999999999996,32.760999999999996,1.0,1.0
177,0,5,0.0,-25.461483743363694,200,0.0,0,0.0,15.000000000000002,1164.2760000000017,57.638,20.199798743884273,1.0
177,1,5,1.0,10.057242370956516,7,0.821308220002407,0,0.0,0.55,33.236000000000004,27.297,1.2175696963036233,1.0
177,2,5,1.0,10.29349696622235,5,0.7909832968029628,0,0.0,0.44999999999999996,26.462,20.931,1.2642491997515646,1.0
177,3,5,1.0,10.583078911870505,3,0.7839957698069974,0,0.0,0.25,11.347,8.895999999999999,1.2755170863309353,1.0
177,4,5,1.0,10.052694660821848,7,0.8368036312775445,0,0.0,0.55,37.893,31.708999999999996,1.195023494906809,1.0
178,0,5,1.0,10.591933013855611,3,0.6347705329982807,0,0.0,0.25,15.122,9.599,1.575372434628607,1.0
178,1,5,1.0,10.490627476077284,4,1.0,0,0.0,0.25,16.407,16.407,1.0,1.0
178,2,5,1.0,10.61207880881869,3,1.0,0,0.0,0.2,12.156,12.156,1.0,1.0
178,3,5,0.0,-25.84240210231886,200,0.0,0,0.0,14.900000000000002,739.7850000000012,44.332,16.687381575385754,1.0
178,4,5,1.0,10.293597442479786,5,1.0,0,0.0,0.44999999999999996,41.681,41.681,1.0,1.0
179,0,5,1.0,10.438151205450735,4,1.0,0,0.0,0.35,22.896,22.896,1.0,1.0
179,1,5,1.0,9.884648792303034,8,0.7941970130113013,0,0.0,0.7000000000000001,37.429,29.726,1.2591334185561462,1.0
179,2,5,0.0,-23.01314627247008,200,0.0,0,0.0,10.050000000000008,931.2869999999978,43.836,21.24479879551049,1.0
179,3,5,1.0,10.629714983713356,3,0.7472427169696508,0,0.0,0.15000000000000002,13.147,9.824,1.3382532573289903,1.0
179,4,5,0.0,-28.464054835229792,200,0.0,0,0.0,19.90000000000003,959.9029999999996,49.129,19.538419263571406,1.0
180,0,5,1.0,10.247616547478954,6,0.7153171237090037,0,0.0,0.35,30.887,22.093999999999998,1.3979813524033675,1.0
180,1,5,1.0,10.205409210787511,6,1.0,0,0.0,0.44999999999999996,35.263,35.263,1.0,1.0
180,2,5,1.0,10.441527421706127,4,0.8481708876950627,0,0.0,0.35000000000000003,23.454,19.893,1.17900769114764,1.0
180,3,5,1.0,10.102857359635813,7,0.8804382150751816,0,0.0,0.45000000000000007,41.166999999999994,36.245,1.1357980411091184,1.0
180,4,5,0.0,-25.67261162465785,200,0.0,0,0.0,15.000000000000004,1157.8650000000032,52.25100000000001,22.159671585232875,1.0
181,0,5,1.0,10.33981978287093,5,0.5239407422388512,0,0.0,0.35000000000000003,39.556000000000004,20.725,1.9086127864897469,1.0
181,1,5,0.0,-25.486335106292024,200,0.0,0,0.0,15.000000000000004,426.99999999999886,58.471000000000004,7.3027654734825616,1.0
181,2,5,1.0,10.875,1,1.0,0,0.0,0.05,8.58,8.58,1.0,1.0
181,3,5,1.0,9.872653130059362,9,0.2780142908047486,0,0.0,0.6,53.321,14.824,3.596937398812736,1.0
181,4,5,0.0,-23.02448599712328,200,0.0,0,0.0,10.000000000000007,1106.6000000000004,59.09499999999999,18.725780522886886,1.0
182,0,5,0.0,-23.02573106821562,200,0.0,0,0.0,10.000000000000007,718.1120000000008,45.796,15.68067080094333,1.0
182,1,5,0.0,-23.1415639796489,200,0.0,0,0.0,10.000000000000007,873.8979999999959,34.003,25.700614651648266,1.0
182,2,5,0.0,-25.804068159410573,200,0.0,0,0.0,15.050000000000002,739.2610000000019,77.08400000000002,9.590330029578144,1.0
182,3,5,1.0,9.881949250555145,8,0.9555511349822073,0,0.0,0.7000000000000002,45.243,43.232000000000006,1.0465164692820133,1.0
182,4,5,1.0,10.301732008771346,5,0.5870260571071929,0,0.0,0.45,25.636000000000003,15.049,1.7035018938135427,1.0
183,0,5,1.0,10.535713829702336,3,0.9608557297856841,0,0.0,0.35000000000000003,26.083,25.061999999999998,1.0407389673609448,1.0
183,1,5,1.0,10.366147134045434,5,0.49405381299241863,0,0.0,0.3,26.908,13.294,2.02407100947796,1.0
183,2,5,0.0,-22.953342412220895,200,0.0,0,0.0,10.000000000000007,965.5980000000035,16.889,57.1731896500683,1.0
183,3,5,0.0,-23.055482857679802,200,0.0,0,0.0,10.000000000000007,792.3009999999989,37.247,21.271538647407816,1.0
183,4,5,0.0,-25.552555858411754,200,0.0,0,0.0,15.000000000000002,1050.4369999999974,53.93099999999999,19.477424857688483,1.0
184,0,5,1.0,10.611044104929375,3,0.9869132290184921,0,0.0,0.2,17.575,17.345,1.013260305563563,1.0
184,1,5,0.0,-23.19961401089891,200,0.0,0,0.0,10.050000000000008,931.7669999999949,76.15500000000003,12.235138861532329,1.0
184,2,5,0.0,-25.32691870629359,200,0.0,0,0.0,15.000000000000002,882.8960000000003,27.456000000000003,32.156759906759916,1.0
184,3,5,0.0,-22.94983885474442,200,0.0,0,0.0,10.000000000000007,1074.6000000000042,53.367999999999995,20.1356618198172,1.0
184,4,5,1.0,10.609513078470824,3,1.0,0,0.0,0.2,14.91,14.91,1.0,1.0
185,0,5,0.0,-24.50628071065987,200,0.0,0,0.0,12.550000000000015,683.9889999999997,59.1,11.573417935702194,1.0
185,1,5,1.0,10.011920622517417,7,0.4519157200871049,0,0.0,0.65,33.982,15.357,2.2128019795532983,1.0
185,2,5,1.0,9.523481302176647,11,0.7177782338053219,0,0.0,0.8500000000000001,73.095,52.466,1.39318796935158,1.0
185,3,5,1.0,10.53561435302646,3,1.0,0,0.0,0.35,11.036000000000001,11.036000000000001,1.0,1.0
185,4,5,1.0,10.629940595324278,3,0.9684909473336907,0,0.0,0.15000000000000002,24.247,23.482999999999997,1.0325341736575395,1.0
186,0,5,0.0,-23.181351397997943,200,0.0,0,0.0,10.000000000000007,776.4959999999992,23.176,33.50431480842247,1.0
186,1,5,1.0,9.787712000361525,9,0.8623733437256431,0,0.0,0.7000000000000001,51.32,44.257000000000005,1.1595905732426508,1.0
186,2,5,1.0,10.17282275024326,6,1.0,0,0.0,0.5,31.859,31.859,1.0,1.0
186,3,5,0.0,-25.58969783466527,200,0.0,0,0.0,15.050000000000002,911.4409999999987,49.923,18.256935680948633,1.0
186,4,5,0.0,-25.588863628162045,200,0.0,0,0.0,15.000000000000004,1172.0129999999995,55.422000000000004,21.1470715600303,1.0
187,0,5,0.0,-23.487919890618684,200,0.0,0,0.0,10.100000000000009,1167.7460000000015,32.181000000000004,36.28681520151646,1.0
187,1,5,0.0,-23.093454465849447,200,0.0,0,0.0,10.000000000000007,1028.4000000000049,45.67999999999999,22.513134851138464,1.0
187,2,5,1.0,9.85224541201871,9,0.6039241252988109,0,0.0,0.6000000000000001,64.42200000000001,38.906000000000006,1.6558371459415,1.0
187,3,5,0.0,-24.191082596671063,200,0.0,0,0.0,11.950000000000015,774.1139999999991,58.937000000000005,13.13460135398814,1.0
187,4,5,1.0,10.637091242723361,3,1.0,0,0.0,0.15000000000000002,15.803999999999998,15.803999999999998,1.0,1.0
188,0,5,1.0,10.204084132055378,6,0.5089890685698799,0,0.0,0.44999999999999996,22.137999999999998,11.268,1.964678736244231,1.0
188,1,5,1.0,10.200781781101291,6,0.8694995402600815,0,0.0,0.45,30.452,26.478,1.15008686456681,1.0
188,2,5,1.0,10.030069235296153,7,0.8596809713707515,0,0.0,0.6000000000000002,33.602000000000004,28.886999999999997,1.1632222106830064,1.0
188,3,5,0.0,-23.227542475498527,200,0.0,0,0.0,10.050000000000008,902.5189999999992,26.427,34.15139819124377,1.0
188,4,5,0.0,-23.593913998243224,200,0.0,0,0.0,10.050000000000008,915.3679999999978,50.092000000000006,18.273736325161657,1.0
189,0,5,1.0,10.123813540368703,6,0.9160057361936259,0,0.0,0.6,34.169,31.299,1.091696220326528,1.0
189,1,5,0.0,-12.927991373896953,11,0.0,10,1.0,0.05,4.588,30.257,0.1516343325511452,1.0
189,2,5,0.0,-25.559022492812453,200,0.0,0,0.0,15.000000000000004,1023.4110000000026,29.565,34.615626585489686,1.0
189,3,5,1.0,10.147196861626249,6,0.5942986329435869,0,0.0,0.6,28.309,16.824,1.6826557299096527,1.0
189,4,5,0.0,-12.936161005665355,11,0.0,10,1.0,0.05,3.393,38.303000000000004,0.08858313970185101,1.0
190,0,5,1.0,10.324277989919047,5,0.835119138731568,0,0.0,0.39999999999999997,39.198,32.735,1.197433939208798,1.0
190,1,5,0.0,-24.222819095030683,200,0.0,0,0.0,12.600000000000016,795.6969999999985,56.245000000000005,14.146981953951435,1.0
190,2,5,1.0,9.52102039669156,10,0.851743430502168,0,0.0,1.05,73.10300000000001,62.265,1.1740624749056454,1.0
190,3,5,0.0,-25.733658339970106,200,0.0,0,0.0,14.950000000000003,631.1670000000005,51.480999999999995,12.260193080942495,1.0
190,4,5,1.0,9.88284530028928,8,0.8900887744514047,0,0.0,0.7000000000000001,52.042,46.322,1.1234834419930055,1.0
191,0,5,1.0,10.151715167368293,6,0.7790301525137708,0,0.0,0.5499999999999999,31.407000000000004,24.467000000000002,1.2836473617525648,1.0
191,1,5,0.0,-25.41604686045315,200,0.0,0,0.0,15.000000000000002,1242.5619999999983,58.001999999999995,21.422744043308825,1.0
191,2,5,0.0,-25.396773766732178,200,0.0,0,0.0,15.000000000000002,936.200000000003,45.346999999999994,20.645246653582443,1.0
191,3,5,0.0,-23.477327019642598,200,0.0,0,0.0,10.10000000000001,869.9049999999984,54.168000000000006,16.059389307340094,1.0
191,4,5,0.0,-28.08806963645683,200,0.0,0,0.0,20.000000000000014,1826.000000000009,41.013,44.52246848560235,1.0
192,0,5,1.0,10.377001286081738,5,0.501056098521462,0,0.0,0.3,27.932999999999996,13.995999999999999,1.9957845098599598,1.0
192,1,5,0.0,-20.723271086865317,200,0.0,0,0.0,10.050000000000008,3144.7660000000087,11.915000000000001,263.93336130927474,1.0
192,2,5,1.0,9.768324306927397,9,0.7727257135016464,0,0.0,0.7500000000000001,58.304,45.053,1.2941202583623734,1.0
192,3,5,0.0,-25.64854725415083,200,0.0,0,0.0,15.000000000000002,756.5300000000025,12.528,60.387132822477845,1.0
192,4,5,1.0,9.964415268002165,8,0.7350297298562668,0,0.0,0.55,42.717999999999996,31.399,1.3604891875537437,1.0
193,0,5,1.0,10.097656583376795,6,0.8883600446475581,0,0.0,0.65,47.483,42.182,1.1256697169408751,1.0
193,1,5,0.0,-24.474886065489038,200,0.0,0,0.0,12.000000000000016,945.5619999999972,48.404999999999994,19.534386943497516,1.0
193,2,5,0.0,-25.494101158850334,200,0.0,0,0.0,15.000000000000002,1026.8000000000025,47.806,21.478475505166767,1.0
193,3,5,0.0,-25.586464702978517,200,0.0,0,0.0,15.000000000000004,1344.7830000000015,60.769999999999996,22.12906039164064,1.0
193,4,5,0.0,-25.582655158240875,200,0.0,0,0.0,15.000000000000002,984.799999999997,48.66000000000001,20.238388820386287,1.0
194,0,5,1.0,9.882383654213948,8,0.8726079216733421,0,0.0,0.7,35.952000000000005,31.372,1.1459900548259596,1.0
194,1,5,1.0,9.861336896673858,9,0.6759603874197411,0,0.0,0.6000000000000001,45.945,31.057000000000002,1.4793766300672955,1.0
194,2,5,0.0,-25.823744437826303,200,0.0,0,0.0,15.000000000000002,955.2169999999985,57.081999999999994,16.73411933709398,1.0
194,3,5,1.0,10.199606748416437,6,0.9960567025944876,0,0.0,0.44999999999999996,49.45099999999999,49.256,1.0039589085593632,1.0
194,4,5,1.0,9.677625526835092,10,0.6211619073561233,0,0.0,0.75,66.081,41.04699999999999,1.609886227982557,1.0
195,0,5,1.0,9.60302427812737,10,0.5709808118645364,0,0.0,0.9,78.48599999999999,44.814,1.7513723390012048,1.0
195,1,5,1.0,10.452463343108503,4,0.49714493986149916,0,0.0,0.35,24.693,12.276,2.0114858260019552,1.0
195,2,5,0.0,-13.332562244518764,15,0.0,10,1.0,0.39999999999999997,19.054000000000002,43.056,0.4425399479747307,1.0
195,3,5,0.0,-13.495847027156103,15,0.0,10,1.0,0.35,17.887999999999998,46.06700000000001,0.3883039920116351,1.0
195,4,5,0.0,-25.066169329288925,200,0.0,0,0.0,13.500000000000012,833.1420000000008,74.175,11.232113245702742,1.0
196,0,5,0.0,-25.48179973649544,200,0.0,0,0.0,15.000000000000004,963.6839999999972,7.59,126.96758893280597,1.0
196,1,5,1.0,9.902500607061338,8,0.46841374917536804,0,0.0,0.7000000000000001,43.958999999999996,20.591,2.1348647467340096,1.0
196,2,5,0.0,-25.51574453098275,200,0.0,0,0.0,15.000000000000004,1441.7240000000024,49.689,29.01495300770799,1.0
196,3,5,1.0,10.133900241662639,6,0.8221932571410405,0,0.0,0.6000000000000001,62.910999999999994,51.724999999999994,1.2162590623489609,1.0
196,4,5,0.0,-25.912167829775644,200,0.0,0,0.0,15.050000000000002,931.7970000000032,58.464,15.937961822660153,1.0
197,0,5,1.0,9.891410814892257,8,0.8945290175092222,0,0.0,0.7000000000000001,38.494,34.434,1.1179067201022246,1.0
197,1,5,0.0,-22.920438139619858,200,0.0,0,0.0,10.000000000000007,869.6870000000023,21.888,39.73350694444454,1.0
197,2,5,1.0,9.518918524035982,11,0.6314970601537765,0,0.0,0.8500000000000001,55.27499999999999,34.90599999999999,1.5835386466510057,1.0
197,3,5,1.0,9.839891390852488,9,0.4227222354151825,0,0.0,0.6000000000000001,50.532,21.361,2.365619587097982,1.0
197,4,5,0.0,-22.88322978315863,200,0.0,0,0.0,10.000000000000007,950.9999999999992,40.721000000000004,23.35404336828661,1.0
198,0,5,1.0,10.31865729369583,5,0.8698246648003539,0,0.0,0.39999999999999997,40.721999999999994,35.42100000000001,1.1496569831455912,1.0
198,1,5,0.0,-23.038265720433056,200,0.0,0,0.0,10.000000000000007,358.3159999999993,57.632000000000005,6.2173098278733905,1.0
198,2,5,0.0,-28.497743722663277,200,0.0,0,0.0,19.900000000000013,919.4500000000021,30.865000000000002,29.789405475457706,1.0
198,3,5,0.0,-28.089400575647613,200,0.0,0,0.0,20.00000000000003,714.4000000000004,39.955,17.88011512952072,1.0
198,4,5,1.0,10.467274125099944,4,0.8622719558761136,0,0.0,0.3,18.856,16.259,1.159726920474814,1.0
199,0,5,0.0,-25.427287847561175,200,0.0,0,0.0,15.000000000000004,984.799999999997,55.314,17.80381097009793,1.0
199,1,5,1.0,9.944329415831318,8,0.38290832083296567,0,0.0,0.6000000000000001,45.332,17.358,2.611591197142528,1.0
199,2,5,1.0,9.835593361379502,8,0.7478435236564159,0,0.0,0.8,57.849,43.262,1.3371781239887197,1.0
199,3,5,0.0,-23.07997844791302,200,0.0,0,0.0,10.000000000000007,2116.9150000000086,59.391000000000005,35.643700223939796,1.0
199,4,5,0.0,-25.55969727975154,200,0.0,0,0.0,15.000000000000004,1221.8610000000049,56.68600000000001,21.55489891684022,1.0
