episode,mean_reward,std_reward,success_rate,n_robots,robot_0_reward,robot_0_success,robot_1_reward,robot_1_success,robot_2_reward,robot_2_success,robot_3_reward,robot_3_success,robot_4_reward,robot_4_success,robot_5_reward,robot_5_success,robot_6_reward,robot_6_success,robot_7_reward,robot_7_success,robot_8_reward,robot_8_success,robot_9_reward,robot_9_success
1,-27.626300042506266,14.661721078131174,0.2,10,-39.06555100463675,0.0,-45.47135263030174,0.0,-33.75305953237019,0.0,-31.973175908835564,0.0,8.24226999570754,1.0,-32.11339050412309,0.0,-28.733038314412642,0.0,-28.122173211638497,0.0,-10.67901006599561,1.0,-34.59451924845616,0.0
2,-15.649407568277017,17.471516193330032,0.5,10,-30.13931322207961,0.0,-11.862569813829799,1.0,-28.485776102941177,0.0,-35.63479865061515,0.0,10.271275723505298,1.0,-20.35237458312634,1.0,-26.295758334579162,0.0,7.579261501210654,1.0,10.067864705882352,1.0,-31.641886906197243,0.0
3,-17.82303118015642,20.521313434144588,0.4,10,8.428092479674797,1.0,-22.9295787025071,0.0,-27.069954216975624,0.0,-8.633759460198785,1.0,10.645702272727274,1.0,-57.43644534412941,0.0,5.410718888888887,1.0,-29.463851347959224,0.0,-24.163013482924903,0.0,-33.01822288816013,0.0
4,-14.18936389987196,15.110834898924455,0.7,10,-22.871302563754732,1.0,-11.062806225642545,1.0,-26.938675273552168,0.0,9.116604315947342,1.0,-10.823527182866545,1.0,-24.385161561417362,0.0,-45.63827532148864,0.0,-4.790690871249344,1.0,-4.966064166988794,1.0,0.4662598522931791,1.0
5,-5.548934747979325,13.155836467140148,0.8,10,5.079925009145225,1.0,-29.918180460609253,0.0,3.856231902112225,1.0,-25.810364599894033,0.0,-4.351059764496796,1.0,-11.183527191350544,1.0,5.660975947281712,1.0,3.5644916460396043,1.0,-12.264429315100424,1.0,9.876589347079038,1.0
6,-15.845912774163988,16.11690371482271,0.6,10,-29.050880081300832,0.0,-7.464236255145352,1.0,-20.149742628528195,1.0,1.3958111167002034,1.0,-33.270765207631875,0.0,3.6561570808464445,1.0,-13.220986131550703,1.0,-31.89477275431294,0.0,9.045522857142858,1.0,-37.5052357378595,0.0
7,-22.56798685675345,14.298981768561172,0.3,10,-12.291444708252405,1.0,-27.54316041934525,0.0,-33.3162050420168,0.0,-32.790760932462604,0.0,-30.9493092092367,0.0,5.152248960452979,1.0,-34.92364200346685,0.0,1.577907755102041,1.0,-30.731813961485543,0.0,-29.863689006823353,0.0
8,-18.620420938073657,17.978621096930446,0.5,10,-38.214146654445464,0.0,9.433213735417125,1.0,-30.887401914992967,0.0,-4.0207205787551015,1.0,-50.0356958261444,0.0,-3.137209997743172,1.0,-12.161073982460074,1.0,-27.90340207278293,0.0,-27.11899276236431,0.0,-2.158779326465254,1.0
9,-25.43064114202623,13.347680971648096,0.3,10,-30.974432065066026,0.0,3.576001764112905,1.0,-42.59096462249985,0.0,-23.192358620689628,0.0,-36.81135217532548,0.0,-12.452560260824963,1.0,-36.31747278611356,0.0,-13.870857539164504,1.0,-31.689773141085592,0.0,-29.98264197360557,0.0
10,-25.588033275478317,26.447109022953946,0.4,10,1.868905755261686,1.0,8.29121561415324,1.0,8.78268255128138,1.0,-38.78816989966553,0.0,1.372377049180331,1.0,-55.2194631865329,0.0,-26.065382132215003,0.0,-53.818262950450446,0.0,-54.90145847604458,0.0,-47.40277707975135,0.0
11,-26.0472773559254,37.961027878910926,0.5,10,-98.03951378887298,0.0,-28.968774676125854,0.0,-51.18820410019015,0.0,-83.7795224546068,0.0,10.875,1.0,10.403438826131135,1.0,7.375424332019271,1.0,8.7525981282302,1.0,-10.78210708956519,1.0,-25.121112736273602,0.0
12,-26.372830055076747,12.95030698535527,0.2,10,-32.73182555336405,0.0,-23.110255987638414,0.0,-25.78550500362581,0.0,-15.74327906833065,1.0,-35.59902057157737,0.0,-36.32839680984083,0.0,7.388771423574677,1.0,-36.35475554827617,0.0,-30.72054832466892,0.0,-34.74348510701989,0.0
13,-20.296789689362424,27.08514736111339,0.4,10,10.769951470168428,1.0,-33.48001413251311,0.0,-37.93298966701829,0.0,-68.54812297018012,0.0,9.301523333333334,1.0,-35.896910192040394,0.0,10.517367908219393,1.0,10.633686214578045,1.0,-42.754972935461474,0.0,-25.577415922710045,0.0
14,-6.298362321763913,12.37235454835049,0.9,10,-1.7146975454061781,1.0,9.390438871473355,1.0,-15.704595959595954,1.0,8.025828702140071,1.0,-10.675451065489833,1.0,-34.81114675846908,0.0,-6.011136953298742,1.0,-9.408674878180822,1.0,-7.065659477809412,1.0,4.991471846997459,1.0
15,-17.134631514100956,15.892929194468843,0.5,10,5.46767380848273,1.0,0.35726687649739297,1.0,0.6479342264709889,1.0,-38.923138750958785,0.0,-10.109223360032441,1.0,-32.02754602393468,0.0,-8.085827099236633,1.0,-24.948371529909288,0.0,-25.940158408894632,0.0,-37.784924879494206,0.0
16,-7.722552460521856,16.524090811745943,0.6,10,-29.393815734557606,0.0,-25.878847206641243,0.0,-31.049573845450364,0.0,4.4813760692786975,1.0,-23.758307312516727,0.0,3.3294979757085166,1.0,10.273772411491672,1.0,9.075420000000001,1.0,6.674447713292325,1.0,-0.9794946758238314,1.0
17,-0.45964934318905615,9.41184029569659,1.0,10,-7.621917964299287,1.0,9.331160278745644,1.0,-2.4655255856480736,1.0,3.8291861220073047,1.0,-11.99764168479336,1.0,8.018647089669638,1.0,10.633701811009503,1.0,-7.725220724390786,1.0,9.335136184120932,1.0,-15.934018958312077,1.0
18,-23.533558547812238,18.271138273045228,0.4,10,-42.680248817372515,0.0,-48.364844819092475,0.0,-29.12130780288033,0.0,2.606466124985067,1.0,-13.917996624951472,1.0,8.250684790231425,1.0,-9.61182741617358,1.0,-35.85910996107305,0.0,-32.72557147719537,0.0,-33.91182947460005,0.0
19,-21.027296508107714,22.252037168959145,0.5,10,10.875,1.0,-3.5526557385845337,1.0,-1.7664224072672177,1.0,5.3017247043364,1.0,-48.36924085024772,0.0,-24.144943035040075,0.0,-14.956460448102428,1.0,-36.65730146609649,0.0,-51.33984139991291,0.0,-45.66282444016215,0.0
20,-17.052294615736315,11.596459828849122,0.6,10,-8.630905793643215,1.0,-3.1987755003733174,1.0,-29.6040918077351,0.0,-9.505571783716599,1.0,-34.716606639968965,0.0,-32.77522098283276,0.0,-14.600490848585679,1.0,-8.014980483724823,1.0,-4.495955479585097,1.0,-24.980346837197597,0.0
21,-28.65099002287957,17.822381864589936,0.3,10,-41.620068537859005,0.0,-14.024592589452254,1.0,-5.283441768511858,1.0,-32.96408416105951,0.0,-42.82181992337166,0.0,7.1084628571428565,1.0,-46.508496522085885,0.0,-34.76313979571837,0.0,-48.44160219919233,0.0,-27.19111758868767,0.0
22,-13.438709666104241,16.869884114132624,0.7,10,10.875,1.0,-37.51419002139763,0.0,6.287940947940947,1.0,-9.22161279140305,1.0,-38.38572768050932,0.0,1.3875690730837764,1.0,-8.400188815862759,1.0,-31.818977722320295,0.0,-19.391664515561267,1.0,-8.20524513501282,1.0
23,-10.079948262761578,12.57296665456794,0.8,10,-26.264024739182087,0.0,-4.893113327289203,1.0,-5.454213493260115,1.0,10.288417755265263,1.0,-3.89237576481122,1.0,-15.567532478755592,1.0,-22.847607714223088,1.0,5.854485965693917,1.0,-8.744673568208382,1.0,-29.278845262845266,0.0
24,-15.419201876786726,18.223194829395812,0.6,10,-0.6663727443337653,1.0,-31.731289773801258,0.0,10.377653333333333,1.0,-5.198886142013464,1.0,-29.98007973325603,0.0,-1.6360166193006318,1.0,-5.945235182064611,1.0,-7.625386951169473,1.0,-51.305722764172145,0.0,-30.48068219108924,0.0
25,-19.73032712881541,17.473722800251256,0.5,10,-30.001437960989996,0.0,-41.065219613782624,0.0,-35.262432863703594,0.0,8.970339051346997,1.0,-32.94165492957747,0.0,-3.579173771369909,1.0,-28.815125852123757,0.0,-21.736901075432865,1.0,10.180664848484849,1.0,-23.052329121005705,1.0
26,-14.191087883810175,14.47463886958558,0.6,10,-2.700566428455412,1.0,10.143137173134473,1.0,-14.538462782237133,1.0,-28.210559446770727,0.0,3.123692529827493,1.0,-32.77447068141152,0.0,-12.410626361392119,1.0,-27.855337300898746,0.0,-5.999155233241861,1.0,-30.68853030665618,0.0
27,-26.654244696949643,21.835592252025936,0.3,10,-51.33548319041784,0.0,0.8784990530303016,1.0,4.580130463765354,1.0,-40.413873309562824,0.0,-33.78612351686445,0.0,8.969023830954523,1.0,-31.731210913757,0.0,-29.83266784290363,0.0,-41.578378087146056,0.0,-52.29236345659483,0.0
28,-16.169363427268628,16.656789885449594,0.4,10,10.875,1.0,-3.872932746649445,1.0,-0.6428453173186117,1.0,-27.80941257185776,0.0,-28.960557691848386,0.0,-31.642025386104056,0.0,-27.669549662180145,0.0,-31.047805979824187,0.0,-29.083370037585155,0.0,8.159865120681495,1.0
29,-19.604466310142527,20.505944934278872,0.5,10,-5.1705542081008975,1.0,-33.380437120025476,0.0,-47.80776269457332,0.0,8.944627103349436,1.0,-17.85672966559983,1.0,1.621279971062421,1.0,-42.431241532047935,0.0,-36.31540999025831,0.0,-32.089670679517056,0.0,8.441235714285714,1.0
30,-13.36662465841286,16.811145666493854,0.5,10,9.324752542372881,1.0,-4.898985637342912,1.0,-36.573218294179114,0.0,-30.782446943685944,0.0,-22.67454694391934,0.0,-27.037162328131085,0.0,-29.637693824404792,0.0,-3.4295388518555328,1.0,8.129902785232897,1.0,3.9126909117843134,1.0
31,-10.159493054261855,15.214088507075672,0.6,10,3.2895976142110044,1.0,-17.833241228274545,1.0,-26.6252517091361,0.0,10.51847050385512,1.0,-23.931436666666652,0.0,-2.6205903068512093,1.0,-29.891472497007136,0.0,-25.389981276774222,0.0,8.718045700318495,1.0,2.1709293237066962,1.0
32,-10.12325875635547,16.634643379119314,0.6,10,9.257236514522821,1.0,-1.8675685839123322,1.0,9.471034482758622,1.0,-17.032899064952396,1.0,3.6695793612135557,1.0,-29.11656139642821,0.0,8.64840378006873,1.0,-31.756233018650747,0.0,-26.2825107346397,0.0,-26.22306890353504,0.0
33,-30.389487288061428,16.960350479096977,0.3,10,-15.382146242855143,1.0,-33.17737768830903,0.0,3.2299825538482185,1.0,-46.15511704462325,0.0,-10.452010421074897,1.0,-42.39810293571162,0.0,-47.541721038384104,0.0,-48.45727792933661,0.0,-38.79818242613866,0.0,-24.7629197080292,0.0
34,-20.65158496677487,21.0793211718474,0.5,10,-36.753552654146276,0.0,-12.609138990109313,1.0,3.7228215344699773,1.0,-28.905109819698982,0.0,-54.1955733184712,0.0,-46.57547262730102,0.0,-35.10039291777832,0.0,1.0282773049978822,1.0,-0.2106463195691166,1.0,3.0829381398577116,1.0
35,-8.13469748916043,13.698072493790658,0.9,10,9.425313494291597,1.0,-8.014682756179324,1.0,1.4684171799332368,1.0,-2.7806327731890264,1.0,-2.2316404521995583,1.0,2.2230966666666703,1.0,-39.59679043982183,0.0,-23.13599553655451,1.0,-2.751966683242168,1.0,-15.952093591309387,1.0
36,-14.220592472535632,16.20915657288306,0.6,10,-35.65553411764705,0.0,7.260184541321209,1.0,-32.00862078904286,0.0,-30.469301130279582,0.0,8.324772067039106,1.0,1.188243805389762,1.0,-16.362676655052294,1.0,-11.306969255124148,1.0,-3.2456015815085166,1.0,-29.930421610451933,0.0
37,-11.122271799975001,13.284109521743492,0.8,10,10.086407148544634,1.0,-11.699198207540158,1.0,-32.06495598135682,0.0,-13.118331089608738,1.0,-5.47029864864864,1.0,8.879496438050007,1.0,-30.77710959608953,0.0,-7.402227844759311,1.0,-17.31008594168003,1.0,-12.346414276661434,1.0
38,-14.298006865273454,18.70957397819644,0.7,10,-8.169319233211384,1.0,-16.699765949810086,1.0,-31.643457162893988,0.0,8.413894605809128,1.0,-37.22781985535832,0.0,-9.87516512919831,1.0,9.202669084315502,1.0,-44.864736307562744,0.0,-21.43224187555603,1.0,9.315873170731706,1.0
39,-18.446319040825735,21.535956039379005,0.6,10,-2.254136192067321,1.0,-5.797071018633224,1.0,-30.58741081781596,0.0,-49.46200834212292,0.0,-1.6144977777777765,1.0,-53.24162415029045,0.0,-39.1725272236677,0.0,10.64736818785999,1.0,-11.514903470031571,1.0,-1.4663796037104113,1.0
40,-14.32478738179851,21.155898105187493,0.6,10,1.4494447538427249,1.0,6.5346287625418045,1.0,-34.4509382689633,0.0,-10.093229172402406,1.0,3.8421429033510126,1.0,-34.06792658256296,0.0,9.258091111111112,1.0,-39.79974122310304,0.0,-48.40340856236786,0.0,2.483062460567824,1.0
41,-12.488662196099545,17.716612125279372,0.7,10,8.249492976588627,1.0,-36.598749897060046,0.0,-1.8380522482445834,1.0,3.089685715395672,1.0,-36.81875177919427,0.0,-15.845988669649463,1.0,-36.567610996901,0.0,-16.803863899167432,1.0,7.10009258068664,1.0,1.1471242565503914,1.0
42,-18.412560512390844,20.992688093644713,0.4,10,-33.838874344289906,0.0,-41.4928839142482,0.0,8.02340586610799,1.0,-36.90793123100302,0.0,10.753815958181281,1.0,1.0904931676537828,1.0,7.664475206362594,1.0,-31.936991951072645,0.0,-29.774804496011587,0.0,-37.70630938558869,0.0
43,-18.412269561735876,17.138493536540928,0.5,10,-19.212469783149665,1.0,-3.9674826731421042,1.0,-7.678957977033969,1.0,4.487232632202637,1.0,10.060572687224669,1.0,-35.21374135656901,0.0,-41.593778248001556,0.0,-32.2782642417759,0.0,-32.96312044906931,0.0,-25.762686208044535,0.0
44,-15.609402310754547,16.464354471206672,0.9,10,-34.96159306115118,1.0,-8.085412825135199,1.0,-8.855029599514992,1.0,-41.7134829105531,0.0,5.830002892453327,1.0,-14.734971968904174,1.0,9.274268054197513,1.0,-24.99358532649964,1.0,-32.3974539964332,1.0,-5.4567643660048315,1.0
45,-13.053925739575263,16.15287176143274,0.7,10,-36.3570146441262,0.0,-27.100072037521684,0.0,-8.56029497239175,1.0,8.267064205033357,1.0,-13.277157163518423,1.0,4.154605613983115,1.0,-10.281007418313598,1.0,10.875,1.0,-29.71697414154361,1.0,-28.543406837353835,0.0
46,-10.281545439385308,16.685720872010155,0.7,10,4.835011268842382,1.0,-32.622973776223766,0.0,8.838044262999569,1.0,2.893992187500002,1.0,-7.424970432145567,1.0,-35.12731229841536,0.0,-18.030564298271955,1.0,-6.7733710028461545,1.0,-29.935665172548845,0.0,10.532354867256638,1.0
47,-10.006932133723982,17.159440977994635,0.8,10,-2.6549965323932305,1.0,-8.890993614526948,1.0,7.800119485294119,1.0,0.029185140493018125,1.0,-26.5794251683066,1.0,-14.606469569052425,1.0,-28.91329650529652,0.0,-43.51848327526135,0.0,8.96182668863262,1.0,8.30321201317749,1.0
48,-21.009913542434198,17.060038474097826,0.3,10,-2.4007806386469746,1.0,-32.18593600333171,0.0,-31.34994717147263,0.0,-28.97614612811938,0.0,-33.82249173996997,0.0,10.753981243917544,1.0,-29.248483970386243,0.0,5.220583230198018,1.0,-34.15396820224332,0.0,-33.93594604428735,0.0
49,-28.376037288154293,15.95658586658117,0.2,10,-0.13290268054409893,1.0,5.379145392657429,1.0,-33.99702133175319,0.0,-33.85877522548831,0.0,-32.773767856057354,0.0,-33.57012892223738,0.0,-41.74790789060045,0.0,-44.08203142950928,0.0,-35.14249771338676,0.0,-33.83448522462353,0.0
50,-7.1323781376290025,14.698553176373633,0.8,10,-34.83610452679658,0.0,-17.43609586094141,1.0,3.13239441703766,1.0,-11.28042395194799,1.0,-14.276289746292068,1.0,7.899668887233203,1.0,10.63562268907563,1.0,-24.28707008404188,0.0,5.9274493859009585,1.0,3.1970674144824534,1.0
51,-21.262779474331403,17.79449650659028,0.3,10,-29.948694892406007,0.0,-6.955385333333341,1.0,10.52875,1.0,10.875,1.0,-30.79554371723323,0.0,-37.5770922162864,0.0,-32.414511499484185,0.0,-32.81827962291514,0.0,-29.8363071361207,0.0,-33.68573032553499,0.0
52,-9.70793315561804,18.599085431625834,0.7,10,4.457085804115096,1.0,9.68324790307549,1.0,5.724722013779931,1.0,-8.913738992519649,1.0,7.994258542462382,1.0,-36.04546211058951,0.0,-37.79137665686316,0.0,6.04422428536526,1.0,-14.504693524237322,1.0,-33.727598820768904,0.0
53,-17.636631936130506,17.64641524902415,0.5,10,-31.960906812002698,0.0,10.18975855830782,1.0,-13.934441345298737,1.0,-30.0453461135425,0.0,2.4684603006071866,1.0,-33.621416936396415,0.0,-30.030097146758468,0.0,-39.391261936293276,0.0,8.430536666666669,1.0,-18.471604596594673,1.0
54,-21.322692377423913,16.042791091833998,0.6,10,-45.548326072788335,0.0,-16.34117784841894,1.0,-35.59780714695515,0.0,-25.832287584011308,0.0,10.770344827586207,1.0,-39.722263755504855,0.0,-23.158422159887813,1.0,-4.930323461556563,1.0,-11.458360696271388,1.0,-21.408299876430952,1.0
55,-17.911032087935173,16.404579437060534,0.7,10,-34.82588480801334,0.0,-31.020259567104457,0.0,-44.69533888421798,0.0,-17.98267019721124,1.0,6.766053052519328,1.0,-6.534856346899224,1.0,3.0577423218410473,1.0,-11.86475640626621,1.0,-9.131598086850895,1.0,-32.87875195714875,1.0
56,-28.143817043144857,17.408544655151683,0.4,10,-31.88453134807169,0.0,-17.858117401215804,1.0,-44.55014705882352,0.0,-25.061175234258684,0.0,-30.453393343335,1.0,-23.8846514947736,0.0,10.764841792312593,1.0,-36.18541974248931,0.0,-59.75179579093437,0.0,-22.573780809859162,1.0
57,-6.924802027369454,17.00123120892826,0.7,10,-28.90258946270212,0.0,-34.69033939427744,0.0,-16.009789383617985,1.0,-26.0695730522984,0.0,9.565166666666666,1.0,10.04564196074225,1.0,9.701667132281043,1.0,6.982585365853659,1.0,-5.4097722004141815,1.0,5.538982094071954,1.0
58,-19.691121147379498,17.956991376985012,0.4,10,-25.788925376199007,0.0,-37.66384001704461,0.0,4.733800222404872,1.0,-30.758997507734612,0.0,-39.32552295719842,0.0,-39.477073789239924,0.0,9.225652187194525,1.0,-8.861130521692616,1.0,-1.0653280775634126,1.0,-27.929845636721755,0.0
59,-14.85425243571819,20.320083560564942,0.7,10,-53.28607989411628,0.0,-18.790512338056878,1.0,-24.67168466684663,1.0,-0.39687555602072244,1.0,9.069088888888887,1.0,2.5445779328680604,1.0,8.895926296148208,1.0,-3.582274451539483,1.0,-31.049324346085708,0.0,-37.27536622242133,0.0
60,-10.95847606755974,16.37488051383076,0.6,10,-32.727011424379,0.0,6.148971666666666,1.0,-0.16107819866152262,1.0,-11.650588687759607,1.0,1.1120760534429603,1.0,10.875,1.0,-28.107142301710734,0.0,-26.678352949043745,0.0,3.3114950580146116,1.0,-31.708129892167022,0.0
61,1.84163945379415,8.528719486396517,1.0,10,-16.661821483447415,1.0,8.903073732888025,1.0,6.403376374940219,1.0,-4.004401123285614,1.0,-9.060457560022623,1.0,9.940345947912876,1.0,6.52743376918704,1.0,8.28132372881356,1.0,0.6827069533217074,1.0,7.404814197633727,1.0
62,3.590041700280662,7.739940224676797,1.0,10,8.5823,1.0,10.191479775280898,1.0,7.768480836401396,1.0,-6.078429799222569,1.0,5.700421896316508,1.0,0.9973680388761679,1.0,-14.830931168130293,1.0,7.65279920491003,1.0,5.270872757832089,1.0,10.646055460542389,1.0
63,-13.99351087433069,18.279139282926874,0.7,10,-15.76795641762452,1.0,-25.99813436930984,0.0,2.6188029197080285,1.0,-44.81304688750201,0.0,-10.053048055996708,1.0,-19.087809272843828,1.0,10.395032621898316,1.0,-41.84880486367954,0.0,-1.1825721888800782,1.0,5.802427770923299,1.0
64,-20.963639535511255,19.151217778222854,0.3,10,-33.48409700788201,0.0,-31.659948906126655,0.0,-32.380713689611476,0.0,-28.581035573880534,0.0,-29.05911842706903,0.0,9.55004132231405,1.0,-34.03733301393994,0.0,5.788310802959289,1.0,7.667553359452663,1.0,-43.44005422132886,0.0
65,-16.005934016003213,16.255586954207327,0.6,10,-31.68075287387341,0.0,-2.420734260054303,1.0,-3.9620977153595103,1.0,-29.268122165438804,0.0,3.375389311626261,1.0,-37.293109675410605,0.0,7.609168825890362,1.0,-18.575984562851247,1.0,-10.267388776638326,1.0,-37.57570826792254,0.0
66,-14.507483803959355,20.8917884390844,0.5,10,3.7242383924660514,1.0,-40.110395172740155,0.0,8.83568747046948,1.0,-32.10707892595608,0.0,6.985236042121994,1.0,-38.54526182965299,0.0,-38.74987039775825,0.0,-24.908589106791133,0.0,8.971147251945526,1.0,0.8300482363020087,1.0
67,-9.786639500269638,14.854151536713653,0.8,10,-6.153261043446651,1.0,-14.006146059896249,1.0,-5.839996668263135,1.0,-19.963421871895083,1.0,-29.072638943193894,0.0,-7.306346793278017,1.0,-37.05027908333604,0.0,10.755084745762712,1.0,0.2587232218120459,1.0,10.511887493037936,1.0
68,-14.437141857987768,20.74237282740313,0.6,10,8.437160637161567,1.0,-27.484359772709567,1.0,-33.90202274247492,0.0,-36.3450384602236,0.0,0.17750992925406095,1.0,-39.56531732853651,0.0,-36.16986243335875,0.0,10.146828320064435,1.0,-0.30265804398948504,1.0,10.636341314935066,1.0
69,-6.605451717976166,16.70537372003209,0.8,10,-13.528727002592134,1.0,10.524933891992552,1.0,-6.9890679379871745,1.0,-41.33363104596932,0.0,-8.075192425168003,1.0,-29.34730894264149,0.0,8.035951235584845,1.0,10.15756209916333,1.0,-3.7304479166666695,1.0,8.231410864522385,1.0
70,-14.129281828898916,14.689062312759198,0.7,10,-31.535459933425354,0.0,2.2979599504376687,1.0,-34.71436370493762,0.0,-18.702866276621712,1.0,-15.931944827807564,1.0,-3.2330017708451084,1.0,-32.611705563694606,0.0,-8.213998051394467,1.0,-9.403760640065439,1.0,10.75632252936501,1.0
71,-3.890680925120879,12.434093792673126,0.9,10,8.890804606131729,1.0,-34.19009133065657,0.0,0.7162350948509459,1.0,-12.215572218064601,1.0,-3.9382786372870786,1.0,9.082144934711305,1.0,-10.923365797659601,1.0,-3.6652939136928566,1.0,8.252860274881167,1.0,-0.91625226442323,1.0
72,-6.650624655154571,16.497755585530935,0.7,10,6.4939317673378065,1.0,3.455919443778469,1.0,-30.679103956898086,0.0,-30.704735838058408,0.0,-1.499142176081298,1.0,-32.95576647483637,0.0,3.845596709895543,1.0,10.288379080118693,1.0,1.355262640656477,1.0,3.8934122525414674,1.0
73,0.16911486872689868,9.404885744949997,0.9,10,10.445496717099628,1.0,-0.6305055563177415,1.0,-2.7669880825801894,1.0,-24.279018758246846,0.0,7.7188278500809915,1.0,-0.3725189661823354,1.0,1.0335871413390034,1.0,-1.426800157563017,1.0,10.659970491803278,1.0,1.3090980078362122,1.0
74,-24.715193474748528,21.681678831571098,0.3,10,-37.08744319375656,0.0,-33.063456305599175,0.0,-29.576205343078556,0.0,8.695,1.0,-28.993521992580806,0.0,-45.487332268370544,0.0,-43.679309059233496,0.0,-49.581751079817764,0.0,10.650675653727465,1.0,0.9714088412241715,1.0
75,-11.91785618825217,21.057831062011832,0.6,10,8.604868106153273,1.0,10.635458947831829,1.0,3.3237939593092367,1.0,-3.6419957884885417,1.0,-39.89477994417702,0.0,9.954626653273063,1.0,-2.6670075960201167,1.0,-24.59203069074752,0.0,-34.61499508164469,0.0,-46.28650044801122,0.0
76,-7.002936372603519,16.033100069137003,0.7,10,8.414422599732774,1.0,-23.890350545341906,0.0,-11.941942768488195,1.0,1.4422085862058633,1.0,-34.94509875387871,0.0,3.1734716322099494,1.0,-29.808755254553954,0.0,0.09673994517125273,1.0,7.476156302521007,1.0,9.953784530386741,1.0
77,-3.1452289056115657,13.546836852626303,0.9,10,-4.648481400570418,1.0,-1.669306947965854,1.0,-11.347973181088161,1.0,-37.67624737348546,0.0,9.4332071318512,1.0,10.756665735567971,1.0,-0.3266706291148491,1.0,1.7316639904764557,1.0,9.83626028488012,1.0,-7.5414066666666635,1.0
78,-0.47441996386666807,9.215653683541776,1.0,10,-12.718341165241,1.0,5.379949130987706,1.0,6.922001340068034,1.0,7.640197933287744,1.0,8.940448879683675,1.0,7.177695747312338,1.0,-2.233950990265189,1.0,-13.779962255570716,1.0,-14.849415391887263,1.0,2.7771771329579913,1.0
79,-11.209223521972799,14.720974240745534,0.8,10,0.7728190237011461,1.0,-2.603543280846452,1.0,-18.27049473430097,1.0,-9.718244305583548,1.0,-10.121405995266898,1.0,3.839780811595488,1.0,-6.981291396556275,1.0,-43.545988462048506,0.0,4.610561097630391,1.0,-30.07442797805239,0.0
80,3.989253019551781,6.477024073205973,1.0,10,4.425291659655618,1.0,6.830059267024151,1.0,7.54584557101529,1.0,-11.231984670720212,1.0,8.761079732749277,1.0,-2.55752192505617,1.0,7.904664349647685,1.0,-0.878684793903707,1.0,10.041938801261828,1.0,9.051842203844048,1.0
81,-12.05289922487311,18.016547384192823,0.7,10,4.29583,1.0,-15.364562729052658,1.0,-40.64232988201302,0.0,-12.404896140664604,1.0,0.8979646477774867,1.0,-36.681000849839855,0.0,10.562336666666667,1.0,-33.70957408518297,0.0,5.792408231534303,1.0,-3.2751681079564303,1.0
82,-5.614959472873565,17.899325023812455,0.7,10,8.87743093922652,1.0,6.136506329113924,1.0,7.8394159249640705,1.0,-32.27439016956665,0.0,9.318982634730538,1.0,2.4053862511329545,1.0,7.983863417524628,1.0,-1.183447412353921,1.0,-30.09620073860475,0.0,-35.157141904902964,0.0
83,-6.579724696609989,16.33847843622448,0.8,10,3.847925673872431,1.0,3.168561112924279,1.0,1.3448038214559208,1.0,2.2968427627750927,1.0,10.521746218487394,1.0,-14.172558188299444,1.0,-34.836996682521296,0.0,-9.988486148797895,1.0,-36.946969618838914,0.0,8.967884082842545,1.0
84,-17.252675361744867,17.26926006297137,0.7,10,-0.17117349869892706,1.0,-38.69610956251286,0.0,-40.68541720319341,0.0,6.986893853253964,1.0,-32.88366408130515,0.0,-21.746219925759597,1.0,-29.389517996122592,1.0,0.8113084180770187,1.0,1.5814585612116119,1.0,-18.334312182398726,1.0
85,-0.040121083170262396,11.3899283394245,0.9,10,-29.964899577167,0.0,-8.19426362297496,1.0,1.8004364606071537,1.0,-1.5315851506983584,1.0,3.0750213120830283,1.0,9.594746956139065,1.0,-0.859307022995651,1.0,10.287955189456342,1.0,7.412196666666669,1.0,7.978487957181088,1.0
86,-19.051757955892,19.764285721109673,0.5,10,-2.6496462254521695,1.0,-44.63079731007217,0.0,-42.541584734799486,0.0,-41.523649193548415,0.0,7.167273352660802,1.0,5.606969283100551,1.0,0.47253394509102087,1.0,-13.447889729048507,1.0,-29.04822622699388,0.0,-29.922562719857748,0.0
87,-16.191453717515838,20.462179339772042,0.5,10,7.855304767755366,1.0,9.34102781950992,1.0,-37.69109775397162,0.0,-7.107999120814716,1.0,-40.214597517932354,0.0,1.1974646226415082,1.0,-29.442203295211087,0.0,-31.499357394366175,0.0,-40.848979302769244,0.0,6.4959,1.0
88,-10.605787439738034,21.071723529746652,0.8,10,-53.282597717665205,0.0,0.6555903589602483,1.0,6.982819889502764,1.0,2.039010172775714,1.0,-47.045993864636515,0.0,-0.2914283216783211,1.0,8.465725955042378,1.0,-12.382349301750036,1.0,3.661175960813863,1.0,-14.85982752874521,1.0
89,-11.769619719399646,13.884430008858326,0.8,10,5.176219173516996,1.0,-32.986142491779304,0.0,9.41982156960248,1.0,-18.16457239667841,1.0,-7.296449110605868,1.0,-14.019339018395776,1.0,-36.247637510942496,0.0,-10.542002313969073,1.0,-9.65451994607819,1.0,-3.381575148666794,1.0
90,-16.346483501190367,18.475612876742144,0.6,10,1.2452944064312241,1.0,-18.93778886811446,1.0,-33.79965367196518,0.0,-34.471695950583396,0.0,6.454725304649738,1.0,3.6199891707920795,1.0,-21.060813411164226,1.0,8.344689715126387,1.0,-40.94510946051602,0.0,-33.91447224655982,0.0
91,-15.068068112177528,24.115590591505914,0.5,10,-39.621184666975026,0.0,-32.819126272847015,0.0,-39.68988835500283,0.0,8.048965405229819,1.0,-43.39179475613196,0.0,10.062078307988115,1.0,10.515250739957716,1.0,7.7713531598513015,1.0,-39.71682464779094,0.0,8.160489963945542,1.0
92,-14.283712609634282,29.104902574204605,0.7,10,1.2166946765105848,1.0,1.973693178101902,1.0,7.471682301853017,1.0,-51.51470686905349,0.0,-66.85130429517194,0.0,-10.938352218025612,1.0,10.292856917494873,1.0,-53.95930700628105,0.0,10.163030380690554,1.0,9.308586837538378,1.0
93,-10.36310041611414,19.57371045495217,0.7,10,6.226087681610039,1.0,-1.089616228070172,1.0,-5.285124303282316,1.0,-2.8515302580930175,1.0,-33.951755639593664,0.0,10.875,1.0,10.762715994683207,1.0,-41.64787258024995,0.0,-40.925112579298535,0.0,-5.743796248846991,1.0
94,-4.848890655168285,13.927742930629611,0.9,10,6.221162440408294,1.0,3.9981247223456258,1.0,-2.9965117897032822,1.0,5.269428571428571,1.0,-16.069650592833025,1.0,-14.223181358580756,1.0,6.6382943404634585,1.0,-38.65603332285444,0.0,-5.805650713685974,1.0,7.1351111513286885,1.0
95,-16.750927568200602,19.370731014851454,0.5,10,-5.854139066526681,1.0,6.654996507892164,1.0,7.670900683554483,1.0,-32.68560446600165,0.0,-6.802492284985922,1.0,7.386333292201382,1.0,-29.71610716276476,0.0,-41.74871973488433,0.0,-37.5630074364443,0.0,-34.8514360140464,0.0
96,-16.089363461811935,20.47501528955075,0.6,10,-45.43066698763058,0.0,-5.889352090537569,1.0,0.355310387508327,1.0,8.608138354385552,1.0,7.765556036883471,1.0,-15.126140382533375,1.0,-43.59640581265654,0.0,1.801322738319545,1.0,-32.666105549088094,0.0,-36.715291312770056,0.0
97,-13.865726574356705,14.904743988302116,0.9,10,-30.768915721604973,0.0,7.9611192197517395,1.0,7.62274187334457,1.0,3.8332126901543857,1.0,-19.13186474507618,1.0,-25.400329825981373,1.0,-10.024094677721322,1.0,-29.383182295408083,1.0,-13.143931299615563,1.0,-30.222020961410273,1.0
98,-9.63675037387426,19.869215667221848,0.7,10,-39.71916550538835,0.0,9.517758896441423,1.0,-11.748099349786752,1.0,2.4755521698530494,1.0,9.826795069337443,1.0,-15.709105996555499,1.0,-37.89865411673378,0.0,10.40376386554622,1.0,-32.96882408711671,0.0,9.452475315660344,1.0
99,-7.084546592059153,13.813343895684579,0.8,10,1.541532234749928,1.0,6.452065286716531,1.0,4.061883814049678,1.0,-9.723418540004836,1.0,-0.16387952755905388,1.0,-34.08640759667455,0.0,-11.442622141842142,1.0,-30.690675479898616,0.0,-1.1394948896459827,1.0,4.345550919517502,1.0
100,-0.6430296082896699,12.950765667670716,0.9,10,-0.2148025765434074,1.0,-0.3581350315419627,1.0,1.4046259260845364,1.0,6.6429986487280415,1.0,10.875,1.0,8.892486479223352,1.0,4.515615251588014,1.0,-17.260491507289057,1.0,10.754615292854588,1.0,-31.6822085660008,0.0
101,-26.269777209632377,28.443856867780553,0.4,10,-52.49055712298829,0.0,9.152316035212296,1.0,-3.2593721189591047,1.0,9.968893941854798,1.0,-34.584313214449,0.0,-62.88859509155843,0.0,10.875,1.0,-45.76663675582401,0.0,-58.859499331699666,0.0,-34.84500843791232,0.0
102,-13.885382765338814,20.176156907209005,0.8,10,8.271448004940472,1.0,-19.762311856120153,1.0,-40.38999742294606,0.0,-20.223577193166314,1.0,8.605566570161617,1.0,-8.845975099650603,1.0,5.8266339364518975,1.0,-52.13449512861279,0.0,3.885074359980809,1.0,-24.08619382442701,1.0
103,-7.002750625391711,16.165016229104282,0.8,10,-3.3150627158698356,1.0,-0.42344870973102466,1.0,-39.71121300278269,0.0,6.59414509394572,1.0,-0.5806504103836652,1.0,-15.680565722218718,1.0,2.3112750041102625,1.0,-33.427163937151875,0.0,6.101988648814479,1.0,8.103189497350247,1.0
104,-2.056750181300447,15.03151252220859,0.8,10,4.540780434957065,1.0,5.142206099411677,1.0,7.812717145366944,1.0,-27.987000881788465,0.0,9.572841193134478,1.0,-0.46000999851873736,1.0,1.8565005419671081,1.0,9.047176720658667,1.0,-34.800591188604365,0.0,4.707878120411159,1.0
105,-18.131280946580254,26.17193960231574,0.5,10,3.219517410663318,1.0,-34.99080904588684,0.0,-45.26179570062018,0.0,4.301643205574912,1.0,10.27267163546022,1.0,10.875,1.0,-31.833444379375532,0.0,-53.25744333990659,0.0,-52.03003535382336,0.0,7.3918861021114965,1.0
106,-5.016302452090135,15.082892120613348,0.9,10,-10.638252733758272,1.0,8.331687608497976,1.0,6.785855469865753,1.0,-25.248086084292076,1.0,-9.027554887010849,1.0,-37.37145671121439,0.0,7.809751078756568,1.0,2.5277124107225672,1.0,-3.4757267150187694,1.0,10.143046042550157,1.0
107,-6.300386147050434,10.125877544946016,1.0,10,-19.251160618335106,1.0,4.9936078894746405,1.0,7.7254348490189155,1.0,4.006036942714247,1.0,-12.392661387733185,1.0,-9.127721318994956,1.0,-2.773246672374878,1.0,-9.764692816123095,1.0,-1.7624309947396402,1.0,-24.657027343411276,1.0
108,-10.722193392097289,12.583283289933098,0.8,10,0.895505079605762,1.0,-9.479445872607824,1.0,-30.03630229934639,0.0,0.8846884865824798,1.0,-28.684390370790805,0.0,-22.834397026514583,1.0,0.17044169148693022,1.0,7.682886578849919,1.0,-11.727065138629326,1.0,-14.09385504960905,1.0
109,-15.793113703053844,17.34862148665333,0.4,10,-29.865795984487782,0.0,-4.353766803840889,1.0,-22.935426188227865,0.0,9.306882705603636,1.0,-33.994977098335504,0.0,-29.013932622894462,0.0,3.4975050153805,1.0,-29.483801902841662,0.0,-31.508836951253713,0.0,10.421012800359309,1.0
110,-5.356936062602612,17.937463604872207,0.7,10,2.4840099361249095,1.0,2.768112419246215,1.0,-34.22675277606418,0.0,-33.40541262981808,0.0,8.877236309817466,1.0,9.07175672704285,1.0,-29.28287104350747,0.0,9.123502698754107,1.0,10.022175230247212,1.0,0.9988825021308454,1.0
111,-14.921803235445509,15.760233094158831,0.7,10,0.7436003740648367,1.0,-35.80673094934015,0.0,-0.021604508601940964,1.0,-16.662424980183452,1.0,-8.711912124110098,1.0,4.850358463269573,1.0,-1.2781149846294753,1.0,-36.81758843518465,0.0,-36.49371984608555,0.0,-19.01989536365417,1.0
112,-13.727686627045136,20.56340473095647,0.6,10,-37.35943673166594,0.0,5.225832795091232,1.0,-3.5185248639877837,1.0,3.688941763927329,1.0,-42.43078485305198,0.0,8.825238003095976,1.0,-38.54378884295605,0.0,-35.01023961209803,0.0,-5.1063247834095105,1.0,6.9522208546034046,1.0
113,-8.544175095217051,19.37694808773714,0.8,10,-45.489690626552175,0.0,-25.090992304210026,1.0,4.5181715985783315,1.0,8.946796755576353,1.0,2.2675663688371808,1.0,10.517249843909172,1.0,-5.462212061380722,1.0,-38.93525636745676,0.0,4.677800075119386,1.0,-1.3911842345912344,1.0
114,-8.026480003344155,11.8644699974771,0.9,10,2.5698906041759226,1.0,-2.5678758706608527,1.0,7.999586641461876,1.0,-9.182600933566347,1.0,-33.137012911797775,0.0,0.6883781274127223,1.0,-5.080368750555014,1.0,-4.856941827244549,1.0,-12.47157183908046,1.0,-24.22628327358707,1.0
115,-5.693290843055957,11.938424904018262,0.9,10,6.097186876045546,1.0,-9.440793028042183,1.0,-6.556457344663945,1.0,-7.176276376405399,1.0,4.051990059741954,1.0,-6.519359241212925,1.0,-10.454565168412751,1.0,10.079239040529362,1.0,-1.5690782217986268,1.0,-35.4447950263406,0.0
116,-7.101807731860587,10.87003538299218,0.9,10,-4.24473638316425,1.0,6.596679521006698,1.0,-8.16993597783287,1.0,-6.462538693995539,1.0,-20.674912569843656,1.0,-27.735883814772897,0.0,-13.908547877937586,1.0,3.562019835172512,1.0,-7.507425665561069,1.0,7.527204308322774,1.0
117,-5.554478933022324,16.49563541181017,0.8,10,4.791672482050595,1.0,-32.13742815820064,0.0,6.116025282860736,1.0,-3.4362024676801273,1.0,-14.480331426595844,1.0,-4.623936108139642,1.0,9.555808510638299,1.0,-38.07268819868935,0.0,5.867290753532733,1.0,10.875,1.0
118,-6.147995360494627,9.982257087407532,1.0,10,-13.478683900860474,1.0,3.5785758775938543,1.0,7.118561260553702,1.0,-22.353654972391084,1.0,-1.6727511665555674,1.0,7.314260211903385,1.0,-13.92319696330663,1.0,-6.800292884505163,1.0,-17.95065777972027,1.0,-3.312113287658013,1.0
119,-20.21195283245799,22.245624077019933,0.5,10,6.036845590888008,1.0,-43.77483506149024,0.0,3.294229775135692,1.0,-20.36325221752656,1.0,-45.70837464318038,0.0,-33.6745703807195,0.0,9.481817368483837,1.0,-46.63812776152229,0.0,3.240846224738333,1.0,-34.01410721938677,0.0
120,-1.9708599501339772,13.38420069447979,0.9,10,-6.723037032764186,1.0,8.346371428571429,1.0,5.01200642271157,1.0,-12.105509715397455,1.0,-7.557460197484792,1.0,-35.51356225930679,0.0,7.349906569298272,1.0,10.519311455693483,1.0,6.021743860928763,1.0,4.941629966409933,1.0
121,-5.7989170289760334,18.982717266227443,0.9,10,-1.1457492510485334,1.0,-46.87184386798194,0.0,10.16588215135266,1.0,-5.4108233945845114,1.0,-36.37007648543762,1.0,7.988534572490707,1.0,-7.799434287591005,1.0,5.673411733414392,1.0,6.36263907213648,1.0,9.418289467489053,1.0
122,-6.22504731666128,21.861651248674875,0.8,10,6.710746546300095,1.0,8.208289254750854,1.0,3.3731365406991447,1.0,-6.9754999254954555,1.0,-59.35725489087417,0.0,9.579885691641774,1.0,8.830337318971292,1.0,-33.076535815459316,0.0,-9.949955668642765,1.0,10.406377781495733,1.0
123,-9.623888382902567,16.11428724988575,0.6,10,8.115351978171896,1.0,9.555132360253898,1.0,-31.24241363426995,0.0,-0.3843754251923208,1.0,2.362217839140916,1.0,0.6567203213890913,1.0,-27.292046621605486,0.0,-29.906202003338898,0.0,-0.8350873165532562,1.0,-27.268181327021566,0.0
124,-11.336673748366334,19.04745942650903,0.6,10,5.613136613144685,1.0,9.519655648741985,1.0,-34.88691541395557,0.0,-33.678411257991094,0.0,-11.7865595813738,1.0,5.246978178628214,1.0,-33.08650294804763,0.0,6.4049322746380195,1.0,-33.11517267155028,0.0,6.402121674102127,1.0
125,-17.863664885817634,16.008166464836172,0.4,10,-31.379825138006982,0.0,6.264164451733302,1.0,3.9397329611731413,1.0,-27.250272527107313,0.0,-34.31572001719444,0.0,-10.778133101251766,1.0,-28.749071754922287,0.0,4.04954097040467,1.0,-32.43693768478509,0.0,-27.980127018219534,0.0
126,-8.472728291147048,22.81608699339801,0.7,10,8.131127755794234,1.0,-9.201969947198245,1.0,1.446984993178713,1.0,7.911546400795274,1.0,-51.269512775943014,0.0,-46.41966068850215,0.0,10.179485263304931,1.0,10.516521505953019,1.0,-25.07278382461171,0.0,9.050978405758466,1.0
127,-5.0696288825861355,15.417263966754179,0.8,10,1.0131237781180058,1.0,-3.47546564610896,1.0,-39.738288957260906,0.0,5.6206481178396075,1.0,-27.03550200225403,0.0,10.528776723999357,1.0,-0.0433815114443572,1.0,-0.5765016519823778,1.0,10.545736666666667,1.0,-7.535434343434353,1.0
128,-8.052434760280605,18.84314662161724,0.6,10,-0.04518044182060521,1.0,-32.199588173681214,0.0,3.5052106903470914,1.0,-25.862132738027974,0.0,-33.94064885997767,0.0,10.521656565656565,1.0,9.571331630256047,1.0,-30.802872647727007,0.0,8.215038930854156,1.0,10.512837441314554,1.0
129,5.21646229287706,9.578521960557818,0.9,10,9.209046005535935,1.0,9.93422077922078,1.0,8.279611494418958,1.0,9.920886004696195,1.0,-23.213978281177017,0.0,9.562995357928171,1.0,7.43516511973745,1.0,8.022396336386343,1.0,5.014078273591806,1.0,8.000201838431982,1.0
130,-22.218818515175705,26.14504844338482,0.4,10,8.661025000000002,1.0,-48.474967024006475,0.0,-46.39315054098237,0.0,-47.70847994647819,0.0,6.310871202138474,1.0,-47.68588943647515,0.0,-43.36985888501749,0.0,8.778493928929485,1.0,-23.059265699370517,0.0,10.753036249505174,1.0
131,-19.995921507641064,20.391070292704352,0.6,10,-14.156939810773183,1.0,-39.82809246075992,0.0,-36.671451399048976,0.0,3.1090911461049116,1.0,10.875,1.0,-15.308064598523178,1.0,-44.42392787960067,0.0,-31.285381103089023,1.0,8.254279006728304,1.0,-40.52372797744888,0.0
132,-13.925947476394649,20.573845297256867,0.6,10,-49.2800684213771,0.0,2.0731458094144646,1.0,2.646634101737331,1.0,-6.687919110459424,1.0,-44.13283697135057,0.0,-24.603297492214388,0.0,6.059230337078652,1.0,-1.4281406226500177,1.0,-32.078444534968476,0.0,8.172222140843008,1.0
133,-10.32146067614342,17.238381573632875,0.6,10,6.71220231602887,1.0,-24.941548690052763,0.0,10.514345228215767,1.0,1.318374062985912,1.0,3.25607306452525,1.0,-7.226578188672967,1.0,-36.94634058041918,0.0,-23.170147982852797,0.0,-35.82246366175844,0.0,3.091477670566136,1.0
134,-3.44771732777654,21.707722793794332,0.8,10,5.600958715821511,1.0,10.390628954007374,1.0,-43.41442393085975,0.0,7.751448245224345,1.0,10.641913155631986,1.0,6.1794761289528735,1.0,10.635434181856832,1.0,4.189437264718439,1.0,3.097829293296736,1.0,-49.549875286415755,0.0
135,1.5330428761016004,9.852356219530506,1.0,10,3.9850066484941182,1.0,10.297963052208836,1.0,8.693942599141197,1.0,10.418463920977732,1.0,0.5413166316894067,1.0,-16.848629032258057,1.0,10.146603308916394,1.0,8.981162638956018,1.0,-9.382056046250202,1.0,-11.503344960859446,1.0
136,-2.868923349093793,8.355208720513552,1.0,10,-1.6600922192222658,1.0,-5.79132621801544,1.0,-7.055733243060267,1.0,-19.610358488181003,1.0,-6.340703599401566,1.0,-3.0803352805458744,1.0,10.517170371559265,1.0,-7.661775434769433,1.0,9.064835254844992,1.0,2.929085365853658,1.0
137,0.37275158613611115,10.640499757487936,1.0,10,9.66491082967175,1.0,-1.9513208994388602,1.0,-24.49603657802911,1.0,8.710407106883045,1.0,7.279813084112151,1.0,5.743897554697553,1.0,8.822418351477449,1.0,-7.885244166005528,1.0,-9.208111497144676,1.0,7.046782075137338,1.0
138,-5.739230097479839,22.276080156819567,0.7,10,-34.17490383275263,0.0,10.875,1.0,8.069127841300453,1.0,5.4062844954006115,1.0,8.012050186079074,1.0,8.79462698595441,1.0,-36.65549579503228,0.0,-47.271818424210046,0.0,9.501145344436035,1.0,10.051682224025974,1.0
139,1.3269487864350527,6.953024893712415,1.0,10,9.793935886241737,1.0,-7.418354357195414,1.0,-1.0098725141650942,1.0,-9.81493883545933,1.0,7.144679010471998,1.0,6.91769364931434,1.0,7.920697854742828,1.0,5.799770191362663,1.0,1.3886255299440613,1.0,-7.452748550907263,1.0
140,-0.7972162806208754,10.233144467051261,0.9,10,7.027456952889697,1.0,9.761878688524591,1.0,-22.90439719626169,0.0,9.80891688641469,1.0,1.7739417989418005,1.0,0.9200553735766643,1.0,-2.7416743760238997,1.0,-12.992076754173517,1.0,-6.619790814629287,1.0,7.993526634532197,1.0
141,-2.8482799342530045,14.135552195648659,0.9,10,-16.790240208322288,1.0,-39.543646029077266,0.0,6.117505844224844,1.0,8.934678378378377,1.0,-0.3229911682433926,1.0,0.4571567913815695,1.0,1.2027765633280367,1.0,3.529622687203335,1.0,9.912666469925416,1.0,-1.9803286713286763,1.0
142,-10.914974995580625,25.53413673962453,0.7,10,-45.81946720402278,0.0,5.569551377077319,1.0,9.571199227343456,1.0,-1.5505167009501442,1.0,10.048988143576416,1.0,-53.22125864776537,0.0,10.51640646473531,1.0,-4.854561587058873,1.0,-48.363456168880965,0.0,8.953365140139391,1.0
143,-2.603538664067874,15.63342669925127,0.8,10,7.392262709932366,1.0,10.404082882596246,1.0,3.4430973420539903,1.0,-32.73665330513476,0.0,10.40098276368622,1.0,9.5907685653267,1.0,-30.628782450117995,0.0,-10.147680662744902,1.0,1.6034096158521756,1.0,4.643125897871226,1.0
144,1.1927013618669198,10.503770121485193,1.0,10,10.042919374873618,1.0,8.8030550871276,1.0,8.945358385995743,1.0,6.724631793478261,1.0,7.295660215337868,1.0,-9.977317889783727,1.0,-20.08464796265681,1.0,-12.230236376697572,1.0,10.153710825092869,1.0,2.2538801659013448,1.0
145,-6.469320468190176,14.132900713330422,0.9,10,-9.304319517663464,1.0,8.823107313699499,1.0,-2.778095355366199,1.0,-0.5251088783339419,1.0,-3.918182299947004,1.0,-8.186624882801347,1.0,6.451099493726614,1.0,0.32593825237218255,1.0,-44.74306136009528,0.0,-10.837957447492823,1.0
146,-12.181926507769097,22.68115400071096,0.6,10,-3.2408983016165305,1.0,-40.70506379035897,0.0,-36.76145277083163,0.0,6.122274166511456,1.0,4.074085836336938,1.0,10.234952542372882,1.0,10.301883140160115,1.0,-41.27672980286046,0.0,8.93967204443269,1.0,-39.50798814183745,0.0
147,7.82869406663098,2.7203826063639376,1.0,10,8.593467013548008,1.0,6.064073447308281,1.0,8.86850161987041,1.0,0.6616016660355921,1.0,10.514321953425275,1.0,7.8999562507868575,1.0,8.572926829268292,1.0,7.379786664075729,1.0,10.755559179128221,1.0,8.976746042863146,1.0
148,4.850803993095692,7.493724025332931,1.0,10,7.121661368579556,1.0,8.578954237401865,1.0,6.427167245370371,1.0,-13.571724889068182,1.0,-5.189668051551628,1.0,9.873901246253352,1.0,10.652318802521009,1.0,7.179125596184419,1.0,7.045638493170802,1.0,10.390665882095353,1.0
149,4.788500270126535,4.464425860634663,1.0,10,7.030884516449298,1.0,7.6334588777863175,1.0,2.136011627045842,1.0,9.691824614065181,1.0,-2.0570298935407703,1.0,-0.43148696919136675,1.0,-1.2199460956578694,1.0,6.467139037433155,1.0,8.587051671732523,1.0,10.047095315143046,1.0
150,-7.683475775225034,19.7163641764641,0.6,10,10.875,1.0,-32.125667016036076,0.0,6.191515580736545,1.0,-35.62923630489062,0.0,9.544566360539179,1.0,5.156431005110731,1.0,8.21359427776674,1.0,-23.107923246419357,0.0,-34.927599308004524,0.0,8.974560898947036,1.0
151,-10.578843489626877,22.55040420858266,0.6,10,-32.84484493725713,0.0,-42.543364066522855,0.0,-37.01254293652135,0.0,8.621658969645338,1.0,9.67977034780072,1.0,9.30479837636412,1.0,-1.9402864523798637,1.0,9.785,1.0,9.826536064351162,1.0,-38.66516026174891,0.0
152,3.9730992585507523,12.422817377558237,0.9,10,8.646989115948468,1.0,10.050927623642943,1.0,3.8237431438127087,1.0,7.965367808039233,1.0,10.038431436907368,1.0,5.058932777488278,1.0,8.8018046692607,1.0,-32.79357084793987,0.0,10.39324785944953,1.0,7.745118998898157,1.0
153,-7.703280357183251,18.38631132919763,0.7,10,-36.441984153601084,0.0,7.76804360150492,1.0,-25.777928276229837,0.0,5.720715538407576,1.0,9.445401954457454,1.0,9.309341201181956,1.0,6.472033562040174,1.0,-8.213084136954784,1.0,-5.680933345131958,1.0,-39.634409517506946,0.0
154,-0.2931209514495416,8.681201879039408,1.0,10,-2.3580809252279202,1.0,10.642374376829943,1.0,-6.99248216854031,1.0,4.085896833293305,1.0,9.952980110497238,1.0,-10.864462041728157,1.0,-0.7454363167745726,1.0,10.512250489865409,1.0,-15.460157019930874,1.0,-1.7040928527794783,1.0
155,-22.290283386504168,14.69619456205568,0.6,10,-4.809480716820575,1.0,-37.999027910142956,0.0,-31.536712812771004,1.0,-36.103060790273545,0.0,1.2006627502697516,1.0,-19.801660971905832,1.0,-34.71147147077294,0.0,-16.554282822588945,1.0,-4.206506787056119,1.0,-38.38129233297952,0.0
156,3.087421944099008,5.575690732477246,1.0,10,0.4751995642426312,1.0,10.875,1.0,8.21108520831551,1.0,-0.6467671491183342,1.0,9.205362522338524,1.0,-7.63397862990395,1.0,-3.3348137169509116,1.0,4.406196364891294,1.0,3.4504057444101077,1.0,5.866529532765207,1.0
157,-16.04544472355997,24.074701159636668,0.5,10,-47.36287006837235,0.0,5.94098120659131,1.0,-40.97309655303756,0.0,-27.288664445720844,0.0,9.786666666666667,1.0,-29.12541986173703,0.0,-50.697019432907794,0.0,10.875,1.0,3.580747233702173,1.0,4.80922801921573,1.0
158,-12.277619346625382,16.549927798791316,0.8,10,-33.46910407356479,0.0,-24.409678283151823,1.0,1.2210466830466888,1.0,-43.85455026773354,0.0,-0.5462269640052213,1.0,-21.843600406022656,1.0,1.031599040827917,1.0,8.011493605359318,1.0,-1.05071611604283,1.0,-7.866456684966899,1.0
159,-3.5078766948988473,14.431742622059478,0.9,10,8.326075689605803,1.0,-18.31408364233176,1.0,8.058952009688895,1.0,5.780296867938958,1.0,-34.710972102102886,0.0,-3.3864314932408757,1.0,5.404917462693137,1.0,-18.90365351432187,1.0,9.465158333333333,1.0,3.2009734397487897,1.0
160,-23.02354595024226,22.06682996171836,0.3,10,-36.55619355196408,0.0,-26.73696310254701,0.0,9.004127671462495,1.0,10.399732492113564,1.0,-40.026713564668746,0.0,-43.276404004032855,0.0,-35.80846259513058,0.0,10.875,1.0,-37.67869807971999,0.0,-40.43088476793541,0.0
161,-5.108108337126277,18.704926514664404,0.7,10,8.488815904845413,1.0,6.3928294797687855,1.0,-34.76126110876006,0.0,3.8797070506454814,1.0,-31.93428852745974,0.0,-33.9538120957309,0.0,8.168415013210382,1.0,9.927067246993156,1.0,4.835097854526424,1.0,7.876345810698283,1.0
162,-0.8206420954777904,14.95121450039204,0.9,10,-2.3549746295547322,1.0,9.55352531120332,1.0,0.8749620375750542,1.0,10.636839093110279,1.0,6.816249476498823,1.0,-33.205638349076445,0.0,8.224819769357495,1.0,7.840044202434337,1.0,-25.83975605367333,1.0,9.2475081873473,1.0
163,-4.750689735112815,12.990928825835432,1.0,10,-23.960394963943727,1.0,-9.931068527795354,1.0,9.126787777777778,1.0,-20.42751621009524,1.0,-16.32470086561,1.0,10.7529794933655,1.0,8.146596029191787,1.0,7.6679441282204905,1.0,2.493124722345626,1.0,-15.050648934585004,1.0
164,-15.505782358059353,25.233904002938058,0.6,10,6.225973184357541,1.0,-43.41126088839692,0.0,1.3377819619657316,1.0,10.75734418798831,1.0,8.026325900995651,1.0,4.674845985932575,1.0,-3.4124578859225654,1.0,-35.814643238502015,0.0,-51.34946613982463,0.0,-52.0922666491872,0.0
165,3.937321241110374,7.406772717403011,1.0,10,0.0704770105944359,1.0,4.073607013637627,1.0,-3.4182783916921835,1.0,9.435758309487124,1.0,9.434047462727397,1.0,10.63792157174674,1.0,8.943714254882918,1.0,4.144093012791665,1.0,-13.789020288026935,1.0,9.840892454954956,1.0
166,8.654038685738529,1.8520127643066544,1.0,10,10.394933110367894,1.0,9.961289294509635,1.0,10.04873179463535,1.0,5.574169139465876,1.0,5.169866073956625,1.0,8.92954338052741,1.0,10.756666666666666,1.0,8.148760333001112,1.0,8.001496434585558,1.0,9.554930629669157,1.0
167,0.21485390367715648,11.326259732161398,1.0,10,-22.63379132856971,1.0,9.430960280053082,1.0,2.1002227848101285,1.0,-17.390287253994238,1.0,5.3822659272284605,1.0,3.9754543869843104,1.0,9.80251047419539,1.0,-7.3853408338848485,1.0,8.468927580248208,1.0,10.397617019700785,1.0
168,-25.25908541951384,27.601954247065194,0.5,10,9.5776176284973,1.0,-55.17054188805586,0.0,1.9914193601719425,1.0,-0.5833055280465214,1.0,-57.374379290306145,0.0,2.16499800356696,1.0,-10.743250235309926,1.0,-66.12248396084146,0.0,-29.1722704848995,0.0,-47.15865779991518,0.0
169,-1.0542838651504987,9.871553934220927,0.9,10,-26.76606662395901,0.0,4.765419637786331,1.0,-4.1706867243103325,1.0,1.1883605461002702,1.0,-3.0148089984485456,1.0,9.54159217877095,1.0,7.320531849103277,1.0,-6.445573014174917,1.0,1.5677348797384614,1.0,5.470657617888527,1.0
170,-0.6659275600460137,18.982408220257188,0.8,10,10.269055495625075,1.0,7.140165265771289,1.0,-35.33965198117976,0.0,10.148008677711026,1.0,-41.5885462676546,0.0,8.34721315276876,1.0,8.112044792180424,1.0,8.712155779851456,1.0,10.290582305218186,1.0,7.249697179248015,1.0
171,-11.728629156925267,14.472419491426292,0.8,10,10.649360077960045,1.0,-10.655429359962923,1.0,-3.3488794435857834,1.0,-11.014386882770154,1.0,-5.0452467020047,1.0,-32.13951978879271,0.0,-36.71019914215688,0.0,-14.660485322589082,1.0,-21.082905411854547,1.0,6.721400406504066,1.0
172,-5.751353027139232,10.15945891956324,0.9,10,-12.4052392401542,1.0,10.149388919230537,1.0,-10.361810091987742,1.0,-11.481829563257568,1.0,-16.322940810522567,1.0,-0.088313617283589,1.0,0.2031469755469768,1.0,-23.871447022979964,0.0,5.367346724794435,1.0,1.2981674552213587,1.0
173,-5.724806553413574,11.77125531544689,0.9,10,1.9543051266213727,1.0,2.249069365939029,1.0,-12.45303907831232,1.0,-7.4428334786399315,1.0,-20.383901259159128,1.0,4.127145256318483,1.0,-7.834424700133281,1.0,-30.017062947958845,0.0,9.460923398635263,1.0,3.091752782553617,1.0
174,-1.821267539745516,12.611345901388074,1.0,10,9.175,1.0,-31.710783235283873,1.0,2.9188031244750547,1.0,10.637461695174228,1.0,-14.569778954402928,1.0,2.443563606809822,1.0,6.194632321413257,1.0,2.9441673143861298,1.0,4.858530022378602,1.0,-11.104271292405453,1.0
175,-3.5903837575001445,13.172683411228505,1.0,10,4.550756199515981,1.0,1.174654159695276,1.0,10.875,1.0,-16.382484326685756,1.0,0.3639059590316549,1.0,-25.785993056676894,1.0,8.59412378940656,1.0,-25.397249742002067,1.0,-2.086789388197076,1.0,8.190238830910868,1.0
176,5.89712469414995,5.585116795222464,1.0,10,-5.252643205106676,1.0,8.219341275402943,1.0,9.489205864386072,1.0,9.415102201645077,1.0,10.521398882681565,1.0,5.198977531095359,1.0,-2.7849247991061734,1.0,2.5339821428571474,1.0,10.875,1.0,10.755807047644186,1.0
177,-13.174199043812212,18.524629934282327,0.6,10,0.863336061846292,1.0,9.802496441611485,1.0,-34.05250441751863,0.0,-34.8670332163832,0.0,0.664036808130744,1.0,7.966486277930617,1.0,1.3204732982741962,1.0,-37.704380100541904,0.0,-31.86707883339728,0.0,-13.867822758074452,1.0
178,-2.421753204794427,14.803359221189279,0.8,10,-30.03842608065075,0.0,10.515415568137614,1.0,10.406170192307693,1.0,10.044106800321762,1.0,7.919552916799489,1.0,3.089463318765289,1.0,-18.47525549590505,1.0,3.5676965106171643,1.0,3.087461893441475,1.0,-24.333717671778956,0.0
179,-2.5776267994831197,16.938118943039296,0.8,10,2.700167490389898,1.0,7.490021157476727,1.0,-1.8407278827871583,1.0,10.635000000000002,1.0,6.996264356177857,1.0,4.713672900187462,1.0,-31.786911494060536,0.0,-39.50699136253617,0.0,6.123830454078178,1.0,8.699406386242533,1.0
180,-22.012374763325642,36.03473725743603,0.6,10,-1.6877090941283281,1.0,5.728098684422143,1.0,-51.55397908505874,0.0,-81.62209163750697,0.0,7.836811401879081,1.0,8.539365220249834,1.0,-53.39316463683977,0.0,9.11632552207875,1.0,9.787564462598928,1.0,-72.87496847095133,0.0
181,-14.854020746188741,20.52451582562678,0.5,10,-36.59155503052986,0.0,4.362315001402954,1.0,-36.446323380464285,0.0,10.645000000000001,1.0,-26.268759582268647,0.0,-33.9273259012596,0.0,-10.721981233465602,1.0,10.754412413590233,1.0,8.14208211143695,1.0,-38.48807186032956,0.0
182,-14.560521010897315,28.422549346014044,0.6,10,10.408831096196868,1.0,-46.532552941804084,0.0,10.875,1.0,10.753584657665192,1.0,10.515415568137614,1.0,-52.38046139202861,0.0,-41.531378593474955,0.0,7.829595101224694,1.0,-0.3125362779672809,1.0,-55.23070732692259,0.0
183,-1.8469023218438576,20.424838099833117,0.8,10,6.7595046798108775,1.0,10.755298949041773,1.0,8.603718101775854,1.0,-40.87565610198229,0.0,10.875,1.0,9.209244520823104,1.0,-43.4717485789243,0.0,9.784685271836008,1.0,10.518433766066009,1.0,-0.6275038268856115,1.0
184,-2.563131539051279,8.435696609968998,1.0,10,2.3522728726168145,1.0,-6.97592216803587,1.0,4.487538111794598,1.0,5.731506124543064,1.0,-19.44576397107166,1.0,-4.5197128654360945,1.0,2.1997456828885404,1.0,9.087773980556754,1.0,-11.734172062172064,1.0,-6.81458109619687,1.0
185,4.28935262860439,5.760550148806574,1.0,10,3.542993634242592,1.0,9.192279606507757,1.0,3.131142571346915,1.0,10.635552664055373,1.0,-5.349536974789913,1.0,2.8648165739552134,1.0,-6.355829168858504,1.0,6.726333801769033,1.0,10.291712767004626,1.0,8.214060810810812,1.0
186,-5.808236946094527,15.039420167664495,0.9,10,-0.8355288207297704,1.0,-19.21153715633269,1.0,-4.390473621930775,1.0,5.107709867075664,1.0,10.523342652129346,1.0,9.929647242395077,1.0,-36.62113619474694,0.0,-20.548037623940324,1.0,9.211926035973894,1.0,-11.24828184083876,1.0
187,-6.964070188470575,15.36859483926637,0.9,10,-20.296670346402742,1.0,-32.77430118946476,0.0,9.917716660586795,1.0,-22.13136420191968,1.0,-13.586220212210822,1.0,5.699026150659948,1.0,5.98140911499735,1.0,10.755601717860143,1.0,-19.191225774446036,1.0,5.985326195634062,1.0
188,-2.3826051361650236,17.428925426961957,0.9,10,7.913788583911102,1.0,9.238668814337554,1.0,8.527005250298904,1.0,5.782154361012339,1.0,8.720246320613379,1.0,5.882693333333334,1.0,-23.381904205082073,1.0,-10.968110988775742,1.0,8.979374235273553,1.0,-44.51996706657259,0.0
189,2.2931307460098473,8.965417159586611,1.0,10,7.864433343128612,1.0,8.947785991058122,1.0,10.056525360284486,1.0,-13.919174490426196,1.0,-1.1853585841116132,1.0,7.270460896565108,1.0,9.620145678666479,1.0,10.875,1.0,-5.405344168260049,1.0,-11.193166566806475,1.0
190,-10.461101356922406,18.128843068604727,0.7,10,-33.67935357398994,0.0,-37.93160798568388,0.0,7.844088849011893,1.0,6.374848226681812,1.0,7.3654924321503135,1.0,-26.98893048272152,0.0,10.045169552153384,1.0,-21.201601457250188,1.0,-19.11527575974624,1.0,2.6761566301703166,1.0
191,3.4948864782119586,5.225288113920282,1.0,10,3.5660174076687863,1.0,2.1596240950436236,1.0,-2.0001776399960676,1.0,-5.65975387288259,1.0,0.15144593691120356,1.0,8.235463949156257,1.0,-0.022585948669073375,1.0,8.808281991735255,1.0,10.875,1.0,8.835548863152187,1.0
192,-5.496521050146427,16.70464749511119,0.8,10,9.921348663486635,1.0,10.875,1.0,10.284152267055887,1.0,-16.18318403749756,1.0,8.423073130649138,1.0,-34.712809857788336,0.0,10.284006238859181,1.0,-17.17610538588838,1.0,-27.250133165597855,0.0,-9.430558354742967,1.0
193,1.0590013070642939,13.961858885694346,0.9,10,6.364230818926533,1.0,7.657107882580837,1.0,7.83642,1.0,-38.75619375016853,0.0,7.442741212847858,1.0,9.189486416815388,1.0,9.781637066051402,1.0,5.346984376291643,1.0,-5.652212260756944,1.0,1.3798113080547427,1.0
194,3.217903319313449,13.602187702278302,0.9,10,6.55514172316288,1.0,10.757575557608552,1.0,5.1024448529411774,1.0,8.71776348647077,1.0,-37.05419247043934,0.0,2.8126697076245692,1.0,8.508660217627373,1.0,9.208180216569268,1.0,8.267726606238337,1.0,9.303063295330904,1.0
195,-13.344582000664412,23.373340944911444,0.5,10,-23.4044032856386,0.0,9.947951582867784,1.0,10.393033113241978,1.0,-36.06916831870104,0.0,-42.911982027187236,0.0,8.008934817170113,1.0,10.754065040650406,1.0,-43.518512144616054,0.0,-34.74822507627205,0.0,8.102486291840577,1.0
196,-17.672997473256054,22.708876221734045,0.4,10,10.635602988611678,1.0,-30.658247905462297,0.0,-40.07360883835989,0.0,-38.633331165893885,0.0,-42.16126854747488,0.0,-34.14249386084583,0.0,10.212140231092437,1.0,7.876852678571428,1.0,-30.18389092109946,0.0,10.398270608300171,1.0
197,0.760338085694823,12.713235210379631,0.9,10,10.062119489434732,1.0,9.45022479338843,1.0,1.893829763674903,1.0,1.7956817680167738,1.0,9.817449457804535,1.0,-0.09579193684804288,1.0,-34.884582898697595,0.0,-3.9213479381443364,1.0,5.154722325260983,1.0,8.331076033057851,1.0
198,-0.34345256293290893,8.430946983683288,1.0,10,-15.738709423347405,1.0,-6.830779547743287,1.0,5.934748919085856,1.0,3.7725934679845317,1.0,-14.051774622792589,1.0,4.155788501203165,1.0,3.962898178500221,1.0,-1.149241142252773,1.0,7.999488384319654,1.0,8.510461655713536,1.0
199,-13.275721155921469,23.71150783617488,0.5,10,-35.861016719940984,0.0,10.516624589032755,1.0,-40.52362616753692,0.0,10.392727203647416,1.0,10.66265326746014,1.0,-33.68258525296588,0.0,10.056392217898832,1.0,-37.58640293558294,0.0,-37.015957587806454,0.0,10.283979826579367,1.0
200,-1.5288142068109907,14.968840443441373,0.8,10,10.518977080820266,1.0,-30.888013275908015,0.0,-5.785158418273362,1.0,-28.95905020479089,0.0,0.6248538525963081,1.0,5.285812187357889,1.0,6.782232504847524,1.0,6.806921069797783,1.0,10.160512181085748,1.0,10.164770954356847,1.0
201,1.4901392888995644,12.276211393713663,1.0,10,-17.706611760458514,1.0,10.150712983223924,1.0,9.685559750065087,1.0,-26.20154008624485,1.0,10.280944837568349,1.0,10.040098416773642,1.0,0.2239567551665793,1.0,3.5769750323872325,1.0,6.255146989169219,1.0,8.596149971344976,1.0
202,-1.3080660115364509,13.3776815222631,0.9,10,9.91606608478803,1.0,7.877602985074627,1.0,2.3538299276287757,1.0,0.7186286980822967,1.0,-12.231346985866745,1.0,5.234607534847159,1.0,-11.27637777777778,1.0,7.772279278419395,1.0,-34.09331008155474,0.0,10.647360220994475,1.0
203,5.976874764493466,3.64961330224083,1.0,10,8.211936261869369,1.0,9.676681188561215,1.0,10.75669941980161,1.0,3.2866073041216612,1.0,3.4032433032616227,1.0,2.4384304678646593,1.0,8.225505640389175,1.0,0.3131211614995326,1.0,10.403901924521758,1.0,3.0526209730440534,1.0
204,-34.923796703371394,24.700400394130742,0.2,10,-49.53103643536271,0.0,10.875,1.0,-56.882396999018354,0.0,8.088487610367416,1.0,-52.616275450808956,0.0,-57.279783326751165,0.0,-30.897983056648982,0.0,-59.280955072569476,0.0,-31.99272222957764,0.0,-29.72030207334411,0.0
205,-6.310754810733966,19.3099911774331,0.6,10,-34.91362818290893,0.0,-29.942785699308033,0.0,10.757462578025574,1.0,10.752856870774211,1.0,5.561613889144223,1.0,-36.940397213359475,0.0,5.8508608833641915,1.0,-13.085556578621883,0.0,10.276537807986406,1.0,8.575487537564081,1.0
206,-5.652866715659725,17.783354309270663,0.8,10,0.5956523350630114,1.0,-19.12541849008477,1.0,10.275900772330424,1.0,3.0677065030930013,1.0,10.273662986635676,1.0,-40.84867104164736,0.0,7.738529727793695,1.0,-4.717973366811645,1.0,-32.65026255828743,0.0,8.862205975318142,1.0
207,-2.5559103703239323,8.173659592034811,1.0,10,-22.35188494656075,1.0,-2.804893988904933,1.0,-9.78629884154722,1.0,6.364610282817937,1.0,5.8068419847328245,1.0,-4.050275353980881,1.0,2.127181597929625,1.0,0.33006008126098685,1.0,3.537294345468628,1.0,-4.731738864455542,1.0
208,-6.477492659146547,16.35537486847259,0.8,10,3.502784663051899,1.0,-34.528717731696986,0.0,-20.613202936410858,1.0,8.747461891493199,1.0,7.70988203193965,1.0,-8.222302712071777,1.0,-5.600282178481887,1.0,7.416886314366959,1.0,9.694628733197908,1.0,-32.88206466685359,0.0
209,-4.369594872199603,18.35833232916498,0.7,10,4.182300371468885,1.0,9.416189406700354,1.0,-35.74657916254985,0.0,1.401794517102621,1.0,9.945447956118585,1.0,-27.21860868970702,0.0,5.826519677351867,1.0,10.408583333333333,1.0,10.875,1.0,-32.78659613181481,0.0
210,-3.984416606422169,13.42826722473445,1.0,10,-30.43527858146647,1.0,8.849707417229872,1.0,-20.731234045367373,1.0,6.15133308968957,1.0,-5.855294922019363,1.0,5.574279989488897,1.0,5.379347637525679,1.0,5.086143105374208,1.0,-18.624228920832444,1.0,4.761059166155735,1.0
211,-17.517684907032624,23.72459167090481,0.5,10,-29.917127032319065,0.0,-2.3565911618237205,1.0,-39.79094410251701,0.0,-45.514390676208954,0.0,10.632951797040167,1.0,7.420992781901941,1.0,4.2628910480086635,1.0,-41.68397928376429,0.0,8.153151750972762,1.0,-46.383804191616704,0.0
212,-3.9243857976574885,16.153560012585206,0.9,10,-3.5397917355371895,1.0,5.4652195037306965,1.0,-3.8121477715384255,1.0,-1.8688203280135323,1.0,8.011634823425869,1.0,7.001303790253633,1.0,10.875,1.0,-48.82450883825822,0.0,-8.383398636013643,1.0,-4.168348784624083,1.0
213,-8.215794637360904,19.29802542143025,0.6,10,4.836780147662019,1.0,-31.824972339648248,0.0,-31.92988924805256,0.0,9.124038329322792,1.0,3.1203237468299774,1.0,9.591856675551247,1.0,-31.108813313676052,0.0,10.271738192419825,1.0,7.772324232724534,1.0,-32.01133279674257,0.0
214,-0.08822752625872621,17.304463350993608,0.9,10,6.3876904761904765,1.0,9.574135862319718,1.0,4.049746222394419,1.0,8.362921920599085,1.0,7.504656888821339,1.0,10.514456775183731,1.0,4.731553842716709,1.0,-11.689587768969428,1.0,-48.768753045943924,0.0,8.450903564100615,1.0
215,-19.789695349357977,24.27356000111125,0.4,10,-47.27511643240808,0.0,10.634921952234768,1.0,-37.83667001514548,0.0,-51.31660503565347,0.0,-30.690569823745882,0.0,4.902484668394763,1.0,-35.95805161085208,0.0,-30.53305229902555,0.0,10.639257150308614,1.0,9.536447952312617,1.0
216,-3.8501669241813365,12.78408889073733,0.9,10,-8.384697314459583,1.0,-15.954995348084616,1.0,-1.3059937748864296,1.0,8.253572008662696,1.0,8.936022727272729,1.0,-30.64130264473079,0.0,-8.556932896890343,1.0,8.641547457921222,1.0,10.769951470168428,1.0,-10.25884092678668,1.0
217,-4.4634920265405515,15.37456295089723,0.8,10,-5.648316797574751,1.0,6.098989406272445,1.0,-3.794695806556472,1.0,-38.45644962575348,0.0,10.755,1.0,9.08373469430181,1.0,5.563063745987213,1.0,-7.157190802461967,1.0,5.241465467109088,1.0,-26.320520546729398,0.0
218,1.3395376903890102,10.612067200848635,1.0,10,10.635995468426756,1.0,-6.491040635672963,1.0,-5.973490483833979,1.0,10.756432764886776,1.0,8.947058583913494,1.0,7.531596402686601,1.0,8.119551857348126,1.0,9.430774017619912,1.0,-22.159072738535045,1.0,-7.402428332949578,1.0
219,0.2148502807851978,9.333011256514379,1.0,10,-1.8951638779727027,1.0,-3.4155764199755883,1.0,0.8292945125593878,1.0,9.918133071573868,1.0,-2.3743121265549973,1.0,9.654321305841925,1.0,-12.307742579776122,1.0,9.362017393385727,1.0,-17.77861602896506,1.0,10.15614755773554,1.0
220,4.255766440367042,8.918603239130384,1.0,10,10.152338885583978,1.0,-20.74833440886237,1.0,6.210652486760305,1.0,5.222126969124136,1.0,9.094509312003776,1.0,7.36421876491362,1.0,3.702438315260097,1.0,10.39839737459793,1.0,0.2863167042889465,1.0,10.875,1.0
221,3.137922987042393,7.686580924458957,1.0,10,9.932988121752043,1.0,-0.0995064100051053,1.0,5.45334996085449,1.0,-8.441558622714929,1.0,8.324092679718724,1.0,7.484662532448803,1.0,4.207308393606028,1.0,10.644666666666666,1.0,7.293689031371651,1.0,-13.420462483274443,1.0
222,-13.136428616732227,26.347860794049456,0.6,10,0.006194545454542677,1.0,-53.781423869396335,0.0,10.875,1.0,-41.33058981987774,0.0,-29.50720677226281,0.0,7.267311691678428,1.0,10.394605181218084,1.0,8.83467777777778,1.0,-52.60507490191422,0.0,8.48222,1.0
223,0.5457873067762431,12.339337465377408,0.9,10,10.158209128630705,1.0,1.1110957665535448,1.0,-32.28043323705845,0.0,5.003893570486637,1.0,5.8425922755964494,1.0,8.448291045237948,1.0,9.220942728655512,1.0,-6.608171726142416,1.0,-5.1177733538442975,1.0,9.679226869646802,1.0
224,-12.471219037927531,25.48285565849283,0.6,10,9.32871436286632,1.0,-43.382724029345766,0.0,10.057268041237114,1.0,2.5240957485073023,1.0,9.087569154228856,1.0,-48.38239420244924,0.0,9.419902216107317,1.0,-29.83679848866499,0.0,6.720489694599067,1.0,-50.248312876361275,0.0
225,0.2625807644131381,12.493750193997574,0.9,10,7.276067235859125,1.0,6.4831023541014545,1.0,5.688500681270306,1.0,7.887787079076807,1.0,-0.24901455592745414,1.0,-34.59923509921979,0.0,6.662862784099218,1.0,-5.310697778231262,1.0,10.037346347742144,1.0,-1.2509114046391723,1.0
226,-2.0206729353936845,13.268281500680214,0.9,10,-36.927833226162065,0.0,-3.377710093689238,1.0,5.470846153846155,1.0,4.221043577981653,1.0,9.301239023507046,1.0,10.273729014753265,1.0,1.4081068244312984,1.0,-5.918443661153502,1.0,-10.65239118145846,1.0,5.994684214007011,1.0
227,3.3330153465303622,7.24130974312782,1.0,10,4.374477075772164,1.0,-3.7121315859855564,1.0,8.012439871970736,1.0,10.026448284756256,1.0,10.875,1.0,9.10560265422373,1.0,5.454115429320775,1.0,-1.776166744461598,1.0,-13.54154998801247,1.0,4.511918467719591,1.0
228,-9.926278784552803,20.44370091436596,0.6,10,-30.832015599815797,0.0,6.538014720123959,1.0,3.765815706570659,1.0,6.3138105550586126,1.0,-40.4569648976068,0.0,-33.76531429887174,0.0,6.8254809231958475,1.0,10.266383812877933,1.0,6.025984596015701,1.0,-33.9439833630764,0.0
229,7.190295513444274,2.9121934632217172,1.0,10,9.54638016058671,1.0,9.805809107132577,1.0,10.151492274173666,1.0,7.63043043263152,1.0,3.3544410253801944,1.0,7.352611341447104,1.0,7.765039181114702,1.0,0.562217700915566,1.0,9.196891700583969,1.0,6.537642210476738,1.0
230,0.7381694655222345,16.148522120088906,0.8,10,10.633980594758064,1.0,-31.473408453993464,0.0,10.283430344930123,1.0,10.755687203791469,1.0,-30.99764923359238,0.0,10.754125520523498,1.0,3.330158442302184,1.0,8.953423966628746,1.0,5.881686269874107,1.0,9.260259999999999,1.0
231,3.4622345158649823,6.690467867973416,1.0,10,6.644792913023469,1.0,-5.8980811160882975,1.0,5.768937029635615,1.0,-5.232224960536062,1.0,4.2646112319716405,1.0,10.645,1.0,-7.857736893010562,1.0,8.287374335590751,1.0,10.409657495788883,1.0,7.590015122274391,1.0
232,-1.2021552474714852,10.694952007877971,1.0,10,-9.097085454299748,1.0,8.103347049513905,1.0,-3.5183553923661535,1.0,-5.625077006675982,1.0,7.077364496799671,1.0,7.9157762263457645,1.0,10.875,1.0,8.358948150078167,1.0,-20.59786534757485,1.0,-15.513605196535625,1.0
233,-1.8457246455299727,18.38870125638361,0.7,10,10.517020197044333,1.0,9.456563944197297,1.0,-32.00169418302119,0.0,-33.70820909780137,0.0,10.392008028464558,1.0,10.766270454545454,1.0,10.635965403624382,1.0,9.687373858940006,1.0,9.07575904490637,1.0,-23.278304106199553,0.0
234,4.8827562451020174,8.487024116682237,1.0,10,7.428920955264042,1.0,-11.359890696047563,1.0,10.284207470485775,1.0,10.281753933323216,1.0,3.834797621718643,1.0,10.515001428299371,1.0,10.146872027328866,1.0,-11.920905974051594,1.0,9.457670051109664,1.0,10.159135633589752,1.0
235,2.594181076581789,9.601182831549771,1.0,10,10.754829875518672,1.0,9.851538097491717,1.0,-1.7407512472584408,1.0,-20.37501730883463,1.0,-8.004625166592637,1.0,9.584940983606558,1.0,9.662841565703635,1.0,6.354671860040037,1.0,8.08834486849911,1.0,1.7650372376438703,1.0
236,3.764209963695788,10.926952061400085,0.9,10,8.40587703169817,1.0,9.32786490455213,1.0,5.734001126051534,1.0,10.154610474099375,1.0,4.5405065880609525,1.0,4.234919538053767,1.0,8.612738168742965,1.0,10.760707964601771,1.0,4.096851803789254,1.0,-28.225977962692024,0.0
237,5.511253113657207,4.522001657759175,1.0,10,6.498982300884957,1.0,9.535625338386572,1.0,10.875,1.0,-4.3278820808399665,1.0,0.8846296005280188,1.0,4.901029436816462,1.0,7.863100892530925,1.0,3.2585532994923856,1.0,10.875,1.0,4.748492348772723,1.0
238,1.0394283318283222,15.921387332378197,0.8,10,7.771192134209068,1.0,10.875,1.0,10.519645410911941,1.0,-33.81868432897408,0.0,7.451993380472394,1.0,9.924434036802161,1.0,10.875,1.0,-27.22705402820942,0.0,6.39375724297776,1.0,7.6289994700933965,1.0
239,-8.006873975110667,22.220833543352448,0.7,10,2.1730853760316524,1.0,-40.81320087600495,0.0,5.350482110252127,1.0,9.568767558364165,1.0,10.754669260700389,1.0,-45.465991017826816,0.0,10.526405083540704,1.0,10.634441258741258,1.0,-6.140887309883135,1.0,-36.656511195022055,0.0
240,-19.774971435375697,18.25830173355093,0.4,10,-34.945257874794976,0.0,-31.840768659337133,0.0,5.206683047539386,1.0,-32.186344609251314,0.0,10.174578514727807,1.0,-1.3991363386978772,1.0,-36.35977393580377,0.0,-6.382674132175156,1.0,-31.359403472706536,0.0,-38.65761689325736,0.0
241,0.5007711640011371,8.914215245900186,1.0,10,-14.242126848869052,1.0,3.744303691275169,1.0,-3.5408157279684715,1.0,5.592270996000762,1.0,7.262688059417254,1.0,-4.830654755109034,1.0,7.090983034532549,1.0,-15.05562090797901,1.0,10.755974775258284,1.0,8.23070932345292,1.0
242,-0.5009560473174911,14.96569541625531,0.9,10,4.193246353719817,1.0,-38.84562303524849,0.0,9.687649084927,1.0,3.7463569326411177,1.0,7.485655083220873,1.0,5.045461592670896,1.0,10.75572857142857,1.0,1.0320472264750915,1.0,-17.778182780522222,1.0,9.668100497512437,1.0
243,5.3344566813378576,3.1183333672775926,1.0,10,10.249521460943749,1.0,4.739053021792855,1.0,6.325345020849213,1.0,6.248674681969378,1.0,2.0396256564979325,1.0,-0.40802980514239806,1.0,5.843789278232717,1.0,10.15831324578761,1.0,4.505485706192017,1.0,3.642788546255506,1.0
244,-7.945776496509599,21.270539819858904,0.8,10,9.539501404494382,1.0,-13.566084759059782,1.0,0.6590757850739681,1.0,-54.56600947346742,0.0,3.893586419310938,1.0,-17.430776706052576,1.0,9.932153990512433,1.0,-36.2359571951888,0.0,10.633485911306622,1.0,7.683259657974245,1.0
245,-7.669328890760288,20.203311233001617,0.6,10,7.3482488573572535,1.0,4.2026922876498185,1.0,-30.96986711695179,0.0,10.034358300481822,1.0,-34.03933685040923,0.0,10.875,1.0,9.42465013266178,1.0,-34.01569670130413,0.0,10.526573004201682,1.0,-30.079910821290085,0.0
246,2.164012359721115,8.551159241468369,1.0,10,5.2361276959495,1.0,-9.388605557617863,1.0,5.362996695966586,1.0,10.045131574373414,1.0,-12.173274331418508,1.0,-8.128782762096774,1.0,10.875,1.0,10.644338842975207,1.0,9.325504523056557,1.0,-0.15831308397697264,1.0
247,4.603007396285489,12.836172183875055,0.9,10,6.557309210086283,1.0,10.875,1.0,9.112483083394293,1.0,8.483569293408236,1.0,9.181873406966865,1.0,9.474357400162683,1.0,6.8191946422516105,1.0,8.465952277782593,1.0,-33.69503880632932,0.0,10.75537345513165,1.0
248,-7.4281952894630905,18.304344323238777,0.7,10,-37.76365382571732,0.0,-3.8697328935454696,1.0,5.179323949849617,1.0,-33.344148002853075,0.0,8.416122536418166,1.0,8.278590429981596,1.0,10.512259046217645,1.0,5.434612567829088,1.0,-5.258691113698102,1.0,-31.86663558911306,0.0
249,1.5582952884016423,9.741476128906124,1.0,10,2.9542369530152435,1.0,9.53732835231387,1.0,-21.280884155757775,1.0,10.285328570848725,1.0,3.518038524720472,1.0,8.957819743141576,1.0,-0.28315484131170265,1.0,6.480760343635824,1.0,-11.504031304637412,1.0,6.9175106980476055,1.0
250,-6.450574350199704,16.90801222695252,0.6,10,-26.17195994020098,0.0,9.914840897914315,1.0,9.813369436842864,1.0,-28.87289329234822,0.0,-26.056498801342503,0.0,9.19635078745457,1.0,5.719979864349299,1.0,-26.890963600451492,0.0,5.693665806344184,1.0,3.14836533944092,1.0
251,-2.6360457468040623,13.826603318859906,0.9,10,10.036363298366751,1.0,-16.86331396474917,1.0,-34.44665966739458,0.0,-1.0537184952616894,1.0,6.124785498826947,1.0,10.511641305070105,1.0,10.634653544996246,1.0,-8.564288157138103,1.0,-7.296606307084112,1.0,4.5566854763269875,1.0
252,4.728761413077853,5.222161379341784,1.0,10,6.7002368499096825,1.0,9.939828396627622,1.0,10.15945516985335,1.0,-1.228246497256407,1.0,9.906764183083988,1.0,4.118987321994551,1.0,9.801764722536806,1.0,-2.161998763906057,1.0,4.028216864277672,1.0,-3.9773941163426727,1.0
253,2.08989618921279,15.492276310890237,0.9,10,9.283673835125446,1.0,4.712833042804573,1.0,10.762029209621993,1.0,7.515785848047084,1.0,6.862471131268295,1.0,-43.578571324440574,0.0,7.104020516372495,1.0,7.293099227138338,1.0,0.3068318575645055,1.0,10.636788548625745,1.0
254,-7.276263476181922,17.94893427795748,0.9,10,-20.331284483548714,1.0,10.394298577255993,1.0,-14.500818681883612,1.0,6.671270846115232,1.0,2.9403019394651784,1.0,2.3557154037132966,1.0,-44.747764758698125,0.0,10.405094506048387,1.0,3.0469832248096242,1.0,-28.996431335096474,1.0
255,-0.3970712404031951,15.903919946681532,0.8,10,10.875,1.0,8.65661729801576,1.0,8.708232488822654,1.0,-32.07011896719959,0.0,-31.00413370173195,0.0,7.867994388544892,1.0,-1.4988617370541704,1.0,7.9268077962492836,1.0,10.272238605898123,1.0,6.295511424423048,1.0
256,7.086189607919974,5.176369598588332,1.0,10,7.399619754364771,1.0,9.429524137565577,1.0,9.08860710262325,1.0,10.520301309354787,1.0,10.755042016806723,1.0,8.478240897105442,1.0,-4.444425740774408,1.0,10.63319114947998,1.0,-1.5096640096862082,1.0,10.511459462359822,1.0
257,-5.758729018729999,16.91733106342201,0.7,10,-0.3421944639292054,1.0,-30.553783504528067,0.0,4.095867389235162,1.0,4.256699408201138,1.0,-24.024323467230435,0.0,6.59246650669866,1.0,-38.04911303964111,0.0,9.671116310160428,1.0,6.994937609879508,1.0,3.7710370638539352,1.0
258,5.8647484355766935,5.284024260297618,1.0,10,10.399496727952632,1.0,2.2960480804056482,1.0,-7.643125196320398,1.0,9.596161502823222,1.0,9.248463776766394,1.0,3.661925450656888,1.0,7.270011758141018,1.0,10.043817401960784,1.0,9.30506118765682,1.0,4.46962366572393,1.0
259,6.2048239734837,3.3931114725224485,1.0,10,4.728801922084623,1.0,5.427093106428634,1.0,-0.2716248879547507,1.0,9.78490096424966,1.0,7.546666666666667,1.0,8.628842731317533,1.0,5.763117080347397,1.0,10.401374185058915,1.0,1.1923395143676956,1.0,8.846728452270622,1.0
260,-8.767317156462797,24.866767423547735,0.7,10,10.402616760597892,1.0,9.069673470136927,1.0,-39.73037036629636,0.0,7.681839330543933,1.0,3.3428740110712463,1.0,3.004435791325884,1.0,-47.75187011294526,0.0,10.875,1.0,-51.54457982114594,0.0,6.977209372083722,1.0
261,5.141151326776905,3.6315827987512015,1.0,10,9.435805502281594,1.0,-1.1145196104237929,1.0,0.13011344463191676,1.0,9.296250998136811,1.0,8.874148004714598,1.0,3.983690124344328,1.0,5.108284775221437,1.0,2.125063258296472,1.0,5.75072746647962,1.0,7.821949304086072,1.0
262,7.01757237382426,5.249964818336424,1.0,10,8.36138617603483,1.0,4.257384746727378,1.0,10.648742372881356,1.0,8.029038695124067,1.0,7.94664788370471,1.0,10.635836094021139,1.0,9.19935190802207,1.0,8.511251239273872,1.0,10.389789915966386,1.0,-7.803705293513216,1.0
263,-2.4069861187260946,17.254289744097925,0.7,10,10.059008314933996,1.0,10.875,1.0,-31.875902613836956,0.0,1.2379731945936783,1.0,10.524024880007836,1.0,7.059536261105162,1.0,10.754125520523498,1.0,-28.925747178210003,0.0,10.288498166551522,1.0,-24.06637773292968,0.0
264,0.9624032737492341,8.350806978323046,1.0,10,-9.11150208196362,1.0,5.424832569747086,1.0,10.28072761948795,1.0,3.1810622216566937,1.0,9.937053378687773,1.0,-14.756026217586829,1.0,8.60945559737906,1.0,5.002106883827458,1.0,-1.1000915262976978,1.0,-7.843585707445536,1.0
265,-4.0341915370376835,17.468796682599688,0.7,10,-4.218791543316756,1.0,9.456910870140176,1.0,-32.40982371676172,0.0,-26.246324519103425,0.0,8.596248545555724,1.0,-31.010543259143454,0.0,5.391462258698416,1.0,9.19344207173195,1.0,10.151564527882847,1.0,10.753939393939394,1.0
266,-12.63060470191272,23.864586754593983,0.6,10,-38.472344499189866,0.0,7.89879161326856,1.0,9.78574617744631,1.0,-37.495538392242075,0.0,-41.77801286026262,0.0,9.68314221177053,1.0,4.92620024186234,1.0,2.8340079956633675,1.0,-48.49482915472787,0.0,4.806789647284139,1.0
267,-16.502975237940866,30.44456128430158,0.6,10,8.688944252590035,1.0,10.635153137079989,1.0,-53.44469899327152,0.0,10.392606600008966,1.0,5.045214611120256,1.0,-54.06443369336939,0.0,-51.13246516038591,0.0,-56.231595681925455,0.0,7.000395882077678,1.0,8.08112666666667,1.0
268,3.3454557628781756,11.291314735790877,0.9,10,10.755937288135593,1.0,-28.787816059426977,0.0,5.1548585902907975,1.0,9.420466558041568,1.0,5.963422958689518,1.0,9.579665255653337,1.0,8.319247447970247,1.0,7.8418656754547325,1.0,-2.665284881566093,1.0,7.872194795539032,1.0
269,-23.59330922596318,22.828315501817915,0.3,10,-29.00991309459909,0.0,-45.74690403887033,0.0,10.218789580058386,1.0,-41.26174011790857,0.0,10.63274124268681,1.0,-42.79424534425086,0.0,-43.462728907058114,0.0,-27.238288119738097,0.0,-36.97280752573263,0.0,9.70200406578069,1.0
270,-5.990440164181509,18.451347842396736,0.7,10,-41.65062532475312,0.0,-31.660852389899635,0.0,10.391445976617703,1.0,-4.451718258735719,1.0,10.279153464554328,1.0,-24.02019301202473,0.0,10.758327371583917,1.0,-2.7590854506383504,1.0,4.997339457839111,1.0,8.21180652364141,1.0
271,5.81112725982541,6.154461331242501,1.0,10,1.7953140801751495,1.0,10.51529269732253,1.0,7.734920977301133,1.0,-8.92213224244448,1.0,9.190031794817445,1.0,-0.7858918446293242,1.0,10.755937288135593,1.0,7.808963333333334,1.0,10.756629834254143,1.0,9.26220667998858,1.0
272,-6.504200139878539,20.502493543416424,0.7,10,4.205401358096865,1.0,-46.148807067679655,0.0,5.574306832831971,1.0,8.10436559139785,1.0,10.164053438139904,1.0,-33.58409008850893,0.0,-30.982587444037865,0.0,-1.664758475674743,1.0,10.75674157303371,1.0,8.533372883615517,1.0
273,3.549541231999391,13.783959166288627,0.9,10,6.9612335000409935,1.0,10.513434441272432,1.0,8.04145579380232,1.0,3.529637092326361,1.0,10.39300882113647,1.0,-36.874212852007204,0.0,9.672204061544837,1.0,2.0814748468535367,1.0,10.515690344696248,1.0,10.661486270327913,1.0
274,-0.9816710358406056,12.872241638450044,1.0,10,-4.540933868455719,1.0,-4.246073206044699,1.0,4.8175483232234315,1.0,-25.552023362388724,1.0,10.284077712551415,1.0,6.036583590868308,1.0,8.039537277115162,1.0,8.1426381270903,1.0,-23.67306495236553,1.0,10.875,1.0
275,2.3895848062136524,10.975379529001781,0.9,10,10.156640283605846,1.0,8.236598059559194,1.0,-27.817029834137045,0.0,0.6295779220779227,1.0,7.745744940993018,1.0,-4.692372688251815,1.0,7.06196185561795,1.0,4.524068408387762,1.0,8.237378626478817,1.0,9.81328048780488,1.0
276,3.841588483272358,11.685788972724053,0.9,10,4.848305558662342,1.0,9.427163433996235,1.0,3.0009898559326595,1.0,6.182400941030357,1.0,10.875,1.0,3.065380533264303,1.0,10.166520499228342,1.0,-30.059450055297027,0.0,10.03457406590637,1.0,10.875,1.0
277,-14.588185506314147,19.928745052584787,0.4,10,-31.980223905278446,0.0,-23.512875427269286,0.0,-36.87556685273793,0.0,10.313271406621038,1.0,10.875,1.0,7.751679451459999,1.0,8.371990476190476,1.0,-23.97853210270287,0.0,-33.041787184156064,0.0,-33.80481092526841,0.0
278,-0.49578161447738617,9.792485319898624,0.9,10,-0.06376148879605026,1.0,-12.298755435358977,1.0,5.36105659547566,1.0,8.744456658190362,1.0,4.383763106030743,1.0,4.883295588679349,1.0,7.856065597667637,1.0,-24.22697710773145,0.0,-2.358403525191079,1.0,2.7614438662599436,1.0
279,-4.510262817871981,15.350727923471897,0.8,10,-30.56311225484456,0.0,-2.0734516372623037,1.0,7.157993318704353,1.0,1.4441507056451623,1.0,6.1407668057898945,1.0,-11.258114597617698,1.0,9.535305455051489,1.0,-0.7222378894700938,1.0,10.041503649137168,1.0,-34.80543173385322,0.0
280,-17.598859448787938,23.38336166606993,0.4,10,10.336501666666667,1.0,-25.31698340766318,0.0,-41.49141312018657,0.0,-36.04081484330316,0.0,10.634205171682916,1.0,-39.793464735516395,0.0,10.875,1.0,-33.20703030121745,0.0,-42.1424232374024,0.0,10.157828319060215,1.0
281,1.7849031500288848,5.825727838481354,1.0,10,-5.826821397809772,1.0,3.1664690083309184,1.0,6.142678141638101,1.0,9.295485186919013,1.0,4.102675816122584,1.0,-5.906546842728167,1.0,-6.232007969920835,1.0,10.397246607185588,1.0,1.9879239174423322,1.0,0.7219290331090846,1.0
282,5.495074212279431,6.838213836337964,1.0,10,9.68913627616355,1.0,7.414396566560537,1.0,7.921598347107439,1.0,8.256092331331192,1.0,8.821172009479856,1.0,10.166995065362306,1.0,9.919051452282158,1.0,8.850444009228951,1.0,-6.928348271018669,1.0,-9.159795663703012,1.0
283,-3.565960762547273,18.210921253887097,0.8,10,6.2302000485292925,1.0,6.2471101328159975,1.0,-11.275824292491945,1.0,8.010123894715196,1.0,-41.930248614144126,0.0,10.032332320031045,1.0,-1.2643541522583437,1.0,-32.97969152128578,0.0,10.395744558615934,1.0,10.875,1.0
284,-1.1420823901275876,17.117975507149925,0.8,10,-42.66291595482158,0.0,7.505265180479579,1.0,-23.24094525573701,0.0,8.487767592200084,1.0,8.486839105776113,1.0,4.878623075367593,1.0,-5.987627973040722,1.0,9.908935459940652,1.0,10.565826666666666,1.0,10.637408201892745,1.0
285,1.681266714153478,11.173581776486023,0.9,10,-8.96001207759544,1.0,8.13616776865883,1.0,-25.063372178908526,0.0,9.463649414959466,1.0,-7.553638276827247,1.0,4.473094571601074,1.0,8.941050161563318,1.0,9.442788284518828,1.0,10.635860832137734,1.0,7.2970786414267454,1.0
286,-13.075485269590155,22.74085796772719,0.5,10,-35.83758974255672,0.0,10.875,1.0,-33.547685240603315,0.0,9.424314084756784,1.0,-42.80128002745367,0.0,5.883085076757058,1.0,-33.8889895278339,0.0,10.403806642845542,1.0,10.755463012717177,1.0,-32.020976974530484,0.0
287,1.3285425997898588,14.283711541394936,0.9,10,9.087381119187318,1.0,-5.054398877665546,1.0,-38.72097103200247,0.0,4.62803951442473,1.0,10.755,1.0,9.308783542995617,1.0,10.27622846512631,1.0,3.474484486644605,1.0,10.40544835353427,1.0,-0.8745695743462445,1.0
288,8.948090862883358,2.160809634126485,1.0,10,9.0017371095886,1.0,4.019970793245632,1.0,9.57289280714619,1.0,10.07121559408365,1.0,10.521035027133696,1.0,10.154693856027963,1.0,10.755248236570807,1.0,5.694780079796184,1.0,10.670003333333334,1.0,9.019331791907515,1.0
289,3.645642473857257,10.864875714902045,0.9,10,10.511872439478585,1.0,7.288915450626805,1.0,2.767646191219847,1.0,9.43258106153017,1.0,-1.6899759510275416,1.0,9.814687879595887,1.0,-27.00454087153255,0.0,9.868633898305086,1.0,9.692118644067797,1.0,5.774485996308482,1.0
290,-2.936023528566683,15.648586615582806,0.8,10,7.8652211111111106,1.0,-36.733121712765296,0.0,10.51479060218978,1.0,5.853053294573642,1.0,-1.7679598445595879,1.0,6.034862938596492,1.0,-25.091772987846834,0.0,8.802505350454789,1.0,-12.922557263745537,1.0,8.084743226324616,1.0
291,-6.4009848153411,22.31393064108067,0.7,10,10.514937238493724,1.0,5.811884784100123,1.0,-38.90802157973675,0.0,10.511606132655572,1.0,-37.89243231580631,0.0,-44.06304878786964,0.0,7.435328089887641,1.0,4.251357581298158,1.0,10.01767924023542,1.0,8.310861463331047,1.0
292,1.0072840040575983,11.111242694827826,0.9,10,-0.5421671283471827,1.0,10.163272148661704,1.0,10.343167110239529,1.0,5.603216525611433,1.0,10.3956405775076,1.0,10.398427473511417,1.0,-4.967751301668255,1.0,-5.471223794722571,1.0,1.1794923030744844,1.0,-27.029233873292178,0.0
293,3.807902194542615,7.959052395280425,1.0,10,9.802256380083843,1.0,8.953329024845612,1.0,6.882961983471075,1.0,9.660837750177993,1.0,8.339591723441838,1.0,-3.567555176495164,1.0,10.397777243680371,1.0,7.958340067801252,1.0,-9.559117210007594,1.0,-10.789399841573077,1.0
294,-14.752535073211288,23.60694738395196,0.5,10,-47.18559316900427,0.0,10.758041008227766,1.0,9.088900209483906,1.0,-43.09910530161568,0.0,-32.80548172290748,0.0,5.4523386021710145,1.0,-38.63981816450877,0.0,9.063054258675079,1.0,-27.146761021683442,0.0,6.989074569049003,1.0
295,0.630422399426975,10.15773824744248,1.0,10,10.283397738250839,1.0,-19.4645638512859,1.0,-0.21504651780967166,1.0,10.875,1.0,0.5551416808722784,1.0,10.875,1.0,9.084451072290866,1.0,-14.286070947126667,1.0,-4.352857175264287,1.0,2.9497719943422904,1.0
296,-2.5627643361285335,7.578604233281422,1.0,10,-17.80444815003139,1.0,-0.44631483604677946,1.0,9.203687189849344,1.0,-1.08038548089473,1.0,8.085417618617502,1.0,-3.3367212701612896,1.0,-11.599932473753954,1.0,-2.1110313691391926,1.0,-3.445921706356005,1.0,-3.091992883368837,1.0
297,2.198142617497776,16.15210944947038,0.9,10,10.395982891976926,1.0,4.457182056992747,1.0,8.600004198152812,1.0,10.875,1.0,8.561178487043422,1.0,-45.55582783154924,0.0,1.8111824774308118,1.0,10.28614881005043,1.0,6.816186638008238,1.0,5.734388446871616,1.0
298,1.40115981860078,15.487785142333522,0.8,10,-29.409651073225827,0.0,5.996426339727111,1.0,10.044047201728285,1.0,10.146156272860278,1.0,-29.554350054561688,0.0,8.229887186395016,1.0,9.414279257268507,1.0,10.167768978700165,1.0,9.917793612893599,1.0,9.059240464222352,1.0
299,3.944961972170127,6.600164710657439,1.0,10,0.6578491197072012,1.0,-6.938965346910859,1.0,9.455802916472752,1.0,-8.530350296471134,1.0,2.7541586000485347,1.0,10.292171462000745,1.0,5.2823647921565495,1.0,8.71769361552442,1.0,10.520024323937617,1.0,7.23887053523544,1.0
300,-3.2138544989161644,15.4511952309158,0.8,10,-8.151586325498975,1.0,-29.821386798197537,0.0,10.151599264156022,1.0,-8.959985343383591,1.0,10.28877848013337,1.0,-6.390180743737853,1.0,-29.862661020170602,0.0,9.452159970860427,1.0,10.636147322420562,1.0,10.518570204256534,1.0
301,-2.712144483436139,13.62189540316359,1.0,10,8.850060888252148,1.0,-26.589870839429416,1.0,4.525616844602609,1.0,2.1056213237393653,1.0,5.805748171036489,1.0,-11.81388032727631,1.0,-27.52772319254053,1.0,-1.7033474651121736,1.0,9.412331939647336,1.0,9.813997822719088,1.0
302,6.243197704641289,4.961063571816142,1.0,10,10.6343244813278,1.0,6.9931600380674155,1.0,-0.43462575346095456,1.0,4.8857217753821525,1.0,9.68057063541024,1.0,-3.9504747895356225,1.0,10.875,1.0,9.952774469411073,1.0,10.642296254621444,1.0,3.153229935189337,1.0
303,6.931466131449919,3.0775251327207873,1.0,10,5.600336613153805,1.0,-0.8374616730949924,1.0,8.868019330855018,1.0,7.7109882665176706,1.0,8.10009364352015,1.0,10.156264214215476,1.0,5.414119371227583,1.0,10.63578748651564,1.0,6.3766771026592455,1.0,7.289836958929599,1.0
304,-8.55210894011604,14.96763216036948,0.8,10,-7.700963961693553,1.0,-36.71290472724061,0.0,-0.8330133049150685,1.0,10.394705629663124,1.0,7.592352233476928,1.0,-12.105689355085758,1.0,-13.352277632140463,1.0,-12.552428591256076,1.0,-28.976331270680255,0.0,8.725461578711316,1.0
305,3.7316486987858504,4.511545111605098,1.0,10,5.191576699769105,1.0,9.664444115250722,1.0,5.764099236936902,1.0,4.544974150768453,1.0,4.133962735817616,1.0,1.6081711854041405,1.0,6.736262851731601,1.0,-4.88805739450809,1.0,8.163086752741423,1.0,-3.602033346053366,1.0
306,1.291125388497259,11.629310372932162,0.9,10,-26.928149762464816,0.0,7.281151587190602,1.0,-14.122007641050677,1.0,4.599256434230597,1.0,9.443972372964971,1.0,9.30098487727031,1.0,-0.5022806315677144,1.0,8.080438372411276,1.0,9.453069626960577,1.0,6.3048186490274665,1.0
307,-6.5106529203761125,23.560611608389873,0.7,10,10.753527058966123,1.0,-29.022827581972283,0.0,-44.54331764472737,0.0,10.634287138584247,1.0,9.001741308190926,1.0,-50.89206298085521,0.0,6.4052629233511595,1.0,2.5857220822837963,1.0,9.096138492417484,1.0,10.875,1.0
308,5.4717062301023365,7.2387454836794785,1.0,10,-7.013324832544715,1.0,10.752962367864694,1.0,-9.224733529395603,1.0,10.644140911471975,1.0,10.03433675283819,1.0,10.875,1.0,2.083113880696411,1.0,7.908755451947661,1.0,9.718318409742121,1.0,8.938492888402624,1.0
309,-2.3269885486633077,17.186788049974886,0.8,10,6.663995734091716,1.0,10.875,1.0,-23.422635748235663,1.0,-29.08137730010498,0.0,8.369641744548286,1.0,-32.5052498411065,0.0,8.700404802744425,1.0,10.157174878319529,1.0,9.333119213902876,1.0,7.640041029207231,1.0
310,2.8442301336959215,7.065963209427033,1.0,10,9.690758783952155,1.0,10.635662714563795,1.0,-15.586592097474345,1.0,5.807946376860968,1.0,5.847808032675289,1.0,-0.43481710397289497,1.0,5.830733951069928,1.0,-0.5984530860058861,1.0,4.4776276170312865,1.0,2.771626148258921,1.0
311,1.7645188826987783,11.982094352879466,0.9,10,3.770243751546647,1.0,7.011198772737233,1.0,7.810734451208658,1.0,1.3190426653351075,1.0,-2.374429111531196,1.0,8.076079917649261,1.0,8.94245968489342,1.0,8.71560840108401,1.0,-32.63195792756181,0.0,7.006208221626452,1.0
312,-18.51232724282841,24.616291768635797,0.4,10,-29.278501460346014,0.0,7.95285270593409,1.0,-41.63315313195279,0.0,10.058301167315175,1.0,-42.73417992113773,0.0,9.921107319996006,1.0,-13.675646285944794,0.0,-43.47449008791584,0.0,9.177684815831736,1.0,-51.437247550063915,0.0
313,-5.684769311511127,16.92421240562757,0.7,10,1.3248281584743946,1.0,-27.961894185479917,0.0,7.621479016878283,1.0,7.2018035968430585,1.0,5.722791452076785,1.0,8.695,1.0,7.420553639846743,1.0,-2.3198213852417116,1.0,-27.717040290028404,0.0,-36.8353931184805,0.0
314,-15.621191320329666,21.92987867711164,0.5,10,-41.889470179073555,0.0,9.610449376006441,1.0,-28.765026927219587,0.0,8.014697825819923,1.0,-8.977119324700865,1.0,-36.970188591385316,0.0,-39.391995973829886,0.0,-36.52724767901462,0.0,8.16662788592123,1.0,10.517360384179572,1.0
315,-4.2781995311026915,25.861674714710563,0.8,10,10.393150085763294,1.0,9.785,1.0,7.02752590318513,1.0,9.681337880377754,1.0,10.518238467968692,1.0,3.961157432954419,1.0,-61.6411633711962,0.0,-49.52146261381035,0.0,9.325535546606014,1.0,7.688685357124331,1.0
316,0.7014056849700119,14.985662096649992,0.8,10,8.933069668008047,1.0,10.024603399433428,1.0,10.147812307149785,1.0,6.674175496575926,1.0,10.875,1.0,4.689771083118328,1.0,-29.109468383569585,0.0,-28.682854491051184,0.0,10.037511037891269,1.0,3.4244367321440974,1.0
317,3.958033752149175,5.399777348642788,1.0,10,4.690941631233089,1.0,10.657717777777776,1.0,9.1775322507209,1.0,-4.546688233026824,1.0,-0.8027499297052714,1.0,9.337906666666665,1.0,4.67684528627705,1.0,-3.604785655019823,1.0,0.8075103054645378,1.0,9.186107421103651,1.0
318,2.385813316525296,9.327350399244594,1.0,10,-13.33638427488279,1.0,-15.959941161515294,1.0,5.300865272454592,1.0,-3.067263205417607,1.0,4.581227436823105,1.0,9.446249657118225,1.0,9.424143780545483,1.0,9.80031506651938,1.0,10.515865455893254,1.0,7.153055137714611,1.0
319,-6.248891919877283,19.91610755679238,0.6,10,10.403739389039671,1.0,10.754777215189872,1.0,-36.682337665510325,0.0,10.755559179128221,1.0,-26.957735358180088,0.0,7.487747911188043,1.0,10.391447137412753,1.0,-31.88478435202794,0.0,9.284987290178375,1.0,-26.042319945191423,0.0
320,2.1029653537744415,8.586687106495537,1.0,10,-3.421638484139832,1.0,-4.921021158423693,1.0,-16.466251263499487,1.0,9.656465650162755,1.0,-0.7098893029134246,1.0,10.513022222222222,1.0,-1.7978388615135668,1.0,9.682370092254882,1.0,10.295458258144173,1.0,8.19897638545039,1.0
321,6.822557163408149,4.38635771503057,1.0,10,8.253011959268433,1.0,-0.9121519654601187,1.0,2.8067697147452586,1.0,10.755614823133072,1.0,10.034191834876308,1.0,9.20659896526995,1.0,9.685252459016395,1.0,10.279090449489843,1.0,-0.8155221061986282,1.0,8.932715499940976,1.0
322,-6.595102688019024,19.31145083089079,0.8,10,8.359996844828675,1.0,9.082431132487976,1.0,-42.83047328594354,0.0,-20.045655791610677,1.0,7.001510518785438,1.0,10.039256033578173,1.0,-5.451722337431496,1.0,-2.6422121179701126,1.0,-38.763710112678744,0.0,9.299552235764073,1.0
323,1.0568180501478532,13.625450608695687,0.8,10,-25.00436293933828,0.0,-26.11198652442447,0.0,1.3493163621676825,1.0,9.92518873031496,1.0,10.284552536876657,1.0,5.3215384933432555,1.0,4.927303398295954,1.0,10.875,1.0,8.24623596770562,1.0,10.755394476537152,1.0
324,6.881703900697166,2.245896648798538,1.0,10,7.4439228744744375,1.0,6.656124911909796,1.0,6.327061333607526,1.0,5.223306108934385,1.0,8.243072029667665,1.0,1.3987268894828198,1.0,10.039597560296329,1.0,6.7779682260458465,1.0,7.727895484832953,1.0,8.979363587719886,1.0
325,-6.283341522532191,12.19567877812283,0.8,10,2.7363620253164544,1.0,-6.294125144114878,1.0,5.876167826528478,1.0,2.8391659967288545,1.0,3.523736571695469,1.0,-25.85261477558994,0.0,-7.512772871463039,1.0,-16.028508985232186,1.0,5.577810827217041,1.0,-27.69863669640816,0.0
326,4.366086618941551,11.436819891895839,0.9,10,9.536320067602913,1.0,3.809597321536785,1.0,10.633604796990124,1.0,6.327841800204569,1.0,9.210478654592496,1.0,10.029842029808758,1.0,3.530579975146459,1.0,9.55018885691865,1.0,10.1513739823657,1.0,-29.118961295750957,0.0
327,-21.353823294088084,19.376776227031776,0.6,10,-8.247889245585876,1.0,-12.507228859967286,1.0,0.02680303915839133,1.0,-17.80847335183234,1.0,-37.718628426919224,0.0,-39.29363109901826,0.0,-46.14306135850614,0.0,10.875,1.0,-14.159550469787085,1.0,-48.56157316842302,0.0
328,5.433909274515064,5.375860900253308,1.0,10,8.93913876861337,1.0,6.9859462750506145,1.0,10.633355096231202,1.0,7.156684633444661,1.0,8.47010299625468,1.0,10.875,1.0,2.6853706838185527,1.0,6.226761176371165,1.0,-7.432505363964623,1.0,-0.2007615206689941,1.0
329,7.449639612722431,6.178761465458462,1.0,10,-10.811839430214658,1.0,10.635526634749409,1.0,9.2953039138013,1.0,8.370466553562773,1.0,10.394869593130567,1.0,10.516072247706422,1.0,7.536619073809261,1.0,10.271846227430348,1.0,8.120264288783844,1.0,10.167267024465044,1.0
330,3.023921732067424,11.46525640331222,0.9,10,3.835248952547988,1.0,10.279331292949125,1.0,1.7917908052487483,1.0,3.1466950306330856,1.0,6.304530642023346,1.0,10.286182316655244,1.0,5.003424469641551,1.0,9.785,1.0,9.93179439822696,1.0,-30.124780587251816,0.0
331,-7.347635843134867,19.44007046641818,0.7,10,2.8832299149150478,1.0,7.598787738219491,1.0,-42.80082755462518,0.0,-33.498538644623856,0.0,10.281949958134266,1.0,6.711047553706958,1.0,-4.3201584200367265,1.0,1.6545424573817957,1.0,-32.02964936113967,0.0,10.04325792671921,1.0
332,2.204994105095898,16.610603855900447,0.9,10,-45.77337801345851,0.0,2.208821659411684,1.0,10.156971334495449,1.0,9.674958807431945,1.0,10.875,1.0,10.519262756881472,1.0,9.5583602539824,1.0,10.755440383007826,1.0,-3.7346029966364345,1.0,7.809106865843148,1.0
333,4.596965533475413,8.40199751351401,1.0,10,-3.7195851812429694,1.0,10.635055865921787,1.0,10.158353230861065,1.0,2.2743874982519934,1.0,7.152563034544039,1.0,7.798345434569729,1.0,10.640674328886032,1.0,10.875,1.0,-16.964694103130956,1.0,7.119555226093402,1.0
334,7.1794848772525715,3.503203217943229,1.0,10,8.723526649387974,1.0,0.45447184974691446,1.0,0.9229645533790141,1.0,9.060226165160376,1.0,9.129875936719401,1.0,10.755828282828283,1.0,10.875,1.0,6.914091825693488,1.0,6.496637498527852,1.0,8.462226011082414,1.0
335,-5.280630328227583,16.0298661835394,0.8,10,1.5763719199458741,1.0,9.811746908520723,1.0,4.472767688835789,1.0,9.682667493796526,1.0,-33.904469305590176,0.0,-13.908308597939687,1.0,10.875,1.0,-7.944064415089212,1.0,-33.34002679182949,0.0,-0.12798818292618463,1.0
336,-7.485208749437516,21.510515197994525,0.6,10,10.756893184732222,1.0,-28.314640430001237,0.0,-27.021166967450142,0.0,10.130848571428572,1.0,8.388534666589821,1.0,10.636805572380375,1.0,9.051533976678728,1.0,9.914443623830625,1.0,-39.67133704776113,0.0,-38.72400264480299,0.0
337,-2.5181252158209633,17.539439973635677,0.8,10,8.937973864871314,1.0,-39.526951635918856,0.0,8.123159599307073,1.0,8.983997809419495,1.0,8.826561717543019,1.0,2.2563123559947815,1.0,-30.991251364256453,0.0,-11.013931699325807,1.0,10.399117893560554,1.0,8.823759300595238,1.0
338,-22.738800616146687,21.629884999678847,0.3,10,8.931022078745604,1.0,-27.18824896871777,0.0,-38.012117593228076,0.0,9.69494001499625,1.0,-39.58171194128738,0.0,-28.255288237796204,0.0,-39.520590504973406,0.0,9.811907044081673,1.0,-42.400733653980176,0.0,-40.86718439930737,0.0
339,-2.855827208537156,17.47612823555181,0.7,10,7.986276226534153,1.0,4.176567797402112,1.0,-30.117646478835223,0.0,10.275458038778563,1.0,-28.87463168516653,0.0,-29.22060703907013,0.0,8.833493681360011,1.0,10.418313333333334,1.0,10.757678858736458,1.0,7.206825181555692,1.0
340,-17.550718485919077,21.542449795929098,0.4,10,9.064020628337536,1.0,10.635692726077341,1.0,-30.400171634778772,0.0,-14.276314640698455,0.0,-46.45358711693723,0.0,-2.8457501252295963,1.0,-43.611024219103705,0.0,9.307455269687868,1.0,-32.12942131912055,0.0,-34.7980844274252,0.0
341,-13.305701836611224,25.143782952121096,0.6,10,-55.74572339283317,0.0,-35.857601720810514,0.0,-39.372497248890106,0.0,10.28421452614776,1.0,9.062651918316831,1.0,-15.858360594096675,1.0,10.517240943288867,1.0,-37.11846749532504,0.0,10.635296738811087,1.0,10.396227959278727,1.0
342,0.9683268144268048,12.882602967699928,0.9,10,6.143747433662597,1.0,10.757711267605634,1.0,10.635150897226755,1.0,7.368301056338028,1.0,-20.496243522691664,1.0,-25.983321742923863,0.0,-4.632512989587468,1.0,8.837997398028364,1.0,10.517032121998701,1.0,6.535406224610962,1.0
343,1.9564407558965144,10.830913479451672,0.9,10,7.867542443864565,1.0,6.707493348210455,1.0,7.200434364095777,1.0,8.606116492840727,1.0,8.45367016257313,1.0,-8.430007285876199,1.0,2.7552466916952865,1.0,5.837487944465053,1.0,7.6834146195326545,1.0,-27.11699122243631,0.0
344,1.1762703781470536,12.622811067775888,0.9,10,6.260409032807839,1.0,10.395251907881407,1.0,9.259603409288571,1.0,-16.19398703620922,1.0,3.149573101717433,1.0,1.431561608207204,1.0,-29.119011691002363,0.0,10.278031986105583,1.0,10.754533699857461,1.0,5.546737762816623,1.0
345,4.251231987403218,4.588883223356944,1.0,10,-0.6300240845147584,1.0,4.406187113476198,1.0,7.770472324723246,1.0,0.8331830301875982,1.0,5.77112501504031,1.0,-5.760051574803148,1.0,10.277319102181762,1.0,8.247260659280348,1.0,4.5626536073645925,1.0,7.034194681096016,1.0
346,-2.7718464948109274,16.989118915575546,0.8,10,9.41616204873453,1.0,10.514405589729876,1.0,9.54456581814317,1.0,4.940395078976985,1.0,-2.1765306711769323,1.0,10.051986776859504,1.0,-35.95422796774284,0.0,-35.18120232152667,0.0,-1.8424957360029666,1.0,2.968476435896074,1.0
347,-1.742778704395673,12.774533268500875,0.8,10,10.875,1.0,8.35068901513021,1.0,-24.193058686104106,0.0,8.082413494809689,1.0,10.28741913319239,1.0,-25.161958663672596,0.0,-5.189734013077691,1.0,-6.3151125762591285,1.0,2.2745311344098376,1.0,3.562024117614669,1.0
348,-8.199671047311316,22.08611572460145,0.6,10,-28.11059020801779,0.0,9.54465211565222,1.0,10.395140936686904,1.0,-28.105152849147377,0.0,-42.79036425648025,0.0,8.38034254205191,1.0,9.907531522793404,1.0,8.44014740547506,1.0,-39.934938666116885,0.0,10.276520983989643,1.0
349,-3.422535190433023,15.099083874492457,0.8,10,-3.9042403034861675,1.0,-3.1280218550457484,1.0,-33.19732862903226,0.0,9.173093922651933,1.0,-0.45913295528806586,1.0,0.6855667012567732,1.0,-30.62388199625005,0.0,9.20343193658708,1.0,8.831494593556178,1.0,9.1936666807201,1.0
350,4.85968070101751,8.520988517110471,1.0,10,10.515,1.0,9.110408318732382,1.0,9.914260315913994,1.0,9.419203684625174,1.0,5.834858810005748,1.0,10.875,1.0,2.8730149687897706,1.0,-18.24492881986575,1.0,9.335114830197899,1.0,-1.0351250982241123,1.0
351,8.028483575221927,2.948707950843297,1.0,10,9.182512315270936,1.0,10.875,1.0,9.098926556493085,1.0,3.433482672847532,1.0,10.635055865921787,1.0,10.636818071632023,1.0,2.574242408467809,1.0,10.517249843909172,1.0,7.665818836232754,1.0,5.665729181444175,1.0
352,5.028284263899858,4.817938711291369,1.0,10,1.620908328192474,1.0,8.254947500804306,1.0,-1.6610128630369712,1.0,8.701371008456393,1.0,10.395955353208988,1.0,5.00635090625801,1.0,-3.0160321988588787,1.0,9.785,1.0,1.41035460397425,1.0,9.785,1.0
353,-1.5120132583830268,15.848087590656744,0.8,10,10.514210943346392,1.0,6.8952614172462425,1.0,-32.07680026539538,0.0,10.875,1.0,9.799980872011252,1.0,-32.418847623795266,0.0,0.5325592423185235,1.0,-1.5164478153243923,1.0,4.678212605042017,1.0,7.596738040720341,1.0
354,5.986478480823677,4.474524014060276,1.0,10,-3.751998488308521,1.0,1.8615653393006415,1.0,6.172939941879239,1.0,7.328984512734276,1.0,10.271126049938367,1.0,9.563948098378845,1.0,10.400874841034335,1.0,1.9536145180642563,1.0,5.660248832508539,1.0,10.403481162706798,1.0
355,-0.05553290952244048,15.631310214731577,0.8,10,7.764372363174015,1.0,-35.23459319941639,0.0,1.8669230171475952,1.0,8.420690116356827,1.0,10.534487777865674,1.0,3.7981491448639897,1.0,7.1259852656068245,1.0,10.636067519784476,1.0,10.40915252918288,1.0,-25.8765636297903,0.0
356,0.0572941442141774,12.85188955996084,0.9,10,-26.083644969922116,0.0,-16.67475875197953,1.0,10.172489525804608,1.0,-11.624260718256085,1.0,10.278999342537803,1.0,-2.2277380952380934,1.0,9.092568894037312,1.0,10.278447367637868,1.0,7.084316761038194,1.0,10.276522086481808,1.0
357,-1.7532767820477848,12.433812606497671,1.0,10,10.393065019432072,1.0,8.982181828181718,1.0,10.147611690880568,1.0,10.520861956379782,1.0,-13.066247868106878,1.0,4.289042857142856,1.0,-12.06550413508918,1.0,-10.623188776870961,1.0,0.836178568801941,1.0,-26.946768961229765,1.0
358,-0.924984655464651,16.24062466393383,0.8,10,2.3642805012638357,1.0,-32.164089016529125,0.0,10.052732955492582,1.0,9.302449523695405,1.0,5.733061141304349,1.0,9.050006812332844,1.0,10.515232643836288,1.0,-32.85486639512379,0.0,-1.7622183037520944,1.0,10.5135635828332,1.0
359,-4.450858634234903,21.27070548843223,0.7,10,9.559848324701406,1.0,-25.243121714059555,0.0,10.513260977480932,1.0,9.180470647209535,1.0,8.97424387328153,1.0,6.439460102837556,1.0,-39.63013087547336,0.0,-43.77368146563252,0.0,9.076885649835155,1.0,10.394178137470295,1.0
360,6.3928144723887,6.736067891173768,1.0,10,10.63555251396648,1.0,10.516924921135647,1.0,5.38779364026254,1.0,9.692584040665611,1.0,10.398141184915245,1.0,-9.829370330140529,1.0,9.925590848705273,1.0,10.025136788509766,1.0,-2.9781957747124235,1.0,10.153986890579398,1.0
361,2.4718665647510263,5.038878065723944,1.0,10,-6.6056243567753,1.0,8.028877760103528,1.0,3.667149683362118,1.0,4.191305412287,1.0,-4.066161558418708,1.0,7.396091906222383,1.0,9.342642544535535,1.0,2.064524319043521,1.0,-2.186209618846121,1.0,2.8860695559963077,1.0
362,-4.007840920106981,22.862489482150753,0.8,10,9.66098696461825,1.0,-0.21529682472375455,1.0,9.821057999924724,1.0,-0.40399349155217124,1.0,-50.63513925349264,0.0,-47.42915536872148,0.0,8.754927339662855,1.0,10.283323732519,1.0,10.156296281508691,1.0,9.928583419186717,1.0
363,-12.14909055386416,21.41512244019413,0.5,10,-30.862177200274942,0.0,10.397764185320145,1.0,-28.235173796791457,0.0,10.636182653241477,1.0,6.671335845245494,1.0,9.228308949416341,1.0,-31.19565004806577,0.0,-37.535091184451296,0.0,8.274533304684143,1.0,-38.870938246965714,0.0
364,3.775008067765662,13.621002750545285,0.9,10,10.27316392370882,1.0,10.63456795679568,1.0,-9.63099086788428,1.0,-33.058281468719706,0.0,10.641647792621427,1.0,8.705200901151988,1.0,10.395714146569524,1.0,9.93057033848562,1.0,10.518338521105376,1.0,9.340149433822164,1.0
365,1.3192643347020487,9.587134772899857,1.0,10,0.8026595921533879,1.0,8.088281107114552,1.0,-13.148841697214847,1.0,-19.729261715885603,1.0,6.84518486936353,1.0,8.149626666666666,1.0,1.0746622991732995,1.0,10.28166636846186,1.0,1.5695168946349387,1.0,9.2591489625527,1.0
366,9.447082506001802,1.2428747543390457,1.0,10,10.178391258807848,1.0,10.395871627518687,1.0,10.284180664248902,1.0,9.199408858274053,1.0,9.207685758979604,1.0,6.313664422942082,1.0,10.393082637297656,1.0,9.095148097696962,1.0,8.64665131613376,1.0,10.756740418118467,1.0
367,3.4247804461098097,12.429743985881737,0.9,10,5.412241632898094,1.0,-0.4921930828126335,1.0,10.875,1.0,10.754989429175476,1.0,10.63467476052573,1.0,8.929703278424638,1.0,6.587544497730858,1.0,10.759789886538732,1.0,-32.214847386601726,0.0,3.000901445218937,1.0
368,4.334462873343925,11.011033662905495,0.9,10,-28.11856998287408,0.0,9.063290420295342,1.0,10.517691061452515,1.0,5.728909034653465,1.0,10.277640610531975,1.0,3.8473922687928503,1.0,9.927186632328679,1.0,6.818131822348138,1.0,8.593373146825593,1.0,6.689583719084777,1.0
369,-29.568427271772993,20.727554411489617,0.3,10,-45.69953802200475,0.0,-40.705665855221014,0.0,-38.956012663898925,0.0,-41.586461765546154,0.0,-28.36012722893441,1.0,-24.180355863877423,0.0,-48.60231962421004,0.0,10.397117031263335,1.0,8.077629915258036,1.0,-46.06853864055856,0.0
370,5.650348760786619,7.9556282194093875,1.0,10,9.71218636289133,1.0,4.624260801954902,1.0,10.40261971611293,1.0,8.96334985835694,1.0,10.875,1.0,8.241694061443132,1.0,6.837613505982626,1.0,3.1091724436741766,1.0,-17.018216190194043,1.0,10.755807047644186,1.0
371,1.5742842695468717,11.834457497804117,0.9,10,10.753526631521542,1.0,5.550845167652861,1.0,9.931629568356144,1.0,7.833642756680731,1.0,10.515794322489642,1.0,9.681906383365114,1.0,-8.535259130097854,1.0,-10.505027562335743,1.0,6.712819972826087,1.0,-26.197035414989813,0.0
372,-5.0068627492954025,20.5797670645574,0.7,10,3.6956803703476098,1.0,10.393621091927205,1.0,-29.24649144948572,0.0,10.043821196827686,1.0,10.753924193688603,1.0,9.445542776254092,1.0,9.57413693813067,1.0,-39.923414942327426,0.0,3.9504484677652503,1.0,-38.755896136082,0.0
373,-0.5680068805050299,18.355511929874474,0.8,10,10.267400417463906,1.0,10.163897279247143,1.0,1.1075941650917063,1.0,10.875,1.0,5.0852567203843115,1.0,10.875,1.0,-30.94687238552066,0.0,8.356252376210735,1.0,-41.976964777764515,0.0,10.513367399837074,1.0
374,1.3952465870710913,11.128333852141266,0.9,10,3.904086460726746,1.0,9.41950383269455,1.0,6.484777057822194,1.0,7.963902740706985,1.0,2.2130935244607075,1.0,0.15644401947148978,1.0,-2.5891988197344347,1.0,10.40232611977856,1.0,-29.897133395357066,0.0,5.894664330141179,1.0
375,-7.9073690304341495,19.406242531399098,0.6,10,8.26936463628031,1.0,5.901659071640525,1.0,-37.43950911165789,0.0,10.030613300910478,1.0,8.130575070821529,1.0,-29.069221609897518,0.0,-33.65714051094889,0.0,-25.01104133667163,0.0,10.15993419117647,1.0,3.6110759940051143,1.0
376,2.58639502260772,8.979878197144805,1.0,10,10.52153072918372,1.0,-7.256123741260284,1.0,9.59204140969163,1.0,7.623992769492822,1.0,6.459113333333334,1.0,9.050716302046578,1.0,-17.275384937464537,1.0,4.903631847386898,1.0,8.577119756465397,1.0,-6.332687242798359,1.0
377,1.7067045962863134,16.932838440028128,0.9,10,8.19192264885921,1.0,10.75299683463085,1.0,-48.33165261165131,0.0,2.388953960912228,1.0,2.677698230088498,1.0,6.54051046477351,1.0,9.441453608247423,1.0,9.83498138079988,1.0,5.054085939401988,1.0,10.516095506800859,1.0
378,2.7103420559194746,12.293781063440315,0.9,10,5.154112460710669,1.0,10.275144790587088,1.0,-30.136340143265606,0.0,8.987864797160949,1.0,-7.800058026584873,1.0,0.6334850877725788,1.0,10.635664988814318,1.0,9.658997475809844,1.0,8.819549128189777,1.0,10.875,1.0
379,3.7321474814584676,6.9151374158340415,1.0,10,8.960030736187232,1.0,8.031020754716982,1.0,6.67531425891182,1.0,8.977325874889146,1.0,-13.807217458134465,1.0,3.815677913819288,1.0,-3.396657460929136,1.0,3.5162376342816657,1.0,4.764742560842147,1.0,9.785,1.0
380,-5.242944899735905,19.215031693652747,0.6,10,-26.22527852379373,0.0,-32.93191822654525,0.0,10.634944134078212,1.0,9.079834006501823,1.0,-32.088318750976526,0.0,10.514490842769208,1.0,10.395597063515318,1.0,10.639388333333333,1.0,10.513271699636658,1.0,-22.96145957587809,0.0
381,8.475813204302357,2.5813599051640463,1.0,10,8.5647669088225,1.0,3.8498066924410086,1.0,10.756963750494826,1.0,9.343627195716747,1.0,9.471934883226048,1.0,8.693139595076499,1.0,10.635033977033245,1.0,9.448980888582405,1.0,3.2388361348235515,1.0,10.755042016806723,1.0
382,2.214917216843885,13.192322152025188,0.9,10,8.377698422712934,1.0,8.848585467962817,1.0,-0.7313918757467146,1.0,9.668144468765785,1.0,10.39799235486183,1.0,-35.24726541946797,0.0,-1.9846696035242264,1.0,8.47293991416309,1.0,10.157123621082123,1.0,4.19001481762918,1.0
383,0.8385457829636339,12.572614978769886,0.9,10,10.875,1.0,9.681583937400989,1.0,8.101263961705039,1.0,-28.88111367939609,0.0,-3.2868596247641406,1.0,4.960698734177215,1.0,10.270341321994588,1.0,0.9058441021252328,1.0,10.632455186914221,1.0,-14.873756110520715,1.0
384,6.966824217705236,4.514005353606787,1.0,10,10.63945508292785,1.0,10.637799942697514,1.0,10.517524972253051,1.0,3.422180059889059,1.0,8.235912546966066,1.0,9.792500574505105,1.0,9.598472222222222,1.0,9.060064825728237,1.0,-1.1015906285815067,1.0,-1.1340774215552525,1.0
385,0.66052073970323,15.211126769808162,0.8,10,10.753785516023216,1.0,4.685093384110521,1.0,-32.6356548826943,0.0,9.934538950715421,1.0,7.1950161196990985,1.0,10.153192093963122,1.0,4.829507448664607,1.0,-26.02000780875831,0.0,7.31640869900151,1.0,10.393327876307412,1.0
386,-2.7629240830241932,16.81717960675099,0.8,10,9.311428641394848,1.0,-40.829013148458074,0.0,3.8814921874999984,1.0,-2.2315538069509024,1.0,9.299172534502878,1.0,8.611031465441046,1.0,0.9829297820823282,1.0,-29.195790776446078,0.0,1.9040670327156288,1.0,10.636995257976393,1.0
387,7.678214295910934,2.914247609393164,1.0,10,10.757798575220002,1.0,8.417132841814231,1.0,5.296750332098162,1.0,10.635267311473667,1.0,10.272156716900588,1.0,7.592869364161849,1.0,7.8417150174851,1.0,3.209177454584201,1.0,2.4824866696289707,1.0,10.276788675742573,1.0
388,3.8797553427285782,7.583947298042375,1.0,10,-11.293710357470195,1.0,-1.9297463200270517,1.0,-6.496574725653273,1.0,10.755418875088997,1.0,9.30107142857143,1.0,4.3074657534246725,1.0,10.161489832365955,1.0,3.079920775514223,1.0,10.63615867768595,1.0,10.276059487785076,1.0
389,3.914295698977449,8.802984285576509,1.0,10,-14.818824022639145,1.0,10.75325842696629,1.0,10.277415290200432,1.0,-8.82053525928584,1.0,-0.3559478480188787,1.0,1.879685189272708,1.0,10.321362303385763,1.0,10.529955616924745,1.0,10.27512584495901,1.0,9.101461448009406,1.0
390,-11.020135063911383,20.936020860409347,0.5,10,-30.83058231683629,0.0,10.637230171347818,1.0,-32.03226142473123,0.0,7.786206426086364,1.0,10.262990805558458,1.0,-22.87053890326247,0.0,10.511173184357542,1.0,-35.92297400965546,0.0,8.856175940646528,1.0,-36.59877051262508,0.0
391,-17.951903395838734,21.77760403947519,0.4,10,-45.568199882875895,0.0,6.63592352797459,1.0,10.875,1.0,-28.0828943108233,0.0,-22.94902707858622,0.0,-28.87293036560995,0.0,-43.48957145691421,0.0,10.756982588558195,1.0,0.798167913487891,1.0,-39.62248489359843,0.0
392,-0.07180140464573359,14.891701100488262,0.8,10,1.277934014842188,1.0,-1.7727787095501206,1.0,10.635257026434019,1.0,9.100078112794876,1.0,-31.663736672589984,0.0,10.637277467863207,1.0,8.953651521593878,1.0,7.886286697392512,1.0,-25.69750741546371,0.0,9.9255239102258,1.0
393,-18.01869234226078,21.024529818407892,0.4,10,6.699389140271493,1.0,-40.79720815925284,0.0,8.19703707718994,1.0,-42.81804639029894,0.0,-23.068683420347877,0.0,3.089780579935563,1.0,-27.955467978988697,0.0,-31.121650572100936,0.0,8.695,1.0,-41.10707369901551,0.0
394,-3.088055962949979,13.7255529981795,0.8,10,5.997936863279475,1.0,-14.351842932595558,1.0,5.6811322655136856,1.0,7.387924274025348,1.0,-30.033622450968934,0.0,8.21722998729352,1.0,-0.3498618793571797,1.0,9.928658528740069,1.0,-24.1172815958816,0.0,0.7591673104513834,1.0
395,4.303082036453667,4.395942552054523,1.0,10,8.446117095294543,1.0,-2.568309109396493,1.0,1.5641271215794905,1.0,-1.3281273124118247,1.0,6.432748845894497,1.0,1.6654890960094058,1.0,1.6074101870757698,1.0,9.2055,1.0,7.845337444990524,1.0,10.16052699550075,1.0
396,-8.248305588327167,20.623537171941987,0.8,10,10.16256088793026,1.0,-45.02306790788324,0.0,10.421695128076344,1.0,-3.0279707847841006,1.0,-7.5994471943151165,1.0,-47.312145399017425,0.0,3.238522836495676,1.0,-16.259424610710223,1.0,2.517826436890445,1.0,10.398394724045708,1.0
397,-3.800585563617658,11.71497981329899,0.9,10,3.6244786181782382,1.0,-7.578189283145521,1.0,-15.419972494987396,1.0,-13.666421306078316,1.0,9.675626929620062,1.0,7.15667666286811,1.0,5.165675634237585,1.0,-7.458996811454689,1.0,7.631040148239654,1.0,-27.135773733654318,0.0
398,-4.290502514493935,17.625482143232407,0.8,10,4.511922358765036,1.0,-21.505961043623934,1.0,5.504273164351115,1.0,10.63124597091899,1.0,-33.93096910211889,0.0,8.34532585430659,1.0,-34.750324391765446,0.0,-3.007796397055465,1.0,10.42225844128265,1.0,10.875,1.0
399,8.33559994570957,2.0439484853474417,1.0,10,10.321028333333334,1.0,6.6401108862584195,1.0,10.393877070149454,1.0,10.395668786433491,1.0,5.269092773490204,1.0,6.409603047456299,1.0,9.926831943705281,1.0,6.469616079372356,1.0,10.633841016238868,1.0,6.896329520657986,1.0
400,-16.109290235057827,25.755071031635485,0.5,10,-32.13657339213838,0.0,4.9487368253378285,1.0,-43.53858292224574,0.0,10.271521958524596,1.0,-39.89983045495129,0.0,10.276715350584814,1.0,-46.49023718269176,0.0,10.525133178759262,1.0,-45.68511103470594,0.0,10.635325322948328,1.0
401,-0.3008208585105573,14.717095144866276,0.8,10,9.074330266897139,1.0,10.393620098846787,1.0,10.875,1.0,-12.786532346291303,1.0,4.0806204017524985,1.0,8.061181284616021,1.0,-27.084154561147244,0.0,-25.942734549253224,0.0,10.036923444547329,1.0,10.283537374926428,1.0
402,7.625849031145998,2.4094297717389357,1.0,10,10.175157181571816,1.0,9.007131666666666,1.0,2.0807507088428174,1.0,8.665332139607246,1.0,8.083037858928243,1.0,9.177851627596933,1.0,8.698510292524377,1.0,8.372770257176867,1.0,8.023609307359308,1.0,3.9743392711857135,1.0
403,3.7124178346004135,12.622547282450105,0.9,10,10.279863574351978,1.0,-9.31126977055024,1.0,10.401101353478124,1.0,9.961694236236752,1.0,8.70372446489577,1.0,10.519406556849278,1.0,8.994085392174288,1.0,-30.09231788989679,0.0,9.925453689021547,1.0,7.742436739443425,1.0
404,2.1626240826215817,6.396881848753862,1.0,10,-6.8209627061282685,1.0,10.156919148570939,1.0,4.619501325916824,1.0,8.974030286987404,1.0,-2.003833271269814,1.0,-5.301646744659207,1.0,-3.7275159495661097,1.0,10.875,1.0,6.191796859781043,1.0,-1.337048123416995,1.0
405,-4.659381755780814,20.229980579023458,0.7,10,-40.85245387011747,0.0,8.795795610425241,1.0,8.830137807440366,1.0,9.429616480385711,1.0,9.548993789228089,1.0,9.452098017385348,1.0,3.4216781620361365,1.0,9.683920396484774,1.0,-31.004221318783227,0.0,-33.899382632293104,0.0
406,0.5346695529881881,15.693602304137015,0.8,10,9.940149579831932,1.0,8.893638484242597,1.0,-29.347281152119866,0.0,-1.3968213803197518,1.0,10.047387675702812,1.0,10.395522177028859,1.0,-30.805896309077664,0.0,10.515437392795883,1.0,6.343736322188452,1.0,10.760822739608628,1.0
407,4.581175712005079,8.0456887140843,1.0,10,-2.5670425813276836,1.0,9.596183574879229,1.0,10.875,1.0,-6.65264762129619,1.0,9.803053375806076,1.0,10.155452582913036,1.0,10.394693191673893,1.0,-12.326617777914162,1.0,8.482982580468178,1.0,8.050699794848416,1.0
408,2.274979758808023,11.215798000944284,0.9,10,-27.079428282044653,0.0,4.2105063384980355,1.0,9.073924071896522,1.0,7.611502319959449,1.0,7.807193147590362,1.0,4.638802004251441,1.0,9.80545682137834,1.0,9.949158095238095,1.0,6.5961821342604985,1.0,-9.863499062947863,1.0
409,2.725591519081018,14.258215932511764,0.9,10,10.753620625116975,1.0,9.451432470863061,1.0,-6.822023595280939,1.0,10.282266013115189,1.0,-36.59910311098033,0.0,10.513867639657775,1.0,-0.30995963359726453,1.0,10.023491534462073,1.0,9.688432256642047,1.0,10.273890990811596,1.0
410,8.395752066085738,2.4268239977254664,1.0,10,3.6733630552368464,1.0,10.875,1.0,10.280376364640414,1.0,10.392145305656065,1.0,10.39761639285926,1.0,9.097513946339797,1.0,7.9908551707034805,1.0,8.372124715466637,1.0,4.138220284237722,1.0,8.740305425717166,1.0
411,-12.454901493206812,22.596436742175506,0.5,10,10.03814662699696,1.0,9.194040542183322,1.0,-27.004719473726777,0.0,10.297417228353455,1.0,-44.66087216624691,0.0,-43.00225422111049,0.0,8.57904455929599,1.0,-26.23666293468588,0.0,9.052033360395601,1.0,-30.805188453523385,0.0
412,3.252620884810157,8.236628590003845,1.0,10,6.433981679477547,1.0,8.828945911798327,1.0,3.4979180188726344,1.0,8.080625656199294,1.0,7.860689391554615,1.0,-5.320695060895504,1.0,7.421858180264844,1.0,7.884662487696213,1.0,-18.450833208489378,1.0,6.28905579162298,1.0
413,8.803024156910396,2.230062559654096,1.0,10,4.17091547300488,1.0,10.516399361334681,1.0,10.149486433152441,1.0,5.585869204119405,1.0,10.755042016806723,1.0,10.632254621848741,1.0,10.037423911157383,1.0,7.2856161894493034,1.0,10.273344371767152,1.0,8.623889986463249,1.0
414,2.675021415729492,6.8967809920478,1.0,10,5.489059953566714,1.0,10.520743885736646,1.0,8.018328751028081,1.0,-0.30794340232858985,1.0,-10.914480942663403,1.0,2.6359148718776053,1.0,3.7335696447683606,1.0,10.153449064195573,1.0,-8.202203918848621,1.0,5.623776249962553,1.0
415,4.911949444846071,5.972624163666167,1.0,10,1.7874306377383302,1.0,8.373205984690326,1.0,1.5797656433780318,1.0,10.758041008227766,1.0,10.516790615316511,1.0,3.7553875735687505,1.0,-9.752962240919354,1.0,7.906382119842975,1.0,3.679696484770897,1.0,10.515756621846473,1.0
416,-4.532756455373539,17.440315449487777,0.8,10,10.753896513645685,1.0,-34.70834171391887,0.0,-4.542241815879912,1.0,2.1907187443185254,1.0,-13.817634938001465,1.0,8.960350790999312,1.0,-37.712722779051006,0.0,9.91633870433727,1.0,3.9312907858185406,1.0,9.700781153996537,1.0
417,-0.07395457048290374,13.674512389569198,0.8,10,7.62901006878676,1.0,10.515768213015795,1.0,9.53934156271204,1.0,3.032042277975516,1.0,-1.0121029252164284,1.0,5.035711558652285,1.0,7.225391064207516,1.0,10.397855646543515,1.0,-28.02718150488224,0.0,-25.075381666623798,0.0
418,-7.356435724484484,10.616550783614036,0.8,10,-9.251317763530908,1.0,-13.50274563038602,1.0,-8.537065715972561,1.0,8.264137165450123,1.0,3.7869053478951935,1.0,-5.058372486975424,1.0,5.080421306856298,1.0,-6.39168521833891,1.0,-22.798563734290852,0.0,-25.156070515551775,0.0
419,3.0076535131691053,10.867502320634806,0.9,10,6.69810298812078,1.0,3.8198419348695465,1.0,10.394018125805989,1.0,10.274380780327338,1.0,10.757536764705883,1.0,-24.67895723131175,0.0,7.653926373065805,1.0,-9.995141337386018,1.0,7.148319555751877,1.0,8.004507177741601,1.0
420,-15.725026594686591,25.9905993069293,0.5,10,9.703921922099415,1.0,-44.48398896484706,0.0,10.393754038987325,1.0,-43.63209768728491,0.0,7.729277549062712,1.0,-34.966905832780995,0.0,10.755,1.0,10.647721257237386,1.0,-32.92066186005497,0.0,-50.476286369284814,0.0
421,6.882199978853637,4.893621906800197,1.0,10,8.962953887280019,1.0,10.515739741641339,1.0,10.051468519107718,1.0,9.42013832599119,1.0,3.7763465079844973,1.0,-1.6658155198356752,1.0,10.875,1.0,9.330683944027337,1.0,-2.6070081838212147,1.0,10.162492566161166,1.0
422,-9.66075861714417,21.490250509955303,0.6,10,10.27409957098673,1.0,-38.230473041341426,0.0,-34.91941051177252,0.0,-34.00503739572348,0.0,-35.82124533051814,0.0,8.602303408331476,1.0,10.526901495776176,1.0,5.635100657629847,1.0,0.9290784771351515,1.0,10.401096498054473,1.0
423,-1.2901750536341372,17.64324643692473,0.8,10,10.517641194162861,1.0,7.963366258696867,1.0,10.63374259894048,1.0,-36.13930748384815,0.0,9.704639009513707,1.0,-7.346619839684845,1.0,10.156102266921236,1.0,6.739588921123213,1.0,-34.057572282936036,0.0,8.926668820769295,1.0
424,-4.760913277742354,17.82692669637523,0.7,10,6.881000405320756,1.0,10.636233987251687,1.0,2.9809301618664055,1.0,5.221915573938807,1.0,8.419824444444444,1.0,2.6177743107815434,1.0,-31.231825847214253,0.0,-29.808517548119923,0.0,-33.959435701728076,0.0,10.63296743603507,1.0
425,5.132754249998717,10.489637165904837,0.9,10,8.371390184969172,1.0,10.875,1.0,10.875,1.0,9.422386650211944,1.0,-24.05907344462613,0.0,10.277519289397418,1.0,9.936742719098108,1.0,9.541367259576353,1.0,9.192333333333332,1.0,-3.105123491973025,1.0
426,-13.83694175500348,24.460509019311136,0.5,10,9.29768100262974,1.0,-48.46104182603332,0.0,10.637647530133073,1.0,-27.178763825020635,0.0,-28.517219844144456,0.0,10.394371176997701,1.0,8.7111837700308,1.0,10.397452415812593,1.0,-43.69909403724915,0.0,-39.951633913191166,0.0
427,-13.542819036828863,24.85402856773943,0.5,10,-44.71273090638342,0.0,10.875,1.0,-24.165882638592148,0.0,-47.7888123887594,0.0,-22.997310889443025,0.0,-45.905489423976356,0.0,10.272943610355833,1.0,8.081687088514997,1.0,10.037405179994895,1.0,10.875,1.0
428,1.32137112616746,11.723439668419566,0.9,10,8.121090072553532,1.0,2.0226152387519374,1.0,6.623035200460388,1.0,-3.4990894532143724,1.0,10.515415568137614,1.0,7.016884912037437,1.0,-28.21151841996892,0.0,9.665493482309124,1.0,-9.915215339392137,1.0,10.875,1.0
429,0.6033089815676136,9.827196737264574,1.0,10,10.875,1.0,7.424919117279942,1.0,7.314054740732187,1.0,-15.65339351661879,1.0,-12.576774252370539,1.0,8.95730941704036,1.0,-9.692927797379046,1.0,-5.6085238720981145,1.0,10.755559179128221,1.0,4.237866799961913,1.0
430,5.721678716304277,4.887293335254242,1.0,10,8.169314527747364,1.0,3.156945753147543,1.0,3.933574634905435,1.0,-4.584869692256932,1.0,2.596411531069827,1.0,10.875,1.0,10.034812616737964,1.0,10.396672123692587,1.0,1.8828011064453776,1.0,10.756124561553596,1.0
431,-8.771383926808673,17.702049485606597,0.7,10,-4.254628047782685,1.0,-28.239963414634147,0.0,-13.47139191822502,1.0,-34.02570539148577,0.0,10.042847599023332,1.0,10.284114773672975,1.0,9.064603016123744,1.0,-34.167258488610244,0.0,-13.465761960484265,1.0,10.519304564315354,1.0
432,-2.4757530867712374,15.025324512514986,0.9,10,-11.123989250353628,1.0,-37.87207651128028,0.0,-8.885068172134648,1.0,8.612670810446179,1.0,9.572349184055644,1.0,10.402543108719579,1.0,9.92393587680993,1.0,10.396626999484004,1.0,-14.086804999764622,1.0,-1.6977179136945413,1.0
433,-14.352799089976415,21.3806447032534,0.5,10,-38.72556357927785,0.0,-39.44688368084891,0.0,-26.930662863407488,0.0,10.400662526413441,1.0,-9.603470684093256,1.0,-42.49402056897636,0.0,10.162766894900058,1.0,8.317474573909813,1.0,-24.279143957252884,0.0,9.070850438869307,1.0
434,4.47403824040882,11.471281681210654,0.9,10,10.515897467047319,1.0,9.92022483025316,1.0,-29.10575990481854,0.0,10.27018740870061,1.0,1.6552904223446383,1.0,8.585044147157191,1.0,5.867340270328256,1.0,8.956016795082675,1.0,9.082355787760696,1.0,8.993785180232203,1.0
435,1.1571757066820325,16.076807341653062,0.8,10,8.096873060898856,1.0,9.016711475409835,1.0,8.483418185683158,1.0,9.424490716640637,1.0,10.75734418798831,1.0,6.739632215308342,1.0,-25.797904544195042,0.0,10.274356130949224,1.0,10.036736859744178,1.0,-35.45990122160717,0.0
436,5.839600564614585,5.565021391432042,1.0,10,7.531610486891386,1.0,10.875,1.0,10.275248455923638,1.0,-1.8562938596491243,1.0,-0.7513866146230086,1.0,-4.388448195485804,1.0,10.633677998678598,1.0,8.272878008298754,1.0,7.049597579525163,1.0,10.754121786586243,1.0
437,0.019813382863062223,15.970296973857451,0.7,10,9.933202763583589,1.0,10.393171038824764,1.0,-23.24812676171413,0.0,10.875,1.0,10.045608838490885,1.0,-22.720199170712718,0.0,-26.990854937926404,0.0,10.637532441471572,1.0,10.75718875502008,1.0,10.515610861592979,1.0
438,-2.962402114838066,16.543975923279696,0.7,10,-26.42553380361707,0.0,8.94860786627809,1.0,10.03077380952381,1.0,9.370799469797387,1.0,10.394274060689801,1.0,9.342876017711756,1.0,10.63897683007032,1.0,-34.06227007299266,0.0,-14.658736413349239,1.0,-13.203788912492854,0.0
439,8.409170663529979,3.9353431601378066,1.0,10,10.521857016098364,1.0,10.548970790378007,1.0,10.756029577238385,1.0,10.635975536814403,1.0,3.3220908262600135,1.0,-1.5030386831820923,1.0,8.989016393442624,1.0,10.279376780470702,1.0,9.78811348065232,1.0,10.75331491712707,1.0
440,-4.6000644738887875,16.639645842993318,0.8,10,-1.9718389977821715,1.0,-34.65071873033628,0.0,4.464405888285863,1.0,-3.0253898029997757,1.0,-37.04800405754331,0.0,10.51479843727391,1.0,10.395400462814168,1.0,1.37145434211806,1.0,-6.56588552479038,1.0,10.515133244072043,1.0
441,4.307405602476468,6.2943020581673705,1.0,10,-2.03649533005175,1.0,8.090558434328294,1.0,10.398495335276968,1.0,5.025196854467381,1.0,4.015109905660377,1.0,7.240849849602375,1.0,6.434986948221452,1.0,9.566209330877838,1.0,6.148408104991487,1.0,-11.809263408609747,1.0
442,0.38765328378974423,13.772286236215761,0.9,10,-5.059712497270548,1.0,2.0828425166642672,1.0,8.840576102941178,1.0,1.4137246643853683,1.0,4.358802398278159,1.0,-38.02486356984372,0.0,10.636006174395161,1.0,10.524024880007836,1.0,9.935281703322415,1.0,-0.8301495349826791,1.0
443,5.988152135308376,7.651627964290366,1.0,10,8.641465913324227,1.0,0.3282044643144335,1.0,7.892510863804981,1.0,-15.336315182944416,1.0,9.570380693218988,1.0,10.400479931102875,1.0,8.385385031136178,1.0,8.968597997138769,1.0,10.756965174129354,1.0,10.273846467858371,1.0
444,4.125323891785998,8.273371352601787,1.0,10,-0.33065845658765625,1.0,10.875,1.0,10.036138886230981,1.0,9.689893074012144,1.0,6.779389948747153,1.0,5.318702576112413,1.0,-13.351560024158893,1.0,10.394722416880791,1.0,10.392281822051938,1.0,-8.550671325428898,1.0
445,-18.777754007982548,29.931246287187424,0.5,10,-42.353685931773306,0.0,9.54520640461375,1.0,10.875,1.0,10.172000856898029,1.0,7.715109509442396,1.0,-46.62918865746814,0.0,-25.135189507523588,0.0,9.787729447711289,1.0,-59.34572462780632,0.0,-62.408797573919585,0.0
446,5.127501249943806,8.585517945850919,1.0,10,-17.14250212548885,1.0,10.754989429175476,1.0,5.739475705910102,1.0,6.176236000858184,1.0,10.290947044229616,1.0,10.875,1.0,10.514713656387665,1.0,-4.205618467985348,1.0,9.30435957646657,1.0,8.967411679884643,1.0
447,-19.286639985204697,32.37160240575392,0.6,10,-32.06929731638419,0.0,1.2353635578583706,1.0,10.514541789255748,1.0,-62.09574073312215,0.0,8.441014606741573,1.0,-7.71766616274825,1.0,-67.0654738936925,0.0,-65.8591416999556,0.0,10.875,1.0,10.875,1.0
448,-3.5472376773729217,11.618934976486512,1.0,10,-10.756851396324691,1.0,-21.45227173287278,1.0,4.122337253602783,1.0,5.745579046081526,1.0,-16.2744204133027,1.0,9.203189418738388,1.0,5.6716464684014865,1.0,8.92993015808981,1.0,-0.9767613347761781,1.0,-19.68475424136686,1.0
449,0.6623362292605011,13.185216441799023,0.9,10,2.9922934597742605,1.0,3.127641519332669,1.0,10.649305,1.0,10.271652693456684,1.0,5.419772766955177,1.0,-31.048347630061155,0.0,2.8277020666323445,1.0,10.424221666666666,1.0,-17.490289624651698,1.0,9.449410374500061,1.0
450,5.954371061220941,4.876231365941059,1.0,10,5.717017321785477,1.0,2.3146667483459957,1.0,-3.8071517253375617,1.0,10.512470315530535,1.0,7.166877384484952,1.0,8.476770675453047,1.0,10.14913236978937,1.0,-1.0688303974706415,1.0,10.39324785944953,1.0,9.689510060178712,1.0
451,1.6780633969460497,7.236374775718743,1.0,10,-10.484817438332671,1.0,4.918762166256391,1.0,-6.2280633741258775,1.0,7.986290434134922,1.0,-5.858497682595498,1.0,-4.503152066863638,1.0,8.819522630587908,1.0,7.081366328383085,1.0,10.634698475244132,1.0,4.414524496771743,1.0
452,5.858025916051299,10.683140331150875,0.9,10,8.682514900016711,1.0,10.274922068561647,1.0,10.771823513729672,1.0,9.12482052462034,1.0,-26.02799189254599,0.0,7.48876379742139,1.0,10.270341321994588,1.0,8.128096605462536,1.0,10.875,1.0,8.9919683212521,1.0
453,-3.8063175741929585,20.665651733720743,0.7,10,-38.422676186621935,0.0,10.395625312447926,1.0,8.727779079676182,1.0,6.383347471261006,1.0,10.277306427999227,1.0,-25.384022897227215,0.0,10.875,1.0,10.160088776046226,1.0,-40.637293502874016,0.0,9.561669777363017,1.0
454,1.1404251980676288,11.86770428637989,0.9,10,-0.36295595090857624,1.0,10.875,1.0,3.0646004611675934,1.0,8.956500245424586,1.0,2.2905716878402904,1.0,6.0698085857647275,1.0,6.3898492104806515,1.0,6.8767542997543,1.0,-32.911824238753404,0.0,0.1559476799061219,1.0
455,-3.997534048553669,18.50130330122116,0.7,10,1.580885222856196,1.0,-37.87254938906018,0.0,6.435181267753027,1.0,10.283290854254279,1.0,9.197128430517346,1.0,10.634638633377136,1.0,5.858681242408467,1.0,10.552993031358886,1.0,-33.37572771703117,0.0,-23.26986206197068,0.0
456,-15.213109794536829,26.416034189717838,0.5,10,-46.61706682111933,0.0,10.751958991772234,1.0,-53.19601608733119,0.0,10.148703010033444,1.0,-41.55666393467051,0.0,10.275510349025973,1.0,-30.206998814366614,0.0,-33.122120844127785,0.0,10.634207475105717,1.0,10.757388730309758,1.0
457,-12.892369475917562,19.15323215443912,0.4,10,-32.15331806968337,0.0,10.753939662036627,1.0,-26.001080013835264,0.0,9.9017991416309,1.0,-23.161541817443965,0.0,10.756415342334808,1.0,-29.04054855285696,0.0,-32.0895384452575,0.0,10.051638202247192,1.0,-27.941460208348087,0.0
458,-5.962184616240414,19.617279703055903,0.6,10,-27.291465565249673,0.0,-33.42648375206859,0.0,10.753217848332081,1.0,8.470072479928636,1.0,10.641389166666666,1.0,10.755,1.0,-31.932356045358585,0.0,10.058794933655006,1.0,-26.836114292036644,0.0,9.18609906372697,1.0
459,-17.704465467901887,27.507121159204576,0.5,10,-46.2493305088133,0.0,10.396458235016517,1.0,-45.57871588628259,0.0,8.466910682110681,1.0,-42.68418928641506,0.0,10.634564740307242,1.0,-54.25513820522526,0.0,8.752649413517036,1.0,9.06963729470941,1.0,-35.597501157943526,0.0
460,3.0262613147114465,11.182623929045665,0.9,10,3.5246393044466844,1.0,10.875,1.0,10.069917499825213,1.0,5.444129241963381,1.0,-3.6775484744094538,1.0,9.918417664410896,1.0,8.833626289341444,1.0,-28.06526730341922,0.0,9.296399316109422,1.0,4.043299608846097,1.0
461,-3.0044123032190875,21.575016150019803,0.8,10,8.137291713451607,1.0,8.637507385524373,1.0,10.636379770038326,1.0,8.462134889220172,1.0,10.395456689849716,1.0,-44.53732115677319,0.0,-45.74188166108402,0.0,-5.996579580731799,1.0,10.393835471199639,1.0,9.569053447114305,1.0
462,1.5776689225969656,15.330886724531203,0.9,10,9.796882810507524,1.0,10.513723117797005,1.0,-41.84414347724982,0.0,8.708542780748664,1.0,7.971103015208522,1.0,8.458113242689514,1.0,9.615193900934251,1.0,-2.425651679449876,1.0,-4.441582984462368,1.0,9.424508499246246,1.0
463,-1.9896457553100049,17.04026097124508,0.8,10,10.390181739650476,1.0,-0.5127197513370234,1.0,10.392129012719565,1.0,10.649305,1.0,-26.335267219010333,0.0,9.9401136827774,1.0,-41.76534491884266,0.0,4.064456389780669,1.0,-3.607111387872658,1.0,6.887799899034518,1.0
464,9.319169599399997,2.525632979586849,1.0,10,9.785,1.0,8.509399010068057,1.0,10.284115501519757,1.0,10.516109076975477,1.0,10.17629809373907,1.0,1.957371925035785,1.0,10.273495317240469,1.0,10.536690179055887,1.0,10.395534833308417,1.0,10.757682057057057,1.0
465,1.60745886214441,13.592460780909784,0.9,10,8.10085138218681,1.0,9.298147275628846,1.0,5.367998209356114,1.0,10.518544065714725,1.0,-33.63729962050204,0.0,-14.053434080250147,1.0,7.980980448376615,1.0,8.212951170153737,1.0,4.004746437446117,1.0,10.281103333333332,1.0
466,-9.04759298581515,22.34543221151581,0.6,10,-36.72319445809179,0.0,10.038126773888363,1.0,9.122508635578583,1.0,-35.817689123248826,0.0,9.705704579768495,1.0,6.697282812293894,1.0,-38.1447500599377,0.0,-34.809582446459075,0.0,10.516524268314852,1.0,8.939139159741698,1.0
467,6.2356909762558415,4.155982215735403,1.0,10,2.5209013105108324,1.0,6.131894814034824,1.0,10.753815958181281,1.0,1.0723443355633933,1.0,-1.0021204092446894,1.0,3.6336827045358184,1.0,9.836104891654966,1.0,10.51542906403941,1.0,8.82620862408302,1.0,10.068648469199557,1.0
468,7.029463921074904,3.6145528603709867,1.0,10,8.01853905483102,1.0,8.247227435951597,1.0,9.184724785237036,1.0,9.801529086153925,1.0,0.9099938226469337,1.0,3.461620414606788,1.0,10.16465149921094,1.0,0.7884813220681224,1.0,9.19158976757075,1.0,10.52628202247191,1.0
469,-19.72586230565063,24.64241047616499,0.4,10,10.63415794860132,1.0,-42.66413249305578,0.0,-46.15215166141446,0.0,-37.73037451810509,0.0,-36.54560580893171,0.0,10.757943802521009,1.0,6.676964677428426,1.0,-26.12405165586226,0.0,10.634785292538917,1.0,-46.74615864022665,0.0
470,-9.838720492512909,21.09123145488825,0.7,10,1.1603991899689312,1.0,-26.136676105060882,0.0,6.746810682971851,1.0,-13.972396232486037,1.0,9.303808478003207,1.0,-42.4427043034465,0.0,5.484336129352686,1.0,10.279032258064516,1.0,-49.66659300699298,0.0,0.856777984496123,1.0
471,1.6999855401822788,7.371027872684574,1.0,10,-7.441098235278917,1.0,-1.8129533499814041,1.0,5.716023789912301,1.0,2.9431760883373235,1.0,7.634427080410751,1.0,9.330523501175863,1.0,-12.535240293961218,1.0,9.004616566559575,1.0,-4.244965001021864,1.0,8.40534525567038,1.0
472,-18.361389679952566,28.233459096502163,0.6,10,1.033578381408626,1.0,8.560848627578366,1.0,1.8608695763079321,1.0,4.909624011332784,1.0,-55.26849448918453,0.0,5.957641556105241,1.0,4.648875610456765,1.0,-58.595969437464724,0.0,-45.351970987796484,0.0,-51.36889964826962,0.0
473,4.699479439929453,13.170215677315735,0.9,10,10.148305168478075,1.0,-32.73887855524364,0.0,10.517814626459423,1.0,-3.6711767016311594,1.0,10.63415794860132,1.0,10.753333333333334,1.0,10.039209513023781,1.0,10.274532461170503,1.0,10.28075618698442,1.0,10.756740418118467,1.0
474,1.2089424909386697,12.45910576883189,0.9,10,3.136265163923052,1.0,5.352081188522501,1.0,9.915063900414937,1.0,-1.4971711899791256,1.0,-9.211055254913132,1.0,7.6297190969096915,1.0,8.596769409337115,1.0,-31.78450565925605,0.0,10.875,1.0,9.077258254427708,1.0
475,-7.392376461156147,12.39073439968949,0.8,10,9.542189944134078,1.0,-1.560427608979893,1.0,7.001908482142857,1.0,1.47599179052302,1.0,-14.07571426749318,1.0,1.104715833110454,1.0,-9.082715246963748,1.0,-26.053963781062187,0.0,-14.703152400835068,1.0,-27.57259735613781,0.0
476,-5.6814490245270415,15.247057198195874,0.9,10,-37.82071375121602,0.0,-9.84254502699878,1.0,-17.70488675403996,1.0,7.049109191577713,1.0,7.268106547224704,1.0,-3.4452759292322614,1.0,10.391019179304193,1.0,2.7678454806207258,1.0,7.377319444444444,1.0,-22.854468626955175,1.0
477,-6.864749863253969,18.18404230931378,0.6,10,-28.822343039524277,0.0,8.950345791578856,1.0,10.277597281290989,1.0,-23.032482441186495,0.0,10.050718754219362,1.0,-30.792385234119354,0.0,-2.15081467181467,1.0,10.512856870774211,1.0,-31.658579338218388,0.0,8.01758739446008,1.0
478,-7.302030788293901,13.731752477780962,0.8,10,6.296141593645075,1.0,-29.909371513614825,0.0,-32.62960244648319,0.0,1.8911092922356172,1.0,-2.4756531492666056,1.0,-4.040476504454668,1.0,0.6523918065926804,1.0,-7.444085905924835,1.0,-15.40170957542909,1.0,10.040948519760828,1.0
479,-0.259121225084324,14.847054219286026,0.8,10,1.546189019524391,1.0,10.159245409616078,1.0,-27.935290296252177,0.0,1.0999714761874273,1.0,10.436335465813674,1.0,1.721495617839734,1.0,-29.976754590585575,0.0,9.80376876876877,1.0,10.281179147102957,1.0,10.27264773114148,1.0
480,7.706672398807548,4.226610686426461,1.0,10,7.289571509418707,1.0,10.18432849685924,1.0,10.148364931433896,1.0,10.518611364489994,1.0,10.515852875203915,1.0,4.316731916177392,1.0,-3.628671578808561,1.0,10.75331491712707,1.0,8.265131829790295,1.0,8.703487726383543,1.0
481,-4.90684508353583,18.542996979886144,0.7,10,10.036562986003108,1.0,7.63858377863245,1.0,10.64563687150838,1.0,-36.60990067328844,0.0,10.875,1.0,-32.95277044001221,0.0,1.0907509997647615,1.0,-27.9811209703441,0.0,-0.6327436259195771,1.0,8.821550238297316,1.0
482,4.559973855878844,10.663765434297206,0.9,10,10.281404310539381,1.0,10.401253314615506,1.0,-7.062321857054272,1.0,9.693740085517513,1.0,7.071917157084654,1.0,9.204394544424359,1.0,8.95347229077855,1.0,9.922894210416134,1.0,-23.62671549753339,0.0,10.7597,1.0
483,-6.672644157624307,20.81694645477897,0.6,10,10.3969967120443,1.0,-28.19477654124715,0.0,-27.900566792690597,0.0,10.753202971565196,1.0,9.179487716625406,1.0,10.875,1.0,-32.46977786534008,0.0,10.514284805833476,1.0,9.223847681393629,1.0,-39.104140264427244,0.0
484,-14.47342705934587,24.082648376498167,0.5,10,10.875,1.0,-42.238272921108695,0.0,-43.742201697012575,0.0,-32.004662436042274,0.0,8.717838623057622,1.0,9.302206600437785,1.0,-39.687002091337966,0.0,7.061779168246744,1.0,-33.89395583969934,0.0,10.875,1.0
485,-3.1427020523339158,16.324754527037914,0.7,10,8.452872758781577,1.0,9.339715619350834,1.0,-28.256733356509688,0.0,10.875,1.0,10.875,1.0,-24.346087424268163,0.0,-28.267479160479162,0.0,10.51407396897465,1.0,5.505798026935201,1.0,-6.119180956124412,1.0
486,-12.03958712667703,19.40941841502919,0.5,10,-33.459389290236075,0.0,5.23679962592502,1.0,-14.833441252906578,0.0,4.497357963544215,1.0,8.626939631387264,1.0,-32.69923118956544,0.0,-33.94689686977573,0.0,8.022472688052328,1.0,-37.85464298455735,0.0,6.014160411362058,1.0
487,-17.941154305372173,26.894088939870244,0.5,10,-53.28282195505222,0.0,-34.6591737903735,0.0,10.759343809726056,1.0,-50.523552460326535,0.0,0.3216722349559067,1.0,-33.682414790205485,0.0,10.64096705075707,1.0,8.562007388304176,1.0,10.526414260924435,1.0,-48.073984802431625,0.0
488,6.574429427739777,4.340212253186977,1.0,10,9.700491916222672,1.0,8.121565540268262,1.0,7.338936217442779,1.0,7.735134567665584,1.0,10.514937834161156,1.0,-3.2174818487001353,1.0,9.572595454092314,1.0,5.5740681131683925,1.0,0.24667424104708147,1.0,10.157372242029659,1.0
489,7.886452479032687,1.5394509839546429,1.0,10,9.179668377134087,1.0,7.9679932966655205,1.0,8.077558706070286,1.0,9.457835945719912,1.0,10.277128157156222,1.0,7.148540533595993,1.0,7.372800383176719,1.0,5.18161355564325,1.0,8.59059173553719,1.0,5.610794099627691,1.0
490,-11.204769987898933,21.612790398226572,0.6,10,-4.672880061385907,1.0,10.754777215189872,1.0,-44.632355586119346,0.0,9.420530290456432,1.0,-43.45711824990149,0.0,-25.38831525073465,0.0,9.566595410398019,1.0,10.39996984846923,1.0,-2.9444575803091215,1.0,-31.09444591505238,0.0
491,5.187425579095978,13.468588107168788,0.9,10,10.514282522482267,1.0,10.5161427723947,1.0,10.15900721193247,1.0,9.540282363657065,1.0,10.635,1.0,-34.701019087438624,0.0,10.278563723410702,1.0,10.875,1.0,3.301390261115034,1.0,10.755606023406171,1.0
492,-7.066349965260292,20.27867478157513,0.6,10,-40.804120793787774,0.0,-39.9545739976813,0.0,9.327191123550579,1.0,-26.454293063739406,0.0,10.636667992363984,1.0,-13.688459500378501,0.0,10.40002252621232,1.0,10.041097338789163,1.0,6.585134070523466,1.0,3.2478346515445455,1.0
493,-0.46025864655836324,12.604527308280298,0.9,10,9.299146467094898,1.0,-14.090638300341134,1.0,7.886336919523462,1.0,10.636030077807455,1.0,-30.209168154563603,0.0,10.395444005920078,1.0,7.048254603015913,1.0,-4.612438822192887,1.0,-4.862505002837436,1.0,3.9069517409896175,1.0
494,-7.952402529475546,17.792769187836303,0.7,10,8.588884825708307,1.0,0.47706808454162264,1.0,-36.32634870855897,0.0,-32.98736716194751,0.0,-12.744434452155014,1.0,8.518671887486015,1.0,-29.754960582608263,0.0,-4.18205013292822,1.0,9.818171246574327,1.0,9.068339699132242,1.0
495,1.9599561731068598,11.104920159934348,0.9,10,9.932793277310925,1.0,-3.672594781661939,1.0,10.154272049091565,1.0,10.402873820937065,1.0,6.670535144129154,1.0,3.3402148365773012,1.0,7.481745221696679,1.0,-28.0716500366838,0.0,6.308477535738598,1.0,-2.9471053360669455,1.0
496,-1.9222136017791207,13.1962785495726,0.9,10,8.958118093922652,1.0,2.5725674266130234,1.0,-8.852186757117178,1.0,10.277487351658856,1.0,-20.424210013795324,1.0,5.727242161279594,1.0,0.08737817339570242,1.0,3.850337016574583,1.0,-30.875574859772748,0.0,9.45670538944963,1.0
497,5.9566823819445265,10.38925385527953,0.9,10,7.753424529432921,1.0,10.645083333333334,1.0,10.75299577398654,1.0,9.348018878567936,1.0,10.042689373780378,1.0,8.330149990000667,1.0,8.811383241142174,1.0,8.93571674075432,1.0,-25.086435300274754,0.0,10.033797258721755,1.0
498,-5.611693947252375,17.716131210632735,0.6,10,10.26929965818458,1.0,9.341954099821747,1.0,9.719973462002413,1.0,-26.027129446984297,0.0,10.199735225159673,1.0,10.753584657665192,1.0,-30.77234557843284,0.0,-13.030472854283264,0.0,-33.83827379137965,0.0,-2.733264904277304,1.0
499,-4.440942628938792,17.67452520901345,0.6,10,9.186456790123456,1.0,-23.544817069201198,0.0,-28.865271104211175,0.0,-28.255076892350715,0.0,10.516991672908315,1.0,10.537123824451411,1.0,10.512326906638807,1.0,10.517716761523868,1.0,8.229663099092864,1.0,-23.24454027836355,0.0
500,-18.795908580980285,21.66648856373653,0.4,10,-35.403254445155866,0.0,10.753960900036887,1.0,10.516246220497314,1.0,-37.15317063075989,0.0,-37.97936254175692,0.0,4.433516210793114,1.0,-34.863252760223254,0.0,2.5897936529013412,1.0,-44.724262454310804,0.0,-26.129299961824792,0.0
501,-8.044081067225335,22.72183333972291,0.6,10,-36.61532994923856,0.0,-34.004426669780486,0.0,-36.88742781007751,0.0,10.637508910718942,1.0,10.1753,1.0,10.515253941281978,1.0,10.754407875404056,1.0,10.754412413590233,1.0,10.153686375493278,1.0,-35.92419575964527,0.0
502,6.957186849100362,6.0497096652206315,1.0,10,10.159473192362665,1.0,-10.707732246047344,1.0,9.106060014336208,1.0,9.181088030541208,1.0,10.754275138121548,1.0,8.132791619210327,1.0,8.959402981037142,1.0,9.686827437779373,1.0,8.992191417115198,1.0,5.307490906547287,1.0
503,-15.567496749743858,20.919832694103466,0.4,10,-36.37465103850708,0.0,-33.0654567180032,0.0,10.646099501687832,1.0,10.754275138121548,1.0,8.07291204637097,1.0,10.396305205577724,1.0,-32.20521996939555,0.0,-29.695906636024162,0.0,-32.84946202188751,0.0,-31.353863005379143,0.0
504,4.556751268567403,8.780794625361073,1.0,10,10.63284710124377,1.0,-7.96439358841228,1.0,10.875,1.0,0.7673668199504764,1.0,10.524241255666059,1.0,5.0224206539713,1.0,10.053088454376164,1.0,10.160226184475807,1.0,-15.153210861332692,1.0,10.649926665735437,1.0
505,-8.310996682398468,20.202473131785887,0.6,10,3.9850665059439683,1.0,7.9342902656226,1.0,9.098091416320809,1.0,7.810422093419706,1.0,-28.937921534328726,0.0,-38.27904115120592,0.0,-30.683275501335803,0.0,8.842190916362991,1.0,-33.410736570179516,0.0,10.530946735395188,1.0
506,5.682648131250512,10.513282104554815,0.9,10,-23.880853036501797,0.0,-1.8748898219800836,1.0,10.875,1.0,10.759741317933708,1.0,10.514748586391407,1.0,10.037397084287548,1.0,9.928458033064858,1.0,9.312020453582026,1.0,10.63481831945496,1.0,10.520040376272496,1.0
507,-2.9923249376970356,20.198658205059317,0.8,10,9.580836348219332,1.0,-38.07721676747406,0.0,6.720914734264726,1.0,10.281572388986424,1.0,8.54822121486854,1.0,10.875,1.0,-17.601860333575054,1.0,-41.76442023684334,0.0,10.753651803024429,1.0,10.760051471558663,1.0
508,-0.6672582068168372,14.94092656898442,0.8,10,-27.972996659493127,0.0,10.407016574585636,1.0,10.634174784804907,1.0,-16.76438383068534,1.0,8.289292872868268,1.0,9.187932472507104,1.0,10.63534634173116,1.0,5.046879205645823,1.0,-24.345907644875602,0.0,8.210063814742798,1.0
509,-7.693119631660272,20.71538479471727,0.6,10,7.988874389160373,1.0,8.959466589192331,1.0,-28.119761667207104,0.0,10.776262068965519,1.0,6.289597021462987,1.0,-31.799340074507697,0.0,-31.780952650710486,0.0,10.390974225994029,1.0,9.923058680535926,1.0,-39.559374899488596,0.0
510,-0.00043615637169436283,14.939861107798295,0.8,10,9.802324760211365,1.0,8.46230822725486,1.0,9.415102201645077,1.0,9.791708999431956,1.0,10.515313280544188,1.0,-25.267675136450034,0.0,-4.385248034355367,1.0,-31.79919902063657,0.0,8.936241068266567,1.0,4.524762090371012,1.0
511,-3.224708160956934,14.245766096908556,0.8,10,10.754275138121548,1.0,-12.576772360860982,1.0,10.875,1.0,-0.5634590680100668,1.0,-30.340394224676388,0.0,1.5463006436955702,1.0,-7.117615593534708,1.0,8.62552935913209,1.0,10.632329794361697,1.0,-24.082275297798102,0.0
512,-1.0723061724059206,17.635845435995037,0.7,10,10.753939662036627,1.0,10.419421913909641,1.0,10.875,1.0,10.034677117517832,1.0,-28.14902711939148,0.0,10.875,1.0,-27.750253354432484,0.0,10.637327271086239,1.0,9.698913495409135,1.0,-28.11806071019471,0.0
513,-7.854495034557272,17.81948013249832,0.8,10,8.100508535548434,1.0,-14.210688129305783,1.0,8.49010774889822,1.0,-38.048426894902036,0.0,-1.7094335850732953,1.0,10.152194869264925,1.0,-4.177684286124679,1.0,-20.715653011249117,1.0,10.273218019990207,1.0,-36.699093612619585,0.0
514,-5.557998612546853,15.485429834581304,0.8,10,10.756990028888268,1.0,10.513551102879273,1.0,0.3522653255281831,1.0,4.305503618021446,1.0,8.94752892792416,1.0,-29.035097046828177,0.0,-6.657180478237036,1.0,-3.4310789391650562,1.0,-34.75725064542097,0.0,-16.575218019058624,1.0
515,2.9108872343232655,10.071880893953855,0.9,10,5.602747201351798,1.0,10.281344038061256,1.0,10.27136827538488,1.0,1.757032388663971,1.0,4.668864214992928,1.0,9.075212678936605,1.0,-25.958021854823468,0.0,7.519045991298944,1.0,2.0486458824033207,1.0,3.8426335269624214,1.0
516,-16.814202636884232,25.60243482098059,0.5,10,8.817280797171826,1.0,6.8621836223579855,1.0,3.4394752151254373,1.0,10.875,1.0,-34.73725171136799,0.0,-40.34037155976225,0.0,10.752288732394366,1.0,-32.84964844313973,0.0,-49.53239471151647,0.0,-51.42858831010552,0.0
517,7.3386728968716515,3.4187869612741237,1.0,10,1.5382414335114767,1.0,7.909834840055632,1.0,4.45789783322973,1.0,10.637445864807283,1.0,2.010566053059015,1.0,10.51818094321463,1.0,9.927356019013228,1.0,10.034302932024367,1.0,5.956135998930193,1.0,10.39676705087096,1.0
518,9.491993966280122,2.6221067460707443,1.0,10,9.417793429542431,1.0,10.756893184732222,1.0,1.7265718459951849,1.0,10.75560632688928,1.0,10.755475585284282,1.0,10.151256797756025,1.0,10.268156196943973,1.0,9.930312418753791,1.0,10.755020746887967,1.0,10.402853130016052,1.0
519,4.781618914733534,7.956902437624431,1.0,10,-2.927077081494545,1.0,10.396431930693069,1.0,5.200184453878304,1.0,-16.222113309352547,1.0,8.21516373463332,1.0,9.25195666796016,1.0,5.851154185160702,1.0,10.047163138027244,1.0,10.514991783592466,1.0,7.4883336442371755,1.0
520,0.48561254418911054,10.671405559666649,0.9,10,-7.998992149073015,1.0,-22.96533807829181,0.0,8.236170833333333,1.0,10.398687724238158,1.0,8.45409832757925,1.0,7.960060366267238,1.0,-10.903447176133378,1.0,-0.46153367248062516,1.0,10.875,1.0,1.2614192664519557,1.0
521,1.4307963449693777,11.850714613699653,0.9,10,-26.050833629340207,0.0,10.635574381158376,1.0,7.275025330240046,1.0,-11.04263422412401,1.0,9.091437304345682,1.0,-9.279290715483924,1.0,7.006192249568221,1.0,7.632457059863602,1.0,10.182185628742515,1.0,8.857850064723474,1.0
522,5.213656283043318,11.219982659155564,0.9,10,10.516408533989308,1.0,3.1374410080183237,1.0,8.24127217502311,1.0,8.1146855411076,1.0,10.394640324828798,1.0,10.281685530309478,1.0,9.779627572312563,1.0,10.398509220173295,1.0,9.124006447156344,1.0,-27.851713522485635,0.0
523,1.372316379235738,8.769414813109021,0.9,10,-5.326604594055354,1.0,-16.72107729625647,0.0,-10.058558298518795,1.0,0.05896184062850551,1.0,8.138029360353153,1.0,5.446380819298375,1.0,5.146317866276945,1.0,6.112950306822285,1.0,10.410401472064237,1.0,10.5163623157445,1.0
524,-0.10646264304733961,9.814547381098253,1.0,10,-19.365258567617463,1.0,6.463293318233297,1.0,4.492030327478089,1.0,-9.647192946789186,1.0,10.515600157612175,1.0,3.1216268865102093,1.0,7.306925428911159,1.0,10.756647718044501,1.0,-11.581833212131585,1.0,-3.1264655407245954,1.0
525,-12.505133339668998,20.858550347599746,0.5,10,0.11278602229905133,1.0,10.755645619125717,1.0,10.875,1.0,-33.97212428551512,0.0,-33.89671030591558,0.0,-33.06664989059078,0.0,-32.86640987735436,0.0,10.875,1.0,8.076223136716964,1.0,-31.94409381545587,0.0
526,-18.755750489090357,21.693874379163464,0.4,10,-32.30444186593031,0.0,10.151222482601904,1.0,-32.87703886010364,0.0,-44.714812920295415,0.0,10.279966978749854,1.0,-31.060916130174146,0.0,9.541174804199299,1.0,-42.7626128419453,0.0,-31.65955189444017,0.0,-2.150494643565663,1.0
527,4.196441788703962,10.694855625552632,0.9,10,1.1314951130116047,1.0,9.30381629904024,1.0,9.165801830183018,1.0,9.464314506278399,1.0,10.766129032258064,1.0,9.422518508547583,1.0,10.283190040940683,1.0,-26.225806665144944,0.0,7.703385036496349,1.0,0.9495741854286166,1.0
528,-5.093449825926933,18.44405709996672,0.8,10,10.281488956872108,1.0,7.62299168873198,1.0,-5.9121474063272,1.0,-40.70600922433768,0.0,-40.84715405181156,0.0,9.057566996721977,1.0,5.619929787148433,1.0,-1.8436877564078422,1.0,1.626601246467695,1.0,4.165921503672766,1.0
529,8.88378256855506,3.6004589890799177,1.0,10,10.397796352583587,1.0,10.419629800712684,1.0,10.406367783985102,1.0,8.93477739253168,1.0,-1.5313181092524424,1.0,7.644619494818652,1.0,10.754603732428503,1.0,10.756060337963373,1.0,10.180288899779464,1.0,10.875,1.0
530,1.8559295605526092,12.054753903505302,0.9,10,3.43777696285159,1.0,8.838599273737051,1.0,9.674622305714852,1.0,-3.7155741380355067,1.0,10.754214606741574,1.0,9.578579401319127,1.0,-11.21905266138165,1.0,8.519352192727508,1.0,10.510712961279767,1.0,-27.81993529942822,0.0
531,1.2547952242847864,13.435672035816463,0.9,10,10.287559825027875,1.0,4.376609240153138,1.0,5.79690255400715,1.0,6.7952671181339355,1.0,4.691411591185144,1.0,10.513611087236786,1.0,-31.04292659535224,0.0,9.059727831549433,1.0,10.290037230783732,1.0,-18.220247639877087,1.0
532,2.029168443717066,13.65295181613353,0.9,10,9.537035922845515,1.0,-17.333056250175634,1.0,10.51341123624764,1.0,-2.476014275846195,1.0,10.153409166645305,1.0,10.756054122621565,1.0,10.757012440003919,1.0,9.239809283431404,1.0,-29.918962413975652,0.0,9.062985205372785,1.0
533,3.904421255149419,6.8297955311598795,1.0,10,9.685774500659356,1.0,10.518021565301673,1.0,5.69817406994136,1.0,10.515466220735787,1.0,-3.287668671980745,1.0,-2.514648170838436,1.0,-9.57854551633321,1.0,-0.02178443211488279,1.0,9.076454340943176,1.0,8.952968645180109,1.0
534,0.220357467807552,13.609723735111986,0.8,10,10.54162346368715,1.0,5.984761708909567,1.0,10.875,1.0,-22.975273325579426,0.0,-28.98790130726651,0.0,10.39436799702109,1.0,4.325224789083291,1.0,-0.44080657332102824,1.0,3.5545284736784,1.0,8.932049451862984,1.0
535,-4.11797975898861,17.702939797573677,0.7,10,2.610824520726119,1.0,6.487557531189404,1.0,-27.327383071531216,0.0,-31.697979219143512,0.0,-33.69188291716621,0.0,7.1826500366837855,1.0,8.724336506702933,1.0,7.685621960486323,1.0,8.089990395499605,1.0,10.756466666666666,1.0
536,7.21581331619344,4.167390183959729,1.0,10,8.847615500754907,1.0,8.232935544396005,1.0,8.144570579275783,1.0,10.282860951873083,1.0,5.479301873133655,1.0,4.4055008015613,1.0,-3.8290341394998872,1.0,10.275441890166029,1.0,10.39524663107043,1.0,9.923693529203097,1.0
537,0.0004074398035635696,11.507870164142409,0.9,10,-28.10916924828554,0.0,6.02265532322809,1.0,-10.633181374599186,1.0,1.4527113631619244,1.0,10.033701969565882,1.0,-6.672123452946208,1.0,7.152571855320525,1.0,1.643367969202469,1.0,8.84192216878006,1.0,10.271617824607617,1.0
538,-5.730879475755792,18.39195417259577,0.6,10,-32.84314727722774,0.0,-27.33506173805844,0.0,9.418606997084547,1.0,9.664171717171717,1.0,10.273788647020702,1.0,10.286358486848586,1.0,-26.21418344016658,0.0,5.805766282340578,1.0,-26.028091267202125,0.0,9.66299683463085,1.0
539,-11.90428050643901,24.47053909756264,0.6,10,8.436818071632022,1.0,-47.379854692477295,0.0,-54.32016581973791,0.0,-28.8035130618838,0.0,10.510592970744158,1.0,-29.489046388997757,0.0,9.303110920168724,1.0,8.999411138521848,1.0,-6.935873372138898,1.0,10.63571516977883,1.0
540,3.630674762949787,11.958650227815117,0.9,10,-30.717583872974075,0.0,5.986906666666668,1.0,-1.678845706504772,1.0,10.274307748582576,1.0,9.806411699668308,1.0,9.335340932102874,1.0,9.658843177588402,1.0,9.1795609623076,1.0,5.148308047262811,1.0,9.31349797479748,1.0
541,6.9123081558197015,4.021922388447011,1.0,10,0.3945084463341786,1.0,10.640822674779585,1.0,9.055776987447699,1.0,8.328774568934932,1.0,-1.2458608652630438,1.0,10.271565035427145,1.0,7.965780227351016,1.0,10.299137133398412,1.0,8.739586137459595,1.0,4.672991212327494,1.0
542,5.199261711599959,11.057234476413772,0.9,10,10.399462874251496,1.0,1.3490426650889091,1.0,10.875,1.0,5.366972175399445,1.0,9.909471009984298,1.0,-26.811084999678528,0.0,9.561366094586392,1.0,10.413040223463687,1.0,10.40551566534087,1.0,10.523831407563026,1.0
543,-13.150529227706226,22.55936620106863,0.5,10,9.914676923076923,1.0,10.204161259312665,1.0,-36.819334948638335,0.0,8.446761540640045,1.0,-24.95176135206681,0.0,10.566430285257265,1.0,6.198758882800071,1.0,-39.54396187725117,0.0,-38.49381178294569,0.0,-37.02721120724724,0.0
544,2.525565586846213,11.698997265346911,0.9,10,-4.985667613636364,1.0,-27.30179437239355,0.0,-3.667731852530334,1.0,10.755298187231807,1.0,10.875,1.0,9.416780585587066,1.0,10.875,1.0,-1.0360665370428634,1.0,10.51361836086746,1.0,9.811219110378913,1.0
545,-13.612318114142678,27.369700143502648,0.6,10,6.219868598166784,1.0,10.515962099546465,1.0,-58.356037960232065,0.0,-27.21936213747703,0.0,-52.450470977472804,0.0,9.928063086279765,1.0,5.828099924012157,1.0,9.83366926070039,1.0,-45.22217744420479,0.0,4.79920440925435,1.0
546,-0.608334369858416,14.393697491206726,0.8,10,10.513206602108477,1.0,7.165235999882661,1.0,5.906112407299392,1.0,4.500025708650073,1.0,-2.110572478231944,1.0,8.947465388253505,1.0,5.814144794952681,1.0,-30.91543821402366,0.0,-26.08934968668806,0.0,10.185825779212715,1.0
547,4.973930459269458,6.896096720632783,1.0,10,8.83006440478195,1.0,10.875,1.0,5.716411250000001,1.0,5.241946659180234,1.0,4.8177749669183445,1.0,7.512687711932827,1.0,-12.7829309620291,1.0,10.520024323937617,1.0,-1.5070629764240469,1.0,10.515389214396746,1.0
548,-8.82803400613819,21.705650176379088,0.6,10,7.27342173350582,1.0,-40.4118265218255,0.0,10.397083059062892,1.0,-34.75183491571402,0.0,10.174243249050926,1.0,-32.965803724710426,0.0,9.056849815842998,1.0,6.289229924803776,1.0,9.59683145109738,1.0,-32.93853413249574,0.0
549,-9.241940849999045,16.444853109266028,0.7,10,-35.580185835964016,0.0,-6.892190720165791,1.0,7.395690189642596,1.0,3.6652246148134395,1.0,-29.151849471149674,0.0,-9.80028960433279,1.0,-31.25451379329334,0.0,-9.14029256833715,1.0,8.0605354951383,1.0,10.278463193657984,1.0
550,-6.711173818828067,21.288998533878868,0.7,10,9.67745946163982,1.0,5.267136816862299,1.0,-44.091505851542664,0.0,10.634849102773245,1.0,0.24327484583148618,1.0,-33.64937106170492,0.0,-38.39072820037103,0.0,9.557161586232091,1.0,4.221438277291569,1.0,9.418546834707444,1.0
551,7.004244137365802,4.089682672064066,1.0,10,5.1727110664167855,1.0,8.84402033212347,1.0,10.514827532628964,1.0,10.875,1.0,-2.655038138825322,1.0,5.817724879044201,1.0,9.538740131026373,1.0,8.728457724724457,1.0,2.8095396115025695,1.0,10.396458235016517,1.0
552,1.4224987063270942,15.06632340656277,0.8,10,9.303999202880624,1.0,8.139002865443546,1.0,10.516606847908577,1.0,-28.70707346270161,0.0,10.75643252887595,1.0,7.9895551054616565,1.0,10.267666678069306,1.0,10.04244511664146,1.0,4.188589205893717,1.0,-28.27223702520229,0.0
553,-7.814127802346273,21.320114194573804,0.6,10,10.756893184732222,1.0,7.857755887841636,1.0,-42.47543359775506,0.0,8.39920652285392,1.0,10.049682348694501,1.0,-37.84242764574137,0.0,-28.13010793473345,0.0,9.31970631026899,1.0,8.746855179704017,1.0,-24.823408279328135,0.0
554,5.010172460997931,4.563854890441544,1.0,10,10.635055865921787,1.0,4.960030250648229,1.0,10.516077759279208,1.0,10.039495083339144,1.0,6.146799275459546,1.0,6.8347828949916725,1.0,0.7051034056206227,1.0,2.541282367176329,1.0,1.7054459784731382,1.0,-3.9823482709303573,1.0
555,-2.7850509663701724,19.51372164663999,0.7,10,9.686703602090773,1.0,-30.252559597540056,0.0,9.067185557149688,1.0,10.048961312138882,1.0,10.031815293064101,1.0,10.51733275862069,1.0,-37.020168966014495,0.0,9.91979621451104,1.0,-30.124090425531907,0.0,10.274514587809566,1.0
556,-1.5582246909602646,16.64894345378321,0.7,10,-28.351134639444204,0.0,-27.171358217915174,0.0,-25.20231429343665,0.0,9.11981834468679,1.0,9.081084566596195,1.0,10.512630057803468,1.0,10.149377299001577,1.0,9.58736473604628,1.0,10.4115051796114,1.0,6.28078005744768,1.0
557,8.29208665403545,3.4541717110001713,1.0,10,9.066323786238211,1.0,10.633324127805354,1.0,8.985322694666804,1.0,8.869394882192548,1.0,10.51229579635436,1.0,1.4477934440704168,1.0,10.511345511249722,1.0,10.405062115718113,1.0,1.615004182058966,1.0,10.875,1.0
558,-4.956863976637757,10.449147506114182,0.9,10,-4.247098630318698,1.0,-4.460043460818399,1.0,-10.272033976923513,1.0,2.163726832526299,1.0,3.8534804405620973,1.0,-10.511220914440896,1.0,6.069265533605561,1.0,-14.045932363824129,1.0,-27.30522923574439,0.0,9.1864460089985,1.0
559,-10.101011932842253,17.874310674947008,0.5,10,-31.871213385697924,0.0,-17.31480964248882,0.0,-26.085739752947806,0.0,-27.134831017441236,0.0,7.984353521184867,1.0,10.633324127805354,1.0,10.515,1.0,-33.00618106951582,0.0,9.424519961820755,1.0,-4.154542071141908,1.0
560,1.3638801557588205,12.887517619590367,0.9,10,10.515239033457249,1.0,-19.079858249983452,1.0,-27.314496522676038,0.0,10.639164754292949,1.0,10.875,1.0,7.046344703654975,1.0,8.638857241269672,1.0,2.076760510333788,1.0,9.93189730864669,1.0,0.3098927785923742,1.0
561,1.1879915840876663,10.598318780175846,0.9,10,-4.961279403125376,1.0,8.843879173290938,1.0,5.460119514642825,1.0,9.319668872671231,1.0,5.6121833104159515,1.0,-27.268422580538154,0.0,8.198654947502387,1.0,-3.7110984176541653,1.0,7.176646880949714,1.0,3.209563542721309,1.0
562,-0.10914606689348752,15.990985258400832,0.8,10,6.359260764736794,1.0,3.765940969047932,1.0,10.043277384689047,1.0,10.755687203791469,1.0,-34.02949336710888,0.0,9.19009631707137,1.0,2.9964540274829634,1.0,10.639388333333333,1.0,8.366945771688446,1.0,-29.179018073667358,0.0
563,5.260911037756546,10.660963242913828,0.9,10,9.21527664937608,1.0,-3.974902336400641,1.0,10.036023839096991,1.0,10.038244172578544,1.0,-24.120649386763436,0.0,9.920491889790023,1.0,9.940286666666667,1.0,10.634303656748191,1.0,10.760344827586207,1.0,10.159690398886827,1.0
564,-5.163886784627543,17.23352520525203,0.6,10,10.276864001265473,1.0,-25.741315237226313,0.0,10.151936533142095,1.0,7.864629584564575,1.0,7.9439746039573444,1.0,-26.073894716871642,0.0,9.703720967228763,1.0,-27.044673573207604,0.0,7.368740120070833,1.0,-26.08885012919895,0.0
565,1.1399219193269792,14.653715624906978,0.8,10,8.815548866172541,1.0,-26.86533087128982,0.0,10.752611269690242,1.0,9.779197989846674,1.0,8.77414430746918,1.0,-29.19525153877718,0.0,6.151730001962195,1.0,6.930016534938324,1.0,9.18699847313205,1.0,7.069554160125588,1.0
566,-0.08296024867314582,13.010881380973165,0.9,10,10.764430085293357,1.0,-15.983550590516515,1.0,-28.548335171686176,0.0,10.761845762711864,1.0,6.430748362956033,1.0,5.3603753397922915,1.0,2.4122366749147313,1.0,8.73893392346832,1.0,10.529188104089219,1.0,-11.295474977754582,1.0
567,-7.89604463052346,16.26052164687395,0.8,10,7.744046471028347,1.0,-11.151656597774235,1.0,-43.51970165697161,0.0,9.177104600503617,1.0,-30.914446219382338,0.0,-1.662417705261154,1.0,-4.227391721562324,1.0,-9.986866546239595,1.0,5.374951043374241,1.0,0.20593202705045677,1.0
568,-4.3073329149464685,21.615735910707123,0.7,10,8.716800132991356,1.0,-34.853693993743946,0.0,10.634647603110542,1.0,10.287348460972792,1.0,-37.12542963602492,0.0,8.497582374840253,1.0,10.633980594758064,1.0,-39.818445313991205,0.0,9.79192408759124,1.0,10.161956540031133,1.0
569,8.505347462644675,1.9140527767646132,1.0,10,8.97221342011733,1.0,10.160045326090945,1.0,9.128906230947447,1.0,8.721256633134747,1.0,10.278631806930694,1.0,8.117769988973153,1.0,3.335880533365371,1.0,7.89162110067876,1.0,10.177001804711246,1.0,8.270147781497045,1.0
570,-0.6271970641334603,16.7743073641315,0.7,10,10.395,1.0,9.332186442124428,1.0,10.75674157303371,1.0,-28.28338361315141,0.0,10.516020425474164,1.0,10.756060337963373,1.0,-26.24952649517161,0.0,10.516199418463776,1.0,-24.076650644715645,0.0,10.065381914644613,1.0
571,4.355023776882646,9.567810856238912,0.9,10,7.241897149109475,1.0,4.789306864877932,1.0,7.0546144231757015,1.0,-23.11854176014359,0.0,1.7414546629081524,1.0,9.596379070414695,1.0,10.754829875518672,1.0,10.177463440732375,1.0,5.023590793182122,1.0,10.289243249050926,1.0
572,5.969039659431361,10.83971673122289,0.9,10,9.54335458962346,1.0,9.69206650750341,1.0,-26.230417337569094,0.0,10.515028557441253,1.0,10.875,1.0,7.8435615660765245,1.0,10.75700422601346,1.0,5.781047570703408,1.0,10.27894178589048,1.0,10.634809128630705,1.0
573,-11.887764904549504,21.59425526054814,0.5,10,-35.83845774268792,0.0,10.875,1.0,-35.75917924659761,0.0,7.542740124625986,1.0,8.438384404407245,1.0,-23.891740910479683,0.0,-35.626348436464404,0.0,10.039109805881862,1.0,10.276795828177478,1.0,-34.93395287235801,0.0
574,2.694468885575492,11.404279678676357,0.9,10,5.759379918535217,1.0,5.745641612256438,1.0,9.296638503948742,1.0,7.4555357142857135,1.0,10.875,1.0,10.63723752151463,1.0,7.55591439248103,1.0,-5.643487996476033,1.0,-28.779879759929536,0.0,4.042708949138723,1.0
575,-5.900442320838921,19.98922474920816,0.7,10,-39.61533263743912,0.0,-36.94692103201257,0.0,10.516074766355139,1.0,10.63186741165811,1.0,-3.6511751106413843,1.0,4.114208630527816,1.0,10.754214606741574,1.0,5.967580936964387,1.0,-30.24253575252827,0.0,9.467594971985099,1.0
576,-1.1926987663110356,10.615321908688298,1.0,10,10.875,1.0,-16.92936101124899,1.0,4.870446017171081,1.0,8.578083426681603,1.0,7.590467002444264,1.0,-1.392691071766114,1.0,-20.319942152290793,1.0,-11.330193753773557,1.0,6.170299910474486,1.0,-0.03909603080233737,1.0
577,-19.005485078904307,17.93144964908504,0.3,10,-40.518915209625874,0.0,9.929438335530032,1.0,-24.10155226872379,0.0,-31.024880557509913,0.0,-34.81744383707753,0.0,-32.6121067788475,0.0,9.077012650066013,1.0,2.5693860623565126,1.0,-24.375583482246903,0.0,-24.180205702964145,0.0
578,-1.5460803890543844,14.863971624913248,0.8,10,10.753526631521542,1.0,10.755645619125717,1.0,2.993975581238476,1.0,10.40270205066345,1.0,10.394093729990642,1.0,4.573174337157838,1.0,4.39473044303422,1.0,-14.619276852863665,1.0,-26.093836353340908,0.0,-29.015539077071164,0.0
579,-22.656082228104005,21.451667307413587,0.3,10,7.349527449046681,1.0,-25.278137383893327,0.0,-41.744718515997235,0.0,-43.57010952426901,0.0,-25.798924910559933,0.0,10.634536481217896,1.0,-38.679398563734274,0.0,8.10885965650783,1.0,-43.826056440645,0.0,-33.75640052871366,0.0
580,1.9764469707709105,11.98209468052239,0.9,10,-15.455986697925693,1.0,10.396898324817283,1.0,2.937967559596954,1.0,-1.7893454979258685,1.0,10.042513498024311,1.0,10.271717388297137,1.0,8.379486849911014,1.0,-25.207152278177453,0.0,10.40337056109142,1.0,9.785,1.0
581,-7.938854142407202,22.112719731891097,0.6,10,9.139719130895601,1.0,9.433283531409167,1.0,-33.71149718610521,0.0,10.520169491525424,1.0,10.518617347329707,1.0,10.275326056535125,1.0,-31.887806616009012,0.0,10.514151335685483,1.0,-38.611624910325,0.0,-35.5788796050133,0.0
582,-8.177430825900773,21.880613283831845,0.6,10,10.7529794933655,1.0,-36.925275208327726,0.0,-37.05852054728987,0.0,9.044783476004183,1.0,8.484660095835444,1.0,-37.74391526906812,0.0,10.148896430519363,1.0,8.016839014695254,1.0,10.754867633726201,1.0,-27.249623378467955,0.0
583,1.0058529276773591,17.3119298004962,0.8,10,-45.5921745492306,0.0,10.875,1.0,10.515226966292136,1.0,8.75512729095872,1.0,9.686702318321096,1.0,9.799295677498467,1.0,-15.688664626386283,0.0,2.969360660136859,1.0,10.516928387650086,1.0,8.221727151533106,1.0
584,-14.914812636732247,24.86621633256244,0.5,10,-44.66004761671002,0.0,-38.854688378491524,0.0,10.16651975592977,1.0,10.05749051728877,1.0,-26.580706354102407,0.0,-43.437250240351574,0.0,8.71480319388214,1.0,10.521088042307316,1.0,-43.07172612939406,0.0,7.996390842319112,1.0
585,-21.70753167636025,29.035849968639848,0.5,10,-6.6309333890836655,1.0,9.537095847058064,1.0,-50.415061425061474,0.0,10.665777777777778,1.0,-54.506761232222864,0.0,-51.47664972714864,0.0,-51.73732088070748,0.0,-42.95571438020904,0.0,9.569250645994833,1.0,10.875,1.0
586,-0.6000037873961066,14.54727746971363,0.8,10,8.843181333739341,1.0,10.755601717860143,1.0,10.75674157303371,1.0,10.644817901666901,1.0,-28.917663572415098,0.0,8.51845144087786,1.0,1.4748054650114426,1.0,1.7199283609526645,1.0,-27.919126578597545,0.0,-1.8767755160904827,1.0
587,-18.858477257527987,25.408426266104687,0.5,10,9.541671789112833,1.0,-0.6361018882445126,1.0,-43.67769317347107,0.0,-54.381588413479776,0.0,-31.932929215949272,0.0,-36.93559195737238,0.0,-49.93364217252396,0.0,0.4997475326487901,1.0,9.685101156982993,1.0,9.186253767016524,1.0
588,-0.330846451401759,15.184986962196719,0.8,10,-26.294479979762926,0.0,6.8707377528994265,1.0,-30.136787073743182,0.0,8.74083477122009,1.0,8.511691837741433,1.0,8.246542478512481,1.0,10.146940892449727,1.0,-10.669686900129712,1.0,10.875,1.0,10.400741706795078,1.0
589,-19.57793677902677,18.929912911510957,0.3,10,-23.171416358484226,0.0,-27.95915518533463,0.0,-36.60413400758532,0.0,-34.65936638844729,0.0,8.230273205445545,1.0,-30.87498198389153,0.0,-35.915882472860694,0.0,10.754289027469978,1.0,-32.82520494493477,0.0,7.246211318355234,1.0
590,1.1872360935985546,13.830692847192985,0.9,10,10.636175338798727,1.0,10.633422234699607,1.0,7.044718344965104,1.0,5.906234499480428,1.0,9.548848626873765,1.0,-31.66197433080881,0.0,9.671759999999999,1.0,1.1547800434249016,1.0,-19.068697950179278,1.0,8.007094128731104,1.0
591,-0.4152049504254613,12.790490689341588,0.8,10,8.488360061732537,1.0,8.095046273745739,1.0,2.6556241808650007,1.0,-24.77371168006159,0.0,9.447184492995232,1.0,8.205070963432961,1.0,-24.211182901526822,0.0,4.459148299052576,1.0,9.178202559821925,1.0,-5.69579175431217,1.0
592,1.132384453164993,11.288615753649253,0.9,10,9.1734319823435,1.0,6.985235005040323,1.0,2.904694706606482,1.0,-0.3915595231463431,1.0,-27.879484228719548,0.0,4.148982487779413,1.0,8.767473438041344,1.0,-10.440633433010007,1.0,10.089956209297103,1.0,7.96574788741766,1.0
593,7.374778684913059,3.759864647736735,1.0,10,6.651888653981678,1.0,10.63489966555184,1.0,10.410063025210084,1.0,4.820678090755312,1.0,-2.3303671294348653,1.0,10.634733701548475,1.0,8.632397392915895,1.0,10.157817599536514,1.0,6.797667281956621,1.0,7.338008567109022,1.0
594,3.5314952762679916,10.282979688462081,0.9,10,10.752630004758345,1.0,9.184224771664066,1.0,-25.450845300333086,0.0,-1.0494538889724758,1.0,6.04612584079872,1.0,7.6256254959005565,1.0,2.6820925309546,1.0,10.275912601389374,1.0,9.808474792998638,1.0,5.440165913521176,1.0
595,4.538429296188217,13.983151325174509,0.9,10,7.518528858218319,1.0,9.660880766015655,1.0,9.305732941417332,1.0,8.85712159244942,1.0,-37.25233032018893,0.0,10.28678285907859,1.0,10.050530911901081,1.0,6.506946927374301,1.0,10.638355476430887,1.0,9.81174294918551,1.0
596,-1.7123979034466679,18.032126734233607,0.7,10,9.798075276489476,1.0,9.065037911638626,1.0,9.302096512805672,1.0,10.756448333333333,1.0,10.405056658913342,1.0,10.755,1.0,-27.893064768962216,0.0,-27.95447089819201,0.0,10.404035626990593,1.0,-31.7621936874835,0.0
597,2.4895769925416524,12.429286331136653,0.9,10,-30.044180177506803,0.0,6.438897764530552,1.0,6.765756380034846,1.0,8.80972810218978,1.0,6.44350987432675,1.0,10.771823513729672,1.0,8.98971794871795,1.0,7.673178164615101,1.0,-11.468489666136728,1.0,10.515828020915407,1.0
598,6.056934585189325,10.716001683522157,0.9,10,10.158088000850249,1.0,7.212994520989447,1.0,9.111762301137762,1.0,10.75556619385343,1.0,10.043050888142103,1.0,-25.956125381360113,0.0,9.104922035467354,1.0,9.34046928256713,1.0,10.754615292854588,1.0,10.044002717391304,1.0
599,-20.84426885628963,25.423399462573048,0.4,10,-39.80672104686688,0.0,-35.668714537444906,0.0,9.58180862154934,1.0,-48.472947909924045,0.0,10.518490376569037,1.0,-48.360413686780056,0.0,-36.26310515762505,0.0,10.875,1.0,8.573527058966123,1.0,-39.419612281339894,0.0
600,-3.3801097765320542,15.35375749945733,0.8,10,9.582630339724183,1.0,0.42004548006737963,1.0,10.518306854793913,1.0,-9.364747615262313,1.0,-32.157298612774646,0.0,7.4108123368736605,1.0,10.875,1.0,3.174268923954088,1.0,-30.8607211807499,0.0,-3.3993942919469102,1.0
601,-3.6523245775956417,17.84809006629351,0.7,10,-30.008137362637342,0.0,-33.67524692579037,0.0,10.27151176557644,1.0,9.41475003845562,1.0,-27.1981496852926,0.0,10.161293824564611,1.0,10.513731185969055,1.0,9.667037632135306,1.0,-1.953890000000003,1.0,6.283853751062856,1.0
602,-2.3916920005364664,16.10853364698136,0.8,10,10.756665735567971,1.0,-30.678474224890163,0.0,10.393687295384941,1.0,-32.88056122729019,0.0,10.27038241226301,1.0,7.091214508958048,1.0,10.524219154065309,1.0,4.563407984930145,1.0,-3.718327399202188,1.0,-10.239134245151543,1.0
603,-31.522888015519918,22.680229555322367,0.2,10,-38.82354614440861,0.0,-50.20720384496971,0.0,10.754025224741715,1.0,9.815310609879031,1.0,-26.18855597818614,0.0,-45.09669837403722,0.0,-38.7267037333029,0.0,-30.784471738611963,0.0,-58.41268015858618,0.0,-47.558356017717266,0.0
604,-10.508194930203672,18.944900827343265,0.5,10,-29.23949139164324,0.0,-33.056378402015724,0.0,10.519112794058463,1.0,-27.914615630153776,0.0,8.694455609410095,1.0,9.696957953793298,1.0,-25.124794178212273,0.0,1.9690501583069508,1.0,-30.786114601948423,0.0,10.159868386367915,1.0
605,0.34364993046093845,11.361816033497135,0.9,10,3.2908467567645454,1.0,10.75508652333508,1.0,2.2799623418841923,1.0,5.258928336620644,1.0,4.647836387238503,1.0,-0.7332673721046508,1.0,-25.19638650372324,0.0,10.635055865921787,1.0,9.181627005412786,1.0,-16.68319003674026,1.0
606,-0.43877282018294184,15.04187182854875,0.8,10,10.639160102877351,1.0,10.635552664055373,1.0,8.145510192714717,1.0,10.39634954561287,1.0,-30.18786535608311,0.0,1.8793589806419941,1.0,-7.155174151741509,1.0,8.47375176882401,1.0,9.801462491672218,1.0,-27.01583444040334,0.0
607,-1.883706042766694,17.61587169456091,0.7,10,9.826723205688467,1.0,9.578100668377205,1.0,10.266429062346587,1.0,-26.01192937536672,0.0,-31.244675370501042,0.0,9.803868544340641,1.0,-28.912449878884672,0.0,10.167024383668334,1.0,9.1907680441666,1.0,8.499080288497657,1.0
608,-15.877481899280806,20.748909879567798,0.6,10,-28.980653938897856,0.0,-32.767932152176904,0.0,-44.07395390447307,0.0,4.99434287228405,1.0,-43.543517867254806,0.0,10.762503333333333,1.0,1.5047673231218095,1.0,-27.196813845558836,1.0,10.038324947248825,1.0,-9.511885760434634,1.0
609,-27.65170171326101,19.932704571316005,0.2,10,-41.74762708951727,0.0,10.23578078078078,1.0,-44.497518835247845,0.0,-33.00902207917217,0.0,-43.609346938267336,0.0,-35.71308297254344,0.0,-23.27535616791143,0.0,10.63274124268681,1.0,-40.71423472159351,0.0,-34.81935035182463,0.0
610,3.883955039895612,11.11346018484403,0.9,10,-3.055098553118169,1.0,10.389436573375141,1.0,-2.4314818548387027,1.0,10.032010358313075,1.0,10.103967207844399,1.0,10.516479257401786,1.0,8.761713261432789,1.0,9.687376800695603,1.0,10.636079775631037,1.0,-25.80093242778084,0.0
611,0.5795636433940926,17.78788273350993,0.8,10,10.29017442146121,1.0,9.341321713870732,1.0,10.634849102773245,1.0,9.302754813637167,1.0,10.752856870774211,1.0,10.523653823213648,1.0,9.799014438895986,1.0,-32.91199502012414,0.0,-36.693847440185216,0.0,4.75685370962408,1.0
612,4.910064290252573,7.015322604750853,1.0,10,10.390902187619936,1.0,-8.680064332247564,1.0,10.157920569128372,1.0,10.161654967409213,1.0,-1.6635680301093654,1.0,10.875,1.0,0.10692631641826722,1.0,-2.922473817660677,1.0,10.038645067169169,1.0,10.635699974798388,1.0
613,8.157603915154862,2.5621545018535743,1.0,10,6.418481474506848,1.0,3.8414859708193028,1.0,10.519164427070608,1.0,6.052977749463203,1.0,10.394334074898035,1.0,10.037349806949807,1.0,9.805080073209792,1.0,9.545693399620593,1.0,10.634530623161272,1.0,4.326941551849168,1.0
614,5.245029140901007,4.483085259781094,1.0,10,10.75556619385343,1.0,10.158298551407372,1.0,7.512616308577229,1.0,-1.0451368760064383,1.0,0.5691894109780549,1.0,5.454529015169757,1.0,-1.911339264129964,1.0,8.859983014381157,1.0,8.721009094846254,1.0,3.375575959933224,1.0
615,4.067186138351829,12.072781206520663,0.9,10,-31.219072211515304,0.0,7.652152465700426,1.0,9.798064704281215,1.0,2.797167974722252,1.0,8.634919301494905,1.0,10.518433413397386,1.0,10.513399178832117,1.0,3.0909508606786673,1.0,10.516693669366937,1.0,8.36915202655969,1.0
616,0.4081824154734381,12.74614712572787,0.9,10,9.056044649808742,1.0,-30.090331909139024,0.0,6.305905111619085,1.0,1.012856723141713,1.0,10.397773244147158,1.0,4.124087564584629,1.0,-15.383773197664327,1.0,10.63578748651564,1.0,10.756666666666666,1.0,-2.7331921849458993,1.0
617,-0.5928987425293137,11.721648382169409,0.9,10,7.4054619222025755,1.0,4.402280430664938,1.0,10.63542911153119,1.0,-8.099325687280258,1.0,9.801905244810648,1.0,-2.596604024297646,1.0,-30.882935758692174,0.0,4.818054142901296,1.0,3.9712802575107276,1.0,-5.384533064644437,1.0
618,-11.691111146393538,17.112240599397815,0.7,10,-33.56777210652872,0.0,9.67354678050516,1.0,-37.58214037674817,0.0,-15.494403185115116,1.0,7.562903772785078,1.0,-3.125040257648955,1.0,-11.586757733376679,1.0,-34.78031383310466,0.0,-1.1709282819184903,1.0,3.1597937572151684,1.0
619,-8.920008207556872,18.468188200123695,0.6,10,-9.540388540031394,1.0,-32.146287516146224,0.0,-29.08470245540119,0.0,-27.78380396652213,0.0,9.669789886538732,1.0,10.512842045277937,1.0,-32.7423115444566,0.0,8.20172002758349,1.0,3.1981932316606967,1.0,10.514866755927958,1.0
620,-0.4427431485728944,11.734950274156484,0.9,10,-4.8451637995219325,1.0,-5.692741588823672,1.0,2.00063261185082,1.0,8.465273199896023,1.0,10.274384849489259,1.0,6.802928361111862,1.0,-8.242394583555738,1.0,7.172334469395047,1.0,-29.789539197481062,0.0,9.42685419191045,1.0
621,-12.242571065719485,18.95427337716966,0.4,10,-32.37326533806347,0.0,-32.921272092575805,0.0,-14.810421852176457,0.0,-33.29360783252731,0.0,10.517047087356428,1.0,10.402391025914698,1.0,10.516899476883925,1.0,8.96720539219317,1.0,-24.348926835138393,0.0,-25.081759689061645,0.0
622,-2.345243182144702,16.333044023748048,0.8,10,7.75406065053738,1.0,-0.7682312775330402,1.0,-38.82159543516996,0.0,2.502654512623945,1.0,9.096816435313714,1.0,9.056321640040219,1.0,8.718746582612331,1.0,10.515768213015795,1.0,-28.01884646711464,0.0,-3.48812667577276,1.0
623,9.114122791405217,1.5481672256035481,1.0,10,10.39858101524438,1.0,7.488300518375603,1.0,8.506965766719604,1.0,10.516077759279208,1.0,10.150266388529229,1.0,10.875,1.0,10.401664808206958,1.0,9.003848253579187,1.0,5.97982692834707,1.0,7.8206964757709265,1.0
624,0.4457064953256413,18.840398724938826,0.8,10,7.877697436931035,1.0,-35.76770220107079,0.0,10.755,1.0,10.516155369445935,1.0,8.848295961141792,1.0,9.933365847710785,1.0,10.63350724637681,1.0,10.208472727272728,1.0,10.038805165823897,1.0,-38.586532600375776,0.0
625,3.8013739330785876,10.802657767428515,0.9,10,10.875,1.0,2.5684646781789633,1.0,10.275001942351022,1.0,9.813038464102394,1.0,-26.648982744783307,0.0,8.389068022579638,1.0,8.856576614252258,1.0,10.754829875518672,1.0,3.1768501792887767,1.0,-0.046107700702540555,1.0
626,2.1589136285293535,13.693537143874758,0.8,10,-25.12984343148357,0.0,-24.988406154628688,0.0,10.294746181602491,1.0,10.398278101704923,1.0,8.376524731436666,1.0,7.747411328231226,1.0,9.095422839770489,1.0,5.2436723191531085,1.0,10.037693201800137,1.0,10.513637167706747,1.0
627,-1.7717631798136388,14.54441451628278,0.9,10,10.29175833020336,1.0,-19.839790553697146,1.0,-4.056069129414599,1.0,-1.892499140935648,1.0,-33.815552441412834,0.0,-8.690670986511499,1.0,10.63525213890287,1.0,10.279722461644543,1.0,10.638329837441008,1.0,8.731887685643564,1.0
628,-3.246940770344531,20.73679897380268,0.7,10,-28.845913539028345,0.0,-38.979796541200365,0.0,9.544302723735408,1.0,-36.30865832804023,0.0,10.52,1.0,10.755,1.0,10.280174566430118,1.0,10.51261077971879,1.0,9.300261365249066,1.0,10.752611269690242,1.0
629,1.174077144439983,14.278893757246626,0.8,10,9.579835994696488,1.0,10.515948020151606,1.0,7.1884632189671205,1.0,8.95027686047883,1.0,-3.7051434653043973,1.0,10.755020746887967,1.0,10.75265581201169,1.0,-25.085164808879107,0.0,10.050775710562995,1.0,-27.261896645173362,0.0
630,4.216314180755865,9.688500789430746,0.9,10,5.880382429948193,1.0,-23.834924624829462,0.0,8.348814704474119,1.0,8.088217526660927,1.0,1.891047947291197,1.0,10.525306236080178,1.0,4.192970259855747,1.0,10.277166828717498,1.0,8.567115963243065,1.0,8.22704453611719,1.0
631,-9.077526754427339,20.45006590995221,0.7,10,5.8957116562566,1.0,10.875,1.0,10.637235328595501,1.0,-33.016314025397705,0.0,-25.748161145423932,0.0,10.277681935965568,1.0,-41.87085917312661,0.0,-7.283190578432128,1.0,-31.05588318615409,1.0,10.513511643443405,1.0
632,1.0293758817258827,14.616885150839986,0.9,10,10.15078040984216,1.0,-18.617261482492054,1.0,-1.4947317390174142,1.0,8.132499369164774,1.0,9.804877968753944,1.0,-34.39739237629706,0.0,10.875,1.0,10.875,1.0,8.286865120343156,1.0,6.678121546961325,1.0
633,5.731833776003614,10.050068033446426,0.9,10,7.645262261873976,1.0,8.971778533734572,1.0,5.758082067968186,1.0,9.813189291268607,1.0,10.756103486354315,1.0,7.366816196308509,1.0,10.637647530133073,1.0,10.028022888713497,1.0,-24.051623809139365,0.0,10.393059312820773,1.0
634,-16.458552990955145,22.222876791526463,0.4,10,-32.19099707225967,0.0,10.639310284718187,1.0,8.83656109096642,1.0,10.633107255520505,1.0,-29.07940501159071,0.0,-27.685930898135968,0.0,-41.66336731102047,0.0,-42.07130521611897,0.0,10.755645619125717,1.0,-32.75914865075648,0.0
635,8.589018102071648,2.4720329988283085,1.0,10,8.705220573218055,1.0,10.75495867768595,1.0,6.599292796810242,1.0,2.3060656762521186,1.0,10.514683253242392,1.0,10.875,1.0,9.679288244148637,1.0,10.153620744765862,1.0,8.240263945656555,1.0,8.061787108936667,1.0
636,6.109679946308667,4.716483017756041,1.0,10,2.365475151930996,1.0,10.161572948328267,1.0,3.6644941896519185,1.0,9.18801677316294,1.0,0.9450995306226346,1.0,7.290031639198091,1.0,10.635000000000002,1.0,10.644734599804442,1.0,9.785,1.0,-3.582625369612618,1.0
637,-0.37430295652626483,16.150150903708752,0.8,10,8.198417269453104,1.0,-34.90304274987893,0.0,7.069854619565217,1.0,8.23159899016115,1.0,8.332383145291274,1.0,6.420027242457875,1.0,6.783642203502818,1.0,-30.092740771880358,0.0,10.635,1.0,5.581830486065203,1.0
638,-4.66210104523871,22.36197844631536,0.7,10,10.284544932323268,1.0,10.875,1.0,-41.53097575956106,0.0,5.839161788941297,1.0,-43.45129352360899,0.0,10.757711267605634,1.0,9.437279369113057,1.0,10.635602988611678,1.0,10.754433806146572,1.0,-30.222475321958566,0.0
639,-3.957916179690744,16.68850796536313,0.7,10,-28.173572817736883,0.0,9.42033705861372,1.0,1.5064478436833646,1.0,-30.175633794022144,0.0,8.601484348891612,1.0,1.8792136725935027,1.0,8.714787931283384,1.0,8.950800301431801,1.0,-28.949052894068,0.0,8.646026552422203,1.0
640,-4.480411873515669,16.591319848073898,0.8,10,5.458337617098987,1.0,-30.279958642576883,0.0,10.875,1.0,-23.449345471000036,1.0,0.9376269106143411,1.0,6.432483636473321,1.0,10.171069948448398,1.0,-33.3475831530729,0.0,-0.576846658386172,1.0,8.975097077244257,1.0
641,2.0520462336379346,10.573430418377184,0.9,10,7.540787358916479,1.0,7.645979110979112,1.0,-26.85215786624675,0.0,10.754881450488146,1.0,-1.6999962055265314,1.0,-0.679987983684267,1.0,8.970936478281176,1.0,3.169872236197536,1.0,10.635,1.0,1.0351477569744478,1.0
642,-2.904942129795171,19.301343885138664,0.7,10,10.634944751381214,1.0,8.348021196761241,1.0,-27.990534698149002,0.0,10.518243314105925,1.0,10.406473344504438,1.0,-33.03181073496325,0.0,6.243982944703531,1.0,10.6411,1.0,10.755601717860143,1.0,-35.575443134155954,0.0
643,-2.109617607116443,17.685039330339965,0.7,10,10.517949356223175,1.0,-29.140948175304104,0.0,9.705306534920277,1.0,9.188415066242168,1.0,7.6433594357436405,1.0,-31.74319906496064,0.0,10.754915254237288,1.0,-26.17163557503965,0.0,8.00489598191458,1.0,10.144765114858833,1.0
644,0.903337305203373,12.446120891914962,0.9,10,2.386304284556055,1.0,-0.7263606892775769,1.0,-6.275645099224899,1.0,10.030956514339206,1.0,3.5470076094627396,1.0,10.282835072071354,1.0,9.339894181058188,1.0,3.1889825868192583,1.0,-33.0117529182236,0.0,10.271151510453008,1.0
645,4.266599514225289,11.403713830666936,0.9,10,-29.142855564056813,0.0,6.87592033839284,1.0,8.139850976790783,1.0,9.82427885897094,1.0,4.878404255319151,1.0,10.754004726890757,1.0,7.811835690526369,1.0,9.816495715725807,1.0,10.875,1.0,2.8330601436930607,1.0
646,5.04155989054412,9.719409702251937,0.9,10,-23.122859917979717,0.0,6.69661227154047,1.0,9.798550020669698,1.0,10.29195198046663,1.0,10.40071696383936,1.0,3.6040908772175886,1.0,10.63627711854249,1.0,10.169354374154144,1.0,3.9220100683207466,1.0,8.018895148669795,1.0
647,-6.567874102228234,20.4155052246725,0.8,10,-37.64959066564655,0.0,-25.197408130236077,1.0,7.63956015891033,1.0,9.938670757650138,1.0,-39.97132378009802,0.0,10.166170602904502,1.0,-19.992762936381347,1.0,8.963543860818557,1.0,10.39337772194305,1.0,10.031021387853071,1.0
648,-2.8349908102976515,20.07643634223482,0.8,10,10.515,1.0,10.395084331077564,1.0,6.805498508734555,1.0,8.940148561568119,1.0,9.583048697621745,1.0,-44.778763037905286,0.0,-8.004646352723924,1.0,10.295424350144412,1.0,-38.22996476964772,0.0,6.12926160815402,1.0
649,-4.736494520124805,22.323533830440862,0.7,10,9.421611770667438,1.0,-47.453006741856264,0.0,10.157496341463414,1.0,0.3062289259734712,1.0,-46.211174461559914,0.0,-14.489931762065098,0.0,10.275499195082688,1.0,10.392616053511707,1.0,10.398120762166338,1.0,9.837594715368175,1.0
650,-1.1354373403713822,14.547316208370948,0.8,10,-10.285939606798282,1.0,9.426982827948342,1.0,9.69035293815228,1.0,10.516399347040846,1.0,10.63409395450296,1.0,-26.214998026835023,0.0,-3.4629773893961335,1.0,-27.989874837831525,0.0,7.504598137711345,1.0,8.826989251791368,1.0
651,6.925035290291783,5.573525329872206,1.0,10,10.639305,1.0,9.184552073323971,1.0,10.285636202044142,1.0,-6.1952922755741255,1.0,10.638012753774076,1.0,9.923706241987968,1.0,4.507401652892562,1.0,-0.5275320674044259,1.0,10.513611087236786,1.0,10.280952234636873,1.0
652,-3.5957327666525396,18.616602569740298,0.7,10,-31.944660394035946,0.0,10.392861532971173,1.0,7.7541672419203,1.0,-33.919247546814056,0.0,-29.74055223227312,0.0,10.046358312702342,1.0,8.600455721333173,1.0,8.206104490951066,1.0,4.010835277648155,1.0,10.636349929071523,1.0
653,-7.912474606612224,18.051849169492545,0.5,10,-31.740953899116906,0.0,9.540010489666562,1.0,-16.405453436210298,0.0,8.095557598039218,1.0,-13.444363564524952,0.0,7.979851272691397,1.0,-36.64290572009946,0.0,9.312998333333333,1.0,-25.973474030480535,0.0,10.153986890579398,1.0
654,-12.157595758989283,22.948250758202736,0.5,10,9.937408201892744,1.0,10.391981280400923,1.0,-33.94171591027648,0.0,-41.74225657730779,0.0,10.397312003878083,1.0,-30.038624688064726,0.0,-25.900914952714785,0.0,10.521636941118983,1.0,10.518205722742971,1.0,-41.718989611562755,0.0
655,0.49711573566236816,12.781525486351756,0.7,10,7.438818268744022,1.0,9.578484435918064,1.0,9.317630166585348,1.0,-12.882683251231525,0.0,9.295133498541109,1.0,-15.447078570569126,0.0,10.875,1.0,-26.528430494960148,0.0,7.1503945101961435,1.0,6.173888793399794,1.0
656,-10.990250577693574,20.210252922989863,0.5,10,6.228760212169247,1.0,-33.83261478748218,0.0,-29.902777938496193,0.0,9.662830684669615,1.0,8.491391481135848,1.0,-33.84267299055999,0.0,-26.059269296097767,0.0,-31.678138920473508,0.0,10.154985778199164,1.0,10.875,1.0
657,7.733137606928605,4.300043807055752,1.0,10,3.978057326934457,1.0,10.753896513645685,1.0,10.513385080554176,1.0,10.875,1.0,10.514365633016787,1.0,-0.17169141252006526,1.0,0.36128253818645284,1.0,10.64209617088296,1.0,10.761624528565441,1.0,9.103359690020161,1.0
658,9.661955529163054,2.253189247046867,1.0,10,10.396073470775507,1.0,10.396891737659478,1.0,2.937686669198632,1.0,10.634573628541677,1.0,9.912355027760642,1.0,10.276472470112815,1.0,10.162137341662328,1.0,10.634141867864496,1.0,10.63382109041401,1.0,10.63540198764095,1.0
659,9.482924068786664,1.0359162599719638,1.0,10,10.286333865554433,1.0,9.065944606805738,1.0,8.61101917175488,1.0,10.634205171682916,1.0,10.515871437786968,1.0,9.429403037795833,1.0,10.405958965209633,1.0,7.3340217598778406,1.0,10.047407486435407,1.0,8.499075184963008,1.0
660,3.0093611207225863,12.353150159976936,0.9,10,8.227519051947143,1.0,9.66557120622568,1.0,-31.923897172567905,0.0,-1.0106729572176736,1.0,10.637819516257764,1.0,9.182841465547394,1.0,10.640674328886032,1.0,0.7321024559662614,1.0,3.3060503235694823,1.0,10.635602988611678,1.0
661,-14.350749746731855,19.902834027205863,0.4,10,-30.214299507485233,0.0,-27.603168450881636,0.0,8.2027400329188,1.0,10.39455372132065,1.0,-30.257775926457917,0.0,-33.9182896781993,0.0,10.637091977682681,1.0,10.394042322752645,1.0,-33.22962072155411,0.0,-27.912771237415143,0.0
662,5.226692482317386,9.932567080521604,0.9,10,5.538537998357815,1.0,10.39642321707444,1.0,6.346145537449543,1.0,10.875,1.0,7.056285695178223,1.0,8.943541147132171,1.0,7.636607077929948,1.0,-24.122126663545775,0.0,10.276453878406707,1.0,9.320056935190793,1.0
663,4.251630425141628,9.461521756627779,1.0,10,10.637235328595501,1.0,10.754275138121548,1.0,-7.743264160718402,1.0,10.042509210194297,1.0,-16.47743621778013,1.0,10.76,1.0,10.145425659964438,1.0,-4.37079666197662,1.0,8.70979317297998,1.0,10.05856278203567,1.0
664,3.6450574107699922,13.203418048829539,0.9,10,9.923320599205873,1.0,-3.6883432942863994,1.0,10.28114815640797,1.0,10.755132366273799,1.0,7.273198138489467,1.0,8.859292672444667,1.0,9.580104333868379,1.0,8.407714324905125,1.0,-34.12499683980689,0.0,9.184003650197933,1.0
665,-14.148496016093262,19.889644476154015,0.5,10,5.880473450797075,1.0,-29.41687841817419,0.0,10.634732688526332,1.0,-3.7959775835866374,1.0,-34.07706138484669,0.0,-30.92402375850945,0.0,-36.04223199613337,0.0,6.520372615490691,1.0,-37.64078410753477,0.0,7.376418333038401,1.0
666,-11.578927800772973,21.65658022510474,0.5,10,-28.971062115669042,0.0,-34.95147318366788,0.0,9.415462590080542,1.0,8.320184081754936,1.0,10.634441258741258,1.0,-33.029039434011544,0.0,10.756483328139607,1.0,-35.9340413294991,0.0,-32.90523320359851,0.0,10.875,1.0
667,6.068117448361351,6.845751341274704,1.0,10,6.826912243488556,1.0,-7.698300522063754,1.0,9.30188165959453,1.0,8.448806629834255,1.0,9.29143039747855,1.0,10.512741785243952,1.0,10.280675405465452,1.0,10.875,1.0,-7.188307712071252,1.0,10.030334596643204,1.0
668,-10.667463630863569,18.434799144675697,0.6,10,4.893274866927467,1.0,-29.963843386677596,0.0,1.820040587021328,1.0,-32.01455328623721,0.0,9.43631098373767,1.0,-6.6110686064755395,1.0,-37.37390257426679,0.0,-30.829863341821934,0.0,9.074995973964974,1.0,4.893972475191961,1.0
669,-1.8724451550072394,17.12152142138239,0.8,10,6.057950240770467,1.0,10.283950825654594,1.0,-34.92792043436138,0.0,-34.7913656753285,0.0,10.635409924487595,1.0,10.27713620023965,1.0,-0.36371992547621446,1.0,7.767653946108603,1.0,-3.7017360632657343,1.0,10.038189411098527,1.0
670,0.4991960967812223,11.685281185350878,0.9,10,-9.588388570348425,1.0,10.392139491234376,1.0,-8.340729248920054,1.0,8.198245242226836,1.0,6.906797736996173,1.0,-28.370450097358823,0.0,8.104800012499219,1.0,5.842173172837138,1.0,8.003589576107032,1.0,3.843783652538751,1.0
671,7.35441013688755,3.54244753238092,1.0,10,10.75265581201169,1.0,6.773340782844594,1.0,9.175709698996656,1.0,9.906436369149903,1.0,8.078498088476243,1.0,-2.0474811317775643,1.0,5.415659390549524,1.0,8.221205601317957,1.0,10.514039901477831,1.0,6.75403685582867,1.0
672,-7.61436053712311,26.980357828383983,0.8,10,10.394835890342053,1.0,10.516353268297282,1.0,-20.35912239625379,1.0,-45.330096860895566,0.0,9.474412959271934,1.0,6.528193881827071,1.0,10.396323768272875,1.0,10.168573378729965,1.0,1.5292856613834989,1.0,-69.46236492220642,0.0
673,1.8686278475200235,12.338863811736646,0.9,10,7.47784896928902,1.0,10.287179853375225,1.0,10.517691061452515,1.0,6.5117476199728,1.0,-32.23942033749724,0.0,10.393955916473317,1.0,2.5536499911613912,1.0,-6.296372538001185,1.0,3.3066173158452576,1.0,6.1733806231291375,1.0
674,-27.37914933971708,19.404159643071935,0.2,10,-36.963569221885336,0.0,-44.886226655808905,0.0,-34.51802696298427,0.0,-37.69222095525642,0.0,-32.80903821159341,0.0,10.75557120622568,1.0,-30.59517651900404,0.0,-37.02289438846808,0.0,-40.69551467700769,0.0,10.635602988611678,1.0
675,3.429423420240498,16.599934883235733,0.9,10,10.635055794675594,1.0,10.39288546989558,1.0,10.875,1.0,9.91287973315214,1.0,10.515062761506277,1.0,6.436412681219796,1.0,-0.5469518912963647,1.0,10.75734418798831,1.0,10.640909928009375,1.0,-45.324364462745734,0.0
676,-3.252801344910145,15.618521529251842,0.7,10,10.274744685729258,1.0,-30.24342461922384,0.0,-25.11445476106373,0.0,9.110016705362703,1.0,2.7992329972706482,1.0,8.944915484748396,1.0,-24.859815567222086,0.0,5.143061960316002,1.0,8.329463383502633,1.0,3.08824628147857,1.0
677,-14.193174860592052,19.765711372366244,0.4,10,9.554516743907909,1.0,9.29549838081124,1.0,-30.089252812539545,0.0,10.274239938123257,1.0,-31.930542449704426,0.0,-30.695482477196343,0.0,-27.279846524985608,0.0,-31.016253314445517,0.0,-30.80468136565613,0.0,10.760055275764648,1.0
678,-8.39177919296138,17.541683698772143,0.8,10,1.9132684299638445,1.0,-13.439912733917197,1.0,-37.86408727475821,0.0,-1.540145162765178,1.0,9.41242045792447,1.0,10.752214705696403,1.0,5.859716170062419,1.0,-38.800949199174575,0.0,-20.41755586112066,1.0,0.20723853847488094,1.0
679,7.2445411804508355,3.0468875923295227,1.0,10,10.175276300578034,1.0,10.636786527627951,1.0,9.537989479182212,1.0,6.1981944406999006,1.0,0.40075954738330566,1.0,4.922644464312324,1.0,8.29990007303632,1.0,6.982946691904742,1.0,10.160583765053008,1.0,5.130330514730555,1.0
680,-23.192365691275477,27.808891730167975,0.4,10,7.69499515781133,1.0,-46.44667700677677,0.0,-53.689014297116245,0.0,-46.27105702477106,0.0,-34.06495010425977,0.0,-31.22082536093236,0.0,9.919037051456751,1.0,-58.52179473762887,0.0,10.518741021287711,1.0,10.157888388174507,1.0
681,8.461524977171345,2.9292085164406982,1.0,10,10.275402291347065,1.0,8.815092276997257,1.0,10.398561994874827,1.0,8.309248270077585,1.0,5.586750822067958,1.0,10.875,1.0,9.432249123107194,1.0,10.392474392951796,1.0,0.8256649697741043,1.0,9.704805630515644,1.0
682,-7.093885038134848,20.250065110955692,0.6,10,10.636341314935066,1.0,-34.88375302841199,0.0,-24.844589151705133,0.0,-31.06416429455445,0.0,5.959575588807622,1.0,10.162806308307418,1.0,10.635656614785994,1.0,7.344719002016129,1.0,-35.639010206653204,0.0,10.75356747112405,1.0
683,-2.545707469903482,16.135879362548906,0.8,10,-33.59135160902341,0.0,7.6572079599802105,1.0,-7.330255484665326,1.0,9.192953257790368,1.0,9.534250303426385,1.0,2.540284369484212,1.0,-32.12722126358863,0.0,10.633980594758064,1.0,9.862797824116047,1.0,-1.8297206513127389,1.0
684,7.289731393687393,3.749971205285583,1.0,10,10.397324344853779,1.0,-0.9699316508938018,1.0,6.18989871954092,1.0,2.6595760316563064,1.0,9.1190210236566,1.0,10.272871057251258,1.0,10.635375194513285,1.0,10.656144998707678,1.0,8.568181013890118,1.0,5.368853203697802,1.0
685,-10.163930986986774,16.36566052975377,0.8,10,-15.212326967069226,1.0,-21.87982093587904,1.0,-38.8370013251719,0.0,10.754650081376424,1.0,-22.205340557275584,1.0,2.1446914825144816,1.0,3.7318872785385633,1.0,-3.1869823905493018,1.0,-27.341046355208164,0.0,10.391979818855997,1.0
686,5.261522371000348,7.032283008229999,1.0,10,8.621853620613061,1.0,5.131598687009906,1.0,8.38882530030255,1.0,7.775909103205735,1.0,-14.515820568927802,1.0,9.217715552523874,1.0,10.765995734470808,1.0,3.747211883019305,1.0,3.3237653433447854,1.0,10.158169054441261,1.0
687,6.122417590288389,12.04108862003617,0.9,10,-29.956971378281175,0.0,10.511661478894625,1.0,10.516817749000191,1.0,9.936250238049896,1.0,10.75281124497992,1.0,10.755298949041773,1.0,10.40011166087189,1.0,9.312410071942447,1.0,8.839186761288389,1.0,10.156599127095937,1.0
688,-13.534934741979693,21.454671664774043,0.4,10,-44.6020881546894,0.0,10.75737540828153,1.0,-12.834989108511497,0.0,-33.92652219735328,0.0,8.562075674225145,1.0,-40.612766376311335,0.0,10.1696889719019,1.0,10.761907282873088,1.0,-14.043951782759137,0.0,-29.580077137453973,0.0
689,4.22523769428936,9.875558105556232,0.9,10,4.189439842209073,1.0,8.115107438633142,1.0,5.7268704178885645,1.0,7.754631625720264,1.0,8.271555585177286,1.0,10.287215238095238,1.0,7.932924619766104,1.0,10.396459026149053,1.0,4.343578920787849,1.0,-24.76540577153297,0.0
690,-1.8248087976064062,14.224766938841514,0.8,10,9.43776074603611,1.0,-14.141775688598175,1.0,-25.995375944584392,0.0,-25.226669900195848,0.0,6.152064902482005,1.0,8.933297993692545,1.0,-6.842828933170281,1.0,9.803206185288312,1.0,8.757232662985665,1.0,10.875,1.0
691,-5.522958109810639,16.43878343697449,0.6,10,-25.359188607666617,0.0,3.922849052646299,1.0,-24.14628352353783,0.0,-23.896343564183276,0.0,-28.628547696115753,0.0,7.232180260852638,1.0,7.384372493315508,1.0,8.45292873051225,1.0,10.514439035630959,1.0,9.294012720439433,1.0
692,2.8652879664814375,10.614940824622071,0.9,10,4.20077474336626,1.0,-27.841785727741968,0.0,10.039045326618279,1.0,8.703060209539808,1.0,5.046647448406363,1.0,4.221973904315824,1.0,8.723361664620517,1.0,0.43565272177419523,1.0,5.891638203443991,1.0,9.232511170471103,1.0
693,-9.960479297430016,21.67556947496268,0.6,10,-38.73407176516786,0.0,-46.505378153781606,0.0,-24.924108789647157,0.0,9.058685794542537,1.0,7.64096962970437,1.0,10.274005895939704,1.0,1.5477065681340356,1.0,8.153618928940489,1.0,-32.42586836019239,0.0,6.3096472772277234,1.0
694,1.2135906730574557,18.151056295897476,0.8,10,10.633653820118235,1.0,-39.61719732991956,0.0,10.51529393431766,1.0,9.924338112050213,1.0,10.875,1.0,8.871688626261012,1.0,10.04020269196121,1.0,10.516738300579668,1.0,10.396368983586077,1.0,-30.020180408379954,0.0
695,-15.243501212273504,21.25543767723905,0.4,10,10.755,1.0,10.756346441271969,1.0,-35.89212872299109,0.0,10.636168923734854,1.0,-31.974161380252056,0.0,-31.020477894455254,0.0,-31.031811404262623,0.0,-36.22478753194022,0.0,-28.955469877964916,0.0,10.516309324124322,1.0
696,-3.7340377236473516,16.906624575675185,0.8,10,4.5968230732488555,1.0,10.154133044554456,1.0,-29.761108443255686,0.0,1.2633918694068456,1.0,8.4751164069157,1.0,-42.285641098687215,0.0,10.278086558655867,1.0,3.6228791847970854,1.0,-1.2257950251889156,1.0,-2.458262806920498,1.0
697,-1.1846131569364213,14.826211011319957,0.8,10,10.392259462262054,1.0,9.41701982194678,1.0,9.66185536949096,1.0,-28.091512635909492,0.0,-5.268863348797973,1.0,8.21360580912863,1.0,8.037328335788773,1.0,5.199902424600828,1.0,-30.731425461895277,0.0,1.323698654020502,1.0
698,1.9422020955375587,12.708023948803186,0.9,10,10.514008967223253,1.0,7.213710683147555,1.0,9.792876153740185,1.0,10.637745321470833,1.0,5.780793201910933,1.0,-17.342947194096816,1.0,6.345666833240248,1.0,10.525401519262074,1.0,3.8940808443985606,1.0,-27.939315374921236,0.0
699,5.361674026194999,5.149273551942615,1.0,10,10.635,1.0,3.1534215702343875,1.0,4.485034068068002,1.0,6.350037648553025,1.0,8.481358116349366,1.0,8.134580380010721,1.0,-8.12484470263429,1.0,2.85156874352523,1.0,9.573262383229675,1.0,8.077322054613877,1.0
700,-5.371945529759488,17.654360155972267,0.6,10,-30.094377647351944,0.0,10.634841608675233,1.0,-23.114471743817724,0.0,8.26301559594733,1.0,-30.091068775385672,0.0,9.186977223893425,1.0,7.174454810672824,1.0,-23.981583855053863,0.0,8.982473742019632,1.0,9.320283742805866,1.0
701,3.2092017941284325,12.386644271767636,0.9,10,10.163874052204253,1.0,10.27014038837098,1.0,10.875,1.0,9.687905081495686,1.0,8.513480218350637,1.0,10.754214606741574,1.0,-0.6892787904651545,1.0,-6.925171002047051,1.0,9.323143449470884,1.0,-29.881290062837476,0.0
702,7.206409275124331,5.401041583129396,1.0,10,10.7529588716836,1.0,10.519965635738831,1.0,6.332409200968522,1.0,10.515142068192732,1.0,10.875,1.0,-4.624931219153634,1.0,-1.8202751771030012,1.0,10.402665750536501,1.0,9.188301842689626,1.0,9.922855777690136,1.0
703,5.548163792712307,9.59491874237149,0.9,10,7.1777513093961005,1.0,8.567105389157843,1.0,-22.752189349112427,0.0,10.403275835866262,1.0,10.634395062372775,1.0,5.126319974854626,1.0,9.925229479258606,1.0,10.875,1.0,7.060256992719909,1.0,8.46449323260938,1.0
704,-16.508488851981124,21.461310036188,0.4,10,10.274587570021504,1.0,9.544674724295422,1.0,-33.710349176310025,0.0,-33.63614114681793,0.0,9.785,1.0,-34.7042955805923,0.0,-33.87843150108602,0.0,9.420195397658459,1.0,-32.380212484103424,0.0,-35.799916322876946,0.0
705,-0.7286024703686003,11.22599169488273,0.9,10,-1.7480595606821208,1.0,2.1067512205866157,1.0,-26.97347464153434,0.0,-1.0580241858693569,1.0,-6.444524462930403,1.0,8.45612797768735,1.0,10.875,1.0,9.422290277898016,1.0,-11.144994430830927,1.0,9.222883101989165,1.0
706,9.128542715169242,2.8720886346287138,1.0,10,10.5145575161334,1.0,10.285434708360215,1.0,10.278021202595145,1.0,8.480562636721599,1.0,10.512494187055353,1.0,9.88963732315293,1.0,10.637072967569969,1.0,9.31484216117772,1.0,10.635477701952071,1.0,0.7373267469740341,1.0
707,8.139765001657032,5.432905020931587,1.0,10,10.63598715083799,1.0,10.515000416631947,1.0,10.51407396897465,1.0,9.216481796632834,1.0,9.540000000000001,1.0,10.033873625140293,1.0,-8.00425886083116,1.0,10.875,1.0,9.82001408667145,1.0,8.251477832512316,1.0
708,-3.0816881066363497,16.515597136078906,0.8,10,8.038475985405825,1.0,7.827010246401562,1.0,-13.309833547450165,1.0,-34.974978824849224,0.0,10.634790882733945,1.0,-25.906897853645123,0.0,9.681259838061264,1.0,10.754234390299013,1.0,10.392262117134822,1.0,-13.953204300455422,1.0
709,-13.352003043429267,25.83910447648491,0.5,10,-52.37383913921491,0.0,10.519750420168066,1.0,-50.23480946440781,0.0,-28.761506045840083,0.0,10.875,1.0,8.91536133950268,1.0,10.875,1.0,-40.7726757594011,0.0,-12.96875273522976,0.0,10.40644095013028,1.0
710,8.060313828618856,3.2334742995625905,1.0,10,10.39567511078983,1.0,2.957586851082592,1.0,10.027466889632107,1.0,4.235322069144788,1.0,10.756767174918622,1.0,2.4430613423450405,1.0,9.059815867920202,1.0,9.693165461066195,1.0,10.517112429125635,1.0,10.517165090163553,1.0
711,-4.770745915219004,17.207287757036173,0.6,10,-27.246789566413142,0.0,9.414663235876265,1.0,-26.202855837691377,0.0,10.156770345997636,1.0,-23.41256175759488,0.0,4.112022007484781,1.0,10.394926377426977,1.0,10.395637876148717,1.0,-25.95190235551338,0.0,10.632630522088354,1.0
712,4.27561616072497,11.491140792664371,0.9,10,6.715869160329039,1.0,10.875,1.0,10.51479843727391,1.0,10.514710394075642,1.0,8.711713948699494,1.0,-23.94997475588102,0.0,-11.936153120790312,1.0,10.516629834254143,1.0,10.27284008701371,1.0,10.520727622275082,1.0
713,-21.183645974839408,23.529731646498373,0.4,10,9.420971918307805,1.0,-0.5536795725997106,1.0,7.967405891980359,1.0,10.396305205577724,1.0,-40.651017860239314,0.0,-53.0706931347493,0.0,-33.79938822770711,0.0,-38.842648180599994,0.0,-36.71134368167911,0.0,-35.99237210668544,0.0
714,-1.7240159855737374,16.472395992504623,0.8,10,-8.518212258957048,1.0,10.649126899493469,1.0,-33.051654770075494,0.0,7.850146473042059,1.0,7.0940693841243245,1.0,10.395764744005186,1.0,-32.44652202703714,0.0,10.151723195912865,1.0,9.338408817463046,1.0,1.2969896862913597,1.0
715,-9.870101399119173,20.431685854957127,0.5,10,-34.98089464882947,0.0,-24.496384882985453,0.0,-30.987167090754852,0.0,-24.92743180685135,0.0,10.633642338023813,1.0,10.875,1.0,-34.798660595945236,0.0,10.179635060823196,1.0,9.04821138582246,1.0,10.753036249505174,1.0
716,-0.16074690386332477,19.47130071638834,0.8,10,10.39858101524438,1.0,9.419258197580927,1.0,10.409098269362577,1.0,5.595639075830641,1.0,10.875,1.0,-40.98733227593393,0.0,10.635846511627907,1.0,10.754559616992173,1.0,8.184502997351178,1.0,-36.892622446689096,0.0
717,1.5252727722352828,16.356568527286996,0.8,10,9.197733355978261,1.0,9.794585033103724,1.0,10.052276166969541,1.0,-24.836927840790484,0.0,10.642368188642585,1.0,-36.49510853304392,0.0,9.30500916632293,1.0,10.875,1.0,10.643673844537815,1.0,6.074118340632369,1.0
718,-1.889381945449243,12.887939948207688,0.9,10,1.8734750997744225,1.0,9.785,1.0,-7.016090387994357,1.0,6.784266813304006,1.0,2.150034606322407,1.0,-4.557464504322594,1.0,10.39563200297891,1.0,-35.8542425486234,0.0,5.104393861892582,1.0,-7.558824397824411,1.0
719,6.818139353840577,4.888147414949895,1.0,10,10.635142438869986,1.0,10.055054573981854,1.0,9.029357623438113,1.0,-5.0053990183603005,1.0,10.273495576411111,1.0,8.750538884333237,1.0,8.173021273547741,1.0,0.31328059198652447,1.0,9.807655616899272,1.0,6.149245977298241,1.0
720,-2.860995675127165,14.195828428198748,0.9,10,-30.034142416359124,1.0,9.907802598747704,1.0,-4.718425427872864,1.0,10.634353212485252,1.0,7.123337531486145,1.0,-5.184594390298821,1.0,-24.7110470841668,0.0,8.539004757846897,1.0,9.92474700558559,1.0,-10.090992538725626,1.0
721,7.1210242518434175,4.72821782317812,1.0,10,10.754135275405995,1.0,-3.288342205070194,1.0,3.871753958065897,1.0,10.635488796680498,1.0,10.394691519227003,1.0,10.753692292548479,1.0,1.7500810321412388,1.0,5.30738840091445,1.0,10.51461514794113,1.0,10.516738300579668,1.0
722,-22.031273913231693,22.17451801982944,0.3,10,-42.120565783883286,0.0,10.634573161599521,1.0,-41.721017834883526,0.0,-43.65376574933688,0.0,-29.696679928475657,0.0,10.875,1.0,-24.144763526094582,0.0,10.517704356049412,1.0,-38.8819198577883,0.0,-32.12130396950367,0.0
723,-1.4646715566853719,14.92999803591026,0.8,10,-30.8191095445514,0.0,2.07064514515766,1.0,-9.042479333627814,1.0,9.926239681870218,1.0,-27.167552318272584,0.0,7.562290541229231,1.0,10.510520795876783,1.0,10.154936965785028,1.0,10.161505798090042,1.0,1.996286701589117,1.0
724,1.936150399069713,10.028052461766405,1.0,10,9.693072305743707,1.0,-4.580116017456822,1.0,6.757233457687022,1.0,-0.027472025237953446,1.0,10.0444179916318,1.0,8.938666284203437,1.0,10.448104161281986,1.0,-8.992288275742007,1.0,-21.09276320689471,1.0,8.172649315480669,1.0
725,-7.917342015004365,22.811875568120342,0.6,10,10.393924366136657,1.0,10.875,1.0,10.514284805833476,1.0,-31.208465589189903,0.0,10.413009674650855,1.0,10.633969173987628,1.0,-28.891871530989867,0.0,-41.99024973464745,0.0,-39.986633617072314,0.0,10.073612301247262,1.0
726,0.9507859008954164,18.298608968359595,0.8,10,-38.88204869374914,0.0,10.517856381087807,1.0,9.191411040145987,1.0,10.757015206145162,1.0,10.875,1.0,10.393960899396545,1.0,10.759607552469376,1.0,-32.01511957661391,0.0,7.03517620007234,1.0,10.875,1.0
727,-22.19958995624217,27.85339782110121,0.4,10,-55.53759490457274,0.0,-51.87322117438307,0.0,-48.38917415668003,0.0,-23.927437489426488,0.0,10.513876477765157,1.0,9.416920508744038,1.0,6.903405826258398,1.0,-55.27728654651374,0.0,10.393657273334817,1.0,-24.219045376948067,0.0
728,-14.251466934952163,21.722952327683835,0.5,10,10.875,1.0,9.375597854077252,1.0,7.250101769218725,1.0,8.838649382966839,1.0,-33.222053530490584,0.0,-34.88364104245209,0.0,-37.85697507629707,0.0,-32.83693978850446,0.0,-0.2928403833943065,1.0,-39.76156853464594,0.0
729,4.425972774791603,9.769569976086276,0.9,10,3.617041382357277,1.0,4.776879512485924,1.0,9.675793333333333,1.0,3.288493635451328,1.0,7.776369618411481,1.0,10.391516205716936,1.0,10.046179685417222,1.0,9.8004882279135,1.0,-23.840986008407228,0.0,8.727952155236263,1.0
730,7.077102556948603,4.5549675318408545,1.0,10,10.875,1.0,10.275856193384486,1.0,10.15914455591277,1.0,9.700306411466826,1.0,8.218239680500474,1.0,10.514080478882606,1.0,1.748398283346484,1.0,9.670332622317025,1.0,-2.6885905748766756,1.0,2.2982579185520375,1.0
731,7.527324025722537,3.14534133455183,1.0,10,0.9339792711217534,1.0,7.103081782312382,1.0,9.58665399563133,1.0,6.358797788873039,1.0,9.125742360007065,1.0,8.240199247522654,1.0,10.875,1.0,2.854431905814608,1.0,9.677061157024793,1.0,10.518292748917748,1.0
732,7.615719107802815,3.454177777104451,1.0,10,8.89527566000882,1.0,10.276837822791316,1.0,10.040327409884513,1.0,6.003646912780656,1.0,7.5609617248062,1.0,9.567979480634234,1.0,0.3915605754205327,1.0,10.514490842769208,1.0,10.636826592082617,1.0,2.269284056850047,1.0
733,4.626537362557995,12.302155619351156,0.9,10,10.649989189189188,1.0,10.757756756756756,1.0,8.078003591739,1.0,3.676530892932714,1.0,9.427181445070154,1.0,5.733849486735103,1.0,9.82617637917638,1.0,-31.697090103535118,0.0,9.538293103448277,1.0,10.2746828840675,1.0
734,2.812188212980813,14.260636745217585,0.8,10,10.637109577032655,1.0,10.275505595175972,1.0,-23.397198221092747,0.0,7.508501941549152,1.0,-27.784023790536935,0.0,10.27121753320339,1.0,10.397305646325707,1.0,10.51504179331307,1.0,9.665968158347678,1.0,10.032453896490185,1.0
735,6.33741900143625,3.9648182156833878,1.0,10,9.290974520038928,1.0,10.148048666413853,1.0,2.572898260821245,1.0,10.875,1.0,-0.3960621120010277,1.0,9.304017874084476,1.0,-0.1759633407354464,1.0,7.203639773479445,1.0,7.516689175363208,1.0,7.034947196897816,1.0
736,-12.476051994352511,22.41233994916501,0.5,10,10.278605398124645,1.0,8.19945259847237,1.0,10.390474642782255,1.0,10.402272727272727,1.0,8.33004753604817,1.0,-42.808117070609896,0.0,-24.16909434517965,0.0,-35.00905470190538,0.0,-36.32049762378427,0.0,-34.05460910474607,0.0
737,7.014247895926411,4.166149774745345,1.0,10,-1.6150701582168878,1.0,6.345562633778411,1.0,9.664179283826003,1.0,-0.12290198930165275,1.0,7.268709785695842,1.0,10.516982827948341,1.0,8.82784308081971,1.0,8.471559740043327,1.0,10.636337991568979,1.0,10.149275763102036,1.0
738,-4.050726550661347,14.631490927542057,0.8,10,-1.706527171276079,1.0,-31.504154128940023,0.0,5.608898134478592,1.0,8.32311877262541,1.0,-2.6746355820291683,1.0,-2.5193006198575,1.0,10.395066889632108,1.0,2.731674581118636,1.0,-32.67099468816564,0.0,3.5095883058001975,1.0
739,1.3929911154562447,15.359227189458233,0.8,10,-28.2462453978695,0.0,10.755659309564232,1.0,9.448959581881534,1.0,-0.05783840180617794,1.0,10.875,1.0,8.616714348753401,1.0,10.635673942863958,1.0,10.279073159412603,1.0,-29.132127405044326,0.0,10.755042016806723,1.0
740,0.5221341215608825,16.24039847916068,0.8,10,9.1780891322232,1.0,10.514080478882606,1.0,10.395159050097115,1.0,10.520803733973738,1.0,-36.06935433683393,0.0,10.875,1.0,2.7329238436452155,1.0,-26.583302704363874,0.0,6.712086577263278,1.0,6.945855440721481,1.0
741,-13.900078681521487,20.31187218674229,0.4,10,-31.88217002104865,0.0,10.634343385214008,1.0,-22.901669759515237,0.0,-40.94716709075488,0.0,10.518900529587842,1.0,10.654783333333334,1.0,-29.75340896860989,0.0,9.68283295560592,1.0,-25.154958601999816,0.0,-29.852272577027502,0.0
742,-16.95676655415452,19.048425861513127,0.4,10,9.5470797078931,1.0,-29.27030292285094,0.0,-36.62091646156072,0.0,-24.059537516649396,0.0,10.754025224741715,1.0,-42.518535963271574,0.0,-12.252011071894787,1.0,-28.122372310456072,0.0,-26.2115992097909,0.0,9.186504982294325,1.0
743,-18.357853502586778,24.795038116219455,0.4,10,10.169346051934287,1.0,10.875,1.0,-45.343547333765066,0.0,-27.341404269035166,0.0,-28.976657170666844,0.0,-43.88491969836519,0.0,10.756793360995852,1.0,-29.13823199546343,0.0,10.752865289194995,1.0,-51.447779260697224,0.0
744,5.603073138171685,10.493511887853156,0.9,10,10.410905754037614,1.0,4.998497893235127,1.0,10.275015477189227,1.0,9.412516544681596,1.0,4.919106502099503,1.0,10.05960659824897,1.0,10.037854762380856,1.0,10.407496111111112,1.0,-25.246344067578562,0.0,10.756075806311397,1.0
745,-8.205288605960094,18.805122246326672,0.7,10,-18.705466398756297,1.0,10.754263764404609,1.0,9.222634982964717,1.0,-32.80619422501413,0.0,-17.94849674249707,1.0,9.415777787035495,1.0,10.273051162497637,1.0,-34.00489642788433,0.0,10.15367134442692,1.0,-28.40723130677848,0.0
746,-0.11685504423853477,8.901323544113499,1.0,10,-5.104920074964173,1.0,-6.350020634292498,1.0,8.693229135442984,1.0,8.592897632290812,1.0,-0.27655854156844484,1.0,4.958707448812961,1.0,-0.22416925810750676,1.0,-0.26629009529723824,1.0,-21.236503141753605,1.0,10.045077087051359,1.0
747,-11.136959826869278,20.019285912286634,0.8,10,-28.06347708614781,1.0,1.4015170985395962,1.0,4.552130368240424,1.0,-4.4487692919123045,1.0,-2.092827319930768,1.0,-14.785354244426948,1.0,9.904575653058917,1.0,10.755587586409767,1.0,-38.96393310201246,0.0,-49.6290479305112,0.0
748,7.210202927865787,5.737906672557642,1.0,10,6.322035288699556,1.0,9.702372325627609,1.0,8.688907700945883,1.0,10.636884756097562,1.0,8.983005837138068,1.0,10.513611087236786,1.0,8.943981347231475,1.0,10.755,1.0,7.038870767143422,1.0,-9.482639831462487,1.0
749,-18.998521240641242,19.170022277178372,0.3,10,-29.0392361620907,0.0,9.332785925149985,1.0,-29.592943418940617,0.0,-30.0658441203867,0.0,10.516164821530827,1.0,10.634841608675233,1.0,-34.13252842160922,0.0,-34.78206873735018,0.0,-31.806571547989954,0.0,-31.04981235340109,0.0
750,2.4238716124159723,15.131554073555828,0.8,10,10.756629213483146,1.0,10.392642726420569,1.0,10.395604655850045,1.0,10.875,1.0,9.678925617357947,1.0,-25.418313218663872,0.0,-30.03898085023231,0.0,9.42011049723757,1.0,10.158588453452388,1.0,8.018509029254245,1.0
751,3.2069235735971207,11.2027848381208,0.9,10,5.611073905740539,1.0,1.7267745824511884,1.0,6.4283585057935095,1.0,-28.856613246077053,0.0,6.9331771368211035,1.0,10.396898324817283,1.0,0.3184231098588448,1.0,10.635,1.0,8.476252076318744,1.0,10.399891340247043,1.0
752,0.5006487805396619,12.876394665185055,0.9,10,-18.421823294439193,1.0,10.217045901639345,1.0,-1.0612627297976491,1.0,10.518851200686107,1.0,-28.068465066412546,0.0,-1.2715608039601616,1.0,9.321514794558968,1.0,10.515000440528635,1.0,2.7420914386945103,1.0,10.5150959238986,1.0
753,5.201251363957182,4.738312047576301,1.0,10,2.9853454099632186,1.0,8.739741168629193,1.0,8.492885478500071,1.0,4.489531456478024,1.0,1.6718097653025108,1.0,-2.280857980413355,1.0,10.39820020053476,1.0,10.42225844128265,1.0,9.358982355354945,1.0,-2.2653826560601917,1.0
754,6.020971328659433,4.513540608942734,1.0,10,9.545897818238894,1.0,10.277565243054092,1.0,10.161961790639836,1.0,4.660725777295733,1.0,10.755974775258284,1.0,2.3346467882019075,1.0,1.517158269411178,1.0,2.8178039174682823,1.0,-2.2557395341621778,1.0,10.393718441188314,1.0
755,-16.02630510797735,26.755324379122808,0.5,10,-43.42489868326193,0.0,-40.69262730133556,0.0,-38.54744794020512,0.0,9.418378970863724,1.0,10.045083361980062,1.0,10.52020375130915,1.0,-25.351250530270903,0.0,-59.96041204126942,0.0,10.276467882530799,1.0,7.453451449885694,1.0
756,6.613912086288107,6.988497265709028,1.0,10,10.875,1.0,10.060486478752326,1.0,-13.504408474508063,1.0,9.554518645860885,1.0,7.270423570661086,1.0,5.293728841517576,1.0,5.623862173170411,1.0,10.27110870238464,1.0,10.875,1.0,9.819400925042213,1.0
757,-14.943841763827342,21.101739366376858,0.4,10,-33.66874033562544,0.0,10.518269998037805,1.0,-30.42553341834025,0.0,10.632272286528089,1.0,10.639688268156425,1.0,-34.527768592529526,0.0,-35.342568917299246,0.0,-34.7580268350434,0.0,-23.01985046208145,0.0,10.513840369923603,1.0
758,1.1739969002905628,13.993792708626378,0.8,10,10.395346451395897,1.0,10.160437282229964,1.0,4.216338006972835,1.0,7.7531481910946205,1.0,7.402238537044507,1.0,8.958650515409975,1.0,-26.800738731040376,0.0,9.416870104438642,1.0,-26.397459265294035,0.0,6.635137910653598,1.0
759,-10.713397541169893,19.2302641760104,0.5,10,7.1659014682346385,1.0,-32.7241639206758,0.0,10.756767174918622,1.0,-16.5542410727784,0.0,7.901370664708677,1.0,-30.94233329953697,0.0,10.645166666666666,1.0,-35.744030877642544,0.0,-30.267178715217156,0.0,2.628766499623336,1.0
760,-7.394388903941197,21.37389833705242,0.6,10,10.634303656748191,1.0,-28.650579896907207,0.0,9.429983766233766,1.0,-24.98936046924149,0.0,-38.873674041866835,0.0,-39.819971304325854,0.0,10.515062761506277,1.0,9.074731766907522,1.0,10.518181530426526,1.0,8.21743319110712,1.0
761,5.759601529201876,10.693817521571178,0.9,10,8.600230482916587,1.0,7.315026817868363,1.0,9.303449045732805,1.0,8.872132441407189,1.0,-26.16338149269523,0.0,10.632506354515051,1.0,8.949718924638736,1.0,10.756218487394957,1.0,10.754062193584536,1.0,8.576052036655765,1.0
762,1.631536664323668,16.298770545989676,0.8,10,6.942560863821411,1.0,-24.989231239345123,0.0,10.395295904698115,1.0,10.6344946509841,1.0,10.169689360275006,1.0,8.364535364403421,1.0,-36.03762348565133,0.0,10.275724394447973,1.0,10.639700000000001,1.0,9.920220829603103,1.0
763,-1.200256104252163,13.826141035272844,0.8,10,-26.21055389682709,0.0,5.622567933576059,1.0,-10.470813457107992,1.0,4.240224248766632,1.0,7.034704039461406,1.0,-26.85097331857864,0.0,7.185284087485689,1.0,7.124099733633849,1.0,9.686577585747052,1.0,10.636322001321401,1.0
764,-5.456646725130637,18.52803833673359,0.7,10,9.556635011003731,1.0,4.442019796239543,1.0,-12.84907362102808,0.0,-35.887930202338964,0.0,-43.39999042058209,0.0,6.64180361404705,1.0,10.875,1.0,-2.097494042299669,1.0,-2.364175686927558,1.0,10.516738300579668,1.0
765,1.7342990828604612,11.335308380845126,0.9,10,10.516142201617862,1.0,8.604902161547212,1.0,10.14485535261965,1.0,-26.269384905988098,0.0,7.545148211895199,1.0,9.234740200959536,1.0,-0.567438884863277,1.0,-3.284351216469128,1.0,10.275099602692858,1.0,-8.856721895407203,1.0
766,3.2777314740980215,16.18329766959865,0.9,10,10.517044394080788,1.0,10.279422722795598,1.0,10.509854265723453,1.0,9.68269086537401,1.0,-44.52999264886057,0.0,8.606533466375241,1.0,0.6343140752002778,1.0,8.584630857722889,1.0,7.8576792855238615,1.0,10.635137457044673,1.0
767,-17.46933510201471,22.245350427497513,0.4,10,-37.67442695824381,0.0,-25.83509076558802,0.0,-36.38337751018758,0.0,-34.90506460652293,0.0,10.75580607702729,1.0,10.75299683463085,1.0,5.898874221360504,1.0,-37.78146157617354,0.0,-39.68160087151102,0.0,10.159994135061163,1.0
768,7.010292300407618,3.6909937879920798,1.0,10,0.7192138372708694,1.0,4.433849288796549,1.0,7.752010520163647,1.0,7.840997330673784,1.0,0.1001120254970953,1.0,10.10590949033392,1.0,9.588503340636748,1.0,9.814021066911383,1.0,9.357671370967742,1.0,10.390634732824427,1.0
769,0.47354784899302,13.735713179646494,0.9,10,1.9759035610500906,1.0,9.424475290073055,1.0,10.038354582107443,1.0,9.310904677490836,1.0,-10.829585967898828,1.0,-6.1714992438476735,1.0,10.756039099963115,1.0,9.579686206896552,1.0,-34.864101201771014,0.0,5.515301485866628,1.0
770,-6.176676136123542,19.410198962810046,0.7,10,6.477137183278249,1.0,-36.60583976502871,0.0,-28.342845724279716,0.0,7.894004793073236,1.0,9.180193975183135,1.0,10.511609722461644,1.0,-17.022383830819134,1.0,-34.6510021034918,0.0,10.157555521392588,1.0,10.634808866995074,1.0
771,-3.4186286789043208,13.845980998639162,0.8,10,8.215883496325093,1.0,-28.340617101540413,0.0,-27.85018012124382,0.0,-11.997384171211225,1.0,-2.500466242079195,1.0,10.516223429641324,1.0,-1.1576666035592513,1.0,4.493893367111932,1.0,6.451535516174955,1.0,7.982491641337386,1.0
772,1.5236278866990731,14.008279517919044,0.9,10,5.537034551618447,1.0,9.076870133093415,1.0,10.644264374571456,1.0,-31.974441943781002,0.0,10.185808333333334,1.0,10.511609722461644,1.0,1.732461188682711,1.0,8.826482865454201,1.0,-18.765488169798196,1.0,9.461677811354724,1.0
773,-6.357543530024973,16.720835903792988,0.5,10,-18.9537819047619,0.0,-36.933112141172636,0.0,-27.075953563857954,0.0,9.333641172369022,1.0,8.695,1.0,10.756963750494826,1.0,7.251767007446675,1.0,9.06072508361204,1.0,-12.819433855002675,0.0,-12.891250849377121,0.0
774,-21.37385019564461,23.662934830081383,0.5,10,-44.73530989122182,0.0,-29.010180658651347,0.0,-37.7098689421574,0.0,10.75520556273273,1.0,6.986641687064583,1.0,-47.151965569428654,0.0,-54.47682204142533,0.0,-17.923934696748375,1.0,10.39373605649627,1.0,-10.866003463106738,1.0
775,-5.477564620957604,19.24372813180152,0.6,10,10.160873324219967,1.0,10.397198702182218,1.0,-28.8358075765362,0.0,9.541182653241476,1.0,-27.065908425674277,0.0,-28.09570490593874,0.0,10.091495622072898,1.0,10.522139513379184,1.0,10.514088039958285,1.0,-32.00520315648085,0.0
776,-3.2944721590232184,17.833469166321336,0.7,10,6.7470644072115675,1.0,6.020694926643522,1.0,-29.861769618076874,0.0,10.875,1.0,-32.83808743927829,0.0,-28.357232290753217,0.0,5.104599303135888,1.0,9.536946218487396,1.0,10.635215053763442,1.0,9.192847848634377,1.0
777,-2.5049033730282053,17.694838235846763,0.8,10,10.515133244072043,1.0,-33.106463023628656,0.0,2.7963243073047863,1.0,-9.288466282104098,1.0,-38.85650376382022,0.0,5.659283409098797,1.0,7.6174034118084695,1.0,9.915139057499172,1.0,10.520259043631844,1.0,9.178856865855808,1.0
778,-6.563704909400909,19.220543818157562,0.6,10,-33.698032606810415,0.0,6.351776633910466,1.0,-24.07024480984749,0.0,8.091577620967742,1.0,10.632506354515051,1.0,7.103367661542414,1.0,-35.73253778382639,0.0,10.642584858220422,1.0,-25.35224382327614,0.0,10.394196800595237,1.0
779,-0.3077672320685679,16.53738750668621,0.8,10,8.821970036477332,1.0,10.755934959349593,1.0,-30.84822809356443,0.0,10.647721348314606,1.0,7.6164056031933765,1.0,8.330065149447549,1.0,10.396762176465723,1.0,-32.88908608171079,0.0,10.755819114311077,1.0,-6.66503653296971,1.0
780,0.2640661903716218,14.252306835102642,0.8,10,9.422743161094225,1.0,10.267768321755401,1.0,-30.14729448037299,0.0,9.656434514109272,1.0,-1.7421681619507723,1.0,2.524895534381815,1.0,10.155936068171114,1.0,-24.011774542592956,0.0,6.000752033475951,1.0,10.513369455645162,1.0
781,2.6582345494993684,12.236424743256322,0.9,10,-32.96414281233665,0.0,5.241654122036732,1.0,10.512250489865409,1.0,10.635000000000002,1.0,7.14467101136126,1.0,3.2322326522650773,1.0,2.5598884428921433,1.0,10.875,1.0,5.032418878369893,1.0,4.3133727105398165,1.0
782,2.776504523063793,13.621285208873127,0.9,10,9.049321873880912,1.0,-7.937066882582762,1.0,10.03989606458123,1.0,8.726573985907445,1.0,9.41850616674889,1.0,10.513741788321168,1.0,-34.684533958695035,0.0,9.546366237068717,1.0,2.574746481536507,1.0,10.517493473870857,1.0
783,3.849954502422314,8.854265187633594,1.0,10,-0.09461508961730125,1.0,-19.697817792485885,1.0,10.875,1.0,10.635488796680498,1.0,6.474440336289159,1.0,7.5038329936715655,1.0,-1.8916675895164285,1.0,7.748044531821507,1.0,6.553102882323845,1.0,10.39373595505618,1.0
784,6.822147511234306,5.643277473789009,1.0,10,9.185584739082453,1.0,-8.510026578247956,1.0,10.273422182249295,1.0,2.565331717799829,1.0,10.635995566502462,1.0,10.634564740307242,1.0,10.515264174368877,1.0,6.915791537174276,1.0,6.940456819339184,1.0,9.065090213767405,1.0
785,1.7807322941589212,14.414139405821393,0.9,10,2.5736140345494114,1.0,-13.692324040568773,1.0,8.468507341576506,1.0,10.875,1.0,10.280916141011987,1.0,9.094990778629473,1.0,8.456561620500667,1.0,8.829118883633448,1.0,-36.13133353266555,0.0,9.05227171492205,1.0
786,0.08976249375361753,17.19643651732929,0.8,10,9.80113737292179,1.0,10.396499441340783,1.0,-25.203460476448296,0.0,10.039825288026835,1.0,9.189902047105438,1.0,10.28846704404971,1.0,-39.87591609726922,0.0,10.63433375852426,1.0,10.154318023238176,1.0,-4.527481463953302,1.0
787,3.2975806249146067,10.290581952070374,1.0,10,9.809532149111835,1.0,8.073354401941108,1.0,7.736170373637452,1.0,8.7091214672894,1.0,-2.799488388845056,1.0,6.336246169856043,1.0,-2.1824483061510325,1.0,-24.21715931964575,1.0,10.635477701952071,1.0,10.875,1.0
788,-18.808350662371407,23.873096479785854,0.4,10,-45.71487305344755,0.0,10.054578095747527,1.0,-54.145606974981106,0.0,-47.24710318167239,0.0,-24.148184386617107,0.0,-22.471025507118902,0.0,4.808158644260894,1.0,5.921224985428404,1.0,-25.190313703284268,0.0,10.049638457970417,1.0
789,-10.73285270385202,20.606646310665464,0.5,10,-35.78314138160818,0.0,10.770068965517241,1.0,-30.949277621954575,0.0,-35.70189273199956,0.0,-35.950442435007275,0.0,10.51733275862069,1.0,8.837402455661666,1.0,10.756039099963115,1.0,-12.79479722994596,0.0,2.970181082232636,1.0
790,-24.732324606404255,27.129065792839892,0.4,10,-46.48074062726314,0.0,-49.119834566464355,0.0,10.279394537086844,1.0,10.75911945493594,1.0,-41.2430885113992,0.0,-47.29170898089931,0.0,-47.709610169491555,0.0,10.875,1.0,-48.466213817822265,0.0,1.0744366172745234,1.0
791,-2.2052796375581316,16.252895250662327,0.8,10,-31.865528961688256,0.0,-12.431072587819465,1.0,-30.825091460612214,0.0,-4.287529424705751,1.0,9.30602737302583,1.0,8.697907957406791,1.0,8.879479698198788,1.0,9.32390232897903,1.0,10.635739245988779,1.0,10.513369455645162,1.0
792,-25.522576181326674,16.73489147486002,0.2,10,-25.026407091808696,0.0,6.253490287490288,1.0,-37.007815584662126,0.0,-33.81359109293135,0.0,-29.69999339918968,0.0,-37.987891888907306,0.0,5.335470301979868,1.0,-24.16528872126802,0.0,-33.677629991381785,0.0,-45.436104632587885,0.0
793,2.7889344237502462,12.81350252993514,0.9,10,10.875,1.0,10.523826826305744,1.0,10.394262278308322,1.0,6.0983559004006285,1.0,9.693087861650685,1.0,10.519474920402944,1.0,3.2068305150131806,1.0,-16.729177464998514,1.0,-27.204998027430335,0.0,10.512681427849806,1.0
794,-12.260553148333374,22.38481033228796,0.6,10,-8.501558699101002,1.0,3.983086751670349,1.0,10.514951528402293,1.0,6.437852940170355,1.0,10.754025224741715,1.0,-42.448384537844575,0.0,-47.20402516027187,0.0,-34.007617243245924,0.0,7.994167649898102,1.0,-30.12802993775317,0.0
795,-5.571832833433208,20.7459991326509,0.6,10,9.928355348419899,1.0,-12.83806893521847,0.0,10.514396350608232,1.0,10.633618226835539,1.0,10.875,1.0,-27.729479497806924,0.0,10.633275585965935,1.0,-40.985811406787214,0.0,-36.71511035287004,0.0,9.965496346520966,1.0
796,-2.188436631343653,14.677938594176759,0.7,10,-8.61504084548813,1.0,-19.545474290652454,0.0,10.753370165745856,1.0,3.3407462739615674,1.0,10.633231707317073,1.0,10.268615998611834,1.0,10.275583591559686,1.0,-29.00368626412003,0.0,9.217563848489693,1.0,-19.209276498861627,0.0
797,-2.9476724222010886,18.192491779788725,0.8,10,6.709758950221082,1.0,-3.1626189438738432,1.0,-4.88198987071836,1.0,9.561256164200985,1.0,-42.22289987639057,0.0,9.301854274287619,1.0,10.39558585428206,1.0,6.864345923318428,1.0,10.875,1.0,-32.91701669733829,0.0
798,-2.997650182209475,15.260708018800894,0.6,10,10.515695594919501,1.0,-28.013967326551207,0.0,10.394869593130567,1.0,-13.18374392850204,0.0,-13.754469722144115,0.0,10.63540198764095,1.0,0.16586925056288315,1.0,-27.06532966735286,0.0,10.287266488368573,1.0,10.041905907832993,1.0
799,1.8646136791961994,14.61290942825144,0.8,10,6.875592238871508,1.0,-26.154930712566546,0.0,10.75299683463085,1.0,9.2992658020726,1.0,10.514393080922543,1.0,-28.324796303656598,0.0,7.642667980295567,1.0,8.22297058578452,1.0,9.063019302414268,1.0,10.754957983193277,1.0
800,3.6644066495154037,10.588830265756327,0.9,10,9.541247096463163,1.0,10.634219789446488,1.0,8.858306299300079,1.0,4.940496529332737,1.0,1.043205987572959,1.0,8.486785009861933,1.0,10.755394398682043,1.0,-25.524425130724143,0.0,10.157178481574663,1.0,-2.248341966355879,1.0
801,1.4045049376836254,11.497401823011717,0.9,10,0.19545807413501493,1.0,10.292696520049462,1.0,-9.741100739147036,1.0,4.268283662025077,1.0,-28.43270125331404,0.0,10.636079228439344,1.0,8.861706030451984,1.0,3.054912167479932,1.0,6.458133585844309,1.0,8.451582100872203,1.0
802,-4.07817431417103,17.421557321798364,0.6,10,10.63465365826884,1.0,-27.91633871502296,0.0,-23.298884215407053,0.0,10.276556021605963,1.0,-26.94276597503513,0.0,10.633826530612245,1.0,8.862349509073152,1.0,9.543917482517482,1.0,10.636916292596574,1.0,-23.211973730919414,0.0
803,-4.962221424688783,14.91026816019583,0.7,10,4.233146528558168,1.0,-28.848693190284585,0.0,10.391595615103531,1.0,8.027080957443381,1.0,-1.33342161412493,1.0,8.092129897570162,1.0,-5.42134594654053,1.0,-25.141131839635843,0.0,-26.021590620673752,0.0,6.400015965696561,1.0
804,-1.1531532659342916,17.493819187698172,0.8,10,3.7869775016909317,1.0,-35.65070128600439,0.0,-33.08169139383125,0.0,9.429024286549396,1.0,10.516170066589154,1.0,-8.008363579401731,1.0,10.516788680607991,1.0,10.040801384529642,1.0,10.286494243892275,1.0,10.63296743603507,1.0
805,9.086578735065958,1.9121832717386105,1.0,10,10.395885088508852,1.0,8.036788716878297,1.0,10.393622910035488,1.0,10.875,1.0,10.15691898481658,1.0,9.181500799893346,1.0,10.066843625055531,1.0,8.594243416827233,1.0,3.942185306504446,1.0,9.2227985021398,1.0
806,1.0748214015847206,12.04263985740186,0.9,10,10.757012440003919,1.0,7.217200945339959,1.0,-3.286221184850085,1.0,10.267523804989526,1.0,5.9284554437548955,1.0,-27.27979508795358,0.0,10.668063333333334,1.0,9.687690433873497,1.0,0.5883795817405026,1.0,-13.800095694384764,1.0
807,0.25092882910431324,13.012093447366057,0.9,10,-12.418062028380241,1.0,-19.761339292430364,1.0,-23.937531011304625,0.0,9.583385264003212,1.0,10.392253080861355,1.0,8.48171566561862,1.0,10.512087033747779,1.0,0.09309369289899827,1.0,10.875,1.0,8.688685886028393,1.0
808,0.2085937462987321,11.434741558240775,0.9,10,-12.714733944425213,1.0,-25.195714248338675,0.0,10.516388912763214,1.0,5.645930945466281,1.0,7.154322668256492,1.0,8.203844754884603,1.0,10.031894392330688,1.0,8.623253087464049,1.0,-8.532984401203173,1.0,-1.646264704210946,1.0
809,-13.274754430452939,20.57145360570621,0.5,10,10.754025224741715,1.0,8.451914773066143,1.0,10.39504289824745,1.0,-29.78621508463427,0.0,-34.17889260322989,0.0,-32.033193699097126,0.0,9.192892851191468,1.0,-4.870601832947692,1.0,-37.76752162716777,0.0,-32.904995204699425,0.0
810,5.343739173282396,11.327953552389236,0.9,10,9.22969416970328,1.0,-26.25994385760625,0.0,10.637465258978525,1.0,10.63456581814317,1.0,-3.4985394195645334,1.0,10.274147867891788,1.0,10.516790615316511,1.0,10.875,1.0,10.513906874880973,1.0,10.514304405080498,1.0
811,7.462102016025492,3.6005631883190317,1.0,10,5.105555578645498,1.0,10.040420408837951,1.0,10.512340068196856,1.0,3.6818785322137906,1.0,1.5858986822511323,1.0,10.398282851881374,1.0,10.038389269472109,1.0,10.269669819634569,1.0,2.352943237891691,1.0,10.635641711229946,1.0
812,-21.750366036006593,22.020549623230398,0.4,10,3.5465215319554444,1.0,-27.028280333559454,0.0,-38.95059282178219,0.0,-2.727358693617818,1.0,-49.370334692267114,0.0,10.633901556365013,1.0,-39.739382036475426,0.0,-48.601967968085404,0.0,-28.46135222575043,0.0,3.195185323151426,1.0
813,5.009951415608521,9.756352237110507,0.9,10,9.298335271781891,1.0,-0.03159908909131559,1.0,9.433280176211452,1.0,8.976867966048411,1.0,10.396555100248792,1.0,8.321503851281292,1.0,5.446098726114649,1.0,-22.773939230395605,0.0,10.51741138388565,1.0,10.515,1.0
814,0.6268891693159937,14.439953023390153,0.8,10,9.464052431779526,1.0,-30.779078197824948,0.0,8.695782683982683,1.0,10.158952473003598,1.0,2.378065000536308,1.0,-24.320447889036256,0.0,2.2130226197516274,1.0,8.842451643744944,1.0,9.220623971846823,1.0,10.395466955375635,1.0
815,-6.200525083216559,18.630217903311305,0.6,10,10.51307729371612,1.0,-28.252014573957627,0.0,7.856618571428571,1.0,-30.268777471220606,0.0,10.514492285147833,1.0,-30.194073931021965,0.0,6.445064141722664,1.0,-27.0937802216078,0.0,8.926081610889817,1.0,9.548061462737426,1.0
816,3.2474890219518544,9.286890472174477,1.0,10,9.319724243802593,1.0,-18.993433944860126,1.0,-5.630491141219391,1.0,10.290554626066587,1.0,9.694909667045025,1.0,-0.6394097451808172,1.0,-0.6870411536086554,1.0,10.639565044599488,1.0,10.63350724637681,1.0,7.8470053764970285,1.0
817,-1.7650151392524709,15.430672972274222,0.8,10,-6.011471210629923,1.0,8.0006548983274,1.0,4.9579803665819995,1.0,6.530709228023717,1.0,-32.039288631722265,0.0,-30.950822835371472,0.0,9.172205355728094,1.0,6.816954252324793,1.0,6.560800904723105,1.0,9.312126279489846,1.0
818,-1.9049092602461417,13.5213935872837,0.9,10,8.70222468780246,1.0,-17.614256453763183,1.0,-33.90171961822581,0.0,3.1628112918277536,1.0,10.755,1.0,-1.0248795127742785,1.0,9.797609484973746,1.0,8.369589671606713,1.0,-1.4260945484231744,1.0,-5.869377605485644,1.0
819,8.261597972948469,2.8264185209247894,1.0,10,9.56508036462433,1.0,10.392647880243535,1.0,10.517181445070152,1.0,10.515897409644722,1.0,4.766671182337003,1.0,5.593489625167334,1.0,2.2337467925365067,1.0,8.584300975295056,1.0,10.168558635076739,1.0,10.278405419489317,1.0
820,3.8813957892746713,10.823577141010944,0.9,10,5.932019235864553,1.0,7.9532233206196,1.0,9.425165908641487,1.0,10.03446516964432,1.0,-26.139793199865792,0.0,10.755923506479823,1.0,8.733507761792241,1.0,9.184951574236855,1.0,-4.45988924283264,1.0,7.394383858166263,1.0
821,7.049973752537968,6.630755628437849,1.0,10,4.814405640140218,1.0,10.754605523462848,1.0,9.193508614311384,1.0,6.075830476683267,1.0,9.802391926169788,1.0,10.635557932939712,1.0,10.278331524828193,1.0,10.514482266009853,1.0,-11.960158101716528,1.0,10.390781722550955,1.0
822,2.5624085692119287,11.019005621161826,0.9,10,10.422753333333333,1.0,5.540512107623318,1.0,10.756203333333334,1.0,9.181146997565198,1.0,2.4521328322273774,1.0,10.636101742551997,1.0,-12.320660018530265,1.0,8.876461606035551,1.0,-23.967057632023156,0.0,4.046491390002594,1.0
823,-0.04094126329236758,9.991665581485767,0.9,10,-25.60677213422177,0.0,-9.029068246374633,1.0,9.062926053230527,1.0,0.7241634241245105,1.0,2.6294897480273454,1.0,2.5434929828469572,1.0,6.681032911392405,1.0,2.623463640881231,1.0,10.635000000000002,1.0,-0.67314101283025,1.0
824,-4.42675993062626,21.32108267403409,0.7,10,-24.38768487284033,0.0,10.158208931998548,1.0,7.973859305739451,1.0,7.867794695930498,1.0,-42.6715764575236,0.0,10.393998395799912,1.0,10.513844182470528,1.0,6.9856851728406815,1.0,10.396356824392349,1.0,-41.49808548507064,0.0
825,-0.9093143750631114,15.5256139219847,0.8,10,-33.14331825400647,0.0,-2.7503121163471533,1.0,-27.900939551849927,0.0,9.77591235667536,1.0,8.82396284183425,1.0,9.66,1.0,10.875,1.0,8.25613228382128,1.0,8.866369231781977,1.0,-1.555950542540426,1.0
826,2.0705013819777163,13.478030217425706,0.8,10,-23.962368326350138,0.0,8.836450034538336,1.0,2.424565153561571,1.0,8.494433892488386,1.0,-25.056780239612085,0.0,10.513733970059558,1.0,8.840468460257096,1.0,10.522188455846077,1.0,10.166569321779704,1.0,9.925753097208657,1.0
827,0.7169844190259985,10.193554101150502,0.9,10,4.0549748945894635,1.0,10.392777201688764,1.0,-1.1452459060116276,1.0,1.3135419519597331,1.0,-0.7039824687891336,1.0,-0.3804219280308647,1.0,-26.417928589357416,0.0,10.633802506051545,1.0,10.221215951948597,1.0,-0.7988894237890758,1.0
828,5.049579382486177,5.677193882868828,1.0,10,10.027422071351634,1.0,-5.923496155868872,1.0,3.3885553470919305,1.0,10.63262430451294,1.0,5.357812235787482,1.0,-1.8274565768583688,1.0,8.706005643340857,1.0,10.391597166052543,1.0,-0.31659467033896505,1.0,10.059324459790599,1.0
829,6.710839810126542,5.297283100882033,1.0,10,9.302130952380953,1.0,10.875,1.0,10.04659462014438,1.0,10.151564984636828,1.0,-6.974600633841632,1.0,9.932380424657095,1.0,7.560038028532141,1.0,2.0810245060678882,1.0,4.467960414093289,1.0,9.66630480459448,1.0
830,-26.164976345984115,19.21050762770209,0.2,10,-29.076952607782978,0.0,-25.059908906882605,0.0,-41.70432063541025,0.0,-42.65326870748299,0.0,-39.88269217138606,0.0,10.754239741026373,1.0,-35.766978319783234,0.0,10.757037632135306,1.0,-37.78984778588202,0.0,-31.227071698392685,0.0
831,-17.680161442732775,27.816246996264034,0.5,10,-54.93602093667932,0.0,-50.39034239148291,0.0,10.515655149627111,1.0,10.642368188642585,1.0,-33.687301044292425,0.0,-52.488085703450885,0.0,10.530103092783506,1.0,10.51525216559494,1.0,3.464996535396695,1.0,-30.968239483467016,0.0
832,10.125670451089503,0.5464371747197264,1.0,10,10.293035019455253,1.0,10.635114304646732,1.0,8.998862483884832,1.0,10.755974775258284,1.0,10.512650391601401,1.0,10.753781512605043,1.0,10.045878038256868,1.0,9.774909473130995,1.0,9.923863722278226,1.0,9.56263478977741,1.0
833,-12.190560008841697,20.89772338231725,0.5,10,-16.215107544981855,0.0,8.08861236242047,1.0,0.6293803468592909,1.0,-27.067617780523133,0.0,-17.675859883377,0.0,8.027950409918017,1.0,-44.804625147357626,0.0,3.921626224918338,1.0,10.875,1.0,-47.68495907629349,0.0
834,-20.270350977418566,18.74719528245472,0.3,10,-32.74503511852504,0.0,10.396749104461412,1.0,-31.33124351971051,0.0,10.634418769996445,1.0,-38.51482254022148,0.0,-30.154777429764632,0.0,2.960147480410268,1.0,-30.903890476838594,0.0,-30.018770313471283,0.0,-33.026285730522254,0.0
835,-10.665013658473018,19.750574574327374,0.5,10,10.399212572909917,1.0,10.639101982444027,1.0,2.8208304418985275,1.0,-28.92882629390854,0.0,10.302041335776828,1.0,-28.169653422340065,0.0,-29.731363519216508,0.0,-30.274453438867894,0.0,10.405636134876698,1.0,-34.112662378303185,0.0
836,-2.583692275578397,18.030135722691,0.7,10,10.396234375,1.0,-32.62205295716018,0.0,8.726318772359255,1.0,8.592779897807386,1.0,-25.446553679435453,0.0,-31.865919155830667,0.0,9.926422468040007,1.0,8.464068100358421,1.0,8.57292842811203,1.0,9.418850994965236,1.0
837,6.794713719637281,5.268226007541403,1.0,10,-7.875558278787166,1.0,8.241382736328953,1.0,7.960751199542193,1.0,10.03918643439585,1.0,9.916051475360726,1.0,10.515103319557392,1.0,9.421684370257967,1.0,9.213338922155687,1.0,3.348952766439133,1.0,7.1662442511220705,1.0
838,8.156657489113446,3.9116317204407647,1.0,10,10.757657406414245,1.0,7.940920894692156,1.0,-3.024251696041995,1.0,9.626174551833781,1.0,8.684196934454583,1.0,10.756433104407547,1.0,7.904829367995589,1.0,10.398105732377937,1.0,10.754533699857461,1.0,7.767974895143151,1.0
839,-1.6845214983994388,15.317630114445258,0.8,10,10.392531794630239,1.0,-30.205789207556336,0.0,9.941253894863804,1.0,10.282227047146401,1.0,3.642071885890264,1.0,1.692235244206394,1.0,-4.21985505398283,1.0,2.9904888553414457,1.0,-31.6410515388628,0.0,10.280672094329029,1.0
840,-5.2980245541175925,14.661604021343225,0.7,10,-4.069439465604507,1.0,-28.25204584787774,0.0,-24.842809003496484,0.0,10.031408543989404,1.0,-3.5325266885107265,1.0,-3.358124808887988,1.0,10.515133244072043,1.0,-25.138708961506094,0.0,9.92871265549137,1.0,5.738154791154791,1.0
841,-3.3744654928883464,15.358902762035413,0.8,10,7.4910297924519735,1.0,-31.38517625909004,0.0,10.186380050906777,1.0,-31.843084426406296,0.0,-5.863918857422897,1.0,8.806350070354735,1.0,9.920975338813596,1.0,-5.91825801263642,1.0,-2.8956460143558758,1.0,7.756693388500992,1.0
842,2.058987533473966,13.744896563934082,0.8,10,5.851419607391629,1.0,10.032624838848301,1.0,9.017709245428792,1.0,8.372889974560591,1.0,-26.712051519301248,0.0,10.634535918626828,1.0,7.506951647043259,1.0,-23.813078579682728,0.0,10.634346511367456,1.0,9.064527690456785,1.0
843,-12.578327399139313,20.73377686403317,0.5,10,-31.9511848617553,0.0,-27.671130326214,0.0,10.757087445887446,1.0,10.400741706795078,1.0,4.468259352780914,1.0,-31.881652046783643,0.0,-36.98425458222726,0.0,3.2407844201385974,1.0,10.515776568969716,1.0,-36.67770166898467,0.0
844,-18.640958164400377,18.13815900124969,0.3,10,-30.935852632038024,0.0,-27.961150399912057,0.0,-27.894552707562937,0.0,-33.26460629283825,0.0,8.210793123801091,1.0,-29.98619233404388,0.0,-31.125652355292896,0.0,10.75439397659383,1.0,-32.06900869383294,0.0,7.862246671122307,1.0
845,-2.375333580727639,19.411141115183693,0.7,10,10.393127371551635,1.0,-29.38089104307601,0.0,-32.74805162896072,0.0,10.634074262461851,1.0,10.527302222222223,1.0,10.527105426549113,1.0,10.638048249027236,1.0,-33.8074073517026,0.0,10.18432849685924,1.0,9.279028187791639,1.0
846,-13.69310431246296,22.16941959726698,0.5,10,-36.599783391767964,0.0,4.178531346816584,1.0,-40.507958833619156,0.0,6.995502235315399,1.0,9.546539885934376,1.0,9.930812146892656,1.0,-37.014373829310195,0.0,-35.597680226654916,0.0,-28.379371152823175,0.0,10.516738694586767,1.0
847,3.0389955592429923,11.693509354433385,0.9,10,-27.173128780810803,0.0,10.277568169900368,1.0,-6.91075793259966,1.0,-2.937543933761402,1.0,10.279716046665198,1.0,7.073416744395482,1.0,10.875,1.0,10.875,1.0,7.506761638297249,1.0,10.523923640343492,1.0
848,-17.83060680881167,22.82404759389798,0.4,10,-34.70120517212798,0.0,-35.30785885547566,0.0,-39.72662374718265,0.0,10.754412413590233,1.0,9.543673008449806,1.0,10.032653945666235,1.0,-39.5206314725941,0.0,9.809352151504255,1.0,-34.075413927116884,0.0,-35.11442643282995,0.0
849,2.043599627093708,12.12176486576473,0.9,10,9.53785824251509,1.0,-12.058224042312844,1.0,-27.040695119552712,0.0,-4.313711495840424,1.0,9.686682592936524,1.0,10.753620680723204,1.0,10.75556619385343,1.0,10.644352011269369,1.0,4.144563494174603,1.0,8.325983713170842,1.0
850,-6.448684460991028,20.406169986594563,0.6,10,8.270739216799091,1.0,-41.45549258326335,0.0,10.633211451374255,1.0,8.452177223570956,1.0,-38.85328429578111,0.0,6.019917965545529,1.0,10.637152898756229,1.0,-12.648087676438653,0.0,-26.05778788360208,0.0,10.514609073128847,1.0
851,3.1449343883728167,9.89890776892196,0.9,10,-3.270571045714581,1.0,10.373526666666667,1.0,2.673706845414638,1.0,7.090136612952679,1.0,-23.347737027981555,0.0,0.4662351941289167,1.0,10.033779672425398,1.0,7.107584640128668,1.0,10.038794596051883,1.0,10.283887729655453,1.0
852,-4.501839074593771,18.207603304519267,0.6,10,-25.007961067984002,0.0,10.754605523462848,1.0,-31.174337836744584,0.0,-22.95528769897071,0.0,10.875,1.0,8.559108748515524,1.0,10.516608287056814,1.0,-27.512059343949918,0.0,10.409363254921216,1.0,10.516569387755101,1.0
853,4.120693538716248,10.614223334461794,0.9,10,-25.9347577155295,0.0,10.637623974763407,1.0,-0.23269876022879643,1.0,10.875,1.0,10.753526631521542,1.0,10.875,1.0,3.1254646317669197,1.0,7.039984030791908,1.0,7.301093289689035,1.0,6.766699304387961,1.0
854,-4.031807173478157,15.813459709337332,0.7,10,3.4922189634595373,1.0,-3.5973006855708327,1.0,3.560161426401935,1.0,-28.046038184182503,0.0,-26.145541388688713,0.0,10.754275138121548,1.0,9.297549045705008,1.0,9.66,1.0,8.70673824486058,1.0,-28.000134294888134,0.0
855,-20.94288069600122,26.239386112286397,0.4,10,10.413000237783853,1.0,-57.94210783625072,0.0,-31.812632714200117,0.0,10.753939662036627,1.0,-42.48593600063449,0.0,-53.739163438746594,0.0,7.882500959377227,1.0,7.523791466309573,1.0,-35.69709967192629,0.0,-24.325099623761307,0.0
856,-23.068598381923433,22.51143397224628,0.4,10,-51.422456696132045,0.0,-44.38453465629919,0.0,-27.051608312342555,0.0,8.20135900315294,1.0,10.755873109243698,1.0,0.6773112193192716,1.0,-9.874207280609964,1.0,-31.09439506232254,0.0,-38.00812464972143,0.0,-48.485200493522534,0.0
857,-9.493658358875333,22.064239699230225,0.6,10,10.63186741165811,1.0,-26.24430814250548,0.0,-35.83971700399949,0.0,9.930418274576494,1.0,-38.570859650384854,0.0,-41.60757227110121,0.0,-5.142355475890891,1.0,10.514375835083031,1.0,10.63830900684466,1.0,10.75325842696629,1.0
858,1.8527896281630558,9.864917911243015,0.9,10,3.2610135814889354,1.0,-4.5196417119754635,1.0,5.348966668190755,1.0,0.5030182311599738,1.0,9.949034374693959,1.0,10.395554362316695,1.0,9.576067246038896,1.0,-23.09054147914526,0.0,-3.171145024867741,1.0,10.275570033729807,1.0
859,4.881336260782858,10.728003333432753,0.9,10,9.663115254237288,1.0,10.51713582441626,1.0,7.840781293463143,1.0,-6.165595446973903,1.0,10.396246007562686,1.0,10.037387864480317,1.0,10.518937935120723,1.0,10.395629168834855,1.0,9.457315212561102,1.0,-23.847590505873896,0.0
860,-16.463332477895904,21.383365937055576,0.6,10,-41.232609592653546,0.0,8.588230859748474,1.0,-41.40636112589829,0.0,-5.66086777771646,1.0,-29.10987892653333,0.0,-37.93653750717976,0.0,10.755587586409767,1.0,-35.775244843267814,1.0,-1.6642770934942561,1.0,8.808633641626189,1.0
861,3.291095685810037,12.696032786073104,0.9,10,1.0104333488258899,1.0,-32.957674518940365,0.0,0.21566303859403746,1.0,10.394103563672612,1.0,9.562286330981603,1.0,10.636137444933922,1.0,3.8084934515147513,1.0,10.875,1.0,9.79833403108483,1.0,9.568180167433086,1.0
862,5.199333571496471,10.897211146053206,0.9,10,9.580368195000183,1.0,5.224655744886902,1.0,-26.89981218388583,0.0,7.12726450969391,1.0,10.04264346418454,1.0,10.63434525851507,1.0,10.295625689873678,1.0,10.392858204845815,1.0,10.516248557371075,1.0,5.079138274479369,1.0
863,6.0001756687863175,5.650359350743632,1.0,10,-2.2832993176921264,1.0,10.150835599247019,1.0,7.822233176004872,1.0,10.030141018261736,1.0,9.930977351058592,1.0,8.07765312179591,1.0,10.637966542255398,1.0,-1.2662222938144279,1.0,10.757756756756756,1.0,-3.8562852660105538,1.0
864,6.091497891068081,10.883172342476865,0.9,10,9.445924409536543,1.0,10.516149963950973,1.0,8.488108032465716,1.0,7.785059825126552,1.0,-26.44201330150068,0.0,10.515103319557392,1.0,10.632479054179855,1.0,10.634395062372775,1.0,9.417894230057033,1.0,9.921878314934652,1.0
865,8.130742261850724,3.39897713837264,1.0,10,10.060363763860279,1.0,9.814667001759236,1.0,10.27678253605027,1.0,10.525979775280899,1.0,1.1870731401853565,1.0,10.041792073129136,1.0,9.147693333333333,1.0,1.719857612557668,1.0,8.254652425267908,1.0,10.278560957083176,1.0
866,-16.318529413655884,21.91240034478478,0.4,10,10.157145990101002,1.0,8.466085998062015,1.0,10.5135635828332,1.0,-36.664492232341026,0.0,-44.300273688470675,0.0,-32.989144551263635,0.0,-32.595236279369914,0.0,10.6376393629124,1.0,-31.149019160005096,0.0,-25.261563159017133,0.0
867,6.3255279081745615,5.3234568987343005,1.0,10,-2.6148685853209894,1.0,9.820243319710782,1.0,10.273307617846353,1.0,-4.885318398415743,1.0,9.082338774803876,1.0,9.558742926724447,1.0,8.58014114655422,1.0,10.511770753998478,1.0,4.310398495192977,1.0,8.618523030651211,1.0
868,-12.603236107179253,20.312169901407376,0.5,10,-29.057916290521128,0.0,7.991261470821298,1.0,-32.82512872463999,0.0,-37.638407395898035,0.0,10.651257884700014,1.0,-31.73289756177389,0.0,-31.94947787667699,0.0,0.4251933475855125,1.0,7.228754074610649,1.0,10.875,1.0
869,4.514616092590071,7.273613042914459,1.0,10,8.550029142841357,1.0,9.205008641299651,1.0,5.999322643472103,1.0,-2.777543914680047,1.0,8.852300338475054,1.0,10.275510349025973,1.0,-11.467970436642995,1.0,9.209713386348575,1.0,10.875,1.0,-3.575209224238968,1.0
870,2.1169290105643648,11.08521925590936,0.9,10,9.332847742317954,1.0,10.16354503237622,1.0,5.68647403143393,1.0,10.280716362066485,1.0,-28.037446721583006,0.0,5.399871589085073,1.0,10.393568237659146,1.0,1.8855584334604387,1.0,0.33662471740768574,1.0,-4.272469318580278,1.0
871,-2.93526558146619,14.495377662011258,0.8,10,5.986648826915846,1.0,8.598209955143973,1.0,-2.851359631894951,1.0,-33.721917267370536,0.0,-26.81235122919194,0.0,-4.528018761136151,1.0,8.32761679479598,1.0,3.551809278598583,1.0,10.390910408266128,1.0,1.7057958112111677,1.0
872,4.722038973339835,9.655114027432006,0.9,10,6.171309065323656,1.0,9.66468837597662,1.0,5.433412358724002,1.0,-23.252323487137353,0.0,8.355587619047618,1.0,10.036341394746474,1.0,9.538333333333334,1.0,10.398913753799391,1.0,8.95277763565561,1.0,1.9213496839290052,1.0
873,4.480385041066549,10.680594351142904,0.9,10,10.755,1.0,10.512265024630542,1.0,5.444965924895688,1.0,6.608481151711379,1.0,8.712628702904805,1.0,8.144051429202076,1.0,6.865374840938011,1.0,4.2990020301992145,1.0,10.404422778123058,1.0,-26.942341471939287,0.0
874,-8.581722607783234,19.33289590106633,0.6,10,-30.919113777755907,0.0,-0.42059605709005154,1.0,-36.54458136300419,0.0,9.061628397896452,1.0,10.875,1.0,-27.19367630455058,0.0,1.1870832684824943,1.0,10.755318717328548,1.0,-32.161470887507086,0.0,9.543181928367977,1.0
875,0.5065155298658354,15.021646695310633,0.8,10,4.297442450914013,1.0,-31.021342244765684,0.0,10.282733189655172,1.0,7.975621331210824,1.0,-0.08864321722148816,1.0,9.916903639127602,1.0,10.755,1.0,10.635375194513285,1.0,8.838818760366948,1.0,-26.526753805142317,0.0
876,5.436419727919823,11.263030025465909,0.9,10,8.591207528696122,1.0,3.4517813115805858,1.0,9.65391798354447,1.0,10.28124227093873,1.0,10.169020533263135,1.0,10.037686887254903,1.0,8.842722377343438,1.0,10.752357723577237,1.0,-27.810935801945533,0.0,10.395196464945135,1.0
877,-2.051942496265098,15.864617820183108,0.8,10,10.756251666666667,1.0,8.800771783795176,1.0,1.8525136833023268,1.0,9.184289920724801,1.0,-30.68949249579504,0.0,-29.918353573989975,0.0,10.513623753220159,1.0,2.641603624573947,1.0,10.75667744147321,1.0,-14.417310766622254,1.0
878,-6.1645148231826585,19.838846959979204,0.6,10,-29.981468049067,0.0,10.400130811531412,1.0,9.295326740159986,1.0,10.635604937627225,1.0,-33.87411775153183,0.0,10.515103319557392,1.0,8.439663235876264,1.0,10.635150897226755,1.0,-27.952601179042237,0.0,-29.757941194164545,0.0
879,0.4105522598705857,15.157045283192677,0.8,10,6.3701554138677,1.0,10.762908474576271,1.0,2.17269519304807,1.0,10.640674328886032,1.0,10.030586040155578,1.0,2.110917629509771,1.0,-26.492142415657998,0.0,9.913864497928238,1.0,10.39801034038407,1.0,-31.802146903991872,0.0
880,7.429976646551499,4.364261096199747,1.0,10,7.482947470168657,1.0,9.06084471451778,1.0,10.518304821150855,1.0,10.875,1.0,-3.8466982490590738,1.0,7.3843402709601405,1.0,10.634562099731786,1.0,10.279186372606723,1.0,3.083438910008173,1.0,8.827840055429945,1.0
881,-3.7006141642486314,12.261928355212723,0.9,10,-7.854695310107646,1.0,-15.607999045766489,1.0,-30.188009632644818,0.0,8.226465162099231,1.0,5.9354966364285,1.0,-6.774339328220046,1.0,3.206969739885759,1.0,8.547432912391477,1.0,-10.95991248069429,1.0,8.462449704142013,1.0
882,-0.07956001602216603,13.677499336371476,0.8,10,7.391007004594411,1.0,-26.95470462954996,0.0,7.386912224762364,1.0,7.478379657995878,1.0,4.6130156039567165,1.0,-4.903489396804959,1.0,10.516929839608885,1.0,-25.331037904173368,0.0,8.834495028780742,1.0,10.172892410607629,1.0
883,2.402628796710805,12.682993698320463,1.0,10,-13.376099264935549,1.0,-29.83517800460574,1.0,10.756767174918622,1.0,9.200145801671733,1.0,7.206478332138102,1.0,7.501327266433989,1.0,10.513221322424446,1.0,6.849061097403361,1.0,10.396304196170078,1.0,4.814260045489006,1.0
884,-9.773191648396164,19.78852510817543,0.5,10,10.393997287601715,1.0,-27.41695050869015,0.0,-27.02039791556602,0.0,10.638329837441008,1.0,6.775556788260701,1.0,-32.93866352362408,0.0,10.753939662036627,1.0,10.875,1.0,-27.099226750895927,0.0,-32.69350136052552,0.0
885,-6.696164809678201,19.602314626974135,0.6,10,-22.804236388090168,0.0,9.662121212121212,1.0,3.790706137247966,1.0,7.275057323923376,1.0,10.75819882873875,1.0,10.875,1.0,-24.133577949923925,0.0,10.398191735716612,1.0,-32.092659139575595,0.0,-40.69044985694024,0.0
886,-6.2647596883332195,19.34717626827242,0.6,10,10.754829875518672,1.0,10.761624528565441,1.0,-30.11672725215029,0.0,10.756091440636673,1.0,6.5187233886360305,1.0,-32.87187607714404,0.0,9.42494307345547,1.0,-27.314947708549152,0.0,8.588664262651257,1.0,-29.14892241495226,0.0
887,4.433894348602661,7.6094064617650155,1.0,10,-12.131837657398812,1.0,8.699639139839674,1.0,10.407927797379031,1.0,6.438785947099713,1.0,7.623843696239863,1.0,0.5263441366194144,1.0,10.635193070899925,1.0,10.755606023406171,1.0,8.268967789165446,1.0,-6.885526457223818,1.0
888,0.7555022625092856,14.550170414170179,0.9,10,10.273513014827017,1.0,-4.579616491032375,1.0,10.671693333333334,1.0,-19.38386025165642,1.0,7.382272018213247,1.0,10.875,1.0,4.496505132435156,1.0,-33.09119441549419,0.0,10.395271567596003,1.0,10.515438716871087,1.0
889,2.611048252672757,12.10571401714682,0.9,10,7.239796076692896,1.0,10.427515769400028,1.0,-0.8016229554427525,1.0,-7.258179122182689,1.0,9.809084647856032,1.0,-29.674919920629293,0.0,6.278798992094387,1.0,9.18212312244701,1.0,10.275351175470481,1.0,10.632534741021475,1.0
890,9.686059720018473,1.002476187345929,1.0,10,7.350191839488428,1.0,10.268295129937993,1.0,10.392523126248292,1.0,9.220881601560684,1.0,10.275320853960395,1.0,10.633709115540933,1.0,10.153534779702841,1.0,10.635767993135257,1.0,8.706571350013748,1.0,9.223801410596165,1.0
891,6.208848490255658,5.74016719227271,1.0,10,-1.3366847278225809,1.0,9.922468252844263,1.0,10.038102696222229,1.0,-6.243547086335482,1.0,10.875,1.0,10.755493482309125,1.0,9.458130417254587,1.0,1.4364517972627446,1.0,9.568996829911415,1.0,7.61407324091028,1.0
892,-2.0706950591630937,15.368801372998073,0.9,10,9.0765403510021,1.0,10.875,1.0,7.49218299504555,1.0,-15.767136790344216,1.0,-1.7474638019617004,1.0,10.512472057856673,1.0,4.84225478540007,1.0,-32.6624300084838,0.0,10.754533699857461,1.0,-24.082903880003073,1.0
893,-23.351972499887506,22.322704024749406,0.3,10,10.63372288145751,1.0,9.537811160841825,1.0,-42.76411069208032,0.0,-35.84769883465736,0.0,-36.90819564145545,0.0,-27.94865377150989,0.0,10.164492483674453,1.0,-39.74815103822247,0.0,-35.824431920649225,0.0,-44.81450962627411,0.0
894,0.9344714446706803,15.515560746237485,0.8,10,10.514394414078122,1.0,10.755,1.0,9.07485718366181,1.0,10.396325683182761,1.0,10.875,1.0,-4.443220066582489,1.0,9.667943802521009,1.0,-33.04962647390264,0.0,-24.124190470118183,0.0,9.678230373866416,1.0
895,7.273388913778385,7.340786048866347,1.0,10,10.75299683463085,1.0,-14.354202534535904,1.0,10.875,1.0,9.303378799392098,1.0,6.106067760797996,1.0,10.273898897058825,1.0,10.63634981944508,1.0,10.280774548492094,1.0,10.404146894161556,1.0,8.455478118341256,1.0
896,6.781812220360942,4.143533475938823,1.0,10,0.07684202598380274,1.0,10.399505259507572,1.0,10.153545356951154,1.0,10.756767174918622,1.0,9.067784736877934,1.0,0.529011089408348,1.0,5.740407690167835,1.0,1.86715017888009,1.0,8.95159831932773,1.0,10.27551037158633,1.0
897,-8.169973374063149,18.456151426229145,0.8,10,-27.959074138129804,0.0,10.39632542912759,1.0,10.632784986098239,1.0,-25.140736832157273,1.0,-20.217050473564324,1.0,-34.76132122336606,0.0,10.276875985833755,1.0,10.518399730611822,1.0,7.8695896522195525,1.0,-23.315526857304985,1.0
898,-21.589042087185152,26.023542779919577,0.4,10,-28.932670862851023,0.0,10.75997206313731,1.0,-31.15753746676335,0.0,-27.79078720538721,0.0,10.63415794860132,1.0,5.972123235309105,1.0,-54.36586450247,0.0,-57.34448503656358,0.0,4.539664682047466,1.0,-48.20499372691155,0.0
899,-4.643011829369778,18.513054954743662,0.6,10,-28.902921415096763,0.0,-24.709912769814952,0.0,10.875,1.0,-29.20783311330631,0.0,10.635880770320023,1.0,9.814128279883382,1.0,10.517112429125635,1.0,10.042876981187973,1.0,10.754650081376424,1.0,-26.24909953737319,0.0
900,7.5671981297855,2.5203159273226445,1.0,10,10.756448333333333,1.0,3.6994226545745788,1.0,4.258510899154249,1.0,9.665758309487124,1.0,6.550068097598537,1.0,7.526396298393586,1.0,8.836845340771461,1.0,10.755601717860143,1.0,4.680602521813152,1.0,8.942327124868836,1.0
901,2.9611099929921685,11.885571186342158,0.9,10,1.5443858767521785,1.0,10.272072644079994,1.0,10.279186732186734,1.0,10.395727793696274,1.0,-8.61527321146765,1.0,10.405504189678156,1.0,6.56052278755727,1.0,6.400089666079945,1.0,-28.26792465323761,0.0,10.636808104596394,1.0
902,5.079925194349264,8.529748811419394,1.0,10,-10.58424475524476,1.0,10.52333147113594,1.0,-12.825112634422295,1.0,6.7005936303588705,1.0,10.51638747940692,1.0,10.272915047495683,1.0,8.95049022172804,1.0,10.635000000000002,1.0,10.063979474475804,1.0,6.545912008558439,1.0
903,1.1380954559382446,13.472479108251342,0.8,10,7.416683088235294,1.0,0.4038360436622881,1.0,10.275688034430036,1.0,8.444184444444444,1.0,-24.2927980606189,0.0,10.635267311473667,1.0,-26.23436066977453,0.0,8.833369162342477,1.0,7.782562506017908,1.0,8.11652269916976,1.0
904,-4.928368607889988,15.857633945928209,0.8,10,9.804776360406912,1.0,8.449986810600219,1.0,10.27450024395344,1.0,-17.646057187016993,1.0,-27.179107239087475,0.0,-15.53539331135187,1.0,4.754113257828115,1.0,1.5232814507543786,1.0,-32.9186747355856,0.0,9.18888827059899,1.0
905,2.349862841909411,13.97842337295476,0.9,10,-15.789776572474436,1.0,-33.02154848253485,0.0,5.925645526613817,1.0,10.635158391324767,1.0,9.330864222934242,1.0,10.516271381292457,1.0,8.08494430277815,1.0,8.854949271804943,1.0,9.543228850795224,1.0,9.418891526559795,1.0
906,-6.988901349280913,19.732884653341717,0.6,10,10.753616209192788,1.0,7.845069827768227,1.0,8.949466292134831,1.0,9.295687461395923,1.0,7.233421163797656,1.0,-31.68163428332895,0.0,10.511799283452758,1.0,-31.88191357424249,0.0,-30.86607374725677,0.0,-30.048452125723102,0.0
907,5.079177741450174,10.665285259129762,0.9,10,10.875,1.0,10.396464315618381,1.0,9.219124949671185,1.0,-3.7107772297026997,1.0,5.523943948753146,1.0,10.755828282828283,1.0,10.517584825636192,1.0,10.636574125874127,1.0,-24.17976437939688,0.0,10.757798575220002,1.0
908,-0.025146759889130444,12.585181799212043,0.9,10,2.2103347512206843,1.0,-26.117686947946147,0.0,8.855724858262622,1.0,10.756685082872929,1.0,-14.749073038197212,1.0,8.120705557662328,1.0,10.517376420244947,1.0,-14.242027377234376,1.0,8.238432420271108,1.0,6.158060673951809,1.0
909,6.014906905461556,4.938525275871413,1.0,10,10.635033977033245,1.0,-6.464340675635597,1.0,6.414520122783083,1.0,9.066807329329574,1.0,6.723928540735647,1.0,10.6753012529992,1.0,6.0853428154631635,1.0,0.8584212039587182,1.0,8.172849980502479,1.0,7.981204507446044,1.0
910,-7.770969898737201,20.17364892960152,0.6,10,6.853006754276485,1.0,-33.824182394647515,0.0,7.725884515865449,1.0,9.061413546805484,1.0,10.752317942942943,1.0,10.525265282015948,1.0,6.079416302095326,1.0,-36.97449623854464,0.0,-33.05599486720845,0.0,-24.852329830973044,0.0
911,-1.4870748495739097,16.180401038031963,0.8,10,2.89577782422891,1.0,-33.99862057174118,0.0,8.019848005936838,1.0,10.875,1.0,5.599764993527975,1.0,10.51492163317447,1.0,-3.4819574125567048,1.0,9.312037069804477,1.0,7.0581658744468125,1.0,-31.665685912560694,0.0
912,-11.762535140091652,19.943334449838623,0.6,10,-6.445155705899904,1.0,9.298790005614823,1.0,-36.926793381265625,0.0,-31.305155799127608,0.0,-17.40627447152658,1.0,10.755559179128221,1.0,-30.312077164009104,0.0,-36.44015205695694,0.0,10.28090799312619,1.0,10.875,1.0
913,-10.30767179245083,25.145227813004098,0.7,10,3.6198736253877124,1.0,-40.855382246272534,0.0,-8.56002154529484,1.0,-52.60234463048347,0.0,-49.37679079418387,0.0,6.653085740626921,1.0,10.635000000000002,1.0,10.875,1.0,5.781598707974437,1.0,10.75326321773735,1.0
914,-12.327117252581711,23.751680727386592,0.6,10,10.875,1.0,6.5478255637524185,1.0,-27.012532600389466,0.0,-45.703413676061174,0.0,-50.38813289428418,0.0,-6.8622996283570625,1.0,-36.949412785561016,0.0,9.05517183770883,1.0,9.18588989699161,1.0,7.980731760382923,1.0
915,-30.258365646616873,25.508845155136044,0.3,10,-56.392792268281305,0.0,-0.38923541247485005,1.0,-48.560671712924055,0.0,-57.987800588886806,0.0,-47.190385760693005,0.0,-30.78589309302256,0.0,6.861560276560679,1.0,-52.43080379978084,0.0,-26.123156754749683,0.0,10.415522648083625,1.0
916,4.137655791937396,10.149998382281497,0.9,10,5.363118063629638,1.0,7.846615942028985,1.0,7.876473746190081,1.0,10.76504275592475,1.0,9.922820381644241,1.0,-0.4856841224371564,1.0,9.543324127805354,1.0,8.100115838716864,1.0,-24.95926485397781,0.0,7.403996039849018,1.0
917,-1.3817651226455414,17.732887805537786,0.8,10,10.517329787234042,1.0,10.394670590595947,1.0,8.987801444224356,1.0,10.402535057862492,1.0,-35.620883149824174,0.0,10.394308326406206,1.0,8.12646307562145,1.0,-17.74360452126878,1.0,-29.79301053189372,0.0,10.516738694586767,1.0
918,-1.3303651856680043,13.115728105606923,0.9,10,-17.69505696530296,1.0,-11.9463586956522,1.0,8.594465778316172,1.0,8.365198375084631,1.0,-27.048334582348534,0.0,-7.641077460463691,1.0,10.875,1.0,1.9193461785484924,1.0,10.517689929853763,1.0,10.755475585284282,1.0
919,7.108261312923348,3.1232886219711102,1.0,10,5.271281748785563,1.0,0.11231851297261031,1.0,7.239409263073959,1.0,10.756685082872929,1.0,10.152919789913824,1.0,4.100523638693144,1.0,6.762450972792806,1.0,7.311082752447856,1.0,9.44666234459614,1.0,9.929279023084643,1.0
920,-18.246418190317197,26.347066974988664,0.5,10,8.088791359663173,1.0,-53.285564084424024,0.0,-31.88799604387121,0.0,6.918311881188119,1.0,-55.37300837888254,0.0,9.835919116385965,1.0,0.9845128637705578,1.0,-25.193058019659546,0.0,-49.539050502603864,0.0,6.986959905261378,1.0
921,-13.584563856621111,21.54839113876721,0.5,10,10.15707824570147,1.0,9.256711548510712,1.0,-36.15918267947698,0.0,-32.79827656341895,0.0,10.754025224741715,1.0,-37.099309307502566,0.0,-28.898980703245527,0.0,9.607491737693511,1.0,-38.640753255722196,0.0,-2.0244428134923016,1.0
922,-7.495159546441059,21.36784931725622,0.6,10,-41.020488409982946,0.0,10.275144790587088,1.0,7.827680966697502,1.0,9.80193830632561,1.0,-34.94987186847598,0.0,-30.27304817610782,0.0,10.392104928631097,1.0,-27.09636391394863,0.0,10.155786766541823,1.0,9.935521145321673,1.0
923,6.0491456034702225,2.527042131415296,1.0,10,8.565,1.0,5.448705164992827,1.0,7.779547722749429,1.0,10.402125772823682,1.0,4.177577634256392,1.0,4.157266372332598,1.0,3.8517504522517365,1.0,3.160737682728749,1.0,9.177295473575333,1.0,3.77144975899147,1.0
924,-2.4727351058954814,18.03125143368383,0.8,10,10.39548191116908,1.0,10.635692726077341,1.0,-23.160174871197032,0.0,10.754989429175476,1.0,10.875,1.0,-36.9980499597099,0.0,-1.2660472787245798,1.0,10.399926872746425,1.0,-27.002037939805,1.0,10.63786805131338,1.0
925,-17.357458048126517,21.511631256432057,0.4,10,5.044532521016986,1.0,-34.54801790235722,0.0,-37.68688386627424,0.0,-31.06975476685977,0.0,9.54097265382225,1.0,-31.91911920362904,0.0,-37.86229800098363,0.0,9.799573511339515,1.0,-35.74858542733999,0.0,10.875,1.0
926,-0.0995988177931884,13.868670001175825,0.9,10,9.190620124613648,1.0,-3.5830776901598593,1.0,-16.917007801093895,1.0,10.060785167907248,1.0,7.049045553145336,1.0,9.067206027981616,1.0,10.512940687440874,1.0,1.0641045744323883,1.0,-33.953170161411954,0.0,6.512565339212714,1.0
927,-2.1502824918793215,16.01491571669523,0.8,10,10.527763865546218,1.0,9.92551046290425,1.0,-28.922038113292253,0.0,-34.030087426105595,0.0,-10.750845238612188,1.0,10.3933408619865,1.0,1.2335378214566983,1.0,9.324451349562404,1.0,1.1087954048140034,1.0,9.686746092946741,1.0
928,-12.86351893770546,27.71678595206475,0.6,10,5.367747472503057,1.0,10.516924921135647,1.0,10.273066895368784,1.0,-55.15024549783786,0.0,-51.346587394736076,0.0,7.349123854806912,1.0,10.278113561992486,1.0,-26.79439319894118,0.0,-49.32015658550422,0.0,10.191216594157861,1.0
929,6.514688323671047,10.26272286432666,0.9,10,7.541993177387914,1.0,10.75428946961497,1.0,9.799567234159918,1.0,9.105284861496571,1.0,10.51730087494343,1.0,10.392835633626097,1.0,10.516900634249472,1.0,10.396483092742734,1.0,-24.151662054028048,0.0,10.273890312517407,1.0
930,7.516656702925312,3.8594557781727237,1.0,10,8.326306972291656,1.0,9.106413464478646,1.0,8.328042261031861,1.0,2.2634952923085203,1.0,9.666993277310924,1.0,9.917789235627115,1.0,10.875,1.0,-1.8218702809037541,1.0,8.10831754294638,1.0,10.39607926416176,1.0
931,-0.9450400419026046,13.978897855773832,0.8,10,8.947384571570966,1.0,-28.213595448649937,0.0,-0.1802090381826993,1.0,9.180636247954917,1.0,-0.47473128780242213,1.0,6.933409317454489,1.0,7.626031263224713,1.0,4.221247782303406,1.0,-27.790164660232815,0.0,10.299590833333333,1.0
932,-10.525568642615623,21.40547574421005,0.6,10,6.868915222839707,1.0,-31.906222762802933,0.0,-39.97648761563714,0.0,10.518017521626536,1.0,-41.62251238202036,0.0,-28.95258013010052,0.0,10.162410431594735,1.0,-8.501488275143318,1.0,10.635758472296935,1.0,7.518503091190107,1.0
933,4.949714425948308,7.726274511431532,1.0,10,7.78820864447714,1.0,10.395115521612167,1.0,4.179104797391707,1.0,7.614892212668038,1.0,7.262963273363877,1.0,9.388501542975666,1.0,10.397263224868206,1.0,3.9756580689340355,1.0,-17.302233130809164,1.0,5.797670104001408,1.0
934,2.223379672510402,13.069371106134737,0.9,10,8.819121079504011,1.0,-3.4216358773181152,1.0,9.544861343490798,1.0,-34.75512017606941,0.0,9.824965466206216,1.0,8.627183835295803,1.0,6.4578726260705945,1.0,10.636818071632023,1.0,6.572817580204287,1.0,-0.07308722391218225,1.0
935,-16.790681663314665,22.04430802268218,0.4,10,10.875,1.0,9.662692882543936,1.0,-32.90413600033304,0.0,-34.42070340254205,0.0,-40.90469904761902,0.0,-31.65025156870645,0.0,10.397538811056418,1.0,-33.775168835008834,0.0,-34.48745270209107,0.0,9.300363229553462,1.0
936,8.527341746261747,2.9759567753455185,1.0,10,3.986855022067674,1.0,3.366656029662046,1.0,9.552987837391768,1.0,4.760687813734915,1.0,10.75643252887595,1.0,10.277939965605295,1.0,10.755645619125717,1.0,10.548153333333333,1.0,10.875,1.0,10.393059312820773,1.0
937,0.8675275477588663,13.588188463825732,0.9,10,4.381508693136419,1.0,7.995282987630377,1.0,10.754285102128268,1.0,6.4214301302823875,1.0,-35.977312747133965,0.0,-6.674515827517444,1.0,-4.741395636656694,1.0,10.63350724637681,1.0,5.361713736381114,1.0,10.520771792961389,1.0
938,-13.734956334051526,22.0596652515148,0.6,10,-36.25483580580829,0.0,7.103234417433927,1.0,-10.78743810786914,1.0,-0.271608067271055,1.0,9.936794562687064,1.0,-51.50341776491201,0.0,10.392563027475935,1.0,3.1915783238158415,1.0,-36.88334948557782,0.0,-32.27308444048972,0.0
939,1.6714428835228727,11.30319133464415,0.9,10,7.413699614012802,1.0,-0.14373250429262718,1.0,10.639502294893862,1.0,4.430849845482639,1.0,-16.347906970566356,1.0,-23.25287569532166,0.0,9.340539632283509,1.0,9.537131715771231,1.0,4.579803934917284,1.0,10.517416968048044,1.0
940,-4.251447365520259,18.907223301764848,0.7,10,9.322628869797066,1.0,10.638235762010817,1.0,3.5139595602669793,1.0,10.400041277183515,1.0,-39.57827619769944,0.0,7.563423586040914,1.0,9.420350346020761,1.0,4.541598318309759,1.0,-28.71962886955516,0.0,-29.616806307577814,0.0
941,-33.09837628567753,22.495962120928535,0.2,10,10.511383065715135,1.0,3.0900000000000007,1.0,-61.169619253713925,0.0,-57.159925523349415,0.0,-37.49289241429616,0.0,-49.13867832086745,0.0,-32.94260468054387,0.0,-46.57256434583761,0.0,-31.728992646798876,0.0,-28.37986873708317,0.0
942,8.426888494641133,2.5388016443012202,1.0,10,10.636067519784476,1.0,4.335344945430494,1.0,3.6142244384198277,1.0,8.394925130364063,1.0,6.614069918370877,1.0,10.276285974659729,1.0,8.968187840769186,1.0,10.513869271565206,1.0,10.276788675742573,1.0,10.639121231304898,1.0
943,-9.765718074510179,18.254686881802037,0.7,10,-33.67315106757483,0.0,9.180609814482345,1.0,6.927617408836513,1.0,3.9308682700573776,1.0,-39.566796630094096,0.0,-18.53788780801544,1.0,-3.2663261185082373,1.0,2.5789024860619207,1.0,6.873125351095418,1.0,-32.10414245144277,0.0
944,-15.653108596162625,23.96989624781153,0.5,10,-46.47553916931809,0.0,-30.91811175681715,0.0,9.062339643622359,1.0,-35.84977268367542,0.0,-44.51319650968204,0.0,-38.224037980887076,0.0,2.3077553944213784,1.0,10.396905203885897,1.0,9.20182808988764,1.0,8.480743806936232,1.0
945,6.087447137733223,11.115246013694954,0.9,10,8.959295340050378,1.0,4.943719349636309,1.0,10.757682057057057,1.0,10.754681282671452,1.0,10.515009150560193,1.0,10.278482348300571,1.0,-26.87295181935855,0.0,10.511185025056498,1.0,10.394193115480105,1.0,10.63317552787822,1.0
946,5.202775506204135,10.357363427724135,0.9,10,8.892982275501948,1.0,-24.29630298904638,0.0,8.585158276192844,1.0,10.407021748461869,1.0,5.416560515021457,1.0,0.0030823713876380054,1.0,10.634944134078212,1.0,10.756129379607387,1.0,10.875,1.0,10.75317935083638,1.0
947,-2.0690654567844406,16.253214320707336,0.8,10,10.277809077174872,1.0,9.05859042439296,1.0,-32.87280686408195,0.0,6.204263342801614,1.0,8.587863520785287,1.0,-33.88280038379346,0.0,10.176744022503515,1.0,5.231650655634247,1.0,-4.811306132230914,1.0,1.339337768969422,1.0
948,-8.854295209543103,24.00044030393318,0.6,10,10.514713656387665,1.0,10.276603118937473,1.0,10.756963750494826,1.0,10.042520347508002,1.0,-45.64202484358866,0.0,-40.58436531821196,0.0,-24.254153766991116,0.0,-39.853661192679645,0.0,9.565452152712362,1.0,10.635,1.0
949,0.3978675571606553,13.532663498633333,0.9,10,-9.751026899666225,1.0,7.503081272281641,1.0,2.682978936141847,1.0,8.814675367647059,1.0,10.639031187440734,1.0,-25.919727649973833,0.0,10.75428946961497,1.0,10.406385714285715,1.0,-21.785005651770195,1.0,10.63399382560484,1.0
950,-16.10082456831701,20.31205362070424,0.4,10,-34.76154220045214,0.0,-25.260409675936554,0.0,9.18519060381523,1.0,-26.851399091356942,0.0,8.32988895382817,1.0,-38.61564884936725,0.0,-15.627703045685282,0.0,-46.946361979957466,0.0,2.3104429932933304,1.0,7.229296608648842,1.0
951,7.153748430147196,4.564875292842642,1.0,10,8.10848522941546,1.0,9.580329034125631,1.0,10.394042322752645,1.0,9.178510795664666,1.0,4.774045156333119,1.0,8.967156348373557,1.0,8.02186541605044,1.0,10.395340133779264,1.0,7.858614051094891,1.0,-5.7409041861176995,1.0
952,4.632665730097925,11.0171494049864,0.9,10,7.2972952137722285,1.0,7.184009900990099,1.0,-27.010441399973953,0.0,10.273900723415206,1.0,10.875,1.0,10.75325842696629,1.0,-0.4045399057080328,1.0,7.895723124626633,1.0,10.875,1.0,8.587451216890777,1.0
953,-1.082984162069414,16.716051736943303,0.7,10,-25.30195885806268,0.0,-26.23844958563536,0.0,7.379639459492212,1.0,-28.078022982646626,0.0,10.754214606741574,1.0,10.058607418565241,1.0,10.875,1.0,8.088082804046106,1.0,10.875,1.0,10.758045516805394,1.0
954,2.404813806325945,12.565117017459306,0.9,10,10.75557120622568,1.0,8.730525393525394,1.0,9.110569925742574,1.0,7.555349363701849,1.0,3.162437392055266,1.0,10.27603885381253,1.0,8.996617498248618,1.0,10.066696713295634,1.0,-24.747671727665015,0.0,-19.857996555683087,1.0
955,-6.416844187595368,18.927136881332768,0.6,10,-26.42989129737701,0.0,10.636482153033208,1.0,-27.71022178211836,0.0,8.051292749127569,1.0,-27.23194406991262,0.0,8.345925710164225,1.0,10.755138624028167,1.0,9.176666572820181,1.0,-36.044213584323145,0.0,6.282323048604111,1.0
956,7.640384958859381,3.079384707805225,1.0,10,10.396626999484004,1.0,8.866061649775752,1.0,6.542035149666962,1.0,1.0151592620856675,1.0,4.078333834676934,1.0,10.162772095253315,1.0,10.755591277606934,1.0,10.154935697294082,1.0,5.605434456517762,1.0,8.826899166232414,1.0
957,0.3524429203360399,14.058286413710865,0.9,10,-7.099273536774723,1.0,9.420064087679375,1.0,10.75299577398654,1.0,0.7868092588913171,1.0,10.279734734924672,1.0,8.446367343397535,1.0,-8.137753182652666,1.0,10.756767174918622,1.0,-36.59414799690986,0.0,4.912865545899586,1.0
958,-7.1679693297764855,17.42358257259971,0.5,10,10.519366114154936,1.0,9.144894829097282,1.0,-13.106814123917388,0.0,9.906108737524077,1.0,-27.2201353152913,0.0,8.713867736303932,1.0,-28.90651117097133,0.0,10.635699974798388,1.0,-25.13951616895828,0.0,-26.22665391050517,0.0
959,-3.9251264045140863,18.568852789230576,0.7,10,-33.053597662771274,0.0,9.339071004706364,1.0,-5.488061849680449,1.0,10.516072247706422,1.0,-31.872467383549075,0.0,9.959055152099944,1.0,-29.22890993275272,0.0,10.7529794933655,1.0,9.663333333333332,1.0,10.161261552401088,1.0
960,-18.385309559153434,25.352145093143186,0.4,10,9.305257032443604,1.0,10.157828319060215,1.0,-44.63464130600843,0.0,-13.31176876971609,0.0,-40.536652486518896,0.0,-25.039345286703348,0.0,-49.610037091988126,0.0,-50.16885275155425,0.0,9.5900738512035,1.0,10.39504289824745,1.0
961,1.3723416465822758,14.417811666559244,0.8,10,-33.742395915548535,0.0,3.8947969857917037,1.0,8.104329138136556,1.0,-19.34255961946391,0.0,8.710338396624472,1.0,9.188618609611412,1.0,8.015205089251804,1.0,9.170888436482086,1.0,10.518338521105376,1.0,9.205856823831795,1.0
962,7.347103900425123,2.7152928269079184,1.0,10,10.272966580976863,1.0,3.2274205158968208,1.0,2.829311485607642,1.0,9.309644640175346,1.0,7.738123261990314,1.0,4.528000280023805,1.0,10.756507448789572,1.0,7.595090385626886,1.0,7.9093876757826305,1.0,9.304586729381352,1.0
963,4.483285797443568,10.560970282602295,0.9,10,8.43256178565017,1.0,7.846089002995292,1.0,9.17788536201469,1.0,6.910916049443881,1.0,-2.369202826458503,1.0,8.847094882081205,1.0,-25.318568850116574,0.0,10.394537223340041,1.0,10.641501351351351,1.0,10.270043994134115,1.0
964,6.287947811407962,4.48482040946127,1.0,10,1.8719949450001767,1.0,10.513660612441871,1.0,10.75667365845132,1.0,8.871918074369905,1.0,3.5608148512603135,1.0,1.755343204742772,1.0,-2.4198468179080557,1.0,10.53961111111111,1.0,10.031951595931252,1.0,7.397356878678959,1.0
965,3.2908628428746334,13.237504191694823,0.9,10,10.644855555555555,1.0,9.66504132231405,1.0,-32.044832479466535,0.0,7.575522598090614,1.0,9.320170922926154,1.0,8.846912603096513,1.0,10.408769759450172,1.0,-10.59104339706099,1.0,8.567924325774856,1.0,10.515307218065947,1.0
966,4.8568571260996265,10.13806833069269,0.9,10,-23.16027476909619,0.0,7.493863722278225,1.0,10.513865911237016,1.0,10.277135287696035,1.0,10.754681282671452,1.0,10.297040213879916,1.0,7.977618144569641,1.0,-3.159692556634301,1.0,7.16994160264818,1.0,10.404392421746293,1.0
967,3.2878746500598517,9.828536841047171,1.0,10,9.129062518731644,1.0,10.637623974763407,1.0,10.64633279436392,1.0,9.806995996997749,1.0,2.8132814930015515,1.0,-3.339737262600446,1.0,10.63340426765627,1.0,-11.282673501360533,1.0,10.875,1.0,-17.040543780955048,1.0
968,-0.9577312946184365,14.130229646291074,0.8,10,-29.00708830168636,0.0,3.3979538273366616,1.0,10.400736102626757,1.0,8.835896655231561,1.0,3.953763169869438,1.0,8.388816702877431,1.0,-25.977369015820837,0.0,-6.971778173917878,1.0,7.00436551290728,1.0,10.397390574391585,1.0
969,7.41182871091007,6.1717292044591705,1.0,10,-10.36646563214012,1.0,4.634861690791227,1.0,10.75299577398654,1.0,10.171034566847528,1.0,10.063062349780857,1.0,10.63131759902586,1.0,8.825487295701139,1.0,10.875,1.0,9.475495666499533,1.0,9.055497798608153,1.0
970,-2.1293484242524885,14.359323155812515,0.8,10,7.515317001157084,1.0,5.743627826404085,1.0,2.4207090107980633,1.0,4.515130769829529,1.0,8.129527903686116,1.0,-27.0760097785447,0.0,8.24251,1.0,-29.769129121194734,0.0,-11.408788946587535,1.0,10.393621091927205,1.0
971,3.436031700527115,7.385691361652965,1.0,10,-12.797359842906255,1.0,10.75644501718213,1.0,9.785,1.0,1.1413738198111716,1.0,-5.765886641697879,1.0,8.719389175049217,1.0,5.100491865304581,1.0,5.943395406866595,1.0,10.765995734470808,1.0,0.7114724711907829,1.0
972,4.587809584755641,8.044844833006836,1.0,10,10.043086670751407,1.0,8.321368727330702,1.0,10.276111265646731,1.0,10.024007246140288,1.0,10.170955166945266,1.0,2.1809565273477816,1.0,-12.347606493207458,1.0,10.755,1.0,-8.80363481345065,1.0,5.257851550052352,1.0
973,-3.6609788899759605,16.434515278501106,0.7,10,4.559131357028301,1.0,-27.921854445797813,0.0,10.513394929410895,1.0,10.75557120622568,1.0,9.932848423194304,1.0,-16.567055856465803,1.0,10.756507448789572,1.0,-23.93542214043035,0.0,10.516221038826849,1.0,-25.219130860541238,0.0
974,6.761165304768765,7.4074053734918754,0.9,10,10.39452107710771,1.0,8.96725185832969,1.0,10.754533699857461,1.0,10.396609874125069,1.0,2.8558157546508864,1.0,10.3911872909699,1.0,8.731502394669258,1.0,9.302937115791595,1.0,-14.459845143408053,0.0,10.277139125594141,1.0
975,7.481982063846651,4.284036168654729,1.0,10,10.636032315978456,1.0,8.828544198665595,1.0,-3.597379978341964,1.0,10.875,1.0,9.572475457520301,1.0,3.053386871653853,1.0,10.51407396897465,1.0,7.306412199963905,1.0,9.423611087236786,1.0,8.207664516814912,1.0
976,3.169340355418652,13.50370988679908,0.9,10,10.875,1.0,9.32810094665133,1.0,9.80966949465142,1.0,6.485854123469999,1.0,8.953338874792196,1.0,-34.97480270063262,0.0,9.082566332261688,1.0,8.362011631517351,1.0,9.548922528317718,1.0,-5.777257676842563,1.0
977,4.6612182485429035,11.216107479397873,0.9,10,10.875,1.0,9.361394096176333,1.0,10.51799075154141,1.0,10.635411123097208,1.0,10.51549381472378,1.0,8.50318324061196,1.0,10.753939662036627,1.0,-9.324850067749354,1.0,8.883565860878145,1.0,-24.108945995887083,0.0
978,-14.247132589486736,25.64791086670327,0.5,10,-23.4579771206277,0.0,-44.687546746447275,0.0,10.424888571428571,1.0,10.875,1.0,10.4037964365796,1.0,-45.437484285874056,0.0,10.63365018055492,1.0,-30.1642944922355,0.0,9.427483455318402,1.0,-50.48884189356435,0.0
979,-16.923448312993365,23.395609702112665,0.5,10,10.875,1.0,9.301668874430202,1.0,-38.930955147720944,0.0,10.511904464239203,1.0,-10.98476229292664,1.0,-48.3640926812967,0.0,-42.71757104043472,0.0,-36.062626328296645,0.0,6.737909008577061,1.0,-29.60095798650445,0.0
980,-0.30579419516266226,12.827210843983076,0.8,10,10.409352856972445,1.0,0.47546235772729517,1.0,8.344496566962059,1.0,8.316100189035916,1.0,-23.20606028704021,0.0,0.31015989648868825,1.0,10.525314812828489,1.0,-25.075978758294546,0.0,-3.5540841643718437,1.0,10.397294578065088,1.0
981,8.009663606261265,3.3925639181318603,1.0,10,10.657778333333333,1.0,4.890393524466796,1.0,10.0469887882536,1.0,7.888519343110421,1.0,9.689749777545948,1.0,0.015971596268734345,1.0,5.2319882282819234,1.0,10.875,1.0,10.635859293072604,1.0,10.164387178279302,1.0
982,0.8672425105524851,17.28775752649203,0.8,10,9.337454202393177,1.0,9.416395377341972,1.0,10.875,1.0,10.06572621564482,1.0,10.3933599189213,1.0,-32.69906427221175,0.0,9.183227771010962,1.0,-34.50294518276661,0.0,5.969711645559175,1.0,10.6335594296318,1.0
983,6.857123220517684,5.235992563202274,1.0,10,8.33414527363184,1.0,10.514860177294334,1.0,8.215012252171976,1.0,-7.806366473640681,1.0,6.228863466217481,1.0,9.218386201223588,1.0,4.233057779556978,1.0,9.29751651982379,1.0,10.875,1.0,9.460757008897524,1.0
984,7.379911631385861,3.079430918449689,1.0,10,10.167049410843331,1.0,4.293215577626761,1.0,1.4640716991162233,1.0,3.2421146997421086,1.0,9.012693309901831,1.0,10.51458224487174,1.0,10.635407254215718,1.0,7.728921503075688,1.0,8.024303137669063,1.0,8.71675747679615,1.0
985,6.316690884551058,3.5528329674459895,1.0,10,10.635717247354416,1.0,1.2752945722868727,1.0,0.8685940289770251,1.0,10.875,1.0,7.101575975883916,1.0,4.622918609788427,1.0,10.271650246305418,1.0,8.335426671732524,1.0,5.716045604560457,1.0,3.4646858886215206,1.0
986,-15.729843883220095,25.360590673890865,0.5,10,-44.6289196993946,0.0,-29.958158778426565,0.0,-38.9584314514506,0.0,4.219073142546393,1.0,10.036360266864344,1.0,-41.35645142476255,0.0,-48.32625713171984,0.0,10.397263224868206,1.0,10.875,1.0,10.402083019274254,1.0
987,5.991736511467973,12.047973066330469,0.9,10,10.875,1.0,-30.068194970719926,0.0,10.514169726473865,1.0,10.756251666666667,1.0,8.418083223286786,1.0,10.040501068320392,1.0,10.75567245531753,1.0,8.989319009281575,1.0,10.515952774307934,1.0,9.120610161744915,1.0
988,6.162398115445782,5.0053360354159775,1.0,10,10.635660869565216,1.0,6.321865470449032,1.0,4.649483150321848,1.0,9.419344063624314,1.0,0.1793812148605447,1.0,10.515062761506277,1.0,10.168400863242214,1.0,4.395704556203687,1.0,10.392563027475935,1.0,-5.053484822791237,1.0
989,4.9588316655821805,8.232508592144743,1.0,10,-15.611483953673414,1.0,8.82544105326152,1.0,10.037268936624312,1.0,-5.2640200177060805,1.0,8.62215346165324,1.0,10.875,1.0,9.420526570926498,1.0,10.04029023493687,1.0,8.718774098110327,1.0,3.9243662716885312,1.0
990,3.664295171899146,9.124712831270575,1.0,10,5.101282018244604,1.0,10.514964990160633,1.0,9.4241238323029,1.0,9.545174944580912,1.0,10.636819093238277,1.0,8.59466005054552,1.0,9.063884157630257,1.0,-11.86095683928364,1.0,1.0930130282388735,1.0,-15.470013556666878,1.0
991,-18.555526886170256,24.349276451100348,0.4,10,-41.76637816274354,0.0,-28.25822465744632,0.0,-45.225747217805974,0.0,-43.6512544853035,0.0,10.273672955974844,1.0,10.635526570926498,1.0,10.635794774685767,1.0,-39.647960853683095,0.0,10.754412413590233,1.0,-29.30511019989749,0.0
992,-1.8590438123379756,16.001085494342725,0.9,10,10.875,1.0,-37.85928264362325,0.0,8.090095919744215,1.0,10.755298187231807,1.0,8.604865274365274,1.0,-11.906988836333477,1.0,-9.18207598613801,1.0,-18.650164860888168,1.0,10.755012161968809,1.0,9.927802660293048,1.0
993,-14.792057948778455,26.92197223530527,0.6,10,9.06157118921291,1.0,-50.64708477456151,0.0,6.423045460170785,1.0,-51.250976356050074,0.0,-38.11440465139006,0.0,7.099307526218384,1.0,-0.8878945990180096,1.0,-49.23054735135978,0.0,10.395133310593787,1.0,9.23127075839902,1.0
994,6.7389404867473655,4.46991450342394,1.0,10,10.63562268907563,1.0,7.507121992894145,1.0,9.927937535707484,1.0,-0.6050217877094966,1.0,0.39550452808241765,1.0,0.552373808683372,1.0,10.399041395659838,1.0,10.636892744479495,1.0,7.772984233701056,1.0,10.166947726899721,1.0
995,8.021574811528444,3.7517032297509814,1.0,10,6.472175994395578,1.0,10.152862755369304,1.0,9.548223279793774,1.0,10.525163234555501,1.0,10.635000000000002,1.0,10.756060337963373,1.0,9.811536862262345,1.0,10.513650257507859,1.0,1.088938926845529,1.0,0.7121364665911685,1.0
996,8.003736289270446,2.3381095894532877,1.0,10,7.930211874551114,1.0,6.039682356338436,1.0,7.216521310076279,1.0,10.395863401122531,1.0,3.69866810302615,1.0,7.514120962365917,1.0,5.567393949930458,1.0,10.286522154792584,1.0,10.875,1.0,10.513378780501,1.0
997,2.948589686874759,13.346354997459288,0.8,10,10.639121231304898,1.0,8.24104523098277,1.0,-15.664712940212944,0.0,10.756993277310924,1.0,6.116424838755236,1.0,10.027470840197694,1.0,10.278148813888034,1.0,8.93077533249836,1.0,10.153078436516264,1.0,-29.99244819249365,0.0
998,-0.22885703597880908,16.875284292671964,0.8,10,8.12912660232906,1.0,8.942260463704322,1.0,5.307963862444141,1.0,6.082702425341225,1.0,8.717315910585143,1.0,9.672048126102952,1.0,-35.748614881539964,0.0,-31.87565700025818,0.0,10.395402145712083,1.0,8.088881985791124,1.0
999,-11.435051224358514,21.88410165516407,0.5,10,-30.783604948098034,0.0,10.63627711854249,1.0,10.393379916317992,1.0,-33.77845673023919,0.0,-36.79629759905146,0.0,-31.091314346922076,0.0,10.394191096812317,1.0,-33.87042268567979,0.0,10.395524066664077,1.0,10.150211868068558,1.0
1000,4.0102838069542095,11.376764046191008,0.9,10,7.648649905902934,1.0,9.372593333333334,1.0,3.7724655041698263,1.0,10.394823121808898,1.0,5.957564820696425,1.0,6.94866699902666,1.0,6.003021523795337,1.0,-29.572929604798883,0.0,10.279136959989582,1.0,9.298845505617978,1.0
