scenario_id,robot_id,robots,success,reward,steps,spl,collisions,deadlock,cumulative_risk,path_length,shortest_path_length,detour,disruption_applied
0,0,10,1.0,10.635378619153675,3,1.0,0,0.0,0.15000000000000002,8.98,8.98,1.0,0.0
0,1,10,0.0,-12.89950409996095,14,0.0,10,1.0,0.30000000000000004,17.793,17.927,0.9925252412562057,0.0
0,2,10,0.0,-13.36018694170734,14,0.0,10,1.0,0.30000000000000004,16.668,43.436,0.38373699235657055,0.0
0,3,10,0.0,-25.890909638554298,200,0.0,0,0.0,14.950000000000003,904.7769999999979,54.78,16.516557137641435,0.0
0,4,10,0.0,-33.10930477192297,200,0.0,0,0.0,29.999999999999893,914.4000000000004,41.828,21.86095438462275,0.0
0,5,10,1.0,10.346266313772018,5,1.0,0,0.0,0.35,21.914,21.914,1.0,0.0
0,6,10,1.0,10.610215659689857,3,1.0,0,0.0,0.2,23.602,23.602,1.0,0.0
0,7,10,0.0,-23.188420254797585,200,0.0,0,0.0,10.100000000000009,930.2749999999971,31.004999999999995,30.004031607805103,0.0
0,8,10,1.0,10.371258642765685,5,0.9667436870770754,0,0.0,0.3,24.236,23.43,1.034400341442595,0.0
0,9,10,0.0,-25.540766360378285,200,0.0,0,0.0,15.000000000000004,552.8000000000014,67.801,8.153272075633124,0.0
1,0,10,1.0,9.863540096727029,8,0.6084828990367341,0,0.0,0.75,58.447,35.564,1.643431560004499,0.0
1,1,10,0.0,-13.284572869101979,13,0.0,10,1.0,0.2,17.602999999999998,21.024,0.8372812024353119,0.0
1,2,10,0.0,-23.145592927434116,200,0.0,0,0.0,10.000000000000007,911.3829999999979,62.495000000000005,14.583294663573051,0.0
1,3,10,1.0,10.254161155467225,6,0.8275578493647913,0,0.0,0.35,35.264,29.183,1.2083747387177468,0.0
1,4,10,0.0,-23.136454823692794,200,0.0,0,0.0,10.000000000000007,2456.320999999995,77.762,31.587677786065107,0.0
1,5,10,1.0,10.106375648844415,6,0.960220596596293,0,0.0,0.65,52.766,50.666999999999994,1.0414273590305327,0.0
1,6,10,0.0,-22.912283499728872,200,0.0,0,0.0,10.000000000000007,972.3170000000019,31.351,31.013907052406683,0.0
1,7,10,0.0,-23.437352434365614,200,0.0,0,0.0,10.050000000000008,841.6050000000026,61.515,13.681297244574537,0.0
1,8,10,0.0,-23.04203058714478,200,0.0,0,0.0,10.000000000000007,641.0270000000013,28.051000000000002,22.85219778261029,0.0
1,9,10,0.0,-13.064790140362888,13,0.0,10,1.0,0.25,13.445,29.21,0.4602875727490585,0.0
2,0,10,1.0,9.737211481046803,9,0.8318261227006475,0,0.0,0.8,58.385999999999996,48.567,1.2021743158935079,0.0
2,1,10,0.0,-24.865833965323347,200,0.0,0,0.0,13.350000000000014,1233.290000000001,38.239000000000004,32.252150945369934,0.0
2,2,10,1.0,10.465478550027987,4,0.9000207425845259,0,0.0,0.3,33.747,30.372999999999998,1.1110855035722518,0.0
2,3,10,1.0,10.227713926712312,6,0.749740454493021,0,0.0,0.39999999999999997,52.014,38.99699999999999,1.333794907300562,0.0
2,4,10,1.0,10.51483550627513,4,1.0,0,0.0,0.2,16.414,16.414,1.0,0.0
2,5,10,0.0,-22.956294231181598,200,0.0,0,0.0,10.000000000000007,678.5999999999993,46.63,14.552862963757223,0.0
2,6,10,1.0,10.282392027706097,6,0.8542754379858453,0,0.0,0.3,34.476,29.452,1.170582642944452,0.0
2,7,10,0.0,-25.352995037107828,200,0.0,0,0.0,15.000000000000002,734.9530000000003,43.926,16.731616810089704,0.0
2,8,10,1.0,9.98842087163134,7,0.8526189524190325,0,0.0,0.7000000000000001,37.515,31.986000000000004,1.172856874882761,0.0
2,9,10,0.0,-13.179328898169281,17,0.0,10,1.0,0.55,35.896,41.186,0.8715582965085223,0.0
3,0,10,0.0,-25.58222899749441,200,0.0,0,0.0,15.000000000000002,1125.1999999999966,66.254,16.983125547136723,0.0
3,1,10,0.0,-12.896082763357471,15,0.0,10,1.0,0.39999999999999997,33.288,34.943,0.9526371519331482,0.0
3,2,10,1.0,10.133952831520972,6,0.7952605570530098,0,0.0,0.6000000000000001,35.616,28.323999999999998,1.2574495127806808,0.0
3,3,10,0.0,-13.581903432824483,15,0.0,10,1.0,0.55,22.505,52.66800000000001,0.4272993088782561,0.0
3,4,10,0.0,-28.190334398157507,200,0.0,0,0.0,19.55000000000001,1632.3169999999968,53.843,30.31623423657665,0.0
3,5,10,1.0,10.344083993583823,5,1.0,0,0.0,0.35,41.146,41.146,1.0,0.0
3,6,10,0.0,-23.333424013728802,200,0.0,0,0.0,10.000000000000007,1083.8259999999982,51.279,21.13586458394271,0.0
3,7,10,1.0,10.368208870998082,5,0.79693589974216,0,0.0,0.3,33.354,26.581000000000003,1.2548060644821488,0.0
3,8,10,1.0,9.57007751588625,11,0.9580742659758206,0,0.0,0.7500000000000001,46.31999999999999,44.378,1.0437604218306367,0.0
3,9,10,1.0,10.373118770764119,5,0.9735849056603774,0,0.0,0.3,22.26,21.672,1.0271317829457365,0.0
4,0,10,1.0,9.610392879510526,11,0.700953989024905,0,0.0,0.7,59.225,41.514,1.4266271619212796,0.0
4,1,10,1.0,9.95717408885055,7,0.9429588205388917,0,0.0,0.75,39.34,37.096000000000004,1.060491697218029,0.0
4,2,10,1.0,10.317010193933367,5,1.0,0,0.0,0.39999999999999997,32.176,32.176,1.0,0.0
4,3,10,1.0,10.222151583248213,6,1.0,0,0.0,0.39999999999999997,48.949999999999996,48.949999999999996,1.0,0.0
4,4,10,1.0,10.388994678277697,4,1.0,0,0.0,0.45,20.669999999999998,20.669999999999998,1.0,0.0
4,5,10,1.0,10.728223614676129,2,1.0,0,0.0,0.15000000000000002,6.623,6.623,1.0,0.0
4,6,10,1.0,10.02389864972926,7,0.8570897056807721,0,0.0,0.6000000000000001,51.06700000000001,43.769,1.1667390161986797,0.0
4,7,10,0.0,-25.57705796238791,200,0.0,0,0.0,15.000000000000004,957.9999999999975,62.161,15.411592477598454,0.0
4,8,10,1.0,10.618563836069445,3,0.5159344342209493,0,0.0,0.2,16.411,8.467,1.9382307783158144,0.0
4,9,10,1.0,9.622715781569397,10,0.7866436951349576,0,0.0,0.85,60.945,47.94199999999999,1.2712235618038465,0.0
5,0,10,1.0,9.863825106199315,9,0.8528061372750345,0,0.0,0.55,51.619,44.02100000000001,1.1725994411758023,0.0
5,1,10,0.0,-25.643556321955707,200,0.0,0,0.0,15.000000000000004,710.726999999998,39.434,18.023203327078107,0.0
5,2,10,0.0,-38.92185132743369,200,0.0,9,0.0,23.85,422.4919999999987,28.250000000000004,14.955469026548625,0.0
5,3,10,0.0,-24.704881859149967,200,0.0,0,0.0,13.300000000000013,774.2329999999993,56.585,13.682654413713868,0.0
5,4,10,0.0,-25.717756836308304,200,0.0,1,0.0,13.300000000000011,947.5309999999997,42.128,22.491715723509298,0.0
5,5,10,1.0,9.813638245451058,9,0.7995898462730913,0,0.0,0.65,61.928,49.516999999999996,1.2506411939333966,0.0
5,6,10,1.0,10.250845483759594,6,0.9214673780040136,0,0.0,0.35,40.861999999999995,37.653,1.0852256128329747,0.0
5,7,10,0.0,-28.22047415671572,200,0.0,0,0.0,20.000000000000014,2681.9999999999986,45.891999999999996,58.44155844155841,0.0
5,8,10,1.0,10.256400278940028,6,0.8142484006510958,0,0.0,0.35,26.416999999999998,21.509999999999998,1.2281264528126452,0.0
5,9,10,0.0,-12.912659031299178,14,0.0,10,1.0,0.35,19.296,28.595,0.6748032872879874,0.0
6,0,10,0.0,-25.559544252995533,200,0.0,0,0.0,15.000000000000004,734.0130000000003,51.827000000000005,14.162753005190348,0.0
6,1,10,0.0,-23.06970001851741,200,0.0,0,0.0,10.000000000000007,686.8770000000018,32.402,21.198598851922775,0.0
6,2,10,0.0,-25.45728455778734,200,0.0,0,0.0,15.000000000000004,534.024000000001,72.386,7.377448677921159,0.0
6,3,10,0.0,-25.550293986741295,200,0.0,0,0.0,15.000000000000002,1121.7209999999966,42.689,26.276581789219627,0.0
6,4,10,0.0,-25.414728739519497,200,0.0,0,0.0,15.050000000000002,778.6960000000017,42.57900000000001,18.288264167782277,0.0
6,5,10,1.0,9.599047932289611,10,0.6297779496243925,0,0.0,0.9000000000000002,72.416,45.606,1.5878612463272375,0.0
6,6,10,0.0,-12.9,10,0.0,10,1.0,0.0,0.0,21.396,0.0,0.0
6,7,10,0.0,-12.899999999999999,10,0.0,10,1.0,0.0,0.0,37.543000000000006,0.0,0.0
6,8,10,1.0,10.414193943637319,4,1.0,0,0.0,0.39999999999999997,17.139000000000003,17.139000000000003,1.0,0.0
6,9,10,1.0,10.348896213741977,5,0.9003314818132951,0,0.0,0.35,22.323999999999998,20.099,1.1107020249763668,0.0
7,0,10,0.0,-25.535826972679807,200,0.0,0,0.0,15.000000000000002,1030.5500000000025,37.994,27.124019582039335,0.0
7,1,10,1.0,10.466401333400677,4,0.910382563913923,0,0.0,0.30000000000000004,21.748,19.799,1.0984393151169252,0.0
7,2,10,1.0,9.908206276420435,8,0.8585224826228701,0,0.0,0.65,32.514,27.914,1.1647918607150534,0.0
7,3,10,0.0,-23.07195698459097,200,0.0,0,0.0,10.000000000000007,1459.9999999999948,55.422000000000004,26.343329363790456,0.0
7,4,10,0.0,-25.436837697684155,200,0.0,0,0.0,15.000000000000004,550.5750000000013,62.094,8.866798724514467,0.0
7,5,10,1.0,9.474058295964126,11,0.7903519566822546,0,0.0,0.9500000000000001,60.94499999999999,48.168,1.2652590931738912,0.0
7,6,10,0.0,-22.90148779430878,200,0.0,0,0.0,10.000000000000007,988.4600000000036,34.615,28.555828398093414,0.0
7,7,10,1.0,10.472484146880992,4,0.7151444842860156,0,0.0,0.3,18.964,13.562,1.3983188320306739,0.0
7,8,10,1.0,9.705844257499328,9,0.9657315639173525,0,0.0,0.8500000000000002,65.483,63.239,1.0354844320751435,0.0
7,9,10,0.0,-23.22338619523049,200,0.0,0,0.0,10.050000000000008,718.3919999999974,54.387,13.208891830768335,0.0
8,0,10,1.0,9.960276028268135,8,1.0,0,0.0,0.55,33.819,33.819,1.0,0.0
8,1,10,0.0,-23.131954197163783,200,0.0,0,0.0,10.000000000000007,341.72199999999975,34.976,9.770185269899352,0.0
8,2,10,1.0,9.710695739572282,10,0.67029717793248,0,0.0,0.7000000000000002,53.43599999999999,35.818,1.491875593277123,0.0
8,3,10,0.0,-25.534290981940593,200,0.0,0,0.0,14.950000000000003,351.60900000000066,51.663,6.805818477440348,0.0
8,4,10,0.0,-23.071695951107667,200,0.0,0,0.0,10.000000000000007,1017.1980000000013,26.18,38.85401069518722,0.0
8,5,10,0.0,-25.680734500605755,200,0.0,0,0.0,15.000000000000004,1313.0000000000066,36.324,36.14690012113222,0.0
8,6,10,1.0,10.464910442586957,4,1.0,0,0.0,0.3,25.961,25.961,1.0,0.0
8,7,10,1.0,9.705844257499328,9,0.9657315639173525,0,0.0,0.8500000000000002,65.483,63.239,1.0354844320751435,0.0
8,8,10,0.0,-28.320014875799977,200,0.0,0,0.0,19.900000000000013,1791.1739999999972,77.97900000000001,22.969953449005462,0.0
8,9,10,1.0,10.043329630938556,7,0.9157824167186813,0,0.0,0.55,43.257,39.614,1.0919624375220882,0.0
9,0,10,1.0,10.080989547517534,7,1.0,0,0.0,0.5,29.084000000000003,29.084000000000003,1.0,0.0
9,1,10,1.0,10.365719714804602,5,1.0,0,0.0,0.3,29.733999999999995,29.733999999999995,1.0,0.0
9,2,10,0.0,-23.034318398474696,200,0.0,0,0.0,10.000000000000007,1663.258999999998,19.931,83.45085545130691,0.0
9,3,10,1.0,9.507984722097648,12,0.568865228927138,0,0.0,0.75,58.79599999999999,33.447,1.757885610069662,0.0
9,4,10,0.0,-25.65752299031445,200,0.0,0,0.0,15.000000000000002,1082.089999999997,28.599,37.836637644672784,0.0
9,5,10,0.0,-23.45392742920276,200,0.0,0,0.0,10.000000000000007,1454.890999999997,51.591,28.2004807039987,0.0
9,6,10,0.0,-13.533040529004634,17,0.0,10,1.0,0.45,56.846000000000004,76.143,0.7465689557805708,0.0
9,7,10,0.0,-13.40073558985293,17,0.0,10,1.0,0.39999999999999997,31.493000000000002,41.272999999999996,0.7630412133840526,0.0
9,8,10,1.0,9.860901563819713,8,0.9967854682756334,0,0.0,0.75,39.197,39.071000000000005,1.0032248982621381,0.0
9,9,10,0.0,-26.592804968944094,200,0.0,0,0.0,16.700000000000053,1164.1140000000003,60.37500000000001,19.281391304347828,0.0
10,0,10,1.0,9.399719035354718,12,0.8076916464662093,0,0.0,0.9000000000000001,58.16700000000001,46.981,1.2380962516762097,0.0
10,1,10,0.0,-30.338752167490878,200,0.0,0,0.0,24.85,1470.6259999999927,31.141999999999996,47.22323550189432,0.0
10,2,10,1.0,9.945495731430693,7,0.9190039417828987,0,0.0,0.7500000000000001,52.768,48.494,1.0881346145914959,0.0
10,3,10,1.0,10.491101198583493,4,1.0,0,0.0,0.25,14.684000000000001,14.684000000000001,1.0,0.0
10,4,10,0.0,-26.12212113480962,200,0.0,0,0.0,15.250000000000004,681.2259999999989,48.99499999999999,13.903990203081927,0.0
10,5,10,0.0,-23.649555324675376,200,0.0,0,0.0,10.10000000000001,886.8209999999958,57.75,15.35620779220772,0.0
10,6,10,1.0,10.737251547142337,2,0.6309865625358906,0,0.0,0.15000000000000002,8.707,5.494,1.584819803421915,0.0
10,7,10,1.0,10.612365581729906,3,0.875541210737621,0,0.0,0.2,12.703,11.122,1.1421506923215248,0.0
10,8,10,1.0,10.215460076045627,6,0.8866563279617019,0,0.0,0.39999999999999997,29.662,26.3,1.1278326996197718,0.0
10,9,10,0.0,-23.042729131779,200,0.0,0,0.0,10.000000000000007,738.3480000000001,62.104000000000006,11.888896045343294,0.0
11,0,10,1.0,10.001984384064977,8,0.6112202833882477,0,0.0,0.49999999999999994,67.681,41.367999999999995,1.6360713595049314,0.0
11,1,10,0.0,-23.51359439701441,200,0.0,0,0.0,10.000000000000007,1254.2319999999975,39.122,32.05950616021669,0.0
11,2,10,1.0,10.201549208746696,6,0.8751201634222542,0,0.0,0.45,66.57600000000001,58.262,1.1427002162644606,0.0
11,3,10,1.0,9.287470600162207,13,0.8323348240654797,0,0.0,0.9500000000000003,59.254999999999995,49.31999999999999,1.2014395782643958,0.0
11,4,10,1.0,10.608011474951022,3,1.0,0,0.0,0.2,14.292000000000002,14.292000000000002,1.0,0.0
11,5,10,1.0,9.570728428328746,10,0.7027030735455544,0,0.0,0.9500000000000001,72.88,51.213,1.4230761720656864,0.0
11,6,10,0.0,-25.541525620217964,200,0.0,0,0.0,15.000000000000002,1039.5999999999976,43.13,24.103872014838803,0.0
11,7,10,1.0,8.93656363069245,15,0.7410831927139918,0,0.0,1.2499999999999998,86.522,64.12,1.3493761696818465,0.0
11,8,10,1.0,9.989596630275036,7,0.8633315207540331,0,0.0,0.7000000000000001,44.136,38.104000000000006,1.1583035901742598,0.0
11,9,10,1.0,10.520893814603946,4,0.9122585850436187,0,0.0,0.2,19.831,18.091,1.0961804212039135,0.0
12,0,10,0.0,-22.91773945551571,200,0.0,0,0.0,10.000000000000007,1091.4000000000003,66.33800000000001,16.45210889686153,0.0
12,1,10,1.0,10.252624028074038,6,0.999346742307031,0,0.0,0.35000000000000003,29.085,29.066,1.0006536847175393,0.0
12,2,10,0.0,-26.390504647317133,200,0.0,0,0.0,15.050000000000002,716.3399999999972,35.074,20.423675657181878,0.0
12,3,10,0.0,-23.133356589479124,200,0.0,0,0.0,10.100000000000009,716.8329999999975,46.726,15.341201900440813,0.0
12,4,10,0.0,-22.786236054393104,200,0.0,0,0.0,10.050000000000008,899.5629999999992,23.753,37.87155306698098,0.0
12,5,10,1.0,10.490067845959459,4,1.0,0,0.0,0.25,18.203,18.203,1.0,0.0
12,6,10,0.0,-25.44669117647056,200,0.0,0,0.0,15.000000000000002,876.9999999999985,47.872,18.319685828876974,0.0
12,7,10,0.0,-23.401838907591497,200,0.0,0,0.0,10.050000000000008,1100.733999999999,50.20099999999999,21.926535327981497,0.0
12,8,10,0.0,-23.121946670276117,200,0.0,0,0.0,10.000000000000007,668.1150000000033,36.94,18.086491608013084,0.0
12,9,10,1.0,10.60777984792789,3,1.0,0,0.0,0.2,19.858999999999998,19.858999999999998,1.0,0.0
13,0,10,1.0,10.754567235323634,2,1.0,0,0.0,0.1,7.972,7.972,1.0,0.0
13,1,10,1.0,9.711374649670011,9,0.69157183943979,0,0.0,0.85,47.982,33.183,1.445981376005786,0.0
13,2,10,0.0,-25.527549181973292,200,0.0,0,0.0,15.000000000000002,1339.4510000000014,39.852,33.61063434708425,0.0
13,3,10,1.0,10.218396454931463,6,0.6576767373866107,0,0.0,0.39999999999999997,53.356,35.091,1.5205038328916247,0.0
13,4,10,1.0,10.467877503017549,4,0.9902540684667015,0,0.0,0.3,32.629,32.311,1.0098418495249295,0.0
13,5,10,0.0,-23.200056785657075,200,0.0,0,0.0,10.000000000000007,835.0570000000002,43.673,19.120669521214484,0.0
13,6,10,0.0,-24.595413364077462,200,0.0,0,0.0,13.300000000000013,870.1130000000003,20.817,41.798193783926614,0.0
13,7,10,0.0,-23.432186527517548,200,0.0,0,0.0,10.050000000000008,846.0319999999979,58.163000000000004,14.545879682959919,0.0
13,8,10,0.0,-23.135342757030315,200,0.0,0,0.0,10.050000000000008,589.3660000000012,66.782,8.825222365308036,0.0
13,9,10,0.0,-22.938830336846443,200,0.0,0,0.0,10.000000000000007,824.6259999999977,24.195,34.08249638355022,0.0
14,0,10,0.0,-13.061594809407948,13,0.0,10,1.0,0.2,26.122,30.825000000000003,0.8474290348742902,0.0
14,1,10,1.0,9.987404077659956,8,0.7608598210979673,0,0.0,0.5,51.313,39.042,1.3143025459761284,0.0
14,2,10,0.0,-25.97832163863387,200,0.0,0,0.0,15.050000000000002,722.0909999999972,77.52800000000002,9.313938190073225,0.0
14,3,10,0.0,-13.34560453781195,13,0.0,10,1.0,0.35,13.758,52.933,0.2599134755256645,0.0
14,4,10,0.0,-25.508178633975476,200,0.0,0,0.0,15.000000000000004,676.8000000000012,57.099999999999994,11.85288966725046,0.0
14,5,10,1.0,10.268129348885676,5,0.9655631288542681,0,0.0,0.5,30.810000000000002,29.749000000000002,1.0356650643719116,0.0
14,6,10,0.0,-13.26497911057469,13,0.0,10,1.0,0.2,14.414,21.542,0.6691115031102033,0.0
14,7,10,1.0,9.868800136281399,9,0.716710732389148,0,0.0,0.55,59.381,42.559,1.39526304659414,0.0
14,8,10,0.0,-12.675797542616783,13,0.0,10,1.0,0.30000000000000004,15.263,18.068,0.8447531547487269,0.0
14,9,10,0.0,-24.630764214557267,200,0.0,0,0.0,12.500000000000014,696.8749999999974,36.037,19.33776396481387,0.0
15,0,10,0.0,-25.88319927089254,200,0.0,0,0.0,15.050000000000002,1177.223999999996,72.143,16.317924122922474,0.0
15,1,10,0.0,-23.065814131038316,200,0.0,0,0.0,10.000000000000007,758.6000000000012,57.632000000000005,13.162826207662429,0.0
15,2,10,0.0,-12.870657757516168,11,0.0,10,1.0,0.05,5.495,33.561,0.16373171240427878,0.0
15,3,10,1.0,9.466214468506646,12,0.5816514348821205,0,0.0,0.8000000000000003,62.479,36.341,1.7192427285985525,0.0
15,4,10,0.0,-12.919274985170587,11,0.0,10,1.0,0.1,7.3,52.260999999999996,0.1396835116052123,0.0
15,5,10,1.0,10.495039478584731,4,0.798726796763446,0,0.0,0.25,16.808,13.425,1.2519925512104282,0.0
15,6,10,1.0,10.753984794275492,2,0.20780669144981415,0,0.0,0.15000000000000002,10.76,2.236,4.812164579606439,0.0
15,7,10,1.0,10.22400087546509,6,0.8955813172043011,0,0.0,0.39999999999999997,35.712,31.983000000000004,1.1165931901322577,0.0
15,8,10,1.0,10.49721238938053,4,0.525666437441851,0,0.0,0.25,24.721,12.995000000000001,1.9023470565602154,0.0
15,9,10,0.0,-23.32898281355607,200,0.0,0,0.0,10.050000000000008,1050.8419999999942,41.428,25.365501593125284,0.0
16,0,10,1.0,10.875,1,1.0,0,0.0,0.05,5.108,5.108,1.0,0.0
16,1,10,0.0,-22.858476570493128,200,0.0,0,0.0,10.000000000000007,1106.6000000000004,39.096000000000004,28.30468590137099,0.0
16,2,10,1.0,10.325309848764293,5,0.998658071306407,0,0.0,0.39999999999999997,38.005,37.954,1.0013437318859673,0.0
16,3,10,1.0,10.112659560278328,7,0.6718693989723984,0,0.0,0.45,66.95199999999998,44.983000000000004,1.4883845008114172,0.0
16,4,10,0.0,-25.733148027976043,200,0.0,0,0.0,15.050000000000002,596.2100000000005,27.738,21.494339894729272,0.0
16,5,10,0.0,-12.899999999999999,10,0.0,10,1.0,0.0,0.0,33.756,0.0,0.0
16,6,10,0.0,-22.965966683274424,200,0.0,0,0.0,10.000000000000007,908.1220000000035,46.163,19.672075038450785,0.0
16,7,10,0.0,-23.608473435655235,200,0.0,0,0.0,10.100000000000009,1030.136000000001,59.28999999999999,17.37453196154497,0.0
16,8,10,0.0,-12.899999999999999,10,0.0,10,1.0,0.0,0.0,26.703,0.0,0.0
16,9,10,0.0,-30.65816529505107,200,0.0,0,0.0,24.75,1119.7649999999983,54.193999999999996,20.662158172491388,0.0
17,0,10,0.0,-25.486164982582693,200,0.0,0,0.0,15.000000000000002,595.8000000000004,40.477000000000004,14.719470316476032,0.0
17,1,10,0.0,-25.914048172406567,200,0.0,0,0.0,14.950000000000003,892.9199999999972,56.796,15.721529685189049,0.0
17,2,10,1.0,10.441262369956863,4,0.650786442637163,0,0.0,0.35000000000000003,24.223,15.764,1.5366023851814261,0.0
17,3,10,1.0,9.177361444493709,13,0.8592391161556449,0,0.0,1.2000000000000002,76.12200000000001,65.40700000000001,1.163820386197196,0.0
17,4,10,0.0,-24.552178521751635,200,0.0,0,0.0,13.250000000000014,1116.085000000001,41.69800000000001,26.765912034150336,0.0
17,5,10,0.0,-30.456131305352415,200,0.0,0,0.0,24.75,998.3570000000054,38.955,25.628468745989103,0.0
17,6,10,0.0,-25.24991946112161,200,0.0,0,0.0,15.000000000000002,529.2079999999979,27.316000000000003,19.37355396104839,0.0
17,7,10,0.0,-25.802103758532056,200,0.0,0,0.0,14.950000000000003,862.4939999999956,45.123999999999995,19.113864019147144,0.0
17,8,10,0.0,-22.960227043999787,200,0.0,0,0.0,10.000000000000007,627.9999999999978,49.682,12.640392898836557,0.0
17,9,10,0.0,-25.64645598011131,200,0.0,0,0.0,14.950000000000003,553.2170000000012,37.006,14.949386585959067,0.0
18,0,10,1.0,10.226301970889338,6,0.9950107407664056,0,0.0,0.39999999999999997,28.862000000000002,28.718,1.0050142767602201,0.0
18,1,10,1.0,10.73159081782894,2,1.0,0,0.0,0.15000000000000002,7.471,7.471,1.0,0.0
18,2,10,1.0,10.390063617203966,4,0.7232949412827462,0,0.0,0.45,17.712,12.811,1.3825618609007884,0.0
18,3,10,0.0,-23.257274124311014,200,0.0,0,0.0,10.250000000000012,858.2200000000024,39.36899999999999,21.799385303157372,0.0
18,4,10,1.0,10.005390506807865,7,0.8321007081038553,0,0.0,0.65,25.419999999999998,21.152,1.2017776096822994,0.0
18,5,10,1.0,10.371302709069493,4,0.760126060953336,0,0.0,0.5,27.923000000000002,21.225,1.3155712603062426,0.0
18,6,10,1.0,10.463416838433487,4,0.9510310249934031,0,0.0,0.3,26.526999999999997,25.228,1.0514904074837481,0.0
18,7,10,0.0,-28.11771934921557,200,0.0,0,0.0,19.900000000000013,1240.1339999999955,24.093999999999998,51.47065659500272,0.0
18,8,10,0.0,-25.509328550974868,200,0.0,0,0.0,15.000000000000004,2979.5130000000045,67.74900000000001,43.978700792631685,0.0
18,9,10,0.0,-23.096785905976716,200,0.0,0,0.0,10.000000000000007,547.2119999999996,63.346000000000004,8.638461781327939,0.0
19,0,10,0.0,-23.417900428024332,200,0.0,0,0.0,10.15000000000001,1431.2269999999942,44.39,32.2421040774948,0.0
19,1,10,0.0,-23.030632144833568,200,0.0,0,0.0,10.000000000000007,927.0529999999975,63.245,14.658123171792198,0.0
19,2,10,0.0,-31.576683761972934,200,0.0,0,0.0,27.5,891.0999999999976,39.77700000000001,22.40239334288653,0.0
19,3,10,1.0,10.25307370994855,6,0.9439796114637431,0,0.0,0.35,41.592,39.262,1.059344913656971,0.0
19,4,10,0.0,-25.819276981593376,200,0.0,0,0.0,15.000000000000004,654.8829999999988,58.891999999999996,11.120067241730606,0.0
19,5,10,0.0,-23.017819495118825,200,0.0,0,0.0,10.000000000000007,763.3399999999987,40.564,18.818163889162772,0.0
19,6,10,1.0,10.10878655326043,6,0.7934314544636545,0,0.0,0.6499999999999999,31.118000000000002,24.69,1.2603483191575537,0.0
19,7,10,0.0,-25.812597353875443,200,0.0,0,0.0,15.000000000000002,661.5009999999982,39.983,16.54455643648546,0.0
19,8,10,1.0,10.644399093939654,3,0.6922075616827407,0,0.0,0.15000000000000002,16.901,11.699,1.4446533891785622,0.0
19,9,10,0.0,-23.196691638671933,200,0.0,0,0.0,10.050000000000008,980.8949999999946,48.52100000000001,20.215885905071918,0.0
20,0,10,1.0,9.335057722269047,12,0.6710600736995458,0,0.0,1.05,58.345,39.153,1.4901795520138943,0.0
20,1,10,1.0,10.608944786902631,3,0.9772005958935164,0,0.0,0.2,15.439,15.087,1.0233313448664414,0.0
20,2,10,1.0,10.209958400556769,6,0.8155151952943606,0,0.0,0.45,38.762,31.611000000000004,1.226218721331182,0.0
20,3,10,1.0,10.268875083030517,5,0.8103153495440729,0,0.0,0.5,31.584,25.593,1.2340874457859572,0.0
20,4,10,0.0,-25.661318099023102,200,0.0,0,0.0,15.000000000000002,638.3079999999969,42.273,15.099661722612469,0.0
20,5,10,0.0,-13.111892842366574,13,0.0,10,1.0,0.25,10.114,48.339999999999996,0.20922631361191563,0.0
20,6,10,1.0,10.123834494773519,7,0.940851402613216,0,0.0,0.39999999999999997,42.70599999999999,40.17999999999999,1.0628670980587356,0.0
20,7,10,1.0,10.730142938550669,2,1.0,0,0.0,0.15000000000000002,10.529,10.529,1.0,0.0
20,8,10,0.0,-12.848644416269744,13,0.0,10,1.0,0.2,20.755,29.183000000000003,0.7112017270328614,0.0
20,9,10,0.0,-22.912127157690517,200,0.0,0,0.0,10.000000000000007,1088.4000000000012,45.361,23.994180022486304,0.0
21,0,10,1.0,10.729009978477793,2,1.0,0,0.0,0.15000000000000002,10.222000000000001,10.222000000000001,1.0,0.0
21,1,10,0.0,-14.714813270522203,25,0.0,10,1.0,1.0,80.99799999999999,49.885000000000005,1.6236944973438905,0.0
21,2,10,0.0,-26.27077252926764,200,0.0,0,0.0,14.950000000000003,1161.658000000003,29.384,39.53369180506409,0.0
21,3,10,0.0,-22.869710586628962,200,0.0,0,0.0,10.050000000000008,963.456000000005,20.507,46.98181108889671,0.0
21,4,10,0.0,-24.169856801909273,200,0.0,0,0.0,12.500000000000014,954.6000000000003,20.95,45.56563245823391,0.0
21,5,10,1.0,10.268875083030517,5,0.8103153495440729,0,0.0,0.5,31.584,25.593,1.2340874457859572,0.0
21,6,10,1.0,10.875,1,1.0,0,0.0,0.05,3.298,3.298,1.0,0.0
21,7,10,0.0,-23.155392944256032,200,0.0,0,0.0,10.000000000000007,522.4000000000018,16.809,31.078588851210768,0.0
21,8,10,0.0,-14.13724292101341,25,0.0,10,1.0,1.2500000000000002,86.687,53.67999999999999,1.6148845007451567,0.0
21,9,10,0.0,-25.71516657579846,200,0.0,0,0.0,15.000000000000002,658.2169999999982,34.849,18.88768687767219,0.0
22,0,10,1.0,10.13073785302344,7,0.8916574707570073,0,0.0,0.39999999999999997,45.309999999999995,40.400999999999996,1.1215068933937278,0.0
22,1,10,1.0,9.739874246626766,9,0.9799517698029919,0,0.0,0.8,48.931999999999995,47.95099999999999,1.0204583846009467,0.0
22,2,10,0.0,-25.626008437531816,200,0.0,0,0.0,15.050000000000002,904.607999999996,39.348,22.98993595608407,0.0
22,3,10,0.0,-23.2580545893141,200,0.0,0,0.0,10.100000000000009,914.4859999999987,75.03300000000002,12.187784041688305,0.0
22,4,10,1.0,10.22087445490016,6,1.0,0,0.0,0.39999999999999997,30.499000000000002,30.499000000000002,1.0,0.0
22,5,10,0.0,-28.127894979474434,200,0.0,0,0.0,20.000000000000014,1350.270000000001,45.553,29.6417359998244,0.0
22,6,10,0.0,-22.988822072868818,200,0.0,0,0.0,10.000000000000007,972.800000000002,14.135,68.82207286876562,0.0
22,7,10,1.0,9.9575886214442,8,0.5064397763932328,0,0.0,0.6000000000000001,40.607,20.565,1.9745684415268658,0.0
22,8,10,1.0,10.19350549890022,6,0.7511264644037249,0,0.0,0.44999999999999996,33.29,25.005,1.3313337332533492,0.0
22,9,10,1.0,10.226268582565828,6,0.9296880551410502,0,0.0,0.39999999999999997,28.146,26.167,1.0756296098138878,0.0
23,0,10,1.0,10.608654269818153,3,1.0,0,0.0,0.2,26.781,26.781,1.0,0.0
23,1,10,0.0,-24.812633780785053,200,0.0,0,0.0,13.300000000000013,1036.4059999999988,54.977999999999994,18.85128596893301,0.0
23,2,10,0.0,-23.663400870695504,200,0.0,0,0.0,10.100000000000009,864.6449999999993,48.467,17.839870427301037,0.0
23,3,10,0.0,-25.01768736848623,200,0.0,0,0.0,13.350000000000012,627.3419999999988,64.632,9.706368362421074,0.0
23,4,10,0.0,-23.36743015044525,200,0.0,0,0.0,10.100000000000009,352.3549999999996,68.39699999999999,5.151614836908046,0.0
23,5,10,1.0,9.916622034003861,8,0.6037374041209205,0,0.0,0.6500000000000001,53.19199999999999,32.114,1.6563492557762969,0.0
23,6,10,0.0,-13.084647214061643,12,0.0,10,1.0,0.2,7.464,20.083,0.37165762087337556,0.0
23,7,10,1.0,10.607275099144228,3,1.0,0,0.0,0.2,19.164,19.164,1.0,0.0
23,8,10,1.0,9.75129376864776,9,0.8306579116042561,0,0.0,0.8,70.207,58.318,1.203865015947049,0.0
23,9,10,0.0,-13.024831496909435,12,0.0,10,1.0,0.1,8.517,37.21,0.2288900833109379,0.0
24,0,10,1.0,9.951712328767123,8,0.9655010058639729,0,0.0,0.5499999999999999,46.726,45.114,1.035731701910715,0.0
24,1,10,1.0,9.88676682737937,9,0.6144103377495802,0,0.0,0.5499999999999999,42.872,26.341,1.6275767814433773,0.0
24,2,10,0.0,-23.373555244312907,200,0.0,0,0.0,10.000000000000007,901.3889999999975,44.267,20.36254998079828,0.0
24,3,10,0.0,-25.367802018403047,200,0.0,0,0.0,15.000000000000002,951.9999999999985,26.952,35.32205402196492,0.0
24,4,10,0.0,-22.807937242212184,200,0.0,0,0.0,10.000000000000007,1203.472999999998,43.883,27.424583551717017,0.0
24,5,10,0.0,-23.038611313727056,200,0.0,0,0.0,10.000000000000007,1657.760999999998,64.435,25.727648017381824,0.0
24,6,10,1.0,10.08832494336773,7,0.8233343694953891,0,0.0,0.49999999999999994,38.604,31.784,1.214573370249182,0.0
24,7,10,1.0,9.324139955305027,13,0.8736359000509943,0,0.0,0.8500000000000001,68.635,59.962,1.1446416063506888,0.0
24,8,10,0.0,-25.784201778047887,200,0.0,0,0.0,15.050000000000002,887.8240000000003,26.320999999999998,33.730633334599766,0.0
24,9,10,0.0,-25.64142351274778,200,0.0,0,0.0,14.950000000000003,651.5439999999999,39.535999999999994,16.4797652772157,0.0
25,0,10,0.0,-23.415239282026466,200,0.0,0,0.0,10.050000000000008,356.63899999999956,78.443,4.546473235342855,0.0
25,1,10,0.0,-13.358450064686334,14,0.0,10,1.0,0.2,17.964,39.421,0.45569620253164556,0.0
25,2,10,1.0,10.461858951175406,4,0.8674056258496289,0,0.0,0.3,19.126,16.590000000000003,1.1528631705846895,0.0
25,3,10,0.0,-25.912838450637754,200,0.0,0,0.0,15.000000000000002,1101.917999999997,42.34,26.025460557392464,0.0
25,4,10,0.0,-22.78928317383493,200,0.0,0,0.0,10.000000000000007,1206.345999999998,27.273,44.23224434422315,0.0
25,5,10,0.0,-25.629525732108885,200,0.0,0,0.0,15.050000000000002,1007.6600000000035,57.71,17.46075203604234,0.0
25,6,10,0.0,-25.84603206176034,200,0.0,0,0.0,15.000000000000002,978.9789999999972,50.77700000000001,19.279969277428698,0.0
25,7,10,1.0,9.982855159005693,8,0.9867898155507443,0,0.0,0.49999999999999994,36.486999999999995,36.005,1.0133870295792249,0.0
25,8,10,0.0,-13.44361170919848,14,0.0,10,1.0,0.25,19.214,53.410999999999994,0.35973863061916084,0.0
25,9,10,0.0,-25.436004628959953,200,0.0,0,0.0,15.000000000000004,1599.9829999999995,34.565000000000005,46.28910747866337,0.0
26,0,10,1.0,9.965431782823385,8,0.9309809189949411,0,0.0,0.55,47.639,44.351,1.0741358706680797,0.0
26,1,10,0.0,-13.10807084607543,12,0.0,10,1.0,0.15000000000000002,6.356999999999999,35.316,0.1800033978933061,0.0
26,2,10,0.0,-13.002742647228708,12,0.0,10,1.0,0.2,10.27,43.283,0.23727560474089132,0.0
26,3,10,0.0,-12.775568295114656,12,0.0,10,1.0,0.15000000000000002,10.671,11.033000000000001,0.9671893410677058,0.0
26,4,10,0.0,-30.54977974537346,200,0.0,0,0.0,24.75,856.7619999999976,72.73400000000001,11.779387906618602,0.0
26,5,10,0.0,-24.65466139651537,200,0.0,0,0.0,13.350000000000012,616.7380000000006,44.653999999999996,13.811483853630149,0.0
26,6,10,1.0,9.71397011756504,10,0.7269690617153126,0,0.0,0.7000000000000001,86.818,63.114000000000004,1.375574357511804,0.0
26,7,10,0.0,-12.919728821349574,12,0.0,10,1.0,0.2,13.653,34.811,0.39220361380023555,0.0
26,8,10,0.0,-25.54757977957536,200,0.0,0,0.0,15.000000000000002,726.9999999999986,76.39800000000001,9.515955915076292,0.0
26,9,10,0.0,-25.100946694774894,200,0.0,0,0.0,13.550000000000013,640.8000000000008,66.41,9.649149224514392,0.0
27,0,10,1.0,10.75507904265654,2,1.0,0,0.0,0.1,11.323,11.323,1.0,0.0
27,1,10,1.0,10.354299811223616,5,0.556197203264449,0,0.0,0.35000000000000003,41.906,23.308,1.7979234597563067,0.0
27,2,10,0.0,-24.71739812175079,200,0.0,0,0.0,13.350000000000012,792.0199999999988,35.778,22.13706747163058,0.0
27,3,10,0.0,-25.57359804047039,200,0.0,0,0.0,14.750000000000002,759.1049999999982,70.323,10.794548014163194,0.0
27,4,10,1.0,10.152796942733287,6,0.8485306075037751,0,0.0,0.5500000000000002,25.827000000000005,21.915000000000003,1.178507871321013,0.0
27,5,10,1.0,10.344423071503057,5,1.0,0,0.0,0.35000000000000003,35.481,35.481,1.0,0.0
27,6,10,1.0,10.069991368148466,7,0.62172133896827,0,0.0,0.55,29.814,18.536,1.60843763487268,0.0
27,7,10,1.0,10.262446963621782,6,0.39287964713295526,0,0.0,0.35,34.914,13.717,2.545308740978348,0.0
27,8,10,0.0,-25.468671081126043,200,0.0,0,0.0,13.350000000000014,975.6400000000012,24.012,40.63135099117113,0.0
27,9,10,1.0,10.020994150656268,7,0.9999999999999998,0,0.0,0.6000000000000001,42.056000000000004,42.056,1.0000000000000002,0.0
28,0,10,0.0,-25.46212318953436,200,0.0,0,0.0,14.950000000000003,557.2510000000015,64.21,8.678570316150156,0.0
28,1,10,1.0,10.36476352740732,5,0.7561528209684586,0,0.0,0.3,22.509999999999998,17.021,1.3224839903648433,0.0
28,2,10,0.0,-29.469349211406687,200,0.0,0,0.0,23.25000000000002,917.0219999999982,43.939,20.870342975488704,0.0
28,3,10,1.0,9.720448182734552,10,0.865483695741634,0,0.0,0.65,60.751,52.579,1.1554232678445766,0.0
28,4,10,1.0,9.929977043969627,8,0.9970822748195283,0,0.0,0.6000000000000001,39.75700000000001,39.641,1.002926263212331,0.0
28,5,10,1.0,10.349403815086369,5,0.8656411359724614,0,0.0,0.35,37.184,32.188,1.155213122902945,0.0
28,6,10,0.0,-22.954607794582653,200,0.0,0,0.0,10.000000000000007,941.5999999999987,52.498,17.935921368433057,0.0
28,7,10,1.0,9.54335273159145,10,0.5600731687037498,0,0.0,1.0,60.135000000000005,33.68,1.7854809976247032,0.0
28,8,10,1.0,10.63328634955928,3,1.0,0,0.0,0.15000000000000002,12.593,12.593,1.0,0.0
28,9,10,0.0,-25.59743949491395,200,0.0,0,0.0,15.000000000000004,818.5419999999989,57.01999999999999,14.355349000350737,0.0
29,0,10,0.0,-27.98983008388441,200,0.0,0,0.0,20.050000000000026,567.855,34.929,16.257407884565833,0.0
29,1,10,0.0,-13.473885056935577,20,0.0,10,1.0,0.85,72.389,64.37100000000001,1.124559195911202,0.0
29,2,10,0.0,-24.602722058712555,200,0.0,0,0.0,12.500000000000014,741.7950000000008,53.00399999999999,13.995075843332595,0.0
29,3,10,0.0,-14.054604333187694,20,0.0,10,1.0,0.49999999999999994,35.82999999999999,38.909,0.9208666375388725,0.0
29,4,10,1.0,10.03425324033547,7,0.8986702532609246,0,0.0,0.6000000000000001,39.406,35.413,1.1127552028915935,0.0
29,5,10,0.0,-22.93086394488216,200,0.0,0,0.0,10.000000000000007,824.1999999999977,58.638000000000005,14.055731778027859,0.0
29,6,10,0.0,-23.201791696012975,200,0.0,0,0.0,10.000000000000007,1234.1699999999958,58.213,21.20093449916678,0.0
29,7,10,0.0,-25.88247606639097,200,0.0,0,0.0,14.900000000000002,847.4489999999987,52.959,16.00198266583581,0.0
29,8,10,0.0,-23.08240653471563,200,0.0,0,0.0,10.000000000000007,633.9999999999993,31.83,19.918316054037053,0.0
29,9,10,1.0,10.758040194572454,2,0.8023829087921117,0,0.0,0.1,9.736,7.812,1.2462877624167947,0.0
30,0,10,1.0,9.929547379382159,8,0.5506077517009403,0,0.0,0.6,52.324,28.81,1.8161749392572024,0.0
30,1,10,1.0,10.48979318936877,4,0.8955667955965486,0,0.0,0.25,13.444,12.040000000000001,1.1166112956810632,0.0
30,2,10,1.0,10.516844112910062,4,0.9344898605830165,0,0.0,0.2,12.624,11.797,1.0701025684496057,0.0
30,3,10,1.0,9.42265625,12,0.7220171562256303,0,0.0,0.9000000000000001,57.705000000000005,41.664,1.3850086405529956,0.0
30,4,10,0.0,-30.639371400063503,200,0.0,0,0.0,25.0,1074.3999999999976,22.049,48.7278334618349,0.0
30,5,10,1.0,10.875,1,1.0,0,0.0,0.05,7.263,7.263,1.0,0.0
30,6,10,1.0,10.182847640164713,6,0.6045576407506702,0,0.0,0.49999999999999994,31.332,18.942,1.6541019955654102,0.0
30,7,10,0.0,-13.11357878382363,16,0.0,10,1.0,0.45000000000000007,35.355999999999995,44.089000000000006,0.8019233822495405,0.0
30,8,10,0.0,-13.641336769979507,16,0.0,10,1.0,0.35,29.383000000000003,31.232,0.940797899590164,0.0
30,9,10,0.0,-23.002458076145718,200,0.0,0,0.0,10.000000000000007,1337.788000000004,36.614000000000004,36.53760856502988,0.0
31,0,10,1.0,10.373118770764119,5,0.9735849056603774,0,0.0,0.3,22.26,21.672,1.0271317829457365,0.0
31,1,10,0.0,-25.619836586473053,200,0.0,0,0.0,15.000000000000004,830.7360000000022,37.451,22.181944407359005,0.0
31,2,10,0.0,-23.339790480094955,200,0.0,0,0.0,10.100000000000009,1143.909,68.299,16.748546830846717,0.0
31,3,10,1.0,9.64552129344112,10,0.8071257203076303,0,0.0,0.8,44.599,35.997,1.2389643581409562,0.0
31,4,10,0.0,-26.268592144790986,200,0.0,0,0.0,16.600000000000026,745.7760000000003,53.925999999999995,13.829618365908845,0.0
31,5,10,1.0,10.096968031227611,6,0.8602427050347482,0,0.0,0.65,47.053,40.477000000000004,1.162462633100279,0.0
31,6,10,0.0,-28.14474342243739,200,0.0,0,0.0,19.85000000000003,1027.5820000000035,47.51,21.62875184171761,0.0
31,7,10,1.0,10.463086253369271,4,0.8197464821490871,0,0.0,0.3,17.198,14.098,1.2198893460065257,0.0
31,8,10,0.0,-23.01367812181011,200,0.0,0,0.0,10.000000000000007,574.400000000001,44.08500000000001,13.02937507088581,0.0
31,9,10,0.0,-23.12700440289184,200,0.0,0,0.0,10.000000000000007,972.6220000000053,36.794,26.4342555851499,0.0
32,0,10,0.0,-12.9,10,0.0,10,1.0,0.0,0.0,46.477999999999994,0.0,0.0
32,1,10,0.0,-12.9,10,0.0,10,1.0,0.0,0.0,32.906,0.0,0.0
32,2,10,0.0,-12.9,10,0.0,10,1.0,0.0,0.0,45.476000000000006,0.0,0.0
32,3,10,0.0,-28.11748348201372,200,0.0,0,0.0,20.00000000000003,1104.7559999999983,44.951,24.576894841049103,0.0
32,4,10,0.0,-13.121136582832555,14,0.0,10,1.0,0.2,14.383,26.958,0.533533644929149,0.0
32,5,10,0.0,-12.884296960543704,14,0.0,10,1.0,0.45000000000000007,20.011000000000003,26.485,0.7555597508023411,0.0
32,6,10,1.0,9.623083246073298,11,0.7390639812718867,0,0.0,0.65,51.687,38.2,1.3530628272251308,0.0
32,7,10,0.0,-25.56587274838026,200,0.0,0,0.0,15.000000000000004,1342.1910000000016,53.406,25.13183911920012,0.0
32,8,10,1.0,2.667919436790613,12,0.9214124333263456,7,0.0,0.35000000000000003,42.933,39.559,1.0852903258424127,0.0
32,9,10,0.0,-12.899999999999999,10,0.0,10,1.0,0.0,0.0,51.411,0.0,0.0
33,0,10,0.0,-22.880775930792257,200,0.0,0,0.0,10.000000000000007,968.8000000000043,33.869,28.604328441938183,0.0
33,1,10,0.0,-28.278103687812898,200,0.0,0,0.0,19.850000000000023,681.3839999999987,48.945,13.921422004290502,0.0
33,2,10,0.0,-25.725843846307413,200,0.0,0,0.0,14.950000000000003,564.6340000000012,45.102999999999994,12.518768152894513,0.0
33,3,10,1.0,9.87458576015945,8,0.9571604205528234,0,0.0,0.7000000000000002,47.17600000000001,45.155,1.0447569482892263,0.0
33,4,10,0.0,-13.37116107313826,15,0.0,10,1.0,0.25,23.761000000000003,39.063,0.6082738140951797,0.0
33,5,10,0.0,-23.094706022944578,200,0.0,0,0.0,10.000000000000007,950.9999999999992,50.208,18.941204588910118,0.0
33,6,10,1.0,10.215786858089453,6,0.877480453694527,0,0.0,0.4,45.405,39.842,1.1396265247728528,0.0
33,7,10,1.0,10.098380364768895,7,0.9131708788485986,0,0.0,0.45,46.413,42.383,1.0950852936318805,0.0
33,8,10,1.0,10.25552290406223,6,0.5436604275980892,0,0.0,0.35,38.306999999999995,20.826,1.8393834629789683,0.0
33,9,10,0.0,-12.762705973749846,15,0.0,10,1.0,0.30000000000000004,20.686,24.457,0.8458110152512572,0.0
34,0,10,0.0,-14.744209608189685,27,0.0,10,1.0,1.0000000000000002,75.959,43.56699999999999,1.7434985195216566,0.0
34,1,10,1.0,10.85,1,1.0,0,0.0,0.1,3.997,3.997,1.0,0.0
34,2,10,0.0,-12.849198592401514,12,0.0,10,1.0,0.15000000000000002,12.379,31.401,0.3942231139135696,0.0
34,3,10,0.0,-25.52725650896568,200,0.0,0,0.0,14.950000000000003,1336.1460000000015,49.355000000000004,27.072150744605437,0.0
34,4,10,0.0,-25.681822960041387,200,0.0,0,0.0,15.050000000000002,362.8749999999994,63.641,5.7019060039911285,0.0
34,5,10,1.0,10.231399043801613,6,0.8197545526524148,0,0.0,0.4,25.26,20.707,1.2198773361665138,0.0
34,6,10,1.0,10.369792852816476,5,0.8676383001086081,0,0.0,0.3,28.543,24.765,1.152554007672118,0.0
34,7,10,0.0,-13.024887784863314,12,0.0,10,1.0,0.1,7.658999999999999,40.458000000000006,0.189307429927332,0.0
34,8,10,1.0,10.317880819366854,5,0.7825991911684338,0,0.0,0.4,27.447,21.48,1.2777932960893854,0.0
34,9,10,0.0,-25.442122305486176,200,0.0,0,0.0,15.000000000000002,659.8279999999992,54.045,12.208862984549896,0.0
35,0,10,0.0,-28.25149010346379,200,0.0,0,0.0,20.000000000000014,1788.999999999997,35.568,50.298020692757454,0.0
35,1,10,0.0,-22.95074506851898,200,0.0,0,0.0,10.000000000000007,1089.2010000000002,58.451,18.634428837829983,0.0
35,2,10,0.0,-24.964861491458485,200,0.0,0,0.0,14.000000000000009,739.4339999999991,53.679,13.775107583971367,0.0
35,3,10,1.0,9.725024024907455,10,0.8967814272523416,0,0.0,0.65,45.486,40.791000000000004,1.1150989188791642,0.0
35,4,10,1.0,10.436421925743877,4,1.0,0,0.0,0.35000000000000003,34.178999999999995,34.178999999999995,1.0,0.0
35,5,10,0.0,-23.168820933165172,200,0.0,0,0.0,10.000000000000007,1329.8989999999942,31.720000000000002,41.926197982345336,0.0
35,6,10,1.0,9.049084693184529,15,0.6117455505024985,0,0.0,1.05,89.05499999999999,54.479,1.6346665687696176,0.0
35,7,10,1.0,9.88111675431405,8,0.9771972331861346,0,0.0,0.7000000000000001,51.178000000000004,50.011,1.0233348663294075,0.0
35,8,10,1.0,10.340524060463181,5,0.9649146282716906,0,0.0,0.35,37.36600000000001,36.055,1.0363611149632508,0.0
35,9,10,1.0,10.478461538461538,4,0.550773759086652,0,0.0,0.30000000000000004,22.423000000000002,12.35,1.8156275303643727,0.0
36,0,10,1.0,9.88842463175328,8,0.6895352458732739,0,0.0,0.7000000000000001,57.794000000000004,39.85099999999999,1.450252189405536,0.0
36,1,10,1.0,9.940501253787483,8,0.8083785552904411,0,0.0,0.6000000000000001,47.358999999999995,38.284,1.2370441960087764,0.0
36,2,10,1.0,9.599815747686579,10,0.6108231044516539,0,0.0,0.9,59.798,36.526,1.6371351913705305,0.0
36,3,10,1.0,10.129304245859188,7,0.8118603728679096,0,0.0,0.39999999999999997,25.209999999999997,20.467,1.231738896760639,0.0
36,4,10,1.0,9.830642440456284,8,0.6623923209451145,0,0.0,0.7999999999999999,40.63,26.913,1.5096793371233235,0.0
36,5,10,0.0,-25.39023479631624,200,0.0,0,0.0,15.000000000000004,923.0000000000015,24.105999999999998,38.28922260018259,0.0
36,6,10,0.0,-12.899999999999999,10,0.0,10,1.0,0.0,0.0,41.882,0.0,0.0
36,7,10,0.0,-12.9,10,0.0,10,1.0,0.0,0.0,19.383,0.0,0.0
36,8,10,0.0,-22.83438106325176,200,0.0,0,0.0,10.000000000000007,759.7900000000011,25.77,29.48350795498646,0.0
36,9,10,1.0,10.471463337145762,4,0.6731106453958342,0,0.0,0.3,23.381,15.738,1.4856398525860974,0.0
37,0,10,1.0,10.346327896391026,5,1.0,0,0.0,0.35,36.908,36.908,1.0,0.0
37,1,10,1.0,10.053361823861842,7,0.9055050537155934,0,0.0,0.5499999999999999,31.462000000000003,28.489000000000004,1.1043560672540278,0.0
37,2,10,0.0,-22.859836580766775,200,0.0,0,0.0,10.000000000000007,669.0000000000033,23.865000000000002,28.03268384663747,0.0
37,3,10,1.0,9.779450569767052,9,0.7439481844553366,0,0.0,0.7500000000000001,39.988,29.749,1.3441796362902956,0.0
37,4,10,0.0,-23.428224676404266,200,0.0,0,0.0,10.050000000000008,357.1499999999996,67.368,5.301478446740286,0.0
37,5,10,0.0,-24.97529411764701,200,0.0,0,0.0,13.300000000000013,963.560999999997,37.23,25.8813053988718,0.0
37,6,10,0.0,-13.097319535995862,13,0.0,10,1.0,0.2,17.684,61.895999999999994,0.2857050536383612,0.0
37,7,10,0.0,-22.97045352254373,200,0.0,0,0.0,10.000000000000007,1337.4360000000029,75.542,17.704535225437542,0.0
37,8,10,1.0,10.268397201241832,5,0.8257509087430649,0,0.0,0.5,26.135,21.581000000000003,1.211018951855799,0.0
37,9,10,0.0,-12.902053634223163,13,0.0,10,1.0,0.3,16.871,32.702999999999996,0.5158853927774211,0.0
38,0,10,1.0,9.731744141765466,9,0.8589341009202319,0,0.0,0.8,45.85800000000001,39.389,1.1642336692985353,0.0
38,1,10,0.0,-24.976016632785,200,0.0,0,0.0,13.300000000000013,725.582000000001,81.165,8.939592188751321,0.0
38,2,10,1.0,10.753810122339534,2,1.0,0,0.0,0.1,11.934,11.934,1.0,0.0
38,3,10,1.0,9.834803283328615,9,0.8984370415289217,0,0.0,0.6,51.120999999999995,45.929,1.1130440462452915,0.0
38,4,10,1.0,9.816009951864867,9,0.6612446544687665,0,0.0,0.6500000000000001,51.211,33.863,1.5122995599917313,0.0
38,5,10,1.0,10.728044708545557,2,1.0,0,0.0,0.15000000000000002,10.602,10.602,1.0,0.0
38,6,10,1.0,10.033027909104772,7,0.8422607578676943,0,0.0,0.6000000000000001,38.925,32.785,1.187280768644197,0.0
38,7,10,1.0,9.711713779527559,9,0.9922844027737083,0,0.0,0.8500000000000001,51.195,50.8,1.0077755905511812,0.0
38,8,10,1.0,10.729328370834038,2,1.0,0,0.0,0.15000000000000002,23.644,23.644,1.0,0.0
38,9,10,0.0,-23.433518338727062,200,0.0,0,0.0,10.050000000000008,1092.1540000000002,55.620000000000005,19.63599424667386,0.0
39,0,10,1.0,10.493411175979983,4,0.6293302540415705,0,0.0,0.25,19.052,11.99,1.5889908256880734,0.0
39,1,10,0.0,-23.19385179976808,200,0.0,0,0.0,10.000000000000007,569.5670000000011,81.066,7.025966496435018,0.0
39,2,10,0.0,-24.771402462316015,200,0.0,0,0.0,13.300000000000013,826.5959999999975,34.033,24.288073340581125,0.0
39,3,10,1.0,9.767430136986302,9,0.870533052430735,0,0.0,0.75,50.314,43.8,1.1487214611872147,0.0
39,4,10,1.0,10.63706018669626,3,0.6968883632062597,0,0.0,0.15000000000000002,21.982,15.319,1.4349500620144917,0.0
39,5,10,1.0,10.211098554265934,6,0.5860032217648111,0,0.0,0.45000000000000007,33.522,19.644,1.7064752596212585,0.0
39,6,10,0.0,-25.55048489896424,200,0.0,0,0.0,15.150000000000004,858.8179999999957,41.421,20.733878950290812,0.0
39,7,10,0.0,-23.13209309882614,200,0.0,0,0.0,10.000000000000007,822.7590000000023,24.619,33.41967586010814,0.0
39,8,10,1.0,10.016409481756913,7,0.8072918295237798,0,0.0,0.6500000000000001,31.981,25.818,1.2387094275311799,0.0
39,9,10,1.0,10.368702865329514,5,0.9374160623153369,0,0.0,0.3,37.230000000000004,34.9,1.06676217765043,0.0
40,0,10,1.0,10.226268582565828,6,0.9296880551410502,0,0.0,0.39999999999999997,28.146,26.167,1.0756296098138878,0.0
40,1,10,0.0,-28.150592651633925,200,0.0,0,0.0,20.00000000000003,1171.399999999998,38.893,30.118530326793973,0.0
40,2,10,1.0,10.613040588097286,3,0.8072601010101009,0,0.0,0.2,15.840000000000002,12.787,1.238758113709236,0.0
40,3,10,0.0,-12.756861101772248,11,0.0,10,1.0,0.05,6.039,20.821,0.2900437058738773,0.0
40,4,10,0.0,-23.164418151648523,200,0.0,0,0.0,10.000000000000007,1449.894999999997,27.722,52.30124089171044,0.0
40,5,10,0.0,-25.487005268568478,200,0.0,0,0.0,15.000000000000002,1037.6899999999973,62.25599999999999,16.668112310459996,0.0
40,6,10,0.0,-30.628662081544245,200,0.0,0,0.0,25.0,2031.5999999999913,78.95100000000001,25.73241630884968,0.0
40,7,10,1.0,10.22850595879226,6,0.848021450248976,0,0.0,0.4,33.939,28.780999999999995,1.1792154546402143,0.0
40,8,10,0.0,-25.351417229729645,200,0.0,0,0.0,15.050000000000002,817.0119999999989,41.44,19.715540540540516,0.0
40,9,10,0.0,-12.950865943254124,11,0.0,10,1.0,0.1,5.023,32.531,0.15440656604469583,0.0
41,0,10,1.0,10.489754361799816,4,0.9568369028006589,0,0.0,0.25,18.21,17.424,1.0451101928374655,0.0
41,1,10,1.0,10.223372355185571,6,0.9950529222273353,0,0.0,0.39999999999999997,34.768,34.596,1.0049716730257834,0.0
41,2,10,1.0,10.290261376457314,5,0.9975347017525054,0,0.0,0.44999999999999996,18.659000000000002,18.613,1.0024713909633054,0.0
41,3,10,0.0,-13.088502640830404,15,0.0,10,1.0,0.30000000000000004,33.838,60.019,0.5637881337576435,0.0
41,4,10,1.0,10.585510932816081,3,1.0,0,0.0,0.25,22.683999999999997,22.683999999999997,1.0,0.0
41,5,10,1.0,10.347939318050472,5,0.9865820282803709,0,0.0,0.35,26.308,25.955,1.0136004623386632,0.0
41,6,10,0.0,-12.899999999999999,10,0.0,10,1.0,0.0,0.0,31.266,0.0,0.0
41,7,10,0.0,-27.918096760543598,200,0.0,0,0.0,20.00000000000003,1045.2000000000005,63.806999999999995,16.3806478912972,0.0
41,8,10,0.0,-12.899999999999999,10,0.0,10,1.0,0.0,0.0,36.061,0.0,0.0
41,9,10,0.0,-12.933381641275124,15,0.0,10,1.0,0.30000000000000004,31.472,39.05500000000001,0.805837920880809,0.0
42,0,10,0.0,-25.53904568633573,200,0.0,0,0.0,15.000000000000002,1453.9300000000017,57.654,25.218198216949414,0.0
42,1,10,0.0,-23.07334504022544,200,0.0,0,0.0,10.000000000000007,511.4060000000011,24.487,20.88479601421167,0.0
42,2,10,0.0,-14.398885578307471,18,0.0,11,1.0,0.5499999999999999,38.260999999999996,50.008,0.765097584386498,0.0
42,3,10,1.0,8.791852490193747,9,0.9259045260696107,1,0.0,0.7000000000000001,36.345,33.652,1.0800249613693094,0.0
42,4,10,0.0,-25.516273652750485,200,0.0,0,0.0,15.000000000000002,944.8130000000025,53.535000000000004,17.648510320351217,0.0
42,5,10,0.0,-22.954207812636536,200,0.0,0,0.0,10.000000000000007,824.1999999999977,34.329,24.008855486614745,0.0
42,6,10,0.0,-22.987626095070176,200,0.0,0,0.0,10.000000000000007,923.3499999999975,38.582,23.932144523352793,0.0
42,7,10,1.0,9.670129445511341,10,0.5730823883424813,0,0.0,0.75,71.78200000000001,41.13699999999999,1.7449498018815184,0.0
42,8,10,0.0,-22.989975189432116,200,0.0,0,0.0,10.000000000000007,927.399999999995,29.826,31.09367665794927,0.0
42,9,10,0.0,-13.400873117288475,18,0.0,10,1.0,0.6000000000000001,36.112,47.737,0.7564782034899554,0.0
43,0,10,1.0,10.370525990917509,5,0.7582068596643712,0,0.0,0.3,29.914,22.681,1.3189012830122129,0.0
43,1,10,0.0,-24.277440900203665,200,0.0,0,0.0,12.500000000000014,730.6330000000003,73.139,9.98964984481604,0.0
43,2,10,0.0,-23.32388475978862,200,0.0,0,0.0,10.050000000000008,1076.6720000000023,26.102,41.2486399509617,0.0
43,3,10,1.0,10.32414211835559,5,1.0,0,0.0,0.39999999999999997,30.552,30.552,1.0,0.0
43,4,10,1.0,10.183796042722168,6,0.8206078993201865,0,0.0,0.5,35.598,29.212,1.218608790907846,0.0
43,5,10,0.0,-13.129816905901116,18,0.0,10,1.0,0.5499999999999999,37.295,31.35,1.1896331738437003,0.0
43,6,10,0.0,-22.868038225089855,200,0.0,0,0.0,10.000000000000007,871.3999999999992,32.858000000000004,26.520177734493856,0.0
43,7,10,0.0,-24.335283492026225,200,0.0,0,0.0,12.550000000000015,751.2720000000008,51.04200000000001,14.71870224520984,0.0
43,8,10,0.0,-13.262300141576215,18,0.0,10,1.0,0.7000000000000002,27.731,31.785000000000004,0.872455560799119,0.0
43,9,10,0.0,-25.62055400596318,200,0.0,0,0.0,15.000000000000002,1353.6959999999951,51.98500000000001,26.040126959699816,0.0
44,0,10,0.0,-27.04687773444931,200,0.0,0,0.0,17.4,1565.4720000000018,42.056000000000004,37.223511508464945,0.0
44,1,10,0.0,-13.187042427186281,13,0.0,10,1.0,0.2,13.609,53.526999999999994,0.25424552095204295,0.0
44,2,10,0.0,-23.126203193886553,200,0.0,0,0.0,10.000000000000007,810.4840000000016,51.035000000000004,15.880944449887362,0.0
44,3,10,0.0,-12.918640688869534,13,0.0,10,1.0,0.30000000000000004,13.59,29.846,0.4553373986463848,0.0
44,4,10,1.0,10.113637044231313,7,0.56276474607151,0,0.0,0.45,43.91,24.711,1.7769414430820283,0.0
44,5,10,1.0,9.81888299906149,9,0.8116289567229024,0,0.0,0.65,70.892,57.53799999999999,1.2320900969793878,0.0
44,6,10,1.0,10.728855552538691,2,1.0,0,0.0,0.15000000000000002,7.366,7.366,1.0,0.0
44,7,10,1.0,10.579085742525328,3,0.30478987799367374,0,0.0,0.30000000000000004,13.277999999999999,4.047,3.2809488510007414,0.0
44,8,10,0.0,-25.545952625708075,200,0.0,0,0.0,15.000000000000004,552.8000000000014,45.721000000000004,12.090724174886844,0.0
44,9,10,1.0,9.612343947918815,11,0.5336823405492934,0,0.0,0.7000000000000001,63.608999999999995,33.947,1.8737738239019646,0.0
45,0,10,1.0,8.433438988532785,5,0.6774360608716437,2,0.0,0.2,25.102,17.005,1.4761540723316673,0.0
45,1,10,1.0,10.291848738194766,5,0.8054419393455705,0,0.0,0.44999999999999996,40.096,32.294999999999995,1.2415544201888837,0.0
45,2,10,1.0,10.296490504507961,5,0.764061412187168,0,0.0,0.45,27.291,20.852000000000004,1.3087953193938229,0.0
45,3,10,1.0,10.15031203931204,6,0.8500121828117929,0,0.0,0.5500000000000002,28.729000000000003,24.42,1.1764537264537265,0.0
45,4,10,0.0,-25.64198417447959,200,0.0,0,0.0,15.050000000000002,734.374000000002,60.156000000000006,12.207826318239276,0.0
45,5,10,0.0,-23.12678276246494,200,0.0,0,0.0,10.000000000000007,659.6000000000003,26.012999999999998,25.35655249298429,0.0
45,6,10,0.0,-23.20061225673256,200,0.0,0,0.0,10.050000000000008,675.6969999999992,43.111000000000004,15.67342441604229,0.0
45,7,10,0.0,-23.46055093979841,200,0.0,0,0.0,10.050000000000008,1330.5389999999943,44.052,30.203827295014854,0.0
45,8,10,1.0,9.731701830158778,9,0.7262490409351448,0,0.0,0.8,44.31399999999999,32.183,1.3769381350402383,0.0
45,9,10,1.0,8.306508629441625,6,0.5151943093258017,2,0.0,0.3,19.119,9.850000000000001,1.9410152284263957,0.0
46,0,10,1.0,10.152471453945699,6,0.5958122307052687,0,0.0,0.55,26.458000000000002,15.764,1.6783811215427558,0.0
46,1,10,0.0,-30.92584461895986,200,0.0,0,0.0,24.650000000000002,695.5909999999974,62.395,11.148184950717162,0.0
46,2,10,0.0,-25.445151796282687,200,0.0,0,0.0,15.000000000000002,685.7999999999969,62.517999999999994,10.969640743465833,0.0
46,3,10,0.0,-22.957895888013983,200,0.0,0,0.0,10.000000000000007,990.4920000000036,36.57600000000001,27.080380577427913,0.0
46,4,10,1.0,9.789700558918073,9,0.9207284556313994,0,0.0,0.7000000000000003,37.504,34.531,1.0860965509252556,0.0
46,5,10,1.0,10.07158442169667,7,0.7844458391789116,0,0.0,0.5,54.172,42.495,1.2747852688551595,0.0
46,6,10,0.0,-23.222158486006364,200,0.0,0,0.0,10.050000000000008,490.2170000000019,61.242000000000004,8.00458835439734,0.0
46,7,10,1.0,9.885231914337949,8,0.9548390314456,0,0.0,0.7,40.101,38.290000000000006,1.0472969443718985,0.0
46,8,10,1.0,10.321043616588362,5,0.9308836696742201,0,0.0,0.4,29.038,27.031000000000002,1.0742480855314267,0.0
46,9,10,1.0,10.415538259676747,4,0.8975429580857555,0,0.0,0.4,18.681,16.767,1.1141528001431384,0.0
47,0,10,0.0,-12.899158654557288,13,0.0,10,1.0,0.4,18.072,33.803000000000004,0.534627104103186,0.0
47,1,10,1.0,9.859831821465843,9,0.8609440873591817,0,0.0,0.5499999999999999,43.407000000000004,37.371,1.1615156137111664,0.0
47,2,10,0.0,-22.929126012040637,200,0.0,0,0.0,10.000000000000007,684.4000000000029,24.085,28.416026572555655,0.0
47,3,10,1.0,9.342244689631206,12,0.6755880324573375,0,0.0,1.05,68.151,46.042,1.4801919986099648,0.0
47,4,10,0.0,-14.507443493179206,24,0.0,10,1.0,1.0500000000000003,90.70200000000003,60.03699999999999,1.5107683595116352,0.0
47,5,10,1.0,10.222535709706372,6,0.8720787207872079,0,0.0,0.4,44.715,38.995000000000005,1.146685472496474,0.0
47,6,10,0.0,-13.242413735155722,13,0.0,10,1.0,0.25,13.041,53.556,0.24350212861304057,0.0
47,7,10,1.0,10.610994612515542,3,0.7935933697296588,0,0.0,0.2,15.203,12.065000000000001,1.2600911728139244,0.0
47,8,10,1.0,9.79514407882506,9,0.7935032749159143,0,0.0,0.7000000000000001,33.894,26.895,1.260234244283324,0.0
47,9,10,0.0,-25.407367793087534,200,0.0,0,0.0,15.000000000000002,458.2500000000018,51.964000000000006,8.818605188207254,0.0
48,0,10,1.0,8.83196713269561,9,0.40039283083722066,1,0.0,0.65,40.730000000000004,16.308,2.4975472160902625,0.0
48,1,10,0.0,-13.018572367738141,14,0.0,10,1.0,0.25,35.141,57.80199999999999,0.6079547420504481,0.0
48,2,10,0.0,-23.12917967402557,200,0.0,0,0.0,10.000000000000007,875.5970000000008,46.384,18.87713435667473,0.0
48,3,10,0.0,-22.875041431885965,200,0.0,0,0.0,10.000000000000007,729.1340000000026,18.101999999999997,40.27919566898701,0.0
48,4,10,1.0,9.988240514574173,8,0.9594562924771501,0,0.0,0.5,38.403000000000006,36.846000000000004,1.042256961406937,0.0
48,5,10,0.0,-26.55495230711388,200,0.0,1,0.0,14.950000000000003,880.3539999999987,42.56400000000001,20.68306550136262,0.0
48,6,10,1.0,10.51677098752379,4,0.943535514764565,0,0.0,0.2,25.060000000000002,23.645,1.059843518714316,0.0
48,7,10,0.0,-13.526847454495059,14,0.0,10,1.0,0.2,13.329,32.469,0.4105146447380578,0.0
48,8,10,0.0,-26.029020921172087,200,0.0,0,0.0,15.050000000000002,961.8450000000026,37.474000000000004,25.666995783743463,0.0
48,9,10,0.0,-23.24988406819514,200,0.0,0,0.0,10.000000000000007,791.9310000000038,42.525000000000006,18.622716049382802,0.0
49,0,10,1.0,9.766168581583733,10,0.9693910256410255,0,0.0,0.5499999999999999,49.92,48.391999999999996,1.0315754670193422,0.0
49,1,10,0.0,-12.9,10,0.0,10,1.0,0.0,0.0,70.351,0.0,0.0
49,2,10,0.0,-12.9,10,0.0,10,1.0,0.0,0.0,65.432,0.0,0.0
49,3,10,0.0,-23.444602412942118,200,0.0,0,0.0,10.15000000000001,905.1990000000011,51.05800000000001,17.728837792314643,0.0
49,4,10,1.0,10.875,1,1.0,0,0.0,0.05,6.997,6.997,1.0,0.0
49,5,10,0.0,-23.03625962727365,200,0.0,0,0.0,10.000000000000007,577.999999999998,67.127,8.610544192351782,0.0
49,6,10,1.0,9.954336871317981,8,0.8436639967139042,0,0.0,0.5499999999999999,48.69,41.077999999999996,1.185306003213399,0.0
49,7,10,0.0,-30.794502455838106,200,0.0,0,0.0,24.849999999999998,321.76699999999886,58.025,5.54531667384746,0.0
49,8,10,1.0,10.046074676003345,6,0.9740157279922632,0,0.0,0.7500000000000001,39.293,38.272,1.0266774665551839,0.0
49,9,10,1.0,9.95453487680038,8,0.9097406464887109,0,0.0,0.55,36.938,33.604000000000006,1.0992143792405664,0.0
50,0,10,0.0,-22.94247816955887,200,0.0,0,0.0,10.000000000000007,896.3999999999991,45.23500000000001,19.816513761467867,0.0
50,1,10,0.0,-22.93509453818366,200,0.0,0,0.0,10.050000000000008,279.2569999999994,57.014,4.89804258603149,0.0
50,2,10,0.0,-23.12270279558073,200,0.0,0,0.0,10.000000000000007,985.0150000000026,58.19899999999999,16.924947164040667,0.0
50,3,10,0.0,-23.216680632782545,200,0.0,0,0.0,10.000000000000007,919.5039999999993,51.07599999999999,18.00266269872346,0.0
50,4,10,0.0,-23.154678268026753,200,0.0,0,0.0,10.000000000000007,1052.3999999999942,34.019,30.935653605338025,0.0
50,5,10,0.0,-23.07427180012,200,0.0,0,0.0,10.000000000000007,1230.4579999999958,56.674,21.711155026996433,0.0
50,6,10,1.0,10.708448840725806,2,1.0,0,0.0,0.2,15.872,15.872,1.0,0.0
50,7,10,0.0,-25.638908744341187,200,0.0,0,0.0,15.000000000000004,913.0709999999987,41.97,21.75532523230876,0.0
50,8,10,0.0,-22.984082308420046,200,0.0,0,0.0,10.000000000000007,870.8320000000023,42.28,20.596783349101283,0.0
50,9,10,0.0,-30.550868733561753,200,0.0,0,0.0,25.0,510.5999999999995,50.18800000000001,10.17374671236151,0.0
51,0,10,0.0,-24.661419005988297,200,0.0,0,0.0,13.300000000000013,1130.417000000001,39.577,28.562473153599342,0.0
51,1,10,1.0,10.465168806466952,4,0.82284149204417,0,0.0,0.3,23.002000000000002,18.927,1.2153008929043168,0.0
51,2,10,1.0,9.766336375285183,9,0.803520755380327,0,0.0,0.7500000000000002,39.821,31.997,1.2445229240241271,0.0
51,3,10,0.0,-25.648754406860334,200,0.0,0,0.0,15.000000000000004,483.22999999999877,41.980000000000004,11.510957598856567,0.0
51,4,10,1.0,9.6149492830639,10,0.8572319102344836,0,0.0,0.8500000000000001,62.563,53.631,1.1665454681061327,0.0
51,5,10,1.0,10.605006208806953,3,0.7114509004417261,0,0.0,0.2,14.715,10.469,1.4055783742477792,0.0
51,6,10,0.0,-30.560334542051603,200,0.0,0,0.0,25.0,515.8000000000009,42.745000000000005,12.06690841034041,0.0
51,7,10,0.0,-23.3023574717314,200,0.0,0,0.0,10.200000000000012,939.7480000000002,59.07600000000001,15.907441262103054,0.0
51,8,10,1.0,10.610646947288586,3,0.8322287445559553,0,0.0,0.2,15.843,13.185,1.2015927189988622,0.0
51,9,10,1.0,9.689584727496664,10,0.9155233978575457,0,0.0,0.7000000000000001,53.209999999999994,48.714999999999996,1.0922713743200245,0.0
52,0,10,1.0,10.321931385893276,5,1.0,0,0.0,0.4,28.653000000000002,28.653000000000002,1.0,0.0
52,1,10,0.0,-30.273438860774476,200,0.0,0,0.0,24.5,1205.53,59.479,20.268161872257433,0.0
52,2,10,1.0,10.736442362836934,2,0.1542339898572945,0,0.0,0.2,33.916,5.231,6.483655132861785,0.0
52,3,10,0.0,-26.06106060606059,200,0.0,0,0.0,15.100000000000003,1472.1459999999984,39.666,37.113548126859236,0.0
52,4,10,1.0,10.639137598301732,3,1.0,0,0.0,0.15000000000000002,20.726999999999997,20.726999999999997,1.0,0.0
52,5,10,0.0,-13.345139878559346,18,0.0,10,1.0,0.6000000000000001,31.310999999999996,36.067,0.8681343055979149,0.0
52,6,10,0.0,-13.677832728152993,18,0.0,10,1.0,0.55,30.675000000000004,41.31000000000001,0.742556281771968,0.0
52,7,10,1.0,10.63444303476275,3,1.0,0,0.0,0.15000000000000002,15.764,15.764,1.0,0.0
52,8,10,1.0,10.19962361638688,6,0.9287583930806875,0,0.0,0.44999999999999996,26.361,24.483000000000004,1.0767062859943632,0.0
52,9,10,0.0,-12.980726648453077,12,0.0,10,1.0,0.15000000000000002,24.881999999999998,67.715,0.3674518201284796,0.0
53,0,10,0.0,-22.947360126083467,200,0.0,0,0.0,10.000000000000007,893.9219999999991,38.07,23.481008668242687,0.0
53,1,10,0.0,-25.53355395977614,200,0.0,0,0.0,15.000000000000004,1603.4999999999993,39.13100000000001,40.97774143262372,0.0
53,2,10,1.0,10.001731996995588,8,0.6719661840320494,0,0.0,0.49999999999999994,63.402,42.604,1.4881701248709043,0.0
53,3,10,0.0,-12.905796943796943,11,0.0,10,1.0,0.1,3.177,19.305,0.16456876456876457,0.0
53,4,10,0.0,-13.062167821770856,11,0.0,10,1.0,0.05,3.642,43.718999999999994,0.08330474164550883,0.0
53,5,10,1.0,10.497403350186406,4,0.8095001860349746,0,0.0,0.25,24.188999999999997,19.581,1.235330166998621,0.0
53,6,10,0.0,-13.945599614363697,19,0.0,10,1.0,0.44999999999999996,30.103000000000005,79.86800000000001,0.37690940051084293,0.0
53,7,10,0.0,-13.026797682755753,15,0.0,10,1.0,0.39999999999999997,24.523,38.494,0.6370603210890009,0.0
53,8,10,0.0,-14.403920996818666,19,0.0,10,1.0,0.7000000000000001,37.159000000000006,11.316,3.2837575114881585,0.0
53,9,10,0.0,-13.05761477438956,15,0.0,10,1.0,0.45000000000000007,26.125999999999998,35.548,0.7349499268594575,0.0
54,0,10,1.0,10.587355189400373,3,1.0,0,0.0,0.25,35.322,35.322,1.0,0.0
54,1,10,0.0,-24.67307566200089,200,0.0,0,0.0,13.350000000000012,530.7160000000007,60.083,8.833047617462523,0.0
54,2,10,0.0,-24.535652810351838,200,0.0,0,0.0,12.750000000000018,654.7769999999996,61.82500000000001,10.590812778002418,0.0
54,3,10,0.0,-23.541683351930704,200,0.0,0,0.0,10.100000000000009,1034.562000000001,63.629,16.259284288610555,0.0
54,4,10,0.0,-22.8329285478697,200,0.0,0,0.0,10.000000000000007,1114.3999999999985,33.351000000000006,33.41429042607413,0.0
54,5,10,1.0,10.446136487221317,4,0.7157034442498541,0,0.0,0.35000000000000003,25.695,18.39,1.397226753670473,0.0
54,6,10,1.0,10.464415751895071,4,1.0,0,0.0,0.3,31.793,31.793,1.0,0.0
54,7,10,0.0,-13.050853846549156,14,0.0,10,1.0,0.25,15.565000000000001,19.459000000000003,0.7998869417750141,0.0
54,8,10,0.0,-23.173108419139893,200,0.0,0,0.0,10.000000000000007,971.461000000002,41.275,23.536305269533663,0.0
54,9,10,0.0,-13.34376811888837,14,0.0,10,1.0,0.4,21.455,49.189,0.4361747545182866,0.0
55,0,10,1.0,10.10526149233844,7,1.0,0,0.0,0.45,30.020000000000003,30.020000000000003,1.0,0.0
55,1,10,0.0,-23.107765208204903,200,0.0,0,0.0,10.000000000000007,283.45999999999935,68.15400000000001,4.159110250315452,0.0
55,2,10,0.0,-23.458871746069732,200,0.0,0,0.0,10.05000000000001,446.58500000000015,66.727,6.6927180901284355,0.0
55,3,10,1.0,9.653708431074927,10,0.7129716169019628,0,0.0,0.8000000000000002,40.658,28.988000000000003,1.4025803780874844,0.0
55,4,10,1.0,9.529643105022831,12,0.8492190287105832,0,0.0,0.65,64.47099999999999,54.75,1.177552511415525,0.0
55,5,10,1.0,10.159354636233951,7,0.6902731551686787,0,0.0,0.35,50.776999999999994,35.05,1.4487018544935806,0.0
55,6,10,1.0,10.754926503340759,2,1.0,0,0.0,0.1,6.734999999999999,6.734999999999999,1.0,0.0
55,7,10,0.0,-25.42517600149523,200,0.0,0,0.0,15.000000000000004,975.600000000003,48.153,20.260419911532054,0.0
55,8,10,1.0,10.344779695770349,5,0.9775322798676176,0,0.0,0.35000000000000003,21.453,20.971,1.0229841209289017,0.0
55,9,10,0.0,-25.58832474363748,200,0.0,0,0.0,14.950000000000003,1108.9749999999979,75.284,14.730553636894928,0.0
56,0,10,0.0,-13.490132938239533,14,0.0,10,1.0,0.2,19.243,49.271,0.39055428142314946,0.0
56,1,10,1.0,10.727963548132266,2,1.0,0,0.0,0.15000000000000002,8.861,8.861,1.0,0.0
56,2,10,1.0,9.355918375371067,12,0.8426850885476204,0,0.0,1.0,60.363,50.867000000000004,1.1866829181984389,0.0
56,3,10,0.0,-13.045671362756224,14,0.0,10,1.0,0.39999999999999997,15.699,29.954000000000004,0.5241036255591907,0.0
56,4,10,1.0,9.834551457597174,8,0.952781752377746,0,0.0,0.8,47.524,45.28,1.0495583038869258,0.0
56,5,10,1.0,10.2554159624737,6,0.8939076277979898,0,0.0,0.35,32.434,28.993,1.1186838202324698,0.0
56,6,10,1.0,10.158512620819137,7,0.8338503464471051,0,0.0,0.35,34.493,28.761999999999997,1.1992559627286004,0.0
56,7,10,1.0,10.60653969510988,3,1.0,0,0.0,0.2,25.255000000000003,25.255000000000003,1.0,0.0
56,8,10,0.0,-23.147688572680956,200,0.0,0,0.0,10.000000000000007,775.1070000000024,29.657,26.135718380146418,0.0
56,9,10,0.0,-22.98625684071921,200,0.0,0,0.0,10.000000000000007,607.9980000000027,24.303,25.017405258610157,0.0
57,0,10,0.0,-13.094119950154086,15,0.0,10,1.0,0.35,53.785,59.382999999999996,0.905730596298604,0.0
57,1,10,0.0,-23.431505770904124,200,0.0,0,0.0,10.050000000000008,841.6450000000026,60.909,13.818072862795361,0.0
57,2,10,0.0,-12.9,10,0.0,10,1.0,0.0,0.0,58.80800000000001,0.0,0.0
57,3,10,1.0,10.609907321594068,3,0.8237898915865016,0,0.0,0.2,13.098,10.79,1.213901760889713,0.0
57,4,10,1.0,10.200940376385061,6,0.9383836716729933,0,0.0,0.45,36.354,34.114,1.0656621914756406,0.0
57,5,10,1.0,10.315606392614018,5,0.9307897313173066,0,0.0,0.4,36.772000000000006,34.227000000000004,1.0743565021766441,0.0
57,6,10,0.0,-12.899999999999999,10,0.0,10,1.0,0.0,0.0,56.071999999999996,0.0,0.0
57,7,10,1.0,10.734100719424461,2,0.48465095126203295,0,0.0,0.15000000000000002,13.193,6.394,2.063340631842352,0.0
57,8,10,0.0,-23.14761342738724,200,0.0,0,0.0,10.000000000000007,1207.1389999999978,36.433,33.13312107155595,0.0
57,9,10,1.0,9.952209248135874,7,0.8506739494317681,0,0.0,0.75,45.403999999999996,38.623999999999995,1.1755385252692627,0.0
58,0,10,0.0,-23.24843902223019,200,0.0,0,0.0,10.050000000000008,751.7190000000013,56.455000000000005,13.315366220883911,0.0
58,1,10,0.0,-23.19118454935633,200,0.0,0,0.0,10.100000000000009,1143.4189999999965,45.434999999999995,25.166039396940608,0.0
58,2,10,0.0,-13.05734387492227,13,0.0,10,1.0,0.2,26.249000000000002,45.028000000000006,0.5829483876698943,0.0
58,3,10,0.0,-25.535848330285845,200,0.0,0,0.0,15.000000000000004,811.3130000000011,41.564,19.51960831488791,0.0
58,4,10,1.0,10.085094445594017,7,0.7884812604885326,0,0.0,0.5000000000000001,42.903999999999996,33.829,1.2682609595317627,0.0
58,5,10,0.0,-25.55945221485266,200,0.0,0,0.0,15.000000000000002,656.1759999999981,29.099,22.549778342898318,0.0
58,6,10,0.0,-13.070831504680426,13,0.0,10,1.0,0.15000000000000002,9.89,36.001000000000005,0.27471459126135384,0.0
58,7,10,0.0,-14.449266476286464,23,0.0,10,1.0,1.0000000000000002,57.580999999999996,35.718,1.612100341564477,0.0
58,8,10,0.0,-13.779265476599154,23,0.0,10,1.0,1.05,72.714,43.69499999999999,1.6641263302437352,0.0
58,9,10,1.0,10.464932344585158,4,0.9727387699658063,0,0.0,0.3,21.349,20.767,1.0280252323397698,0.0
59,0,10,0.0,-23.14991042390162,200,0.0,0,0.0,10.050000000000008,776.9890000000024,54.423,14.276849861271932,0.0
59,1,10,1.0,10.318318090487079,5,0.9359770431737489,0,0.0,0.39999999999999997,61.681,57.732,1.0684022725698052,0.0
59,2,10,1.0,9.878675551788014,9,0.6178421787709498,0,0.0,0.55,51.55199999999999,31.851,1.6185363096920031,0.0
59,3,10,1.0,9.931686511240633,8,0.975629569455727,0,0.0,0.6000000000000001,49.24,48.04,1.0249791840133222,0.0
59,4,10,0.0,-24.37284349084557,200,0.0,0,0.0,12.500000000000016,685.6499999999987,43.531,15.75084422595389,0.0
59,5,10,1.0,10.270633833600465,5,0.7645944741532978,0,0.0,0.5,35.903999999999996,27.452,1.3078828500655688,0.0
59,6,10,0.0,-23.60333382328624,200,0.0,0,0.0,10.100000000000009,1041.241000000005,54.42700000000001,19.130964411046076,0.0
59,7,10,1.0,10.366821665522764,4,0.9053907099580549,0,0.0,0.5,38.622,34.967999999999996,1.1044955387783117,0.0
59,8,10,0.0,-25.871149418817293,200,0.0,0,0.0,14.900000000000002,531.5800000000007,35.531,14.961019954406032,0.0
59,9,10,0.0,-29.63453375021248,200,0.0,0,0.0,23.35000000000002,917.4999999999983,52.933,17.33323257703131,0.0
60,0,10,0.0,-25.65115464140992,200,0.0,0,0.0,14.950000000000003,864.2899999999955,59.971000000000004,14.411799036200755,0.0
60,1,10,0.0,-13.111156095260554,11,0.0,10,1.0,0.05,2.291,21.205,0.10804055647253007,0.0
60,2,10,0.0,-23.063091053407426,200,0.0,0,0.0,10.000000000000007,1338.2000000000028,44.095,30.348112030842564,0.0
60,3,10,0.0,-12.961850408779556,11,0.0,10,1.0,0.05,4.121,67.885,0.060705605067393385,0.0
60,4,10,1.0,10.24364008667389,5,1.0,0,0.0,0.55,23.075000000000003,23.075000000000003,1.0,0.0
60,5,10,1.0,10.875,1,1.0,0,0.0,0.05,7.196,7.196,1.0,0.0
60,6,10,1.0,10.324206926344589,5,0.6300866488227556,0,0.0,0.4,22.043,13.889,1.5870833033335734,0.0
60,7,10,1.0,9.5022853065593,11,0.8224075781708442,0,0.0,0.9,47.716,39.242000000000004,1.2159421028489883,0.0
60,8,10,0.0,-23.097645062055783,200,0.0,0,0.0,10.000000000000007,1047.8850000000057,56.56199999999999,18.526307414872278,0.0
60,9,10,1.0,9.622422786661792,10,0.801850074642781,0,0.0,0.8500000000000001,37.512,30.079,1.2471159280561188,0.0
61,0,10,1.0,10.21879613710356,6,0.9552713422091762,0,0.0,0.39999999999999997,28.617000000000004,27.337,1.0468229871602592,0.0
61,1,10,0.0,-25.520533343624507,200,0.0,0,0.0,15.050000000000002,656.6849999999981,51.82399999999999,12.671445662241398,0.0
61,2,10,1.0,9.745958600841266,9,0.7915188154378588,0,0.0,0.8000000000000002,45.653999999999996,36.136,1.2633938454726585,0.0
61,3,10,0.0,-22.923682430354724,200,0.0,0,0.0,10.000000000000007,1164.5300000000013,32.522000000000006,35.8074534161491,0.0
61,4,10,0.0,-23.3244470497085,200,0.0,0,0.0,10.050000000000008,660.4119999999967,24.523,26.93031032092308,0.0
61,5,10,0.0,-23.258318897637807,200,0.0,0,0.0,10.000000000000007,1183.564,17.78,66.56715410573678,0.0
61,6,10,1.0,10.051624070188822,7,0.9805498410323544,0,0.0,0.55,26.735000000000003,26.215,1.0198359717718863,0.0
61,7,10,1.0,10.34282759767863,5,0.6845394736842106,0,0.0,0.35,39.519999999999996,27.053,1.4608361364728495,0.0
61,8,10,1.0,9.880013346536357,8,0.7975894098861664,0,0.0,0.7000000000000001,58.24300000000001,46.454,1.2537779308563313,0.0
61,9,10,1.0,10.04899791728652,6,0.9524484243935616,0,0.0,0.7500000000000001,35.288,33.61,1.049925617375781,0.0
62,0,10,0.0,-22.95436664847451,200,0.0,0,0.0,10.000000000000007,1027.2829999999951,56.80100000000001,18.08564990052983,0.0
62,1,10,1.0,10.379396114693595,5,0.8734634595628608,0,0.0,0.3,28.229000000000003,24.657,1.1448675832420814,0.0
62,2,10,0.0,-13.00208349464447,13,0.0,10,1.0,0.30000000000000004,20.002,15.497999999999998,1.290618144276681,0.0
62,3,10,0.0,-23.34123937297896,200,0.0,0,0.0,10.050000000000008,1088.1890000000003,46.697,23.303188641668633,0.0
62,4,10,1.0,10.607673595754092,3,1.0,0,0.0,0.2,9.044,9.044,1.0,0.0
62,5,10,1.0,10.730112600738117,2,1.0,0,0.0,0.15000000000000002,13.277000000000001,13.277000000000001,1.0,0.0
62,6,10,0.0,-23.09251533742333,200,0.0,0,0.0,10.000000000000007,678.5999999999993,36.675,18.50306748466256,0.0
62,7,10,0.0,-23.596561648693537,200,0.0,0,0.0,10.450000000000014,859.4250000000027,62.037000000000006,13.85342618115,0.0
62,8,10,1.0,10.4633923087376,4,1.0,0,0.0,0.3,36.795,36.795,1.0,0.0
62,9,10,0.0,-12.800702923619589,13,0.0,10,1.0,0.25,36.712999999999994,58.968,0.6225919142585807,0.0
63,0,10,0.0,-13.29615386263336,13,0.0,10,1.0,0.25,12.121,46.678000000000004,0.25967265092763187,0.0
63,1,10,0.0,-24.6749336343115,200,0.0,0,0.0,13.300000000000013,561.5790000000001,55.375,10.141381489841988,0.0
63,2,10,0.0,-23.010991284944367,200,0.0,0,0.0,10.000000000000007,407.13699999999903,47.504,8.570583529807996,0.0
63,3,10,1.0,10.249294604537095,6,0.756651434668646,0,0.0,0.35,43.111000000000004,32.620000000000005,1.3216125076640097,0.0
63,4,10,1.0,9.665676180767925,10,0.8860333360702851,0,0.0,0.75,36.537,32.373000000000005,1.1286257066073577,0.0
63,5,10,1.0,9.236049109575603,13,0.6977915006236121,0,0.0,1.05,65.74600000000001,45.877,1.4330928351897467,0.0
63,6,10,1.0,10.875,1,1.0,0,0.0,0.05,7.655,7.655,1.0,0.0
63,7,10,0.0,-23.17395352254598,200,0.0,0,0.0,10.150000000000011,1075.7519999999997,47.636,22.58275254009572,0.0
63,8,10,1.0,10.8,1,1.0,0,0.0,0.2,6.938,6.938,1.0,0.0
63,9,10,0.0,-13.319352330741767,13,0.0,10,1.0,0.25,16.169,59.938,0.26976208749040675,0.0
64,0,10,0.0,-23.06493708846123,200,0.0,0,0.0,10.050000000000008,690.1229999999975,54.521,12.657929971937373,0.0
64,1,10,0.0,-12.9,10,0.0,10,1.0,0.0,0.0,19.679,0.0,0.0
64,2,10,0.0,-25.497412976693727,200,0.0,0,0.0,15.000000000000004,1340.6830000000016,43.293000000000006,30.96766220867118,0.0
64,3,10,1.0,8.903504846492165,15,0.6331940895756446,0,0.0,1.3,73.97099999999999,46.838,1.5792945898629316,0.0
64,4,10,1.0,9.711321185286103,10,0.6871211589318731,0,0.0,0.7,42.729,29.360000000000003,1.4553474114441416,0.0
64,5,10,1.0,9.376813699800074,12,0.8628347485303723,0,0.0,0.9500000000000003,59.708999999999996,51.519,1.1589704769114306,0.0
64,6,10,0.0,-12.9,10,0.0,10,1.0,0.0,0.0,42.744,0.0,0.0
64,7,10,0.0,-12.9,10,0.0,10,1.0,0.0,0.0,50.701,0.0,0.0
64,8,10,0.0,-12.9,10,0.0,10,1.0,0.0,0.0,51.461,0.0,0.0
64,9,10,0.0,-25.45057933753656,200,0.0,0,0.0,14.950000000000003,809.5759999999974,55.03699999999999,14.70966804149931,0.0
65,0,10,0.0,-28.0342589221597,200,0.0,0,0.0,20.000000000000025,845.553000000001,59.879,14.121027405267306,0.0
65,1,10,0.0,-28.059481109705917,200,0.0,0,0.0,19.850000000000016,1714.2360000000078,75.91199999999999,22.581884287069343,0.0
65,2,10,1.0,10.732199452567889,2,0.8118713450292396,0,0.0,0.15000000000000002,17.1,13.883,1.2317222502340994,0.0
65,3,10,1.0,10.058809969430408,7,0.6229814026700868,0,0.0,0.55,51.459,32.058,1.605184353359536,0.0
65,4,10,0.0,-13.337444400317715,16,0.0,10,1.0,0.55,23.101,25.18,0.9174344718030183,0.0
65,5,10,0.0,-13.101033988044406,16,0.0,10,1.0,0.6,31.569000000000003,29.275,1.0783603757472247,0.0
65,6,10,1.0,10.489130860381248,4,1.0,0,0.0,0.25,19.409999999999997,19.409999999999997,1.0,0.0
65,7,10,0.0,-25.40948586605957,200,0.0,0,0.0,15.000000000000004,941.6629999999986,52.709999999999994,17.86497818250804,0.0
65,8,10,0.0,-25.596196168777013,200,0.0,0,0.0,14.950000000000003,1167.7220000000045,55.126,21.182781264739045,0.0
65,9,10,1.0,10.117276412623175,7,0.8037092731829573,0,0.0,0.45000000000000007,39.900000000000006,32.068,1.2442310091056508,0.0
66,0,10,0.0,-33.05741078965547,200,0.0,0,0.0,29.850000000000005,1173.9739999999965,52.123999999999995,22.522715064077904,0.0
66,1,10,0.0,-13.086606300101616,13,0.0,10,1.0,0.2,24.339000000000002,44.285000000000004,0.5495991870836626,0.0
66,2,10,1.0,10.585223782611179,3,0.9850418939436539,0,0.0,0.25,17.783,17.517,1.0151852486156305,0.0
66,3,10,1.0,2.84717756120751,16,0.4352369128905443,6,0.0,1.2000000000000002,48.33,21.035000000000004,2.297599239362966,0.0
66,4,10,0.0,-30.3035253776178,200,0.0,0,0.0,25.0,1370.2820000000056,35.287,38.83248788505698,0.0
66,5,10,0.0,-23.040689416450206,200,0.0,0,0.0,10.050000000000008,972.6310000000008,64.279,15.131395945798797,0.0
66,6,10,1.0,10.354757793227181,5,0.562401463076244,0,0.0,0.35,31.714,17.836,1.7780892576810945,0.0
66,7,10,0.0,-13.155615895479613,13,0.0,10,1.0,0.25,18.216,50.592999999999996,0.3600498092621509,0.0
66,8,10,1.0,10.381408374848526,5,0.2845375833269481,0,0.0,0.3,26.102,7.427,3.514474215699475,0.0
66,9,10,1.0,9.86078712051518,9,0.9464024517656892,0,0.0,0.55,57.428000000000004,54.35,1.0566329346826127,0.0
67,0,10,0.0,-25.486655669511638,200,0.0,0,0.0,15.000000000000002,1445.2230000000025,27.886,51.826113461952325,0.0
67,1,10,0.0,-25.601284090239673,200,0.0,0,0.0,15.000000000000002,951.1529999999985,33.95399999999999,28.012988160452338,0.0
67,2,10,0.0,-30.772965744525766,200,0.0,0,0.0,24.85,1475.5630000000037,63.114000000000004,23.379329467313173,0.0
67,3,10,0.0,-23.05573626373619,200,0.0,0,0.0,10.000000000000007,1138.664,56.87499999999999,20.020465934065935,0.0
67,4,10,1.0,10.106722656136581,7,0.9291803809421033,0,0.0,0.45,37.065999999999995,34.440999999999995,1.0762172991492698,0.0
67,5,10,1.0,10.39738109504906,5,0.9838252090932537,0,0.0,0.25,27.141000000000002,26.701999999999998,1.0164407160512323,0.0
67,6,10,0.0,-22.989657145372124,200,0.0,0,0.0,10.000000000000007,1103.1030000000028,45.44200000000001,24.27496589058586,0.0
67,7,10,0.0,-23.05744330032233,200,0.0,0,0.0,10.15000000000001,831.7459999999976,68.563,12.131120283534816,0.0
67,8,10,0.0,-23.19826527102069,200,0.0,0,0.0,10.000000000000007,1087.6130000000003,40.69799999999999,26.723991350926347,0.0
67,9,10,0.0,-24.818069535001772,200,0.0,0,0.0,13.350000000000012,632.6710000000007,51.226,12.350583687970968,0.0
68,0,10,0.0,-22.979456697429494,200,0.0,0,0.0,10.000000000000007,965.5980000000035,38.358,25.17331456280316,0.0
68,1,10,1.0,10.37266543062729,5,0.9861564581428759,0,0.0,0.3,22.970999999999997,22.653,1.0140378757780426,0.0
68,2,10,0.0,-25.551546391752613,200,0.0,0,0.0,15.000000000000004,719.736000000001,29.973,24.012811530377373,0.0
68,3,10,1.0,10.313987683905482,5,1.0,0,0.0,0.4,35.888,35.888,1.0,0.0
68,4,10,1.0,10.20703390252402,6,0.7815193074603638,0,0.0,0.44999999999999996,51.405,40.174,1.2795589187036391,0.0
68,5,10,0.0,-23.3086398699786,200,0.0,0,0.0,10.25000000000001,811.5000000000013,41.224,19.68513487288961,0.0
68,6,10,1.0,10.273269508477295,5,0.8646411394746578,0,0.0,0.5,21.624000000000002,18.697000000000003,1.1565491790126758,0.0
68,7,10,1.0,9.289332619271658,12,0.7297577652455949,0,0.0,1.1500000000000001,68.44600000000001,49.949,1.3703177240785605,0.0
68,8,10,1.0,10.516378221323901,4,0.9681996086105678,0,0.0,0.2,16.351999999999997,15.832,1.0328448711470437,0.0
68,9,10,1.0,9.419807811531308,12,0.6070079585209136,0,0.0,0.9,71.74700000000001,43.550999999999995,1.6474248582122115,0.0
69,0,10,1.0,10.734126074498569,2,0.1553873552983081,0,0.0,0.2,11.23,1.745,6.435530085959885,0.0
69,1,10,0.0,-23.08289388721472,200,0.0,0,0.0,10.000000000000007,1115.2819999999986,37.168,30.006510977184636,0.0
69,2,10,1.0,10.370413386777418,5,0.9168474651317245,0,0.0,0.3,22.585,20.707,1.090693968223306,0.0
69,3,10,0.0,-22.975933711082693,200,0.0,0,0.0,10.000000000000007,1054.2250000000015,49.239,21.410365766973367,0.0
69,4,10,0.0,-22.916310425049094,200,0.0,0,0.0,10.050000000000008,874.8690000000008,52.441,16.682919852786956,0.0
69,5,10,0.0,-22.909082234393807,200,0.0,0,0.0,10.000000000000007,856.6629999999993,52.399,16.348842535162873,0.0
69,6,10,1.0,10.34320562830872,5,0.9824129200027373,0,0.0,0.35,29.226,28.712,1.0179019225410977,0.0
69,7,10,1.0,10.248686326339556,6,0.6794253002581658,0,0.0,0.35,26.727,18.159,1.4718321493474311,0.0
69,8,10,1.0,9.325393583042974,12,0.7519650655021831,0,0.0,1.05,91.60000000000002,68.88,1.3298490127758424,0.0
69,9,10,0.0,-29.67222480663082,200,0.0,0,0.0,23.20000000000002,845.9009999999987,54.17100000000001,15.61538461538459,0.0
70,0,10,0.0,-24.56317093433818,200,0.0,0,0.0,12.500000000000014,602.8609999999995,33.702999999999996,17.887458089784282,0.0
70,1,10,1.0,10.199714725500257,6,0.7308521608699728,0,0.0,0.44999999999999996,53.334999999999994,38.98,1.3682657773217033,0.0
70,2,10,1.0,9.958237097839419,8,0.9076040417879774,0,0.0,0.55,46.712,42.396,1.101802056797811,0.0
70,3,10,1.0,0.14619883466860983,18,0.17915394451838512,9,0.0,0.55,38.319,6.865,5.581791697013839,0.0
70,4,10,1.0,10.269596428896783,5,0.9495264045672764,0,0.0,0.49999999999999994,23.121000000000002,21.954,1.0531566001639794,0.0
70,5,10,1.0,10.485392845736186,4,0.5661503224639866,0,0.0,0.25,16.591,9.393,1.7663153412115404,0.0
70,6,10,1.0,10.610579823873048,3,1.0,0,0.0,0.2,22.938000000000002,22.938000000000002,1.0,0.0
70,7,10,1.0,10.372842270673738,5,0.96498128228214,0,0.0,0.3,42.206,40.728,1.0362895305440976,0.0
70,8,10,0.0,-13.459122972800408,14,0.0,10,1.0,0.4,30.812,39.155,0.7869237645256034,0.0
70,9,10,0.0,-12.88645056227112,14,0.0,10,1.0,0.25,24.467999999999996,30.857,0.7929481155005347,0.0
71,0,10,0.0,-24.901229681463622,200,0.0,0,0.0,13.300000000000013,617.5279999999989,54.876000000000005,11.253152562140077,0.0
71,1,10,1.0,10.7278162219207,2,0.9235588972431078,0,0.0,0.15000000000000002,7.182,6.633000000000001,1.0827679782903663,0.0
71,2,10,1.0,10.271935608811425,5,1.0,0,0.0,0.5,20.655,20.655,1.0,0.0
71,3,10,1.0,10.875,1,1.0,0,0.0,0.05,7.849,7.849,1.0,0.0
71,4,10,0.0,-25.408342524027105,200,0.0,0,0.0,15.000000000000002,884.6000000000003,25.388,34.84323302347566,0.0
71,5,10,1.0,10.758639515823983,2,0.7744360902255639,0,0.0,0.1,10.241,7.931,1.29126213592233,0.0
71,6,10,0.0,-23.23962117410935,200,0.0,0,0.0,10.050000000000008,601.479999999999,49.825,12.07185148018061,0.0
71,7,10,0.0,-12.795842565840074,12,0.0,10,1.0,0.2,26.168,48.10900000000001,0.5439314889105987,0.0
71,8,10,1.0,10.60851154630376,3,1.0,0,0.0,0.2,21.089000000000002,21.089000000000002,1.0,0.0
71,9,10,0.0,-12.826749397590362,12,0.0,10,1.0,0.15000000000000002,11.620999999999999,20.75,0.5600481927710843,0.0
72,0,10,0.0,-24.764684486056577,200,0.0,0,0.0,12.550000000000015,693.7999999999996,49.66499999999999,13.969596295177684,0.0
72,1,10,1.0,10.23792555416144,6,0.6905525961106477,0,0.0,0.39999999999999997,31.162,21.519000000000002,1.4481156187555182,0.0
72,2,10,0.0,-22.894319469169705,200,0.0,0,0.0,10.000000000000007,1067.8000000000047,24.716,43.202783621945485,0.0
72,3,10,0.0,-22.898232951717283,200,0.0,0,0.0,10.000000000000007,967.8000000000052,40.18,24.08661025385777,0.0
72,4,10,0.0,-23.076446184028292,200,0.0,0,0.0,10.000000000000007,361.56799999999924,51.992000000000004,6.954300661640238,0.0
72,5,10,1.0,10.126242088607595,6,0.8522218817039534,0,0.0,0.6,32.63,27.808000000000003,1.17340333716916,0.0
72,6,10,0.0,-25.760570908365327,200,0.0,0,0.0,14.950000000000003,806.1109999999975,40.093999999999994,20.105527011522863,0.0
72,7,10,1.0,10.466652729277707,4,0.9689252960555604,0,0.0,0.3,22.462,21.764,1.0320713104208785,0.0
72,8,10,1.0,9.884187324922596,8,0.8578888407054062,0,0.0,0.7000000000000001,55.344,47.479,1.16565218307041,0.0
72,9,10,1.0,10.253803169207938,6,0.7822089909940274,0,0.0,0.35,53.40899999999999,41.777,1.2784307154654473,0.0
73,0,10,1.0,10.875,1,1.0,0,0.0,0.05,4.504,4.504,1.0,0.0
73,1,10,1.0,9.50155647639445,11,0.7298739253066914,0,0.0,0.9000000000000001,88.28099999999999,64.43400000000001,1.370099636837694,0.0
73,2,10,1.0,10.753927335640139,2,1.0,0,0.0,0.1,8.091999999999999,8.091999999999999,1.0,0.0
73,3,10,0.0,-25.403818891199148,200,0.0,0,0.0,15.000000000000002,1284.5389999999968,42.803000000000004,30.010489918930837,0.0
73,4,10,1.0,10.295819126265316,5,0.9970342171661281,0,0.0,0.45,22.591,22.524,1.0029746048659207,0.0
73,5,10,1.0,10.151314957438185,6,0.8797204293406555,0,0.0,0.55,28.043,24.67,1.1367247669233886,0.0
73,6,10,0.0,-25.58274881516593,200,0.0,0,0.0,15.000000000000004,385.4000000000011,21.1,18.265402843601947,0.0
73,7,10,0.0,-24.78342701786596,200,0.0,0,0.0,13.350000000000012,742.4179999999993,28.322,26.213473624743994,0.0
73,8,10,0.0,-13.291151105614937,15,0.0,10,1.0,0.30000000000000004,38.005,67.92600000000002,0.5595059329270087,0.0
73,9,10,0.0,-13.290827762039658,15,0.0,10,1.0,0.35000000000000003,30.759,26.474999999999998,1.1618130311614732,0.0
74,0,10,1.0,10.340631794830951,5,1.0,0,0.0,0.35,25.111,25.111,1.0,0.0
74,1,10,1.0,10.198970318860244,6,0.8822253145995121,0,0.0,0.44999999999999996,66.831,58.96,1.1334972862957937,0.0
74,2,10,1.0,10.207222779729051,6,0.817593108096229,0,0.0,0.45,34.126999999999995,27.902,1.223102286574439,0.0
74,3,10,1.0,10.755656705173278,2,1.0,0,0.0,0.1,7.964,7.964,1.0,0.0
74,4,10,0.0,-22.823503658765393,200,0.0,0,0.0,10.000000000000007,661.0030000000016,31.977999999999998,20.670554756395074,0.0
74,5,10,1.0,10.12467277921733,6,0.9933669933669933,0,0.0,0.6,30.303,30.102,1.0066772971895555,0.0
74,6,10,0.0,-26.032258272039076,200,0.0,0,0.0,15.000000000000004,606.2940000000006,46.63300000000001,13.001393862715254,0.0
74,7,10,1.0,10.85,1,1.0,0,0.0,0.1,3.868,3.868,1.0,0.0
74,8,10,1.0,10.754042827053592,2,1.0,0,0.0,0.1,8.546,8.546,1.0,0.0
74,9,10,1.0,10.387914609444234,4,0.8022750933143742,0,0.0,0.45,39.383,31.596,1.2464552474996835,0.0
75,0,10,0.0,-13.738481493586075,17,0.0,10,1.0,0.7,41.696,48.956,0.8517035705531497,0.0
75,1,10,0.0,-13.40896412091534,17,0.0,10,1.0,0.65,29.465999999999998,21.238,1.38741877766268,0.0
75,2,10,0.0,-22.892458216691125,200,0.0,0,0.0,10.000000000000007,775.9999999999992,36.07899999999999,21.508356661769987,0.0
75,3,10,0.0,-28.02593814065428,200,0.0,0,0.0,20.000000000000014,1734.620000000008,67.314,25.76908221172428,0.0
75,4,10,1.0,10.129304245859188,7,0.8118603728679096,0,0.0,0.39999999999999997,25.209999999999997,20.467,1.231738896760639,0.0
75,5,10,0.0,-13.087121264706902,12,0.0,10,1.0,0.15000000000000002,14.076,28.813,0.48852948321938017,0.0
75,6,10,0.0,-24.643355730659007,200,0.0,0,0.0,13.300000000000013,669.8119999999985,69.80000000000001,9.5961604584527,0.0
75,7,10,0.0,-25.441919840251007,200,0.0,0,0.0,15.000000000000002,814.4000000000004,70.11,11.616031949793188,0.0
75,8,10,0.0,-37.966374585874796,200,0.0,0,0.0,40.00000000000003,488.6650000000004,32.297,15.130352664334163,0.0
75,9,10,0.0,-13.103233520942684,12,0.0,10,1.0,0.15000000000000002,9.669,47.439,0.20381964206665404,0.0
76,0,10,0.0,-23.188398410018255,200,0.0,0,0.0,10.000000000000007,823.0830000000011,28.428,28.953250316589315,0.0
76,1,10,1.0,9.643656135581328,10,0.6960854635635254,0,0.0,0.8,65.525,45.611000000000004,1.4366052048847866,0.0
76,2,10,0.0,-23.458761428403694,200,0.0,0,0.0,10.15000000000001,373.50099999999935,76.67299999999999,4.871349758063457,0.0
76,3,10,1.0,10.584692373884048,3,0.5446397188049209,0,0.0,0.25,17.07,9.297,1.8360761535979346,0.0
76,4,10,0.0,-12.899999999999999,10,0.0,10,1.0,0.0,0.0,9.177,0.0,0.0
76,5,10,0.0,-12.9,10,0.0,10,1.0,0.0,0.0,55.885,0.0,0.0
76,6,10,1.0,10.519050656837727,4,1.0,0,0.0,0.2,21.162,21.162,1.0,0.0
76,7,10,1.0,10.250337461884254,6,0.8184157040314904,0,0.0,0.35,38.869,31.811,1.2218729370343593,0.0
76,8,10,0.0,-30.548608015249698,200,0.0,0,0.0,25.0,690.5999999999971,65.051,10.61628568354056,0.0
76,9,10,1.0,10.532203298026,3,1.0,0,0.0,0.35,16.616,16.616,1.0,0.0
77,0,10,1.0,10.155564147546281,7,0.9675056390557653,0,0.0,0.35,44.777,43.322,1.0335857070310697,0.0
77,1,10,0.0,-22.904245041176736,200,0.0,0,0.0,10.050000000000008,450.625999999999,62.414,7.21995065209727,0.0
77,2,10,1.0,10.171748206131769,6,0.8904427862919442,0,0.0,0.5000000000000001,44.76199999999999,39.858,1.123036780571027,0.0
77,3,10,1.0,10.143800027342015,6,0.762608491672531,0,0.0,0.55,38.367000000000004,29.259,1.31128883420486,0.0
77,4,10,0.0,-22.932215897420793,200,0.0,0,0.0,10.050000000000008,1084.7160000000054,68.162,15.913793609342527,0.0
77,5,10,0.0,-28.150818771748288,200,0.0,0,0.0,20.00000000000003,813.3890000000033,53.165,15.299332267469262,0.0
77,6,10,1.0,10.343907188529354,5,0.6818301920028185,0,0.0,0.35,22.708,15.483,1.4666408318801265,0.0
77,7,10,0.0,-24.46381299791799,200,0.0,0,0.0,12.600000000000016,1041.366000000002,58.117000000000004,17.918440387494226,0.0
77,8,10,0.0,-23.79239497572303,200,0.0,0,0.0,10.400000000000013,848.9880000000023,56.843999999999994,14.9354021532616,0.0
77,9,10,1.0,10.619634228640841,3,0.42950724637681165,0,0.0,0.2,17.25,7.409000000000001,2.3282494263733295,0.0
78,0,10,1.0,10.304655291516994,5,0.6902536715620827,0,0.0,0.45,20.972,14.475999999999999,1.4487427466150873,0.0
78,1,10,0.0,-22.938547923056788,200,0.0,0,0.0,10.000000000000007,682.1339999999988,42.057,16.2192738426421,0.0
78,2,10,0.0,-22.537496722611547,26,0.0,18,1.0,0.9000000000000001,47.837,61.787,0.7742243514007802,0.0
78,3,10,0.0,-24.027208167228896,200,0.0,0,0.0,12.500000000000014,749.7260000000009,39.132000000000005,19.158898088520925,0.0
78,4,10,1.0,9.92795729025034,8,0.6659564835281898,0,0.0,0.6000000000000001,37.549,25.006,1.5015996160921379,0.0
78,5,10,0.0,-13.447263168766785,15,0.0,10,1.0,0.75,27.339999999999996,24.205,1.1295186944846105,0.0
78,6,10,0.0,-23.669946094493227,200,0.0,0,0.0,10.050000000000008,1257.3219999999974,56.766000000000005,22.149209033576387,0.0
78,7,10,1.0,10.490396883727767,4,0.8844828707014237,0,0.0,0.25,15.383,13.606,1.1306041452300455,0.0
78,8,10,0.0,-13.142346569637825,15,0.0,10,1.0,0.4,34.083,47.54600000000001,0.7168426366045513,0.0
78,9,10,0.0,-25.60833847761062,200,0.0,0,0.0,15.000000000000002,912.5999999999981,42.118,21.667695522104516,0.0
79,0,10,0.0,-23.193720563105174,200,0.0,0,0.0,10.10000000000001,916.7989999999978,61.445,14.920644478802146,0.0
79,1,10,0.0,-28.13810040604016,200,0.0,0,0.0,19.90000000000003,309.1599999999991,53.44299999999999,5.784854892128046,0.0
79,2,10,1.0,10.223713624741263,6,0.8994305322333359,0,0.0,0.39999999999999997,27.394,24.639000000000003,1.111814602865376,0.0
79,3,10,1.0,9.50980960623107,11,0.714954174562048,0,0.0,0.9,51.71800000000001,36.976000000000006,1.3986910428385981,0.0
79,4,10,1.0,10.587326418786693,3,0.7939714108141702,0,0.0,0.25,16.09,12.774999999999999,1.2594911937377693,0.0
79,5,10,1.0,9.105719722118764,14,0.651018385763684,0,0.0,1.1,94.856,61.75300000000001,1.5360549285054974,0.0
79,6,10,0.0,-25.403169453456442,200,0.0,0,0.0,15.000000000000004,1125.1999999999966,40.07,28.080858497629066,0.0
79,7,10,1.0,9.769774376125547,9,0.7154294969722625,0,0.0,0.7999999999999999,54.331,38.87,1.3977617700025728,0.0
79,8,10,0.0,-23.480554743875278,200,0.0,0,0.0,10.150000000000011,979.554000000002,56.12500000000001,17.45307795100226,0.0
79,9,10,1.0,9.936197622996131,8,0.798375885429309,0,0.0,0.6,45.31699999999999,36.17999999999999,1.2525428413488116,0.0
80,0,10,0.0,-12.891256449415941,11,0.0,10,1.0,0.1,4.049,24.227000000000004,0.1671275849259091,0.0
80,1,10,1.0,10.48973496812726,4,1.0,0,0.0,0.25,17.413,17.413,1.0,0.0
80,2,10,1.0,10.612261884183232,3,0.9146968139773894,0,0.0,0.2,12.649000000000001,11.57,1.0932584269662922,0.0
80,3,10,0.0,-12.949037637806335,11,0.0,10,1.0,0.1,3.177,28.482,0.11154413313671793,0.0
80,4,10,0.0,-25.427515156480418,200,0.0,0,0.0,15.000000000000004,396.76299999999986,48.824000000000005,8.126392757660163,0.0
80,5,10,0.0,-33.20791544712489,200,0.0,0,0.0,29.749999999999897,911.4279999999974,55.007000000000005,16.56930936062678,0.0
80,6,10,0.0,-28.124657098989182,200,0.0,0,0.0,19.90000000000003,714.9260000000005,46.89399999999999,15.245575126881917,0.0
80,7,10,0.0,-31.144642276009325,200,0.0,0,0.0,24.75,346.3459999999984,39.332,8.80570527814498,0.0
80,8,10,0.0,-23.714183981866178,200,0.0,0,0.0,10.15000000000001,902.949000000005,21.176,42.64020589346454,0.0
80,9,10,1.0,9.991784292435758,8,0.6323377960865086,0,0.0,0.5,34.956,22.104,1.5814332247557006,0.0
81,0,10,1.0,10.327096986879408,5,0.5832564220889094,0,0.0,0.39999999999999997,26.003999999999998,15.166999999999998,1.7145117689721106,0.0
81,1,10,1.0,9.936331635867283,8,1.0,0,0.0,0.6000000000000001,38.096,38.096,1.0,0.0
81,2,10,0.0,-23.52659425190194,200,0.0,0,0.0,10.100000000000009,963.1789999999985,59.14999999999999,16.283668639053232,0.0
81,3,10,0.0,-24.122617393356204,200,0.0,0,0.0,12.500000000000014,712.0999999999995,38.141,18.670197425342792,0.0
81,4,10,0.0,-28.248815483182028,200,0.0,0,0.0,19.850000000000023,682.4079999999987,46.825,14.573582487987156,0.0
81,5,10,1.0,10.369460718787,5,1.0,0,0.0,0.3,26.182999999999996,26.182999999999996,1.0,0.0
81,6,10,0.0,-30.540556918620165,200,0.0,0,0.0,25.0,548.800000000003,67.658,8.111383724023812,0.0
81,7,10,1.0,10.178695493046115,6,0.6876640419947505,0,0.0,0.49999999999999994,27.813000000000002,19.125999999999998,1.4541984732824431,0.0
81,8,10,1.0,10.639678969627067,3,0.48334494773519165,0,0.0,0.15000000000000002,21.525,10.404,2.0689158016147635,0.0
81,9,10,0.0,-22.974133133767005,200,0.0,0,0.0,10.000000000000007,876.9640000000019,52.113,16.82812350085395,0.0
82,0,10,1.0,9.846924374597677,9,0.8381113612263504,0,0.0,0.6,53.75299999999999,45.05100000000001,1.1931588643981261,0.0
82,1,10,0.0,-26.35442468575274,200,0.0,0,0.0,16.700000000000053,551.5629999999995,23.787,23.187581452053625,0.0
82,2,10,0.0,-24.579594121062858,200,0.0,0,0.0,13.300000000000013,771.8459999999992,49.940999999999995,15.455157085360712,0.0
82,3,10,1.0,9.734328960428085,9,0.9724909247329877,0,0.0,0.8000000000000002,47.657000000000004,46.346,1.028287230828982,0.0
82,4,10,1.0,10.005506738371908,7,0.9127004996055745,0,0.0,0.65,34.227,31.238999999999997,1.0956496686833765,0.0
82,5,10,0.0,-25.791350368162632,200,0.0,0,0.0,14.900000000000002,840.1219999999987,45.632000000000005,18.410808204768554,0.0
82,6,10,1.0,10.728543256997455,2,1.0,0,0.0,0.15000000000000002,11.004000000000001,11.004000000000001,1.0,0.0
82,7,10,1.0,10.757150271431128,2,1.0,0,0.0,0.1,16.763,16.763,1.0,0.0
82,8,10,0.0,-22.913112641776518,200,0.0,0,0.0,10.000000000000007,1092.3999999999983,62.863,17.377471644687628,0.0
82,9,10,0.0,-23.023395920796045,200,0.0,0,0.0,10.000000000000007,1048.3499999999997,60.501999999999995,17.327526362764864,0.0
83,0,10,0.0,-22.99871041153038,200,0.0,0,0.0,10.000000000000007,689.5999999999975,52.73,13.07794424426318,0.0
83,1,10,1.0,9.586478705308174,10,0.7674841386041973,0,0.0,0.9000000000000001,81.96,62.903000000000006,1.3029585234408532,0.0
83,2,10,0.0,-25.599925409604047,200,0.0,0,0.0,15.000000000000004,907.1459999999979,38.879,23.332544561331257,0.0
83,3,10,0.0,-22.962181060775087,200,0.0,0,0.0,10.000000000000007,824.1999999999977,67.215,12.262143866696386,0.0
83,4,10,0.0,-25.503874443805508,200,0.0,0,0.0,15.000000000000004,828.3830000000022,33.037,25.074401428701222,0.0
83,5,10,0.0,-23.237146904087474,200,0.0,0,0.0,10.15000000000001,1193.2089999999978,39.53600000000001,30.18031667341151,0.0
83,6,10,0.0,-23.033639853207948,200,0.0,0,0.0,10.000000000000007,764.2000000000033,47.413999999999994,16.11760239591689,0.0
83,7,10,0.0,-25.439551336587073,200,0.0,0,0.0,15.000000000000002,609.6000000000003,44.666,13.64796489499844,0.0
83,8,10,1.0,10.468032089552239,4,0.7400044179368234,0,0.0,0.3,18.108,13.399999999999999,1.3513432835820898,0.0
83,9,10,0.0,-22.96224841676069,200,0.0,0,0.0,10.000000000000007,926.152999999995,46.108000000000004,20.086601023683414,0.0
84,0,10,0.0,-22.891853742646624,200,0.0,0,0.0,10.000000000000007,955.9889999999973,29.578,32.32094800189321,0.0
84,1,10,0.0,-27.92863644599057,200,0.0,0,0.0,19.900000000000023,683.1119999999987,55.194,12.376562669855396,0.0
84,2,10,0.0,-12.951461559518222,14,0.0,10,1.0,0.2,30.308999999999997,51.144000000000005,0.5926208352885968,0.0
84,3,10,1.0,9.883304052780396,8,0.7884255268555121,0,0.0,0.7000000000000001,33.643,26.524999999999995,1.268350612629595,0.0
84,4,10,0.0,-27.87833965915007,200,0.0,0,0.0,20.000000000000014,1307.799999999998,53.748000000000005,24.332068169978378,0.0
84,5,10,0.0,-12.793504440596546,14,0.0,10,1.0,0.30000000000000004,16.139,17.903,0.9014690275372843,0.0
84,6,10,0.0,-22.87825443178541,200,0.0,0,0.0,10.000000000000007,591.9999999999994,24.313000000000002,24.34911364290706,0.0
84,7,10,0.0,-25.835894130412264,200,0.0,0,0.0,15.100000000000003,651.5529999999989,77.41600000000003,8.416257621163567,0.0
84,8,10,0.0,-30.86692827339555,200,0.0,0,0.0,25.0,1477.3999999999926,20.132,73.38565467911745,0.0
84,9,10,1.0,10.607919054441261,3,0.8289376020584889,0,0.0,0.2,20.209,16.752000000000002,1.2063634192932184,0.0
85,0,10,0.0,-22.96142848806679,200,0.0,0,0.0,10.000000000000007,834.2000000000032,68.548,12.169574604656638,0.0
85,1,10,0.0,-22.902338247722707,200,0.0,0,0.0,10.000000000000007,831.999999999999,42.596000000000004,19.5323504554418,0.0
85,2,10,0.0,-13.769762256521911,18,0.0,10,1.0,0.85,31.826999999999995,25.720999999999997,1.237393569456864,0.0
85,3,10,0.0,-12.905546256299495,12,0.0,10,1.0,0.3,8.142,22.224,0.3663606911447084,0.0
85,4,10,0.0,-25.66733431134215,200,0.0,0,0.0,15.150000000000004,887.3629999999972,59.644999999999996,14.877407997317416,0.0
85,5,10,0.0,-13.31722722542427,18,0.0,10,1.0,0.5,32.884,49.968,0.6581011847582452,0.0
85,6,10,1.0,9.932564154845474,7,0.9317682182114262,0,0.0,0.8,36.845,34.330999999999996,1.0732282776499376,0.0
85,7,10,1.0,10.515259459155564,4,1.0,0,0.0,0.2,17.787,17.787,1.0,0.0
85,8,10,0.0,-29.738880643166375,200,0.0,6,0.0,10.050000000000008,491.3409999999983,61.446,7.996305699313191,0.0
85,9,10,0.0,-12.65531464676448,12,0.0,10,1.0,0.15000000000000002,20.012,35.373000000000005,0.5657422327764113,0.0
86,0,10,1.0,10.146422393964485,6,0.889516327031672,0,0.0,0.55,36.657,32.607,1.1242064587358542,0.0
86,1,10,0.0,-26.869845753538662,200,0.0,0,0.0,16.750000000000053,566.9269999999995,48.04,11.801144879267266,0.0
86,2,10,1.0,10.02814570165851,8,0.9077692938182131,0,0.0,0.39999999999999997,46.362,42.086,1.1016014826783254,0.0
86,3,10,1.0,10.199673806716998,6,0.9504839555619128,0,0.0,0.44999999999999996,41.946000000000005,39.869,1.0520956131330108,0.0
86,4,10,0.0,-25.52022333597117,200,0.0,0,0.0,15.000000000000004,1086.4479999999971,45.492000000000004,23.882177086081004,0.0
86,5,10,1.0,10.009924693371746,8,0.7971731568104292,0,0.0,0.45,59.218,47.207,1.2544326053339547,0.0
86,6,10,1.0,10.73741754385965,2,0.37658562367864695,0,0.0,0.15000000000000002,7.568,2.85,2.6554385964912277,0.0
86,7,10,0.0,-25.656085270032797,200,0.0,0,0.0,15.000000000000004,264.2040000000002,30.163,8.759208301561522,0.0
86,8,10,1.0,10.267875758072448,5,0.6348815428908391,0,0.0,0.5,28.829,18.303,1.5750969786373819,0.0
86,9,10,1.0,9.737733946008042,9,0.8544198190063014,0,0.0,0.8,50.94100000000001,43.525000000000006,1.1703848363009766,0.0
87,0,10,0.0,-12.899999999999999,10,0.0,10,1.0,0.0,0.0,34.913,0.0,0.0
87,1,10,0.0,-28.006605474844406,200,0.0,0,0.0,20.000000000000014,1303.7569999999978,49.353,26.41697566510643,0.0
87,2,10,0.0,-23.2480081444759,200,0.0,0,0.0,10.000000000000007,875.7440000000023,56.480000000000004,15.505382436260662,0.0
87,3,10,0.0,-24.55576396580905,200,0.0,0,0.0,12.500000000000014,1523.7479999999994,47.849000000000004,31.8449288386382,0.0
87,4,10,1.0,9.858069274385734,8,0.8625194915654681,0,0.0,0.7500000000000001,42.326,36.507000000000005,1.1593940888048866,0.0
87,5,10,0.0,-27.864581723660887,200,0.0,0,0.0,19.55000000000001,1007.6650000000013,41.934,24.02978490008111,0.0
87,6,10,0.0,-12.9,10,0.0,10,1.0,0.0,0.0,38.07,0.0,0.0
87,7,10,0.0,-23.222962379596602,200,0.0,0,0.0,10.050000000000008,1144.5719999999965,33.014,34.669291815593276,0.0
87,8,10,1.0,9.812383107810676,9,0.9113568575465281,0,0.0,0.65,57.330999999999996,52.248999999999995,1.0972650194262092,0.0
87,9,10,1.0,10.372397914856647,5,0.9394822761194029,0,0.0,0.3,25.727999999999998,24.170999999999996,1.0644160357453147,0.0
88,0,10,0.0,-25.481464530892413,200,0.0,0,0.0,15.000000000000004,260.80000000000024,48.07,5.42542126066154,0.0
88,1,10,1.0,10.706279836683418,2,1.0,0,0.0,0.2,6.368,6.368,1.0,0.0
88,2,10,0.0,-13.873719730745698,20,0.0,10,1.0,0.8,48.939000000000014,57.195,0.8556517178075009,0.0
88,3,10,1.0,9.969800800565105,7,0.9167242272491798,0,0.0,0.7000000000000001,46.327999999999996,42.47,1.0908405933600187,0.0
88,4,10,0.0,-13.689572438345746,20,0.0,10,1.0,0.7000000000000001,60.891999999999996,57.86299999999999,1.0523477870141542,0.0
88,5,10,1.0,10.728886517700225,2,1.0,0,0.0,0.15000000000000002,7.966,7.966,1.0,0.0
88,6,10,1.0,9.794884364280183,9,0.9515386032798968,0,0.0,0.7000000000000001,37.989,36.147999999999996,1.0509295120061968,0.0
88,7,10,1.0,10.616486864169927,3,0.2075165294049414,0,0.0,0.25,17.242,3.578,4.818893236444942,0.0
88,8,10,0.0,-25.31830931047914,200,0.0,0,0.0,15.000000000000002,932.7999999999979,25.67,36.33813790416821,0.0
88,9,10,1.0,10.250625048139876,6,0.9434291319986922,0,0.0,0.35,27.522999999999996,25.966,1.0599630285758297,0.0
89,0,10,1.0,10.083791086350974,7,0.9097359485074249,0,0.0,0.49999999999999994,39.461999999999996,35.9,1.0992200557103065,0.0
89,1,10,1.0,10.225966713071664,6,0.9565519845765508,0,0.0,0.4,50.313,48.127,1.0454214889770814,0.0
89,2,10,0.0,-22.938196574551817,200,0.0,0,0.0,10.000000000000007,833.7850000000032,42.446999999999996,19.64296652295812,0.0
89,3,10,0.0,-28.08181401973758,200,0.0,0,0.0,20.00000000000003,809.3690000000033,49.145,16.468999898260318,0.0
89,4,10,0.0,-23.072866102722177,200,0.0,0,0.0,10.000000000000007,1448.091999999997,37.946999999999996,38.1609086357287,0.0
89,5,10,1.0,9.738149509465249,9,0.8590114898870005,0,0.0,0.8,42.123999999999995,36.185,1.1641287826447422,0.0
89,6,10,1.0,10.707121212121212,2,0.712742980561555,0,0.0,0.2,14.815999999999999,10.559999999999999,1.403030303030303,0.0
89,7,10,1.0,10.346942322223155,5,0.9354800706852541,0,0.0,0.35000000000000003,25.465000000000003,23.822,1.0689698597934685,0.0
89,8,10,1.0,9.868152898528463,9,0.535968913111488,0,0.0,0.55,60.733000000000004,32.551,1.865779853153513,0.0
89,9,10,1.0,10.466397731269785,4,0.6985472526797507,0,0.0,0.3,32.559,22.744,1.4315423848047837,0.0
90,0,10,1.0,10.754814227158535,2,1.0,0,0.0,0.1,7.563000000000001,7.563000000000001,1.0,0.0
90,1,10,0.0,-14.859462348960854,24,0.0,10,1.0,1.4000000000000001,86.283,51.725,1.668110198163364,0.0
90,2,10,1.0,10.58732335141083,3,0.5503265712184784,0,0.0,0.25,23.119,12.723,1.8171028845398096,0.0
90,3,10,1.0,10.195862602113815,6,0.8331378693788091,0,0.0,0.45,52.013000000000005,43.334,1.2002815341302442,0.0
90,4,10,0.0,-12.800791425965341,13,0.0,10,1.0,0.25,23.303,32.89,0.7085132259045303,0.0
90,5,10,0.0,-23.54885338045833,200,0.0,0,0.0,10.250000000000012,1289.057,43.855000000000004,29.39361532322426,0.0
90,6,10,1.0,9.641138897637795,10,0.47496521908238204,0,0.0,0.8500000000000001,66.84700000000001,31.749999999999996,2.105417322834646,0.0
90,7,10,1.0,10.463822826150349,4,1.0,0,0.0,0.3,17.147,17.147,1.0,0.0
90,8,10,0.0,-13.240152931073679,13,0.0,10,1.0,0.35,15.758000000000001,39.593,0.3979996464021418,0.0
90,9,10,0.0,-23.138239943790655,200,0.0,0,0.0,10.000000000000007,1523.0000000000016,28.465000000000003,53.504303530651725,0.0
91,0,10,1.0,10.85,1,1.0,0,0.0,0.1,5.729,5.729,1.0,0.0
91,1,10,0.0,-13.31279673234022,16,0.0,10,1.0,0.55,29.813000000000002,33.29600000000001,0.8953928399807783,0.0
91,2,10,0.0,-12.899999999999999,10,0.0,10,1.0,0.0,0.0,61.198,0.0,0.0
91,3,10,0.0,-23.05894450769402,200,0.0,0,0.0,10.000000000000007,894.2799999999991,27.229000000000003,32.84292482279918,0.0
91,4,10,0.0,-12.899999999999999,10,0.0,10,1.0,0.0,0.0,40.921,0.0,0.0
91,5,10,0.0,-23.173407714285695,200,0.0,0,0.0,10.000000000000007,463.37900000000093,35.00000000000001,13.239400000000025,0.0
91,6,10,0.0,-13.041987032350459,12,0.0,10,1.0,0.15000000000000002,10.529,50.973,0.2065603358640849,0.0
91,7,10,1.0,10.491614064816776,4,0.6323755944009108,0,0.0,0.25,14.931000000000001,9.442,1.5813386994280874,0.0
91,8,10,0.0,-23.03801269832562,200,0.0,0,0.0,10.000000000000007,554.3999999999996,72.92300000000002,7.602539665126223,0.0
91,9,10,1.0,9.71616668713486,10,0.884610609305646,0,0.0,0.65,64.434,56.99899999999999,1.130440884927806,0.0
92,0,10,0.0,-26.01837526406766,200,0.0,0,0.0,15.000000000000002,923.352999999998,46.863,19.70324136312225,0.0
92,1,10,0.0,-12.85889954497725,11,0.0,10,1.0,0.05,10.022,57.14,0.1753937696884844,0.0
92,2,10,0.0,-12.9,10,0.0,10,1.0,0.0,0.0,48.281,0.0,0.0
92,3,10,1.0,10.875,1,1.0,0,0.0,0.05,3.41,3.41,1.0,0.0
92,4,10,0.0,-12.9,10,0.0,10,1.0,0.0,0.0,42.782000000000004,0.0,0.0
92,5,10,1.0,10.314703588554567,5,0.9986580713064072,0,0.0,0.4,38.004999999999995,37.954,1.001343731885967,0.0
92,6,10,0.0,-25.560511828254167,200,0.0,0,0.0,15.000000000000002,388.61900000000117,43.413000000000004,8.951673461866287,0.0
92,7,10,0.0,-23.493664902170995,200,0.0,0,0.0,10.050000000000008,776.8150000000012,59.696,13.012848432055769,0.0
92,8,10,1.0,9.979024561189663,7,0.9082253957710615,0,0.0,0.7000000000000002,36.132,32.815999999999995,1.1010482691370065,0.0
92,9,10,0.0,-12.753146215580069,11,0.0,10,1.0,0.05,10.375,35.263,0.2942177353032924,0.0
93,0,10,1.0,10.343320777823134,5,1.0,0,0.0,0.35000000000000003,26.947,26.947,1.0,0.0
93,1,10,0.0,-30.16665774299833,200,0.0,0,0.0,24.900000000000002,1475.4169999999926,43.70400000000001,33.75931264872763,0.0
93,2,10,0.0,-25.914470051419865,200,0.0,0,0.0,15.050000000000002,743.9249999999979,64.761,11.48723768935004,0.0
93,3,10,1.0,10.264619203789742,5,1.0,0,0.0,0.5,21.954,21.954,1.0,0.0
93,4,10,1.0,10.610916627665976,3,1.0,0,0.0,0.2,14.957,14.957,1.0,0.0
93,5,10,0.0,-23.446574618265615,200,0.0,0,0.0,10.050000000000008,355.9659999999996,69.42,5.127715355805238,0.0
93,6,10,0.0,-24.597619340502398,200,0.0,0,0.0,13.350000000000012,491.3039999999998,25.201,19.495416848537747,0.0
93,7,10,0.0,-23.03404399593155,200,0.0,0,0.0,10.000000000000007,684.4000000000029,50.141000000000005,13.649508386350549,0.0
93,8,10,0.0,-22.93544008081824,200,0.0,0,0.0,10.000000000000007,1486.2000000000048,63.352000000000004,23.459401439575778,0.0
93,9,10,1.0,10.152896140239717,6,0.8300753856942497,0,0.0,0.55,45.632,37.878,1.2047098579650457,0.0
94,0,10,0.0,-25.758505994118998,200,0.0,0,0.0,14.950000000000003,629.0120000000006,17.684,35.56955439945717,0.0
94,1,10,1.0,9.98958326823062,8,0.8065131685538895,0,0.0,0.5,55.54899999999999,44.801,1.2399053592553735,0.0
94,2,10,1.0,10.511600720504353,3,1.0,0,0.0,0.4,16.655,16.655,1.0,0.0
94,3,10,0.0,-12.853797729800341,13,0.0,10,1.0,0.2,26.714,56.647,0.4715871979098628,0.0
94,4,10,1.0,10.069247271560027,7,0.5559620475298177,0,0.0,0.55,33.620999999999995,18.692,1.7986839289535628,0.0
94,5,10,1.0,9.772605263157894,8,0.565772777260807,0,0.0,0.95,59.105000000000004,33.44,1.7674940191387563,0.0
94,6,10,1.0,10.06461405109489,7,0.7412667816441785,0,0.0,0.5499999999999999,29.571,21.92,1.3490419708029198,0.0
94,7,10,1.0,10.147707668711657,6,1.0,0,0.0,0.55,32.599999999999994,32.599999999999994,1.0,0.0
94,8,10,0.0,-22.96499825708958,200,0.0,0,0.0,10.000000000000007,684.4000000000029,48.769,14.03350489040175,0.0
94,9,10,1.0,9.458705342258469,12,0.753449275362319,0,0.0,0.8000000000000002,51.74999999999999,38.991,1.3272293606216818,0.0
95,0,10,0.0,-13.088023604079012,16,0.0,10,1.0,0.39999999999999997,49.864,56.092,0.8889681237966198,0.0
95,1,10,0.0,-23.64107188147909,200,0.0,0,0.0,10.100000000000009,579.5210000000008,49.679,11.66531129853662,0.0
95,2,10,1.0,10.223874786351839,6,0.814299337611794,0,0.0,0.4,38.79900000000001,31.594,1.228049629676521,0.0
95,3,10,0.0,-28.008909479788684,200,0.0,0,0.0,20.00000000000003,1046.4490000000003,69.66399999999999,15.02137402388609,0.0
95,4,10,0.0,-23.706735565136466,200,0.0,0,0.0,10.150000000000011,1045.9270000000038,59.144999999999996,17.684115309831835,0.0
95,5,10,0.0,-13.00106803029322,16,0.0,10,1.0,0.55,28.731,30.898,0.9298660107450321,0.0
95,6,10,1.0,10.372537711920971,4,0.4397546156329802,0,0.0,0.5,34.068999999999996,14.982,2.2739954612201307,0.0
95,7,10,0.0,-23.100782014717726,200,0.0,0,0.0,10.050000000000008,642.4759999999995,56.802,11.310798915531135,0.0
95,8,10,0.0,-22.946918578497495,200,0.0,0,0.0,10.000000000000007,896.3999999999991,40.014,22.40215924426448,0.0
95,9,10,1.0,10.727627765064836,2,1.0,0,0.0,0.15000000000000002,18.354,18.354,1.0,0.0
96,0,10,1.0,8.807353713395528,16,0.7824663763113923,0,0.0,1.35,73.01400000000001,57.131,1.2780101871138263,0.0
96,1,10,1.0,10.461817171806949,4,0.643484228888444,0,0.0,0.3,34.969,22.502,1.5540396409208073,0.0
96,2,10,1.0,9.765148398398399,9,0.7354510987595244,0,0.0,0.75,54.334,39.96,1.3597097097097097,0.0
96,3,10,0.0,-25.35255863831345,200,0.0,0,0.0,14.950000000000003,1221.4289999999987,32.870999999999995,37.15825499680566,0.0
96,4,10,1.0,10.464165791655153,4,1.0,0,0.0,0.3,18.095,18.095,1.0,0.0
96,5,10,0.0,-22.936350884764764,200,0.0,0,0.0,10.000000000000007,765.3820000000011,50.974000000000004,15.015144975870072,0.0
96,6,10,0.0,-25.554220035626344,200,0.0,0,0.0,15.000000000000002,559.7990000000025,58.94499999999999,9.496971753329419,0.0
96,7,10,1.0,10.269952190205453,5,1.0,0,0.0,0.49999999999999994,23.217,23.217,1.0,0.0
96,8,10,0.0,-25.540157329240127,200,0.0,0,0.0,15.000000000000002,736.9999999999969,52.12,14.140445126630794,0.0
96,9,10,1.0,9.22976414530085,14,0.5727695241575409,0,0.0,0.9,87.57099999999998,50.158,1.7459029466884641,0.0
97,0,10,1.0,9.380231045768259,12,0.8397317232933671,0,0.0,0.9500000000000001,70.226,58.971,1.1908565226975971,0.0
97,1,10,0.0,-30.557152563633505,200,0.0,0,0.0,25.0,1331.1999999999941,38.266,34.78806250979967,0.0
97,2,10,1.0,9.45096408956485,11,0.789763437990057,0,0.0,1.0,89.91300000000001,71.01,1.2662019433882552,0.0
97,3,10,0.0,-23.227896361927733,200,0.0,0,0.0,10.000000000000007,1055.6259999999943,37.245,28.342757417102817,0.0
97,4,10,0.0,-25.451844648011072,200,0.0,0,0.0,15.000000000000002,907.7999999999979,31.876,28.479106537834042,0.0
97,5,10,0.0,-23.339283895081483,200,0.0,0,0.0,10.15000000000001,833.9289999999976,60.466,13.791701121291265,0.0
97,6,10,0.0,-25.75376675472069,200,0.0,0,0.0,15.000000000000004,2075.0,40.88399999999999,50.75335094413463,0.0
97,7,10,1.0,9.790082122074715,9,0.8746722485402666,0,0.0,0.7000000000000001,45.385000000000005,39.697,1.1432853868050483,0.0
97,8,10,0.0,-23.11009202453982,200,0.0,0,0.0,10.000000000000007,929.8000000000001,32.6,28.52147239263804,0.0
97,9,10,1.0,10.85,1,1.0,0,0.0,0.1,3.999,3.999,1.0,0.0
98,0,10,0.0,-22.979501419921835,200,0.0,0,0.0,10.050000000000008,1201.136999999998,55.989,21.45308899962489,0.0
98,1,10,0.0,-25.478844465383133,200,0.0,0,0.0,15.000000000000002,1158.9830000000045,46.697,24.81921750861949,0.0
98,2,10,0.0,-28.0188055281343,200,0.0,0,0.0,19.80000000000001,1684.3619999999967,39.507,42.634520464727686,0.0
98,3,10,0.0,-25.585286448167643,200,0.0,0,0.0,15.000000000000002,890.8129999999971,64.043,13.90960760738874,0.0
98,4,10,1.0,10.224170337738618,6,0.8838261601599494,0,0.0,0.39999999999999997,28.509,25.197,1.1314442195499466,0.0
98,5,10,1.0,10.043180314060525,8,0.5977594360827894,0,0.0,0.39999999999999997,55.611000000000004,33.242000000000004,1.672913783767523,0.0
98,6,10,0.0,-23.099402043202936,200,0.0,0,0.0,10.000000000000007,900.9999999999992,45.321000000000005,19.880408640586023,0.0
98,7,10,1.0,10.052056676426938,7,0.9382785743856084,0,0.0,0.55,53.141999999999996,49.861999999999995,1.0657815570975895,0.0
98,8,10,0.0,-25.24456235418069,200,0.0,0,0.0,15.000000000000004,1357.6000000000017,26.573999999999998,51.08752916384443,0.0
98,9,10,1.0,10.463944516301682,4,1.0,0,0.0,0.30000000000000004,22.421,22.421,1.0,0.0
99,0,10,1.0,9.887296237244897,9,0.9579960287154422,0,0.0,0.5,32.735,31.36,1.0438456632653061,0.0
99,1,10,1.0,10.390537742944225,5,0.9980247303756962,0,0.0,0.25,25.313000000000002,25.262999999999998,1.0019791790365358,0.0
99,2,10,0.0,-25.570890644276272,200,0.0,0,0.0,15.000000000000002,803.4759999999977,54.309,14.794527610524918,0.0
99,3,10,1.0,10.632933180603283,3,0.8347676419965576,0,0.0,0.15000000000000002,31.374,26.189999999999998,1.1979381443298969,0.0
99,4,10,1.0,9.478467843631778,12,0.6838484604982067,0,0.0,0.7500000000000001,51.022999999999996,34.891999999999996,1.4623122778860485,0.0
99,5,10,1.0,10.735722623679822,2,0.31871733545929665,0,0.0,0.15000000000000002,11.289,3.598,3.1375764313507504,0.0
99,6,10,0.0,-25.573984918095928,200,0.0,0,0.0,14.950000000000003,861.1969999999956,41.57300000000001,20.715295985375015,0.0
99,7,10,1.0,10.306133129751155,5,0.2873975314174743,0,0.0,0.44999999999999996,53.553,15.391000000000002,3.4795010070820602,0.0
99,8,10,1.0,10.096740154359129,7,0.9432970416804134,0,0.0,0.45,45.465,42.887,1.0601114556858722,0.0
99,9,10,0.0,-22.91865195071866,200,0.0,0,0.0,10.000000000000007,1052.1560000000013,48.7,21.60484599589325,0.0
100,0,10,0.0,-13.279395957921327,18,0.0,10,1.0,0.65,42.861000000000004,50.66700000000001,0.8459352241103676,0.0
100,1,10,0.0,-26.0343753547105,200,0.0,0,0.0,14.950000000000003,902.4489999999987,56.38399999999999,16.005409335981817,0.0
100,2,10,1.0,10.201549208746696,6,0.8751201634222542,0,0.0,0.45,66.57600000000001,58.262,1.1427002162644606,0.0
100,3,10,1.0,10.374711216668466,5,0.7384014455014083,0,0.0,0.3,37.634,27.789,1.354276872143654,0.0
100,4,10,1.0,10.269660380085266,5,1.0,0,0.0,0.5,27.678,27.678,1.0,0.0
100,5,10,1.0,10.17574846390169,6,1.0,0,0.0,0.49999999999999994,26.040000000000003,26.040000000000003,1.0,0.0
100,6,10,1.0,10.635833606467825,3,1.0,0,0.0,0.15000000000000002,18.306,18.306,1.0,0.0
100,7,10,0.0,-13.830690507894236,18,0.0,10,1.0,0.6000000000000001,36.766,42.056000000000004,0.8742153319383678,0.0
100,8,10,0.0,-23.240700218818347,200,0.0,0,0.0,10.000000000000007,682.0000000000001,14.167000000000002,48.140043763676154,0.0
100,9,10,1.0,10.102850934948643,7,0.9843800635167542,0,0.0,0.45,30.858,30.376,1.015867790360811,0.0
101,0,10,1.0,9.893462997752975,8,0.9434067175201125,0,0.0,0.7000000000000001,57.551,54.294,1.0599882123254873,0.0
101,1,10,0.0,-13.300119304394718,15,0.0,10,1.0,0.4,20.462,44.507999999999996,0.4597375752673677,0.0
101,2,10,1.0,10.111439163163062,7,0.6696845548193482,0,0.0,0.45,59.312999999999995,39.721,1.4932403514513732,0.0
101,3,10,1.0,10.098497927290069,6,0.8935619222448042,0,0.0,0.65,30.506000000000004,27.259,1.1191166220330901,0.0
101,4,10,1.0,10.172986905306495,6,0.7924596701105673,0,0.0,0.49999999999999994,44.136,34.976,1.2618938700823423,0.0
101,5,10,0.0,-25.593775533400432,200,0.0,0,0.0,15.000000000000004,822.7079999999988,30.793,26.71737083103299,0.0
101,6,10,0.0,-13.182127183688843,15,0.0,10,1.0,0.45,22.212999999999997,42.474000000000004,0.522978763478834,0.0
101,7,10,1.0,10.46567134268537,4,0.7560892458047653,0,0.0,0.3,26.399,19.96,1.3225951903807616,0.0
101,8,10,0.0,-24.333959130338947,200,0.0,0,0.0,12.500000000000014,773.6999999999996,63.519000000000005,12.180607377320165,0.0
101,9,10,1.0,10.44316042138952,4,1.0,0,0.0,0.35000000000000003,29.996,29.996,1.0,0.0
102,0,10,1.0,10.875,1,1.0,0,0.0,0.05,3.518,3.518,1.0,0.0
102,1,10,0.0,-12.9,10,0.0,10,1.0,0.0,0.0,45.11899999999999,0.0,0.0
102,2,10,0.0,-12.899999999999999,10,0.0,10,1.0,0.0,0.0,32.706,0.0,0.0
102,3,10,1.0,10.46390862422998,4,0.43152718089583986,0,0.0,0.3,22.570999999999998,9.74,2.3173511293634492,0.0
102,4,10,1.0,9.808536636636635,9,0.7088575260233732,0,0.0,0.7000000000000002,46.977000000000004,33.300000000000004,1.4107207207207206,0.0
102,5,10,1.0,9.708315684003457,9,0.8665169183712482,0,0.0,0.85,62.772,54.392999999999994,1.154045557332745,0.0
102,6,10,1.0,10.398168042550834,5,0.761754030556259,0,0.0,0.25,23.694,18.049,1.3127597096792065,0.0
102,7,10,1.0,9.761273172956335,9,0.6453155579099163,0,0.0,0.75,67.959,43.855000000000004,1.5496294607228365,0.0
102,8,10,0.0,-25.852109690384275,200,0.0,0,0.0,14.900000000000002,906.6089999999979,56.230999999999995,16.12293930394263,0.0
102,9,10,1.0,10.511879020117695,4,0.9965902891434807,0,0.0,0.2,14.663999999999998,14.613999999999999,1.003421376762009,0.0
103,0,10,1.0,9.82971488778843,8,0.8073873689941473,0,0.0,0.8000000000000002,58.775999999999996,47.455,1.2385628490148561,0.0
103,1,10,1.0,10.612609791973103,3,0.696371085747732,0,0.0,0.2,13.668,9.518,1.4360159697415422,0.0
103,2,10,0.0,-28.227049776576944,200,0.0,0,0.0,19.750000000000014,1770.2929999999972,76.984,22.9955964875818,0.0
103,3,10,1.0,10.63498332679482,3,1.0,0,0.0,0.15000000000000002,10.196,10.196,1.0,0.0
103,4,10,1.0,10.342577117034514,5,0.9851285525339527,0,0.0,0.35,30.999,30.538,1.0150959460344489,0.0
103,5,10,1.0,10.488323308945644,4,0.7559378393051032,0,0.0,0.25,29.472,22.279,1.3228600924637552,0.0
103,6,10,0.0,-25.589440907582336,200,0.0,0,0.0,14.950000000000003,480.0219999999988,66.286,7.241679992758634,0.0
103,7,10,0.0,-25.401423661936,200,0.0,0,0.0,14.900000000000002,650.5149999999999,31.425999999999995,20.699898173486922,0.0
103,8,10,1.0,10.44951064601984,4,0.8621193158114309,0,0.0,0.35,19.176000000000002,16.532,1.1599322526010163,0.0
103,9,10,1.0,10.366497000952968,4,1.0,0,0.0,0.5,17.839000000000002,17.839000000000002,1.0,0.0
104,0,10,0.0,-12.740488902565682,11,0.0,10,1.0,0.05,16.037,51.99399999999999,0.30843943531945994,0.0
104,1,10,1.0,10.099490667797841,7,0.6545166088249876,0,0.0,0.44999999999999996,50.425,33.004,1.5278451096836747,0.0
104,2,10,0.0,-25.635547835057793,200,0.0,0,0.0,14.950000000000003,1350.6549999999984,65.914,20.491170312831848,0.0
104,3,10,0.0,-12.723998308691144,11,0.0,10,1.0,0.05,11.986,36.658,0.3269681924818594,0.0
104,4,10,1.0,9.4451167946087,12,0.6608790288823775,0,0.0,0.8500000000000002,59.725,39.471,1.513136226596742,0.0
104,5,10,1.0,10.467681660899654,4,0.8201661032511165,0,0.0,0.3,23.961,19.652,1.2192652147364134,0.0
104,6,10,0.0,-23.438788551834346,200,0.0,0,0.0,10.10000000000001,604.7399999999996,51.327000000000005,11.78210298673212,0.0
104,7,10,1.0,10.875,1,1.0,0,0.0,0.05,2.943,2.943,1.0,0.0
104,8,10,0.0,-23.221503561112996,200,0.0,0,0.0,10.100000000000009,1553.882999999998,55.740999999999985,27.876841104393506,0.0
104,9,10,0.0,-26.113569848118427,200,0.0,0,0.0,14.950000000000003,1445.9830000000024,63.273,22.853081093041304,0.0
105,0,10,1.0,10.321330527300361,5,0.9696545990476909,0,0.0,0.39999999999999997,26.462000000000003,25.659,1.031295062161425,0.0
105,1,10,1.0,9.178200302005573,14,0.6648520241512423,0,0.0,1.0,70.721,47.01900000000001,1.5040940896233435,0.0
105,2,10,0.0,-24.850314483288525,200,0.0,0,0.0,12.450000000000015,951.7580000000016,65.07499999999999,14.625555128697684,0.0
105,3,10,1.0,10.342585046870274,5,0.7974920118164828,0,0.0,0.35,33.174,26.456,1.2539310553371636,0.0
105,4,10,0.0,-13.26301471670346,17,0.0,10,1.0,0.44999999999999996,44.333999999999996,54.36,0.8155629139072847,0.0
105,5,10,0.0,-25.639940900588208,200,0.0,0,0.0,15.000000000000004,1352.9889999999982,36.887,36.679290807059346,0.0
105,6,10,1.0,10.004597950219619,7,0.9501418952757219,0,0.0,0.6500000000000001,35.942,34.15,1.0524743777452417,0.0
105,7,10,0.0,-13.901672796230317,17,0.0,10,1.0,0.5000000000000001,24.237999999999996,52.206,0.4642761368425084,0.0
105,8,10,1.0,10.730694708793301,2,1.0,0,0.0,0.15000000000000002,7.881,7.881,1.0,0.0
105,9,10,0.0,-25.024336422983925,200,0.0,0,0.0,13.300000000000013,515.4109999999998,52.541000000000004,9.809691479035417,0.0
106,0,10,1.0,10.754525832766825,2,1.0,0,0.0,0.1,11.768,11.768,1.0,0.0
106,1,10,1.0,9.262028291378925,14,0.6143255966717758,0,0.0,0.85,73.07199999999999,44.88999999999999,1.6278012920472265,0.0
106,2,10,0.0,-25.615837063136777,200,0.0,0,0.0,15.050000000000002,1164.0540000000046,52.505,22.170345681363766,0.0
106,3,10,1.0,9.760330122692352,9,0.9813872884407633,0,0.0,0.7500000000000002,44.432,43.605,1.0189657149409472,0.0
106,4,10,0.0,-22.02940554262754,200,0.0,0,0.0,10.000000000000007,917.599999999998,4.727,194.1188914745077,0.0
106,5,10,1.0,9.81458040432443,9,0.6077937384898711,0,0.0,0.65,67.875,41.254,1.6452950016968053,0.0
106,6,10,0.0,-24.397777754819526,200,0.0,0,0.0,12.500000000000016,893.7999999999997,48.397,18.468086864888313,0.0
106,7,10,0.0,-23.391824201411637,200,0.0,0,0.0,10.100000000000009,948.673999999996,41.229,23.009871692255356,0.0
106,8,10,1.0,10.491030076016306,4,0.932935916542474,0,0.0,0.25,19.459,18.154,1.071884984025559,0.0
106,9,10,1.0,10.152844979862927,7,0.7289724439866082,0,0.0,0.35,38.83,28.305999999999997,1.3717939659436162,0.0
107,0,10,0.0,-23.057666873001118,200,0.0,0,0.0,10.050000000000008,567.0850000000013,58.157999999999994,9.750765156986164,0.0
107,1,10,0.0,-30.536809435133385,200,0.0,0,0.0,25.0,442.3999999999986,48.32999999999999,9.153734740326891,0.0
107,2,10,0.0,-24.87474597313817,200,0.0,0,0.0,13.400000000000013,763.9129999999988,62.020999999999994,12.31700553038485,0.0
107,3,10,0.0,-23.012002700080114,200,0.0,0,0.0,10.000000000000007,1124.0500000000034,47.406000000000006,23.711133611779168,0.0
107,4,10,0.0,-25.591271109855963,200,0.0,0,0.0,14.950000000000003,827.8330000000021,53.114999999999995,15.585672597194808,0.0
107,5,10,1.0,10.585072128413591,3,0.9336317633320358,0,0.0,0.25,25.69,23.985,1.0710860954763395,0.0
107,6,10,1.0,9.996437662877215,8,0.6748655468610607,0,0.0,0.49999999999999994,39.233000000000004,26.476999999999997,1.481776636325868,0.0
107,7,10,1.0,9.502701987095447,11,0.7158024509623523,0,0.0,0.9000000000000001,54.346,38.900999999999996,1.3970334952828976,0.0
107,8,10,1.0,10.610598556839243,3,1.0,0,0.0,0.2,25.361,25.361,1.0,0.0
107,9,10,1.0,10.875,1,1.0,0,0.0,0.05,4.082,4.082,1.0,0.0
108,0,10,0.0,-27.969521744368112,200,0.0,0,0.0,20.00000000000003,303.5999999999992,49.80599999999999,6.095651126370303,0.0
108,1,10,0.0,-27.130481890477583,200,0.0,0,0.0,17.45000000000003,1097.437000000002,48.538,22.60985207466319,0.0
108,2,10,1.0,10.754961550292219,2,1.0,0,0.0,0.1,9.753,9.753,1.0,0.0
108,3,10,1.0,10.875,1,1.0,0,0.0,0.05,4.228,4.228,1.0,0.0
108,4,10,0.0,-25.652180961169176,200,0.0,0,0.0,15.000000000000002,643.8999999999988,40.097,16.05855799685759,0.0
108,5,10,0.0,-25.660975866793123,200,0.0,0,0.0,15.000000000000004,1221.9999999999986,37.956,32.19517335862574,0.0
108,6,10,0.0,-23.181602240336034,200,0.0,0,0.0,10.000000000000007,1452.599999999997,39.994,36.32044806721001,0.0
108,7,10,0.0,-12.615806628535612,13,0.0,10,1.0,0.15000000000000002,18.223,25.526,0.7138995533965369,0.0
108,8,10,0.0,-13.15381021942706,13,0.0,10,1.0,0.2,14.836000000000002,65.03300000000002,0.22813033383051678,0.0
108,9,10,1.0,10.733793422880963,2,0.17121332275971451,0,0.0,0.2,12.61,2.159,5.840666975451598,0.0
109,0,10,0.0,-13.012051949387926,11,0.0,10,1.0,0.05,3.17,48.605,0.06521962761032815,0.0
109,1,10,1.0,10.20889708839379,6,0.7296147413514861,0,0.0,0.45000000000000007,68.162,49.732,1.370586342797394,0.0
109,2,10,1.0,10.875,1,1.0,0,0.0,0.05,6.727,6.727,1.0,0.0
109,3,10,0.0,-12.795560503268783,15,0.0,10,1.0,0.35,34.251000000000005,40.53500000000001,0.8449734797088935,0.0
109,4,10,0.0,-12.902999661437761,11,0.0,10,1.0,0.1,8.184,53.166,0.15393296467667306,0.0
109,5,10,0.0,-14.810898242630387,26,0.0,10,1.0,1.2000000000000004,100.73500000000003,35.28,2.8553004535147397,0.0
109,6,10,0.0,-25.53268287664192,200,0.0,0,0.0,15.000000000000002,492.3999999999985,29.159,16.886724510442694,0.0
109,7,10,1.0,10.583566782810685,3,0.7499999999999999,0,0.0,0.25,11.48,8.61,1.3333333333333335,0.0
109,8,10,0.0,-13.348716042655873,15,0.0,10,1.0,0.4,24.397000000000002,51.388000000000005,0.4747606445084455,0.0
109,9,10,1.0,9.407516755067636,11,0.5206863700103833,0,0.0,1.1,93.419,48.641999999999996,1.9205419185066404,0.0
110,0,10,0.0,-22.92283023555179,200,0.0,0,0.0,10.000000000000007,683.3999999999996,44.278999999999996,15.433952889631646,0.0
110,1,10,1.0,10.10797874007522,7,0.7177160852531538,0,0.0,0.44999999999999996,53.347,38.288,1.3933086084412873,0.0
110,2,10,0.0,-24.1980037030004,200,0.0,0,0.0,12.500000000000014,880.5000000000003,42.128,20.900588682111668,0.0
110,3,10,0.0,-23.61684534677077,200,0.0,0,0.0,10.10000000000001,955.7679999999992,41.07900000000001,23.26658389931593,0.0
110,4,10,0.0,-22.923444744976752,200,0.0,0,0.0,10.000000000000007,633.9999999999993,41.408,15.311051004636768,0.0
110,5,10,0.0,-23.088972538283862,200,0.0,0,0.0,10.000000000000007,831.999999999999,46.756,17.7945076567713,0.0
110,6,10,0.0,-27.990856602742227,200,0.0,0,0.0,19.950000000000028,716.0000000000005,21.953000000000003,32.615132328155624,0.0
110,7,10,0.0,-22.98705067365422,200,0.0,0,0.0,10.050000000000008,872.4680000000022,48.46699999999999,18.001279220913247,0.0
110,8,10,0.0,-23.091296026508964,200,0.0,0,0.0,10.000000000000007,639.200000000003,35.007,18.25920530179687,0.0
110,9,10,1.0,10.106505026539148,7,0.8030130421118793,0,0.0,0.44999999999999996,50.912000000000006,40.883,1.2453097864638114,0.0
111,0,10,1.0,10.7425649122807,2,0.33352837916910477,0,0.0,0.15000000000000002,8.545,2.85,2.9982456140350875,0.0
111,1,10,0.0,-12.95556479845297,13,0.0,10,1.0,0.25,13.751000000000001,29.993,0.45847364385023176,0.0
111,2,10,0.0,-23.562651215754613,200,0.0,0,0.0,10.000000000000007,685.7780000000001,44.787000000000006,15.311987853618238,0.0
111,3,10,0.0,-23.406730744514896,200,0.0,0,0.0,10.100000000000009,685.4260000000035,54.46500000000001,12.584705774350562,0.0
111,4,10,1.0,10.764500965872505,2,0.30960925039872406,0,0.0,0.1,10.032,3.106,3.2298776561493883,0.0
111,5,10,0.0,-12.511825836081016,13,0.0,10,1.0,0.25,15.056999999999999,16.983999999999998,0.8865402731983043,0.0
111,6,10,0.0,-29.484723907624364,200,0.0,0,0.0,23.30000000000002,918.9999999999984,42.522,21.6123418465735,0.0
111,7,10,0.0,-12.899999999999999,10,0.0,10,1.0,0.0,0.0,63.663,0.0,0.0
111,8,10,0.0,-14.519487846603463,24,0.0,10,1.0,0.7000000000000001,53.24199999999999,28.058,1.8975693206928501,0.0
111,9,10,0.0,-12.899999999999999,10,0.0,10,1.0,0.0,0.0,61.282999999999994,0.0,0.0
112,0,10,0.0,-25.778265765047358,200,0.0,0,0.0,15.000000000000002,861.8909999999956,62.702000000000005,13.745829479123403,0.0
112,1,10,0.0,-13.130902584411029,12,0.0,10,1.0,0.1,8.752,48.483000000000004,0.1805168822061341,0.0
112,2,10,1.0,10.58696501334832,3,0.8585560045841124,0,0.0,0.25,16.579,14.234,1.164746381902487,0.0
112,3,10,0.0,-13.225033815608318,12,0.0,10,1.0,0.15000000000000002,7.352,41.401,0.1775802516847419,0.0
112,4,10,0.0,-24.62109384141843,200,0.0,0,0.0,13.300000000000013,870.1130000000003,39.31099999999999,22.134084607361817,0.0
112,5,10,1.0,10.269550064366229,5,0.8829041111080309,0,0.0,0.5000000000000001,36.073,31.849,1.1326258281264718,0.0
112,6,10,0.0,-23.635537390676443,200,0.0,0,0.0,10.050000000000008,1255.2109999999975,49.852000000000004,25.17874909732804,0.0
112,7,10,1.0,10.730933007035791,2,1.0,0,0.0,0.15000000000000002,6.538,6.538,1.0,0.0
112,8,10,0.0,-23.05941899817504,200,0.0,0,0.0,10.000000000000007,278.03299999999933,56.437,4.926431241915753,0.0
112,9,10,1.0,10.34338895188725,5,0.881133354744317,0,0.0,0.35,28.023000000000003,24.691999999999997,1.134901992548194,0.0
113,0,10,1.0,10.17391527939773,6,0.8129121234323149,0,0.0,0.5000000000000001,23.203,18.862000000000002,1.2301452656134024,0.0
113,1,10,0.0,-22.96838356278502,200,0.0,0,0.0,10.000000000000007,971.4440000000033,48.013,20.232936912919488,0.0
113,2,10,0.0,-25.547556022916737,200,0.0,0,0.0,15.000000000000004,1112.2249999999988,55.156,20.165077235477533,0.0
113,3,10,0.0,-24.173024310169662,200,0.0,0,0.0,12.500000000000016,709.5269999999982,51.172,13.86553193152502,0.0
113,4,10,0.0,-25.73744062011102,200,0.0,0,0.0,15.000000000000002,419.483999999998,56.248000000000005,7.457758498079896,0.0
113,5,10,1.0,10.442954671560885,4,0.9193972452223051,0,0.0,0.35,25.483,23.429000000000002,1.087669128003756,0.0
113,6,10,1.0,10.350522791099591,5,0.9635051689447027,0,0.0,0.35000000000000003,28.825999999999997,27.773999999999997,1.0378771512925757,0.0
113,7,10,1.0,10.491999713028505,4,1.0,0,0.0,0.25,20.908,20.908,1.0,0.0
113,8,10,0.0,-22.94500146013817,200,0.0,0,0.0,10.000000000000007,418.63500000000096,41.092000000000006,10.187749440280369,0.0
113,9,10,0.0,-22.821397716862776,200,0.0,0,0.0,10.050000000000008,630.3269999999989,42.573,14.805792403636081,0.0
114,0,10,0.0,-25.52732799382428,200,0.0,0,0.0,15.000000000000002,734.6000000000003,51.815000000000005,14.177361767827852,0.0
114,1,10,0.0,-25.497286760444666,200,0.0,0,0.0,15.000000000000004,920.4700000000015,37.961999999999996,24.247141878720868,0.0
114,2,10,1.0,10.466727672883122,4,1.0,0,0.0,0.3,34.532,34.532,1.0,0.0
114,3,10,0.0,-23.115178694904895,200,0.0,0,0.0,10.000000000000007,873.4700000000023,50.617,17.256455341090984,0.0
114,4,10,1.0,10.623292841136927,3,0.4565720747401863,0,0.0,0.2,18.570999999999998,8.479,2.190234697487911,0.0
114,5,10,1.0,10.095819664932042,7,0.9642199309804583,0,0.0,0.45,47.233000000000004,45.54299999999999,1.0371077882440773,0.0
114,6,10,0.0,-23.0080512596867,200,0.0,0,0.0,10.000000000000007,639.200000000003,59.618,10.721594149418012,0.0
114,7,10,1.0,10.036850493653033,7,0.42734871011813863,0,0.0,0.6000000000000001,49.772000000000006,21.27,2.340009402914904,0.0
114,8,10,1.0,9.786614705825185,8,0.913982697056368,0,0.0,0.9000000000000001,56.291,51.44900000000001,1.094112616377383,0.0
114,9,10,0.0,-25.91216015307135,200,0.0,0,0.0,15.000000000000002,1356.2570000000019,45.46900000000001,29.82816864237176,0.0
115,0,10,1.0,10.8,1,1.0,0,0.0,0.2,2.301,2.301,1.0,0.0
115,1,10,0.0,-12.96633393829401,13,0.0,10,1.0,0.2,14.035999999999998,34.713,0.40434419381787795,0.0
115,2,10,0.0,-30.717154340232124,200,0.0,0,0.0,24.85,532.2750000000007,53.24600000000001,9.996525560605502,0.0
115,3,10,0.0,-27.89733446361371,200,0.0,0,0.0,19.900000000000023,769.3280000000001,53.674,14.33334575399635,0.0
115,4,10,1.0,10.39248559523422,5,1.0,0,0.0,0.25,30.719,30.719,1.0,0.0
115,5,10,0.0,-23.05750176497795,200,0.0,0,0.0,10.000000000000007,633.1919999999992,41.077,15.414757650266553,0.0
115,6,10,0.0,-13.073482038685905,13,0.0,10,1.0,0.25,12.282,48.855000000000004,0.2513969910961007,0.0
115,7,10,1.0,10.234594049129282,6,0.6752063541504438,0,0.0,0.4,25.684,17.342,1.4810287164110254,0.0
115,8,10,0.0,-22.998030144754484,200,0.0,0,0.0,10.000000000000007,418.20000000000095,33.505,12.481719146396088,0.0
115,9,10,1.0,10.63486323171035,3,1.0,0,0.0,0.15000000000000002,20.107000000000003,20.107000000000003,1.0,0.0
116,0,10,0.0,-23.50755714847678,200,0.0,0,0.0,10.000000000000007,1061.9669999999942,68.63700000000001,15.472223436338913,0.0
116,1,10,1.0,9.617734195630925,10,0.821340552651232,0,0.0,0.8500000000000001,53.56,43.990999999999985,1.2175217658157356,0.0
116,2,10,0.0,-22.92846770629459,200,0.0,0,0.0,10.000000000000007,1098.9999999999993,31.678000000000004,34.69284677062943,0.0
116,3,10,1.0,10.58808458851154,3,0.9105178077905824,0,0.0,0.25,19.177,17.461,1.0982761582956304,0.0
116,4,10,1.0,9.523307372793354,12,0.7776068011457127,0,0.0,0.65,65.636,51.038999999999994,1.2859969826995044,0.0
116,5,10,0.0,-25.73958232243414,200,0.0,0,0.0,15.150000000000004,1632.4480000000044,44.927,36.33556658579483,0.0
116,6,10,1.0,10.606615957446808,3,0.9955517898750265,0,0.0,0.2,18.884,18.8,1.004468085106383,0.0
116,7,10,0.0,-23.086451858429513,200,0.0,0,0.0,10.000000000000007,967.8000000000052,47.297999999999995,20.461753139667753,0.0
116,8,10,0.0,-25.619304647509008,200,0.0,0,0.0,15.000000000000004,941.5999999999987,39.462,23.860929501799163,0.0
116,9,10,1.0,9.774126162790697,9,0.7423071943377496,0,0.0,0.7500000000000001,46.342000000000006,34.4,1.3471511627906978,0.0
117,0,10,1.0,10.484639740207022,3,0.6606328774470367,0,0.0,0.45,14.916,9.854,1.5137000202963264,0.0
117,1,10,0.0,-27.875634575005858,200,0.0,0,0.0,20.050000000000026,670.6499999999993,51.436,13.038533322964447,0.0
117,2,10,1.0,10.586209758833427,3,0.8777630089105497,0,0.0,0.25,20.313000000000002,17.83,1.1392596747055528,0.0
117,3,10,1.0,9.879095995979226,8,0.9576140666110505,0,0.0,0.7000000000000001,31.165999999999997,29.845,1.0442620204389343,0.0
117,4,10,1.0,10.005864822101472,8,0.8349063982896178,0,0.0,0.45,57.531,48.033,1.1977390544000999,0.0
117,5,10,0.0,-23.145786042018887,200,0.0,0,0.0,10.000000000000007,1114.8649999999986,41.410000000000004,26.922603235933316,0.0
117,6,10,0.0,-23.004506740469548,200,0.0,0,0.0,10.000000000000007,450.8930000000009,44.804,10.063677350236604,0.0
117,7,10,0.0,-13.434278515548872,16,0.0,10,1.0,0.6,55.233,71.83800000000001,0.7688549235780505,0.0
117,8,10,0.0,-28.021233907920553,200,0.0,0,0.0,19.950000000000028,851.3520000000007,64.162,13.268788379414616,0.0
117,9,10,0.0,-13.339860777724432,16,0.0,10,1.0,0.39999999999999997,27.947999999999997,43.742999999999995,0.6389136547561896,0.0
118,0,10,1.0,10.345863337039255,5,0.8319459267164712,0,0.0,0.35000000000000003,28.11,23.386000000000003,1.2020011972975282,0.0
118,1,10,0.0,-23.246444268184636,200,0.0,0,0.0,10.000000000000007,887.8850000000019,42.866,20.713035972565716,0.0
118,2,10,0.0,-13.484409816366774,17,0.0,10,1.0,0.55,50.45399999999999,64.912,0.777267685481883,0.0
118,3,10,0.0,-30.581402166620325,200,0.0,0,0.0,24.85,1219.009,61.108999999999995,19.948109116496752,0.0
118,4,10,0.0,-26.2641346669048,200,0.0,0,0.0,14.950000000000003,608.660999999999,33.594,18.118146097517386,0.0
118,5,10,0.0,-23.01317651956704,200,0.0,0,0.0,10.000000000000007,634.5149999999993,48.04,13.208055786844282,0.0
118,6,10,0.0,-23.10138656032579,200,0.0,0,0.0,10.15000000000001,830.7089999999976,58.93,14.096538265738971,0.0
118,7,10,0.0,-26.383803768903217,200,0.0,0,0.0,15.000000000000004,702.3890000000036,46.75099999999999,15.024042266475664,0.0
118,8,10,0.0,-26.985094793178543,200,0.0,0,0.0,16.699999999999996,877.6940000000013,44.096000000000004,19.904163642960842,0.0
118,9,10,0.0,-13.211167782064404,17,0.0,10,1.0,0.5,51.096000000000004,63.50500000000001,0.8045980631446342,0.0
119,0,10,0.0,-32.93036132097381,200,0.0,0,0.0,30.000000000000004,1417.7940000000028,55.989,25.322724106520976,0.0
119,1,10,0.0,-30.51578099838982,200,0.0,0,0.0,25.0,587.1469999999989,52.78500000000001,11.12336838116887,0.0
119,2,10,0.0,-13.053781250785196,15,0.0,10,1.0,0.5,26.594,39.79900000000001,0.6682077439131636,0.0
119,3,10,0.0,-13.201204360155971,15,0.0,10,1.0,0.44999999999999996,24.827,33.852,0.7333983221079996,0.0
119,4,10,1.0,10.85,1,1.0,0,0.0,0.1,1.868,1.868,1.0,0.0
119,5,10,1.0,10.027743776109771,7,0.8366627830979511,0,0.0,0.6,35.191,29.442999999999998,1.1952246713989745,0.0
119,6,10,0.0,-23.69556989522098,200,0.0,0,0.0,10.15000000000001,1424.056999999994,70.434,20.218317857852657,0.0
119,7,10,1.0,9.834733207084772,9,0.7380277058412464,0,0.0,0.65,48.653999999999996,35.908,1.3549626824106047,0.0
119,8,10,0.0,-23.00113246056856,200,0.0,0,0.0,10.050000000000008,728.4680000000027,41.401,17.595420400473483,0.0
119,9,10,1.0,10.47258494711563,4,0.8450710307008074,0,0.0,0.3,23.159,19.570999999999998,1.1833324817331767,0.0
120,0,10,1.0,10.227002316602317,6,0.8441321409016244,0,0.0,0.39999999999999997,38.353,32.375,1.1846486486486487,0.0
120,1,10,1.0,10.197708739045765,6,0.8482564592313451,0,0.0,0.45,38.742999999999995,32.864,1.1788887536514119,0.0
120,2,10,1.0,9.987963719418456,8,0.7776809960547215,0,0.0,0.49999999999999994,58.551,45.534,1.285874291738042,0.0
120,3,10,1.0,9.965330632514375,8,0.7429126213592233,0,0.0,0.55,30.9,22.956,1.3460533193936226,0.0
120,4,10,0.0,-25.531081777205475,200,0.0,0,0.0,15.050000000000002,355.4800000000007,31.060000000000002,11.444945267224748,0.0
120,5,10,0.0,-25.53459063313098,200,0.0,0,0.0,14.950000000000003,942.6069999999969,69.17999999999999,13.625426423821871,0.0
120,6,10,1.0,10.129487030518437,7,0.8858916136845292,0,0.0,0.39999999999999997,33.03,29.261,1.1288062608933394,0.0
120,7,10,1.0,10.078174191156021,7,0.6216574458275702,0,0.0,0.5000000000000001,34.704,21.573999999999998,1.6086029479929547,0.0
120,8,10,1.0,10.249933542413382,6,0.9411764705882353,0,0.0,0.35,42.687000000000005,40.176,1.0625,0.0
120,9,10,0.0,-25.943495260404042,200,0.0,0,0.0,15.000000000000004,1021.6759999999961,45.679,22.36642658552061,0.0
121,0,10,1.0,9.725723346126326,9,0.6941973357417025,0,0.0,0.8500000000000001,44.29,30.746000000000002,1.4405125870031872,0.0
121,1,10,0.0,-13.525730085534562,16,0.0,10,1.0,0.3,38.801,82.18900000000001,0.4720948058742654,0.0
121,2,10,1.0,9.643028393865102,10,0.6928394606552195,0,0.0,0.8500000000000001,75.94400000000002,52.617000000000004,1.443335804017713,0.0
121,3,10,0.0,-13.082152423469386,16,0.0,10,1.0,0.35,32.897,31.359999999999996,1.0490114795918368,0.0
121,4,10,1.0,9.778718842133477,9,0.6105550252284195,0,0.0,0.7500000000000002,36.665,22.386000000000003,1.6378540159027961,0.0
121,5,10,0.0,-23.08292575571237,200,0.0,0,0.0,10.000000000000007,845.803,30.898000000000003,27.37403715450838,0.0
121,6,10,1.0,10.34106977586415,5,0.8771973173314509,0,0.0,0.35000000000000003,28.33,24.851000000000003,1.139994366423886,0.0
121,7,10,1.0,10.486735199236676,4,0.896971919957615,0,0.0,0.25,24.537,22.009,1.1148621018674179,0.0
121,8,10,1.0,10.342987119055397,5,1.0,0,0.0,0.35,21.427000000000003,21.427000000000003,1.0,0.0
121,9,10,1.0,9.780373157248158,9,0.8448991696322659,0,0.0,0.75,53.952,45.584,1.1835731835731835,0.0
122,0,10,0.0,-25.69014307696854,200,0.0,0,0.0,14.950000000000003,1462.9309999999984,33.793,43.290947829432085,0.0
122,1,10,0.0,-28.073250715657483,200,0.0,0,0.0,20.000000000000014,1189.088000000001,55.19400000000001,21.543790991774486,0.0
122,2,10,0.0,-23.518190042812147,200,0.0,0,0.0,10.300000000000013,352.6509999999996,74.27799999999999,4.7477180322571915,0.0
122,3,10,1.0,10.061248283632011,7,0.8112593184999002,0,0.0,0.5499999999999999,35.010999999999996,28.403000000000002,1.232651480477414,0.0
122,4,10,0.0,-26.950602547871497,200,0.0,0,0.0,16.699999999999996,878.4800000000014,50.55200000000001,17.377749643931026,0.0
122,5,10,0.0,-25.163561781941123,200,0.0,0,0.0,13.300000000000011,649.3139999999978,47.611000000000004,13.637898804897981,0.0
122,6,10,1.0,10.200938877218997,6,0.9282027755476544,0,0.0,0.45,26.157000000000004,24.279,1.0773507969850489,0.0
122,7,10,1.0,10.58253516646639,3,0.9743784007163028,0,0.0,0.25,14.519,14.147,1.0262953276312998,0.0
122,8,10,1.0,10.269412621763383,6,0.42801653481576507,0,0.0,0.35,28.062,12.011,2.3363583381899926,0.0
122,9,10,0.0,-22.96204937549603,200,0.0,0,0.0,10.000000000000007,1457.4009999999946,47.878,30.43988888424735,0.0
123,0,10,0.0,-24.686522969187703,200,0.0,0,0.0,13.350000000000012,671.2399999999982,35.7,18.80224089635849,0.0
123,1,10,0.0,-25.560355442833323,200,0.0,0,0.0,15.000000000000004,729.8329999999983,54.410999999999994,13.413335538769704,0.0
123,2,10,1.0,10.324440060908085,5,0.7230869325859566,0,0.0,0.4,19.981,14.448,1.3829595791805094,0.0
123,3,10,1.0,9.972478718250398,7,1.0,0,0.0,0.7000000000000001,57.796,57.796,1.0,0.0
123,4,10,0.0,-25.88585113378051,200,0.0,0,0.0,15.000000000000002,1353.9240000000038,53.229,25.435833849969075,0.0
123,5,10,0.0,-23.28437181495694,200,0.0,0,0.0,10.000000000000007,341.6059999999997,55.532999999999994,6.151405470621068,0.0
123,6,10,1.0,10.050203984537616,7,0.7396410662443916,0,0.0,0.5499999999999999,45.468,33.63,1.352007136485281,0.0
123,7,10,0.0,-22.934345025762916,200,0.0,0,0.0,10.000000000000007,1046.9210000000019,70.644,14.819673291433126,0.0
123,8,10,0.0,-38.08419703023434,200,0.0,0,0.0,39.60000000000002,497.2730000000004,50.307,9.884767527381884,0.0
123,9,10,0.0,-24.29315353620793,200,0.0,0,0.0,12.500000000000014,952.7930000000028,44.921,21.210413837626117,0.0
124,0,10,1.0,10.223430329927986,6,0.5877113117940894,0,0.0,0.4,40.639,23.884,1.70151565901859,0.0
124,1,10,0.0,-23.47823457943927,200,0.0,0,0.0,10.100000000000009,990.9310000000036,32.1,30.87012461059201,0.0
124,2,10,0.0,-13.113538715769597,11,0.0,10,1.0,0.05,5.238,46.596,0.11241308266804019,0.0
124,3,10,0.0,-13.188426071630893,13,0.0,10,1.0,0.2,12.448,31.774,0.3917668534021527,0.0
124,4,10,1.0,10.704992143306097,2,1.0,0,0.0,0.2,6.364,6.364,1.0,0.0
124,5,10,1.0,10.390860667468086,4,0.9319782330345712,0,0.0,0.44999999999999996,18.744,17.469,1.0729864331100807,0.0
124,6,10,0.0,-12.58180528526068,11,0.0,10,1.0,0.05,9.504,19.526,0.48673563453856394,0.0
124,7,10,0.0,-23.054256803907833,200,0.0,0,0.0,10.000000000000007,622.0000000000022,57.32000000000001,10.851360781577148,0.0
124,8,10,1.0,10.082209228294742,7,0.9336148912873455,0,0.0,0.49999999999999994,31.965,29.843,1.071105451864759,0.0
124,9,10,0.0,-12.828344794716413,13,0.0,10,1.0,0.2,14.722000000000001,29.374000000000002,0.501191529924423,0.0
125,0,10,0.0,-23.239850417118216,200,0.0,0,0.0,10.050000000000008,761.7669999999995,39.677,19.199208609521875,0.0
125,1,10,1.0,10.205775487196005,6,0.6781715908470319,0,0.0,0.45,36.622,24.836000000000002,1.4745530681269123,0.0
125,2,10,0.0,-22.975933711082693,200,0.0,0,0.0,10.000000000000007,1054.2250000000015,49.239,21.410365766973367,0.0
125,3,10,0.0,-23.324134902886964,200,0.0,0,0.0,10.050000000000008,637.7769999999967,39.79900000000001,16.024950375637495,0.0
125,4,10,0.0,-12.99388681666524,12,0.0,10,1.0,0.15000000000000002,15.559999999999999,58.445,0.26623321071092476,0.0
125,5,10,1.0,10.363313866080722,4,1.0,0,0.0,0.5,17.294,17.294,1.0,0.0
125,6,10,1.0,10.245566534326628,5,1.0,0,0.0,0.55,22.417,22.417,1.0,0.0
125,7,10,0.0,-25.358065433559545,200,0.0,0,0.0,13.500000000000014,589.8079999999999,48.171,12.244047248344437,0.0
125,8,10,0.0,-12.769212092731827,12,0.0,10,1.0,0.15000000000000002,16.676000000000002,38.304,0.435359231411863,0.0
125,9,10,1.0,10.317322603629657,5,0.8032657183738744,0,0.0,0.4,59.404999999999994,47.718,1.2449180602707572,0.0
126,0,10,1.0,9.503993042133747,11,0.5857247976453275,0,0.0,0.9000000000000001,70.668,41.392,1.7072864321608041,0.0
126,1,10,0.0,-25.883444821330002,200,0.0,0,0.0,15.000000000000004,1360.0210000000038,50.708,26.820639741263783,0.0
126,2,10,1.0,10.290316190944882,5,0.9834240774349666,0,0.0,0.45000000000000007,16.53,16.256,1.01685531496063,0.0
126,3,10,0.0,-25.812088474970892,200,0.0,0,0.0,15.050000000000002,1765.480000000008,42.949999999999996,41.10547147846352,0.0
126,4,10,0.0,-23.029631053036027,200,0.0,0,0.0,10.000000000000007,613.199999999999,52.03999999999999,11.783243658724041,0.0
126,5,10,1.0,10.135733294680389,7,0.8000139153021939,0,0.0,0.39999999999999997,43.118,34.495,1.2499782577185101,0.0
126,6,10,1.0,10.130909996017524,7,0.8911167794166573,0,0.0,0.39999999999999997,45.085,40.175999999999995,1.1221873755475908,0.0
126,7,10,1.0,9.734264083055356,9,0.608509231067474,0,0.0,0.8,87.69300000000001,53.362,1.6433604437614784,0.0
126,8,10,0.0,-25.73145400593473,200,0.0,0,0.0,15.000000000000004,1060.7999999999968,22.916,46.290801186943476,0.0
126,9,10,1.0,9.990800450958286,8,0.705619581845997,0,0.0,0.49999999999999994,49.025,34.593,1.417194230046541,0.0
127,0,10,0.0,-12.994148274683976,12,0.0,10,1.0,0.15000000000000002,15.559999999999999,58.54,0.2658011615989067,0.0
127,1,10,0.0,-23.08710192778779,200,0.0,0,0.0,10.000000000000007,967.8000000000052,46.945,20.615614016402283,0.0
127,2,10,1.0,10.079679576283372,7,0.9375997123789407,0,0.0,0.49999999999999994,44.503,41.726,1.066553228203039,0.0
127,3,10,0.0,-23.390359444589937,200,0.0,0,0.0,10.200000000000012,356.7069999999996,57.254999999999995,6.2301458387913655,0.0
127,4,10,0.0,-30.43436505148232,200,0.0,0,0.0,24.900000000000002,520.7430000000008,37.00300000000001,14.072994081560974,0.0
127,5,10,0.0,-26.339560145343274,200,0.0,0,0.0,15.050000000000002,1009.9320000000035,31.374000000000002,32.19009370816611,0.0
127,6,10,1.0,10.341690612144655,5,0.8920961822862464,0,0.0,0.35,18.256999999999998,16.287,1.1209553631730829,0.0
127,7,10,0.0,-13.014891435464417,12,0.0,10,1.0,0.15000000000000002,8.658000000000001,40.621,0.21314098618940944,0.0
127,8,10,0.0,-22.943909561395877,200,0.0,0,0.0,10.000000000000007,527.5999999999983,34.587,15.254286292537609,0.0
127,9,10,1.0,9.730432864626414,10,0.6835657745947985,0,0.0,0.65,53.059999999999995,36.27,1.462917011304108,0.0
128,0,10,0.0,-25.576558938694465,200,0.0,0,0.0,15.000000000000004,527.2379999999979,34.222,15.406405236397577,0.0
128,1,10,0.0,-30.412914467788433,200,0.0,0,0.0,25.0,874.6000000000031,50.215,17.417106442298177,0.0
128,2,10,1.0,9.10290477119719,14,0.5484150596091694,0,0.0,1.1500000000000004,93.44200000000001,51.245000000000005,1.8234364328227144,0.0
128,3,10,0.0,-23.133446235290158,200,0.0,0,0.0,10.200000000000012,336.71200000000033,59.31399999999999,5.67677108271235,0.0
128,4,10,1.0,9.732983384131353,9,0.760141699799707,0,0.0,0.8,66.902,50.855000000000004,1.3155441942778487,0.0
128,5,10,0.0,-23.04708699122106,200,0.0,0,0.0,10.000000000000007,1455.0009999999947,48.867000000000004,29.774715042871357,0.0
128,6,10,0.0,-25.64963467476406,200,0.0,0,0.0,14.950000000000003,327.10999999999984,58.619,5.580272607857518,0.0
128,7,10,1.0,10.60618709295441,3,0.9430890816940126,0,0.0,0.2,23.282,21.957,1.0603452202031243,0.0
128,8,10,0.0,-23.027657105065185,200,0.0,0,0.0,10.050000000000008,857.5890000000023,38.556999999999995,22.242109085250473,0.0
128,9,10,1.0,9.790100842821234,8,0.8344849711267953,0,0.0,0.9,40.522,33.815,1.1983439302084873,0.0
129,0,10,0.0,-23.049467142050045,200,0.0,0,0.0,10.000000000000007,411.68299999999937,51.327000000000005,8.020788279073379,0.0
129,1,10,0.0,-25.59977385623437,200,0.0,0,0.0,15.000000000000004,1352.9889999999982,51.737,26.15128438061732,0.0
129,2,10,1.0,9.913693882298208,8,0.5186078774353098,0,0.0,0.7000000000000002,33.158,17.196,1.9282391253779947,0.0
129,3,10,1.0,10.035707108081791,7,0.9840558046836073,0,0.0,0.6000000000000001,26.091,25.675,1.0162025316455696,0.0
129,4,10,0.0,-25.534150711006653,200,0.0,0,0.0,15.000000000000004,1037.5669999999975,44.655,23.235180830813963,0.0
129,5,10,1.0,9.962578812443706,8,0.7706230978696139,0,0.0,0.55,37.458000000000006,28.866000000000003,1.2976512159634173,0.0
129,6,10,1.0,10.58696501334832,3,0.8585560045841124,0,0.0,0.25,16.579,14.234,1.164746381902487,0.0
129,7,10,1.0,10.342585046870274,5,0.7974920118164828,0,0.0,0.35,33.174,26.456,1.2539310553371636,0.0
129,8,10,0.0,-25.69225461064313,200,0.0,0,0.0,15.000000000000002,806.9859999999993,40.721000000000004,19.817440632597414,0.0
129,9,10,0.0,-25.814215100965775,200,0.0,0,0.0,15.000000000000004,1362.9520000000039,45.56,29.915539947322294,0.0
130,0,10,0.0,-23.034527390343175,200,0.0,0,0.0,10.000000000000007,1023.6989999999951,36.637,27.94167098834498,0.0
130,1,10,0.0,-23.04722686041787,200,0.0,0,0.0,10.000000000000007,966.6460000000051,44.318000000000005,21.81158897062153,0.0
130,2,10,0.0,-13.211100008071675,12,0.0,10,1.0,0.2,7.921,61.94499999999999,0.1278714989103237,0.0
130,3,10,0.0,-12.777193190279567,12,0.0,10,1.0,0.15000000000000002,20.845,44.319,0.4703400347480764,0.0
130,4,10,1.0,10.12459193744306,6,0.7612332765047534,0,0.0,0.6000000000000001,34.607,26.343999999999998,1.313657758882478,0.0
130,5,10,0.0,-12.9,10,0.0,10,1.0,0.0,0.0,39.393,0.0,0.0
130,6,10,0.0,-23.481911853128665,200,0.0,0,0.0,10.300000000000013,577.035000000001,49.894,11.56521826271698,0.0
130,7,10,1.0,10.079744014093906,7,0.7317135100294928,0,0.0,0.5,51.19899999999999,37.462999999999994,1.366655099698369,0.0
130,8,10,0.0,-12.9,10,0.0,10,1.0,0.0,0.0,33.777,0.0,0.0
130,9,10,1.0,10.128049029059358,7,0.9999173735815798,0,0.0,0.39999999999999997,36.308,36.305,1.0000826332461095,0.0
131,0,10,0.0,-13.65763607935112,20,0.0,10,1.0,0.8000000000000002,58.153999999999996,61.398,0.9471644027492752,0.0
131,1,10,0.0,-24.382979900424132,200,0.0,0,0.0,12.500000000000014,925.1700000000001,54.230000000000004,17.060114327862806,0.0
131,2,10,0.0,-23.037881108456315,200,0.0,0,0.0,10.000000000000007,1663.999999999998,48.969,33.98068165574134,0.0
131,3,10,0.0,-23.16531188871984,200,0.0,0,0.0,10.000000000000007,760.5999999999996,23.005,33.06237774396868,0.0
131,4,10,1.0,10.27338151809698,6,1.0,0,0.0,0.3,36.111000000000004,36.111000000000004,1.0,0.0
131,5,10,0.0,-14.06645376255895,20,0.0,10,1.0,0.65,31.854000000000006,43.893,0.7257193629963777,0.0
131,6,10,0.0,-23.391672681405645,200,0.0,0,0.0,10.05000000000001,1067.2419999999966,57.082,18.696646928979302,0.0
131,7,10,1.0,10.245729814857494,5,0.9648654658661329,0,0.0,0.55,26.982000000000003,26.034,1.0364139202581242,0.0
131,8,10,0.0,-25.56788463544384,200,0.0,0,0.0,14.900000000000002,950.1159999999967,47.934999999999995,19.820924168144295,0.0
131,9,10,0.0,-25.408645041129947,200,0.0,0,0.0,15.000000000000004,910.1839999999986,32.214999999999996,28.25342231879555,0.0
132,0,10,0.0,-23.066326618531566,200,0.0,0,0.0,10.000000000000007,983.2000000000048,58.03099999999999,16.942668573693457,0.0
132,1,10,0.0,-28.2295497508321,200,0.0,0,0.0,19.950000000000028,1103.5629999999983,54.381,20.293172247659996,0.0
132,2,10,1.0,10.472294793326066,4,0.35063942378362484,0,0.0,0.3,34.015,11.927,2.8519325899220256,0.0
132,3,10,1.0,9.0740183338083,15,0.66705953919854,0,0.0,1.0500000000000003,78.906,52.635000000000005,1.4991165574237675,0.0
132,4,10,0.0,-22.99983513313,200,0.0,0,0.0,10.000000000000007,678.5999999999993,36.393,18.646442997279678,0.0
132,5,10,0.0,-23.002648650934574,200,0.0,0,0.0,10.050000000000008,549.1220000000014,59.11500000000001,9.289046773238626,0.0
132,6,10,1.0,9.889207175217338,9,0.9391854336367992,0,0.0,0.49999999999999994,52.175000000000004,49.002,1.0647524590833028,0.0
132,7,10,1.0,9.546260483588366,11,0.8125166090884931,0,0.0,0.8,52.682,42.80499999999999,1.2307440719542113,0.0
132,8,10,1.0,10.198944592525379,6,1.0,0,0.0,0.45,35.266,35.266,1.0,0.0
132,9,10,0.0,-23.19262882575652,200,0.0,0,0.0,10.000000000000007,1605.4999999999982,69.202,23.200196526111938,0.0
133,0,10,0.0,-12.9,10,0.0,10,1.0,0.0,0.0,31.994000000000003,0.0,0.0
133,1,10,0.0,-23.211868295760937,200,0.0,0,0.0,10.000000000000007,912.2400000000035,34.866,26.16417139907083,0.0
133,2,10,1.0,10.203031221654651,6,0.5993247689622614,0,0.0,0.45,34.951,20.947,1.6685444216355565,0.0
133,3,10,0.0,-12.899999999999999,10,0.0,10,1.0,0.0,0.0,68.42,0.0,0.0
133,4,10,0.0,-23.462487234393038,200,0.0,0,0.0,10.150000000000011,445.70000000000016,48.568000000000005,9.176824246417397,0.0
133,5,10,1.0,10.615560648559896,3,0.7247260647528384,0,0.0,0.2,20.169,14.616999999999997,1.3798317028117948,0.0
133,6,10,1.0,9.505161891575247,11,0.6504329754069968,0,0.0,0.9000000000000001,57.74,37.556,1.5374374267760147,0.0
133,7,10,1.0,9.9597365349071,8,0.8391336290168975,0,0.0,0.55,36.751000000000005,30.839000000000002,1.1917053082136257,0.0
133,8,10,1.0,10.704387128469662,2,1.0,0,0.0,0.2,8.142,8.142,1.0,0.0
133,9,10,1.0,10.30182023797817,5,0.8481234361968307,0,0.0,0.44999999999999996,23.98,20.338,1.1790736552266692,0.0
134,0,10,1.0,9.926328081035454,8,0.558949783517744,0,0.0,0.65,54.04600000000001,30.209,1.7890694826045221,0.0
134,1,10,1.0,9.262304694083937,13,0.582051848036691,0,0.0,1.0000000000000002,81.546,47.464000000000006,1.7180600033709759,0.0
134,2,10,1.0,10.063094649836035,7,0.7954050094686819,0,0.0,0.5499999999999999,55.974,44.522,1.2572211490948295,0.0
134,3,10,0.0,-22.854268146610224,200,0.0,0,0.0,10.000000000000007,1459.9999999999948,50.092000000000006,29.146370677952458,0.0
134,4,10,0.0,-23.160623437729697,200,0.0,0,0.0,10.000000000000007,1092.3999999999983,34.005,32.12468754594907,0.0
134,5,10,1.0,10.368149520054168,5,0.7655506769118186,0,0.0,0.3,32.796,25.107,1.3062492531963197,0.0
134,6,10,1.0,9.991012781588514,8,0.5235488048981515,0,0.0,0.49999999999999994,50.95799999999999,26.679,1.910041605757337,0.0
134,7,10,1.0,10.252960430445016,5,0.6465898383706602,0,0.0,0.55,27.594,17.842,1.5465754960206257,0.0
134,8,10,0.0,-22.947988174575332,200,0.0,0,0.0,10.000000000000007,1184.6709999999998,39.914,29.68058826476925,0.0
134,9,10,0.0,-23.12477933143975,200,0.0,0,0.0,10.050000000000008,902.1899999999993,50.347,17.91943909269667,0.0
135,0,10,0.0,-12.9,10,0.0,10,1.0,0.0,0.0,36.137,0.0,0.0
135,1,10,1.0,10.374218380557387,5,0.91024238789119,0,0.0,0.3,28.343,25.799,1.0986084731966355,0.0
135,2,10,1.0,9.49370992767916,11,0.807479136140664,0,0.0,0.9000000000000001,47.090999999999994,38.025000000000006,1.2384220907297827,0.0
135,3,10,0.0,-12.9,10,0.0,10,1.0,0.0,0.0,57.09100000000001,0.0,0.0
135,4,10,0.0,-23.82907503438002,200,0.0,0,0.0,10.450000000000014,1290.5220000000004,69.80799999999999,18.486735044694026,0.0
135,5,10,1.0,10.440568118267803,4,0.9279557761732853,0,0.0,0.35,44.32,41.127,1.077637561699127,0.0
135,6,10,1.0,9.816756816834618,9,0.8418820080158447,0,0.0,0.65,64.12299999999999,53.984,1.1878149081209246,0.0
135,7,10,0.0,-12.899999999999999,10,0.0,10,1.0,0.0,0.0,44.315,0.0,0.0
135,8,10,1.0,10.294998005882645,5,1.0,0,0.0,0.45,20.059,20.059,1.0,0.0
135,9,10,0.0,-12.899999999999999,10,0.0,10,1.0,0.0,0.0,34.407000000000004,0.0,0.0
136,0,10,0.0,-13.413095244452752,14,0.0,10,1.0,0.30000000000000004,23.32,37.45100000000001,0.6226803022616217,0.0
136,1,10,0.0,-23.1331360234847,200,0.0,0,0.0,10.000000000000007,1106.6000000000004,41.559,26.627204696936897,0.0
136,2,10,1.0,9.900456486148116,9,0.7039614923956522,0,0.0,0.49999999999999994,44.25099999999999,31.151,1.4205322461558214,0.0
136,3,10,0.0,-12.985429424118493,14,0.0,10,1.0,0.30000000000000004,38.172,63.329,0.6027570307442087,0.0
136,4,10,0.0,-25.550509835769795,200,0.0,0,0.0,15.000000000000002,1128.600000000002,44.328,25.46020573903632,0.0
136,5,10,1.0,10.489331270182992,4,0.9973607694028183,0,0.0,0.25,22.354999999999997,22.296,1.0026462145676354,0.0
136,6,10,1.0,10.729791666666666,2,1.0,0,0.0,0.15000000000000002,6.5280000000000005,6.5280000000000005,1.0,0.0
136,7,10,1.0,10.875,1,1.0,0,0.0,0.05,2.543,2.543,1.0,0.0
136,8,10,0.0,-28.08776974892832,200,0.0,0,0.0,20.05000000000002,1334.3759999999986,48.989999999999995,27.23772198407836,0.0
136,9,10,0.0,-22.662286265158087,200,0.0,0,0.0,10.000000000000007,1331.1999999999941,19.709,67.54274696838978,0.0
137,0,10,1.0,10.158751118647261,7,0.8552954920839545,0,0.0,0.35,24.823,21.231,1.1691865668126795,0.0
137,1,10,0.0,-23.060947729080386,200,0.0,0,0.0,10.000000000000007,1557.699999999998,49.03299999999999,31.768400872881497,0.0
137,2,10,1.0,9.978503799731783,7,1.0,0,0.0,0.7000000000000001,22.369999999999997,22.369999999999997,1.0,0.0
137,3,10,0.0,-23.017360462945756,200,0.0,0,0.0,10.000000000000007,1085.4000000000017,42.855999999999995,25.326675378010123,0.0
137,4,10,0.0,-12.9,10,0.0,10,1.0,0.0,0.0,30.012999999999998,0.0,0.0
137,5,10,1.0,9.70131155731075,10,0.9643037393897683,0,0.0,0.7000000000000001,43.59,42.034000000000006,1.0370176523766474,0.0
137,6,10,1.0,9.969387688703799,8,0.7811126076901573,0,0.0,0.55,39.349,30.735999999999997,1.280225143154607,0.0
137,7,10,1.0,9.591526741113618,10,0.8622243655835301,0,0.0,0.9,60.134,51.849,1.1597909313583676,0.0
137,8,10,0.0,-23.019581945560965,200,0.0,0,0.0,10.000000000000007,638.3630000000013,34.827999999999996,18.329016882967768,0.0
137,9,10,0.0,-12.9,10,0.0,10,1.0,0.0,0.0,46.261,0.0,0.0
138,0,10,0.0,-26.039604800177784,200,0.0,0,0.0,15.000000000000002,1108.6419999999969,53.998000000000005,20.531167821030348,0.0
138,1,10,1.0,9.17795284741823,13,0.8368067133488941,0,0.0,1.1500000000000001,71.976,60.230000000000004,1.1950190934750125,0.0
138,2,10,0.0,-13.16217609070561,13,0.0,10,1.0,0.15000000000000002,9.459,27.253,0.34708105529666455,0.0
138,3,10,1.0,10.484178581573715,4,0.46027456962301155,0,0.0,0.3,22.945,10.561,2.1726162295237192,0.0
138,4,10,1.0,10.1987898957498,6,1.0,0,0.0,0.45,43.645,43.645,1.0,0.0
138,5,10,0.0,-24.828394078747376,200,0.0,0,0.0,13.350000000000014,740.9239999999993,52.624,14.07958346001823,0.0
138,6,10,0.0,-12.83441116892402,13,0.0,10,1.0,0.2,16.374,25.177,0.650355483179092,0.0
138,7,10,1.0,9.838526115576109,9,0.8071493076459965,0,0.0,0.6000000000000001,66.44,53.627,1.2389281518637998,0.0
138,8,10,0.0,-27.88427277207083,200,0.0,0,0.0,20.00000000000003,610.5999999999996,26.381,23.145445585838274,0.0
138,9,10,0.0,-24.66273259927858,200,0.0,0,0.0,13.350000000000012,893.9920000000029,57.943000000000005,15.428817976287089,0.0
139,0,10,0.0,-22.872925612162007,200,0.0,0,0.0,10.000000000000007,875.9999999999992,34.468,25.414877567598907,0.0
139,1,10,1.0,10.516242705443414,4,0.8328420046211455,0,0.0,0.2,25.102000000000004,20.906,1.2007079307375876,0.0
139,2,10,1.0,10.584271217712178,3,1.0,0,0.0,0.25,20.596,20.596,1.0,0.0
139,3,10,0.0,-25.573500029382416,200,0.0,0,0.0,15.000000000000002,1040.3289999999974,68.06800000000001,15.283672210142758,0.0
139,4,10,0.0,-23.260515238856172,200,0.0,0,0.0,10.000000000000007,638.4609999999979,70.084,9.109939501169993,0.0
139,5,10,1.0,10.226340761482518,6,0.8201390660882878,0,0.0,0.4,31.351999999999997,25.712999999999997,1.2193054097149303,0.0
139,6,10,0.0,-22.96608889133059,200,0.0,0,0.0,10.000000000000007,493.799999999999,72.808,6.782221733875383,0.0
139,7,10,0.0,-23.070519369356937,200,0.0,0,0.0,10.000000000000007,414.2519999999993,72.434,5.719026976281848,0.0
139,8,10,0.0,-28.502754763292174,200,0.0,0,0.0,19.85000000000003,604.3500000000009,56.631,10.671716904169111,0.0
139,9,10,1.0,10.370808328468573,5,1.0,0,0.0,0.3,25.695,25.695,1.0,0.0
140,0,10,1.0,10.114975683138935,7,0.812721913311449,0,0.0,0.44999999999999996,29.854000000000003,24.263,1.2304331698470923,0.0
140,1,10,1.0,9.863850414756604,8,0.7753236862147752,0,0.0,0.7500000000000001,47.268,36.647999999999996,1.2897838899803538,0.0
140,2,10,1.0,10.244045281475188,6,0.9237007324729681,0,0.0,0.35,34.404,31.779,1.082601718115737,0.0
140,3,10,1.0,10.033027909104772,7,0.8422607578676943,0,0.0,0.6000000000000001,38.925,32.785,1.187280768644197,0.0
140,4,10,0.0,-13.035621245603663,12,0.0,10,1.0,0.15000000000000002,6.623,32.129,0.20613775716642288,0.0
140,5,10,0.0,-25.824328386072985,200,0.0,0,0.0,15.100000000000003,1110.9369999999979,32.139,34.566632440337216,0.0
140,6,10,0.0,-26.35085874054477,200,0.0,0,0.0,16.649999999999995,737.9210000000015,43.098000000000006,17.121931412130525,0.0
140,7,10,0.0,-24.719367204566314,200,0.0,0,0.0,13.300000000000011,778.0259999999997,42.57299999999999,18.275103939116338,0.0
140,8,10,1.0,8.916662372918918,16,0.8549099477803696,0,0.0,1.1,84.45100000000002,72.19800000000001,1.1697138424887117,0.0
140,9,10,0.0,-13.183370274361069,12,0.0,10,1.0,0.1,6.844,57.479,0.11906957323544251,0.0
141,0,10,1.0,10.107509828471265,7,0.9404658172997669,0,0.0,0.45,42.463,39.935,1.0633028671591336,0.0
141,1,10,1.0,10.229402785034415,6,0.8672550680667468,0,0.0,0.4,50.759,44.021,1.153063310692624,0.0
141,2,10,1.0,5.59780224687412,12,0.8051928390295597,4,0.0,0.5500000000000002,52.842000000000006,42.548,1.2419385164990129,0.0
141,3,10,1.0,10.606288187372709,3,0.9422129181386016,0,0.0,0.2,22.929000000000002,21.604,1.0613312349564896,0.0
141,4,10,0.0,-26.408918873691896,200,0.0,0,0.0,16.650000000000052,700.9389999999995,44.819,15.639327071108223,0.0
141,5,10,1.0,10.63486323171035,3,1.0,0,0.0,0.15000000000000002,20.107000000000003,20.107000000000003,1.0,0.0
141,6,10,1.0,9.861950724975932,9,0.9463817333443775,0,0.0,0.5499999999999999,36.218999999999994,34.277,1.0566560667502989,0.0
141,7,10,1.0,10.875,1,1.0,0,0.0,0.05,3.422,3.422,1.0,0.0
141,8,10,1.0,9.746822198514463,9,0.976241943090709,0,0.0,0.8000000000000002,50.888,49.678999999999995,1.0243362386521468,0.0
141,9,10,0.0,-17.80032676134013,19,0.0,14,1.0,0.35,25.134,58.023999999999994,0.4331655866537985,0.0
142,0,10,1.0,10.608173838700484,3,0.914373566812591,0,0.0,0.2,19.188000000000002,17.544999999999998,1.09364491308065,0.0
142,1,10,1.0,10.638674009803369,3,1.0,0,0.0,0.15000000000000002,17.749,17.749,1.0,0.0
142,2,10,1.0,10.101701744795225,7,1.0,0,0.0,0.45,43.902,43.902,1.0,0.0
142,3,10,0.0,-23.104092692954683,200,0.0,0,0.0,10.000000000000007,1114.000000000003,53.510000000000005,20.81853859091764,0.0
142,4,10,0.0,-14.39117535874093,19,0.0,10,1.0,0.6000000000000001,36.587999999999994,25.924,1.4113562721802189,0.0
142,5,10,0.0,-13.202479702205366,19,0.0,10,1.0,0.55,79.785,35.595,2.2414664981036663,0.0
142,6,10,0.0,-22.933286926420013,200,0.0,0,0.0,10.000000000000007,755.9999999999965,53.153,14.223091829247577,0.0
142,7,10,0.0,-25.60833847761062,200,0.0,0,0.0,15.000000000000002,912.5999999999981,42.118,21.667695522104516,0.0
142,8,10,0.0,-25.753336250681524,200,0.0,0,0.0,14.950000000000003,659.6369999999981,34.849,18.928434101408882,0.0
142,9,10,0.0,-23.001738131999133,200,0.0,0,0.0,10.15000000000001,682.6489999999994,51.167,13.341587351222456,0.0
143,0,10,1.0,9.515789057598194,12,0.5830065550743297,0,0.0,0.7500000000000001,68.34400000000001,39.845,1.7152465804994355,0.0
143,1,10,0.0,-23.250489953952314,200,0.0,0,0.0,10.000000000000007,3144.2000000000003,62.761,50.09799079045904,0.0
143,2,10,0.0,-13.155565316161928,12,0.0,10,1.0,0.15000000000000002,6.918,61.187000000000005,0.11306323238596433,0.0
143,3,10,0.0,-25.57443751428674,200,0.0,0,0.0,15.000000000000004,1004.1360000000035,61.246,16.395127845083817,0.0
143,4,10,1.0,10.489770778027363,4,1.0,0,0.0,0.25,19.588,19.588,1.0,0.0
143,5,10,0.0,-12.722823715882225,14,0.0,10,1.0,0.25,28.289,37.224,0.7599666881581776,0.0
143,6,10,0.0,-12.557761215770054,12,0.0,10,1.0,0.15000000000000002,13.913,20.596,0.6755195183530783,0.0
143,7,10,1.0,10.729629813328524,2,1.0,0,0.0,0.15000000000000002,11.089,11.089,1.0,0.0
143,8,10,1.0,10.435499349632929,4,0.8369436858808769,0,0.0,0.35,54.196,45.359,1.1948235190370158,0.0
143,9,10,0.0,-13.242138208691816,14,0.0,10,1.0,0.25,17.863999999999997,36.263999999999996,0.49260975071696445,0.0
144,0,10,1.0,10.219988615340828,6,0.8025537358094065,0,0.0,0.39999999999999997,43.778999999999996,35.135000000000005,1.246022484701864,0.0
144,1,10,0.0,-22.870605596096535,200,0.0,0,0.0,10.000000000000007,1202.6209999999978,46.318,25.964441469838892,0.0
144,2,10,1.0,9.938185456257491,8,0.916504854368932,0,0.0,0.6000000000000001,50.985,46.728,1.091101694915254,0.0
144,3,10,1.0,10.627830303030303,3,0.42059648228396634,0,0.0,0.2,11.769,4.95,2.3775757575757575,0.0
144,4,10,0.0,-24.998778912702296,200,0.0,0,0.0,13.300000000000013,629.928999999998,38.867000000000004,16.207296678416085,0.0
144,5,10,1.0,9.5839124763462,10,0.9020117990189581,0,0.0,0.9000000000000001,60.343999999999994,54.431000000000004,1.1086329481361723,0.0
144,6,10,1.0,10.07775677355662,7,0.7569190745045943,0,0.0,0.49999999999999994,36.132,27.349,1.3211451972649821,0.0
144,7,10,1.0,10.199644194756553,6,0.8715895814720639,0,0.0,0.45,29.101999999999997,25.365000000000002,1.1473289966489255,0.0
144,8,10,0.0,-22.983440747479097,200,0.0,0,0.0,10.000000000000007,472.0620000000017,32.429,14.556785593141992,0.0
144,9,10,0.0,-22.96399626328685,200,0.0,0,0.0,10.000000000000007,965.0000000000034,39.607000000000006,24.364380033832486,0.0
145,0,10,0.0,-13.137883179061605,15,0.0,10,1.0,0.6,29.637,46.99499999999999,0.6306415576125121,0.0
145,1,10,0.0,-13.028862034007652,11,0.0,10,1.0,0.05,3.995,65.10300000000001,0.06136429964824969,0.0
145,2,10,1.0,9.037941839411742,15,0.7774490089054868,0,0.0,1.05,69.62,54.126,1.2862579906144922,0.0
145,3,10,0.0,-23.06941346883414,200,0.0,0,0.0,10.000000000000007,621.1999999999991,43.493,14.282758144988827,0.0
145,4,10,0.0,-22.965128765322277,200,0.0,0,0.0,10.000000000000007,542.630000000002,51.722,10.491280306252698,0.0
145,5,10,0.0,-12.947088083553544,11,0.0,10,1.0,0.05,6.342,39.735,0.15960739901849755,0.0
145,6,10,1.0,10.342789256198348,5,0.7795726941115163,0,0.0,0.35,21.109,16.456,1.2827540106951874,0.0
145,7,10,1.0,10.389699453551913,4,0.9366428145497911,0,0.0,0.44999999999999996,20.124000000000002,18.849,1.0676428457743117,0.0
145,8,10,0.0,-23.09819192153063,200,0.0,0,0.0,10.000000000000007,950.9099999999992,47.509,20.015365509692884,0.0
145,9,10,0.0,-12.980262658827991,15,0.0,10,1.0,0.4,39.177,52.730000000000004,0.7429736392945192,0.0
146,0,10,0.0,-25.348181004945406,200,0.0,0,0.0,14.800000000000002,631.5230000000009,59.24700000000001,10.65915573784328,0.0
146,1,10,1.0,10.198167318525961,6,0.7921830585559977,0,0.0,0.45,35.18,27.869,1.2623344935232697,0.0
146,2,10,0.0,-12.777775600348388,14,0.0,10,1.0,0.3,23.122999999999998,32.147999999999996,0.7192671394799054,0.0
146,3,10,1.0,10.09898900156698,7,0.8165664759421548,0,0.0,0.45,41.42100000000001,33.823,1.2246400378440707,0.0
146,4,10,0.0,-12.975444521417849,14,0.0,10,1.0,0.30000000000000004,33.307,51.96600000000001,0.6409383058153407,0.0
146,5,10,0.0,-25.59708858402138,200,0.0,0,0.0,15.000000000000004,625.5999999999998,32.218,19.417716804270896,0.0
146,6,10,1.0,9.971908491089597,8,0.6052587381267845,0,0.0,0.55,53.587,32.434000000000005,1.6521859776777454,0.0
146,7,10,1.0,10.637690282431786,3,0.9846548654027444,0,0.0,0.15000000000000002,19.094,18.801000000000002,1.0155842774320514,0.0
146,8,10,1.0,10.586792466765141,3,0.9679033526342125,0,0.0,0.25,13.989,13.54,1.0331610044313146,0.0
146,9,10,0.0,-29.574535628242096,200,0.0,0,0.0,23.30000000000002,919.1529999999983,46.073,19.949927289301723,0.0
147,0,10,0.0,-14.605233023642267,24,0.0,10,1.0,0.8000000000000002,51.083000000000006,52.955999999999996,0.9646310144270717,0.0
147,1,10,0.0,-22.8319889382458,200,0.0,0,0.0,10.150000000000011,332.8430000000003,45.92400000000001,7.247691838690015,0.0
147,2,10,0.0,-13.309605694204537,14,0.0,10,1.0,0.44999999999999996,15.297,33.577999999999996,0.45556614449937466,0.0
147,3,10,0.0,-13.044640558216182,14,0.0,10,1.0,0.25,18.834,38.83800000000001,0.48493743241155557,0.0
147,4,10,0.0,-13.136814221783595,12,0.0,10,1.0,0.15000000000000002,8.994,58.769000000000005,0.15303986795759666,0.0
147,5,10,0.0,-12.999097875154545,12,0.0,10,1.0,0.15000000000000002,9.442,34.778999999999996,0.27148566663791374,0.0
147,6,10,0.0,-32.30830540782225,200,0.0,7,0.0,12.950000000000012,686.5339999999986,21.247,32.31204405327804,0.0
147,7,10,0.0,-23.0861523858832,200,0.0,0,0.0,10.050000000000008,1430.8489999999942,46.355999999999995,30.866532919147346,0.0
147,8,10,1.0,10.534233806667173,3,1.0,0,0.0,0.35,13.169,13.169,1.0,0.0
147,9,10,1.0,2.2890776603297294,14,0.9215615004361736,7,0.0,0.7,55.024,50.70800000000001,1.0851147747889878,0.0
148,0,10,0.0,-22.980696677777456,200,0.0,0,0.0,10.000000000000007,505.9999999999974,54.602000000000004,9.267059814658754,0.0
148,1,10,0.0,-13.09771783150888,16,0.0,10,1.0,0.44999999999999996,47.31900000000001,49.87800000000001,0.9486948153494528,0.0
148,2,10,0.0,-23.023763384031177,200,0.0,0,0.0,10.000000000000007,973.8000000000042,51.087,19.0616007986377,0.0
148,3,10,1.0,9.86629335397056,9,0.8097503580928996,0,0.0,0.55,78.192,63.316,1.2349485122243982,0.0
148,4,10,1.0,9.55427892113,10,0.6963061860258122,0,0.0,1.0000000000000002,56.175000000000004,39.115,1.4361498146491116,0.0
148,5,10,0.0,-13.645370729283142,16,0.0,10,1.0,0.45000000000000007,21.667,40.245,0.5383774381910797,0.0
148,6,10,0.0,-25.437407533856828,200,0.0,0,0.0,15.000000000000004,1244.0649999999985,52.721999999999994,23.596695876484173,0.0
148,7,10,0.0,-23.39664644375956,200,0.0,0,0.0,10.050000000000008,1055.8269999999943,51.262,20.596679801802395,0.0
148,8,10,1.0,10.615755222574649,3,0.8252549869121762,0,0.0,0.2,11.079,9.143,1.211746691457946,0.0
148,9,10,0.0,-23.24174831746804,200,0.0,0,0.0,10.100000000000009,733.4210000000028,32.986,22.23431152610207,0.0
149,0,10,1.0,10.85,1,1.0,0,0.0,0.1,13.531,13.531,1.0,0.0
149,1,10,0.0,-24.977183833115934,200,0.0,0,0.0,15.000000000000004,812.1760000000011,14.573,55.73155836135326,0.0
149,2,10,0.0,-23.240027460711335,200,0.0,0,0.0,10.000000000000007,1147.6789999999964,60.45,18.985591397849404,0.0
149,3,10,1.0,9.49077308528772,10,0.8686860950484434,0,0.0,1.1,78.339,68.052,1.151163815905484,0.0
149,4,10,0.0,-12.818446965052116,11,0.0,10,1.0,0.05,7.204,32.620000000000005,0.22084610668301652,0.0
149,5,10,1.0,10.317444528085458,5,0.951563939011495,0,0.0,0.4,29.317,27.897000000000002,1.0509015306305336,0.0
149,6,10,0.0,-25.571258578770745,200,0.0,0,0.0,15.000000000000004,1062.0079999999969,64.986,16.342104453266806,0.0
149,7,10,0.0,-25.421158978822188,200,0.0,0,0.0,14.950000000000003,806.1649999999978,31.023,25.98604261354472,0.0
149,8,10,0.0,-22.836747008145977,200,0.0,0,0.0,10.000000000000007,974.0000000000008,29.831000000000003,32.65059837082232,0.0
149,9,10,1.0,9.59262760246542,10,0.6812104560493779,0,0.0,0.9,51.683,35.207,1.4679751185843724,0.0
150,0,10,0.0,-30.563297698265472,200,0.0,0,0.0,25.0,1370.2000000000057,73.336,18.683866041234943,0.0
150,1,10,1.0,10.098314079422382,6,0.3527104802974483,0,0.0,0.65,58.901,20.775000000000002,2.8351865222623345,0.0
150,2,10,1.0,10.169962540439299,6,0.7406286452914657,0,0.0,0.5,31.719,23.492,1.3502043248765536,0.0
150,3,10,0.0,-25.28682989934693,200,0.0,0,0.0,15.000000000000004,1166.130000000003,31.692999999999998,36.79456031300297,0.0
150,4,10,1.0,9.975489715820226,7,0.8427715188141958,0,0.0,0.7000000000000001,40.209,33.887,1.1865612181662586,0.0
150,5,10,0.0,-23.13499488229278,200,0.0,0,0.0,10.000000000000007,835.6399999999979,50.804,16.4483111566018,0.0
150,6,10,1.0,9.973669010243045,7,0.7324425108763206,0,0.0,0.7000000000000001,45.052,32.998,1.3652948663555369,0.0
150,7,10,0.0,-25.66821734455525,200,0.0,0,0.0,14.950000000000003,1128.6469999999995,53.942,20.923343591264683,0.0
150,8,10,0.0,-23.375291056544313,200,0.0,0,0.0,10.000000000000007,901.5119999999976,44.39,20.308898400540606,0.0
150,9,10,0.0,-23.0573382987826,200,0.0,0,0.0,10.100000000000009,971.6850000000042,51.422,18.896289525883944,0.0
151,0,10,1.0,10.607443662499065,3,1.0,0,0.0,0.2,26.714,26.714,1.0,0.0
151,1,10,0.0,-23.134376732483286,200,0.0,0,0.0,10.000000000000007,1484.011999999996,46.897999999999996,31.643396306878678,0.0
151,2,10,1.0,10.109931449188213,6,0.6913323633340261,0,0.0,0.65,24.055,16.63,1.4464822609741432,0.0
151,3,10,1.0,10.104951525868113,7,0.8472426707994317,0,0.0,0.45,38.715,32.801,1.1802993811164295,0.0
151,4,10,0.0,-22.96226241428509,200,0.0,0,0.0,10.000000000000007,1253.400000000006,65.18700000000001,19.22776013622357,0.0
151,5,10,0.0,-23.336826962597645,200,0.0,0,0.0,10.000000000000007,1065.4220000000032,43.794000000000004,24.328035803991487,0.0
151,6,10,0.0,-13.212238533017,13,0.0,10,1.0,0.2,14.325000000000001,40.464,0.3540183867141163,0.0
151,7,10,0.0,-24.921099601206073,200,0.0,0,0.0,13.300000000000013,824.7569999999976,41.123999999999995,20.055369127516723,0.0
151,8,10,1.0,10.584085993820803,3,1.0,0,0.0,0.25,19.42,19.42,1.0,0.0
151,9,10,0.0,-12.879052714651822,13,0.0,10,1.0,0.15000000000000002,24.449,58.921,0.4149454354135198,0.0
152,0,10,0.0,-26.412082409296538,200,0.0,0,0.0,16.649999999999995,987.3130000000009,45.092,21.895524705047478,0.0
152,1,10,1.0,10.755774417139257,2,0.933639251676668,0,0.0,0.1,8.498999999999999,7.935,1.0710775047258978,0.0
152,2,10,1.0,10.61371007691305,3,0.9221799238629534,0,0.0,0.2,24.955,23.013,1.0843870855603353,0.0
152,3,10,1.0,10.056756975333604,7,0.9439960737266877,0,0.0,0.5500000000000002,36.676,34.622,1.0593264398359425,0.0
152,4,10,0.0,-23.072257511189754,200,0.0,0,0.0,10.000000000000007,1078.4000000000053,74.62200000000001,14.451502237945983,0.0
152,5,10,1.0,9.044670124803645,15,0.6202329714567141,0,0.0,1.05,93.40199999999999,57.931,1.6122973882722547,0.0
152,6,10,0.0,-25.42626854551344,200,0.0,0,0.0,14.950000000000003,757.5839999999979,30.869999999999997,24.54110787172005,0.0
152,7,10,0.0,-23.24305042975275,200,0.0,0,0.0,10.150000000000011,1074.7669999999998,49.098,21.89023992830665,0.0
152,8,10,1.0,10.064319451498221,7,0.5623189588348088,0,0.0,0.55,49.022000000000006,27.566,1.7783501414786334,0.0
152,9,10,1.0,9.620296739447642,10,0.920261725139774,0,0.0,0.8500000000000001,40.958999999999996,37.693,1.086647388109198,0.0
153,0,10,1.0,10.41445871559633,4,0.8382773016919358,0,0.0,0.4,36.408,30.52,1.1929226736566187,0.0
153,1,10,0.0,-25.397019923508047,200,0.0,0,0.0,15.050000000000002,629.8020000000007,11.243,56.01725518100157,0.0
153,2,10,0.0,-23.39668308493266,200,0.0,0,0.0,10.050000000000008,487.7160000000019,39.184000000000005,12.446815026541492,0.0
153,3,10,0.0,-13.042600841008294,11,0.0,10,1.0,0.05,1.357,43.757,0.031012180908197545,0.0
153,4,10,0.0,-25.409720447098746,200,0.0,0,0.0,15.000000000000002,776.9999999999985,43.033,18.05591058025233,0.0
153,5,10,0.0,-23.415676595744678,200,0.0,0,0.0,10.10000000000001,351.3019999999997,50.525000000000006,6.95303315190499,0.0
153,6,10,0.0,-13.015819916648386,11,0.0,10,1.0,0.05,8.32,45.589999999999996,0.18249616143891206,0.0
153,7,10,1.0,10.61460058372068,3,0.8518024032042725,0,0.0,0.2,21.721,18.502000000000002,1.1739811912225704,0.0
153,8,10,0.0,-25.83100140668373,200,0.0,0,0.0,15.000000000000002,484.3300000000027,52.606,9.20674447781627,0.0
153,9,10,0.0,-23.091050647434873,200,0.0,0,0.0,10.000000000000007,948.3509999999973,48.808,19.430236846418563,0.0
154,0,10,1.0,10.517566826593558,4,0.6475490679554196,0,0.0,0.2,20.278000000000002,13.131,1.5442845175538802,0.0
154,1,10,0.0,-13.639262170783146,19,0.0,10,1.0,0.6,55.269000000000005,57.37100000000001,0.9633612800892436,0.0
154,2,10,1.0,9.588049056337033,10,0.8433634385525649,0,0.0,0.9,67.098,56.588,1.1857284229872058,0.0
154,3,10,1.0,10.490312328630539,4,0.9279700222057735,0,0.0,0.25,21.615999999999996,20.058999999999997,1.077621017996909,0.0
154,4,10,0.0,-25.613145151765675,200,0.0,0,0.0,15.000000000000004,1080.1859999999995,42.335,25.515200188968926,0.0
154,5,10,0.0,-14.006898954703832,19,0.0,10,1.0,0.6000000000000001,29.835,16.359,1.8237667339079404,0.0
154,6,10,0.0,-24.69139895680091,200,0.0,0,0.0,12.500000000000014,428.7040000000009,37.385,11.467272970442716,0.0
154,7,10,0.0,-23.35995901240331,200,0.0,0,0.0,10.050000000000008,741.8859999999978,51.35699999999999,14.445664661097766,0.0
154,8,10,1.0,9.339664253058851,11,0.7790381685675464,0,0.0,1.25,48.574,37.840999999999994,1.2836341534314635,0.0
154,9,10,1.0,9.542302273346039,12,0.8189520624303234,0,0.0,0.65,71.76,58.76800000000001,1.221072692621835,0.0
155,0,10,0.0,-23.164418151648523,200,0.0,0,0.0,10.000000000000007,1449.894999999997,27.722,52.30124089171044,0.0
155,1,10,0.0,-23.080697543279324,200,0.0,0,0.0,10.200000000000012,1478.0800000000047,53.201,27.782936410969807,0.0
155,2,10,1.0,10.246374330933035,6,0.963456258811308,0,0.0,0.35,26.954,25.968999999999998,1.0379298394239287,0.0
155,3,10,0.0,-25.91116275737853,200,0.0,0,0.0,14.950000000000003,940.7440000000025,24.429000000000002,38.50931270211644,0.0
155,4,10,0.0,-23.011334569262917,200,0.0,0,0.0,10.000000000000007,363.19999999999874,42.613,8.523220613427798,0.0
155,5,10,0.0,-13.181991076278418,12,0.0,10,1.0,0.25,10.190000000000001,64.43499999999999,0.1581438659113836,0.0
155,6,10,0.0,-23.031299723341085,200,0.0,0,0.0,10.000000000000007,817.2460000000007,69.76100000000001,11.714941012886865,0.0
155,7,10,1.0,10.113859678499665,7,0.7195036244252123,0,0.0,0.45,49.801,35.832,1.3898470640768028,0.0
155,8,10,0.0,-13.038995840882887,12,0.0,10,1.0,0.1,7.605,48.568000000000005,0.15658458244111348,0.0
155,9,10,1.0,9.840341228254035,9,1.0,0,0.0,0.6,47.71,47.71,1.0,0.0
156,0,10,1.0,10.297883926010899,5,0.9376491546502639,0,0.0,0.45,29.751,27.896,1.0664969888156008,0.0
156,1,10,0.0,-23.98502396391322,200,0.0,0,0.0,10.300000000000011,1314.6909999999998,42.564,30.88739310215205,0.0
156,2,10,1.0,10.324906210921219,5,1.0,0,0.0,0.39999999999999997,23.990000000000002,23.990000000000002,1.0,0.0
156,3,10,0.0,-33.07116848078881,200,0.0,0,0.0,30.09999999999997,663.4039999999999,21.497999999999998,30.858870592613265,0.0
156,4,10,1.0,10.369263332975642,5,0.9365358524697253,0,0.0,0.30000000000000004,39.802,37.276,1.06776478162893,0.0
156,5,10,0.0,-23.097514200653873,200,0.0,0,0.0,10.000000000000007,1067.8000000000047,54.751000000000005,19.50284013077395,0.0
156,6,10,0.0,-25.63732507994255,200,0.0,0,0.0,15.000000000000004,1829.1129999999912,34.086999999999996,53.660134362073265,0.0
156,7,10,0.0,-23.098229097544802,200,0.0,0,0.0,10.000000000000007,947.3999999999979,48.224000000000004,19.64581950895815,0.0
156,8,10,1.0,10.875,1,1.0,0,0.0,0.05,7.812,7.812,1.0,0.0
156,9,10,0.0,-23.171067967631235,200,0.0,0,0.0,10.000000000000007,974.0680000000041,30.029000000000003,32.43757700889154,0.0
157,0,10,1.0,10.492193863623957,4,0.9321628498727734,0,0.0,0.25,19.650000000000002,18.317,1.0727739258612219,0.0
157,1,10,1.0,10.295205948487327,5,1.0,0,0.0,0.44999999999999996,19.567999999999998,19.567999999999998,1.0,0.0
157,2,10,0.0,-22.977608592019276,200,0.0,0,0.0,10.000000000000007,988.4600000000036,71.322,13.859117803763263,0.0
157,3,10,1.0,9.765634386008282,9,0.7900107411385607,0,0.0,0.75,40.964,32.362,1.265805574439157,0.0
157,4,10,1.0,10.373092135466328,5,0.7854487961832908,0,0.0,0.3,36.052,28.317,1.2731574672458241,0.0
157,5,10,1.0,10.315853966725834,5,1.0,0,0.0,0.39999999999999997,66.478,66.478,1.0,0.0
157,6,10,1.0,10.267126875,5,0.8862547428476473,0,0.0,0.5,36.107,32.0,1.12834375,0.0
157,7,10,0.0,-25.592280307288657,200,0.0,0,0.0,15.000000000000004,1174.6000000000047,53.37,22.00861907438645,0.0
157,8,10,1.0,9.768657908596174,9,0.7697574378955429,0,0.0,0.75,44.400999999999996,34.178,1.2991105389431798,0.0
157,9,10,0.0,-23.176455265928883,200,0.0,0,0.0,10.000000000000007,281.2340000000004,54.13100000000001,5.195433300696465,0.0
158,0,10,1.0,10.633958235570155,3,0.688474275098942,0,0.0,0.15000000000000002,24.762,17.048000000000002,1.452487095260441,0.0
158,1,10,1.0,9.953947785593975,8,0.8417848206839031,0,0.0,0.55,35.97,30.278999999999996,1.1879520459724562,0.0
158,2,10,0.0,-23.00450994359209,200,0.0,0,0.0,10.000000000000007,857.8809999999974,51.943,16.51581541304887,0.0
158,3,10,0.0,-23.047873970427762,200,0.0,0,0.0,10.000000000000007,596.165999999999,50.385000000000005,11.832211967847552,0.0
158,4,10,0.0,-23.29532493494947,200,0.0,0,0.0,10.050000000000008,1146.1889999999967,47.271,24.247191724312934,0.0
158,5,10,1.0,9.87737852080312,8,0.7932565336444206,0,0.0,0.75,61.719,48.958999999999996,1.2606262382810107,0.0
158,6,10,0.0,-23.272747595297457,200,0.0,0,0.0,10.000000000000007,2295.9100000000008,67.368,34.08012706329416,0.0
158,7,10,0.0,-25.44897079049819,200,0.0,0,0.0,15.000000000000004,1126.2589999999998,42.897000000000006,26.254959554281175,0.0
158,8,10,1.0,9.938873472826849,8,0.8865124617184973,0,0.0,0.6000000000000001,40.163,35.605000000000004,1.1280157281280716,0.0
158,9,10,0.0,-25.36497560975605,200,0.0,0,0.0,15.000000000000004,429.01699999999886,30.750000000000004,13.951772357723538,0.0
159,0,10,0.0,-22.988888831137935,200,0.0,0,0.0,10.050000000000008,453.705999999999,67.339,6.737640891608117,0.0
159,1,10,1.0,9.145519439799331,14,0.5041184425437749,0,0.0,1.0500000000000003,56.939,28.704,1.9836608138238572,0.0
159,2,10,1.0,10.58737691435054,3,1.0,0,0.0,0.25,35.260000000000005,35.260000000000005,1.0,0.0
159,3,10,1.0,9.842449689204315,9,0.9830726727851657,0,0.0,0.6,42.711999999999996,41.989,1.017218795398795,0.0
159,4,10,0.0,-13.271684668495222,14,0.0,10,1.0,0.3,30.677999999999997,52.864999999999995,0.5803083325451622,0.0
159,5,10,0.0,-23.28335929448486,200,0.0,0,0.0,10.050000000000008,1374.998000000002,67.92200000000001,20.24377962957513,0.0
159,6,10,0.0,-12.941973726154725,13,0.0,10,1.0,0.30000000000000004,26.942,59.602999999999994,0.45202422696844125,0.0
159,7,10,0.0,-13.236839251907522,13,0.0,10,1.0,0.25,11.201,52.293,0.21419692884324862,0.0
159,8,10,0.0,-25.670816751942386,200,0.0,0,0.0,15.000000000000004,901.399999999996,26.384999999999998,34.16335038847815,0.0
159,9,10,1.0,10.034828044841346,7,0.818914545341383,0,0.0,0.6000000000000001,32.134,26.315,1.2211286338590157,0.0
160,0,10,0.0,-23.722877513621388,200,0.0,0,0.0,10.150000000000011,656.8020000000022,61.11699999999999,10.746633506225802,0.0
160,1,10,0.0,-25.70179648192202,200,0.0,0,0.0,15.000000000000002,1144.394000000004,51.278,22.317446078240263,0.0
160,2,10,0.0,-22.798956361117583,200,0.0,0,0.0,10.050000000000008,596.6339999999994,34.648,17.219868390671884,0.0
160,3,10,0.0,-12.775568295114656,12,0.0,10,1.0,0.15000000000000002,10.671,11.033000000000001,0.9671893410677058,0.0
160,4,10,1.0,10.754231482626437,2,1.0,0,0.0,0.1,8.087,8.087,1.0,0.0
160,5,10,1.0,9.986756566686593,7,0.8503468484631026,0,0.0,0.7000000000000001,33.443999999999996,28.439,1.1759907169731705,0.0
160,6,10,1.0,10.196237557052815,6,0.8297864665993364,0,0.0,0.45,27.723999999999997,23.005,1.2051293197131057,0.0
160,7,10,1.0,2.4164807981413157,14,1.0,7,0.0,0.45,43.902,43.902,1.0,0.0
160,8,10,0.0,-12.776283736540343,12,0.0,10,1.0,0.1,9.972999999999999,14.302,0.697315060830653,0.0
160,9,10,1.0,9.911612455918103,8,0.9088561115260144,0,0.0,0.65,32.136,29.207,1.1002841784503716,0.0
161,0,10,1.0,10.249824335196914,6,0.9033863242447397,0,0.0,0.35,53.657,48.473,1.1069461349617313,0.0
161,1,10,0.0,-22.923345609172703,200,0.0,0,0.0,10.000000000000007,968.8000000000043,52.678000000000004,18.390979156384148,0.0
161,2,10,1.0,9.536434301232504,10,0.7552021707921184,0,0.0,1.0,63.387,47.870000000000005,1.3241487361604345,0.0
161,3,10,1.0,10.730734855584902,2,1.0,0,0.0,0.15000000000000002,11.737,11.737,1.0,0.0
161,4,10,1.0,10.251970166809238,6,0.7084311794561018,0,0.0,0.35,26.402,18.704,1.4115697177074422,0.0
161,5,10,0.0,-23.01054592751428,200,0.0,0,0.0,10.000000000000007,806.6000000000017,28.447,28.354483776848234,0.0
161,6,10,1.0,10.340598775387475,5,0.9632174828857292,0,0.0,0.35,37.980000000000004,36.583,1.038187136101468,0.0
161,7,10,0.0,-23.032068075117426,200,0.0,0,0.0,10.050000000000008,334.93899999999985,46.86000000000001,7.14765258215962,0.0
161,8,10,0.0,-23.281062311931656,200,0.0,0,0.0,10.200000000000012,1119.3960000000034,59.154,18.923420225175022,0.0
161,9,10,1.0,10.344501017847843,5,0.8524557084628112,0,0.0,0.35000000000000003,24.779,21.122999999999998,1.1730814751692469,0.0
162,0,10,0.0,-25.676296112564312,200,0.0,0,0.0,14.900000000000002,962.8179999999985,66.52199999999999,14.473677881001754,0.0
162,1,10,0.0,-25.822196110047404,200,0.0,0,0.0,15.000000000000002,735.5080000000012,49.615,14.824307165171847,0.0
162,2,10,0.0,-28.038479330193606,200,0.0,0,0.0,19.80000000000003,1160.0449999999962,57.33000000000001,20.23451944880509,0.0
162,3,10,1.0,10.706589223550779,2,1.0,0,0.0,0.2,13.214,13.214,1.0,0.0
162,4,10,0.0,-22.955849261567938,200,0.0,0,0.0,10.000000000000007,684.4000000000029,38.663000000000004,17.70167860745423,0.0
162,5,10,1.0,10.241149207535088,6,0.9345435503578285,0,0.0,0.35,40.103,37.478,1.0700410907732536,0.0
162,6,10,1.0,10.437010138087746,4,0.6778034476630531,0,0.0,0.35,16.881,11.442,1.4753539590980598,0.0
162,7,10,1.0,9.748826231181425,9,0.74116451147727,0,0.0,0.8,42.301,31.352,1.349228119418219,0.0
162,8,10,1.0,10.344720415885963,5,0.9833453757225434,0,0.0,0.35,27.68,27.219,1.0169366986296338,0.0
162,9,10,1.0,10.011749245750448,7,0.9296317409645425,0,0.0,0.65,43.855,40.769000000000005,1.0756947680835927,0.0
163,0,10,0.0,-24.295255899262795,200,0.0,0,0.0,12.000000000000016,897.5200000000003,28.351,31.657437127438197,0.0
163,1,10,0.0,-25.42383529866614,200,0.0,0,0.0,15.000000000000004,858.6429999999957,46.557,18.442833515905143,0.0
163,2,10,1.0,10.584043365509293,3,1.0,0,0.0,0.25,13.882,13.882,1.0,0.0
163,3,10,0.0,-23.37120670269711,200,0.0,0,0.0,10.250000000000012,852.5249999999975,78.267,10.892521752462692,0.0
163,4,10,0.0,-23.484585032489285,200,0.0,0,0.0,10.050000000000008,881.2229999999969,22.314999999999998,39.49016356710719,0.0
163,5,10,1.0,10.461836240310078,4,0.9645503705187263,0,0.0,0.3,14.979,14.448,1.036752491694352,0.0
163,6,10,0.0,-12.67632660623682,13,0.0,10,1.0,0.25,38.916,52.623,0.7395245425004275,0.0
163,7,10,1.0,10.531678062678063,3,0.8918815906492187,0,0.0,0.35000000000000003,15.742,14.040000000000001,1.1212250712250713,0.0
163,8,10,1.0,10.754611481129084,2,0.95821303753229,0,0.0,0.1,6.5809999999999995,6.306,1.0436092610212495,0.0
163,9,10,1.0,10.6128635363726,3,0.9970503705944638,0,0.0,0.2,13.222,13.183,1.0029583554577866,0.0
164,0,10,1.0,10.703831384747398,2,1.0,0,0.0,0.2,9.323,9.323,1.0,0.0
164,1,10,0.0,-23.040150043984173,200,0.0,0,0.0,10.000000000000007,493.799999999999,60.248999999999995,8.195986655380157,0.0
164,2,10,0.0,-13.147876370536972,12,0.0,10,1.0,0.15000000000000002,6.616,56.912,0.11624964858026426,0.0
164,3,10,1.0,9.924096375966938,8,0.6089958699019102,0,0.0,0.65,61.983999999999995,37.748,1.6420472607820282,0.0
164,4,10,0.0,-24.974086262777348,200,0.0,0,0.0,13.300000000000011,559.6909999999997,52.143,10.73377059240933,0.0
164,5,10,0.0,-28.265925526853437,200,0.0,0,0.0,19.950000000000028,585.738000000001,35.731,16.392992079706723,0.0
164,6,10,0.0,-12.984537801176247,12,0.0,10,1.0,0.1,7.389,42.168,0.17522766078542973,0.0
164,7,10,0.0,-22.998322957692814,200,0.0,0,0.0,10.000000000000007,895.7999999999976,39.355000000000004,22.76203786050051,0.0
164,8,10,1.0,10.19763175906913,6,1.0,0,0.0,0.45,40.908,40.908,1.0,0.0
164,9,10,0.0,-23.068775685749774,200,0.0,0,0.0,10.000000000000007,1482.3670000000047,52.315000000000005,28.335410494122232,0.0
165,0,10,0.0,-13.027051848754558,12,0.0,10,1.0,0.15000000000000002,18.354,50.22299999999999,0.36545009258706174,0.0
165,1,10,0.0,-22.97366588764045,200,0.0,0,0.0,10.050000000000008,1204.6679999999978,55.62500000000001,21.656952808988724,0.0
165,2,10,1.0,10.467053140096619,4,1.0,0,0.0,0.3,24.012,24.012,1.0,0.0
165,3,10,0.0,-25.72240096849116,200,0.0,0,0.0,15.000000000000004,947.8829999999986,60.71300000000001,15.612521206331403,0.0
165,4,10,0.0,-13.271895822078156,13,0.0,10,1.0,0.2,11.817,44.424,0.26600486223662884,0.0
165,5,10,1.0,9.8197064721969,9,0.8517080745341615,0,0.0,0.65,38.64,32.910000000000004,1.1741112123974475,0.0
165,6,10,0.0,-25.56328109135888,200,0.0,0,0.0,15.000000000000004,685.5999999999996,54.17099999999999,12.656218271769022,0.0
165,7,10,0.0,-13.183613725600706,12,0.0,10,1.0,0.15000000000000002,9.643,53.229,0.1811606455127844,0.0
165,8,10,1.0,10.58704387755102,3,0.8312128922815947,0,0.0,0.25,11.79,9.8,1.2030612244897958,0.0
165,9,10,0.0,-13.450489113768784,13,0.0,10,1.0,0.2,10.091,39.132000000000005,0.2578707962792599,0.0
166,0,10,0.0,-23.136906502876062,200,0.0,0,0.0,10.100000000000009,1016.2870000000023,30.770999999999997,33.02742842286576,0.0
166,1,10,1.0,10.437665592400984,4,0.657392952720785,0,0.0,0.35000000000000003,17.936,11.791,1.5211602069374945,0.0
166,2,10,1.0,9.740308357123304,10,0.48378613591645225,0,0.0,0.65,52.856,25.571,2.0670290563529,0.0
166,3,10,0.0,-25.582722873085935,200,0.0,0,0.0,15.000000000000004,900.020999999996,37.812999999999995,23.80189352868051,0.0
166,4,10,1.0,10.037928540880992,7,0.8018517941203979,0,0.0,0.6000000000000001,32.077,25.721,1.2471132537615177,0.0
166,5,10,1.0,10.642046249881775,3,0.7173972045053603,0,0.0,0.15000000000000002,14.738000000000001,10.573,1.393927929632082,0.0
166,6,10,0.0,-13.015803178117578,15,0.0,10,1.0,0.3,27.007,43.359,0.6228695311238728,0.0
166,7,10,0.0,-23.474710799514618,200,0.0,0,0.0,10.050000000000008,797.4080000000038,59.336,13.438856680598688,0.0
166,8,10,1.0,10.25501051662942,5,0.8720123803519231,0,0.0,0.55,34.894,30.428,1.1467727093466542,0.0
166,9,10,0.0,-30.479585958368947,200,0.0,0,0.0,24.85,1470.6259999999927,59.522999999999996,24.70685281319814,0.0
167,0,10,0.0,-23.001761716544287,200,0.0,0,0.0,10.050000000000008,1079.4300000000032,31.878,33.86128364389244,0.0
167,1,10,1.0,10.026735294117646,7,0.870285951098218,0,0.0,0.6,41.021,35.7,1.1490476190476189,0.0
167,2,10,0.0,-23.03552474154065,200,0.0,0,0.0,10.000000000000007,729.600000000003,32.597,22.382427830782063,0.0
167,3,10,1.0,10.02377497603775,7,0.5230116648992575,0,0.0,0.65,51.86500000000001,27.125999999999998,1.912003244120033,0.0
167,4,10,0.0,-24.84106334841628,200,0.0,0,0.0,13.350000000000012,656.6110000000002,45.084,14.564169106556653,0.0
167,5,10,0.0,-22.58057179251286,200,0.0,0,0.0,10.050000000000008,588.3390000000007,28.261999999999997,20.817316538107736,0.0
167,6,10,0.0,-25.625428504890582,200,0.0,0,0.0,15.000000000000002,2009.048000000007,55.821999999999996,35.99025473827536,0.0
167,7,10,1.0,10.825,1,1.0,0,0.0,0.15,4.57,4.57,1.0,0.0
167,8,10,1.0,10.155362146874289,6,0.9387225731636609,0,0.0,0.55,32.769,30.761000000000003,1.0652774617210101,0.0
167,9,10,1.0,10.585826989394237,3,0.9702039012688592,0,0.0,0.25,15.841000000000001,15.369,1.030711171839417,0.0
168,0,10,0.0,-22.941125015620177,200,0.0,0,0.0,10.000000000000007,659.6000000000003,56.016999999999996,11.774996875948379,0.0
168,1,10,0.0,-24.569130763008943,200,0.0,0,0.0,12.550000000000015,958.5640000000002,37.09,25.84427069290914,0.0
168,2,10,0.0,-12.992558210245003,11,0.0,10,1.0,0.1,3.683,62.489000000000004,0.05893837315367504,0.0
168,3,10,0.0,-12.898105390799552,11,0.0,10,1.0,0.05,13.303,52.36699999999999,0.2540340290641053,0.0
168,4,10,1.0,10.46433640314157,4,1.0,0,0.0,0.30000000000000004,25.083,25.083,1.0,0.0
168,5,10,1.0,10.875,1,1.0,0,0.0,0.05,3.066,3.066,1.0,0.0
168,6,10,1.0,9.746114513224,9,0.8269185545190876,0,0.0,0.8,63.785000000000004,52.745000000000005,1.2093089392359464,0.0
168,7,10,1.0,10.227710420372624,6,0.9737441881666514,0,0.0,0.4,21.938000000000002,21.362000000000002,1.0269637674375058,0.0
168,8,10,0.0,-25.507282838983116,200,0.0,0,0.0,15.000000000000004,1008.7469999999962,45.312,22.262248411016866,0.0
168,9,10,0.0,-25.912488587164617,200,0.0,0,0.0,14.950000000000003,1472.4239999999984,33.953,43.36653609401226,0.0
169,0,10,1.0,10.002864017289363,7,0.8518469464789481,0,0.0,0.6500000000000001,75.50299999999999,64.31700000000001,1.1739198034734204,0.0
169,1,10,1.0,10.466397731269785,4,0.6985472526797507,0,0.0,0.3,32.559,22.744,1.4315423848047837,0.0
169,2,10,0.0,-22.772056109265403,200,0.0,0,0.0,10.000000000000007,1663.999999999998,32.508,51.18740002460926,0.0
169,3,10,0.0,-13.335732537553156,13,0.0,10,1.0,0.30000000000000004,13.780999999999999,54.788999999999994,0.2515285915055942,0.0
169,4,10,0.0,-13.184395455238676,13,0.0,10,1.0,0.25,18.288000000000004,32.785000000000004,0.5578160744242795,0.0
169,5,10,0.0,-13.409428828365876,15,0.0,10,1.0,0.3,31.266999999999996,38.92,0.8033658787255908,0.0
169,6,10,0.0,-25.11065179440693,200,0.0,0,0.0,13.400000000000013,1150.1389999999983,59.574,19.306056333299733,0.0
169,7,10,1.0,9.717239707193817,9,0.7312944117607098,0,0.0,0.8500000000000001,73.601,53.824,1.3674383174791915,0.0
169,8,10,0.0,-13.379944860391205,15,0.0,10,1.0,0.25,20.209999999999997,46.88099999999999,0.43109148695633626,0.0
169,9,10,1.0,10.636016684336811,3,1.0,0,0.0,0.15000000000000002,17.921,17.921,1.0,0.0
170,0,10,1.0,10.251970166809238,6,0.7084311794561018,0,0.0,0.35,26.402,18.704,1.4115697177074422,0.0
170,1,10,0.0,-23.334539367661726,200,0.0,0,0.0,10.10000000000001,424.67000000000013,52.12400000000001,8.147302586140743,0.0
170,2,10,0.0,-13.109400191817473,12,0.0,10,1.0,0.15000000000000002,6.818,39.621,0.17208046238106053,0.0
170,3,10,0.0,-23.0235488318096,200,0.0,0,0.0,10.050000000000008,599.895999999999,48.236999999999995,12.436428467773682,0.0
170,4,10,1.0,9.21085910270671,13,0.6849784753704903,0,0.0,1.1000000000000003,78.747,53.94,1.4598998887652948,0.0
170,5,10,0.0,-23.331796849990383,200,0.0,0,0.0,10.000000000000007,648.642999999999,62.476,10.382274793520697,0.0
170,6,10,0.0,-23.36570289403561,200,0.0,0,0.0,10.050000000000008,606.9210000000003,75.43099999999998,8.04604207819067,0.0
170,7,10,0.0,-12.968117944887117,12,0.0,10,1.0,0.15000000000000002,11.472000000000001,48.19200000000001,0.23804780876494022,0.0
170,8,10,0.0,-22.98070957528108,200,0.0,0,0.0,10.050000000000008,689.5249999999971,45.795,15.056774757069485,0.0
170,9,10,0.0,-23.167183844942006,200,0.0,0,0.0,10.000000000000007,674.8230000000033,41.894000000000005,16.10786747505617,0.0
171,0,10,1.0,10.489973429424182,4,1.0,0,0.0,0.25,13.737,13.737,1.0,0.0
171,1,10,0.0,-23.127498831791254,200,0.0,0,0.0,10.000000000000007,565.953000000001,74.901,7.5560139383987,0.0
171,2,10,0.0,-25.627234663741362,200,0.0,0,0.0,15.000000000000004,1364.378999999996,59.255,23.025550586448333,0.0
171,3,10,0.0,-23.004586359056262,200,0.0,0,0.0,10.000000000000007,309.6000000000003,57.562,5.378548347868391,0.0
171,4,10,0.0,-12.90430780294858,11,0.0,10,1.0,0.1,4.664,30.591,0.15246314275440487,0.0
171,5,10,1.0,9.787955465191297,9,0.8463664041299888,0,0.0,0.7000000000000001,60.436,51.151,1.1815213778811753,0.0
171,6,10,0.0,-12.496078366591778,11,0.0,10,1.0,0.05,4.412,7.567,0.5830580150654155,0.0
171,7,10,1.0,10.201140313804215,6,0.43928985843583207,0,0.0,0.44999999999999996,43.089999999999996,18.929000000000002,2.276401289027418,0.0
171,8,10,1.0,10.196228556937857,6,0.9707492252888876,0,0.0,0.45,34.528999999999996,33.519,1.0301321638473702,0.0
171,9,10,1.0,10.438629139072848,4,1.0,0,0.0,0.35000000000000003,15.855000000000002,15.855000000000002,1.0,0.0
172,0,10,1.0,10.415129184861717,4,1.0,0,0.0,0.39999999999999997,16.488,16.488,1.0,0.0
172,1,10,0.0,-25.573196250507195,200,0.0,0,0.0,15.000000000000004,1342.1010000000015,46.833,28.657164819678464,0.0
172,2,10,0.0,-33.19434060389027,200,0.0,9,0.0,11.95000000000001,657.514,61.43499999999999,10.702596239928383,0.0
172,3,10,0.0,-22.996955706538163,200,0.0,0,0.0,10.000000000000007,638.801000000003,49.601,12.878792766274934,0.0
172,4,10,0.0,-23.324121337755628,200,0.0,0,0.0,10.050000000000008,777.2900000000024,36.18,21.4839690436706,0.0
172,5,10,1.0,10.639599000971279,3,0.72312246024181,0,0.0,0.15000000000000002,19.933,14.414,1.3828916331344527,0.0
172,6,10,0.0,-12.809634363418832,11,0.0,10,1.0,0.05,15.815,68.538,0.23074790627097377,0.0
172,7,10,0.0,-12.921272493573266,11,0.0,10,1.0,0.05,3.646,34.620999999999995,0.10531180497385981,0.0
172,8,10,1.0,10.486672957932834,4,0.940971840785089,0,0.0,0.25,27.309,25.696999999999996,1.0627310581001677,0.0
172,9,10,1.0,9.951771937739679,7,0.6779324055666004,0,0.0,0.75,32.695,22.165,1.4750733137829912,0.0
173,0,10,0.0,-23.35203987870991,200,0.0,0,0.0,10.050000000000008,647.7259999999991,43.532,14.879307176330036,0.0
173,1,10,0.0,-25.89909987495825,200,0.0,0,0.0,15.000000000000002,923.482000000003,56.781000000000006,16.263926313379528,0.0
173,2,10,1.0,9.991384703142083,8,0.6793360674266155,0,0.0,0.49999999999999994,30.967,21.037,1.4720254789180967,0.0
173,3,10,1.0,10.730257766582703,2,0.8450404427415922,0,0.0,0.15000000000000002,7.047,5.955,1.183375314861461,0.0
173,4,10,1.0,10.413539637344522,4,0.7374702989445764,0,0.0,0.4,18.097,13.346,1.3559868125280985,0.0
173,5,10,1.0,10.230048452524038,6,0.7909920080810482,0,0.0,0.4,33.659,26.624,1.2642352764423077,0.0
173,6,10,0.0,-22.950885813991228,200,0.0,0,0.0,10.000000000000007,855.4699999999974,49.288,17.35655737704913,0.0
173,7,10,1.0,10.375610270469764,5,0.7944625952919494,0,0.0,0.30000000000000004,23.874,18.967,1.2587125006590394,0.0
173,8,10,1.0,10.346006388985192,5,0.9798602348830439,0,0.0,0.35000000000000003,41.212,40.382000000000005,1.0205537120499233,0.0
173,9,10,0.0,-24.66760287555773,200,0.0,0,0.0,13.300000000000013,931.118,36.306000000000004,25.64639453533851,0.0
174,0,10,1.0,10.078600697314977,7,0.7211810145941883,0,0.0,0.5,38.577,27.820999999999998,1.3866144279501096,0.0
174,1,10,0.0,-26.036987021223585,200,0.0,0,0.0,15.000000000000004,820.5399999999995,44.149,18.58569843031551,0.0
174,2,10,0.0,-24.63464578302868,200,0.0,0,0.0,13.300000000000013,760.7890000000008,46.384,16.40197050707142,0.0
174,3,10,0.0,-25.462391676925712,200,0.0,0,0.0,15.000000000000002,1432.1449999999968,41.42700000000001,34.57032852970277,0.0
174,4,10,0.0,-23.35014656902301,200,0.0,0,0.0,10.050000000000008,943.8600000000001,48.339000000000006,19.52584869360144,0.0
174,5,10,0.0,-12.9,10,0.0,10,1.0,0.0,0.0,21.087,0.0,0.0
174,6,10,0.0,-23.490003379768385,200,0.0,0,0.0,10.300000000000011,701.7749999999968,68.05199999999999,10.312334685240652,0.0
174,7,10,0.0,-12.9,10,0.0,10,1.0,0.0,0.0,15.925,0.0,0.0
174,8,10,0.0,-23.07934458788472,200,0.0,0,0.0,10.000000000000007,1048.1449999999968,40.28,26.021474677259107,0.0
174,9,10,1.0,10.619906411509987,3,0.5673416016166739,0,0.0,0.2,25.237000000000002,14.318,1.762606509289007,0.0
175,0,10,0.0,-23.328219007183502,200,0.0,0,0.0,10.100000000000009,901.9230000000013,49.69700000000002,18.148439543634442,0.0
175,1,10,0.0,-23.335125502747992,200,0.0,0,0.0,10.050000000000008,957.4360000000031,47.489000000000004,20.16121628166529,0.0
175,2,10,0.0,-23.064098894414812,200,0.0,0,0.0,10.000000000000007,716.6000000000001,55.898,12.819778882965403,0.0
175,3,10,1.0,9.321746035043978,12,0.7222172203715375,0,0.0,1.05,99.96300000000001,72.19500000000001,1.3846249740286722,0.0
175,4,10,1.0,10.087036258369183,7,0.5579980868843287,0,0.0,0.5000000000000001,55.407,30.916999999999998,1.7921208396674968,0.0
175,5,10,0.0,-12.968537129553281,12,0.0,10,1.0,0.1,8.39,41.233999999999995,0.20347286220109623,0.0
175,6,10,0.0,-12.817256222012368,12,0.0,10,1.0,0.2,13.445,32.827000000000005,0.4095713894050628,0.0
175,7,10,0.0,-23.02422478450687,200,0.0,0,0.0,10.000000000000007,418.747000000001,44.665,9.37528265980076,0.0
175,8,10,1.0,10.641732021567117,3,0.8320806385829984,0,0.0,0.15000000000000002,17.162999999999997,14.280999999999999,1.2018065961767381,0.0
175,9,10,1.0,10.342734471125224,5,0.9774217325522753,0,0.0,0.35,25.777,25.195,1.0230998213931335,0.0
176,0,10,1.0,10.07525322166439,7,0.9575533352533286,0,0.0,0.5,45.138999999999996,43.223,1.0443282511625753,0.0
176,1,10,0.0,-33.190088142358235,200,0.0,0,0.0,29.999999999999893,914.4000000000004,24.052000000000003,38.017628471644784,0.0
176,2,10,1.0,9.828461402400507,8,0.9867600857727026,0,0.0,0.8,40.105999999999995,39.575,1.0134175615919139,0.0
176,3,10,0.0,-28.379630484988564,200,0.0,0,0.0,19.900000000000013,1147.090000000002,26.413,43.42899329875448,0.0
176,4,10,0.0,-23.66530909938861,200,0.0,0,0.0,10.250000000000012,636.713000000002,38.596,16.496864960099547,0.0
176,5,10,0.0,-12.719434400743662,12,0.0,10,1.0,0.15000000000000002,15.325,31.197,0.49123313139083885,0.0
176,6,10,0.0,-12.719631076616498,12,0.0,10,1.0,0.15000000000000002,18.752000000000002,38.138000000000005,0.491688080130054,0.0
176,7,10,1.0,10.587120338510184,3,0.7458038562907476,0,0.0,0.25,14.418000000000001,10.753,1.3408351157816425,0.0
176,8,10,0.0,-23.28483955850135,200,0.0,0,0.0,10.050000000000008,650.563999999999,35.153,18.506642391829974,0.0
176,9,10,0.0,-23.394116517410904,200,0.0,0,0.0,10.000000000000007,958.0660000000026,51.031000000000006,18.774196076894487,0.0
177,0,10,0.0,-13.18153847841348,13,0.0,10,1.0,0.25,14.121,45.584,0.3097797472797473,0.0
177,1,10,0.0,-22.917337814087304,200,0.0,0,0.0,10.000000000000007,855.9999999999962,51.77700000000001,16.53243718253271,0.0
177,2,10,0.0,-25.388625922316567,200,0.0,0,0.0,15.000000000000004,1641.3800000000044,50.281,32.644139933573406,0.0
177,3,10,0.0,-25.764113180356976,200,0.0,0,0.0,14.950000000000003,1052.8709999999974,45.105000000000004,23.342667110076427,0.0
177,4,10,1.0,10.610904168520992,3,0.7780919951520749,0,0.0,0.2,17.326999999999998,13.482000000000001,1.2851950749147008,0.0
177,5,10,1.0,10.632957711850516,3,1.0,0,0.0,0.15000000000000002,18.303,18.303,1.0,0.0
177,6,10,0.0,-13.051294070790332,13,0.0,10,1.0,0.2,14.664,57.748000000000005,0.2539308720648334,0.0
177,7,10,0.0,-22.48590083270251,200,0.0,0,0.0,10.000000000000007,825.6719999999976,10.568000000000001,78.12944738834193,0.0
177,8,10,1.0,10.75559309252696,2,1.0,0,0.0,0.1,13.261,13.261,1.0,0.0
177,9,10,1.0,10.20027677224736,6,0.8418780356179169,0,0.0,0.45,31.501,26.52,1.1878205128205128,0.0
178,0,10,0.0,-25.84610122829302,200,0.0,0,0.0,14.950000000000003,654.1489999999986,54.303000000000004,12.0462773695744,0.0
178,1,10,0.0,-25.514786862334024,200,0.0,0,0.0,15.000000000000004,362.77299999999934,71.55000000000001,5.070202655485664,0.0
178,2,10,1.0,10.414870100273474,4,0.8028909930927222,0,0.0,0.39999999999999997,21.861,17.552,1.2454990884229717,0.0
178,3,10,1.0,10.341848598130841,5,0.9724241794765268,0,0.0,0.35000000000000003,19.256,18.725,1.028357810413885,0.0
178,4,10,0.0,-32.93642859196231,200,0.0,0,0.0,29.800000000000004,1415.0720000000028,69.572,20.339676881504094,0.0
178,5,10,0.0,-23.21863417642184,200,0.0,0,0.0,10.050000000000008,531.4389999999984,49.461000000000006,10.744606861972025,0.0
178,6,10,1.0,10.070165105746822,7,0.7957245071112432,0,0.0,0.5,57.163000000000004,45.486,1.2567163522842195,0.0
178,7,10,0.0,-25.68372017812275,200,0.0,0,0.0,15.000000000000004,1040.7919999999979,40.197,25.892280518446597,0.0
178,8,10,1.0,10.489304345557933,4,1.0,0,0.0,0.25,19.169,19.169,1.0,0.0
178,9,10,1.0,10.29738762604683,5,0.9343958606151587,0,0.0,0.44999999999999996,31.309,29.255000000000003,1.0702102204751325,0.0
179,0,10,0.0,-30.385984550380503,200,0.0,0,0.0,24.45,1206.52,62.007999999999996,19.457489356212104,0.0
179,1,10,1.0,10.20653784902856,6,0.5971975653056049,0,0.0,0.45,31.544,18.838,1.674487737551757,0.0
179,2,10,0.0,-28.03195047466549,200,0.0,0,0.0,20.050000000000026,552.0139999999992,43.714999999999996,12.627564909070097,0.0
179,3,10,1.0,9.793463942755299,10,0.773073126593732,0,0.0,0.49999999999999994,48.62800000000001,37.593,1.2935386907136968,0.0
179,4,10,1.0,9.865979983743141,9,0.9316767246479708,0,0.0,0.5499999999999999,42.254999999999995,39.368,1.0733336720178823,0.0
179,5,10,1.0,10.463580852342835,4,0.9503006614552015,0,0.0,0.3,33.26,31.607000000000003,1.052298541462334,0.0
179,6,10,1.0,10.485132616487455,4,1.0,0,0.0,0.25,25.11,25.11,1.0,0.0
179,7,10,0.0,-24.917300478719955,200,0.0,0,0.0,13.350000000000012,542.4499999999996,45.747,11.857608149168243,0.0
179,8,10,1.0,9.475825697311448,10,0.7314845505100727,0,0.0,1.1500000000000001,54.306,39.724000000000004,1.367082871815527,0.0
179,9,10,0.0,-22.90454555288725,200,0.0,0,0.0,10.000000000000007,882.4000000000018,46.221,19.090889422556888,0.0
180,0,10,0.0,-28.421299490071036,200,0.0,0,0.0,19.65000000000003,662.2889999999995,48.242000000000004,13.72847311471331,0.0
180,1,10,1.0,10.612793878707727,3,0.8946318707322021,0,0.0,0.2,29.582,26.465000000000003,1.1177781976194974,0.0
180,2,10,1.0,10.13279357622027,7,0.8579872483091412,0,0.0,0.39999999999999997,51.601,44.272999999999996,1.1655184875657851,0.0
180,3,10,0.0,-23.194860018018282,200,0.0,0,0.0,10.000000000000007,1453.6329999999969,58.82899999999999,24.709463019939093,0.0
180,4,10,0.0,-23.1123130382233,200,0.0,0,0.0,10.000000000000007,973.4760000000053,33.095,29.4145943495998,0.0
180,5,10,1.0,10.609393810421354,3,0.6661671189598606,0,0.0,0.2,24.689,16.447,1.5011248251960845,0.0
180,6,10,0.0,-22.691989864218804,200,0.0,0,0.0,10.000000000000007,1435.965999999994,31.374000000000002,45.769299419901635,0.0
180,7,10,0.0,-25.57348864004609,200,0.0,0,0.0,15.000000000000004,816.3999999999988,55.546,14.697728009217565,0.0
180,8,10,0.0,-25.600150625557184,200,0.0,0,0.0,15.000000000000004,1004.6000000000034,32.531,30.88131320893927,0.0
180,9,10,0.0,-23.507486456707362,200,0.0,0,0.0,10.050000000000008,861.2339999999995,54.455,15.815517399687806,0.0
181,0,10,1.0,9.852910831060868,8,0.8404013883944463,0,0.0,0.7500000000000001,44.944,37.771,1.1899076010696037,0.0
181,1,10,1.0,10.341870075531164,5,0.9798732761833768,0,0.0,0.35000000000000003,18.781,18.403,1.0205401293267402,0.0
181,2,10,0.0,-13.030618441971388,12,0.0,10,1.0,0.15000000000000002,5.93,25.16,0.23569157392686804,0.0
181,3,10,0.0,-23.50416046871189,200,0.0,0,0.0,10.100000000000009,885.0280000000023,61.44500000000001,14.403580437789929,0.0
181,4,10,0.0,-25.560567839418592,200,0.0,0,0.0,15.000000000000002,1304.0770000000064,45.136,28.89217032967047,0.0
181,5,10,0.0,-23.13762611948767,200,0.0,0,0.0,10.000000000000007,728.4000000000027,26.463,27.52522389751739,0.0
181,6,10,0.0,-12.949270960862526,12,0.0,10,1.0,0.2,15.238,25.321,0.6017929781604201,0.0
181,7,10,0.0,-23.05098542414348,200,0.0,0,0.0,10.000000000000007,508.6000000000011,49.876999999999995,10.197084828678573,0.0
181,8,10,0.0,-23.075764374078517,200,0.0,0,0.0,10.000000000000007,755.9999999999965,46.80299999999999,16.15281071726164,0.0
181,9,10,0.0,-25.493481398705516,200,0.0,0,0.0,15.000000000000002,1127.7309999999995,42.95399999999999,26.254388415514263,0.0
182,0,10,1.0,9.213241589260852,14,0.7074830932078802,0,0.0,0.9500000000000003,68.02,48.123000000000005,1.4134613386530348,0.0
182,1,10,1.0,9.37723980980386,13,0.33519277752728865,0,0.0,0.8500000000000001,95.36900000000001,31.967,2.983357837770201,0.0
182,2,10,1.0,9.468723288320303,12,0.5716259039570974,0,0.0,0.8000000000000002,73.842,42.20999999999999,1.7493958777540872,0.0
182,3,10,0.0,-22.905366937443553,200,0.0,0,0.0,10.000000000000007,967.8000000000052,43.208999999999996,22.398111504547785,0.0
182,4,10,0.0,-23.062491375401688,200,0.0,0,0.0,10.000000000000007,633.9999999999993,50.72699999999999,12.498275080331963,0.0
182,5,10,1.0,10.122775696684927,7,0.9900105039765054,0,0.0,0.39999999999999997,46.648999999999994,46.18299999999999,1.0100902929649438,0.0
182,6,10,0.0,-23.53563747433612,200,0.0,0,0.0,10.050000000000008,632.9909999999992,59.422,10.652468782605755,0.0
182,7,10,1.0,10.161105070835953,7,0.7709377236936292,0,0.0,0.35,43.307,33.387,1.297121634168988,0.0
182,8,10,0.0,-12.97097711109783,14,0.0,10,1.0,0.4,35.073,33.466,1.0480188848383434,0.0
182,9,10,0.0,-13.154851954204501,14,0.0,10,1.0,0.25,17.153,55.726,0.3078096400244051,0.0
183,0,10,0.0,-13.49830897703549,18,0.0,10,1.0,0.49999999999999994,51.28,61.79100000000001,0.8298943211794597,0.0
183,1,10,0.0,-13.846558674567863,18,0.0,10,1.0,0.9000000000000001,38.414,48.769000000000005,0.7876724968730136,0.0
183,2,10,1.0,8.831609499804145,16,0.5623695048367015,0,0.0,1.35,104.41,58.717,1.7781903026380776,0.0
183,3,10,0.0,-23.218368961021113,200,0.0,0,0.0,10.000000000000007,951.3559999999998,58.288,16.321644249245125,0.0
183,4,10,1.0,10.705428679817906,2,1.0,0,0.0,0.2,10.544,10.544,1.0,0.0
183,5,10,0.0,-14.425060172124414,22,0.0,10,1.0,0.9000000000000001,108.07600000000002,28.003,3.8594436310395324,0.0
183,6,10,0.0,-28.42295951551029,200,0.0,0,0.0,19.900000000000023,934.0769999999975,51.353,18.18933655287904,0.0
183,7,10,0.0,-13.030137590995919,12,0.0,10,1.0,0.1,20.451,38.738,0.5279312303164851,0.0
183,8,10,0.0,-12.465657181039228,12,0.0,10,1.0,0.15000000000000002,9.881,12.721,0.7767471110761732,0.0
183,9,10,0.0,-25.802222985187484,200,0.0,0,0.0,15.000000000000004,739.6110000000019,71.35900000000001,10.36464916828994,0.0
184,0,10,0.0,-25.778553114646396,200,0.0,0,0.0,14.850000000000003,1156.8500000000045,67.006,17.264871802525214,0.0
184,1,10,0.0,-26.315041841998912,200,0.0,0,0.0,16.749999999999996,811.4610000000029,42.062999999999995,19.291562656016048,0.0
184,2,10,0.0,-22.89557147987321,200,0.0,0,0.0,10.000000000000007,955.9889999999973,30.631,31.209852763540116,0.0
184,3,10,0.0,-25.632112724553824,200,0.0,0,0.0,15.050000000000002,338.9099999999999,50.82300000000001,6.66843751844637,0.0
184,4,10,0.0,-23.864074593605093,200,0.0,0,0.0,10.350000000000012,710.5509999999998,50.259,14.13778626713623,0.0
184,5,10,1.0,10.192252691576947,6,0.8524997300507505,0,0.0,0.45,46.305,39.475,1.1730208993033564,0.0
184,6,10,1.0,10.516189759036145,4,1.0,0,0.0,0.2,24.568,24.568,1.0,0.0
184,7,10,1.0,10.13401856089499,7,0.8674459638288488,0,0.0,0.4,45.339999999999996,39.33,1.1528095601322146,0.0
184,8,10,0.0,-22.951301198630183,200,0.0,0,0.0,10.050000000000008,3125.7610000000004,58.4,53.523304794520556,0.0
184,9,10,1.0,10.195930841774363,6,0.5801222518658606,0,0.0,0.5,29.611,17.178,1.7237745954127373,0.0
185,0,10,0.0,-23.09450693552798,200,0.0,0,0.0,10.000000000000007,948.2439999999992,47.509,19.959249826348675,0.0
185,1,10,1.0,10.317673178165697,5,0.9473373363520033,0,0.0,0.4,30.476999999999993,28.872,1.0555901911886947,0.0
185,2,10,0.0,-23.213656588611155,200,0.0,0,0.0,10.050000000000008,633.8449999999968,30.362999999999996,20.875572242531927,0.0
185,3,10,0.0,-23.335617504638634,200,0.0,0,0.0,10.20000000000001,829.6100000000018,66.29100000000001,12.514670166387619,0.0
185,4,10,0.0,-25.447574473451922,200,0.0,0,0.0,15.100000000000003,1163.842000000003,39.644999999999996,29.356589733888338,0.0
185,5,10,1.0,10.104121104935151,7,0.7940987641110696,0,0.0,0.44999999999999996,37.382,29.685000000000002,1.2592892033013305,0.0
185,6,10,1.0,10.229325637669087,6,0.8951741770533718,0,0.0,0.39999999999999997,28.160999999999998,25.209,1.1171010353445197,0.0
185,7,10,1.0,10.391071270892464,4,0.9447622452627816,0,0.0,0.45000000000000007,16.782,15.855,1.0584673604541155,0.0
185,8,10,0.0,-22.88988992223622,200,0.0,0,0.0,10.050000000000008,1073.8059999999996,38.064,28.210540142917182,0.0
185,9,10,0.0,-28.106876355377963,200,0.0,0,0.0,20.00000000000003,1251.8000000000025,58.563,21.375271075593847,0.0
186,0,10,0.0,-34.59039924875812,200,0.0,8,0.0,15.950000000000053,798.9890000000003,57.771,13.830278167246547,0.0
186,1,10,0.0,-23.133930503537236,200,0.0,0,0.0,10.050000000000008,680.4719999999973,52.866,12.871637725570258,0.0
186,2,10,0.0,-13.200872317674792,14,0.0,10,1.0,0.35,14.29,41.149,0.34727453887093246,0.0
186,3,10,1.0,10.200454184374628,6,0.9121110024272724,0,0.0,0.45,27.603,25.177,1.0963577868689678,0.0
186,4,10,1.0,10.526460189709686,4,0.44440186498052,0,0.0,0.2,31.313999999999997,13.916,2.250215579189422,0.0
186,5,10,1.0,10.06518384813158,7,0.46330956382683613,0,0.0,0.55,61.283,28.393,2.158384108759201,0.0
186,6,10,0.0,-13.240304055102227,14,0.0,10,1.0,0.4,11.245000000000001,32.231,0.3488877167943905,0.0
186,7,10,0.0,-22.838722059822224,200,0.0,0,0.0,10.000000000000007,1092.3999999999983,33.867,32.25558803555078,0.0
186,8,10,0.0,-23.054770348585823,200,0.0,0,0.0,10.000000000000007,1290.4760000000012,57.805,22.324643196955304,0.0
186,9,10,0.0,-25.533868412833073,200,0.0,0,0.0,14.950000000000003,788.2960000000032,44.822,17.587256258087617,0.0
187,0,10,1.0,9.989541887205695,8,0.7549431622459526,0,0.0,0.49999999999999994,43.54499999999999,32.873999999999995,1.3246030297499543,0.0
187,1,10,1.0,10.349815758242395,5,0.8174676415607772,0,0.0,0.35000000000000003,42.260999999999996,34.547000000000004,1.2232900107100468,0.0
187,2,10,1.0,9.968622252435985,8,0.6205296461213967,0,0.0,0.55,42.67,26.477999999999998,1.6115265503436818,0.0
187,3,10,0.0,-25.463926514721443,200,0.0,0,0.0,15.000000000000004,1063.0810000000015,49.316,21.556513099197044,0.0
187,4,10,1.0,9.8631068393363,8,0.7446359691417551,0,0.0,0.75,33.184,24.71,1.3429380817482799,0.0
187,5,10,0.0,-34.146185580393194,200,0.0,9,0.0,14.3,701.5430000000002,38.517,18.21385362307553,0.0
187,6,10,0.0,-13.201590700264514,15,0.0,10,1.0,0.3,27.517,35.915,0.7661701239036615,0.0
187,7,10,0.0,-15.607576481835563,25,0.0,11,1.0,0.7000000000000001,66.57000000000001,50.208,1.3258843212237095,0.0
187,8,10,0.0,-28.313028177316657,200,0.0,0,0.0,19.900000000000013,1628.733999999997,33.928,48.005600094317295,0.0
187,9,10,1.0,9.81888299906149,9,0.8116289567229024,0,0.0,0.65,70.892,57.53799999999999,1.2320900969793878,0.0
188,0,10,1.0,10.515933716028343,4,0.9279234290470246,0,0.0,0.2,24.03,22.298000000000002,1.0776751278141536,0.0
188,1,10,0.0,-13.161046026609137,15,0.0,10,1.0,0.45,26.633,27.810000000000002,0.9576770945702984,0.0
188,2,10,1.0,10.037462855156834,7,0.7162014997355238,0,0.0,0.6000000000000001,32.139,23.018,1.396255104700669,0.0
188,3,10,0.0,-25.202629746070127,200,0.0,0,0.0,15.000000000000002,1433.6289999999979,20.675,69.34118500604585,0.0
188,4,10,1.0,9.70415386402954,9,0.7404171525799605,0,0.0,0.8500000000000001,52.307,38.729,1.3505899971597513,0.0
188,5,10,1.0,9.252094175534957,13,0.6003132427493919,0,0.0,1.05,72.787,43.69499999999999,1.665797001945303,0.0
188,6,10,1.0,10.752689856028134,2,1.0,0,0.0,0.1,18.198,18.198,1.0,0.0
188,7,10,0.0,-13.362702428843654,15,0.0,10,1.0,0.4,32.976,66.122,0.49871449744411844,0.0
188,8,10,0.0,-26.06448341429564,200,0.0,0,0.0,14.950000000000003,630.194000000002,36.025,17.493240804996585,0.0
188,9,10,0.0,-23.082962777916602,200,0.0,0,0.0,10.000000000000007,715.3219999999975,40.03,17.869647764176804,0.0
189,0,10,0.0,-24.402517699993368,200,0.0,0,0.0,12.500000000000014,985.700000000002,60.452,16.30549857738374,0.0
189,1,10,0.0,-23.78977563720463,200,0.0,0,0.0,10.300000000000011,702.0389999999999,41.941,16.738728213442688,0.0
189,2,10,0.0,-25.67789392774794,200,0.0,0,0.0,15.000000000000004,599.402999999999,32.525,18.428993082244396,0.0
189,3,10,0.0,-23.687486455297588,200,0.0,0,0.0,10.10000000000001,957.3220000000031,51.127,18.724392199816204,0.0
189,4,10,1.0,10.63376130828114,3,1.0,0,0.0,0.15000000000000002,20.118000000000002,20.118000000000002,1.0,0.0
189,5,10,1.0,9.672144389287247,10,0.8679255319148937,0,0.0,0.7500000000000001,37.599999999999994,32.634,1.152172580744009,0.0
189,6,10,0.0,-12.901627184238304,12,0.0,10,1.0,0.15000000000000002,9.776,34.108,0.2866189750205231,0.0
189,7,10,0.0,-23.27440479254901,200,0.0,0,0.0,10.000000000000007,1022.0540000000013,42.73299999999999,23.917206842487108,0.0
189,8,10,0.0,-12.947202685349973,12,0.0,10,1.0,0.1,9.16,44.389,0.20635743089504155,0.0
189,9,10,0.0,-23.044252304410836,200,0.0,0,0.0,10.000000000000007,696.3499999999983,65.635,10.609430943856148,0.0
190,0,10,0.0,-13.084788848370778,13,0.0,10,1.0,0.2,15.003,42.504999999999995,0.3529702387954359,0.0
190,1,10,0.0,-22.8952377697658,200,0.0,0,0.0,10.000000000000007,1226.1999999999994,58.523,20.95244604685336,0.0
190,2,10,1.0,9.36242453022183,13,0.7311278642991766,0,0.0,0.8,60.486000000000004,44.223,1.3677498134454924,0.0
190,3,10,1.0,10.033609467455621,7,0.9172134467395706,0,0.0,0.6000000000000001,24.689999999999998,22.645999999999997,1.0902587653448732,0.0
190,4,10,0.0,-23.506716008140412,200,0.0,0,0.0,10.150000000000011,784.0439999999992,52.086,15.052874092846432,0.0
190,5,10,1.0,10.490189011790447,4,0.9872794911796472,0,0.0,0.25,16.666,16.454,1.012884405007901,0.0
190,6,10,0.0,-23.040773805861427,200,0.0,0,0.0,10.000000000000007,829.0349999999971,48.759,17.002707192518244,0.0
190,7,10,0.0,-22.954719374273427,200,0.0,0,0.0,10.000000000000007,575.0,47.305,12.155163301976536,0.0
190,8,10,0.0,-12.439680828577469,13,0.0,10,1.0,0.15000000000000002,26.625,28.386000000000003,0.9379623758190656,0.0
190,9,10,0.0,-23.047127272727252,200,0.0,0,0.0,10.000000000000007,722.3999999999994,55.0,13.134545454545444,0.0
191,0,10,0.0,-12.912341689031006,11,0.0,10,1.0,0.1,7.295,35.026,0.20827385370867355,0.0
191,1,10,0.0,-23.036966697873495,200,0.0,0,0.0,10.000000000000007,642.9999999999995,37.385,17.199411528687964,0.0
191,2,10,1.0,9.818438224052915,8,0.8875472361367432,0,0.0,0.85,56.895,50.49700000000001,1.1267005960750143,0.0
191,3,10,0.0,-23.386093021492705,200,0.0,0,0.0,10.050000000000008,365.47599999999915,52.762,6.9268791933588405,0.0
191,4,10,0.0,-36.90887631903412,200,0.0,9,0.0,18.65,1529.8899999999978,62.451,24.497445997662133,0.0
191,5,10,0.0,-25.704210084576093,200,0.0,0,0.0,15.300000000000002,890.0099999999973,61.955999999999996,14.365194654270729,0.0
191,6,10,0.0,-24.85174571230517,200,0.0,0,0.0,13.300000000000013,1349.7429999999972,44.721000000000004,30.181413653540776,0.0
191,7,10,1.0,10.003695484089207,7,0.9750047116471917,0,0.0,0.65,42.44800000000001,41.387,1.0256360692971225,0.0
191,8,10,0.0,-12.891888655523466,11,0.0,10,1.0,0.05,4.742,34.281,0.1383273533444182,0.0
191,9,10,0.0,-23.26373100782162,200,0.0,0,0.0,10.000000000000007,551.0069999999981,55.615,9.90752494830528,0.0
192,0,10,1.0,10.174071003784464,6,0.9441356624319419,0,0.0,0.5000000000000001,35.263999999999996,33.294,1.059169820388058,0.0
192,1,10,0.0,-12.9,10,0.0,10,1.0,0.0,0.0,43.635999999999996,0.0,0.0
192,2,10,0.0,-23.212050546749445,200,0.0,0,0.0,10.000000000000007,1345.8000000000047,31.733,42.41010934988828,0.0
192,3,10,1.0,10.344779695770349,5,0.9775322798676176,0,0.0,0.35000000000000003,21.453,20.971,1.0229841209289017,0.0
192,4,10,0.0,-25.50324247644144,200,0.0,0,0.0,15.000000000000004,895.2470000000048,39.47599999999999,22.67826020873455,0.0
192,5,10,0.0,-23.717967739343546,200,0.0,0,0.0,10.050000000000008,887.6550000000024,49.782000000000004,17.830842473183125,0.0
192,6,10,0.0,-23.03607428084055,200,0.0,0,0.0,10.000000000000007,807.2750000000017,51.588,15.648503527952268,0.0
192,7,10,0.0,-12.9,10,0.0,10,1.0,0.0,0.0,52.457,0.0,0.0
192,8,10,1.0,10.199644194756553,6,0.8715895814720639,0,0.0,0.45,29.101999999999997,25.365000000000002,1.1473289966489255,0.0
192,9,10,1.0,9.458156370288501,11,0.7780973844967676,0,0.0,1.0,67.444,52.477999999999994,1.285186173253554,0.0
193,0,10,0.0,-25.618725679572275,200,0.0,0,0.0,15.000000000000004,1032.2660000000026,35.721000000000004,28.898015173147517,0.0
193,1,10,0.0,-13.54464322557095,20,0.0,10,1.0,0.65,62.62699999999999,63.009,0.9939373740259326,0.0
193,2,10,0.0,-22.91921189394408,200,0.0,0,0.0,10.050000000000008,877.4490000000009,64.268,13.652968818074328,0.0
193,3,10,0.0,-13.043875127356088,11,0.0,10,1.0,0.05,3.393,62.816,0.05401490066225165,0.0
193,4,10,0.0,-23.136012858555876,200,0.0,0,0.0,10.000000000000007,741.1069999999978,40.44,18.32608803165178,0.0
193,5,10,0.0,-23.202857751830255,200,0.0,0,0.0,10.000000000000007,590.5769999999995,53.955,10.94573255490686,0.0
193,6,10,1.0,10.087934511952191,7,0.6518775024348014,0,0.0,0.5000000000000001,36.964,24.095999999999997,1.534030544488712,0.0
193,7,10,0.0,-13.08686506381838,11,0.0,10,1.0,0.05,3.916,48.497,0.08074726271728148,0.0
193,8,10,1.0,9.543289907895385,11,0.825862349495607,0,0.0,0.8000000000000002,49.168,40.606,1.210855538590356,0.0
193,9,10,0.0,-13.99296602752805,20,0.0,10,1.0,0.65,35.141000000000005,25.137999999999998,1.3979234624870718,0.0
194,0,10,1.0,10.638911840185177,3,0.8623188405797102,0,0.0,0.15000000000000002,23.046,19.873,1.1596638655462184,0.0
194,1,10,1.0,9.898325189155107,9,0.6982810808827576,0,0.0,0.49999999999999994,54.510999999999996,38.064,1.4320880622110128,0.0
194,2,10,1.0,10.58484896528705,3,0.9056147510012847,0,0.0,0.25,13.233,11.984000000000002,1.1042222963951935,0.0
194,3,10,1.0,10.347445147197861,5,0.9009281560242026,0,0.0,0.35000000000000003,34.046,30.673000000000002,1.1099664199784827,0.0
194,4,10,0.0,-28.079243051448934,200,0.0,0,0.0,20.000000000000014,1537.0999999999958,49.039,31.344440139480735,0.0
194,5,10,0.0,-13.132855771821124,14,0.0,10,1.0,0.30000000000000004,31.233,59.391999999999996,0.52587890625,0.0
194,6,10,0.0,-15.227028127612526,27,0.0,10,1.0,1.6000000000000003,65.13099999999999,37.081,1.756452091367546,0.0
194,7,10,0.0,-13.691869914244226,14,0.0,10,1.0,0.39999999999999997,20.017,36.499,0.5484259842735417,0.0
194,8,10,1.0,10.125537948795637,6,0.9246004510246103,0,0.0,0.6000000000000001,71.39299999999999,66.00999999999999,1.0815482502651113,0.0
194,9,10,0.0,-24.869972644709534,200,0.0,0,0.0,13.300000000000013,627.7699999999982,27.417,22.89710763394967,0.0
195,0,10,1.0,10.219288341596034,6,0.9718682001865092,0,0.0,0.39999999999999997,45.038000000000004,43.77100000000001,1.0289461058691827,0.0
195,1,10,0.0,-23.224080886130533,200,0.0,0,0.0,10.000000000000007,2396.1180000000045,48.661,49.24103491502444,0.0
195,2,10,0.0,-24.41536335617317,200,0.0,0,0.0,12.500000000000014,1162.3979999999992,39.259,29.608446470872902,0.0
195,3,10,0.0,-23.03064580426549,200,0.0,0,0.0,10.000000000000007,485.00000000000153,40.136,12.083914690053854,0.0
195,4,10,1.0,10.303040289183688,5,0.5597815410003536,0,0.0,0.45,25.451,14.247,1.786411174282305,0.0
195,5,10,0.0,-23.15379756829315,200,0.0,0,0.0,10.000000000000007,556.0999999999984,31.665,17.561976946155013,0.0
195,6,10,0.0,-25.42529433354965,200,0.0,0,0.0,15.000000000000004,923.0000000000015,35.419000000000004,26.059459612072654,0.0
195,7,10,1.0,10.226488519554172,6,0.8999113946482367,0,0.0,0.4,28.215,25.391,1.1112205112047577,0.0
195,8,10,0.0,-23.192013540674964,200,0.0,0,0.0,10.000000000000007,904.8330000000037,47.265,19.143827356394873,0.0
195,9,10,1.0,9.974148327137547,7,1.0,0,0.0,0.7000000000000001,53.8,53.8,1.0,0.0
196,0,10,1.0,9.51065932708618,11,0.9533237039595567,0,0.0,0.8500000000000003,63.693999999999996,60.721,1.0489616442416956,0.0
196,1,10,0.0,-33.27709178131781,200,0.0,0,0.0,29.749999999999897,912.5600000000005,33.144,27.533188510741027,0.0
196,2,10,1.0,9.83635665766016,8,0.7629956456398598,0,0.0,0.8,51.901999999999994,39.601,1.3106234691043155,0.0
196,3,10,1.0,9.679867388323169,10,0.6919644659802139,0,0.0,0.7500000000000001,49.53,34.272999999999996,1.4451609138388821,0.0
196,4,10,1.0,10.85,1,1.0,0,0.0,0.1,3.685,3.685,1.0,0.0
196,5,10,1.0,9.254571715433162,12,0.45352240941911137,0,0.0,1.2500000000000002,76.86500000000001,34.86,2.2049627079747567,0.0
196,6,10,1.0,10.85,1,1.0,0,0.0,0.1,6.683,6.683,1.0,0.0
196,7,10,1.0,9.837753267973856,9,0.8102288959342228,0,0.0,0.6000000000000001,57.406000000000006,46.51199999999999,1.2342191262469904,0.0
196,8,10,1.0,10.489292798620093,4,1.0,0,0.0,0.25,18.552,18.552,1.0,0.0
196,9,10,1.0,10.61072168356104,3,1.0,0,0.0,0.2,9.076,9.076,1.0,0.0
197,0,10,1.0,10.117642746314973,7,0.6682391974908629,0,0.0,0.45,38.579,25.78,1.4964701318851823,0.0
197,1,10,1.0,10.080660510452738,7,0.47229737915438363,0,0.0,0.5,49.525999999999996,23.391000000000002,2.117310076525159,0.0
197,2,10,1.0,10.106994597194982,7,0.9977477477477478,0,0.0,0.45,54.168,54.046,1.002257336343115,0.0
197,3,10,1.0,10.414588029756537,4,0.9138854552946025,0,0.0,0.4,19.415999999999997,17.744,1.0942290351668167,0.0
197,4,10,1.0,9.59579035733975,11,0.5894273518160201,0,0.0,0.7000000000000001,67.70299999999999,39.906000000000006,1.6965619205132054,0.0
197,5,10,0.0,-13.8178421912396,18,0.0,10,1.0,0.39999999999999997,15.968000000000002,26.323,0.606617786726437,0.0
197,6,10,1.0,10.732554054054054,2,0.4748917054387935,0,0.0,0.15000000000000002,6.2330000000000005,2.96,2.1057432432432432,0.0
197,7,10,0.0,-23.00060614345134,200,0.0,0,0.0,10.000000000000007,1131.2360000000003,51.209,22.090570016989208,0.0
197,8,10,1.0,10.349776745764803,5,0.9365914279934108,0,0.0,0.35000000000000003,34.601,32.407000000000004,1.0677014225321688,0.0
197,9,10,0.0,-13.153194399782326,18,0.0,10,1.0,0.6000000000000001,43.355999999999995,40.427,1.0724515793900116,0.0
198,0,10,1.0,10.391840773454286,4,0.9904946561997541,0,0.0,0.44999999999999996,21.146,20.945,1.0095965624254,0.0
198,1,10,1.0,10.341943527800261,5,0.6053444896728479,0,0.0,0.35000000000000003,26.532,16.061,1.6519519332544674,0.0
198,2,10,0.0,-25.765689537213465,200,0.0,0,0.0,14.950000000000003,663.1229999999982,40.926,16.202976103210627,0.0
198,3,10,0.0,-23.131661307609875,200,0.0,0,0.0,10.000000000000007,627.9999999999978,23.325000000000003,26.923901393354672,0.0
198,4,10,0.0,-28.242269086096425,200,0.0,0,0.0,19.950000000000017,808.4849999999999,28.711999999999996,28.15843549735302,0.0
198,5,10,1.0,10.201118730359797,6,0.7674231660809093,0,0.0,0.45,53.492,41.051,1.3030620447735741,0.0
198,6,10,1.0,9.93263306924463,8,0.9275481508993474,0,0.0,0.6000000000000001,37.694,34.963,1.0781111460687012,0.0
198,7,10,0.0,-13.273724104251272,18,0.0,10,1.0,0.55,53.403,19.453000000000003,2.745232097876934,0.0
198,8,10,1.0,10.558914603101133,3,1.0,0,0.0,0.30000000000000004,12.963000000000001,12.963000000000001,1.0,0.0
198,9,10,0.0,-13.457694140638395,19,0.0,10,1.0,0.5499999999999999,53.407,58.33399999999999,0.9155381081359071,0.0
199,0,10,1.0,9.918138819294105,8,0.8133544366406172,0,0.0,0.65,50.545,41.111,1.2294762958818808,0.0
199,1,10,0.0,-24.195152428744244,200,0.0,0,0.0,12.500000000000014,1066.6869999999994,50.417,21.157288216276243,0.0
199,2,10,0.0,-22.950586097228513,200,0.0,0,0.0,10.000000000000007,543.7999999999996,55.025000000000006,9.882780554293495,0.0
199,3,10,1.0,9.718415632426723,10,0.826662508770562,0,0.0,0.65,64.135,53.018,1.2096835037157192,0.0
199,4,10,1.0,10.608949718045112,3,0.9987679671457905,0,0.0,0.2,17.045,17.024,1.001233552631579,0.0
199,5,10,1.0,9.580013720961825,10,0.7432800856271581,0,0.0,0.9500000000000002,49.51700000000001,36.80499999999999,1.345387854911018,0.0
199,6,10,0.0,-25.19882669496345,200,0.0,0,0.0,14.900000000000002,1329.8180000000018,26.386999999999997,50.39671050138333,0.0
199,7,10,0.0,-13.739768838312791,16,0.0,10,1.0,0.49999999999999994,19.851,47.62900000000001,0.41678389216653705,0.0
199,8,10,0.0,-13.108374921367162,16,0.0,10,1.0,0.4,20.455000000000002,33.382999999999996,0.6127370218374624,0.0
199,9,10,1.0,9.352848952904388,12,0.6283417683834474,0,0.0,1.0,67.18,42.211999999999996,1.5914905714014975,0.0
