scenario_id,robot_id,robots,success,reward,steps,spl,collisions,deadlock,cumulative_risk,path_length,shortest_path_length,detour,disruption_applied
0,0,5,0.0,-25.561199786631686,200,0.0,0,0.0,15.000000000000004,1454.688000000002,48.742,29.844651429978295,1.0
0,1,5,0.0,-25.444504237858162,200,0.0,0,0.0,15.000000000000004,525.873999999998,59.464,8.843569218350565,1.0
0,2,5,0.0,-30.56862849033047,200,0.0,0,0.0,24.900000000000002,447.1529999999986,58.483000000000004,7.645862900329986,1.0
0,3,5,0.0,-28.032820990429677,200,0.0,0,0.0,19.90000000000003,1154.6449999999982,62.27600000000001,18.540770120110444,1.0
0,4,5,1.0,9.452571164889253,12,0.6459304790165324,0,0.0,0.8000000000000002,75.48799999999999,48.75999999999999,1.5481542247744053,1.0
1,0,5,0.0,-22.797437176719676,200,0.0,0,0.0,10.000000000000007,806.2150000000017,49.105999999999995,16.417851179082025,1.0
1,1,5,0.0,-25.507087454121383,200,0.0,0,0.0,15.000000000000002,365.3999999999997,55.309,6.60651973458207,1.0
1,2,5,1.0,10.27977324194571,6,0.8536044743421224,0,0.0,0.3,38.79899999999999,33.119,1.171502762764576,1.0
1,3,5,1.0,9.791330057512983,8,0.8110960144927535,0,0.0,0.9000000000000001,44.160000000000004,35.818,1.2328996593891342,1.0
1,4,5,0.0,-25.393006598283247,200,0.0,0,0.0,15.000000000000004,588.4350000000003,51.376999999999995,11.453276758082417,1.0
2,0,5,0.0,-12.87903273029864,11,0.0,10,1.0,0.05,4.957,32.447,0.1527722131475945,1.0
2,1,5,0.0,-13.143629543824812,11,0.0,10,1.0,0.05,6.702,36.257999999999996,0.1848419659109714,1.0
2,2,5,0.0,-12.830605810211358,11,0.0,10,1.0,0.05,2.382,11.497,0.20718448290858485,1.0
2,3,5,0.0,-12.89302944081268,11,0.0,10,1.0,0.05,5.828,42.526,0.13704557212058505,1.0
2,4,5,0.0,-33.135050511017965,200,0.0,0,0.0,29.999999999999893,914.4000000000004,33.854,27.010102203580093,1.0
3,0,5,0.0,-25.615382919442833,200,0.0,0,0.0,14.900000000000002,877.3139999999961,41.275,21.255336159902996,1.0
3,1,5,0.0,-23.548094151974713,200,0.0,0,0.0,10.150000000000011,581.3540000000006,24.333,23.891587555993944,1.0
3,2,5,0.0,-22.998842145889686,200,0.0,0,0.0,10.000000000000007,638.429000000003,54.410999999999994,11.73345463233543,1.0
3,3,5,0.0,-25.661609017066716,200,0.0,0,0.0,15.000000000000004,723.8930000000018,43.828,16.5166788354477,1.0
3,4,5,0.0,-23.22292840412733,200,0.0,0,0.0,10.20000000000001,1156.4369999999994,47.391000000000005,24.402038361714236,1.0
4,0,5,0.0,-23.15419133451483,200,0.0,0,0.0,10.000000000000007,967.8000000000052,26.519,36.494588785399344,1.0
4,1,5,1.0,10.615239730382804,3,0.5680947908388123,0,0.0,0.2,13.841,7.863,1.760269617194455,1.0
4,2,5,0.0,-23.050869197391037,200,0.0,0,0.0,10.000000000000007,1083.9140000000002,36.643,29.580383702207794,1.0
4,3,5,1.0,10.087444204185651,7,0.8022924411400248,0,0.0,0.5000000000000001,64.56,51.79600000000001,1.2464282956212833,1.0
4,4,5,0.0,-27.889960515243704,200,0.0,0,0.0,20.000000000000014,2672.1879999999987,30.898,86.48417373292766,1.0
5,0,5,0.0,-25.623281793947033,200,0.0,0,0.0,14.950000000000003,2034.0099999999939,63.77000000000001,31.896032617218026,1.0
5,1,5,0.0,-22.91142479291401,200,0.0,0,0.0,10.000000000000007,677.9669999999993,48.772,13.900742229147857,1.0
5,2,5,1.0,10.36910287211969,5,0.39704288253913195,0,0.0,0.35,23.063,9.157,2.51861963525172,1.0
5,3,5,0.0,-14.502480208534465,15,0.0,10,1.0,0.44999999999999996,37.489000000000004,10.358,3.6193280556091914,1.0
5,4,5,1.0,9.362499264674987,11,0.7398116198824956,0,0.0,1.2000000000000002,64.33800000000001,47.598000000000006,1.3516954493886297,1.0
6,0,5,0.0,-25.700977498559375,200,0.0,0,0.0,15.000000000000002,593.9640000000004,71.15100000000001,8.34793607960535,1.0
6,1,5,1.0,10.49083468866171,4,0.9154525151547379,0,0.0,0.25,18.806,17.216,1.0923559479553904,1.0
6,2,5,0.0,-25.425142428035034,200,0.0,0,0.0,15.000000000000002,1598.9189999999994,59.925,26.682002503128903,1.0
6,3,5,0.0,-25.540567172884668,200,0.0,0,0.0,14.950000000000003,801.3519999999978,46.291,17.311183599403726,1.0
6,4,5,0.0,-24.391305109188306,200,0.0,0,0.0,12.500000000000016,954.5720000000002,58.248,16.388064826260134,1.0
7,0,5,0.0,-25.528713677550467,200,0.0,0,0.0,14.950000000000003,372.95599999999934,51.208,7.2831588814247645,1.0
7,1,5,1.0,9.478886193312835,11,0.7320555653244241,0,0.0,0.9500000000000001,56.870000000000005,41.632,1.3660165257494237,1.0
7,2,5,1.0,9.785247030675894,8,0.9374249050800213,0,0.0,0.9000000000000001,62.421,58.51500000000001,1.066752114842348,1.0
7,3,5,0.0,-25.371044615773545,200,0.0,0,0.0,15.000000000000002,1160.908000000003,31.648,36.68187563195156,1.0
7,4,5,0.0,-23.31604204407462,200,0.0,0,0.0,10.000000000000007,596.2269999999995,50.233,11.869229391037756,1.0
8,0,5,0.0,-13.40688292516749,17,0.0,10,1.0,0.6000000000000001,46.897999999999996,52.838,0.8875809076800787,1.0
8,1,5,0.0,-25.9761664796634,200,0.0,0,0.0,15.200000000000003,413.4599999999985,71.3,5.798877980364636,1.0
8,2,5,1.0,10.12116874686495,6,0.9796785569751981,0,0.0,0.6,34.593999999999994,33.891,1.0207429701100585,1.0
8,3,5,0.0,-13.698257876036324,17,0.0,10,1.0,0.6000000000000001,32.01,63.325,0.505487564153178,1.0
8,4,5,0.0,-23.488227909129446,200,0.0,0,0.0,10.250000000000012,1012.386,51.854,19.52377830061326,1.0
9,0,5,1.0,9.76493688415446,9,0.7969353537926058,0,0.0,0.7500000000000002,47.118,37.550000000000004,1.2548069241011983,1.0
9,1,5,0.0,-24.295255205321013,200,0.0,0,0.0,12.450000000000015,800.0929999999989,27.664,28.921811740890647,1.0
9,2,5,0.0,-23.825739964283017,200,0.0,0,0.0,10.100000000000009,843.9230000000023,51.516,16.38176488857835,1.0
9,3,5,0.0,-25.40239707147113,200,0.0,0,0.0,15.000000000000002,885.2000000000028,45.346999999999994,19.52058570577994,1.0
9,4,5,1.0,9.736864934720657,9,0.8473633964171392,0,0.0,0.8,35.614000000000004,30.178,1.1801312214195774,1.0
10,0,5,0.0,-27.96746714609814,200,0.0,0,0.0,20.000000000000014,1821.6300000000092,46.721999999999994,38.988699113908,1.0
10,1,5,0.0,-25.642104732624315,200,0.0,0,0.0,15.000000000000004,1127.7999999999995,39.682,28.420946524872726,1.0
10,2,5,0.0,-23.707690977679974,200,0.0,0,0.0,10.050000000000008,748.1679999999999,19.086000000000002,39.19983233783925,1.0
10,3,5,1.0,10.313095730856237,5,0.984691943127962,0,0.0,0.39999999999999997,42.2,41.554,1.0155460364826492,1.0
10,4,5,0.0,-23.002971902937436,200,0.0,0,0.0,10.050000000000008,734.8980000000028,54.81,13.408100711549038,1.0
11,0,5,0.0,-24.536511804877993,200,0.0,0,0.0,12.550000000000015,691.8189999999986,51.25,13.498907317073144,1.0
11,1,5,0.0,-23.126625147088365,200,0.0,0,0.0,10.000000000000007,882.4000000000018,34.842999999999996,25.32502941767362,1.0
11,2,5,1.0,9.97973908505827,8,0.7593783022190912,0,0.0,0.5,45.424,34.494,1.3168667014553255,1.0
11,3,5,0.0,-25.487005268568478,200,0.0,0,0.0,15.000000000000002,1037.6899999999973,62.25599999999999,16.668112310459996,1.0
11,4,5,0.0,-23.01890595789648,200,0.0,0,0.0,10.000000000000007,934.7999999999971,61.51499999999999,15.196293586929972,1.0
12,0,5,0.0,-28.009049381743736,200,0.0,0,0.0,20.000000000000014,1697.6809999999966,25.394,66.85362684098592,1.0
12,1,5,0.0,-23.6300026695142,200,0.0,0,0.0,10.15000000000001,960.4169999999992,44.952000000000005,21.36538974906565,1.0
12,2,5,1.0,9.948535816759447,8,0.8928031878790533,0,0.0,0.55,45.67300000000001,40.77700000000001,1.1200676852147045,1.0
12,3,5,1.0,10.251704348245276,6,0.9478205245362332,0,0.0,0.35,43.772,41.488,1.055052063247204,1.0
12,4,5,0.0,-23.017860320951833,200,0.0,0,0.0,10.000000000000007,1014.2900000000013,40.006,25.35344698295259,1.0
13,0,5,1.0,10.348348793481668,5,0.5576331609115057,0,0.0,0.35,28.612,15.955,1.7932936383578815,1.0
13,1,5,0.0,-28.121115139011625,200,0.0,0,0.0,19.85000000000003,754.7710000000001,50.894999999999996,14.829963650653308,1.0
13,2,5,1.0,10.326728095815213,5,0.7212195999794335,0,0.0,0.4,38.897999999999996,28.054000000000002,1.3865402438154983,1.0
13,3,5,1.0,10.755015421115065,2,0.9653040192373754,0,0.0,0.1,8.733,8.43,1.0359430604982207,1.0
13,4,5,0.0,-27.9130275313481,200,0.0,0,0.0,20.00000000000003,758.799999999998,43.623000000000005,17.394493730371547,1.0
14,0,5,0.0,-28.158981848529084,200,0.0,0,0.0,20.00000000000003,706.0469999999974,28.758000000000003,24.55132484873765,1.0
14,1,5,1.0,10.219886512590548,6,1.0,0,0.0,0.39999999999999997,28.990000000000002,28.990000000000002,1.0,1.0
14,2,5,0.0,-33.22209095661267,200,0.0,0,0.0,29.3499999999999,908.5020000000037,45.912000000000006,19.787898588604364,1.0
14,3,5,0.0,-24.945493261025558,200,0.0,0,0.0,13.300000000000013,667.9210000000004,25.078,26.633742722705176,1.0
14,4,5,0.0,-22.995979957269263,200,0.0,0,0.0,10.050000000000008,1138.6329999999966,49.145,23.1688472886356,1.0
15,0,5,1.0,10.151102156869342,6,0.9399987348178137,0,0.0,0.55,31.616000000000003,29.719,1.0638312190854335,1.0
15,1,5,0.0,-23.007997202145084,200,0.0,0,0.0,10.000000000000007,966.1310000000051,42.89,22.52578689671264,1.0
15,2,5,0.0,-29.480247588221555,200,0.0,0,0.0,25.0,1370.2000000000057,47.57899999999999,28.798419470775045,1.0
15,3,5,0.0,-25.630395514471886,200,0.0,0,0.0,15.000000000000002,828.6770000000022,52.792,15.697018487649684,1.0
15,4,5,0.0,-26.00922067473589,200,0.0,0,0.0,16.000000000000036,1181.8770000000013,55.93299999999999,21.130227236157573,1.0
16,0,5,0.0,-22.902981810697423,200,0.0,0,0.0,10.000000000000007,908.6240000000035,38.86899999999999,23.37657258998183,1.0
16,1,5,1.0,10.346378405743742,5,0.7974748586948541,0,0.0,0.35,27.246000000000002,21.727999999999998,1.253958026509573,1.0
16,2,5,0.0,-30.387221159974565,200,0.0,0,0.0,25.0,848.1999999999975,31.38,27.029955385595844,1.0
16,3,5,0.0,-25.250588904416777,200,0.0,0,0.0,15.000000000000002,1354.5999999999983,30.769000000000002,44.02483018622634,1.0
16,4,5,1.0,9.94635000849329,8,0.909031249396823,0,0.0,0.55,51.809,47.096000000000004,1.1000721929675554,1.0
17,0,5,0.0,-13.042200167004651,12,0.0,10,1.0,0.2,6.505,41.915,0.15519503757604677,1.0
17,1,5,0.0,-12.965759785111281,15,0.0,10,1.0,0.35,39.401,59.93799999999999,0.657362608028296,1.0
17,2,5,0.0,-12.919286720676293,15,0.0,10,1.0,0.35,34.239000000000004,48.263000000000005,0.7094254397778836,1.0
17,3,5,0.0,-12.997976530815773,12,0.0,10,1.0,0.15000000000000002,10.666,60.164,0.17728209560534539,1.0
17,4,5,0.0,-23.007091509038272,200,0.0,0,0.0,10.050000000000008,511.26300000000083,45.306999999999995,11.28441521177745,1.0
18,0,5,0.0,-23.375194489705244,200,0.0,0,0.0,10.200000000000012,959.8199999999993,33.755,28.434898533550562,1.0
18,1,5,1.0,10.757150271431128,2,1.0,0,0.0,0.1,16.763,16.763,1.0,1.0
18,2,5,1.0,10.563852971359267,3,0.7016429927341756,0,0.0,0.30000000000000004,15.277,10.719000000000001,1.4252262337904653,1.0
18,3,5,1.0,10.443540038613587,4,1.0,0,0.0,0.35,54.385000000000005,54.385000000000005,1.0,1.0
18,4,5,0.0,-22.94980897445496,200,0.0,0,0.0,10.000000000000007,1018.5479999999951,40.047,25.43381526706108,1.0
19,0,5,0.0,-24.262837015952293,200,0.0,0,0.0,12.000000000000016,642.8399999999996,48.83299999999999,13.164048901357683,1.0
19,1,5,0.0,-25.648080771676916,200,0.0,0,0.0,14.950000000000003,1158.4139999999961,23.585,49.1165571337713,1.0
19,2,5,1.0,10.488968444979275,4,1.0,0,0.0,0.25,22.437,22.437,1.0,1.0
19,3,5,0.0,-22.913449318550338,200,0.0,0,0.0,10.000000000000007,1700.6710000000078,22.819,74.52872606161567,1.0
19,4,5,0.0,-25.486103945241357,200,0.0,0,0.0,15.000000000000002,637.4000000000018,29.073,21.924122037629477,1.0
20,0,5,1.0,10.610594559492027,3,0.4735043903105675,0,0.0,0.2,29.269,13.859,2.111912836423984,1.0
20,1,5,1.0,10.85,1,1.0,0,0.0,0.1,6.889,6.889,1.0,1.0
20,2,5,0.0,-12.977992874109262,12,0.0,10,1.0,0.1,8.389,48.836,0.17177901548038332,1.0
20,3,5,0.0,-24.674461408609233,200,0.0,0,0.0,13.300000000000011,802.6669999999991,53.315,15.055181468629826,1.0
20,4,5,0.0,-13.040760443784823,12,0.0,10,1.0,0.15000000000000002,8.922,41.101,0.21707501034038104,1.0
21,0,5,0.0,-12.898960605719854,14,0.0,10,1.0,0.30000000000000004,17.255,26.679,0.6467633719404775,1.0
21,1,5,0.0,-12.864707147617798,14,0.0,10,1.0,0.35,32.335,49.513000000000005,0.653060812311918,1.0
21,2,5,0.0,-22.984856744127026,200,0.0,0,0.0,10.20000000000001,629.4509999999991,47.293,13.309601843824648,1.0
21,3,5,1.0,10.342204867204867,5,0.8220113487000289,0,0.0,0.35000000000000003,31.192999999999998,25.641,1.2165282165282165,1.0
21,4,5,0.0,-27.834438435353537,200,0.0,0,0.0,19.950000000000017,2248.468000000008,49.647,45.28910105343743,1.0
22,0,5,1.0,10.613552646687335,3,0.8071362372567192,0,0.0,0.2,10.79,8.709,1.2389482144907566,1.0
22,1,5,0.0,-13.306382578498045,13,0.0,10,1.0,0.2,12.06,62.199,0.19389379250470265,1.0
22,2,5,1.0,9.802411643034864,9,0.750872217345308,0,0.0,0.7000000000000002,44.427,33.358999999999995,1.3317845259150456,1.0
22,3,5,1.0,9.962431662207747,8,0.4822821025861585,0,0.0,0.55,53.477000000000004,25.791,2.0734752433019272,1.0
22,4,5,0.0,-13.21031133142846,13,0.0,10,1.0,0.15000000000000002,12.503,52.147,0.2397645118607015,1.0
23,0,5,0.0,-25.40808585936289,200,0.0,0,0.0,15.000000000000002,819.8000000000027,58.491,14.01583149544379,1.0
23,1,5,0.0,-25.449243192634814,200,0.0,0,0.0,15.000000000000002,1038.4909999999975,38.451,27.008166237549023,1.0
23,2,5,0.0,-25.420536179073384,200,0.0,0,0.0,15.000000000000002,906.3139999999979,38.419999999999995,23.589640812076993,1.0
23,3,5,0.0,-22.44094152782147,200,0.0,0,0.0,10.050000000000008,974.4559999999947,28.629,34.03737468999946,1.0
23,4,5,0.0,-23.845778318818873,200,0.0,0,0.0,12.000000000000016,991.4400000000011,32.037000000000006,30.94671785747732,1.0
24,0,5,0.0,-30.71986138819624,200,0.0,0,0.0,24.700000000000003,1084.4639999999977,48.120000000000005,22.536658354114664,1.0
24,1,5,1.0,9.867011077038612,8,0.8217959267640402,0,0.0,0.75,38.888000000000005,31.958000000000002,1.2168471118342825,1.0
24,2,5,0.0,-25.613021449780977,200,0.0,0,0.0,15.000000000000002,405.4849999999989,48.159,8.419713864490518,1.0
24,3,5,0.0,-23.45078909055618,200,0.0,0,0.0,10.200000000000012,836.8529999999976,41.211999999999996,20.30605163544593,1.0
24,4,5,0.0,-25.53335767607912,200,0.0,0,0.0,15.050000000000002,900.004999999996,24.648000000000003,36.514321648815155,1.0
25,0,5,0.0,-23.426564412553844,200,0.0,0,0.0,10.15000000000001,3095.760000000009,66.33800000000001,46.66646567578173,1.0
25,1,5,0.0,-26.07413061249204,200,0.0,0,0.0,15.000000000000004,824.1040000000012,33.028999999999996,24.95092191710319,1.0
25,2,5,0.0,-23.438153849606124,200,0.0,0,0.0,10.000000000000007,1051.5380000000057,44.563,23.59666090703062,1.0
25,3,5,1.0,9.827374979471177,8,0.930683989300726,0,0.0,0.8000000000000002,52.339999999999996,48.711999999999996,1.0744785679093447,1.0
25,4,5,1.0,10.297199004090343,5,0.9880947151078504,0,0.0,0.44999999999999996,22.763,22.492,1.0120487284367776,1.0
26,0,5,0.0,-25.432414242191605,200,0.0,0,0.0,15.000000000000002,1060.7999999999968,42.999,24.670341170724825,1.0
26,1,5,1.0,10.348930869867358,5,1.0,0,0.0,0.35,33.097,33.097,1.0,1.0
26,2,5,1.0,10.00214986037853,7,0.8719137194077228,0,0.0,0.6500000000000001,55.447,48.345000000000006,1.1469024718171474,1.0
26,3,5,1.0,9.886613218496121,7,0.8520128028311952,0,0.0,0.9,38.428999999999995,32.742,1.1736912833669293,1.0
26,4,5,0.0,-26.181829598733373,200,0.0,0,0.0,15.050000000000002,308.5039999999992,65.69200000000001,4.696218717652061,1.0
27,0,5,0.0,-28.120596607320955,200,0.0,0,0.0,19.90000000000003,1028.2979999999964,57.123000000000005,18.00147051100251,1.0
27,1,5,0.0,-24.737709686086532,200,0.0,0,0.0,13.350000000000012,943.1630000000014,44.662,21.117795889122775,1.0
27,2,5,1.0,10.756478855565314,2,0.6676441018766756,0,0.0,0.1,11.936,7.968999999999999,1.4978039904630445,1.0
27,3,5,0.0,-25.649545390114056,200,0.0,0,0.0,15.000000000000004,1013.1309999999962,49.383,20.515784784237415,1.0
27,4,5,1.0,9.939595523528045,8,0.8640746054519371,0,0.0,0.6000000000000001,34.849999999999994,30.113000000000003,1.1573074751768335,1.0
28,0,5,1.0,9.977468816021764,7,0.9396296195578278,0,0.0,0.7000000000000001,36.772999999999996,34.553,1.0642491245333257,1.0
28,1,5,0.0,-25.67410116068954,200,0.0,0,0.0,14.950000000000003,1169.9700000000048,57.55199999999999,20.328919933277817,1.0
28,2,5,1.0,10.123991592691748,7,0.39437271935836404,0,0.0,0.45,53.986999999999995,21.290999999999997,2.5356723498191727,1.0
28,3,5,0.0,-25.315437797399365,200,0.0,0,0.0,15.000000000000002,1336.8640000000014,39.299,34.017761266190014,1.0
28,4,5,0.0,-25.79079377040948,200,0.0,0,0.0,15.000000000000004,908.1779999999978,47.772,19.010675709620653,1.0
29,0,5,0.0,-23.39360609039523,200,0.0,0,0.0,10.050000000000008,611.5840000000005,44.759,13.66393351057889,1.0
29,1,5,0.0,-25.52858787413661,200,0.0,0,0.0,15.000000000000004,1028.4220000000025,52.12,19.731811204911793,1.0
29,2,5,0.0,-22.024081207704278,200,0.0,0,0.0,10.000000000000007,719.1960000000001,11.526,62.3977095262884,1.0
29,3,5,0.0,-25.646336092018483,200,0.0,0,0.0,15.000000000000004,1354.5999999999983,35.644999999999996,38.00252489830267,1.0
29,4,5,0.0,-23.539913632794715,200,0.0,0,0.0,10.200000000000012,913.9209999999975,48.398,18.88344559692544,1.0
30,0,5,0.0,-12.918362831858408,12,0.0,10,1.0,0.15000000000000002,18.046,48.477000000000004,0.37225900942715096,1.0
30,1,5,0.0,-13.17370652211088,12,0.0,10,1.0,0.1,5.577999999999999,58.478,0.09538629912103695,1.0
30,2,5,1.0,9.81049557646893,8,0.47466956667224364,0,0.0,0.9,59.77,28.371000000000002,2.1067287018434318,1.0
30,3,5,0.0,-25.274339867163548,200,0.0,0,0.0,15.000000000000002,1289.9179999999944,24.692,52.24032075166023,1.0
30,4,5,1.0,10.223066305469557,6,0.9269770408163265,0,0.0,0.39999999999999997,25.088,23.256,1.0787753697970417,1.0
31,0,5,0.0,-25.415538825757686,200,0.0,0,0.0,15.000000000000002,3001.1009999999924,10.559999999999999,284.1951704545448,1.0
31,1,5,1.0,10.294030618569481,5,0.7718878576212802,0,0.0,0.45,31.353,24.201,1.2955249783066816,1.0
31,2,5,0.0,-25.074343411921408,200,0.0,0,0.0,14.850000000000003,1005.5620000000035,42.797000000000004,23.496086174264633,1.0
31,3,5,1.0,10.413761165961448,4,0.6111015342182381,0,0.0,0.4,34.806000000000004,21.269999999999996,1.6363892806770104,1.0
31,4,5,0.0,-23.074761545323465,200,0.0,0,0.0,10.000000000000007,871.599999999996,58.291999999999994,14.952309064708642,1.0
32,0,5,1.0,10.149822125621009,6,0.8743745879067603,0,0.0,0.55,25.783,22.544,1.1436745919091555,1.0
32,1,5,0.0,-26.23445891181995,200,0.0,0,0.0,15.250000000000004,1430.5950000000025,26.650000000000002,53.68086303939972,1.0
32,2,5,1.0,9.905504439644828,8,0.9807244227917813,0,0.0,0.6500000000000001,42.489,41.669999999999995,1.0196544276457884,1.0
32,3,5,0.0,-25.978193612064516,200,0.0,0,0.0,15.850000000000033,1176.107000000001,56.230999999999995,20.915633725169414,1.0
32,4,5,0.0,-23.04405231407146,200,0.0,0,0.0,10.000000000000007,1020.9210000000013,64.15100000000001,15.914342722638791,1.0
33,0,5,1.0,9.913343835981184,8,0.5551613697955161,0,0.0,0.65,40.589999999999996,22.534,1.8012780686961924,1.0
33,1,5,1.0,10.084103442903878,7,0.9103511850945772,0,0.0,0.5000000000000001,56.409,51.352000000000004,1.098477177130394,1.0
33,2,5,0.0,-25.374657080692394,200,0.0,0,0.0,15.000000000000004,604.7879999999994,21.142000000000003,28.6059975404408,1.0
33,3,5,0.0,-23.530867592532317,200,0.0,0,0.0,10.100000000000009,1132.258999999999,61.492000000000004,18.413110648539632,1.0
33,4,5,0.0,-25.412618356568473,200,0.0,0,0.0,15.000000000000002,734.6000000000003,42.034,17.47632868630157,1.0
34,0,5,1.0,10.345948171143203,5,0.7423475777766646,0,0.0,0.35,39.922,29.636000000000003,1.3470778782561748,1.0
34,1,5,1.0,10.875,1,1.0,0,0.0,0.05,3.187,3.187,1.0,1.0
34,2,5,0.0,-25.290057895434625,200,0.0,0,0.0,20.00000000000003,949.7129999999986,22.627,41.97255491227289,1.0
34,3,5,0.0,-22.99871041153042,200,0.0,0,0.0,10.000000000000007,1122.6240000000034,52.73,21.290043618433597,1.0
34,4,5,1.0,10.29207147204003,5,0.9180297340078835,0,0.0,0.45,32.219,29.578,1.089289336669146,1.0
35,0,5,0.0,-23.473958855404867,200,0.0,0,0.0,10.050000000000008,680.0880000000034,46.689,14.566343250016136,1.0
35,1,5,1.0,10.875,1,1.0,0,0.0,0.05,2.513,2.513,1.0,1.0
35,2,5,1.0,10.59203007518797,3,0.7274384685505927,0,0.0,0.25,13.163999999999998,9.576,1.3746867167919796,1.0
35,3,5,0.0,-27.979552982930525,200,0.0,0,0.0,20.050000000000026,853.8299999999994,47.336000000000006,18.037645766435677,1.0
35,4,5,0.0,-25.67520558320717,200,0.0,0,0.0,15.000000000000002,2002.8659999999957,36.968,54.1783704825794,1.0
36,0,5,1.0,10.587002399680042,3,1.0,0,0.0,0.25,15.002,15.002,1.0,1.0
36,1,5,1.0,10.612626177251872,3,0.604040551382102,0,0.0,0.2,13.711,8.282,1.6555179908234727,1.0
36,2,5,0.0,-23.109726923282267,200,0.0,0,0.0,10.050000000000008,852.5629999999974,37.462,22.75807484918043,1.0
36,3,5,0.0,-25.162731707317,200,0.0,0,0.0,15.000000000000002,1345.4000000000017,20.705000000000002,64.97947355711189,1.0
36,4,5,1.0,9.879895250515334,8,0.8402912792958394,0,0.0,0.7000000000000001,28.289,23.771,1.190063522779858,1.0
37,0,5,0.0,-25.482118840934167,200,0.0,0,0.0,15.000000000000002,1041.0929999999976,65.432,15.911067978970497,1.0
37,1,5,0.0,-30.429811990667154,200,0.0,0,0.0,24.900000000000002,449.3289999999986,29.573,15.193893078145559,1.0
37,2,5,0.0,-27.900870608335353,200,0.0,0,0.0,20.000000000000014,1686.0630000000012,55.019,30.645104418473643,1.0
37,3,5,1.0,10.294957331994729,5,0.5690972718183117,0,0.0,0.45,28.003999999999998,15.937,1.7571688523561524,1.0
37,4,5,1.0,10.466001706588651,4,0.7783206831119543,0,0.0,0.3,21.080000000000002,16.407,1.284817455963918,1.0
38,0,5,0.0,-23.063643721499446,200,0.0,0,0.0,10.000000000000007,894.1469999999968,50.657,17.6510057839982,1.0
38,1,5,0.0,-23.185778681065347,200,0.0,0,0.0,10.100000000000009,811.7150000000013,49.449,16.415195453902026,1.0
38,2,5,0.0,-25.408618838457745,200,0.0,0,0.0,15.000000000000002,936.200000000003,51.225,18.276232308443202,1.0
38,3,5,0.0,-28.04015942121783,200,0.0,0,0.0,20.000000000000014,1523.7999999999972,62.476,24.39016582367625,1.0
38,4,5,0.0,-25.582027060860863,200,0.0,0,0.0,15.050000000000002,361.6549999999994,47.929,7.545640426464132,1.0
39,0,5,0.0,-25.40982443002161,200,0.0,0,0.0,14.950000000000003,585.9589999999998,18.027,32.50452099628334,1.0
39,1,5,1.0,10.440481540223809,4,0.7991128010139418,0,0.0,0.35,14.201999999999998,11.349,1.2513877874702615,1.0
39,2,5,0.0,-25.673183760242726,200,0.0,0,0.0,15.000000000000004,1444.8430000000064,48.449000000000005,29.8219364692771,1.0
39,3,5,0.0,-25.440444245676815,200,0.0,0,0.0,15.000000000000004,1107.3809999999978,13.416,82.54181574239698,1.0
39,4,5,0.0,-27.907036060652658,200,0.0,0,0.0,20.00000000000003,705.2429999999974,51.96799999999999,13.57071659482754,1.0
40,0,5,0.0,-24.939507207722066,200,0.0,0,0.0,13.400000000000013,591.546999999999,62.98800000000001,9.391423763256476,1.0
40,1,5,0.0,-23.11672590350846,200,0.0,0,0.0,10.000000000000007,823.5169999999977,28.417,28.979730443044573,1.0
40,2,5,1.0,9.497938628069218,11,0.7371975548153299,0,0.0,0.9000000000000002,54.638000000000005,40.278999999999996,1.3564884927629786,1.0
40,3,5,0.0,-22.959772625947377,200,0.0,0,0.0,10.000000000000007,974.0000000000008,58.318,16.701532974381852,1.0
40,4,5,0.0,-25.949511081847216,200,0.0,0,0.0,14.850000000000003,358.1090000000001,44.803,7.992969220811109,1.0
41,0,5,0.0,-25.5778499951737,200,0.0,0,0.0,15.000000000000002,936.358000000003,62.15800000000001,15.064159078477475,1.0
41,1,5,0.0,-25.726422632728934,200,0.0,0,0.0,15.000000000000004,743.3139999999984,35.241,21.092307255753195,1.0
41,2,5,0.0,-22.8981746031746,200,0.0,0,0.0,10.000000000000007,983.2000000000048,37.800000000000004,26.010582010582134,1.0
41,3,5,0.0,-24.932906466821773,200,0.0,0,0.0,13.500000000000014,640.4400000000002,48.571000000000005,13.185645755697847,1.0
41,4,5,1.0,9.932755079382703,8,0.5456555651475911,0,0.0,0.65,66.027,36.028,1.8326579327189965,1.0
42,0,5,1.0,9.683774073261679,10,0.7335950825475493,0,0.0,0.7000000000000001,62.14599999999999,45.58999999999999,1.3631498135556044,1.0
42,1,5,1.0,9.647986653750941,10,0.8689186914314574,0,0.0,0.8,53.463,46.455000000000005,1.1508556667742975,1.0
42,2,5,0.0,-28.252576581704663,200,0.0,0,0.0,19.950000000000017,802.479000000003,47.43300000000001,16.918158244260386,1.0
42,3,5,0.0,-25.68672527268069,200,0.0,0,0.0,15.000000000000004,1117.055999999999,42.998999999999995,25.97865066629454,1.0
42,4,5,1.0,10.607199660152931,3,0.5510299625468165,0,0.0,0.2,10.68,5.885,1.814783347493628,1.0
43,0,5,1.0,9.409929709465793,12,0.7304362708045126,0,0.0,0.8999999999999999,70.117,51.21600000000001,1.3690448297407058,1.0
43,1,5,0.0,-28.01106784987251,200,0.0,0,0.0,20.000000000000014,798.7800000000029,50.59700000000001,15.787102002095041,1.0
43,2,5,0.0,-25.767304020054258,200,0.0,0,0.0,15.050000000000002,846.6479999999966,54.25299999999999,15.605551766722517,1.0
43,3,5,1.0,10.459675250187889,4,0.7801573831198891,0,0.0,0.3,32.404999999999994,25.281000000000002,1.281792650607175,1.0
43,4,5,1.0,9.778000409332789,9,0.625536109795286,0,0.0,0.7000000000000001,78.10900000000001,48.86,1.5986287351616866,1.0
44,0,5,0.0,-23.081589968704645,200,0.0,0,0.0,10.100000000000009,733.591000000002,47.611000000000004,15.408014954527356,1.0
44,1,5,1.0,10.204708707990015,6,0.8193456216034513,0,0.0,0.45,35.698,29.249000000000002,1.2204861704673664,1.0
44,2,5,0.0,-27.791133788280874,200,0.0,0,0.0,19.850000000000016,643.7230000000023,47.478,13.558342811407437,1.0
44,3,5,1.0,10.490607860331632,4,0.7742254042710778,0,0.0,0.25,32.403999999999996,25.088,1.2916135204081631,1.0
44,4,5,1.0,9.463586975297979,11,0.7603765323992994,0,0.0,1.0,45.68000000000001,34.734,1.3151379052225487,1.0
45,0,5,0.0,-28.00990193666306,200,0.0,0,0.0,20.10000000000003,968.1610000000024,56.902,17.01453375979759,1.0
45,1,5,0.0,-23.478604408836247,200,0.0,0,0.0,10.20000000000001,540.5639999999979,43.186,12.517112027045753,1.0
45,2,5,0.0,-23.11952838379035,200,0.0,0,0.0,10.000000000000007,996.5999999999951,35.706999999999994,27.910493740722977,1.0
45,3,5,0.0,-23.069893310891526,200,0.0,0,0.0,10.000000000000007,682.1009999999987,36.836,18.517238570963155,1.0
45,4,5,0.0,-23.414002775540997,200,0.0,0,0.0,10.000000000000007,960.2330000000027,58.367000000000004,16.45164219507603,1.0
46,0,5,0.0,-22.944071588366906,200,0.0,0,0.0,10.000000000000007,621.1999999999991,16.092000000000002,38.60303256276405,1.0
46,1,5,0.0,-24.848368491869763,200,0.0,0,0.0,13.300000000000013,654.311,43.849000000000004,14.921913840680517,1.0
46,2,5,1.0,9.514983288954182,11,0.7783844823396561,0,0.0,0.8500000000000001,69.959,54.455,1.2847121476448444,1.0
46,3,5,1.0,9.831943532857801,8,0.8343931747720019,0,0.0,0.7999999999999999,44.189,36.870999999999995,1.1984757668628463,1.0
46,4,5,0.0,-31.006487713398837,200,0.0,0,0.0,24.95,1494.0370000000037,77.32,19.32277547853083,1.0
47,0,5,0.0,-33.322713414634045,200,0.0,0,0.0,29.649999999999896,916.9230000000038,35.424,25.884231029810405,1.0
47,1,5,1.0,10.730049449784092,2,1.0,0,0.0,0.15000000000000002,14.358,14.358,1.0,1.0
47,2,5,0.0,-23.38291527783631,200,0.0,0,0.0,10.050000000000008,864.4069999999962,47.402,18.235665161807436,1.0
47,3,5,0.0,-27.960283566791936,200,0.0,0,0.0,20.000000000000014,1820.1400000000092,46.832,38.86530577383006,1.0
47,4,5,1.0,9.651587650891999,10,0.7353149105305327,0,0.0,0.8,63.653000000000006,46.805,1.3599615425702383,1.0
48,0,5,0.0,-30.259896180114648,200,0.0,0,0.0,25.05,1413.1130000000005,29.137000000000004,48.498918900367244,1.0
48,1,5,1.0,10.633507795100222,3,0.9047858942065493,0,0.0,0.15000000000000002,9.924999999999999,8.98,1.1052338530066814,1.0
48,2,5,0.0,-25.514845858846993,200,0.0,0,0.0,15.000000000000002,1058.042999999997,47.196999999999996,22.417590101065684,1.0
48,3,5,1.0,9.795786953394959,9,0.6436320941102092,0,0.0,0.7000000000000001,88.577,57.010999999999996,1.553682622651769,1.0
48,4,5,0.0,-22.91248845416,200,0.0,0,0.0,10.000000000000007,739.0000000000023,42.223,17.502309167989065,1.0
49,0,5,1.0,10.345239282783004,5,0.6939624956186471,0,0.0,0.35,22.823999999999998,15.839,1.4410000631352988,1.0
49,1,5,1.0,9.698992833474609,9,0.9192788580738852,0,0.0,0.9000000000000001,56.466,51.908,1.087809200893889,1.0
49,2,5,1.0,10.339602432179607,5,0.747225862822193,0,0.0,0.35,57.225,42.76,1.338283442469598,1.0
49,3,5,0.0,-23.545488294040506,200,0.0,0,0.0,10.500000000000014,1469.0920000000046,48.864,30.064914865749934,1.0
49,4,5,1.0,10.082529835827224,7,0.9487872169214854,0,0.0,0.5,34.796,33.014,1.0539771006239775,1.0
50,0,5,0.0,-23.06804350501506,200,0.0,0,0.0,10.000000000000007,1155.7739999999997,65.004,17.78004430496584,1.0
50,1,5,0.0,-25.891825537294643,200,0.0,0,0.0,15.000000000000004,468.2879999999986,63.279999999999994,7.400252844500611,1.0
50,2,5,0.0,-25.990096545274508,200,0.0,0,0.0,15.000000000000002,1044.6999999999975,36.356,28.735284409725974,1.0
50,3,5,0.0,-25.440840597758484,200,0.0,0,0.0,15.000000000000002,738.1539999999969,32.120000000000005,22.981133250311235,1.0
50,4,5,1.0,10.875,1,1.0,0,0.0,0.05,2.973,2.973,1.0,1.0
51,0,5,0.0,-23.852488023063533,200,0.0,0,0.0,10.150000000000011,860.3919999999999,47.174,18.23869080425658,1.0
51,1,5,0.0,-22.955460761558204,200,0.0,0,0.0,10.000000000000007,797.0010000000008,31.882,24.998463082617175,1.0
51,2,5,0.0,-22.708986731001133,200,0.0,0,0.0,10.000000000000007,965.0000000000034,16.580000000000002,58.20265379975894,1.0
51,3,5,1.0,10.341606192174497,5,0.7936579562702547,0,0.0,0.35,24.377,19.346999999999998,1.2599886287279682,1.0
51,4,5,1.0,10.59142120412569,3,0.6391231028667791,0,0.0,0.25,13.046000000000001,8.338000000000001,1.5646437994722955,1.0
52,0,5,0.0,-23.464471607612555,200,0.0,0,0.0,10.350000000000012,781.9370000000006,51.704,15.123336685749663,1.0
52,1,5,1.0,10.357003049830292,5,0.5225964010282776,0,0.0,0.35,38.9,20.329,1.9135225539869152,1.0
52,2,5,0.0,-25.305565623846697,200,0.0,0,0.0,15.000000000000004,938.084000000003,48.778000000000006,19.23170281684372,1.0
52,3,5,0.0,-25.338862329570638,200,0.0,0,0.0,15.000000000000002,1694.2000000000005,52.001,32.58014268956367,1.0
52,4,5,1.0,10.5136164471277,4,1.0,0,0.0,0.2,21.863999999999997,21.863999999999997,1.0,1.0
53,0,5,0.0,-25.519055240555993,200,0.0,0,0.0,13.400000000000013,536.5589999999996,41.799,12.836646809732281,1.0
53,1,5,0.0,-25.556602549547602,200,0.0,0,0.0,15.000000000000004,394.9689999999998,30.829,12.811605955431569,1.0
53,2,5,0.0,-26.02563088623554,200,0.0,0,0.0,15.050000000000002,634.8389999999999,25.377000000000002,25.016313985104617,1.0
53,3,5,1.0,10.31733112519507,5,0.9105118167319124,0,0.0,0.39999999999999997,34.485,31.398999999999997,1.0982833848211728,1.0
53,4,5,0.0,-23.19305289008142,200,0.0,0,0.0,10.050000000000008,578.0229999999991,43.977999999999994,13.143458092682687,1.0
54,0,5,1.0,10.198872365700206,6,1.0,0,0.0,0.45,45.458,45.458,1.0,1.0
54,1,5,0.0,-25.668392137096724,200,0.0,0,0.0,15.000000000000002,405.4849999999989,29.759999999999998,13.62516801075265,1.0
54,2,5,0.0,-25.63362320139859,200,0.0,0,0.0,15.000000000000004,1054.894999999995,22.309,47.285624635796985,1.0
54,3,5,1.0,10.00762394092665,7,0.9928382243881767,0,0.0,0.65,47.195,46.857,1.0072134366263312,1.0
54,4,5,1.0,9.878621329490182,9,0.5913497390007458,0,0.0,0.55,46.934999999999995,27.755000000000003,1.6910466582597727,1.0
55,0,5,0.0,-13.360829479513386,16,0.0,10,1.0,0.7000000000000001,29.487000000000002,33.949,0.8685675572181804,1.0
55,1,5,0.0,-29.88452116833823,200,0.0,0,0.0,24.8,1480.0300000000036,54.539,27.137094556189215,1.0
55,2,5,0.0,-13.232684038907927,16,0.0,10,1.0,0.35000000000000003,28.978,36.188,0.8007626837625732,1.0
55,3,5,0.0,-25.50055582326902,200,0.0,0,0.0,15.000000000000002,729.1319999999982,66.40599999999999,10.979911453784272,1.0
55,4,5,0.0,-26.577638582236634,200,0.0,0,0.0,19.95000000000003,1105.2159999999983,33.969,32.53601813418111,1.0
56,0,5,0.0,-27.987406070274215,200,0.0,0,0.0,20.000000000000014,1818.637000000009,47.642,38.17297762478504,1.0
56,1,5,1.0,10.3531323238973,5,0.6257724314080909,0,0.0,0.35000000000000003,24.274,15.19,1.5980250164581964,1.0
56,2,5,1.0,10.322629090909091,5,0.8708679447516503,0,0.0,0.39999999999999997,41.051,35.75,1.1482797202797204,1.0
56,3,5,1.0,10.274002221557653,5,0.9319557254339863,0,0.0,0.5,25.116,23.407,1.073012346733883,1.0
56,4,5,1.0,10.515309696710808,4,0.8811517831937518,0,0.0,0.2,21.254,18.728,1.134878257155062,1.0
57,0,5,0.0,-25.85661872326951,200,0.0,0,0.0,15.000000000000002,740.7720000000012,63.129999999999995,11.734072548709033,1.0
57,1,5,0.0,-25.673837279173167,200,0.0,0,0.0,15.000000000000004,1636.0009999999966,33.284,49.15277610864069,1.0
57,2,5,1.0,9.585297077144226,10,0.7236853511798466,0,0.0,0.9500000000000002,57.67699999999999,41.74,1.3818160038332532,1.0
57,3,5,1.0,10.755113177750484,2,1.0,0,0.0,0.1,11.398,11.398,1.0,1.0
57,4,5,0.0,-23.14518538276874,200,0.0,0,0.0,10.000000000000007,1098.9999999999993,37.49,29.31448386236328,1.0
58,0,5,0.0,-12.993616232361724,11,0.0,10,1.0,0.1,1.518,29.127,0.052116592851993,1.0
58,1,5,1.0,10.253458479889892,5,0.5449393724738532,0,0.0,0.55,23.999,13.078000000000001,1.8350665239333228,1.0
58,2,5,1.0,9.6317625,10,0.7217833329665735,0,0.0,0.8500000000000001,45.443,32.8,1.3854573170731708,1.0
58,3,5,0.0,-12.872169305501455,11,0.0,10,1.0,0.05,9.168,43.643,0.2100680521504021,1.0
58,4,5,1.0,10.202280523824776,6,0.7832376386643626,0,0.0,0.45,35.878,28.101,1.2767517170207467,1.0
59,0,5,1.0,10.610785095320624,3,0.8868736550876113,0,0.0,0.2,13.012,11.54,1.1275563258232237,1.0
59,1,5,1.0,10.37042193761295,5,0.8892848408622437,0,0.0,0.3,28.623,25.454,1.1244990964092088,1.0
59,2,5,1.0,10.634166393532176,3,1.0,0,0.0,0.15000000000000002,18.306,18.306,1.0,1.0
59,3,5,1.0,10.006619835671653,8,0.9739360196281966,0,0.0,0.44999999999999996,52.98500000000001,51.604000000000006,1.0267614913572591,1.0
59,4,5,0.0,-23.059571273235605,200,0.0,0,0.0,10.000000000000007,1455.0009999999947,38.626,37.66895355460039,1.0
60,0,5,0.0,-22.436170746540984,200,0.0,0,0.0,10.050000000000008,3127.6960000000004,39.462,79.25842582737825,1.0
60,1,5,1.0,10.107191684575962,7,0.7888628064684403,0,0.0,0.45,30.672,24.196,1.2676475450487683,1.0
60,2,5,1.0,10.637932786592977,3,0.7027060886995741,0,0.0,0.15000000000000002,7.982,5.609,1.4230700659654127,1.0
60,3,5,0.0,-25.50577820350403,200,0.0,0,0.0,15.000000000000004,934.655000000003,32.363,28.880357198034886,1.0
60,4,5,0.0,-28.08574722582508,200,0.0,0,0.0,20.000000000000014,1825.3410000000092,62.451,29.22837104289778,1.0
61,0,5,0.0,-25.731359755394028,200,0.0,0,0.0,15.000000000000004,392.0220000000012,34.66799999999999,11.307892004153723,1.0
61,1,5,0.0,-22.94324666173414,200,0.0,0,0.0,10.000000000000007,718.6729999999995,56.766,12.660271993799098,1.0
61,2,5,0.0,-25.412729033820234,200,0.0,0,0.0,15.000000000000002,1605.0739999999994,61.945,25.911276132052617,1.0
61,3,5,0.0,-12.786315744130949,13,0.0,10,1.0,0.2,17.637,23.215,0.759724316174887,1.0
61,4,5,0.0,-12.938338419380958,13,0.0,10,1.0,0.25,13.751000000000001,32.114,0.42819331132839267,1.0
62,0,5,1.0,10.173331297976274,6,0.9823479005998283,0,0.0,0.5000000000000001,35.010000000000005,34.391999999999996,1.017969295184927,1.0
62,1,5,1.0,10.756171408080325,2,0.9887720127644486,0,0.0,0.1,8.461,8.366,1.0113554864929477,1.0
62,2,5,1.0,10.319150061969681,5,0.8312398462574793,0,0.0,0.4,25.237,20.978,1.2030222137477355,1.0
62,3,5,1.0,9.93760335089966,8,0.6925436938377875,0,0.0,0.6000000000000001,68.77400000000002,47.629000000000005,1.443952213987277,1.0
62,4,5,1.0,10.46640817783216,4,0.8874310017193016,0,0.0,0.3,22.102,19.614000000000004,1.126848169674722,1.0
63,0,5,1.0,10.41255646200086,4,0.6601473922902494,0,0.0,0.4,17.64,11.645,1.514813224559897,1.0
63,1,5,1.0,10.560581560283689,3,0.42301692067682706,0,0.0,0.30000000000000004,8.333,3.525,2.3639716312056738,1.0
63,2,5,0.0,-23.524473704210376,200,0.0,0,0.0,10.100000000000009,853.1330000000027,52.632,16.209397324821452,1.0
63,3,5,0.0,-25.28910210216396,200,0.0,0,0.0,15.000000000000004,1006.5320000000028,48.56900000000001,20.723753834750614,1.0
63,4,5,1.0,10.387188845218043,4,0.9643969134966833,0,0.0,0.45,22.161,21.372,1.036917462099944,1.0
64,0,5,0.0,-24.299201579541144,200,0.0,0,0.0,12.450000000000015,1106.5139999999983,13.295,83.22783001128231,1.0
64,1,5,0.0,-13.09077816492451,11,0.0,10,1.0,0.1,2.212,38.745,0.05709123757904246,1.0
64,2,5,0.0,-23.231767414982684,200,0.0,0,0.0,10.10000000000001,3100.3410000000003,57.106,54.29098518544462,1.0
64,3,5,0.0,-22.9047619047619,200,0.0,0,0.0,10.000000000000007,806.6770000000017,43.154999999999994,18.6925501100684,1.0
64,4,5,0.0,-12.986207604320274,11,0.0,10,1.0,0.05,4.874,50.181999999999995,0.09712645968674027,1.0
65,0,5,1.0,10.226911205000174,6,0.9611047721323579,0,0.0,0.4,29.798000000000002,28.639000000000003,1.0404692901288453,1.0
65,1,5,1.0,10.219726383851128,6,0.9283587916646332,0,0.0,0.39999999999999997,40.982,38.046,1.0771697418913946,1.0
65,2,5,0.0,-22.784667669584213,200,0.0,0,0.0,10.000000000000007,687.5999999999982,21.936,31.34573304157541,1.0
65,3,5,0.0,-23.068941122947997,200,0.0,0,0.0,10.000000000000007,775.0670000000009,26.377000000000002,29.38419835462717,1.0
65,4,5,0.0,-23.14198688414948,200,0.0,0,0.0,10.150000000000011,1041.6410000000058,53.827999999999996,19.351285576280112,1.0
66,0,5,1.0,10.124898085047333,6,0.911746513720198,0,0.0,0.6000000000000001,35.568,32.429,1.0967960775848775,1.0
66,1,5,0.0,-23.327674189172466,200,0.0,0,0.0,10.050000000000008,986.7539999999975,48.653999999999996,20.281045751633936,1.0
66,2,5,1.0,9.975822798634812,8,0.7232853447084148,0,0.0,0.5000000000000001,50.637,36.625,1.382580204778157,1.0
66,3,5,0.0,-22.840738562860228,200,0.0,0,0.0,10.000000000000007,690.9329999999982,42.515,16.251511231330074,1.0
66,4,5,0.0,-26.207394122459267,200,0.0,0,0.0,16.700000000000053,703.9269999999984,15.890999999999998,44.29721225851101,1.0
67,0,5,0.0,-24.948961745402954,200,0.0,0,0.0,13.400000000000013,847.4560000000002,67.652,12.526695441376459,1.0
67,1,5,1.0,10.247183111341005,6,0.8057222638993081,0,0.0,0.35,47.988,38.665,1.2411224621750938,1.0
67,2,5,1.0,8.560844200411806,18,0.6340219270147107,0,0.0,1.5000000000000002,82.729,52.452000000000005,1.5772325173491952,1.0
67,3,5,0.0,-22.947257765023668,200,0.0,0,0.0,10.000000000000007,692.8289999999976,59.24,11.695290344361876,1.0
67,4,5,1.0,9.583822585672637,10,0.8372582130795211,0,0.0,0.9000000000000001,65.14,54.539,1.1943746676690075,1.0
68,0,5,0.0,-25.93788407220917,200,0.0,0,0.0,15.000000000000004,823.4980000000012,24.429000000000002,33.7098530435139,1.0
68,1,5,1.0,10.265907075380758,5,0.6688300524370326,0,0.0,0.5,46.532,31.122,1.495148126727074,1.0
68,2,5,1.0,10.184657786885246,6,0.548591984711371,0,0.0,0.5,71.16399999999999,39.04,1.8228483606557375,1.0
68,3,5,0.0,-25.56955759964967,200,0.0,0,0.0,15.000000000000002,1600.1529999999993,34.245,46.7266170243831,1.0
68,4,5,1.0,10.17002738563604,5,0.8743718592964825,0,0.0,0.7,29.651,25.926000000000002,1.14367816091954,1.0
69,0,5,1.0,9.914062009647235,8,0.49748467676650865,0,0.0,0.6500000000000002,69.176,34.414,2.010112163654327,1.0
69,1,5,0.0,-25.950193072453857,200,0.0,0,0.0,15.000000000000004,734.5450000000019,67.643,10.85914285291903,1.0
69,2,5,0.0,-28.090228504069085,200,0.0,0,0.0,20.000000000000014,1467.255000000006,44.11299999999999,33.26128352186444,1.0
69,3,5,1.0,10.226133090943884,6,0.9030153792984273,0,0.0,0.4,46.29600000000001,41.806,1.107400851552409,1.0
69,4,5,0.0,-14.081505946431417,23,0.0,10,1.0,0.9000000000000002,77.332,69.033,1.120217866817319,1.0
70,0,5,0.0,-26.13909853325589,200,0.0,0,0.0,15.100000000000003,943.7180000000017,27.544,34.262198663955914,1.0
70,1,5,1.0,9.737791510288599,9,0.7349598135730251,0,0.0,0.8000000000000002,42.054,30.907999999999998,1.3606186100685909,1.0
70,2,5,1.0,9.808230402196664,9,0.7403439197520577,0,0.0,0.6500000000000001,60.013999999999996,44.43099999999999,1.3507235938871511,1.0
70,3,5,1.0,9.751013999114411,9,0.6599604369914132,0,0.0,0.8,44.486,29.359,1.5152423447665109,1.0
70,4,5,1.0,10.369567588325651,5,1.0,0,0.0,0.3,26.039999999999996,26.039999999999996,1.0,1.0
71,0,5,0.0,-12.9733831868961,12,0.0,10,1.0,0.15000000000000002,13.155000000000001,41.087,0.32017426436585783,1.0
71,1,5,1.0,10.32638064766337,5,0.46778692428056323,0,0.0,0.39999999999999997,44.097,20.627999999999997,2.1377254217568358,1.0
71,2,5,0.0,-12.983986015490533,12,0.0,10,1.0,0.15000000000000002,11.304,46.48,0.24320137693631672,1.0
71,3,5,1.0,9.379322494197593,12,0.6288254942674009,0,0.0,0.9500000000000002,66.46199999999999,41.79299999999999,1.5902663125403775,1.0
71,4,5,1.0,1.5464056214543582,13,1.0,8,0.0,0.35000000000000003,38.779999999999994,38.779999999999994,1.0,1.0
72,0,5,0.0,-25.946549679353716,200,0.0,0,0.0,15.000000000000002,897.2849999999987,60.035,14.946031481635693,1.0
72,1,5,1.0,10.632466348241424,3,0.8561020036429872,0,0.0,0.15000000000000002,26.901,23.029999999999998,1.168085106382979,1.0
72,2,5,1.0,9.996403253152485,7,1.0,0,0.0,0.6500000000000001,37.748000000000005,37.748000000000005,1.0,1.0
72,3,5,0.0,-25.56966466501823,200,0.0,0,0.0,15.000000000000004,1342.1910000000016,42.465,31.606993995054786,1.0
72,4,5,0.0,-22.993562999165654,200,0.0,0,0.0,10.000000000000007,742.0629999999999,50.334,14.742778241347793,1.0
73,0,5,1.0,9.993219573733484,8,0.8223763241236214,0,0.0,0.49999999999999994,54.94199999999999,45.183,1.2159883141889647,1.0
73,1,5,0.0,-25.647120055517007,200,0.0,0,0.0,15.000000000000004,661.3639999999991,31.702,20.861901457321277,1.0
73,2,5,0.0,-23.046626802280038,200,0.0,0,0.0,10.000000000000007,764.2000000000033,35.788000000000004,21.35352632167216,1.0
73,3,5,1.0,10.294490825011069,5,0.7352866702839572,0,0.0,0.45,27.645,20.326999999999998,1.3600137747823093,1.0
73,4,5,1.0,10.730303114263549,2,0.8934547975047034,0,0.0,0.15000000000000002,10.099,9.023,1.119250803502161,1.0
74,0,5,1.0,9.499739239100249,11,0.6321203503782892,0,0.0,0.9,56.96700000000001,36.010000000000005,1.581977228547626,1.0
74,1,5,1.0,10.25921698155747,6,0.9226192952531515,0,0.0,0.35,24.037000000000003,22.177000000000003,1.0838706768273436,1.0
74,2,5,0.0,-25.680734500605755,200,0.0,0,0.0,15.000000000000004,1313.0000000000066,36.324,36.14690012113222,1.0
74,3,5,1.0,10.730088416723783,2,1.0,0,0.0,0.15000000000000002,7.295,7.295,1.0,1.0
74,4,5,1.0,9.292208937485144,12,0.7036215239836765,0,0.0,1.1500000000000001,89.68599999999999,63.105000000000004,1.4212186039141113,1.0
75,0,5,1.0,10.067201119101714,7,0.8282839279604343,0,0.0,0.5,64.29799999999999,53.25699999999999,1.2073154702668194,1.0
75,1,5,0.0,-23.603868363789502,200,0.0,0,0.0,10.100000000000009,584.1690000000023,42.739,13.668288916446391,1.0
75,2,5,0.0,-24.60075125250501,200,0.0,0,0.0,13.300000000000013,652.2179999999987,39.92000000000001,16.338126252504974,1.0
75,3,5,0.0,-25.631115194217564,200,0.0,0,0.0,14.950000000000003,1061.4519999999977,65.854,16.118261609013846,1.0
75,4,5,0.0,-25.023711024769298,200,0.0,0,0.0,13.350000000000012,554.0500000000005,10.295,53.817387081107384,1.0
76,0,5,0.0,-24.947606898759243,200,0.0,0,0.0,13.400000000000013,920.5659999999972,53.111,17.332868897215214,1.0
76,1,5,1.0,9.823157368304068,9,0.6825457027990595,0,0.0,0.65,52.732,35.992000000000004,1.4651033563014002,1.0
76,2,5,0.0,-25.384765806009202,200,0.0,0,0.0,15.000000000000002,1354.1999999999953,53.951,25.100554206594786,1.0
76,3,5,1.0,8.975694266028261,15,0.554383011782986,0,0.0,1.2000000000000002,92.67599999999999,51.378,1.8038070769590095,1.0
76,4,5,1.0,9.731516824096202,9,0.91118369886452,0,0.0,0.8,57.861000000000004,52.721999999999994,1.0974735404574942,1.0
77,0,5,0.0,-30.63409835170822,200,0.0,0,0.0,25.0,1370.7360000000056,54.965999999999994,24.937888876760283,1.0
77,1,5,0.0,-25.55922081037459,200,0.0,0,0.0,15.050000000000002,725.0319999999982,68.78299999999999,10.54086038701421,1.0
77,2,5,1.0,9.798656762000574,9,0.6857114699976595,0,0.0,0.7,81.17699999999999,55.664,1.4583393216441505,1.0
77,3,5,1.0,9.83004715462551,8,0.9703769042762374,0,0.0,0.8,54.416999999999994,52.805,1.030527412176877,1.0
77,4,5,1.0,10.465494574225225,4,0.9747005212302252,0,0.0,0.3,32.807,31.977,1.0259561559871158,1.0
78,0,5,1.0,10.345196206938926,5,0.636335201355402,0,0.0,0.35,38.364999999999995,24.412999999999997,1.5714987916274117,1.0
78,1,5,0.0,-23.039545659308885,200,0.0,0,0.0,10.000000000000007,1663.999999999998,31.078,53.54269901538059,1.0
78,2,5,0.0,-25.567425636307775,200,0.0,0,0.0,15.000000000000004,1342.1910000000016,52.176,25.724298528058906,1.0
78,3,5,0.0,-25.579243051448874,200,0.0,0,0.0,15.000000000000004,809.9539999999973,49.039,16.516527661656994,1.0
78,4,5,1.0,10.465208847427025,4,1.0,0,0.0,0.3,33.23,33.23,1.0,1.0
79,0,5,0.0,-26.88404700951232,200,0.0,0,0.0,19.950000000000028,955.1029999999986,39.843,23.97166378033779,1.0
79,1,5,1.0,10.12628193750292,6,0.789562972524433,0,0.0,0.6,27.115,21.409,1.2665234247279182,1.0
79,2,5,1.0,10.41573686787438,4,1.0,0,0.0,0.4,14.297,14.297,1.0,1.0
79,3,5,1.0,10.12576134649664,6,1.0,0,0.0,0.6,29.172000000000004,29.172000000000004,1.0,1.0
79,4,5,1.0,10.220587701275742,6,0.6205414059951968,0,0.0,0.4,33.727,20.929000000000002,1.6114960103206075,1.0
80,0,5,0.0,-12.98635354197901,11,0.0,10,1.0,0.05,2.573,42.687999999999995,0.06027455022488756,1.0
80,1,5,0.0,-26.75334729509284,200,0.0,0,0.0,16.549999999999994,1285.789,45.36200000000001,28.345068559587315,1.0
80,2,5,0.0,-25.62996814849798,200,0.0,0,0.0,15.000000000000004,597.2610000000004,65.617,9.102229605132822,1.0
80,3,5,0.0,-12.77715900574569,11,0.0,10,1.0,0.05,4.279,16.012,0.2672370721958531,1.0
80,4,5,1.0,10.344296599926428,5,0.9507131972721141,0,0.0,0.35,40.031,38.058,1.0518419254821587,1.0
81,0,5,1.0,10.70616037240033,2,1.0,0,0.0,0.2,13.318999999999999,13.318999999999999,1.0,1.0
81,1,5,1.0,10.467724068479356,4,0.720119657344876,0,0.0,0.30000000000000004,22.063,15.888,1.3886581067472306,1.0
81,2,5,0.0,-25.41238966042718,200,0.0,0,0.0,15.000000000000004,609.4000000000027,34.778999999999996,17.522067914546213,1.0
81,3,5,0.0,-27.9552639298945,200,0.0,0,0.0,20.000000000000014,1217.9740000000054,53.17699999999999,22.90415029053925,1.0
81,4,5,0.0,-24.092033645972844,200,0.0,0,0.0,12.500000000000014,991.7470000000001,20.151,49.21577092948241,1.0
82,0,5,1.0,10.460885260178532,4,1.0,0,0.0,0.3,22.965,22.965,1.0,1.0
82,1,5,0.0,-22.93423755424241,200,0.0,0,0.0,10.000000000000007,782.4000000000012,45.85900000000001,17.060991299417804,1.0
82,2,5,1.0,10.320875066901138,5,0.9316854252742556,0,0.0,0.4,28.076000000000004,26.158000000000005,1.0733236485969875,1.0
82,3,5,1.0,10.413596441054974,4,1.0,0,0.0,0.39999999999999997,15.735000000000001,15.735000000000001,1.0,1.0
82,4,5,1.0,10.609329451917286,3,0.8760882947849794,0,0.0,0.2,11.370999999999999,9.962,1.1414374623569563,1.0
83,0,5,0.0,-27.628869098105685,200,0.0,0,0.0,19.950000000000017,1516.6379999999972,28.296000000000003,53.5990245971161,1.0
83,1,5,0.0,-25.598998126171132,200,0.0,0,0.0,15.000000000000002,1352.5279999999982,24.015,56.320133250051974,1.0
83,2,5,1.0,9.28009387693978,13,0.7450315886364588,0,0.0,0.9500000000000001,71.703,53.42100000000001,1.3422249677093276,1.0
83,3,5,0.0,-22.80473307411403,200,0.0,0,0.0,10.050000000000008,1478.9719999999961,38.062999999999995,38.855896802669164,1.0
83,4,5,0.0,-23.061158179753665,200,0.0,0,0.0,10.000000000000007,907.7429999999979,57.245000000000005,15.857157830378162,1.0
84,0,5,0.0,-13.250165205283558,16,0.0,10,1.0,0.4,25.323,26.573000000000004,0.952959771196327,1.0
84,1,5,1.0,9.46473187081048,11,0.880013750429701,0,0.0,0.9500000000000001,72.725,63.999,1.1363458804043811,1.0
84,2,5,0.0,-23.548704050260767,200,0.0,0,0.0,10.050000000000008,991.7490000000042,52.36699999999999,18.93843451028328,1.0
84,3,5,1.0,10.44985766504209,4,0.6060992598311543,0,0.0,0.35,59.580999999999996,36.112,1.649894771821001,1.0
84,4,5,0.0,-13.166242038856405,16,0.0,10,1.0,0.44999999999999996,32.094,49.772999999999996,0.6448074257127359,1.0
85,0,5,0.0,-25.58850830275515,200,0.0,0,0.0,15.050000000000002,831.6120000000042,48.237,17.240126873561874,1.0
85,1,5,1.0,9.851195147002183,8,0.7930802753227713,0,0.0,0.75,49.106,38.94500000000001,1.2609064064706637,1.0
85,2,5,0.0,-30.806556238311657,200,0.0,0,0.0,24.900000000000002,449.61399999999855,37.43000000000001,12.012129308041636,1.0
85,3,5,0.0,-22.738887522400674,200,0.0,0,0.0,10.000000000000007,963.8250000000031,28.459,33.86714220457511,1.0
85,4,5,1.0,10.36857810317422,5,0.9777244042573231,0,0.0,0.3,21.234,20.761,1.022783102933385,1.0
86,0,5,0.0,-23.038899507910074,200,0.0,0,0.0,10.000000000000007,806.5630000000017,49.178000000000004,16.400890642157094,1.0
86,1,5,1.0,10.391694582847451,4,0.952155041889573,0,0.0,0.45,19.814,18.866,1.050249125410792,1.0
86,2,5,1.0,10.47065420903851,4,0.8852166000454974,0,0.0,0.30000000000000004,30.771,27.239,1.1296670215499836,1.0
86,3,5,0.0,-23.162124268284025,200,0.0,0,0.0,10.050000000000008,573.1309999999991,56.716,10.105278933634231,1.0
86,4,5,1.0,10.352881467407192,5,0.5835145622787942,0,0.0,0.35,23.451,13.684000000000001,1.713753288512131,1.0
87,0,5,1.0,10.376113611671581,5,0.7637807721183861,0,0.0,0.3,25.307000000000002,19.329,1.3092762170831393,1.0
87,1,5,0.0,-22.966256982213732,200,0.0,0,0.0,10.000000000000007,718.8960000000001,54.424,13.209172423930621,1.0
87,2,5,0.0,-23.71631107135761,200,0.0,0,0.0,10.350000000000012,851.1269999999975,75.46500000000002,11.278433710991814,1.0
87,3,5,1.0,9.814962679039741,8,0.7634963419329995,0,0.0,0.8500000000000001,51.940000000000005,39.656,1.309763970143232,1.0
87,4,5,0.0,-23.112557099471655,200,0.0,0,0.0,10.050000000000008,684.6890000000001,24.037,28.484794275491954,1.0
88,0,5,1.0,9.761332538025648,9,0.8615550644945784,0,0.0,0.7500000000000001,38.918,33.53,1.1606919176856545,1.0
88,1,5,1.0,9.565912372374436,10,0.7509164128246166,0,0.0,0.9500000000000001,77.476,58.178,1.3317061432156485,1.0
88,2,5,1.0,9.756846630192989,9,0.5465718088165223,0,0.0,0.7999999999999999,60.863,33.266,1.8295857632417485,1.0
88,3,5,0.0,-23.07048245966114,200,0.0,0,0.0,10.000000000000007,965.0000000000034,49.827999999999996,19.36662117684843,1.0
88,4,5,0.0,-25.937310351073098,200,0.0,0,0.0,15.000000000000004,670.664999999999,33.127,20.24526821022124,1.0
89,0,5,0.0,-25.74143746731495,200,0.0,0,0.0,15.050000000000002,2041.313999999994,51.629,39.53812779639338,1.0
89,1,5,1.0,9.868203542197772,8,0.7101341565668116,0,0.0,0.75,52.476,37.265,1.4081846236414866,1.0
89,2,5,0.0,-23.021011521877448,200,0.0,0,0.0,10.000000000000007,700.3999999999984,56.587999999999994,12.377182441507006,1.0
89,3,5,0.0,-25.31270593080717,200,0.0,0,0.0,15.000000000000002,1165.2000000000032,29.136000000000003,39.991762767710156,1.0
89,4,5,0.0,-23.337551988977125,200,0.0,0,0.0,10.000000000000007,3163.222000000009,39.191,80.71296981449845,1.0
90,0,5,0.0,-13.280940638986861,13,0.0,10,1.0,0.25,13.131,48.483000000000004,0.27083720066827544,1.0
90,1,5,0.0,-25.528859085475183,200,0.0,0,0.0,15.000000000000004,909.5819999999981,53.535999999999994,16.99010011954569,1.0
90,2,5,1.0,9.462575653106565,12,0.6863377442818335,0,0.0,0.8000000000000002,57.055,39.159000000000006,1.457008605939886,1.0
90,3,5,0.0,-13.313949376997849,13,0.0,10,1.0,0.2,11.740000000000002,45.986999999999995,0.255289538347794,1.0
90,4,5,0.0,-25.72121977684731,200,0.0,0,0.0,15.050000000000002,946.9139999999986,45.619,20.75700914092809,1.0
91,0,5,0.0,-25.619327002380025,200,0.0,0,0.0,15.000000000000002,1222.7549999999942,42.437,28.813417536583508,1.0
91,1,5,1.0,10.296821959327337,5,1.0,0,0.0,0.44999999999999996,20.456,20.456,1.0,1.0
91,2,5,0.0,-26.359851944056498,200,0.0,0,0.0,16.649999999999995,932.3079999999998,49.407,18.869957698301857,1.0
91,3,5,0.0,-26.002256097560974,200,0.0,0,0.0,15.000000000000004,1145.366000000004,28.7,39.908222996515825,1.0
91,4,5,1.0,10.517611640545011,4,1.0,0,0.0,0.2,25.394000000000002,25.394000000000002,1.0,1.0
92,0,5,0.0,-25.62380488668559,200,0.0,0,0.0,15.000000000000004,1122.3709999999967,22.592,49.68001947592054,1.0
92,1,5,0.0,-28.125060026950802,200,0.0,0,0.0,20.050000000000026,889.0329999999965,8.163,108.91008207766708,1.0
92,2,5,1.0,9.857935881132454,8,0.9867582472014002,0,0.0,0.7500000000000001,30.283,29.882,1.0134194498360216,1.0
92,3,5,1.0,9.781058052124383,9,0.9875077667680435,0,0.0,0.7000000000000001,61.158,60.394000000000005,1.0126502632711858,1.0
92,4,5,0.0,-26.853544321458475,200,0.0,0,0.0,16.599999999999994,784.073999999999,21.502,36.465166031066836,1.0
93,0,5,0.0,-23.496169513638833,200,0.0,0,0.0,10.000000000000007,1454.8029999999947,41.389,35.14950832346746,1.0
93,1,5,0.0,-28.029260031595545,200,0.0,0,0.0,19.950000000000017,1696.8109999999965,31.65,53.61172195892564,1.0
93,2,5,1.0,10.105596458108593,7,0.9502413189253833,0,0.0,0.44999999999999996,46.826,44.496,1.0523642574613448,1.0
93,3,5,0.0,-25.668638891918373,200,0.0,0,0.0,15.000000000000002,2000.5629999999958,36.676,54.54692441923862,1.0
93,4,5,0.0,-25.60010191018432,200,0.0,0,0.0,15.000000000000004,1027.6210000000024,59.366,17.30992487282287,1.0
94,0,5,0.0,-23.23470176342472,200,0.0,0,0.0,10.000000000000007,1901.3179999999927,42.70100000000001,44.526310859230286,1.0
94,1,5,0.0,-23.060987778779943,200,0.0,0,0.0,10.000000000000007,683.4179999999994,56.541000000000004,12.087122618984443,1.0
94,2,5,0.0,-28.146786285050094,200,0.0,0,0.0,19.950000000000024,771.7819999999994,68.82999999999998,11.212872294057817,1.0
94,3,5,0.0,-25.56898697336468,200,0.0,0,0.0,15.000000000000004,1036.8439999999978,49.821,20.81138475743156,1.0
94,4,5,1.0,9.815027543366151,9,0.6611262858139129,0,0.0,0.6499999999999999,51.62100000000001,34.128,1.5125703234880452,1.0
95,0,5,1.0,10.608966370261415,3,0.8265362511052167,0,0.0,0.2,18.096,14.957,1.2098682890954067,1.0
95,1,5,1.0,9.233293853355603,13,0.73365663399144,0,0.0,1.05,57.943999999999996,42.510999999999996,1.3630354496483263,1.0
95,2,5,0.0,-22.865088444952896,200,0.0,0,0.0,10.000000000000007,613.199999999999,22.726,26.982311009416485,1.0
95,3,5,0.0,-25.6666894995898,200,0.0,0,0.0,15.000000000000004,2031.840999999994,48.76,41.67024200164057,1.0
95,4,5,0.0,-25.617330917874302,200,0.0,0,0.0,15.000000000000002,721.800000000001,16.56,43.58695652173919,1.0
96,0,5,0.0,-26.317635500399565,200,0.0,0,0.0,16.699999999999996,1138.0420000000001,21.273000000000003,53.497014995534244,1.0
96,1,5,1.0,10.466080964007245,4,0.5733574170241589,0,0.0,0.3,22.145,12.697,1.7441127825470584,1.0
96,2,5,0.0,-25.562706870839893,200,0.0,0,0.0,15.000000000000002,753.2800000000001,54.986000000000004,13.699487142181647,1.0
96,3,5,0.0,-32.937233468521015,200,0.0,0,0.0,30.000000000000004,1419.5350000000028,57.45099999999999,24.708621259856276,1.0
96,4,5,0.0,-23.64427551685845,200,0.0,0,0.0,10.300000000000011,553.9989999999979,56.737,9.764333679961892,1.0
97,0,5,0.0,-13.14492573214411,17,0.0,10,1.0,0.6,47.84400000000001,56.956,0.8400168551162301,1.0
97,1,5,0.0,-25.590823627722386,200,0.0,0,0.0,15.000000000000002,403.27800000000093,38.294000000000004,10.531101478038359,1.0
97,2,5,0.0,-28.180387601685695,200,0.0,0,0.0,20.00000000000002,784.4479999999987,64.783,12.108855718321145,1.0
97,3,5,0.0,-13.128299851348483,17,0.0,10,1.0,0.6000000000000001,35.336999999999996,23.545,1.5008282013166274,1.0
97,4,5,1.0,10.465564007606845,4,0.9851599861953361,0,0.0,0.3,20.283,19.982000000000003,1.0150635572014812,1.0
98,0,5,0.0,-28.418290203572514,200,0.0,0,0.0,19.900000000000013,1536.8599999999958,37.677,40.79040263290591,1.0
98,1,5,1.0,9.630921281574368,10,0.8145342586257455,0,0.0,0.8500000000000001,61.385999999999996,50.001000000000005,1.227695446091078,1.0
98,2,5,1.0,10.364882304639387,5,0.8999876832122184,0,0.0,0.3,48.714,43.842000000000006,1.1111263172300532,1.0
98,3,5,0.0,-23.318299078448135,200,0.0,0,0.0,10.100000000000009,2663.624000000003,64.565,41.25492139704179,1.0
98,4,5,0.0,-23.251252743376646,200,0.0,0,0.0,10.10000000000001,1037.2490000000012,51.032000000000004,20.32546245493026,1.0
99,0,5,1.0,10.344203950563982,5,0.842303845804164,0,0.0,0.35000000000000003,21.998,18.529,1.1872200334610612,1.0
99,1,5,0.0,-25.520148986584484,200,0.0,0,0.0,15.000000000000004,1039.5999999999976,58.663000000000004,17.72156214308845,1.0
99,2,5,0.0,-25.591902856296006,200,0.0,0,0.0,15.100000000000003,1128.3439999999998,47.229,23.890914480509853,1.0
99,3,5,1.0,10.734925816023738,2,0.6449760765550239,0,0.0,0.15000000000000002,15.675,10.11,1.5504451038575668,1.0
99,4,5,0.0,-23.495623859842325,200,0.0,0,0.0,10.050000000000008,815.6509999999976,58.105999999999995,14.037293911127898,1.0
100,0,5,0.0,-26.06826959972089,200,0.0,0,0.0,14.950000000000003,331.8889999999999,45.868,7.2357416935554175,1.0
100,1,5,1.0,10.03659211881868,7,0.7395086026284046,0,0.0,0.6000000000000001,31.502000000000002,23.296000000000003,1.3522493131868132,1.0
100,2,5,1.0,10.372886008387342,5,0.7566164274897238,0,0.0,0.3,41.601,31.476,1.3216736561189477,1.0
100,3,5,0.0,-13.037444577193682,15,0.0,10,1.0,0.35,27.198,30.132,0.9026284348864994,1.0
100,4,5,0.0,-13.1724879318704,15,0.0,10,1.0,0.44999999999999996,30.386000000000003,47.439,0.6405278357469593,1.0
101,0,5,1.0,9.748057443752993,9,0.7701287848997248,0,0.0,0.8000000000000002,40.687999999999995,31.335,1.298484123184937,1.0
101,1,5,0.0,-28.21411254137546,200,0.0,0,0.0,19.80000000000003,760.8070000000001,54.379999999999995,13.99056638470026,1.0
101,2,5,1.0,10.395461456102783,5,0.9736604350545555,0,0.0,0.25,28.778000000000002,28.02,1.0270521056388295,1.0
101,3,5,1.0,10.061265830005706,7,0.7110523412402245,0,0.0,0.55,61.634,43.825,1.4063662293211636,1.0
101,4,5,0.0,-30.48999732369864,200,0.0,0,0.0,25.0,443.7129999999986,59.784,7.421935634952472,1.0
102,0,5,0.0,-26.011458714227068,200,0.0,0,0.0,14.950000000000003,903.614999999996,26.801000000000002,33.71571956270273,1.0
102,1,5,0.0,-28.25968314401037,200,0.0,0,0.0,19.950000000000017,3769.4920000000143,48.066,78.4232513627099,1.0
102,2,5,0.0,-28.142625651760937,200,0.0,0,0.0,20.00000000000003,760.216,51.591,14.735438351650481,1.0
102,3,5,1.0,10.560116018457482,3,1.0,0,0.0,0.3,7.585000000000001,7.585000000000001,1.0,1.0
102,4,5,1.0,9.852988088975728,8,0.9895519613311025,0,0.0,0.75,53.79,53.228,1.0105583527466746,1.0
103,0,5,1.0,10.393078622756793,5,0.8578256856540086,0,0.0,0.25,30.336,26.023000000000003,1.165738000999116,1.0
103,1,5,1.0,10.342928494780997,5,0.9401352745615043,0,0.0,0.35,43.614999999999995,41.004000000000005,1.063676714466881,1.0
103,2,5,0.0,-25.42788561485446,200,0.0,0,0.0,15.000000000000004,782.6120000000034,43.67699999999999,17.918172035625236,1.0
103,3,5,0.0,-22.993873885289776,200,0.0,0,0.0,10.000000000000007,877.331000000002,63.133,13.89655172413796,1.0
103,4,5,0.0,-26.116275881971028,200,0.0,0,0.0,15.000000000000004,799.7600000000018,27.722,28.849289373061172,1.0
104,0,5,0.0,-23.583257699655032,200,0.0,0,0.0,10.10000000000001,898.758000000001,72.763,12.35185465140251,1.0
104,1,5,0.0,-12.9,10,0.0,10,1.0,0.0,0.0,36.819,0.0,1.0
104,2,5,1.0,2.5767964613411385,13,0.913671875,7,0.0,0.4,33.28,30.407,1.0944848225737496,1.0
104,3,5,0.0,-22.953185085354885,200,0.0,0,0.0,10.000000000000007,678.5999999999993,28.938000000000002,23.450134770889463,1.0
104,4,5,0.0,-12.9,10,0.0,10,1.0,0.0,0.0,49.859,0.0,1.0
105,0,5,0.0,-22.999215670708697,200,0.0,0,0.0,10.000000000000007,940.4269999999987,50.38699999999999,18.66408002064022,1.0
105,1,5,0.0,-25.666599574443627,200,0.0,0,0.0,15.000000000000004,1999.862000000007,17.389,115.00730346770987,1.0
105,2,5,0.0,-25.524459161147917,200,0.0,0,0.0,15.000000000000002,662.8459999999988,34.428,19.25310793540138,1.0
105,3,5,0.0,-13.69204517568321,15,0.0,10,1.0,0.35000000000000003,45.349999999999994,26.895,1.6861870236103362,1.0
105,4,5,0.0,-13.040735452038888,15,0.0,10,1.0,0.3,22.304999999999996,34.455,0.6473661297344362,1.0
106,0,5,0.0,-22.975860312429223,200,0.0,0,0.0,10.000000000000007,924.1999999999974,35.336,26.154629839257343,1.0
106,1,5,0.0,-25.593765764809007,200,0.0,0,0.0,15.000000000000002,613.4769999999992,37.663,16.288585614528827,1.0
106,2,5,0.0,-24.669673909539373,200,0.0,0,0.0,13.350000000000012,1146.7089999999982,62.038,18.483977562139305,1.0
106,3,5,0.0,-25.78900281557959,200,0.0,0,0.0,15.150000000000002,874.086999999996,51.144000000000005,17.090704676990377,1.0
106,4,5,1.0,10.541797692030292,3,0.47810344827586204,0,0.0,0.35000000000000003,17.4,8.318999999999999,2.0915975477821855,1.0
107,0,5,1.0,9.91608174807198,8,0.8276830548384351,0,0.0,0.6500000000000001,35.249,29.175,1.2081919451585261,1.0
107,1,5,1.0,9.73445613624197,9,0.9430176058559979,0,0.0,0.8,63.388,59.775999999999996,1.0604255888650964,1.0
107,2,5,0.0,-25.806389476955296,200,0.0,0,0.0,15.150000000000002,1130.7629999999997,51.48700000000001,21.962106939615815,1.0
107,3,5,0.0,-23.509576289413683,200,0.0,0,0.0,10.500000000000014,1467.6360000000047,46.494,31.56613756613767,1.0
107,4,5,0.0,-24.780104999344807,200,0.0,0,0.0,13.300000000000013,1020.7170000000019,61.048,16.71990892412531,1.0
108,0,5,0.0,-23.680060467055792,200,0.0,0,0.0,10.000000000000007,1254.3739999999975,19.184,65.38646788990812,1.0
108,1,5,0.0,-25.699300921512474,200,0.0,0,0.0,15.000000000000004,1827.5679999999911,15.735000000000001,116.14667937718404,1.0
108,2,5,1.0,10.754103196056606,2,1.0,0,0.0,0.1,12.578,12.578,1.0,1.0
108,3,5,0.0,-25.486516525999424,200,0.0,0,0.0,15.050000000000002,665.9739999999996,52.251,12.745669939331297,1.0
108,4,5,0.0,-25.924167867726798,200,0.0,0,0.0,15.000000000000002,721.5319999999999,61.75099999999999,11.684539521627181,1.0
109,0,5,0.0,-25.61277963168953,200,0.0,0,0.0,15.000000000000002,1355.1269999999984,64.72800000000001,20.93571560993694,1.0
109,1,5,0.0,-23.403006280469015,200,0.0,0,0.0,10.050000000000008,627.4199999999992,45.538,13.777943695375274,1.0
109,2,5,1.0,10.561605650284186,3,0.6114688745783503,0,0.0,0.30000000000000004,19.566,11.964,1.6354062186559677,1.0
109,3,5,1.0,10.238603275705186,6,0.5616621456932814,0,0.0,0.39999999999999997,50.873999999999995,28.573999999999998,1.780429761321481,1.0
109,4,5,1.0,10.635625671543103,3,0.9609244698594234,0,0.0,0.15000000000000002,12.591000000000001,12.099,1.040664517728738,1.0
110,0,5,0.0,-12.906260575296109,11,0.0,10,1.0,0.1,10.234,52.599000000000004,0.19456643662427042,1.0
110,1,5,0.0,-23.679488824782343,200,0.0,0,0.0,10.20000000000001,990.4339999999984,74.18199999999999,13.351406001455858,1.0
110,2,5,1.0,10.226843279419967,6,0.9639044620228862,0,0.0,0.39999999999999997,26.042,25.102000000000004,1.0374472153613257,1.0
110,3,5,0.0,-13.140474186397661,11,0.0,10,1.0,0.1,5.023,31.127000000000002,0.16137115687345388,1.0
110,4,5,1.0,10.353349056603774,5,0.4339105161897745,0,0.0,0.35,24.429000000000002,10.600000000000001,2.3046226415094337,1.0
111,0,5,1.0,10.515663116672238,4,0.8917042841325271,0,0.0,0.2,23.482,20.939,1.1214480156645494,1.0
111,1,5,0.0,-24.035078217542505,200,0.0,0,0.0,11.950000000000015,835.249,53.185,15.704597160853623,1.0
111,2,5,0.0,-13.149543604219286,13,0.0,10,1.0,0.2,15.614,33.655,0.46394295052741047,1.0
111,3,5,0.0,-12.872404687756104,13,0.0,10,1.0,0.25,14.645,30.505000000000003,0.4800852319291919,1.0
111,4,5,1.0,10.180102053942798,6,0.7252231240476413,0,0.0,0.49999999999999994,32.157,23.321,1.3788859825907978,1.0
112,0,5,1.0,9.835349588813157,8,0.717951663297188,0,0.0,0.8000000000000002,43.528000000000006,31.251,1.39285142875428,1.0
112,1,5,0.0,-24.7060385964912,200,0.0,0,0.0,13.350000000000012,1147.7189999999982,42.74999999999999,26.8472280701754,1.0
112,2,5,0.0,-23.059500432016264,200,0.0,0,0.0,10.000000000000007,682.0000000000001,25.462000000000003,26.785012960490143,1.0
112,3,5,0.0,-25.54548814828014,200,0.0,0,0.0,14.950000000000003,914.6139999999986,56.11000000000001,16.3003742648369,1.0
112,4,5,0.0,-22.803187780175993,200,0.0,0,0.0,10.000000000000007,1185.3999999999999,30.115000000000002,39.362443964801585,1.0
113,0,5,0.0,-22.90202931011178,200,0.0,0,0.0,10.000000000000007,1014.7999999999964,51.791,19.594137977640834,1.0
113,1,5,0.0,-22.862635853572506,200,0.0,0,0.0,10.000000000000007,474.52000000000174,25.487000000000002,18.618119041079833,1.0
113,2,5,0.0,-26.489652771135077,200,0.0,0,0.0,16.599999999999994,928.3429999999998,52.271,17.76019207591207,1.0
113,3,5,0.0,-25.530992382343797,200,0.0,0,0.0,15.000000000000002,1120.8779999999965,28.749,38.988416988416866,1.0
113,4,5,1.0,10.05577721711983,7,0.8051853150941188,0,0.0,0.55,34.212,27.546999999999997,1.241950121610339,1.0
114,0,5,0.0,-28.155350970134325,200,0.0,0,0.0,19.950000000000024,601.5369999999994,45.303000000000004,13.278083129152579,1.0
114,1,5,1.0,10.875,1,1.0,0,0.0,0.05,4.423,4.423,1.0,1.0
114,2,5,1.0,10.203542404406766,6,0.8405086885935905,0,0.0,0.45,33.26199999999999,27.957,1.1897556962478089,1.0
114,3,5,0.0,-25.47439620744151,200,0.0,0,0.0,15.000000000000002,787.3450000000032,69.61,11.31080304553948,1.0
114,4,5,0.0,-25.43594587694668,200,0.0,0,0.0,15.000000000000004,1166.9930000000031,39.17,29.793030380393237,1.0
115,0,5,0.0,-24.521839249146744,200,0.0,0,0.0,13.350000000000012,1238.312000000001,29.3,42.26320819112632,1.0
115,1,5,1.0,10.561806101645551,3,0.8361389303217557,0,0.0,0.30000000000000004,32.851,27.467999999999996,1.1959734964322122,1.0
115,2,5,0.0,-23.477146206073037,200,0.0,0,0.0,10.20000000000001,542.8779999999979,45.217000000000006,12.006059667824,1.0
115,3,5,0.0,-28.101111227591982,200,0.0,0,0.0,20.000000000000014,2672.4479999999985,38.156,70.04004612642831,1.0
115,4,5,0.0,-33.26703473224806,200,0.0,0,0.0,29.900000000000006,786.3199999999961,60.26100000000001,13.048572044937787,1.0
116,0,5,1.0,10.605968992248062,3,0.771744132535665,0,0.0,0.2,15.211,11.739,1.2957662492546214,1.0
116,1,5,1.0,9.736827237413946,9,0.8580197006946392,0,0.0,0.8000000000000002,60.607,52.001999999999995,1.1654744048305836,1.0
116,2,5,1.0,10.257981818181818,6,0.7737662419778066,0,0.0,0.35000000000000003,31.631,24.475,1.2923799795709907,1.0
116,3,5,0.0,-25.87196007098493,200,0.0,0,0.0,15.000000000000004,1715.9999999999964,22.54,76.13132209405485,1.0
116,4,5,0.0,-23.00497089531556,200,0.0,0,0.0,10.000000000000007,639.200000000003,54.115,11.811882102929003,1.0
117,0,5,0.0,-22.94854330909769,200,0.0,0,0.0,10.000000000000007,1157.0259999999994,58.729000000000006,19.701101670384293,1.0
117,1,5,1.0,10.875,1,1.0,0,0.0,0.05,6.783,6.783,1.0,1.0
117,2,5,1.0,9.95512873845076,8,0.5599362510726984,0,0.0,0.5499999999999999,81.57,45.67400000000001,1.785917589876078,1.0
117,3,5,1.0,10.487423760275789,4,0.5787115189834566,0,0.0,0.25,32.581,18.855,1.7279766640148504,1.0
117,4,5,1.0,9.784603186379064,9,0.9578773450824329,0,0.0,0.7,56.288,53.91699999999998,1.0439749986089735,1.0
118,0,5,0.0,-23.15855104754378,200,0.0,0,0.0,10.000000000000007,882.4000000000018,27.827,31.710209508750555,1.0
118,1,5,0.0,-25.69876834997069,200,0.0,0,0.0,15.000000000000004,1628.6709999999966,47.684,34.15550289405245,1.0
118,2,5,0.0,-25.636372842927265,200,0.0,0,0.0,14.950000000000003,1350.6549999999984,79.39,17.012910945962947,1.0
118,3,5,1.0,10.728442509779857,2,1.0,0,0.0,0.15000000000000002,13.036999999999999,13.036999999999999,1.0,1.0
118,4,5,0.0,-25.6124376749333,200,0.0,0,0.0,15.000000000000002,1446.647,30.726,47.082177960033846,1.0
119,0,5,0.0,-25.503950241676236,200,0.0,0,0.0,15.000000000000002,1125.9429999999998,40.757000000000005,27.62575753858232,1.0
119,1,5,1.0,9.662987099990653,10,0.7156427695395251,0,0.0,0.7500000000000002,44.845,32.093,1.3973452154675472,1.0
119,2,5,0.0,-22.826508810295874,200,0.0,0,0.0,10.000000000000007,758.6629999999994,39.782999999999994,19.070029912274077,1.0
119,3,5,1.0,10.46535102692583,4,0.8309388726207906,0,0.0,0.3,21.856,18.161,1.203457959363471,1.0
119,4,5,1.0,10.755259664841546,2,0.8792122538293214,0,0.0,0.1,6.855,6.026999999999999,1.1373817819810854,1.0
120,0,5,0.0,-27.311257724463868,200,0.0,0,0.0,18.600000000000016,1184.1160000000002,35.763,33.11008584291028,1.0
120,1,5,0.0,-23.26292954298908,200,0.0,0,0.0,10.200000000000012,850.2799999999975,71.902,11.825540318767176,1.0
120,2,5,1.0,10.314129857316333,5,0.6763513166675222,0,0.0,0.39999999999999997,38.961999999999996,26.352,1.4785215543412262,1.0
120,3,5,0.0,-22.92573339032731,200,0.0,0,0.0,10.000000000000007,2101.3480000000086,49.12800000000001,42.77291971991549,1.0
120,4,5,1.0,9.860784808100211,9,0.5567761486697268,0,0.0,0.6,44.878,24.987000000000002,1.7960539480529873,1.0
121,0,5,1.0,9.633713395908128,11,0.8344100768758796,0,0.0,0.65,55.413999999999994,46.23799999999999,1.1984514901163545,1.0
121,1,5,0.0,-25.828448847620706,200,0.0,0,0.0,15.050000000000002,1129.5659999999996,42.217,26.75618826539071,1.0
121,2,5,0.0,-13.365580676748992,16,0.0,10,1.0,0.3,27.698999999999998,45.955000000000005,0.6027418126428026,1.0
121,3,5,0.0,-24.67948087201718,200,0.0,0,0.0,13.350000000000012,884.1390000000007,47.522,18.60483565506504,1.0
121,4,5,0.0,-12.881723171528082,16,0.0,10,1.0,0.45,41.515,36.752,1.1295983892033086,1.0
122,0,5,0.0,-24.479253884091328,200,0.0,0,0.0,12.450000000000014,697.3309999999985,51.299,13.593461860854958,1.0
122,1,5,0.0,-12.586920930232559,12,0.0,10,1.0,0.3,9.375,12.9,0.7267441860465116,1.0
122,2,5,0.0,-13.05126274276991,12,0.0,10,1.0,0.15000000000000002,11.353,58.95499999999999,0.19257060469849888,1.0
122,3,5,1.0,10.611078418830754,3,0.6762695734925166,0,0.0,0.2,11.559000000000001,7.817,1.4787002686452604,1.0
122,4,5,0.0,-25.94740197880796,200,0.0,0,0.0,15.000000000000002,839.7420000000043,59.83400000000001,14.034528863188223,1.0
123,0,5,0.0,-25.68243603580129,200,0.0,0,0.0,15.050000000000002,367.46699999999936,53.74099999999999,6.837740272789851,1.0
123,1,5,0.0,-13.326878132448263,13,0.0,10,1.0,0.2,17.753999999999998,44.893,0.39547368186576964,1.0
123,2,5,0.0,-13.24701524555338,13,0.0,10,1.0,0.15000000000000002,11.611,24.006999999999998,0.483650601907777,1.0
123,3,5,1.0,10.875,1,1.0,0,0.0,0.05,4.11,4.11,1.0,1.0
123,4,5,1.0,10.467609819745807,4,0.6470201988618599,0,0.0,0.3,31.982,20.693,1.5455468032668052,1.0
124,0,5,0.0,-22.740821986225704,200,0.0,0,0.0,10.000000000000007,1146.9089999999965,38.041999999999994,30.148493770043547,1.0
124,1,5,0.0,-23.444013090321082,200,0.0,0,0.0,10.050000000000008,735.4800000000022,45.759,16.07290369107721,1.0
124,2,5,1.0,10.654860210481557,2,1.0,0,0.0,0.3,9.407,9.407,1.0,1.0
124,3,5,0.0,-13.912354549091072,21,0.0,10,1.0,0.7000000000000003,53.827,44.998000000000005,1.1962087203875726,1.0
124,4,5,0.0,-14.049125620769491,21,0.0,10,1.0,0.8500000000000001,45.73799999999999,56.583000000000006,0.8083346588197866,1.0
125,0,5,1.0,10.182228690717709,6,0.8434640279741088,0,0.0,0.49999999999999994,40.32300000000001,34.010999999999996,1.1855870159654234,1.0
125,1,5,0.0,-23.0500982318272,200,0.0,0,0.0,10.000000000000007,823.5319999999977,63.11599999999999,13.04791178148168,1.0
125,2,5,0.0,-24.02521658142326,200,0.0,0,0.0,11.600000000000017,1000.0770000000001,31.674,31.57406705815496,1.0
125,3,5,0.0,-27.56643462931197,200,0.0,0,0.0,19.900000000000013,1217.5520000000054,41.976000000000006,29.005908137983734,1.0
125,4,5,0.0,-25.895138662790774,200,0.0,0,0.0,15.000000000000002,228.01400000000103,34.4,6.628313953488402,1.0
126,0,5,0.0,-27.2538232462327,200,0.0,0,0.0,18.000000000000025,1017.9599999999969,44.661,22.793040908174845,1.0
126,1,5,0.0,-26.053255580746484,200,0.0,0,0.0,15.000000000000004,788.5780000000017,22.936000000000003,34.381670735961,1.0
126,2,5,1.0,10.37050841968912,5,1.0,0,0.0,0.3,15.44,15.44,1.0,1.0
126,3,5,0.0,-30.34691308956019,200,0.0,0,0.0,25.0,1370.2820000000056,45.288,30.257065889418957,1.0
126,4,5,0.0,-25.56807872402692,200,0.0,0,0.0,14.950000000000003,2059.179,30.753,66.95863818164082,1.0
127,0,5,1.0,10.089288484429598,7,0.5427999749890577,0,0.0,0.5,47.979,26.043000000000003,1.8422992742771567,1.0
127,1,5,1.0,10.05196326507166,7,0.8731536050156742,0,0.0,0.55,39.87499999999999,34.817,1.1452738604704595,1.0
127,2,5,1.0,10.35234421182266,5,0.7289048473967684,0,0.0,0.35000000000000003,22.279999999999998,16.24,1.3719211822660098,1.0
127,3,5,1.0,10.295560622643805,5,0.6196995578778135,0,0.0,0.44999999999999996,39.808,24.669,1.6136851919413029,1.0
127,4,5,1.0,10.375181778120524,5,0.5997158997059893,0,0.0,0.3,30.271,18.154,1.6674562079982373,1.0
128,0,5,0.0,-28.08490781808888,200,0.0,0,0.0,19.950000000000017,1143.1190000000022,48.925000000000004,23.364721512519203,1.0
128,1,5,1.0,10.608166223725537,3,1.0,0,0.0,0.2,12.417000000000002,12.417000000000002,1.0,1.0
128,2,5,0.0,-25.36524764878905,200,0.0,0,0.0,15.000000000000002,924.77,55.077999999999996,16.79018846000218,1.0
128,3,5,1.0,10.105774811083123,7,0.9956612243874301,0,0.0,0.44999999999999996,39.873,39.699999999999996,1.0043576826196474,1.0
128,4,5,0.0,-25.58273036816343,200,0.0,0,0.0,15.000000000000002,754.9320000000024,37.592,20.08225154288153,1.0
129,0,5,1.0,10.122919419822724,6,0.6345445868557403,0,0.0,0.6000000000000001,58.672,37.23,1.5759333870534515,1.0
129,1,5,0.0,-23.086122188622266,200,0.0,0,0.0,10.150000000000011,3105.2120000000086,42.328,73.36070686070705,1.0
129,2,5,0.0,-28.179432806324066,200,0.0,0,0.0,19.90000000000003,752.197,40.480000000000004,18.58194169960474,1.0
129,3,5,0.0,-13.097990110776284,11,0.0,10,1.0,0.05,2.199,23.561,0.09333220151946012,1.0
129,4,5,0.0,-12.949121915820026,11,0.0,10,1.0,0.05,3.453,42.718,0.080832435975467,1.0
130,0,5,0.0,-13.409549412967598,14,0.0,10,1.0,0.3,7.904,56.726,0.1393364594718471,1.0
130,1,5,0.0,-25.542013260179914,200,0.0,0,0.0,15.000000000000004,617.200000000002,73.45299999999999,8.402652035995835,1.0
130,2,5,0.0,-25.41047002710475,200,0.0,0,0.0,15.000000000000002,857.1999999999956,47.592999999999996,18.01105204546878,1.0
130,3,5,1.0,10.414571156448945,4,1.0,0,0.0,0.4,19.949,19.949,1.0,1.0
130,4,5,0.0,-23.00615105571571,200,0.0,0,0.0,10.000000000000007,623.5980000000021,43.004000000000005,14.500930146032974,1.0
131,0,5,0.0,-25.6339939162123,200,0.0,0,0.0,15.000000000000004,475.8800000000026,33.203,14.332439839773592,1.0
131,1,5,1.0,10.366897377809025,5,0.8937373455281715,0,0.0,0.3,42.968999999999994,38.403,1.118896961174908,1.0
131,2,5,1.0,9.86842309424896,8,0.9750610053684725,0,0.0,0.75,40.98,39.958,1.0255768556984834,1.0
131,3,5,0.0,-25.47865653026071,200,0.0,0,0.0,15.000000000000002,685.7999999999969,33.674,20.3658609015857,1.0
131,4,5,1.0,9.987934497816594,8,0.6344871262047538,0,0.0,0.5,50.528999999999996,32.06,1.5760761072988145,1.0
132,0,5,0.0,-28.133383901741603,200,0.0,0,0.0,20.00000000000003,1170.114999999998,34.277,34.137030661959855,1.0
132,1,5,0.0,-24.237047059146704,200,0.0,0,0.0,12.500000000000014,683.6,36.400999999999996,18.77970385428972,1.0
132,2,5,1.0,9.805845079613679,8,0.7628339949970755,0,0.0,0.8500000000000001,80.353,61.29600000000001,1.3109012007308793,1.0
132,3,5,1.0,9.759584363810859,9,0.9874792688038784,0,0.0,0.7500000000000001,54.869,54.182,1.0126794876527259,1.0
132,4,5,0.0,-22.870351950331365,200,0.0,0,0.0,10.050000000000008,1481.5950000000048,38.172999999999995,38.812642443612106,1.0
133,0,5,1.0,9.4392764158918,11,0.887797475109651,0,0.0,1.0,59.963,53.23500000000001,1.126383018690711,1.0
133,1,5,1.0,9.839882097510031,9,0.7660210526315788,0,0.0,0.6000000000000001,47.5,36.385999999999996,1.3054471500027485,1.0
133,2,5,0.0,-27.867051866517368,200,0.0,0,0.0,20.000000000000014,1537.4359999999958,38.387,40.05095475030598,1.0
133,3,5,1.0,10.317848971962617,5,0.7385830250151858,0,0.0,0.4,36.218,26.75,1.353943925233645,1.0
133,4,5,0.0,-25.002691754735594,200,0.0,0,0.0,13.350000000000014,825.403999999999,79.29400000000001,10.409413070345787,1.0
134,0,5,0.0,-23.032655435301987,200,0.0,0,0.0,10.000000000000007,824.1999999999977,48.139,17.121253038077185,1.0
134,1,5,0.0,-12.943934996067288,11,0.0,10,1.0,0.1,4.785,39.413,0.12140664247837009,1.0
134,2,5,1.0,9.700447806780538,10,0.8610588497096963,0,0.0,0.7000000000000002,49.431,42.562999999999995,1.16136080633414,1.0
134,3,5,0.0,-23.021817393703024,200,0.0,0,0.0,10.000000000000007,764.2000000000033,50.754000000000005,15.056941324821754,1.0
134,4,5,0.0,-12.971004316069056,11,0.0,10,1.0,0.1,1.868,24.096000000000004,0.07752324037184594,1.0
135,0,5,1.0,10.122111439718097,6,0.8611683103934106,0,0.0,0.6,36.908,31.784,1.161213189025925,1.0
135,1,5,1.0,10.271391860103858,5,0.9707871946227756,0,0.0,0.5000000000000001,23.209,22.531,1.0300918734188451,1.0
135,2,5,0.0,-13.433235382421378,16,0.0,10,1.0,0.39999999999999997,19.076,53.29200000000001,0.35795241312016807,1.0
135,3,5,0.0,-13.315030165912521,16,0.0,10,1.0,0.5,32.456,22.541999999999998,1.4398012598704644,1.0
135,4,5,1.0,10.634943046986235,3,0.9891090038494038,0,0.0,0.15000000000000002,10.651,10.535,1.0110109159943046,1.0
136,0,5,0.0,-25.459805365498916,200,0.0,0,0.0,15.000000000000004,1025.2050000000024,53.639,19.113052070322013,1.0
136,1,5,0.0,-30.571546453161332,200,0.0,0,0.0,24.900000000000002,447.1529999999986,57.079,7.833931918919368,1.0
136,2,5,0.0,-22.975163699611286,200,0.0,0,0.0,10.000000000000007,931.2849999999971,39.096000000000004,23.820467567014454,1.0
136,3,5,0.0,-30.607168863779023,200,0.0,0,0.0,25.0,306.34999999999917,39.825,7.692404268675434,1.0
136,4,5,1.0,10.251805138784697,6,0.7380271292793208,0,0.0,0.35,43.348,31.991999999999997,1.354963740935234,1.0
137,0,5,0.0,-23.05544425699422,200,0.0,0,0.0,10.000000000000007,630.9999999999968,56.904,11.088851398847124,1.0
137,1,5,1.0,10.613344611914282,3,0.8275072119463771,0,0.0,0.2,11.786,9.753,1.20844868245668,1.0
137,2,5,0.0,-23.422529423167507,200,0.0,0,0.0,10.000000000000007,1462.0359999999946,36.111000000000004,40.48727534546245,1.0
137,3,5,1.0,9.707976258281123,10,0.6647205340241107,0,0.0,0.7000000000000002,50.185,33.358999999999995,1.5043916184537909,1.0
137,4,5,0.0,-25.4239619909143,200,0.0,0,0.0,15.000000000000002,771.5999999999968,50.409,15.306790454085517,1.0
138,0,5,0.0,-25.8262684503072,200,0.0,0,0.0,14.900000000000002,511.9399999999971,37.601,13.61506342916404,1.0
138,1,5,0.0,-23.46653717254085,200,0.0,0,0.0,10.050000000000008,964.7410000000051,17.903,53.88711389152685,1.0
138,2,5,1.0,9.219613667545024,13,0.7491109008450519,0,0.0,1.1,61.298,45.919,1.334915830048564,1.0
138,3,5,1.0,9.71055325571367,10,0.8971854144501403,0,0.0,0.6500000000000001,51.695,46.38,1.1145968089693834,1.0
138,4,5,1.0,9.701435668156979,10,0.7956050036559097,0,0.0,0.7,50.603,40.26,1.2569051167411824,1.0
139,0,5,0.0,-23.053377011272747,200,0.0,0,0.0,10.000000000000007,553.9999999999985,51.895,10.675402254552433,1.0
139,1,5,1.0,9.988758209355314,8,0.34287683823529413,0,0.0,0.55,65.28,22.383000000000003,2.916499128803109,1.0
139,2,5,1.0,10.416111639205745,4,1.0,0,0.0,0.39999999999999997,18.936,18.936,1.0,1.0
139,3,5,1.0,10.08349025599631,7,0.9163870763215597,0,0.0,0.5000000000000001,37.853,34.688,1.0912419280442804,1.0
139,4,5,0.0,-23.115707270495072,200,0.0,0,0.0,10.000000000000007,678.5999999999993,29.323999999999998,23.14145409903149,1.0
140,0,5,0.0,-22.88249159629421,200,0.0,0,0.0,10.000000000000007,1663.999999999998,48.788000000000004,34.10674756087558,1.0
140,1,5,0.0,-12.948000315848297,12,0.0,10,1.0,0.15000000000000002,14.677,41.159,0.3565927257707913,1.0
140,2,5,0.0,-25.54897910778178,200,0.0,0,0.0,15.000000000000004,737.7399999999988,50.59299999999999,14.58185915047534,1.0
140,3,5,0.0,-25.92696143794332,200,0.0,0,0.0,16.000000000000036,739.9599999999986,18.749,39.46663822070503,1.0
140,4,5,0.0,-12.857307225376932,12,0.0,10,1.0,0.2,9.323,25.535000000000004,0.3651067162717838,1.0
141,0,5,1.0,10.125454785439826,6,0.9397188533627343,0,0.0,0.6000000000000001,36.28,34.093,1.0641480655853106,1.0
141,1,5,0.0,-30.820846011987175,200,0.0,0,0.0,24.85,317.842999999999,49.887,6.37125904544268,1.0
141,2,5,1.0,9.565018899729274,11,0.5553758865248227,0,0.0,0.7499999999999999,70.5,39.154,1.8005823159830412,1.0
141,3,5,0.0,-23.121400287976975,200,0.0,0,0.0,10.000000000000007,539.599999999998,22.224,24.28005759539228,1.0
141,4,5,1.0,9.382044329347247,12,0.8270236220472442,0,0.0,0.9500000000000004,63.5,52.516000000000005,1.2091553050498893,1.0
142,0,5,1.0,9.189343107661347,14,0.6220586262909259,0,0.0,0.9500000000000001,67.10300000000001,41.742000000000004,1.607565521537061,1.0
142,1,5,1.0,9.97246063744743,8,0.7561962835440377,0,0.0,0.5500000000000002,38.047,28.771,1.3224079802578985,1.0
142,2,5,1.0,10.511314109461301,3,1.0,0,0.0,0.4,13.941,13.941,1.0,1.0
142,3,5,0.0,-24.80687792856889,200,0.0,0,0.0,12.600000000000016,1025.888,28.811,35.60751102009649,1.0
142,4,5,0.0,-23.279119611158155,200,0.0,0,0.0,10.050000000000008,679.5999999999993,23.66,28.723584108199464,1.0
143,0,5,0.0,-33.23872403289669,200,0.0,0,0.0,29.799999999999894,913.2050000000037,32.83,27.8161742308865,1.0
143,1,5,0.0,-23.056247259973752,200,0.0,0,0.0,10.000000000000007,513.1999999999977,45.62,11.249451994739099,1.0
143,2,5,1.0,10.081597797828413,7,0.950850661625709,0,0.0,0.5,34.385,32.695,1.05168986083499,1.0
143,3,5,0.0,-23.078019333531273,200,0.0,0,0.0,10.000000000000007,1660.787999999998,53.89600000000001,30.814680124684536,1.0
143,4,5,0.0,-25.7228765817076,200,0.0,0,0.0,14.900000000000002,397.51000000000124,38.803,10.244311006880944,1.0
144,0,5,1.0,10.094206645313434,6,0.634485684934566,0,0.0,0.65,44.778,28.410999999999998,1.5760796874450038,1.0
144,1,5,1.0,9.399615649426917,11,0.7976675066227304,0,0.0,1.1000000000000003,61.90800000000001,49.382000000000005,1.253655178000081,1.0
144,2,5,1.0,9.895103926096999,8,0.4043328041833972,0,0.0,0.7,42.836,17.32,2.4732101616628173,1.0
144,3,5,0.0,-27.906585317773253,200,0.0,0,0.0,20.000000000000014,2260.6000000000076,50.728,44.5631603847975,1.0
144,4,5,1.0,10.056490213859291,7,0.6785689867359498,0,0.0,0.55,58.504,39.699000000000005,1.4736895135897627,1.0
145,0,5,0.0,-25.529671014557366,200,0.0,0,0.0,15.000000000000002,463.99999999999886,44.926,10.32809508970304,1.0
145,1,5,1.0,10.586714911698314,3,1.0,0,0.0,0.25,15.062,15.062,1.0,1.0
145,2,5,1.0,10.586852709359606,3,1.0,0,0.0,0.25,20.3,20.3,1.0,1.0
145,3,5,0.0,-25.265093480473652,200,0.0,0,0.0,15.000000000000002,876.9999999999985,18.667,46.98130390528732,1.0
145,4,5,0.0,-24.21427664352798,200,0.0,0,0.0,11.750000000000018,1106.159999999998,48.98,22.583911800734956,1.0
146,0,5,1.0,10.654704248534102,2,1.0,0,0.0,0.3,9.721,9.721,1.0,1.0
146,1,5,0.0,-23.02974012411982,200,0.0,0,0.0,10.000000000000007,514.4000000000004,33.516,15.347893543382279,1.0
146,2,5,0.0,-23.024705917929158,200,0.0,0,0.0,10.000000000000007,1367.7890000000018,33.068999999999996,41.3616680274578,1.0
146,3,5,0.0,-23.00577441516653,200,0.0,0,0.0,10.000000000000007,806.6000000000017,57.495000000000005,14.029046004000376,1.0
146,4,5,0.0,-30.437688415864923,200,0.0,0,0.0,25.0,445.9169999999986,38.147,11.689438225810644,1.0
147,0,5,1.0,10.727338638373121,2,1.0,0,0.0,0.15000000000000002,24.881999999999998,24.881999999999998,1.0,1.0
147,1,5,0.0,-26.39413026068158,200,0.0,0,0.0,16.649999999999995,797.143,49.946000000000005,15.960096904657028,1.0
147,2,5,1.0,10.754113745647487,2,1.0,0,0.0,0.1,12.062,12.062,1.0,1.0
147,3,5,1.0,10.77799844539448,2,0.2084075814028835,0,0.0,0.1,12.346,2.573,4.798289933929266,1.0
147,4,5,1.0,9.758998641073552,9,0.5967763735892411,0,0.0,0.7500000000000001,59.187999999999995,35.321999999999996,1.675669554385369,1.0
148,0,5,0.0,-23.13136141271925,200,0.0,0,0.0,10.050000000000008,895.8759999999991,33.524,26.72342202601119,1.0
148,1,5,0.0,-25.50885634741441,200,0.0,0,0.0,15.000000000000004,637.4000000000018,45.617,13.97286099480461,1.0
148,2,5,1.0,10.731388389416903,2,1.0,0,0.0,0.15000000000000002,23.358,23.358,1.0,1.0
148,3,5,0.0,-28.872587242502366,200,0.0,0,0.0,19.90000000000003,637.0439999999995,47.282000000000004,13.473287931982561,1.0
148,4,5,0.0,-24.901568202970086,200,0.0,0,0.0,13.350000000000012,1044.6979999999987,49.426,21.136608262857578,1.0
149,0,5,1.0,9.933945345333033,8,0.9126952942277108,0,0.0,0.6000000000000001,53.445,48.779,1.0956559175054839,1.0
149,1,5,0.0,-25.646191376203227,200,0.0,0,0.0,15.000000000000004,964.373000000004,22.750999999999998,42.38815876225239,1.0
149,2,5,0.0,-25.932742220577968,200,0.0,0,0.0,16.000000000000036,1073.7210000000002,48.653999999999996,22.06850413121224,1.0
149,3,5,0.0,-22.963373530527065,200,0.0,0,0.0,10.000000000000007,967.8000000000052,26.369999999999997,36.700796359499634,1.0
149,4,5,0.0,-28.230938011313263,200,0.0,0,0.0,19.90000000000003,757.166,42.782,17.698237576550888,1.0
150,0,5,1.0,9.205441457267243,13,0.9090467263764492,0,0.0,1.1000000000000003,57.612,52.37199999999999,1.1000534636828843,1.0
150,1,5,1.0,10.106988599056885,7,0.34534435488858195,0,0.0,0.5,48.511,16.753,2.8956604787202296,1.0
150,2,5,0.0,-27.97095137668412,200,0.0,0,0.0,20.00000000000003,704.9999999999974,59.745000000000005,11.800150640220894,1.0
150,3,5,0.0,-30.412452118866213,200,0.0,0,0.0,25.0,1472.7849999999928,49.602,29.692048707713255,1.0
150,4,5,0.0,-22.913349140223357,200,0.0,0,0.0,10.000000000000007,630.4169999999999,67.69200000000001,9.313020741003365,1.0
151,0,5,0.0,-13.109072660497604,12,0.0,10,1.0,0.15000000000000002,9.099,55.546,0.16381017535016024,1.0
151,1,5,0.0,-27.85417113446278,200,0.0,0,0.0,20.000000000000014,1821.6300000000092,32.641,55.80803284213135,1.0
151,2,5,1.0,9.332279203728957,12,0.8387509816642196,0,0.0,1.05,58.574000000000005,49.129000000000005,1.1922489771825195,1.0
151,3,5,1.0,10.473884658520749,4,0.7527995023107003,0,0.0,0.3,22.504,16.941,1.3283749483501566,1.0
151,4,5,0.0,-13.104124109390334,12,0.0,10,1.0,0.15000000000000002,9.52,70.31700000000001,0.1353868907945447,1.0
152,0,5,0.0,-25.92165919853362,200,0.0,0,0.0,15.000000000000002,278.0039999999999,39.278000000000006,7.077855287947448,1.0
152,1,5,1.0,9.849753313862053,8,0.9308015642317905,0,0.0,0.7500000000000001,47.81900000000001,44.51,1.074342844304651,1.0
152,2,5,1.0,9.69207827187274,9,0.8666635333928654,0,0.0,0.9000000000000001,63.83100000000001,55.32,1.1538503253796097,1.0
152,3,5,1.0,9.807392578327224,9,0.9368706955087787,0,0.0,0.65,51.54500000000001,48.291000000000004,1.0673831562817089,1.0
152,4,5,0.0,-22.84901334881013,200,0.0,0,0.0,10.000000000000007,730.9790000000021,41.352000000000004,17.67699264848138,1.0
153,0,5,1.0,9.75987295122678,9,0.9276631035753777,0,0.0,0.7500000000000001,54.260000000000005,50.335,1.0779775504122382,1.0
153,1,5,0.0,-29.98456975718161,200,0.0,0,0.0,23.200000000000017,580.136,61.198,9.479656197914965,1.0
153,2,5,0.0,-23.426880785897247,200,0.0,0,0.0,10.10000000000001,1100.3559999999989,40.61600000000001,27.091688004727168,1.0
153,3,5,0.0,-25.47192478225057,200,0.0,0,0.0,15.000000000000002,1037.6899999999973,57.06100000000001,18.18562590911476,1.0
153,4,5,0.0,-28.30434538468265,200,0.0,0,0.0,19.950000000000017,1826.138000000009,57.254999999999995,31.894821412977194,1.0
154,0,5,1.0,10.120745368944428,6,0.8203212416531311,0,0.0,0.6000000000000001,27.705,22.726999999999997,1.219034628415541,1.0
154,1,5,0.0,-25.920672554762355,200,0.0,0,0.0,15.000000000000002,630.0250000000029,65.55600000000001,9.610485691622472,1.0
154,2,5,0.0,-22.972111324927436,200,0.0,0,0.0,10.000000000000007,761.5380000000034,34.817,21.872590975672903,1.0
154,3,5,0.0,-25.65764986135137,200,0.0,0,0.0,15.000000000000004,1177.1980000000046,53.733000000000004,21.908287272253634,1.0
154,4,5,0.0,-23.371953724130698,200,0.0,0,0.0,10.200000000000012,867.5139999999961,38.076,22.783748292887807,1.0
155,0,5,0.0,-16.21666861655455,14,0.0,13,1.0,0.05,3.913,27.352,0.14306083650190113,1.0
155,1,5,1.0,9.785312151320333,9,0.904095112285337,0,0.0,0.7000000000000002,41.635,37.642,1.1060783167738164,1.0
155,2,5,0.0,-15.954369429862046,14,0.0,13,1.0,0.1,3.518,8.191,0.4294957880600659,1.0
155,3,5,0.0,-23.519440397708866,200,0.0,0,0.0,10.000000000000007,952.3819999999993,46.265,20.585366908029812,1.0
155,4,5,1.0,9.938725314183124,8,0.9313621533442088,0,0.0,0.6000000000000001,49.04,45.674,1.0736961947716426,1.0
156,0,5,0.0,-23.058833719495038,200,0.0,0,0.0,10.000000000000007,823.5169999999977,46.181,17.832376951560114,1.0
156,1,5,0.0,-13.03001816937634,13,0.0,10,1.0,0.3,15.738,42.379000000000005,0.3713631751575072,1.0
156,2,5,0.0,-12.9308206195497,14,0.0,10,1.0,0.3,35.291000000000004,58.138999999999996,0.6070107844992175,1.0
156,3,5,0.0,-13.443369388760193,14,0.0,10,1.0,0.2,13.822999999999999,54.82299999999999,0.2521387009102019,1.0
156,4,5,1.0,10.707700092772201,2,0.9012617816965643,0,0.0,0.2,13.156,11.857000000000001,1.1095555368136965,1.0
157,0,5,1.0,10.875,1,1.0,0,0.0,0.05,3.598,3.598,1.0,1.0
157,1,5,1.0,10.342299503414027,5,0.926634264185672,0,0.0,0.35000000000000003,34.771,32.22,1.0791744258224705,1.0
157,2,5,1.0,9.60401300669894,10,0.8423328802668972,0,0.0,0.9000000000000001,48.558,40.901999999999994,1.187179111045915,1.0
157,3,5,1.0,10.635176046702545,3,1.0,0,0.0,0.15000000000000002,21.926000000000002,21.926000000000002,1.0,1.0
157,4,5,0.0,-13.337036169659118,14,0.0,10,1.0,0.30000000000000004,25.02,42.272999999999996,0.5918671492441985,1.0
158,0,5,1.0,9.14887073833926,14,0.7101057509505704,0,0.0,1.05,67.328,47.81,1.4082409537753608,1.0
158,1,5,0.0,-26.430142992902386,200,0.0,0,0.0,15.150000000000002,1287.451999999999,33.673,38.23395598847738,1.0
158,2,5,1.0,9.55447690801768,11,0.6778526188800643,0,0.0,0.8,49.735,33.713,1.4752469373832053,1.0
158,3,5,0.0,-25.92639777171585,200,0.0,0,0.0,15.050000000000002,600.6270000000005,30.427,19.739934926216865,1.0
158,4,5,0.0,-23.66801187677838,200,0.0,0,0.0,10.100000000000009,491.12599999999827,40.415,12.152072250402036,1.0
159,0,5,0.0,-23.161865284974066,200,0.0,0,0.0,10.100000000000009,575.400999999999,70.63799999999999,8.145771397831183,1.0
159,1,5,1.0,10.056447771350799,7,0.6916689080150619,0,0.0,0.55,59.488,41.146,1.4457784474797064,1.0
159,2,5,1.0,10.370335189490188,5,0.8601255521971635,0,0.0,0.3,21.505,18.497,1.162620965561983,1.0
159,3,5,1.0,10.507966890448582,3,1.0,0,0.0,0.4,13.108,13.108,1.0,1.0
159,4,5,0.0,-25.286794988799468,200,0.0,0,0.0,15.000000000000004,729.1999999999981,24.105999999999998,30.249730357587246,1.0
160,0,5,1.0,9.516281563287407,11,0.7241211980046196,0,0.0,0.8500000000000002,51.519,37.306,1.3809842920709805,1.0
160,1,5,1.0,9.90723037575294,8,0.9566231449934832,0,0.0,0.65,43.733,41.836,1.045343723109284,1.0
160,2,5,0.0,-25.554107654740392,200,0.0,0,0.0,15.000000000000002,549.7900000000013,65.933,8.338616474299688,1.0
160,3,5,0.0,-24.856883808499198,200,0.0,0,0.0,12.600000000000016,798.6700000000016,55.77,14.320781782320271,1.0
160,4,5,0.0,-25.613133940182045,200,0.0,0,0.0,15.000000000000004,963.363000000004,9.228,104.39564369310837,1.0
161,0,5,0.0,-26.0242108611143,200,0.0,0,0.0,15.000000000000002,790.0659999999986,42.44499999999999,18.613876781717487,1.0
161,1,5,0.0,-13.755357120765376,17,0.0,10,1.0,0.44999999999999996,27.973,48.498999999999995,0.5767747788614198,1.0
161,2,5,0.0,-33.50766737264526,200,0.0,0,0.0,29.499999999999897,924.4819999999972,44.855,20.610455913498992,1.0
161,3,5,0.0,-13.273804911884088,17,0.0,10,1.0,0.35,31.152,38.926,0.8002877254277346,1.0
161,4,5,0.0,-25.869836346605876,200,0.0,0,0.0,15.000000000000002,993.6730000000043,56.583,17.561334676493015,1.0
162,0,5,1.0,10.729095399061034,2,1.0,0,0.0,0.15000000000000002,26.625,26.625,1.0,1.0
162,1,5,0.0,-12.9,10,0.0,10,1.0,0.0,0.0,52.317,0.0,1.0
162,2,5,0.0,-28.130013042060614,200,0.0,0,0.0,20.000000000000014,1501.2649999999971,36.804,40.79081078143672,1.0
162,3,5,0.0,-23.21466520821934,200,0.0,0,0.0,10.000000000000007,584.1870000000011,25.598,22.821587624033175,1.0
162,4,5,0.0,-12.92945365499728,10,0.0,10,1.0,0.0,0.0,27.565,0.0,1.0
163,0,5,0.0,-23.199159488478692,200,0.0,0,0.0,10.050000000000008,811.7510000000017,41.445,19.58622270478952,1.0
163,1,5,0.0,-23.254095801301013,200,0.0,0,0.0,10.000000000000007,940.3990000000028,25.365,37.07466982061908,1.0
163,2,5,0.0,-24.86535104040683,200,0.0,0,0.0,13.300000000000013,1021.0100000000019,64.494,15.831085062176356,1.0
163,3,5,1.0,10.85,1,1.0,0,0.0,0.1,6.271,6.271,1.0,1.0
163,4,5,1.0,9.818347115358288,9,0.5943882948423742,0,0.0,0.6500000000000001,61.443000000000005,36.521,1.6824019057528545,1.0
164,0,5,0.0,-23.520085302293253,200,0.0,0,0.0,10.200000000000012,870.2849999999961,57.56,15.119614315496804,1.0
164,1,5,0.0,-25.246872942267505,200,0.0,0,0.0,15.000000000000002,2040.620999999994,43.129999999999995,47.313262230465895,1.0
164,2,5,0.0,-23.156328821041992,200,0.0,0,0.0,10.000000000000007,491.2860000000012,37.601,13.065769527406218,1.0
164,3,5,0.0,-25.60018194645574,200,0.0,0,0.0,15.000000000000004,357.74099999999936,53.861999999999995,6.641806839701448,1.0
164,4,5,1.0,9.687928573089353,10,0.8490405874921036,0,0.0,0.7000000000000001,50.656,43.009,1.1777999953498104,1.0
165,0,5,1.0,10.462750755824294,4,0.6945405138339921,0,0.0,0.3,32.384,22.492,1.4398008180686466,1.0
165,1,5,0.0,-13.710608852236547,16,0.0,10,1.0,0.35,30.992999999999995,38.318,0.8088365781095046,1.0
165,2,5,1.0,10.05002473916317,7,0.5974359798219966,0,0.0,0.55,31.123,18.594,1.6738195116704313,1.0
165,3,5,0.0,-22.899525133817804,200,0.0,0,0.0,10.000000000000007,1414.171999999996,33.441,42.288567925600184,1.0
165,4,5,0.0,-13.252880842289425,16,0.0,10,1.0,0.4,46.297000000000004,64.016,0.723209822544364,1.0
166,0,5,0.0,-28.195877551020416,200,0.0,0,0.0,20.000000000000014,1709.7999999999965,24.5,69.78775510204068,1.0
166,1,5,0.0,-23.30901409623173,200,0.0,0,0.0,10.200000000000012,862.0659999999962,36.038,23.92102780398458,1.0
166,2,5,1.0,10.155558264542139,6,0.9384232903365279,0,0.0,0.55,27.754,26.044999999999998,1.0656172009982723,1.0
166,3,5,1.0,9.492989499400974,11,0.8052549939467312,0,0.0,0.9000000000000001,52.864000000000004,42.569,1.2418426554534991,1.0
166,4,5,0.0,-13.327778635299126,17,0.0,10,1.0,0.55,51.05500000000001,37.576,1.3587130083031724,1.0
167,0,5,0.0,-12.959394370284388,11,0.0,10,1.0,0.05,3.345,34.46,0.09706906558328497,1.0
167,1,5,1.0,10.128145158767401,6,0.8622410444540354,0,0.0,0.6,37.072,31.965,1.159768496793368,1.0
167,2,5,0.0,-12.750296385451538,11,0.0,10,1.0,0.05,15.815,53.17399999999999,0.29741979162748716,1.0
167,3,5,0.0,-28.160474114106727,200,0.0,0,0.0,20.00000000000003,1045.2000000000005,32.566,32.09482282134743,1.0
167,4,5,1.0,9.85501876724099,8,0.8293204320432044,0,0.0,0.7500000000000002,53.327999999999996,44.226,1.2058065391398725,1.0
168,0,5,0.0,-22.93080618923322,200,0.0,0,0.0,10.000000000000007,646.0530000000008,52.86600000000001,12.22057655203724,1.0
168,1,5,0.0,-13.213776154258849,13,0.0,10,1.0,0.25,13.125,31.687,0.4142077192539527,1.0
168,2,5,1.0,10.366891553240627,5,0.9952319241020122,0,0.0,0.3,40.897000000000006,40.702,1.0047909193651419,1.0
168,3,5,1.0,9.894763087736306,9,0.6298755820166398,0,0.0,0.49999999999999994,52.404,33.007999999999996,1.5876151236063987,1.0
168,4,5,0.0,-12.704876096397856,13,0.0,10,1.0,0.30000000000000004,26.466,35.229,0.7512560674444351,1.0
169,0,5,1.0,10.560763639548123,3,1.0,0,0.0,0.30000000000000004,11.419,11.419,1.0,1.0
169,1,5,1.0,10.609900431756103,3,0.7779681930353715,0,0.0,0.2,14.588000000000001,11.349,1.2853995946779453,1.0
169,2,5,0.0,-25.32990697366095,200,0.0,0,0.0,13.300000000000013,683.2040000000005,45.256,15.096429202757657,1.0
169,3,5,0.0,-25.866880965269647,200,0.0,0,0.0,14.900000000000002,386.9259999999993,70.19800000000001,5.511923416621546,1.0
169,4,5,0.0,-24.743633555608067,200,0.0,0,0.0,12.500000000000014,1012.5280000000001,55.037,18.397223685884043,1.0
170,0,5,0.0,-27.81729024943309,200,0.0,0,0.0,20.000000000000014,1191.801000000001,35.28,33.781207482993224,1.0
170,1,5,1.0,10.727779184247538,2,1.0,0,0.0,0.15000000000000002,7.11,7.11,1.0,1.0
170,2,5,1.0,10.582725729212015,3,0.7808144673329253,0,0.0,0.25,14.709000000000001,11.485,1.2807139747496736,1.0
170,3,5,1.0,9.37173803396809,12,0.7427824331763411,0,0.0,0.9500000000000002,65.396,48.575,1.3462892434379825,1.0
170,4,5,0.0,-25.81031379265769,200,0.0,0,0.0,15.000000000000002,825.1320000000012,30.944000000000003,26.665330920372323,1.0
171,0,5,0.0,-26.594116464027763,200,0.0,0,0.0,16.549999999999994,1283.0159999999998,43.756,29.322058689094064,1.0
171,1,5,1.0,9.684476681545329,10,0.8681621540363125,0,0.0,0.7,59.86900000000001,51.976,1.1518585501000462,1.0
171,2,5,1.0,10.629604867532763,3,0.7548066629555088,0,0.0,0.15000000000000002,23.353,17.627,1.324842571055767,1.0
171,3,5,0.0,-26.122554050204197,200,0.0,0,0.0,14.950000000000003,912.2059999999967,31.591,28.875502516539417,1.0
171,4,5,0.0,-23.37578338208555,200,0.0,0,0.0,10.100000000000009,1030.3840000000012,63.245,16.291944027195843,1.0
172,0,5,1.0,9.483671752213747,11,0.8047693233175487,0,0.0,0.9500000000000001,64.831,52.174,1.2425920956798406,1.0
172,1,5,0.0,-25.584793013272858,200,0.0,0,0.0,15.000000000000004,962.617000000004,40.534,23.748384072630486,1.0
172,2,5,0.0,-30.525174349379075,200,0.0,0,0.0,25.0,1474.5599999999927,58.790000000000006,25.0818166354821,1.0
172,3,5,1.0,10.46799790456234,4,0.6867028582641114,0,0.0,0.3,15.289000000000001,10.499,1.4562339270406706,1.0
172,4,5,0.0,-22.886487287325558,200,0.0,0,0.0,10.000000000000007,764.2000000000033,41.848,18.261326706174806,1.0
173,0,5,0.0,-12.699383955771184,11,0.0,10,1.0,0.1,8.205,8.863,0.925758772424687,1.0
173,1,5,1.0,10.875,1,1.0,0,0.0,0.05,3.438,3.438,1.0,1.0
173,2,5,0.0,-25.385110873125864,200,0.0,0,0.0,15.000000000000002,1459.0000000000018,63.496,22.97782537482679,1.0
173,3,5,0.0,-13.09044195765464,11,0.0,10,1.0,0.05,3.367,39.721000000000004,0.08476624455577653,1.0
173,4,5,1.0,9.492204146923006,11,0.7851514828374745,0,0.0,0.9000000000000001,84.39900000000002,66.26600000000002,1.273639573838771,1.0
174,0,5,0.0,-25.57380504328196,200,0.0,0,0.0,15.000000000000002,784.4000000000033,53.14000000000001,14.761008656379435,1.0
174,1,5,1.0,10.266267525411847,5,0.9908400260473194,0,0.0,0.5000000000000001,23.034999999999997,22.823999999999998,1.0092446547493865,1.0
174,2,5,1.0,10.491510586579672,4,1.0,0,0.0,0.25,15.633,15.633,1.0,1.0
174,3,5,0.0,-27.933888191585588,200,0.0,0,0.0,19.850000000000016,1492.6879999999971,39.836,37.47083040465903,1.0
174,4,5,0.0,-23.61111149881895,200,0.0,0,0.0,12.050000000000017,835.1520000000002,37.256,22.416577195619503,1.0
175,0,5,0.0,-13.799178505250152,19,0.0,10,1.0,0.7000000000000001,30.038999999999998,8.095,3.710809141445336,1.0
175,1,5,0.0,-25.51315670289863,200,0.0,0,0.0,15.000000000000004,1038.2699999999975,44.160000000000004,23.51154891304342,1.0
175,2,5,0.0,-13.375762347707393,19,0.0,10,1.0,0.95,58.571,59.342999999999996,0.9869908835077431,1.0
175,3,5,1.0,9.78343741868332,9,0.9554399586911205,0,0.0,0.7000000000000002,52.289,49.959,1.0466382433595547,1.0
175,4,5,0.0,-25.69959456005851,200,0.0,0,0.0,15.000000000000002,404.70099999999854,54.78,7.387751004016038,1.0
176,0,5,0.0,-23.205835699797177,200,0.0,0,0.0,10.000000000000007,979.9399999999994,59.160000000000004,16.564232589587547,1.0
176,1,5,0.0,-28.703855753858114,200,0.0,0,0.0,19.85000000000003,724.3910000000005,30.648999999999997,23.635061502822296,1.0
176,2,5,0.0,-23.003821970164,200,0.0,0,0.0,10.000000000000007,1153.1989999999996,48.666,23.69619446841737,1.0
176,3,5,0.0,-28.26128174773993,200,0.0,0,0.0,19.70000000000003,856.4980000000007,37.168,23.043962548428777,1.0
176,4,5,1.0,10.344457892005739,5,1.0,0,0.0,0.35,32.760999999999996,32.760999999999996,1.0,1.0
177,0,5,0.0,-24.978651410527775,200,0.0,0,0.0,13.300000000000013,660.825,57.638,11.46509247371526,1.0
177,1,5,1.0,10.057242370956516,7,0.821308220002407,0,0.0,0.55,33.236000000000004,27.297,1.2175696963036233,1.0
177,2,5,1.0,10.128875352348192,6,0.48733410942956923,0,0.0,0.6,42.95,20.931,2.0519803162772923,1.0
177,3,5,1.0,10.472444919064749,4,0.5293347613947399,0,0.0,0.3,16.806,8.895999999999999,1.8891636690647484,1.0
177,4,5,1.0,10.079511810526979,7,0.6964419064353172,0,0.0,0.5,45.53,31.708999999999996,1.4358699422876788,1.0
178,0,5,1.0,10.612298156057923,3,0.7345423936333026,0,0.0,0.2,13.068000000000001,9.599,1.3613918116470467,1.0
178,1,5,1.0,9.91938623758152,8,0.31438864084925366,0,0.0,0.7000000000000002,52.187,16.407,3.1807764978362894,1.0
178,2,5,1.0,10.500261599210267,4,0.6002073766849356,0,0.0,0.25,20.253,12.156,1.6660908193484698,1.0
178,3,5,0.0,-23.01504556528011,200,0.0,0,0.0,10.000000000000007,1104.187000000002,44.332,24.907222773617296,1.0
178,4,5,1.0,10.172101677023104,6,0.9804295156775573,0,0.0,0.5,42.513000000000005,41.681,1.0199611333701208,1.0
179,0,5,1.0,10.313814203354298,5,0.983167296461697,0,0.0,0.4,23.288,22.896,1.017120894479385,1.0
179,1,5,1.0,10.033234878557492,7,0.8801444898442589,0,0.0,0.6000000000000001,33.774,29.726,1.136177084034179,1.0
179,2,5,0.0,-22.868751482799517,200,0.0,0,0.0,10.000000000000007,678.5999999999993,43.836,15.480427046263332,1.0
179,3,5,1.0,10.508031351791532,4,0.509649304835028,0,0.0,0.2,19.276,9.824,1.9621335504885993,1.0
179,4,5,0.0,-23.02118911437244,200,0.0,0,0.0,10.000000000000007,898.1999999999975,49.129,18.282480815811386,1.0
180,0,5,1.0,9.96802751878338,8,0.43310528688765604,0,0.0,0.55,51.013,22.093999999999998,2.3089073956730335,1.0
180,1,5,1.0,10.205409210787511,6,1.0,0,0.0,0.44999999999999996,35.263,35.263,1.0,1.0
180,2,5,1.0,10.441527421706127,4,0.8481708876950627,0,0.0,0.35000000000000003,23.454,19.893,1.17900769114764,1.0
180,3,5,1.0,9.816019726858878,9,0.756570021082514,0,0.0,0.65,47.907,36.245,1.3217547247896262,1.0
180,4,5,0.0,-25.663261468680002,200,0.0,0,0.0,15.050000000000002,1025.5830000000024,52.25100000000001,19.62800711948101,1.0
181,0,5,1.0,10.485152472858866,4,0.7609134633035943,0,0.0,0.25,27.237000000000002,20.725,1.3142098914354645,1.0
181,1,5,0.0,-25.486335106291957,200,0.0,0,0.0,15.000000000000004,733.0620000000004,58.471000000000004,12.537189375929954,1.0
181,2,5,1.0,10.755601398601398,2,0.9903047091412743,0,0.0,0.1,8.664,8.58,1.0097902097902098,1.0
181,3,5,0.0,-25.395916082029174,200,0.0,0,0.0,15.050000000000002,1823.0539999999912,14.824,122.97989746357199,1.0
181,4,5,1.0,9.541622641509433,11,0.8234171218370302,0,0.0,0.7999999999999999,71.76800000000001,59.09499999999999,1.2144513072171932,1.0
182,0,5,0.0,-23.01495763822173,200,0.0,0,0.0,10.000000000000007,539.599999999998,45.796,11.782688444405581,1.0
182,1,5,0.0,-26.379895009263883,200,0.0,0,0.0,15.000000000000002,923.854999999998,34.003,27.16980854630468,1.0
182,2,5,0.0,-23.756119817342046,200,0.0,0,0.0,10.350000000000012,851.2109999999974,77.08400000000002,11.042641793368237,1.0
182,3,5,0.0,-23.149819578090217,200,0.0,0,0.0,10.000000000000007,3155.673000000009,43.232000000000006,72.99391654330145,1.0
182,4,5,1.0,10.419235829623231,4,0.6112013646332548,0,0.0,0.4,24.622,15.049,1.6361220014618911,1.0
183,0,5,1.0,10.530575772085228,3,0.734030401546437,0,0.0,0.35000000000000003,34.143,25.061999999999998,1.3623413933445059,1.0
183,1,5,1.0,10.585091770723634,3,0.9964023384799882,0,0.0,0.25,13.341999999999999,13.294,1.0036106514216938,1.0
183,2,5,0.0,-22.953342412220895,200,0.0,0,0.0,10.000000000000007,965.5980000000035,16.889,57.1731896500683,1.0
183,3,5,1.0,9.248709828979516,13,0.5084012393704871,0,0.0,1.05,73.263,37.247,1.9669503584181278,1.0
183,4,5,0.0,-25.476042721254856,200,0.0,0,0.0,15.000000000000004,804.7059999999977,53.93099999999999,14.921028721885333,1.0
184,0,5,1.0,10.348641971749784,5,0.44734738090939563,0,0.0,0.35,38.773,17.345,2.2353992505044684,1.0
184,1,5,0.0,-23.33706867572719,200,0.0,0,0.0,10.250000000000012,865.3279999999967,76.15500000000003,11.36272076685702,1.0
184,2,5,0.0,-25.4872494172493,200,0.0,0,0.0,15.000000000000004,882.0040000000002,27.456000000000003,32.124271561771565,1.0
184,3,5,1.0,10.246192662269525,5,0.9083760276420826,0,0.0,0.55,58.751000000000005,53.367999999999995,1.1008656873032532,1.0
184,4,5,1.0,10.609513078470824,3,1.0,0,0.0,0.2,14.91,14.91,1.0,1.0
185,0,5,0.0,-24.388155668358667,200,0.0,0,0.0,12.500000000000016,714.5399999999996,59.1,12.090355329949231,1.0
185,1,5,1.0,10.26946994855766,5,0.840374302287403,0,0.0,0.49999999999999994,18.273999999999997,15.357,1.1899459529856091,1.0
185,2,5,0.0,-25.548736324476806,200,0.0,0,0.0,15.000000000000004,1010.9389999999962,52.466,19.26845957381916,1.0
185,3,5,1.0,10.53561435302646,3,1.0,0,0.0,0.35,11.036000000000001,11.036000000000001,1.0,1.0
185,4,5,1.0,10.125204616105266,7,0.6444999451092326,0,0.0,0.39999999999999997,36.436,23.482999999999997,1.5515905122854834,1.0
186,0,5,0.0,-22.885873317224707,200,0.0,0,0.0,10.000000000000007,728.4000000000027,23.176,31.429064549534118,1.0
186,1,5,0.0,-23.355751858463023,200,0.0,0,0.0,10.000000000000007,824.6480000000041,44.257000000000005,18.63316537496902,1.0
186,2,5,1.0,9.654045010828964,10,0.5655276471110322,0,0.0,0.7999999999999999,56.335,31.859,1.7682601462695,1.0
186,3,5,0.0,-22.96833123009427,200,0.0,0,0.0,10.000000000000007,1185.6039999999998,49.923,23.748652925505272,1.0
186,4,5,1.0,9.86781765363935,8,0.9452839843083748,0,0.0,0.7500000000000001,58.62999999999999,55.422000000000004,1.0578831510952327,1.0
187,0,5,1.0,9.25513470681458,13,0.6086356243144079,0,0.0,1.0,52.874,32.181000000000004,1.6430191728038281,1.0
187,1,5,1.0,9.574197679509632,10,0.8662014563106794,0,0.0,0.9500000000000002,52.736000000000004,45.67999999999999,1.1544658493870406,1.0
187,2,5,1.0,10.133969567675937,7,0.7122640645881773,0,0.0,0.39999999999999997,54.623,38.906000000000006,1.4039736801521614,1.0
187,3,5,0.0,-22.951643280112567,200,0.0,0,0.0,10.000000000000007,570.0000000000022,58.937000000000005,9.671343977467501,1.0
187,4,5,1.0,10.519175525183497,4,0.777067558265316,0,0.0,0.2,20.338,15.803999999999998,1.2868893950898508,1.0
188,0,5,1.0,10.438028931487397,4,0.7804945625822539,0,0.0,0.35000000000000003,14.437000000000001,11.268,1.2812389066382677,1.0
188,1,5,1.0,10.086883450411662,7,0.725186240140228,0,0.0,0.5000000000000001,36.51199999999999,26.478,1.378956114510159,1.0
188,2,5,0.0,-22.371512445044488,200,0.0,0,0.0,10.100000000000009,963.6870000000031,28.886999999999997,33.360577422370035,1.0
188,3,5,1.0,10.079903886177016,6,0.8409011359658892,0,0.0,0.7000000000000001,31.427,26.427,1.1892004389450184,1.0
188,4,5,0.0,-23.388303521520395,200,0.0,0,0.0,10.10000000000001,1883.741999999993,50.092000000000006,37.60564561207364,1.0
189,0,5,1.0,9.946927058372472,8,0.648831858040175,0,0.0,0.6,48.239,31.299,1.5412313492443848,1.0
189,1,5,1.0,9.884925471791652,8,0.8789762658687506,0,0.0,0.7000000000000002,34.423,30.257,1.1376871467759526,1.0
189,2,5,0.0,-25.559022492812453,200,0.0,0,0.0,15.000000000000004,1023.4110000000026,29.565,34.615626585489686,1.0
189,3,5,1.0,10.19825427960057,6,0.9233302233686408,0,0.0,0.44999999999999996,18.220999999999997,16.824,1.0830361388492626,1.0
189,4,5,0.0,-22.999843354306414,200,0.0,0,0.0,10.000000000000007,678.5999999999993,38.303000000000004,17.716627940370188,1.0
190,0,5,1.0,10.226334809836567,6,0.824766943814563,0,0.0,0.39999999999999997,39.69,32.735,1.2124637238429814,1.0
190,1,5,0.0,-24.584961152102426,200,0.0,0,0.0,13.400000000000013,949.9029999999997,56.245000000000005,16.888665659169696,1.0
190,2,5,0.0,-22.913627238416396,200,0.0,0,0.0,10.000000000000007,1075.6000000000024,62.265,17.27455231671087,1.0
190,3,5,0.0,-22.959480196577392,200,0.0,0,0.0,10.000000000000007,1480.844999999996,51.480999999999995,28.76488413200979,1.0
190,4,5,1.0,9.73527049781961,9,0.8415143697998038,0,0.0,0.8,55.04600000000001,46.322,1.1883338370536678,1.0
191,0,5,0.0,-12.931226141333225,12,0.0,10,1.0,0.3,8.255,24.467000000000002,0.33739322352556506,1.0
191,1,5,0.0,-13.17439243474363,12,0.0,10,1.0,0.15000000000000002,10.626,58.001999999999995,0.18320057929036931,1.0
191,2,5,0.0,-25.40239707147113,200,0.0,0,0.0,15.000000000000002,885.2000000000028,45.346999999999994,19.52058570577994,1.0
191,3,5,0.0,-28.53228972825279,200,0.0,0,0.0,19.80000000000003,607.0040000000009,54.168000000000006,11.205951853492852,1.0
191,4,5,0.0,-28.08806963645683,200,0.0,0,0.0,20.000000000000014,1826.000000000009,41.013,44.52246848560235,1.0
192,0,5,1.0,10.467478565304372,4,0.7617699885701844,0,0.0,0.3,18.373,13.995999999999999,1.3127322092026295,1.0
192,1,5,0.0,-12.785982794796475,11,0.0,10,1.0,0.05,3.066,11.915000000000001,0.2573227024758707,1.0
192,2,5,1.0,4.136830510731804,15,0.709563108325196,5,0.0,0.8500000000000001,63.49400000000001,45.053,1.4093179144563073,1.0
192,3,5,0.0,-13.001069604086847,11,0.0,10,1.0,0.1,4.203,12.528,0.33548850574712646,1.0
192,4,5,0.0,-23.42091037931143,200,0.0,0,0.0,10.050000000000008,580.0980000000022,31.399,18.475046976018415,1.0
193,0,5,0.0,-30.969510928832133,200,0.0,0,0.0,24.7,602.4819999999987,42.182,14.282916883978917,1.0
193,1,5,1.0,9.609896188410287,10,0.8381527912453248,0,0.0,0.8500000000000001,57.751999999999995,48.404999999999994,1.1930998863753746,1.0
193,2,5,0.0,-28.052482951930738,200,0.0,0,0.0,20.000000000000014,1523.7999999999972,47.806,31.874660084508164,1.0
193,3,5,0.0,-25.586464702978517,200,0.0,0,0.0,15.000000000000004,1344.7830000000015,60.769999999999996,22.12906039164064,1.0
193,4,5,0.0,-28.200854500616494,200,0.0,0,0.0,19.90000000000003,1103.2199999999984,48.66000000000001,22.672009864364945,1.0
194,0,5,0.0,-22.913330358281303,200,0.0,0,0.0,10.000000000000007,543.7999999999996,31.372,17.333928343746003,1.0
194,1,5,0.0,-25.495896738255446,200,0.0,0,0.0,15.050000000000002,781.8780000000017,31.057000000000002,25.175580384454445,1.0
194,2,5,0.0,-23.130181142917262,200,0.0,0,0.0,10.000000000000007,1486.2000000000048,57.081999999999994,26.036228583441453,1.0
194,3,5,1.0,9.909934830274485,8,0.7265646895697196,0,0.0,0.65,67.79299999999999,49.256,1.3763399382816306,1.0
194,4,5,1.0,9.91010098180135,8,0.7561806860469398,0,0.0,0.65,54.282000000000004,41.04699999999999,1.3224352571442497,1.0
195,0,5,0.0,-22.856653054848927,200,0.0,0,0.0,10.000000000000007,965.0000000000034,44.814,21.533449368500992,1.0
195,1,5,1.0,10.290979960899316,5,0.39136672298912867,0,0.0,0.5,31.367,12.276,2.5551482567611603,1.0
195,2,5,0.0,-13.295326319212188,15,0.0,10,1.0,0.5,21.740000000000002,43.056,0.5049238201412115,1.0
195,3,5,0.0,-13.500585560162374,15,0.0,10,1.0,0.45,26.262999999999998,46.06700000000001,0.5701044131373867,1.0
195,4,5,0.0,-25.898415099427037,200,0.0,0,0.0,15.000000000000002,426.8799999999984,74.175,5.755038759689901,1.0
196,0,5,0.0,-25.481799736495375,200,0.0,0,0.0,15.000000000000004,1293.625999999999,7.59,170.43820816864283,1.0
196,1,5,0.0,-22.693846826283348,200,0.0,0,0.0,10.000000000000007,1261.4000000000024,20.591,61.2597736875335,1.0
196,2,5,0.0,-23.082291855340156,200,0.0,0,0.0,10.000000000000007,967.8000000000052,49.689,19.47714785968736,1.0
196,3,5,0.0,-22.920541324311223,200,0.0,0,0.0,10.000000000000007,806.6770000000017,51.724999999999994,15.595495408409896,1.0
196,4,5,0.0,-25.544916529830424,200,0.0,0,0.0,15.000000000000004,930.7619999999979,58.464,15.92025862068962,1.0
197,0,5,0.0,-23.12900911889411,200,0.0,0,0.0,10.000000000000007,853.8299999999974,34.434,24.796131730266524,1.0
197,1,5,0.0,-25.349232456140374,200,0.0,0,0.0,15.000000000000004,525.873999999998,21.888,24.02567616959055,1.0
197,2,5,1.0,9.458115510227467,12,0.6551057560572788,0,0.0,0.8,53.283,34.90599999999999,1.5264710937947634,1.0
197,3,5,0.0,-23.511213660409105,200,0.0,0,0.0,10.050000000000008,911.0939999999986,21.361,42.6522166565235,1.0
197,4,5,0.0,-22.88971292453518,200,0.0,0,0.0,10.000000000000007,898.1999999999975,40.721000000000004,22.057415092949523,1.0
198,0,5,0.0,-23.101154682250623,200,0.0,0,0.0,10.000000000000007,963.7580000000034,35.42100000000001,27.208661528471904,1.0
198,1,5,0.0,-12.92922595086063,10,0.0,10,1.0,0.0,0.0,57.632000000000005,0.0,1.0
198,2,5,1.0,10.34879264539122,5,0.7645907649623465,0,0.0,0.35,40.368,30.865000000000002,1.307889194880933,1.0
198,3,5,0.0,-22.856063070954843,200,0.0,0,0.0,10.000000000000007,1150.1999999999966,39.955,28.787385809035083,1.0
198,4,5,0.0,-12.899999999999999,10,0.0,10,1.0,0.0,0.0,16.259,0.0,1.0
199,0,5,0.0,-13.352039447517807,14,0.0,10,1.0,0.3,16.421,55.314,0.2968687854792638,1.0
199,1,5,1.0,10.317511234013134,5,0.9964980768126758,0,0.0,0.39999999999999997,17.419,17.358,1.0035142297499713,1.0
199,2,5,0.0,-13.287262724793123,14,0.0,10,1.0,0.44999999999999996,25.25,43.262,0.5836530904720078,1.0
199,3,5,0.0,-23.111110774359744,25,0.0,19,1.0,0.5,39.869,59.391000000000005,0.6712969978616288,1.0
199,4,5,0.0,-24.593635818367865,200,0.0,0,0.0,13.400000000000013,950.3439999999997,56.68600000000001,16.765056627738765,1.0
