scenario_id,robot_id,robots,success,reward,steps,spl,collisions,deadlock,cumulative_risk,path_length,shortest_path_length,detour,disruption_applied
0,0,5,0.0,-25.696789011530118,200,0.0,0,0.0,14.950000000000003,951.2949999999965,48.742,19.5169463706864,1.0
0,1,5,0.0,-25.444504237858236,200,0.0,0,0.0,15.000000000000004,1244.0649999999985,59.464,20.92131373604195,1.0
0,2,5,0.0,-22.988188789904694,200,0.0,0,0.0,10.050000000000008,1120.6040000000035,58.483000000000004,19.161192141306078,1.0
0,3,5,0.0,-25.460642944312507,200,0.0,0,0.0,15.000000000000002,1037.6899999999973,62.27600000000001,16.662759329436657,1.0
0,4,5,1.0,9.731328958162427,10,0.6636722471757178,0,0.0,0.65,73.47,48.75999999999999,1.5067678424938478,1.0
1,0,5,0.0,-22.79609721826254,200,0.0,0,0.0,10.000000000000007,940.5399999999986,49.105999999999995,19.153260294057727,1.0
1,1,5,0.0,-25.42169448010267,200,0.0,0,0.0,15.000000000000002,784.8090000000033,55.309,14.189535157026945,1.0
1,2,5,1.0,10.279567015912315,6,0.9754079048123934,0,0.0,0.3,33.95399999999999,33.119,1.0252121138923276,1.0
1,3,5,0.0,-30.028376793790855,200,0.0,0,0.0,24.000000000000014,994.9600000000008,35.818,27.778212072142523,1.0
1,4,5,0.0,-25.424762539657817,200,0.0,0,0.0,15.050000000000002,1110.6379999999995,51.376999999999995,21.617416353621262,1.0
2,0,5,0.0,-12.87903273029864,11,0.0,10,1.0,0.05,4.957,32.447,0.1527722131475945,1.0
2,1,5,0.0,-22.95234679243196,200,0.0,0,0.0,10.000000000000007,1079.8159999999998,36.257999999999996,29.78145512714435,1.0
2,2,5,1.0,10.635824562929459,3,0.8833653476757587,0,0.0,0.15000000000000002,13.015,11.497,1.1320344437679395,1.0
2,3,5,0.0,-22.956144476320404,200,0.0,0,0.0,10.000000000000007,1105.6000000000029,42.526,25.998212858016338,1.0
2,4,5,0.0,-13.107669994683052,11,0.0,10,1.0,0.05,3.525,33.854,0.1041235895315177,1.0
3,0,5,1.0,8.866214536644458,16,0.5386763765449016,0,0.0,1.2500000000000004,76.623,41.275,1.8564021804966688,1.0
3,1,5,0.0,-22.994610405621962,200,0.0,0,0.0,10.050000000000008,818.5820000000023,24.333,33.64081699749321,1.0
3,2,5,0.0,-28.117653323776423,200,0.0,0,0.0,19.950000000000017,909.502000000002,54.410999999999994,16.71540681112279,1.0
3,3,5,0.0,-25.788431596239924,200,0.0,0,0.0,15.050000000000002,706.5439999999974,43.828,16.120835995254115,1.0
3,4,5,0.0,-27.070206157287274,200,0.0,0,0.0,17.600000000000033,600.0139999999993,47.391000000000005,12.66092718026628,1.0
4,0,5,0.0,-24.455205135940265,200,0.0,0,0.0,12.850000000000016,1127.0749999999991,26.519,42.50065990421959,1.0
4,1,5,1.0,10.516731527406842,4,0.46250220575260276,0,0.0,0.2,17.001,7.863,2.162151850438764,1.0
4,2,5,0.0,-32.89359495674487,200,0.0,0,0.0,30.000000000000004,1417.7940000000028,36.643,38.692083071800965,1.0
4,3,5,1.0,9.028808016063016,15,0.5967418604115304,0,0.0,1.1,86.79799999999999,51.79600000000001,1.675766468453162,1.0
4,4,5,0.0,-23.120007767492954,200,0.0,0,0.0,10.000000000000007,1367.256000000002,30.898,44.25063110880969,1.0
5,0,5,0.0,-23.402915791124357,200,0.0,0,0.0,10.050000000000008,758.3139999999997,63.77000000000001,11.89139093617688,1.0
5,1,5,0.0,-22.994587058148134,200,0.0,0,0.0,10.000000000000007,309.6000000000003,48.772,6.347904535389164,1.0
5,2,5,0.0,-29.05593535000532,200,0.0,0,0.0,24.900000000000002,495.7590000000006,9.157,54.139892978049645,1.0
5,3,5,1.0,10.633329793396408,3,1.0,0,0.0,0.15000000000000002,10.358,10.358,1.0,1.0
5,4,5,0.0,-24.184062355561192,200,0.0,0,0.0,12.500000000000014,787.5000000000003,47.598000000000006,16.544812807260815,1.0
6,0,5,1.0,9.224488411968911,13,0.6870775232724324,0,0.0,1.0500000000000003,103.556,71.15100000000001,1.45543983921519,1.0
6,1,5,1.0,10.351596189591078,5,0.7321595645147573,0,0.0,0.35,23.514,17.216,1.3658224907063197,1.0
6,2,5,0.0,-25.425142428035034,200,0.0,0,0.0,15.000000000000002,1598.9189999999994,59.925,26.682002503128903,1.0
6,3,5,0.0,-25.56688125121523,200,0.0,0,0.0,15.000000000000004,802.0809999999977,46.291,17.326931800997986,1.0
6,4,5,0.0,-32.97754429336626,200,0.0,0,0.0,30.000000000000004,1418.6930000000027,58.248,24.356080895481437,1.0
7,0,5,0.0,-25.96102327761289,200,0.0,0,0.0,14.950000000000003,415.11500000000143,51.208,8.106448211217026,1.0
7,1,5,0.0,-25.63994043043812,200,0.0,0,0.0,15.000000000000004,1165.2000000000032,41.632,27.988086087624982,1.0
7,2,5,0.0,-25.4477445954029,200,0.0,0,0.0,14.950000000000003,1623.7830000000044,58.51500000000001,27.7498590105102,1.0
7,3,5,0.0,-25.19519969666327,200,0.0,0,0.0,15.000000000000002,778.4010000000023,31.648,24.595582659251843,1.0
7,4,5,0.0,-24.69413692194373,200,0.0,0,0.0,13.300000000000013,915.4329999999983,50.233,18.223737383791498,1.0
8,0,5,0.0,-27.033462659449658,200,0.0,0,0.0,17.5,1087.3490000000008,52.838,20.578920473901373,1.0
8,1,5,0.0,-25.9120561009818,200,0.0,0,0.0,14.950000000000003,973.1370000000028,71.3,13.648485273492327,1.0
8,2,5,1.0,10.21735564014045,5,0.980642361111111,0,0.0,0.6,34.56,33.891,1.0197397539169692,1.0
8,3,5,0.0,-24.648444058428684,200,0.0,0,0.0,13.300000000000013,557.7099999999987,63.325,8.80710619818395,1.0
8,4,5,0.0,-32.96454641879129,200,0.0,0,0.0,29.800000000000004,1415.0570000000027,51.854,27.28925444517304,1.0
9,0,5,0.0,-24.160585885486036,200,0.0,0,0.0,12.000000000000016,845.1200000000005,37.550000000000004,22.50652463382158,1.0
9,1,5,0.0,-23.246687391555806,200,0.0,0,0.0,10.050000000000008,679.1779999999973,27.664,24.550968768073933,1.0
9,2,5,1.0,9.92772459041851,8,0.8740117403549251,0,0.0,0.6000000000000001,58.942,51.516,1.1441493904806275,1.0
9,3,5,1.0,9.98688292500055,8,0.7567797600173561,0,0.0,0.5,59.92099999999999,45.346999999999994,1.32138840496615,1.0
9,4,5,0.0,-24.558785870501705,200,0.0,0,0.0,13.300000000000013,1237.1680000000013,30.178,40.99569222612503,1.0
10,0,5,0.0,-25.54961174607246,200,0.0,0,0.0,15.050000000000002,1028.0640000000024,46.721999999999994,22.003852574804213,1.0
10,1,5,0.0,-28.209079431480166,200,0.0,0,0.0,19.95000000000003,614.4069999999996,39.682,15.483266972430814,1.0
10,2,5,1.0,10.367761186209787,5,0.7198189703941166,0,0.0,0.3,26.515,19.086000000000002,1.3892381850571098,1.0
10,3,5,1.0,10.313095730856237,5,0.984691943127962,0,0.0,0.39999999999999997,42.2,41.554,1.0155460364826492,1.0
10,4,5,0.0,-25.4226236088305,200,0.0,0,0.0,15.000000000000004,935.762000000003,54.81,17.072833424557615,1.0
11,0,5,0.0,-23.11189014634145,200,0.0,0,0.0,10.050000000000008,1128.7170000000035,51.25,22.023746341463482,1.0
11,1,5,1.0,9.440081077978359,12,0.54420079342767,0,0.0,0.8500000000000001,64.026,34.842999999999996,1.8375570415865454,1.0
11,2,5,1.0,10.076545776077,7,0.7969226504019962,0,0.0,0.5000000000000001,43.284,34.494,1.2548269264219865,1.0
11,3,5,0.0,-23.35734370984327,200,0.0,0,0.0,10.050000000000008,1275.7670000000012,62.25599999999999,20.492273837059905,1.0
11,4,5,0.0,-24.898399739900864,200,0.0,0,0.0,13.400000000000013,725.8770000000011,61.51499999999999,11.800000000000018,1.0
12,0,5,0.0,-25.163896983539406,200,0.0,0,0.0,15.000000000000004,1732.2000000000014,25.394,68.21296369221082,1.0
12,1,5,1.0,9.305553479266774,12,0.7676491683459133,0,0.0,1.1000000000000003,58.558000000000014,44.952000000000005,1.30267841252892,1.0
12,2,5,1.0,9.948657453956887,8,0.8454520951255416,0,0.0,0.55,48.23100000000001,40.77700000000001,1.1827991269588247,1.0
12,3,5,1.0,10.07691380640185,7,0.739114943347823,0,0.0,0.5,56.132,41.488,1.3529695333590435,1.0
12,4,5,0.0,-25.571872969054684,200,0.0,0,0.0,15.000000000000002,659.9999999999992,40.006,16.4975253711943,1.0
13,0,5,1.0,10.347582262613601,5,0.8044267419582535,0,0.0,0.35,19.834,15.955,1.2431212785960513,1.0
13,1,5,0.0,-23.144496119461618,200,0.0,0,0.0,10.000000000000007,281.8650000000004,50.894999999999996,5.538166814028892,1.0
13,2,5,1.0,10.326061524203322,5,0.8765779277590301,0,0.0,0.4,32.004000000000005,28.054000000000002,1.1407998859342696,1.0
13,3,5,1.0,10.363116251482799,5,0.3869102258123738,0,0.0,0.35000000000000003,21.788,8.43,2.584578884934757,1.0
13,4,5,0.0,-23.239712422346066,200,0.0,0,0.0,10.050000000000008,636.8099999999993,43.623000000000005,14.59803314765145,1.0
14,0,5,0.0,-28.15898184852908,200,0.0,0,0.0,20.00000000000003,759.577999999998,28.758000000000003,26.412754711732315,1.0
14,1,5,1.0,10.07177750948603,7,0.751542489759942,0,0.0,0.49999999999999994,38.574,28.990000000000002,1.330596757502587,1.0
14,2,5,0.0,-22.910807631991666,200,0.0,0,0.0,10.000000000000007,1184.4579999999999,45.912000000000006,25.798440494859726,1.0
14,3,5,1.0,10.05173817688811,7,0.46773351238436295,0,0.0,0.6,53.61599999999999,25.078,2.1379695350506416,1.0
14,4,5,0.0,-23.50600518872726,200,0.0,0,0.0,11.250000000000014,1029.65,49.145,20.951266659884016,1.0
15,0,5,0.0,-26.59208738517442,200,0.0,0,0.0,16.650000000000052,908.383000000001,29.719,30.565732359769875,1.0
15,1,5,0.0,-25.61713686173929,200,0.0,0,0.0,15.000000000000004,888.0690000000028,42.89,20.705735602704657,1.0
15,2,5,0.0,-22.36892242375841,200,0.0,0,0.0,10.200000000000012,337.5879999999998,47.57899999999999,7.095315160049599,1.0
15,3,5,0.0,-23.05008334596152,200,0.0,0,0.0,10.000000000000007,834.2000000000032,52.792,15.80163661160788,1.0
15,4,5,0.0,-25.220423989415842,200,0.0,0,0.0,15.050000000000002,964.8200000000027,55.93299999999999,17.249566445568856,1.0
16,0,5,0.0,-22.820135840901486,200,0.0,0,0.0,10.000000000000007,690.7749999999982,38.86899999999999,17.771874758805172,1.0
16,1,5,0.0,-22.86132317746695,200,0.0,0,0.0,10.000000000000007,729.4720000000029,21.727999999999998,33.57290132547878,1.0
16,2,5,1.0,9.748492670490759,9,0.7346021490273192,0,0.0,0.8,42.717000000000006,31.38,1.3612810707456982,1.0
16,3,5,0.0,-26.306756800675995,200,0.0,0,0.0,15.100000000000003,462.11800000000176,30.769000000000002,15.018947642107372,1.0
16,4,5,1.0,10.072529301851537,7,0.8809577254021698,0,0.0,0.49999999999999994,53.46000000000001,47.096000000000004,1.1351282486835401,1.0
17,0,5,1.0,9.889655016104019,8,0.9055067078571583,0,0.0,0.7000000000000001,46.289,41.915,1.1043540498628177,1.0
17,1,5,0.0,-23.092011745470256,200,0.0,0,0.0,10.000000000000007,1663.999999999998,59.93799999999999,27.76202075477991,1.0
17,2,5,0.0,-24.485813148788964,200,0.0,0,0.0,12.500000000000016,1523.1829999999993,48.263000000000005,31.560056357872472,1.0
17,3,5,0.0,-30.554777441659457,200,0.0,0,0.0,24.75,1120.5570000000014,60.164,18.62504155308825,1.0
17,4,5,0.0,-25.37308804379011,200,0.0,0,0.0,15.000000000000004,710.991999999998,45.306999999999995,15.692762707749313,1.0
18,0,5,0.0,-25.346007998815054,200,0.0,0,0.0,15.000000000000002,1039.5999999999976,33.755,30.798400237001854,1.0
18,1,5,1.0,10.757150271431128,2,1.0,0,0.0,0.1,16.763,16.763,1.0,1.0
18,2,5,1.0,10.462421401250117,4,0.3896684600843391,0,0.0,0.35,27.508000000000003,10.719000000000001,2.5662841682992816,1.0
18,3,5,1.0,10.246271122552175,5,0.9815723928816373,0,0.0,0.55,55.406000000000006,54.385000000000005,1.018773558885722,1.0
18,4,5,0.0,-22.94980897445502,200,0.0,0,0.0,10.000000000000007,411.19999999999936,40.047,10.267935176167988,1.0
19,0,5,1.0,9.10477351381238,14,0.6012657448563723,0,0.0,1.1500000000000001,81.217,48.83299999999999,1.6631581102942685,1.0
19,1,5,1.0,10.198455586177655,5,0.878725782414307,0,0.0,0.6500000000000001,26.84,23.585,1.138011447954208,1.0
19,2,5,1.0,10.10157128849668,7,0.604412477775982,0,0.0,0.45,37.122,22.437,1.6544992646075678,1.0
19,3,5,1.0,10.438195582628511,4,1.0,0,0.0,0.35,22.819,22.819,1.0,1.0
19,4,5,0.0,-25.626749905410495,200,0.0,0,0.0,15.000000000000002,736.9999999999969,29.073,25.349981082103564,1.0
20,0,5,1.0,10.512698607403133,4,0.5876940039012806,0,0.0,0.2,23.582,13.859,1.7015657695360416,1.0
20,1,5,1.0,10.732657134562345,2,0.5520474396986939,0,0.0,0.15000000000000002,12.479,6.889,1.8114385251850775,1.0
20,2,5,1.0,9.379063805389466,12,0.9145147094623697,0,0.0,0.9500000000000002,53.400999999999996,48.836,1.0934761241706936,1.0
20,3,5,0.0,-25.786110850604896,200,0.0,0,0.0,15.000000000000002,747.9209999999987,53.315,14.02834099221605,1.0
20,4,5,0.0,-27.84604425683066,200,0.0,0,0.0,19.950000000000017,2246.916000000008,41.101,54.66815892557378,1.0
21,0,5,1.0,10.030379699389032,7,0.8706961261055448,0,0.0,0.6000000000000001,30.641,26.679,1.148506315828929,1.0
21,1,5,1.0,9.374683113525741,11,0.7677029227071867,0,0.0,1.1500000000000001,64.495,49.513000000000005,1.3025871993213902,1.0
21,2,5,0.0,-13.118273740299834,12,0.0,10,1.0,0.1,6.731999999999999,47.293,0.142346647495401,1.0
21,3,5,1.0,10.367033657033657,5,1.0,0,0.0,0.3,25.641,25.641,1.0,1.0
21,4,5,0.0,-13.088076318810803,12,0.0,10,1.0,0.15000000000000002,10.097000000000001,49.647,0.20337583338368886,1.0
22,0,5,0.0,-22.46985876679303,200,0.0,0,0.0,10.000000000000007,965.5980000000035,8.709,110.87357905614921,1.0
22,1,5,0.0,-14.052024952169647,20,0.0,10,1.0,0.49999999999999994,66.91000000000001,62.199,1.0757407675364559,1.0
22,2,5,0.0,-12.899999999999999,10,0.0,10,1.0,0.0,0.0,33.358999999999995,0.0,1.0
22,3,5,0.0,-23.368500639758,200,0.0,0,0.0,10.000000000000007,3200.8669999999893,25.791,124.10790585863244,1.0
22,4,5,0.0,-12.9,10,0.0,10,1.0,0.0,0.0,52.147,0.0,1.0
23,0,5,0.0,-25.460472294882955,200,0.0,0,0.0,15.050000000000002,789.3320000000033,58.491,13.494930844061535,1.0
23,1,5,1.0,9.340598554003797,12,0.5255022550225502,0,0.0,1.05,73.17,38.451,1.902941405945229,1.0
23,2,5,1.0,10.104445080687142,7,1.0,0,0.0,0.44999999999999996,38.419999999999995,38.419999999999995,1.0,1.0
23,3,5,1.0,10.014738377170001,7,0.8397817605819718,0,0.0,0.6500000000000001,34.091,28.629,1.190785567082329,1.0
23,4,5,0.0,-24.479435340387667,200,0.0,0,0.0,12.500000000000014,686.1689999999987,32.037000000000006,21.418016668227317,1.0
24,0,5,1.0,9.566982543640897,10,0.8426139945366675,0,0.0,0.9500000000000001,57.108,48.120000000000005,1.1867830423940149,1.0
24,1,5,0.0,-25.573236435321427,200,0.0,0,0.0,14.950000000000003,534.2379999999989,31.958000000000002,16.716878402903777,1.0
24,2,5,0.0,-23.31324487634704,200,0.0,0,0.0,10.100000000000009,895.0529999999975,48.159,18.58537345044535,1.0
24,3,5,1.0,10.287766427254198,5,0.9598248596781329,0,0.0,0.44999999999999996,42.937000000000005,41.211999999999996,1.04185674075512,1.0
24,4,5,1.0,9.98597817267121,7,0.7435069831980937,0,0.0,0.7000000000000001,33.150999999999996,24.648000000000003,1.344977280103862,1.0
25,0,5,0.0,-25.59537836534112,200,0.0,0,0.0,14.950000000000003,1350.6549999999984,66.33800000000001,20.36020078989415,1.0
25,1,5,1.0,9.836380150776591,8,0.7382596839446568,0,0.0,0.7999999999999999,44.739,33.028999999999996,1.3545369220987618,1.0
25,2,5,1.0,9.617270942261516,11,0.7619560571086604,0,0.0,0.65,58.485,44.563,1.3124116419451113,1.0
25,3,5,1.0,9.873694366891115,8,0.9999794715989572,0,0.0,0.7000000000000002,48.712999999999994,48.711999999999996,1.0000205288224666,1.0
25,4,5,0.0,-25.59510048017072,200,0.0,0,0.0,15.000000000000002,936.358000000003,22.492,41.63071314245078,1.0
26,0,5,0.0,-25.38876206423409,200,0.0,0,0.0,15.000000000000002,885.2000000000028,42.999,20.586525268029554,1.0
26,1,5,1.0,10.208203915762757,6,0.8683002334916179,0,0.0,0.45000000000000007,38.117000000000004,33.097,1.1516753784330906,1.0
26,2,5,1.0,10.19796411211087,6,0.8882703119832434,0,0.0,0.45,54.426,48.345000000000006,1.1257834315854793,1.0
26,3,5,1.0,10.004105735752244,7,0.9420260666916015,0,0.0,0.6499999999999999,34.757000000000005,32.742,1.0615417506566491,1.0
26,4,5,0.0,-24.69516288132498,200,0.0,0,0.0,12.600000000000016,1027.672999999998,65.69200000000001,15.64380746514032,1.0
27,0,5,0.0,-23.070299704147263,200,0.0,0,0.0,10.000000000000007,872.5400000000022,57.123000000000005,15.274757978397531,1.0
27,1,5,1.0,9.844337691997671,9,0.9239521701352974,0,0.0,0.6000000000000001,48.337999999999994,44.662,1.0823071067126415,1.0
27,2,5,1.0,10.75569707617016,2,1.0,0,0.0,0.1,7.968999999999999,7.968999999999999,1.0,1.0
27,3,5,0.0,-25.649545390114064,200,0.0,0,0.0,15.000000000000004,908.0589999999968,49.383,18.388089018488078,1.0
27,4,5,1.0,10.206992162853252,6,0.7385524734505678,0,0.0,0.45,40.773,30.113000000000003,1.353999933583502,1.0
28,0,5,0.0,-24.939070702977936,200,0.0,0,0.0,13.400000000000013,848.6100000000002,34.553,24.559661968570033,1.0
28,1,5,0.0,-28.242240061162192,200,0.0,0,0.0,19.90000000000003,936.0769999999986,57.55199999999999,16.264890881289944,1.0
28,2,5,1.0,10.48933516509323,4,1.0,0,0.0,0.25,21.290999999999997,21.290999999999997,1.0,1.0
28,3,5,0.0,-23.11427771699017,200,0.0,0,0.0,10.000000000000007,898.1999999999975,39.299,22.855543398050777,1.0
28,4,5,0.0,-23.15239491752488,200,0.0,0,0.0,10.000000000000007,619.5809999999991,47.772,12.96954282843505,1.0
29,0,5,1.0,10.316401394133022,5,0.907522303325223,0,0.0,0.39999999999999997,49.32,44.759,1.1019012935945842,1.0
29,1,5,1.0,9.548075594781274,10,0.9713007827059261,0,0.0,0.9999999999999999,53.660000000000004,52.12,1.0295471987720646,1.0
29,2,5,1.0,10.755774770085026,2,1.0,0,0.0,0.1,11.526,11.526,1.0,1.0
29,3,5,0.0,-25.646336092018483,200,0.0,0,0.0,15.000000000000004,1354.5999999999983,35.644999999999996,38.00252489830267,1.0
29,4,5,0.0,-22.928612752593008,200,0.0,0,0.0,10.000000000000007,691.0000000000014,48.398,14.277449481383556,1.0
30,0,5,1.0,9.827826185613796,8,0.9885397336813557,0,0.0,0.7999999999999999,49.039,48.477000000000004,1.0115931266373743,1.0
30,1,5,0.0,-25.426707479735907,200,0.0,0,0.0,15.000000000000004,1246.9999999999984,58.478,21.324258695577797,1.0
30,2,5,0.0,-23.33632653061223,200,0.0,0,0.0,10.200000000000012,627.3510000000028,28.371000000000002,22.112403510627146,1.0
30,3,5,0.0,-25.804600680382237,200,0.0,0,0.0,15.000000000000002,478.9730000000026,24.692,19.397902154544088,1.0
30,4,5,0.0,-32.86622377020986,200,0.0,0,0.0,29.850000000000005,973.7000000000023,23.256,41.8687650498797,1.0
31,0,5,0.0,-25.415538825757512,200,0.0,0,0.0,15.000000000000002,1031.1999999999955,10.559999999999999,97.65151515151474,1.0
31,1,5,1.0,10.438810173133342,4,1.0,0,0.0,0.35000000000000003,24.201,24.201,1.0,1.0
31,2,5,0.0,-13.791495431922797,16,0.0,10,1.0,0.7,27.516,42.797000000000004,0.6429422623081056,1.0
31,3,5,0.0,-30.847296661965157,200,0.0,0,0.0,25.0,1477.3999999999926,21.269999999999996,69.4593323930415,1.0
31,4,5,1.0,8.870982639127153,16,0.5646206448988289,0,0.0,1.2500000000000002,103.241,58.291999999999994,1.7711006656144928,1.0
32,0,5,0.0,-22.74489886444291,200,0.0,0,0.0,10.000000000000007,1150.1999999999966,22.544,51.020227111426394,1.0
32,1,5,0.0,-26.378047279549786,200,0.0,0,0.0,15.100000000000003,278.70599999999985,26.650000000000002,10.45801125703564,1.0
32,2,5,0.0,-28.195008399328024,200,0.0,0,0.0,20.000000000000014,1788.999999999997,41.669999999999995,42.93256539476835,1.0
32,3,5,1.0,9.475800625989223,11,0.8665320840781604,0,0.0,0.9500000000000002,64.89200000000001,56.230999999999995,1.1540253596770467,1.0
32,4,5,0.0,-28.38075548315681,200,0.0,0,0.0,19.950000000000017,2673.2259999999987,64.15100000000001,41.670839113965464,1.0
33,0,5,0.0,-13.084183899884618,12,0.0,10,1.0,0.15000000000000002,7.942,22.534,0.35244519392917373,1.0
33,1,5,0.0,-13.025306122448983,12,0.0,10,1.0,0.15000000000000002,12.362,51.352000000000004,0.2407306434023991,1.0
33,2,5,0.0,-27.87465708069256,200,0.0,0,0.0,20.000000000000014,1155.0229999999965,21.142000000000003,54.631681014094994,1.0
33,3,5,0.0,-23.50103574448712,200,0.0,0,0.0,10.050000000000008,630.6430000000029,61.492000000000004,10.255691797307012,1.0
33,4,5,0.0,-26.328152210115697,200,0.0,0,0.0,16.649999999999995,1288.664,42.034,30.65765808631108,1.0
34,0,5,1.0,10.346241395599947,5,0.7788289708819511,0,0.0,0.35,38.052,29.636000000000003,1.2839789445269265,1.0
34,1,5,1.0,10.765183558205209,2,0.37388549976536833,0,0.0,0.1,8.524000000000001,3.187,2.6746156259805463,1.0
34,2,5,0.0,-32.76571662173512,200,0.0,0,0.0,34.79999999999991,1055.4759999999953,22.627,46.64674945861119,1.0
34,3,5,0.0,-22.99871041153042,200,0.0,0,0.0,10.000000000000007,1122.6240000000034,52.73,21.290043618433597,1.0
34,4,5,1.0,10.414299817431875,4,0.9454975545823611,0,0.0,0.4,31.282999999999998,29.578,1.0576441950098046,1.0
35,0,5,0.0,-25.43917196770122,200,0.0,0,0.0,15.000000000000004,567.9999999999986,46.689,12.165606459765653,1.0
35,1,5,1.0,10.875,1,1.0,0,0.0,0.05,2.513,2.513,1.0,1.0
35,2,5,1.0,10.472393483709272,4,0.6127071469703756,0,0.0,0.30000000000000004,15.629,9.576,1.6321010860484544,1.0
35,3,5,0.0,-25.48115599121176,200,0.0,0,0.0,15.000000000000004,1688.2350000000006,47.336000000000006,35.66492732803786,1.0
35,4,5,0.0,-25.911672257087215,200,0.0,0,0.0,15.000000000000002,324.7729999999998,36.968,8.78524669984851,1.0
36,0,5,1.0,10.285725236635114,6,0.3988726702294541,0,0.0,0.3,37.611000000000004,15.002,2.5070657245700576,1.0
36,1,5,1.0,10.730584399903405,2,0.9415643474306503,0,0.0,0.15000000000000002,8.796,8.282,1.0620623037913546,1.0
36,2,5,1.0,9.776075489829694,9,0.862186421173763,0,0.0,0.7500000000000001,43.45,37.462,1.1598419731995089,1.0
36,3,5,0.0,-22.78029558077754,200,0.0,0,0.0,10.000000000000007,906.0929999999977,20.705000000000002,43.7620381550349,1.0
36,4,5,0.0,-25.39072693618276,200,0.0,0,0.0,15.000000000000002,1718.3100000000015,23.771,72.2859787135586,1.0
37,0,5,0.0,-25.813884643599557,200,0.0,0,0.0,15.000000000000002,677.3439999999989,65.432,10.351876757549805,1.0
37,1,5,1.0,10.041742805937849,7,0.752015257469803,0,0.0,0.6,39.324999999999996,29.573,1.3297602542860039,1.0
37,2,5,0.0,-25.543530689398246,200,0.0,0,0.0,15.050000000000002,1725.5120000000013,55.019,31.36211127065198,1.0
37,3,5,1.0,10.415149651753781,4,1.0,0,0.0,0.4,15.937,15.937,1.0,1.0
37,4,5,1.0,10.348664899128421,5,0.731247492980345,0,0.0,0.35000000000000003,22.437,16.407,1.367526055951728,1.0
38,0,5,0.0,-25.69566585072145,200,0.0,0,0.0,15.150000000000002,1470.8539999999985,50.657,29.03555283573837,1.0
38,1,5,0.0,-25.577817549394286,200,0.0,0,0.0,15.000000000000004,1456.7300000000018,49.449,29.459240833990613,1.0
38,2,5,0.0,-25.413596876525098,200,0.0,0,0.0,15.000000000000002,885.2000000000028,51.225,17.280624694973213,1.0
38,3,5,0.0,-23.24749439784881,200,0.0,0,0.0,10.000000000000007,900.4369999999975,62.476,14.412526410141455,1.0
38,4,5,0.0,-22.900885893717764,200,0.0,0,0.0,10.000000000000007,571.6419999999991,47.929,11.926850132487619,1.0
39,0,5,0.0,-24.565041049536784,200,0.0,0,0.0,15.050000000000002,1038.2749999999974,18.027,57.59555111776764,1.0
39,1,5,1.0,10.357824918495021,5,0.4470574332309147,0,0.0,0.35,25.386,11.349,2.2368490615913297,1.0
39,2,5,1.0,9.741320563891929,9,0.9548858843470377,0,0.0,0.8,50.73800000000001,48.449000000000005,1.0472455571838428,1.0
39,3,5,1.0,10.73145572450805,2,1.0,0,0.0,0.15000000000000002,13.416,13.416,1.0,1.0
39,4,5,0.0,-30.345644050184642,200,0.0,0,0.0,24.900000000000002,447.4729999999986,51.96799999999999,8.610548799261059,1.0
40,0,5,0.0,-24.852058011049724,200,0.0,0,0.0,13.450000000000014,1285.0439999999978,62.98800000000001,20.40140979234136,1.0
40,1,5,0.0,-23.11672590350846,200,0.0,0,0.0,10.000000000000007,823.5169999999977,28.417,28.979730443044573,1.0
40,2,5,0.0,-25.616214404528396,200,0.0,0,0.0,15.000000000000004,936.200000000003,40.278999999999996,23.242880905682938,1.0
40,3,5,0.0,-23.041145100997888,200,0.0,0,0.0,10.050000000000008,861.8999999999972,58.318,14.779313419527371,1.0
40,4,5,0.0,-25.105054125839814,200,0.0,0,0.0,13.300000000000013,1240.372000000001,44.803,27.68502109233759,1.0
41,0,5,1.0,7.8068609028604525,23,0.505214048263474,0,0.0,2.0000000000000004,123.033,62.15800000000001,1.9793590527365743,1.0
41,1,5,1.0,10.204336851962202,6,0.9576879178216207,0,0.0,0.44999999999999996,36.798,35.241,1.0441814931471867,1.0
41,2,5,0.0,-23.05974656084651,200,0.0,0,0.0,10.000000000000007,686.8770000000018,37.800000000000004,18.17134920634925,1.0
41,3,5,1.0,9.050171192686994,14,0.668478784458911,0,0.0,1.2500000000000004,72.65899999999999,48.571000000000005,1.4959337876510672,1.0
41,4,5,1.0,9.94550682802265,8,0.6018308165174395,0,0.0,0.6,59.864,36.028,1.6615965360275342,1.0
42,0,5,1.0,10.102500329019522,7,0.7778934257000015,0,0.0,0.44999999999999996,58.607,45.58999999999999,1.2855231410397019,1.0
42,1,5,0.0,-28.359195888494206,200,0.0,0,0.0,19.950000000000017,1334.5469999999987,46.455000000000005,28.727736519212108,1.0
42,2,5,1.0,9.549952564670166,11,0.842025846765604,0,0.0,0.8,56.332,47.43300000000001,1.1876120000843293,1.0
42,3,5,0.0,-22.88692760296745,200,0.0,0,0.0,10.000000000000007,972.3999999999978,42.998999999999995,22.61447940649778,1.0
42,4,5,0.0,-22.891750212404474,200,0.0,0,0.0,10.000000000000007,760.9069999999996,5.885,129.2960067969413,1.0
43,0,5,1.0,9.765501796313652,9,0.9169784971263856,0,0.0,0.75,55.852999999999994,51.21600000000001,1.0905381130896592,1.0
43,1,5,0.0,-25.327560823764173,200,0.0,0,0.0,15.050000000000002,1443.028,50.59700000000001,28.520030831867498,1.0
43,2,5,0.0,-28.086778611320923,200,0.0,0,0.0,20.000000000000014,911.551000000002,54.25299999999999,16.80185427533965,1.0
43,3,5,0.0,-25.170956251730587,200,0.0,0,0.0,13.350000000000012,812.675999999999,25.281000000000002,32.14572208377829,1.0
43,4,5,1.0,10.074206303724928,7,0.8606658446362515,0,0.0,0.5,56.77,48.86,1.16189111747851,1.0
44,0,5,0.0,-25.9756922769948,200,0.0,0,0.0,15.150000000000004,1437.7250000000026,47.611000000000004,30.19732834849095,1.0
44,1,5,1.0,9.577800266675784,11,0.4204012993359589,0,0.0,0.8,69.574,29.249000000000002,2.378679612978221,1.0
44,2,5,0.0,-23.277442183748292,200,0.0,0,0.0,10.000000000000007,1098.7829999999992,47.478,23.14299254391506,1.0
44,3,5,1.0,10.368111447704083,5,0.7636906030257832,0,0.0,0.3,32.851,25.088,1.3094308035714284,1.0
44,4,5,0.0,-25.640266021765463,200,0.0,0,0.0,15.000000000000004,803.8569999999978,34.734,23.14323141590366,1.0
45,0,5,0.0,-23.37947945590655,200,0.0,0,0.0,10.20000000000001,769.1889999999995,56.902,13.517784963621656,1.0
45,1,5,0.0,-23.252893530310786,200,0.0,0,0.0,10.050000000000008,620.4639999999991,43.186,14.367248645394321,1.0
45,2,5,0.0,-23.09549948189428,200,0.0,0,0.0,10.000000000000007,809.2690000000017,35.706999999999994,22.664155487719547,1.0
45,3,5,0.0,-23.189388913019876,200,0.0,0,0.0,10.000000000000007,557.3940000000013,36.836,15.131773265283996,1.0
45,4,5,0.0,-23.39025648054552,200,0.0,0,0.0,10.000000000000007,1455.1269999999968,58.367000000000004,24.930645741600504,1.0
46,0,5,1.0,10.321464081531195,5,0.7103694874851013,0,0.0,0.4,22.653000000000002,16.092000000000002,1.407718120805369,1.0
46,1,5,0.0,-23.102210312663995,200,0.0,0,0.0,10.000000000000007,664.5029999999967,43.849000000000004,15.154347875664136,1.0
46,2,5,0.0,-25.99012726104129,200,0.0,0,0.0,15.000000000000002,1310.071999999999,54.455,24.057882655403525,1.0
46,3,5,0.0,-23.409030945729704,200,0.0,0,0.0,10.20000000000001,858.3709999999993,36.870999999999995,23.280382956795297,1.0
46,4,5,1.0,9.345158949818934,12,0.8703286807744259,0,0.0,1.0000000000000002,88.83999999999999,77.32,1.148991205380238,1.0
47,0,5,0.0,-28.270547086720903,200,0.0,0,0.0,20.00000000000003,817.9280000000033,35.424,23.089656729900724,1.0
47,1,5,1.0,10.61268143195431,3,0.9863973619126133,0,0.0,0.2,14.556000000000001,14.358,1.0137902214793146,1.0
47,2,5,0.0,-13.275113286359225,16,0.0,10,1.0,0.39999999999999997,33.997,47.402,0.7172060250622336,1.0
47,3,5,0.0,-23.14347433378885,200,0.0,0,0.0,10.200000000000012,896.7269999999976,46.832,19.147740860949725,1.0
47,4,5,0.0,-13.581670761670761,16,0.0,10,1.0,0.3,21.247,46.805,0.45394722786027136,1.0
48,0,5,1.0,9.981097230325704,7,0.7107105397955947,0,0.0,0.7000000000000001,40.99700000000001,29.137000000000004,1.4070425918934688,1.0
48,1,5,1.0,10.635378619153675,3,1.0,0,0.0,0.15000000000000002,8.98,8.98,1.0,1.0
48,2,5,0.0,-25.497104159162745,200,0.0,0,0.0,15.050000000000002,946.800000000003,47.196999999999996,20.06059707184785,1.0
48,3,5,0.0,-33.050147339987085,200,0.0,0,0.0,29.800000000000004,1423.2680000000028,57.010999999999996,24.964796267387047,1.0
48,4,5,0.0,-25.254143713142053,200,0.0,0,0.0,14.900000000000002,808.2249999999973,42.223,19.141818440186565,1.0
49,0,5,1.0,10.491009217753646,4,0.982934094576145,0,0.0,0.25,16.114,15.839,1.0173622072100512,1.0
49,1,5,0.0,-25.60527471680657,200,0.0,0,0.0,15.050000000000002,661.5379999999981,51.908,12.744432457424637,1.0
49,2,5,1.0,10.365554256314313,5,0.9045332430774436,0,0.0,0.3,47.273,42.76,1.1055425631431246,1.0
49,3,5,0.0,-25.536775540274988,200,0.0,0,0.0,15.100000000000003,1039.7509999999975,48.864,21.278466764898443,1.0
49,4,5,0.0,-22.836735627309693,200,0.0,0,0.0,10.000000000000007,678.6169999999994,33.014,20.555431029260294,1.0
50,0,5,0.0,-23.018059196357118,200,0.0,0,0.0,10.000000000000007,1259.9520000000023,65.004,19.38268414251434,1.0
50,1,5,1.0,9.788517857142857,9,0.9600971021089364,0,0.0,0.7000000000000001,65.91,63.279999999999994,1.0415613147914033,1.0
50,2,5,1.0,9.525961876994169,11,0.7018126363338031,0,0.0,0.85,51.803,36.356,1.4248817251622838,1.0
50,3,5,0.0,-25.555566625155645,200,0.0,0,0.0,15.000000000000004,637.4000000000018,32.120000000000005,19.84433374844339,1.0
50,4,5,1.0,10.765134544231415,2,0.1109949598655964,0,0.0,0.15000000000000002,26.785,2.973,9.009418096199125,1.0
51,0,5,0.0,-23.001906770678794,200,0.0,0,0.0,10.050000000000008,965.6800000000031,47.174,20.47059821087894,1.0
51,1,5,1.0,10.32329339439182,5,0.9117478837794556,0,0.0,0.39999999999999997,34.967999999999996,31.882,1.0967944294586285,1.0
51,2,5,1.0,10.4903835946924,4,1.0,0,0.0,0.25,16.580000000000002,16.580000000000002,1.0,1.0
51,3,5,1.0,10.46953171034269,4,0.8189206349206348,0,0.0,0.3,23.625,19.346999999999998,1.2211195534191348,1.0
51,4,5,1.0,10.59142120412569,3,0.6391231028667791,0,0.0,0.25,13.046000000000001,8.338000000000001,1.5646437994722955,1.0
52,0,5,1.0,9.597119758626025,10,0.8387107239606145,0,0.0,0.9000000000000001,61.647,51.704,1.192306204548971,1.0
52,1,5,1.0,10.470345319494319,4,0.5337376601554296,0,0.0,0.30000000000000004,38.088,20.329,1.8735796153278568,1.0
52,2,5,0.0,-24.474436836278695,200,0.0,0,0.0,13.350000000000012,546.4660000000007,48.778000000000006,11.20312435934234,1.0
52,3,5,0.0,-13.425762966096803,13,0.0,10,1.0,0.3,17.833,52.001,0.3429357127747543,1.0
52,4,5,1.0,10.611546834979876,3,0.9036951310242207,0,0.0,0.2,24.194000000000003,21.863999999999997,1.106567874130992,1.0
53,0,5,1.0,9.958141701954592,8,0.9984712036882211,0,0.0,0.55,41.863,41.799,1.0015311371085434,1.0
53,1,5,0.0,-25.556602549547563,200,0.0,0,0.0,15.000000000000004,349.0000000000007,30.829,11.320509909500817,1.0
53,2,5,1.0,10.445541435157821,4,0.7844998145171264,0,0.0,0.35,32.348,25.377000000000002,1.2746975607833864,1.0
53,3,5,1.0,10.31733112519507,5,0.9105118167319124,0,0.0,0.39999999999999997,34.485,31.398999999999997,1.0982833848211728,1.0
53,4,5,0.0,-23.306260402928732,200,0.0,0,0.0,10.050000000000008,1032.0700000000018,43.977999999999994,23.4678702987858,1.0
54,0,5,1.0,10.076268863566368,7,0.8806276636962418,0,0.0,0.5000000000000001,51.62,45.458,1.1355536979189582,1.0
54,1,5,0.0,-23.168392137096696,200,0.0,0,0.0,10.000000000000007,584.1870000000011,29.759999999999998,19.62993951612907,1.0
54,2,5,0.0,-22.830113407145003,200,0.0,0,0.0,10.000000000000007,1481.2209999999961,22.309,66.39566990900516,1.0
54,3,5,1.0,10.267532919307682,5,0.9136055217594758,0,0.0,0.5,51.288000000000004,46.857,1.0945643126960753,1.0
54,4,5,0.0,-25.47614844172222,200,0.0,0,0.0,15.000000000000002,721.800000000001,27.755000000000003,26.006125022518496,1.0
55,0,5,0.0,-25.41292821585326,200,0.0,0,0.0,15.000000000000002,1345.4000000000017,33.949,39.630033285222005,1.0
55,1,5,0.0,-25.922031573736277,200,0.0,0,0.0,16.70000000000002,796.8779999999997,54.539,14.611158987146807,1.0
55,2,5,0.0,-25.402205150878714,200,0.0,0,0.0,15.000000000000004,808.0960000000011,36.188,22.330496297115097,1.0
55,3,5,1.0,9.053516700298166,15,0.6969782843708345,0,0.0,1.05,95.27699999999999,66.40599999999999,1.4347649308797397,1.0
55,4,5,0.0,-29.069063557949903,200,0.0,0,0.0,24.7,1224.0230000000001,33.969,36.03353057199212,1.0
56,0,5,0.0,-25.33538432475548,200,0.0,0,0.0,15.000000000000002,2036.262999999994,47.642,42.74092187565581,1.0
56,1,5,0.0,-23.122712310730734,200,0.0,0,0.0,10.000000000000007,964.9120000000034,15.19,63.52284397630043,1.0
56,2,5,1.0,10.062442797202797,7,0.7274540126973791,0,0.0,0.55,49.144000000000005,35.75,1.3746573426573427,1.0
56,3,5,1.0,10.274002221557653,5,0.9319557254339863,0,0.0,0.5,25.116,23.407,1.073012346733883,1.0
56,4,5,1.0,10.60907624946604,3,1.0,0,0.0,0.2,18.728,18.728,1.0,1.0
57,0,5,0.0,-23.46096784413109,200,0.0,0,0.0,10.050000000000008,633.2129999999992,63.129999999999995,10.030302550293033,1.0
57,1,5,0.0,-24.84120298041101,200,0.0,0,0.0,13.350000000000012,1149.910999999998,33.284,34.5484617233505,1.0
57,2,5,0.0,-22.819869908960186,200,0.0,0,0.0,10.000000000000007,607.9509999999985,41.74,14.565189266890238,1.0
57,3,5,1.0,10.6397332865415,3,0.8100348233956365,0,0.0,0.15000000000000002,14.070999999999998,11.398,1.23451482716266,1.0
57,4,5,1.0,9.48081568418245,11,0.7092185164866348,0,0.0,0.9500000000000001,52.861,37.49,1.4100026673779673,1.0
58,0,5,0.0,-12.9,10,0.0,10,1.0,0.0,0.0,29.127,0.0,1.0
58,1,5,0.0,-25.73153387368095,200,0.0,0,0.0,15.000000000000004,972.5559999999971,13.078000000000001,74.36580516898586,1.0
58,2,5,0.0,-12.899999999999999,10,0.0,10,1.0,0.0,0.0,32.8,0.0,1.0
58,3,5,0.0,-28.132575670783382,200,0.0,0,0.0,20.000000000000014,1157.1999999999966,43.643,26.51513415668026,1.0
58,4,5,0.0,-26.214020497491205,200,0.0,0,0.0,15.000000000000002,1413.0119999999997,28.101,50.28333511262944,1.0
59,0,5,1.0,10.610785095320624,3,0.8868736550876113,0,0.0,0.2,13.012,11.54,1.1275563258232237,1.0
59,1,5,0.0,-25.30262434195018,200,0.0,0,0.0,15.000000000000002,1459.0000000000018,25.454,57.319085408973116,1.0
59,2,5,1.0,10.510962525947777,4,0.8171227067803418,0,0.0,0.2,22.403000000000002,18.306,1.223806402272479,1.0
59,3,5,0.0,-12.92454829083017,12,0.0,10,1.0,0.15000000000000002,13.396,51.604000000000006,0.2595922796682428,1.0
59,4,5,0.0,-12.909374514575674,12,0.0,10,1.0,0.1,9.600999999999999,38.626,0.24856314399627194,1.0
60,0,5,0.0,-28.09239268156704,200,0.0,0,0.0,20.000000000000014,1536.542999999996,39.462,38.93728143530475,1.0
60,1,5,0.0,-22.6072078029426,200,0.0,0,0.0,10.000000000000007,1900.7999999999927,24.196,78.55843941147266,1.0
60,2,5,1.0,10.609690675699767,3,0.16389562574876546,0,0.0,0.25,34.223,5.609,6.101444107684079,1.0
60,3,5,0.0,-25.50577820350403,200,0.0,0,0.0,15.000000000000004,934.655000000003,32.363,28.880357198034886,1.0
60,4,5,0.0,-33.08574722582516,200,0.0,0,0.0,30.000000000000004,1085.856999999998,62.451,17.38734367744308,1.0
61,0,5,0.0,-12.939388773508709,13,0.0,10,1.0,0.2,13.630999999999998,34.66799999999999,0.39318680050767285,1.0
61,1,5,0.0,-23.058926117746548,200,0.0,0,0.0,10.000000000000007,669.0000000000033,56.766,11.785223549307743,1.0
61,2,5,0.0,-22.912729033820305,200,0.0,0,0.0,10.000000000000007,1483.285999999996,61.945,23.94520946000478,1.0
61,3,5,0.0,-12.786315744130949,13,0.0,10,1.0,0.2,17.637,23.215,0.759724316174887,1.0
61,4,5,1.0,9.90296319362272,7,0.7815336691732983,0,0.0,0.8500000000000001,41.091,32.114,1.2795354051192627,1.0
62,0,5,1.0,9.828444696441032,9,0.7233263928323553,0,0.0,0.65,47.547,34.391999999999996,1.3825017445917656,1.0
62,1,5,1.0,10.61080325125508,3,0.8911376224968044,0,0.0,0.2,9.388,8.366,1.1221611283767632,1.0
62,2,5,0.0,-22.967918772046882,200,0.0,0,0.0,10.000000000000007,638.4000000000012,20.978,30.43188101820961,1.0
62,3,5,0.0,-23.160071804992747,200,0.0,0,0.0,10.000000000000007,859.1609999999994,47.629000000000005,18.03861093031555,1.0
62,4,5,1.0,10.272059243397573,6,0.7225906277630416,0,0.0,0.3,27.144000000000002,19.614000000000004,1.3839094524319362,1.0
63,0,5,1.0,10.534872906826966,3,1.0,0,0.0,0.35000000000000003,11.645,11.645,1.0,1.0
63,1,5,1.0,10.681275177304965,2,0.44389875330562895,0,0.0,0.25,7.941000000000001,3.525,2.2527659574468086,1.0
63,2,5,0.0,-26.170331167350646,200,0.0,0,0.0,15.100000000000003,644.3119999999989,52.632,12.241830065359457,1.0
63,3,5,0.0,-28.355086269019296,200,0.0,0,0.0,19.95000000000003,1046.9250000000031,48.56900000000001,21.555416006094482,1.0
63,4,5,0.0,-28.582102751263253,200,0.0,0,0.0,19.95000000000003,942.9099999999986,21.372,44.11894067003549,1.0
64,0,5,1.0,10.706728093268145,2,1.0,0,0.0,0.2,13.295,13.295,1.0,1.0
64,1,5,0.0,-25.260364950316134,200,0.0,0,0.0,15.100000000000003,960.8320000000011,38.745,24.798864369596107,1.0
64,2,5,0.0,-28.218314537876935,200,0.0,0,0.0,19.950000000000017,1538.035999999996,57.106,26.933001786151998,1.0
64,3,5,0.0,-22.90476190476192,200,0.0,0,0.0,10.000000000000007,855.6309999999994,43.154999999999994,19.826926196269252,1.0
64,4,5,0.0,-25.485517914790194,200,0.0,0,0.0,15.000000000000004,1598.8569999999993,50.181999999999995,31.861165358096518,1.0
65,0,5,1.0,9.50879587276092,11,0.5693524979622672,0,0.0,0.9500000000000001,50.301,28.639000000000003,1.7563811585600055,1.0
65,1,5,1.0,10.072093781212217,7,0.9166385582807305,0,0.0,0.5000000000000001,41.506,38.046,1.090942543237134,1.0
65,2,5,1.0,10.166985320933625,6,0.7764680896251459,0,0.0,0.49999999999999994,28.251000000000005,21.936,1.2878829321663021,1.0
65,3,5,1.0,10.01747715813019,7,0.6550687925296778,0,0.0,0.65,40.266,26.377000000000002,1.5265572278879325,1.0
65,4,5,0.0,-25.676038492977693,200,0.0,0,0.0,15.050000000000002,896.1450000000028,53.827999999999996,16.648305714498086,1.0
66,0,5,0.0,-30.413631934379712,200,0.0,0,0.0,25.0,515.6800000000009,32.429,15.901816275555856,1.0
66,1,5,0.0,-23.098539071813256,200,0.0,0,0.0,10.050000000000008,590.958,48.653999999999996,12.14613392526822,1.0
66,2,5,1.0,9.835678088737202,9,0.7959880031296184,0,0.0,0.6000000000000001,46.012,36.625,1.2563003412969282,1.0
66,3,5,1.0,9.358989533105962,11,0.7081584382703711,0,0.0,1.2000000000000002,60.036,42.515,1.4121133717511467,1.0
66,4,5,1.0,10.340034296142472,5,0.840437909879416,0,0.0,0.35,18.908,15.890999999999998,1.189855893272922,1.0
67,0,5,0.0,-23.007229498019196,200,0.0,0,0.0,10.000000000000007,662.1380000000016,67.652,9.787412049902466,1.0
67,1,5,1.0,10.124044226044226,7,0.6676970366788699,0,0.0,0.4,57.908,38.665,1.4976852450536662,1.0
67,2,5,0.0,-25.625192366354074,200,0.0,0,0.0,14.950000000000003,504.7809999999972,52.452000000000005,9.623674979028392,1.0
67,3,5,0.0,-26.367891627278887,200,0.0,0,0.0,16.750000000000053,646.863,59.24,10.919361917623227,1.0
67,4,5,0.0,-26.89912741341063,200,0.0,0,0.0,16.70000000000002,796.8779999999997,54.539,14.611158987146807,1.0
68,0,5,0.0,-27.92478898031035,200,0.0,0,0.0,19.900000000000023,565.692,24.429000000000002,23.156576200417536,1.0
68,1,5,1.0,10.16684403315982,6,0.7619537275064268,0,0.0,0.5,40.845,31.122,1.3124156545209176,1.0
68,2,5,1.0,10.01361731557377,7,0.711098158503488,0,0.0,0.65,54.901,39.04,1.4062756147540985,1.0
68,3,5,1.0,9.641985107314936,10,0.9230458221024258,0,0.0,0.8000000000000002,37.1,34.245,1.0833698350124108,1.0
68,4,5,1.0,9.96521599938286,7,0.9052374301675978,0,0.0,0.75,28.64,25.926000000000002,1.104682558049834,1.0
69,0,5,0.0,-30.479543209159065,200,0.0,0,0.0,25.0,1476.9509999999927,34.414,42.9171558086823,1.0
69,1,5,0.0,-26.039110994485696,200,0.0,0,0.0,15.050000000000002,722.4679999999971,67.643,10.68060257528491,1.0
69,2,5,1.0,10.58385294584363,3,1.0,0,0.0,0.25,44.11299999999999,44.11299999999999,1.0,1.0
69,3,5,0.0,-26.132786442137473,200,0.0,0,0.0,14.950000000000003,1053.2569999999978,41.806,25.193919533081324,1.0
69,4,5,0.0,-23.04808453927828,200,0.0,0,0.0,10.000000000000007,687.5999999999982,69.033,9.96045369605838,1.0
70,0,5,1.0,9.90446558234098,8,0.8106660387909469,0,0.0,0.65,33.977,27.544,1.2335535869880916,1.0
70,1,5,1.0,9.785059207972045,9,0.7501031428224729,0,0.0,0.7000000000000002,41.205,30.907999999999998,1.3331499935291835,1.0
70,2,5,1.0,9.934480430330174,8,0.7205221762750342,0,0.0,0.6,61.665000000000006,44.43099999999999,1.3878823344061584,1.0
70,3,5,1.0,9.999653087639226,7,0.7878015402366705,0,0.0,0.6499999999999999,37.267,29.359,1.2693552232705474,1.0
70,4,5,1.0,10.131480798771122,7,0.7335211267605632,0,0.0,0.39999999999999997,35.5,26.039999999999996,1.3632872503840248,1.0
71,0,5,0.0,-25.784014165064388,200,0.0,0,0.0,15.000000000000002,761.4540000000025,41.087,18.532723245795566,1.0
71,1,5,1.0,10.32638064766337,5,0.46778692428056323,0,0.0,0.39999999999999997,44.097,20.627999999999997,2.1377254217568358,1.0
71,2,5,0.0,-28.25235499139414,200,0.0,0,0.0,19.950000000000028,616.8549999999996,46.48,13.271407056798614,1.0
71,3,5,1.0,9.667778096810471,10,0.63890969684925,0,0.0,0.8,65.413,41.79299999999999,1.5651664154284213,1.0
71,4,5,1.0,10.337367973182053,5,1.0,0,0.0,0.35000000000000003,38.779999999999994,38.779999999999994,1.0,1.0
72,0,5,0.0,-25.674631464978752,200,0.0,0,0.0,15.000000000000004,948.9629999999978,60.035,15.806829349546062,1.0
72,1,5,1.0,10.631863221884498,3,1.0,0,0.0,0.15000000000000002,23.029999999999998,23.029999999999998,1.0,1.0
72,2,5,0.0,-26.143547207799035,200,0.0,0,0.0,15.000000000000002,923.352999999998,37.748000000000005,24.460978065062996,1.0
72,3,5,0.0,-22.948680795949574,200,0.0,0,0.0,10.000000000000007,1090.0330000000013,42.465,25.668974449546713,1.0
72,4,5,0.0,-23.28895378869158,200,0.0,0,0.0,10.300000000000013,943.4190000000026,50.334,18.74317558707837,1.0
73,0,5,0.0,-23.034991036451764,200,0.0,0,0.0,10.000000000000007,938.4729999999987,45.183,20.77048890069271,1.0
73,1,5,1.0,10.226104662166426,6,0.9257409840852678,0,0.0,0.4,34.245000000000005,31.702,1.080215759258091,1.0
73,2,5,0.0,-23.046626802280038,200,0.0,0,0.0,10.000000000000007,764.2000000000033,35.788000000000004,21.35352632167216,1.0
73,3,5,1.0,10.415808038569391,4,1.0,0,0.0,0.4,20.326999999999998,20.326999999999998,1.0,1.0
73,4,5,1.0,10.730303114263549,2,0.8934547975047034,0,0.0,0.15000000000000002,10.099,9.023,1.119250803502161,1.0
74,0,5,0.0,-25.588169397389592,200,0.0,0,0.0,15.000000000000002,736.5629999999969,36.010000000000005,20.45440155512349,1.0
74,1,5,0.0,-25.305226135185137,200,0.0,0,0.0,15.000000000000004,1024.7100000000005,22.177000000000003,46.205979167606095,1.0
74,2,5,0.0,-23.058886686488346,200,0.0,0,0.0,10.000000000000007,633.5279999999992,36.324,17.44103072348858,1.0
74,3,5,1.0,10.586665524331734,3,0.5202909920833036,0,0.0,0.25,14.020999999999999,7.295,1.922001370801919,1.0
74,4,5,0.0,-23.21289152998966,200,0.0,0,0.0,10.000000000000007,1447.546999999997,63.105000000000004,22.93870533238249,1.0
75,0,5,1.0,10.192281296355409,6,0.9208756246433695,0,0.0,0.44999999999999996,57.833000000000006,53.25699999999999,1.0859229772612053,1.0
75,1,5,1.0,9.362410678771145,13,0.6522847287933823,0,0.0,0.8,65.522,42.739,1.5330728374552518,1.0
75,2,5,1.0,10.22285521042084,5,0.9640649149922722,0,0.0,0.6,41.408,39.92000000000001,1.0372745490981963,1.0
75,3,5,0.0,-28.17186503477398,200,0.0,0,0.0,20.000000000000014,2681.9999999999986,65.854,40.726455492452985,1.0
75,4,5,0.0,-28.335055852355474,200,0.0,0,0.0,20.000000000000014,1351.200000000001,10.295,131.24817872753772,1.0
76,0,5,0.0,-23.25831993372379,200,0.0,0,0.0,10.000000000000007,645.1320000000013,53.111,12.146862231929381,1.0
76,1,5,0.0,-25.7936094132029,200,0.0,0,0.0,15.050000000000002,1722.6290000000015,35.992000000000004,47.86144143142924,1.0
76,2,5,0.0,-25.384765806009202,200,0.0,0,0.0,15.000000000000002,1354.1999999999953,53.951,25.100554206594786,1.0
76,3,5,1.0,9.25362470318035,13,0.8685024595567727,0,0.0,1.0000000000000002,59.157,51.378,1.1514072170968117,1.0
76,4,5,0.0,-23.104618185956593,200,0.0,0,0.0,10.000000000000007,1663.999999999998,52.721999999999994,31.56177686734187,1.0
77,0,5,0.0,-23.408136848233447,200,0.0,0,0.0,10.200000000000012,343.3299999999997,54.965999999999994,6.246224939053228,1.0
77,1,5,1.0,8.80450292950293,17,0.573966521470652,0,0.0,1.1500000000000004,119.838,68.78299999999999,1.7422618961080503,1.0
77,2,5,0.0,-25.962943913480842,200,0.0,0,0.0,15.000000000000002,780.2530000000025,55.664,14.01719244035647,1.0
77,3,5,0.0,-33.46771915538302,200,0.0,0,0.0,29.899999999999896,930.2149999999973,52.805,17.616040147713235,1.0
77,4,5,1.0,10.465494574225225,4,0.9747005212302252,0,0.0,0.3,32.807,31.977,1.0259561559871158,1.0
78,0,5,0.0,-22.86783271207965,200,0.0,0,0.0,10.000000000000007,1089.8659999999982,24.412999999999997,44.642854217015454,1.0
78,1,5,1.0,10.251610463993822,6,0.7238046440133219,0,0.0,0.35,42.937,31.078,1.381588261792908,1.0
78,2,5,0.0,-25.567425636307814,200,0.0,0,0.0,15.000000000000004,403.5079999999989,52.176,7.733593989573729,1.0
78,3,5,1.0,9.71942851607904,9,0.7968638284042898,0,0.0,0.8500000000000001,61.540000000000006,49.039,1.254919553824507,1.0
78,4,5,1.0,10.465208847427025,4,1.0,0,0.0,0.3,33.23,33.23,1.0,1.0
79,0,5,0.0,-34.40486998970971,200,0.0,0,0.0,34.64999999999991,1067.410999999995,39.843,26.790427427653412,1.0
79,1,5,0.0,-22.86416927460415,200,0.0,0,0.0,10.000000000000007,581.6000000000012,21.409,27.166145079172367,1.0
79,2,5,1.0,10.41573686787438,4,1.0,0,0.0,0.4,14.297,14.297,1.0,1.0
79,3,5,0.0,-24.100451460304374,200,0.0,0,0.0,15.000000000000004,595.8000000000004,29.172000000000004,20.42369395310573,1.0
79,4,5,1.0,10.367653972956186,5,0.9713185130180536,0,0.0,0.3,21.547,20.929000000000002,1.0295284055616607,1.0
80,0,5,1.0,9.565557299475262,11,0.7838701384553232,0,0.0,0.8000000000000003,54.458000000000006,42.687999999999995,1.2757215142428788,1.0
80,1,5,0.0,-25.652058330761506,200,0.0,0,0.0,14.950000000000003,692.7139999999995,45.36200000000001,15.270799347471437,1.0
80,2,5,0.0,-13.298441333800694,17,0.0,10,1.0,0.55,78.198,65.617,1.1917338494597436,1.0
80,3,5,0.0,-15.175647639270547,28,0.0,10,1.0,0.9000000000000002,84.09,16.012,5.251686235323508,1.0
80,4,5,0.0,-13.224287666193707,17,0.0,10,1.0,0.44999999999999996,48.275,38.058,1.2684586683483103,1.0
81,0,5,1.0,10.232181845483895,6,0.369100734377165,0,0.0,0.4,36.085,13.318999999999999,2.709287484045349,1.0
81,1,5,1.0,10.31739300100705,5,0.9979899497487436,0,0.0,0.4,15.920000000000002,15.888,1.002014098690836,1.0
81,2,5,0.0,-23.216164927111222,200,0.0,0,0.0,10.000000000000007,590.9370000000002,34.778999999999996,16.991201587164678,1.0
81,3,5,0.0,-24.632648983583135,200,0.0,0,0.0,13.350000000000012,748.0830000000011,53.17699999999999,14.067792466667942,1.0
81,4,5,1.0,10.157752220733462,6,0.8052347652347652,0,0.0,0.55,25.025,20.151,1.2418738524142723,1.0
82,0,5,1.0,10.460885260178532,4,1.0,0,0.0,0.3,22.965,22.965,1.0,1.0
82,1,5,1.0,9.920326544407859,9,0.8678020626360111,0,0.0,0.44999999999999996,52.845,45.85900000000001,1.1523365097363656,1.0
82,2,5,1.0,10.229140989372276,6,0.867192680015913,0,0.0,0.4,30.164000000000005,26.158000000000005,1.1531462650049698,1.0
82,3,5,1.0,10.26641372735939,5,0.7507514671501504,0,0.0,0.49999999999999994,20.959,15.735000000000001,1.3319987289482045,1.0
82,4,5,1.0,10.703882754466974,2,1.0,0,0.0,0.2,9.962,9.962,1.0,1.0
83,0,5,1.0,10.195280605032513,5,1.0,0,0.0,0.6500000000000001,28.296000000000003,28.296000000000003,1.0,1.0
83,1,5,1.0,10.272189881324172,6,0.5843776615159996,0,0.0,0.3,41.095,24.015,1.7112221528211533,1.0
83,2,5,0.0,-31.136806218528285,200,0.0,0,0.0,24.55,353.69099999999827,53.42100000000001,6.620823271747033,1.0
83,3,5,0.0,-13.019903318183012,14,0.0,10,1.0,0.3,28.595,38.062999999999995,0.7512544991198803,1.0
83,4,5,0.0,-13.361223163595072,14,0.0,10,1.0,0.2,17.928,57.245000000000005,0.31318019040964273,1.0
84,0,5,0.0,-25.479678621156808,200,0.0,0,0.0,15.000000000000002,405.4849999999989,26.573000000000004,15.259285741165801,1.0
84,1,5,0.0,-28.461594634291178,200,0.0,0,0.0,19.950000000000017,2676.0249999999987,63.999,41.813543961624376,1.0
84,2,5,0.0,-24.739309488800206,200,0.0,0,0.0,12.500000000000016,824.6539999999997,52.36699999999999,15.747589130559318,1.0
84,3,5,0.0,-22.808969040762005,200,0.0,0,0.0,10.000000000000007,963.2770000000035,36.112,26.67470646876394,1.0
84,4,5,0.0,-25.4792859582504,200,0.0,0,0.0,15.000000000000004,625.7239999999966,49.772999999999996,12.571554859060067,1.0
85,0,5,0.0,-25.427126065053884,200,0.0,0,0.0,15.000000000000002,644.7640000000001,48.237,13.36658581586749,1.0
85,1,5,0.0,-12.77552907947105,13,0.0,10,1.0,0.2,21.852999999999998,38.94500000000001,0.5611246629862625,1.0
85,2,5,1.0,10.20094175794817,6,0.9169974031064727,0,0.0,0.45,40.818000000000005,37.43000000000001,1.0905156291744589,1.0
85,3,5,0.0,-12.836950173934433,13,0.0,10,1.0,0.25,14.825999999999999,28.459,0.5209599775115078,1.0
85,4,5,1.0,10.344070854005105,5,0.7548905534142972,0,0.0,0.35000000000000003,27.501999999999995,20.761,1.3246953422282162,1.0
86,0,5,0.0,-23.038899507910063,200,0.0,0,0.0,10.000000000000007,855.5169999999994,49.178000000000004,17.396335759892622,1.0
86,1,5,1.0,10.013272553800487,7,0.6544785957122041,0,0.0,0.6500000000000001,28.826000000000004,18.866,1.527933849252624,1.0
86,2,5,1.0,10.590462021366424,3,0.8524174620560163,0,0.0,0.25,31.955,27.239,1.173134109181688,1.0
86,3,5,0.0,-25.70967028704419,200,0.0,0,0.0,14.950000000000003,520.822999999997,56.716,9.182999506312099,1.0
86,4,5,1.0,10.612086378251973,3,0.77363184079602,0,0.0,0.2,17.688,13.684000000000001,1.2926045016077168,1.0
87,0,5,0.0,-26.3147294221119,200,0.0,0,0.0,16.649999999999995,1144.3869999999993,19.329,59.205701277872585,1.0
87,1,5,0.0,-23.005493899750107,200,0.0,0,0.0,10.000000000000007,927.399999999995,54.424,17.04027634866961,1.0
87,2,5,0.0,-27.04010422049954,200,0.0,0,0.0,17.45,1323.1279999999974,75.46500000000002,17.533002053932247,1.0
87,3,5,1.0,9.839951079281823,8,0.8109777296059224,0,0.0,0.8,48.899,39.656,1.233079483558604,1.0
87,4,5,0.0,-23.03357324125308,200,0.0,0,0.0,10.000000000000007,354.9999999999993,24.037,14.76889794899527,1.0
88,0,5,0.0,-23.036691917685673,200,0.0,0,0.0,10.000000000000007,1223.3479999999993,33.53,36.48517745302712,1.0
88,1,5,1.0,9.03745780191825,14,0.8747124535791071,0,0.0,1.2500000000000002,66.51100000000001,58.178,1.1432328371549385,1.0
88,2,5,0.0,-23.204503096254488,200,0.0,0,0.0,10.000000000000007,478.7410000000003,33.266,14.391300426862273,1.0
88,3,5,1.0,9.960858954804527,8,0.6453150294631872,0,0.0,0.55,77.21499999999999,49.827999999999996,1.549630729710203,1.0
88,4,5,0.0,-28.13031666012619,200,0.0,0,0.0,20.00000000000003,1251.8000000000025,33.127,37.78790714522904,1.0
89,0,5,0.0,-22.996242518739464,200,0.0,0,0.0,10.050000000000008,873.1820000000031,51.629,16.912626624571523,1.0
89,1,5,0.0,-24.66320877498983,200,0.0,0,0.0,13.350000000000014,708.2310000000006,37.265,19.005259626995855,1.0
89,2,5,0.0,-25.468562062628187,200,0.0,0,0.0,14.950000000000003,816.702000000004,56.587999999999994,14.432423835442215,1.0
89,3,5,1.0,10.342582372322898,5,1.0,0,0.0,0.35,29.136000000000003,29.136000000000003,1.0,1.0
89,4,5,0.0,-25.8555686254497,200,0.0,0,0.0,15.000000000000002,978.2710000000042,39.191,24.961623842208773,1.0
90,0,5,0.0,-23.26247829135986,200,0.0,0,0.0,10.050000000000008,806.8800000000012,48.483000000000004,16.642534496627707,1.0
90,1,5,0.0,-23.0568215780035,200,0.0,0,0.0,10.000000000000007,896.4569999999991,53.535999999999994,16.7449379856545,1.0
90,2,5,0.0,-24.672428688168807,200,0.0,0,0.0,13.350000000000012,767.1310000000005,39.159000000000006,19.59015807349525,1.0
90,3,5,0.0,-25.580348794224435,200,0.0,0,0.0,15.000000000000002,884.4690000000028,45.986999999999995,19.2330223758889,1.0
90,4,5,1.0,9.802168613954711,9,0.6457864413017935,0,0.0,0.7,70.641,45.619,1.5484995287051448,1.0
91,0,5,0.0,-28.02814348328106,200,0.0,0,0.0,19.950000000000017,1784.480999999997,42.437,42.05012135636348,1.0
91,1,5,0.0,-25.56726632772775,200,0.0,0,0.0,15.000000000000004,776.9999999999985,20.456,37.98396558466946,1.0
91,2,5,0.0,-23.21942123585724,200,0.0,0,0.0,10.150000000000011,841.0480000000017,49.407,17.022851013014385,1.0
91,3,5,1.0,10.099323344947736,6,0.9274819027921406,0,0.0,0.65,30.944,28.7,1.0781881533101045,1.0
91,4,5,0.0,-22.682109947231655,200,0.0,0,0.0,10.000000000000007,738.0510000000023,25.394000000000002,29.063991494053802,1.0
92,0,5,1.0,9.983634029745042,7,0.8362761428835832,0,0.0,0.7,27.014999999999997,22.592,1.1957772662889519,1.0
92,1,5,1.0,10.754658826411859,2,1.0,0,0.0,0.1,8.163,8.163,1.0,1.0
92,2,5,0.0,-25.34924034535842,200,0.0,0,0.0,15.000000000000002,877.1199999999985,29.882,29.352787631349926,1.0
92,3,5,1.0,9.811349471801833,9,0.9166717260639914,0,0.0,0.65,65.884,60.394000000000005,1.0909030698413749,1.0
92,4,5,1.0,10.116904008929401,7,0.5025123279347495,0,0.0,0.44999999999999996,42.789,21.502,1.990000930146033,1.0
93,0,5,1.0,10.008145763367077,8,0.8110560247692581,0,0.0,0.45,51.03099999999999,41.389,1.232960448428326,1.0
93,1,5,1.0,9.88881737756714,8,0.8127262922733226,0,0.0,0.7000000000000001,38.943,31.65,1.2304265402843602,1.0
93,2,5,1.0,9.72009708737864,10,0.7773856528879417,0,0.0,0.65,57.23799999999999,44.496,1.286362819129809,1.0
93,3,5,0.0,-25.90698822118008,200,0.0,0,0.0,15.000000000000002,322.4699999999998,36.676,8.792398298614891,1.0
93,4,5,0.0,-25.57434457433555,200,0.0,0,0.0,15.000000000000002,807.5610000000011,59.366,13.603089310379696,1.0
94,0,5,1.0,9.880425516966817,8,0.8155426956206192,0,0.0,0.7,52.35900000000001,42.70100000000001,1.2261773728952483,1.0
94,1,5,0.0,-23.16190030243538,200,0.0,0,0.0,10.050000000000008,316.5640000000003,56.541000000000004,5.598839779982672,1.0
94,2,5,0.0,-25.54768269649866,200,0.0,0,0.0,15.000000000000002,1604.7679999999993,68.82999999999998,23.31494987650733,1.0
94,3,5,0.0,-25.568986973364662,200,0.0,0,0.0,15.000000000000004,962.617000000004,49.821,19.321511009413783,1.0
94,4,5,0.0,-25.52557460150019,200,0.0,0,0.0,15.000000000000004,1342.1910000000016,34.128,39.32814697609006,1.0
95,0,5,0.0,-23.11391923514066,200,0.0,0,0.0,10.000000000000007,966.1540000000035,14.957,64.59544026208488,1.0
95,1,5,1.0,9.716927736350591,9,0.6283868678955226,0,0.0,0.8500000000000001,67.651,42.510999999999996,1.5913763496506788,1.0
95,2,5,0.0,-24.311864824430163,200,0.0,0,0.0,13.350000000000012,532.4370000000007,22.726,23.428539998239934,1.0
95,3,5,0.0,-22.857078753076312,200,0.0,0,0.0,10.050000000000008,873.7520000000031,48.76,17.919442165709665,1.0
95,4,5,1.0,10.753734903381641,2,1.0,0,0.0,0.1,16.56,16.56,1.0,1.0
96,0,5,0.0,-22.820382644666925,200,0.0,0,0.0,10.000000000000007,764.2000000000033,21.273000000000003,35.92347106661041,1.0
96,1,5,1.0,10.611143577222965,3,1.0,0,0.0,0.2,12.697,12.697,1.0,1.0
96,2,5,0.0,-30.57617302586114,200,0.0,0,0.0,24.900000000000002,447.1529999999986,54.986000000000004,8.132124540792175,1.0
96,3,5,0.0,-25.61105707472455,200,0.0,0,0.0,15.000000000000002,1122.784000000002,57.45099999999999,19.543332579067414,1.0
96,4,5,0.0,-23.526933923189464,200,0.0,0,0.0,10.100000000000009,627.9709999999991,56.737,11.06810370657594,1.0
97,0,5,0.0,-23.551800161528178,200,0.0,0,0.0,10.100000000000009,1134.6299999999999,56.956,19.921167216798928,1.0
97,1,5,0.0,-25.671746226562956,200,0.0,0,0.0,15.050000000000002,629.7350000000005,38.294000000000004,16.44474330182275,1.0
97,2,5,0.0,-23.112112745627666,200,0.0,0,0.0,10.000000000000007,1452.599999999997,64.783,22.422549125542147,1.0
97,3,5,1.0,10.149992142705457,6,0.8746935136339996,0,0.0,0.55,26.918,23.545,1.1432575918454022,1.0
97,4,5,1.0,10.122360624562106,7,0.4423830503221236,0,0.0,0.44999999999999996,45.169000000000004,19.982000000000003,2.2604844359923932,1.0
98,0,5,0.0,-25.849691854447084,200,0.0,0,0.0,15.000000000000002,733.4450000000012,37.677,19.46665074183192,1.0
98,1,5,0.0,-23.082198356032873,200,0.0,0,0.0,10.000000000000007,806.6770000000017,50.001000000000005,16.13321733565332,1.0
98,2,5,1.0,10.364882304639387,5,0.8999876832122184,0,0.0,0.3,48.714,43.842000000000006,1.1111263172300532,1.0
98,3,5,0.0,-23.262927437466022,200,0.0,0,0.0,10.10000000000001,627.1969999999985,64.565,9.71419499728953,1.0
98,4,5,0.0,-32.98621414014735,200,0.0,0,0.0,30.000000000000007,843.5999999999977,51.032000000000004,16.530804201285424,1.0
99,0,5,1.0,10.219829456527604,6,0.8402412479593688,0,0.0,0.4,22.052,18.529,1.1901343839386906,1.0
99,1,5,0.0,-25.520148986584484,200,0.0,0,0.0,15.000000000000004,1039.5999999999976,58.663000000000004,17.72156214308845,1.0
99,2,5,0.0,-24.914132206906707,200,0.0,0,0.0,13.300000000000013,999.3300000000008,47.229,21.159245378898575,1.0
99,3,5,1.0,10.082845697329375,8,0.1871494418837119,0,0.0,0.44999999999999996,54.020999999999994,10.11,5.343323442136498,1.0
99,4,5,0.0,-23.60445306852993,200,0.0,0,0.0,10.10000000000001,668.8489999999983,58.105999999999995,11.51084225381197,1.0
100,0,5,0.0,-25.186026423650503,200,0.0,0,0.0,13.300000000000013,1236.474000000001,45.868,26.95722508066628,1.0
100,1,5,1.0,10.176684409340659,6,0.9781659388646289,0,0.0,0.49999999999999994,23.816000000000003,23.296000000000003,1.0223214285714286,1.0
100,2,5,0.0,-13.634412568306008,14,0.0,10,1.0,0.25,15.543,31.476,0.49380480365993135,1.0
100,3,5,0.0,-13.37594816142307,14,0.0,10,1.0,0.25,23.199,30.132,0.7699123855037834,1.0
100,4,5,0.0,-25.560379434642407,200,0.0,0,0.0,15.100000000000003,596.3629999999986,47.439,12.571154535297932,1.0
101,0,5,1.0,9.760529280357428,9,0.9060024287283871,0,0.0,0.7500000000000002,34.586000000000006,31.335,1.1037498005425246,1.0
101,1,5,0.0,-25.540235380654615,200,0.0,0,0.0,15.000000000000004,1071.0000000000025,54.379999999999995,19.69474071349766,1.0
101,2,5,1.0,9.42143647394718,12,0.46037822650871635,0,0.0,0.9,60.86299999999999,28.02,2.1721270521056386,1.0
101,3,5,1.0,10.061111123787793,7,0.6590820224381148,0,0.0,0.55,66.494,43.825,1.5172618368511124,1.0
101,4,5,0.0,-25.460240198046197,200,0.0,0,0.0,15.000000000000004,1603.4999999999993,59.784,26.82155760738658,1.0
102,0,5,0.0,-23.207828066117035,200,0.0,0,0.0,10.000000000000007,1099.0749999999994,26.801000000000002,41.00873101749932,1.0
102,1,5,0.0,-13.358254067324095,14,0.0,10,1.0,0.30000000000000004,12.873000000000001,48.066,0.2678192485332668,1.0
102,2,5,0.0,-13.332227132639416,14,0.0,10,1.0,0.3,18.582,51.591,0.36017910100598943,1.0
102,3,5,1.0,10.469137771918259,4,0.43501949988529487,0,0.0,0.3,17.436,7.585000000000001,2.2987475280158205,1.0
102,4,5,1.0,9.853186105057489,8,1.0,0,0.0,0.75,53.228,53.228,1.0,1.0
103,0,5,1.0,10.393078622756793,5,0.8578256856540086,0,0.0,0.25,30.336,26.023000000000003,1.165738000999116,1.0
103,1,5,1.0,10.342928494780997,5,0.9401352745615043,0,0.0,0.35,43.614999999999995,41.004000000000005,1.063676714466881,1.0
103,2,5,0.0,-25.424445360258208,200,0.0,0,0.0,15.000000000000004,1218.1950000000027,43.67699999999999,27.890995260663573,1.0
103,3,5,0.0,-24.896398159441194,200,0.0,0,0.0,13.550000000000013,1285.0809999999979,63.133,20.355139150681858,1.0
103,4,5,0.0,-23.184589134983096,200,0.0,0,0.0,10.000000000000007,1691.0039999999992,27.722,60.99862924752901,1.0
104,0,5,0.0,-26.160625523961404,200,0.0,0,0.0,15.050000000000002,1368.749999999996,72.763,18.811071561095556,1.0
104,1,5,1.0,10.10133694559874,7,0.9651114023591089,0,0.0,0.45,38.15,36.819,1.0361498139547516,1.0
104,2,5,1.0,9.975810339724406,8,0.6725873166847309,0,0.0,0.5499999999999999,45.208999999999996,30.407,1.4867958035978557,1.0
104,3,5,1.0,9.989260487939733,8,0.7971681220903005,0,0.0,0.49999999999999994,36.301,28.938000000000002,1.2544405280254336,1.0
104,4,5,1.0,8.577477486511963,18,0.6472252872071137,0,0.0,1.4000000000000001,77.035,49.859,1.545057060911771,1.0
105,0,5,0.0,-23.088987040308055,200,0.0,0,0.0,10.000000000000007,465.20799999999855,50.38699999999999,9.23269891043322,1.0
105,1,5,1.0,10.293226465006613,5,0.5432195182905877,0,0.0,0.45,32.010999999999996,17.389,1.8408764161251363,1.0
105,2,5,0.0,-13.068845997443942,17,0.0,10,1.0,0.45,36.274,34.428,1.0536191472057628,1.0
105,3,5,0.0,-25.65734764826173,200,0.0,0,0.0,15.050000000000002,314.6789999999997,26.895,11.70027886224204,1.0
105,4,5,0.0,-13.588245682774632,17,0.0,10,1.0,0.35,35.375,34.455,1.0267014947032362,1.0
106,0,5,1.0,9.63371236133122,10,0.6418775317432925,0,0.0,0.8500000000000001,55.051,35.336,1.5579295902196062,1.0
106,1,5,1.0,9.695892520510847,10,0.6506746367672719,0,0.0,0.7000000000000001,57.882999999999996,37.663,1.5368664206250167,1.0
106,2,5,0.0,-25.570099616364203,200,0.0,0,0.0,14.950000000000003,1071.3040000000026,62.038,17.268512846964807,1.0
106,3,5,0.0,-23.112447207883612,200,0.0,0,0.0,10.000000000000007,1150.1999999999966,51.144000000000005,22.489441576724474,1.0
106,4,5,1.0,10.732211203269623,2,1.0,0,0.0,0.15000000000000002,8.318999999999999,8.318999999999999,1.0,1.0
107,0,5,0.0,-22.865367266495344,200,0.0,0,0.0,10.000000000000007,728.4000000000027,29.175,24.966580976863845,1.0
107,1,5,1.0,9.759406283458244,9,1.0,0,0.0,0.7500000000000001,59.775999999999996,59.775999999999996,1.0,1.0
107,2,5,0.0,-13.189085788645677,13,0.0,10,1.0,0.4,18.841,51.48700000000001,0.36593703264901817,1.0
107,3,5,1.0,9.717097044779972,10,0.9991189427312775,0,0.0,0.65,46.535,46.494,1.0008818342151675,1.0
107,4,5,0.0,-13.294673699384088,13,0.0,10,1.0,0.15000000000000002,10.338000000000001,61.048,0.16934215699122004,1.0
108,0,5,1.0,9.849745100083403,9,0.269294477666414,0,0.0,0.65,71.238,19.184,3.713407005838198,1.0
108,1,5,1.0,10.30351541150302,5,0.7154223879239793,0,0.0,0.44999999999999996,21.994,15.735000000000001,1.3977756593581188,1.0
108,2,5,1.0,10.754103196056606,2,1.0,0,0.0,0.1,12.578,12.578,1.0,1.0
108,3,5,0.0,-28.08168264722216,200,0.0,0,0.0,20.00000000000003,580.1740000000009,52.251,11.103596103423875,1.0
108,4,5,0.0,-25.055974721057147,200,0.0,0,0.0,13.350000000000014,1257.6980000000012,61.75099999999999,20.367249113374704,1.0
109,0,5,0.0,-23.112779631689566,200,0.0,0,0.0,10.000000000000007,1459.9999999999948,64.72800000000001,22.555926337906232,1.0
109,1,5,0.0,-25.02076771048348,200,0.0,0,0.0,13.350000000000012,621.3269999999989,45.538,13.644143352804228,1.0
109,2,5,1.0,10.29536693413574,5,0.5263065282421256,0,0.0,0.45000000000000007,22.732,11.964,1.900033433634236,1.0
109,3,5,1.0,10.354171274585287,5,0.5668432224404372,0,0.0,0.35000000000000003,50.409,28.573999999999998,1.7641562259396655,1.0
109,4,5,1.0,10.730060748822217,2,1.0,0,0.0,0.15000000000000002,12.099,12.099,1.0,1.0
110,0,5,0.0,-12.906260575296109,11,0.0,10,1.0,0.1,10.234,52.599000000000004,0.19456643662427042,1.0
110,1,5,0.0,-22.92390337278585,200,0.0,0,0.0,10.000000000000007,1707.600000000002,74.18199999999999,23.019061227791138,1.0
110,2,5,0.0,-25.435918651900188,200,0.0,0,0.0,15.000000000000004,401.99999999999886,25.102000000000004,16.01466018643928,1.0
110,3,5,0.0,-13.062063321232369,11,0.0,10,1.0,0.05,1.775,31.127000000000002,0.05702444822822629,1.0
110,4,5,1.0,10.492535849056603,4,0.701150945892314,0,0.0,0.25,15.117999999999999,10.600000000000001,1.4262264150943393,1.0
111,0,5,0.0,-25.73578012321514,200,0.0,0,0.0,15.000000000000002,1246.9999999999984,20.939,59.5539424041262,1.0
111,1,5,0.0,-25.55576760364775,200,0.0,0,0.0,15.000000000000004,555.0210000000014,53.185,10.435667951490109,1.0
111,2,5,1.0,10.024806566632002,8,0.5744056254373539,0,0.0,0.44999999999999996,58.59100000000001,33.655,1.7409300252562772,1.0
111,3,5,1.0,10.059162268480575,7,0.8358450241122315,0,0.0,0.55,36.496,30.505000000000003,1.1963940337649566,1.0
111,4,5,0.0,-25.51813815874102,200,0.0,0,0.0,15.000000000000002,910.8879999999987,23.321,39.058702457012934,1.0
112,0,5,1.0,9.502963425170394,11,0.8016571325962598,0,0.0,0.9000000000000001,38.983000000000004,31.251,1.2474160826853542,1.0
112,1,5,0.0,-25.933700818713522,200,0.0,0,0.0,14.950000000000003,951.4620000000026,42.74999999999999,22.256421052631644,1.0
112,2,5,1.0,10.119514963474982,7,0.6616599968816591,0,0.0,0.45,38.482,25.462000000000003,1.5113502474275389,1.0
112,3,5,0.0,-23.052799144537488,200,0.0,0,0.0,10.000000000000007,715.599999999997,56.11000000000001,12.753519871680572,1.0
112,4,5,1.0,9.991492943715757,8,0.6875884743595598,0,0.0,0.5,43.798,30.115000000000002,1.4543582932093642,1.0
113,0,5,0.0,-28.529732385935795,200,0.0,0,0.0,20.00000000000003,1043.4900000000032,51.791,20.148095228900836,1.0
113,1,5,1.0,9.774965080236983,9,0.7154848127561619,0,0.0,0.7500000000000001,35.622,25.487000000000002,1.3976537058108054,1.0
113,2,5,0.0,-23.36542346616674,200,0.0,0,0.0,10.10000000000001,838.1410000000018,52.271,16.03453157582602,1.0
113,3,5,0.0,-25.465502278340164,200,0.0,0,0.0,14.950000000000003,737.570999999997,28.749,25.65553584472493,1.0
113,4,5,0.0,-25.2781972628598,200,0.0,0,0.0,15.000000000000002,1221.9999999999986,27.546999999999997,44.36054742803205,1.0
114,0,5,1.0,9.12119660949606,14,0.6797455249298544,0,0.0,1.1,66.64699999999999,45.303000000000004,1.4711387766814557,1.0
114,1,5,1.0,10.875,1,1.0,0,0.0,0.05,4.423,4.423,1.0,1.0
114,2,5,1.0,10.36945451944057,5,0.9959743498396864,0,0.0,0.3,28.070000000000004,27.957,1.004041921522338,1.0
114,3,5,0.0,-28.124419767274883,200,0.0,0,0.0,19.850000000000016,1336.9380000000008,69.61,19.206119810372083,1.0
114,4,5,0.0,-23.37856395200407,200,0.0,0,0.0,10.100000000000009,903.8799999999975,39.17,23.07582333418426,1.0
115,0,5,0.0,-25.315494880545987,200,0.0,0,0.0,15.000000000000002,1605.0739999999994,29.3,54.78068259385663,1.0
115,1,5,1.0,10.140673875054608,6,0.5040554923477815,0,0.0,0.6,54.49399999999999,27.467999999999996,1.9839085481287315,1.0
115,2,5,0.0,-23.328838158214804,200,0.0,0,0.0,10.050000000000008,622.2849999999991,45.217000000000006,13.762191211270075,1.0
115,3,5,0.0,-23.464210084914534,200,0.0,0,0.0,10.000000000000007,1367.8350000000019,38.156,35.84849040779961,1.0
115,4,5,0.0,-25.721881150329295,200,0.0,0,0.0,15.100000000000003,1167.8850000000032,60.26100000000001,19.380445063971774,1.0
116,0,5,1.0,10.343967544083823,5,0.32892487881420046,0,0.0,0.35000000000000003,35.689,11.739,3.040207854161342,1.0
116,1,5,0.0,-23.10241913772545,200,0.0,0,0.0,10.000000000000007,2116.9150000000086,52.001999999999995,40.70833814084091,1.0
116,2,5,1.0,10.248744228804902,6,0.937523940856508,0,0.0,0.35,26.106,24.475,1.0666394279877427,1.0
116,3,5,1.0,10.515629991126886,4,0.9887265868316006,0,0.0,0.2,22.797,22.54,1.011401952085182,1.0
116,4,5,0.0,-25.584338907881335,200,0.0,0,0.0,15.000000000000004,942.5999999999977,54.115,17.41846068557697,1.0
117,0,5,0.0,-25.540593233325975,200,0.0,0,0.0,15.000000000000002,638.7859999999977,58.729000000000006,10.876841083621338,1.0
117,1,5,1.0,10.875,1,1.0,0,0.0,0.05,6.783,6.783,1.0,1.0
117,2,5,0.0,-25.197626001663945,200,0.0,0,0.0,13.400000000000013,817.3150000000014,45.67400000000001,17.894535184131044,1.0
117,3,5,0.0,-30.697029965526266,200,0.0,0,0.0,25.0,462.39699999999834,18.855,24.523839830283656,1.0
117,4,5,1.0,9.663167924773262,10,0.8618859600044757,0,0.0,0.75,62.556999999999995,53.91699999999998,1.160246304505073,1.0
118,0,5,1.0,9.622904373450247,11,0.5457665679486928,0,0.0,0.7000000000000002,50.987,27.827,1.832285190642182,1.0
118,1,5,0.0,-22.817655607751025,200,0.0,0,0.0,10.050000000000008,1458.1329999999948,47.684,30.579083130609742,1.0
118,2,5,0.0,-23.49780879203933,200,0.0,0,0.0,10.15000000000001,864.0589999999967,79.39,10.883725910064198,1.0
118,3,5,1.0,10.728442509779857,2,1.0,0,0.0,0.15000000000000002,13.036999999999999,13.036999999999999,1.0,1.0
118,4,5,1.0,9.75999739634186,9,0.6702587147157628,0,0.0,0.7500000000000001,45.842,30.726,1.4919612054937186,1.0
119,0,5,0.0,-24.366851093063815,200,0.0,0,0.0,12.500000000000014,784.751999999999,40.757000000000005,19.25441028534973,1.0
119,1,5,0.0,-25.88386034337701,200,0.0,0,0.0,15.100000000000003,778.4189999999986,32.093,24.25510235876978,1.0
119,2,5,0.0,-28.085463640248417,200,0.0,0,0.0,20.00000000000003,714.2280000000004,39.782999999999994,17.953095543322537,1.0
119,3,5,0.0,-24.474589229667952,200,0.0,0,0.0,13.350000000000012,774.0780000000024,18.161,42.62309344199121,1.0
119,4,5,1.0,10.610686908909905,3,0.5179169889146686,0,0.0,0.2,11.637,6.026999999999999,1.9308113489298162,1.0
120,0,5,0.0,-25.57398917876017,200,0.0,0,0.0,15.050000000000002,1178.0920000000046,35.763,32.94164359813228,1.0
120,1,5,0.0,-23.24999582765428,200,0.0,0,0.0,10.050000000000008,860.7759999999978,71.902,11.971516786737473,1.0
120,2,5,1.0,10.314129857316333,5,0.7241151901516818,0,0.0,0.39999999999999997,36.391999999999996,26.352,1.3809957498482086,1.0
120,3,5,1.0,9.390926762742223,12,0.861335624243912,0,0.0,0.9500000000000001,57.037,49.12800000000001,1.160987624165445,1.0
120,4,5,0.0,-25.66049545763805,200,0.0,0,0.0,15.000000000000002,687.5529999999968,24.987000000000002,27.51642854284215,1.0
121,0,5,1.0,9.604470997880531,11,0.689193620509763,0,0.0,0.7000000000000002,67.08999999999999,46.23799999999999,1.4509710627622303,1.0
121,1,5,0.0,-25.00450683373988,200,0.0,0,0.0,13.350000000000014,613.536999999999,42.217,14.532936968519767,1.0
121,2,5,1.0,8.740717005766511,17,0.565231295278157,0,0.0,1.3000000000000003,81.30300000000001,45.955000000000005,1.7691872483951692,1.0
121,3,5,0.0,-23.14280249147765,200,0.0,0,0.0,10.050000000000008,676.5030000000033,47.522,14.235575102058064,1.0
121,4,5,0.0,-25.655256856769604,200,0.0,0,0.0,15.000000000000002,689.6690000000018,36.752,18.765482150631307,1.0
122,0,5,0.0,-13.068634086434436,12,0.0,10,1.0,0.1,12.527000000000001,51.299,0.24419579329031757,1.0
122,1,5,0.0,-12.586920930232559,12,0.0,10,1.0,0.3,9.375,12.9,0.7267441860465116,1.0
122,2,5,0.0,-23.090845390552087,200,0.0,0,0.0,10.000000000000007,1050.1959999999967,58.95499999999999,17.813518785514322,1.0
122,3,5,1.0,10.733271715491876,2,0.7813093453273363,0,0.0,0.15000000000000002,10.005,7.817,1.2799027760010235,1.0
122,4,5,0.0,-26.120249857940305,200,0.0,0,0.0,14.950000000000003,652.6160000000002,59.83400000000001,10.907109670087243,1.0
123,0,5,0.0,-23.073103310321827,200,0.0,0,0.0,10.050000000000008,577.9849999999991,53.74099999999999,10.755010141232935,1.0
123,1,5,0.0,-25.536420488717553,200,0.0,0,0.0,14.950000000000003,729.3099999999981,44.893,16.245517118481683,1.0
123,2,5,0.0,-23.157995584621077,200,0.0,0,0.0,10.000000000000007,940.6849999999986,24.006999999999998,39.18377973091176,1.0
123,3,5,1.0,10.875,1,1.0,0,0.0,0.05,4.11,4.11,1.0,1.0
123,4,5,0.0,-25.906833953510816,200,0.0,0,0.0,15.050000000000002,904.9189999999968,20.693,43.730681873097026,1.0
124,0,5,0.0,-22.94532358971663,200,0.0,0,0.0,10.000000000000007,1089.8659999999982,38.041999999999994,28.649019504757856,1.0
124,1,5,0.0,-25.885704997923877,200,0.0,0,0.0,14.950000000000003,382.95899999999966,45.759,8.369042155641505,1.0
124,2,5,1.0,10.654860210481557,2,1.0,0,0.0,0.3,9.407,9.407,1.0,1.0
124,3,5,1.0,9.231431174718876,13,0.7031816477059634,0,0.0,1.05,63.992,44.998000000000005,1.4221076492288545,1.0
124,4,5,1.0,9.816261686372233,9,0.9194208832992103,0,0.0,0.65,61.542,56.583000000000006,1.0876411643073007,1.0
125,0,5,1.0,9.673643086060391,10,0.8408158220024722,0,0.0,0.75,40.449999999999996,34.010999999999996,1.189321101996413,1.0
125,1,5,0.0,-23.236882090119753,200,0.0,0,0.0,10.200000000000012,851.8639999999979,63.11599999999999,13.496799543697287,1.0
125,2,5,0.0,-26.041159626191902,200,0.0,0,0.0,15.150000000000002,1145.2340000000042,31.674,36.156911031129766,1.0
125,3,5,0.0,-27.684771536115875,200,0.0,0,0.0,19.900000000000013,2657.081999999999,41.976000000000006,63.3000285877644,1.0
125,4,5,0.0,-25.040285174418525,200,0.0,0,0.0,13.350000000000012,675.6530000000014,34.4,19.64107558139539,1.0
126,0,5,0.0,-25.209894762768325,200,0.0,0,0.0,13.500000000000014,850.8539999999982,44.661,19.051387116275905,1.0
126,1,5,1.0,10.09692274154168,7,0.8037848256527074,0,0.0,0.44999999999999996,28.535,22.936000000000003,1.2441140565050575,1.0
126,2,5,0.0,-25.044440414507786,200,0.0,0,0.0,13.300000000000013,997.4500000000004,15.44,64.60168393782386,1.0
126,3,5,0.0,-23.248533165518367,200,0.0,0,0.0,10.15000000000001,334.19099999999986,45.288,7.379239533651296,1.0
126,4,5,0.0,-23.85674714661992,200,0.0,0,0.0,10.050000000000008,3190.263999999989,30.753,103.73830195428053,1.0
127,0,5,0.0,-28.038568329301576,200,0.0,0,0.0,19.950000000000017,1736.219000000008,26.043000000000003,66.66739622931335,1.0
127,1,5,1.0,10.056210328287905,7,0.7187506451146756,0,0.0,0.55,48.441,34.817,1.3913030990608037,1.0
127,2,5,1.0,10.489708743842364,4,1.0,0,0.0,0.25,16.24,16.24,1.0,1.0
127,3,5,1.0,10.582560095666626,3,1.0,0,0.0,0.25,24.669,24.669,1.0,1.0
127,4,5,1.0,10.278936873416328,6,0.5298272239084754,0,0.0,0.3,34.264,18.154,1.8874077338327644,1.0
128,0,5,0.0,-25.568769136433318,200,0.0,0,0.0,15.000000000000002,978.4020000000043,48.925000000000004,19.997996934082863,1.0
128,1,5,1.0,10.608166223725537,3,1.0,0,0.0,0.2,12.417000000000002,12.417000000000002,1.0,1.0
128,2,5,0.0,-22.98528432404953,200,0.0,0,0.0,10.000000000000007,1729.3749999999973,55.077999999999996,31.398652819637558,1.0
128,3,5,0.0,-25.34609571788415,200,0.0,0,0.0,15.000000000000002,1221.9999999999986,39.699999999999996,30.780856423173773,1.0
128,4,5,0.0,-22.89956852521805,200,0.0,0,0.0,10.000000000000007,608.7109999999992,37.592,16.192567567567547,1.0
129,0,5,1.0,10.270465216223476,5,0.8617257661327655,0,0.0,0.5,43.20399999999999,37.23,1.1604619930163846,1.0
129,1,5,0.0,-27.809705632205638,200,0.0,0,0.0,19.950000000000024,774.345999999998,42.328,18.293942543942496,1.0
129,2,5,0.0,-24.72746912055328,200,0.0,0,0.0,13.300000000000013,1277.258999999998,40.480000000000004,31.552840909090857,1.0
129,3,5,0.0,-30.748728407113454,200,0.0,0,0.0,24.700000000000003,1464.4119999999928,23.561,62.15406816349021,1.0
129,4,5,0.0,-25.49749449880613,200,0.0,0,0.0,15.000000000000002,1412.5659999999964,42.718,33.06723161196677,1.0
130,0,5,0.0,-24.29723583541934,200,0.0,0,0.0,12.500000000000014,664.7159999999984,56.726,11.718012904135643,1.0
130,1,5,0.0,-23.054521394633362,200,0.0,0,0.0,10.000000000000007,578.1410000000005,73.45299999999999,7.870897036200027,1.0
130,2,5,0.0,-25.84318460698006,200,0.0,0,0.0,14.950000000000003,832.7299999999957,47.592999999999996,17.496900804740104,1.0
130,3,5,0.0,-29.450890771467265,200,0.0,0,0.0,23.30000000000002,1135.5289999999986,19.949,56.92160008020445,1.0
130,4,5,0.0,-24.823580364617225,200,0.0,0,0.0,13.350000000000012,654.0029999999996,43.004000000000005,15.207957399311681,1.0
131,0,5,0.0,-23.062644941722095,200,0.0,0,0.0,10.000000000000007,585.5999999999996,33.203,17.636960515616042,1.0
131,1,5,0.0,-25.511556779418346,200,0.0,0,0.0,15.050000000000002,1996.1549999999959,38.403,51.97914225451126,1.0
131,2,5,0.0,-13.488452625256521,16,0.0,10,1.0,0.35,21.978,39.958,0.5500275289053507,1.0
131,3,5,1.0,10.152288709390035,7,0.8496026239434843,0,0.0,0.35,39.635,33.674,1.17702084694423,1.0
131,4,5,0.0,-12.854656581409856,16,0.0,10,1.0,0.4,45.323,32.06,1.4136930754834685,1.0
132,0,5,0.0,-23.38855442424947,200,0.0,0,0.0,10.100000000000009,921.3610000000009,34.277,26.879861131370916,1.0
132,1,5,0.0,-23.469034916623194,200,0.0,0,0.0,10.200000000000012,558.752,36.400999999999996,15.349907969561276,1.0
132,2,5,0.0,-33.16572043852769,200,0.0,0,0.0,30.000000000000007,1424.0530000000028,61.29600000000001,23.232396893761464,1.0
132,3,5,1.0,9.615125872060831,10,0.7828071949721881,0,0.0,0.8500000000000001,69.215,54.182,1.277453766933668,1.0
132,4,5,0.0,-30.381175438136896,200,0.0,0,0.0,25.0,849.3759999999976,38.172999999999995,22.25070075707955,1.0
133,0,5,0.0,-28.553402272940733,200,0.0,0,0.0,20.00000000000003,1045.391000000003,53.23500000000001,19.637287498826016,1.0
133,1,5,1.0,9.811675644478646,9,0.881636015604177,0,0.0,0.6500000000000001,41.27100000000001,36.385999999999996,1.1342549332160725,1.0
133,2,5,0.0,-23.09236251856099,200,0.0,0,0.0,10.000000000000007,1437.705999999994,38.387,37.45293979732706,1.0
133,3,5,1.0,10.43496859813084,4,1.0,0,0.0,0.35000000000000003,26.75,26.75,1.0,1.0
133,4,5,0.0,-26.046401367064274,200,0.0,0,0.0,15.000000000000004,785.4989999999987,79.29400000000001,9.9061593563195,1.0
134,0,5,1.0,8.796310891377054,17,0.5573256150506513,0,0.0,1.2000000000000002,86.375,48.139,1.7942832215043933,1.0
134,1,5,0.0,-23.094318118387278,200,0.0,0,0.0,10.000000000000007,1416.3899999999958,39.413,35.93712734376972,1.0
134,2,5,0.0,-25.3922254070436,200,0.0,0,0.0,15.000000000000004,1114.8419999999978,42.562999999999995,26.192749571223786,1.0
134,3,5,1.0,9.631081491114001,10,0.8486581389515928,0,0.0,0.85,59.805,50.754000000000005,1.1783307719588603,1.0
134,4,5,1.0,10.324265853253651,5,0.5934829191399228,0,0.0,0.39999999999999997,40.601,24.096000000000004,1.6849684594953516,1.0
135,0,5,0.0,-26.172857727158238,200,0.0,0,0.0,14.900000000000002,795.8500000000033,31.784,25.039327963755454,1.0
135,1,5,1.0,10.230132262216502,6,0.9047141021522647,0,0.0,0.39999999999999997,24.904,22.531,1.105321556965958,1.0
135,2,5,0.0,-13.291317458530362,13,0.0,10,1.0,0.30000000000000004,14.015,53.29200000000001,0.2629850634241537,1.0
135,3,5,0.0,-12.930594002306808,13,0.0,10,1.0,0.30000000000000004,14.823,22.541999999999998,0.6575725312749535,1.0
135,4,5,1.0,10.635278120550545,3,1.0,0,0.0,0.15000000000000002,10.535,10.535,1.0,1.0
136,0,5,0.0,-22.92876451835422,200,0.0,0,0.0,10.000000000000007,764.2000000000033,53.639,14.247096329163544,1.0
136,1,5,0.0,-30.571546453161332,200,0.0,0,0.0,24.900000000000002,447.1529999999986,57.079,7.833931918919368,1.0
136,2,5,0.0,-22.872953754859903,200,0.0,0,0.0,10.000000000000007,935.0929999999971,39.096000000000004,23.917868835686438,1.0
136,3,5,0.0,-28.014639045825373,200,0.0,0,0.0,20.000000000000014,1019.9980000000013,39.825,25.612002510985594,1.0
136,4,5,1.0,9.46054794948737,12,0.36003916405010294,0,0.0,0.8500000000000002,88.857,31.991999999999997,2.7774756189047265,1.0
137,0,5,0.0,-22.932967805426717,200,0.0,0,0.0,10.000000000000007,362.4799999999992,56.904,6.3700267116547025,1.0
137,1,5,0.0,-14.390576745616732,13,0.0,10,1.0,0.25,20.842,9.753,2.136983492258792,1.0
137,2,5,0.0,-13.245782033175486,13,0.0,10,1.0,0.15000000000000002,16.476,36.111000000000004,0.45625986541497043,1.0
137,3,5,0.0,-25.028712191612392,200,0.0,0,0.0,13.300000000000013,784.8630000000024,33.358999999999995,23.527773614317052,1.0
137,4,5,0.0,-25.537825983455306,200,0.0,0,0.0,14.900000000000002,424.3489999999988,50.409,8.418119780197957,1.0
138,0,5,0.0,-13.101236935187895,15,0.0,10,1.0,0.4,23.144,37.601,0.6155155447993405,1.0
138,1,5,1.0,10.316326314025583,5,0.8780715091470891,0,0.0,0.39999999999999997,20.389,17.903,1.1388594090375914,1.0
138,2,5,0.0,-13.671352381367193,15,0.0,10,1.0,0.6,35.315,45.919,0.7690716261242623,1.0
138,3,5,1.0,9.832970677015956,9,0.9365534509914785,0,0.0,0.6,49.522000000000006,46.38,1.0677447175506685,1.0
138,4,5,0.0,-22.982563338300974,200,0.0,0,0.0,10.000000000000007,1481.092999999996,40.26,36.788201689021264,1.0
139,0,5,0.0,-23.17377483379901,200,0.0,0,0.0,10.050000000000008,721.7849999999975,51.895,13.9085653723865,1.0
139,1,5,0.0,-22.279183308761134,200,0.0,0,0.0,10.000000000000007,2660.600000000003,22.383000000000003,118.86699727471755,1.0
139,2,5,0.0,-22.940747782002596,200,0.0,0,0.0,10.000000000000007,640.7120000000031,18.936,33.83565694972555,1.0
139,3,5,0.0,-24.570789610239895,200,0.0,0,0.0,13.350000000000012,876.1550000000004,34.688,25.25815844095942,1.0
139,4,5,0.0,-24.647593779839077,200,0.0,0,0.0,13.350000000000012,731.4400000000016,29.323999999999998,24.943391078979733,1.0
140,0,5,1.0,9.508874723292612,11,0.7400643164856501,0,0.0,0.9000000000000001,65.924,48.788000000000004,1.3512339099778634,1.0
140,1,5,0.0,-23.321763162370353,200,0.0,0,0.0,10.000000000000007,716.295,41.159,17.403119609319955,1.0
140,2,5,0.0,-26.98458176032261,200,0.0,0,0.0,17.45000000000003,775.925,50.59299999999999,15.336607831122885,1.0
140,3,5,0.0,-25.99069683716455,200,0.0,0,0.0,15.150000000000002,830.3820000000021,18.749,44.289402101445525,1.0
140,4,5,0.0,-25.725220285882187,200,0.0,0,0.0,15.000000000000002,940.8519999999969,25.535000000000004,36.84558449187377,1.0
141,0,5,1.0,8.987000703956824,15,0.5303496982141747,0,0.0,1.2500000000000002,64.284,34.093,1.8855483530343473,1.0
141,1,5,0.0,-13.167153366608538,12,0.0,10,1.0,0.2,10.183,49.887,0.20412131417002424,1.0
141,2,5,1.0,10.243736016754355,6,0.9882382635032814,0,0.0,0.35,39.62,39.154,1.0119017214077743,1.0
141,3,5,0.0,-13.066770158387332,12,0.0,10,1.0,0.1,7.337,22.224,0.33013858891288694,1.0
141,4,5,1.0,9.316571140223932,13,0.5976896375120925,0,0.0,0.9000000000000002,87.865,52.516000000000005,1.6731091476883233,1.0
142,0,5,0.0,-23.04961046428065,200,0.0,0,0.0,10.000000000000007,657.6000000000016,41.742000000000004,15.75391691821191,1.0
142,1,5,1.0,10.236051579715687,6,0.679956514546357,0,0.0,0.39999999999999997,42.312999999999995,28.771,1.4706822842445515,1.0
142,2,5,1.0,10.36786313750807,4,0.5908204780471266,0,0.0,0.5,23.596000000000004,13.941,1.6925615092174164,1.0
142,3,5,0.0,-25.08997448891054,200,0.0,0,0.0,13.350000000000012,1238.5930000000012,28.811,42.990281489708835,1.0
142,4,5,0.0,-22.936571851225796,200,0.0,0,0.0,10.000000000000007,820.7380000000022,23.66,34.68884192730356,1.0
143,0,5,0.0,-28.139581784952785,200,0.0,0,0.0,19.85000000000003,808.9220000000033,32.83,24.63971976850452,1.0
143,1,5,0.0,-30.217798114861857,200,0.0,0,0.0,23.30000000000002,1142.8549999999989,45.62,25.051622095572096,1.0
143,2,5,0.0,-25.612708365193516,200,0.0,0,0.0,15.000000000000002,736.9999999999969,32.695,22.54167303869084,1.0
143,3,5,0.0,-28.599601454653378,200,0.0,0,0.0,19.85000000000003,638.7119999999995,53.89600000000001,11.85082380881697,1.0
143,4,5,0.0,-23.506316779630403,200,0.0,0,0.0,10.200000000000012,1427.748999999994,38.803,36.79480967966379,1.0
144,0,5,0.0,-23.977399598747045,200,0.0,0,0.0,10.200000000000012,733.9049999999974,28.410999999999998,25.831720108408625,1.0
144,1,5,0.0,-28.069397756267556,200,0.0,0,0.0,20.000000000000014,1254.1999999999955,49.382000000000005,25.39791826981482,1.0
144,2,5,1.0,10.226887990762124,6,0.49168228013399196,0,0.0,0.39999999999999997,35.226,17.32,2.0338337182448036,1.0
144,3,5,0.0,-25.399358342532782,200,0.0,0,0.0,15.000000000000002,942.5999999999977,50.728,18.581454029332868,1.0
144,4,5,1.0,9.985590065240938,8,0.6952417645925641,0,0.0,0.49999999999999994,57.101,39.699000000000005,1.4383485730119145,1.0
145,0,5,1.0,9.574065797088547,11,0.8204013805445483,0,0.0,0.75,54.760999999999996,44.926,1.218915550015581,1.0
145,1,5,0.0,-28.205683176205056,200,0.0,0,0.0,20.000000000000014,800.679000000003,15.062,53.15887664320828,1.0
145,2,5,1.0,10.103141379310344,7,0.4371231696813093,0,0.0,0.5,46.43999999999999,20.3,2.287684729064039,1.0
145,3,5,1.0,10.515549365189907,4,0.7399318217853179,0,0.0,0.2,25.228,18.667,1.3514758665023838,1.0
145,4,5,0.0,-25.507104940792132,200,0.0,0,0.0,15.000000000000004,1114.599999999999,48.98,22.756227031441387,1.0
146,0,5,1.0,10.654704248534102,2,1.0,0,0.0,0.3,9.721,9.721,1.0,1.0
146,1,5,0.0,-25.446450948800564,200,0.0,0,0.0,15.000000000000004,1163.6950000000031,33.516,34.720581214942214,1.0
146,2,5,1.0,10.099962049048958,7,0.7735076721556884,0,0.0,0.45,42.75200000000001,33.068999999999996,1.292811999153286,1.0
146,3,5,0.0,-25.56571006174446,200,0.0,0,0.0,15.000000000000004,755.6000000000024,57.495000000000005,13.142012348899945,1.0
146,4,5,0.0,-23.08378116234571,200,0.0,0,0.0,10.000000000000007,639.200000000003,38.147,16.756232469132645,1.0
147,0,5,1.0,10.727338638373121,2,1.0,0,0.0,0.15000000000000002,24.881999999999998,24.881999999999998,1.0,1.0
147,1,5,1.0,8.17628839146278,21,0.3871572860387421,0,0.0,1.7000000000000002,129.007,49.946000000000005,2.582929563929043,1.0
147,2,5,1.0,10.763295473387497,2,0.4370923322220612,0,0.0,0.1,27.595999999999997,12.062,2.2878461283369256,1.0
147,3,5,1.0,10.742026816945199,2,0.31127510283087345,0,0.0,0.15000000000000002,8.266,2.573,3.2125923047026816,1.0
147,4,5,0.0,-23.27965856972988,200,0.0,0,0.0,10.000000000000007,1449.536999999997,35.321999999999996,41.03779514183787,1.0
148,0,5,1.0,9.419395955136618,12,0.7307206068268015,0,0.0,0.9,45.878,33.524,1.3685121107266436,1.0
148,1,5,0.0,-23.100137887191124,200,0.0,0,0.0,10.000000000000007,1478.341999999996,45.617,32.40769888418782,1.0
148,2,5,1.0,10.461777549447726,4,0.825516875773105,0,0.0,0.3,28.294999999999995,23.358,1.2113622741673087,1.0
148,3,5,1.0,9.486305359333361,11,0.8225960785678248,0,0.0,0.9000000000000001,57.479000000000006,47.282000000000004,1.2156634660124361,1.0
148,4,5,1.0,10.00821895358718,7,0.9009642902714231,0,0.0,0.65,54.859,49.426,1.1099219034516246,1.0
149,0,5,0.0,-25.924388773857622,200,0.0,0,0.0,15.000000000000002,2688.714999999992,48.779,55.120338670329275,1.0
149,1,5,1.0,10.476194452991077,4,0.6009562047651751,0,0.0,0.3,37.858,22.750999999999998,1.664014768581601,1.0
149,2,5,0.0,-30.576072676450103,200,0.0,0,0.0,25.0,1119.6810000000014,48.653999999999996,23.013133555308947,1.0
149,3,5,0.0,-23.890252559726964,200,0.0,0,0.0,12.000000000000016,1150.8,26.369999999999997,43.640500568828216,1.0
149,4,5,0.0,-24.812131036417146,200,0.0,0,0.0,13.350000000000012,1282.5729999999978,42.782,29.979266981440745,1.0
150,0,5,0.0,-25.798797449018522,200,0.0,0,0.0,15.000000000000002,1628.0289999999966,52.37199999999999,31.08586649354611,1.0
150,1,5,1.0,10.102088879603654,7,0.37956816276593336,0,0.0,0.44999999999999996,44.137,16.753,2.6345729123142125,1.0
150,2,5,0.0,-23.23769009958999,200,0.0,0,0.0,10.050000000000008,1027.8450000000023,59.745000000000005,17.20386643233747,1.0
150,3,5,0.0,-25.537895649369077,200,0.0,0,0.0,15.000000000000004,779.8790000000001,49.602,15.722732954316362,1.0
150,4,5,0.0,-28.186040300183183,200,0.0,0,0.0,19.900000000000013,2666.531999999999,67.69200000000001,39.392129055132045,1.0
151,0,5,0.0,-25.591653764447518,200,0.0,0,0.0,15.000000000000004,889.9420000000028,55.546,16.02171173441837,1.0
151,1,5,0.0,-27.85417113446275,200,0.0,0,0.0,20.000000000000014,1784.814999999997,32.641,54.680156857939316,1.0
151,2,5,0.0,-24.760497160536584,200,0.0,0,0.0,13.350000000000012,1238.0060000000012,49.129000000000005,25.19908811496267,1.0
151,3,5,1.0,10.587600200696535,3,0.9547452660054102,0,0.0,0.25,17.744,16.941,1.047399799303465,1.0
151,4,5,1.0,9.028987727007694,15,0.8706478133822,0,0.0,1.1000000000000003,80.76400000000001,70.31700000000001,1.1485700470725428,1.0
152,0,5,0.0,-25.24036763582664,200,0.0,0,0.0,15.100000000000003,573.0539999999968,39.278000000000006,14.58969397627162,1.0
152,1,5,1.0,9.849364412491575,8,0.9555398123698504,0,0.0,0.75,46.580999999999996,44.51,1.0465288699168727,1.0
152,2,5,0.0,-25.585407809110592,200,0.0,0,0.0,15.000000000000002,1244.8000000000009,55.32,22.501807664497484,1.0
152,3,5,1.0,9.95922790996252,8,0.9246897977941176,0,0.0,0.55,52.224000000000004,48.291000000000004,1.0814437472821024,1.0
152,4,5,0.0,-25.769056635712847,200,0.0,0,0.0,15.100000000000003,1438.7250000000026,41.352000000000004,34.79215031921074,1.0
153,0,5,1.0,9.759469255984902,9,0.9640319460670714,0,0.0,0.7500000000000001,52.213,50.335,1.0373100228469256,1.0
153,1,5,0.0,-30.85499575149515,200,0.0,0,0.0,24.75,1225.01,61.198,20.01715742344521,1.0
153,2,5,1.0,8.958350649990152,15,0.4781277958280361,0,0.0,1.2500000000000004,84.948,40.61600000000001,2.091491038014575,1.0
153,3,5,0.0,-25.47192478225057,200,0.0,0,0.0,15.000000000000002,1037.6899999999973,57.06100000000001,18.18562590911476,1.0
153,4,5,1.0,9.905146362763077,7,0.9140617516523515,0,0.0,0.8500000000000001,62.638000000000005,57.254999999999995,1.0940179896952233,1.0
154,0,5,1.0,10.121209134509614,6,0.8373061194414766,0,0.0,0.6000000000000001,27.142999999999997,22.726999999999997,1.19430633167598,1.0
154,1,5,0.0,-26.041266855817884,200,0.0,0,0.0,14.950000000000003,965.9820000000027,65.55600000000001,14.735218744279738,1.0
154,2,5,0.0,-23.081856564321985,200,0.0,0,0.0,10.000000000000007,763.2290000000033,34.817,21.921159203837302,1.0
154,3,5,0.0,-33.113527255131984,200,0.0,0,0.0,29.900000000000006,852.7649999999977,53.733000000000004,15.870414828876067,1.0
154,4,5,0.0,-25.500414959554657,200,0.0,0,0.0,15.000000000000004,1412.8029999999962,38.076,37.10481668242453,1.0
155,0,5,0.0,-16.21666861655455,14,0.0,13,1.0,0.05,3.913,27.352,0.14306083650190113,1.0
155,1,5,0.0,-25.985535571967546,200,0.0,0,0.0,15.050000000000002,635.656,37.642,16.88688167472504,1.0
155,2,5,0.0,-15.954369429862046,14,0.0,13,1.0,0.1,3.518,8.191,0.4294957880600659,1.0
155,3,5,0.0,-25.59246730790016,200,0.0,0,0.0,15.000000000000004,1345.934999999999,46.265,29.091862098778755,1.0
155,4,5,1.0,9.89902679861628,8,0.9303377194769217,0,0.0,0.65,49.09400000000001,45.674,1.074878486666375,1.0
156,0,5,0.0,-23.24174508997203,200,0.0,0,0.0,10.200000000000012,973.5610000000034,46.181,21.08141876529316,1.0
156,1,5,0.0,-22.85750017697439,200,0.0,0,0.0,10.000000000000007,1207.799999999998,42.379000000000005,28.499964605110968,1.0
156,2,5,1.0,9.356647861160324,12,0.7671773352862779,0,0.0,1.0,75.783,58.138999999999996,1.3034795920122466,1.0
156,3,5,0.0,-25.77546121153529,200,0.0,0,0.0,15.000000000000004,643.2820000000004,54.82299999999999,11.73379785856302,1.0
156,4,5,1.0,10.707700092772201,2,0.9012617816965643,0,0.0,0.2,13.156,11.857000000000001,1.1095555368136965,1.0
157,0,5,1.0,10.875,1,1.0,0,0.0,0.05,3.598,3.598,1.0,1.0
157,1,5,1.0,10.072925512104284,7,0.7035088102360313,0,0.0,0.49999999999999994,45.799,32.22,1.4214463066418375,1.0
157,2,5,1.0,9.74235734193927,9,0.9420950801547816,0,0.0,0.8,43.416,40.901999999999994,1.0614639870910958,1.0
157,3,5,1.0,10.635176046702545,3,1.0,0,0.0,0.15000000000000002,21.926000000000002,21.926000000000002,1.0,1.0
157,4,5,1.0,9.58391845859059,10,0.6158923029852703,0,0.0,0.9500000000000001,68.637,42.272999999999996,1.6236604925129516,1.0
158,0,5,0.0,-22.831610960050234,200,0.0,0,0.0,10.050000000000008,1458.1329999999948,47.81,30.498494038903885,1.0
158,1,5,1.0,9.510383393223057,11,0.6198207152981022,0,0.0,0.9000000000000001,54.327000000000005,33.673,1.6133697621239569,1.0
158,2,5,0.0,-23.116067985643493,200,0.0,0,0.0,10.000000000000007,684.891000000003,33.713,20.315338296799542,1.0
158,3,5,0.0,-22.96391132875406,200,0.0,0,0.0,10.000000000000007,521.7600000000011,30.427,17.147927827258723,1.0
158,4,5,1.0,10.077546950389706,7,0.9622619047619049,0,0.0,0.49999999999999994,41.99999999999999,40.415,1.0392181120870962,1.0
159,0,5,0.0,-23.025220136470455,200,0.0,0,0.0,10.000000000000007,668.2499999999992,70.63799999999999,9.460205555083656,1.0
159,1,5,1.0,10.344083993583823,5,1.0,0,0.0,0.35,41.146,41.146,1.0,1.0
159,2,5,1.0,9.970577661242364,8,0.5905245346869712,0,0.0,0.5499999999999999,31.323,18.497,1.6934097421203438,1.0
159,3,5,1.0,10.507966890448582,3,1.0,0,0.0,0.4,13.108,13.108,1.0,1.0
159,4,5,1.0,10.340244337509333,5,0.8307543853603061,0,0.0,0.35000000000000003,29.016999999999996,24.105999999999998,1.2037252136397576,1.0
160,0,5,1.0,9.75970165656999,9,0.8789877951086189,0,0.0,0.7500000000000002,42.44199999999999,37.306,1.1376722243070818,1.0
160,1,5,0.0,-25.634740653982313,200,0.0,0,0.0,14.950000000000003,369.9999999999993,41.836,8.8440577493068,1.0
160,2,5,0.0,-23.04219434880864,200,0.0,0,0.0,10.000000000000007,661.0030000000016,65.933,10.025374243550294,1.0
160,3,5,0.0,-23.34918092164245,200,0.0,0,0.0,10.000000000000007,1266.939000000006,55.77,22.7172135556752,1.0
160,4,5,1.0,10.73386866059818,2,0.7461793482655454,0,0.0,0.15000000000000002,12.366999999999999,9.228,1.3401603814477676,1.0
161,0,5,0.0,-23.49844657792447,200,0.0,0,0.0,10.050000000000008,683.9250000000034,42.44499999999999,16.11320532453772,1.0
161,1,5,0.0,-28.097370255056855,200,0.0,0,0.0,20.00000000000003,715.5830000000004,48.498999999999995,14.754592878203685,1.0
161,2,5,1.0,9.74126674841155,9,0.8549998093858412,0,0.0,0.8000000000000002,52.461999999999996,44.855,1.1695909040240775,1.0
161,3,5,0.0,-25.482299748240262,200,0.0,0,0.0,15.000000000000004,351.2840000000007,38.926,9.024405281816797,1.0
161,4,5,0.0,-22.996164925861198,200,0.0,0,0.0,10.000000000000007,1356.5999999999967,56.583,23.975398971422454,1.0
162,0,5,1.0,10.729095399061034,2,1.0,0,0.0,0.15000000000000002,26.625,26.625,1.0,1.0
162,1,5,0.0,-12.9,10,0.0,10,1.0,0.0,0.0,52.317,0.0,1.0
162,2,5,0.0,-25.604505488533896,200,0.0,0,0.0,14.950000000000003,753.6029999999979,36.804,20.47611672644272,1.0
162,3,5,0.0,-12.899999999999999,10,0.0,10,1.0,0.0,0.0,25.598,0.0,1.0
162,4,5,0.0,-25.5936401233448,200,0.0,0,0.0,15.000000000000004,1342.1010000000015,27.565,48.6885906040269,1.0
163,0,5,1.0,10.110758716371095,7,0.9962500901420638,0,0.0,0.44999999999999996,41.601000000000006,41.445,1.0037640246109303,1.0
163,1,5,1.0,10.035789079440173,8,0.5297287137397406,0,0.0,0.39999999999999997,47.882999999999996,25.365,1.8877587226493198,1.0
163,2,5,0.0,-23.053431326945166,200,0.0,0,0.0,10.000000000000007,689.2000000000031,64.494,10.686265389028485,1.0
163,3,5,1.0,10.85,1,1.0,0,0.0,0.1,6.271,6.271,1.0,1.0
163,4,5,1.0,10.200204950576381,6,0.8675852238983253,0,0.0,0.45,42.095,36.521,1.1526245174009473,1.0
164,0,5,0.0,-23.553333912439182,200,0.0,0,0.0,10.250000000000012,3127.22999999999,57.56,54.3299166087559,1.0
164,1,5,0.0,-32.870159981451444,200,0.0,0,0.0,30.000000000000004,1082.9859999999978,43.129999999999995,25.10980755854389,1.0
164,2,5,0.0,-23.029993351240613,200,0.0,0,0.0,10.000000000000007,657.7830000000001,37.601,17.49376346373767,1.0
164,3,5,0.0,-25.630120678771704,200,0.0,0,0.0,15.000000000000002,1004.1190000000001,53.861999999999995,18.64243808250715,1.0
164,4,5,0.0,-24.737351949591933,200,0.0,0,0.0,13.400000000000013,771.9390000000006,43.009,17.948313143760622,1.0
165,0,5,1.0,10.314134358883157,5,0.8005694963516641,0,0.0,0.4,28.095,22.492,1.2491107949493152,1.0
165,1,5,0.0,-28.204702750665508,200,0.0,0,0.0,20.000000000000025,674.4439999999986,38.318,17.601231797066617,1.0
165,2,5,1.0,10.153746369796707,6,0.8459123788726628,0,0.0,0.55,21.981,18.594,1.1821555340432397,1.0
165,3,5,0.0,-22.995364373075024,200,0.0,0,0.0,10.000000000000007,1022.593999999995,33.441,30.579049669567148,1.0
165,4,5,0.0,-23.11403399150213,200,0.0,0,0.0,10.000000000000007,1459.9999999999948,64.016,22.80679830042481,1.0
166,0,5,1.0,10.028231428571429,7,0.9277491669191154,0,0.0,0.6,26.408,24.5,1.0778775510204082,1.0
166,1,5,0.0,-28.052694378156392,200,0.0,0,0.0,20.000000000000014,1303.865999999998,36.038,36.180309673122764,1.0
166,2,5,0.0,-22.88270301401419,200,0.0,0,0.0,10.000000000000007,898.1999999999975,26.044999999999998,34.486465732386165,1.0
166,3,5,0.0,-26.09717893302641,200,0.0,0,0.0,15.100000000000003,473.873000000002,42.569,11.131880006577603,1.0
166,4,5,1.0,10.168270704705131,5,0.9588649586608147,0,0.0,0.7,39.187999999999995,37.576,1.0428997232275918,1.0
167,0,5,1.0,9.806318340104468,9,0.7745212622493931,0,0.0,0.7000000000000001,44.492000000000004,34.46,1.2911201392919327,1.0
167,1,5,1.0,10.029874237447208,7,0.9503210845522654,0,0.0,0.6000000000000001,33.636,31.965,1.052275926794932,1.0
167,2,5,0.0,-13.236508067852713,17,0.0,10,1.0,0.44999999999999996,42.107,53.17399999999999,0.7918719675029151,1.0
167,3,5,1.0,10.152114475219554,6,1.0,0,0.0,0.55,32.566,32.566,1.0,1.0
167,4,5,0.0,-13.023537964093519,17,0.0,10,1.0,0.5499999999999999,77.64699999999999,44.226,1.7556867001311445,1.0
168,0,5,0.0,-22.912665985699658,200,0.0,0,0.0,10.000000000000007,965.5980000000035,52.86600000000001,18.265009647032183,1.0
168,1,5,1.0,9.889634550446555,8,0.7927695771828871,0,0.0,0.7000000000000001,39.970000000000006,31.687,1.2614005743680374,1.0
168,2,5,1.0,10.146308535207115,7,0.7515279085655199,0,0.0,0.35,54.159000000000006,40.702,1.330622573829296,1.0
168,3,5,0.0,-25.42214008725155,200,0.0,0,0.0,15.000000000000002,1034.3500000000004,33.007999999999996,31.336342704798852,1.0
168,4,5,1.0,9.759494308666156,8,0.7222905646450978,0,0.0,0.9500000000000001,48.774,35.229,1.3844843736694201,1.0
169,0,5,1.0,9.863402662229618,9,0.24851465755511543,0,0.0,0.65,45.949000000000005,11.419,4.023907522550136,1.0
169,1,5,1.0,10.609900431756103,3,0.7779681930353715,0,0.0,0.2,14.588000000000001,11.349,1.2853995946779453,1.0
169,2,5,1.0,10.315381385893582,5,0.7760344324982423,0,0.0,0.4,58.317,45.256,1.2886026162276825,1.0
169,3,5,1.0,9.718666913587281,9,0.9377362775350995,0,0.0,0.85,74.859,70.19800000000001,1.0663979030741615,1.0
169,4,5,0.0,-25.792743608844894,200,0.0,0,0.0,15.000000000000002,756.0679999999987,55.037,13.737449352253915,1.0
170,0,5,1.0,10.110278911564626,7,0.9258384506376947,0,0.0,0.44999999999999996,38.10600000000001,35.28,1.0801020408163267,1.0
170,1,5,1.0,10.466182841068917,4,0.410271206001154,0,0.0,0.3,17.330000000000002,7.11,2.437412095639944,1.0
170,2,5,1.0,10.606969090117545,3,0.9583611481975968,0,0.0,0.2,11.984,11.485,1.0434479756203745,1.0
170,3,5,1.0,9.54316778178075,11,0.702367009355254,0,0.0,0.8500000000000001,69.15899999999999,48.575,1.4237570766855376,1.0
170,4,5,1.0,9.860294725956566,8,0.7847035553076025,0,0.0,0.7500000000000001,39.434000000000005,30.944000000000003,1.2743665977249226,1.0
171,0,5,0.0,-13.267822698601334,16,0.0,10,1.0,0.4,25.348,43.756,0.579303409818082,1.0
171,1,5,1.0,9.837027474218871,9,0.825671167593328,0,0.0,0.6,62.949999999999996,51.976,1.2111359088810218,1.0
171,2,5,1.0,10.75298519316957,2,0.8400610017633321,0,0.0,0.1,20.983,17.627,1.1903897430078858,1.0
171,3,5,1.0,10.242646165047006,6,1.0,0,0.0,0.35,31.591,31.591,1.0,1.0
171,4,5,0.0,-13.177761404063563,16,0.0,10,1.0,0.39999999999999997,42.357,63.245,0.6697288323187603,1.0
172,0,5,1.0,9.331378464369225,12,0.7532520031762071,0,0.0,1.05,69.26500000000001,52.174,1.3275769540384101,1.0
172,1,5,1.0,9.390896284600583,12,0.5579890698346709,0,0.0,0.9500000000000001,72.643,40.534,1.7921498001677605,1.0
172,2,5,0.0,-23.025174349379164,200,0.0,0,0.0,10.000000000000007,909.4000000000035,58.790000000000006,15.468617111753758,1.0
172,3,5,1.0,10.494977140680065,4,0.6222735893788526,0,0.0,0.25,16.872,10.499,1.6070101914468045,1.0
172,4,5,0.0,-25.400607436436516,200,0.0,0,0.0,14.950000000000003,805.4800000000012,41.848,19.247753775568754,1.0
173,0,5,1.0,10.875,1,1.0,0,0.0,0.05,8.863,8.863,1.0,1.0
173,1,5,1.0,10.875,1,1.0,0,0.0,0.05,3.438,3.438,1.0,1.0
173,2,5,0.0,-23.06679160892029,200,0.0,0,0.0,10.000000000000007,484.0320000000002,63.496,7.623031372054935,1.0
173,3,5,1.0,9.93758565997835,8,0.5497487993578121,0,0.0,0.6000000000000001,72.25300000000001,39.721000000000004,1.8190126129755044,1.0
173,4,5,0.0,-32.95333957082068,200,0.0,0,0.0,30.000000000000004,618.3999999999987,66.26600000000002,9.332085835873578,1.0
174,0,5,0.0,-25.477756868648747,200,0.0,0,0.0,15.000000000000002,1039.5999999999976,53.14000000000001,19.563417388031567,1.0
174,1,5,0.0,-25.629512793550592,200,0.0,0,0.0,15.000000000000004,1345.4000000000017,22.823999999999998,58.94672274798466,1.0
174,2,5,1.0,10.607398451992578,3,0.8116822429906543,0,0.0,0.2,19.259999999999998,15.633,1.2320092112838226,1.0
174,3,5,0.0,-25.644915905211263,200,0.0,0,0.0,14.900000000000002,756.7429999999979,39.836,18.99646048800075,1.0
174,4,5,0.0,-25.511623362679806,200,0.0,0,0.0,15.000000000000002,1112.8209999999988,37.256,29.869578054541517,1.0
175,0,5,1.0,10.681917850525016,2,0.8539930372402154,0,0.0,0.25,9.479,8.095,1.170969734403953,1.0
175,1,5,0.0,-23.024217164855074,200,0.0,0,0.0,10.050000000000008,684.7130000000001,44.160000000000004,15.505276268115942,1.0
175,2,5,0.0,-28.62708685101865,200,0.0,0,0.0,19.85000000000003,775.7580000000002,59.342999999999996,13.072443253627222,1.0
175,3,5,0.0,-23.602687003342723,200,0.0,0,0.0,10.100000000000009,1133.4629999999997,49.959,22.687864048519778,1.0
175,4,5,0.0,-25.45854326396498,200,0.0,0,0.0,15.000000000000002,957.9999999999975,54.78,17.48813435560419,1.0
176,0,5,0.0,-25.921970926301558,200,0.0,0,0.0,14.950000000000003,821.1959999999974,59.160000000000004,13.88093306288028,1.0
176,1,5,0.0,-23.853243988384637,200,0.0,0,0.0,10.15000000000001,906.4859999999975,30.648999999999997,29.576364644849672,1.0
176,2,5,0.0,-25.681271729749632,200,0.0,0,0.0,15.000000000000002,225.439000000001,48.666,4.632371676324354,1.0
176,3,5,0.0,-23.451192961687468,200,0.0,0,0.0,10.100000000000009,619.031999999999,37.168,16.654972018941,1.0
176,4,5,0.0,-25.69621302768531,200,0.0,0,0.0,14.950000000000003,1163.7620000000031,32.760999999999996,35.52278623973637,1.0
177,0,5,0.0,-25.419757798674446,200,0.0,0,0.0,15.000000000000004,925.0,57.638,16.048440265102883,1.0
177,1,5,0.0,-13.244976371029782,14,0.0,10,1.0,0.3,13.671999999999999,27.297,0.5008609004652526,1.0
177,2,5,1.0,10.390639482107877,4,0.8925799573560769,0,0.0,0.45000000000000007,23.45,20.931,1.1203478094692083,1.0
177,3,5,1.0,10.729971897482015,2,0.9735171810024075,0,0.0,0.15000000000000002,9.138,8.895999999999999,1.0272032374100721,1.0
177,4,5,0.0,-12.901101422309123,14,0.0,10,1.0,0.25,25.681,31.708999999999996,0.8098962439685895,1.0
178,0,5,1.0,10.488505573497239,4,0.7315195854290504,0,0.0,0.25,13.122000000000002,9.599,1.3670173976455882,1.0
178,1,5,1.0,10.4664667519961,4,0.9587448138841816,0,0.0,0.3,17.113,16.407,1.043030413847748,1.0
178,2,5,1.0,10.61207880881869,3,1.0,0,0.0,0.2,12.156,12.156,1.0,1.0
178,3,5,0.0,-24.69262857529554,200,0.0,0,0.0,12.450000000000014,826.4509999999991,44.332,18.642312550753385,1.0
178,4,5,1.0,10.293597442479786,5,1.0,0,0.0,0.44999999999999996,41.681,41.681,1.0,1.0
179,0,5,1.0,10.438151205450735,4,1.0,0,0.0,0.35,22.896,22.896,1.0,1.0
179,1,5,1.0,10.033234878557492,7,0.8801444898442589,0,0.0,0.6000000000000001,33.774,29.726,1.136177084034179,1.0
179,2,5,0.0,-25.596748334702085,200,0.0,0,0.0,15.000000000000004,901.025999999996,43.836,20.554475773336893,1.0
179,3,5,1.0,10.63023921009772,3,0.6853634714664434,0,0.0,0.15000000000000002,14.334,9.824,1.4590798045602607,1.0
179,4,5,0.0,-25.446406399478906,200,0.0,0,0.0,15.000000000000002,609.4600000000003,49.129,12.405300331779607,1.0
180,0,5,0.0,-12.755116321173169,13,0.0,10,1.0,0.2,14.483,22.093999999999998,0.6555173350230833,1.0
180,1,5,0.0,-12.89736565238352,13,0.0,10,1.0,0.25,15.863,35.263,0.4498482829027593,1.0
180,2,5,0.0,-24.810514251244097,200,0.0,0,0.0,15.100000000000003,1596.5259999999994,19.893,80.25566782285223,1.0
180,3,5,0.0,-23.207622154779923,200,0.0,0,0.0,10.050000000000008,832.1580000000025,36.245,22.95924955166237,1.0
180,4,5,0.0,-25.559252454498377,200,0.0,0,0.0,15.000000000000004,626.1649999999967,52.25100000000001,11.983789783927513,1.0
181,0,5,0.0,-24.744589384800964,200,0.0,0,0.0,13.350000000000012,1001.9550000000003,20.725,48.345235223160444,1.0
181,1,5,1.0,9.37980169656753,11,0.8918836467914397,0,0.0,1.1500000000000001,65.55900000000001,58.471000000000004,1.1212224863607603,1.0
181,2,5,1.0,10.875,1,1.0,0,0.0,0.05,8.58,8.58,1.0,1.0
181,3,5,1.0,10.60968631948192,3,1.0,0,0.0,0.2,14.824,14.824,1.0,1.0
181,4,5,0.0,-23.55678923766824,200,0.0,0,0.0,10.100000000000009,849.6260000000026,59.09499999999999,14.377290802944458,1.0
182,0,5,0.0,-25.572467464407293,200,0.0,0,0.0,15.000000000000002,952.7369999999966,45.796,20.803934841470795,1.0
182,1,5,1.0,10.129299767667558,7,0.8502025303795571,0,0.0,0.4,39.99399999999999,34.003,1.1761903361468105,1.0
182,2,5,0.0,-27.159266125265862,200,0.0,0,0.0,17.55,1328.8509999999974,77.08400000000002,17.238999014062543,1.0
182,3,5,1.0,9.761507448186528,9,0.8424498704133134,0,0.0,0.7500000000000001,51.317,43.232000000000006,1.187014248704663,1.0
182,4,5,1.0,10.301732008771346,5,0.5870260571071929,0,0.0,0.45,25.636000000000003,15.049,1.7035018938135427,1.0
183,0,5,1.0,10.727393663713988,2,1.0,0,0.0,0.15000000000000002,25.061999999999998,25.061999999999998,1.0,1.0
183,1,5,1.0,10.48636527756883,4,0.9042307169092639,0,0.0,0.25,14.702000000000002,13.294,1.105912441703024,1.0
183,2,5,1.0,10.44850109538753,4,0.6722792771276173,0,0.0,0.35,25.122,16.889,1.4874770560719996,1.0
183,3,5,0.0,-28.23193867962531,200,0.0,0,0.0,19.90000000000003,615.3059999999996,37.247,16.519612317770548,1.0
183,4,5,0.0,-25.584780923773042,200,0.0,0,0.0,15.000000000000004,1346.1999999999991,53.93099999999999,24.96152491146093,1.0
184,0,5,1.0,10.490844335543384,4,0.4849035504612803,0,0.0,0.25,35.77,17.345,2.0622657826462962,1.0
184,1,5,0.0,-23.590582299258013,200,0.0,0,0.0,10.05000000000001,889.6159999999968,76.15500000000003,11.681649267940339,1.0
184,2,5,0.0,-25.4873390151516,200,0.0,0,0.0,15.000000000000004,365.3999999999997,27.456000000000003,13.30856643356642,1.0
184,3,5,1.0,10.246192662269525,5,0.9083760276420826,0,0.0,0.55,58.751000000000005,53.367999999999995,1.1008656873032532,1.0
184,4,5,1.0,10.485290409121395,4,0.9963913392141138,0,0.0,0.25,14.964,14.91,1.0036217303822939,1.0
185,0,5,0.0,-22.999018612521077,200,0.0,0,0.0,10.000000000000007,993.399999999998,59.1,16.808798646362064,1.0
185,1,5,1.0,10.051185127303508,7,0.4728868360277137,0,0.0,0.6000000000000001,32.474999999999994,15.357,2.114670834147294,1.0
185,2,5,0.0,-25.54873632447673,200,0.0,0,0.0,15.000000000000004,964.373000000004,52.466,18.380913353409905,1.0
185,3,5,1.0,10.53561435302646,3,1.0,0,0.0,0.35,11.036000000000001,11.036000000000001,1.0,1.0
185,4,5,1.0,10.629940595324278,3,0.9684909473336907,0,0.0,0.15000000000000002,24.247,23.482999999999997,1.0325341736575395,1.0
186,0,5,0.0,-23.15943217121159,200,0.0,0,0.0,10.000000000000007,739.0000000000023,23.176,31.88643424231974,1.0
186,1,5,0.0,-23.58473958921751,200,0.0,0,0.0,10.100000000000009,558.935,44.257000000000005,12.629301579411164,1.0
186,2,5,1.0,9.900917950971468,8,0.7473901517817347,0,0.0,0.65,42.626999999999995,31.859,1.3379892651997864,1.0
186,3,5,1.0,9.611143160467119,11,0.8647071049987876,0,0.0,0.7000000000000002,57.734,49.923,1.1564609498627887,1.0
186,4,5,0.0,-25.588863628162027,200,0.0,0,0.0,15.000000000000004,1174.6000000000047,55.422000000000004,21.193749774457878,1.0
187,0,5,1.0,9.855115906901588,8,0.9356029770903594,0,0.0,0.75,34.396,32.181000000000004,1.0688294335166713,1.0
187,1,5,0.0,-23.093454465849447,200,0.0,0,0.0,10.000000000000007,1028.4000000000049,45.67999999999999,22.513134851138464,1.0
187,2,5,1.0,9.901734693877552,9,0.609410732746468,0,0.0,0.49999999999999994,63.842,38.906000000000006,1.6409294196267925,1.0
187,3,5,0.0,-23.280573663403292,200,0.0,0,0.0,10.000000000000007,901.3889999999975,58.937000000000005,15.294110660535782,1.0
187,4,5,1.0,10.637091242723361,3,1.0,0,0.0,0.15000000000000002,15.803999999999998,15.803999999999998,1.0,1.0
188,0,5,1.0,10.611681753638623,3,0.7897392767031118,0,0.0,0.2,14.268,11.268,1.2662406815761449,1.0
188,1,5,0.0,-25.189499962232823,200,0.0,0,0.0,13.350000000000012,799.0849999999991,26.478,30.179205378049666,1.0
188,2,5,0.0,-23.232402810953047,200,0.0,0,0.0,10.100000000000009,882.9080000000018,28.886999999999997,30.564198428358843,1.0
188,3,5,0.0,-28.193514208952852,200,0.0,0,0.0,20.000000000000014,1637.908999999997,26.427,61.9786203503991,1.0
188,4,5,1.0,9.592701030104609,10,0.7402831554990691,0,0.0,0.8999999999999999,67.666,50.092000000000006,1.350834464585163,1.0
189,0,5,0.0,-23.810527013642496,200,0.0,0,0.0,10.050000000000008,767.9719999999995,31.299,24.536630563276766,1.0
189,1,5,0.0,-23.065173678818223,200,0.0,0,0.0,10.000000000000007,1148.0409999999965,30.257,37.94298839937854,1.0
189,2,5,1.0,9.819178927786233,9,0.600816940334905,0,0.0,0.65,49.208,29.565,1.6644004735328934,1.0
189,3,5,0.0,-22.129931645268652,200,0.0,0,0.0,10.050000000000008,3188.7219999999893,16.824,189.53411792677062,1.0
189,4,5,0.0,-25.568401952849637,200,0.0,0,0.0,15.000000000000004,527.2379999999979,38.303000000000004,13.764927029214366,1.0
190,0,5,0.0,-24.742288834580744,200,0.0,0,0.0,13.350000000000012,996.2309999999984,32.735,30.433206048571815,1.0
190,1,5,0.0,-22.96442003733667,200,0.0,0,0.0,10.050000000000008,1183.448,56.245000000000005,21.040945861854386,1.0
190,2,5,0.0,-25.454003051473514,200,0.0,0,0.0,15.000000000000004,1357.8820000000019,62.265,21.80811049546297,1.0
190,3,5,1.0,9.646397117383113,10,0.7689354901345758,0,0.0,0.8,66.95100000000001,51.480999999999995,1.3004992133019952,1.0
190,4,5,1.0,9.857981736539873,8,0.8603800219171975,0,0.0,0.7500000000000001,53.839000000000006,46.322,1.162277103751997,1.0
191,0,5,0.0,-25.47617198675771,200,0.0,0,0.0,15.000000000000002,1377.7999999999959,24.467000000000002,56.31258429721648,1.0
191,1,5,0.0,-26.225269818282104,200,0.0,0,0.0,16.550000000000054,906.5910000000009,58.001999999999995,15.63034033309198,1.0
191,2,5,1.0,9.98688292500055,8,0.7567797600173561,0,0.0,0.5,59.92099999999999,45.346999999999994,1.32138840496615,1.0
191,3,5,0.0,-23.56228363609511,200,0.0,0,0.0,10.100000000000009,863.9919999999994,54.168000000000006,15.950228917442018,1.0
191,4,5,0.0,-28.088069636456655,200,0.0,0,0.0,20.000000000000014,1789.184999999997,41.013,43.62482627459579,1.0
192,0,5,0.0,-24.530097170620188,200,0.0,0,0.0,15.000000000000002,2691.184999999992,13.995999999999999,192.28243783938214,1.0
192,1,5,0.0,-24.795960553923653,200,0.0,0,0.0,15.000000000000002,936.624000000003,11.915000000000001,78.60881242131791,1.0
192,2,5,1.0,9.745306194925975,9,0.7233130508773901,0,0.0,0.8000000000000002,62.287000000000006,45.053,1.3825272456884117,1.0
192,3,5,1.0,10.373646232439336,5,0.5916410861865408,0,0.0,0.3,21.175,12.528,1.690213920817369,1.0
192,4,5,1.0,9.72706758177012,10,0.6032236993775456,0,0.0,0.65,52.052,31.399,1.6577598012675563,1.0
193,0,5,0.0,-25.628164619980105,200,0.0,0,0.0,15.000000000000004,965.031000000004,42.182,22.87779147503684,1.0
193,1,5,0.0,-23.44871449230451,200,0.0,0,0.0,10.050000000000008,1111.5070000000003,48.404999999999994,22.962648486726586,1.0
193,2,5,0.0,-25.378132451993455,200,0.0,0,0.0,15.000000000000002,1165.2000000000032,47.806,24.373509601305344,1.0
193,3,5,0.0,-25.586752015797234,200,0.0,0,0.0,15.000000000000004,706.1919999999997,60.769999999999996,11.620733914760567,1.0
193,4,5,0.0,-33.14175462392112,200,0.0,0,0.0,29.84999999999997,1082.1509999999985,48.66000000000001,22.23902589395804,1.0
194,0,5,0.0,-28.166581665179063,200,0.0,0,0.0,20.00000000000003,1250.7670000000026,31.372,39.86889583067712,1.0
194,1,5,1.0,9.858890105290273,9,0.6782337140486122,0,0.0,0.6000000000000001,45.791,31.057000000000002,1.4744180056026015,1.0
194,2,5,0.0,-28.238681721032897,200,0.0,0,0.0,20.000000000000025,930.5969999999975,57.081999999999994,16.30280999264212,1.0
194,3,5,0.0,-12.777462847165827,13,0.0,10,1.0,0.2,27.624,49.256,0.5608250771479616,1.0
194,4,5,0.0,-13.275475796038686,13,0.0,10,1.0,0.25,19.948999999999998,41.04699999999999,0.4860038492459864,1.0
195,0,5,1.0,9.38466840719418,12,0.6106364714057965,0,0.0,0.9500000000000001,73.38900000000001,44.814,1.637635560315973,1.0
195,1,5,0.0,-26.939709188660775,200,0.0,0,0.0,20.10000000000003,968.1610000000024,12.276,78.86616161616182,1.0
195,2,5,1.0,9.74215022296544,9,0.9431556811460866,0,0.0,0.8,45.650999999999996,43.056,1.0602703455964326,1.0
195,3,5,0.0,-32.951682332255196,200,0.0,0,0.0,29.79999999999997,1096.9249999999981,46.06700000000001,23.81151366487937,1.0
195,4,5,0.0,-25.908326659925876,200,0.0,0,0.0,14.900000000000002,972.2020000000027,74.175,13.106868891135864,1.0
196,0,5,0.0,-24.55406060606066,200,0.0,0,0.0,13.350000000000012,1077.9290000000015,7.59,142.01963109354432,1.0
196,1,5,1.0,10.221295711718712,5,0.8641876862383009,0,0.0,0.6,23.827000000000005,20.591,1.1571560390461855,1.0
196,2,5,0.0,-25.58229185534017,200,0.0,0,0.0,15.000000000000002,738.1539999999969,49.689,14.855481092394633,1.0
196,3,5,0.0,-23.019052585790263,200,0.0,0,0.0,10.15000000000001,762.3950000000007,51.724999999999994,14.739391010149845,1.0
196,4,5,0.0,-22.977935139573074,200,0.0,0,0.0,10.000000000000007,682.0000000000001,58.464,11.66529830322934,1.0
197,0,5,0.0,-13.517138293547074,20,0.0,10,1.0,0.9,49.42999999999999,34.434,1.4354997967125513,1.0
197,1,5,1.0,9.83929230628655,9,0.47134827831255255,0,0.0,0.65,46.437,21.888,2.1215734649122804,1.0
197,2,5,1.0,9.691441299490059,10,0.7065562820071654,0,0.0,0.7000000000000002,49.403,34.90599999999999,1.4153154185526846,1.0
197,3,5,0.0,-13.467658115256775,20,0.0,10,1.0,0.7500000000000001,55.57599999999998,21.361,2.6017508543607497,1.0
197,4,5,0.0,-23.07154060558437,200,0.0,0,0.0,10.150000000000011,596.5559999999996,40.721000000000004,14.649836693597887,1.0
198,0,5,1.0,10.319856864571864,5,0.6435852244853464,0,0.0,0.39999999999999997,55.03699999999999,35.42100000000001,1.5537957708703871,1.0
198,1,5,0.0,-13.63915342171016,16,0.0,10,1.0,0.45,21.019000000000002,57.632000000000005,0.36471057745696833,1.0
198,2,5,0.0,-26.021292888384878,200,0.0,0,0.0,14.950000000000003,750.4239999999984,30.865000000000002,24.313105459258004,1.0
198,3,5,0.0,-28.089400575647613,200,0.0,0,0.0,20.00000000000003,714.4000000000004,39.955,17.88011512952072,1.0
198,4,5,0.0,-13.487907005350884,16,0.0,10,1.0,0.4,18.723,16.259,1.1515468355987453,1.0
199,0,5,0.0,-22.97528654590159,200,0.0,0,0.0,10.000000000000007,502.5999999999981,55.314,9.086307263983768,1.0
199,1,5,0.0,-27.9626685101971,200,0.0,0,0.0,20.000000000000014,1155.8399999999965,17.358,66.58831662633924,1.0
199,2,5,0.0,-25.435478479959414,200,0.0,0,0.0,14.950000000000003,1106.6329999999978,43.262,25.579792889833982,1.0
199,3,5,0.0,-23.183195181088102,200,0.0,0,0.0,10.050000000000008,839.3790000000032,59.391000000000005,14.133100974895239,1.0
199,4,5,0.0,-23.000284726387502,200,0.0,0,0.0,10.100000000000009,1177.921,56.68600000000001,20.77975161415517,1.0
