scenario_id,robot_id,robots,success,reward,steps,spl,collisions,deadlock,cumulative_risk,path_length,shortest_path_length,detour,disruption_applied
0,0,5,0.0,-25.39204382257612,200,0.0,0,0.0,15.000000000000002,1999.6399999999958,48.742,41.024988716096914,1.0
0,1,5,0.0,-25.444504237858123,200,0.0,0,0.0,15.000000000000004,1218.1950000000027,59.464,20.486260594645547,1.0
0,2,5,0.0,-30.56862849033047,200,0.0,0,0.0,24.900000000000002,447.1529999999986,58.483000000000004,7.645862900329986,1.0
0,3,5,0.0,-30.536594835891833,200,0.0,0,0.0,24.9,1117.7460000000033,62.27600000000001,17.948262573061903,1.0
0,4,5,0.0,-22.898687448728523,200,0.0,0,0.0,10.000000000000007,1481.092999999996,48.75999999999999,30.375164068908866,1.0
1,0,5,0.0,-27.818696289659194,200,0.0,0,0.0,20.000000000000014,2252.6000000000076,49.105999999999995,45.872194843807435,1.0
1,1,5,0.0,-27.942468675984077,200,0.0,0,0.0,20.000000000000014,1686.0520000000013,55.309,30.484224990507897,1.0
1,2,5,0.0,-25.415449439898474,200,0.0,0,0.0,15.000000000000002,961.9570000000041,33.119,29.045472387451436,1.0
1,3,5,0.0,-30.46917750851521,200,0.0,0,0.0,25.0,847.3479999999976,35.818,23.65704394438544,1.0
1,4,5,0.0,-27.89300659828323,200,0.0,0,0.0,20.000000000000014,3805.469000000014,51.376999999999995,74.06950580999307,1.0
2,0,5,0.0,-25.652772213147465,200,0.0,0,0.0,15.000000000000002,1602.7279999999994,32.447,49.395259962400196,1.0
2,1,5,0.0,-22.90173010094328,200,0.0,0,0.0,10.000000000000007,806.6000000000017,36.257999999999996,22.24612499310502,1.0
2,2,5,1.0,10.635824562929459,3,0.8833653476757587,0,0.0,0.15000000000000002,13.015,11.497,1.1320344437679395,1.0
2,3,5,0.0,-25.672746084748216,200,0.0,0,0.0,15.000000000000004,2098.0789999999943,42.526,49.33638244838438,1.0
2,4,5,0.0,-25.18852454658237,200,0.0,0,0.0,13.450000000000014,844.709000000001,33.854,24.951527145979824,1.0
3,0,5,0.0,-13.089613809812235,13,0.0,10,1.0,0.2,12.827000000000002,41.275,0.3107692307692308,1.0
3,1,5,0.0,-24.006010356306277,200,0.0,0,0.0,12.500000000000014,1260.0500000000006,24.333,51.78358607652162,1.0
3,2,5,0.0,-25.502043520611657,200,0.0,0,0.0,15.000000000000002,1598.9189999999994,54.410999999999994,29.385951370127355,1.0
3,3,5,0.0,-12.784587478324362,13,0.0,10,1.0,0.2,25.154,43.828,0.5739253445286118,1.0
3,4,5,0.0,-25.508465109409045,200,0.0,0,0.0,15.100000000000003,1039.7509999999975,47.391000000000005,21.93984089806076,1.0
4,0,5,0.0,-25.654191334514998,200,0.0,0,0.0,15.000000000000002,936.358000000003,26.519,35.30894830121811,1.0
4,1,5,1.0,10.479960574844206,4,0.41245279060008394,0,0.0,0.3,19.064,7.863,2.424519903344779,1.0
4,2,5,0.0,-25.331632371803668,200,0.0,0,0.0,15.050000000000002,2105.3349999999946,36.643,57.45531206506003,1.0
4,3,5,1.0,10.321763070507375,5,0.8072313566586147,0,0.0,0.39999999999999997,64.16499999999999,51.79600000000001,1.2388022241099697,1.0
4,4,5,0.0,-22.7650980645996,200,0.0,0,0.0,10.000000000000007,963.8250000000031,30.898,31.1937665868342,1.0
5,0,5,0.0,-23.23534451936649,200,0.0,0,0.0,10.050000000000008,969.1740000000032,63.77000000000001,15.197961423867069,1.0
5,1,5,0.0,-22.86815795948489,200,0.0,0,0.0,10.050000000000008,902.0479999999976,48.772,18.495202165176693,1.0
5,2,5,0.0,-24.892268210112487,200,0.0,0,0.0,15.000000000000004,1029.2850000000024,9.157,112.40417167194522,1.0
5,3,5,1.0,10.486746476153698,4,0.6452376502834362,0,0.0,0.25,16.053,10.358,1.5498165669048078,1.0
5,4,5,0.0,-22.928841547964172,200,0.0,0,0.0,10.000000000000007,985.6510000000026,47.598000000000006,20.707823858145353,1.0
6,0,5,1.0,9.344287360683618,12,0.7363088831856941,0,0.0,1.0000000000000002,96.63200000000002,71.15100000000001,1.3581256763784066,1.0
6,1,5,0.0,-23.24947723048325,200,0.0,0,0.0,10.000000000000007,858.9999999999973,17.216,49.89544609665411,1.0
6,2,5,0.0,-25.425142428035034,200,0.0,0,0.0,15.000000000000002,1598.9189999999994,59.925,26.682002503128903,1.0
6,3,5,0.0,-25.415892182065658,200,0.0,0,0.0,15.050000000000002,1025.5830000000024,46.291,22.1551273465685,1.0
6,4,5,0.0,-32.97754429336626,200,0.0,0,0.0,30.000000000000004,1418.6930000000027,58.248,24.356080895481437,1.0
7,0,5,0.0,-22.89142165286675,200,0.0,0,0.0,10.000000000000007,961.2000000000031,51.208,18.77050460865496,1.0
7,1,5,0.0,-13.746893975787854,16,0.0,10,1.0,0.6,35.60099999999999,41.632,0.8551354727132973,1.0
7,2,5,1.0,9.554390498162864,10,0.9012706969580286,0,0.0,1.0,64.925,58.51500000000001,1.1095445612236177,1.0
7,3,5,0.0,-13.666578298786654,16,0.0,10,1.0,0.45,30.804000000000002,31.648,0.9733316481294237,1.0
7,4,5,0.0,-13.397685983317741,16,0.0,10,1.0,0.4,29.001,50.233,0.5773296438596143,1.0
8,0,5,0.0,-25.77145614898362,200,0.0,0,0.0,15.000000000000002,947.5239999999986,52.838,17.932624247700492,1.0
8,1,5,0.0,-28.520540673211705,200,0.0,0,0.0,20.05000000000002,1825.252000000009,71.3,25.599607293127757,1.0
8,2,5,0.0,-28.677922457289473,200,0.0,0,0.0,20.100000000000016,967.2670000000003,33.891,28.54052698356497,1.0
8,3,5,0.0,-28.17166600868541,200,0.0,0,0.0,19.90000000000003,811.3900000000033,63.325,12.813106987761598,1.0
8,4,5,1.0,9.361685308751495,12,0.5540490004380764,0,0.0,1.0,93.591,51.854,1.8048945115130943,1.0
9,0,5,0.0,-25.490430359520637,200,0.0,0,0.0,15.000000000000004,2096.2359999999944,37.550000000000004,55.825193075898646,1.0
9,1,5,0.0,-22.88618168016187,200,0.0,0,0.0,10.000000000000007,505.2000000000014,27.664,18.262001156738048,1.0
9,2,5,0.0,-25.753796490410686,200,0.0,0,0.0,15.000000000000002,1719.684999999996,51.516,33.38157077412835,1.0
9,3,5,0.0,-25.396773766732178,200,0.0,0,0.0,15.000000000000002,936.200000000003,45.346999999999994,20.645246653582443,1.0
9,4,5,1.0,10.119670289614952,6,0.8698334005879979,0,0.0,0.6000000000000001,34.694,30.178,1.1496454370733649,1.0
10,0,5,0.0,-27.96746714609814,200,0.0,0,0.0,20.000000000000014,1821.6300000000092,46.721999999999994,38.988699113908,1.0
10,1,5,0.0,-25.946377198729945,200,0.0,0,0.0,15.050000000000002,618.7050000000016,39.682,15.591578045461459,1.0
10,2,5,0.0,-22.904034370743027,200,0.0,0,0.0,10.000000000000007,2116.9150000000086,19.086000000000002,110.91454469244516,1.0
10,3,5,1.0,10.314241468931993,5,0.73527382110944,0,0.0,0.39999999999999997,56.515,41.554,1.360037541512249,1.0
10,4,5,0.0,-25.4226236088305,200,0.0,0,0.0,15.000000000000004,935.762000000003,54.81,17.072833424557615,1.0
11,0,5,0.0,-25.695849560975617,200,0.0,0,0.0,14.950000000000003,1602.3969999999995,51.25,31.26628292682926,1.0
11,1,5,0.0,-28.003616221335616,200,0.0,0,0.0,20.000000000000014,1682.8780000000013,34.842999999999996,48.298883563413064,1.0
11,2,5,1.0,10.22113411028005,6,0.6368201454787136,0,0.0,0.39999999999999997,54.166000000000004,34.494,1.5703020815214241,1.0
11,3,5,0.0,-22.987005268568456,200,0.0,0,0.0,10.000000000000007,657.6000000000016,62.25599999999999,10.562837316885147,1.0
11,4,5,0.0,-23.025928635292203,200,0.0,0,0.0,10.000000000000007,764.2000000000033,61.51499999999999,12.42298626351302,1.0
12,0,5,0.0,-25.317791604316028,200,0.0,0,0.0,15.000000000000004,1110.799999999998,25.394,43.74261636607065,1.0
12,1,5,0.0,-28.091012190781324,200,0.0,0,0.0,19.950000000000017,1346.122000000001,44.952000000000005,29.94576437088452,1.0
12,2,5,0.0,-23.642264634475264,200,0.0,0,0.0,10.050000000000008,812.6279999999977,40.77700000000001,19.92858719376113,1.0
12,3,5,1.0,10.10104632664867,7,0.8191762429411997,0,0.0,0.45,50.646,41.488,1.220738526802931,1.0
12,4,5,0.0,-23.29943733439982,200,0.0,0,0.0,10.20000000000001,813.7280000000018,40.006,20.340148977653396,1.0
13,0,5,0.0,-22.95888436226891,200,0.0,0,0.0,10.000000000000007,1055.6259999999943,15.955,66.1627076151673,1.0
13,1,5,0.0,-25.943622458001713,200,0.0,0,0.0,15.050000000000002,384.7989999999993,50.894999999999996,7.560644464092727,1.0
13,2,5,0.0,-25.370275540029944,200,0.0,0,0.0,15.050000000000002,1995.487999999996,28.054000000000002,71.13024880587423,1.0
13,3,5,1.0,10.616454329774614,3,0.5895104895104896,0,0.0,0.2,14.299999999999999,8.43,1.6963226571767496,1.0
13,4,5,0.0,-25.60803933704702,200,0.0,0,0.0,15.000000000000004,740.8139999999985,43.623000000000005,16.982188295165358,1.0
14,0,5,0.0,-24.047465053202526,200,0.0,0,0.0,12.500000000000014,837.2590000000008,28.758000000000003,29.113950900618985,1.0
14,1,5,1.0,10.219886512590548,6,1.0,0,0.0,0.39999999999999997,28.990000000000002,28.990000000000002,1.0,1.0
14,2,5,0.0,-23.035827016901905,200,0.0,0,0.0,10.050000000000008,663.8150000000016,45.912000000000006,14.45842045652556,1.0
14,3,5,1.0,10.204016269239972,6,0.5337334525177713,0,0.0,0.45000000000000007,46.986,25.078,1.8735943855171864,1.0
14,4,5,0.0,-25.329190456811492,200,0.0,0,0.0,14.950000000000003,1329.2260000000015,49.145,27.047024112320713,1.0
15,0,5,0.0,-22.84962481913933,200,0.0,0,0.0,10.000000000000007,2038.4610000000046,29.719,68.59117063158264,1.0
15,1,5,0.0,-25.617136861739358,200,0.0,0,0.0,15.000000000000004,938.814000000003,42.89,21.888878526463117,1.0
15,2,5,0.0,-24.064269215410135,200,0.0,0,0.0,13.650000000000015,851.2289999999982,47.57899999999999,17.890855209230928,1.0
15,3,5,0.0,-25.472855735717562,200,0.0,0,0.0,15.000000000000004,1340.6830000000016,52.792,25.39557129868165,1.0
15,4,5,0.0,-25.613347040208815,200,0.0,0,0.0,15.000000000000002,2170.1189999999997,55.93299999999999,38.79854468739384,1.0
16,0,5,0.0,-22.90298181069741,200,0.0,0,0.0,10.000000000000007,823.8499999999976,38.86899999999999,21.195554297769373,1.0
16,1,5,0.0,-22.780743740795284,200,0.0,0,0.0,10.000000000000007,807.7090000000017,21.727999999999998,37.17364690721657,1.0
16,2,5,1.0,10.124318992989165,6,1.0,0,0.0,0.6000000000000001,31.38,31.38,1.0,1.0
16,3,5,0.0,-25.250588904416777,200,0.0,0,0.0,15.000000000000002,1354.5999999999983,30.769000000000002,44.02483018622634,1.0
16,4,5,0.0,-25.722821471037893,200,0.0,0,0.0,15.000000000000002,2703.1629999999923,47.096000000000004,57.396870222524036,1.0
17,0,5,0.0,-25.389419062388143,200,0.0,0,0.0,15.000000000000004,1086.4479999999971,41.915,25.92026720744357,1.0
17,1,5,0.0,-26.13105091928327,200,0.0,0,0.0,14.950000000000003,795.3899999999985,59.93799999999999,13.270212552971381,1.0
17,2,5,0.0,-28.667922425046044,200,0.0,0,0.0,19.900000000000013,1028.2260000000012,48.263000000000005,21.304643308538655,1.0
17,3,5,0.0,-23.07575959045277,200,0.0,0,0.0,10.000000000000007,2450.2679999999946,60.164,40.726480952064264,1.0
17,4,5,0.0,-28.08886044099152,200,0.0,0,0.0,20.000000000000014,1820.896000000009,45.306999999999995,40.19016928951397,1.0
18,0,5,0.0,-25.346007998815054,200,0.0,0,0.0,15.000000000000002,1039.5999999999976,33.755,30.798400237001854,1.0
18,1,5,1.0,10.634783451649467,3,0.6644601236721104,0,0.0,0.15000000000000002,25.228,16.763,1.5049812086142098,1.0
18,2,5,0.0,-25.451954473365102,200,0.0,0,0.0,15.000000000000004,1025.7090000000026,10.719000000000001,95.69073607612673,1.0
18,3,5,1.0,10.443540038613587,4,1.0,0,0.0,0.35,54.385000000000005,54.385000000000005,1.0,1.0
18,4,5,0.0,-22.94980897445502,200,0.0,0,0.0,10.000000000000007,411.19999999999936,40.047,10.267935176167988,1.0
19,0,5,0.0,-22.744012245817334,200,0.0,0,0.0,10.100000000000009,3123.965000000009,48.83299999999999,63.97241619396738,1.0
19,1,5,0.0,-22.74207165571335,200,0.0,0,0.0,10.000000000000007,920.9999999999986,23.585,39.05024379902474,1.0
19,2,5,0.0,-26.11255716004823,200,0.0,0,0.0,15.050000000000002,1997.7899999999959,22.437,89.03997860676542,1.0
19,3,5,0.0,-22.913449318550324,200,0.0,0,0.0,10.000000000000007,984.0719999999945,22.819,43.125115035715616,1.0
19,4,5,0.0,-25.626749905410495,200,0.0,0,0.0,15.000000000000002,736.9999999999969,29.073,25.349981082103564,1.0
20,0,5,0.0,-23.60528393101948,200,0.0,0,0.0,10.000000000000007,962.5390000000034,13.859,69.45226928349834,1.0
20,1,5,1.0,10.732657134562345,2,0.5520474396986939,0,0.0,0.15000000000000002,12.479,6.889,1.8114385251850775,1.0
20,2,5,0.0,-13.080129822262268,11,0.0,10,1.0,0.1,2.236,48.836,0.045785895650749454,1.0
20,3,5,0.0,-12.928929663321767,11,0.0,10,1.0,0.05,5.156,53.315,0.09670824345868892,1.0
20,4,5,1.0,9.345954234690153,12,0.7603411277194021,0,0.0,1.05,54.056,41.101,1.315199143573149,1.0
21,0,5,0.0,-25.561904119344806,200,0.0,0,0.0,15.000000000000004,1631.6169999999966,26.679,61.157352224595996,1.0
21,1,5,0.0,-23.157776745501163,200,0.0,0,0.0,10.000000000000007,1400.2150000000015,49.513000000000005,28.27974471350961,1.0
21,2,5,0.0,-27.892351933689902,200,0.0,0,0.0,20.000000000000014,1537.987999999996,47.293,32.520415283445665,1.0
21,3,5,0.0,-25.819176319176275,200,0.0,0,0.0,15.000000000000004,1013.9299999999962,25.641,39.5433095433094,1.0
21,4,5,0.0,-25.36019296231398,200,0.0,0,0.0,15.000000000000004,1451.8000000000025,49.647,29.242451709066057,1.0
22,0,5,1.0,10.530654495349639,4,0.48310867032784155,0,0.0,0.2,18.027,8.709,2.0699276610403032,1.0
22,1,5,0.0,-12.978955851380247,11,0.0,10,1.0,0.05,6.691,62.199,0.10757407675364555,1.0
22,2,5,0.0,-12.901320183458735,11,0.0,10,1.0,0.1,5.198,33.358999999999995,0.15582001858568906,1.0
22,3,5,0.0,-23.36850063975805,200,0.0,0,0.0,10.000000000000007,1056.6419999999941,25.791,40.96940793299966,1.0
22,4,5,0.0,-14.195370395228872,22,0.0,10,1.0,0.6,42.09499999999999,52.147,0.8072372332061287,1.0
23,0,5,0.0,-28.063677146911488,200,0.0,0,0.0,20.000000000000014,1688.4000000000012,58.491,28.86597938144332,1.0
23,1,5,0.0,-13.143780915970975,14,0.0,10,1.0,0.3,34.672000000000004,38.451,0.9017190710254611,1.0
23,2,5,0.0,-13.176572618427901,14,0.0,10,1.0,0.3,18.552,38.419999999999995,0.4828735033836544,1.0
23,3,5,0.0,-24.404832861783532,200,0.0,0,0.0,13.300000000000013,1234.348000000001,28.629,43.115302665129796,1.0
23,4,5,0.0,-25.432047320285935,200,0.0,0,0.0,15.000000000000004,934.655000000003,32.037000000000006,29.174236039579327,1.0
24,0,5,0.0,-23.10927992518703,200,0.0,0,0.0,10.000000000000007,1399.9340000000013,48.120000000000005,29.092560266001687,1.0
24,1,5,0.0,-25.25307372175989,200,0.0,0,0.0,15.000000000000002,802.0589999999994,31.958000000000002,25.097283935164885,1.0
24,2,5,0.0,-28.228738657364197,200,0.0,0,0.0,19.950000000000028,810.0260000000033,48.159,16.819825993064708,1.0
24,3,5,1.0,10.314841308356788,5,0.8384091140270572,0,0.0,0.39999999999999997,49.155,41.211999999999996,1.1927351256915464,1.0
24,4,5,0.0,-25.31227685816291,200,0.0,0,0.0,15.000000000000004,1110.799999999998,24.648000000000003,45.06653683868865,1.0
25,0,5,0.0,-25.934451144140617,200,0.0,0,0.0,14.900000000000002,926.909999999998,66.33800000000001,13.972534595556061,1.0
25,1,5,0.0,-25.291943897786698,200,0.0,0,0.0,15.050000000000002,1995.144999999996,33.028999999999996,60.4058554603529,1.0
25,2,5,0.0,-25.657013666045806,200,0.0,0,0.0,15.000000000000002,1604.7679999999993,44.563,36.011220070462024,1.0
25,3,5,0.0,-30.372290195434402,200,0.0,0,0.0,23.350000000000016,766.3409999999989,48.711999999999996,15.732078337986511,1.0
25,4,5,1.0,10.302184332207007,5,0.800569496351664,0,0.0,0.44999999999999996,28.095000000000002,22.492,1.2491107949493154,1.0
26,0,5,0.0,-25.382831693760235,200,0.0,0,0.0,15.000000000000002,936.200000000003,42.999,21.772599362775946,1.0
26,1,5,0.0,-27.91887482249148,200,0.0,0,0.0,20.000000000000014,2252.6000000000076,33.097,68.06054929449822,1.0
26,2,5,1.0,10.19796411211087,6,0.8882703119832434,0,0.0,0.45,54.426,48.345000000000006,1.1257834315854793,1.0
26,3,5,0.0,-28.108820475230626,200,0.0,0,0.0,20.000000000000014,1821.6300000000092,32.742,55.63588052043276,1.0
26,4,5,0.0,-24.348337697132056,200,0.0,0,0.0,12.500000000000016,1273.6719999999991,65.69200000000001,19.388540461547812,1.0
27,0,5,0.0,-25.431446177546608,200,0.0,0,0.0,15.000000000000002,783.2000000000033,57.123000000000005,13.710764490660562,1.0
27,1,5,0.0,-28.073955487886785,200,0.0,0,0.0,20.000000000000014,2252.6000000000076,44.662,50.43661278043992,1.0
27,2,5,1.0,10.756478855565314,2,0.6676441018766756,0,0.0,0.1,11.936,7.968999999999999,1.4978039904630445,1.0
27,3,5,0.0,-25.649545390114056,200,0.0,0,0.0,15.000000000000004,1013.1309999999962,49.383,20.515784784237415,1.0
27,4,5,1.0,10.438839537741176,4,0.9491883372734439,0,0.0,0.35000000000000003,31.724999999999998,30.113000000000003,1.0535316972736026,1.0
28,0,5,0.0,-25.910882557230924,200,0.0,0,0.0,15.050000000000002,908.1629999999959,34.553,26.283188145746998,1.0
28,1,5,0.0,-23.05308242980256,200,0.0,0,0.0,10.000000000000007,898.1999999999975,57.55199999999999,15.606755629691369,1.0
28,2,5,0.0,-25.116699309567416,200,0.0,0,0.0,15.050000000000002,1996.1549999999959,21.290999999999997,93.75581231506253,1.0
28,3,5,0.0,-22.644734089925986,200,0.0,0,0.0,10.15000000000001,965.5220000000031,39.299,24.568614977480422,1.0
28,4,5,0.0,-23.259634932596516,200,0.0,0,0.0,10.050000000000008,974.042000000002,47.772,20.38939127522402,1.0
29,0,5,1.0,10.316401394133022,5,0.907522303325223,0,0.0,0.39999999999999997,49.32,44.759,1.1019012935945842,1.0
29,1,5,0.0,-25.52858787413661,200,0.0,0,0.0,15.000000000000004,1028.4220000000025,52.12,19.731811204911793,1.0
29,2,5,0.0,-25.404609578344623,200,0.0,0,0.0,15.000000000000004,2098.595999999994,11.526,182.07496095783395,1.0
29,3,5,0.0,-25.646336092018483,200,0.0,0,0.0,15.000000000000004,1354.5999999999983,35.644999999999996,38.00252489830267,1.0
29,4,5,1.0,8.723188768130914,17,0.5600194394945732,0,0.0,1.3000000000000003,86.422,48.398,1.785652299681805,1.0
30,0,5,0.0,-23.72769416424286,200,0.0,0,0.0,10.20000000000001,1007.0010000000037,48.477000000000004,20.772758215236166,1.0
30,1,5,0.0,-22.950938814597006,200,0.0,0,0.0,10.000000000000007,357.0279999999993,58.478,6.1053387598754965,1.0
30,2,5,1.0,9.730128828733566,9,0.6065808603437954,0,0.0,0.85,46.772000000000006,28.371000000000002,1.6485848225300483,1.0
30,3,5,0.0,-25.274339867163548,200,0.0,0,0.0,15.000000000000002,1289.9179999999944,24.692,52.24032075166023,1.0
30,4,5,0.0,-27.625601995184088,200,0.0,0,0.0,20.000000000000014,1741.4000000000083,23.256,74.87960096319264,1.0
31,0,5,0.0,-25.415538825757512,200,0.0,0,0.0,15.000000000000002,1031.1999999999955,10.559999999999999,97.65151515151474,1.0
31,1,5,1.0,10.32216065451841,5,0.8045545212765958,0,0.0,0.39999999999999997,30.08,24.201,1.242923846122061,1.0
31,2,5,0.0,-25.363728766035006,200,0.0,0,0.0,15.000000000000002,1166.4000000000017,42.797000000000004,27.254246792999545,1.0
31,3,5,0.0,-30.17790314997654,200,0.0,0,0.0,25.0,1370.2000000000057,21.269999999999996,64.41937000470173,1.0
31,4,5,0.0,-25.392483531187857,200,0.0,0,0.0,15.050000000000002,1995.144999999996,58.291999999999994,34.226737802785905,1.0
32,0,5,0.0,-25.294756919801358,200,0.0,0,0.0,15.000000000000004,1110.799999999998,22.544,49.27253371185228,1.0
32,1,5,0.0,-27.812537711069425,200,0.0,0,0.0,20.000000000000014,1688.4000000000012,26.650000000000002,63.354596622889346,1.0
32,2,5,0.0,-27.913318934485126,200,0.0,0,0.0,20.000000000000014,1826.000000000009,41.669999999999995,43.820494360451384,1.0
32,3,5,0.0,-23.230321264071424,200,0.0,0,0.0,10.050000000000008,3137.4580000000087,56.230999999999995,55.795877718696254,1.0
32,4,5,0.0,-23.20384085984623,200,0.0,0,0.0,10.050000000000008,968.6860000000032,64.15100000000001,15.100091970507133,1.0
33,0,5,0.0,-23.385800568030547,200,0.0,0,0.0,10.000000000000007,896.2109999999967,22.534,39.77150084317017,1.0
33,1,5,0.0,-25.768862945941752,200,0.0,0,0.0,15.000000000000002,1638.7339999999995,51.352000000000004,31.911785324816936,1.0
33,2,5,0.0,-25.648330337716352,200,0.0,0,0.0,15.000000000000004,934.655000000003,21.142000000000003,44.20844763976932,1.0
33,3,5,0.0,-28.51165761399857,200,0.0,0,0.0,19.950000000000017,3794.832000000014,61.492000000000004,61.712613022832464,1.0
33,4,5,0.0,-25.437384022457916,200,0.0,0,0.0,15.000000000000002,1110.799999999998,42.034,26.426226388161915,1.0
34,0,5,1.0,10.346241395599947,5,0.7788289708819511,0,0.0,0.35,38.052,29.636000000000003,1.2839789445269265,1.0
34,1,5,1.0,10.765183558205209,2,0.37388549976536833,0,0.0,0.1,8.524000000000001,3.187,2.6746156259805463,1.0
34,2,5,0.0,-20.577462544747448,200,0.0,0,0.0,10.050000000000008,962.3730000000031,22.627,42.53206346400332,1.0
34,3,5,0.0,-25.58167665465584,200,0.0,0,0.0,15.000000000000002,1598.9189999999994,52.73,30.322757443580496,1.0
34,4,5,0.0,-25.754243018459736,200,0.0,0,0.0,15.000000000000004,1025.2060000000022,29.578,34.66109946581926,1.0
35,0,5,0.0,-12.897099638030372,11,0.0,10,1.0,0.05,6.185,46.689,0.13247231681980765,1.0
35,1,5,1.0,10.73558097890967,2,0.37591623036649213,0,0.0,0.15000000000000002,6.685,2.513,2.66016713091922,1.0
35,2,5,1.0,10.37996762740184,5,0.27984453081621324,0,0.0,0.35,34.219,9.576,3.573412698412698,1.0
35,3,5,0.0,-32.90737028899782,200,0.0,0,0.0,30.000000000000004,769.6259999999976,47.336000000000006,16.258788237282353,1.0
35,4,5,0.0,-12.859067030945683,11,0.0,10,1.0,0.05,8.488,36.968,0.2296039818221164,1.0
36,0,5,1.0,10.587002399680042,3,1.0,0,0.0,0.25,15.002,15.002,1.0,1.0
36,1,5,1.0,10.730584399903405,2,0.9415643474306503,0,0.0,0.15000000000000002,8.796,8.282,1.0620623037913546,1.0
36,2,5,0.0,-23.124660455928627,200,0.0,0,0.0,10.050000000000008,713.5259999999975,37.462,19.046660616090904,1.0
36,3,5,1.0,9.539825404491667,11,0.3797758579577762,0,0.0,0.8500000000000001,54.519000000000005,20.705000000000002,2.6331320936971747,1.0
36,4,5,0.0,-23.017008960498092,200,0.0,0,0.0,10.000000000000007,1122.0940000000012,23.771,47.204324597198315,1.0
37,0,5,0.0,-25.482118840934167,200,0.0,0,0.0,15.000000000000002,1041.0929999999976,65.432,15.911067978970497,1.0
37,1,5,0.0,-25.23319074831765,200,0.0,0,0.0,15.000000000000002,1601.0949999999993,29.573,54.14043215094848,1.0
37,2,5,0.0,-27.900870608335353,200,0.0,0,0.0,20.000000000000014,1686.0630000000012,55.019,30.645104418473643,1.0
37,3,5,1.0,10.300932107673967,5,0.6321446987426124,0,0.0,0.45,25.211,15.937,1.5819162954131893,1.0
37,4,5,0.0,-22.68879868348875,200,0.0,0,0.0,10.000000000000007,882.7999999999979,16.407,53.80630218809032,1.0
38,0,5,0.0,-22.93744053141721,200,0.0,0,0.0,10.050000000000008,846.1909999999968,50.657,16.704325167301594,1.0
38,1,5,0.0,-28.459315961900177,200,0.0,0,0.0,19.850000000000016,1332.7059999999988,49.449,26.951121357358062,1.0
38,2,5,0.0,-25.408618838457745,200,0.0,0,0.0,15.000000000000002,936.200000000003,51.225,18.276232308443202,1.0
38,3,5,0.0,-25.49548626672643,200,0.0,0,0.0,15.000000000000002,1026.8000000000025,62.476,16.43511108265578,1.0
38,4,5,0.0,-25.383756389659688,200,0.0,0,0.0,15.000000000000004,627.9929999999966,47.929,13.102568382398895,1.0
39,0,5,0.0,-12.9,10,0.0,10,1.0,0.0,0.0,18.027,0.0,1.0
39,1,5,1.0,9.996230064322848,8,0.2268212251424003,0,0.0,0.5499999999999999,50.035000000000004,11.349,4.40875848092343,1.0
39,2,5,0.0,-12.9,10,0.0,10,1.0,0.0,0.0,48.449000000000005,0.0,1.0
39,3,5,1.0,10.592051282051282,3,0.8205504587155963,0,0.0,0.25,16.35,13.416,1.2186940966010733,1.0
39,4,5,0.0,-30.345644050184642,200,0.0,0,0.0,24.900000000000002,447.4729999999986,51.96799999999999,8.610548799261059,1.0
40,0,5,0.0,-25.69057614148723,200,0.0,0,0.0,15.050000000000002,2105.3349999999946,62.98800000000001,33.42438242204855,1.0
40,1,5,0.0,-28.397052116690674,200,0.0,0,0.0,20.000000000000014,3758.825000000014,28.417,132.27381496991285,1.0
40,2,5,0.0,-25.616214404528396,200,0.0,0,0.0,15.000000000000004,936.200000000003,40.278999999999996,23.242880905682938,1.0
40,3,5,0.0,-22.959772625947377,200,0.0,0,0.0,10.000000000000007,974.0000000000008,58.318,16.701532974381852,1.0
40,4,5,0.0,-25.025918130482392,200,0.0,0,0.0,15.000000000000002,2965.2240000000043,44.803,66.18360377653292,1.0
41,0,5,0.0,-25.5778499951737,200,0.0,0,0.0,15.000000000000002,936.358000000003,62.15800000000001,15.064159078477475,1.0
41,1,5,1.0,10.061255497857609,7,0.8431466373184677,0,0.0,0.5499999999999999,41.797000000000004,35.241,1.186033313470106,1.0
41,2,5,0.0,-13.921553968253967,15,0.0,10,1.0,0.55,52.22,37.800000000000004,1.3814814814814813,1.0
41,3,5,0.0,-23.02571606514173,200,0.0,0,0.0,10.050000000000008,857.7199999999993,48.571000000000005,17.659096992032268,1.0
41,4,5,0.0,-13.527066170756076,15,0.0,10,1.0,0.5,79.621,36.028,2.209975574553125,1.0
42,0,5,0.0,-25.686181180083356,200,0.0,0,0.0,15.000000000000002,2002.8659999999957,45.58999999999999,43.93213423996482,1.0
42,1,5,0.0,-25.779725540845863,200,0.0,0,0.0,15.000000000000002,410.9179999999985,46.455000000000005,8.845506404046894,1.0
42,2,5,0.0,-25.622825880716057,200,0.0,0,0.0,15.000000000000004,1027.4920000000025,47.43300000000001,21.66196529842098,1.0
42,3,5,0.0,-25.686725272680683,200,0.0,0,0.0,15.000000000000004,1605.7999999999995,42.998999999999995,37.345054536152,1.0
42,4,5,0.0,-23.58601529311809,200,0.0,0,0.0,12.500000000000014,938.5519999999987,5.885,159.4820730671196,1.0
43,0,5,1.0,9.767350437363325,9,0.7805413313825897,0,0.0,0.75,65.616,51.21600000000001,1.2811621368322397,1.0
43,1,5,0.0,-28.070419194813844,200,0.0,0,0.0,20.000000000000014,1821.6300000000092,50.59700000000001,36.00272743443305,1.0
43,2,5,0.0,-25.673452620131556,200,0.0,0,0.0,15.050000000000002,946.737000000003,54.25299999999999,17.45040827235366,1.0
43,3,5,0.0,-25.097316166290895,200,0.0,0,0.0,12.500000000000016,1947.8500000000024,25.281000000000002,77.04798069696619,1.0
43,4,5,0.0,-28.78053049529266,200,0.0,0,0.0,19.900000000000013,1165.3530000000019,48.86,23.85085959885391,1.0
44,0,5,0.0,-28.131461216945667,200,0.0,0,0.0,20.00000000000003,1251.8000000000025,47.611000000000004,26.292243389132814,1.0
44,1,5,1.0,10.204708707990015,6,0.8193456216034513,0,0.0,0.45,35.698,29.249000000000002,1.2204861704673664,1.0
44,2,5,1.0,9.912512110872404,9,0.9539289947961664,0,0.0,0.44999999999999996,49.771,47.478,1.0482960529087155,1.0
44,3,5,0.0,-30.788982780612226,200,0.0,0,0.0,25.0,851.2089999999976,25.088,33.928930165816226,1.0
44,4,5,0.0,-24.746596706397213,200,0.0,0,0.0,13.350000000000012,756.8819999999987,34.734,21.79081015719464,1.0
45,0,5,0.0,-30.491810481178092,200,0.0,0,0.0,25.0,1124.2410000000032,56.902,19.757495342870254,1.0
45,1,5,0.0,-25.26495067846068,200,0.0,0,0.0,15.000000000000004,2004.3999999999958,43.186,46.41318945954698,1.0
45,2,5,0.0,-23.09549948189428,200,0.0,0,0.0,10.000000000000007,809.2690000000017,35.706999999999994,22.664155487719547,1.0
45,3,5,0.0,-25.31911852535569,200,0.0,0,0.0,15.000000000000002,2090.4259999999945,36.836,56.74953849495044,1.0
45,4,5,0.0,-25.7431100621927,200,0.0,0,0.0,14.950000000000003,1422.6059999999934,58.367000000000004,24.373464457655754,1.0
46,0,5,0.0,-28.205257270693487,200,0.0,0,0.0,20.000000000000014,2252.6000000000076,16.092000000000002,139.9826000497146,1.0
46,1,5,0.0,-22.931578599283913,200,0.0,0,0.0,10.000000000000007,820.4080000000012,43.849000000000004,18.709845150402543,1.0
46,2,5,0.0,-26.037157010375562,200,0.0,0,0.0,14.950000000000003,492.908000000001,54.455,9.051657331741824,1.0
46,3,5,0.0,-25.731482737110422,200,0.0,0,0.0,15.000000000000002,1113.9069999999979,36.870999999999995,30.210924574869086,1.0
46,4,5,0.0,-25.79667084842214,200,0.0,0,0.0,15.050000000000002,2116.3579999999947,77.32,27.371417485773343,1.0
47,0,5,0.0,-23.03591943315274,200,0.0,0,0.0,10.000000000000007,808.1799999999993,35.424,22.81447606142726,1.0
47,1,5,0.0,-23.685314110600324,200,0.0,0,0.0,10.000000000000007,1096.4260000000017,14.358,76.36342108928832,1.0
47,2,5,0.0,-25.84230665372768,200,0.0,0,0.0,14.950000000000003,849.4489999999987,47.402,17.92010885616638,1.0
47,3,5,0.0,-27.960283566791936,200,0.0,0,0.0,20.000000000000014,1820.1400000000092,46.832,38.86530577383006,1.0
47,4,5,0.0,-23.261134707830394,200,0.0,0,0.0,10.100000000000009,1693.9570000000078,46.805,36.19179574831765,1.0
48,0,5,0.0,-22.59866166729581,200,0.0,0,0.0,10.15000000000001,1366.3090000000018,29.137000000000004,46.892576449188375,1.0
48,1,5,0.0,-23.457683741648037,200,0.0,0,0.0,10.000000000000007,987.2000000000025,8.98,109.93318485523413,1.0
48,2,5,0.0,-25.55399506324547,200,0.0,0,0.0,15.050000000000002,1989.7529999999958,47.196999999999996,42.15846346166062,1.0
48,3,5,1.0,9.82096726947431,9,0.6451908604280072,0,0.0,0.6500000000000001,88.36299999999999,57.010999999999996,1.5499289610776865,1.0
48,4,5,0.0,-25.60482438481396,200,0.0,0,0.0,15.000000000000004,935.945000000003,42.223,22.166710086919522,1.0
49,0,5,1.0,10.35315139844687,5,0.6331041650011991,0,0.0,0.35,25.018,15.839,1.5795189090220343,1.0
49,1,5,0.0,-23.013389072975208,200,0.0,0,0.0,10.000000000000007,571.9169999999991,51.908,11.017897048624473,1.0
49,2,5,1.0,10.339602432179607,5,0.747225862822193,0,0.0,0.35,57.225,42.76,1.338283442469598,1.0
49,3,5,0.0,-28.162659422069385,200,0.0,0,0.0,20.05000000000002,1681.0450000000012,48.864,34.40252537655537,1.0
49,4,5,1.0,10.057770642757617,7,0.8692927484333035,0,0.0,0.5499999999999999,37.978,33.014,1.1503604531410916,1.0
50,0,5,0.0,-23.017692757368735,200,0.0,0,0.0,10.000000000000007,1393.2150000000013,65.004,21.432757984124073,1.0
50,1,5,0.0,-23.444238780025294,200,0.0,0,0.0,10.100000000000009,998.9219999999983,63.279999999999994,15.78574589127684,1.0
50,2,5,0.0,-23.064363516338474,200,0.0,0,0.0,10.000000000000007,963.8250000000031,36.356,26.51075475849937,1.0
50,3,5,0.0,-25.663602117060968,200,0.0,0,0.0,15.000000000000002,619.5059999999993,32.120000000000005,19.28723536737233,1.0
50,4,5,1.0,10.52471409350824,4,0.19649702577660277,0,0.0,0.25,15.129999999999999,2.973,5.0891355533131515,1.0
51,0,5,0.0,-28.199466655360933,200,0.0,0,0.0,19.850000000000016,1807.0960000000089,47.174,38.30703353542224,1.0
51,1,5,1.0,10.206109403425131,6,0.8235051013818935,0,0.0,0.45,38.714999999999996,31.882,1.2143215607552849,1.0
51,2,5,0.0,-23.179010856453534,200,0.0,0,0.0,10.000000000000007,724.399999999999,16.580000000000002,43.691194209891364,1.0
51,3,5,0.0,-13.089339949346154,13,0.0,10,1.0,0.4,15.77,19.346999999999998,0.8151134542823177,1.0
51,4,5,1.0,10.59142120412569,3,0.6391231028667791,0,0.0,0.25,13.046000000000001,8.338000000000001,1.5646437994722955,1.0
52,0,5,0.0,-25.5257413352932,200,0.0,0,0.0,15.000000000000004,846.0450000000029,51.704,16.363240755067363,1.0
52,1,5,0.0,-25.435510846573827,200,0.0,0,0.0,15.000000000000002,308.9999999999996,20.329,15.199960647351055,1.0
52,2,5,0.0,-25.305565623846697,200,0.0,0,0.0,15.000000000000004,938.084000000003,48.778000000000006,19.23170281684372,1.0
52,3,5,0.0,-27.9903465317975,200,0.0,0,0.0,20.000000000000014,1826.000000000009,52.001,35.114709332513016,1.0
52,4,5,1.0,10.611546834979876,3,0.9036951310242207,0,0.0,0.2,24.194000000000003,21.863999999999997,1.106567874130992,1.0
53,0,5,1.0,9.475719155960668,12,0.5979657234413893,0,0.0,0.75,69.902,41.799,1.672336658771741,1.0
53,1,5,0.0,-25.556602549547495,200,0.0,0,0.0,15.000000000000004,1023.4110000000026,30.829,33.196373544390106,1.0
53,2,5,0.0,-25.760747921346113,200,0.0,0,0.0,15.000000000000004,1357.6000000000017,25.377000000000002,53.497261299602066,1.0
53,3,5,1.0,10.318847415522788,5,0.6434221311475409,0,0.0,0.39999999999999997,48.800000000000004,31.398999999999997,1.5541896238733721,1.0
53,4,5,0.0,-25.610782664059336,200,0.0,0,0.0,15.000000000000004,627.9409999999967,43.977999999999994,14.278525626449516,1.0
54,0,5,0.0,-26.31929935324907,200,0.0,0,0.0,15.000000000000002,839.7420000000043,45.458,18.47292005807568,1.0
54,1,5,0.0,-25.52238709677427,200,0.0,0,0.0,15.000000000000002,1339.4510000000014,29.759999999999998,45.008434139784995,1.0
54,2,5,1.0,9.92243287462459,8,0.4771468292161266,0,0.0,0.65,46.755,22.309,2.0957909363933838,1.0
54,3,5,1.0,9.867264336171758,8,0.8632938445382022,0,0.0,0.75,54.276999999999994,46.857,1.1583541413236016,1.0
54,4,5,0.0,-25.35079228967755,200,0.0,0,0.0,14.900000000000002,1021.6000000000025,27.755000000000003,36.80778238155296,1.0
55,0,5,0.0,-25.41292821585326,200,0.0,0,0.0,15.000000000000002,1345.4000000000017,33.949,39.630033285222005,1.0
55,1,5,0.0,-25.375585544289358,200,0.0,0,0.0,15.000000000000002,2181.4549999999995,54.539,39.99807477218136,1.0
55,2,5,0.0,-25.402205150878746,200,0.0,0,0.0,15.000000000000004,1025.2050000000024,36.188,28.32997126119162,1.0
55,3,5,0.0,-25.464205041712997,200,0.0,0,0.0,15.000000000000004,1603.4999999999993,66.40599999999999,24.14691443544257,1.0
55,4,5,0.0,-24.36578468603728,200,0.0,0,0.0,15.000000000000002,953.1459999999985,33.969,28.05928935205624,1.0
56,0,5,0.0,-27.987406070274215,200,0.0,0,0.0,20.000000000000014,1818.637000000009,47.642,38.17297762478504,1.0
56,1,5,0.0,-23.122712310730762,200,0.0,0,0.0,10.000000000000007,1140.231,15.19,75.06458196181698,1.0
56,2,5,0.0,-28.1430489510489,200,0.0,0,0.0,20.000000000000014,1637.908999999997,35.75,45.81563636363628,1.0
56,3,5,1.0,10.365750843764685,4,1.0,0,0.0,0.5,23.407,23.407,1.0,1.0
56,4,5,0.0,-25.755072618539025,200,0.0,0,0.0,15.000000000000002,1999.1549999999959,18.728,106.74684963690707,1.0
57,0,5,0.0,-25.983471091398627,200,0.0,0,0.0,15.000000000000002,749.0149999999978,63.129999999999995,11.864644384603166,1.0
57,1,5,0.0,-25.673837279173167,200,0.0,0,0.0,15.000000000000004,1636.0009999999966,33.284,49.15277610864069,1.0
57,2,5,1.0,10.13289482510781,6,0.7379251820946184,0,0.0,0.6000000000000001,56.56400000000001,41.74,1.3551509343555344,1.0
57,3,5,1.0,10.49602912791718,4,0.519081883595956,0,0.0,0.25,21.958,11.398,1.9264783295314967,1.0
57,4,5,0.0,-25.529284875966976,200,0.0,0,0.0,15.000000000000002,1339.4510000000014,37.49,35.72822085889574,1.0
58,0,5,0.0,-12.993616232361724,11,0.0,10,1.0,0.1,1.518,29.127,0.052116592851993,1.0
58,1,5,0.0,-25.689671968190847,200,0.0,0,0.0,15.000000000000004,1161.448000000003,13.078000000000001,88.80929805780723,1.0
58,2,5,0.0,-13.103240243902441,11,0.0,10,1.0,0.05,4.869,32.8,0.1484451219512195,1.0
58,3,5,0.0,-25.392743395275218,200,0.0,0,0.0,15.000000000000002,936.200000000003,43.643,21.45132094493969,1.0
58,4,5,0.0,-25.462172164691605,200,0.0,0,0.0,15.000000000000004,1108.9189999999978,28.101,39.461905270275004,1.0
59,0,5,0.0,-28.19425649913339,200,0.0,0,0.0,20.000000000000014,635.9220000000023,11.54,55.10589254766052,1.0
59,1,5,0.0,-25.316099630706375,200,0.0,0,0.0,15.000000000000002,936.200000000003,25.454,36.780073858725665,1.0
59,2,5,0.0,-26.277943843548623,200,0.0,0,0.0,14.950000000000003,792.3410000000033,18.306,43.28313121380986,1.0
59,3,5,0.0,-25.587644950003845,200,0.0,0,0.0,15.000000000000004,1997.7519999999959,51.604000000000006,38.71312301371978,1.0
59,4,5,0.0,-23.66267384663185,200,0.0,0,0.0,10.000000000000007,1412.0029999999974,38.626,36.555765546523006,1.0
60,0,5,0.0,-13.336328113121482,13,0.0,10,1.0,0.2,11.049,39.462,0.2799908772996807,1.0
60,1,5,0.0,-26.187883121177087,200,0.0,0,0.0,14.900000000000002,1587.9889999999994,24.196,65.6302281368821,1.0
60,2,5,0.0,-24.175740773756473,200,0.0,0,0.0,15.000000000000002,965.7680000000041,5.609,172.18185059725513,1.0
60,3,5,0.0,-13.288605351790622,13,0.0,10,1.0,0.25,11.988,32.363,0.3704230139356673,1.0
60,4,5,0.0,-23.008999055259274,200,0.0,0,0.0,10.000000000000007,696.3499999999983,62.451,11.150341868024505,1.0
61,0,5,0.0,-13.301353121033808,13,0.0,10,1.0,0.25,17.208,34.66799999999999,0.49636552440290765,1.0
61,1,5,0.0,-25.3766162843956,200,0.0,0,0.0,15.000000000000004,940.687000000003,56.766,16.57131029137165,1.0
61,2,5,0.0,-25.412729033820234,200,0.0,0,0.0,15.000000000000002,1605.0739999999994,61.945,25.911276132052617,1.0
61,3,5,0.0,-13.221517768684041,13,0.0,10,1.0,0.25,20.364,23.215,0.8771914710316606,1.0
61,4,5,1.0,9.977937348197049,7,0.7006130418657417,0,0.0,0.7,45.836999999999996,32.114,1.4273214174503333,1.0
62,0,5,0.0,-25.502499709234744,200,0.0,0,0.0,15.050000000000002,945.2060000000031,34.391999999999996,27.483310072109887,1.0
62,1,5,0.0,-25.03191489361703,200,0.0,0,0.0,15.000000000000004,783.2000000000033,8.366,93.61702127659615,1.0
62,2,5,0.0,-25.904362188959812,200,0.0,0,0.0,14.950000000000003,897.0950000000048,20.978,42.76360949566235,1.0
62,3,5,1.0,9.81384734090575,9,0.6786884778705576,0,0.0,0.65,70.17800000000001,47.629000000000005,1.4734300531188982,1.0
62,4,5,0.0,-24.08363923727948,200,0.0,0,0.0,12.500000000000016,1945.4900000000025,19.614000000000004,99.18884470276343,1.0
63,0,5,1.0,10.534872906826966,3,1.0,0,0.0,0.35000000000000003,11.645,11.645,1.0,1.0
63,1,5,1.0,10.681275177304965,2,0.44389875330562895,0,0.0,0.25,7.941000000000001,3.525,2.2527659574468086,1.0
63,2,5,0.0,-26.056014211886307,200,0.0,0,0.0,15.050000000000002,1144.3059999999996,52.632,21.74164006687946,1.0
63,3,5,0.0,-25.613901871564142,200,0.0,0,0.0,15.100000000000003,978.8689999999981,48.56900000000001,20.15419300376779,1.0
63,4,5,0.0,-28.347697922515504,200,0.0,0,0.0,20.000000000000014,1825.0900000000092,21.372,85.39631293280972,1.0
64,0,5,0.0,-25.167876269274256,200,0.0,0,0.0,15.050000000000002,1030.1100000000024,13.295,77.48100789770609,1.0
64,1,5,0.0,-12.910019873532068,10,0.0,10,1.0,0.0,0.0,38.745,0.0,1.0
64,2,5,0.0,-25.627744895457596,200,0.0,0,0.0,15.000000000000004,938.814000000003,57.106,16.43984870241311,1.0
64,3,5,0.0,-25.834710462287134,200,0.0,0,0.0,15.000000000000004,1307.9010000000064,43.154999999999994,30.307055961070713,1.0
64,4,5,0.0,-12.907736240086088,10,0.0,10,1.0,0.0,0.0,50.181999999999995,0.0,1.0
65,0,5,0.0,-25.641171130276827,200,0.0,0,0.0,15.000000000000004,1025.7090000000026,28.639000000000003,35.81511225950636,1.0
65,1,5,0.0,-33.70311701624347,200,0.0,0,0.0,29.699999999999896,925.8610000000039,38.046,24.335304631235974,1.0
65,2,5,0.0,-23.14141502552882,200,0.0,0,0.0,10.000000000000007,909.4000000000035,21.936,41.456965718453844,1.0
65,3,5,0.0,-23.129468855442155,200,0.0,0,0.0,10.000000000000007,729.985000000003,26.377000000000002,27.675057815521207,1.0
65,4,5,0.0,-25.692826781600665,200,0.0,0,0.0,15.050000000000002,824.0959999999989,53.827999999999996,15.309801590250407,1.0
66,0,5,0.0,-25.387605846618765,200,0.0,0,0.0,15.000000000000004,353.3999999999994,32.429,10.897653334977933,1.0
66,1,5,0.0,-23.477774694783605,200,0.0,0,0.0,10.10000000000001,933.4689999999986,48.653999999999996,19.18586344391003,1.0
66,2,5,1.0,10.125189351535838,7,0.794072371701754,0,0.0,0.4,46.123,36.625,1.2593310580204777,1.0
66,3,5,0.0,-25.788707750205806,200,0.0,0,0.0,15.100000000000003,422.4729999999984,42.515,9.937033988004197,1.0
66,4,5,0.0,-25.1492983449751,200,0.0,0,0.0,15.000000000000004,1114.599999999999,15.890999999999998,70.14033100497132,1.0
67,0,5,0.0,-28.09007863773428,200,0.0,0,0.0,20.000000000000014,1686.0520000000013,67.652,24.92242653580088,1.0
67,1,5,0.0,-26.144735290314138,200,0.0,0,0.0,15.000000000000002,1011.7500000000028,38.665,26.167076167076242,1.0
67,2,5,0.0,-25.537672538702026,200,0.0,0,0.0,15.000000000000004,1023.6420000000026,52.452000000000005,19.515785861359003,1.0
67,3,5,0.0,-30.526704929102003,200,0.0,0,0.0,25.0,445.7609999999986,59.24,7.524662390276816,1.0
67,4,5,0.0,-25.828210454903864,200,0.0,0,0.0,15.000000000000002,974.3790000000041,54.539,17.86572911127824,1.0
68,0,5,0.0,-13.288036350239468,16,0.0,10,1.0,0.39999999999999997,18.102,24.429000000000002,0.7410045437799336,1.0
68,1,5,1.0,10.265907075380758,5,0.6688300524370326,0,0.0,0.5,46.532,31.122,1.495148126727074,1.0
68,2,5,1.0,10.18335681352459,6,0.686731516825274,0,0.0,0.5,56.849,39.04,1.456173155737705,1.0
68,3,5,0.0,-25.56955759964967,200,0.0,0,0.0,15.000000000000002,1600.1529999999993,34.245,46.7266170243831,1.0
68,4,5,0.0,-13.868191776594925,16,0.0,10,1.0,0.44999999999999996,32.759,25.926000000000002,1.263557818406233,1.0
69,0,5,0.0,-23.206152728540676,200,0.0,0,0.0,10.200000000000012,968.9660000000034,34.414,28.156157377811454,1.0
69,1,5,0.0,-28.52573932262027,200,0.0,0,0.0,19.95000000000003,787.3870000000003,67.643,11.640332332983462,1.0
69,2,5,1.0,9.969295332441684,8,0.6818188843722468,0,0.0,0.5499999999999999,64.699,44.11299999999999,1.4666651553963685,1.0
69,3,5,1.0,10.226133090943884,6,0.9030153792984273,0,0.0,0.4,46.29600000000001,41.806,1.107400851552409,1.0
69,4,5,0.0,-28.163444005041043,200,0.0,0,0.0,20.000000000000014,3758.825000000014,69.033,54.44968348471041,1.0
70,0,5,0.0,-25.684390792913145,200,0.0,0,0.0,15.000000000000002,1145.6950000000043,27.544,41.59508422887033,1.0
70,1,5,0.0,-23.43978160993914,200,0.0,0,0.0,10.000000000000007,671.6000000000012,30.907999999999998,21.729002200077687,1.0
70,2,5,0.0,-25.44001935585514,200,0.0,0,0.0,15.000000000000004,2096.510999999994,44.43099999999999,47.1857711957866,1.0
70,3,5,1.0,9.999911952041963,7,0.7301054411618422,0,0.0,0.65,40.212,29.359,1.3696651793317212,1.0
70,4,5,0.0,-26.223415514592908,200,0.0,0,0.0,15.000000000000004,2000.9839999999958,26.039999999999996,76.84270353302597,1.0
71,0,5,0.0,-23.224904592693623,200,0.0,0,0.0,10.050000000000008,1439.5469999999941,41.087,35.03655657507226,1.0
71,1,5,0.0,-27.44071165406251,200,0.0,0,0.0,20.000000000000014,3805.469000000014,20.627999999999997,184.48075431452466,1.0
71,2,5,0.0,-25.232543029259823,200,0.0,0,0.0,15.000000000000004,2096.1659999999943,46.48,45.09823580034411,1.0
71,3,5,0.0,-25.411564137534967,200,0.0,0,0.0,15.000000000000004,1109.3979999999979,41.79299999999999,26.54506735577724,1.0
71,4,5,0.0,-23.4078133058278,200,0.0,0,0.0,10.000000000000007,3163.000000000009,38.779999999999994,81.5626611655495,1.0
72,0,5,0.0,-23.29883751145162,200,0.0,0,0.0,10.100000000000009,807.5220000000019,60.035,13.450853668693295,1.0
72,1,5,1.0,10.511424229266176,4,0.6232240954726274,0,0.0,0.2,36.952999999999996,23.029999999999998,1.6045592705167173,1.0
72,2,5,0.0,-26.143547207799035,200,0.0,0,0.0,15.000000000000002,923.352999999998,37.748000000000005,24.460978065062996,1.0
72,3,5,0.0,-25.56966466501823,200,0.0,0,0.0,15.000000000000004,1342.1910000000016,42.465,31.606993995054786,1.0
72,4,5,0.0,-23.22407577383082,200,0.0,0,0.0,10.000000000000007,643.6580000000013,50.334,12.787737910756173,1.0
73,0,5,0.0,-23.042338932784492,200,0.0,0,0.0,10.000000000000007,806.5630000000017,45.183,17.851028041520077,1.0
73,1,5,1.0,9.938564128446155,8,0.8413705246954537,0,0.0,0.6,37.679,31.702,1.1885370008201375,1.0
73,2,5,0.0,-25.447738906896156,200,0.0,0,0.0,15.000000000000004,1026.8000000000025,35.788000000000004,28.69118140158719,1.0
73,3,5,0.0,-22.887391154621884,200,0.0,0,0.0,10.000000000000007,2116.6100000000083,20.326999999999998,104.12800708417417,1.0
73,4,5,1.0,10.621316635265433,3,0.42929869635550477,0,0.0,0.2,21.018,9.023,2.3293804721267874,1.0
74,0,5,0.0,-25.66434046098302,200,0.0,0,0.0,14.950000000000003,639.0350000000018,36.010000000000005,17.74604276589841,1.0
74,1,5,1.0,10.374376606394012,5,0.9331005175242986,0,0.0,0.3,23.767,22.177000000000003,1.071695901158858,1.0
74,2,5,0.0,-25.93035238409872,200,0.0,0,0.0,15.050000000000002,1997.0599999999959,36.324,54.9790771941415,1.0
74,3,5,1.0,10.597175462645648,3,0.40395370729276264,0,0.0,0.25,18.058999999999997,7.295,2.4755311857436597,1.0
74,4,5,0.0,-23.036861104508343,200,0.0,0,0.0,10.000000000000007,1693.442999999999,63.105000000000004,26.835322082243863,1.0
75,0,5,1.0,10.190731077604822,6,1.0,0,0.0,0.45,53.25699999999999,53.25699999999999,1.0,1.0
75,1,5,0.0,-25.568178946629544,200,0.0,0,0.0,15.000000000000004,735.4150000000003,42.739,17.207117620908313,1.0
75,2,5,0.0,-27.986848697394713,200,0.0,0,0.0,20.000000000000014,1826.000000000009,39.92000000000001,45.74148296593208,1.0
75,3,5,0.0,-27.921143742217616,200,0.0,0,0.0,20.000000000000014,1685.9340000000013,65.854,25.601087253621667,1.0
75,4,5,0.0,-25.835055852355527,200,0.0,0,0.0,15.000000000000004,1028.4220000000025,10.295,99.89528897523094,1.0
76,0,5,0.0,-23.99851942158877,200,0.0,0,0.0,11.650000000000016,863.262000000001,53.111,16.25392103330762,1.0
76,1,5,0.0,-27.960630140031103,200,0.0,0,0.0,20.000000000000014,1821.6300000000092,35.992000000000004,50.61208046232521,1.0
76,2,5,0.0,-23.379074530592536,200,0.0,0,0.0,10.100000000000009,1034.370000000005,53.951,19.172397175214638,1.0
76,3,5,0.0,-26.08233309977029,200,0.0,0,0.0,15.150000000000002,921.0699999999958,51.378,17.92732297870676,1.0
76,4,5,0.0,-25.77021660786771,200,0.0,0,0.0,15.000000000000002,2984.0949999999925,52.721999999999994,56.60056522893655,1.0
77,0,5,0.0,-13.43212786085944,15,0.0,10,1.0,0.39999999999999997,62.211,54.965999999999994,1.1318087545027837,1.0
77,1,5,0.0,-28.00592471977088,200,0.0,0,0.0,20.000000000000025,762.4929999999993,68.78299999999999,11.085486239332385,1.0
77,2,5,0.0,-13.522770911181375,15,0.0,10,1.0,0.45,35.277,55.664,0.6337489221040529,1.0
77,3,5,0.0,-13.434048669633555,15,0.0,10,1.0,0.39999999999999997,58.003,52.805,1.0984376479500046,1.0
77,4,5,0.0,-26.364398473903133,200,0.0,0,0.0,15.000000000000004,978.9409999999972,31.977,30.61390999781084,1.0
78,0,5,1.0,10.467557448900175,4,0.907681439619274,0,0.0,0.3,26.896,24.412999999999997,1.101708106336788,1.0
78,1,5,0.0,-25.071795804105765,200,0.0,0,0.0,12.500000000000014,1170.8599999999976,31.078,37.674882553574804,1.0
78,2,5,0.0,-25.511612427169474,200,0.0,0,0.0,15.000000000000002,1339.2390000000014,52.176,25.667720791168378,1.0
78,3,5,1.0,9.841846489528741,8,0.5869279011872847,0,0.0,0.8,83.55199999999999,49.039,1.7037867819490609,1.0
78,4,5,1.0,10.369989768281673,5,0.8475743508646634,0,0.0,0.3,39.206,33.23,1.1798374962383391,1.0
79,0,5,0.0,-21.812673493461883,200,0.0,0,0.0,10.000000000000007,1458.175999999997,39.843,36.598047335792906,1.0
79,1,5,0.0,-25.493647531411952,200,0.0,0,0.0,15.000000000000004,1108.9189999999978,21.409,51.79686113316819,1.0
79,2,5,1.0,10.41573686787438,4,1.0,0,0.0,0.4,14.297,14.297,1.0,1.0
79,3,5,0.0,-28.751023927053215,200,0.0,0,0.0,24.900000000000002,1218.68,29.172000000000004,41.77567530508706,1.0
79,4,5,1.0,10.343508289932629,5,0.8919241423396549,0,0.0,0.35000000000000003,23.465,20.929000000000002,1.1211715801041615,1.0
80,0,5,0.0,-22.932182346326794,200,0.0,0,0.0,10.000000000000007,809.7710000000017,42.687999999999995,18.969523050974555,1.0
80,1,5,0.0,-25.5062995458754,200,0.0,0,0.0,15.000000000000004,1026.8000000000025,45.36200000000001,22.63568625721975,1.0
80,2,5,0.0,-28.29299183138522,200,0.0,0,0.0,19.950000000000017,1340.1029999999987,65.617,20.423106816830984,1.0
80,3,5,1.0,10.415701348988259,4,0.787953348752522,0,0.0,0.4,20.321,16.012,1.2691106669997503,1.0
80,4,5,1.0,10.344296599926428,5,0.9507131972721141,0,0.0,0.35,40.031,38.058,1.0518419254821587,1.0
81,0,5,1.0,10.42999624596441,4,0.6077572438968742,0,0.0,0.4,21.915,13.318999999999999,1.6453937983332083,1.0
81,1,5,1.0,10.467724068479356,4,0.720119657344876,0,0.0,0.30000000000000004,22.063,15.888,1.3886581067472306,1.0
81,2,5,0.0,-25.64002702780412,200,0.0,0,0.0,15.000000000000002,1633.4859999999965,34.778999999999996,46.96759538802141,1.0
81,3,5,0.0,-28.02055399890922,200,0.0,0,0.0,20.000000000000014,1682.8780000000013,53.17699999999999,31.64672696842623,1.0
81,4,5,1.0,10.248556647312789,5,0.843102799046065,0,0.0,0.55,23.901,20.151,1.1860949828792615,1.0
82,0,5,0.0,-25.260243849335932,200,0.0,0,0.0,15.000000000000004,2004.3999999999958,22.965,87.2806444589591,1.0
82,1,5,0.0,-25.297477921454817,200,0.0,0,0.0,15.000000000000004,2109.7759999999944,45.85900000000001,46.00571316426424,1.0
82,2,5,1.0,10.055876213777813,7,0.8133706467661692,0,0.0,0.55,32.160000000000004,26.158000000000005,1.2294517929505313,1.0
82,3,5,1.0,9.770006037496028,9,0.42651523365499294,0,0.0,0.7500000000000001,36.892,15.735000000000001,2.344582141722275,1.0
82,4,5,0.0,-25.236097169243177,200,0.0,0,0.0,15.000000000000002,1004.6000000000034,9.962,100.84320417586865,1.0
83,0,5,0.0,-27.978795589482534,200,0.0,0,0.0,20.000000000000014,1818.637000000009,28.296000000000003,64.27187588351742,1.0
83,1,5,0.0,-25.598998126171132,200,0.0,0,0.0,15.000000000000002,1352.5279999999982,24.015,56.320133250051974,1.0
83,2,5,0.0,-28.427353568821374,200,0.0,0,0.0,19.850000000000016,2656.505999999999,53.42100000000001,49.72774751502216,1.0
83,3,5,0.0,-25.422733363108495,200,0.0,0,0.0,15.000000000000004,1998.0129999999958,38.062999999999995,52.4922628274176,1.0
83,4,5,0.0,-25.535007424229274,200,0.0,0,0.0,15.000000000000004,400.8000000000009,57.245000000000005,7.00148484583808,1.0
84,0,5,0.0,-25.703404019117112,200,0.0,0,0.0,14.950000000000003,1705.6030000000014,26.573000000000004,64.18556429458478,1.0
84,1,5,0.0,-23.284141080329388,200,0.0,0,0.0,10.050000000000008,971.4850000000032,63.999,15.179690307661106,1.0
84,2,5,0.0,-23.532617010712894,200,0.0,0,0.0,10.050000000000008,1046.289000000005,52.36699999999999,19.979930108656315,1.0
84,3,5,0.0,-26.139593763845724,200,0.0,0,0.0,15.050000000000002,2113.3679999999945,36.112,58.52259636685851,1.0
84,4,5,0.0,-28.080887228015268,200,0.0,0,0.0,20.000000000000014,1820.896000000009,49.772999999999996,36.5840114118098,1.0
85,0,5,0.0,-13.566223749403983,13,0.0,10,1.0,0.15000000000000002,15.945,48.237,0.3305553827974376,1.0
85,1,5,0.0,-13.200323019643083,13,0.0,10,1.0,0.2,21.186,38.94500000000001,0.5439979458210296,1.0
85,2,5,1.0,10.20094175794817,6,0.9169974031064727,0,0.0,0.45,40.818000000000005,37.43000000000001,1.0905156291744589,1.0
85,3,5,0.0,-22.738887522400702,200,0.0,0,0.0,10.000000000000007,1486.2000000000048,28.459,52.22249551987086,1.0
85,4,5,0.0,-25.732166080631874,200,0.0,0,0.0,15.000000000000004,688.7830000000018,20.761,33.17677375848957,1.0
86,0,5,0.0,-13.067416934401564,12,0.0,10,1.0,0.15000000000000002,10.477,49.178000000000004,0.21304241734108748,1.0
86,1,5,1.0,10.27742605745786,5,0.835740232125454,0,0.0,0.49999999999999994,22.574,18.866,1.1965440474928444,1.0
86,2,5,0.0,-12.706613862476594,12,0.0,10,1.0,0.15000000000000002,18.424,27.239,0.6763831271338888,1.0
86,3,5,0.0,-25.74065942591161,200,0.0,0,0.0,15.000000000000004,810.3449999999974,56.716,14.287767120389262,1.0
86,4,5,1.0,10.221875913475593,6,0.4794170199348352,0,0.0,0.4,28.543,13.684000000000001,2.085866705641625,1.0
87,0,5,0.0,-13.077958507941437,16,0.0,10,1.0,0.4,29.356,19.329,1.518754203528377,1.0
87,1,5,0.0,-23.00549389975014,200,0.0,0,0.0,10.000000000000007,964.8120000000034,54.424,17.727693664559816,1.0
87,2,5,0.0,-25.757930166302213,200,0.0,0,0.0,15.000000000000004,2109.7759999999944,75.46500000000002,27.95701318492008,1.0
87,3,5,0.0,-25.464292919104295,200,0.0,0,0.0,15.000000000000004,734.6000000000003,39.656,18.52430905789793,1.0
87,4,5,0.0,-13.750008320505883,16,0.0,10,1.0,0.3,27.775,24.037,1.1555102550235055,1.0
88,0,5,0.0,-25.624132418729587,200,0.0,0,0.0,15.000000000000004,1039.5999999999976,33.53,31.00507008648964,1.0
88,1,5,0.0,-25.96933445632361,200,0.0,0,0.0,15.150000000000002,702.5260000000037,58.178,12.075458076936362,1.0
88,2,5,0.0,-26.223226717970228,200,0.0,0,0.0,15.100000000000003,937.7189999999987,33.266,28.1885107917994,1.0
88,3,5,0.0,-23.07048245966114,200,0.0,0,0.0,10.000000000000007,965.0000000000034,49.827999999999996,19.36662117684843,1.0
88,4,5,0.0,-26.375454463126726,200,0.0,0,0.0,16.600000000000055,1170.1270000000004,33.127,35.32245600265645,1.0
89,0,5,0.0,-28.326640647697992,200,0.0,0,0.0,19.900000000000023,900.9929999999995,51.629,17.451296751825517,1.0
89,1,5,0.0,-25.463933986314185,200,0.0,0,0.0,15.000000000000004,1023.4110000000026,37.265,27.463061854286934,1.0
89,2,5,0.0,-25.45668693009113,200,0.0,0,0.0,15.000000000000002,1037.6899999999973,56.587999999999994,18.33763342051314,1.0
89,3,5,0.0,-25.31270593080717,200,0.0,0,0.0,15.000000000000002,1165.2000000000032,29.136000000000003,39.991762767710156,1.0
89,4,5,1.0,10.339847031206144,5,0.8089458583606829,0,0.0,0.35,48.446999999999996,39.191,1.236176673215789,1.0
90,0,5,0.0,-13.02757234494565,11,0.0,10,1.0,0.1,1.304,48.483000000000004,0.02689602541096879,1.0
90,1,5,0.0,-25.428305065750184,200,0.0,0,0.0,14.950000000000003,936.4820000000029,53.535999999999994,17.49256575014949,1.0
90,2,5,0.0,-25.428170663193573,200,0.0,0,0.0,15.050000000000002,972.586999999997,39.159000000000006,24.83687019586805,1.0
90,3,5,0.0,-13.038471089655772,11,0.0,10,1.0,0.1,3.699,45.986999999999995,0.08043577532781004,1.0
90,4,5,0.0,-27.960433152853074,200,0.0,0,0.0,20.000000000000014,1822.4700000000091,45.619,39.94980161774719,1.0
91,0,5,0.0,-22.766717604920213,200,0.0,0,0.0,10.050000000000008,967.3160000000031,42.437,22.79416546881267,1.0
91,1,5,0.0,-25.56726632772775,200,0.0,0,0.0,15.000000000000004,776.9999999999985,20.456,37.98396558466946,1.0
91,2,5,0.0,-25.144075535855176,200,0.0,0,0.0,15.000000000000004,1115.422999999998,49.407,22.5762138968162,1.0
91,3,5,0.0,-25.20787038327519,200,0.0,0,0.0,15.000000000000002,2000.5629999999958,28.7,69.70602787456431,1.0
91,4,5,0.0,-25.31566511774439,200,0.0,0,0.0,15.000000000000002,936.200000000003,25.394000000000002,36.866976451130306,1.0
92,0,5,0.0,-25.622944405099112,200,0.0,0,0.0,15.000000000000004,754.755,22.592,33.408064801699716,1.0
92,1,5,1.0,10.244479358079138,6,0.17964348591549298,0,0.0,0.45,45.44,8.163,5.566580913879701,1.0
92,2,5,0.0,-24.024759052272334,200,0.0,0,0.0,10.450000000000014,533.2890000000004,29.882,17.846496218459286,1.0
92,3,5,0.0,-25.639533728516007,200,0.0,0,0.0,15.000000000000002,2096.7329999999943,60.394000000000005,34.717571281915326,1.0
92,4,5,0.0,-22.690715282299287,200,0.0,0,0.0,10.000000000000007,1481.2209999999961,21.502,68.88759185192058,1.0
93,0,5,1.0,10.010012442919617,8,0.6263089401367957,0,0.0,0.45,66.08399999999999,41.389,1.5966561163594188,1.0
93,1,5,0.0,-28.157977883096365,200,0.0,0,0.0,20.000000000000014,1688.4000000000012,31.65,53.34597156398108,1.0
93,2,5,0.0,-25.950932443365822,200,0.0,0,0.0,15.000000000000002,1413.0119999999997,44.496,31.755933117583595,1.0
93,3,5,1.0,9.115155142327406,14,0.49429237590803116,0,0.0,1.1,74.199,36.676,2.0230941214963463,1.0
93,4,5,0.0,-25.533816494289614,200,0.0,0,0.0,15.000000000000002,786.0660000000033,59.366,13.241013374658952,1.0
94,0,5,1.0,9.755891548207302,9,0.8915544420085605,0,0.0,0.75,47.895,42.70100000000001,1.1216364956324207,1.0
94,1,5,0.0,-23.00834792451498,200,0.0,0,0.0,10.000000000000007,903.9999999999976,56.541000000000004,15.98839779982663,1.0
94,2,5,0.0,-25.638604968763662,200,0.0,0,0.0,14.950000000000003,1602.2579999999994,68.82999999999998,23.278483219526365,1.0
94,3,5,0.0,-25.77224052106544,200,0.0,0,0.0,15.050000000000002,1994.3989999999958,49.821,40.03129202545103,1.0
94,4,5,0.0,-25.52557460150019,200,0.0,0,0.0,15.000000000000004,1342.1910000000016,34.128,39.32814697609006,1.0
95,0,5,1.0,10.370011700207261,5,0.3474897195827429,0,0.0,0.35,43.043,14.957,2.8777829778698933,1.0
95,1,5,0.0,-25.78493813365964,200,0.0,0,0.0,14.950000000000003,616.4090000000008,42.510999999999996,14.499988238338332,1.0
95,2,5,0.0,-13.135071283991905,11,0.0,10,1.0,0.05,3.066,22.726,0.13491155504708263,1.0
95,3,5,0.0,-25.412100082034495,200,0.0,0,0.0,15.000000000000004,662.9349999999991,48.76,13.595877768662822,1.0
95,4,5,0.0,-12.457406400966182,11,0.0,10,1.0,0.05,10.375,16.56,0.6265096618357489,1.0
96,0,5,0.0,-25.398650871997326,200,0.0,0,0.0,15.000000000000004,1025.2050000000024,21.273000000000003,48.192779579749086,1.0
96,1,5,1.0,10.612119398283058,3,0.698712304644508,0,0.0,0.2,18.172,12.697,1.4312042214696385,1.0
96,2,5,0.0,-25.441788091514187,200,0.0,0,0.0,15.000000000000002,1598.9189999999994,54.986000000000004,29.07865638526169,1.0
96,3,5,0.0,-32.937233468521015,200,0.0,0,0.0,30.000000000000004,1419.5350000000028,57.45099999999999,24.708621259856276,1.0
96,4,5,0.0,-25.579771577630098,200,0.0,0,0.0,15.000000000000004,963.7060000000041,56.737,16.985494474505245,1.0
97,0,5,0.0,-28.406116124727788,200,0.0,0,0.0,19.950000000000017,2672.4109999999987,56.956,46.92062293700398,1.0
97,1,5,0.0,-25.64312738287972,200,0.0,0,0.0,15.050000000000002,848.9210000000037,38.294000000000004,22.168512038439538,1.0
97,2,5,0.0,-22.92240248213275,200,0.0,0,0.0,10.000000000000007,2118.0310000000086,64.783,32.694240773042445,1.0
97,3,5,0.0,-25.64941601189215,200,0.0,0,0.0,15.000000000000004,1342.1910000000016,23.545,57.00535145466135,1.0
97,4,5,0.0,-25.205209188269432,200,0.0,0,0.0,15.000000000000004,2096.2359999999944,19.982000000000003,104.90621559403434,1.0
98,0,5,0.0,-25.849691854447084,200,0.0,0,0.0,15.000000000000002,733.4450000000012,37.677,19.46665074183192,1.0
98,1,5,0.0,-26.243273734525307,200,0.0,0,0.0,15.000000000000002,1926.7060000000001,50.001000000000005,38.53334933301334,1.0
98,2,5,1.0,10.364882304639387,5,0.8999876832122184,0,0.0,0.3,48.714,43.842000000000006,1.1111263172300532,1.0
98,3,5,0.0,-23.116325640827004,200,0.0,0,0.0,10.050000000000008,944.0429999999948,64.565,14.621590645086266,1.0
98,4,5,0.0,-27.98187882113181,200,0.0,0,0.0,20.000000000000014,1788.999999999997,51.032000000000004,35.05643517792751,1.0
99,0,5,1.0,10.345395596092612,5,0.6881452870831166,0,0.0,0.35000000000000003,26.926000000000002,18.529,1.4531814992714125,1.0
99,1,5,0.0,-25.520148986584484,200,0.0,0,0.0,15.000000000000004,1039.5999999999976,58.663000000000004,17.72156214308845,1.0
99,2,5,0.0,-25.467059539689558,200,0.0,0,0.0,15.050000000000002,2106.1069999999945,47.229,44.59351246056437,1.0
99,3,5,1.0,10.609609297725026,3,1.0,0,0.0,0.2,10.11,10.11,1.0,1.0
99,4,5,0.0,-25.808595842081715,200,0.0,0,0.0,15.000000000000002,795.5440000000019,58.105999999999995,13.691253915258356,1.0
100,0,5,0.0,-25.523218801779006,200,0.0,0,0.0,15.000000000000004,1354.5999999999983,45.868,29.532571727566022,1.0
100,1,5,0.0,-33.124227335164804,200,0.0,0,0.0,29.999999999999893,912.3240000000037,23.296000000000003,39.16225961538477,1.0
100,2,5,0.0,-25.5067244884991,200,0.0,0,0.0,15.000000000000004,962.181000000004,31.476,30.568719024018428,1.0
100,3,5,0.0,-25.65996283021381,200,0.0,0,0.0,15.000000000000004,1038.2269999999978,30.132,34.455960440727395,1.0
100,4,5,0.0,-27.973189464364715,200,0.0,0,0.0,20.05000000000002,1681.0450000000012,47.439,35.43592824469321,1.0
101,0,5,1.0,9.60779033030158,10,0.44012922255776393,0,0.0,0.9000000000000001,71.195,31.335,2.27205999680868,1.0
101,1,5,0.0,-25.540235380654615,200,0.0,0,0.0,15.000000000000004,1071.0000000000025,54.379999999999995,19.69474071349766,1.0
101,2,5,0.0,-23.862179871520325,200,0.0,0,0.0,10.100000000000009,1527.9019999999955,28.02,54.528979300499486,1.0
101,3,5,0.0,-28.16497193382762,200,0.0,0,0.0,19.950000000000017,3781.9630000000143,43.825,86.29693097547094,1.0
101,4,5,0.0,-25.460240198046197,200,0.0,0,0.0,15.000000000000004,1603.4999999999993,59.784,26.82155760738658,1.0
102,0,5,0.0,-25.62969665310995,200,0.0,0,0.0,15.000000000000004,1342.1910000000016,26.801000000000002,50.07988507891502,1.0
102,1,5,0.0,-26.1936079557275,200,0.0,0,0.0,15.050000000000002,1694.4369999999954,48.066,35.25229892231505,1.0
102,2,5,0.0,-24.811056870384387,200,0.0,0,0.0,13.350000000000012,577.302999999999,51.591,11.18999437886451,1.0
102,3,5,1.0,10.590824653922216,3,0.5595308350545884,0,0.0,0.25,13.556000000000001,7.585000000000001,1.787211601845748,1.0
102,4,5,0.0,-24.75109998497031,200,0.0,0,0.0,12.900000000000015,1372.2669999999996,53.228,25.780923574058757,1.0
103,0,5,0.0,-26.063913845444404,200,0.0,0,0.0,15.000000000000004,2039.083999999994,26.023000000000003,78.35699189178779,1.0
103,1,5,1.0,10.342928494780997,5,0.9401352745615043,0,0.0,0.35,43.614999999999995,41.004000000000005,1.063676714466881,1.0
103,2,5,0.0,-27.924445360258275,200,0.0,0,0.0,20.000000000000014,1683.2580000000012,43.67699999999999,38.538773267394774,1.0
103,3,5,0.0,-28.365052745790535,200,0.0,0,0.0,19.65000000000003,633.679000000001,63.133,10.037207165824544,1.0
103,4,5,0.0,-33.39424536469239,200,0.0,0,0.0,29.850000000000005,845.8299999999977,27.722,30.51114638193484,1.0
104,0,5,0.0,-25.75008019185578,200,0.0,0,0.0,14.950000000000003,2040.9859999999937,72.763,28.049778046534552,1.0
104,1,5,0.0,-12.97819142290665,11,0.0,10,1.0,0.1,5.193,36.819,0.1410413101931068,1.0
104,2,5,0.0,-32.87177294701877,200,0.0,0,0.0,30.000000000000004,1417.7940000000028,30.407,46.62722399447505,1.0
104,3,5,0.0,-22.953185085354885,200,0.0,0,0.0,10.000000000000007,678.5999999999993,28.938000000000002,23.450134770889463,1.0
104,4,5,0.0,-13.034109388475503,11,0.0,10,1.0,0.1,3.001,49.859,0.06018973505284903,1.0
105,0,5,0.0,-13.70574344573005,17,0.0,10,1.0,0.35,47.22,50.38699999999999,0.9371464861968366,1.0
105,1,5,1.0,10.537582092127206,3,1.0,0,0.0,0.35000000000000003,17.389,17.389,1.0,1.0
105,2,5,0.0,-25.369946264668272,200,0.0,0,0.0,14.950000000000003,1444.6190000000026,34.428,41.96058440804005,1.0
105,3,5,0.0,-13.370460494515713,17,0.0,10,1.0,0.5499999999999999,38.646,26.895,1.4369213608477414,1.0
105,4,5,0.0,-25.332738354375223,200,0.0,0,0.0,15.000000000000004,1687.1999999999955,34.455,48.96821941663026,1.0
106,0,5,0.0,-23.25829635499205,200,0.0,0,0.0,10.050000000000008,1437.695999999994,35.336,40.68643875933875,1.0
106,1,5,0.0,-25.5719804582746,200,0.0,0,0.0,15.000000000000004,1344.7830000000015,37.663,35.70567931391556,1.0
106,2,5,0.0,-25.450268867468374,200,0.0,0,0.0,15.050000000000002,1995.144999999996,62.038,32.160047067926044,1.0
106,3,5,0.0,-25.61244720788355,200,0.0,0,0.0,15.000000000000002,1110.9969999999978,51.144000000000005,21.722919599561976,1.0
106,4,5,0.0,-23.085227791801913,200,0.0,0,0.0,10.000000000000007,595.7350000000017,8.318999999999999,71.61137155908183,1.0
107,0,5,0.0,-23.226398286203885,200,0.0,0,0.0,10.100000000000009,810.8690000000017,29.175,27.793281919451644,1.0
107,1,5,0.0,-28.38428282253738,200,0.0,0,0.0,19.900000000000013,1824.820000000009,59.775999999999996,30.527636509636128,1.0
107,2,5,0.0,-25.488703459125563,200,0.0,0,0.0,15.150000000000004,2104.984999999994,51.48700000000001,40.88381533202544,1.0
107,3,5,0.0,-28.09805566309635,200,0.0,0,0.0,20.000000000000014,1684.5170000000012,46.494,36.23084699100962,1.0
107,4,5,0.0,-25.569469925304745,200,0.0,0,0.0,15.000000000000004,1352.8549999999982,61.048,22.160513038920165,1.0
108,0,5,0.0,-27.517257089241035,200,0.0,0,0.0,20.000000000000014,1825.8150000000091,19.184,95.17384278565518,1.0
108,1,5,0.0,-25.699300921512606,200,0.0,0,0.0,15.000000000000004,934.655000000003,15.735000000000001,59.399745789641116,1.0
108,2,5,1.0,10.632612498012403,3,0.7116265912305517,0,0.0,0.15000000000000002,17.674999999999997,12.578,1.4052313563364602,1.0
108,3,5,0.0,-23.064891006870695,200,0.0,0,0.0,10.10000000000001,714.8560000000018,52.251,13.681192704445884,1.0
108,4,5,0.0,-25.995597156321445,200,0.0,0,0.0,15.000000000000002,929.663999999998,61.75099999999999,15.055043643017898,1.0
109,0,5,0.0,-25.61277963168953,200,0.0,0,0.0,15.000000000000002,1355.1269999999984,64.72800000000001,20.93571560993694,1.0
109,1,5,0.0,-23.447455970837545,200,0.0,0,0.0,10.10000000000001,745.7260000000031,45.538,16.37590583688355,1.0
109,2,5,0.0,-23.98471079906396,200,0.0,0,0.0,15.000000000000004,1115.422999999998,11.964,93.23161150117001,1.0
109,3,5,1.0,10.354171274585287,5,0.5668432224404372,0,0.0,0.35000000000000003,50.409,28.573999999999998,1.7641562259396655,1.0
109,4,5,0.0,-25.338912306802193,200,0.0,0,0.0,15.000000000000002,899.0000000000008,12.099,74.30366145962482,1.0
110,0,5,0.0,-25.88732361831975,200,0.0,0,0.0,15.050000000000002,835.2360000000027,52.599000000000004,15.879313294929611,1.0
110,1,5,0.0,-25.83439971960852,200,0.0,0,0.0,15.000000000000002,2106.0649999999946,74.18199999999999,28.390512523253552,1.0
110,2,5,0.0,-25.435918651900245,200,0.0,0,0.0,15.000000000000004,1340.6830000000016,25.102000000000004,53.40940960879617,1.0
110,3,5,0.0,-22.94711986378382,200,0.0,0,0.0,10.000000000000007,354.9999999999993,31.127000000000002,11.404889645645238,1.0
110,4,5,1.0,10.449184905660378,4,0.40226177374672695,0,0.0,0.35000000000000003,26.351,10.600000000000001,2.4859433962264146,1.0
111,0,5,0.0,-25.73578012321514,200,0.0,0,0.0,15.000000000000002,1246.9999999999984,20.939,59.5539424041262,1.0
111,1,5,0.0,-23.14466108865279,200,0.0,0,0.0,10.100000000000009,984.7520000000002,53.185,18.51559650277334,1.0
111,2,5,0.0,-28.140038627247026,200,0.0,0,0.0,20.000000000000014,911.5560000000021,33.655,27.085306789481564,1.0
111,3,5,0.0,-24.99766005572863,200,0.0,0,0.0,15.000000000000002,2091.6089999999945,30.505000000000003,68.56610391739041,1.0
111,4,5,0.0,-30.724089876077237,200,0.0,0,0.0,25.0,1123.2080000000033,23.321,48.16294327001429,1.0
112,0,5,0.0,-25.974699849604843,200,0.0,0,0.0,15.050000000000002,917.8969999999979,31.251,29.371764103548617,1.0
112,1,5,0.0,-25.536982456140265,200,0.0,0,0.0,15.000000000000004,964.373000000004,42.74999999999999,22.55843274853811,1.0
112,2,5,0.0,-28.021552902364167,200,0.0,5,0.0,9.800000000000004,350.98199999999935,25.462000000000003,13.78454166993949,1.0
112,3,5,0.0,-27.83189574050961,200,0.0,5,0.0,9.850000000000005,944.1090000000029,56.11000000000001,16.826038139369146,1.0
112,4,5,1.0,10.491290220820188,4,1.0,0,0.0,0.25,30.115000000000002,30.115000000000002,1.0,1.0
113,0,5,0.0,-23.26007578536816,200,0.0,0,0.0,10.050000000000008,1000.1959999999999,51.791,19.312158483134134,1.0
113,1,5,0.0,-13.414924078942207,14,0.0,10,1.0,0.3,19.497,25.487000000000002,0.7649782241927257,1.0
113,2,5,0.0,-25.304908266533946,200,0.0,0,0.0,15.000000000000002,1113.9069999999979,52.271,21.310229381492565,1.0
113,3,5,0.0,-13.408333159414239,14,0.0,10,1.0,0.30000000000000004,29.036,28.749,1.009982955928902,1.0
113,4,5,0.0,-25.55202018368614,200,0.0,0,0.0,15.000000000000002,401.99999999999886,27.546999999999997,14.593240643264199,1.0
114,0,5,0.0,-13.432543209059,15,0.0,10,1.0,0.44999999999999996,15.681000000000001,45.303000000000004,0.34613601748228595,1.0
114,1,5,1.0,10.875,1,1.0,0,0.0,0.05,4.423,4.423,1.0,1.0
114,2,5,1.0,10.369651607826306,5,0.7729761114797612,0,0.0,0.3,36.168,27.957,1.293701040884215,1.0
114,3,5,0.0,-28.003293923286783,200,0.0,0,0.0,19.950000000000017,1682.5110000000013,69.61,24.170535842551377,1.0
114,4,5,0.0,-13.1032969109012,15,0.0,10,1.0,0.44999999999999996,27.82,39.17,0.7102374266019913,1.0
115,0,5,0.0,-22.815494880546083,200,0.0,0,0.0,10.000000000000007,1460.6000000000063,29.3,49.84982935153605,1.0
115,1,5,1.0,10.20171872724625,6,0.8206752315506423,0,0.0,0.44999999999999996,33.47,27.467999999999996,1.2185088102519297,1.0
115,2,5,0.0,-25.544916734856404,200,0.0,0,0.0,15.000000000000002,1999.2649999999958,45.217000000000006,44.21489705199362,1.0
115,3,5,0.0,-22.87624488940135,200,0.0,0,0.0,10.000000000000007,961.2000000000031,38.156,25.191319844847552,1.0
115,4,5,0.0,-28.041585768573317,200,0.0,0,0.0,20.000000000000014,1819.376000000009,60.26100000000001,30.191599873882094,1.0
116,0,5,1.0,10.753543743078627,2,1.0,0,0.0,0.1,11.739,11.739,1.0,1.0
116,1,5,0.0,-23.102419137725448,200,0.0,0,0.0,10.000000000000007,2451.0359999999946,52.001999999999995,47.133494865581994,1.0
116,2,5,1.0,10.257981818181818,6,0.7737662419778066,0,0.0,0.35000000000000003,31.631,24.475,1.2923799795709907,1.0
116,3,5,0.0,-25.871960070984883,200,0.0,0,0.0,15.000000000000004,2045.1459999999938,22.54,90.73407275953832,1.0
116,4,5,0.0,-23.38597514552344,200,0.0,0,0.0,10.150000000000011,818.8030000000017,54.115,15.130795528042164,1.0
117,0,5,0.0,-25.557220964089296,200,0.0,0,0.0,15.000000000000002,1117.6919999999989,58.729000000000006,19.031347375231977,1.0
117,1,5,0.0,-13.528295002211411,11,0.0,10,1.0,0.05,3.912,6.783,0.576735957540911,1.0
117,2,5,0.0,-14.33913802163156,21,0.0,10,1.0,1.0999999999999999,198.00399999999996,45.67400000000001,4.33515785786224,1.0
117,3,5,0.0,-12.823907716786,11,0.0,10,1.0,0.1,10.035,18.855,0.5322195704057279,1.0
117,4,5,0.0,-23.308645788897802,200,0.0,0,0.0,10.050000000000008,3129.733000000009,53.91699999999998,58.047239275182406,1.0
118,0,5,0.0,-25.50452797642585,200,0.0,0,0.0,15.000000000000004,1243.6849999999984,27.827,44.69346318323924,1.0
118,1,5,0.0,-13.255707365153933,12,0.0,10,1.0,0.15000000000000002,12.733,47.684,0.26702877275396364,1.0
118,2,5,0.0,-13.061372213125079,12,0.0,10,1.0,0.1,9.600999999999999,79.39,0.12093462652727043,1.0
118,3,5,1.0,10.728442509779857,2,1.0,0,0.0,0.15000000000000002,13.036999999999999,13.036999999999999,1.0,1.0
118,4,5,0.0,-22.763783115277004,200,0.0,0,0.0,10.000000000000007,963.8250000000031,30.726,31.368385081038962,1.0
119,0,5,0.0,-25.503950241676243,200,0.0,0,0.0,15.000000000000002,1004.1550000000028,40.757000000000005,24.637608263611224,1.0
119,1,5,0.0,-25.078381578537456,200,0.0,0,0.0,15.000000000000002,2101.8369999999945,32.093,65.49206992178962,1.0
119,2,5,0.0,-27.93113892868816,200,0.0,0,0.0,20.000000000000025,1216.999999999999,39.782999999999994,30.590955935952525,1.0
119,3,5,0.0,-27.859916304168348,200,0.0,0,0.0,20.00000000000003,303.5999999999992,18.161,16.7171411265899,1.0
119,4,5,1.0,10.755259664841546,2,0.8792122538293214,0,0.0,0.1,6.855,6.026999999999999,1.1373817819810854,1.0
120,0,5,0.0,-26.354700388669826,200,0.0,0,0.0,16.000000000000036,1072.4530000000002,35.763,29.987780667169986,1.0
120,1,5,0.0,-25.762620372173195,200,0.0,0,0.0,15.150000000000002,2992.9819999999927,71.902,41.62585185391217,1.0
120,2,5,1.0,10.314129857316333,5,0.6763513166675222,0,0.0,0.39999999999999997,38.961999999999996,26.352,1.4785215543412262,1.0
120,3,5,0.0,-28.200888088259312,200,0.0,0,0.0,19.750000000000014,1772.2209999999973,49.12800000000001,36.0735425826412,1.0
120,4,5,0.0,-24.850515468043376,200,0.0,0,0.0,15.000000000000004,2104.2029999999945,24.987000000000002,84.21191019330028,1.0
121,0,5,0.0,-25.420065746788346,200,0.0,0,0.0,15.000000000000004,735.0790000000003,46.23799999999999,15.897724815087166,1.0
121,1,5,0.0,-23.45231861572345,200,0.0,0,0.0,10.150000000000011,742.9510000000031,42.217,17.598384537034917,1.0
121,2,5,0.0,-26.035592209770478,200,0.0,0,0.0,15.000000000000004,1157.2370000000042,45.955000000000005,25.18196061364387,1.0
121,3,5,0.0,-25.580118681873618,200,0.0,0,0.0,15.000000000000002,2174.6729999999993,47.522,45.76139472244433,1.0
121,4,5,0.0,-26.07479538528516,200,0.0,0,0.0,15.050000000000002,839.4969999999979,36.752,22.842212668698245,1.0
122,0,5,0.0,-25.696593793251317,200,0.0,0,0.0,14.950000000000003,1602.2689999999993,51.299,31.23392268855142,1.0
122,1,5,0.0,-22.967209302325575,200,0.0,0,0.0,10.000000000000007,729.400000000002,12.9,56.54263565891488,1.0
122,2,5,0.0,-25.595362564667973,200,0.0,0,0.0,15.000000000000002,755.456,58.95499999999999,12.81411245865491,1.0
122,3,5,0.0,-23.40207240629392,200,0.0,0,0.0,10.000000000000007,764.2000000000033,7.817,97.76128949725,1.0
122,4,5,1.0,9.227983755055654,13,0.693993064012898,0,0.0,1.0500000000000003,86.21699999999998,59.83400000000001,1.4409365912357517,1.0
123,0,5,0.0,-28.156054409110315,200,0.0,0,0.0,20.000000000000014,1825.3410000000092,53.74099999999999,33.96551980796802,1.0
123,1,5,0.0,-26.237462410620825,200,0.0,0,0.0,15.000000000000002,1142.1209999999996,44.893,25.440959615084747,1.0
123,2,5,0.0,-25.401278793685073,200,0.0,0,0.0,15.000000000000002,1056.4269999999974,24.006999999999998,44.00495688757435,1.0
123,3,5,1.0,10.875,1,1.0,0,0.0,0.05,4.11,4.11,1.0,1.0
123,4,5,0.0,-22.81251510172514,200,0.0,0,0.0,10.050000000000008,865.4130000000024,20.693,41.82153385202737,1.0
124,0,5,0.0,-28.27903264812566,200,0.0,0,0.0,20.00000000000003,943.5849999999987,38.041999999999994,24.803769517901237,1.0
124,1,5,0.0,-23.223344041609227,200,0.0,0,0.0,10.000000000000007,2044.0000000000048,45.759,44.66880832186028,1.0
124,2,5,0.0,-24.19703784415861,200,0.0,0,0.0,13.350000000000012,1238.312000000001,9.407,131.6372913787606,1.0
124,3,5,0.0,-25.507333659273765,200,0.0,0,0.0,15.000000000000004,962.181000000004,44.998000000000005,21.38275034445984,1.0
124,4,5,1.0,9.909313663114364,8,0.9940794096978216,0,0.0,0.6500000000000001,56.92,56.583000000000006,1.0059558524645211,1.0
125,0,5,1.0,10.364603363617652,5,0.5099024002638641,0,0.0,0.35000000000000003,66.701,34.010999999999996,1.9611596248272618,1.0
125,1,5,0.0,-25.57354711958932,200,0.0,0,0.0,15.000000000000002,462.7599999999994,63.11599999999999,7.331896824893838,1.0
125,2,5,0.0,-25.187000694575932,200,0.0,0,0.0,14.950000000000003,626.6159999999967,31.674,19.783292290206376,1.0
125,3,5,0.0,-30.620402134553107,200,0.0,0,0.0,25.0,850.8109999999975,41.976000000000006,20.268987040213393,1.0
125,4,5,0.0,-25.644098837209306,200,0.0,0,0.0,15.000000000000002,1602.7279999999994,34.4,46.59093023255812,1.0
126,0,5,0.0,-12.9,10,0.0,10,1.0,0.0,0.0,44.661,0.0,1.0
126,1,5,0.0,-22.663448726892252,200,0.0,0,0.0,10.050000000000008,964.6000000000032,22.936000000000003,42.05615626090003,1.0
126,2,5,0.0,-26.190392487046683,200,0.0,0,0.0,14.850000000000003,601.601999999999,15.44,38.96386010362688,1.0
126,3,5,0.0,-12.9,10,0.0,10,1.0,0.0,0.0,45.288,0.0,1.0
126,4,5,0.0,-25.029247878255706,200,0.0,0,0.0,15.000000000000002,2081.5729999999944,30.753,67.68682730140131,1.0
127,0,5,0.0,-25.46286910110207,200,0.0,0,0.0,15.000000000000002,1108.8179999999977,26.043000000000003,42.57643128671803,1.0
127,1,5,1.0,10.082763592497919,7,0.6600379146919432,0,0.0,0.49999999999999994,52.75,34.817,1.5150644799954045,1.0
127,2,5,0.0,-25.620640394088674,200,0.0,0,0.0,15.000000000000004,482.2499999999988,16.24,29.695197044334904,1.0
127,3,5,0.0,-22.799302160606448,200,0.0,0,0.0,10.050000000000008,970.4570000000032,24.669,39.33913008228964,1.0
127,4,5,0.0,-24.27809904153359,200,0.0,0,0.0,13.350000000000012,1347.6689999999974,18.154,74.23537512393948,1.0
128,0,5,0.0,-25.03748206438426,200,0.0,0,0.0,13.400000000000013,1017.8710000000016,48.925000000000004,20.804721512519194,1.0
128,1,5,1.0,10.608166223725537,3,1.0,0,0.0,0.2,12.417000000000002,12.417000000000002,1.0,1.0
128,2,5,0.0,-25.34355241657289,200,0.0,0,0.0,15.000000000000002,1163.7560000000014,55.077999999999996,21.129234903228177,1.0
128,3,5,0.0,-25.42554156171281,200,0.0,0,0.0,15.000000000000002,1345.4000000000017,39.699999999999996,33.88916876574312,1.0
128,4,5,0.0,-23.0827303681634,200,0.0,0,0.0,10.000000000000007,940.0019999999987,37.592,25.005373483719907,1.0
129,0,5,0.0,-32.1434034380875,200,0.0,0,0.0,26.700000000000024,2597.7450000000085,37.23,69.77558420628549,1.0
129,1,5,1.0,10.03714727839728,7,0.8375811302833623,0,0.0,0.6000000000000001,50.536,42.328,1.193914193914194,1.0
129,2,5,1.0,9.553224308300395,10,0.685532354485258,0,0.0,1.0000000000000002,59.04900000000001,40.480000000000004,1.4587203557312254,1.0
129,3,5,0.0,-22.90675268452106,200,0.0,0,0.0,10.000000000000007,1349.6279999999952,23.561,57.282288527651424,1.0
129,4,5,0.0,-32.974722365279355,200,0.0,0,0.0,29.800000000000004,1415.0720000000028,42.718,33.12589540708841,1.0
130,0,5,0.0,-13.509019849804321,14,0.0,10,1.0,0.3,17.378,56.726,0.3063498219511335,1.0
130,1,5,0.0,-25.542013260179914,200,0.0,0,0.0,15.000000000000004,617.200000000002,73.45299999999999,8.402652035995835,1.0
130,2,5,0.0,-26.031584896938604,200,0.0,0,0.0,15.000000000000004,1012.1130000000035,47.592999999999996,21.266005505011314,1.0
130,3,5,1.0,10.341409343826758,4,0.9751674243535221,0,0.0,0.5499999999999999,20.457,19.949,1.0254649355857437,1.0
130,4,5,0.0,-28.002602083527144,200,0.0,0,0.0,20.000000000000014,2253.5000000000077,43.004000000000005,52.40210213003459,1.0
131,0,5,0.0,-13.579320844502002,16,0.0,10,1.0,0.4,26.003,33.203,0.7831521248079992,1.0
131,1,5,0.0,-25.511556779418346,200,0.0,0,0.0,15.050000000000002,1996.1549999999959,38.403,51.97914225451126,1.0
131,2,5,0.0,-13.803648080484505,16,0.0,10,1.0,0.45,27.646,39.958,0.6918764702938085,1.0
131,3,5,0.0,-25.57113143671667,200,0.0,0,0.0,15.000000000000002,1354.5999999999983,33.674,40.22688127338595,1.0
131,4,5,0.0,-23.120131004366826,200,0.0,0,0.0,10.050000000000008,969.0570000000032,32.06,30.22635683094208,1.0
132,0,5,0.0,-25.435466931178297,200,0.0,0,0.0,15.000000000000004,1599.9829999999995,34.277,46.67803483385359,1.0
132,1,5,0.0,-26.487575066619076,200,0.0,0,0.0,16.699999999999996,1234.2930000000028,36.400999999999996,33.90821680723065,1.0
132,2,5,0.0,-25.63638410336728,200,0.0,0,0.0,15.150000000000002,2971.8190000000045,61.29600000000001,48.48308209344825,1.0
132,3,5,0.0,-23.077662138717656,200,0.0,0,0.0,10.050000000000008,970.5960000000032,54.182,17.91362445092472,1.0
132,4,5,0.0,-25.612278311895846,200,0.0,0,0.0,15.000000000000002,857.1999999999956,38.172999999999995,22.45566237916841,1.0
133,0,5,0.0,-25.50345637268712,200,0.0,0,0.0,15.000000000000004,1354.3659999999984,53.23500000000001,25.441269841269808,1.0
133,1,5,0.0,-25.418017918979864,200,0.0,0,0.0,15.000000000000004,627.0470000000006,36.385999999999996,17.23319408563735,1.0
133,2,5,0.0,-23.092362518560876,200,0.0,0,0.0,10.000000000000007,806.6770000000017,38.387,21.014327767212905,1.0
133,3,5,1.0,10.317848971962617,5,0.7385830250151858,0,0.0,0.4,36.218,26.75,1.353943925233645,1.0
133,4,5,0.0,-26.16001109793933,200,0.0,0,0.0,14.950000000000003,919.307,79.29400000000001,11.593651474260346,1.0
134,0,5,0.0,-13.212340617794302,13,0.0,10,1.0,0.35,19.039,48.139,0.39550052971603067,1.0
134,1,5,0.0,-25.638904676122067,200,0.0,0,0.0,15.000000000000002,1131.8549999999998,39.413,28.7178088447974,1.0
134,2,5,0.0,-25.347543641190722,200,0.0,0,0.0,15.000000000000004,1297.8000000000031,42.562999999999995,30.491271761858968,1.0
134,3,5,0.0,-24.72279426252118,200,0.0,0,0.0,13.350000000000012,833.277000000001,50.754000000000005,16.417957205343438,1.0
134,4,5,0.0,-12.811034611553788,13,0.0,10,1.0,0.25,27.417,24.096000000000004,1.1378237051792828,1.0
135,0,5,0.0,-23.073621948150077,200,0.0,0,0.0,10.000000000000007,963.8250000000031,31.784,30.324219733199193,1.0
135,1,5,1.0,10.329785184856421,5,0.3735555002901434,0,0.0,0.39999999999999997,60.315,22.531,2.67697838533576,1.0
135,2,5,0.0,-23.00584834496738,200,0.0,0,0.0,10.000000000000007,815.5570000000002,53.29200000000001,15.303554004353376,1.0
135,3,5,0.0,-22.800771892467353,200,0.0,0,0.0,10.000000000000007,898.1999999999975,22.541999999999998,39.845621506521056,1.0
135,4,5,0.0,-26.163210251542512,200,0.0,0,0.0,15.000000000000002,1006.6570000000028,10.535,95.55358329378289,1.0
136,0,5,0.0,-25.459805365498916,200,0.0,0,0.0,15.000000000000004,1025.2050000000024,53.639,19.113052070322013,1.0
136,1,5,0.0,-25.443922633543018,200,0.0,0,0.0,15.000000000000002,1598.9189999999994,57.079,28.01238634173688,1.0
136,2,5,0.0,-23.071920145283404,200,0.0,0,0.0,10.000000000000007,566.6180000000021,39.096000000000004,14.492991610394977,1.0
136,3,5,0.0,-22.927306967985018,200,0.0,0,0.0,10.000000000000007,809.7710000000017,39.825,20.3332328939109,1.0
136,4,5,0.0,-27.92169917479372,200,0.0,0,0.0,20.000000000000014,3796.7650000000144,31.991999999999997,118.67857589397396,1.0
137,0,5,0.0,-27.973165331083834,200,0.0,0,0.0,20.000000000000014,1686.1930000000013,56.904,29.632240264304816,1.0
137,1,5,1.0,10.755038449707781,2,1.0,0,0.0,0.1,9.753,9.753,1.0,1.0
137,2,5,1.0,10.152701808313257,7,0.9402926778460577,0,0.0,0.35,38.404,36.111000000000004,1.0634986569189444,1.0
137,3,5,0.0,-23.06744296891389,200,0.0,0,0.0,10.000000000000007,1223.4920000000006,33.358999999999995,36.67651908030819,1.0
137,4,5,0.0,-23.071376143149003,200,0.0,0,0.0,10.000000000000007,1482.3670000000047,50.409,29.406792437858414,1.0
138,0,5,0.0,-25.864783649370995,200,0.0,0,0.0,15.000000000000004,1171.7670000000046,37.601,31.163187149278066,1.0
138,1,5,0.0,-25.12779701725963,200,0.0,0,0.0,15.000000000000002,1599.2389999999994,17.903,89.32798972239287,1.0
138,2,5,1.0,9.06729197064396,14,0.5939824336735352,0,0.0,1.2,77.30700000000002,45.919,1.6835514710686212,1.0
138,3,5,0.0,-23.697167313497157,200,0.0,0,0.0,10.20000000000001,1127.3859999999984,46.38,24.307589478223335,1.0
138,4,5,0.0,-22.982563338300974,200,0.0,0,0.0,10.000000000000007,1481.092999999996,40.26,36.788201689021264,1.0
139,0,5,0.0,-28.039406493881785,200,0.0,0,0.0,20.000000000000014,1825.3410000000092,51.895,35.17373542730531,1.0
139,1,5,0.0,-24.77918330876117,200,0.0,0,0.0,15.000000000000002,2101.6089999999945,22.383000000000003,93.89308850466847,1.0
139,2,5,0.0,-25.116656104773956,200,0.0,0,0.0,15.000000000000002,1451.8000000000025,18.936,76.66877904520503,1.0
139,3,5,0.0,-25.598594326568247,200,0.0,0,0.0,15.000000000000004,876.1999999999961,34.688,25.25945571955708,1.0
139,4,5,0.0,-25.346951302687092,200,0.0,0,0.0,15.000000000000004,1109.7339999999979,29.323999999999998,37.84388214431858,1.0
140,0,5,0.0,-26.153997294416694,200,0.0,0,0.0,14.950000000000003,898.5589999999959,48.788000000000004,18.417623186029264,1.0
140,1,5,0.0,-28.12991083359654,200,0.0,0,0.0,20.000000000000014,1688.4000000000012,41.159,41.02140479603492,1.0
140,2,5,0.0,-26.597305358448843,200,0.0,0,0.0,16.600000000000055,709.6880000000007,50.59299999999999,14.027395094183007,1.0
140,3,5,0.0,-24.143232705744325,200,0.0,0,0.0,15.000000000000002,2092.4719999999943,18.749,111.60445890447461,1.0
140,4,5,0.0,-25.725220285882187,200,0.0,0,0.0,15.000000000000002,940.8519999999969,25.535000000000004,36.84558449187377,1.0
141,0,5,0.0,-25.897486580823056,200,0.0,0,0.0,16.000000000000036,1074.0400000000002,34.093,31.50324113454375,1.0
141,1,5,0.0,-26.297576823621476,200,0.0,0,0.0,15.250000000000004,1028.6870000000024,49.887,20.620341972858707,1.0
141,2,5,0.0,-26.33558231598302,200,0.0,0,0.0,15.000000000000004,1059.8030000000028,39.154,27.067553762067803,1.0
141,3,5,1.0,9.507196274298057,11,0.5078378501896622,0,0.0,0.9,43.76200000000001,22.224,1.9691324694024481,1.0
141,4,5,0.0,-25.554973722294193,200,0.0,0,0.0,15.000000000000004,783.9480000000034,52.516000000000005,14.927793434381966,1.0
142,0,5,0.0,-25.580288917636903,200,0.0,0,0.0,15.000000000000004,1039.5999999999976,41.742000000000004,24.9053710890709,1.0
142,1,5,0.0,-13.541449723680094,15,0.0,10,1.0,0.5,38.287000000000006,28.771,1.3307497132529285,1.0
142,2,5,1.0,10.370716591349257,4,0.8610870907967884,0,0.0,0.5,16.189999999999998,13.941,1.1613227171651959,1.0
142,3,5,0.0,-26.040234459060702,200,0.0,0,0.0,15.050000000000002,733.2919999999981,28.811,25.45180660164514,1.0
142,4,5,0.0,-25.56069315300091,200,0.0,0,0.0,15.000000000000004,587.1849999999998,23.66,24.817624683009292,1.0
143,0,5,0.0,-23.123100517819093,200,0.0,0,0.0,10.050000000000008,897.8579999999976,32.83,27.348705452330112,1.0
143,1,5,0.0,-28.17254822446293,200,0.0,0,0.0,20.000000000000025,821.4049999999994,45.62,18.005370451556324,1.0
143,2,5,0.0,-25.62042972931638,200,0.0,0,0.0,15.000000000000002,884.7140000000028,32.695,27.05961156140091,1.0
143,3,5,1.0,9.643329746177825,10,0.8414281922782695,0,0.0,0.8000000000000002,64.05300000000001,53.89600000000001,1.1884555440106872,1.0
143,4,5,0.0,-22.61641135994638,200,0.0,0,0.0,10.000000000000007,2021.6700000000046,38.803,52.1008684895499,1.0
144,0,5,0.0,-27.817218682904503,200,0.0,0,0.0,20.000000000000014,1685.9340000000013,28.410999999999998,59.34088909225305,1.0
144,1,5,0.0,-28.01063140415536,200,0.0,0,0.0,20.000000000000014,1826.000000000009,49.382000000000005,36.9770361670246,1.0
144,2,5,1.0,10.32459988452656,5,0.7080369552775733,0,0.0,0.39999999999999997,24.462000000000003,17.32,1.4123556581986145,1.0
144,3,5,0.0,-27.906585317773253,200,0.0,0,0.0,20.000000000000014,2260.6000000000076,50.728,44.5631603847975,1.0
144,4,5,0.0,-25.57171465276199,200,0.0,0,0.0,15.000000000000004,955.0619999999983,39.699000000000005,24.057583314441125,1.0
145,0,5,0.0,-25.62827761207325,200,0.0,0,0.0,15.000000000000002,1687.1999999999955,44.926,37.55509059342019,1.0
145,1,5,0.0,-25.617315097596542,200,0.0,0,0.0,15.000000000000004,938.6589999999986,15.062,62.319678661532244,1.0
145,2,5,0.0,-22.4763615763547,200,0.0,0,0.0,10.000000000000007,966.6140000000031,20.3,47.61645320197059,1.0
145,3,5,1.0,10.256129801253548,6,0.4189653237571541,0,0.0,0.35,44.555,18.667,2.38683237799325,1.0
145,4,5,0.0,-26.47826480196007,200,0.0,0,0.0,15.250000000000004,1352.237000000002,48.98,27.6079420171499,1.0
146,0,5,0.0,-13.821812056372803,13,0.0,10,1.0,0.25,29.991999999999997,9.721,3.085279292253883,1.0
146,1,5,0.0,-25.505531686358726,200,0.0,0,0.0,15.000000000000004,985.150999999997,33.516,29.393453872777094,1.0
146,2,5,0.0,-22.724006924914484,200,0.0,0,0.0,10.050000000000008,961.9890000000031,33.068999999999996,29.090356527261278,1.0
146,3,5,0.0,-13.001722236716237,13,0.0,10,1.0,0.2,24.045,57.495000000000005,0.4182102791547091,1.0
146,4,5,0.0,-25.437688415864926,200,0.0,0,0.0,15.000000000000004,1603.4999999999993,38.147,42.034760269483826,1.0
147,0,5,1.0,10.578728799935696,3,0.8519774011299435,0,0.0,0.25,29.205,24.881999999999998,1.1737400530503979,1.0
147,1,5,0.0,-27.983502182356908,200,0.0,0,0.0,20.000000000000014,1820.896000000009,49.946000000000005,36.457293877387755,1.0
147,2,5,1.0,10.642409219034985,3,0.37302078179119247,0,0.0,0.15000000000000002,32.336,12.062,2.680815785110264,1.0
147,3,5,1.0,10.77799844539448,2,0.2084075814028835,0,0.0,0.1,12.346,2.573,4.798289933929266,1.0
147,4,5,0.0,-25.088376082894495,200,0.0,0,0.0,14.950000000000003,1119.740999999998,35.321999999999996,31.70095124851362,1.0
148,0,5,0.0,-22.883313447082678,200,0.0,0,0.0,10.050000000000008,2361.375000000005,33.524,70.43834267987128,1.0
148,1,5,0.0,-23.082118508450826,200,0.0,0,0.0,10.000000000000007,749.1999999999978,45.617,16.423701690159323,1.0
148,2,5,1.0,10.731388389416903,2,1.0,0,0.0,0.15000000000000002,23.358,23.358,1.0,1.0
148,3,5,0.0,-25.57426335603398,200,0.0,0,0.0,15.000000000000002,2043.007999999994,47.282000000000004,43.20900131128111,1.0
148,4,5,0.0,-23.1330350422854,200,0.0,0,0.0,10.000000000000007,1735.2229999999972,49.426,35.10749403148135,1.0
149,0,5,1.0,10.102638532975256,7,0.9710935478091219,0,0.0,0.45,50.231,48.779,1.0297669078906906,1.0
149,1,5,0.0,-25.81626851566968,200,0.0,0,0.0,15.050000000000002,1996.1549999999959,22.750999999999998,87.7392202540546,1.0
149,2,5,0.0,-27.96097422616843,200,0.0,0,0.0,20.000000000000014,1822.2840000000092,48.653999999999996,37.453940066592864,1.0
149,3,5,0.0,-25.463373530527065,200,0.0,0,0.0,15.000000000000002,936.358000000003,26.369999999999997,35.50845657944646,1.0
149,4,5,0.0,-23.173203683792327,200,0.0,0,0.0,10.000000000000007,1663.999999999998,42.782,38.89486232527694,1.0
150,0,5,0.0,-28.124140571297605,200,0.0,0,0.0,19.950000000000017,1140.9490000000021,52.37199999999999,21.785476972428057,1.0
150,1,5,0.0,-26.1744899421,200,0.0,0,0.0,15.000000000000002,1042.126999999998,16.753,62.205396048468806,1.0
150,2,5,0.0,-25.45772868022426,200,0.0,0,0.0,15.000000000000004,1603.4999999999993,59.745000000000005,26.839066030630164,1.0
150,3,5,0.0,-23.196170920527432,200,0.0,0,0.0,10.050000000000008,968.4570000000034,49.602,19.524555461473398,1.0
150,4,5,0.0,-23.314572770785283,200,0.0,0,0.0,10.050000000000008,970.5960000000032,67.69200000000001,14.338415174614475,1.0
151,0,5,0.0,-25.763541389118842,200,0.0,0,0.0,15.050000000000002,1999.6629999999957,55.546,36.00012602167565,1.0
151,1,5,0.0,-27.85417113446278,200,0.0,0,0.0,20.000000000000014,1821.6300000000092,32.641,55.80803284213135,1.0
151,2,5,0.0,-25.56680372081667,200,0.0,0,0.0,15.000000000000002,1604.7679999999993,49.129000000000005,32.66437338435546,1.0
151,3,5,0.0,-25.600525352694625,200,0.0,0,0.0,15.000000000000004,1688.2350000000006,16.941,99.65379847706751,1.0
151,4,5,0.0,-25.492917786594894,200,0.0,0,0.0,15.000000000000002,936.358000000003,70.31700000000001,13.316239316239358,1.0
152,0,5,0.0,-25.315344722236368,200,0.0,0,0.0,15.000000000000002,1344.2420000000036,39.278000000000006,34.223789398645636,1.0
152,1,5,0.0,-26.185691305324667,200,0.0,0,0.0,15.050000000000002,837.1230000000028,44.51,18.807526398562185,1.0
152,2,5,0.0,-28.058708604483144,200,0.0,0,0.0,20.000000000000014,2260.6000000000076,55.32,40.86406362979045,1.0
152,3,5,0.0,-25.565165351721923,200,0.0,0,0.0,15.000000000000004,2088.005999999994,48.291000000000004,43.23799465738945,1.0
152,4,5,0.0,-25.173701634745612,200,0.0,0,0.0,15.050000000000002,1038.6899999999973,41.352000000000004,25.11825304701096,1.0
153,0,5,0.0,-23.681591636038537,200,0.0,0,0.0,10.150000000000011,985.5090000000042,50.335,19.579000695341296,1.0
153,1,5,0.0,-12.874681525540048,12,0.0,10,1.0,0.1,17.616,61.198,0.28785254420079087,1.0
153,2,5,0.0,-25.54710212724052,200,0.0,0,0.0,15.000000000000004,1025.7090000000026,40.61600000000001,25.25381623005718,1.0
153,3,5,0.0,-25.47192478225057,200,0.0,0,0.0,15.000000000000002,1037.6899999999973,57.06100000000001,18.18562590911476,1.0
153,4,5,0.0,-12.919342415509563,12,0.0,10,1.0,0.1,17.024,57.254999999999995,0.29733647716356654,1.0
154,0,5,0.0,-25.756523078276945,200,0.0,0,0.0,15.000000000000004,1166.0000000000014,22.726999999999997,51.304615655387934,1.0
154,1,5,0.0,-25.831064586002903,200,0.0,0,0.0,15.000000000000002,978.6350000000042,65.55600000000001,14.9282293001404,1.0
154,2,5,0.0,-25.480210816555104,200,0.0,0,0.0,15.000000000000004,1025.6950000000024,34.817,29.45960306746711,1.0
154,3,5,0.0,-23.13513194870934,200,0.0,0,0.0,10.050000000000008,688.865999999997,53.733000000000004,12.820166378203282,1.0
154,4,5,0.0,-32.903687362117836,200,0.0,0,0.0,30.000000000000007,1421.2820000000029,38.076,37.327502888958996,1.0
155,0,5,0.0,-30.974057472945308,200,0.0,3,0.0,19.500000000000007,1681.7300000000075,27.352,61.484717753729434,1.0
155,1,5,0.0,-26.250174539078657,200,0.0,0,0.0,15.100000000000003,903.3199999999979,37.642,23.997662185856168,1.0
155,2,5,0.0,-28.122259797338636,200,0.0,3,0.0,14.800000000000002,1322.0100000000014,8.191,161.3978757172508,1.0
155,3,5,0.0,-25.592467307900108,200,0.0,0,0.0,15.000000000000004,811.0230000000012,46.265,17.529947044201904,1.0
155,4,5,1.0,9.757495511669658,9,0.6351903874502822,0,0.0,0.75,71.906,45.674,1.5743311293077025,1.0
156,0,5,0.0,-13.090067885060954,16,0.0,10,1.0,0.55,56.595,46.181,1.2255039951495204,1.0
156,1,5,0.0,-22.944492673258033,200,0.0,0,0.0,10.050000000000008,964.6000000000032,42.379000000000005,22.761273272139576,1.0
156,2,5,0.0,-12.975797743339239,12,0.0,10,1.0,0.15000000000000002,15.279,58.138999999999996,0.2628012177712035,1.0
156,3,5,0.0,-13.066304197143534,12,0.0,10,1.0,0.15000000000000002,11.756,54.82299999999999,0.21443554712438212,1.0
156,4,5,1.0,10.707700092772201,2,0.9012617816965643,0,0.0,0.2,13.156,11.857000000000001,1.1095555368136965,1.0
157,0,5,0.0,-21.93468593663139,200,0.0,0,0.0,10.000000000000007,960.2520000000031,3.598,266.88493607559843,1.0
157,1,5,0.0,-23.137988826815615,200,0.0,0,0.0,10.000000000000007,2118.5860000000084,32.22,65.75375543140933,1.0
157,2,5,0.0,-30.66410835655947,200,0.0,0,0.0,24.85,502.52200000000056,40.901999999999994,12.286000684563117,1.0
157,3,5,1.0,10.63548481255131,3,0.822615742477677,0,0.0,0.15000000000000002,26.654,21.926000000000002,1.215634406640518,1.0
157,4,5,0.0,-13.337036169659118,14,0.0,10,1.0,0.30000000000000004,25.02,42.272999999999996,0.5918671492441985,1.0
158,0,5,0.0,-25.51461869901689,200,0.0,0,0.0,15.000000000000004,1353.7869999999984,47.81,28.315979920518686,1.0
158,1,5,0.0,-25.40235500252435,200,0.0,0,0.0,15.000000000000002,1037.6899999999973,33.673,30.816678050663654,1.0
158,2,5,0.0,-25.540429507904996,200,0.0,0,0.0,15.000000000000004,1344.7830000000015,33.713,39.88915255242789,1.0
158,3,5,1.0,10.082296315772176,7,0.8376786058420285,0,0.0,0.49999999999999994,36.323,30.427,1.1937752653892924,1.0
158,4,5,1.0,9.642452554744525,10,0.7015884037843937,0,0.0,0.8,57.605,40.415,1.4253371273042186,1.0
159,0,5,0.0,-28.086893739913325,200,0.0,0,0.0,20.000000000000014,1825.3410000000092,70.63799999999999,25.84077975027619,1.0
159,1,5,0.0,-25.706289797307146,200,0.0,0,0.0,15.000000000000002,2002.8659999999957,41.146,48.67705244738239,1.0
159,2,5,1.0,10.370335189490188,5,0.8601255521971635,0,0.0,0.3,21.505,18.497,1.162620965561983,1.0
159,3,5,0.0,-24.468914403417735,200,0.0,0,0.0,15.150000000000002,1031.0160000000024,13.108,78.65547757094922,1.0
159,4,5,1.0,10.37250808927238,5,0.9405384315255559,0,0.0,0.3,25.63,24.105999999999998,1.0632207749108107,1.0
160,0,5,0.0,-25.90287674904839,200,0.0,0,0.0,15.000000000000004,891.7309999999987,37.306,23.90315230793971,1.0
160,1,5,0.0,-25.6807460082226,200,0.0,0,0.0,15.000000000000002,422.9820000000011,41.836,10.110479013290016,1.0
160,2,5,0.0,-25.54219434880873,200,0.0,0,0.0,15.000000000000002,1041.0929999999976,65.933,15.790165774346647,1.0
160,3,5,0.0,-23.2155987089833,200,0.0,0,0.0,10.000000000000007,3159.171000000009,55.77,56.64642280796143,1.0
160,4,5,0.0,-24.69084200260085,200,0.0,0,0.0,15.050000000000002,1995.144999999996,9.228,216.2055700043342,1.0
161,0,5,0.0,-25.62531511367648,200,0.0,0,0.0,15.000000000000002,2004.3999999999958,42.44499999999999,47.22346566144413,1.0
161,1,5,0.0,-25.50196622610774,200,0.0,0,0.0,15.000000000000004,1107.3809999999978,48.498999999999995,22.83306872306641,1.0
161,2,5,0.0,-25.75868398171893,200,0.0,0,0.0,15.000000000000002,968.0820000000041,44.855,21.58247686991426,1.0
161,3,5,0.0,-25.48229974824031,200,0.0,0,0.0,15.000000000000004,1025.6950000000024,38.926,26.349868982171362,1.0
161,4,5,0.0,-33.102093384938854,200,0.0,0,0.0,29.800000000000004,1425.3020000000029,56.583,25.189579909160045,1.0
162,0,5,0.0,-26.090460093896723,200,0.0,0,0.0,15.000000000000002,2010.0989999999958,26.625,75.49667605633788,1.0
162,1,5,0.0,-25.5927660225165,200,0.0,0,0.0,14.900000000000002,892.6150000000048,52.317,17.0616625571039,1.0
162,2,5,0.0,-25.630013042060583,200,0.0,0,0.0,15.000000000000004,2093.0909999999944,36.804,56.87129116400376,1.0
162,3,5,1.0,10.01740800062505,8,0.689192827526789,0,0.0,0.44999999999999996,37.142,25.598,1.4509727322447068,1.0
162,4,5,0.0,-25.5936401233448,200,0.0,0,0.0,15.000000000000004,1342.1010000000015,27.565,48.6885906040269,1.0
163,0,5,0.0,-25.437772952105192,200,0.0,0,0.0,15.000000000000004,1296.454999999999,41.445,31.281336711304114,1.0
163,1,5,0.0,-25.595261383796622,200,0.0,0,0.0,14.950000000000003,1350.6549999999984,25.365,53.24876798738413,1.0
163,2,5,0.0,-23.138171302756888,200,0.0,0,0.0,10.050000000000008,785.0650000000014,64.494,12.172682730176472,1.0
163,3,5,1.0,10.85,1,1.0,0,0.0,0.1,6.271,6.271,1.0,1.0
163,4,5,0.0,-26.08745995454673,200,0.0,0,0.0,15.050000000000002,924.2140000000031,36.521,25.30637167656973,1.0
164,0,5,0.0,-25.640368311327272,200,0.0,0,0.0,15.150000000000002,2971.8190000000045,57.56,51.62993398193198,1.0
164,1,5,0.0,-27.8701599814515,200,0.0,0,0.0,20.000000000000014,1822.4700000000091,43.129999999999995,42.25527475075375,1.0
164,2,5,0.0,-26.447797664955708,200,0.0,0,0.0,15.200000000000003,586.016999999998,37.601,15.585144012127284,1.0
164,3,5,0.0,-25.797919312316626,200,0.0,0,0.0,15.000000000000004,1026.843999999996,53.861999999999995,19.06434963425042,1.0
164,4,5,0.0,-25.622446929712407,200,0.0,0,0.0,15.000000000000004,1027.4920000000025,43.009,23.890162524122914,1.0
165,0,5,0.0,-14.12413569269074,13,0.0,10,1.0,0.2,25.287,22.492,1.124266405833185,1.0
165,1,5,0.0,-28.220841901978247,200,0.0,0,0.0,19.850000000000016,1334.6419999999987,38.318,34.83068009812617,1.0
165,2,5,0.0,-23.395508766268716,200,0.0,0,0.0,10.000000000000007,945.9459999999992,18.594,50.87372270624928,1.0
165,3,5,0.0,-13.231088334678988,13,0.0,10,1.0,0.25,23.339,33.441,0.6979157321850422,1.0
165,4,5,0.0,-25.614033991502147,200,0.0,0,0.0,15.000000000000002,1355.1269999999984,64.016,21.168567233191673,1.0
166,0,5,0.0,-25.688857142857135,200,0.0,0,0.0,15.000000000000002,1110.799999999998,24.5,45.338775510203995,1.0
166,1,5,0.0,-32.819921749264616,200,0.0,0,0.0,30.000000000000007,1415.8340000000028,36.038,39.287252344747294,1.0
166,2,5,0.0,-25.569763870224676,200,0.0,0,0.0,15.000000000000004,620.1190000000006,26.044999999999998,23.809521981186432,1.0
166,3,5,0.0,-25.259590312199006,200,0.0,0,0.0,15.000000000000002,2046.7999999999938,42.569,48.08193756019624,1.0
166,4,5,0.0,-31.40973307430273,200,0.0,0,0.0,26.600000000000026,2605.662000000009,37.576,69.34378326591465,1.0
167,0,5,0.0,-25.46984910040619,200,0.0,0,0.0,15.000000000000004,1833.599999999991,34.46,53.2095182820659,1.0
167,1,5,0.0,-13.191855466916941,11,0.0,10,1.0,0.1,6.105,31.965,0.19099014547160958,1.0
167,2,5,0.0,-27.04540226426446,200,0.0,0,0.0,16.649999999999995,1064.5419999999995,53.17399999999999,20.019972166848454,1.0
167,3,5,0.0,-13.050713013572437,11,0.0,10,1.0,0.1,1.827,32.566,0.05610145550574218,1.0
167,4,5,1.0,10.0796434224212,7,0.583156423476048,0,0.0,0.49999999999999994,75.83899999999998,44.226,1.7148057703613255,1.0
168,0,5,0.0,-25.5856126811183,200,0.0,0,0.0,15.000000000000004,963.7060000000041,52.86600000000001,18.229221049445844,1.0
168,1,5,0.0,-25.589847571559314,200,0.0,0,0.0,15.000000000000004,955.0619999999983,31.687,30.140499258370888,1.0
168,2,5,0.0,-25.76789838337186,200,0.0,0,0.0,15.000000000000002,2005.2819999999958,40.702,49.267407007026584,1.0
168,3,5,1.0,10.23326526902569,6,0.6883980896369059,0,0.0,0.4,47.949,33.007999999999996,1.4526478429471645,1.0
168,4,5,0.0,-26.257382412217215,200,0.0,0,0.0,15.150000000000004,729.8210000000018,35.229,20.716483578869735,1.0
169,0,5,1.0,10.560763639548123,3,1.0,0,0.0,0.30000000000000004,11.419,11.419,1.0,1.0
169,1,5,1.0,10.609900431756103,3,0.7779681930353715,0,0.0,0.2,14.588000000000001,11.349,1.2853995946779453,1.0
169,2,5,0.0,-25.79898797949442,200,0.0,0,0.0,15.000000000000002,2101.8369999999945,45.256,46.443278239349354,1.0
169,3,5,0.0,-23.348491552465926,200,0.0,0,0.0,10.000000000000007,1688.683999999999,70.19800000000001,24.056012991823113,1.0
169,4,5,0.0,-26.087289914057813,200,0.0,0,0.0,14.950000000000003,893.451,55.037,16.233642822101498,1.0
170,0,5,0.0,-25.317290249433054,200,0.0,0,0.0,15.000000000000004,1028.4220000000025,35.28,29.150283446712088,1.0
170,1,5,1.0,10.727779184247538,2,1.0,0,0.0,0.15000000000000002,7.11,7.11,1.0,1.0
170,2,5,1.0,10.704550282977797,2,1.0,0,0.0,0.2,11.485,11.485,1.0,1.0
170,3,5,0.0,-25.56353062274841,200,0.0,0,0.0,15.000000000000004,1108.3319999999978,48.575,22.816922285126047,1.0
170,4,5,0.0,-25.471488818510814,200,0.0,0,0.0,15.05,1102.6260000000023,30.944000000000003,35.632949844881146,1.0
171,0,5,0.0,-22.859158972483854,200,0.0,0,0.0,10.050000000000008,961.9890000000031,43.756,21.985304872474703,1.0
171,1,5,0.0,-23.26205825765739,200,0.0,0,0.0,10.050000000000008,971.4850000000032,51.976,18.691030475604187,1.0
171,2,5,1.0,10.629604867532763,3,0.7548066629555088,0,0.0,0.15000000000000002,23.353,17.627,1.324842571055767,1.0
171,3,5,0.0,-23.36589534994147,200,0.0,0,0.0,10.000000000000007,1902.8549999999927,31.591,60.234085657307226,1.0
171,4,5,0.0,-25.96572456320658,200,0.0,0,0.0,15.000000000000004,561.3709999999976,63.245,8.876132500592895,1.0
172,0,5,0.0,-25.437892628512326,200,0.0,0,0.0,15.000000000000004,1997.7519999999959,52.174,38.29018284969517,1.0
172,1,5,0.0,-23.356430650811596,200,0.0,0,0.0,10.100000000000009,3135.620000000009,40.534,77.35777372082718,1.0
172,2,5,0.0,-28.752461302942667,200,0.0,0,0.0,19.950000000000017,1697.6539999999966,58.790000000000006,28.876577649260017,1.0
172,3,5,0.0,-25.575245261453574,200,0.0,0,0.0,15.000000000000004,775.1910000000023,10.499,73.83474616630177,1.0
172,4,5,1.0,9.466019881475818,11,0.543325283685181,0,0.0,1.0,77.02199999999999,41.848,1.8405180653794684,1.0
173,0,5,0.0,-24.922994471397892,200,0.0,0,0.0,15.000000000000002,1022.8000000000022,8.863,115.40110572041095,1.0
173,1,5,1.0,10.875,1,1.0,0,0.0,0.05,3.438,3.438,1.0,1.0
173,2,5,0.0,-25.522536852715195,200,0.0,0,0.0,15.000000000000002,885.2000000000028,63.496,13.941035655789385,1.0
173,3,5,0.0,-25.488998262883605,200,0.0,0,0.0,15.000000000000004,2097.3099999999945,39.721000000000004,52.80103723471198,1.0
173,4,5,0.0,-30.366500015090715,200,0.0,0,0.0,24.8,2019.9939999999913,66.26600000000002,30.48311351220823,1.0
174,0,5,0.0,-25.477756868648747,200,0.0,0,0.0,15.000000000000002,1039.5999999999976,53.14000000000001,19.563417388031567,1.0
174,1,5,0.0,-25.629512793550592,200,0.0,0,0.0,15.000000000000004,1345.4000000000017,22.823999999999998,58.94672274798466,1.0
174,2,5,1.0,10.607398451992578,3,0.8116822429906543,0,0.0,0.2,19.259999999999998,15.633,1.2320092112838226,1.0
174,3,5,1.0,10.390998092177929,4,0.8023363544813694,0,0.0,0.45,49.650000000000006,39.836,1.246360076312883,1.0
174,4,5,0.0,-27.576218058836137,200,0.0,0,0.0,20.05000000000002,1679.3580000000013,37.256,45.076175649559836,1.0
175,0,5,0.0,-28.308214947498392,200,0.0,0,0.0,20.000000000000014,1820.7490000000091,8.095,224.92266831377503,1.0
175,1,5,0.0,-28.136367753623198,200,0.0,0,0.0,20.000000000000014,1686.0520000000013,44.160000000000004,38.18052536231887,1.0
175,2,5,0.0,-25.933565879716255,200,0.0,0,0.0,15.000000000000004,2175.7849999999994,59.342999999999996,36.66456026827089,1.0
175,3,5,0.0,-23.48243920014411,200,0.0,0,0.0,10.100000000000009,779.8919999999995,49.959,15.610640725394813,1.0
175,4,5,0.0,-23.293744432274522,200,0.0,0,0.0,10.15000000000001,432.83899999999915,54.78,7.9014056224899445,1.0
176,0,5,0.0,-23.119576064908706,200,0.0,0,0.0,10.000000000000007,1735.7719999999972,59.160000000000004,29.34029749830962,1.0
176,1,5,0.0,-26.307943326046477,200,0.0,0,0.0,15.050000000000002,1218.8029999999987,30.648999999999997,39.76648504029492,1.0
176,2,5,0.0,-25.503821970163973,200,0.0,0,0.0,15.000000000000002,1600.1529999999993,48.666,32.88030657954217,1.0
176,3,5,0.0,-25.825617466637926,200,0.0,0,0.0,15.050000000000002,822.3189999999988,37.168,22.124381188118782,1.0
176,4,5,0.0,-26.150916943927232,200,0.0,0,0.0,15.000000000000002,1414.2719999999997,32.760999999999996,43.16937822410793,1.0
177,0,5,0.0,-23.118879905617916,200,0.0,0,0.0,10.000000000000007,1370.400000000002,57.638,23.77598112356435,1.0
177,1,5,0.0,-26.990912554493143,200,0.0,0,0.0,17.500000000000032,865.1840000000007,27.297,31.695204601238256,1.0
177,2,5,1.0,10.301409631646841,5,0.6007749712973594,0,0.0,0.44999999999999996,34.84,20.931,1.6645167454971097,1.0
177,3,5,1.0,10.729971897482015,2,0.9735171810024075,0,0.0,0.15000000000000002,9.138,8.895999999999999,1.0272032374100721,1.0
177,4,5,1.0,9.648711406856098,10,0.5044625101420684,0,0.0,0.8,62.857,31.708999999999996,1.9823078621211645,1.0
178,0,5,1.0,10.612298156057923,3,0.7345423936333026,0,0.0,0.2,13.068000000000001,9.599,1.3613918116470467,1.0
178,1,5,0.0,-22.81834125678059,200,0.0,0,0.0,10.250000000000012,974.8560000000035,16.407,59.417078076431004,1.0
178,2,5,1.0,10.493990621915103,4,0.9021150278293136,0,0.0,0.25,13.475,12.156,1.1085060875287922,1.0
178,3,5,1.0,9.817950239104936,9,0.627851973544449,0,0.0,0.6499999999999999,70.60900000000001,44.332,1.5927321122439775,1.0
178,4,5,0.0,-26.1030395144071,200,0.0,0,0.0,15.000000000000004,769.5530000000025,41.681,18.462920755260253,1.0
179,0,5,0.0,-26.37164308176107,200,0.0,0,0.0,14.950000000000003,1602.3969999999995,22.896,69.98589273235497,1.0
179,1,5,0.0,-25.615319921953944,200,0.0,0,0.0,15.000000000000004,1342.1010000000015,29.726,45.149061427706435,1.0
179,2,5,0.0,-25.48836686741496,200,0.0,0,0.0,15.000000000000004,1109.7339999999979,43.836,25.31558536362802,1.0
179,3,5,1.0,10.510907980456027,4,0.7165049959886224,0,0.0,0.2,13.710999999999999,9.824,1.3956636807817588,1.0
179,4,5,0.0,-23.00386594475768,200,0.0,0,0.0,10.000000000000007,721.6499999999991,49.129,14.688880294734252,1.0
180,0,5,0.0,-25.711867475332724,200,0.0,0,0.0,15.000000000000004,885.4550000000028,22.093999999999998,40.07671766090354,1.0
180,1,5,0.0,-26.090637495391857,200,0.0,0,0.0,15.000000000000004,1067.0399999999977,35.263,30.25947877378549,1.0
180,2,5,1.0,10.441527421706127,4,0.8481708876950627,0,0.0,0.35000000000000003,23.454,19.893,1.17900769114764,1.0
180,3,5,0.0,-25.449885501448357,200,0.0,0,0.0,15.000000000000004,2088.322999999994,36.245,57.61685749758571,1.0
180,4,5,0.0,-25.663261468680002,200,0.0,0,0.0,15.050000000000002,1025.5830000000024,52.25100000000001,19.62800711948101,1.0
181,0,5,1.0,10.242381423401689,6,0.5906241094328868,0,0.0,0.35000000000000003,35.09,20.725,1.693124246079614,1.0
181,1,5,0.0,-25.99527885618514,200,0.0,0,0.0,15.000000000000004,374.24799999999937,58.471000000000004,6.400574643840525,1.0
181,2,5,1.0,10.875,1,1.0,0,0.0,0.05,8.58,8.58,1.0,1.0
181,3,5,1.0,10.60968631948192,3,1.0,0,0.0,0.2,14.824,14.824,1.0,1.0
181,4,5,1.0,9.973388442338607,7,0.9439040362898717,0,0.0,0.7,62.60699999999999,59.09499999999999,1.0594297317877994,1.0
182,0,5,0.0,-23.333620840248045,200,0.0,0,0.0,10.100000000000009,1129.0450000000035,45.796,24.653790724080782,1.0
182,1,5,0.0,-23.61928741581623,200,0.0,0,0.0,10.100000000000009,1089.2969999999996,34.003,32.03532041290473,1.0
182,2,5,0.0,-25.86556159514295,200,0.0,0,0.0,15.050000000000002,2116.3579999999947,77.08400000000002,27.455217684603735,1.0
182,3,5,0.0,-24.655352516654336,200,0.0,0,0.0,12.500000000000014,698.4289999999986,43.232000000000006,16.155371021465548,1.0
182,4,5,0.0,-23.006941657253016,200,0.0,0,0.0,10.050000000000008,1073.3760000000052,15.049,71.32540368130807,1.0
183,0,5,1.0,10.727393663713988,2,1.0,0,0.0,0.15000000000000002,25.061999999999998,25.061999999999998,1.0,1.0
183,1,5,0.0,-27.149766812095706,200,0.0,0,0.0,20.000000000000014,2260.6000000000076,13.294,170.04663758086411,1.0
183,2,5,1.0,10.454667831132689,4,0.42643605605352863,0,0.0,0.35,39.605,16.889,2.3450174669903485,1.0
183,3,5,0.0,-25.066095792949653,200,0.0,0,0.0,15.000000000000002,2094.0319999999942,37.247,56.22015195854684,1.0
183,4,5,0.0,-26.210275073705244,200,0.0,0,0.0,15.050000000000002,549.9470000000008,53.93099999999999,10.197233502067473,1.0
184,0,5,1.0,10.383177861055058,5,0.35159021344738817,0,0.0,0.30000000000000004,49.333,17.345,2.84422023637936,1.0
184,1,5,0.0,-25.535176022585528,200,0.0,0,0.0,15.000000000000002,1997.8439999999898,76.15500000000003,26.23391766791398,1.0
184,2,5,0.0,-25.246706002331,200,0.0,0,0.0,15.000000000000002,555.0220000000013,27.456000000000003,20.214962121212167,1.0
184,3,5,1.0,10.246192662269525,5,0.9083760276420826,0,0.0,0.55,58.751000000000005,53.367999999999995,1.1008656873032532,1.0
184,4,5,0.0,-25.5964453386989,200,0.0,0,0.0,15.000000000000002,653.9999999999982,14.91,43.863179074446556,1.0
185,0,5,0.0,-23.21128240270737,200,0.0,0,0.0,10.050000000000008,662.5020000000003,59.1,11.209847715736045,1.0
185,1,5,0.0,-22.925157908445637,200,0.0,0,0.0,10.100000000000009,687.1659999999976,15.357,44.74610926613255,1.0
185,2,5,0.0,-25.54873632447673,200,0.0,0,0.0,15.000000000000004,964.373000000004,52.466,18.380913353409905,1.0
185,3,5,1.0,10.421859369336717,4,0.736568110525262,0,0.0,0.39999999999999997,14.983,11.036000000000001,1.3576476984414643,1.0
185,4,5,1.0,10.605127539070816,3,0.7880465787442531,0,0.0,0.2,29.799,23.482999999999997,1.2689605246348423,1.0
186,0,5,0.0,-28.13690887124614,200,0.0,0,0.0,20.000000000000014,2252.996000000008,23.176,97.21246116672454,1.0
186,1,5,0.0,-23.108592990939336,200,0.0,0,0.0,10.000000000000007,2038.5860000000046,44.257000000000005,46.0624533972028,1.0
186,2,5,0.0,-25.640870711572916,200,0.0,0,0.0,15.000000000000004,1109.7339999999979,31.859,34.832668947550076,1.0
186,3,5,0.0,-28.053650621957757,200,0.0,0,0.0,20.000000000000014,1679.4370000000013,49.923,33.640546441519966,1.0
186,4,5,0.0,-22.93884017177292,200,0.0,0,0.0,10.000000000000007,751.4399999999987,55.422000000000004,13.558514669264888,1.0
187,0,5,0.0,-23.300575339486027,200,0.0,0,0.0,10.050000000000008,843.5749999999999,32.181000000000004,26.213448929492554,1.0
187,1,5,0.0,-22.99343257443081,200,0.0,0,0.0,10.000000000000007,806.6000000000017,45.67999999999999,17.657618213660285,1.0
187,2,5,0.0,-25.491723641597705,200,0.0,0,0.0,15.000000000000004,1598.8569999999993,38.906000000000006,41.095383745437694,1.0
187,3,5,0.0,-25.439952830989004,200,0.0,0,0.0,15.000000000000004,1025.2050000000024,58.937000000000005,17.39493017968343,1.0
187,4,5,0.0,-25.521197165274618,200,0.0,0,0.0,15.000000000000002,526.2490000000007,15.803999999999998,33.298468742090655,1.0
188,0,5,1.0,10.464466631167909,4,0.8889239507731146,0,0.0,0.3,12.676,11.268,1.1249556265530707,1.0
188,1,5,0.0,-23.739448976508843,200,0.0,0,0.0,10.100000000000009,899.0599999999966,26.478,33.954981494070424,1.0
188,2,5,0.0,-24.215776820022874,200,0.0,0,0.0,12.550000000000015,966.0720000000015,28.886999999999997,33.4431405130336,1.0
188,3,5,0.0,-23.432339085026737,200,0.0,0,0.0,10.050000000000008,485.69500000000033,26.427,18.37874143868015,1.0
188,4,5,0.0,-26.123460432803647,200,0.0,0,0.0,15.000000000000004,1015.0290000000028,50.092000000000006,20.263295536213423,1.0
189,0,5,0.0,-27.94677146234696,200,0.0,0,0.0,20.000000000000014,1821.578000000009,31.299,58.199239592319536,1.0
189,1,5,0.0,-13.430421059589516,14,0.0,10,1.0,0.2,13.606,30.257,0.449681065538553,1.0
189,2,5,0.0,-25.559022492812453,200,0.0,0,0.0,15.000000000000004,1023.4110000000026,29.565,34.615626585489686,1.0
189,3,5,0.0,-25.67807893485499,200,0.0,0,0.0,15.000000000000004,604.1999999999995,16.824,35.91298145506416,1.0
189,4,5,0.0,-13.524020050648774,14,0.0,10,1.0,0.4,29.990000000000002,38.303000000000004,0.7829673915881262,1.0
190,0,5,0.0,-12.9576204368413,12,0.0,10,1.0,0.15000000000000002,13.689,32.735,0.41817626393768137,1.0
190,1,5,0.0,-25.552324651080163,200,0.0,0,0.0,15.000000000000004,1221.4200000000048,56.245000000000005,21.716063650102317,1.0
190,2,5,0.0,-13.292327953103673,12,0.0,10,1.0,0.1,11.417,62.265,0.18336143901068017,1.0
190,3,5,0.0,-25.609652493152833,200,0.0,0,0.0,15.000000000000004,2215.2000000000035,51.480999999999995,43.02946718206724,1.0
190,4,5,1.0,9.733261301325506,9,0.8870038105815446,0,0.0,0.8,52.223,46.322,1.1273908725875392,1.0
191,0,5,0.0,-28.142671557608306,200,0.0,0,0.0,20.05000000000002,1690.9009999999967,24.467000000000002,69.10945354967902,1.0
191,1,5,0.0,-27.841306679079963,200,0.0,0,0.0,19.900000000000013,1676.5080000000014,58.001999999999995,28.904313644357117,1.0
191,2,5,0.0,-25.40239707147113,200,0.0,0,0.0,15.000000000000002,885.2000000000028,45.346999999999994,19.52058570577994,1.0
191,3,5,0.0,-26.161194801358747,200,0.0,0,0.0,15.100000000000003,795.4459999999985,54.168000000000006,14.684795451188865,1.0
191,4,5,0.0,-28.08806963645683,200,0.0,0,0.0,20.000000000000014,1826.000000000009,41.013,44.52246848560235,1.0
192,0,5,1.0,10.494276936267504,4,0.7136810973433276,0,0.0,0.25,19.611,13.995999999999999,1.4011860531580453,1.0
192,1,5,1.0,10.092341586235836,7,0.4163318075404452,0,0.0,0.5,28.619,11.915000000000001,2.401930339907679,1.0
192,2,5,0.0,-28.602349344105793,200,0.0,0,0.0,19.750000000000014,1681.4999999999966,45.053,37.322708809624146,1.0
192,3,5,1.0,10.588059546615582,3,0.7692024313869958,0,0.0,0.25,16.287,12.528,1.3000478927203063,1.0
192,4,5,0.0,-25.388105353673634,200,0.0,0,0.0,15.000000000000002,1109.944999999998,31.399,35.34969266537144,1.0
193,0,5,1.0,10.097656583376795,6,0.8883600446475581,0,0.0,0.65,47.483,42.182,1.1256697169408751,1.0
193,1,5,1.0,9.367361532899494,12,0.7490019496796955,0,0.0,0.9500000000000001,64.62599999999999,48.404999999999994,1.3351100092965602,1.0
193,2,5,0.0,-13.020249968623189,11,0.0,10,1.0,0.05,5.134,47.806,0.1073923775258336,1.0
193,3,5,0.0,-25.586464702978517,200,0.0,0,0.0,15.000000000000004,1344.7830000000015,60.769999999999996,22.12906039164064,1.0
193,4,5,0.0,-13.096608096999589,11,0.0,10,1.0,0.1,5.955,48.66000000000001,0.12237977805178789,1.0
194,0,5,0.0,-27.92454896085692,200,0.0,0,0.0,20.000000000000014,1679.4370000000013,31.372,53.53299120234608,1.0
194,1,5,0.0,-25.630179991628275,200,0.0,0,0.0,15.000000000000004,1025.7090000000026,31.057000000000002,33.02666065621285,1.0
194,2,5,0.0,-23.130181142917262,200,0.0,0,0.0,10.000000000000007,1486.2000000000048,57.081999999999994,26.036228583441453,1.0
194,3,5,0.0,-23.106342374533032,200,0.0,0,0.0,10.000000000000007,1047.6000000000058,49.256,21.26847490661048,1.0
194,4,5,0.0,-25.521122128291996,200,0.0,0,0.0,15.000000000000002,2698.407999999992,41.04699999999999,65.73946938874931,1.0
195,0,5,0.0,-23.796133574329378,200,0.0,0,0.0,10.150000000000011,515.207999999998,44.814,11.496585888338421,1.0
195,1,5,1.0,10.407234441186054,4,0.46477113542573734,0,0.0,0.44999999999999996,26.413,12.276,2.1515966112740306,1.0
195,2,5,0.0,-23.027011334076523,200,0.0,0,0.0,10.000000000000007,934.7999999999971,43.056,21.71125975473795,1.0
195,3,5,0.0,-28.077343868712916,200,0.0,0,0.0,20.000000000000014,1821.6300000000092,46.06700000000001,39.543056851976665,1.0
195,4,5,0.0,-31.50924004044488,200,0.0,0,0.0,26.500000000000025,2594.4660000000085,74.175,34.97763397371094,1.0
196,0,5,0.0,-13.066372859025032,11,0.0,10,1.0,0.1,3.907,7.59,0.5147562582345191,1.0
196,1,5,0.0,-25.355862269923755,200,0.0,0,0.0,15.000000000000002,1595.3239999999994,20.591,77.47676169200133,1.0
196,2,5,0.0,-25.58229185534012,200,0.0,0,0.0,15.000000000000002,936.358000000003,49.689,18.844371993801506,1.0
196,3,5,0.0,-13.085718221362976,11,0.0,10,1.0,0.05,4.11,51.724999999999994,0.07945867568873853,1.0
196,4,5,0.0,-25.78379378762992,200,0.0,0,0.0,15.200000000000003,1110.0049999999978,58.464,18.98612821565404,1.0
197,0,5,0.0,-28.297871580414814,200,0.0,0,0.0,19.90000000000003,944.6049999999987,34.434,27.432334320729474,1.0
197,1,5,1.0,10.225880847953217,6,0.7773003302674102,0,0.0,0.39999999999999997,28.159,21.888,1.2865040204678362,1.0
197,2,5,0.0,-23.622216810863524,200,0.0,0,0.0,10.050000000000008,986.5860000000049,34.90599999999999,28.264080673809808,1.0
197,3,5,1.0,10.224232947895699,6,0.5400192132672668,0,0.0,0.39999999999999997,39.556,21.361,1.8517859650765411,1.0
197,4,5,0.0,-22.85877065887379,200,0.0,0,0.0,10.000000000000007,1150.1999999999966,40.721000000000004,28.245868225239963,1.0
198,0,5,0.0,-25.48812215917112,200,0.0,0,0.0,15.050000000000002,1986.4089999999958,35.42100000000001,56.07998080234876,1.0
198,1,5,0.0,-12.983397938645195,11,0.0,10,1.0,0.05,5.091,57.632000000000005,0.08833634092171015,1.0
198,2,5,0.0,-25.687364328527494,200,0.0,0,0.0,15.000000000000002,1603.5539999999994,30.865000000000002,51.953798801231144,1.0
198,3,5,0.0,-25.384194719058954,200,0.0,0,0.0,15.000000000000004,1110.799999999998,39.955,27.801276435990438,1.0
198,4,5,0.0,-12.933313856940767,11,0.0,10,1.0,0.1,4.495,16.259,0.2764622670520942,1.0
199,0,5,0.0,-25.548071012763554,200,0.0,0,0.0,15.000000000000004,1688.3880000000006,55.314,30.523701052174868,1.0
199,1,5,1.0,10.064685447632215,7,0.5305985205110962,0,0.0,0.55,32.714,17.358,1.8846641318124207,1.0
199,2,5,0.0,-25.353095788451856,200,0.0,0,0.0,15.000000000000004,1115.1409999999978,43.262,25.7764550876057,1.0
199,3,5,0.0,-23.06755434325067,200,0.0,0,0.0,10.000000000000007,1733.2859999999973,59.391000000000005,29.18432085669541,1.0
199,4,5,0.0,-25.559697279751553,200,0.0,0,0.0,15.000000000000004,910.6249999999986,56.68600000000001,16.064372155382255,1.0
