scenario_id,robot_id,robots,success,reward,steps,spl,collisions,deadlock,cumulative_risk,path_length,shortest_path_length,detour,disruption_applied
0,0,5,0.0,-25.587348282795123,200,0.0,0,0.0,15.000000000000002,729.6039999999981,48.742,14.96869229822326,0.0
0,1,5,0.0,-25.444504237858162,200,0.0,0,0.0,15.000000000000004,525.873999999998,59.464,8.843569218350565,0.0
0,2,5,0.0,-25.44526888155533,200,0.0,0,0.0,15.000000000000002,1598.9189999999994,58.483000000000004,27.33989364430688,0.0
0,3,5,0.0,-23.628090596698627,200,0.0,0,0.0,10.250000000000012,1030.1519999999946,62.27600000000001,16.541717515575733,0.0
0,4,5,1.0,9.731328958162427,10,0.6636722471757178,0,0.0,0.65,73.47,48.75999999999999,1.5067678424938478,0.0
1,0,5,0.0,-13.015634138394494,13,0.0,10,1.0,0.2,14.162,49.105999999999995,0.2883965299556063,0.0
1,1,5,0.0,-25.457927281274223,200,0.0,0,0.0,15.000000000000002,884.6000000000003,55.309,15.993780397403683,0.0
1,2,5,1.0,10.006731936350736,8,0.753372307272355,0,0.0,0.44999999999999996,43.961,33.119,1.327364956671397,0.0
1,3,5,0.0,-25.70107208666028,200,0.0,0,0.0,16.250000000000018,1178.7499999999982,35.818,32.909431012340114,0.0
1,4,5,0.0,-13.09858915468011,13,0.0,10,1.0,0.25,46.05,51.376999999999995,0.8963154719037701,0.0
2,0,5,0.0,-23.100638579837884,200,0.0,0,0.0,10.000000000000007,1223.4920000000006,32.447,37.707399759607995,0.0
2,1,5,1.0,9.437975619173699,12,0.6019623794265601,0,0.0,0.8500000000000001,60.233000000000004,36.257999999999996,1.66123338297755,0.0
2,2,5,1.0,10.498252152735496,4,0.5212876898662435,0,0.0,0.25,22.055,11.497,1.9183265199617292,0.0
2,3,5,0.0,-13.85908808728778,20,0.0,10,1.0,0.85,42.84199999999999,42.526,1.0074307482481302,0.0
2,4,5,1.0,10.007141844390619,7,0.8097105955513034,0,0.0,0.6499999999999999,41.81,33.854,1.2350091569681574,0.0
3,0,5,0.0,-13.05878667474258,13,0.0,10,1.0,0.2,15.864,41.275,0.38434887946698976,0.0
3,1,5,1.0,10.223226482554555,6,0.9288113596457744,0,0.0,0.39999999999999997,26.198,24.333,1.0766448855463775,0.0
3,2,5,1.0,9.489843138336,12,0.6720975332583964,0,0.0,0.7500000000000002,80.957,54.410999999999994,1.4878792891143335,0.0
3,3,5,0.0,-12.825650041069634,13,0.0,10,1.0,0.25,25.287,43.828,0.5769599342885826,0.0
3,4,5,0.0,-27.973239117131843,200,0.0,0,0.0,20.05000000000002,1218.4890000000055,47.391000000000005,25.71140089890497,0.0
4,0,5,0.0,-25.663710924242956,200,0.0,0,0.0,15.000000000000002,885.8680000000028,26.519,33.40503035559421,0.0
4,1,5,1.0,10.634474755182499,3,0.7578795180722891,0,0.0,0.15000000000000002,10.375,7.863,1.3194709398448428,0.0
4,2,5,0.0,-32.89359495674487,200,0.0,0,0.0,30.000000000000004,1417.7940000000028,36.643,38.692083071800965,0.0
4,3,5,0.0,-23.148254498416808,200,0.0,0,0.0,10.050000000000008,959.8049999999979,51.79600000000001,18.530484979535057,0.0
4,4,5,1.0,10.148801540552787,6,1.0,0,0.0,0.55,30.898,30.898,1.0,0.0
5,0,5,0.0,-23.14897945742512,200,0.0,0,0.0,10.000000000000007,698.5470000000014,63.77000000000001,10.954163399717755,0.0
5,1,5,0.0,-23.09208152218479,200,0.0,0,0.0,10.000000000000007,950.7359999999992,48.772,19.49347986549658,0.0
5,2,5,0.0,-12.899999999999999,10,0.0,10,1.0,0.0,0.0,9.157,0.0,0.0
5,3,5,0.0,-12.899999999999999,10,0.0,10,1.0,0.0,0.0,10.358,0.0,0.0
5,4,5,0.0,-24.1176204882558,200,0.0,0,0.0,12.500000000000016,952.4499999999992,47.598000000000006,20.010294550191166,0.0
6,0,5,1.0,9.467075866818456,11,0.7529843796300216,0,0.0,0.9500000000000001,94.492,71.15100000000001,1.3280487976275805,0.0
6,1,5,1.0,10.026103043680298,7,0.5487696034680607,0,0.0,0.65,31.372000000000003,17.216,1.8222583643122678,0.0
6,2,5,0.0,-25.55480183562792,200,0.0,0,0.0,15.000000000000004,559.8870000000026,59.925,9.343128911138967,0.0
6,3,5,0.0,-25.56688125121523,200,0.0,0,0.0,15.000000000000004,802.0809999999977,46.291,17.326931800997986,0.0
6,4,5,0.0,-25.61226136519702,200,0.0,0,0.0,15.000000000000004,1007.1110000000028,58.248,17.29005287735206,0.0
7,0,5,0.0,-23.501393141696543,200,0.0,0,0.0,10.050000000000008,642.4989999999967,51.208,12.546848148726697,0.0
7,1,5,1.0,9.663837192544197,10,0.8866361409860505,0,0.0,0.7500000000000001,46.955,41.632,1.127858378170638,0.0
7,2,5,0.0,-25.4549175425104,200,0.0,0,0.0,15.000000000000002,801.6229999999978,58.51500000000001,13.69944458685803,0.0
7,3,5,0.0,-26.411692050050547,200,0.0,0,0.0,16.699999999999996,731.5590000000021,31.648,23.11548913043485,0.0
7,4,5,0.0,-25.59211076384043,200,0.0,0,0.0,15.000000000000002,1110.799999999998,50.233,22.112953636055938,0.0
8,0,5,0.0,-23.16370339528369,200,0.0,0,0.0,10.050000000000008,711.9419999999975,52.838,13.474052765055404,0.0
8,1,5,0.0,-23.450262412342273,200,0.0,0,0.0,10.15000000000001,860.0980000000027,71.3,12.063085553997233,0.0
8,2,5,1.0,10.241909799061697,5,1.0,0,0.0,0.55,33.891,33.891,1.0,0.0
8,3,5,0.0,-25.503979470983037,200,0.0,0,0.0,15.000000000000002,495.1379999999985,63.325,7.81899723647846,0.0
8,4,5,0.0,-25.845523971149724,200,0.0,0,0.0,15.000000000000004,1343.8069999999984,51.854,25.91520422725341,0.0
9,0,5,0.0,-28.973249001331652,200,0.0,0,0.0,22.500000000000025,2072.0450000000046,37.550000000000004,55.18095872170451,0.0
9,1,5,1.0,10.009232938114517,7,0.9133650290544111,0,0.0,0.65,30.288,27.664,1.0948525159051474,0.0
9,2,5,1.0,9.927034319434739,8,0.8845618915159944,0,0.0,0.6000000000000001,58.239,51.516,1.130503144654088,0.0
9,3,5,1.0,9.98698987805147,8,0.7769686793228702,0,0.0,0.5,58.364,45.346999999999994,1.287053167795003,0.0
9,4,5,1.0,10.119670289614952,6,0.8698334005879979,0,0.0,0.6000000000000001,34.694,30.178,1.1496454370733649,0.0
10,0,5,0.0,-25.54961174607246,200,0.0,0,0.0,15.050000000000002,1028.0640000000024,46.721999999999994,22.003852574804213,0.0
10,1,5,0.0,-23.046897837810526,200,0.0,0,0.0,10.000000000000007,623.5980000000021,39.682,15.714883322413238,0.0
10,2,5,1.0,10.37638635649167,5,0.6737979241686084,0,0.0,0.3,28.326,19.086000000000002,1.484124489154354,0.0
10,3,5,1.0,9.952587476536555,8,0.9704570400990215,0,0.0,0.55,42.819,41.554,1.030442316022525,0.0
10,4,5,0.0,-27.214357781426735,200,0.0,0,0.0,17.6,1540.8820000000014,54.81,28.113154533844213,0.0
11,0,5,0.0,-24.88876936585363,200,0.0,0,0.0,13.300000000000013,1235.6350000000014,51.25,24.109951219512222,0.0
11,1,5,1.0,9.668473007490745,10,0.6992935415245052,0,0.0,0.7500000000000001,49.826,34.842999999999996,1.430014637086359,0.0
11,2,5,1.0,10.21971038441468,6,0.9474551597220314,0,0.0,0.39999999999999997,36.407000000000004,34.494,1.0554589203919524,0.0
11,3,5,1.0,8.846448856335131,16,0.8681634360619158,0,0.0,1.2500000000000002,71.71000000000001,62.25599999999999,1.151856849139039,0.0
11,4,5,1.0,9.354219052263677,12,0.8147358383110604,0,0.0,1.05,75.503,61.51499999999999,1.227391693082988,0.0
12,0,5,1.0,9.858237772702212,8,0.6969289458517441,0,0.0,0.7500000000000001,36.437,25.394,1.4348665038985586,0.0
12,1,5,0.0,-25.145523669692096,200,0.0,0,0.0,13.350000000000014,1027.957,44.952000000000005,22.8678812956042,0.0
12,2,5,1.0,9.977733035779973,8,0.9321096303746543,0,0.0,0.5,43.74700000000001,40.77700000000001,1.0728351766927433,0.0
12,3,5,1.0,10.108431835711531,7,0.804748419133336,0,0.0,0.44999999999999996,51.553999999999995,41.488,1.242624373312765,0.0
12,4,5,0.0,-27.91079338099281,200,0.0,0,0.0,19.650000000000023,879.0319999999966,40.006,21.97250412438126,0.0
13,0,5,1.0,10.345825446568474,5,0.9951350339923907,0,0.0,0.35,16.033,15.955,1.0048887496082732,0.0
13,1,5,0.0,-25.71273317614696,200,0.0,0,0.0,14.950000000000003,1127.8099999999997,50.894999999999996,22.159544159544154,0.0
13,2,5,0.0,-23.435010337206776,200,0.0,0,0.0,10.050000000000008,1107.7209999999989,28.054000000000002,39.485314037213904,0.0
13,3,5,1.0,10.754926453143534,2,1.0,0,0.0,0.1,8.43,8.43,1.0,0.0
13,4,5,1.0,9.847472205029458,9,0.6689925928197893,0,0.0,0.6,65.20700000000001,43.623000000000005,1.4947848611970749,0.0
14,0,5,0.0,-25.819959663398016,200,0.0,0,0.0,15.050000000000002,562.4130000000025,28.758000000000003,19.556749426246697,0.0
14,1,5,0.0,-25.710762331838552,200,0.0,0,0.0,15.000000000000004,1290.4559999999944,28.990000000000002,44.513832355984626,0.0
14,2,5,0.0,-25.437532671197147,200,0.0,0,0.0,15.000000000000002,1039.5999999999976,45.912000000000006,22.643317651158682,0.0
14,3,5,0.0,-25.40719754366368,200,0.0,0,0.0,15.050000000000002,1084.8209999999972,25.078,43.25787542866246,0.0
14,4,5,0.0,-23.091382643198706,200,0.0,0,0.0,10.000000000000007,898.1999999999975,49.145,18.276528639739496,0.0
15,0,5,0.0,-22.84962481913933,200,0.0,0,0.0,10.000000000000007,2038.4610000000046,29.719,68.59117063158264,0.0
15,1,5,0.0,-25.617136861739358,200,0.0,0,0.0,15.000000000000004,938.814000000003,42.89,21.888878526463117,0.0
15,2,5,0.0,-23.07904001765477,200,0.0,0,0.0,10.050000000000008,822.0199999999976,47.57899999999999,17.276949914878365,0.0
15,3,5,0.0,-22.898429118048217,200,0.0,0,0.0,10.000000000000007,686.392000000003,52.792,13.001818457342079,0.0
15,4,5,0.0,-25.594970500420214,200,0.0,0,0.0,14.950000000000003,1602.3969999999995,55.93299999999999,28.64850803640069,0.0
16,0,5,0.0,-13.363060408037253,15,0.0,10,1.0,0.45,31.246,38.86899999999999,0.8038796984743627,0.0
16,1,5,1.0,10.160297772459499,6,0.7369420702754035,0,0.0,0.55,29.484,21.727999999999998,1.3569587628865982,0.0
16,2,5,0.0,-24.13978043339712,200,0.0,0,0.0,13.300000000000013,748.7289999999981,31.38,23.86007010834921,0.0
16,3,5,0.0,-13.356462348467614,15,0.0,10,1.0,0.30000000000000004,23.233,30.769000000000002,0.7550781630862231,0.0
16,4,5,1.0,9.973157380669273,8,0.9531287946247876,0,0.0,0.5,49.412,47.096000000000004,1.0491761508408357,0.0
17,0,5,0.0,-22.952045806990355,200,0.0,0,0.0,10.000000000000007,411.19999999999936,41.915,9.81033043063341,0.0
17,1,5,1.0,9.466059261236612,11,0.9193649819771452,0,0.0,0.9500000000000001,65.19500000000001,59.93799999999999,1.0877072975407924,0.0
17,2,5,1.0,9.684147276381493,10,0.8588180863747176,0,0.0,0.7000000000000001,56.197,48.263000000000005,1.1643909413007894,0.0
17,3,5,0.0,-25.88392427365196,200,0.0,0,0.0,14.950000000000003,945.0119999999969,60.164,15.707266804068826,0.0
17,4,5,0.0,-23.030171938111042,200,0.0,0,0.0,10.000000000000007,502.5999999999981,45.306999999999995,11.09320855496939,0.0
18,0,5,0.0,-23.00066597541104,200,0.0,0,0.0,10.000000000000007,1069.0240000000006,33.755,31.670093319508236,0.0
18,1,5,1.0,10.384188391099444,5,0.45650871459694997,0,0.0,0.3,36.72,16.763,2.1905386863926504,0.0
18,2,5,1.0,10.563852971359267,3,0.7016429927341756,0,0.0,0.30000000000000004,15.277,10.719000000000001,1.4252262337904653,0.0
18,3,5,1.0,10.328036407097546,5,0.9946595460614152,0,0.0,0.4,54.67700000000001,54.385000000000005,1.0053691275167786,0.0
18,4,5,0.0,-23.033885184907728,200,0.0,0,0.0,10.000000000000007,271.4000000000002,40.047,6.777036981546688,0.0
19,0,5,0.0,-23.052075440788027,200,0.0,0,0.0,10.000000000000007,508.6000000000011,48.83299999999999,10.41508815759837,0.0
19,1,5,1.0,10.050244011023954,6,0.7392953419848285,0,0.0,0.75,31.902,23.585,1.3526393894424422,0.0
19,2,5,0.0,-26.258223693007153,200,0.0,0,0.0,14.950000000000003,477.8040000000004,22.437,21.29536034229177,0.0
19,3,5,0.0,-23.22617117314522,200,0.0,0,0.0,10.000000000000007,1104.2380000000019,22.819,48.39116525702274,0.0
19,4,5,1.0,9.980502528118873,8,0.8263365830088395,0,0.0,0.5,35.183,29.073,1.2101606301379286,0.0
20,0,5,1.0,10.753912980734542,2,1.0,0,0.0,0.1,13.859,13.859,1.0,0.0
20,1,5,1.0,10.85,1,1.0,0,0.0,0.1,6.889,6.889,1.0,0.0
20,2,5,0.0,-23.087619788680502,200,0.0,0,0.0,10.000000000000007,806.8460000000017,48.836,16.521541485789207,0.0
20,3,5,0.0,-23.55402485229299,200,0.0,0,0.0,10.050000000000008,665.4489999999984,53.315,12.481459251617714,0.0
20,4,5,0.0,-23.168911948614422,200,0.0,0,0.0,10.100000000000009,1113.834000000003,41.101,27.09992457604445,0.0
21,0,5,1.0,10.294755238202331,5,0.9509195893926433,0,0.0,0.45,28.055999999999997,26.679,1.0516136286967277,0.0
21,1,5,0.0,-23.531182517722584,200,0.0,0,0.0,10.100000000000009,1042.8020000000017,49.513000000000005,21.061175852806365,0.0
21,2,5,0.0,-22.926458461082948,200,0.0,0,0.0,10.000000000000007,807.8420000000017,47.293,17.081639989004753,0.0
21,3,5,1.0,10.367033657033657,5,1.0,0,0.0,0.3,25.641,25.641,1.0,0.0
21,4,5,0.0,-23.258953310371165,200,0.0,0,0.0,10.15000000000001,479.1909999999984,49.647,9.651962857775866,0.0
22,0,5,1.0,10.640599954070503,3,0.635461510397665,0,0.0,0.15000000000000002,13.705000000000002,8.709,1.5736594327706972,0.0
22,1,5,0.0,-23.275364555700193,200,0.0,0,0.0,10.20000000000001,1045.5069999999967,62.199,16.809064454412397,0.0
22,2,5,1.0,9.890104019904674,8,0.9350281694088627,0,0.0,0.7000000000000001,35.677,33.358999999999995,1.0694864953985432,0.0
22,3,5,1.0,10.219863906013726,6,0.761155707708653,0,0.0,0.4,33.884,25.791,1.3137916327401031,0.0
22,4,5,0.0,-23.040596774502895,200,0.0,0,0.0,10.000000000000007,1185.3999999999999,52.147,22.731892534565745,0.0
23,0,5,0.0,-12.9,10,0.0,10,1.0,0.0,0.0,58.491,0.0,0.0
23,1,5,0.0,-12.9,10,0.0,10,1.0,0.0,0.0,38.451,0.0,0.0
23,2,5,0.0,-22.920536179073384,200,0.0,0,0.0,10.000000000000007,970.989000000002,38.419999999999995,25.273008849557577,0.0
23,3,5,0.0,-13.56817195850362,15,0.0,10,1.0,0.25,15.329999999999998,28.629,0.535471025882846,0.0
23,4,5,0.0,-13.42751334394606,15,0.0,10,1.0,0.35,9.939,32.037000000000006,0.3102350407341511,0.0
24,0,5,0.0,-12.8432319201995,14,0.0,10,1.0,0.25,30.188,48.120000000000005,0.6273482959268495,0.0
24,1,5,0.0,-13.044489642655988,14,0.0,10,1.0,0.45000000000000007,17.055,31.958000000000002,0.533669190812942,0.0
24,2,5,0.0,-33.12192881912,200,0.0,0,0.0,29.3999999999999,908.0590000000037,48.159,18.855437197616308,0.0
24,3,5,1.0,10.166168834320102,6,0.7706346535023747,0,0.0,0.5000000000000001,53.478,41.211999999999996,1.2976317577404641,0.0
24,4,5,0.0,-22.976750243427524,200,0.0,0,0.0,10.20000000000001,854.8619999999994,24.648000000000003,34.682814021421585,0.0
25,0,5,0.0,-23.03468600198984,200,0.0,0,0.0,10.000000000000007,1455.0009999999947,66.33800000000001,21.93314540685572,0.0
25,1,5,1.0,10.126451603136639,6,1.0,0,0.0,0.6,33.028999999999996,33.028999999999996,1.0,0.0
25,2,5,1.0,9.882489733635527,9,0.842575960974872,0,0.0,0.5,52.888999999999996,44.563,1.1868366133339316,0.0
25,3,5,0.0,-26.002322220397442,200,0.0,0,0.0,15.050000000000002,409.8339999999985,48.711999999999996,8.413409426835248,0.0
25,4,5,0.0,-25.59510048017072,200,0.0,0,0.0,15.000000000000002,936.358000000003,22.492,41.63071314245078,0.0
26,0,5,1.0,9.934731737947395,8,0.8383995944391366,0,0.0,0.6,51.287000000000006,42.999,1.1927486685736879,0.0
26,1,5,0.0,-25.181547119074228,200,0.0,0,0.0,15.050000000000002,888.4570000000028,33.097,26.84403420249578,0.0
26,2,5,1.0,10.19796411211087,6,0.8882703119832434,0,0.0,0.45,54.426,48.345000000000006,1.1257834315854793,0.0
26,3,5,1.0,10.026784252641866,6,0.9647308406258286,0,0.0,0.7999999999999999,33.939,32.742,1.0365585486531061,0.0
26,4,5,0.0,-23.42164708031422,200,0.0,0,0.0,10.100000000000009,818.3789999999976,65.69200000000001,12.457818303598573,0.0
27,0,5,0.0,-25.364626070059327,200,0.0,0,0.0,14.950000000000003,823.4219999999964,57.123000000000005,14.414894175726001,0.0
27,1,5,1.0,9.720042989566075,10,0.8871012592857425,0,0.0,0.65,50.34600000000001,44.662,1.1272670278984374,0.0
27,2,5,1.0,10.61057096247961,3,0.7035402136488037,0,0.0,0.2,11.327,7.968999999999999,1.4213828585769859,0.0
27,3,5,0.0,-23.610870137496747,200,0.0,0,0.0,10.10000000000001,627.6759999999991,49.383,12.710365915395968,0.0
27,4,5,1.0,10.414067346328828,4,0.9097033411878438,0,0.0,0.39999999999999997,33.102,30.113000000000003,1.0992594560488824,0.0
28,0,5,1.0,9.879589615952305,8,0.9681965926922214,0,0.0,0.7000000000000001,35.688,34.553,1.03284808844384,0.0
28,1,5,0.0,-25.629096990547783,200,0.0,0,0.0,15.000000000000002,1341.397999999999,57.55199999999999,23.307582707812053,0.0
28,2,5,1.0,10.513864543703912,4,0.7706033515509065,0,0.0,0.2,27.629,21.290999999999997,1.2976844676154247,0.0
28,3,5,0.0,-23.11427771699017,200,0.0,0,0.0,10.000000000000007,898.1999999999975,39.299,22.855543398050777,0.0
28,4,5,0.0,-23.08643138239973,200,0.0,0,0.0,10.000000000000007,578.69,47.772,12.113581177258647,0.0
29,0,5,1.0,9.870248553363568,8,0.6314757336343114,0,0.0,0.7500000000000001,70.88000000000001,44.759,1.5835921267231174,0.0
29,1,5,0.0,-28.450398695318427,200,0.0,0,0.0,19.95000000000003,721.8030000000005,52.12,13.84886799693017,0.0
29,2,5,1.0,10.755774770085026,2,1.0,0,0.0,0.1,11.526,11.526,1.0,0.0
29,3,5,1.0,10.059813578341982,7,0.9095664599760136,0,0.0,0.55,39.189,35.644999999999996,1.0994248842754946,0.0
29,4,5,0.0,-33.154195008058274,200,0.0,0,0.0,29.950000000000003,784.570999999996,48.398,16.210814496466714,0.0
30,0,5,1.0,9.47081925449182,11,0.8134680247680098,0,0.0,0.9500000000000001,59.592999999999996,48.477000000000004,1.2293046186851495,0.0
30,1,5,0.0,-23.074557953418335,200,0.0,0,0.0,10.000000000000007,872.0000000000023,58.478,14.91159068367595,0.0
30,2,5,1.0,10.169773007648656,5,1.0,0,0.0,0.7000000000000001,28.371000000000002,28.371000000000002,1.0,0.0
30,3,5,1.0,9.853399481613478,9,0.48461296906892765,0,0.0,0.6000000000000001,50.952,24.692,2.0635023489389277,0.0
30,4,5,0.0,-23.291881664946683,200,0.0,0,0.0,10.000000000000007,589.4599999999996,23.256,25.346577227382163,0.0
31,0,5,1.0,10.730117424242424,2,1.0,0,0.0,0.15000000000000002,10.559999999999999,10.559999999999999,1.0,0.0
31,1,5,1.0,10.294030618569481,5,0.7718878576212802,0,0.0,0.45,31.353,24.201,1.2955249783066816,0.0
31,2,5,1.0,9.859456620791176,8,0.7216788641192541,0,0.0,0.7500000000000001,59.302,42.797000000000004,1.3856578732154121,0.0
31,3,5,1.0,10.536226140103432,3,0.868624167925838,0,0.0,0.35000000000000003,24.487000000000002,21.269999999999996,1.15124588622473,0.0
31,4,5,0.0,-26.54756090029504,200,0.0,0,0.0,16.599999999999994,1402.0489999999995,58.291999999999994,24.052168393604607,0.0
32,0,5,1.0,10.149878903477644,6,0.9261739451953493,0,0.0,0.55,24.341,22.544,1.0797107877927608,0.0
32,1,5,0.0,-25.45688555347095,200,0.0,0,0.0,15.000000000000002,1435.3999999999967,26.650000000000002,53.86116322701675,0.0
32,2,5,0.0,-25.922223902087836,200,0.0,0,0.0,15.000000000000004,1726.5820000000015,41.669999999999995,41.43465322774182,0.0
32,3,5,0.0,-25.59963427646671,200,0.0,0,0.0,14.950000000000003,1602.2689999999993,56.230999999999995,28.494406999697667,0.0
32,4,5,0.0,-25.90337251173023,200,0.0,0,0.0,15.000000000000004,836.9890000000042,64.15100000000001,13.047169958379513,0.0
33,0,5,1.0,10.369921008254193,5,1.0,0,0.0,0.30000000000000004,22.534,22.534,1.0,0.0
33,1,5,0.0,-23.42505179934575,200,0.0,0,0.0,10.050000000000008,1336.8969999999943,51.352000000000004,26.03398114971168,0.0
33,2,5,1.0,9.938987323810425,8,0.6634033072892154,0,0.0,0.6000000000000001,31.869,21.142000000000003,1.507378677513953,0.0
33,3,5,0.0,-25.990429486762533,200,0.0,0,0.0,15.000000000000002,1144.8379999999995,61.492000000000004,18.617673843752023,0.0
33,4,5,0.0,-25.525645905695345,200,0.0,0,0.0,15.000000000000002,617.200000000002,42.034,14.683351572536566,0.0
34,0,5,1.0,10.346930422459172,5,0.773119766258837,0,0.0,0.35,38.333000000000006,29.636000000000003,1.293460655958969,0.0
34,1,5,1.0,10.875,1,1.0,0,0.0,0.05,3.187,3.187,1.0,0.0
34,2,5,1.0,9.278462898307332,13,0.2866208958248885,0,0.0,1.1,78.94400000000002,22.627,3.488929155433775,0.0
34,3,5,1.0,9.437413995827802,12,0.7876497475577329,0,0.0,0.8499999999999999,66.94600000000001,52.73,1.2695998482837099,0.0
34,4,5,1.0,10.199450267090405,6,0.8071717061456172,0,0.0,0.45,36.644000000000005,29.578,1.2388937723984044,0.0
35,0,5,0.0,-12.897099638030372,11,0.0,10,1.0,0.05,6.185,46.689,0.13247231681980765,0.0
35,1,5,1.0,10.875,1,1.0,0,0.0,0.05,2.513,2.513,1.0,0.0
35,2,5,1.0,10.60891499582289,3,0.9316081330868762,0,0.0,0.2,10.279,9.576,1.0734126984126984,0.0
35,3,5,0.0,-22.928447693087744,200,0.0,0,0.0,10.000000000000007,677.3999999999972,47.336000000000006,14.310461382457266,0.0
35,4,5,0.0,-12.859067030945683,11,0.0,10,1.0,0.05,8.488,36.968,0.2296039818221164,0.0
36,0,5,0.0,-23.172583655512586,200,0.0,0,0.0,10.000000000000007,468.782999999998,15.002,31.248033595520464,0.0
36,1,5,1.0,10.451853417049021,4,0.37157342186728876,0,0.0,0.35,22.289,8.282,2.6912581502052646,0.0
36,2,5,0.0,-22.892210773583948,200,0.0,0,0.0,10.000000000000007,968.8000000000043,37.462,25.86087235064877,0.0
36,3,5,1.0,10.19779063028254,6,0.6224633977692932,0,0.0,0.45,33.263000000000005,20.705000000000002,1.6065201642115432,0.0
36,4,5,0.0,-25.588560220436673,200,0.0,0,0.0,14.950000000000003,939.3279999999969,23.771,39.5157124226998,0.0
37,0,5,0.0,-24.646927191588233,200,0.0,0,0.0,13.400000000000013,1071.5510000000004,65.432,16.376558870277545,0.0
37,1,5,1.0,10.181486152909748,6,0.830282441462182,0,0.0,0.49999999999999994,35.618,29.573,1.2044094275183446,0.0
37,2,5,0.0,-26.376423962631044,200,0.0,0,0.0,16.699999999999996,1146.2039999999993,55.019,20.832875915592783,0.0
37,3,5,1.0,10.175147769341784,6,0.6615058940727212,0,0.0,0.5,24.092,15.937,1.5117023279161699,0.0
37,4,5,1.0,10.489372523922714,4,1.0,0,0.0,0.25,16.407,16.407,1.0,0.0
38,0,5,0.0,-25.72245434984301,200,0.0,0,0.0,15.000000000000004,1629.3889999999965,50.657,32.165130189312364,0.0
38,1,5,0.0,-25.784340431555858,200,0.0,0,0.0,15.000000000000002,918.625999999998,49.449,18.577241198001943,0.0
38,2,5,0.0,-24.60600566129818,200,0.0,0,0.0,13.300000000000013,910.5980000000015,51.225,17.77643728648124,0.0
38,3,5,0.0,-23.2459731736987,200,0.0,0,0.0,10.050000000000008,725.6429999999991,62.476,11.614748063256277,0.0
38,4,5,1.0,9.553104592209309,10,0.7514502524223134,0,0.0,1.0,63.782000000000004,47.929,1.3307600826222121,0.0
39,0,5,1.0,10.327011704665225,5,0.7142800538869959,0,0.0,0.4,25.238,18.027,1.4000110944694069,0.0
39,1,5,1.0,10.357386113313948,5,0.44568803016022623,0,0.0,0.35,25.464,11.349,2.2437219138250066,0.0
39,2,5,1.0,9.622220788870772,10,0.9008571800449974,0,0.0,0.8500000000000001,53.781,48.449000000000005,1.1100538710809302,0.0
39,3,5,1.0,10.592051282051282,3,0.8205504587155963,0,0.0,0.25,16.35,13.416,1.2186940966010733,0.0
39,4,5,0.0,-26.20180630387929,200,0.0,0,0.0,16.600000000000055,663.7969999999998,51.96799999999999,12.773187346059112,0.0
40,0,5,0.0,-23.281381532990384,200,0.0,0,0.0,10.150000000000011,477.826000000001,62.98800000000001,7.58598463199341,0.0
40,1,5,0.0,-23.117279093500315,200,0.0,0,0.0,10.000000000000007,911.5650000000035,28.417,32.07815744096855,0.0
40,2,5,0.0,-22.898483080513333,200,0.0,0,0.0,10.000000000000007,967.8000000000052,40.278999999999996,24.027408823456522,0.0
40,3,5,0.0,-22.95977228300017,200,0.0,0,0.0,10.000000000000007,974.0000000000008,58.318,16.701532974381852,0.0
40,4,5,0.0,-25.476229270361316,200,0.0,0,0.0,15.000000000000002,1354.5999999999983,44.803,30.234582505635746,0.0
41,0,5,0.0,-23.44693040316622,200,0.0,0,0.0,10.20000000000001,481.2519999999984,62.15800000000001,7.742398404067028,0.0
41,1,5,0.0,-24.608479186175185,200,0.0,0,0.0,13.350000000000012,670.4620000000019,35.241,19.02505604267762,0.0
41,2,5,1.0,10.01013597883598,7,0.9207161125319694,0,0.0,0.6500000000000001,41.055,37.800000000000004,1.086111111111111,0.0
41,3,5,0.0,-23.103200778242172,200,0.0,0,0.0,10.050000000000008,1337.4739999999997,48.571000000000005,27.536472380638642,0.0
41,4,5,1.0,9.740332796713668,10,0.5910977670587849,0,0.0,0.6499999999999999,60.951,36.028,1.6917675141556567,0.0
42,0,5,0.0,-12.863792059662206,15,0.0,10,1.0,0.35,46.236000000000004,45.58999999999999,1.014169774073262,0.0
42,1,5,0.0,-13.276772790872885,15,0.0,10,1.0,0.39999999999999997,35.66,46.455000000000005,0.7676245829297168,0.0
42,2,5,0.0,-22.94290894524911,200,0.0,0,0.0,10.000000000000007,541.6000000000021,47.43300000000001,11.418210950182404,0.0
42,3,5,0.0,-25.68672527268069,200,0.0,0,0.0,15.000000000000004,1117.055999999999,42.998999999999995,25.97865066629454,0.0
42,4,5,1.0,10.753016142735769,2,1.0,0,0.0,0.1,5.885,5.885,1.0,0.0
43,0,5,1.0,9.863631872852233,9,0.8996311259441422,0,0.0,0.55,56.92999999999999,51.21600000000001,1.1115666979069039,0.0
43,1,5,0.0,-30.560878016483198,200,0.0,0,0.0,25.05,517.4680000000009,50.59700000000001,10.22724667470405,0.0
43,2,5,0.0,-25.586778611321037,200,0.0,0,0.0,15.000000000000004,941.5999999999987,54.25299999999999,17.355722264206566,0.0
43,3,5,1.0,10.484569637277007,4,0.8892054447610005,0,0.0,0.25,28.430999999999997,25.281000000000002,1.1245995016019934,0.0
43,4,5,1.0,9.956668235775686,8,0.9730160310664144,0,0.0,0.5499999999999999,50.214999999999996,48.86,1.0277322963569382,0.0
44,0,5,0.0,-24.301712944487612,200,0.0,0,0.0,12.550000000000015,779.0659999999996,47.611000000000004,16.363151372581957,0.0
44,1,5,1.0,10.229219460494376,6,0.9375280466696584,0,0.0,0.39999999999999997,31.198,29.249000000000002,1.0666347567438201,0.0
44,2,5,1.0,9.912512110872404,9,0.9539289947961664,0,0.0,0.44999999999999996,49.771,47.478,1.0482960529087155,0.0
44,3,5,0.0,-27.855907206632686,200,0.0,0,0.0,20.000000000000014,799.416000000003,25.088,31.864477040816446,0.0
44,4,5,1.0,9.625892209362584,10,0.8508230452674896,0,0.0,0.85,40.824000000000005,34.734,1.1753325272067716,0.0
45,0,5,0.0,-23.27891796421923,200,0.0,0,0.0,10.20000000000001,1051.7960000000057,56.902,18.484341499420157,0.0
45,1,5,0.0,-25.740239892557668,200,0.0,0,0.0,15.000000000000004,611.5539999999994,43.186,14.160931783448326,0.0
45,2,5,1.0,9.891090822527795,8,0.8449361097964976,0,0.0,0.7000000000000001,42.260000000000005,35.706999999999994,1.1835214383734285,0.0
45,3,5,0.0,-23.070430828537383,200,0.0,0,0.0,10.000000000000007,908.8559999999964,36.836,24.673037246172125,0.0
45,4,5,0.0,-28.490554165881356,200,0.0,0,0.0,19.950000000000028,957.9019999999986,58.367000000000004,16.411705244401777,0.0
46,0,5,1.0,10.588644668158091,3,0.9721500634326107,0,0.0,0.25,16.552999999999997,16.092000000000002,1.0286477752920702,0.0
46,1,5,0.0,-28.117357294351166,200,0.0,0,0.0,20.00000000000003,810.4990000000033,43.849000000000004,18.48386508244209,0.0
46,2,5,0.0,-23.56525305297955,200,0.0,0,0.0,10.050000000000008,542.7649999999979,54.455,9.967220640896116,0.0
46,3,5,0.0,-25.73148273711054,200,0.0,0,0.0,15.000000000000002,943.7619999999969,36.870999999999995,25.59632231292878,0.0
46,4,5,0.0,-26.781025737196114,200,0.0,0,0.0,16.749999999999996,1434.2039999999995,77.32,18.54893947232281,0.0
47,0,5,0.0,-25.73406419376695,200,0.0,0,0.0,14.900000000000002,827.9789999999957,35.424,23.373390921409094,0.0
47,1,5,1.0,10.535339183730324,3,0.9847061244084768,0,0.0,0.35,14.581,14.358,1.0155314110600362,0.0
47,2,5,0.0,-28.149888190371673,200,0.0,0,0.0,20.000000000000014,3800.6420000000144,47.402,80.17893759757003,0.0
47,3,5,0.0,-23.150170823368725,200,0.0,0,0.0,10.050000000000008,531.4539999999984,46.832,11.348095319439665,0.0
47,4,5,0.0,-23.29397842110885,200,0.0,0,0.0,10.100000000000009,3137.376000000009,46.805,67.03078730904836,0.0
48,0,5,1.0,10.122606308130557,6,0.9914253632311409,0,0.0,0.6000000000000001,29.389000000000003,29.137000000000004,1.0086487970621547,0.0
48,1,5,1.0,10.755423162583519,2,0.9157658576381806,0,0.0,0.1,9.806000000000001,8.98,1.0919821826280625,0.0
48,2,5,0.0,-23.439559929656486,200,0.0,0,0.0,10.100000000000009,1033.462000000005,47.196999999999996,21.896773099985275,0.0
48,3,5,0.0,-23.26448018803382,200,0.0,0,0.0,10.000000000000007,1452.1719999999948,57.010999999999996,25.471786146533034,0.0
48,4,5,0.0,-25.604824384813977,200,0.0,0,0.0,15.000000000000004,655.3549999999989,42.223,15.521279871160242,0.0
49,0,5,0.0,-12.944555211818928,12,0.0,10,1.0,0.2,13.056,15.839,0.8242944630342824,0.0
49,1,5,0.0,-23.08274254450187,200,0.0,0,0.0,10.000000000000007,511.1480000000023,51.908,9.847191184403219,0.0
49,2,5,1.0,10.339602432179607,5,0.747225862822193,0,0.0,0.35,57.225,42.76,1.338283442469598,0.0
49,3,5,0.0,-25.401359896856608,200,0.0,0,0.0,15.150000000000004,1594.7559999999994,48.864,32.63662409954158,0.0
49,4,5,0.0,-12.970866299145815,12,0.0,10,1.0,0.15000000000000002,8.64,33.014,0.261707154540498,0.0
50,0,5,0.0,-23.076256845732498,200,0.0,0,0.0,10.000000000000007,1155.7739999999997,65.004,17.78004430496584,0.0
50,1,5,0.0,-13.950988621997471,25,0.0,10,1.0,1.0,82.01500000000001,63.279999999999994,1.2960651074589131,0.0
50,2,5,0.0,-23.064363516338414,200,0.0,0,0.0,10.000000000000007,1486.2000000000048,36.356,40.87908460776776,0.0
50,3,5,0.0,-14.405918119551682,25,0.0,10,1.0,0.8500000000000002,68.97500000000001,32.120000000000005,2.1474159402241595,0.0
50,4,5,1.0,10.657199798183653,3,0.30155188152956686,0,0.0,0.15000000000000002,9.859,2.973,3.3161789438277833,0.0
51,0,5,0.0,-28.167549921566884,200,0.0,0,0.0,20.000000000000014,2678.8239999999987,47.174,56.78602620087334,0.0
51,1,5,1.0,9.985042970955398,8,0.9011305822498586,0,0.0,0.49999999999999994,35.38,31.882,1.1097170817389124,0.0
51,2,5,0.0,-23.216103739445128,200,0.0,0,0.0,10.000000000000007,786.8470000000015,16.580000000000002,47.45759951749103,0.0
51,3,5,0.0,-30.67535561068898,200,0.0,0,0.0,24.85,520.4810000000008,19.346999999999998,26.902413810926802,0.0
51,4,5,1.0,10.59142120412569,3,0.6391231028667791,0,0.0,0.25,13.046000000000001,8.338000000000001,1.5646437994722955,0.0
52,0,5,0.0,-30.396100881943465,200,0.0,0,0.0,25.0,1074.3999999999976,51.704,20.779823611325963,0.0
52,1,5,1.0,10.467894141374392,4,1.0,0,0.0,0.30000000000000004,20.329,20.329,1.0,0.0
52,2,5,0.0,-23.202096231907806,200,0.0,0,0.0,10.25000000000001,818.1460000000018,48.778000000000006,16.772848415269213,0.0
52,3,5,0.0,-23.047883694544275,200,0.0,0,0.0,10.000000000000007,530.8219999999983,52.001,10.207919078479227,0.0
52,4,5,1.0,10.495320618368094,4,0.813060131642557,0,0.0,0.25,26.891,21.863999999999997,1.2299213318697404,0.0
53,0,5,1.0,9.406754228570062,12,0.5761644175500021,0,0.0,0.9,72.547,41.799,1.7356156845857555,0.0
53,1,5,1.0,9.970139641246877,8,0.7159046048812205,0,0.0,0.55,43.063,30.829,1.396834149664277,0.0
53,2,5,1.0,10.21894628994759,6,0.7751069028711058,0,0.0,0.4,32.739999999999995,25.377000000000002,1.2901446191433183,0.0
53,3,5,1.0,9.961509761457371,8,0.8944564721969004,0,0.0,0.55,35.104000000000006,31.398999999999997,1.117997388451862,0.0
53,4,5,0.0,-25.54335872481684,200,0.0,0,0.0,14.950000000000003,804.4279999999977,43.977999999999994,18.29160034562731,0.0
54,0,5,1.0,10.080840556117733,7,0.9449745348716349,0,0.0,0.49999999999999994,48.105000000000004,45.458,1.0582295745523342,0.0
54,1,5,1.0,9.622357526881721,10,0.7812048825305157,0,0.0,0.85,38.095000000000006,29.759999999999998,1.280073924731183,0.0
54,2,5,1.0,10.238550809090501,6,0.5835622171649795,0,0.0,0.39999999999999997,38.229,22.309,1.7136133399076605,0.0
54,3,5,1.0,9.478788334720532,11,0.5816410129096327,0,0.0,0.9500000000000002,80.55999999999999,46.857,1.7192735343705314,0.0
54,4,5,1.0,10.08016861826698,7,0.9723925305679151,0,0.0,0.5,28.543000000000003,27.755000000000003,1.0283912808502973,0.0
55,0,5,0.0,-25.39902500810038,200,0.0,0,0.0,15.000000000000002,685.5999999999996,33.949,20.194998379922815,0.0
55,1,5,1.0,9.348213388584316,12,0.8234539195555017,0,0.0,1.0,66.23200000000001,54.539,1.2143970369827097,0.0
55,2,5,0.0,-23.134814026749194,200,0.0,0,0.0,10.000000000000007,1206.237000000003,36.188,33.332513540400214,0.0
55,3,5,0.0,-23.000075294401128,200,0.0,0,0.0,10.000000000000007,1124.8000000000034,66.40599999999999,16.938228473330774,0.0
55,4,5,0.0,-23.403099296417345,200,0.0,0,0.0,10.10000000000001,1032.4210000000019,33.969,30.3930348258707,0.0
56,0,5,0.0,-25.567607783048572,200,0.0,0,0.0,15.050000000000002,1028.1660000000024,47.642,21.58108391755179,0.0
56,1,5,1.0,10.331242264647795,5,0.36996444054751815,0,0.0,0.39999999999999997,41.058,15.19,2.702962475312706,0.0
56,2,5,0.0,-22.86917482517481,200,0.0,0,0.0,10.000000000000007,1041.2000000000019,35.75,29.124475524475578,0.0
56,3,5,1.0,10.365750843764685,4,1.0,0,0.0,0.5,23.407,23.407,1.0,0.0
56,4,5,1.0,10.60907624946604,3,1.0,0,0.0,0.2,18.728,18.728,1.0,0.0
57,0,5,1.0,9.635848408046886,10,1.0,0,0.0,0.8000000000000003,63.129999999999995,63.129999999999995,1.0,0.0
57,1,5,1.0,10.073257120538397,7,0.6586847677663217,0,0.0,0.5,50.531,33.284,1.5181769018146858,0.0
57,2,5,0.0,-22.919333972208964,200,0.0,0,0.0,10.000000000000007,673.3999999999993,41.74,16.13320555821752,0.0
57,3,5,0.0,-23.03798912089841,200,0.0,0,0.0,10.000000000000007,621.1999999999991,11.398,54.50078961221259,0.0
57,4,5,0.0,-25.529284875966976,200,0.0,0,0.0,15.000000000000002,1339.4510000000014,37.49,35.72822085889574,0.0
58,0,5,0.0,-13.334372403611768,14,0.0,10,1.0,0.25,19.621000000000002,29.127,0.6736361451574142,0.0
58,1,5,1.0,10.393265789876127,4,0.7501864280387771,0,0.0,0.45,17.433,13.078000000000001,1.3330019880715704,0.0
58,2,5,0.0,-23.756549695121947,200,0.0,0,0.0,10.400000000000013,1107.8449999999987,32.8,33.775762195121914,0.0
58,3,5,0.0,-13.467783951607363,14,0.0,10,1.0,0.25,20.522,43.643,0.4702243200513255,0.0
58,4,5,1.0,10.367844916551013,5,1.0,0,0.0,0.3,28.101,28.101,1.0,0.0
59,0,5,1.0,10.584640381282496,3,1.0,0,0.0,0.25,11.54,11.54,1.0,0.0
59,1,5,1.0,10.37042193761295,5,0.8892848408622437,0,0.0,0.3,28.623,25.454,1.1244990964092088,0.0
59,2,5,0.0,-22.59729050584509,200,0.0,0,0.0,10.000000000000007,1486.2000000000048,18.306,81.18649623074428,0.0
59,3,5,0.0,-12.92454829083017,12,0.0,10,1.0,0.15000000000000002,13.396,51.604000000000006,0.2595922796682428,0.0
59,4,5,0.0,-12.909374514575674,12,0.0,10,1.0,0.1,9.600999999999999,38.626,0.24856314399627194,0.0
60,0,5,0.0,-28.105475394049893,200,0.0,0,0.0,19.95000000000003,612.6789999999995,39.462,15.525796969236215,0.0
60,1,5,1.0,10.108692345842288,7,0.8150368848317445,0,0.0,0.45,29.687,24.196,1.2269383369151925,0.0
60,2,5,1.0,10.757067213407025,2,1.0,0,0.0,0.1,5.609,5.609,1.0,0.0
60,3,5,1.0,9.836284028056731,9,0.7821495033472703,0,0.0,0.6,41.376999999999995,32.363,1.2785279485832586,0.0
60,4,5,0.0,-22.966757938223612,200,0.0,0,0.0,10.000000000000007,443.79999999999905,62.451,7.106371395173801,0.0
61,0,5,0.0,-13.065788911964926,14,0.0,10,1.0,0.3,16.5,34.66799999999999,0.47594323295257884,0.0
61,1,5,0.0,-24.10064122890459,200,0.0,0,0.0,12.500000000000016,955.9030000000029,56.766,16.839358066448277,0.0
61,2,5,0.0,-28.07805311163135,200,0.0,0,0.0,20.00000000000003,967.0000000000025,61.945,15.610622326257204,0.0
61,3,5,0.0,-12.747896618565584,14,0.0,10,1.0,0.3,23.992,23.215,1.0334697393926342,0.0
61,4,5,1.0,9.737664569969484,9,0.754859788919446,0,0.0,0.8,42.543000000000006,32.114,1.3247493305100582,0.0
62,0,5,0.0,-25.469527797162097,200,0.0,0,0.0,15.000000000000002,736.9999999999969,34.391999999999996,21.429402186554928,0.0
62,1,5,1.0,10.488215395649057,4,0.632685472283143,0,0.0,0.25,13.223,8.366,1.5805641883815444,0.0
62,2,5,1.0,10.205056726094003,6,0.7434788772327757,0,0.0,0.45,28.216,20.978,1.3450281247020688,0.0
62,3,5,1.0,9.931111297738772,8,0.7615157086897434,0,0.0,0.6000000000000001,62.545,47.629000000000005,1.3131705473556026,0.0
62,4,5,1.0,10.196626899153665,6,0.4436251781150342,0,0.0,0.45,44.212999999999994,19.614000000000004,2.2541551952686847,0.0
63,0,5,1.0,10.41255646200086,4,0.6601473922902494,0,0.0,0.4,17.64,11.645,1.514813224559897,0.0
63,1,5,1.0,10.681275177304965,2,0.44389875330562895,0,0.0,0.25,7.941000000000001,3.525,2.2527659574468086,0.0
63,2,5,0.0,-12.700664424684604,12,0.0,10,1.0,0.2,29.098,52.632,0.5528575771393829,0.0
63,3,5,0.0,-21.986187691737527,23,0.0,18,1.0,0.5,43.065000000000005,48.56900000000001,0.8866766867755151,0.0
63,4,5,0.0,-12.665823507392851,12,0.0,10,1.0,0.25,13.82,21.372,0.6466404641587123,0.0
64,0,5,1.0,10.48101692365551,4,0.4677220756376429,0,0.0,0.30000000000000004,28.425,13.295,2.138021812711546,0.0
64,1,5,1.0,9.845409730287779,9,0.8942873629544142,0,0.0,0.6,43.325,38.745,1.1182088011356306,0.0
64,2,5,0.0,-25.800615522011753,200,0.0,0,0.0,14.950000000000003,697.7060000000018,57.106,12.217735439358417,0.0
64,3,5,1.0,9.83686270420577,9,0.9834776663628076,0,0.0,0.6,43.879999999999995,43.154999999999994,1.0167999073108562,0.0
64,4,5,0.0,-23.089745127735053,200,0.0,0,0.0,10.100000000000009,690.9459999999975,50.181999999999995,13.768801562313133,0.0
65,0,5,0.0,-27.857304898914023,200,0.0,0,0.0,19.950000000000017,1817.173000000009,28.639000000000003,63.45099340060787,0.0
65,1,5,1.0,10.21959601534984,6,0.9901623985009369,0,0.0,0.39999999999999997,38.424,38.046,1.0099353414287968,0.0
65,2,5,1.0,10.290378373450036,5,0.7799466666666666,0,0.0,0.44999999999999996,28.125000000000004,21.936,1.2821389496717726,0.0
65,3,5,1.0,10.440855101034993,4,1.0,0,0.0,0.35000000000000003,26.377000000000002,26.377000000000002,1.0,0.0
65,4,5,0.0,-22.937727576725866,200,0.0,0,0.0,10.000000000000007,1122.9440000000034,53.827999999999996,20.861707661440207,0.0
66,0,5,0.0,-12.858463874926764,14,0.0,10,1.0,0.45,23.201,32.429,0.7154398840543957,0.0
66,1,5,0.0,-13.094440128252558,14,0.0,10,1.0,0.30000000000000004,25.486,48.653999999999996,0.5238212685493485,0.0
66,2,5,1.0,9.95132491467577,8,0.798539191104328,0,0.0,0.55,45.864999999999995,36.625,1.252286689419795,0.0
66,3,5,0.0,-14.66129448429966,25,0.0,10,1.0,1.2500000000000002,99.51299999999999,42.515,2.3406562389744794,0.0
66,4,5,1.0,10.340034296142472,5,0.840437909879416,0,0.0,0.35,18.908,15.890999999999998,1.189855893272922,0.0
67,0,5,0.0,-28.14253680600713,200,0.0,0,0.0,20.10000000000003,708.1399999999974,67.652,10.46739194702296,0.0
67,1,5,1.0,10.247008017586964,6,0.8937817845584836,0,0.0,0.35,43.26,38.665,1.1188413293676451,0.0
67,2,5,0.0,-22.926599557690807,200,0.0,0,0.0,10.000000000000007,543.3830000000021,52.452000000000005,10.359624037215017,0.0
67,3,5,0.0,-22.959625422012206,200,0.0,0,0.0,10.100000000000009,490.22700000000157,59.24,8.275270087778555,0.0
67,4,5,1.0,9.348213388584316,12,0.8234539195555017,0,0.0,1.0,66.23200000000001,54.539,1.2143970369827097,0.0
68,0,5,1.0,10.249027180809694,5,0.8824230602514088,0,0.0,0.55,27.684,24.429000000000002,1.1332432764337468,0.0
68,1,5,1.0,10.370762483130903,5,0.9149492870792297,0,0.0,0.3,34.015,31.122,1.0929567508514877,0.0
68,2,5,1.0,10.105731045081967,6,0.91871793664988,0,0.0,0.65,42.494,39.04,1.0884733606557377,0.0
68,3,5,1.0,9.623323842896774,10,0.6615345979986864,0,0.0,0.8500000000000001,51.766,34.245,1.5116367352898235,0.0
68,4,5,0.0,-14.077621692509448,19,0.0,10,1.0,0.65,46.434999999999995,25.926000000000002,1.7910591684023758,0.0
69,0,5,1.0,10.009905561690008,7,0.801164008846467,0,0.0,0.6500000000000001,42.95500000000001,34.414,1.2481838786540365,0.0
69,1,5,1.0,9.71214072409562,9,0.9062324160660219,0,0.0,0.8500000000000001,74.642,67.643,1.1034696864420561,0.0
69,2,5,1.0,10.347176002538934,5,0.8329493957703926,0,0.0,0.35000000000000003,52.96,44.11299999999999,1.2005531249291594,0.0
69,3,5,1.0,10.081895900110032,7,1.0,0,0.0,0.5,41.806,41.806,1.0,0.0
69,4,5,0.0,-23.14381607347211,200,0.0,0,0.0,10.15000000000001,906.8720000000035,69.033,13.136789651326227,0.0
70,0,5,0.0,-13.097028390938137,13,0.0,10,1.0,0.2,12.617,27.544,0.4580670926517572,0.0
70,1,5,0.0,-12.881887860748026,13,0.0,10,1.0,0.2,14.072000000000001,30.907999999999998,0.4552866571761357,0.0
70,2,5,1.0,9.835146181719969,9,0.7711439332141554,0,0.0,0.6000000000000001,57.617,44.43099999999999,1.2967747743692468,0.0
70,3,5,1.0,10.27181205081917,5,1.0,0,0.0,0.5,29.359,29.359,1.0,0.0
70,4,5,1.0,10.254622503840245,6,0.8336267887441174,0,0.0,0.35,31.237,26.039999999999996,1.1995775729646698,0.0
71,0,5,0.0,-25.703640567576095,200,0.0,0,0.0,15.000000000000002,1294.4779999999992,41.087,31.505780417163557,0.0
71,1,5,1.0,10.114980608881131,7,0.7113839362692692,0,0.0,0.45,28.996999999999996,20.627999999999997,1.4057106845064962,0.0
71,2,5,0.0,-23.278746987951763,200,0.0,0,0.0,10.000000000000007,971.277000000002,46.48,20.896665232358046,0.0
71,3,5,1.0,9.968359174981456,8,0.8041600123145599,0,0.0,0.5499999999999999,51.971,41.79299999999999,1.2435336061062858,0.0
71,4,5,0.0,-26.121513408973673,200,0.0,0,0.0,15.000000000000002,422.9820000000011,38.779999999999994,10.907220216606529,0.0
72,0,5,0.0,-13.289136586990919,16,0.0,10,1.0,0.5499999999999999,35.629,60.035,0.5934704755559257,0.0
72,1,5,1.0,10.631863221884498,3,1.0,0,0.0,0.15000000000000002,23.029999999999998,23.029999999999998,1.0,0.0
72,2,5,0.0,-13.059142471124298,16,0.0,10,1.0,0.35000000000000003,26.455000000000002,37.748000000000005,0.7008318321500476,0.0
72,3,5,0.0,-25.513234428352675,200,0.0,0,0.0,15.000000000000002,1346.2880000000016,42.465,31.703473448722512,0.0
72,4,5,0.0,-23.459295108674073,200,0.0,0,0.0,10.200000000000012,1431.078999999994,50.334,28.431656534350417,0.0
73,0,5,0.0,-25.56566540513017,200,0.0,0,0.0,14.900000000000002,1368.840999999996,45.183,30.29548724077631,0.0
73,1,5,0.0,-26.66542173995329,200,0.0,0,0.0,16.649999999999995,1059.1959999999995,31.702,33.41101507791305,0.0
73,2,5,0.0,-25.497793953280425,200,0.0,0,0.0,15.000000000000002,1024.2340000000006,35.788000000000004,28.619481390410208,0.0
73,3,5,1.0,10.418281103950411,4,0.7354995115244056,0,0.0,0.4,27.637,20.326999999999998,1.359620209573474,0.0
73,4,5,1.0,10.621316635265433,3,0.42929869635550477,0,0.0,0.2,21.018,9.023,2.3293804721267874,0.0
74,0,5,0.0,-24.124673701749522,200,0.0,0,0.0,12.500000000000016,777.2109999999991,36.010000000000005,21.583199111357928,0.0
74,1,5,1.0,10.328015060648418,5,0.8089957319519938,0,0.0,0.39999999999999997,27.412999999999997,22.177000000000003,1.2361004644451457,0.0
74,2,5,0.0,-25.680734500605574,200,0.0,0,0.0,15.000000000000004,938.084000000003,36.324,25.825459751128815,0.0
74,3,5,1.0,10.597175462645648,3,0.40395370729276264,0,0.0,0.25,18.058999999999997,7.295,2.4755311857436597,0.0
74,4,5,0.0,-23.07045400522946,200,0.0,0,0.0,10.000000000000007,2452.706999999995,63.105000000000004,38.86707867839307,0.0
75,0,5,1.0,10.067581538577087,7,0.9935080682772128,0,0.0,0.5,53.605,53.25699999999999,1.0065343522917176,0.0
75,1,5,1.0,9.763248438194623,9,0.8191471011020605,0,0.0,0.7500000000000001,52.17499999999999,42.739,1.220781955590912,0.0
75,2,5,0.0,-32.64847570140287,200,0.0,0,0.0,29.300000000000004,1063.3899999999978,39.92000000000001,26.63802605210415,0.0
75,3,5,0.0,-25.978693017888137,200,0.0,0,0.0,15.050000000000002,676.4519999999981,65.854,10.271995626689314,0.0
75,4,5,1.0,10.728437591063622,2,1.0,0,0.0,0.15000000000000002,10.295,10.295,1.0,0.0
76,0,5,0.0,-26.49769576923805,200,0.0,0,0.0,16.599999999999994,1289.094,53.111,24.27169512906931,0.0
76,1,5,0.0,-27.96063014003114,200,0.0,0,0.0,20.000000000000014,1784.814999999997,35.992000000000004,49.589214269837655,0.0
76,2,5,0.0,-25.804268410224097,200,0.0,0,0.0,14.950000000000003,1031.8499999999995,53.951,19.125688124409177,0.0
76,3,5,0.0,-13.09003737008058,14,0.0,10,1.0,0.25,38.185,51.378,0.7432169411031959,0.0
76,4,5,0.0,-12.837061757899928,14,0.0,10,1.0,0.3,35.291000000000004,52.721999999999994,0.669379006866204,0.0
77,0,5,0.0,-29.35790743368622,200,0.0,0,0.0,22.35000000000002,2064.5710000000045,54.965999999999994,37.56087399483326,0.0
77,1,5,0.0,-25.581022927176857,200,0.0,0,0.0,15.000000000000002,943.4599999999978,68.78299999999999,13.716470639547532,0.0
77,2,5,1.0,9.453643108651912,12,0.7453868609228956,0,0.0,0.8000000000000002,74.678,55.664,1.3415852256395515,0.0
77,3,5,0.0,-23.210102357731238,200,0.0,0,0.0,10.050000000000008,650.434999999999,52.805,12.317678250165686,0.0
77,4,5,1.0,10.341420239547174,5,0.9403340586955243,0,0.0,0.35,34.006,31.977,1.0634518560215154,0.0
78,0,5,1.0,10.467557448900175,4,0.907681439619274,0,0.0,0.3,26.896,24.412999999999997,1.101708106336788,0.0
78,1,5,1.0,10.103443915309864,7,0.6555295408044886,0,0.0,0.45,47.409,31.078,1.5254842653967438,0.0
78,2,5,0.0,-23.260240915363312,200,0.0,0,0.0,10.050000000000008,897.7569999999976,52.176,17.206320913830066,0.0
78,3,5,0.0,-25.663285752156387,200,0.0,0,0.0,15.000000000000002,647.9770000000018,49.039,13.213503538000403,0.0
78,4,5,1.0,10.465208847427025,4,1.0,0,0.0,0.3,33.23,33.23,1.0,0.0
79,0,5,1.0,10.119036719122557,6,1.0,0,0.0,0.6,39.843,39.843,1.0,0.0
79,1,5,1.0,9.984348638423093,7,0.7964361444886723,0,0.0,0.7000000000000001,26.881,21.409,1.2555934420103696,0.0
79,2,5,1.0,10.41573686787438,4,1.0,0,0.0,0.4,14.297,14.297,1.0,0.0
79,3,5,0.0,-23.142705333881903,200,0.0,0,0.0,10.000000000000007,832.6000000000017,29.172000000000004,28.54106677636095,0.0
79,4,5,1.0,10.463236657269817,4,1.0,0,0.0,0.3,20.929000000000002,20.929000000000002,1.0,0.0
80,0,5,0.0,-13.360569246626687,14,0.0,10,1.0,0.2,19.456,42.687999999999995,0.4557721139430285,0.0
80,1,5,0.0,-25.771273092015285,200,0.0,0,0.0,14.850000000000003,440.7119999999988,45.36200000000001,9.715444645297797,0.0
80,2,5,0.0,-21.713008976332347,30,0.0,17,1.0,1.0000000000000002,103.45799999999998,65.617,1.5766950637792032,0.0
80,3,5,1.0,10.390337247064702,4,0.8990959627154809,0,0.0,0.45000000000000007,17.809,16.012,1.112228328753435,0.0
80,4,5,0.0,-12.62789715697094,14,0.0,10,1.0,0.3,35.921,38.058,0.9438488622628619,0.0
81,0,5,1.0,10.70616037240033,2,1.0,0,0.0,0.2,13.318999999999999,13.318999999999999,1.0,0.0
81,1,5,1.0,10.350548841893252,5,0.767387944358578,0,0.0,0.35,20.704,15.888,1.3031218529707955,0.0
81,2,5,0.0,-25.41238966042718,200,0.0,0,0.0,15.000000000000004,609.4000000000027,34.778999999999996,17.522067914546213,0.0
81,3,5,0.0,-23.082610903210032,200,0.0,0,0.0,10.000000000000007,878.6000000000008,53.17699999999999,16.5221806420069,0.0
81,4,5,1.0,10.132462905066745,6,0.7661394570755076,0,0.0,0.6000000000000001,26.302,20.151,1.3052453972507567,0.0
82,0,5,0.0,-25.951774439364304,200,0.0,0,0.0,15.000000000000004,409.171000000001,22.965,17.817156542564817,0.0
82,1,5,0.0,-24.8201422839574,200,0.0,0,0.0,13.350000000000012,771.6300000000014,45.85900000000001,16.826140997405115,0.0
82,2,5,1.0,10.205934704488111,6,0.8857510497087906,0,0.0,0.45,29.532,26.158000000000005,1.1289853964370362,0.0
82,3,5,1.0,10.290057515093741,5,0.8648930907491893,0,0.0,0.44999999999999996,18.193,15.735000000000001,1.1562122656498253,0.0
82,4,5,1.0,10.703882754466974,2,1.0,0,0.0,0.2,9.962,9.962,1.0,0.0
83,0,5,1.0,10.195280605032513,5,1.0,0,0.0,0.6500000000000001,28.296000000000003,28.296000000000003,1.0,0.0
83,1,5,1.0,10.250487403706016,6,0.5619647119389714,0,0.0,0.35000000000000003,42.734,24.015,1.7794711638559235,0.0
83,2,5,0.0,-25.975355852567283,200,0.0,0,0.0,14.950000000000003,918.0810000000008,53.42100000000001,17.18576964115237,0.0
83,3,5,1.0,9.46961327273205,12,0.5795836949735811,0,0.0,0.8000000000000002,65.673,38.062999999999995,1.7253763497359644,0.0
83,4,5,0.0,-22.985189972923415,200,0.0,0,0.0,10.000000000000007,735.5329999999994,57.245000000000005,12.848860162459593,0.0
84,0,5,0.0,-25.249400143002262,200,0.0,0,0.0,15.000000000000002,1339.4510000000014,26.573000000000004,50.40646520904682,0.0
84,1,5,0.0,-26.056731667682218,200,0.0,0,0.0,15.000000000000002,1441.9059999999965,63.999,22.530133283332496,0.0
84,2,5,0.0,-13.133732694254014,16,0.0,10,1.0,0.5,43.482000000000006,52.36699999999999,0.8303320793629578,0.0
84,3,5,1.0,10.44985766504209,4,0.6060992598311543,0,0.0,0.35,59.580999999999996,36.112,1.649894771821001,0.0
84,4,5,0.0,-13.199883270046008,16,0.0,10,1.0,0.39999999999999997,28.811,49.772999999999996,0.578847969782814,0.0
85,0,5,1.0,9.635280801044841,10,0.8944206486065528,0,0.0,0.8000000000000002,53.931000000000004,48.237,1.118042166801418,0.0
85,1,5,1.0,9.851195147002183,8,0.7930802753227713,0,0.0,0.75,49.106,38.94500000000001,1.2609064064706637,0.0
85,2,5,1.0,10.052448303499867,7,0.7905797866722991,0,0.0,0.55,47.345000000000006,37.43000000000001,1.26489446967673,0.0
85,3,5,1.0,9.367137460908676,12,0.3892521063573694,0,0.0,1.05,73.11200000000002,28.459,2.5690291296250756,0.0
85,4,5,1.0,10.36857810317422,5,0.9777244042573231,0,0.0,0.3,21.234,20.761,1.022783102933385,0.0
86,0,5,0.0,-25.786444141689316,200,0.0,0,0.0,15.000000000000002,1305.7200000000064,49.178000000000004,26.550896742445936,0.0
86,1,5,1.0,10.146781511714195,6,0.6784866575559231,0,0.0,0.5499999999999999,27.806000000000004,18.866,1.4738683345701264,0.0
86,2,5,1.0,10.590462021366424,3,0.8524174620560163,0,0.0,0.25,31.955,27.239,1.173134109181688,0.0
86,3,5,0.0,-28.15090697510398,200,0.0,0,0.0,19.80000000000003,937.9929999999987,56.716,16.538419493617297,0.0
86,4,5,1.0,10.610711049400761,3,1.0,0,0.0,0.2,13.684000000000001,13.684000000000001,1.0,0.0
87,0,5,0.0,-27.50116871022818,200,0.0,0,0.0,20.10000000000003,580.9820000000009,19.329,30.057530136065026,0.0
87,1,5,0.0,-13.258409525209466,14,0.0,10,1.0,0.30000000000000004,21.707,54.424,0.3988497721593415,0.0
87,2,5,0.0,-13.193660438613927,14,0.0,10,1.0,0.25,26.023,75.46500000000002,0.34483535413767963,0.0
87,3,5,1.0,9.642703247932218,9,0.8862666219689351,0,0.0,1.0,44.745,39.656,1.1283286261851926,0.0
87,4,5,1.0,10.269849814868746,5,1.0,0,0.0,0.5000000000000001,24.037,24.037,1.0,0.0
88,0,5,0.0,-12.902027438115123,11,0.0,10,1.0,0.1,5.198,33.53,0.15502535043244856,0.0
88,1,5,1.0,9.052319433462822,13,0.7679250263991552,0,0.0,1.4000000000000004,75.76,58.178,1.3022104575612776,0.0
88,2,5,0.0,-23.210377262069475,200,0.0,0,0.0,10.000000000000007,424.99399999999923,33.266,12.775626766067434,0.0
88,3,5,0.0,-25.45368306975998,200,0.0,0,0.0,15.000000000000002,1349.6649999999984,49.827999999999996,27.086477482539905,0.0
88,4,5,0.0,-12.857644066773325,11,0.0,10,1.0,0.05,5.857,33.127,0.17680441935581248,0.0
89,0,5,1.0,9.203923957465765,13,0.8676559559021242,0,0.0,1.1000000000000003,59.504,51.629,1.1525305545333049,0.0
89,1,5,0.0,-28.050986045887516,200,0.0,0,0.0,19.65000000000003,933.3629999999987,37.265,25.04663893734063,0.0
89,2,5,0.0,-25.938356365307097,200,0.0,0,0.0,15.100000000000003,1784.5289999999918,56.587999999999994,31.535466883438044,0.0
89,3,5,1.0,10.224501304228447,6,0.79130907115698,0,0.0,0.39999999999999997,36.82,29.136000000000003,1.2637287204832508,0.0
89,4,5,1.0,10.339847031206144,5,0.8089458583606829,0,0.0,0.35,48.446999999999996,39.191,1.236176673215789,0.0
90,0,5,0.0,-25.772003588886857,200,0.0,0,0.0,15.000000000000004,1021.0649999999995,48.483000000000004,21.06026854773837,0.0
90,1,5,0.0,-25.450967573221725,200,0.0,0,0.0,15.000000000000004,1059.7389999999968,53.535999999999994,19.794885684399226,0.0
90,2,5,0.0,-25.604522332030996,200,0.0,0,0.0,15.000000000000002,704.5579999999981,39.159000000000006,17.992236778262928,0.0
90,3,5,0.0,-25.57485919933893,200,0.0,0,0.0,15.000000000000002,934.959000000003,45.986999999999995,20.33094135299113,0.0
90,4,5,0.0,-25.96828985729632,200,0.0,0,0.0,15.050000000000002,1358.7030000000018,45.619,29.783708542493297,0.0
91,0,5,0.0,-28.31880964724179,200,0.0,0,0.0,19.950000000000028,945.5979999999986,42.437,22.282395079765266,0.0
91,1,5,1.0,10.157208642940946,6,0.7965732087227414,0,0.0,0.55,25.68,20.456,1.255377395385217,0.0
91,2,5,0.0,-30.565071750966418,200,0.0,0,0.0,25.0,997.6000000000055,49.407,20.19147084421247,0.0
91,3,5,0.0,-31.02431498257848,200,0.0,0,0.0,24.9,1469.4310000000037,28.7,51.199686411149955,0.0
91,4,5,0.0,-25.241474364023002,200,0.0,0,0.0,15.000000000000002,1313.0000000000066,25.394000000000002,51.70512719540074,0.0
92,0,5,0.0,-24.719153240085035,200,0.0,0,0.0,13.350000000000012,711.3570000000012,22.592,31.487119334277676,0.0
92,1,5,1.0,10.754658826411859,2,1.0,0,0.0,0.1,8.163,8.163,1.0,0.0
92,2,5,0.0,-22.957332173214624,200,0.0,0,0.0,10.000000000000007,845.599999999997,29.882,28.29797202329151,0.0
92,3,5,0.0,-13.148049806272148,18,0.0,10,1.0,0.6000000000000001,55.653,60.394000000000005,0.9214988243865283,0.0
92,4,5,0.0,-14.21398893126221,18,0.0,10,1.0,0.55,60.82899999999999,21.502,2.8289926518463395,0.0
93,0,5,1.0,10.150702722945711,7,0.7808508631261202,0,0.0,0.35,53.005,41.389,1.2806542801227379,0.0
93,1,5,0.0,-13.92844454976303,18,0.0,10,1.0,0.5,29.423000000000002,31.65,0.9296366508688785,0.0
93,2,5,0.0,-23.474946062567497,200,0.0,0,0.0,10.050000000000008,1079.6880000000024,44.496,24.26483279395906,0.0
93,3,5,1.0,10.000704820591121,7,1.0,0,0.0,0.6500000000000001,36.676,36.676,1.0,0.0
93,4,5,0.0,-13.463217329784724,18,0.0,10,1.0,0.65,40.562,59.366,0.6832530404608699,0.0
94,0,5,1.0,9.656848902836,10,0.8268497182580409,0,0.0,0.75,51.643,42.70100000000001,1.2094096156998664,0.0
94,1,5,0.0,-23.156483525229476,200,0.0,0,0.0,10.050000000000008,948.0789999999993,56.541000000000004,16.76799136909498,0.0
94,2,5,0.0,-25.54768269649866,200,0.0,0,0.0,15.000000000000002,1604.7679999999993,68.82999999999998,23.31494987650733,0.0
94,3,5,0.0,-23.273382609742864,200,0.0,0,0.0,10.050000000000008,1684.5980000000077,49.821,33.81301057786892,0.0
94,4,5,0.0,-25.603082512892694,200,0.0,0,0.0,15.000000000000004,1342.1910000000016,34.128,39.32814697609006,0.0
95,0,5,1.0,10.634083372334024,3,1.0,0,0.0,0.15000000000000002,14.957,14.957,1.0,0.0
95,1,5,0.0,-25.813995789325176,200,0.0,0,0.0,14.850000000000003,508.43499999999716,42.510999999999996,11.960080920232345,0.0
95,2,5,0.0,-23.699577576344275,200,0.0,0,0.0,12.000000000000016,622.2449999999997,22.726,27.38031329754465,0.0
95,3,5,0.0,-25.412100082034446,200,0.0,0,0.0,15.000000000000004,1246.9999999999984,48.76,25.574241181296113,0.0
95,4,5,1.0,10.753734903381641,2,1.0,0,0.0,0.1,16.56,16.56,1.0,0.0
96,0,5,1.0,10.3468770272176,5,0.6914675767918089,0,0.0,0.35,30.765,21.273000000000003,1.4461994076999012,0.0
96,1,5,0.0,-25.214893281877664,200,0.0,0,0.0,15.000000000000004,866.2000000000021,12.697,68.22083956840216,0.0
96,2,5,0.0,-22.95169679554796,200,0.0,0,0.0,10.000000000000007,921.0000000000024,54.986000000000004,16.74971811006442,0.0
96,3,5,0.0,-26.93473203251465,200,0.0,0,0.0,16.700000000000053,702.0229999999993,57.45099999999999,12.219508798802448,0.0
96,4,5,0.0,-25.57977157763004,200,0.0,0,0.0,15.000000000000004,1037.932999999998,56.737,18.293758922748786,0.0
97,0,5,0.0,-23.5441749771753,200,0.0,0,0.0,10.100000000000009,704.7719999999998,56.956,12.373972891354725,0.0
97,1,5,0.0,-25.57823679949871,200,0.0,0,0.0,15.000000000000004,604.1999999999995,38.294000000000004,15.777928657230882,0.0
97,2,5,0.0,-23.041754781346995,200,0.0,0,0.0,10.000000000000007,544.3999999999982,64.783,8.403439173857311,0.0
97,3,5,1.0,9.761347844552983,9,0.6873047844236215,0,0.0,0.7500000000000001,34.257,23.545,1.4549585899341684,0.0
97,4,5,1.0,10.489310379341408,4,1.0,0,0.0,0.25,19.982000000000003,19.982000000000003,1.0,0.0
98,0,5,0.0,-23.589021817023678,200,0.0,0,0.0,10.050000000000008,627.4279999999992,37.677,16.652812060408184,0.0
98,1,5,1.0,9.93152336953261,8,0.9031646255554353,0,0.0,0.6000000000000001,55.361999999999995,50.001000000000005,1.1072178556428869,0.0
98,2,5,1.0,9.95258929793349,8,0.639767686201261,0,0.0,0.5500000000000002,68.52799999999999,43.842000000000006,1.5630673783130327,0.0
98,3,5,0.0,-32.935025865406864,200,0.0,0,0.0,29.850000000000005,1419.4530000000027,64.565,21.984867962518436,0.0
98,4,5,0.0,-27.94115456968172,200,0.0,0,0.0,20.000000000000014,1254.1999999999955,51.032000000000004,24.5767361655431,0.0
99,0,5,1.0,10.344203950563982,5,0.842303845804164,0,0.0,0.35000000000000003,21.998,18.529,1.1872200334610612,0.0
99,1,5,0.0,-23.027308524964603,200,0.0,0,0.0,10.000000000000007,657.6000000000016,58.663000000000004,11.209791521061002,0.0
99,2,5,0.0,-23.361731669101573,200,0.0,0,0.0,10.050000000000008,942.1110000000028,47.229,19.94772279743384,0.0
99,3,5,1.0,10.734925816023738,2,0.6449760765550239,0,0.0,0.15000000000000002,15.675,10.11,1.5504451038575668,0.0
99,4,5,0.0,-25.20168571231886,200,0.0,0,0.0,13.300000000000013,938.0129999999991,58.105999999999995,16.143134960245057,0.0
100,0,5,0.0,-25.523218801779006,200,0.0,0,0.0,15.000000000000004,1354.5999999999983,45.868,29.532571727566022,0.0
100,1,5,0.0,-22.941019917582413,200,0.0,0,0.0,10.000000000000007,514.5999999999981,23.296000000000003,22.089629120879035,0.0
100,2,5,0.0,-25.510484178421585,200,0.0,0,0.0,15.000000000000004,1036.4079999999979,31.476,32.926928453424765,0.0
100,3,5,0.0,-25.65996283021372,200,0.0,0,0.0,15.000000000000004,964.0000000000041,30.132,31.992566042745388,0.0
100,4,5,0.0,-25.436592255317404,200,0.0,0,0.0,15.000000000000002,678.3660000000012,47.439,14.299753367482477,0.0
101,0,5,0.0,-25.66253055688531,200,0.0,0,0.0,14.950000000000003,398.0449999999986,31.335,12.702888144247602,0.0
101,1,5,0.0,-23.12374034571538,200,0.0,0,0.0,10.000000000000007,1345.8000000000047,54.379999999999995,24.748069143067394,0.0
101,2,5,0.0,-25.688970735189095,200,0.0,0,0.0,15.000000000000002,961.9570000000041,28.02,34.331084939329195,0.0
101,3,5,1.0,10.060141585852824,7,0.8398972766821902,0,0.0,0.55,52.179,43.825,1.1906217912150598,0.0
101,4,5,0.0,-23.05345911949684,200,0.0,0,0.0,10.000000000000007,639.200000000003,59.784,10.69182389937112,0.0
102,0,5,1.0,10.110404275959853,7,0.861020978571658,0,0.0,0.44999999999999996,31.127000000000002,26.801000000000002,1.1614118876161337,0.0
102,1,5,0.0,-22.959680439395875,200,0.0,0,0.0,10.000000000000007,1659.8399999999979,48.066,34.532517788041396,0.0
102,2,5,0.0,-23.141573239518586,200,0.0,0,0.0,10.050000000000008,284.52699999999936,51.591,5.515051074799856,0.0
102,3,5,1.0,10.397582729070535,4,0.41075490089894945,0,0.0,0.45,18.466,7.585000000000001,2.4345418589321026,0.0
102,4,5,0.0,-22.994661080634252,200,0.0,0,0.0,10.000000000000007,1233.373999999999,53.228,23.171526264372112,0.0
103,0,5,0.0,-23.692625754140522,200,0.0,0,0.0,10.000000000000007,1486.3640000000048,26.023000000000003,57.117319294470455,0.0
103,1,5,1.0,9.980043898156277,8,0.9022576244333936,0,0.0,0.49999999999999994,45.446,41.004000000000005,1.1083308945468733,0.0
103,2,5,0.0,-25.571616640336913,200,0.0,0,0.0,15.000000000000004,386.60100000000114,43.67699999999999,8.851363417817184,0.0
103,3,5,0.0,-22.993873885289776,200,0.0,0,0.0,10.000000000000007,877.331000000002,63.133,13.89655172413796,0.0
103,4,5,1.0,10.083059303080585,7,0.599576087896877,0,0.0,0.5,46.236,27.722,1.6678450328259142,0.0
104,0,5,0.0,-23.255659332352945,200,0.0,0,0.0,10.000000000000007,1455.5549999999969,72.763,20.004054258345544,0.0
104,1,5,1.0,9.792075558814743,9,0.6677124514888834,0,0.0,0.7000000000000001,55.141999999999996,36.819,1.497650669491295,0.0
104,2,5,0.0,-32.87177294701877,200,0.0,0,0.0,30.000000000000004,1417.7940000000028,30.407,46.62722399447505,0.0
104,3,5,1.0,10.106572672610408,7,0.8433292533659731,0,0.0,0.45,34.314,28.938000000000002,1.18577648766328,0.0
104,4,5,0.0,-23.063579293608022,200,0.0,0,0.0,10.000000000000007,596.786999999999,49.859,11.96949397300385,0.0
105,0,5,0.0,-13.421891063171055,15,0.0,10,1.0,0.35,23.659999999999997,50.38699999999999,0.46956556254589477,0.0
105,1,5,1.0,10.228379435275173,6,0.4977957173937936,0,0.0,0.4,34.932,17.389,2.0088561734429815,0.0
105,2,5,0.0,-12.954467294062974,16,0.0,10,1.0,0.39999999999999997,31.436999999999998,34.428,0.9131230393865458,0.0
105,3,5,0.0,-13.157595649749025,15,0.0,10,1.0,0.35000000000000003,29.325999999999997,26.895,1.0903885480572597,0.0
105,4,5,0.0,-13.589739660426643,16,0.0,10,1.0,0.3,27.822,34.455,0.8074880278624292,0.0
106,0,5,1.0,10.178598596332352,6,0.937767044399034,0,0.0,0.49999999999999994,37.681,35.336,1.066362916006339,0.0
106,1,5,0.0,-28.149488224517413,200,0.0,0,0.0,19.750000000000032,603.378000000001,37.663,16.02044446804559,0.0
106,2,5,0.0,-23.229408104710096,200,0.0,0,0.0,10.100000000000009,529.2739999999981,62.038,8.53144846706854,0.0
106,3,5,0.0,-25.612447207883548,200,0.0,0,0.0,15.000000000000002,1729.2900000000016,51.144000000000005,33.812177381511056,0.0
106,4,5,1.0,10.42382738309893,4,0.5218618656295086,0,0.0,0.4,15.941000000000003,8.318999999999999,1.9162158913330933,0.0
107,0,5,0.0,-23.768834618680412,200,0.0,0,0.0,10.300000000000013,872.6960000000023,29.175,29.912459297343695,0.0
107,1,5,0.0,-30.823000535331825,200,0.0,0,0.0,24.75,536.6670000000005,59.775999999999996,8.977967746252686,0.0
107,2,5,0.0,-30.48632664556108,200,0.0,0,0.0,25.0,1593.9629999999954,51.48700000000001,30.958552644356732,0.0
107,3,5,0.0,-23.313134167849594,200,0.0,0,0.0,10.050000000000008,1205.2369999999978,46.494,25.922420097216797,0.0
107,4,5,0.0,-26.291897359454897,200,0.0,0,0.0,16.699999999999996,985.8630000000009,61.048,16.148981129602948,0.0
108,0,5,0.0,-23.52782370725612,200,0.0,0,0.0,10.000000000000007,1209.8239999999978,19.184,63.06422018348612,0.0
108,1,5,1.0,10.441831267874166,4,1.0,0,0.0,0.35,15.735000000000001,15.735000000000001,1.0,0.0
108,2,5,1.0,10.632079026872317,3,0.7670447615562873,0,0.0,0.15000000000000002,16.398,12.578,1.3037048815391954,0.0
108,3,5,0.0,-23.026296147442213,200,0.0,0,0.0,10.000000000000007,514.5999999999981,52.251,9.848615337505466,0.0
108,4,5,0.0,-23.520354731097516,200,0.0,0,0.0,10.050000000000008,634.7549999999993,61.75099999999999,10.27926673252254,0.0
109,0,5,0.0,-23.333742120874952,200,0.0,0,0.0,10.000000000000007,1896.7369999999928,64.72800000000001,29.303191818069344,0.0
109,1,5,0.0,-23.395075980499783,200,0.0,0,0.0,10.050000000000008,678.6750000000034,45.538,14.903487197505456,0.0
109,2,5,0.0,-22.98593614175859,200,0.0,0,0.0,10.000000000000007,1093.4890000000019,11.964,91.39827816783699,0.0
109,3,5,1.0,10.342100860922518,5,0.7695042145800232,0,0.0,0.35,37.132999999999996,28.573999999999998,1.299538041576258,0.0
109,4,5,1.0,10.730060748822217,2,1.0,0,0.0,0.15000000000000002,12.099,12.099,1.0,0.0
110,0,5,0.0,-12.906260575296109,11,0.0,10,1.0,0.1,10.234,52.599000000000004,0.19456643662427042,0.0
110,1,5,0.0,-23.72216777654959,200,0.0,0,0.0,10.150000000000011,863.0880000000024,74.18199999999999,11.634736189372118,0.0
110,2,5,1.0,10.227905346187555,6,0.9303928836174947,0,0.0,0.39999999999999997,26.979999999999997,25.102000000000004,1.0748147557963506,0.0
110,3,5,0.0,-13.140474186397661,11,0.0,10,1.0,0.1,5.023,31.127000000000002,0.16137115687345388,0.0
110,4,5,1.0,10.32762075471698,5,0.4021854606161785,0,0.0,0.39999999999999997,26.356,10.600000000000001,2.4864150943396224,0.0
111,0,5,1.0,10.392655093366445,5,0.7188862567377348,0,0.0,0.25,29.127,20.939,1.3910406418644634,0.0
111,1,5,0.0,-25.55576760364763,200,0.0,0,0.0,15.000000000000004,785.4630000000033,53.185,14.768506157751306,0.0
111,2,5,0.0,-24.785730352102195,200,0.0,0,0.0,13.350000000000012,666.5139999999983,33.655,19.804308423711134,0.0
111,3,5,0.0,-23.395590395017226,200,0.0,0,0.0,10.050000000000008,1024.1629999999946,30.505000000000003,33.57361088346155,0.0
111,4,5,1.0,10.29498756485571,5,0.9998713771222776,0,0.0,0.44999999999999996,23.323999999999998,23.321,1.0001286394236952,0.0
112,0,5,0.0,-25.589501135963715,200,0.0,0,0.0,15.000000000000004,559.4000000000025,31.251,17.90022719272991,0.0
112,1,5,0.0,-23.256628304093592,200,0.0,0,0.0,10.100000000000009,614.8450000000028,42.74999999999999,14.382339181286616,0.0
112,2,5,1.0,10.207925143350876,6,0.6330996071410812,0,0.0,0.45,40.218,25.462000000000003,1.5795302804178775,0.0
112,3,5,0.0,-28.20835180894674,200,0.0,0,0.0,19.80000000000003,1022.4399999999963,56.11000000000001,18.22206380324356,0.0
112,4,5,0.0,-22.803187780175993,200,0.0,0,0.0,10.000000000000007,1185.3999999999999,30.115000000000002,39.362443964801585,0.0
113,0,5,1.0,9.325505975941766,12,0.7446692260133142,0,0.0,1.1000000000000003,69.549,51.791,1.3428781062346742,0.0
113,1,5,1.0,9.388781339506416,12,0.43435359078359864,0,0.0,1.0,58.678000000000004,25.487000000000002,2.302271746380508,0.0
113,2,5,0.0,-30.596436169195165,200,0.0,0,0.0,24.650000000000002,532.2900000000006,52.271,10.18327562128141,0.0
113,3,5,0.0,-24.750961424745185,200,0.0,0,0.0,13.300000000000013,665.6809999999982,28.749,23.15492712790004,0.0
113,4,5,1.0,9.79900279522271,9,0.7557475994513032,0,0.0,0.7000000000000001,36.449999999999996,27.546999999999997,1.323193088176571,0.0
114,0,5,0.0,-26.480604043882373,200,0.0,0,0.0,16.650000000000052,659.6779999999992,45.303000000000004,14.561463920711633,0.0
114,1,5,1.0,10.875,1,1.0,0,0.0,0.05,4.423,4.423,1.0,0.0
114,2,5,1.0,10.220942518868261,6,0.7092445075853672,0,0.0,0.39999999999999997,39.418,27.957,1.4099509961726937,0.0
114,3,5,0.0,-23.071009912368954,200,0.0,0,0.0,10.000000000000007,1166.0000000000014,69.61,16.750466886941553,0.0
114,4,5,0.0,-25.624302016849658,200,0.0,0,0.0,14.950000000000003,1449.5769999999948,39.17,37.0073270359968,0.0
115,0,5,0.0,-25.315494880545987,200,0.0,0,0.0,15.000000000000002,1605.0739999999994,29.3,54.78068259385663,0.0
115,1,5,1.0,9.962304863841561,7,0.6985935552786184,0,0.0,0.75,39.318999999999996,27.467999999999996,1.43144750254842,0.0
115,2,5,0.0,-25.80484729194774,200,0.0,0,0.0,15.000000000000002,613.4199999999994,45.217000000000006,13.566136630028513,0.0
115,3,5,1.0,10.003262920641577,7,1.0,0,0.0,0.65,38.156,38.156,1.0,0.0
115,4,5,0.0,-25.641412771112222,200,0.0,0,0.0,14.950000000000003,1154.9440000000031,60.26100000000001,19.165695889547187,0.0
116,0,5,1.0,10.753543743078627,2,1.0,0,0.0,0.1,11.739,11.739,1.0,0.0
116,1,5,0.0,-23.10241913772545,200,0.0,0,0.0,10.000000000000007,2116.9150000000086,52.001999999999995,40.70833814084091,0.0
116,2,5,0.0,-22.899611848825373,200,0.0,0,0.0,10.000000000000007,1149.1479999999965,24.475,46.95191011235941,0.0
116,3,5,1.0,10.463783496007098,4,0.6818113070570796,0,0.0,0.3,33.059000000000005,22.54,1.4666814551907723,0.0
116,4,5,0.0,-28.38688385844959,200,0.0,0,0.0,19.900000000000023,565.6769999999992,54.115,10.453238473620978,0.0
117,0,5,0.0,-25.585256006402403,200,0.0,0,0.0,15.000000000000004,1603.1019999999994,58.729000000000006,27.29659963561442,0.0
117,1,5,1.0,10.875,1,1.0,0,0.0,0.05,6.783,6.783,1.0,0.0
117,2,5,0.0,-12.837473617375311,12,0.0,10,1.0,0.2,26.436999999999998,45.67400000000001,0.5788194596488154,0.0
117,3,5,0.0,-13.05104746751525,12,0.0,10,1.0,0.1,8.391,18.855,0.4450278440731901,0.0
117,4,5,0.0,-23.67845753658402,200,0.0,0,0.0,10.050000000000008,654.327999999999,53.91699999999998,12.135838418309609,0.0
118,0,5,1.0,10.107833219534985,7,0.8543751918943814,0,0.0,0.45,32.57,27.827,1.1704459697416179,0.0
118,1,5,1.0,9.587545298213238,10,0.8405281063263472,0,0.0,0.9000000000000001,56.730999999999995,47.684,1.189728210720577,0.0
118,2,5,0.0,-25.63516866104044,200,0.0,0,0.0,14.950000000000003,1006.8900000000028,79.39,12.682831590880498,0.0
118,3,5,1.0,10.728442509779857,2,1.0,0,0.0,0.15000000000000002,13.036999999999999,13.036999999999999,1.0,0.0
118,4,5,0.0,-22.763783115276954,200,0.0,0,0.0,10.000000000000007,1486.2000000000048,30.726,48.369459090021635,0.0
119,0,5,0.0,-22.965012145152997,200,0.0,0,0.0,10.000000000000007,965.0000000000034,40.757000000000005,23.676914395073318,0.0
119,1,5,0.0,-24.63215747982434,200,0.0,0,0.0,13.300000000000013,918.1909999999973,32.093,28.61032000747818,0.0
119,2,5,0.0,-25.780654802302504,200,0.0,0,0.0,15.100000000000003,734.144999999998,39.782999999999994,18.45373652062434,0.0
119,3,5,1.0,10.31846484224437,5,0.7797432484650723,0,0.0,0.39999999999999997,23.291000000000004,18.161,1.2824734320797313,0.0
119,4,5,1.0,10.614353741496599,3,0.7330333252250061,0,0.0,0.2,8.222,6.026999999999999,1.3641944582711134,0.0
120,0,5,0.0,-22.796913010653448,200,0.0,0,0.0,10.000000000000007,1452.599999999997,35.763,40.61739786930618,0.0
120,1,5,1.0,9.208712414119217,13,0.6515931416971763,0,0.0,1.1000000000000003,110.34799999999998,71.902,1.5347000083446911,0.0
120,2,5,1.0,10.462189207650274,4,1.0,0,0.0,0.3,26.352,26.352,1.0,0.0
120,3,5,1.0,9.359813344732128,12,0.7065117349286703,0,0.0,1.0,69.53599999999999,49.12800000000001,1.4154046572219503,0.0
120,4,5,0.0,-22.868331532396862,200,0.0,0,0.0,10.000000000000007,657.9999999999998,24.987000000000002,26.333693520630717,0.0
121,0,5,0.0,-25.597473939184212,200,0.0,0,0.0,15.000000000000004,901.399999999996,46.23799999999999,19.494787836844072,0.0
121,1,5,0.0,-23.459671814671886,200,0.0,0,0.0,10.150000000000011,780.803000000001,42.217,18.49499016983682,0.0
121,2,5,0.0,-23.5517569361332,200,0.0,0,0.0,10.100000000000009,634.4519999999985,45.955000000000005,13.805940594059372,0.0
121,3,5,1.0,9.736932368166324,9,0.9477105934907465,0,0.0,0.8,50.144000000000005,47.522,1.0551744455199699,0.0
121,4,5,0.0,-24.270892196343024,200,0.0,0,0.0,12.500000000000014,894.5209999999998,36.752,24.33938289072703,0.0
122,0,5,0.0,-13.55550371352268,18,0.0,10,1.0,0.65,40.086999999999996,51.299,0.7814382346634436,0.0
122,1,5,0.0,-12.586920930232559,12,0.0,10,1.0,0.3,9.375,12.9,0.7267441860465116,0.0
122,2,5,0.0,-13.05123119328301,12,0.0,10,1.0,0.15000000000000002,11.353,58.95499999999999,0.19257060469849888,0.0
122,3,5,1.0,10.75597927593706,2,0.9201883460859328,0,0.0,0.1,8.495000000000001,7.817,1.0867340411922735,0.0
122,4,5,0.0,-13.26272537353344,18,0.0,10,1.0,0.6,52.309999999999995,59.83400000000001,0.8742520974696658,0.0
123,0,5,1.0,9.780215664018161,8,0.8983184006418827,0,0.0,0.9000000000000001,59.824,53.74099999999999,1.1131910459425765,0.0
123,1,5,0.0,-22.93551333169989,200,0.0,0,0.0,10.000000000000007,809.7710000000017,44.893,18.037800993473407,0.0
123,2,5,1.0,10.328407547798559,5,0.7257474530669004,0,0.0,0.39999999999999997,33.079,24.006999999999998,1.377889782146874,0.0
123,3,5,1.0,10.626357664233577,3,0.3171785769408859,0,0.0,0.2,12.958000000000002,4.11,3.152798053527981,0.0
123,4,5,1.0,10.07608128352583,7,0.7196063430240646,0,0.0,0.49999999999999994,28.756,20.693,1.3896486734644564,0.0
124,0,5,0.0,-25.53583460385888,200,0.0,0,0.0,15.000000000000002,399.18199999999985,38.041999999999994,10.493191735450289,0.0
124,1,5,0.0,-23.223344041609227,200,0.0,0,0.0,10.000000000000007,2044.0000000000048,45.759,44.66880832186028,0.0
124,2,5,1.0,10.654860210481557,2,1.0,0,0.0,0.3,9.407,9.407,1.0,0.0
124,3,5,0.0,-25.507333659273765,200,0.0,0,0.0,15.000000000000004,962.181000000004,44.998000000000005,21.38275034445984,0.0
124,4,5,0.0,-25.697069526182844,200,0.0,0,0.0,15.050000000000002,1248.3630000000007,56.583000000000006,22.062509941148413,0.0
125,0,5,0.0,-25.62298962100504,200,0.0,0,0.0,15.000000000000004,1037.5899999999979,34.010999999999996,30.507482873188028,0.0
125,1,5,0.0,-23.050098231827146,200,0.0,0,0.0,10.000000000000007,687.6149999999982,63.11599999999999,10.894464161226919,0.0
125,2,5,1.0,10.151538801540696,6,0.9613038331967587,0,0.0,0.5499999999999999,32.949,31.674,1.0402538359537792,0.0
125,3,5,0.0,-26.05666928721175,200,0.0,0,0.0,16.250000000000018,1178.7499999999982,41.976000000000006,28.081522774918955,0.0
125,4,5,0.0,-24.800056686046464,200,0.0,0,0.0,13.350000000000012,1304.5399999999986,34.4,37.922674418604615,0.0
126,0,5,0.0,-25.651608786189335,200,0.0,0,0.0,15.000000000000002,444.37200000000166,44.661,9.949889165043363,0.0
126,1,5,1.0,10.09692274154168,7,0.8037848256527074,0,0.0,0.44999999999999996,28.535,22.936000000000003,1.2441140565050575,0.0
126,2,5,1.0,10.365680699481866,5,0.6280507647250243,0,0.0,0.3,24.584000000000003,15.44,1.5922279792746117,0.0
126,3,5,0.0,-22.91673290938002,200,0.0,0,0.0,10.000000000000007,687.9329999999982,45.288,15.190182829888673,0.0
126,4,5,1.0,10.498157415536696,4,0.9527837159587322,0,0.0,0.25,32.277,30.753,1.049556140864306,0.0
127,0,5,1.0,10.490855316207812,4,1.0,0,0.0,0.25,26.043000000000003,26.043000000000003,1.0,0.0
127,1,5,1.0,10.22128241950771,6,0.9261318295472681,0,0.0,0.4,37.594,34.817,1.0797598874113221,0.0
127,2,5,1.0,10.344647783251231,5,0.8050763434463614,0,0.0,0.35000000000000003,20.171999999999997,16.24,1.2421182266009851,0.0
127,3,5,1.0,10.582560095666626,3,1.0,0,0.0,0.25,24.669,24.669,1.0,0.0
127,4,5,1.0,10.252859975762917,6,0.5287008183592043,0,0.0,0.35,34.337,18.154,1.89142888619588,0.0
128,0,5,0.0,-25.443035258048074,200,0.0,0,0.0,15.000000000000004,1127.985000000002,48.925000000000004,23.055390904445616,0.0
128,1,5,1.0,10.608166223725537,3,1.0,0,0.0,0.2,12.417000000000002,12.417000000000002,1.0,0.0
128,2,5,0.0,-22.776861904934847,200,0.0,0,0.0,10.000000000000007,2457.9999999999945,55.077999999999996,44.62761901303596,0.0
128,3,5,1.0,9.874535768261964,9,0.8785907139379454,0,0.0,0.5499999999999999,45.18599999999999,39.699999999999996,1.1381863979848865,0.0
128,4,5,0.0,-23.081506703553952,200,0.0,0,0.0,10.000000000000007,731.679000000003,37.592,19.463689082783652,0.0
129,0,5,1.0,10.270465216223476,5,0.8617257661327655,0,0.0,0.5,43.20399999999999,37.23,1.1604619930163846,0.0
129,1,5,0.0,-23.29579309204313,200,0.0,0,0.0,10.150000000000011,738.8790000000031,42.328,17.456033831033903,0.0
129,2,5,0.0,-33.52879792490115,200,0.0,0,0.0,29.750000000000004,780.8359999999975,40.480000000000004,19.28942687747029,0.0
129,3,5,0.0,-12.899999999999999,10,0.0,10,1.0,0.0,0.0,23.561,0.0,0.0
129,4,5,0.0,-12.9,10,0.0,10,1.0,0.0,0.0,42.718,0.0,0.0
130,0,5,0.0,-13.060301801642982,12,0.0,10,1.0,0.1,5.494,56.726,0.09685153192539576,0.0
130,1,5,0.0,-23.172041645678267,200,0.0,0,0.0,10.050000000000008,910.857000000002,73.45299999999999,12.400541843083362,0.0
130,2,5,0.0,-23.32320593364572,200,0.0,0,0.0,10.000000000000007,1207.1989999999978,47.592999999999996,25.365053684365304,0.0
130,3,5,0.0,-12.753436513108426,12,0.0,10,1.0,0.25,10.173,19.949,0.5099503734523033,0.0
130,4,5,0.0,-25.63112733699196,200,0.0,0,0.0,15.000000000000004,1127.7999999999995,43.004000000000005,26.225467398381532,0.0
131,0,5,1.0,9.509609673824654,11,0.7371564317747882,0,0.0,0.9000000000000001,45.041999999999994,33.203,1.3565641658886243,0.0
131,1,5,0.0,-25.405059500559823,200,0.0,0,0.0,15.000000000000004,1038.5999999999979,38.403,27.0447621279587,0.0
131,2,5,0.0,-33.02316357175037,200,0.0,0,0.0,29.800000000000004,768.0769999999975,39.958,19.222108213624242,0.0
131,3,5,1.0,9.761115697570826,10,0.47759119532535316,0,0.0,0.5499999999999999,70.508,33.674,2.093840945536616,0.0
131,4,5,1.0,9.992587024329383,8,0.6492638571052471,0,0.0,0.49999999999999994,49.379000000000005,32.06,1.5402058640049907,0.0
132,0,5,0.0,-25.435466931178297,200,0.0,0,0.0,15.000000000000004,1599.9829999999995,34.277,46.67803483385359,0.0
132,1,5,0.0,-23.08667344303726,200,0.0,0,0.0,10.000000000000007,630.9999999999968,36.400999999999996,17.334688607455753,0.0
132,2,5,0.0,-23.471682165230945,200,0.0,0,0.0,10.200000000000012,1149.781,61.29600000000001,18.75784716784129,0.0
132,3,5,1.0,9.760559780000738,9,0.9405454198274517,0,0.0,0.7500000000000001,57.60699999999999,54.182,1.06321287512458,0.0
132,4,5,1.0,9.906850784585965,7,1.0,0,0.0,0.85,38.172999999999995,38.172999999999995,1.0,0.0
133,0,5,0.0,-23.496650136188578,200,0.0,0,0.0,10.20000000000001,696.314999999999,53.23500000000001,13.080022541560984,0.0
133,1,5,1.0,9.67262546034189,10,0.7440291182725338,0,0.0,0.75,48.904,36.385999999999996,1.3440334194470402,0.0
133,2,5,1.0,10.345868783702816,5,1.0,0,0.0,0.35000000000000003,38.387,38.387,1.0,0.0
133,3,5,1.0,10.43496859813084,4,1.0,0,0.0,0.35000000000000003,26.75,26.75,1.0,0.0
133,4,5,0.0,-23.73417408631172,200,0.0,0,0.0,10.150000000000011,704.9219999999983,79.29400000000001,8.889979065250817,0.0
134,0,5,1.0,9.413045140115083,12,0.7094392454498563,0,0.0,0.9000000000000001,67.855,48.139,1.409563971000644,0.0
134,1,5,0.0,-23.18800903255269,200,0.0,0,0.0,10.000000000000007,678.3529999999993,39.413,17.21140232918071,0.0
134,2,5,0.0,-25.866255080703908,200,0.0,0,0.0,14.950000000000003,942.5600000000018,42.562999999999995,22.14505556469238,0.0
134,3,5,0.0,-25.71113803838114,200,0.0,0,0.0,15.000000000000002,534.7599999999973,50.754000000000005,10.536312408874123,0.0
134,4,5,0.0,-28.077523240371846,200,0.0,0,0.0,20.000000000000014,1634.6629999999968,24.096000000000004,67.83959993359879,0.0
135,0,5,1.0,10.014665240372516,7,0.69471705536491,0,0.0,0.6499999999999999,45.751,31.784,1.439434935816763,0.0
135,1,5,1.0,10.327530957347655,5,0.48980434782608695,0,0.0,0.39999999999999997,46.0,22.531,2.0416315298921486,0.0
135,2,5,0.0,-23.495705734444197,200,0.0,0,0.0,10.100000000000009,1202.559999999998,53.29200000000001,22.56548825339634,0.0
135,3,5,0.0,-25.794727175938263,200,0.0,0,0.0,15.000000000000004,903.317999999996,22.541999999999998,40.07266435986142,0.0
135,4,5,1.0,10.611314665401043,3,0.7462633704044769,0,0.0,0.2,14.116999999999999,10.535,1.3400094921689605,0.0
136,0,5,0.0,-25.459805365498916,200,0.0,0,0.0,15.000000000000004,1025.2050000000024,53.639,19.113052070322013,0.0
136,1,5,0.0,-25.443922633543018,200,0.0,0,0.0,15.000000000000002,1598.9189999999994,57.079,28.01238634173688,0.0
136,2,5,0.0,-22.975163699611233,200,0.0,0,0.0,10.000000000000007,761.5380000000034,39.096000000000004,19.478667894413835,0.0
136,3,5,1.0,9.763669177652229,9,0.8828028019152332,0,0.0,0.75,45.112,39.825,1.1327558066541117,0.0
136,4,5,1.0,9.963640597649412,8,0.7455257270693512,0,0.0,0.5499999999999999,42.912,31.991999999999997,1.3413353338334584,0.0
137,0,5,0.0,-22.913134401799585,200,0.0,0,0.0,10.000000000000007,1040.6300000000037,56.904,18.287466610431668,0.0
137,1,5,0.0,-23.49615502922176,200,0.0,0,0.0,10.000000000000007,750.2929999999977,9.753,76.92945760278866,0.0
137,2,5,1.0,10.152701808313257,7,0.9402926778460577,0,0.0,0.35,38.404,36.111000000000004,1.0634986569189444,0.0
137,3,5,1.0,9.761699241583981,9,0.7308518096573481,0,0.0,0.7500000000000001,45.644,33.358999999999995,1.3682664348451694,0.0
137,4,5,1.0,9.31254974310143,11,0.7624326940528767,0,0.0,1.3000000000000003,66.116,50.409,1.3115911841139478,0.0
138,0,5,0.0,-22.970612483710582,200,0.0,0,0.0,10.000000000000007,231.79999999999956,37.601,6.164729661445163,0.0
138,1,5,0.0,-22.991565659386687,200,0.0,0,0.0,10.000000000000007,638.801000000003,17.903,35.68122661006552,0.0
138,2,5,0.0,-22.972233715890965,200,0.0,0,0.0,10.000000000000007,845.599999999997,45.919,18.415035170626474,0.0
138,3,5,1.0,9.595544415696422,11,0.7633562658415354,0,0.0,0.7000000000000002,60.757999999999996,46.38,1.3100043122035359,0.0
138,4,5,1.0,9.817910332836561,9,0.8487761684902916,0,0.0,0.6499999999999999,47.433,40.26,1.178166915052161,0.0
139,0,5,0.0,-25.78836015030358,200,0.0,0,0.0,15.000000000000002,1005.0939999999958,51.895,19.36783890548214,0.0
139,1,5,1.0,10.488822097127285,4,1.0,0,0.0,0.25,22.383000000000003,22.383000000000003,1.0,0.0
139,2,5,1.0,10.416111639205745,4,1.0,0,0.0,0.39999999999999997,18.936,18.936,1.0,0.0
139,3,5,0.0,-22.9458066190037,200,0.0,0,0.0,10.050000000000008,1345.0949999999941,34.688,38.77695456642049,0.0
139,4,5,0.0,-27.85760537443743,200,0.0,0,0.0,19.950000000000028,807.9070000000033,29.323999999999998,27.55105033419736,0.0
140,0,5,0.0,-22.88249159629421,200,0.0,0,0.0,10.000000000000007,1663.999999999998,48.788000000000004,34.10674756087558,0.0
140,1,5,0.0,-23.362873612089658,200,0.0,0,0.0,10.050000000000008,877.9570000000023,41.159,21.330863237688046,0.0
140,2,5,0.0,-13.312128654161643,15,0.0,10,1.0,0.35,21.605,50.59299999999999,0.4270353606230112,0.0
140,3,5,0.0,-13.673092164915463,15,0.0,10,1.0,0.25,25.71,18.749,1.3712731345671771,0.0
140,4,5,0.0,-25.42120618758563,200,0.0,0,0.0,15.000000000000002,798.6610000000004,25.535000000000004,31.277109849226562,0.0
141,0,5,1.0,9.547700114392985,10,0.5150855882397378,0,0.0,1.0,66.189,34.093,1.9414249259378753,0.0
141,1,5,0.0,-13.167153366608538,12,0.0,10,1.0,0.2,10.183,49.887,0.20412131417002424,0.0
141,2,5,1.0,10.031673903049498,7,0.6609831859004659,0,0.0,0.6,59.236000000000004,39.154,1.5128977882208714,0.0
141,3,5,0.0,-13.369734971202307,12,0.0,10,1.0,0.15000000000000002,7.394,22.224,0.33270338372930164,0.0
141,4,5,0.0,-23.046454985147353,200,0.0,0,0.0,10.000000000000007,872.6570000000031,52.516000000000005,16.61697387462874,0.0
142,0,5,1.0,9.665668391548081,10,0.9086397178867628,0,0.0,0.75,45.93900000000001,41.742000000000004,1.1005462124478942,0.0
142,1,5,1.0,10.096670605818359,7,0.5565528581100687,0,0.0,0.49999999999999994,51.695,28.771,1.7967745299085884,0.0
142,2,5,0.0,-22.80367262032854,200,0.0,0,0.0,10.000000000000007,547.4000000000015,13.941,39.26547593429463,0.0
142,3,5,1.0,9.978269758078511,7,0.8054740138108418,0,0.0,0.7000000000000001,35.769,28.811,1.2415049807365242,0.0
142,4,5,1.0,10.223887151310228,6,0.9269343780607248,0,0.0,0.39999999999999997,25.525000000000002,23.66,1.0788250211327135,0.0
143,0,5,0.0,-12.946845568077979,12,0.0,10,1.0,0.15000000000000002,8.64,32.83,0.2631739262869327,0.0
143,1,5,1.0,9.721581543182815,9,0.7820884263941986,0,0.0,0.8500000000000001,58.330999999999996,45.62,1.2786277948268303,0.0
143,2,5,0.0,-25.445418412601303,200,0.0,0,0.0,14.950000000000003,1812.4129999999914,32.695,55.43395014528189,0.0
143,3,5,0.0,-22.988403592103314,200,0.0,0,0.0,10.000000000000007,1663.508999999998,53.89600000000001,30.865166246103566,0.0
143,4,5,0.0,-12.925419168620984,12,0.0,10,1.0,0.1,8.985,38.803,0.23155426126845863,0.0
144,0,5,1.0,9.920428883179051,8,0.6361906041470733,0,0.0,0.65,44.658,28.410999999999998,1.5718559712787303,0.0
144,1,5,0.0,-33.01709124782307,200,0.0,0,0.0,30.000000000000007,843.5999999999977,49.382000000000005,17.083147705641686,0.0
144,2,5,1.0,10.500567551963048,4,0.6402010793228358,0,0.0,0.25,27.054000000000002,17.32,1.5620092378752888,0.0
144,3,5,0.0,-25.498442674656925,200,0.0,0,0.0,15.000000000000002,739.7999999999985,50.728,14.583661882983726,0.0
144,4,5,1.0,9.934281971838082,8,0.9611417780360256,0,0.0,0.6000000000000001,41.304,39.699000000000005,1.0404292299554143,0.0
145,0,5,1.0,9.484222276632686,12,0.7897827157021307,0,0.0,0.7500000000000001,56.884,44.926,1.2661710368160974,0.0
145,1,5,1.0,10.343831496481211,5,0.6516960886119764,0,0.0,0.35,23.112000000000002,15.062,1.5344575753551988,0.0
145,2,5,0.0,-24.788700492610772,200,0.0,0,0.0,15.000000000000002,2045.131999999994,20.3,100.74541871921151,0.0
145,3,5,1.0,10.367456473991535,5,0.6444452116274253,0,0.0,0.3,28.966,18.667,1.5517222906733807,0.0
145,4,5,0.0,-30.50710494079203,200,0.0,0,0.0,25.0,445.7609999999986,48.98,9.100877909350727,0.0
146,0,5,1.0,10.654704248534102,2,1.0,0,0.0,0.3,9.721,9.721,1.0,0.0
146,1,5,0.0,-23.228657059314987,200,0.0,0,0.0,10.200000000000012,825.6500000000017,33.516,24.634502923976658,0.0
146,2,5,1.0,9.936722912697691,8,0.8457977390147833,0,0.0,0.6000000000000001,39.098,33.068999999999996,1.1823157640085882,0.0
146,3,5,0.0,-22.974519523436857,200,0.0,0,0.0,10.000000000000007,1336.8079999999998,57.495000000000005,23.250856596225752,0.0
146,4,5,1.0,9.84612158230005,9,0.8928078264329347,0,0.0,0.6,42.727,38.147,1.1200618659396544,0.0
147,0,5,1.0,10.727338638373121,2,1.0,0,0.0,0.15000000000000002,24.881999999999998,24.881999999999998,1.0,0.0
147,1,5,0.0,-23.17503744043564,200,0.0,0,0.0,10.050000000000008,581.1380000000022,49.946000000000005,11.635326152244467,0.0
147,2,5,1.0,10.754113745647487,2,1.0,0,0.0,0.1,12.062,12.062,1.0,0.0
147,3,5,1.0,10.77799844539448,2,0.2084075814028835,0,0.0,0.1,12.346,2.573,4.798289933929266,0.0
147,4,5,0.0,-25.097171168110492,200,0.0,0,0.0,13.350000000000012,814.3240000000023,35.321999999999996,23.05430043598897,0.0
148,0,5,0.0,-23.00205822694189,200,0.0,0,0.0,10.000000000000007,472.40000000000174,33.524,14.091397207970461,0.0
148,1,5,0.0,-23.089637635092107,200,0.0,0,0.0,10.000000000000007,967.8000000000052,45.617,21.21577482079061,0.0
148,2,5,1.0,10.731388389416903,2,1.0,0,0.0,0.15000000000000002,23.358,23.358,1.0,0.0
148,3,5,1.0,9.633669049532593,10,0.8410174315190324,0,0.0,0.8,56.22,47.282000000000004,1.189035996785246,0.0
148,4,5,0.0,-26.946787723060687,200,0.0,0,0.0,17.4,1064.3610000000015,49.426,21.534435317444288,0.0
149,0,5,0.0,-22.99476168023134,200,0.0,0,0.0,10.000000000000007,1658.1759999999979,48.779,33.99364480616654,0.0
149,1,5,0.0,-25.646191376203227,200,0.0,0,0.0,15.000000000000004,964.373000000004,22.750999999999998,42.38815876225239,0.0
149,2,5,0.0,-25.64681752784979,200,0.0,0,0.0,14.950000000000003,943.5099999999969,48.653999999999996,19.392239075923808,0.0
149,3,5,0.0,-23.48549374288965,200,0.0,0,0.0,10.050000000000008,529.1090000000017,26.369999999999997,20.064808494501396,0.0
149,4,5,0.0,-33.489430134168536,200,0.0,0,0.0,29.800000000000004,776.8539999999975,42.782,18.158431115889805,0.0
150,0,5,0.0,-23.564473573665406,200,0.0,0,0.0,10.25000000000001,707.4189999999988,52.37199999999999,13.50758038646603,0.0
150,1,5,1.0,10.608275532740404,3,1.0,0,0.0,0.2,16.753,16.753,1.0,0.0
150,2,5,0.0,-23.25921767511929,200,0.0,0,0.0,10.100000000000009,1049.2350000000058,59.745000000000005,17.561888024102533,0.0
150,3,5,0.0,-25.589083706302237,200,0.0,0,0.0,15.000000000000004,793.3130000000001,49.602,15.99356880770937,0.0
150,4,5,0.0,-26.033460083909418,200,0.0,0,0.0,14.950000000000003,405.3499999999997,67.69200000000001,5.988152218873717,0.0
151,0,5,0.0,-25.53876066683458,200,0.0,0,0.0,15.000000000000002,728.8989999999981,55.546,13.122439059518202,0.0
151,1,5,0.0,-13.302261419686896,19,0.0,10,1.0,0.75,48.173,32.641,1.475843264605864,0.0
151,2,5,0.0,-13.486630910460216,19,0.0,10,1.0,0.7,53.928999999999995,49.129000000000005,1.0977019682875693,0.0
151,3,5,1.0,10.473884658520749,4,0.7527995023107003,0,0.0,0.3,22.504,16.941,1.3283749483501566,0.0
151,4,5,0.0,-25.49291778659499,200,0.0,0,0.0,15.000000000000002,738.1539999999969,70.31700000000001,10.49751838104579,0.0
152,0,5,0.0,-22.97339477570134,200,0.0,0,0.0,10.000000000000007,622.0000000000022,39.278000000000006,15.835836855237082,0.0
152,1,5,0.0,-12.913693776679398,15,0.0,10,1.0,0.4,36.111000000000004,44.51,0.8113008312738712,0.0
152,2,5,0.0,-25.619102856109954,200,0.0,0,0.0,14.950000000000003,933.288000000003,55.32,16.870715835141052,0.0
152,3,5,1.0,9.716242053384688,10,0.8180755548026428,0,0.0,0.6500000000000001,59.03,48.291000000000004,1.2223809819635127,0.0
152,4,5,0.0,-13.67350261172374,15,0.0,10,1.0,0.30000000000000004,20.759,41.352000000000004,0.5020071580576514,0.0
153,0,5,1.0,9.49624038939108,11,0.7291229086695155,0,0.0,0.9000000000000001,69.035,50.335,1.371510877123274,0.0
153,1,5,0.0,-23.308492107585185,200,0.0,0,0.0,10.000000000000007,954.9480000000026,61.198,15.604235432530517,0.0
153,2,5,0.0,-25.525506696868252,200,0.0,0,0.0,15.050000000000002,941.5599999999986,40.61600000000001,23.181997242465986,0.0
153,3,5,0.0,-22.971924782250525,200,0.0,0,0.0,10.000000000000007,657.6000000000016,57.06100000000001,11.52450885894046,0.0
153,4,5,0.0,-23.0196443978692,200,0.0,0,0.0,10.000000000000007,1687.231999999999,57.254999999999995,29.46872762204173,0.0
154,0,5,0.0,-22.80670568046815,200,0.0,0,0.0,10.000000000000007,1206.9259999999979,22.726999999999997,53.10538126457509,0.0
154,1,5,0.0,-23.572310696198652,200,0.0,0,0.0,10.10000000000001,636.514000000003,65.55600000000001,9.709469766306713,0.0
154,2,5,0.0,-25.299393974207938,200,0.0,0,0.0,15.000000000000004,1026.7630000000006,34.817,29.490277737886682,0.0
154,3,5,0.0,-30.870918430015067,200,0.0,0,0.0,24.8,1459.2880000000036,53.733000000000004,27.158133735321005,0.0
154,4,5,0.0,-32.96344153797669,200,0.0,0,0.0,30.000000000000007,1421.2820000000029,38.076,37.327502888958996,0.0
155,0,5,0.0,-12.899999999999999,10,0.0,10,1.0,0.0,0.0,27.352,0.0,0.0
155,1,5,1.0,9.785133361670475,9,0.9468018210629574,0,0.0,0.7000000000000002,39.757000000000005,37.642,1.0561872376600607,0.0
155,2,5,0.0,-12.899999999999999,10,0.0,10,1.0,0.0,0.0,8.191,0.0,0.0
155,3,5,0.0,-25.668135523613937,200,0.0,0,0.0,15.000000000000002,710.529999999998,46.265,15.357829893007631,0.0
155,4,5,1.0,10.053570740465036,7,0.8630274171910134,0,0.0,0.55,52.922999999999995,45.674,1.1587117397206288,0.0
156,0,5,1.0,10.023631471817414,7,0.6585431936799474,0,0.0,0.65,70.126,46.181,1.5185032805699314,0.0
156,1,5,0.0,-22.85750017697439,200,0.0,0,0.0,10.000000000000007,1207.799999999998,42.379000000000005,28.499964605110968,0.0
156,2,5,1.0,9.31067527821256,13,0.7769892818004437,0,0.0,0.9000000000000002,74.826,58.138999999999996,1.2870190405751734,0.0
156,3,5,0.0,-22.98123050544475,200,0.0,0,0.0,10.000000000000007,807.8420000000017,54.82299999999999,14.735457745836634,0.0
156,4,5,1.0,10.707700092772201,2,0.9012617816965643,0,0.0,0.2,13.156,11.857000000000001,1.1095555368136965,0.0
157,0,5,1.0,10.875,1,1.0,0,0.0,0.05,3.598,3.598,1.0,0.0
157,1,5,0.0,-23.547606765983833,200,0.0,0,0.0,10.050000000000008,1099.9530000000018,32.22,34.13882681564252,0.0
157,2,5,0.0,-25.63710160872326,200,0.0,0,0.0,15.000000000000002,533.2699999999973,40.901999999999994,13.037748765341483,0.0
157,3,5,0.0,-25.341831615433637,200,0.0,0,0.0,15.000000000000004,1311.4600000000064,21.926000000000002,59.81300738848884,0.0
157,4,5,0.0,-25.42089513400978,200,0.0,0,0.0,15.000000000000002,1352.5279999999982,42.272999999999996,31.995079601636938,0.0
158,0,5,0.0,-25.71230056473542,200,0.0,0,0.0,15.000000000000002,690.1950000000019,47.81,14.43620581468316,0.0
158,1,5,0.0,-23.104000237579097,200,0.0,0,0.0,10.000000000000007,700.3999999999984,33.673,20.80004751581381,0.0
158,2,5,0.0,-23.840858125945456,200,0.0,0,0.0,10.10000000000001,684.105,33.713,20.292023848367098,0.0
158,3,5,1.0,10.203661057613303,6,0.9030927223079662,0,0.0,0.44999999999999996,33.692,30.427,1.1073060111085549,0.0
158,4,5,1.0,9.668065693430657,10,0.6898405762468849,0,0.0,0.7500000000000001,58.586,40.415,1.4496102932079673,0.0
159,0,5,0.0,-25.818794841303475,200,0.0,0,0.0,15.050000000000002,883.496000000003,70.63799999999999,12.507375633511753,0.0
159,1,5,1.0,9.98912360861323,8,0.8555684937203694,0,0.0,0.5,48.092,41.146,1.1688134934136976,0.0
159,2,5,1.0,10.345697951019085,5,0.7728013369542511,0,0.0,0.35,23.935,18.497,1.293993620587122,0.0
159,3,5,1.0,10.507966890448582,3,1.0,0,0.0,0.4,13.108,13.108,1.0,0.0
159,4,5,0.0,-22.51854890898527,200,0.0,0,0.0,10.050000000000008,1434.4189999999942,24.105999999999998,59.50464614618743,0.0
160,0,5,0.0,-24.81218865598034,200,0.0,0,0.0,13.350000000000012,921.8339999999972,37.306,24.710073446630496,0.0
160,1,5,0.0,-23.61435725212734,200,0.0,0,0.0,10.050000000000008,1128.6610000000035,41.836,26.978224495649762,0.0
160,2,5,0.0,-25.54219434880873,200,0.0,0,0.0,15.000000000000002,1041.0929999999976,65.933,15.790165774346647,0.0
160,3,5,0.0,-23.45047283485739,200,0.0,0,0.0,10.050000000000008,500.6470000000009,55.77,8.976994800071738,0.0
160,4,5,1.0,10.73386866059818,2,0.7461793482655454,0,0.0,0.15000000000000002,12.366999999999999,9.228,1.3401603814477676,0.0
161,0,5,0.0,-26.880184002827182,200,0.0,0,0.0,16.600000000000055,665.7619999999993,42.44499999999999,15.68528684179525,0.0
161,1,5,0.0,-22.945483412029066,200,0.0,0,0.0,10.000000000000007,1097.6759999999992,48.498999999999995,22.632961504360903,0.0
161,2,5,0.0,-26.011964218035903,200,0.0,0,0.0,14.950000000000003,1040.2400000000023,44.855,23.191171552781235,0.0
161,3,5,0.0,-27.982299748240287,200,0.0,0,0.0,20.000000000000014,1520.209999999997,38.926,39.05384575861884,0.0
161,4,5,0.0,-23.42345872435184,200,0.0,0,0.0,10.050000000000008,1152.4289999999999,56.583,20.367053708711094,0.0
162,0,5,1.0,10.729095399061034,2,1.0,0,0.0,0.15000000000000002,26.625,26.625,1.0,0.0
162,1,5,0.0,-22.950455874763495,200,0.0,0,0.0,10.000000000000007,722.3999999999994,52.317,13.808131200183485,0.0
162,2,5,0.0,-23.09902456254762,200,0.0,0,0.0,10.000000000000007,635.1999999999996,36.804,17.258993587653503,0.0
162,3,5,0.0,-12.899999999999999,10,0.0,10,1.0,0.0,0.0,25.598,0.0,0.0
162,4,5,0.0,-12.9,10,0.0,10,1.0,0.0,0.0,27.565,0.0,0.0
163,0,5,1.0,10.00119749065026,8,0.5783722682743029,0,0.0,0.5,71.658,41.445,1.7289902280130294,0.0
163,1,5,0.0,-22.834755765819015,200,0.0,0,0.0,10.000000000000007,707.2569999999993,25.365,27.883185491819408,0.0
163,2,5,0.0,-25.49751914906811,200,0.0,0,0.0,15.000000000000004,1196.6980000000035,64.494,18.55518342791583,0.0
163,3,5,1.0,10.85,1,1.0,0,0.0,0.1,6.271,6.271,1.0,0.0
163,4,5,1.0,10.200204950576381,6,0.8675852238983253,0,0.0,0.45,42.095,36.521,1.1526245174009473,0.0
164,0,5,0.0,-28.36575781792907,200,0.0,0,0.0,20.100000000000016,3791.737000000014,57.56,65.87451355107738,0.0
164,1,5,0.0,-15.09652793878971,25,0.0,10,1.0,1.5000000000000002,133.42,43.129999999999995,3.0934384419197776,0.0
164,2,5,0.0,-13.367650328448711,15,0.0,10,1.0,0.4,25.412000000000003,37.601,0.6758330895454909,0.0
164,3,5,0.0,-13.507316846756527,15,0.0,10,1.0,0.49999999999999994,28.808,53.861999999999995,0.534848316066986,0.0
164,4,5,0.0,-25.635460019995694,200,0.0,0,0.0,15.000000000000004,710.0869999999979,43.009,16.510195540468224,0.0
165,0,5,0.0,-22.76547216788191,200,0.0,0,0.0,10.000000000000007,807.8420000000017,22.492,35.91685932776105,0.0
165,1,5,0.0,-25.57842058562548,200,0.0,0,0.0,15.000000000000002,909.5579999999981,38.318,23.737094837935125,0.0
165,2,5,1.0,10.025255458750134,7,0.6472205785095201,0,0.0,0.6000000000000001,28.729,18.594,1.5450683016026674,0.0
165,3,5,1.0,9.86588095451691,8,0.8726546802014561,0,0.0,0.7500000000000001,38.321000000000005,33.441,1.1459286504590174,0.0
165,4,5,0.0,-25.614033991502147,200,0.0,0,0.0,15.000000000000002,1355.1269999999984,64.016,21.168567233191673,0.0
166,0,5,0.0,-30.670613469387675,200,0.0,0,0.0,24.95,681.3989999999975,24.5,27.81220408163255,0.0
166,1,5,1.0,9.528188301237583,11,0.6964672232529375,0,0.0,0.8500000000000002,51.744,36.038,1.4358177479327379,0.0
166,2,5,1.0,10.108633326934152,6,0.8889381890166901,0,0.0,0.65,29.298999999999996,26.044999999999998,1.1249376079861777,0.0
166,3,5,1.0,9.849206112429233,8,0.9869699288214974,0,0.0,0.7500000000000001,43.131,42.569,1.0132020954215508,0.0
166,4,5,0.0,-25.27330210772833,200,0.0,0,0.0,15.000000000000002,1349.5279999999982,37.576,35.91462635724926,0.0
167,0,5,1.0,9.755782066163668,10,0.5701522170747849,0,0.0,0.6500000000000001,60.44,34.46,1.7539175856065001,0.0
167,1,5,0.0,-24.686157203190998,200,0.0,0,0.0,13.350000000000012,839.4350000000003,31.965,26.261066791803543,0.0
167,2,5,0.0,-23.175021627110922,200,0.0,0,0.0,10.000000000000007,1699.2830000000079,53.17399999999999,31.95702787076406,0.0
167,3,5,0.0,-22.916508014493573,200,0.0,0,0.0,10.000000000000007,543.7999999999996,32.566,16.69839710127125,0.0
167,4,5,0.0,-25.77850133405684,200,0.0,0,0.0,15.000000000000002,1020.0949999999962,44.226,23.065504454393256,0.0
168,0,5,0.0,-26.04410339348548,200,0.0,0,0.0,14.950000000000003,668.1149999999988,52.86600000000001,12.63789581205309,0.0
168,1,5,1.0,9.604586107867581,10,0.6547712526346243,0,0.0,0.9000000000000001,48.39399999999999,31.687,1.5272509230914884,0.0
168,2,5,1.0,10.391663800304654,5,0.8912391337668877,0,0.0,0.25,45.669000000000004,40.702,1.1220333153162008,0.0
168,3,5,1.0,10.129539202617547,7,0.795469333654657,0,0.0,0.39999999999999997,41.495000000000005,33.007999999999996,1.2571194861851676,0.0
168,4,5,1.0,9.679062420165204,9,0.6125717266562336,0,0.0,0.9000000000000001,57.510000000000005,35.229,1.6324618921910927,0.0
169,0,5,1.0,10.560763639548123,3,1.0,0,0.0,0.30000000000000004,11.419,11.419,1.0,0.0
169,1,5,1.0,10.522809058066791,4,0.6015902464882057,0,0.0,0.2,18.865,11.349,1.6622609921578992,0.0
169,2,5,1.0,10.315381385893582,5,0.7760344324982423,0,0.0,0.4,58.317,45.256,1.2886026162276825,0.0
169,3,5,0.0,-23.010598592552512,200,0.0,0,0.0,10.000000000000007,783.4000000000004,70.19800000000001,11.159862104333461,0.0
169,4,5,0.0,-23.568760742773115,200,0.0,0,0.0,10.050000000000008,673.5959999999983,55.037,12.238966513436385,0.0
170,0,5,0.0,-13.318133786848076,14,0.0,10,1.0,0.35,16.314,35.28,0.46241496598639453,0.0
170,1,5,1.0,10.727779184247538,2,1.0,0,0.0,0.15000000000000002,7.11,7.11,1.0,0.0
170,2,5,1.0,10.606969090117545,3,0.9583611481975968,0,0.0,0.2,11.984,11.485,1.0434479756203745,0.0
170,3,5,0.0,-13.095569119917656,14,0.0,10,1.0,0.30000000000000004,22.113,48.575,0.4552341739577972,0.0
170,4,5,1.0,9.982534578593588,7,0.8629835178626211,0,0.0,0.7000000000000001,35.857,30.944000000000003,1.1587706825232678,0.0
171,0,5,0.0,-23.353167108510817,200,0.0,0,0.0,10.10000000000001,648.2639999999967,43.756,14.81543102660199,0.0
171,1,5,0.0,-25.946001808527054,200,0.0,0,0.0,15.000000000000004,919.7700000000008,51.976,17.6960520240111,0.0
171,2,5,1.0,10.75298519316957,2,0.8400610017633321,0,0.0,0.1,20.983,17.627,1.1903897430078858,0.0
171,3,5,1.0,10.243104206894369,6,0.9166376508820799,0,0.0,0.35,34.464,31.591,1.090943623183818,0.0
171,4,5,0.0,-25.688942366985497,200,0.0,0,0.0,15.000000000000002,945.5549999999986,63.245,14.95066803699895,0.0
172,0,5,0.0,-13.05012151646414,13,0.0,10,1.0,0.2,19.581,52.174,0.37530187449687585,0.0
172,1,5,0.0,-13.221194799427643,13,0.0,10,1.0,0.25,13.545,40.534,0.33416391177776683,0.0
172,2,5,1.0,9.158586494301751,13,0.5908305193761055,0,0.0,1.2,99.504,58.790000000000006,1.6925327436638884,0.0
172,3,5,1.0,10.493019811410612,4,0.7484850645184288,0,0.0,0.25,14.027000000000001,10.499,1.3360320030479094,0.0
172,4,5,0.0,-25.34677857962151,200,0.0,0,0.0,15.150000000000004,808.1159999999975,41.848,19.31074364366272,0.0
173,0,5,1.0,10.875,1,1.0,0,0.0,0.05,8.863,8.863,1.0,0.0
173,1,5,1.0,10.875,1,1.0,0,0.0,0.05,3.438,3.438,1.0,0.0
173,2,5,0.0,-23.322622527403304,200,0.0,0,0.0,10.300000000000011,527.751999999998,63.496,8.311578682121677,0.0
173,3,5,0.0,-22.915233755444234,200,0.0,0,0.0,10.000000000000007,1659.0469999999978,39.721000000000004,41.76750333576691,0.0
173,4,5,0.0,-25.662631968128487,200,0.0,0,0.0,14.950000000000003,1029.7250000000026,66.26600000000002,15.53926598859147,0.0
174,0,5,0.0,-23.53540289800525,200,0.0,0,0.0,10.150000000000011,755.7359999999998,53.14000000000001,14.221603312006016,0.0
174,1,5,1.0,10.167735716789345,6,0.9027766790602009,0,0.0,0.5,25.282,22.823999999999998,1.1076936558009114,0.0
174,2,5,1.0,10.199801381692573,6,0.5339868834540237,0,0.0,0.44999999999999996,29.276000000000003,15.633,1.8727051749504258,0.0
174,3,5,0.0,-23.10467341098497,200,0.0,0,0.0,10.000000000000007,635.6679999999997,39.836,15.95712420925795,0.0
174,4,5,0.0,-23.042807333046984,200,0.0,0,0.0,10.050000000000008,1118.5280000000034,37.256,30.02276143439992,0.0
175,0,5,0.0,-25.808214947498477,200,0.0,0,0.0,15.000000000000004,1170.0189999999996,8.095,144.53600988264353,0.0
175,1,5,0.0,-12.918632699275364,11,0.0,10,1.0,0.1,6.094,44.160000000000004,0.13799818840579708,0.0
175,2,5,1.0,9.58846738452724,10,0.9546814671814671,0,0.0,0.9,62.160000000000004,59.342999999999996,1.0474697942470048,0.0
175,3,5,0.0,-12.899193338537604,11,0.0,10,1.0,0.1,10.234,49.959,0.2048479753397786,0.0
175,4,5,0.0,-25.45854326396498,200,0.0,0,0.0,15.000000000000002,957.9999999999975,54.78,17.48813435560419,0.0
176,0,5,1.0,9.489415990534145,10,0.9450328269516461,0,0.0,1.1,62.601000000000006,59.160000000000004,1.0581643002028398,0.0
176,1,5,0.0,-25.830594962315264,200,0.0,0,0.0,15.150000000000004,998.9889999999958,30.648999999999997,32.59450553035975,0.0
176,2,5,0.0,-25.503821970163973,200,0.0,0,0.0,15.000000000000002,1600.1529999999993,48.666,32.88030657954217,0.0
176,3,5,0.0,-25.625941670254015,200,0.0,0,0.0,15.000000000000004,1829.1129999999912,37.168,49.212037236332094,0.0
176,4,5,0.0,-25.675544092060793,200,0.0,0,0.0,15.000000000000002,1729.2900000000016,32.760999999999996,52.785018772320804,0.0
177,0,5,0.0,-28.23101027100176,200,0.0,0,0.0,19.950000000000028,813.8650000000033,57.638,14.120285228495147,0.0
177,1,5,0.0,-23.01076272117823,200,0.0,0,0.0,10.000000000000007,1094.8539999999994,27.297,40.108949701432365,0.0
177,2,5,1.0,10.268694281209688,5,0.8678220490070071,0,0.0,0.5,24.118999999999996,20.931,1.152309970856624,0.0
177,3,5,1.0,10.563902877697842,3,0.5595672411624103,0,0.0,0.3,15.898000000000001,8.895999999999999,1.7870953237410077,0.0
177,4,5,1.0,9.93114005487401,8,0.6521801727684079,0,0.0,0.6,48.620000000000005,31.708999999999996,1.5333186161657577,0.0
178,0,5,1.0,10.612298156057923,3,0.7345423936333026,0,0.0,0.2,13.068000000000001,9.599,1.3613918116470467,0.0
178,1,5,0.0,-29.940255378801606,200,0.0,0,0.0,25.0,1469.7709999999927,16.407,89.5819467300538,0.0
178,2,5,1.0,10.493413951957882,4,0.9438621010948054,0,0.0,0.25,12.879000000000001,12.156,1.0594768015794669,0.0
178,3,5,1.0,9.674041775692503,10,0.7186952856494392,0,0.0,0.75,61.68399999999999,44.332,1.391410267977984,0.0
178,4,5,0.0,-25.962942107914866,200,0.0,0,0.0,15.000000000000002,887.336999999996,41.681,21.28876466495516,0.0
179,0,5,0.0,-23.228773584905692,200,0.0,0,0.0,10.000000000000007,1104.3150000000019,22.896,48.23178721174012,0.0
179,1,5,0.0,-23.153069366884203,200,0.0,0,0.0,10.000000000000007,917.975999999998,29.726,30.881248738478032,0.0
179,2,5,0.0,-25.600755543389003,200,0.0,0,0.0,15.000000000000004,940.4439999999969,43.836,21.453691030203416,0.0
179,3,5,1.0,10.751922842019544,2,1.0,0,0.0,0.1,9.824,9.824,1.0,0.0
179,4,5,0.0,-22.885927863380054,200,0.0,0,0.0,10.100000000000009,1072.2599999999968,49.129,21.825398440839358,0.0
180,0,5,1.0,10.2478360640898,6,0.753290146607569,0,0.0,0.35,29.33,22.093999999999998,1.3275097311487283,0.0
180,1,5,1.0,9.82737727930125,9,0.6144985623420753,0,0.0,0.65,57.385000000000005,35.263,1.6273431075064517,0.0
180,2,5,0.0,-24.810514251244097,200,0.0,0,0.0,15.100000000000003,1596.5259999999994,19.893,80.25566782285223,0.0
180,3,5,0.0,-23.615899848254994,200,0.0,0,0.0,10.10000000000001,722.056,36.245,19.921534004690304,0.0
180,4,5,0.0,-25.663261468680002,200,0.0,0,0.0,15.050000000000002,1025.5830000000024,52.25100000000001,19.62800711948101,0.0
181,0,5,1.0,10.361682026537999,5,0.6513813370210894,0,0.0,0.3,31.817,20.725,1.5351990349819058,0.0
181,1,5,0.0,-25.58132236493304,200,0.0,0,0.0,15.000000000000002,1110.000999999998,58.471000000000004,18.983786834499117,0.0
181,2,5,1.0,10.875,1,1.0,0,0.0,0.05,8.58,8.58,1.0,0.0
181,3,5,1.0,10.210129519697787,6,0.32662054378002026,0,0.0,0.44999999999999996,45.386,14.824,3.061656772800864,0.0
181,4,5,0.0,-23.797085794060482,200,0.0,0,0.0,10.15000000000001,738.7509999999999,59.09499999999999,12.501074540993315,0.0
182,0,5,0.0,-23.32717704603024,200,0.0,0,0.0,10.100000000000009,977.5640000000034,45.796,21.34605642414192,0.0
182,1,5,0.0,-13.148456165632446,17,0.0,10,1.0,0.5499999999999999,42.029,34.003,1.2360379966473547,0.0
182,2,5,0.0,-23.52811141092832,200,0.0,0,0.0,10.100000000000009,593.0000000000017,77.08400000000002,7.692906439728109,0.0
182,3,5,0.0,-13.323064859363434,17,0.0,10,1.0,0.5000000000000001,40.689,43.232000000000006,0.9411778312361212,0.0
182,4,5,1.0,10.419235829623231,4,0.6112013646332548,0,0.0,0.4,24.622,15.049,1.6361220014618911,0.0
183,0,5,1.0,10.528265102545687,3,0.9669727602438459,0,0.0,0.35000000000000003,25.918,25.061999999999998,1.0341552948687256,0.0
183,1,5,1.0,10.633959681059125,3,1.0,0,0.0,0.15000000000000002,13.294,13.294,1.0,0.0
183,2,5,1.0,10.586306175617265,3,1.0,0,0.0,0.25,16.889,16.889,1.0,0.0
183,3,5,1.0,9.483529814481704,11,0.6049930156255076,0,0.0,0.9500000000000002,61.566,37.247,1.6529116438907832,0.0
183,4,5,0.0,-23.01045780719811,200,0.0,0,0.0,10.000000000000007,502.5999999999981,53.93099999999999,9.31931542155714,0.0
184,0,5,1.0,10.490844335543384,4,0.4849035504612803,0,0.0,0.25,35.77,17.345,2.0622657826462962,0.0
184,1,5,0.0,-25.96640634232806,200,0.0,0,0.0,14.850000000000001,759.1259999999966,76.15500000000003,9.96817017923966,0.0
184,2,5,1.0,9.927809222027973,8,0.6756404262125649,0,0.0,0.6500000000000001,40.637,27.456000000000003,1.4800772144522143,0.0
184,3,5,0.0,-22.948677109878656,200,0.0,0,0.0,10.000000000000007,606.1999999999992,53.367999999999995,11.358866736621183,0.0
184,4,5,1.0,10.093186452045607,6,0.47363405336721726,0,0.0,0.7,31.48,14.91,2.1113346747149566,0.0
185,0,5,0.0,-23.062809644670036,200,0.0,0,0.0,10.000000000000007,593.1839999999995,59.1,10.036954314720804,0.0
185,1,5,1.0,10.155776844435762,6,0.610494931425164,0,0.0,0.55,25.155,15.357,1.6380152373510453,0.0
185,2,5,0.0,-25.548736324476806,200,0.0,0,0.0,15.000000000000004,1038.5999999999979,52.466,19.795677200472646,0.0
185,3,5,1.0,10.53561435302646,3,1.0,0,0.0,0.35,11.036000000000001,11.036000000000001,1.0,0.0
185,4,5,1.0,10.629940595324278,3,0.9684909473336907,0,0.0,0.15000000000000002,24.247,23.482999999999997,1.0325341736575395,0.0
186,0,5,1.0,9.848397480151881,9,0.4753173773047027,0,0.0,0.6000000000000001,48.759,23.176,2.1038574387297206,0.0
186,1,5,0.0,-26.004641864563823,200,0.0,0,0.0,14.950000000000003,652.3989999999999,44.257000000000005,14.74114829292541,0.0
186,2,5,1.0,10.17282275024326,6,1.0,0,0.0,0.5,31.859,31.859,1.0,0.0
186,3,5,1.0,9.850198906315727,9,0.9347826086956522,0,0.0,0.6,53.406,49.923,1.069767441860465,0.0
186,4,5,0.0,-23.067253437263144,200,0.0,0,0.0,10.050000000000008,508.602999999998,55.422000000000004,9.176915304391722,0.0
187,0,5,0.0,-12.895490972934338,15,0.0,10,1.0,0.55,28.822000000000003,32.181000000000004,0.8956216400981946,0.0
187,1,5,0.0,-13.489595665499122,15,0.0,10,1.0,0.35000000000000003,22.523000000000003,45.67999999999999,0.49306042031523656,0.0
187,2,5,0.0,-25.02594304220432,200,0.0,0,0.0,13.350000000000012,666.9939999999982,38.906000000000006,17.143731044054853,0.0
187,3,5,0.0,-23.28191535028925,200,0.0,0,0.0,10.050000000000008,725.2689999999991,58.937000000000005,12.305835044199723,0.0
187,4,5,1.0,10.491314224247025,4,0.7807528900306293,0,0.0,0.25,20.242,15.803999999999998,1.280814983548469,0.0
188,0,5,1.0,10.462980120695775,4,0.7353651373751876,0,0.0,0.3,15.323,11.268,1.359868654597089,0.0
188,1,5,1.0,9.99926353954226,8,0.5468853271645737,0,0.0,0.49999999999999994,48.416,26.478,1.8285368985572925,0.0
188,2,5,0.0,-22.996350607539746,200,0.0,0,0.0,10.000000000000007,359.93299999999925,28.886999999999997,12.460033925295091,0.0
188,3,5,1.0,9.847471146933062,8,0.6041561885601939,0,0.0,0.8,43.742,26.427,1.6552011200665986,0.0
188,4,5,1.0,9.392893675636829,12,0.8485279669343092,0,0.0,0.9000000000000001,59.034,50.092000000000006,1.1785115387686655,0.0
189,0,5,1.0,10.060058628071184,7,0.766024621258474,0,0.0,0.5499999999999999,40.85900000000001,31.299,1.3054410684047417,0.0
189,1,5,1.0,9.910010080311995,8,0.8982603016268853,0,0.0,0.6500000000000001,33.684,30.257,1.1132630465677362,0.0
189,2,5,0.0,-25.745752579062984,200,0.0,0,0.0,15.050000000000002,1002.4179999999958,29.565,33.90556401149994,0.0
189,3,5,0.0,-26.081684498335765,200,0.0,0,0.0,15.050000000000002,885.1550000000027,16.824,52.612636709462826,0.0
189,4,5,0.0,-23.050536250424212,200,0.0,0,0.0,10.100000000000009,678.1459999999994,38.303000000000004,17.70477508289166,0.0
190,0,5,1.0,10.438359095769055,4,1.0,0,0.0,0.35000000000000003,32.735,32.735,1.0,0.0
190,1,5,0.0,-23.282912436661082,200,0.0,0,0.0,10.20000000000001,1048.6699999999967,56.245000000000005,18.644679527069012,0.0
190,2,5,0.0,-25.266253995021234,200,0.0,0,0.0,14.950000000000003,1339.3120000000015,62.265,21.50986910784552,0.0
190,3,5,1.0,9.670894019152698,10,0.844504593175853,0,0.0,0.75,60.959999999999994,51.480999999999995,1.184126182475088,0.0
190,4,5,1.0,9.497450023746815,11,0.6708666434943807,0,0.0,0.9000000000000001,69.048,46.322,1.490609213764518,0.0
191,0,5,1.0,9.798763232108554,9,0.5250541857121398,0,0.0,0.7000000000000001,46.599,24.467000000000002,1.9045653328973717,0.0
191,1,5,0.0,-25.488845212234068,200,0.0,0,0.0,15.000000000000002,901.399999999996,58.001999999999995,15.540843419192374,0.0
191,2,5,1.0,9.98698987805147,8,0.7769686793228702,0,0.0,0.5,58.364,45.346999999999994,1.287053167795003,0.0
191,3,5,1.0,9.49472031457687,11,0.8209138440554671,0,0.0,0.9000000000000001,65.98500000000001,54.168000000000006,1.218154630039876,0.0
191,4,5,0.0,-26.219462121766274,200,0.0,0,0.0,15.999999999999993,1028.1199999999994,41.013,25.06814912344865,0.0
192,0,5,1.0,10.493213060874536,4,0.770747287846247,0,0.0,0.25,18.159,13.995999999999999,1.2974421263218063,0.0
192,1,5,0.0,-24.264463281577815,200,0.0,0,0.0,15.000000000000004,1997.7519999999959,11.915000000000001,167.66697440201392,0.0
192,2,5,0.0,-22.860453243957082,200,0.0,0,0.0,10.000000000000007,1663.999999999998,45.053,36.93427740660995,0.0
192,3,5,1.0,10.588059546615582,3,0.7692024313869958,0,0.0,0.25,16.287,12.528,1.3000478927203063,0.0
192,4,5,1.0,9.93951463422402,8,0.7170194788883562,0,0.0,0.6000000000000001,43.791,31.399,1.3946622503901396,0.0
193,0,5,0.0,-24.736772319946894,200,0.0,0,0.0,13.350000000000012,751.7040000000001,42.182,17.820492153051067,0.0
193,1,5,0.0,-23.483583100919237,200,0.0,0,0.0,10.100000000000009,874.5039999999993,48.404999999999994,18.066398099369888,0.0
193,2,5,0.0,-25.57402836464038,200,0.0,0,0.0,15.000000000000002,707.799999999998,47.806,14.8056729280843,0.0
193,3,5,1.0,9.505314958038506,11,0.9474143710147638,0,0.0,0.9000000000000001,64.143,60.769999999999996,1.0555043607042949,0.0
193,4,5,0.0,-35.52376058364161,200,0.0,0,0.0,34.54999999999991,1044.8359999999955,48.66000000000001,21.47217427044791,0.0
194,0,5,0.0,-22.7359145097539,200,0.0,0,0.0,10.050000000000008,656.7449999999967,31.372,20.93411322198128,0.0
194,1,5,1.0,9.60747979521525,11,0.6539967991913748,0,0.0,0.7000000000000002,47.48799999999999,31.057000000000002,1.5290594712947159,0.0
194,2,5,0.0,-28.439860551487257,200,0.0,0,0.0,19.90000000000003,1105.7569999999985,57.081999999999994,19.371378017588707,0.0
194,3,5,0.0,-23.106342374533032,200,0.0,0,0.0,10.000000000000007,1047.6000000000058,49.256,21.26847490661048,0.0
194,4,5,0.0,-25.315886666504227,200,0.0,0,0.0,14.000000000000009,1719.4050000000013,41.04699999999999,41.8886885765099,0.0
195,0,5,0.0,-25.6445090819834,200,0.0,0,0.0,14.950000000000003,1009.7979999999961,44.814,22.53309233721596,0.0
195,1,5,1.0,10.407234441186054,4,0.46477113542573734,0,0.0,0.44999999999999996,26.413,12.276,2.1515966112740306,0.0
195,2,5,0.0,-25.647803558156728,200,0.0,0,0.0,15.000000000000002,398.60799999999983,43.056,9.257896692679298,0.0
195,3,5,0.0,-35.608919834154634,200,0.0,0,0.0,34.79999999999991,1052.4089999999953,46.06700000000001,22.84518201749615,0.0
195,4,5,0.0,-23.44892807549713,200,0.0,0,0.0,10.10000000000001,859.1630000000027,74.175,11.582918773171592,0.0
196,0,5,1.0,10.61214229249012,3,0.676832530765115,0,0.0,0.2,11.214,7.59,1.4774703557312254,0.0
196,1,5,1.0,10.271039289009762,5,1.0,0,0.0,0.5,20.591,20.591,1.0,0.0
196,2,5,0.0,-23.112990500915636,200,0.0,0,0.0,10.15000000000001,636.5119999999993,49.689,12.809917688019466,0.0
196,3,5,0.0,-22.920541324311223,200,0.0,0,0.0,10.000000000000007,806.6770000000017,51.724999999999994,15.595495408409896,0.0
196,4,5,1.0,9.047431410782705,14,0.8139330910913418,0,0.0,1.2500000000000002,71.82900000000001,58.464,1.2286022167487687,0.0
197,0,5,1.0,9.769160132427253,9,0.9485166515164036,0,0.0,0.7500000000000001,36.303,34.434,1.0542777487367136,0.0
197,1,5,1.0,10.323732182017544,5,1.0,0,0.0,0.39999999999999997,21.888,21.888,1.0,0.0
197,2,5,0.0,-25.414541912565177,200,0.0,0,0.0,15.000000000000004,1002.9579999999969,34.90599999999999,28.733111785939297,0.0
197,3,5,1.0,10.343996769814147,5,0.6798319595175202,0,0.0,0.35000000000000003,31.421,21.361,1.47095173446936,0.0
197,4,5,0.0,-22.68662041698379,200,0.0,0,0.0,10.000000000000007,1096.9359999999992,40.721000000000004,26.937845337786378,0.0
198,0,5,1.0,10.31865729369583,5,0.8698246648003539,0,0.0,0.39999999999999997,40.721999999999994,35.42100000000001,1.1496569831455912,0.0
198,1,5,0.0,-24.71024569683511,200,0.0,0,0.0,13.350000000000012,862.7440000000012,57.632000000000005,14.96987784564133,0.0
198,2,5,0.0,-23.187364328527398,200,0.0,0,0.0,10.000000000000007,1481.765999999996,30.865000000000002,48.007970192774856,0.0
198,3,5,0.0,-24.637906770116423,200,0.0,0,0.0,13.350000000000012,913.5519999999983,39.955,22.86452258791136,0.0
198,4,5,0.0,-28.119872070853145,200,0.0,0,0.0,20.000000000000014,2673.0849999999987,16.259,164.4064825635032,0.0
199,0,5,1.0,9.812125501681312,8,0.9092911625460284,0,0.0,0.8500000000000001,60.832,55.314,1.0997577466825759,0.0
199,1,5,1.0,10.22340649844452,6,0.775845885665758,0,0.0,0.39999999999999997,22.372999999999998,17.358,1.2889157737066481,0.0
199,2,5,0.0,-13.118680828440667,13,0.0,10,1.0,0.30000000000000004,22.655,43.262,0.5236697332532014,0.0
199,3,5,0.0,-12.918348402956676,13,0.0,10,1.0,0.2,23.724,59.391000000000005,0.3994544627973935,0.0
199,4,5,0.0,-38.13647690787849,200,0.0,0,0.0,39.300000000000026,499.96700000000044,56.68600000000001,8.819937903538799,0.0
