episode,mean_reward,std_reward,success_rate,n_robots,robot_0_reward,robot_0_success,robot_1_reward,robot_1_success,robot_2_reward,robot_2_success
1,-17.557036713425376,11.162018377441958,0.3333333333333333,3,-24.94674805194802,0.0,-25.94233444292147,0.0,-1.7820276454066377,1.0
2,-13.865056069042941,16.866055715350118,0.3333333333333333,3,-25.570028580761075,0.0,-26.010929931952578,0.0,9.985790305584825,1.0
3,-27.653416457802617,1.463292118424344,0.0,3,-25.60163232182113,0.0,-28.91270117834529,0.0,-28.445915873241436,0.0
4,-8.85617266770113,14.975834875029339,0.6666666666666666,3,-11.151146357471008,1.0,-25.942261092868566,0.0,10.524889447236182,1.0
5,-25.933414510611925,0.7147872815820696,0.0,3,-25.220733403923628,0.0,-26.91059765028081,0.0,-25.668912477631345,0.0
6,-26.04243386783878,2.2486414471923255,0.0,3,-27.691791809255413,0.0,-27.572387845778987,0.0,-22.86312194848195,0.0
7,-24.887485449012956,0.6162653576532413,0.0,3,-25.725410441124147,0.0,-24.260951839211224,0.0,-24.6760940667035,0.0
8,-14.802116748148812,13.402701123938876,0.3333333333333333,3,-23.75590693864503,0.0,-24.793145728070535,0.0,4.142702422269132,1.0
9,-15.879584833695432,12.682554225246879,0.3333333333333333,3,2.0552216678545996,1.0,-25.013749376322618,0.0,-24.680226792618274,0.0
10,-21.998248674374253,6.176875753211458,0.3333333333333333,3,-28.037620283939127,0.0,-13.512743257941265,1.0,-24.444382481242364,0.0
11,-17.325014054829968,15.15305143363474,0.3333333333333333,3,4.067377743447688,1.0,-29.115116479823204,0.0,-26.927303428114396,0.0
12,-8.492937120438976,12.396453822473909,0.6666666666666666,3,-6.254421426730001,1.0,-24.670411550802147,0.0,5.446021616215224,1.0
13,-24.419987226049184,0.04782269524254806,0.0,3,-24.394318211417435,0.0,-24.378633713136704,0.0,-24.487009753593416,0.0
14,-24.99984818852434,1.3738704736811596,0.0,3,-23.525211148648655,0.0,-24.641555318347358,0.0,-26.832778098577013,0.0
15,-20.450082740365755,6.933430407262937,0.3333333333333333,3,-24.325239652198906,0.0,-10.712116153077687,1.0,-26.312892415820674,0.0
16,-24.75726714848197,0.5748982615075995,0.0,3,-25.57012940364899,0.0,-24.33658006704487,0.0,-24.36509197475204,0.0
17,-26.303366614485014,0.8567506291213716,0.0,3,-25.442003552989515,0.0,-25.996096440872567,0.0,-27.471999849592965,0.0
18,-15.427113645458197,17.13246156653183,0.3333333333333333,3,-26.8961530929291,0.0,-28.17576761044035,0.0,8.790579766994862,1.0
19,-20.084323788493965,7.842003090961948,0.3333333333333333,3,-8.997499563209791,1.0,-25.388434488219087,0.0,-25.867037314053025,0.0
20,-15.262743576679158,14.82889621598914,0.3333333333333333,3,-25.29767036225345,0.0,5.7021154587509635,1.0,-26.19267582653499,0.0
21,-13.08347600789815,16.78114938695711,0.3333333333333333,3,10.633700206550603,1.0,-25.671534080677105,0.0,-24.212594149567956,0.0
22,-17.68510605914027,11.052076038640557,0.3333333333333333,3,-26.046384881259826,0.0,-24.94078334052655,0.0,-2.0681499556344303,1.0
23,-17.222753192003154,13.27107235818784,0.3333333333333333,3,1.5452401411557126,1.0,-26.66889476395959,0.0,-26.544604953205585,0.0
24,-18.523496870198674,13.776636658310544,0.3333333333333333,3,-26.85332543514279,0.0,0.8944185425965472,1.0,-29.611583718049776,0.0
25,-24.5897337796567,0.5861454627160035,0.0,3,-24.27909557079672,0.0,-25.41061857024474,0.0,-24.079487197928643,0.0
26,-25.83804106730064,0.45029220807563974,0.0,3,-25.416282246879334,0.0,-25.63572048715786,0.0,-26.46212046786472,0.0
27,-24.219880426097898,5.612416038040805,0.3333333333333333,3,-29.143936746246617,0.0,-27.14896279105352,0.0,-16.366741740993554,1.0
28,-21.73676591111803,5.272118321085001,0.3333333333333333,3,-14.314863102416373,1.0,-26.06364459276709,0.0,-24.831790038170634,0.0
29,-13.961562134436496,15.685868859442857,0.3333333333333333,3,-25.944637160888448,0.0,8.19704553686934,1.0,-24.137094779290383,0.0
30,-25.901748066228464,0.11849869851282502,0.0,3,-25.92623300970872,0.0,-25.74593234495721,0.0,-26.03307884401946,0.0
31,-5.659546824033761,14.902589169710408,0.6666666666666666,3,-1.6886813617822405,1.0,-25.56995979370591,0.0,10.280000683386865,1.0
32,-18.711878209948456,15.489822776506752,0.3333333333333333,3,-28.961114798337107,0.0,-30.35379731880213,0.0,3.17927748729387,1.0
33,-27.273378685613096,1.1985232640981105,0.0,3,-25.63312281269301,0.0,-27.7235640246476,0.0,-28.46344921949868,0.0
34,-22.287212428048292,7.9150815496198845,0.3333333333333333,3,-11.125417286300662,1.0,-28.598535091552375,0.0,-27.137684906291838,0.0
35,-11.61571605650922,12.26881761484656,0.6666666666666666,3,-6.014713620384677,1.0,-0.19449419744581142,1.0,-28.637940351697164,0.0
36,-26.631603892219175,1.3207981735694618,0.0,3,-28.023214214013233,0.0,-24.856758761180252,0.0,-27.014838701464036,0.0
37,-21.36410483472007,15.689933582563432,0.3333333333333333,3,-32.86560739864047,0.0,-32.04647872166724,0.0,0.8197716161475039,1.0
38,-15.770721794882673,9.341700990342657,0.6666666666666666,3,-27.980081308440447,0.0,-14.036364828353458,1.0,-5.295719247854116,1.0
39,-6.145659570246885,4.157953120277717,1.0,3,-11.470312338454528,1.0,-5.644100619060085,1.0,-1.3225657532260424,1.0
40,-22.12640534081173,7.32304133549615,0.3333333333333333,3,-11.801739259419076,1.0,-26.587771668401864,0.0,-27.98970509461425,0.0
41,-24.905011396517125,0.26740892597224797,0.0,3,-25.06855105936698,0.0,-24.527941066378318,0.0,-25.118542063806068,0.0
42,-4.398509330894685,14.693661856427315,0.6666666666666666,3,-25.160136835089773,0.0,6.73839016986372,1.0,5.226218672541998,1.0
43,-8.101853144627109,11.779433820313718,0.6666666666666666,3,-1.73652626506024,1.0,2.047570723206503,1.0,-24.61660389202759,0.0
44,-7.696539554567214,12.493789468245275,0.6666666666666666,3,5.0269809602649005,1.0,-24.675558506992054,0.0,-3.4410411169744908,1.0
45,2.929377258110407,5.580676091906148,1.0,3,5.970191753416296,1.0,-4.898248383415744,1.0,7.716188404330669,1.0
46,-19.990405534918402,21.45284814863882,0.3333333333333333,3,-35.11273262260129,0.0,10.348454514994136,1.0,-35.20693849714805,0.0
47,-17.542603791391997,10.543871418504544,0.3333333333333333,3,-2.632269782393669,1.0,-24.85185458700253,0.0,-25.143687004779792,0.0
48,-21.290141205815388,5.260119673574218,0.3333333333333333,3,-25.41821805657499,0.0,-13.866762839160094,1.0,-24.585442721711086,0.0
49,-10.876888344940035,10.307343459633133,0.6666666666666666,3,-2.5106561245441483,1.0,-4.722373555455491,1.0,-25.397635354820466,0.0
50,-10.82432731762586,10.924849087906342,0.6666666666666666,3,-8.018525274972568,1.0,0.9304347348373838,1.0,-25.384891412742398,0.0
51,-26.01273672005932,0.21888036207233208,0.0,3,-25.81747699195756,0.0,-25.902356612504043,0.0,-26.318376555716352,0.0
52,-14.727619569044043,14.8302961187871,0.3333333333333333,3,-24.93633991105081,0.0,-25.489671916010515,0.0,6.243153119929195,1.0
53,-20.825291150866835,6.329960341382077,0.3333333333333333,3,-24.6919029186421,0.0,-11.899876717823147,1.0,-25.884093816135266,0.0
54,-25.30122350543058,0.640871836774482,0.0,3,-24.42104151130997,0.0,-25.928490381480266,0.0,-25.5541386235015,0.0
55,-1.3092762111199423,7.705801038967838,1.0,3,4.04507952229208,1.0,4.233473567129024,1.0,-12.20638172278093,1.0
56,-26.092259437798514,1.115518316341733,0.0,3,-24.547538435257945,0.0,-27.14201755869339,0.0,-26.5872223194442,0.0
57,-16.22032065206882,16.630255310076777,0.3333333333333333,3,-28.924459378807853,0.0,-27.008896898661977,0.0,7.272394321263359,1.0
58,-20.112530448485526,9.853619877237602,0.3333333333333333,3,-27.607254516258532,0.0,-6.191055657773687,1.0,-26.539281171424353,0.0
59,-23.04247371464542,6.033489404444474,0.3333333333333333,3,-14.545900713753044,1.0,-27.9694921361736,0.0,-26.612028294009612,0.0
60,-12.41796451653335,12.050085428014361,0.6666666666666666,3,-26.221830934163297,0.0,-14.170324587752116,1.0,3.138261972315366,1.0
61,-15.71036339406138,16.274567990474594,0.3333333333333333,3,-27.70147494649032,0.0,7.298489467602881,1.0,-26.7281047032967,0.0
62,-17.16842375982606,15.252798819686703,0.3333333333333333,3,4.374891277055189,1.0,-28.881352050690257,0.0,-26.99881050584311,0.0
63,-6.113465473876114,15.79195588948249,0.6666666666666666,3,-27.454949199607956,0.0,-1.1422508292348166,1.0,10.25680360721443,1.0
64,-27.92930864974591,1.2322661319355486,0.0,3,-28.999091450921973,0.0,-26.203034313824315,0.0,-28.585800184491443,0.0
65,-21.38531227202675,7.129265175230659,0.3333333333333333,3,-25.893352555307825,0.0,-11.321182495344505,1.0,-26.941401765427912,0.0
66,-9.103618802619964,12.178963922348988,0.6666666666666666,3,-24.930804978496422,0.0,4.693500154083204,1.0,-7.0735515834466725,1.0
67,-17.22005618151109,13.477399244352329,0.3333333333333333,3,1.828700096628186,1.0,-26.179546031146263,0.0,-27.309322610015194,0.0
68,-25.87732898712032,0.09794104667793962,0.0,3,-25.819473030880157,0.0,-26.01524407081811,0.0,-25.797269859662677,0.0
69,-9.364787140356432,14.519000419919353,0.6666666666666666,3,-12.488695986781053,1.0,9.772233568075118,1.0,-25.37789900236336,0.0
70,-25.385117600693913,0.47760804013179337,0.0,3,-24.79800200501253,0.0,-25.38947716552034,0.0,-25.967873631548866,0.0
71,-8.476336267715409,13.376172772167417,0.6666666666666666,3,-23.952128451606868,0.0,-10.159580725462298,1.0,8.68270037392294,1.0
72,-8.384918122169106,14.753144272131669,0.6666666666666666,3,-26.062203498542267,0.0,10.051541253326882,1.0,-9.144092121291935,1.0
73,-15.228681999080962,14.56194529953228,0.3333333333333333,3,5.362438900203666,1.0,-25.80652146519135,0.0,-25.2419634322552,0.0
74,-8.008071845244308,17.90819267144122,0.6666666666666666,3,9.309003721244926,1.0,-0.6621034660180563,1.0,-32.67111579095979,0.0
75,-21.9162834567783,6.186677547375826,0.3333333333333333,3,-26.632284120797273,0.0,-13.176122682133753,1.0,-25.940443567403864,0.0
76,-15.646336666954886,13.777543545081656,0.3333333333333333,3,-25.541926662296994,0.0,3.8372429049314762,1.0,-25.234326243499137,0.0
77,-23.40642253801148,7.433697588034895,0.3333333333333333,3,-30.89318808636798,0.0,-13.271557466001967,1.0,-26.054522061664482,0.0
78,-13.905514286336507,8.055738078961564,0.6666666666666666,3,-24.905987292462466,0.0,-5.839236235214022,1.0,-10.971319331333037,1.0
79,-13.131820651236351,10.300615250551054,0.6666666666666666,3,-12.955941760200403,1.0,-0.6050539261139054,1.0,-25.834466267394742,0.0
80,-27.151770897275856,0.22196384407241948,0.0,3,-26.840760300537404,0.0,-27.27044918585063,0.0,-27.34410320543954,0.0
81,2.8946312667819813,7.193829316711345,1.0,3,7.224088474676339,1.0,-7.243090537383177,1.0,8.702895863052781,1.0
82,-13.931027565911592,13.976808010098477,0.3333333333333333,3,-24.530837626041198,0.0,-23.079643679673612,0.0,5.817398607980039,1.0
83,-10.199677945194603,11.704413120153827,0.6666666666666666,3,3.5858860682741485,1.0,-9.15781450592699,1.0,-25.027105397930967,0.0
84,-5.333041006032706,14.797044956678306,0.6666666666666666,3,-1.4205323151215623,1.0,-25.092329249748342,0.0,10.513738546771787,1.0
85,-13.699972583263204,9.521547593730006,0.6666666666666666,3,-8.986899202179403,1.0,-26.98033677829674,0.0,-5.132681769313468,1.0
86,-15.965538778336162,13.901011607276587,0.3333333333333333,3,3.6893863127810897,1.0,-25.44641034682718,0.0,-26.139592300962402,0.0
87,-20.900448994382145,6.183214573824708,0.3333333333333333,3,-24.71431302868011,0.0,-12.178897065245867,1.0,-25.80813688922046,0.0
88,-24.094793354931813,6.678119975881066,0.3333333333333333,3,-28.028319229886208,0.0,-14.692207647801562,1.0,-29.563853187107668,0.0
89,-13.970146338143332,9.758573377568553,0.6666666666666666,3,-25.371349719995976,0.0,-15.00408640091551,1.0,-1.5350028935185112,1.0
90,-25.182272478454337,0.12475317514792861,0.0,3,-25.051492235778802,0.0,-25.3502171128987,0.0,-25.145108086685514,0.0
91,-8.527721847341295,12.994812548884386,0.6666666666666666,3,3.933299720522702,1.0,-26.45609294352211,0.0,-3.0603723190244807,1.0
92,-8.960787417676787,12.204459084153974,0.6666666666666666,3,-26.186679335253274,0.0,-1.2831050784966695,1.0,0.58742216071958,1.0
93,-26.72603189828691,1.0150288144543524,0.0,3,-27.04095882928607,0.0,-25.355703637207252,0.0,-27.781433228367405,0.0
94,-17.963991231304778,9.509697393176767,0.3333333333333333,3,-24.4126690324404,0.0,-4.5189658211357155,1.0,-24.960338840338213,0.0
95,3.2220325999502983,1.5002420014890587,1.0,3,2.0381658065963686,1.0,5.3387393096949,1.0,2.2891926835596266,1.0
96,-25.773582760371017,1.0955184123837862,0.0,3,-25.274478842191016,0.0,-27.293336414842848,0.0,-24.752933024079198,0.0
97,-14.670866360368933,14.710654361796228,0.3333333333333333,3,-25.039289537156026,0.0,6.133104453078301,1.0,-25.10641399702907,0.0
98,0.34010414081090773,4.564292795092269,1.0,3,-2.4200433197959033,1.0,6.773428565051447,1.0,-3.333072822822821,1.0
99,-10.925202176006039,9.984461246183578,0.6666666666666666,3,-24.97585286272269,0.0,-5.111739458820438,1.0,-2.688014206474989,1.0
100,-1.2337995802654145,2.480543837406275,1.0,3,0.4923063683304605,1.0,-4.741671127662048,1.0,0.5479660185353445,1.0
101,-5.5121226258705365,13.719170233063377,0.6666666666666666,3,-24.848443419434204,0.0,5.535701299441467,1.0,2.7763742423811273,1.0
102,-5.649523271080241,13.552435541519332,0.6666666666666666,3,-24.798817713554797,0.0,3.2314702706350804,1.0,4.618777629678995,1.0
103,-1.3304466417174863,4.83274524113183,1.0,3,3.1549484857945673,1.0,-8.039021808038532,1.0,0.8927333970915061,1.0
104,-20.231562814490506,8.883671151744702,0.3333333333333333,3,-26.31563571931579,0.0,-26.70884684019444,0.0,-7.67020588396128,1.0
105,8.873997347056429,1.5784209321779814,1.0,3,6.649156091370559,1.0,9.829319283132065,1.0,10.143516666666667,1.0
106,-26.811701984161772,0.7937331226757112,0.0,3,-27.643830620445407,0.0,-25.74318854573826,0.0,-27.04808678630165,0.0
107,-16.54987492250549,12.622200540336458,0.3333333333333333,3,1.2916752539378766,1.0,-24.981533259025557,0.0,-25.95976676242879,0.0
108,-6.027410794031798,15.664961856061527,0.6666666666666666,3,-28.06621634332745,0.0,3.0413940215159716,1.0,6.942589939716082,1.0
109,-13.046453480145523,9.349375258268154,0.6666666666666666,3,-11.314591090208367,1.0,-25.264332352786685,0.0,-2.560436997441519,1.0
110,-1.4386660482601348,6.995973399761956,1.0,3,-11.24109110558738,1.0,4.624360993085063,1.0,2.3007319677219122,1.0
111,-6.189182622162607,5.01337993234307,1.0,3,-11.72532040363096,1.0,0.41481527827434306,1.0,-7.257042741131205,1.0
112,-19.473558939985537,10.796484519512878,0.3333333333333333,3,-4.205422215445095,1.0,-27.012140702795875,0.0,-27.203113901715643,0.0
113,-8.466849105480986,12.94928372277592,0.6666666666666666,3,-25.107449528075477,0.0,-6.768009199968642,1.0,6.474911411601163,1.0
114,-18.778755131113005,9.345921200773745,0.3333333333333333,3,-25.552527060518138,0.0,-5.563014959387601,1.0,-25.22072337343328,0.0
115,-15.452370662810862,16.357130954829497,0.3333333333333333,3,-25.288832255830062,0.0,7.597782731894323,1.0,-28.666062464496846,0.0
116,-6.381626122319858,14.128488315462597,0.6666666666666666,3,-0.45624827556932956,1.0,7.18108044579534,1.0,-25.869710537185583,0.0
117,-17.27592645830375,8.848794564497432,0.3333333333333333,3,-4.894416055198496,1.0,-21.893341909399982,0.0,-25.040021410312775,0.0
118,-6.139612597773297,9.728229007205268,1.0,3,-14.988404402529097,1.0,7.407930904090753,1.0,-10.838364294881547,1.0
119,-10.503695561527083,13.694984019933049,0.6666666666666666,3,7.290002110595192,1.0,-12.777318346473468,1.0,-26.023770448702972,0.0
120,-21.538144797438445,6.158021324115388,0.3333333333333333,3,-26.289157303370782,0.0,-25.48345732598671,0.0,-12.841819762957838,1.0
121,8.066979948964686,1.1652598629282698,1.0,3,7.494971173292282,1.0,9.691397685749088,1.0,7.014570987852691,1.0
122,-5.893296030135119,11.29293011919888,1.0,3,10.063959452498343,1.0,-14.437524436353462,1.0,-13.306323106550236,1.0
123,-14.382037999898566,15.383063270749473,0.3333333333333333,3,7.371168457241084,1.0,-25.4962543859649,0.0,-25.021028070971887,0.0
124,-6.588996673738348,16.218712921659236,0.6666666666666666,3,10.325413744740533,1.0,-1.6299053224796491,1.0,-28.462498443475926,0.0
125,-16.172306252883896,14.679847892669807,0.3333333333333333,3,4.582810036136662,1.0,-26.142725477849062,0.0,-26.957003316939293,0.0
126,-2.49730130186037,3.7232892461268907,1.0,3,-4.346681632863703,1.0,2.696951898538396,1.0,-5.842174171255802,1.0
127,-5.412922944489741,14.736294370682712,0.6666666666666666,3,7.864721070120547,1.0,-25.96273645977465,0.0,1.85924655618488,1.0
128,-20.66397318380265,10.170086266955277,0.3333333333333333,3,-28.636361773590508,0.0,-27.044878152735304,0.0,-6.310679625082136,1.0
129,-9.117783042614116,11.472304298714555,0.6666666666666666,3,-0.19527658394565428,1.0,-25.314125012759867,0.0,-1.8439475311368234,1.0
130,-16.02635194177427,12.813772715437567,0.3333333333333333,3,-25.46801915503044,0.0,2.0896429919872457,1.0,-24.70067966227961,0.0
131,-5.665291818155043,4.020349617481408,1.0,3,-1.6477258614606587,1.0,-4.189940842722313,1.0,-11.158208750282155,1.0
132,-12.472542407314812,10.406881818064978,0.6666666666666666,3,-24.85612864472532,0.0,-13.168410552654123,1.0,0.6069119754350023,1.0
133,-3.005470194440562,15.610022551237584,0.6666666666666666,3,8.142547383876135,1.0,7.922050767620378,1.0,-25.081008734818198,0.0
134,-22.778222724445836,7.617440305349587,0.3333333333333333,3,-28.081891717988764,0.0,-28.246820273664596,0.0,-12.005956181684136,1.0
135,5.0001629915214565,6.6436478890477675,1.0,3,9.179057863076483,1.0,10.198356748190346,1.0,-4.37692563670246,1.0
136,-2.0358056557567497,8.708723102080114,1.0,3,-1.7106368914518821,1.0,8.463855788327248,1.0,-12.860635864145614,1.0
137,-15.623652828209892,14.532520772315051,0.3333333333333333,3,-25.547381040513784,0.0,-26.24803117406977,0.0,4.924453729953877,1.0
138,2.901677492169665,5.178191868595135,1.0,3,-4.398339352239031,1.0,6.048871738470876,1.0,7.05450009027715,1.0
139,1.2378934725369852,4.335517984864928,1.0,3,-1.290663105743926,1.0,-2.3351700205884267,1.0,7.339513543943308,1.0
140,-2.9541554298751094,15.975353422207194,0.6666666666666666,3,7.917331348429053,1.0,8.761659619450317,1.0,-25.541457257504696,0.0
141,-6.740352470998498,14.578802008127479,0.6666666666666666,3,-25.759146534761708,0.0,9.66297712933754,1.0,-4.124888007571322,1.0
142,-14.89644041331629,15.862944175074771,0.3333333333333333,3,-26.629792146993076,0.0,-25.588624400727397,0.0,7.529095307771607,1.0
143,-3.100930960592694,2.1770938199281025,1.0,3,-5.33129935516661,1.0,-0.14762302712309427,1.0,-3.823870499488377,1.0
144,-7.4159655192860825,12.91673312730877,0.6666666666666666,3,4.316227395411608,1.0,-1.1564803789377809,1.0,-25.407643574332074,0.0
145,-7.530696181563002,6.603451699712858,1.0,3,1.778367871006271,1.0,-12.828933400100164,1.0,-11.541523015595113,1.0
146,-21.72490466540835,12.832046494331582,0.3333333333333333,3,-3.6112675617357954,1.0,-31.737881680248524,0.0,-29.825564754240723,0.0
147,-7.241972377138115,12.755903044567058,0.6666666666666666,3,1.3420146585627482,1.0,2.206702525862833,1.0,-25.274634315839926,0.0
148,4.428676722131252,2.175590222836484,1.0,3,7.03505073800738,1.0,4.541434661419903,1.0,1.7095447669664736,1.0
149,-21.138577173095538,5.88835468995825,0.3333333333333333,3,-24.858596139594432,0.0,-12.826422651271992,1.0,-25.730712728420187,0.0
150,-16.17526388252968,13.913777511308767,0.3333333333333333,3,-26.621251000419214,0.0,3.4890184624260767,1.0,-25.39355910959591,0.0
151,-2.6619767586064,15.771668786479765,0.6666666666666666,3,-24.961087168824633,0.0,8.06265415877284,1.0,8.912502734232593,1.0
152,-4.3857408285187836,14.751554859082974,0.6666666666666666,3,8.063484656754188,1.0,-25.107772125967855,0.0,3.887064983657318,1.0
153,-11.156978098243362,12.446361588237874,0.6666666666666666,3,-14.056032833478273,1.0,5.327990280841926,1.0,-24.74289174209374,0.0
154,-9.177798648325137,14.014300244415354,0.6666666666666666,3,-9.598659002338266,1.0,8.192703627386182,1.0,-26.127440570023328,0.0
155,-26.09417409780725,0.704544044134024,0.0,3,-25.23169645636848,0.0,-26.093356552179902,0.0,-26.957469284873376,0.0
156,-19.61613658812466,7.740303776566957,0.3333333333333333,3,-25.514212177487686,0.0,-8.680986968097534,1.0,-24.65321061878876,0.0
157,-13.375872054925154,13.297056353182253,0.6666666666666666,3,-31.502371397679546,0.0,0.022129936066189515,1.0,-8.647374703162106,1.0
158,6.971884907951721,1.5326980970035156,1.0,3,7.6917916285262535,1.0,8.382537636011328,1.0,4.8413254593175825,1.0
159,-2.778103149540079,6.216255501850958,1.0,3,-10.573259866539567,1.0,-2.4003823896516465,1.0,4.639332807570977,1.0
160,-9.342269805226941,2.3450514901744297,1.0,3,-8.60257243851439,1.0,-6.912380002293316,1.0,-12.511856974873115,1.0
161,-16.457226945047132,12.708046365234573,0.3333333333333333,3,-25.27850385564762,0.0,-25.606841764715885,0.0,1.51366478522211,1.0
162,4.958201073620252,3.644012814638842,1.0,3,1.454000075494486,1.0,9.982712856954862,1.0,3.437890288411407,1.0
163,-6.189424009944463,13.99123872647214,0.6666666666666666,3,-25.69204703298947,0.0,0.6691529704731387,1.0,6.454622032682945,1.0
164,-13.667340329743157,8.438274632388673,0.6666666666666666,3,-25.33294621545642,0.0,-10.012138738564639,1.0,-5.656936035208412,1.0
165,-6.706164619307103,13.466736628127281,0.6666666666666666,3,2.035249743971698,1.0,3.576463973344439,1.0,-25.730207575237447,0.0
166,-11.092428732495632,12.770863335462195,0.6666666666666666,3,-27.523629274027623,0.0,-9.369452128056519,1.0,3.6157952045972452,1.0
167,-14.788642110131882,16.385983911145885,0.3333333333333333,3,8.383468074259739,1.0,-26.576403192095768,0.0,-26.172991212559616,0.0
168,-6.527435290585916,5.281438859508492,1.0,3,0.8391160636033579,1.0,-9.142611955576019,1.0,-11.278809979785084,1.0
169,4.1304257156007536,4.548423174731118,1.0,3,4.867369769427839,1.0,-1.7720245513127733,1.0,9.295931928687196,1.0
170,-21.986190232259187,6.749368415434055,0.3333333333333333,3,-26.543312542345863,0.0,-26.970922971797755,0.0,-12.44433518263393,1.0
171,4.553094729895647,3.7705649510174792,1.0,3,0.48926896813353515,1.0,3.5950694494945816,1.0,9.574945772058824,1.0
172,2.3658743511075735,5.248792263234118,1.0,3,2.297749922517988,1.0,8.828097237830484,1.0,-4.02822410702575,1.0
173,-10.244421126114725,14.815584556525751,0.6666666666666666,3,-25.45448163229756,0.0,-15.119088913282113,1.0,9.840307167235494,1.0
174,-4.892418494168199,5.671845845496132,1.0,3,-0.09892371197064698,1.0,-1.719465824007731,1.0,-12.858865946526219,1.0
175,-7.55089698253133,3.626714953380615,1.0,3,-2.85720485136285,1.0,-8.107063662249091,1.0,-11.68842243398205,1.0
176,-2.6813609905239937,15.779979350565922,0.6666666666666666,3,8.729277750247771,1.0,-24.99570246042342,0.0,8.222341738603667,1.0
177,4.205926321258806,3.6994259976217383,1.0,3,-0.9274597070689001,1.0,5.8980394471638355,1.0,7.647199223681483,1.0
178,4.065980541291856,6.355214754547818,1.0,3,5.741930670339759,1.0,10.875,1.0,-4.4189890464641906,1.0
179,-18.689088983028793,9.084177041877151,0.3333333333333333,3,-25.208350091244135,0.0,-25.016315825609304,0.0,-5.842601032232933,1.0
180,-1.7900476638332574,7.619823157166795,1.0,3,-12.461315126921585,1.0,4.84389091179312,1.0,2.2472812236286925,1.0
181,7.016025347349161,0.7940257840869696,1.0,3,7.382290670809433,1.0,7.7521873627032,1.0,5.9135980085348505,1.0
182,-6.43087947984008,5.934744380122712,1.0,3,-6.112484621956433,1.0,-13.853392599425684,1.0,0.6732387818618744,1.0
183,2.6286395809085223,10.140561065709646,1.0,3,-11.710025951400095,1.0,10.01813400475591,1.0,9.577810689369752,1.0
184,2.244496730673212,8.991692085969628,1.0,3,7.496959899463041,1.0,9.64744820616473,1.0,-10.410917913608136,1.0
185,-12.222371788615403,13.6564461040005,0.6666666666666666,3,5.945170136295743,1.0,-26.980919891378118,0.0,-15.631365610763835,1.0
186,2.0828042930579085,6.317879099532807,1.0,3,6.232037503534432,1.0,-6.844643281807375,1.0,6.861018657446669,1.0
187,-16.781788294637956,8.4508886961805,0.6666666666666666,3,-12.38460104697618,1.0,-28.604561772596547,0.0,-9.356202064341142,1.0
188,-4.605245843497541,3.5279836457344373,1.0,3,-4.481193060670677,1.0,-8.986816318163182,1.0,-0.3477281516587656,1.0
189,-3.4951868007865534,16.797046540192465,0.6666666666666666,3,-27.212090054181985,0.0,9.521942417779773,1.0,7.2045872340425525,1.0
190,-4.590019976753507,6.2148726001039005,1.0,3,-4.928661879734497,1.0,-12.026680447764804,1.0,3.1852823972387805,1.0
191,-9.584321649593095,14.11639147549039,0.6666666666666666,3,8.321157773603872,1.0,-26.182590604026846,0.0,-10.891532118356311,1.0
192,-4.258989411788729,18.02006273599463,0.6666666666666666,3,-29.727506688245196,0.0,7.700696881269378,1.0,9.249841571609632,1.0
193,0.9378650413691046,5.640994423748236,1.0,3,-7.013238268229664,1.0,4.351105169340462,1.0,5.475728222996516,1.0
194,4.636008619226943,3.330395022646398,1.0,3,0.00712696850393435,1.0,6.197198153184493,1.0,7.703700735992403,1.0
195,-8.329818568896977,13.059638816348105,0.6666666666666666,3,4.5409745127436265,1.0,-26.236407859705984,0.0,-3.294022359728574,1.0
196,-16.589642892950987,13.340080097392727,0.3333333333333333,3,-25.16473251895536,0.0,-26.85501819712029,0.0,2.2508220372226813,1.0
197,-6.0771291055495995,15.32646493026587,0.6666666666666666,3,-27.31207324771655,0.0,8.303141305505271,1.0,0.7775446255624789,1.0
198,-21.16361292044023,7.55421297774492,0.3333333333333333,3,-26.18722538136326,0.0,-26.8170800443459,0.0,-10.486533335611524,1.0
199,6.7097699676432425,3.6556466033192403,1.0,3,8.957088991017338,1.0,1.554014718262838,1.0,9.618206193649549,1.0
200,-16.75908817218708,13.780722035335693,0.3333333333333333,3,2.6370209606685338,1.0,-28.10203258372501,0.0,-24.812252893504763,0.0
201,-4.813273889284545,15.046502676828899,0.6666666666666666,3,-25.968248832555037,0.0,7.750703090988244,1.0,3.77772407371316,1.0
202,-16.072702068460032,7.263613726029667,0.6666666666666666,3,-8.89864049327478,1.0,-13.292648992301704,1.0,-26.02681671980361,0.0
203,-6.216930225057882,8.561526805918803,1.0,3,-13.189064770207228,1.0,5.841862214343888,1.0,-11.303588119310305,1.0
204,8.832063652542468,0.06252869311828732,1.0,3,8.849837002184508,1.0,8.898195890180226,1.0,8.74815806526267,1.0
205,0.6051933346918226,3.8074774911060536,1.0,3,5.212745820180052,1.0,-4.111707923053029,1.0,0.7145421069484446,1.0
206,3.394836805243427,6.634511842383364,1.0,3,5.323753235775794,1.0,-5.521638898252039,1.0,10.382396078206526,1.0
207,-2.263834622688256,2.935284282178172,1.0,3,-5.294799692925466,1.0,-3.204727218337508,1.0,1.7080230431982049,1.0
208,-5.899577720003904,2.618911605171594,1.0,3,-5.161149073854192,1.0,-9.411893909780318,1.0,-3.125690176377205,1.0
209,-9.839345308633627,12.813573959162607,0.6666666666666666,3,6.088986283891547,1.0,-25.28667259716126,0.0,-10.32034961263117,1.0
210,-22.1839637414604,8.241433484925105,0.3333333333333333,3,-25.421351355825564,0.0,-10.868810275957495,1.0,-30.261729592598133,0.0
211,-12.162937874392156,10.860792397252592,0.6666666666666666,3,-7.801170530141974,1.0,-1.5897454737354906,1.0,-27.097897619299005,0.0
212,-25.17826721888257,0.08569705157207566,0.0,3,-25.17447454364193,0.0,-25.285069174479766,0.0,-25.07525793852602,0.0
213,-8.538016681692467,13.553166339204418,0.6666666666666666,3,-27.702930127491033,0.0,1.2935307646440855,1.0,0.7953493177695456,1.0
214,-1.6205784655189113,3.9107179857284637,1.0,3,-2.567216264056638,1.0,3.5716895121608303,1.0,-5.866208644660926,1.0
215,-5.159357078269697,14.011075788073354,0.6666666666666666,3,4.758581636035505,1.0,-24.974006690905977,0.0,4.73735382006138,1.0
216,6.523420582699802,4.464625170938906,1.0,3,8.643493559952198,1.0,0.3128224932561725,1.0,10.613945694891033,1.0
217,-10.192273638582728,13.415237171685803,0.6666666666666666,3,-25.32036731309008,0.0,7.286835926176443,1.0,-12.543289528834547,1.0
218,-2.0380132454111632,16.433725454541715,0.6666666666666666,3,9.191872788741254,1.0,9.968571571892932,1.0,-25.274484096867678,0.0
219,-2.57035998759871,6.378669876782672,1.0,3,-2.211878761699067,1.0,-10.555672756471132,1.0,5.056471555374069,1.0
220,-3.803344673048455,5.708264385638651,1.0,3,-10.208818506647033,1.0,-4.855469936136883,1.0,3.654254423638551,1.0
221,-7.767378510654203,13.085241077880026,0.6666666666666666,3,-4.189168309064122,1.0,6.167148599788902,1.0,-25.28011582268739,0.0
222,-6.373177739088313,7.941580640283914,1.0,3,-12.959043719545225,1.0,-10.958876074464177,1.0,4.79838657674446,1.0
223,2.9569594317886065,3.3301466535792077,1.0,3,3.656225282305451,1.0,-1.4260449807299356,1.0,6.640697993790305,1.0
224,-0.12080533815581429,5.444156874772,1.0,3,0.8664942219175398,1.0,5.998199099268155,1.0,-7.227109335653138,1.0
225,-5.162400934864148,14.154823357563789,0.6666666666666666,3,3.3067456359102154,1.0,6.311103437368199,1.0,-25.105051877870856,0.0
226,-10.812080547791377,10.346222969693248,0.6666666666666666,3,-25.228785878454236,0.0,-1.4391378139850683,1.0,-5.7683179509348275,1.0
227,-11.726588539671804,14.721011160809448,0.6666666666666666,3,-16.546272427862167,1.0,-26.85642275588395,0.0,8.222929564730704,1.0
228,7.138471105406093,1.807491462266646,1.0,3,4.788701555927634,1.0,9.184834725274726,1.0,7.441877035015915,1.0
229,5.1101652289906445,2.3942545784506954,1.0,3,6.170151571508278,1.0,7.365132415601441,1.0,1.7952116998622145,1.0
230,5.756986986204716,3.736357516008991,1.0,3,1.9912737445244852,1.0,10.85,1.0,4.429687214089661,1.0
231,-19.690443584447504,12.61091617329012,0.3333333333333333,3,-26.494746705027026,0.0,-2.011425968293823,1.0,-30.565158080021657,0.0
232,6.212134864369699,1.445049283084909,1.0,3,7.470246265956896,1.0,4.188404319136173,1.0,6.977754008016031,1.0
233,-11.024794031478566,10.975472727843187,0.6666666666666666,3,0.9567025440313142,1.0,-25.560968420823063,0.0,-8.470116217643948,1.0
234,2.991909163195698,9.447518168555153,1.0,3,10.875,1.0,8.392529364273251,1.0,-10.291801874686158,1.0
235,-5.88460622423145,7.5941525089515975,1.0,3,-14.970094935482628,1.0,-6.301413224537093,1.0,3.6176894873253724,1.0
236,-3.0877554098168365,2.16335928368758,1.0,3,-3.268962482705364,1.0,-0.35224013892334227,1.0,-5.642063607821804,1.0
237,-2.1837261376495856,6.415894798019199,1.0,3,2.9945417646612524,1.0,-11.22535691079552,1.0,1.6796367331855127,1.0
238,-0.5419223226448379,7.611114327786019,1.0,3,-11.037694950293378,1.0,2.6389227053140107,1.0,6.773005277044854,1.0
239,4.7158779361238805,1.6369530145838094,1.0,3,2.872662345679009,1.0,4.424497696249408,1.0,6.850473766443223,1.0
240,3.087452530206709,4.889950951348704,1.0,3,-1.7161997078464086,1.0,1.1810163148599777,1.0,9.797540983606558,1.0
241,1.4391057355997454,5.083411309412342,1.0,3,0.4287427247891653,1.0,-4.219800749183074,1.0,8.108375231193145,1.0
242,-9.362400476662053,4.291533668667802,1.0,3,-14.12095428238144,1.0,-3.7207599977245565,1.0,-10.24548714988016,1.0
243,-4.936881868439811,15.070685475755038,0.6666666666666666,3,0.3885657162726037,1.0,10.27266467849108,1.0,-25.471876000083117,0.0
244,-1.076256618780736,7.482085009695867,1.0,3,2.13153391994741,1.0,-11.412560148940226,1.0,6.052256372650608,1.0
245,7.196902358232866,2.598835279751169,1.0,3,10.732067655571637,1.0,6.299878126493544,1.0,4.558761292633422,1.0
246,-7.916839359159856,14.408371881853522,0.6666666666666666,3,-4.386186362941441,1.0,7.697495747431448,1.0,-27.061827461969578,0.0
247,5.128733272834503,4.710795059745726,1.0,3,-1.522390733732145,1.0,8.78489659090909,1.0,8.123693961326564,1.0
248,-9.011643923380063,13.11704087664185,0.6666666666666666,3,2.7696592733841827,1.0,-27.311397555296853,0.0,-2.4931934882275204,1.0
249,-6.56178927546615,13.49970766067706,0.6666666666666666,3,2.84911068056541,1.0,-25.65262704452838,0.0,3.1181485375645197,1.0
250,4.303043058197672,4.620584079071132,1.0,3,-2.0149792427576507,1.0,8.906575410015705,1.0,6.017533007334963,1.0
251,2.776558135086853,3.7277308490189367,1.0,3,7.32945394140743,1.0,2.801701150548406,1.0,-1.8014806866952782,1.0
252,-19.252115528259694,13.035569601064758,0.3333333333333333,3,-26.536680526616625,0.0,-0.9438708436383578,1.0,-30.275795214524095,0.0
253,6.86811917551067,2.861685312125718,1.0,3,7.563998707806737,1.0,3.0675459223193533,1.0,9.97281289640592,1.0
254,-11.818682667517251,13.737534637340396,0.6666666666666666,3,4.6647091932457805,1.0,-28.965609164346162,0.0,-11.15514803145137,1.0
255,3.557654061434589,9.503263615892177,1.0,3,10.237458374372684,1.0,10.317414759999382,1.0,-9.8819109500683,1.0
256,-3.0973535688532237,17.886733094657853,0.6666666666666666,3,10.520687670085827,1.0,-28.36753736430408,0.0,8.554788987658583,1.0
257,6.9804856072086094,2.4955648112408313,1.0,3,5.930937741046831,1.0,10.423410075839655,1.0,4.587109004739339,1.0
258,-7.526883493350911,13.424906528270922,0.6666666666666666,3,5.665421599594916,1.0,-25.94735368145514,0.0,-2.2987183981925075,1.0
259,-20.173480919828375,17.92184553313585,0.3333333333333333,3,5.171744680851064,1.0,-32.787141125908896,0.0,-32.90504631442729,0.0
260,8.161099894427986,1.7594633739805383,1.0,3,5.672908943871308,1.0,9.420892240233856,1.0,9.389498499178796,1.0
261,0.4622745562135903,7.610521562795368,1.0,3,1.4381411600279552,1.0,-9.308213402970313,1.0,9.256895911583129,1.0
262,-19.075171065103493,12.603278863643734,0.3333333333333333,3,-28.11085841234942,0.0,-27.862635459851905,0.0,-1.2520193231091614,1.0
263,6.132837856440946,1.0084302810213155,1.0,3,6.933150541108061,1.0,4.71041826396495,1.0,6.754944764249825,1.0
264,-7.167031389136859,6.175924709416731,1.0,3,-10.94831464701784,1.0,1.5419305400922543,1.0,-12.094710060484994,1.0
265,-1.9055794879741648,8.388521218980936,1.0,3,-12.192011848078842,1.0,-1.8802646686050881,1.0,8.355538052761435,1.0
266,2.4459944459077394,2.576719955268342,1.0,3,-1.1433264236231881,1.0,3.6958518304987047,1.0,4.785457930847702,1.0
267,-1.902165957423728,9.274453462658547,1.0,3,-3.3214861052872333,1.0,10.099632013510977,1.0,-12.484643780494928,1.0
268,1.2680766440311586,9.565916849414714,1.0,3,-12.149369783904612,1.0,9.473210987996307,1.0,6.480388728001781,1.0
269,1.0646131294760617,4.498783488700467,1.0,3,7.424078615052578,1.0,-2.277841371619738,1.0,-1.952397855004655,1.0
270,-5.122555971760492,14.368517301251579,0.6666666666666666,3,5.187350365430102,1.0,-25.44196783967364,0.0,4.886949558962062,1.0
271,-4.211959956857609,15.279375500583814,0.6666666666666666,3,8.618671066328835,1.0,-25.684504768421508,0.0,4.429953831519847,1.0
272,-6.567971438601984,15.649898302468587,0.6666666666666666,3,6.9478303760228,1.0,1.8521150469270324,1.0,-28.503859738755786,0.0
273,5.810004610031236,3.797869259429716,1.0,3,0.8192736224360235,1.0,10.0244307556601,1.0,6.586309451997586,1.0
274,-2.3457896090687753,10.390836026075892,1.0,3,-15.080919146352038,1.0,-2.3277576368348036,1.0,10.371307955980516,1.0
275,1.91977077707783,5.657615251065941,1.0,3,8.93297458815649,1.0,1.7484566734897378,1.0,-4.922118930412738,1.0
276,7.142819952211063,0.41257173704094174,1.0,3,7.299504990113926,1.0,6.57774289937026,1.0,7.551211967149003,1.0
277,0.6487951165343535,6.247760273984063,1.0,3,9.240848782031001,1.0,-1.8627925834107977,1.0,-5.431670849017143,1.0
278,-8.189156030849164,12.562182697022914,0.6666666666666666,3,-1.966589156849441,1.0,-25.711282513764967,0.0,3.1104035780669133,1.0
279,-5.336949225944001,1.8696003958028986,1.0,3,-2.705318216378192,1.0,-6.874117688914193,1.0,-6.431411772539617,1.0
280,-9.070983708864622,13.560387604218883,0.6666666666666666,3,-8.556952411010798,1.0,-25.93004732885823,0.0,7.274048613275164,1.0
281,5.1125203518753475,1.1191354378353322,1.0,3,6.613185856754307,1.0,3.9266437162528938,1.0,4.7977314826188415,1.0
282,1.8354691809531973,7.283467209523552,1.0,3,5.147200091884442,1.0,-8.267151312306174,1.0,8.626358763281324,1.0
283,-15.579964690187774,13.888776734812328,0.3333333333333333,3,-25.159194775069388,0.0,4.059766244725742,1.0,-25.640465540219683,0.0
284,-15.645017350115436,1.0683015019545936,1.0,3,-15.168257828699945,1.0,-17.124939465184244,1.0,-14.641854756462115,1.0
285,4.296164486806121,3.928686002687936,1.0,3,9.238828618286183,1.0,4.022425200474844,1.0,-0.3727603583426653,1.0
286,5.7271055444520735,1.6947999643689577,1.0,3,8.074060964182587,1.0,4.132473976494899,1.0,4.974781692678735,1.0
287,-10.780489916346346,10.425417043024174,0.6666666666666666,3,-25.44462976760689,0.0,-2.12319072810803,1.0,-4.773649253324116,1.0
288,-0.31179361355108287,7.244963122067662,1.0,3,-8.008748026369334,1.0,-2.320099272796858,1.0,9.393466458512943,1.0
289,5.953284032260332,2.2862784516504315,1.0,3,2.8643298743590346,1.0,6.670491266776981,1.0,8.325030955644982,1.0
290,0.5284121002538876,9.930388428332426,1.0,3,-13.513373558956385,1.0,7.749587559998021,1.0,7.349022299720026,1.0
291,3.5036022238918467,2.410669881382363,1.0,3,2.5993105021997476,1.0,6.802445518092105,1.0,1.1090506513836882,1.0
292,2.761096256795265,1.9477576185965264,1.0,3,4.367858011032507,1.0,0.02009387121799655,1.0,3.89533688813529,1.0
293,5.627172394777911,2.438177607836779,1.0,3,8.383406265854896,1.0,2.454773929773933,1.0,6.0433369887049,1.0
294,-8.683449945821716,13.055227726174099,0.6666666666666666,3,-4.0507988907962496,1.0,4.47802684563758,1.0,-26.47757779230648,0.0
295,7.380514894712998,2.105095116488404,1.0,3,10.03526424302529,1.0,4.886363636363636,1.0,7.219916804750069,1.0
296,8.942055219206713,1.3983570467379736,1.0,3,9.072175084964256,1.0,10.585914611704085,1.0,7.1680759609518,1.0
297,-8.033405692620825,15.03232536963661,0.6666666666666666,3,-26.365129932411175,0.0,-8.1904789380032,1.0,10.455391792551902,1.0
298,8.026384606469486,1.8431292763064038,1.0,3,9.196890548074728,1.0,9.458091024020227,1.0,5.424172247313503,1.0
299,-3.6276615914490495,7.207140888035045,1.0,3,-13.464708845015165,1.0,3.601423799994363,1.0,-1.0196997293263461,1.0
300,7.689787801946751,2.8205987372802306,1.0,3,10.875,1.0,4.017642500320224,1.0,8.176720905520028,1.0
301,0.06862299866880466,4.669983010977102,1.0,3,-1.4828835204164612,1.0,-4.71509607512642,1.0,6.403848591549295,1.0
302,7.794055066256942,2.3710457530095153,1.0,3,9.516619336835193,1.0,4.441314282988263,1.0,9.424231578947369,1.0
303,-1.5788700984581936,7.742444808752591,1.0,3,-1.6356705460450627,1.0,7.931922107674685,1.0,-11.032861857004203,1.0
304,-3.1224062717660175,15.534328495193023,0.6666666666666666,3,8.63313889131003,1.0,7.072419291800203,1.0,-25.072776998408287,0.0
305,-4.252465583799114,15.145034309283394,0.6666666666666666,3,-25.165937886376497,0.0,10.207781967629861,1.0,2.200759167349294,1.0
306,-6.122780785746521,14.20022008090613,0.6666666666666666,3,-1.310837931512543,1.0,-25.41375384137822,0.0,8.356249415651199,1.0
307,4.142493799488963,2.944233000008625,1.0,3,5.8156042656218245,1.0,0.003925852395344265,1.0,6.60795128044972,1.0
308,-6.5665198480370774,10.064949102244485,1.0,3,7.64312447346251,1.0,-14.391971482590169,1.0,-12.950712534983571,1.0
309,-7.908981516750091,13.627538968545148,0.6666666666666666,3,-2.503084663428176,1.0,-26.632133965746657,0.0,5.408274078924561,1.0
310,0.3635306131182639,10.225389480791197,1.0,3,4.398129470969889,1.0,10.372427344782034,1.0,-13.679964976397132,1.0
311,-10.346577579097842,14.531077758217782,0.6666666666666666,3,9.561491461243325,1.0,-15.887005689900409,1.0,-24.71421850863644,0.0
312,-11.315310055895912,11.400035610403235,0.6666666666666666,3,-9.718486236712682,1.0,-26.00720364379839,0.0,1.7797597128233313,1.0
313,6.104629976866676,2.7488601037189326,1.0,3,3.052890622303525,1.0,5.5449510480054105,1.0,9.716048260291094,1.0
314,-9.541964319951202,15.53774028576963,0.6666666666666666,3,-9.468290186510073,1.0,9.450859379447765,1.0,-28.608462152791297,0.0
315,-10.453019670796456,10.781263624638303,0.6666666666666666,3,-1.0710067209727647,1.0,-25.552524729698643,0.0,-4.735527561717959,1.0
316,8.60058965112165,1.147668259960788,1.0,3,9.05446038251366,1.0,7.024130416881112,1.0,9.723178153970172,1.0
317,-6.693153330217261,0.4531446047670694,1.0,3,-6.9569583118888385,1.0,-7.0670326579339005,1.0,-6.055469020829047,1.0
318,6.082560281998308,3.299466508031381,1.0,3,10.634587680079484,1.0,4.694805431362809,1.0,2.9182877345526324,1.0
319,-10.597897543486322,11.35162218449044,0.6666666666666666,3,-1.6937753317559956,1.0,-3.481620607175712,1.0,-26.61829669152726,0.0
320,-4.185149749518319,10.88194603318154,1.0,3,8.414401319014305,1.0,-18.137611665519614,1.0,-2.8322389020496495,1.0
321,-1.3530702490115942,2.4715558232478307,1.0,3,1.9759673927749972,1.0,-3.940093035111204,1.0,-2.095085104698576,1.0
322,3.37422414404699,3.8432541995875824,1.0,3,7.8544966050631775,1.0,-1.5307335195530758,1.0,3.798909346630867,1.0
323,-11.434815845927446,12.043618962360076,0.6666666666666666,3,-25.411821938512993,0.0,-12.875761896796874,1.0,3.9831362975275306,1.0
324,-11.229465342803548,10.812299115065832,0.6666666666666666,3,-25.79479709051274,0.0,-7.977562615036929,1.0,0.08396367713902464,1.0
325,-4.1146029310522,3.874616627439356,1.0,3,-9.28804260046574,1.0,0.03596552313410051,1.0,-3.0917317158249613,1.0
326,9.024518683886441,1.5882360009967393,1.0,3,10.875,1.0,6.996767451581439,1.0,9.201788600077881,1.0
327,-3.902943872723174,9.835430129163907,1.0,3,-17.810172345613907,1.0,2.8378890426183414,1.0,3.2634516848260446,1.0
328,0.41816539641935613,10.913082060598853,1.0,3,7.722299592164205,1.0,8.540233418799284,1.0,-15.008036821705419,1.0
329,6.945612396379933,4.83721467987445,1.0,3,10.733420142225638,1.0,0.1184182269944074,1.0,9.984998819919754,1.0
330,-1.8915849261546285,9.165997715690981,1.0,3,-14.849660582426111,1.0,4.288324750787216,1.0,4.886581053175011,1.0
331,4.841175539174628,5.109287543387604,1.0,3,-2.28477541478472,1.0,9.43993383742911,1.0,7.368368194879495,1.0
332,6.575835150237457,4.498541169513012,1.0,3,10.732699439166762,1.0,0.3265915207889236,1.0,8.668214490756688,1.0
333,-2.128149806743162,8.295418613259715,1.0,3,-5.594749556691356,1.0,-10.100928933305573,1.0,9.311229069767442,1.0
334,-6.850598765069475,14.005730119028383,0.6666666666666666,3,8.353873964593145,1.0,-3.4592587777623454,1.0,-25.446411482039224,0.0
335,0.07149296212595324,4.629865400559138,1.0,3,0.1317539991695167,1.0,-5.628801301518431,1.0,5.711526188726774,1.0
336,5.210051535023785,4.2842663721327705,1.0,3,8.533242160677501,1.0,7.93590543218865,1.0,-0.8389929877947946,1.0
337,1.1804425894452502,3.248402929312127,1.0,3,0.6301080779944357,1.0,5.405423933311396,1.0,-2.4942042429700813,1.0
338,-5.032764523328677,14.364659087933006,0.6666666666666666,3,7.03861532713772,1.0,3.0816864499634784,1.0,-25.218595347087227,0.0
339,3.774998459007859,6.140727064810155,1.0,3,-4.850022793951702,1.0,8.964748856721721,1.0,7.210269314253556,1.0
340,7.5702760637257285,0.8087840894686195,1.0,3,6.448914340230822,1.0,8.32617083091226,1.0,7.935743020034101,1.0
341,8.355709060833341,2.6405524258824693,1.0,3,10.465174638882312,1.0,9.969569890556487,1.0,4.6323826530612235,1.0
342,-8.382770355987166,12.166703951196686,0.6666666666666666,3,-25.337504939316965,0.0,-2.444252993075045,1.0,2.633446864430513,1.0
343,-13.633518047837022,16.99193563125747,0.3333333333333333,3,-25.693527859148052,0.0,10.396651780910364,1.0,-25.603678065273378,0.0
344,-6.539296667752055,5.511308779830419,1.0,3,0.8903590505642853,1.0,-8.214039080067188,1.0,-12.294209973753263,1.0
345,-1.797069217436641,2.316731262617911,1.0,3,-4.157814601249026,1.0,-2.5841889751711467,1.0,1.3507959241102494,1.0
346,-3.5213697695063213,11.39759715817661,1.0,3,-18.39014037616695,1.0,-1.4765648723850102,1.0,9.302595940032996,1.0
347,-2.3101784536695544,7.718636215623079,1.0,3,-5.062151147057929,1.0,8.213813263859622,1.0,-10.082197477810357,1.0
348,7.041635168216704,2.909391998715996,1.0,3,10.343354753354753,1.0,7.516999385277393,1.0,3.2645513660179644,1.0
349,-2.1060259380632806,16.198074627866987,0.6666666666666666,3,-24.96047825159915,0.0,10.670992632803411,1.0,7.971407804605896,1.0
350,-0.17859304091694472,3.5648336240347533,1.0,3,4.784619519265612,1.0,-3.426325265228698,1.0,-1.8940733767877482,1.0
351,-2.7918755771701433,8.11421637296914,1.0,3,4.172347880009303,1.0,1.624459044624139,1.0,-14.172433656143872,1.0
352,6.113310157152095,0.4756054476436945,1.0,3,5.583747112462005,1.0,6.7372198585870855,1.0,6.018963500407196,1.0
353,-9.929486351024389,13.121388113709534,0.6666666666666666,3,-8.514978046220744,1.0,5.386855027465968,1.0,-26.66033603431839,0.0
354,4.984342423637982,3.7454376008110537,1.0,3,0.8292665330661286,1.0,9.90686938297041,1.0,4.216891354877409,1.0
355,-16.228594737380757,13.642969219209293,0.3333333333333333,3,-25.042776271799042,0.0,-26.68516995751061,0.0,3.0421620171673807,1.0
356,0.2095544794546743,4.071934113753253,1.0,3,4.979060862012161,1.0,0.6194081997430612,1.0,-4.969805623391199,1.0
357,4.019717757308619,4.906068235581139,1.0,3,7.37172525326498,1.0,-2.9172072606142674,1.0,7.604635279275146,1.0
358,8.485340337256247,0.4179864102770306,1.0,3,9.055029871781125,1.0,8.337094744420448,1.0,8.063896395567172,1.0
359,-7.33168921031896,14.012850745257856,0.6666666666666666,3,-26.588312195332378,0.0,6.3496251717870305,1.0,-1.756380607411538,1.0
360,7.279650011614297,1.7384166103368126,1.0,3,9.090657037827045,1.0,4.93424072732064,1.0,7.814052269695208,1.0
361,5.27988163140505,3.4869671267820856,1.0,3,9.60382325502502,1.0,1.064607081339716,1.0,5.171214557850411,1.0
362,6.083069942450077,2.2019551040982894,1.0,3,5.726754833318926,1.0,8.94034844948316,1.0,3.5821065445481457,1.0
363,1.4504502137115514,1.717477958537239,1.0,3,-0.9783634127885019,1.0,2.6492338746674022,1.0,2.6804801792557535,1.0
364,-3.6812089474805165,8.759698402425125,1.0,3,-12.01856149330559,1.0,8.42250913673598,1.0,-7.4475744858719395,1.0
365,1.6548523199938974,5.948737332772347,1.0,3,9.697804256437205,1.0,-0.23017638875086455,1.0,-4.5030709077046485,1.0
366,0.8830311953932846,5.418368249482033,1.0,3,3.0150093525485673,1.0,6.1911360589812325,1.0,-6.557051825349946,1.0
367,-12.05413406697818,11.887905901535012,0.6666666666666666,3,-6.120165234044446,1.0,-28.643690579160115,0.0,-1.3985463877299882,1.0
368,6.376586496595139,5.053657013941624,1.0,3,9.38005155078391,1.0,-0.7415124780382776,1.0,10.491220417039784,1.0
369,-4.388507609337636,15.054704718490061,0.6666666666666666,3,-25.152287052126614,0.0,10.069568893817577,1.0,1.9171953302961295,1.0
370,9.589374302496765,1.0821225151242266,1.0,3,10.392925254469032,1.0,10.315523073655143,1.0,8.059674579366115,1.0
371,3.668594286250898,6.447870583264061,1.0,3,8.538382367110968,1.0,7.910258163147571,1.0,-5.442857671505843,1.0
372,-8.409713624424375,13.963439710174294,0.6666666666666666,3,-4.6896191512513585,1.0,6.5256892860530336,1.0,-27.065211008074797,0.0
373,-4.322182229060098,15.286539963750615,0.6666666666666666,3,-25.921661565369483,0.0,7.261346565885013,1.0,5.693768312304178,1.0
374,7.476269133855465,2.902921685025931,1.0,3,8.418853156657912,1.0,3.5446183283320405,1.0,10.465335916576443,1.0
375,1.6386258934463955,7.276859091012579,1.0,3,3.6910456855296276,1.0,-8.120836380345299,1.0,9.345668375154858,1.0
376,7.988220068651503,0.5592881519272536,1.0,3,7.350245759696358,1.0,8.712110225296518,1.0,7.902304220961633,1.0
377,-4.396824692113354,8.409167106588182,1.0,3,-15.096035196687374,1.0,-3.543474334057393,1.0,5.449035454404706,1.0
378,4.561635000365592,4.271631199561118,1.0,3,10.122738160901427,1.0,3.824572687503964,1.0,-0.2624058473086137,1.0
379,3.261364357282373,8.3237304751577,1.0,3,9.596047100226581,1.0,8.686495240306478,1.0,-8.49844926868594,1.0
380,4.220816781138067,3.7633442903797683,1.0,3,-1.0937631997685493,1.0,7.12421668973969,1.0,6.631996853443061,1.0
381,-3.738882172398393,7.223367691976733,1.0,3,1.8941754063974834,1.0,-13.935591037900009,1.0,0.8247691143073457,1.0
382,-10.28281622787875,11.52829887264292,0.6666666666666666,3,0.9308573121191603,1.0,-5.640621011917615,1.0,-26.138684983837795,0.0
383,1.7486435326237284,10.169841362775726,1.0,3,10.610553359683795,1.0,-12.492429916318006,1.0,7.127807154505396,1.0
384,2.1190737428425748,4.998845069117866,1.0,3,0.8988443553774186,1.0,8.759607843137255,1.0,-3.3012309699869498,1.0
385,6.09286682479789,3.1993280240809097,1.0,3,7.914246318004209,1.0,8.769025592531488,1.0,1.5953285638579722,1.0
386,-10.22609010439191,6.220364151986991,1.0,3,-19.008492813977515,1.0,-6.27243561564301,1.0,-5.3973418835552085,1.0
387,-2.8652865387217212,5.928344677062216,1.0,3,-9.04675173101927,1.0,5.130547684548374,1.0,-4.679655569694267,1.0
388,9.312148125027482,0.11713153795667866,1.0,3,9.146803493449783,1.0,9.403512988341173,1.0,9.386127893291487,1.0
389,2.9245594283926124,4.559238159955681,1.0,3,1.9531488451284815,1.0,8.930432290654752,1.0,-2.109902850605396,1.0
390,-1.0572646731281043,7.63234548029412,1.0,3,-11.719736091755165,1.0,5.72752658416765,1.0,2.820415488203201,1.0
391,-3.6811947026327876,4.582358920515604,1.0,3,0.6070128908485071,1.0,-10.033086117712843,1.0,-1.6175108810340273,1.0
392,7.317142689183367,0.29352941487639417,1.0,3,6.9860265478305,1.0,7.699520620108369,1.0,7.265880899611234,1.0
393,-2.4446878625077733,16.620519000058728,0.6666666666666666,3,8.221498534951865,1.0,-25.91715339183258,0.0,10.361591269357396,1.0
394,-1.9343880659560047,8.723937034093469,1.0,3,2.1966728477298103,1.0,6.067919768403639,1.0,-14.067756814001463,1.0
395,-5.959966993662426,20.832197933139412,0.6666666666666666,3,-35.3509450113571,0.0,10.495781786010905,1.0,6.975262244358915,1.0
396,-4.3656747959468065,15.495471109195089,0.6666666666666666,3,-26.256338191780824,0.0,5.705826591458501,1.0,7.453487212481905,1.0
397,-4.501290237825654,9.544652216014933,1.0,3,-5.382203185840709,1.0,-15.725677233429398,1.0,7.604009705793144,1.0
398,1.1899595482341427,10.236752796878488,1.0,3,6.787837954565085,1.0,-13.171180126621378,1.0,9.953220816758721,1.0
399,6.569205212400292,3.7325092812768896,1.0,3,9.614992387946089,1.0,8.779918950416725,1.0,1.3127042988380637,1.0
400,8.93945676655781,1.257965165594709,1.0,3,9.327947936859594,1.0,10.248713923247701,1.0,7.241708439566137,1.0
401,4.348088958393027,5.037498611472807,1.0,3,4.7307170500543,1.0,-2.0039705941510153,1.0,10.317520419275796,1.0
402,-0.5332219901139782,4.082950513990393,1.0,3,-6.137800402129317,1.0,3.472085489745064,1.0,1.0660489420423183,1.0
403,3.334077204607539,6.253096651628191,1.0,3,6.873364989794693,1.0,-5.4538932750097775,1.0,8.582759899037702,1.0
404,2.9558516322425508,5.719508825165183,1.0,3,9.636544045194771,1.0,3.5646108262787637,1.0,-4.333599974745882,1.0
405,-1.4496800538873897,9.870419475947786,1.0,3,-15.26318524612642,1.0,7.197209512341962,1.0,3.7169355721222894,1.0
406,-0.44629031147796283,10.119819927741476,1.0,3,2.4247954295978422,1.0,10.260398204982721,1.0,-14.024064569014453,1.0
407,-2.9668104637050217,9.117703172744882,1.0,3,8.667203525641026,1.0,-13.599007547169816,1.0,-3.968627369586276,1.0
408,4.425575109894869,3.522883547550294,1.0,3,4.543171207204486,1.0,8.68020853778214,1.0,0.0533455846979809,1.0
409,8.894479087839857,2.1965607045372115,1.0,3,10.377839799643432,1.0,5.7891047707654915,1.0,10.516492693110646,1.0
410,-6.70432708574015,14.567607059307356,0.6666666666666666,3,-27.19031579025526,0.0,1.6502914431093991,1.0,5.42704308992541,1.0
411,4.5115029344030715,2.7359926439249014,1.0,3,2.8113384764474496,1.0,8.371662277566681,1.0,2.3515080491950826,1.0
412,7.600357349832334,1.703078762279472,1.0,3,5.3328715498938415,1.0,9.437376167275682,1.0,8.030824332327477,1.0
413,-8.289209103554626,2.07439534324481,1.0,3,-5.889865258112632,1.0,-8.027020604204369,1.0,-10.950741448346879,1.0
414,-1.2938431517700184,16.32743990269056,0.6666666666666666,3,-24.378340926746315,0.0,9.792980086688862,1.0,10.703831384747398,1.0
415,-4.555947262966561,15.368946394122094,0.6666666666666666,3,9.619998438597861,1.0,2.6245308357348707,1.0,-25.912371063232413,0.0
416,2.8329100581318634,7.186761407786993,1.0,3,7.978696151015283,1.0,7.850469792216517,1.0,-7.33043576883621,1.0
417,-5.295598936557923,15.096025144420485,0.6666666666666666,3,9.802037224910254,1.0,-25.91656295793273,0.0,0.22772892334870676,1.0
418,4.817118343175511,7.102833861244751,1.0,3,10.027241069133899,1.0,-5.225438510626281,1.0,9.649552471018914,1.0
419,4.398144522092559,4.198544335268911,1.0,3,6.959805871462574,1.0,7.756287888204271,1.0,-1.5216601933891685,1.0
420,5.390876487049518,5.469864059222617,1.0,3,-2.32851857483149,1.0,8.817764419530905,1.0,9.683383616449136,1.0
421,4.458106908324599,7.47831370775049,1.0,3,-6.11669581578329,1.0,9.879390221901497,1.0,9.61162631885559,1.0
422,5.50718127948356,3.0935753157843884,1.0,3,9.117294167235357,1.0,5.8423645546372835,1.0,1.561885116578038,1.0
423,-21.476078892678647,9.121075550464123,0.3333333333333333,3,-8.660683899441997,1.0,-26.61284477374665,0.0,-29.154708004847294,0.0
424,-1.3405920981593191,10.221298875148083,1.0,3,-14.242920009340025,1.0,10.755027269331341,1.0,-0.5338835544692735,1.0
425,6.452564368187922,2.1691662789099664,1.0,3,4.461132356116405,1.0,5.427495273251101,1.0,9.46906547519626,1.0
426,-9.694826734905078,15.276730100474309,0.6666666666666666,3,-27.177271392206784,0.0,10.039157778355879,1.0,-11.94636659086433,1.0
427,4.09881998074476,2.187060046574397,1.0,3,1.0634849214582118,1.0,6.131175065495453,1.0,5.1017999552806135,1.0
428,-5.5406042677647696,14.079675455845418,0.6666666666666666,3,6.794310611633984,1.0,1.8286771022120707,1.0,-25.244800517140362,0.0
429,-3.325235023198451,15.474148092447805,0.6666666666666666,3,8.230289914520867,1.0,-25.197290621637283,0.0,6.991295637521063,1.0
430,0.3057257368104036,9.901757851425925,1.0,3,7.797625479183383,1.0,-13.6857495728339,1.0,6.805301304081729,1.0
431,-15.615652286894322,18.045237028000386,0.3333333333333333,3,-26.494823827560822,0.0,9.81589659456532,1.0,-30.168029627687464,0.0
432,2.4428987572593033,5.429308376436011,1.0,3,-2.114766559977731,1.0,-0.6296094732543924,1.0,10.073072305010033,1.0
433,-2.3590259664282893,16.126808112553036,0.6666666666666666,3,7.815880131680867,1.0,-25.123140868605912,0.0,10.230182837640177,1.0
434,-2.6399371834294687,10.015811511251936,1.0,3,7.579643133981277,1.0,-16.24354002816597,1.0,0.7440853438962876,1.0
435,6.162149251776678,3.983870935501109,1.0,3,0.5659475178230586,1.0,9.524817263357743,1.0,8.395682974149231,1.0
436,5.3034780921539815,2.8303024383976405,1.0,3,4.743509509737062,1.0,9.015771260667766,1.0,2.151153506057118,1.0
437,-2.5687483291236357,9.150908127614832,1.0,3,6.6917978519659025,1.0,0.6297966687151622,1.0,-15.027839508051972,1.0
438,6.390970209292461,3.8517329750887463,1.0,3,1.112258384381473,1.0,7.866207799051467,1.0,10.194444444444443,1.0
439,-8.56260823987583,5.940066791281404,1.0,3,-8.96025644939706,1.0,-15.630695250123068,1.0,-1.096873020107365,1.0
440,4.278606473351655,6.527766816314555,1.0,3,10.074627189324438,1.0,7.603313954643929,1.0,-4.8421217239134045,1.0
441,-8.402333541437379,13.45479071652088,0.6666666666666666,3,-25.899656942823803,0.0,-6.1289977150562756,1.0,6.821654033567947,1.0
442,1.4379345481123558,7.763216671610214,1.0,3,2.9264029137744476,1.0,10.11387266088544,1.0,-8.72647193032282,1.0
443,9.094483841148218,0.7202592024398876,1.0,3,9.989599291735633,1.0,8.225931786155426,1.0,9.067920445553595,1.0
444,5.654719914929309,5.428970494324441,1.0,3,9.076438186326603,1.0,9.896126229944153,1.0,-2.008404671482827,1.0
445,-0.4318385396726055,9.284955235899492,1.0,3,-12.222771999646232,1.0,0.45902963440167,1.0,10.468226746226746,1.0
446,-5.082980940776228,15.19727103432387,0.6666666666666666,3,4.480279525261042,1.0,6.804030260950064,1.0,-26.53325260853979,0.0
447,-1.0147431170694228,8.644233305614554,1.0,3,2.779572228891558,1.0,-12.976021837334551,1.0,7.152220257234725,1.0
448,6.602911291728366,5.269830093886081,1.0,3,10.04057438678664,1.0,-0.8424827640858972,1.0,10.610642252484357,1.0
449,8.66169383582831,0.9294791039276319,1.0,3,9.027784925424116,1.0,9.571982682946294,1.0,7.385313899114516,1.0
450,6.7495997609284695,1.4332193857987607,1.0,3,8.712611918882724,1.0,6.205259740259741,1.0,5.3309276236429435,1.0
451,-5.57786109148837,14.878825177361287,0.6666666666666666,3,-0.6726675004904852,1.0,9.69024934675043,1.0,-25.751165120725055,0.0
452,6.323436224339326,2.7925673494177268,1.0,3,4.3133318304779085,1.0,10.272509284967368,1.0,4.384467557572703,1.0
453,10.47931766822839,0.2678077978492757,1.0,3,10.85,1.0,10.361263065396356,1.0,10.226689939288812,1.0
454,5.696047809791062,4.579225596923404,1.0,3,7.705635773330201,1.0,10.022775914994098,1.0,-0.6402682589511137,1.0
455,5.954946931991478,4.194048080853891,1.0,3,7.071129123531174,1.0,0.35199092789766695,1.0,10.441720744545593,1.0
456,2.128434621984519,8.596013350057369,1.0,3,9.61814527503526,1.0,6.676066499050749,1.0,-9.908907908132452,1.0
457,3.6395618225106268,3.9361550061782853,1.0,3,4.4804408435215715,1.0,-1.5463436886091948,1.0,7.984588312619503,1.0
458,6.06756528888499,5.135675218464253,1.0,3,9.14687437819195,1.0,10.224500212826333,1.0,-1.1686787243633106,1.0
459,-0.3273279181205592,2.5102824159881534,1.0,3,0.18484197071810016,1.0,2.4588787434298984,1.0,-3.625704468509676,1.0
460,7.243547417001312,3.413686832085513,1.0,3,10.20165138943764,1.0,2.460391566265061,1.0,9.068599295301235,1.0
461,-2.380811438376466,16.28107529207292,0.6666666666666666,3,-25.40571467443498,0.0,9.109453994136311,1.0,9.153826365169268,1.0
462,-3.1604144158059118,7.6389937362153955,1.0,3,-11.187761806066282,1.0,-5.40793935671716,1.0,7.114457915365707,1.0
463,6.09758549535421,2.7394799859623773,1.0,3,2.764063076923075,1.0,9.473980321633801,1.0,6.054713087505753,1.0
464,7.95672533463014,2.893555427358768,1.0,3,3.9645479138010105,1.0,9.174428473966572,1.0,10.73119961612284,1.0
465,-3.9968586937301094,8.953529719231504,1.0,3,-8.93206461001164,1.0,-11.627837248488447,1.0,8.569325777309759,1.0
466,9.707473877256179,0.4518966104003528,1.0,3,9.372202312630192,1.0,10.346289617973522,1.0,9.403929701164824,1.0
467,-19.602779488099607,8.70579424038719,0.3333333333333333,3,-7.29669482530497,1.0,-25.429493398981467,0.0,-26.082150240012382,0.0
468,2.411195990374157,5.037903718705715,1.0,3,9.010879114544302,1.0,-3.213263349718984,1.0,1.4359722062971532,1.0
469,-5.106636653152741,5.874456060697811,1.0,3,2.158130788773531,1.0,-5.248860417229965,1.0,-12.229180331001789,1.0
470,1.0832115832331564,9.34125460904784,1.0,3,-12.090429480939726,1.0,8.524398746713723,1.0,6.815665483925471,1.0
471,2.074389343736804,5.80772395378226,1.0,3,0.39221090075967524,1.0,9.87767599488015,1.0,-4.046718864429414,1.0
472,2.0013844122486977,9.883489261694656,1.0,3,10.733808557323094,1.0,-11.816473886842987,1.0,7.086818566265985,1.0
473,2.566827959447039,6.614547933365822,1.0,3,6.127018008958773,1.0,-6.704738993622337,1.0,8.278204863004682,1.0
474,-2.4450305875543195,6.517127241863538,1.0,3,5.914563193050573,1.0,-9.985975361752054,1.0,-3.263679593961477,1.0
475,8.516515109361182,2.391781693970931,1.0,3,5.2374890387858315,1.0,9.437056289297715,1.0,10.875,1.0
476,4.518485280422122,4.275108251413178,1.0,3,6.312040098615038,1.0,-1.3785117916045841,1.0,8.621927534255914,1.0
477,7.129371604608326,1.8242296182826987,1.0,3,8.391905596475855,1.0,8.446495352304813,1.0,4.5497138650443105,1.0
478,2.805548270903374,6.280478342285177,1.0,3,7.948063167630897,1.0,-6.037273393393393,1.0,6.505855038472617,1.0
479,-0.9678898474442024,4.672021216562635,1.0,3,-0.32748155566683756,1.0,4.406998744005482,1.0,-6.983186730671251,1.0
480,8.127026006358136,1.7009172778749746,1.0,3,10.465453633142033,1.0,7.446173283738983,1.0,6.469451102193393,1.0
481,2.2814991519566674,7.086671705857802,1.0,3,7.225386751466834,1.0,7.3593802079492665,1.0,-7.740269503546099,1.0
482,3.9300245839748738,5.678997288935757,1.0,3,5.327403788634098,1.0,10.08056952503761,1.0,-3.6178995617470857,1.0
483,4.895553137629006,2.0218350954250557,1.0,3,5.839392076624794,1.0,6.761068538360686,1.0,2.086198797901538,1.0
484,-0.745990002010816,8.465261687591049,1.0,3,-10.71556372017887,1.0,-1.501123270211215,1.0,9.978716984357638,1.0
485,3.7560276697502517,5.698907447574864,1.0,3,-4.0526368957704,1.0,9.388042626332073,1.0,5.9326772786890825,1.0
486,-2.1865174070068196,16.448143741818086,0.6666666666666666,3,10.464972764412165,1.0,-25.41690671136613,0.0,8.392381725933507,1.0
487,-4.799824116869918,3.347516959401297,1.0,3,-7.70464436351666,1.0,-0.11008188342526282,1.0,-6.584746103667831,1.0
488,3.256307008015146,6.773007158395086,1.0,3,6.8985406573261745,1.0,-6.236904672960673,1.0,9.107285039679937,1.0
489,5.236686306459126,2.941695906552009,1.0,3,8.96362228098184,1.0,1.7723362525565083,1.0,4.974100385839031,1.0
490,4.030063501090109,3.7022782960445126,1.0,3,5.423675091565576,1.0,7.704033600726502,1.0,-1.0375181890217497,1.0
491,5.3115605718446695,2.0946865058222466,1.0,3,2.9344096745399613,1.0,8.03096342588709,1.0,4.969308615106957,1.0
492,5.040834009086136,6.246763379378469,1.0,3,9.449408808246016,1.0,9.46651118385161,1.0,-3.79341796483922,1.0
493,7.815089051287793,1.06615516039035,1.0,3,6.5341787927066735,1.0,9.14437066173068,1.0,7.766717699426027,1.0
494,-7.997422136287817,8.539968276665778,1.0,3,-16.60456315356185,1.0,3.643343332363278,1.0,-11.031046587664878,1.0
495,-2.5546575864346597,4.050669761611261,1.0,3,2.3596321151358364,1.0,-2.4624484360607166,1.0,-7.561156438379099,1.0
496,-0.041332847757500936,9.996059599989927,1.0,3,-13.705500008281026,1.0,3.652325467059981,1.0,9.929175997948542,1.0
497,8.169479623481818,1.8496175972105822,1.0,3,9.908527428977578,1.0,5.6077936624437585,1.0,8.992117779024117,1.0
498,8.361602359879138,0.7384162283649508,1.0,3,8.963167326172979,1.0,8.800061030189598,1.0,7.321578723274839,1.0
499,-3.2399619278284066,8.601013099974915,1.0,3,8.326952678645359,1.0,-12.282407476490247,1.0,-5.764430985640331,1.0
500,-6.573525269545034,9.449438846358005,1.0,3,6.750351747849219,1.0,-12.344639617363883,1.0,-14.126287939120441,1.0
501,5.424726050645137,4.948712755294945,1.0,3,6.866751274918869,1.0,-1.2271431051156814,1.0,10.634569982132222,1.0
502,-1.999451865744034,8.245209897036437,1.0,3,-1.4964698741999634,1.0,-12.33982219504059,1.0,7.837936472008451,1.0
503,3.8327424946318125,2.6216967368848008,1.0,3,7.206787695501234,1.0,0.8146282718223912,1.0,3.4768115165718134,1.0
504,7.075785915328377,2.2236147481073965,1.0,3,7.843226410486037,1.0,4.051048792226938,1.0,9.333082543272157,1.0
505,5.014991587111319,4.35428191789191,1.0,3,-0.868653770919364,1.0,6.383062536528346,1.0,9.530565995724974,1.0
506,-8.321557995349345,5.504475519679063,1.0,3,-0.6697226857759873,1.0,-13.386805475684463,1.0,-10.908145824587583,1.0
507,9.931342237748858,0.29352711954711896,1.0,3,10.291658873754828,1.0,9.572672866229714,1.0,9.929694973262032,1.0
508,-10.834567905507505,15.65073207629934,0.6666666666666666,3,-26.994175244315073,0.0,10.343649399822766,1.0,-15.853177872030209,1.0
509,-2.8545375869930183,15.699960813282196,0.6666666666666666,3,7.451396624472573,1.0,-25.039062000547148,0.0,9.02405261509552,1.0
510,3.343642731642945,5.870400018831736,1.0,3,9.113772000998626,1.0,-4.710715929576926,1.0,5.627872123507135,1.0
511,-4.788676377820204,15.490023738691438,0.6666666666666666,3,1.168579526508836,1.0,10.489052910866723,1.0,-26.023661570836172,0.0
512,-4.528654658208814,15.80478860570245,0.6666666666666666,3,9.325432069970846,1.0,3.734273175912043,1.0,-26.64566922050933,0.0
513,1.3034800072622137,5.264979603730253,1.0,3,-0.504231791196613,1.0,8.462665544634442,1.0,-4.047993731651188,1.0
514,0.2631496185351079,5.804320376848333,1.0,3,0.14589427364931318,1.0,7.429863597693544,1.0,-6.786309015737533,1.0
515,-0.37322909780277297,8.699585540469691,1.0,3,10.610540664375716,1.0,-1.0649281259781844,1.0,-10.66529983180585,1.0
516,4.399809847848208,5.565451283602129,1.0,3,8.113169776067375,1.0,8.553087497386578,1.0,-3.466827729909326,1.0
517,1.7073040588027577,3.5570417655101996,1.0,3,6.6871099005210795,1.0,-1.399015536447143,1.0,-0.1661821876656635,1.0
518,-15.75146415297292,13.572605274427705,0.3333333333333333,3,-24.735729382966166,0.0,3.4303129305254867,1.0,-25.948976006478073,0.0
519,-2.916598861650711,16.526756193561127,0.6666666666666666,3,10.206712501858183,1.0,-26.227419584218843,0.0,7.270910497408525,1.0
520,1.0004109698963404,5.603594704638615,1.0,3,8.33960971698522,1.0,-5.258113225621045,1.0,-0.08026358167515468,1.0
521,1.3469556401460434,5.589119087610246,1.0,3,-3.589449013799017,1.0,-1.5309911219562853,1.0,9.161307056193433,1.0
522,9.190602651318521,2.0839346211329257,1.0,3,10.600516983390694,1.0,10.726913305043777,1.0,6.244377665521094,1.0
523,8.206580582607812,3.0660360451695565,1.0,3,9.998700392994254,1.0,10.729891304347827,1.0,3.8911500504813503,1.0
524,-2.1285495165413657,15.755512869079583,0.6666666666666666,3,8.231124899459957,1.0,-24.392359861591682,0.0,9.775586412507629,1.0
525,9.339437333887949,0.7769084295512103,1.0,3,9.195661300183412,1.0,8.46799274716885,1.0,10.354657954311586,1.0
526,7.991164562054567,3.5898147253914474,1.0,3,2.914810121125913,1.0,10.58523307436182,1.0,10.473450490675964,1.0
527,4.451775316267906,5.01859239993948,1.0,3,-2.323901435854495,1.0,6.010117059876207,1.0,9.669110324782004,1.0
528,-7.783326489976358,13.679594859302584,0.6666666666666666,3,-4.221114263462399,1.0,6.9031099065627854,1.0,-26.03197511302946,0.0
529,-0.9779862502654275,2.9151712313247273,1.0,3,-3.3864030146359116,1.0,3.12397668997669,1.0,-2.6715324261370608,1.0
530,4.288718641716226,1.876971467982846,1.0,3,1.7910262875536507,1.0,6.3158208919513825,1.0,4.7593087456436445,1.0
531,-2.426336993966238,6.666179327450917,1.0,3,3.2894194547393,1.0,-11.776866171736396,1.0,1.2084357350983819,1.0
532,0.9664996070854907,9.158632352789029,1.0,3,10.619819224535593,1.0,-11.338855618144073,1.0,3.618535214864952,1.0
533,5.933256579743549,6.211198595965258,1.0,3,-2.8453727467155545,1.0,10.58758512799675,1.0,10.057557357949452,1.0
534,3.956767068179882,3.711572378551093,1.0,3,7.138666719209752,1.0,5.981102880054766,1.0,-1.2494683947248735,1.0
535,-4.506308420517747,6.487012094260931,1.0,3,2.8152121128030805,1.0,-12.95439483825169,1.0,-3.3797425361046294,1.0
536,-1.0701788318303198,10.097474198287111,1.0,3,3.0807751152073726,1.0,8.687165657632097,1.0,-14.97847726833043,1.0
537,2.525709471848916,9.217043162469514,1.0,3,9.353779722460434,1.0,-10.50414176431163,1.0,8.727490457397943,1.0
538,-2.9063819560746755,8.886409207578142,1.0,3,-14.528035567108342,1.0,-1.2374482461912244,1.0,7.046337945075539,1.0
539,2.6871909968893544,5.20794233283005,1.0,3,2.4159020444843877,1.0,9.196907699020269,1.0,-3.5512367528365925,1.0
540,-5.779258505569231,14.656674463714106,0.6666666666666666,3,-25.243928675485108,0.0,-2.2171844268592498,1.0,10.123337585636664,1.0
541,-1.9625786213815495,8.519269075315428,1.0,3,-3.033792771084334,1.0,8.965636093063772,1.0,-11.819579186124086,1.0
542,-7.871756064427465,16.019449868468083,0.6666666666666666,3,-29.072991216747113,0.0,-4.185969082329745,1.0,9.643692105794468,1.0
543,-8.787314939221629,12.545589412394078,0.6666666666666666,3,-25.70930549041347,0.0,4.291298488148218,1.0,-4.943937815399634,1.0
544,3.7119390404612758,2.727469315788985,1.0,3,0.10143311299968616,1.0,6.69269977263905,1.0,4.34168423574509,1.0
545,1.881380996819914,1.2869174840188216,1.0,3,3.6239559535776307,1.0,1.4648564303749918,1.0,0.5553306065071197,1.0
546,1.8260086635320796,4.403430703479694,1.0,3,-4.3921686644321944,1.0,5.228365087445005,1.0,4.641829567583428,1.0
547,-7.507800063760333,14.292109294837754,0.6666666666666666,3,-26.617132318422637,0.0,-3.6559093773065268,1.0,7.749641504448164,1.0
548,-0.443895728265104,7.262294587686527,1.0,3,7.077862990727955,1.0,1.851522737432438,1.0,-10.261072912955706,1.0
549,1.5580092614312353,8.173380956325214,1.0,3,3.901781364462047,1.0,10.18848433530906,1.0,-9.4162379154774,1.0
550,-2.268824346073796,7.943177563435073,1.0,3,-5.181542519889442,1.0,-10.208111023898196,1.0,8.58318050556625,1.0
551,3.0540924709601924,7.672947199448909,1.0,3,-7.795903062741603,1.0,8.339893336679635,1.0,8.618287138942545,1.0
552,-4.930754886109994,8.61119720455231,1.0,3,6.621741547538006,1.0,-7.370246360759493,1.0,-14.043759845108493,1.0
553,-7.540052619680002,14.252170048321268,0.6666666666666666,3,7.230845443778082,1.0,-3.0489720897653516,1.0,-26.802031213052736,0.0
554,-4.365219989428566,15.17393649527342,0.6666666666666666,3,10.34768819609071,1.0,-25.2501726199878,0.0,1.806824455611391,1.0
555,-4.2891421123658935,18.31722005538822,0.6666666666666666,3,7.99056458861018,1.0,-30.182157952434604,0.0,9.324167026726744,1.0
556,8.794374832356583,2.2973865729422878,1.0,3,10.20877428935087,1.0,10.62027266028003,1.0,5.55407754743885,1.0
557,7.470007935606595,2.090864372493446,1.0,3,10.27411638591118,1.0,6.880543758043756,1.0,5.2553636628648475,1.0
558,-4.668279227834572,5.212275921866405,1.0,3,-6.313397933790812,1.0,-10.068413725672759,1.0,2.3769739759598556,1.0
559,0.8645603419044505,7.783816199638805,1.0,3,-9.157093446164932,1.0,9.819564394573774,1.0,1.9312100773045096,1.0
560,6.95441860559323,2.5066697521539663,1.0,3,3.5030903880194426,1.0,7.979126210394572,1.0,9.381039218365675,1.0
561,8.1620038540172,2.04172659194324,1.0,3,10.184398725408702,1.0,5.366034597471723,1.0,8.935578239171177,1.0
562,2.771175839296047,4.782265461935735,1.0,3,-2.0533505154639187,1.0,9.288077065494099,1.0,1.0788009678579602,1.0
563,9.812322477432131,0.41383481506382025,1.0,3,9.7668021656164,1.0,10.340389279988848,1.0,9.329775986691143,1.0
564,6.655864512433602,2.69538785710473,1.0,3,7.5272292221097015,1.0,9.433936380835057,1.0,3.0064279343560454,1.0
565,-7.0969266843145205,6.9571493201303625,1.0,3,-15.459123890023273,1.0,-7.405609079851169,1.0,1.57395291693088,1.0
566,7.706097646052304,2.0927790416872156,1.0,3,7.510769744238336,1.0,5.246229303112816,1.0,10.361293890805763,1.0
567,5.2272627968127665,2.947509602658015,1.0,3,9.256765969817234,1.0,2.288364349307363,1.0,4.136658071313701,1.0
568,4.239465664522908,4.641858842898843,1.0,3,-2.12529799919373,1.0,6.029864053637905,1.0,8.81383093912455,1.0
569,-4.2202610047973765,14.876380475863273,0.6666666666666666,3,4.813188125980449,1.0,-25.191700447546093,0.0,7.717729307173514,1.0
570,5.892203636026757,3.41367859134724,1.0,3,10.471593730020503,1.0,4.92602362967267,1.0,2.2789935483870973,1.0
571,9.722076465294853,0.3487555071657583,1.0,3,9.261660080678357,1.0,10.105445260403476,1.0,9.799124054802725,1.0
572,0.0910303821788947,7.490904010188787,1.0,3,0.9653854686633387,1.0,8.796997359387378,1.0,-9.489291681514032,1.0
573,2.4908520889876384,4.56898355363763,1.0,3,8.722114704961301,1.0,0.855741205781742,1.0,-2.1052996437801283,1.0
574,-20.67468261255896,8.464125827237824,0.6666666666666666,3,-22.25392218160831,1.0,-9.60928349911557,1.0,-30.160842156953002,0.0
575,0.9453656498354223,2.615505995480145,1.0,3,-2.6888037491321537,1.0,2.1658625491635135,1.0,3.359038149474907,1.0
576,-2.825279406188971,15.921304427842088,0.6666666666666666,3,6.510134433511303,1.0,-25.237547136529336,0.0,10.251574484451119,1.0
577,-6.958889130144088,13.431323138337808,0.6666666666666666,3,6.205322514937533,1.0,-1.6823141368312253,1.0,-25.39967576853857,0.0
578,3.9847067106950522,8.284633552928755,1.0,3,-7.7141434627439,1.0,9.28149437193564,1.0,10.386769222893417,1.0
579,-9.438405120955656,13.504554796254208,0.6666666666666666,3,-26.93231761319605,0.0,-7.327092751123981,1.0,5.944195001453066,1.0
580,-6.584953489002341,15.181374437425173,0.6666666666666666,3,10.587144424131628,1.0,-26.331221290209637,0.0,-4.010783600929015,1.0
581,-3.3432161446825615,9.924072262066186,1.0,3,-1.7462448522065408,1.0,-16.2172174077513,1.0,7.933813825910155,1.0
582,9.899491409067041,1.0740140730919348,1.0,3,10.585298233025384,1.0,10.730262182694089,1.0,8.382913811481652,1.0
583,-3.5190667361121624,16.534092549942233,0.6666666666666666,3,-26.792302458636154,0.0,10.075023711920263,1.0,6.160078538379404,1.0
584,1.2964580680044886,6.543449759156799,1.0,3,8.424689955505064,1.0,2.8427564660105267,1.0,-7.378072217502124,1.0
585,0.7917904877377774,7.678969333430626,1.0,3,6.203001372634015,1.0,6.240260873060536,1.0,-10.06789078248122,1.0
586,7.13400891542685,1.7860842185557713,1.0,3,5.4776265879405965,1.0,6.31070274567095,1.0,9.613697412669,1.0
587,2.067822183664737,8.983040809637947,1.0,3,7.053367816091953,1.0,-10.544277899796956,1.0,9.694376634699214,1.0
588,-2.9294374742434943,8.626110721356573,1.0,3,-14.887561248253379,1.0,5.139393806677659,1.0,0.9598550188452375,1.0
589,7.343753350255173,1.987959347205961,1.0,3,10.153880075727901,1.0,5.8654479961254395,1.0,6.011931978912179,1.0
590,2.1864848827017087,2.4698416474745506,1.0,3,5.668009345424306,1.0,0.201966201173855,1.0,0.689479101506965,1.0
591,4.0382861580414025,5.013915596938581,1.0,3,10.61140058440696,1.0,3.0549114112005133,1.0,-1.551453521483264,1.0
592,8.517974541209687,1.5836647424237384,1.0,3,7.619145202668036,1.0,10.7439224608664,1.0,7.190855960094622,1.0
593,2.9567475734933963,6.7919627824019395,1.0,3,-6.052114034552224,1.0,10.346736737974528,1.0,4.575620017057885,1.0
594,0.8065462709244541,7.86197068571184,1.0,3,5.5396294004624345,1.0,7.152886988222098,1.0,-10.272877575911169,1.0
595,3.0491717010115913,10.485021791537227,1.0,3,-11.777953804570394,1.0,10.606904092790353,1.0,10.318564814814815,1.0
596,7.545217441202776,0.9518959464096363,1.0,3,6.204303009675693,1.0,8.318729034255432,1.0,8.1126202796772,1.0
597,1.1004068745446514,9.327415527095456,1.0,3,-11.77057651245551,1.0,5.035026597845837,1.0,10.036770538243626,1.0
598,8.20264106645942,1.4982308800990725,1.0,3,6.088022005881756,1.0,9.144480572045332,1.0,9.37542062145117,1.0
599,5.295219078201508,7.038241669999373,1.0,3,9.954253222572328,1.0,-4.651733214526541,1.0,10.583137226558735,1.0
600,9.012385217657055,1.2044207253885104,1.0,3,9.474712573729052,1.0,7.3614912879574925,1.0,10.20095179128462,1.0
601,2.385310912342076,3.005643666403411,1.0,3,6.574520960807952,1.0,-0.3327763902763916,1.0,0.914188166494668,1.0
602,0.24196558414893468,6.411204870245294,1.0,3,9.290255529091528,1.0,-3.7805234937357053,1.0,-4.783835282909019,1.0
603,1.0422315910756375,6.332705139539628,1.0,3,0.9118026033220819,1.0,8.862571666520557,1.0,-6.647679496615726,1.0
604,8.935221782467542,1.3053675634428914,1.0,3,7.148687907785995,1.0,9.425749040245009,1.0,10.231228399371618,1.0
605,2.2350033566007563,8.846726922812588,1.0,3,-10.147197134268094,1.0,9.97777983217181,1.0,6.874427371898553,1.0
606,7.96363160929705,1.4250681079145713,1.0,3,9.936740050632912,1.0,6.621604496076539,1.0,7.3325502811817,1.0
607,0.5430382095487832,5.330177781775145,1.0,3,7.90280251046025,1.0,-4.548082706766916,1.0,-1.7256051750469847,1.0
608,6.428755519328618,2.8196080059544117,1.0,3,5.6098994297946145,1.0,10.217886212160701,1.0,3.4584809160305365,1.0
609,5.62461722536271,4.05567181150604,1.0,3,8.886816838995568,1.0,-0.09197533320071649,1.0,8.07901017029328,1.0
610,7.147867931197979,2.683170544085063,1.0,3,10.612983762848204,1.0,4.0759685884380366,1.0,6.754651442307699,1.0
611,1.1491227353038618,5.502582046991333,1.0,3,6.376427993861285,1.0,-6.456931478002364,1.0,3.527871690052664,1.0
612,7.335973889996993,2.9243483524107763,1.0,3,8.854032757189222,1.0,3.245376824463066,1.0,9.90851208833869,1.0
613,0.3215585056597933,10.383599503974981,1.0,3,9.093095293910801,1.0,-14.263416463866252,1.0,6.13499668693483,1.0
614,-0.1363868797780826,5.652384136623722,1.0,3,7.077470009493396,1.0,-0.7609720799555202,1.0,-6.725658568872124,1.0
615,7.768755472687547,3.7009931790521486,1.0,3,2.5674200204290063,1.0,10.875,1.0,9.863846397633637,1.0
616,9.691120316751773,0.6159682083018891,1.0,3,10.491458773784355,1.0,8.99309371279551,1.0,9.588808463675457,1.0
617,9.417162309279988,0.8653577253096214,1.0,3,9.641498412378409,1.0,10.346877635928417,1.0,8.263110879533139,1.0
618,1.673068352110122,3.0347590223607894,1.0,3,3.933910775411481,1.0,3.701932999391956,1.0,-2.6166387184730713,1.0
619,5.736302673201138,4.750042256033694,1.0,3,-0.9271931611337347,1.0,8.33135553777907,1.0,9.804745642958077,1.0
620,-3.9880467579005567,14.792554286590155,0.6666666666666666,3,9.421793253068564,1.0,-24.59842024907676,0.0,3.212486722306526,1.0
621,0.9452569257045473,9.951030156743558,1.0,3,10.610806374881067,1.0,-12.745698602794421,1.0,4.970663005026997,1.0
622,-5.872599523938585,15.944857512477167,0.6666666666666666,3,9.714132042967167,1.0,0.4460179315341435,1.0,-27.777948546317067,0.0
623,-5.849575099966618,13.980265538915061,0.6666666666666666,3,1.3676168939093074,1.0,-25.39886874790198,0.0,6.482526554092818,1.0
624,9.023524293486712,1.443266611574686,1.0,3,9.005704912147744,1.0,7.2648679683123945,1.0,10.8,1.0
625,4.437458209041693,6.236846688965058,1.0,3,10.205144070927226,1.0,-4.225462051495819,1.0,7.332692607693672,1.0
626,-2.5202759958694148,16.16739803942581,0.6666666666666666,3,-25.383934933125136,0.0,9.041799580105929,1.0,8.781307365410965,1.0
627,9.1806148760868,0.9630251666770636,1.0,3,9.710906437792922,1.0,10.001848104680965,1.0,7.829090085786509,1.0
628,6.437401921791609,4.847369556530121,1.0,3,10.49201216117216,1.0,9.197119810338846,1.0,-0.37692620613617933,1.0
629,-5.3435884037880825,7.920795828498907,1.0,3,4.6137394749026805,1.0,-14.766037438334887,1.0,-5.87846724793204,1.0
630,4.711152630488368,2.627208789973307,1.0,3,8.387741904348246,1.0,2.4087917023096637,1.0,3.3369242848071945,1.0
631,6.483536516012069,0.5138932550398786,1.0,3,5.785928420160947,1.0,6.655884833468338,1.0,7.008796294406922,1.0
632,10.060568477185491,0.35375184902789475,1.0,3,9.793105834789461,1.0,10.560439603960395,1.0,9.828159992806619,1.0
633,-3.7775908801270184,15.43743851739695,0.6666666666666666,3,3.5795944066365317,1.0,10.34481730396686,1.0,-25.257184350984446,0.0
634,-3.3012585628746307,17.14023219277133,0.6666666666666666,3,9.016184142983807,1.0,8.620169235242804,1.0,-27.5401290668505,0.0
635,-3.2564496417245423,3.30689039492699,1.0,3,-2.0924116446071555,1.0,-7.761101401840298,1.0,0.084164121273826,1.0
636,2.7735810657771176,1.4406272712556272,1.0,3,2.571648730257043,1.0,4.630260165918672,1.0,1.118834301155637,1.0
637,8.33521771871017,1.7077216284588181,1.0,3,6.86477631256777,1.0,7.411275592585416,1.0,10.729601250977327,1.0
638,4.0757048041827675,2.8817252999294967,1.0,3,2.2204526592783784,1.0,8.1457886194696,1.0,1.8608731338003235,1.0
639,4.177521361124653,3.2322402441146076,1.0,3,8.604749286046358,1.0,2.94920185673518,1.0,0.97861294059242,1.0
640,8.490572262067085,2.0572026811144606,1.0,3,5.625044464206314,1.0,9.487805293501049,1.0,10.358867028493894,1.0
641,-2.1600283756756706,9.462257549821675,1.0,3,10.255190577024882,1.0,-12.691782932399027,1.0,-4.043492771652867,1.0
642,0.15849047041474704,6.091660891724626,1.0,3,1.158195296752524,1.0,-7.751688610641233,1.0,7.06896472513295,1.0
643,3.75831362411977,4.135515843277577,1.0,3,8.519162473976404,1.0,-1.5639598123340956,1.0,4.3197382107169995,1.0
644,-3.9682678612649394,16.90412458667951,0.6666666666666666,3,-27.87242280079577,0.0,8.243952901998098,1.0,7.723666315002857,1.0
645,7.6895589870015755,1.190055749176533,1.0,3,6.6348599235098416,1.0,7.081102002071109,1.0,9.352715035423774,1.0
646,6.3918209192204145,2.3430604462180997,1.0,3,3.532056455883912,1.0,6.372148463191126,1.0,9.271257838586203,1.0
647,-3.9246225501613607,17.41656108598575,0.6666666666666666,3,10.734212336365655,1.0,5.887833297437003,1.0,-28.39591328428674,0.0
648,8.557266589540335,1.016219894050153,1.0,3,8.520937698161065,1.0,9.819643423985733,1.0,7.331218646474207,1.0
649,7.425488849268732,3.7720222855463854,1.0,3,2.094946990222639,1.0,10.267453866711916,1.0,9.914065690871642,1.0
650,4.756918385946772,2.302867902986651,1.0,3,8.001366467233478,1.0,2.8898099771100547,1.0,3.3795787134967847,1.0
651,0.04533848013981334,9.468349410571447,1.0,3,5.4755461590594345,1.0,7.930191917190827,1.0,-13.269722635830822,1.0
652,-1.721760013949865,17.235347066880923,0.6666666666666666,3,10.466034953336855,1.0,10.464906584247812,1.0,-26.09622157943426,0.0
653,2.832982962547916,6.341216572232265,1.0,3,-5.9500202248731675,1.0,8.793140886129025,1.0,5.655828226387889,1.0
654,-4.286936578185305,15.430059521106507,0.6666666666666666,3,3.1667155210318043,1.0,-25.775024070191797,0.0,9.747498814604079,1.0
655,7.771028973487738,1.4786731236367827,1.0,3,9.820281303919153,1.0,6.385660553310537,1.0,7.107145063233526,1.0
656,3.4249885441816854,6.331258784936051,1.0,3,10.73026565026565,1.0,4.255869981642591,1.0,-4.711169999363184,1.0
657,3.6858011052459516,4.4927464910979635,1.0,3,-2.348135910224439,1.0,8.42638778993096,1.0,4.979151436031333,1.0
658,-5.025519670774247,15.002668225035173,0.6666666666666666,3,-26.201221685852214,0.0,4.416768622555141,1.0,6.70789405097433,1.0
659,7.2742739588340255,3.1236408354628526,1.0,3,10.85,1.0,7.732815969039617,1.0,3.240005907462459,1.0
660,3.521930920336065,3.8278831836151492,1.0,3,2.157413150959422,1.0,8.740995172669885,1.0,-0.3326155626211129,1.0
661,7.567440869656511,3.910099773356647,1.0,3,2.0382796486090813,1.0,10.26417975146903,1.0,10.399863208891423,1.0
662,9.273693977715274,1.351402082455682,1.0,3,10.027321365132748,1.0,10.417888404760356,1.0,7.375872163252717,1.0
663,8.594287767734583,2.1810333463670646,1.0,3,10.139399500839106,1.0,10.133621168884112,1.0,5.509842633480529,1.0
664,9.578500139085191,0.5587209500990065,1.0,3,9.736792054099746,1.0,8.82893535550717,1.0,10.169773007648656,1.0
665,3.5178428183088877,5.988789543752381,1.0,3,5.106331140048462,1.0,-4.480978286268941,1.0,9.928175601147142,1.0
666,6.803482298039223,4.066230778753895,1.0,3,9.499522274325908,1.0,9.854311642826747,1.0,1.0566129769650132,1.0
667,1.59783938088281,7.481928289643192,1.0,3,5.1309170502752925,1.0,-8.806227921701383,1.0,8.46882901407452,1.0
668,8.404618454599827,0.7187744381901927,1.0,3,9.164380675696474,1.0,8.609567289453718,1.0,7.4399073986492885,1.0
669,1.1254382901500233,7.803055855228027,1.0,3,9.60014236575578,1.0,-9.232866626322643,1.0,3.0090391310169338,1.0
670,8.028004630934696,1.518522678031358,1.0,3,6.170813920481427,1.0,8.022791288248392,1.0,9.890408684074266,1.0
671,1.1784749406805828,9.94516503085548,1.0,3,10.430651932826361,1.0,-12.62134654234654,1.0,5.726119431561927,1.0
672,-3.063590972742278,16.09666654089123,0.6666666666666666,3,-25.72587390542907,0.0,10.130266199797502,1.0,6.404834787404733,1.0
673,6.133045141145398,3.3382344816689056,1.0,3,10.463718898104267,1.0,5.595486745751336,1.0,2.33992977958059,1.0
674,-1.964225240423464,7.38455510940909,1.0,3,8.028393557712164,1.0,-9.588872215262267,1.0,-4.3321970637202885,1.0
675,-2.561765008505887,16.789162352770443,0.6666666666666666,3,8.658626799213005,1.0,9.949602610754924,1.0,-26.29352443548559,0.0
676,8.558395386724698,0.8844934173857036,1.0,3,9.808459794044387,1.0,7.972056092781187,1.0,7.894670273348519,1.0
677,-1.2917305106094847,3.539119618716058,1.0,3,-0.31397941031131715,1.0,2.4704001263423905,1.0,-6.0316122478595275,1.0
678,7.959125968725902,1.6754981722213889,1.0,3,6.898231786731788,1.0,10.324462385713522,1.0,6.654683733732396,1.0
679,2.553200436494269,9.037569207499715,1.0,3,8.002175370559042,1.0,9.84110478642904,1.0,-10.183678847505275,1.0
680,6.284498288929438,2.8952799803573233,1.0,3,7.617664324278001,1.0,8.970670927224077,1.0,2.265159615286233,1.0
681,4.778818516227964,8.266111680041835,1.0,3,-6.910503454392675,1.0,10.73625077784692,1.0,10.510708225229648,1.0
682,0.746318428660901,6.612770127040118,1.0,3,10.074990673407045,1.0,-3.347931084337354,1.0,-4.488104303086988,1.0
683,5.364417439034505,4.827561766449629,1.0,3,10.70649334666564,1.0,6.375049983940901,1.0,-0.9882910135030265,1.0
684,5.20041117231692,2.0579675046668386,1.0,3,4.332449234614184,1.0,8.040182433654618,1.0,3.228601848681956,1.0
685,6.463456578724934,3.7254852477940585,1.0,3,10.706601501407569,1.0,7.046630199945004,1.0,1.6371380348222289,1.0
686,9.241067178007414,1.195134891986681,1.0,3,10.087404573913327,1.0,7.550891820922619,1.0,10.084905139186295,1.0
687,2.2419353999342917,6.248836861316858,1.0,3,-5.240828421548985,1.0,10.05494197080292,1.0,1.9116926505489396,1.0
688,-0.056193844349528156,13.34011317884907,1.0,3,10.7304212946221,1.0,-18.853777963486763,1.0,7.954775135816078,1.0
689,-0.8326449992242502,0.4840375198670874,1.0,3,-1.2343291453615741,1.0,-0.15177598314606477,1.0,-1.1118298691651116,1.0
690,10.114228416839515,0.3074152946405913,1.0,3,10.343338156056674,1.0,9.679692624963174,1.0,10.319654469498692,1.0
691,8.619155178791774,2.61001327393258,1.0,3,10.584706225855719,1.0,10.342060853441836,1.0,4.930698457077767,1.0
692,5.006728869648745,5.1103408023363635,1.0,3,9.22830328276548,1.0,7.976011227567262,1.0,-2.1841279013865087,1.0
693,1.070502054803016,6.680431491956007,1.0,3,-7.093680690566908,1.0,1.035332511146951,1.0,9.269854343829005,1.0
694,9.2751672542905,0.5692065476896715,1.0,3,9.25422737837621,1.0,8.588740297365256,1.0,9.982534087130029,1.0
695,6.432213112502684,5.401910862753583,1.0,3,10.210340316144874,1.0,10.293391034176654,1.0,-1.2070920128134794,1.0
696,1.4691665400946627,2.5481037768055392,1.0,3,4.5897354089473525,1.0,1.4695828255747845,1.0,-1.6518186142381488,1.0
697,-10.779188026841082,17.89266596475828,0.6666666666666666,3,7.412569481013399,1.0,-4.642988391027998,1.0,-35.107145170508645,0.0
698,-1.2449841191786835,4.931820440128111,1.0,3,-5.131288566771458,1.0,5.71381936701261,1.0,-4.317483157777202,1.0
699,-3.9859669556834305,15.717398100439626,0.6666666666666666,3,7.060890103881901,1.0,7.19479908957114,1.0,-26.213590060503332,0.0
700,-5.6788321069843235,14.867296887275716,0.6666666666666666,3,7.751351126568879,1.0,-26.403827679052235,0.0,1.6159802315303846,1.0
701,-2.4438843775255514,15.900737211180184,0.6666666666666666,3,8.199077622717489,1.0,9.389683024632422,1.0,-24.920413779926566,0.0
702,-1.3598840481945331,4.584188576678284,1.0,3,-0.5345510784149834,1.0,-7.341329257056707,1.0,3.7962281908880904,1.0
703,0.3782803870045844,7.169574305645806,1.0,3,7.445004092434454,1.0,3.1417634299180515,1.0,-9.451926361338753,1.0
704,7.631186966176702,2.9581322855516206,1.0,3,3.5972278245230926,1.0,10.607958264846708,1.0,8.688374809160305,1.0
705,9.428813389078039,0.1677134621035976,1.0,3,9.621800178868021,1.0,9.212909851058269,1.0,9.451730137307829,1.0
706,1.1592924051430558,7.5205329936742045,1.0,3,9.359074679902983,1.0,2.925430823460295,1.0,-8.80662828793411,1.0
707,6.5931139984435605,2.2987077380245036,1.0,3,4.17398029402565,1.0,5.9220081020350035,1.0,9.68335359927003,1.0
708,0.8795337297982228,9.046534602741167,1.0,3,-11.363433765573358,1.0,3.785120610613731,1.0,10.216914344354295,1.0
709,4.403052467760673,5.9959385072302,1.0,3,-4.0620220298977205,1.0,8.206866979207069,1.0,9.06431245397267,1.0
710,2.274997703841677,10.88328677324879,1.0,3,9.615062283558174,1.0,-13.110899276996557,1.0,10.320830104963413,1.0
711,-3.638623503066611,2.9310181106072575,1.0,3,-1.004273216350752,1.0,-7.7273414788955925,1.0,-2.184255813953488,1.0
712,9.305814190920712,0.8038759694526256,1.0,3,8.209329538412101,1.0,9.594025910313249,1.0,10.114087124036788,1.0
713,-8.8182991393097,14.41505662628427,0.6666666666666666,3,5.2120518867924535,1.0,-28.641781483153782,0.0,-3.0251678215677735,1.0
714,6.025600110175842,2.677655906615084,1.0,3,3.7904322274091378,1.0,9.790405261286883,1.0,4.495962841831506,1.0
715,5.164476646305212,1.7168811699115756,1.0,3,6.248645679785151,1.0,2.7409154335820602,1.0,6.503868825548425,1.0
716,-14.571589104035176,17.96166126760655,0.3333333333333333,3,-27.707901519795058,0.0,10.825,1.0,-26.83186579231047,0.0
717,6.6316524917112005,2.9715515098614116,1.0,3,8.809402065067427,1.0,8.655370299711924,1.0,2.430185110354251,1.0
718,6.405493496087409,2.727367734269727,1.0,3,4.17751116547344,1.0,10.246181048555483,1.0,4.792788274233306,1.0
719,-3.3994390473717555,10.151597079812511,1.0,3,-14.917954616215823,1.0,9.781087781089136,1.0,-5.061450306988579,1.0
720,-3.6431488413677697,15.410966243384081,0.6666666666666666,3,9.643197950628785,1.0,-25.247992014639827,0.0,4.675347539907732,1.0
721,-2.904027465111666,0.9585614422130075,1.0,3,-2.92000087876551,1.0,-4.06995246505336,1.0,-1.722129051516129,1.0
722,8.391630906517834,2.4805657702880906,1.0,3,4.89096389043617,1.0,9.94496785881253,1.0,10.338960970304806,1.0
723,7.4170519923830875,0.6563247731364443,1.0,3,8.342363515055407,1.0,6.891211966737819,1.0,7.017580495356038,1.0
724,1.2300191662662574,6.900801440635231,1.0,3,6.388363065837641,1.0,-8.523775208771227,1.0,5.825469641732358,1.0
725,0.13575587681706658,7.002425506211372,1.0,3,-7.515638390632791,1.0,9.405997874723571,1.0,-1.4830918536395803,1.0
726,6.792186984756557,1.9378828103214027,1.0,3,8.089116123756304,1.0,4.052893444221798,1.0,8.23455138629157,1.0
727,7.373446699213588,1.5374314526962491,1.0,3,9.367519199122327,1.0,7.126943164362519,1.0,5.625877734155918,1.0
728,8.280481657813155,2.0395567745369765,1.0,3,5.396326441721356,1.0,9.692157424510876,1.0,9.752961107207234,1.0
729,3.839533685443989,4.551398217294093,1.0,3,-2.596036681858463,1.0,6.955269203707671,1.0,7.159368534482759,1.0
730,1.3882285778011714,1.7803138174654998,1.0,3,0.8283502512047622,1.0,-0.45766812451762284,1.0,3.794003606716375,1.0
731,4.731166159856012,7.558813564123268,1.0,3,10.054118549740148,1.0,10.097960459673757,1.0,-5.958580529845866,1.0
732,7.295686553359686,1.896386582152944,1.0,3,7.573119320899092,1.0,9.467099256475855,1.0,4.84684108270411,1.0
733,-3.9380197437701128,4.501296433604606,1.0,3,-2.312463354433566,1.0,-10.08096483953892,1.0,0.5793689626621479,1.0
734,4.934078696957673,6.108690547072397,1.0,3,-3.6641750170803924,1.0,9.95892940063634,1.0,8.507481707317073,1.0
735,8.857291783567126,1.4333395284502006,1.0,3,10.00353051367,1.0,9.732031488292813,1.0,6.836313348738566,1.0
736,8.35376871500945,1.0659832762459223,1.0,3,6.867810847923102,1.0,9.316809982419935,1.0,8.876685314685314,1.0
737,7.602919882831419,3.1767012683176334,1.0,3,3.1457173613755502,1.0,9.344534814960824,1.0,10.318507472157883,1.0
738,-0.886255421108182,2.75833871742716,1.0,3,0.5421073772900957,1.0,1.5432049384178121,1.0,-4.744078579032454,1.0
739,7.448309867330361,1.384077372844149,1.0,3,6.0775504261059465,1.0,9.343759493670886,1.0,6.92361968221425,1.0
740,7.029824390876288,3.1650021533470776,1.0,3,10.708882756563245,1.0,2.9825236839753337,1.0,7.398066732090284,1.0
741,7.6685449732252495,3.5744106904826314,1.0,3,2.6136225504494695,1.0,10.175098024871982,1.0,10.216914344354295,1.0
742,3.2690136940638577,3.799152847129122,1.0,3,8.584377265701843,1.0,1.2899526489770388,1.0,-0.06728883248730888,1.0
743,8.330260700417087,2.9095592923211457,1.0,3,10.636467810587922,1.0,10.128319541243934,1.0,4.225994749419408,1.0
744,6.845182983657717,3.7901693166316917,1.0,3,8.099102747265617,1.0,1.7050380743006475,1.0,10.731408129406885,1.0
745,3.800501914905235,4.623188874145819,1.0,3,-2.717804043568867,1.0,6.618544224548711,1.0,7.50076556373586,1.0
746,-22.32138892224123,19.70835068444247,0.3333333333333333,3,5.53546457763381,1.0,-35.45898391616449,0.0,-37.04064742819301,0.0
747,6.251752311946596,5.657725453001908,1.0,3,10.186535881811405,1.0,10.31784166530077,1.0,-1.7491206112723905,1.0
748,8.571714267210906,1.7329220862337118,1.0,3,10.730620169304379,1.0,6.487834905288601,1.0,8.496687727039737,1.0
749,8.021499860231154,1.5673551874336327,1.0,3,9.23337579210139,1.0,9.0228642832938,1.0,5.808259505298275,1.0
750,5.370733800130156,3.0880549715490004,1.0,3,7.149347238512927,1.0,7.935631177191032,1.0,1.0272229846865084,1.0
751,5.6590332826367415,4.466911929438824,1.0,3,-0.641363323091058,1.0,9.20760984286985,1.0,8.410853328131434,1.0
752,-7.848481774129037,18.87961496561923,0.6666666666666666,3,2.3136303690814195,1.0,-34.311969874543834,0.0,8.452894183075303,1.0
753,9.234485891295114,0.8697316951819642,1.0,3,8.594577994636472,1.0,8.644748548442875,1.0,10.464131130805995,1.0
754,5.597233249251055,2.48826175070057,1.0,3,2.2735027954752294,1.0,8.259988936170213,1.0,6.258208016107719,1.0
755,8.839321011040811,0.9373209727209699,1.0,3,9.089631193113958,1.0,9.84149218973131,1.0,7.586839650277163,1.0
756,7.061200346993862,3.8556524906036884,1.0,3,1.608621379280029,1.0,9.754006356102664,1.0,9.82097330559889,1.0
757,4.15788623292138,3.2761873035507008,1.0,3,8.47150857186013,1.0,0.5366292263939556,1.0,3.4655209005100547,1.0
758,-0.15894514400561674,6.267280166706304,1.0,3,6.306663664273209,1.0,1.858500739766562,1.0,-8.641999836056621,1.0
759,7.083247368947416,3.075074959725804,1.0,3,9.115910975848506,1.0,2.737450442119864,1.0,9.396380688873881,1.0
760,2.3296726423687346,4.484335173933892,1.0,3,-0.6509827494535383,1.0,-1.0277479023646112,1.0,8.667748578924353,1.0
761,7.9658750131142595,3.357854600192212,1.0,3,10.466718083894692,1.0,3.219438714376337,1.0,10.211468241071751,1.0
762,5.419547758476976,2.08586016759381,1.0,3,7.619892451452031,1.0,2.617881544176784,1.0,6.0208692798021115,1.0
763,5.94036007995679,2.8074395196228097,1.0,3,8.802258682634731,1.0,2.126192938070619,1.0,6.892628619165022,1.0
764,3.1062219968576557,7.51796118075813,1.0,3,9.087760619141884,1.0,-7.496741955494761,1.0,7.727647326925844,1.0
765,2.129407557172302,4.247594105563264,1.0,3,-3.8775890061722844,1.0,5.124088560442202,1.0,5.141723117246989,1.0
766,8.04846411117153,1.4933676612753863,1.0,3,8.7070751953125,1.0,9.456942801248312,1.0,5.9813743369537775,1.0
767,7.535371576971785,3.1561978989198387,1.0,3,9.306565130512768,1.0,3.1016016346638287,1.0,10.19794796573876,1.0
768,5.974375192026197,5.649513053550835,1.0,3,10.608572247706421,1.0,-1.9790927213497387,1.0,9.293646049721906,1.0
769,5.588229448671572,5.110953867848602,1.0,3,-1.3815163297045085,1.0,7.4148632123045894,1.0,10.731341463414635,1.0
770,9.087498591348572,1.1026580159232184,1.0,3,10.609489067183919,1.0,8.032495200959808,1.0,8.620511505901991,1.0
771,9.261001853318222,1.003753083099564,1.0,3,9.857862267011123,1.0,7.847179960707269,1.0,10.07796333223627,1.0
772,7.143746435527766,2.28695787613072,1.0,3,4.119542787286066,1.0,9.6487776182969,1.0,7.6629189010003325,1.0
773,2.6090008928885062,5.725030678732557,1.0,3,0.891716525355946,1.0,10.319808078273958,1.0,-3.3845219249643854,1.0
774,10.106245481760318,0.2135831367063255,1.0,3,10.095676702081278,1.0,9.850105197745128,1.0,10.372954545454547,1.0
775,3.0569908799486516,3.0889975368384035,1.0,3,2.1717651156715307,1.0,-0.20514186799126577,1.0,7.20434939216569,1.0
776,9.150246305453726,1.4010763332433385,1.0,3,7.17101564211541,1.0,10.220526520051747,1.0,10.05919675419402,1.0
777,2.998939261598139,3.710742398600145,1.0,3,-0.9325600811020411,1.0,7.974987657645526,1.0,1.954390208250933,1.0
778,4.469812899681276,6.183336809909636,1.0,3,10.644227281140108,1.0,-3.9800369643670486,1.0,6.745248382270771,1.0
779,2.7358565581035434,4.407226693974347,1.0,3,3.442234332008561,1.0,-2.980283338183268,1.0,7.745618680485338,1.0
780,7.138830232601902,2.6359126886415254,1.0,3,9.490347690522805,1.0,3.4581108678166075,1.0,8.468032139466295,1.0
781,3.0802952144488693,3.424768563442599,1.0,3,6.589885254691689,1.0,4.216113084665482,1.0,-1.5651126960105621,1.0
782,0.04224988712561798,9.574424319444866,1.0,3,-13.322422453098143,1.0,8.607018393872577,1.0,4.84215372060242,1.0
783,2.254780059803458,3.336452634875829,1.0,3,6.887850836375785,1.0,0.7121087820744485,1.0,-0.8356194390398599,1.0
784,-0.5313457443072732,3.125285806576675,1.0,3,-3.2370228827124574,1.0,3.848141214817425,1.0,-2.2051555650267876,1.0
785,9.129207244509287,1.1817720923447883,1.0,3,8.749846821674483,1.0,10.72847681795998,1.0,7.909298093893399,1.0
786,-2.451225587922701,7.72756359199961,1.0,3,-13.285089229759189,1.0,1.7233666879568492,1.0,4.208045778034236,1.0
787,1.077641102388221,5.068133010691091,1.0,3,7.353663753971857,1.0,-5.0583050256786475,1.0,0.937564578871454,1.0
788,6.5784020815317765,1.5779588328397864,1.0,3,7.695139164221713,1.0,7.693235510456543,1.0,4.346831569917071,1.0
789,8.10064752274394,1.8682498353190395,1.0,3,10.437671668488523,1.0,5.864767295292579,1.0,7.9995036044507115,1.0
790,8.623975665130102,0.5976813244399022,1.0,3,7.871044862906473,1.0,8.667791320001946,1.0,9.333090812481885,1.0
791,-4.427858724169841,14.514171054021936,0.6666666666666666,3,-24.857213137813417,0.0,4.062622797870591,1.0,7.511014167433302,1.0
792,8.196383720779323,1.008157663468233,1.0,3,7.724812048881583,1.0,9.597411132673829,1.0,7.266927980782557,1.0
793,5.253430072772022,2.546419641736841,1.0,3,6.171146025035988,1.0,1.7788254957209642,1.0,7.810318697559115,1.0
794,1.2289558753747967,5.261550994263342,1.0,3,7.7270348029855915,1.0,-5.1596864272870935,1.0,1.119519250425892,1.0
795,9.838785180643772,1.1345190233109101,1.0,3,10.518292295472598,1.0,10.757762206815164,1.0,8.240301039643551,1.0
796,9.564336290973893,0.40248815233313723,1.0,3,9.442695915770564,1.0,9.143598814849698,1.0,10.106714142301419,1.0
797,0.5441440562526912,1.8638336297629097,1.0,3,3.1601002797401723,1.0,-1.0438224065891113,1.0,-0.48384570439298713,1.0
798,7.863394372883813,2.896625446454578,1.0,3,3.774492284912717,1.0,9.692628661454078,1.0,10.123062172284644,1.0
799,-3.3007128603711386,15.515246509193187,0.6666666666666666,3,-25.161251481487323,0.0,9.264166421269612,1.0,5.994946479104295,1.0
800,1.5789572902059354,7.770635238809758,1.0,3,5.866811840603674,1.0,-9.327668515578306,1.0,8.197728545592438,1.0
801,7.111507155985542,2.1656950554258136,1.0,3,9.725412778176597,1.0,4.422173913043476,1.0,7.1869347767365515,1.0
802,8.764951781239482,1.6158630967973753,1.0,3,6.523664202745512,1.0,9.499599697122665,1.0,10.271591443850268,1.0
803,9.792199764693633,0.7076246876480952,1.0,3,10.059871283330136,1.0,8.823281364891988,1.0,10.493446645858777,1.0
804,3.846828164233465,6.819103449610001,1.0,3,8.82984229093173,1.0,8.50566622853857,1.0,-5.795024026769903,1.0
805,-7.665558793400369,10.715530521288676,0.3333333333333333,3,-15.432892078179586,0.0,7.486882927114385,1.0,-15.050667229135906,0.0
806,-0.03487442519658046,4.851208510418057,1.0,3,-0.33228861406102617,1.0,-5.822074558604552,1.0,6.0497398970758365,1.0
807,9.251573875422105,1.201439164705635,1.0,3,7.578707147948933,1.0,9.830477078172141,1.0,10.345537400145243,1.0
808,1.592849176584939,5.262101031453211,1.0,3,3.61684175405148,1.0,6.782639036422231,1.0,-5.620933260718893,1.0
809,2.075024414373265,6.179772282939263,1.0,3,1.3452763470681468,1.0,-5.102314690183336,1.0,9.982111586234984,1.0
810,5.695200723032863,1.4841277295098803,1.0,3,3.7946921908506086,1.0,5.874090506160801,1.0,7.416819472087179,1.0
811,-7.919294965741886,16.46877761604427,0.6666666666666666,3,-30.493323282669778,0.0,-1.5962397525135366,1.0,8.331678137957661,1.0
812,6.7424886981104555,2.123106198729557,1.0,3,4.038196652026187,1.0,6.964823545008617,1.0,9.224445897296562,1.0
813,8.837033879091008,1.4777456856534508,1.0,3,6.823047629112942,1.0,10.327238144137416,1.0,9.360815864022662,1.0
814,-2.123019072214642,4.098434641213137,1.0,3,0.28862147344374556,1.0,-7.893238776660899,1.0,1.2355600865732281,1.0
815,6.6375049706789655,4.93141499620067,1.0,3,-0.33598973054456316,1.0,10.046409298900752,1.0,10.202095343680709,1.0
816,5.375690350939128,6.296898532463174,1.0,3,-3.5049060448268072,1.0,9.24357922514094,1.0,10.388397872503253,1.0
817,9.167995649698208,0.7065592559409376,1.0,3,9.879086950347897,1.0,8.204501938401895,1.0,9.420398060344828,1.0
818,9.627091110342455,0.9687449514157224,1.0,3,10.75155423883318,1.0,8.387078478318703,1.0,9.742640613875485,1.0
819,7.375027667969104,2.734632162868157,1.0,3,10.354307747921437,1.0,8.020858829669255,1.0,3.7499164263166254,1.0
820,9.433823783199584,0.9350841264645805,1.0,3,8.560019927027785,1.0,9.011119056440656,1.0,10.730332366130309,1.0
821,-1.7613542561481783,17.00507650207516,0.6666666666666666,3,-25.808965917533435,0.0,10.470346498842593,1.0,10.054556650246306,1.0
822,-0.15131011706161454,6.384650231618322,1.0,3,-0.6086489420390429,1.0,7.886889932381668,1.0,-7.732171341527469,1.0
823,-8.245304276502926,13.966944943984643,0.6666666666666666,3,9.941494469803372,1.0,-10.664605199418697,1.0,-24.012802099893456,0.0
824,-3.2740658907424294,16.353773919765878,0.6666666666666666,3,-26.366789357871575,0.0,7.170717756053422,1.0,9.373873929590866,1.0
825,-1.51717324625044,4.74617374553451,1.0,3,-1.0563345235438568,1.0,4.0515425510162375,1.0,-7.5467277662237,1.0
826,1.9946196509716563,9.874021068845169,1.0,3,-11.801431333370337,1.0,10.762450221238938,1.0,7.022840065046368,1.0
827,-5.1855220683240555,14.879386438650215,0.6666666666666666,3,0.6109994801988243,1.0,-25.60218644106342,0.0,9.43462075589243,1.0
828,8.396440730736524,2.346654376159254,1.0,3,10.19159351823631,1.0,9.916145866695135,1.0,5.08158280727813,1.0
829,0.14502812982493,8.11136504731742,1.0,3,10.152517631529323,1.0,-9.714535789944225,1.0,-0.0028974521103073414,1.0
830,0.7923546757537151,7.04608358850897,1.0,3,10.465464274793598,1.0,-6.116434164145117,1.0,-1.9719660833873363,1.0
831,7.489849659057039,1.325257269870708,1.0,3,9.351007936772602,1.0,6.750392591101269,1.0,6.368148449297246,1.0
832,2.9518810025393005,9.86222497467301,1.0,3,10.395428754266211,1.0,-10.98460871995528,1.0,9.444822973306971,1.0
833,6.890806472173144,3.3090582525453858,1.0,3,8.580508022090193,1.0,2.2666063772570126,1.0,9.825305017172226,1.0
834,9.466484787322912,0.8605565264527496,1.0,3,10.09952307000695,1.0,10.050122966854843,1.0,8.249808325106944,1.0
835,-2.17081087618689,16.662082666885883,0.6666666666666666,3,10.537157835761166,1.0,8.66002791529453,1.0,-25.709618379616366,0.0
836,8.999382286033535,0.8835646607730588,1.0,3,8.240368050117462,1.0,10.23851304658644,1.0,8.519265761396703,1.0
837,6.910283843256969,4.135775667423694,1.0,3,10.58483506462612,1.0,9.013847679699326,1.0,1.1321687854454616,1.0
838,6.005256710813758,4.964146077358713,1.0,3,-0.9846207502325086,1.0,10.066171788635861,1.0,8.934219094037923,1.0
839,7.100803543099474,1.5892842081033483,1.0,3,4.8550232954036385,1.0,8.145656813573792,1.0,8.301730520320993,1.0
840,5.919819734692429,2.973114018447554,1.0,3,4.627059837269749,1.0,10.03112238611242,1.0,3.1012769806951193,1.0
841,4.567443453165981,2.8609438482584224,1.0,3,5.694406999652335,1.0,0.6387032310069198,1.0,7.369220128838688,1.0
842,9.51096643024996,0.5927497166704226,1.0,3,10.229419391039839,1.0,8.777711411814817,1.0,9.525768487895224,1.0
843,6.654763526437418,5.274369284840527,1.0,3,10.469007320644218,1.0,-0.8036749026311636,1.0,10.298958161299202,1.0
844,-5.3438167939633034,13.61534411723775,0.6666666666666666,3,2.920010224438901,1.0,-24.53721314529005,0.0,5.585752538961239,1.0
845,-2.8441329771364585,16.346787539908565,0.6666666666666666,3,8.127785869426345,1.0,-25.95220753824098,0.0,9.292022737405262,1.0
846,9.10183311644355,1.564080855925581,1.0,3,10.222021276595745,1.0,10.193528142216163,1.0,6.889949930518744,1.0
847,-0.025552311983187675,7.030303734057117,1.0,3,-3.3150941923977246,1.0,-6.50617007339477,1.0,9.744607329842932,1.0
848,6.274075053495117,4.1888153692094825,1.0,3,8.836773536031256,1.0,0.3673940769140458,1.0,9.618057547540047,1.0
849,3.46023262278767,3.3538025328181154,1.0,3,8.108398533534613,1.0,1.9534026229508168,1.0,0.3188967118775796,1.0
850,4.134527321563845,6.679874489077637,1.0,3,7.8151936931198955,1.0,9.828821271929826,1.0,-5.240433000358186,1.0
851,6.647584855388998,5.219943176253031,1.0,3,10.335641322154766,1.0,-0.7345287663231659,1.0,10.341642010335393,1.0
852,3.529283584647539,5.563883812741616,1.0,3,10.34528749859345,1.0,-3.283387608292074,1.0,3.525950863641243,1.0
853,2.621099874577428,8.255343663493237,1.0,3,-8.88490397450804,1.0,10.08727285660091,1.0,6.6609307416394135,1.0
854,5.69842020226024,4.322857124210467,1.0,3,10.592265373846313,1.0,0.0784312522205397,1.0,6.424563980713867,1.0
855,3.3852110394674657,9.018690214947911,1.0,3,-9.303346353610824,1.0,10.85,1.0,8.608979472013221,1.0
856,2.3302364297045615,6.848556168026583,1.0,3,4.5063793556438645,1.0,-6.931107563551578,1.0,9.415437497021397,1.0
857,2.3749536173330728,6.065869817424865,1.0,3,10.1582663260773,1.0,1.6069485593358284,1.0,-4.64035403341391,1.0
858,3.2160520069252656,6.387414326008419,1.0,3,9.227547142015322,1.0,6.049400031913196,1.0,-5.62879115315272,1.0
859,1.893742340347078,2.506425889080232,1.0,3,-1.499159495450316,1.0,4.478685776874632,1.0,2.7017007396169177,1.0
860,3.964684155928525,6.762981299338188,1.0,3,10.22319977558558,1.0,7.098820854006917,1.0,-5.427968161806923,1.0
861,4.278499055200894,4.660835902368971,1.0,3,-0.7421083894800908,1.0,3.0901256318543258,1.0,10.487479923228447,1.0
862,-2.6818009292505107,8.789286322514839,1.0,3,8.000356030899207,1.0,-13.52705719513165,1.0,-2.518701623519089,1.0
863,1.2846291625587802,7.8047545304422785,1.0,3,1.9527530755226987,1.0,-8.590737618127426,1.0,10.491872030281067,1.0
864,7.572760306960055,3.991015604931723,1.0,3,1.9423165673780272,1.0,10.047562127746971,1.0,10.728402225755167,1.0
865,6.959086595710627,2.304043915934017,1.0,3,9.26741845835123,1.0,3.813280496396251,1.0,7.796560832384399,1.0
866,4.791400519703502,5.146310947426915,1.0,3,6.948091526045488,1.0,9.732879555402548,1.0,-2.306769522337529,1.0
867,8.324661678971447,1.4608396882381776,1.0,3,9.974109110947833,1.0,8.577236096722286,1.0,6.422639829244221,1.0
868,9.005647222589335,1.4172895839841324,1.0,3,10.608724656314905,1.0,7.16215279485648,1.0,9.246064216596618,1.0
869,4.573098451772706,3.1108904236168824,1.0,3,3.4113898916967482,1.0,8.828770245335884,1.0,1.4791352182854869,1.0
870,8.606170313340426,1.7478495724313903,1.0,3,6.6221814111599375,1.0,10.875,1.0,8.321329528861341,1.0
871,-1.830762628327398,9.594653168120296,1.0,3,3.1878115243468272,1.0,6.577664764507316,1.0,-15.257764173836335,1.0
872,10.327139962107843,0.3909293080409829,1.0,3,10.621264787175235,1.0,9.774668464467005,1.0,10.585486634681288,1.0
873,8.792527524109435,1.148218499178373,1.0,3,8.516556774523085,1.0,10.316329875206737,1.0,7.544695922598482,1.0
874,4.22530831302783,2.507954703139621,1.0,3,1.27304861896301,1.0,3.9991229091150933,1.0,7.403753411005386,1.0
875,7.209543590332291,1.0878652268727294,1.0,3,8.697367089955542,1.0,6.804692385607964,1.0,6.126571295433363,1.0
876,5.040899008465807,6.232718924881126,1.0,3,10.875,1.0,-3.5982688410691956,1.0,7.845965866466617,1.0
877,9.011834329010272,0.29413922143115034,1.0,3,8.730519520414052,1.0,9.417865632221856,1.0,8.887117834394905,1.0
878,8.938017366441828,1.407023018780121,1.0,3,7.168827499561736,1.0,9.033913324186909,1.0,10.61131127557684,1.0
879,10.206249597441046,0.27011402586277583,1.0,3,10.312937915742793,1.0,10.470561828915567,1.0,9.835249047664778,1.0
880,1.1908116964070168,4.265087868311856,1.0,3,-3.697975262103899,1.0,0.5755837379104705,1.0,6.694826613414479,1.0
881,7.256092790204135,2.5992922310901743,1.0,3,10.875,1.0,6.005310026745266,1.0,4.887968343867137,1.0
882,8.459868660300023,1.0290569055299859,1.0,3,7.482238575451985,1.0,8.01507953867568,1.0,9.882287866772403,1.0
883,7.847482585460228,1.7889706914212529,1.0,3,5.641385470932277,1.0,10.023133512244213,1.0,7.877928773204197,1.0
884,1.1713240946040357,11.061383695947395,1.0,3,8.025688279112192,1.0,9.921768315513583,1.0,-14.43348431081367,1.0
885,-3.297962851108071,10.287803889396189,1.0,3,-13.231145229668229,1.0,10.875,1.0,-7.5377433236559845,1.0
886,6.871744565903424,2.153178367795846,1.0,3,6.7534104069486895,1.0,4.295809485039691,1.0,9.56601380572189,1.0
887,4.603326666637262,8.256132801837394,1.0,3,-7.070961624943793,1.0,10.610288144149742,1.0,10.270653480705837,1.0
888,6.399237623517817,3.3517624659394345,1.0,3,6.730074173001848,1.0,10.328862428557104,1.0,2.1387762689945005,1.0
889,7.712704620537998,2.924962794197554,1.0,3,9.300711573289712,1.0,10.226538271299617,1.0,3.6108640170246673,1.0
890,5.497688384405198,6.508673206338695,1.0,3,10.05609483667018,1.0,10.143796582485237,1.0,-3.7068262659398243,1.0
891,2.245009085536373,5.354991357962302,1.0,3,7.316430255201395,1.0,-5.1614729120891365,1.0,4.580069913496861,1.0
892,8.896478112231287,1.5853485533712988,1.0,3,9.332309101387231,1.0,10.583171124718014,1.0,6.773954110588617,1.0
893,-0.9837619122781648,9.126208476161588,1.0,3,-12.177877465588182,1.0,10.176600139706617,1.0,-0.950008410952929,1.0
894,7.008385606696656,5.299641496703666,1.0,3,10.635318498431436,1.0,10.875,1.0,-0.48516167834146806,1.0
895,-2.0344673769380517,15.67198785312981,0.6666666666666666,3,-24.161647243892254,0.0,10.12809400956456,1.0,7.9301511035135395,1.0
896,8.229479973439723,0.9413057755654037,1.0,3,8.536263082119719,1.0,9.197916363947177,1.0,6.954260474252274,1.0
897,6.824380642229926,2.1836489884010044,1.0,3,9.89758877840909,1.0,5.025044447043687,1.0,5.550508701237002,1.0
898,7.56180975376999,0.8986686582770196,1.0,3,8.250116950712496,1.0,8.14290365625834,1.0,6.292408654339134,1.0
899,8.372504649661971,1.2865937335923932,1.0,3,10.190964259825396,1.0,7.51702089217478,1.0,7.409528796985736,1.0
900,7.917980666689428,0.9686207392972349,1.0,3,8.257290315722335,1.0,8.89766953596085,1.0,6.598982148385099,1.0
901,4.8892354262962145,6.324773529391317,1.0,3,9.587673286463241,1.0,9.131499755142018,1.0,-4.0514667627166165,1.0
902,9.003159162450181,1.5667752794873522,1.0,3,6.791104071698989,1.0,9.998342803030303,1.0,10.220030612621251,1.0
903,7.580972941545447,1.8380080889620205,1.0,3,5.867367628799345,1.0,6.745121402067798,1.0,10.130429793769197,1.0
904,8.48031247195978,1.1655709476989702,1.0,3,8.619281951760467,1.0,9.833272481054195,1.0,6.98838298306468,1.0
905,-1.375507439153468,8.667897646663917,1.0,3,-7.878219808117102,1.0,10.875,1.0,-7.1233025093433024,1.0
906,6.11650890492134,4.723660473351742,1.0,3,8.151701344836336,1.0,10.609170954831331,1.0,-0.41134558490364626,1.0
907,5.820202967481232,6.476685387796315,1.0,3,-3.339094286893836,1.0,10.359406901080533,1.0,10.440296288257,1.0
908,5.58213435259425,6.996852940352164,1.0,3,-4.304678746498597,1.0,10.176081804281345,1.0,10.875,1.0
909,6.528921148868541,1.4412909721955947,1.0,3,7.203296921549157,1.0,4.525932407769522,1.0,7.857534117286943,1.0
910,7.3459992497786475,2.090775285857597,1.0,3,8.292506297776233,1.0,9.298669312786988,1.0,4.446822138772725,1.0
911,3.5568678008798713,3.9620035872406985,1.0,3,6.63596609182655,1.0,6.071399799633814,1.0,-2.0367624888207487,1.0
912,1.8406681665979263,6.073271912011726,1.0,3,1.1960562675595643,1.0,9.580204340436659,1.0,-5.254256108202444,1.0
913,6.447885580540029,1.9633800549558678,1.0,3,7.702519129447248,1.0,7.965729138967187,1.0,3.675408473205655,1.0
914,9.855275073946201,0.6761233346322251,1.0,3,8.96821354870846,1.0,9.989685256073457,1.0,10.607926417056682,1.0
915,7.948930635219191,2.171368300626077,1.0,3,9.88373239287004,1.0,9.046636791002152,1.0,4.916422721785376,1.0
916,5.944594379505614,3.8994534282526168,1.0,3,10.347083862770013,1.0,0.8672115464431016,1.0,6.619487729303726,1.0
917,10.41740830415697,0.20750806193893806,1.0,3,10.128454268065788,1.0,10.606253863134658,1.0,10.517516781270464,1.0
918,7.288616002046716,2.4839129951642085,1.0,3,6.182506191767896,1.0,10.72907916841663,1.0,4.954262645955624,1.0
919,9.711528177399261,0.86014562859948,1.0,3,10.584117511368879,1.0,10.009206700851298,1.0,8.541260319977612,1.0
920,9.80212349999345,1.0554753547654034,1.0,3,8.330997613515041,1.0,10.318862755356847,1.0,10.756510131108461,1.0
921,6.362209431187613,4.72713643464708,1.0,3,-0.3062983322114974,1.0,10.105096968826318,1.0,9.28782965694802,1.0
922,3.1673529705167467,3.7855918194988614,1.0,3,-2.089965969403684,1.0,4.9205089803179,1.0,6.671515900636025,1.0
923,7.094789751174344,1.56070909483505,1.0,3,8.894545598815064,1.0,5.088395453903715,1.0,7.301428200804255,1.0
924,10.113811253961792,0.38934659596125654,1.0,3,10.272122109873123,1.0,9.57793992705428,1.0,10.491371724957972,1.0
925,5.703320364620139,4.841010984456271,1.0,3,8.879316973911987,1.0,-1.13709311599621,1.0,9.36773723594464,1.0
926,8.086482395046929,1.0436064965171208,1.0,3,7.5288549716640905,1.0,9.548706653369427,1.0,7.181885560107267,1.0
927,0.8319488540823237,4.757575522717407,1.0,3,-2.5811355163727985,1.0,7.559937901684904,1.0,-2.4829558230651347,1.0
928,8.456491743975247,0.7263034561334761,1.0,3,7.520290340591847,1.0,9.290543623851091,1.0,8.5586412674828,1.0
929,5.219724002438574,3.4750612596565094,1.0,3,10.052258974263195,1.0,3.577427089039994,1.0,2.0294859440125315,1.0
930,1.85792323649335,5.225630960501384,1.0,3,1.9885874598473148,1.0,8.191655396143654,1.0,-4.606473146510918,1.0
931,4.978949975621884,2.508241832396338,1.0,3,6.132622850685643,1.0,1.4971703703703678,1.0,7.307056705809641,1.0
932,0.7110233390857399,9.398462287124659,1.0,3,-11.859626504578726,1.0,3.257269239990408,1.0,10.735427281845537,1.0
933,-14.668507185523808,10.484899973253205,0.6666666666666666,3,-26.766724291288877,0.0,-1.1948078479570672,1.0,-16.043989417325477,1.0
934,4.925643976557485,4.165397733745588,1.0,3,8.203037470849187,1.0,7.526030424292355,1.0,-0.952135965469088,1.0
935,6.965242031490534,2.46038035006216,1.0,3,10.365798980335033,1.0,5.903216272461681,1.0,4.62671084167489,1.0
936,4.7251902905305485,3.5195591335412284,1.0,3,8.852572017976867,1.0,5.070749268292683,1.0,0.2522495853220956,1.0
937,5.566986889778536,5.73673939761912,1.0,3,-2.482829217025749,1.0,10.466888577025406,1.0,8.716901309335949,1.0
938,6.977714863808746,2.9428655492320375,1.0,3,8.042548622614884,1.0,2.961007057851859,1.0,9.929588910959495,1.0
939,4.206865574432158,4.044124894412056,1.0,3,1.7484502321654727,1.0,0.963985953697664,1.0,9.90816053743334,1.0
940,7.385772864027351,1.0965294785292994,1.0,3,8.56235871780619,1.0,7.672293998776889,1.0,5.922665875498976,1.0
941,7.495554294129985,2.9855922774277674,1.0,3,9.213831732704584,1.0,9.976517946570029,1.0,3.296313203115343,1.0
942,6.714836240614862,2.755699392592516,1.0,3,10.040886383928571,1.0,3.2928735502164317,1.0,6.810748787699586,1.0
943,5.397155601282999,4.442290949391126,1.0,3,-0.8724343729530926,1.0,8.185389648908167,1.0,8.87851152789392,1.0
944,8.071247236045354,1.030598700182401,1.0,3,8.093751514692517,1.0,6.797925094975272,1.0,9.322065098468272,1.0
945,6.642484050900443,2.648814948314526,1.0,3,8.382437817943128,1.0,2.8995728465083292,1.0,8.645441488249872,1.0
946,3.6270485764889955,4.28751811689792,1.0,3,-0.6009189487226685,1.0,1.9770669622072417,1.0,9.504997715982412,1.0
947,7.012560918384949,2.1658315321054995,1.0,3,9.895003409349194,1.0,4.674186785761197,1.0,6.468492560044455,1.0
948,4.672034996471971,2.9231636800047003,1.0,3,8.417787185719408,1.0,1.28445290637951,1.0,4.313864897316992,1.0
949,2.6942193125702567,9.760852495724212,1.0,3,10.875,1.0,-11.025162809781712,1.0,8.232820747492482,1.0
950,8.303290196557734,1.6485832298849865,1.0,3,10.585658471166742,1.0,6.749994068308114,1.0,7.574218050198345,1.0
951,7.842367625901409,2.580799459508158,1.0,3,4.200229282416466,1.0,9.458717500839771,1.0,9.86815609444799,1.0
952,2.8888130334686846,9.546984264205475,1.0,3,-10.549142250273093,1.0,10.740654813529922,1.0,8.474926537149225,1.0
953,8.951189264373838,0.6173841979979755,1.0,3,8.211696713810984,1.0,8.918930629669157,1.0,9.722940449641372,1.0
954,9.626362330408632,0.12752526855204627,1.0,3,9.749198654907683,1.0,9.679300931039926,1.0,9.450587405278286,1.0
955,9.401259452758692,1.2048582233933502,1.0,3,10.875,1.0,9.40505888101637,1.0,7.923719477259706,1.0
956,7.365406671839575,2.1801107060768263,1.0,3,9.43224296357616,1.0,4.350709937913404,1.0,8.31326711402916,1.0
957,4.134903821585554,6.2570619809715335,1.0,3,-4.259348992713248,1.0,5.90744228068964,1.0,10.75661817678027,1.0
958,6.364561407099363,6.024474462989858,1.0,3,10.756514314697926,1.0,10.491124085318388,1.0,-2.153954178718225,1.0
959,3.6763423199778527,2.9022577004562904,1.0,3,6.596609463384803,1.0,4.713943621742759,1.0,-0.281526125194004,1.0
960,9.141226480604844,0.4034743271559718,1.0,3,9.191076873935263,1.0,9.608564935578215,1.0,8.624037632301057,1.0
961,8.927620279077434,0.8650012318115136,1.0,3,8.283202607551033,1.0,8.349337529637575,1.0,10.150320700043697,1.0
962,8.664370298052752,0.2530598656335384,1.0,3,8.494537226125782,1.0,9.022099020605443,1.0,8.476474647427034,1.0
963,7.98262408383635,1.4126037949396981,1.0,3,6.807355902777778,1.0,9.969269521410581,1.0,7.17124682732069,1.0
964,8.868624639760753,0.5145553243991242,1.0,3,9.061170664877258,1.0,8.164613777500751,1.0,9.380089476904253,1.0
965,9.765276297359312,0.768296225402496,1.0,3,9.941145397042483,1.0,8.748783090359193,1.0,10.605900404676259,1.0
966,7.306056507022859,1.7100464824856387,1.0,3,8.652259368927547,1.0,8.372837787445619,1.0,4.893072364695413,1.0
967,5.4862782649847235,4.205040330689479,1.0,3,-0.4477718971839373,1.0,8.79069448219625,1.0,8.115912209941857,1.0
968,8.285086833385902,1.1895630269932513,1.0,3,7.407192759133742,1.0,7.4812278564539865,1.0,9.96683988456998,1.0
969,-3.3494471917318394,8.772551861694904,1.0,3,-13.849254488297268,1.0,7.623395762574803,1.0,-3.8224828494730527,1.0
970,9.034050518266746,0.8781059265523093,1.0,3,10.222864092068576,1.0,8.75052432327826,1.0,8.1287631394534,1.0
971,5.959399471661121,2.6929504793295567,1.0,3,9.758406532365575,1.0,3.8283091525660744,1.0,4.291482730051713,1.0
972,9.046436478397416,0.8230930097477982,1.0,3,8.051512737549148,1.0,9.020621924294417,1.0,10.067174773348682,1.0
973,7.563664363903814,1.4050709999783721,1.0,3,6.6918717608916864,1.0,9.54595001336541,1.0,6.453171317454343,1.0
974,7.068667682095398,1.7465549621119034,1.0,3,9.310427342833789,1.0,5.0496973378406915,1.0,6.845878365611715,1.0
975,8.39720665372376,1.580453757861966,1.0,3,10.631249624511867,1.0,7.220686222001186,1.0,7.339684114658229,1.0
976,9.050885449903591,0.5475538702346626,1.0,3,9.749380601528564,1.0,8.991122335817016,1.0,8.412153412365193,1.0
977,7.564251955184922,2.0950364488241204,1.0,3,9.816616878012098,1.0,8.105074524857224,1.0,4.771064462685445,1.0
978,8.142613442498472,2.0160562241943936,1.0,3,10.5855882953733,1.0,5.648086562691549,1.0,8.19416546943057,1.0
979,6.879943361536578,3.480157111402196,1.0,3,2.167268068563353,1.0,8.007355067490277,1.0,10.465206948556107,1.0
980,5.945118175799941,4.3551538948777795,1.0,3,-0.13997183791764556,1.0,8.16315859454566,1.0,9.81216777077181,1.0
981,8.508526478889658,2.188725849826644,1.0,3,10.239955623981164,1.0,9.864837132392163,1.0,5.420786680295644,1.0
982,2.505097456577968,3.700046274790735,1.0,3,1.4718941067069622,1.0,-1.4206968190689047,1.0,7.464095082095847,1.0
983,4.831504127908917,7.035435722504695,1.0,3,10.560661472203044,1.0,-5.077831516730756,1.0,9.011682428254463,1.0
984,3.050573893076298,5.840924314968599,1.0,3,6.704683947248749,1.0,7.639140820546306,1.0,-5.192103088566162,1.0
985,7.33426860021154,3.8449817416867282,1.0,3,10.729382269438593,1.0,9.315125726889914,1.0,1.9582978043061132,1.0
986,7.637669055633687,2.8155559771908654,1.0,3,9.866277203781049,1.0,3.6657414089823996,1.0,9.380988554137613,1.0
987,2.6745306881419064,5.42106862815975,1.0,3,-3.340106903520903,1.0,9.798896798195507,1.0,1.5648021697511147,1.0
988,-5.633226665179708,6.031393767447242,1.0,3,-12.68606400599438,1.0,-6.261285127939653,1.0,2.047669138394909,1.0
989,9.903162051709074,0.17813777480220888,1.0,3,10.038618913445452,1.0,9.651482053373732,1.0,10.019385188308037,1.0
990,0.44860189528521605,10.461143405239257,1.0,3,-14.344986380719247,1.0,7.720530275296529,1.0,7.970261791278366,1.0
991,9.522161682179089,1.0521307616486237,1.0,3,8.101544098903899,1.0,9.84925647227448,1.0,10.615684475358888,1.0
992,7.314158589972904,4.191523125701461,1.0,3,1.4057048651438908,1.0,10.68182239570627,1.0,9.854948509068551,1.0
993,2.9789004350793893,5.632119487731081,1.0,3,3.1617574548986367,1.0,9.783563381121278,1.0,-4.008619530781745,1.0
994,3.960471410035508,8.723010751424827,1.0,3,9.3507121666558,1.0,-8.344297936549276,1.0,10.875,1.0
995,8.687748085811158,1.1446962643070837,1.0,3,8.75941432980008,1.0,10.052501365429352,1.0,7.251328562204046,1.0
996,7.751511250528581,2.410534523970429,1.0,3,4.34250118903889,1.0,9.454331829863115,1.0,9.457700732683739,1.0
997,5.971246879570928,3.2182889183266163,1.0,3,6.750546439628485,1.0,1.698222988088757,1.0,9.464971210995543,1.0
998,4.123182652486367,2.8237332142363627,1.0,3,4.48517165921027,1.0,0.4980733329443989,1.0,7.3863029653044325,1.0
999,1.0098210437258308,9.532027022508828,1.0,3,7.942221515171814,1.0,-12.468655482350888,1.0,7.555897098356567,1.0
1000,0.05949029035844511,7.432942893735822,1.0,3,-4.809007013471922,1.0,-5.574486426061972,1.0,10.561964310609229,1.0
