episode,mean_reward,std_reward,success_rate,n_robots,robot_0_reward,robot_0_success,robot_1_reward,robot_1_success,robot_2_reward,robot_2_success,robot_3_reward,robot_3_success,robot_4_reward,robot_4_success
1,-13.432191795914296,15.286702714523848,0.4,5,-23.548007312908755,0.0,-25.782068786367404,0.0,-27.810876432250573,0.0,8.736100000000006,1.0,1.243893551955237,1.0
2,-11.564522933346947,15.784677756188001,0.6,5,-2.6366608400596334,1.0,-6.246410218978095,1.0,-29.494165111318477,0.0,10.39613829787234,1.0,-29.84151679425087,0.0
3,-10.68144342335835,16.770232553369777,0.6,5,-22.56613326295273,0.0,10.875,1.0,-18.557620921627993,1.0,-30.770781365723586,0.0,7.612318433512559,1.0
4,-18.18178200226447,19.63642647442945,0.4,5,10.77,1.0,-24.902652050636984,0.0,-27.56961662574538,0.0,-45.50746728410238,0.0,-3.6991740508375948,1.0
5,-21.13015169418241,11.534768644515808,0.2,5,-22.874875496210745,0.0,-27.283755503479604,0.0,-29.82386420283626,0.0,-27.17140826838544,0.0,1.5031449999999982,1.0
6,-16.727115140460405,13.579712835939244,0.2,5,10.042170109007458,1.0,-19.00370999999991,0.0,-24.717295315072622,0.0,-24.620539502560334,0.0,-25.33620099367661,0.0
7,-24.159927445676264,14.764412385999877,0.2,5,-29.174577333229557,0.0,4.784349162011173,1.0,-36.60615494867326,0.0,-31.65928114931603,0.0,-28.143972959173635,0.0
8,-23.85328483803233,0.6480235407263965,0.0,5,-23.088879827879367,0.0,-24.011601462792058,0.0,-24.028764868514113,0.0,-23.24191242978541,0.0,-24.895265601190694,0.0
9,-11.64470784338106,18.790463891989983,0.6,5,-31.24421258621102,0.0,8.673151666666666,1.0,-35.842159164154275,0.0,-7.2298106586304005,1.0,7.41949152542373,1.0
10,-18.758343500847012,14.933129585948832,0.2,5,-28.33872065034743,0.0,-28.874222735538417,0.0,10.754691596638656,1.0,-22.752035006326437,0.0,-24.581430708661422,0.0
11,-19.782971928963246,11.022439683104762,0.2,5,-22.803990965243848,0.0,-22.837004965189724,0.0,-27.5989470677837,0.0,1.8500776029697708,1.0,-27.524994249568735,0.0
12,-12.296401802970603,17.25330935879529,0.4,5,8.514127309083984,1.0,-25.131108957961914,0.0,-27.910963723124464,0.0,9.09547328460938,1.0,-26.049536927460014,0.0
13,-0.24633212613797753,7.582650634257941,1.0,5,-4.269796884067675,1.0,7.666492506893658,1.0,-6.369899069636318,1.0,-8.313126951321411,1.0,10.05466976744186,1.0
14,-16.764097054417693,12.310415505131077,0.4,5,-0.9329796610169492,1.0,-24.330310124453415,0.0,-24.44288275051424,0.0,-31.034356983891477,0.0,-3.0799557522123866,1.0
15,-18.204849404522534,13.089275151496395,0.4,5,-25.82153760397909,0.0,-35.835788321167904,0.0,-1.5153603449880588,1.0,-4.635415335463257,1.0,-23.21614541701436,0.0
16,-31.07395636992743,3.883058911329475,0.0,5,-29.509726125025466,0.0,-24.110223230212526,0.0,-33.89342115191147,0.0,-34.250290473017955,0.0,-33.60612086946975,0.0
17,-11.066196412334246,15.822273617474446,0.4,5,9.840634710743801,1.0,-22.79643155872046,0.0,-22.789169410113875,0.0,-26.16917341846866,0.0,6.583157614887961,1.0
18,-20.695029053155416,10.770755033819277,0.4,5,-30.43219209282338,0.0,-24.85916127167629,0.0,-1.8536701151768433,1.0,-16.069479254157578,1.0,-30.260642531943013,0.0
19,-17.49089550434159,13.762566787506033,0.4,5,-25.89857495233196,0.0,-27.732745731221765,0.0,-29.494301759765374,0.0,-11.040621848319946,1.0,6.711766769931087,1.0
20,-16.228029224366093,10.877120231118509,0.6,5,-10.317848672858764,1.0,-5.733695229432611,1.0,-25.504101074238264,0.0,-32.73529090055026,0.0,-6.849210244750571,1.0
21,-23.075713223565447,14.563632427744697,0.4,5,-26.213754642338127,0.0,-38.61358919064628,0.0,-35.66525455966651,0.0,1.555989643802537,1.0,-16.441957368978844,1.0
22,-14.496620411746756,12.670849070894839,0.4,5,-12.06192131069832,1.0,9.317816522229629,1.0,-23.2927519642021,0.0,-23.11991977128165,0.0,-23.326325534781326,0.0
23,-12.81561971394764,20.215274173400147,0.6,5,-34.978828438395425,0.0,10.758313098128838,1.0,5.466955746725567,1.0,-37.962315751299506,0.0,-7.362223224897674,1.0
24,-15.040882796859416,13.903891837169086,0.6,5,-29.97056844347227,0.0,-13.948095925148651,1.0,9.41864922524141,1.0,-26.97837739695484,0.0,-13.726021443962718,1.0
25,-21.719719832825472,23.860101290447275,0.6,5,-34.35802159712039,0.0,8.096492792572684,1.0,-60.3593370139563,0.0,-4.886960161081554,1.0,-17.090773184541803,1.0
26,-12.27462701519969,15.141977965883683,0.6,5,2.6353597531265214,1.0,-32.73623010011489,0.0,-24.8923800479571,0.0,6.326934628524808,1.0,-12.706819309577792,1.0
27,7.2198737843079375,3.3887563476242577,1.0,5,10.756346441271969,1.0,6.021559792027729,1.0,8.969869245925132,1.0,1.1722503904405652,1.0,9.179343051874291,1.0
28,-7.688636673755798,18.14792199539716,0.6,5,-34.457551771606425,0.0,-23.803770056317067,0.0,0.523755094885388,1.0,8.657809003298622,1.0,10.636574360960497,1.0
29,-19.08436374930583,22.63630413358386,0.4,5,9.195693819977079,1.0,5.6164782724606805,1.0,-35.89500891067051,0.0,-26.79219295505814,0.0,-47.54678897323824,0.0
30,-24.540037166576592,7.761417844085698,0.2,5,-29.432250926379087,0.0,-26.797091204427883,0.0,-9.780608699141323,1.0,-31.90685759275661,0.0,-24.78337741017807,0.0
31,-8.264124738461273,13.947417704605613,0.6,5,7.637891538410727,1.0,-25.224710175283853,0.0,-4.326743098159522,1.0,-24.0644148002227,0.0,4.657352842948988,1.0
32,-19.37734903918967,8.846067291492412,0.4,5,-9.264422032583388,1.0,-29.050511893794457,0.0,-25.322677744708994,0.0,-25.136928550802374,0.0,-8.112204974059125,1.0
33,-7.416945965870279,10.564895829602833,0.8,5,-9.517477869264368,1.0,-22.865794986507602,0.0,-4.34502821427172,1.0,9.841037101495136,1.0,-10.19746586080284,1.0
34,-18.25724697318357,13.675639273278545,0.2,5,-27.95060100037626,0.0,8.856577488117528,1.0,-25.85925694331655,0.0,-23.125734585444206,0.0,-23.207219824898363,0.0
35,-7.718007757547158,16.756553124765123,0.6,5,8.279661117131317,1.0,-27.917751842044673,0.0,3.743759217877093,1.0,5.7142627018219505,1.0,-28.409969982521478,0.0
36,-18.79231701214684,17.192057315110937,0.4,5,-29.91391881771433,0.0,-27.020242429624357,0.0,-38.552299807815494,0.0,-7.337302220725043,1.0,8.862178215145043,1.0
37,-17.23616712457761,16.01721296230716,0.4,5,-30.879565447928456,0.0,-30.940589771789956,0.0,-0.6742219068291906,1.0,-28.81874765296694,0.0,5.132289156626505,1.0
38,-7.061632925733886,14.718144547135406,0.6,5,-5.490730141749115,1.0,-23.294432629804962,0.0,-24.352476965795766,0.0,10.875,1.0,6.954475108680409,1.0
39,-8.353702997351764,14.889594239376736,0.6,5,10.254586666666667,1.0,-5.4651106019212214,1.0,-27.83359233411779,0.0,-23.007481591485668,0.0,4.2830828740991915,1.0
40,-6.428812309422062,12.555962992598591,0.8,5,-0.985481780476972,1.0,-2.6475980682042124,1.0,-12.872623562128686,1.0,-26.51335813630044,0.0,10.875,1.0
41,-21.06241560020519,17.241363065856376,0.4,5,-31.352036902381396,0.0,-9.702086245353152,1.0,-34.86350502287777,0.0,-36.83190627822947,0.0,7.43745644781585,1.0
42,-24.06491373423459,9.108346028600252,0.2,5,-30.821715753533926,0.0,-6.679002930797294,1.0,-24.15087327978718,0.0,-26.959601533178944,0.0,-31.71337517387562,0.0
43,-19.413881133390568,15.043757697519062,0.4,5,-31.394865896871952,0.0,-14.345298668711226,1.0,7.916905766526019,1.0,-27.764098343188984,0.0,-31.482048524706713,0.0
44,-18.3248393536684,9.670380151656571,0.4,5,-25.611747724275457,0.0,-26.021011105457593,0.0,-4.083950582726851,1.0,-26.676496430532673,0.0,-9.230990925349413,1.0
45,6.26613455421114,3.855376091949622,1.0,5,3.0940793083381832,1.0,0.9793028112449775,1.0,6.217172794010118,1.0,10.757711267605634,1.0,10.28240658985679,1.0
46,-18.81089056441428,15.626532692373674,0.4,5,-31.18737394033617,0.0,8.059820641717868,1.0,-29.61045652926914,0.0,-31.20038138661135,0.0,-10.116061607572611,1.0
47,-8.271265240513781,16.5222246613992,0.6,5,8.948101185098581,1.0,-25.18987096474738,0.0,-5.377289033488916,1.0,-29.473422252787053,0.0,9.73615486335586,1.0
48,-16.360396856418287,14.565314241886204,0.6,5,-33.868041988003434,0.0,-18.234106325955352,1.0,5.888749392171164,1.0,-6.57874886059167,1.0,-29.009836499712154,0.0
49,-21.243575803403232,15.572922739767485,0.4,5,-10.227354760579969,1.0,-31.06286831159216,0.0,4.098336401472705,1.0,-34.045859271418664,0.0,-34.98013307489806,0.0
50,-6.814228740812022,19.26180971748351,0.8,5,7.33033721150208,1.0,-25.175582863804156,0.0,10.235225520982016,1.0,8.50484649856197,1.0,-34.965970071302024,1.0
51,-3.013765329124503,14.09778568807277,0.8,5,6.071079608864324,1.0,-6.611014726779489,1.0,10.769666666666666,1.0,3.515403810718624,1.0,-28.81396200509264,0.0
52,8.688615036691639,1.6721016812778982,1.0,5,8.827596076489883,1.0,10.643327371583917,1.0,7.776102779809802,1.0,10.172769171185129,1.0,6.023279784389455,1.0
53,-14.89225832477913,14.402881139234205,0.4,5,-28.18312215540622,0.0,1.035834274806188,1.0,-26.43536532119466,0.0,4.290974025974025,1.0,-25.169612448074986,0.0
54,-2.7289751438487135,11.818819362646247,0.8,5,0.3187168032988037,1.0,6.07630760603589,1.0,-25.77630063746661,0.0,5.848558272946859,1.0,-0.11215776405851052,1.0
55,-5.9164892215440545,11.169109487272472,0.8,5,5.701988328976962,1.0,-23.579423438287737,0.0,-14.055286168723747,1.0,3.4061026989539362,1.0,-1.0558275286396874,1.0
56,-13.56562888857456,18.04310152343587,0.4,5,-27.915168777489296,0.0,-28.08904926396343,0.0,9.20817364189259,1.0,7.837186535875326,1.0,-28.86928657918797,0.0
57,-2.6597445358227008,16.620830447429288,0.8,5,10.30069283419472,1.0,10.64497206313731,1.0,-12.781050718051272,1.0,9.312268979591838,1.0,-30.7756058379861,0.0
58,-16.4413402694937,13.777179046588344,0.6,5,-13.65122633840435,1.0,-27.7907203807727,0.0,-33.42672840517946,0.0,6.273120853829142,1.0,-13.611147076941121,1.0
59,-6.429918718446691,14.709241957905967,0.6,5,-23.173857395214352,0.0,8.303095778197857,1.0,-4.6988635017034515,1.0,10.759239804672033,1.0,-23.33920827818554,0.0
60,-18.671671299026276,9.390291871369989,0.8,5,-23.344470195797243,1.0,-10.668850755922051,1.0,-10.613980145065575,1.0,-13.753239236518617,1.0,-34.977816161827896,0.0
61,0.15707723242885177,13.698793220702933,0.8,5,7.243499320290798,1.0,-27.011353486018503,0.0,7.9050379084428695,1.0,8.95548950276243,1.0,3.6927129166666637,1.0
62,-1.5783904723464228,14.33695437654407,0.8,5,-10.268270522308242,1.0,10.178821939115622,1.0,7.201082379455548,1.0,-25.76025282466171,0.0,10.756666666666666,1.0
63,-3.9123118364309994,14.769804388979063,0.8,5,-31.714268022692703,0.0,10.395713846444961,1.0,0.16398839489163386,1.0,-4.307668434008701,1.0,5.900675033209814,1.0
64,-12.696440416793212,11.703521457743213,0.6,5,-25.933652486083865,0.0,1.751142887462196,1.0,-2.021086033519561,1.0,-26.265153929735593,0.0,-11.013452522089239,1.0
65,-5.72174656392238,16.579798684462663,0.6,5,5.8071634843735165,1.0,-26.65601323067724,0.0,7.19421985438699,1.0,10.275482935608585,1.0,-25.229585863303754,0.0
66,-4.264085277136319,14.468026113408989,0.8,5,-10.961297958592734,1.0,10.639811268497269,1.0,-0.11182905982905922,1.0,-28.964181339759982,0.0,8.077070704002915,1.0
67,-16.589416165518173,14.21494521271632,0.6,5,-28.013593683614236,0.0,8.606725373134328,1.0,-12.21422860791826,1.0,-31.193097524898924,0.0,-20.13288638429377,1.0
68,-1.112966996052944,7.038085454416903,1.0,5,-11.77935306030604,1.0,-0.06694600799881734,1.0,-2.8270333740739826,1.0,10.282886919831222,1.0,-1.174389457717103,1.0
69,-3.119552223454566,17.78905992191003,0.8,5,-37.89404417940536,0.0,8.637588519235772,1.0,-1.6261350906095604,1.0,8.308542209563056,1.0,6.976287423943264,1.0
70,-4.8846822019362035,11.672518208715422,0.8,5,4.964038865067057,1.0,-26.721732209737844,0.0,5.279785348490903,1.0,-5.0692712730504415,1.0,-2.8762317404506934,1.0
71,-1.1884013121471022,15.111639064304837,0.8,5,-30.502307542616947,0.0,10.10546590909091,1.0,6.252630284777554,1.0,-0.5692825263255816,1.0,8.771487314338554,1.0
72,-6.894481297972964,17.285218932077377,0.6,5,8.265230279562322,1.0,4.276880193318636,1.0,8.703068152221096,1.0,-30.773372539533728,0.0,-24.94421257543315,0.0
73,-6.3876072534408745,17.224344003214295,0.6,5,-29.080335138186772,0.0,7.7575174611605355,1.0,4.495179158448389,1.0,-25.543863349330646,0.0,10.433465600704121,1.0
74,-1.544325910152989,8.358125335220283,1.0,5,-8.30568385487057,1.0,6.536717572795766,1.0,9.403200696147458,1.0,-3.03134802905997,1.0,-12.32451593577763,1.0
75,-4.518348007537545,16.682970972018992,0.6,5,10.875,1.0,5.928102399600069,1.0,-24.74137565870755,0.0,-24.944610801046146,0.0,10.291144022465899,1.0
76,-3.045798413662186,11.670494525560986,0.8,5,-4.051517168885773,1.0,-22.87218892069371,0.0,10.760702272727272,1.0,-5.516552117004933,1.0,6.450563865546217,1.0
77,-3.476991277630858,10.829466621415639,0.8,5,4.015152446946732,1.0,-8.159432517388973,1.0,-22.666920096563647,0.0,6.433585128522413,1.0,2.9926586503291865,1.0
78,-13.161536534780094,14.340798257748055,0.6,5,-5.626236762592038,1.0,-9.105395922652889,1.0,-30.965639442582464,0.0,7.534206113619855,1.0,-27.644616659692943,0.0
79,2.7519754086497215,3.204763851638396,1.0,5,5.5135886540823735,1.0,6.264177721814994,1.0,-2.737735675505906,1.0,1.6721200684380015,1.0,3.0477262744191442,1.0
80,-5.411591265850643,13.270371182630644,0.8,5,-30.5741005036291,0.0,-3.8317985839281548,1.0,7.209331666666667,1.0,-3.501267599766729,1.0,3.639878691404107,1.0
81,-8.970037564792687,11.872719742373114,0.8,5,-4.440896559990412,1.0,-25.891820715103723,0.0,-20.04136405600862,1.0,2.9791158230175263,1.0,2.544777684121799,1.0
82,-2.1240118675902186,12.176718863880025,0.8,5,-23.509756248344083,0.0,-5.223694284216039,1.0,-0.9129041273249783,1.0,8.49075539225043,1.0,10.535539929683576,1.0
83,-13.49277332521497,17.482262812554097,0.6,5,4.930273450586265,1.0,-34.409012017710296,0.0,-30.23425268414482,0.0,8.082539796794109,1.0,-15.833415171600096,1.0
84,-2.2163962516207003,13.5759527361536,0.8,5,3.016783246977549,1.0,-27.295517416119925,0.0,10.635055865921787,1.0,-4.865805602763007,1.0,7.427502647880091,1.0
85,2.4526064601884148,7.682093146027358,1.0,5,-9.729621618364773,1.0,10.161174134612779,1.0,9.136392138511932,1.0,5.826871959907627,1.0,-3.1317843137254915,1.0
86,-3.3936321161541754,11.609363256521698,0.8,5,-1.330377811181128,1.0,4.680533182704236,1.0,0.0914436128023226,1.0,-26.008446945164085,0.0,5.5986873800677746,1.0
87,4.378794194076441,5.811347529001606,1.0,5,7.530122843382308,1.0,0.871495044515374,1.0,8.50536552853885,1.0,-5.3324079164375995,1.0,10.319395470383276,1.0
88,3.812869136818448,5.459460577172361,1.0,5,4.684431701415363,1.0,-3.5054775159760077,1.0,8.384945344761771,1.0,10.752288732394366,1.0,-1.2518425785032505,1.0
89,-1.0804603905305612,7.629690557217732,1.0,5,-7.325668862492872,1.0,9.108401412406709,1.0,0.7386008836524294,1.0,4.048548483519989,1.0,-11.97218386973906,1.0
90,-3.8265409218611284,8.26470951636186,1.0,5,-13.344932653658802,1.0,1.4236992306315983,1.0,-1.3775618696405552,1.0,7.4683744503454985,1.0,-13.30228376698338,1.0
91,9.036583766009722,1.448909106391897,1.0,5,6.497805820242082,1.0,10.524179104477613,1.0,10.302124766728873,1.0,8.60245972757334,1.0,9.256349411026696,1.0
92,-8.923639471856209,15.834977283405246,0.8,5,-1.9710696543705826,1.0,-19.324761954982367,1.0,2.9634005858539343,1.0,8.308284583389241,1.0,-34.594050919171266,0.0
93,6.163777932084304,4.007276567324284,1.0,5,9.754972011195521,1.0,2.922054681387464,1.0,10.05989166577282,1.0,-0.002137308039747765,1.0,8.084108610105462,1.0
94,-0.07063487826212693,9.808740366697723,1.0,5,-13.393379682981454,1.0,10.542778333333334,1.0,-10.289420729628375,1.0,5.184049177195538,1.0,7.602798510770322,1.0
95,-0.02587422820059295,12.094215596814282,0.8,5,6.052911576365865,1.0,-0.9452932860374244,1.0,10.175939367224998,1.0,-23.06050873393965,0.0,7.647579935383245,1.0
96,-8.321274266110118,11.910725776464337,0.8,5,-9.453829165559899,1.0,-6.00821329356973,1.0,-9.484462260584694,1.0,10.396262980524314,1.0,-27.05612959136058,0.0
97,-9.781059775288943,12.472344327171099,0.8,5,-3.7797796032384827,1.0,5.446598846787481,1.0,-8.35138310516354,1.0,-32.31638177440836,0.0,-9.904353240421813,1.0
98,4.76306195012487,3.964823642018653,1.0,5,9.181686174103877,1.0,0.47526433835309234,1.0,9.926666049474152,1.0,2.1912740255216736,1.0,2.0404191631715562,1.0
99,-1.299713330398277,19.68310420929371,0.8,5,9.478246666666667,1.0,-40.48186227516493,0.0,10.754502939427967,1.0,8.712772093979744,1.0,5.037773923099163,1.0
100,3.8512743286383633,4.676786191641048,1.0,5,-3.270774163668106,1.0,1.987586350767394,1.0,2.5194705106991586,1.0,8.722627007966567,1.0,9.297461937426803,1.0
101,5.500780187606481,3.5785478744774024,1.0,5,-0.033520879593149644,1.0,7.547586468489225,1.0,4.4684424934968385,1.0,10.755020746887967,1.0,4.766372108751523,1.0
102,0.8400976216627513,12.968255853165344,0.8,5,-3.8081339409321675,1.0,10.875,1.0,9.907201993317853,1.0,9.921256917354622,1.0,-22.694836861426552,0.0
103,-0.7477415037518689,9.46109123866983,1.0,5,7.999342318650011,1.0,10.17324238086718,1.0,1.0807482166018136,1.0,-8.547503009053324,1.0,-14.444537425825027,1.0
104,-5.336555227723803,14.825877527602701,0.8,5,-31.831320261240275,0.0,-10.168524999999999,1.0,0.4285274411974367,1.0,10.068914444444445,1.0,4.8196272369793745,1.0
105,-24.11154117396856,27.635753522522954,0.4,5,-48.33732791012978,0.0,-47.45808619341621,0.0,10.297421974425792,1.0,9.079451416071839,1.0,-44.139165156794434,0.0
106,-0.6840582462977117,10.49560476441188,1.0,5,10.27644080789228,1.0,-1.977204354988892,1.0,8.000700209524888,1.0,-0.23829487260542592,1.0,-19.48193302131141,1.0
107,-1.940565866944921,18.56896511534791,0.8,5,1.890954404424658,1.0,10.754502939427967,1.0,-38.52352386488408,0.0,5.996539365089178,1.0,10.178697821217675,1.0
108,-0.26093187157550657,5.973021905259222,1.0,5,-6.034600194349963,1.0,7.630535297607277,1.0,-6.822966070942586,1.0,-1.9013617125984226,1.0,5.823733322406162,1.0
109,-11.32141479705255,18.939336041421466,0.6,5,-27.323345693270895,0.0,7.725201487532768,1.0,-9.833825328593875,1.0,10.518185515104571,1.0,-37.693289966035316,0.0
110,1.8051833862750493,6.658616898403921,1.0,5,3.1445791869787687,1.0,6.3850209328670635,1.0,-7.158970656421799,1.0,10.875,1.0,-4.219712532048787,1.0
111,4.183662079907322,4.287158144038021,1.0,5,10.63565474148493,1.0,-2.4787494782377646,1.0,5.3184202136139005,1.0,5.165066177870882,1.0,2.2779187448046567,1.0
112,2.3032347729506855,5.3355011753512045,1.0,5,2.6921191759328726,1.0,9.437273117909935,1.0,-0.7804782847718563,1.0,-5.9134340294383385,1.0,6.080693885120814,1.0
113,-8.869216236975443,14.777130853976638,0.6,5,-26.358166214600274,0.0,-24.77291529504252,0.0,-8.10895383718023,1.0,7.367482947706298,1.0,7.526471214239509,1.0
114,8.233532291797196,1.4673647030893882,1.0,5,10.162337272527266,1.0,8.373336688935664,1.0,9.1721417007904,1.0,5.829008946443891,1.0,7.630836850288761,1.0
115,8.08672242619772,1.9662724345153384,1.0,5,8.844379287267861,1.0,4.647127628925381,1.0,7.290727800829875,1.0,10.175449518177835,1.0,9.475927895787649,1.0
116,2.055544139079758,7.1367384407269,1.0,5,10.640674328886032,1.0,-6.154544196984361,1.0,-6.763822629969416,1.0,6.523292783437181,1.0,6.032120410029355,1.0
117,5.193555800256523,3.9011163274314504,1.0,5,8.28574028924475,1.0,6.374317271513532,1.0,9.92820179798591,1.0,-0.3476675907258109,1.0,1.7271872332642317,1.0
118,-11.75782007688618,10.978138291795561,0.6,5,-2.753635577516979,1.0,-7.670793822684683,1.0,-24.77440490508193,0.0,-24.74473177010855,0.0,1.1544656909612439,1.0
119,1.8103980615736002,12.409316926864388,0.8,5,5.508754144268839,1.0,-22.873017163698798,0.0,8.613447731276196,1.0,9.184887282951856,1.0,8.617918313069909,1.0
120,1.9838511878320593,6.219906429264532,1.0,5,4.848052489034117,1.0,0.21897373807978227,1.0,2.144215655940596,1.0,10.875,1.0,-8.166985943894199,1.0
121,4.300037116270941,5.76389903485852,1.0,5,10.524042857142858,1.0,6.8479936340687075,1.0,9.240901193269758,1.0,-3.663035361771522,1.0,-1.4497167413550986,1.0
122,-5.399198556455299,19.054445028739057,0.8,5,-2.8419377857407664,1.0,10.633802506051545,1.0,10.167538739315262,1.0,-3.423970581938077,1.0,-41.531425659964455,0.0
123,-32.931105977532674,22.896394135590402,0.2,5,-55.97583932377271,0.0,-52.22140168067225,0.0,-37.54171470509744,0.0,7.787653197959078,1.0,-26.70422737608003,0.0
124,-10.5284467441236,10.266037155228043,0.8,5,-12.232904768273945,1.0,1.4705230301462002,1.0,-8.91877460411426,1.0,-4.098468989025601,1.0,-28.862608389350395,0.0
125,-2.4570877637185617,17.273418630920492,0.8,5,8.117670973490753,1.0,10.307267879249597,1.0,0.6062676509376299,1.0,-36.38477082085083,0.0,5.068125498580045,1.0
126,-0.7929062438064252,7.327320547130849,1.0,5,-8.272894597691016,1.0,8.053325072966572,1.0,-3.6927596212584017,1.0,7.868738026286478,1.0,-7.920940099335759,1.0
127,-6.66748009524932,12.61034759403067,0.8,5,-11.074198095741853,1.0,6.33323090989693,1.0,3.2830855024353944,1.0,-2.9840155072284738,1.0,-28.895503285608598,0.0
128,7.673646324304739,2.629388331030722,1.0,5,8.265209521053393,1.0,8.829753561158295,1.0,9.074941457951537,1.0,9.70195855944746,1.0,2.496368521913011,1.0
129,7.271965637955449,1.396536865598051,1.0,5,7.129542424848365,1.0,7.081184877388484,1.0,5.220780818580477,1.0,7.314186057992957,1.0,9.614134010966964,1.0
130,-6.585905986383679,14.849267306360632,0.6,5,-23.018677122293113,0.0,-26.12071872911417,0.0,6.098902372801321,1.0,1.9805313244653533,1.0,8.130432222222222,1.0
131,-0.9784154851158366,8.837156061223258,1.0,5,-7.36840560855738,1.0,3.5645191105403677,1.0,10.756993511175198,1.0,2.515322696791036,1.0,-14.360507135528405,1.0
132,3.131021176625586,6.700895809088611,1.0,5,-9.483073335771776,1.0,6.564203964378051,1.0,7.716983602221635,1.0,2.1103587057087836,1.0,8.746632946591237,1.0
133,-0.9245129156941537,7.37895418976537,1.0,5,1.494240801411289,1.0,-8.907940066068905,1.0,10.242888524590164,1.0,1.8532453493620977,1.0,-9.304999187765414,1.0
134,4.918719428159241,4.331210633777828,1.0,5,8.33424726692985,1.0,6.439068465097463,1.0,10.167866998100772,1.0,0.27270718794543036,1.0,-0.6202927772773048,1.0
135,1.6661741849807328,11.577321339281461,1.0,5,9.200329229569382,1.0,2.255052874899646,1.0,7.931359838015041,1.0,9.806643011315323,1.0,-20.862514028895728,1.0
136,3.497443696729745,6.8023305083358325,1.0,5,5.424209424314557,1.0,6.681582373336314,1.0,9.335735515327558,1.0,5.880301793315188,1.0,-9.834610622644892,1.0
137,4.93167476993883,4.391316357351442,1.0,5,0.5247970846446943,1.0,4.988240671259975,1.0,-0.3862338168772439,1.0,8.771518439108062,1.0,10.760051471558663,1.0
138,3.480588825221428,6.447781562838834,1.0,5,6.167274117734835,1.0,-8.829441877431911,1.0,6.752495743473325,1.0,3.6364950546590293,1.0,9.676121087671861,1.0
139,-14.477741132811929,19.37895066767666,0.6,5,-40.941218724223276,0.0,4.955354736085929,1.0,-25.934185168437715,0.0,10.539484068790827,1.0,-21.008140576275416,1.0
140,4.17226083766632,4.231507487541425,1.0,5,0.27003961057554804,1.0,-0.20368539701093802,1.0,9.92287018121911,1.0,2.3629096287070874,1.0,8.509170164840791,1.0
141,4.3787745022796205,8.948674904752837,1.0,5,4.460141461280446,1.0,-12.93135400313972,1.0,10.43501809253037,1.0,10.875,1.0,9.055066960727002,1.0
142,4.559351588901132,4.272872502006832,1.0,5,7.144344569288389,1.0,0.40419938650306797,1.0,6.252687429817029,1.0,10.175119444444444,1.0,-1.1795928855472742,1.0
143,4.566064051126615,6.542047113876853,1.0,5,8.120802041330645,1.0,10.875,1.0,-7.915934877263849,1.0,6.953409529270708,1.0,4.79704356229557,1.0
144,-0.4253556038369398,5.641595137755665,1.0,5,6.259878717682456,1.0,-3.0193362014205665,1.0,1.7592767633850546,1.0,-10.01507722291681,1.0,2.888479924085167,1.0
145,-0.9474646095234263,13.715979630131793,0.8,5,8.823425477298251,1.0,6.266492162688248,1.0,7.010740714538381,1.0,1.0502536224351946,1.0,-27.888235024577206,0.0
146,4.579321005037738,1.9005644204827665,1.0,5,2.433043080342552,1.0,4.867136270808837,1.0,2.66583976081116,1.0,5.325953641809184,1.0,7.604632271416957,1.0
147,2.1420618832807534,7.346896748932591,1.0,5,6.907529682645362,1.0,-7.747193736367475,1.0,6.108110967252976,1.0,-5.433137497127097,1.0,10.875,1.0
148,8.568983687585439,1.3214341540343486,1.0,5,9.142698993161094,1.0,8.118972200587143,1.0,6.194669001578531,1.0,9.573279492600424,1.0,9.81529875,1.0
149,0.6069693689656266,13.858522669237969,0.8,5,10.407437666705324,1.0,-25.8306167876054,0.0,-0.8248427857772516,1.0,9.59188508915012,1.0,9.690983662355343,1.0
150,1.4040422033682904,5.156256363159577,1.0,5,6.830868081045367,1.0,1.873130850596466,1.0,5.23399435523648,1.0,1.0853161861074678,1.0,-8.003098456144329,1.0
151,1.1657800238724925,12.982889869149671,0.8,5,10.52567873805821,1.0,5.318391762595307,1.0,7.0981519861830735,1.0,7.46957504642463,1.0,-24.582897413898756,0.0
152,3.3464626660329473,4.937215180251036,1.0,5,-6.403205696277523,1.0,5.587285588531187,1.0,6.308323762054393,1.0,6.7803413407821225,1.0,4.459568335074556,1.0
153,3.967039920154579,6.289139024051747,1.0,5,8.637763839253155,1.0,6.618959282827414,1.0,4.762340992142156,1.0,-8.317957907798034,1.0,8.134093394348202,1.0
154,-10.21753674192726,19.24946265729469,0.6,5,10.661735766423357,1.0,10.516763272796304,1.0,-7.809498675642866,1.0,-34.688433358604975,0.0,-29.768250714608122,0.0
155,-2.8855962117147196,14.121471160758091,0.8,5,8.757186813186813,1.0,7.856689226827095,1.0,8.25278736445073,1.0,-14.163065732375335,1.0,-25.131578730662902,0.0
156,-4.052370750502696,15.558233923862362,0.6,5,8.935817941032967,1.0,8.6669095465042,1.0,-23.067247218190595,0.0,-23.144446651532373,0.0,8.34711262967232,1.0
157,-10.706805458560122,15.115526843653404,0.6,5,-27.641199170679503,0.0,10.398365348334648,1.0,-28.22967552775609,0.0,-6.676856547031045,1.0,-1.3846613956686173,1.0
158,-2.6369641677563576,11.79670953598304,0.8,5,-24.155262513904333,0.0,-4.2909978118161956,1.0,6.18314689303449,1.0,-0.42327783063748825,1.0,9.501570424541741,1.0
159,0.8240287519345474,6.476403446689012,1.0,5,-9.027033991051594,1.0,-2.0283116921793987,1.0,2.151697478293383,1.0,10.875,1.0,2.1487919646103473,1.0
160,-4.418044055018768,12.15353421435637,0.8,5,4.003504722487532,1.0,10.048298383175297,1.0,-2.910265117664588,1.0,-25.51803234620133,0.0,-7.713725916890754,1.0
161,8.64909911861353,1.9799860775986402,1.0,5,10.025821598390637,1.0,8.373162288739564,1.0,10.875,1.0,5.096025443025443,1.0,8.875486262912005,1.0
162,7.8063237745281295,1.6368516061703353,1.0,5,9.550415837059763,1.0,7.924968591756939,1.0,4.774484369846446,1.0,7.908676086760868,1.0,8.873073987216628,1.0
163,-2.9708125452737475,13.423055786903001,0.8,5,-1.5649980854248646,1.0,-27.938077887538018,0.0,8.220626406957182,1.0,9.288507246376811,1.0,-2.8601204067398456,1.0
164,6.920514206834016,4.725861670567801,1.0,5,6.667014125916663,1.0,10.63813258834189,1.0,10.398143475126172,1.0,-2.099956812652067,1.0,8.999237657437424,1.0
165,6.462015197054805,4.917236252248308,1.0,5,-2.994682282856509,1.0,9.382498123231507,1.0,6.474508944810026,1.0,10.634395062372775,1.0,8.813356137716223,1.0
166,5.316765606018849,5.932959518369578,1.0,5,10.755926143598785,1.0,9.539791239358266,1.0,3.2152212506624247,1.0,-5.376712661844275,1.0,8.44960205831904,1.0
167,-19.24513551183556,14.332553904539662,0.6,5,6.101111255777618,1.0,-17.38987127748398,1.0,-31.98455067083972,0.0,-18.914190644714573,1.0,-34.03817622191714,0.0
168,-3.8041312656662116,14.4399822507975,0.8,5,10.409643899849598,1.0,-6.185835778635786,1.0,10.1723275,1.0,-29.087410902868772,0.0,-4.329381046676096,1.0
169,-4.183269051183096,15.826147899624036,0.8,5,5.025464629153575,1.0,7.746433670434266,1.0,5.205504979950849,1.0,-4.099043191942682,1.0,-34.79470534351149,0.0
170,3.2595087726966567,7.5382043437230495,1.0,5,8.939776666666667,1.0,7.788850569637022,1.0,-11.238511284046705,1.0,2.9588800267722695,1.0,7.848547884454032,1.0
171,5.877129945185045,5.885709931539132,1.0,5,-5.355431724629701,1.0,7.426912598831214,1.0,10.875,1.0,10.303180833333334,1.0,6.135988018390377,1.0
172,7.154122785782505,5.850860506711285,1.0,5,9.825588959024286,1.0,10.397483378006754,1.0,-4.526435510887769,1.0,10.511041149798956,1.0,9.562935952970296,1.0
173,4.862658920661477,5.152460763680149,1.0,5,10.754582213535304,1.0,3.289035878695838,1.0,-4.2587983319622165,1.0,7.901445800307921,1.0,6.627029042730542,1.0
174,4.1989003273897,7.55220626580933,1.0,5,10.668708250071367,1.0,8.352940505984092,1.0,-9.05412285423769,1.0,0.6675757351307325,1.0,10.3594,1.0
175,9.613074056419137,0.5850891892303659,1.0,5,8.519757863842276,1.0,10.056151455352737,1.0,9.710083885478086,1.0,9.609022484642454,1.0,10.170354592780132,1.0
176,-2.868135242989534,11.560453408365127,1.0,5,6.306162053571429,1.0,9.93241506785213,1.0,-7.734305681851522,1.0,-22.60651522382362,1.0,-0.2384324306960881,1.0
177,3.1432933829677605,5.983406107113911,1.0,5,0.18681136931344966,1.0,-4.263542751120964,1.0,10.426581340765733,1.0,-0.6839142367066842,1.0,10.050531192587268,1.0
178,9.625642015070152,1.12629189059637,1.0,5,9.353159366262815,1.0,10.635041493775933,1.0,9.558785833333333,1.0,7.706223381978672,1.0,10.875,1.0
179,-1.8499084900857397,12.721672271038617,0.8,5,-3.7982260932377585,1.0,9.470028886554621,1.0,8.657369722111724,1.0,1.798865638097551,1.0,-25.377580603954836,0.0
180,-15.559977894484101,16.786856514053056,0.4,5,-24.785261928854975,0.0,-30.799383719021833,0.0,-1.8639401709401717,1.0,-30.74363688837585,0.0,10.392333234772323,1.0
181,-5.4632893546602945,12.741986429048316,0.8,5,7.3457287329945915,1.0,-2.488088003751967,1.0,-13.62118906316234,1.0,-25.757295972443032,0.0,7.2043975330612735,1.0
182,7.921210842149625,2.8855427975891477,1.0,5,2.523941451346894,1.0,8.060435856091908,1.0,10.162206338559571,1.0,8.223805575935437,1.0,10.635664988814318,1.0
183,3.858876952698514,5.25641297703359,1.0,5,10.875,1.0,-1.7565562287012444,1.0,-2.7160516256689355,1.0,5.8238003757348045,1.0,7.068192242127946,1.0
184,-1.962862380545572,13.043068555890729,0.8,5,-27.282388036117386,0.0,4.714124065406355,1.0,5.5646177772077206,1.0,-1.2278028108241354,1.0,8.417137101599584,1.0
185,-1.8045553896240663,12.333559080287126,0.8,5,2.293117480233761,1.0,4.81135636129586,1.0,9.437164951408995,1.0,-25.678490328689307,0.0,0.11407458763035905,1.0
186,6.08676974878602,5.007845949761195,1.0,5,10.5138572276053,1.0,9.941265622396267,1.0,1.2372501895625234,1.0,-1.1758373254510275,1.0,9.91731302981704,1.0
187,1.0591611493652096,12.64924746289022,0.8,5,8.272756373937677,1.0,-24.000864884929495,0.0,9.813441961637334,1.0,4.603882650196519,1.0,6.6065896459840125,1.0
188,9.424886637473485,1.0303371735445224,1.0,5,9.943025717357148,1.0,10.15555089432649,1.0,8.254356824971042,1.0,10.637235328595501,1.0,8.13426442211724,1.0
189,5.2886706179432705,5.348210755387156,1.0,5,-0.2419050122677877,1.0,10.755,1.0,6.775863429641518,1.0,-1.7206053276573776,1.0,10.875,1.0
190,4.724854184977102,3.616231242745543,1.0,5,3.2877326938852773,1.0,5.284273656296491,1.0,8.481968463094558,1.0,-1.4448603217993945,1.0,8.015156433408578,1.0
191,8.036939801328405,3.1658249961362244,1.0,5,9.586035338662178,1.0,7.408605350385731,1.0,10.65054598540146,1.0,10.407444233005602,1.0,2.1320680991870598,1.0
192,4.679567381356169,10.39846911120459,1.0,5,-16.060105744687924,1.0,10.519111985627513,1.0,10.392631458966564,1.0,8.38814225489692,1.0,10.158056951977775,1.0
193,5.288157764943408,3.8109321142187573,1.0,5,-0.6014305126621391,1.0,2.5304461812664076,1.0,8.167791910385167,1.0,6.529048456957228,1.0,9.814932788770372,1.0
194,4.882659513124001,6.999878835966717,1.0,5,7.04669474376486,1.0,10.27429575108732,1.0,-8.680282231229954,1.0,5.736679342925473,1.0,10.035909959072306,1.0
195,7.760504612269126,2.1769108419494656,1.0,5,5.183282435228059,1.0,8.082226344452009,1.0,9.932678631418456,1.0,5.32958684261595,1.0,10.274748807631159,1.0
196,7.503740796915738,2.7453824364999524,1.0,5,10.033060743868766,1.0,3.531439230316119,1.0,8.509443201402956,1.0,10.405842776203967,1.0,5.038918032786885,1.0
197,-3.064352993911216,12.540916871946067,0.8,5,8.239223284882346,1.0,-0.036513726897538845,1.0,-10.554750654107794,1.0,10.396022410147992,1.0,-23.365746283581085,0.0
198,8.586086272685296,1.4803823628818757,1.0,5,7.608015434329692,1.0,10.030823667340167,1.0,6.35126058374967,1.0,10.293613402061856,1.0,8.6467182759451,1.0
199,5.561220281254715,1.5384411873408714,1.0,5,6.006840292496821,1.0,6.176508025062227,1.0,5.251233682621437,1.0,7.518013682518522,1.0,2.8535057235745693,1.0
200,1.7283427773668336,15.566730411071044,0.8,5,8.048921555298756,1.0,10.111855474452556,1.0,9.555893976762844,1.0,-29.36516701111545,0.0,10.290209891435463,1.0
201,6.584948310080034,6.312704439917187,1.0,5,8.390814641595878,1.0,9.69745860755109,1.0,-5.955239079032225,1.0,10.39322843267949,1.0,10.39847894760594,1.0
202,4.71608638867121,5.048391565553939,1.0,5,8.223230326004549,1.0,6.452371958671259,1.0,5.8339061246322546,1.0,-5.1963386566463114,1.0,8.267262190694296,1.0
203,9.460976111923491,1.0427224259003245,1.0,5,8.27382588838142,1.0,10.400674633403161,1.0,9.359396586345381,1.0,8.395983451487496,1.0,10.875,1.0
204,8.519112516319964,1.370359654318469,1.0,5,6.8366065153385875,1.0,8.295586185472324,1.0,8.948878297018348,1.0,10.875,1.0,7.639491583770566,1.0
205,9.158545176431321,0.8327664874681916,1.0,5,8.061282228141947,1.0,10.635254807311862,1.0,9.083225437218836,1.0,9.130826265674594,1.0,8.882137143809366,1.0
206,5.798057013643357,2.853514085128642,1.0,5,8.275933830212688,1.0,4.043974480278988,1.0,8.819203662727745,1.0,1.154628612979458,1.0,6.696544482017908,1.0
207,4.6605013334698215,1.9921206547645127,1.0,5,7.625781650874012,1.0,2.145679197493834,1.0,3.7597511703969717,1.0,3.504927677029361,1.0,6.266366971554929,1.0
208,8.38687613889241,2.883089365849044,1.0,5,9.479419755929081,1.0,9.563157583638729,1.0,9.429247625616808,1.0,10.757143129225788,1.0,2.705412600051641,1.0
209,5.996147847673233,2.707338530071525,1.0,5,3.755156506540965,1.0,4.472974817142015,1.0,3.7451177924217474,1.0,7.250477682257516,1.0,10.757012440003919,1.0
210,-1.6137598620890423,8.79822590889388,1.0,5,-5.940985192663643,1.0,8.829215065602348,1.0,0.32661385967936774,1.0,-16.20230635114595,1.0,4.9186633080826665,1.0
211,-2.1896922825098697,17.861070380090403,0.8,5,5.780910726332357,1.0,9.936355584082158,1.0,6.028197072369386,1.0,5.055459506748875,1.0,-37.74938430208213,0.0
212,8.131836558915749,1.8627268940479158,1.0,5,4.7224719537931765,1.0,9.545459356125672,1.0,7.63518444688846,1.0,9.810459199861548,1.0,8.94560783790989,1.0
213,-9.980077367501337,22.507010354910964,0.6,5,8.95451034998753,1.0,-39.769444768616154,0.0,10.272606391732218,1.0,5.724046997921169,1.0,-35.08210580853145,0.0
214,5.421750384098285,6.207344361883124,1.0,5,10.169412621847052,1.0,5.578235294117646,1.0,8.473121622745033,1.0,-6.5913940845601235,1.0,9.479376466341815,1.0
215,-32.590424396035225,24.15001918229054,0.2,5,-40.28772727272727,0.0,-24.478943483845477,0.0,-51.421761879573346,0.0,10.284588060563555,1.0,-57.04827740459356,0.0
216,8.30791157615983,1.1316322317699812,1.0,5,7.3895391592106865,1.0,9.224958635345907,1.0,8.38394185071289,1.0,9.805160583941607,1.0,6.735957651588066,1.0
217,-24.581386247737896,16.568542890941227,0.2,5,-28.002626547303294,0.0,-32.1254348137536,0.0,-37.30956574855624,0.0,8.017079654419444,1.0,-33.4863837834958,0.0
218,-0.3917043464207623,18.185350849569723,0.8,5,-36.713978448275874,0.0,9.931830141501393,1.0,7.325744585243103,1.0,9.452558375990463,1.0,8.045323613437102,1.0
219,6.66094148075364,3.5153579643662773,1.0,5,10.875,1.0,8.603469567404428,1.0,5.62098976227659,1.0,7.714100719424461,1.0,0.4911473546627203,1.0
220,3.4422349446281393,6.915379288012208,1.0,5,10.176822438777446,1.0,-9.261234216113536,1.0,6.153070763622161,1.0,1.9309160207133846,1.0,8.211599716141242,1.0
221,7.908654815991329,2.0176631899597877,1.0,5,10.270994222671932,1.0,8.233489418114672,1.0,8.125515664177666,1.0,4.175747112108368,1.0,8.73752766288401,1.0
222,1.5674065942030906,8.99453352765432,1.0,5,-12.86834378286545,1.0,-4.616445278616929,1.0,9.300402740875402,1.0,5.267926740412004,1.0,10.753492551210428,1.0
223,-0.34360709836477704,17.037780454765482,0.8,5,-34.13456269583857,0.0,10.529201802986197,1.0,4.208752185739265,1.0,9.841312516715698,1.0,7.837260698573523,1.0
224,5.9321675975459724,5.1585068033230215,1.0,5,6.4126448652997325,1.0,5.813411483385098,1.0,10.635047614512903,1.0,-3.5952680049357486,1.0,10.395002029467875,1.0
225,8.414594424174755,2.4249925653237443,1.0,5,6.737277908655672,1.0,9.685995758600615,1.0,4.488294926317873,1.0,10.875,1.0,10.28640352729961,1.0
226,6.874742169856214,5.246453457961629,1.0,5,-3.2026971812774683,1.0,10.757997867235405,1.0,10.155040272614622,1.0,10.061741389616959,1.0,6.60162850109155,1.0
227,2.7904456544240204,6.751566027722066,1.0,5,-5.966078053983864,1.0,9.812744915746658,1.0,-4.24450720111054,1.0,9.819748638132294,1.0,4.530319973335554,1.0
228,-5.870213734180416,16.26166293680229,0.6,5,-23.201090692452226,0.0,4.870175596308281,1.0,10.6362902695595,1.0,6.272432793787158,1.0,-27.92887663810479,0.0
229,2.945093216261388,5.198357735671542,1.0,5,6.925542134687388,1.0,-3.7569951121972895,1.0,5.716867471388143,1.0,8.69361501155321,1.0,-2.853563424124511,1.0
230,-10.646863079666893,24.497884581553116,0.6,5,10.273419992912599,1.0,-42.462904318676195,0.0,-38.731542981742955,0.0,9.921896562979406,1.0,7.7648153461926785,1.0
231,2.170719927903216,9.14490259503125,1.0,5,10.39610972518408,1.0,-14.915947203447946,1.0,5.439201019115146,1.0,0.9538691885238109,1.0,8.980366910140988,1.0
232,-17.310635550754174,23.448590648045382,0.4,5,10.39248389253586,1.0,10.514284805833476,1.0,-43.61416220895676,0.0,-38.5780179023573,0.0,-25.26776634082614,0.0
233,4.805902949435859,3.65196940828612,1.0,5,5.629311626178642,1.0,10.390600977560544,1.0,1.222723472114474,1.0,0.39441726223200035,1.0,6.39246140909364,1.0
234,9.137647014980374,1.1537125349799466,1.0,5,9.565546129374338,1.0,10.875,1.0,7.324059034778227,1.0,9.188569042316258,1.0,8.735060868433045,1.0
235,9.962454124002843,0.8023294943132685,1.0,5,10.63304790590935,1.0,9.92501258979486,1.0,8.432266873955003,1.0,10.301984744130936,1.0,10.519958506224066,1.0
236,0.7348694602497325,7.031876083566571,1.0,5,-7.288779573180554,1.0,6.576659092286251,1.0,-8.412730136727369,1.0,5.738517507554019,1.0,7.060680411316315,1.0
237,4.581116395796585,5.292252526055773,1.0,5,10.513938733180876,1.0,-0.8988704407294872,1.0,-2.62109267622227,1.0,8.240592633114515,1.0,7.671013729639289,1.0
238,8.864164508375804,1.4947429017874712,1.0,5,7.997967287326656,1.0,10.409772484891574,1.0,6.432760131795716,1.0,9.199045803199649,1.0,10.281276834665434,1.0
239,2.975320934143107,11.316298862998305,1.0,5,10.755514292694844,1.0,10.274897425099267,1.0,8.195428435165068,1.0,-19.28217409230615,1.0,4.932938610062505,1.0
240,4.917251065210534,6.789788897906157,1.0,5,9.175574987706934,1.0,-8.440345424567187,1.0,9.691379159867946,1.0,8.028960635971394,1.0,6.130685967073581,1.0
241,1.7631799613041033,12.532141286238042,0.8,5,-23.07546731651376,0.0,4.7835984835370295,1.0,9.219510190664037,1.0,8.463205986360192,1.0,9.425052462473015,1.0
242,7.185814022146568,2.640725674814366,1.0,5,10.755,1.0,7.9860844973440885,1.0,3.570449169780977,1.0,4.7922800637295655,1.0,8.825256379878208,1.0
243,-7.744967984771843,21.493224993424906,0.6,5,-35.247146833076044,0.0,10.224367883211679,1.0,10.286467411545624,1.0,-32.84229804696409,0.0,8.85376966142362,1.0
244,9.96573605928135,0.8445529383949187,1.0,5,10.411956833243776,1.0,10.511190665789565,1.0,8.315641423357665,1.0,10.550038176510219,1.0,10.039853197505519,1.0
245,-7.817781875325872,21.214510592323176,0.6,5,8.588513795622978,1.0,10.639043848014357,1.0,-35.706257247355616,0.0,-31.779069363204947,0.0,9.168859590293867,1.0
246,-11.711648680228183,20.931066494622353,0.6,5,9.322634656593905,1.0,-5.0237201099642075,1.0,-37.85102531715849,0.0,-35.07360645331921,0.0,10.067473822707088,1.0
247,9.14390589764713,1.3832219016622542,1.0,5,6.88057197204282,1.0,8.603702114673464,1.0,10.635574381158376,1.0,10.530059060931196,1.0,9.069621959429792,1.0
248,-15.630934015445073,13.460112323606166,0.6,5,-29.95473286234681,0.0,-15.325953714585784,1.0,3.2382949416342415,1.0,-5.156568483577914,1.0,-30.955709958349093,0.0
249,-12.571672599324526,16.772542463346785,0.6,5,-32.35535576923074,0.0,-12.065789993823364,1.0,-29.919718591753064,0.0,1.090452431033091,1.0,10.392048927151446,1.0
250,8.173335054394318,3.2575164013728433,1.0,5,10.037763018236788,1.0,10.638012753774076,1.0,7.819171631932275,1.0,10.397800726832223,1.0,1.9739271411962296,1.0
251,-0.14343264772294048,11.848672102312417,0.8,5,10.397671118530885,1.0,-23.122978830414702,0.0,2.576184836032552,1.0,6.735465306703693,1.0,2.69649433053287,1.0
252,8.266545803533266,1.8923582856544692,1.0,5,9.42353275741804,1.0,10.179874107142856,1.0,7.673562717770036,1.0,4.850101134681796,1.0,9.205658300653594,1.0
253,1.2933879817752512,6.528361440355496,1.0,5,0.44567068441462965,1.0,-4.772500348432054,1.0,-6.683427802914233,1.0,7.999689137067525,1.0,9.477508238740388,1.0
254,-1.8244812046644863,14.216771027008098,0.8,5,10.39833674426537,1.0,-25.551086873617567,0.0,8.029483662271723,1.0,8.994733991204548,1.0,-10.993873547446505,1.0
255,5.034368421734895,6.676138919408361,1.0,5,8.666502373713127,1.0,-6.973103311468481,1.0,10.651120365394949,1.0,2.5323226810348816,1.0,10.295,1.0
256,9.71425989704301,0.9773771671978992,1.0,5,10.042402807945352,1.0,10.63540198764095,1.0,9.194875793694997,1.0,10.630717385818823,1.0,8.067901510114922,1.0
257,2.988786887087614,8.6402546092509,1.0,5,-11.939630341777635,1.0,10.6349173553719,1.0,9.09380545758307,1.0,-1.6180007776747498,1.0,8.772842741935484,1.0
258,6.690322336034539,3.751905142988226,1.0,5,9.919791606700823,1.0,0.626442839113972,1.0,8.371690059325713,1.0,4.129001673173452,1.0,10.404685501858735,1.0
259,-1.1625360339347839,14.853717905397772,0.8,5,8.117920053977553,1.0,10.63540198764095,1.0,-28.257989186701952,0.0,9.770019925889674,1.0,-6.078032950480145,1.0
260,0.483513665814532,12.021656219815835,1.0,5,10.168972277027368,1.0,-19.608386467695432,1.0,9.075987311138729,1.0,-7.259146572709799,1.0,10.040141781311794,1.0
261,4.447673850534025,5.369959795269182,1.0,5,-2.282209877964542,1.0,8.343925595734044,1.0,7.180682299209089,1.0,10.671956407563025,1.0,-1.6759851718714884,1.0
262,6.473264514604696,2.9465411016636485,1.0,5,10.034701255230127,1.0,8.008606270907183,1.0,4.2946221207242115,1.0,8.125882060508498,1.0,1.9025108656534595,1.0
263,7.5464267015310025,4.650314747780411,1.0,5,10.51653370786517,1.0,-1.6712098460815437,1.0,10.152538198213241,1.0,8.689272428884026,1.0,10.04499901877412,1.0
264,-3.8240518638263565,15.362479120506736,0.8,5,7.117758864376576,1.0,10.759338842975207,1.0,-27.45248956820078,0.0,7.217737087960515,1.0,-16.762604546243303,1.0
265,2.844276690735529,7.140256650459358,1.0,5,8.250063998890994,1.0,10.644817901666901,1.0,6.2906275710007575,1.0,-8.157146707536196,1.0,-2.8069793103448113,1.0
266,4.499317576554591,2.711613323037524,1.0,5,2.207168297878078,1.0,7.391396017388867,1.0,7.403959907030796,1.0,4.816839828967416,1.0,0.677223831507801,1.0
267,6.876288247519861,3.825992546576348,1.0,5,1.4424919093851116,1.0,3.131223664409327,1.0,10.753970422761615,1.0,9.00162703481707,1.0,10.05212820622618,1.0
268,9.722918526582873,0.5984835794724478,1.0,5,8.838787304204452,1.0,9.449790765542758,1.0,9.659067399714925,1.0,10.637606994171524,1.0,10.02934016928071,1.0
269,0.058672604055504965,13.075833681274258,0.8,5,4.031153544782473,1.0,1.3601622651425576,1.0,-25.19251677980321,0.0,10.397604494382021,1.0,9.696959495773685,1.0
270,-0.1313097459299808,13.705921578779497,0.8,5,10.754421588794202,1.0,10.756718610066274,1.0,5.606528755868545,1.0,-25.946261283788857,0.0,-1.8279564005900664,1.0
271,6.820100923063151,3.4415708640760223,1.0,5,8.346954347993728,1.0,10.159448562033509,1.0,4.307319080623787,1.0,9.924522145622815,1.0,1.3622604790419128,1.0
272,4.034955339414822,7.757619508549844,1.0,5,7.019259630818619,1.0,-11.008821875566845,1.0,4.7513296082422825,1.0,10.352980327868853,1.0,9.0600290057112,1.0
273,-4.26365461726475,15.468754349488588,0.8,5,10.875,1.0,10.875,1.0,-3.574966562896348,1.0,-8.38590299823633,1.0,-31.10740352519107,0.0
274,3.6628422067524733,7.5904461756863855,1.0,5,9.926955641897361,1.0,-5.60248599569916,1.0,10.755,1.0,8.839639461883408,1.0,-5.6048980743192445,1.0
275,9.643078485670983,1.9849551969497927,1.0,5,10.755418875088997,1.0,10.510998518144845,1.0,5.679040818125716,1.0,10.754065040650406,1.0,10.515869176344948,1.0
276,2.0789464399196604,5.048201979567092,1.0,5,-5.943741053169726,1.0,9.421848850125478,1.0,4.073906983507126,1.0,-0.04412327569457908,1.0,2.8868406948300027,1.0
277,3.3393859596424997,14.246025651377312,0.8,5,10.875,1.0,10.03771872184834,1.0,10.298215380514462,1.0,10.632951797040167,1.0,-25.146956101190465,0.0
278,3.8909336411878535,4.318360386338485,1.0,5,1.9918894862078051,1.0,9.246047601315707,1.0,-2.5920248147956304,1.0,8.082790753003689,1.0,2.725965180207697,1.0
279,1.0116259188452925,12.496776989386865,0.8,5,6.31185825509503,1.0,7.828203734751691,1.0,-23.8699462263479,0.0,9.086161294833254,1.0,5.701852535894387,1.0
280,8.920833506412606,1.353554968901746,1.0,5,10.513731185969055,1.0,6.606255388144105,1.0,8.464295511221945,1.0,9.08365989117237,1.0,9.936225555555556,1.0
281,1.680692006844992,12.847311720391083,0.8,5,-23.967002191529485,0.0,9.572609325838725,1.0,7.721329154727794,1.0,7.3525619470650865,1.0,7.723961798122838,1.0
282,4.845956141401625,6.592718368965717,1.0,5,9.542738403819918,1.0,9.807671122725903,1.0,-7.6778305439330445,1.0,4.077337184873956,1.0,8.479864539521392,1.0
283,-0.6491019524051896,9.051538397985446,1.0,5,0.24921203127262181,1.0,-16.218086700870487,1.0,7.6111759999999995,1.0,-3.6757882025345214,1.0,8.78797711010644,1.0
284,-5.080179583761855,18.97305188078788,0.6,5,10.658586346283403,1.0,10.031653499908138,1.0,-25.288211398258234,0.0,10.320633333333333,1.0,-31.123559700075916,0.0
285,7.863189527951278,1.5793483343837855,1.0,5,10.39426640497704,1.0,7.50694191527359,1.0,5.897939421753101,1.0,6.744922372416495,1.0,8.77187752533616,1.0
286,8.289748171547027,2.9618331615890012,1.0,5,2.9437199789493844,1.0,10.755878213413759,1.0,10.39105961758684,1.0,10.176014326647566,1.0,7.18206872113758,1.0
287,5.963221594893289,4.540271081927207,1.0,5,9.747830762987013,1.0,-2.6823902045444594,1.0,9.571946111353972,1.0,6.278358505305643,1.0,6.900362799364277,1.0
288,2.934389555436521,5.600542066726201,1.0,5,8.576125388831285,1.0,-7.43840692555359,1.0,3.7776873397283683,1.0,2.740776430093427,1.0,7.015765544083115,1.0
289,8.762312120406397,1.2126859726904105,1.0,5,9.188805288040623,1.0,8.625232084155162,1.0,6.756703250742738,1.0,8.71013032392105,1.0,10.530689655172415,1.0
290,4.440097344705169,4.979736648089658,1.0,5,5.8307908706431375,1.0,-3.7946183146032073,1.0,7.87614163972965,1.0,1.864439194422932,1.0,10.423733333333333,1.0
291,7.781217060711865,2.1382256276692675,1.0,5,8.554672251436957,1.0,8.822770413297707,1.0,6.478136138613861,1.0,4.414953986244311,1.0,10.63555251396648,1.0
292,4.324765424015327,6.475305468657505,1.0,5,8.944465079780276,1.0,7.289892405674032,1.0,1.767490233041011,1.0,10.764662367902561,1.0,-7.142682966321246,1.0
293,6.1355870995902295,4.223526230949204,1.0,5,7.7127049687519325,1.0,9.353627064564565,1.0,4.545248131024985,1.0,10.3933473363913,1.0,-1.3269920027816386,1.0
294,9.878881980650458,0.6994653656926796,1.0,5,9.675317893444301,1.0,10.875,1.0,8.760121590657107,1.0,9.809886732463402,1.0,10.27408368668748,1.0
295,-0.5847552197972341,12.604666283323578,1.0,5,9.131034830893487,1.0,-14.135891882600655,1.0,-17.767415335593782,1.0,9.580687855059113,1.0,10.267808433255668,1.0
296,7.585132027322058,2.860739738279773,1.0,5,8.214658146220184,1.0,2.0611266186433417,1.0,9.10190652564871,1.0,8.27319207358312,1.0,10.274776772514931,1.0
297,8.452212906711797,2.706025115221323,1.0,5,3.1455725085531405,1.0,9.459372152986678,1.0,10.518912618005986,1.0,10.14918668778785,1.0,8.98802056622534,1.0
298,-19.97336593735435,23.49790327353543,0.4,5,-40.71357511481457,0.0,-37.879435627568874,0.0,8.841198938565455,1.0,8.726553303964758,1.0,-38.841571186918536,0.0
299,8.409287601347398,1.0986530133911874,1.0,5,10.280702310328309,1.0,8.123371918031552,1.0,6.845769695342907,1.0,8.341633115584589,1.0,8.45496096744964,1.0
300,1.2376656044241279,9.389932327412481,1.0,5,8.012421140691895,1.0,-1.791507643066053,1.0,-15.892973131125954,1.0,6.759234627441525,1.0,9.101153028179226,1.0
301,7.542906039237616,3.1718704841312637,1.0,5,8.013356209542076,1.0,10.634501430772618,1.0,2.00289395646759,1.0,10.51640646473531,1.0,6.547372134670486,1.0
302,10.238028557681616,0.4981757743387859,1.0,5,10.052361352779272,1.0,10.875,1.0,9.577447065234313,1.0,9.92888935321237,1.0,10.75644501718213,1.0
303,8.165771600426075,2.8527412320717676,1.0,5,9.943941740097529,1.0,8.98198207837368,1.0,2.570641607119934,1.0,8.939907331023484,1.0,10.392385245515747,1.0
304,-13.633667994664913,19.870621941726757,0.4,5,-30.587285332727166,0.0,10.875,1.0,-29.724264633140987,0.0,-29.250223773522425,0.0,10.518433766066009,1.0
305,1.9229439563030533,15.426140360055394,0.8,5,8.730160246138068,1.0,8.74383479522938,1.0,10.272591782935768,1.0,10.755,1.0,-28.88686704278795,0.0
306,5.500020159219552,4.6355413335919256,1.0,5,-0.8816509737277229,1.0,0.6960054618425389,1.0,8.094148141613738,1.0,9.795299441340783,1.0,9.796298725028423,1.0
307,9.91247520174573,1.1408840145867873,1.0,5,10.753709857211105,1.0,7.889353487172876,1.0,10.875,1.0,9.406985393258426,1.0,10.637327271086239,1.0
308,10.042770156582282,0.6783616111630494,1.0,5,10.635,1.0,10.034108824038153,1.0,10.875,1.0,8.977651040812981,1.0,9.692090918060282,1.0
309,-1.0723016066411972,16.646942750723394,0.8,5,7.063505379272777,1.0,10.028225052053472,1.0,3.412625136347109,1.0,-34.08389870787458,0.0,8.218035106995238,1.0
310,6.652599501176757,6.426577677770157,1.0,5,-6.06077436780876,1.0,10.393516980399767,1.0,10.632394957983193,1.0,10.284284768886174,1.0,8.013575166423411,1.0
311,7.179564784517874,4.634677406224909,1.0,5,10.397737882865178,1.0,5.83202359042998,1.0,10.515196428571429,1.0,-1.3628278614184701,1.0,10.515693882141251,1.0
312,5.849427186743659,4.32042657651037,1.0,5,9.66466201263429,1.0,-1.6055947796320087,1.0,10.400366872983124,1.0,6.411423567451051,1.0,4.376278260281842,1.0
313,-7.350916672638675,21.028910432105032,0.6,5,-36.75628172133115,0.0,7.905745336866781,1.0,10.63534634173116,1.0,10.513693468671946,1.0,-29.053086789132106,0.0
314,3.8803150757479883,6.9436546619113395,1.0,5,-9.102283226827712,1.0,4.686651014680483,1.0,9.578399515412572,1.0,4.0844326129912485,1.0,10.15437546248335,1.0
315,4.865654426570552,6.304489229573545,1.0,5,9.348172410277325,1.0,-0.5524943152351707,1.0,-4.784948544834819,1.0,10.398884771694956,1.0,9.918657810950467,1.0
316,-11.085932345375834,20.753488222893168,0.6,5,-37.96610703407921,0.0,10.06299363752045,1.0,-3.057476551322136,1.0,-33.64272150766133,0.0,9.173649728663047,1.0
317,5.875607872878423,4.707765261446917,1.0,5,-1.20683067292644,1.0,9.913749721479501,1.0,8.35052879622973,1.0,10.52265839243499,1.0,1.797933127174332,1.0
318,6.401083639312668,3.217510808861625,1.0,5,8.096156651876363,1.0,2.0762293391657565,1.0,2.9764644030938783,1.0,9.681603882560564,1.0,9.17496391986678,1.0
319,7.35421028135936,3.7262964977044755,1.0,5,0.4528684826203193,1.0,6.363296919770773,1.0,10.060147525516768,1.0,10.097297385090142,1.0,9.797441093798799,1.0
320,6.875642867809387,5.345193293974179,1.0,5,7.052424961226166,1.0,10.27345842978029,1.0,9.926911277545729,1.0,10.63440569915697,1.0,-3.5089860286622248,1.0
321,4.48673065299045,9.800759424279432,1.0,5,-14.872897805962538,1.0,10.755493482309125,1.0,10.63644593139517,1.0,9.418990281459044,1.0,6.495621375751449,1.0
322,6.1212469131020955,3.8124694602985554,1.0,5,8.006743629916715,1.0,9.814323952095808,1.0,4.999700623585896,1.0,8.598595908846221,1.0,-0.8131295489341657,1.0
323,-1.3568917299404695,17.696611368095557,0.8,5,10.159830653613149,1.0,9.130656501696976,1.0,-0.8526940143970005,1.0,10.515232643836288,1.0,-35.73748443445176,0.0
324,-0.30425643173559325,13.575745941908227,0.8,5,10.159081054365732,1.0,-25.022184864716404,0.0,9.682373713248465,1.0,8.61965937664464,1.0,-4.960211438220398,1.0
325,5.722053305741756,4.372982426689833,1.0,5,9.92124993028055,1.0,4.6931524428703115,1.0,10.48176551724138,1.0,-1.6212352810486461,1.0,5.135333919365184,1.0
326,0.8779892082673395,7.719068444710014,1.0,5,2.7464584251101334,1.0,-8.529449713392394,1.0,10.393176130730573,1.0,7.421065917057404,1.0,-7.641304718169019,1.0
327,-5.690503437820288,17.31801414332407,0.6,5,-24.96903617766182,0.0,-28.71682179341657,0.0,7.683029277547043,1.0,9.1831623906096,1.0,8.367149113820306,1.0
328,5.4183110101083,4.469356404635219,1.0,5,-2.5034110038185506,1.0,10.636642372881356,1.0,6.784305450162923,1.0,4.198780268610513,1.0,7.97523796270526,1.0
329,7.041866781966194,3.1959755273027124,1.0,5,7.850205715041671,1.0,2.217965088600903,1.0,4.593023199051581,1.0,10.632363756890657,1.0,9.915776150246156,1.0
330,8.395904461000576,1.5066767777159025,1.0,5,8.280998136811286,1.0,9.903711667443778,1.0,5.742946820581125,1.0,9.810672532160234,1.0,8.241193148006461,1.0
331,-6.4022462881577855,20.008439966825446,0.6,5,10.395189557512197,1.0,8.939282133795407,1.0,-26.52957945416821,0.0,10.029883955861782,1.0,-34.8460076337901,0.0
332,-4.029714708051432,16.101179226742193,0.6,5,-23.20592176584546,0.0,7.809071380729116,1.0,10.755475585284282,1.0,8.708775964391691,1.0,-24.21597470481679,0.0
333,5.362530129336158,2.264368535644022,1.0,5,6.845200219950836,1.0,4.757987563250624,1.0,6.215685649910654,1.0,1.2683829787234053,1.0,7.725394234845272,1.0
334,8.92477207956436,1.214300332005809,1.0,5,10.766842706251785,1.0,8.876115760628055,1.0,7.612585289287125,1.0,9.718423933739528,1.0,7.649892707915299,1.0
335,8.986488314039445,2.372304923537551,1.0,5,10.753970422761615,1.0,4.30551149180028,1.0,9.554153931905802,1.0,10.037102188315599,1.0,10.281703535413925,1.0
336,6.979325395795432,5.543214825459268,1.0,5,9.449415465061005,1.0,-4.079381734085505,1.0,10.03863921730364,1.0,9.199088743442898,1.0,10.288865287255119,1.0
337,3.385509378226567,6.787124355521795,1.0,5,9.202695648024433,1.0,10.03900987045034,1.0,-4.711511342155015,1.0,7.407151948115278,1.0,-5.0097992333022034,1.0
338,9.134379387028952,0.7671305131233505,1.0,5,10.39074226536095,1.0,8.87911129150721,1.0,8.309025996889762,1.0,9.59522806387942,1.0,8.497789317507417,1.0
339,6.711598010005966,6.393993066275385,1.0,5,-6.020059525635913,1.0,10.158623317611871,1.0,10.278753304796677,1.0,10.397766668094034,1.0,8.742906285163157,1.0
340,7.648256063988937,3.5851607322584615,1.0,5,1.4798696753053289,1.0,5.688851208139042,1.0,10.401689202056751,1.0,10.756963750494826,1.0,9.913906483948738,1.0
341,10.110682661910857,0.5974347733888706,1.0,5,10.285348963207408,1.0,10.875,1.0,9.083132765353213,1.0,9.920262305980287,1.0,10.389669275013377,1.0
342,7.613710012170171,3.5134216778712095,1.0,5,9.508662283802252,1.0,10.295341387438963,1.0,1.0288822010054837,1.0,6.950170726735298,1.0,10.285493461868855,1.0
343,7.4908449354678694,3.9207729501413167,1.0,5,-0.26651344354251627,1.0,9.694252327242278,1.0,8.53062668741134,1.0,9.218457436678728,1.0,10.277401669549521,1.0
344,-6.3439648528448505,19.51581242528383,0.6,5,-26.295831647828678,0.0,9.67942440954322,1.0,-33.8360245019591,0.0,9.178875229699239,1.0,9.553732246321077,1.0
345,6.969179410472752,3.48052083640076,1.0,5,10.754559616992173,1.0,10.154742271551136,1.0,6.7051935884912535,1.0,6.216843435794312,1.0,1.0145581395348842,1.0
346,7.185840875331033,4.202380374659741,1.0,5,0.597889441760799,1.0,10.515,1.0,10.521428571428572,1.0,3.77946860833753,1.0,10.515417755128261,1.0
347,9.69112100608095,1.3205901629581287,1.0,5,10.275865194654271,1.0,7.114293505785189,1.0,10.164719849282367,1.0,10.02572648068292,1.0,10.875,1.0
348,3.6269144906387987,13.490307764917167,0.8,5,10.398048834301685,1.0,10.284063383124748,1.0,10.755,1.0,-23.349838312595644,0.0,10.047298548363205,1.0
349,8.465148626510413,1.2591467645778507,1.0,5,10.162444685466378,1.0,8.262732314314093,1.0,7.5520230451975,1.0,6.75962506554798,1.0,9.58891802202611,1.0
350,6.289631512931718,5.005540952045593,1.0,5,10.396041141897564,1.0,-2.136536664695443,1.0,3.1950454709864102,1.0,9.577533436412834,1.0,10.41607418005723,1.0
351,7.437745681363841,3.4112258561518747,1.0,5,10.031771039570394,1.0,10.520488235294117,1.0,7.5544222689075635,1.0,8.08746016323358,1.0,0.9945866998135529,1.0
352,4.580759816948304,5.401868097342074,1.0,5,10.156859513423573,1.0,5.753456608598371,1.0,-0.33457010303067136,1.0,10.281863077575244,1.0,-2.9538100118249897,1.0
353,6.895172729702686,2.944033843388953,1.0,5,9.675912418300653,1.0,7.765267818155354,1.0,10.167970240637905,1.0,3.143915659784983,1.0,3.722797511634533,1.0
354,1.211471824732379,5.593557184516334,1.0,5,3.112552785963393,1.0,5.03652349147858,1.0,-7.91750541412001,1.0,7.8659931427817895,1.0,-2.0402048824418593,1.0
355,0.6646036663244992,14.078784992905703,0.8,5,2.1695510599036893,1.0,-26.921786569872953,0.0,8.832109528617739,1.0,9.06281443483983,1.0,10.180329878134192,1.0
356,6.648952181642528,2.847428938345171,1.0,5,1.6127930098224503,1.0,9.807203887171074,1.0,8.714629455909943,1.0,5.877884361660844,1.0,7.232250193648333,1.0
357,3.9368340092734124,13.458565259388875,0.8,5,10.514773570293075,1.0,10.51290892971482,1.0,10.760314582777925,1.0,10.875,1.0,-22.97882703641876,0.0
358,8.858367389261582,2.4399131947046313,1.0,5,10.276682511642846,1.0,10.875,1.0,4.115838934087962,1.0,9.099242931636608,1.0,9.925072568940495,1.0
359,8.84610875824608,1.7300798233737347,1.0,5,10.171997390618362,1.0,9.68450980392157,1.0,5.840218514398715,1.0,10.515,1.0,8.018818082291762,1.0
360,7.571413122353391,2.5210214013655015,1.0,5,3.0813577141382886,1.0,9.070700234814584,1.0,8.104102192540322,1.0,7.059124114341559,1.0,10.541781355932203,1.0
361,9.85871663936006,0.8258631366130806,1.0,5,10.756466666666666,1.0,9.107280568239473,1.0,10.875,1.0,8.87060709619057,1.0,9.684228865703584,1.0
362,10.08792466744531,0.6969806446263745,1.0,5,9.088695908236812,1.0,9.444186003341377,1.0,10.875,1.0,10.392807112599742,1.0,10.638934313048624,1.0
363,9.370984115265191,1.3951177446850689,1.0,5,10.154880952380953,1.0,10.635604937627225,1.0,8.17766532558486,1.0,7.251002447413677,1.0,10.63576691331924,1.0
364,9.966717120394117,0.6085425668129782,1.0,5,8.856470534175761,1.0,10.517362943082512,1.0,9.785225523012553,1.0,10.401348518498455,1.0,10.273178083201298,1.0
365,-1.3616239866914555,16.61207695577697,0.8,5,8.716836369297836,1.0,7.05283406184893,1.0,10.402418117162643,1.0,0.9926375392435318,1.0,-33.97284602101022,0.0
366,-11.77616513963907,18.057715908702214,0.4,5,10.6362902695595,1.0,-28.274068638604497,0.0,-27.857951886970877,0.0,-23.209150652132816,0.0,9.824055209953343,1.0
367,2.4792247587962253,14.201108833447629,0.8,5,8.606029602646233,1.0,9.944291598023066,1.0,9.295610255570118,1.0,10.446239613743543,1.0,-25.89604727600183,0.0
368,8.850156703409485,1.5419815661312457,1.0,5,10.396313876303868,1.0,6.571702561421851,1.0,7.55173744493392,1.0,10.394090120142108,1.0,9.33693951424568,1.0
369,1.271227839887258,15.356773707007486,0.8,5,10.754777215189872,1.0,10.757756756756756,1.0,3.226426447384391,1.0,-28.895016187837218,0.0,10.51219496794249,1.0
370,-2.9556257956034275,15.320734597865298,0.8,5,-30.91215909404017,0.0,10.273051162497637,1.0,8.848382951936607,1.0,-7.553810499793165,1.0,4.5664065013819535,1.0
371,8.71375513746344,3.570962911275504,1.0,5,10.755344464383242,1.0,9.814041247348706,1.0,10.514589975585237,1.0,10.875,1.0,1.6098000000000159,1.0
372,3.651143867481399,5.7440278550387305,1.0,5,10.754681282671452,1.0,-0.7180601602810412,1.0,1.6590398960488937,1.0,10.03188675077316,1.0,-3.4718284318054717,1.0
373,6.544524856472113,2.7287301080375315,1.0,5,8.75369628639154,1.0,10.63296743603507,1.0,5.688057629850887,1.0,3.6031986476184192,1.0,4.044704282464641,1.0
374,-2.459700048432145,13.032918797656507,0.8,5,-24.098055800118978,0.0,-9.979609239423112,1.0,10.517949356223175,1.0,9.179681148210218,1.0,2.0815342929479694,1.0
375,9.596403777643847,1.1109413763471043,1.0,5,9.340142737195633,1.0,10.272882843053901,1.0,10.044638287654786,1.0,10.75428946961497,1.0,7.570065550699949,1.0
376,9.803080713909289,0.7387926154768993,1.0,5,8.397197788196923,1.0,10.277478753541077,1.0,9.916544700062177,1.0,9.912041859518844,1.0,10.512140468227424,1.0
377,10.515537407084707,0.19941250939638785,1.0,5,10.281407225691348,1.0,10.875,1.0,10.393947126260496,1.0,10.515286343612335,1.0,10.512046339859362,1.0
378,9.833107630902912,0.5221918577055493,1.0,5,10.2782385314586,1.0,10.033195000274109,1.0,10.394159637416593,1.0,9.026352916839057,1.0,9.433592068526199,1.0
379,5.97564877132763,8.319053104638693,1.0,5,-10.63571159041209,1.0,10.032707453846639,1.0,9.330735867446394,1.0,10.758041008227766,1.0,10.392471117529437,1.0
380,-16.21992913859322,20.976435769531122,0.4,5,-34.85307315675087,0.0,8.353135671435163,1.0,-30.19869200708865,0.0,10.397140178986836,1.0,-34.79815637954858,0.0
381,5.929207327279306,3.8055958843411157,1.0,5,2.3391666450726802,1.0,0.641996783937067,1.0,8.614163629199094,1.0,10.636032315978456,1.0,7.4146772622092305,1.0
382,-0.2765611168162341,16.440110909869084,0.8,5,7.372657859078591,1.0,9.959268314851844,1.0,-32.787600885088544,0.0,3.5596573135097973,1.0,10.513211813567143,1.0
383,8.438420425182715,3.5165960146113635,1.0,5,10.04235697514936,1.0,9.54452233676976,1.0,10.399313025124814,1.0,1.4509518056763646,1.0,10.754957983193277,1.0
384,3.08840744513132,13.132250740084537,0.8,5,10.635552664055373,1.0,10.154675330926594,1.0,-23.133097065462767,0.0,9.365376434779419,1.0,8.41952986135798,1.0
385,10.299159383201888,0.2210643284151063,1.0,5,10.269671303417374,1.0,9.915756725650985,1.0,10.274202586206897,1.0,10.517091070285181,1.0,10.519075230449005,1.0
386,1.8784532753984344,16.030978363816793,0.8,5,9.910973707274321,1.0,-30.179032349602714,0.0,9.937274602548941,1.0,10.282293115143295,1.0,9.440757301628327,1.0
387,8.881020127614596,2.024426273360567,1.0,5,8.268091482150211,1.0,5.184515498894775,1.0,10.635078047765234,1.0,9.924197784013238,1.0,10.393217825249518,1.0
388,8.869124310049084,2.4498160272383602,1.0,5,4.0386328925312,1.0,9.587628913799769,1.0,10.652176071055381,1.0,9.66831535632989,1.0,10.398868316529178,1.0
389,4.224763736365209,6.200528590816973,1.0,5,10.756954314720812,1.0,10.393730105824513,1.0,-2.656626262200394,1.0,6.173827793051737,1.0,-3.5440672695706237,1.0
390,2.5329747701800427,8.586528296187383,1.0,5,8.893014990953736,1.0,-10.021854838709686,1.0,9.289879626843215,1.0,10.149851343243784,1.0,-5.646017271430836,1.0
391,2.6005000313783535,13.44820858267128,0.8,5,7.553512580828894,1.0,10.51537808251198,1.0,10.05759591276787,1.0,9.095334394262922,1.0,-24.2193208134799,0.0
392,-6.48382654352198,20.220145212973396,0.6,5,10.516020425474164,1.0,9.08198374037259,1.0,-24.75251238181003,0.0,9.573673370693824,1.0,-36.83829787234045,0.0
393,9.391021746332173,0.7694084706175018,1.0,5,10.169410322894299,1.0,8.703152810634222,1.0,8.472479780525173,1.0,9.215811093092928,1.0,10.39425472451424,1.0
394,9.058849067818903,2.862401519326014,1.0,5,3.337208813428761,1.0,10.652583333333332,1.0,10.515155787547759,1.0,10.396320540663186,1.0,10.392976864121483,1.0
395,5.290437208597562,6.719405123073503,1.0,5,10.655166666666666,1.0,2.6466366964081445,1.0,10.516982827948341,1.0,-6.7791035437097715,1.0,9.412503395674433,1.0
396,8.606846046813686,1.7294895006340334,1.0,5,10.2886233743254,1.0,9.18538210758462,1.0,5.350304716481188,1.0,9.692877622034896,1.0,8.517042413642328,1.0
397,5.665688361931083,7.81027348298515,1.0,5,10.633063441290151,1.0,10.161987281399046,1.0,-9.755952717105451,1.0,10.150434301586554,1.0,7.138909502485113,1.0
398,-9.494376213578068,24.151829706842143,0.6,5,10.274401117318435,1.0,9.414829695102897,1.0,-36.78367133128789,0.0,10.875,1.0,-41.25244054902378,0.0
399,4.701599635451534,7.35706541005535,1.0,5,9.064138291333743,1.0,-8.474355212036034,1.0,10.51707650741916,1.0,1.7463052572074638,1.0,10.654833333333334,1.0
400,7.7067600342808165,2.0243771389579854,1.0,5,6.936024866557997,1.0,10.753709857211105,1.0,4.783141119221412,1.0,7.06727360968368,1.0,8.993650718729887,1.0
401,2.4576000139496563,13.322613839446726,0.8,5,10.514476968174204,1.0,6.143624352331607,1.0,8.985036885357056,1.0,10.635,1.0,-23.990138136114584,0.0
402,0.6700645887757293,9.632249581715051,1.0,5,-12.445433520889631,1.0,-9.099111995897806,1.0,4.4797001511842724,1.0,10.152013684279448,1.0,10.263154625202365,1.0
403,-12.277212323777917,18.91319867609732,0.4,5,10.75495880785074,1.0,10.636098443634987,1.0,-23.16954276653298,0.0,-29.662141548028192,0.0,-29.945434555814135,0.0
404,5.334026055775205,8.543956838690303,1.0,5,10.647919788723744,1.0,9.704583333333334,1.0,8.843045764169036,1.0,9.185010559203866,1.0,-11.710429166553956,1.0
405,9.69308260504287,0.7044279111566986,1.0,5,8.455235648651321,1.0,9.81585537549052,1.0,9.657451746884925,1.0,10.636147352997387,1.0,9.900722901190191,1.0
406,5.2278871377453795,3.2790613012222463,1.0,5,10.397472836129795,1.0,1.7514379068476575,1.0,2.950737906599082,1.0,7.710208047553726,1.0,3.3295789915966374,1.0
407,1.237799636882451,10.981661236865618,1.0,5,9.802069076512055,1.0,9.103794684531328,1.0,-3.7655436734693897,1.0,9.261935643331293,1.0,-18.213257546493033,1.0
408,9.92601273254984,0.27961407385039283,1.0,5,10.155298468213791,1.0,9.927802660293048,1.0,10.270186899409328,1.0,9.473413640177393,1.0,9.803361994655633,1.0
409,8.721986431364167,2.4910435288423916,1.0,5,10.037344485889756,1.0,10.16138847447711,1.0,8.738649675300254,1.0,3.916934698020638,1.0,10.755614823133072,1.0
410,8.810417416770937,1.6352221004055845,1.0,5,6.712884610052954,1.0,9.697531502919784,1.0,10.296723111599144,1.0,10.395259447547017,1.0,6.949688411735782,1.0
411,8.211668079020265,2.0808516963655035,1.0,5,4.3196368443444975,1.0,8.346384535777647,1.0,8.697998209356113,1.0,9.1772813174946,1.0,10.51703948812847,1.0
412,8.836317480870093,2.038194372340341,1.0,5,8.360454269649287,1.0,9.55737583683637,1.0,10.523682669789228,1.0,5.1032508616445105,1.0,10.636823766431071,1.0
413,9.082196148786586,1.5718907293490842,1.0,5,9.538644130039817,1.0,10.875,1.0,7.42818493335492,1.0,10.519338521400778,1.0,7.0498131591374165,1.0
414,6.796638281583219,5.38720554382768,1.0,5,9.298805555555557,1.0,8.248199545109932,1.0,10.392508797408256,1.0,9.925227016817406,1.0,-3.88154950697505,1.0
415,9.667664080465217,1.0998990005265488,1.0,5,9.694432823813354,1.0,10.037249610146585,1.0,10.755838333333333,1.0,7.579007721817824,1.0,10.27179191321499,1.0
416,10.285308824967837,0.2697741831617324,1.0,5,10.395692248195257,1.0,10.165821053472305,1.0,9.814160893593836,1.0,10.517459296985889,1.0,10.533410632591892,1.0
417,6.493084416364978,1.5155388750623238,1.0,5,7.889188711240309,1.0,6.4126858237547895,1.0,3.860319936889158,1.0,8.081653738940734,1.0,6.221573870999899,1.0
418,2.839001527313912,13.459898662469593,0.8,5,9.662294059891998,1.0,8.1491685520362,1.0,10.150008715187667,1.0,10.271865000867603,1.0,-24.038328691413906,0.0
419,7.141151071144444,5.09962195743638,1.0,5,9.324811859912217,1.0,9.300329083826579,1.0,-3.0096127655493223,1.0,10.635153137079989,1.0,9.455074040452754,1.0
420,-6.814078067330368,19.652809793209293,0.6,5,-32.659865793314566,0.0,9.93109552373581,1.0,-28.99546956340667,0.0,9.682206929015251,1.0,7.971642567318332,1.0
421,5.032590615996258,3.453789220195474,1.0,5,2.0099506213936937,1.0,0.8344818291833214,1.0,9.79738108720272,1.0,4.367987392502295,1.0,8.153152149699263,1.0
422,7.898587128621875,1.0946437443527304,1.0,5,8.100786530776618,1.0,7.336741582936719,1.0,9.800917853546252,1.0,7.769844858928703,1.0,6.484644816921081,1.0
423,9.2708122887052,2.0794747971961423,1.0,5,10.392253080861355,1.0,9.917959035268453,1.0,5.132076044771922,1.0,10.513803217998007,1.0,10.397970064626266,1.0
424,9.999697863726551,0.6706782997122487,1.0,5,10.511793640154899,1.0,10.392513994702494,1.0,10.513145371680025,1.0,9.821084010840108,1.0,8.75995230125523,1.0
425,2.0326904443280482,15.304902298612163,0.8,5,-28.52798912664666,0.0,10.756379374883025,1.0,10.51448886639676,1.0,8.60829786226278,1.0,8.812275244744335,1.0
426,7.242775369151596,6.0420947553539355,1.0,5,10.520042283298096,1.0,-4.813109448905509,1.0,9.456528501628664,1.0,10.537046787809414,1.0,10.513368721927318,1.0
427,5.603422765106425,4.043988112190174,1.0,5,10.275791671070712,1.0,9.095230718325112,1.0,7.005067789306196,1.0,0.9395965745965746,1.0,0.7014270722335265,1.0
428,9.899401429235152,0.6476826202509258,1.0,5,10.875,1.0,9.927091379152557,1.0,9.105088366841809,1.0,9.298861300591177,1.0,10.290966099590216,1.0
429,9.258769005331251,1.4442384270659008,1.0,5,8.969408928275241,1.0,9.792869809583797,1.0,6.613464448221039,1.0,10.158101840576181,1.0,10.76,1.0
430,10.138234201465599,0.2393962501722846,1.0,5,9.69188771568375,1.0,10.274587469594373,1.0,10.161076495990129,1.0,10.165650661791009,1.0,10.397968664268731,1.0
431,4.026005921799448,6.093325435390947,1.0,5,6.712769692937775,1.0,9.678323885658914,1.0,1.968055896421328,1.0,8.712131906384238,1.0,-6.9412517724050105,1.0
432,0.27953925749767305,5.64419139208593,1.0,5,8.639104657468216,1.0,-4.04207046208834,1.0,-7.663803217821782,1.0,2.2717637720715205,1.0,2.19270153785875,1.0
433,7.1726092992212305,5.169265563809532,1.0,5,-2.993154012317305,1.0,7.905230889750143,1.0,10.161387038264328,1.0,10.273654373102275,1.0,10.515928207306711,1.0
434,10.165627739702703,0.46349780596278617,1.0,5,9.32849596919745,1.0,10.754559616992173,1.0,10.28836058976329,1.0,10.270707343989178,1.0,10.186015178571429,1.0
435,8.54980796996818,2.288807180894557,1.0,5,5.100368031214867,1.0,10.875,1.0,10.393674316817238,1.0,9.806981935061456,1.0,6.573015566747335,1.0
436,4.579628617398941,11.108112062579716,1.0,5,9.5446001776988,1.0,10.42325019384854,1.0,10.515713213213214,1.0,-17.626052139735616,1.0,10.040631641969766,1.0
437,6.178020586074274,3.3530944238542864,1.0,5,4.506740853206932,1.0,10.049347048541078,1.0,2.815828273392497,1.0,3.122045245796895,1.0,10.396141509433964,1.0
438,-0.8684534461438395,14.286811738583765,0.8,5,-26.41766666666668,0.0,-6.68886246461034,1.0,10.755,1.0,10.394816176470588,1.0,7.614445724087234,1.0
439,-4.32687332017543,17.416219507541197,0.6,5,-25.242182884644322,0.0,8.100137878531552,1.0,10.634495924665664,1.0,-26.001817519430045,0.0,10.875,1.0
440,9.810207661789342,1.0200841903627507,1.0,5,10.518851200686107,1.0,10.875,1.0,8.15697988759348,1.0,10.392954028795149,1.0,9.107253191871967,1.0
441,8.049393646459425,2.623045717793607,1.0,5,9.579472589411527,1.0,8.950602313522138,1.0,9.44581050962239,1.0,9.450121679844704,1.0,2.8209611398963688,1.0
442,8.936968673763845,2.276972020242964,1.0,5,9.79689952828675,1.0,10.517653377265239,1.0,10.054105108131152,1.0,9.90656218492379,1.0,4.409623170212291,1.0
443,-13.92940404832872,19.458561231630597,0.4,5,-31.14342732281083,0.0,-30.700530439737864,0.0,9.30028545961512,1.0,-27.500635841374297,0.0,10.397287902664273,1.0
444,9.584462638771784,0.616790176337881,1.0,5,10.034675464117484,1.0,9.592191029249351,1.0,10.393038924558587,1.0,8.602226531158063,1.0,9.300181244775438,1.0
445,1.2114835274092186,16.71573198804541,0.8,5,10.273886010362695,1.0,10.395448702162243,1.0,8.589384897599034,1.0,8.989044423440454,1.0,-32.19034639651833,0.0
446,2.8073498972197553,14.110646318995784,0.8,5,10.632479054179855,1.0,10.632033457744601,1.0,8.093867104705383,1.0,-25.3523548372136,0.0,10.030724706682536,1.0
447,7.891811682717323,2.6447309114620823,1.0,5,10.395106627482008,1.0,5.501951355802599,1.0,9.566763333333334,1.0,10.046426861009891,1.0,3.94881023595879,1.0
448,8.977314685202161,1.4908403314369638,1.0,5,6.2749101441643065,1.0,9.483177208662772,1.0,10.151809736425177,1.0,8.579380345631945,1.0,10.397295991126605,1.0
449,-1.3294946138658108,12.540594773867205,0.8,5,10.166738074835761,1.0,0.6138421174696997,1.0,-3.2362688276532214,1.0,-24.129009843992858,0.0,9.937225410011562,1.0
450,1.10048447778142,16.017740047597016,0.8,5,7.9716491749383565,1.0,9.571056423931235,1.0,-30.911869841367263,0.0,9.179949740596628,1.0,9.691636890808143,1.0
451,3.7434064056636642,6.958161702766387,1.0,5,1.6821899077411508,1.0,10.394453504454951,1.0,5.027096356095393,1.0,-8.539423865590678,1.0,10.152716125617502,1.0
452,-2.870435195851557,10.293168796565224,1.0,5,-16.954734674850435,1.0,3.0192523071201096,1.0,7.3513398201653235,1.0,5.866658368544285,1.0,-13.634691800237064,1.0
453,9.87722012168145,1.011179880381796,1.0,5,10.756963750494826,1.0,10.285895958415603,1.0,7.8962412275877245,1.0,10.162827352085355,1.0,10.284172319823737,1.0
454,9.320425645929589,0.9445041711761586,1.0,5,9.918525041410893,1.0,8.583937661379565,1.0,10.875,1.0,8.877672852516321,1.0,8.346992674341166,1.0
455,-4.016528295734399,16.408532639928303,0.6,5,-22.871096016578424,0.0,10.038397569495405,1.0,-25.251801475132886,0.0,10.289110986337263,1.0,7.712747457206648,1.0
456,9.32676167771513,1.0259054504336818,1.0,5,10.146017783625483,1.0,8.335487939573163,1.0,10.277239107447876,1.0,7.841585018726592,1.0,10.033478539202536,1.0
457,10.259448646494949,0.38284231941911434,1.0,5,10.394725897920605,1.0,10.753692292548479,1.0,9.595016406149076,1.0,10.39561591873473,1.0,10.158192717121846,1.0
458,-13.499748649064589,26.311190341367748,0.6,5,-47.322901779555856,0.0,9.511161096829477,1.0,10.513938733180876,1.0,3.607015378389315,1.0,-43.80795667416675,0.0
459,9.333639432841519,1.7197523797732743,1.0,5,9.304352534998108,1.0,10.875,1.0,10.51324920116325,1.0,9.910950340384147,1.0,6.064645087662094,1.0
460,6.346872894907554,3.0009712498750436,1.0,5,6.426416548745065,1.0,3.15322178265784,1.0,9.295482142857143,1.0,2.8160769078979815,1.0,10.043167092379736,1.0
461,9.952930150726953,0.5141674636441088,1.0,5,10.280827594079373,1.0,10.042446732853525,1.0,9.917465432180704,1.0,10.514321953425275,1.0,9.00958904109589,1.0
462,3.4553813992182354,8.019381225456591,1.0,5,9.915166605264236,1.0,-8.850605471169816,1.0,8.950176465933371,1.0,10.63578748651564,1.0,-3.373618090452256,1.0
463,6.112491458335531,7.8720395315575775,1.0,5,10.514362665612023,1.0,10.636253579382755,1.0,-9.568818641532728,1.0,8.689996379316021,1.0,10.290663308899582,1.0
464,10.233903367832308,0.4385660349647334,1.0,5,10.51243742870563,1.0,9.812393749377925,1.0,10.277573132486761,1.0,9.692112528591219,1.0,10.875,1.0
465,4.557586110261474,8.179211945529175,1.0,5,10.875,1.0,-10.669971353920717,1.0,9.675425531914893,1.0,10.282984191468692,1.0,2.6244921818445057,1.0
466,9.598803211562188,0.7218803607857404,1.0,5,8.426355767575675,1.0,10.285118520916514,1.0,9.090092677395438,1.0,10.152136030794416,1.0,10.040313061128893,1.0
467,10.065146634645421,0.44699657985401475,1.0,5,9.324753352277773,1.0,10.051346452615224,1.0,10.634944134078212,1.0,9.923906265416873,1.0,10.390782968839023,1.0
468,0.6329582736389419,16.429824108639924,0.8,5,-32.14880564627019,0.0,8.392764960014707,1.0,6.951950064198215,1.0,9.925959100693614,1.0,10.042922889558362,1.0
469,-22.85261229226284,16.25629074655039,0.2,5,-33.35353168715558,0.0,-31.182053134534616,0.0,-30.090353724604967,0.0,-29.177386162687895,0.0,9.540263247668866,1.0
470,9.029518985389165,1.1097432345594027,1.0,5,9.178310235026535,1.0,10.755318717328548,1.0,8.341484070151365,1.0,9.431172354038923,1.0,7.441309550400458,1.0
471,-4.375294218568785,17.753707760676193,0.6,5,10.275,1.0,10.756415342334808,1.0,9.31498667258996,1.0,-25.994425421341486,0.0,-26.22844768642721,0.0
472,8.585408603601934,1.7203650154115373,1.0,5,6.30229838824704,1.0,10.400041277183515,1.0,8.94011849218692,1.0,10.397357142857144,1.0,6.887227717535045,1.0
473,4.150752546032285,5.3182497522664685,1.0,5,10.395674524595316,1.0,-4.910205215707082,1.0,8.217366643929058,1.0,4.750121050471891,1.0,2.300805726872243,1.0
474,9.89919110032896,0.5392417123427421,1.0,5,10.05088787684896,1.0,10.273824572352558,1.0,10.51586517664023,1.0,8.969199320498301,1.0,9.68617855530474,1.0
475,10.207813352648545,0.4826757512343636,1.0,5,9.544413141273232,1.0,10.636889075630252,1.0,9.69948283170835,1.0,10.636173469387755,1.0,10.52210824524313,1.0
476,8.590522442677218,2.747735143463606,1.0,5,9.915714928585404,1.0,10.395899327544559,1.0,10.392594224381675,1.0,9.067141230068337,1.0,3.1812625028061143,1.0
477,9.850535555248417,0.40372917602291775,1.0,5,10.39911510731053,1.0,9.793256376062677,1.0,9.224613136654607,1.0,10.152287814728341,1.0,9.683405341485926,1.0
478,9.333299156191643,0.7938042245605956,1.0,5,10.038350021338761,1.0,8.506064155951128,1.0,10.513369455645162,1.0,8.711933710486784,1.0,8.896778437536385,1.0
479,8.384616538981764,2.2419719596200025,1.0,5,8.019695262080907,1.0,10.63753112033195,1.0,9.920164515542629,1.0,9.092058027425452,1.0,4.253633769527872,1.0
480,2.462835686113896,13.690868746165407,0.8,5,7.387314780273073,1.0,9.809785786290323,1.0,9.440762356212868,1.0,-24.839666685061527,0.0,10.515982192854743,1.0
481,0.2215248456495619,20.591014311228136,0.8,5,10.875,1.0,10.515695594919501,1.0,10.395635340537147,1.0,-40.958569603524175,0.0,10.279862896315338,1.0
482,3.7870751508711336,8.770626271341813,1.0,5,1.1454256631708848,1.0,-12.309335458196701,1.0,10.275527256478998,1.0,10.754559616992173,1.0,9.069198675910313,1.0
483,8.866968908188856,1.0447681685625383,1.0,5,9.328324199244914,1.0,10.395276843978642,1.0,9.231146568095497,1.0,7.634281310612357,1.0,7.7458156190128635,1.0
484,7.200712851109115,4.194329625037462,1.0,5,-0.6320204644090328,1.0,6.509191421296599,1.0,10.285474279161205,1.0,8.965919019496805,1.0,10.875,1.0
485,10.240737061101001,0.15512407784127974,1.0,5,10.282839050541936,1.0,10.275326056535125,1.0,10.309828571428572,1.0,9.942071017787883,1.0,10.393620609211492,1.0
486,9.31484961089684,1.044052629888747,1.0,5,10.273346192979481,1.0,10.039767396498757,1.0,9.803356753069577,1.0,9.068158546144643,1.0,7.389619165791734,1.0
487,4.563792923889042,5.165299734892215,1.0,5,-2.760826644315147,1.0,10.169461856759256,1.0,-0.33333661175313445,1.0,6.762803106878756,1.0,8.980862911875482,1.0
488,7.724814449421032,4.5354271435317335,1.0,5,9.297245186362833,1.0,10.289675958188152,1.0,-1.2871401057648324,1.0,10.755,1.0,9.56929120831901,1.0
489,7.605934732608562,4.697295959636032,1.0,5,10.400872625698325,1.0,-1.6949753600555333,1.0,10.393392418816145,1.0,8.652558972931597,1.0,10.277825005652272,1.0
490,-14.85736728760973,20.137832745729146,0.4,5,9.18362815065385,1.0,10.392204644296372,1.0,-31.85303449347421,0.0,-31.958285246509316,0.0,-30.051349493015344,0.0
491,-7.045737480210124,21.218035042483454,0.6,5,-32.8136359964753,0.0,-33.24717521393093,0.0,10.276858242769054,1.0,10.634343385214008,1.0,9.92092218137255,1.0
492,1.930881790537723,13.36591524008491,0.8,5,-24.260933717793254,0.0,10.155316970466082,1.0,10.632746312684366,1.0,3.328011498508239,1.0,9.79926788882318,1.0
493,1.3934650442805414,12.877829380421337,0.8,5,9.105839909497268,1.0,6.728269591547905,1.0,4.956497230713354,1.0,-24.09603511597938,0.0,10.27275360562356,1.0
494,7.713835482136085,3.7024215266956966,1.0,5,6.7509520985401466,1.0,10.63745495353101,1.0,0.8596738089537901,1.0,10.397815382546725,1.0,9.923281167108753,1.0
495,9.281386359680527,1.367680717105597,1.0,5,10.636366237068717,1.0,9.351083956196765,1.0,8.584826817814733,1.0,10.756029577238385,1.0,7.0786252100840334,1.0
496,8.624167023279984,1.2093020911930912,1.0,5,10.391738076374583,1.0,7.969245578149442,1.0,8.239947561972215,1.0,9.553377320443627,1.0,6.96652657946006,1.0
497,5.04219223668647,3.8524873558296022,1.0,5,10.158226951421266,1.0,9.312448304580608,1.0,1.990084356362118,1.0,1.415156759964395,1.0,2.335044811103961,1.0
498,8.110420717598567,2.0681823609363703,1.0,5,5.484443737502275,1.0,7.849007097133317,1.0,10.636546542878085,1.0,6.294026389668725,1.0,10.288079820810426,1.0
499,9.081538530588826,2.2940080915326213,1.0,5,10.287155825350856,1.0,10.875,1.0,8.73447202101974,1.0,10.755974775258284,1.0,4.755090031315239,1.0
500,3.8269712857401172,13.512103443924302,0.8,5,10.755864724594005,1.0,10.875,1.0,-23.188923117779826,0.0,10.755404386087443,1.0,9.937510435798965,1.0
501,2.747082277238788,14.471804993297729,0.8,5,-26.18095278933151,0.0,10.39452307504972,1.0,9.174343430905378,1.0,9.834118889069352,1.0,10.513378780501,1.0
502,6.550360816947617,6.192697573497368,1.0,5,9.365848642172523,1.0,9.109720675105486,1.0,-5.804942260104484,1.0,9.684689139559286,1.0,10.396487888005279,1.0
503,2.6001616236778196,13.512659745014382,0.8,5,9.799560786565237,1.0,-24.415780364011283,0.0,8.945649178749775,1.0,8.969957264957264,1.0,9.701421252128105,1.0
504,10.3537988873032,0.43465991357527034,1.0,5,10.165002301164964,1.0,10.75298755999608,1.0,10.630764665698916,1.0,9.583725820962663,1.0,10.636514088693378,1.0
505,-6.265761448018646,18.64873761902074,0.6,5,10.875,1.0,7.535147301473015,1.0,-26.318122192565614,0.0,8.204660864957404,1.0,-31.625493213958034,0.0
506,0.5216936994776749,14.39659588883331,0.8,5,0.013378746594002067,1.0,10.156950822100429,1.0,10.515945279111778,1.0,-27.21193556091619,0.0,9.134129210498353,1.0
507,9.955594862700673,0.850779403666083,1.0,5,10.155251857092324,1.0,8.286394424341267,1.0,10.281083299739803,1.0,10.655413793103449,1.0,10.39983093922652,1.0
508,7.349355728419901,4.23214624459841,1.0,5,9.923143019457463,1.0,-0.7007937253980412,1.0,10.279306029579066,1.0,10.397287902664273,1.0,6.847835415796744,1.0
509,9.341907919273568,0.9683374970735769,1.0,5,10.275,1.0,9.470946138121057,1.0,9.543851415844735,1.0,7.493040426726558,1.0,9.92670161567549,1.0
510,7.961146186414152,4.266744521383131,1.0,5,-0.5202680249233484,1.0,9.200742534301856,1.0,10.393886556318126,1.0,10.556366666666667,1.0,10.175003199707456,1.0
511,9.486331944149075,1.8987936912148784,1.0,5,10.633608205953339,1.0,5.713501942501942,1.0,10.043025808583282,1.0,10.636086892198442,1.0,10.40543687150838,1.0
512,-0.6690374531967013,8.734959124880644,1.0,5,-9.884922195862353,1.0,-6.896453685435322,1.0,-6.3794633691087235,1.0,9.060694001229617,1.0,10.754957983193277,1.0
513,9.519171053498379,0.6245279354070518,1.0,5,10.036044774261025,1.0,9.066954242135367,1.0,8.679170000459832,1.0,9.4208718385214,1.0,10.392814412114275,1.0
514,5.457205750358167,4.780441641985982,1.0,5,0.5376808670087048,1.0,-0.5453406212505012,1.0,10.520134751304578,1.0,6.0168824286633775,1.0,10.756671326064673,1.0
515,8.959774676655188,1.2762092773674436,1.0,5,7.6227710568363385,1.0,10.030953486099575,1.0,9.488259130898427,1.0,10.392854809679354,1.0,7.264034899762247,1.0
516,3.552939564439407,8.624532324689396,1.0,5,9.069051110698595,1.0,-0.6975663262813345,1.0,10.05104630541872,1.0,10.875,1.0,-11.53283326763894,1.0
517,6.6290708085573815,6.341012515022447,1.0,5,9.922582426506416,1.0,10.516964814753171,1.0,-5.949166342584405,1.0,10.400872546815277,1.0,8.254100597296446,1.0
518,6.271877838048539,4.203403566817421,1.0,5,8.238887849086343,1.0,-1.404381709002017,1.0,5.067306568327301,1.0,10.043007670392285,1.0,9.414568811438784,1.0
519,4.4484375828280935,5.02233886359679,1.0,5,2.344945087630986,1.0,10.39563200297891,1.0,0.7813159633720304,1.0,10.395968206142914,1.0,-1.6756733459843716,1.0
520,3.507719307263695,13.27266989236753,0.8,5,-23.014050658025266,0.0,10.515511439036041,1.0,9.118650988716345,1.0,10.163018466448817,1.0,10.755466300142539,1.0
521,1.6944145351227884,13.545085125845786,0.8,5,7.339628435436817,1.0,8.606664897776785,1.0,8.714285363382357,1.0,-25.368285533228416,0.0,9.1797795122464,1.0
522,1.7826545647763499,10.587460551388608,1.0,5,10.387392405063292,1.0,-9.037407992106575,1.0,-13.132535829992852,1.0,10.636147352997387,1.0,10.059676887920498,1.0
523,8.76162373896741,2.6417292362313467,1.0,5,3.6756761731788714,1.0,10.755,1.0,8.69664916550765,1.0,10.519261915172716,1.0,10.161531440977807,1.0
524,8.088509125849182,1.9006909522753352,1.0,5,5.186368645973909,1.0,6.779196876343315,1.0,9.457613502705247,1.0,10.512801858263575,1.0,8.506564745959869,1.0
525,8.984400751830771,2.4014304267526376,1.0,5,4.268821154622525,1.0,10.179109090909092,1.0,9.43411741606126,1.0,10.875,1.0,10.164956097560975,1.0
526,8.480481516307574,1.521262490485507,1.0,5,7.544670958065121,1.0,6.171937505935985,1.0,10.521303116147308,1.0,8.593943602693601,1.0,9.570552398695854,1.0
527,-5.922470591810779,13.222551185591575,0.8,5,2.105201806790035,1.0,-6.477407503234156,1.0,-30.152760855403564,0.0,8.856034636812783,1.0,-3.943421044018992,1.0
528,8.404175848604769,2.7162885604007925,1.0,5,8.71489680097972,1.0,3.1015109690221587,1.0,9.658843177588402,1.0,10.0293936379174,1.0,10.516234657516167,1.0
529,8.426499058917628,2.857839500609698,1.0,5,9.572620917344654,1.0,9.098372453155765,1.0,2.7898116877375996,1.0,10.273496840123705,1.0,10.398193396226416,1.0
530,6.975770016958532,2.8758440843587008,1.0,5,5.182914777633851,1.0,9.933075412411625,1.0,6.580428955468112,1.0,2.78724702064269,1.0,10.39518391863638,1.0
531,8.869373704437216,1.4570647377254609,1.0,5,6.497629851126096,1.0,10.03993094187608,1.0,8.942217525925198,1.0,8.213313536592041,1.0,10.653776666666666,1.0
532,7.798215909194522,4.188449463885039,1.0,5,9.675283248610947,1.0,-0.5618133484919454,1.0,9.796623742336687,1.0,9.684946166697605,1.0,10.396039736819322,1.0
533,10.371358240817752,0.2446686656235027,1.0,5,10.515268144377275,1.0,10.755,1.0,10.27999357649556,1.0,10.035057996290451,1.0,10.271471486925478,1.0
534,4.459751657407833,8.3279095124356,1.0,5,10.273507867755908,1.0,9.205421319092864,1.0,3.225829221197168,1.0,-11.281000121006775,1.0,10.875,1.0
535,-0.33160229303050776,10.001401417595945,1.0,5,10.753908225108226,1.0,0.8275608056211468,1.0,9.915820660061842,1.0,-14.573570120314548,1.0,-8.581731035629204,1.0
536,9.658658835088556,0.501491530366817,1.0,5,9.805902693357107,1.0,9.695474106491613,1.0,10.406292307692308,1.0,8.84535656895883,1.0,9.540268498942918,1.0
537,8.378206307124316,4.189138262108181,1.0,5,9.297449660696408,1.0,10.75801841512391,1.0,10.875,1.0,10.875,1.0,0.08556345980126068,1.0
538,-11.206463269071303,17.472044829903464,0.4,5,10.755466300142539,1.0,-23.059420128628563,0.0,-28.10994736552787,0.0,9.435100889461609,1.0,-25.053516040804237,0.0
539,-6.034132605841606,19.111213976132195,0.6,5,10.76,1.0,-25.254750739269422,0.0,-33.18218777276003,0.0,9.185467940682576,1.0,8.320807542138844,1.0
540,2.774465766887237,13.569078439204725,0.8,5,9.471510184359204,1.0,-24.25834340965612,0.0,10.393277996947619,1.0,10.875,1.0,7.390884062785482,1.0
541,7.217340359738813,2.151223311814842,1.0,5,7.067811730538545,1.0,6.218166468381076,1.0,8.431310535073123,1.0,10.397357142857144,1.0,3.9720559218441727,1.0
542,7.109794493700465,4.974591997322609,1.0,5,6.462283584198996,1.0,10.39617583922425,1.0,10.395183985809167,1.0,-2.3396709407300857,1.0,10.635,1.0
543,9.618214524983966,0.621609133690778,1.0,5,10.403641448748427,1.0,10.167735504304044,1.0,8.987078180651729,1.0,8.837874167230753,1.0,9.694743323984879,1.0
544,7.044681409820454,4.983400822873732,1.0,5,10.398067337744044,1.0,8.972456339841235,1.0,8.3800507567929,1.0,-2.803364200252812,1.0,10.276196814976903,1.0
545,9.840208859010346,0.6038272927004472,1.0,5,10.516054504090226,1.0,9.923220106027882,1.0,8.87596237569314,1.0,9.490955056179775,1.0,10.394852253060701,1.0
546,8.542643761859827,1.948208720815704,1.0,5,5.855901826977066,1.0,8.861995206573841,1.0,10.759239804672033,1.0,6.7833269710762,1.0,10.452755,1.0
547,6.831142569889006,3.1203583102721795,1.0,5,10.52033959173387,1.0,3.2143385832460343,1.0,5.01762346521146,1.0,10.633183273030893,1.0,4.7702279362227715,1.0
548,9.170905758045414,2.880194210122769,1.0,5,10.513464254419876,1.0,10.755614823133072,1.0,3.424836099910981,1.0,10.875,1.0,10.285613612763145,1.0
549,6.703700283146222,2.465905678736568,1.0,5,6.831258046459558,1.0,8.618101374570447,1.0,6.028534220763434,1.0,9.579260270509417,1.0,2.4613475034282493,1.0
550,8.22563050361941,1.3465880586914807,1.0,5,7.647865515114127,1.0,6.8908793002915445,1.0,8.942334114769137,1.0,10.515056216260096,1.0,7.1320173716621404,1.0
551,10.067558299946707,0.6038068963986317,1.0,5,8.982622472931022,1.0,10.032280693142212,1.0,10.634337168141592,1.0,10.635994957983193,1.0,10.052556207535515,1.0
552,9.488197547950922,0.8101241630705746,1.0,5,8.243634213638154,1.0,8.9566002763067,1.0,10.275011432256552,1.0,9.569656261612783,1.0,10.396085555940422,1.0
553,8.459440478689153,3.394469135523852,1.0,5,8.361426442339537,1.0,1.9151730959446045,1.0,10.875,1.0,10.634219789446488,1.0,10.511383065715135,1.0
554,1.8098464682782758,14.004768449477686,0.8,5,-25.801207790659557,0.0,10.395085019259465,1.0,9.617344113090628,1.0,4.201187233269772,1.0,10.636823766431071,1.0
555,7.176750130075542,2.533252590694538,1.0,5,8.831542799262238,1.0,9.297340916965007,1.0,5.94475003306441,1.0,9.075182713347921,1.0,2.7349341877381343,1.0
556,0.7736029570529052,15.51487891204372,0.8,5,-30.005746953276084,0.0,5.047601606644425,1.0,8.03489747930775,1.0,10.515286877394637,1.0,10.275975775193798,1.0
557,5.814735808518053,4.783971668909697,1.0,5,0.2482999934769854,1.0,7.72879383840341,1.0,-0.05158791117047734,1.0,10.756440155051024,1.0,10.391732966829327,1.0
558,8.920757005030639,1.6097400398208976,1.0,5,5.802708901807253,1.0,9.145039167928378,1.0,9.591916124575441,1.0,9.669194453415146,1.0,10.394926377426977,1.0
559,10.445883071047882,0.19301538240132537,1.0,5,10.391052823536564,1.0,10.40325336288203,1.0,10.754368105283529,1.0,10.161454024817052,1.0,10.519287038720233,1.0
560,10.1102827117958,0.7636593317848567,1.0,5,10.517582624377622,1.0,8.601441463218114,1.0,10.523821792807299,1.0,10.27304557076252,1.0,10.635522107813447,1.0
561,8.927683841449781,1.5689415833502225,1.0,5,9.818322256230871,1.0,8.744272081951882,1.0,6.0012223283271116,1.0,10.51392121094508,1.0,9.560681329793958,1.0
562,10.05883353174789,0.3515272527397131,1.0,5,10.514866755927958,1.0,9.548223279793774,1.0,10.391297735130724,1.0,9.92341332456717,1.0,9.91636656331982,1.0
563,8.258246091318938,2.4431131996899222,1.0,5,9.061246327387197,1.0,8.65355946350449,1.0,3.497144377959689,1.0,9.92108757062147,1.0,10.158192717121846,1.0
564,10.138188995451943,0.31305441795013933,1.0,5,9.913700117444215,1.0,10.51537808251198,1.0,9.795301894238358,1.0,10.517616213788456,1.0,9.948948669276703,1.0
565,-12.520370933668406,18.934540420211096,0.4,5,-30.298827746675162,0.0,-29.99101447090748,0.0,10.395404699175053,1.0,10.5297,1.0,-23.237117149934434,0.0
566,8.18872257460256,3.928339757853941,1.0,5,8.813235272486578,1.0,10.395037078472113,1.0,10.634119229679978,1.0,0.45148363406448944,1.0,10.64973765830964,1.0
567,10.405042548512691,0.4874749988288953,1.0,5,10.75801841512391,1.0,10.755042016806723,1.0,9.464271477663232,1.0,10.641720228923619,1.0,10.406160604045969,1.0
568,8.229310090746097,1.063191600934045,1.0,5,8.75004665818336,1.0,8.270129794582802,1.0,6.318773477979274,1.0,8.263868643658936,1.0,9.543731879326108,1.0
569,5.597763967291789,9.023558456051402,1.0,5,10.515062761506277,1.0,9.462231355994964,1.0,10.637755018990775,1.0,-12.428129361914257,1.0,9.801900061881188,1.0
570,9.7452678650083,0.8650152154733962,1.0,5,9.813900272245307,1.0,10.516867669228224,1.0,10.282623175182483,1.0,8.080883121619157,1.0,10.03206508676633,1.0
571,10.003396373336546,0.7157169306124688,1.0,5,9.459820939287603,1.0,10.753725112932909,1.0,8.89345839861466,1.0,10.63240428336079,1.0,10.277573132486761,1.0
572,5.1777980070455305,4.442121493974749,1.0,5,-2.7215449451104625,1.0,8.242417893544733,1.0,9.912516513311605,1.0,6.719132396321358,1.0,3.736468177160422,1.0
573,-9.43228823979791,19.538503979018305,0.6,5,10.090423350253808,1.0,-32.128512266458245,0.0,-2.1133319940305224,1.0,10.293514611658072,1.0,-33.303534900412664,0.0
574,0.7705969451904597,15.101803881120793,0.8,5,7.846130415263748,1.0,6.181846988710692,1.0,-29.326179716487523,0.0,9.805492017308266,1.0,9.345695021157116,1.0
575,-4.824317093799462,13.924051287248457,0.8,5,10.28060491282794,1.0,-28.007101449275364,0.0,-7.965675018572295,1.0,8.878261613482762,1.0,-7.307675527460352,1.0
576,1.927567807452879,16.838052145008643,0.8,5,10.875,1.0,-31.727660022740963,0.0,10.650158172231986,1.0,9.205285639154587,1.0,10.635055248618785,1.0
577,0.5978431185583091,13.46757849183063,0.8,5,8.462247540608557,1.0,10.639344885100074,1.0,-1.2120440963418986,1.0,10.033842502616235,1.0,-24.934175239191422,0.0
578,8.366541691289232,3.4345652062912237,1.0,5,10.393176130730573,1.0,9.065925977556283,1.0,10.155882735148515,1.0,1.5817862076905325,1.0,10.635937405320245,1.0
579,-5.501367620080081,18.760453075661818,0.6,5,10.756931642137879,1.0,-27.930457477646677,0.0,9.597192962369284,1.0,-28.99887498495968,0.0,9.068369757698786,1.0
580,8.328901733334465,2.7989089028681424,1.0,5,2.9769432269901097,1.0,10.514756106296112,1.0,10.633650070928477,1.0,8.94014019756839,1.0,8.579019064889238,1.0
581,6.803394746052301,2.799597865596638,1.0,5,9.297222114074362,1.0,3.465120642158258,1.0,10.875,1.0,5.331672310382223,1.0,5.047958663646661,1.0
582,1.7283130420798607,13.6637131293642,0.8,5,2.599765442711533,1.0,10.635437900268213,1.0,-24.930155173844486,0.0,9.814922348863561,1.0,10.521594692400482,1.0
583,2.944542143677203,13.176391464250239,0.8,5,5.405855479333601,1.0,10.754440820871778,1.0,10.875,1.0,-23.0750889151527,0.0,10.762503333333333,1.0
584,1.0587184934062737,14.276249334144238,0.8,5,10.27453014393582,1.0,10.148971335997919,1.0,-26.737918770019178,0.0,1.69279670915647,1.0,9.915213047960336,1.0
585,5.796893435288736,3.9952701745914774,1.0,5,6.800398052897872,1.0,10.391595615103531,1.0,3.616333482342416,1.0,8.940781240599241,1.0,-0.7646412144993775,1.0
586,4.3048265746907575,11.202428054258869,1.0,5,8.347920429988363,1.0,10.424299955693398,1.0,10.635556172702362,1.0,10.157554946868194,1.0,-18.04119863179853,1.0
587,10.335300870863113,0.5758249003269115,1.0,5,10.283166023166023,1.0,9.247347536433033,1.0,10.875,1.0,10.634395062372775,1.0,10.636595732343732,1.0
588,10.16189952484961,0.5153503271838585,1.0,5,10.39640354218244,1.0,10.753370165745856,1.0,10.026519179642992,1.0,10.393799065746357,1.0,9.239405670930402,1.0
589,-19.29424598879541,23.905027885524664,0.4,5,-35.78331788116909,0.0,10.39751709171371,1.0,-39.598567833698006,0.0,-40.90569844139345,0.0,9.418837120569782,1.0
590,4.36169944113523,7.544439672427276,1.0,5,8.343250309335044,1.0,9.914544944628219,1.0,-10.512806249999993,1.0,5.937060987391315,1.0,8.126447214321566,1.0
591,8.501925715962074,2.636670404580781,1.0,5,7.6302357621440535,1.0,10.391926738957949,1.0,3.692692489651092,1.0,10.15870579018057,1.0,10.636067798876704,1.0
592,2.598014026813834,13.453840584629308,0.8,5,9.791697608968143,1.0,-24.298644587965608,0.0,8.640939408746641,1.0,9.559147321853297,1.0,9.296930382466696,1.0
593,4.228195338996189,9.622249996034387,1.0,5,4.079529642270259,1.0,10.275550935550935,1.0,10.514870669383917,1.0,10.637152898756229,1.0,-14.366127450980397,1.0
594,6.858412812835714,6.795864695466393,1.0,5,-6.677709077098372,1.0,10.633324127805354,1.0,9.06234388038943,1.0,10.7570205066345,1.0,10.517084626447657,1.0
595,-13.562825795545786,18.728768491986404,0.4,5,-28.313581458224334,0.0,-26.010858180851564,0.0,10.396761093125118,1.0,8.081603463720514,1.0,-31.968053895498656,0.0
596,4.04833110923612,4.808850854696467,1.0,5,8.089838815251186,1.0,4.695070116771391,1.0,-0.8944944405253796,1.0,10.27517982390688,1.0,-1.9239387692234793,1.0
597,-6.654418396315952,19.647598912720525,0.6,5,-30.01365424900939,0.0,10.516356665524333,1.0,9.125681801348048,1.0,-31.383125043490338,0.0,8.482648844047587,1.0
598,3.111692384807953,13.261262793472719,0.8,5,-23.3828815149911,0.0,8.850052126200273,1.0,10.398555066407999,1.0,9.296753080294385,1.0,10.395983166128211,1.0
599,5.12156009064112,9.154404535903815,1.0,5,-13.108584214935025,1.0,8.256343408451707,1.0,10.875,1.0,10.02997449371562,1.0,9.555066765973294,1.0
600,5.124953260516193,6.583916391689891,1.0,5,6.108089024309465,1.0,10.059071580911757,1.0,8.15675419624806,1.0,-7.781450847966372,1.0,9.08230234907805,1.0
601,9.592878442738286,1.517537816337186,1.0,5,10.875,1.0,10.037110461353034,1.0,10.155733650044093,1.0,10.283537374926428,1.0,6.613010727367869,1.0
602,-5.332532595752942,18.557334712711945,0.6,5,-25.135459733182536,0.0,9.301747410194299,1.0,-30.76703485449369,0.0,10.396243600562588,1.0,9.541840598154629,1.0
603,6.175788584803319,5.0267832497264395,1.0,5,-3.733666900202399,1.0,8.951825245676849,1.0,9.911791638936133,1.0,7.278624894202285,1.0,8.470368045403731,1.0
604,9.806962516108879,0.62079259350287,1.0,5,8.867348961369704,1.0,9.445150798874993,1.0,10.63738025271819,1.0,9.80517089476821,1.0,10.279761672813304,1.0
605,9.507949511286792,0.5644469513051499,1.0,5,8.488199649737304,1.0,9.904391143278565,1.0,9.929594490091832,1.0,9.294275544520225,1.0,9.923286728806037,1.0
606,10.190612496883057,0.5919794664009258,1.0,5,9.912701769015428,1.0,10.163360957642725,1.0,9.24802933499552,1.0,10.875,1.0,10.753970422761615,1.0
607,-5.121710710942791,18.140977366115028,0.6,5,10.639257150308614,1.0,9.200025369978858,1.0,-28.101223613065734,0.0,-26.543244563261517,0.0,9.196632101325829,1.0
608,1.48656475304062,14.861334763392309,0.8,5,6.825370313460356,1.0,10.046790813935322,1.0,8.291067338250285,1.0,10.39481608136362,1.0,-28.125220781806487,0.0
609,2.138579150070202,15.01271893152075,0.8,5,-27.85413232514178,0.0,8.755158061342344,1.0,9.967982007996445,1.0,10.753620625116975,1.0,9.070267381037024,1.0
610,3.6255325083676757,13.433374990192652,0.8,5,10.271427892713687,1.0,10.767128175849273,1.0,-23.233759619179157,0.0,10.514943105290047,1.0,9.807922987164527,1.0
611,2.5865134646319845,13.909742043894486,0.8,5,10.875,1.0,8.117973834370021,1.0,8.699057225663466,1.0,-25.157432401142295,0.0,10.397968664268731,1.0
612,8.468424558533075,3.027872178153698,1.0,5,7.900552780479179,1.0,10.875,1.0,10.509227262765725,1.0,2.7846224021072246,1.0,10.272720347313237,1.0
613,2.3410524188404485,15.423484889282115,0.8,5,10.158649116876532,1.0,10.64790094654046,1.0,10.753725873442463,1.0,-28.46790482474492,0.0,8.612890982087707,1.0
614,9.799346417455038,1.2012662418430893,1.0,5,10.75375737423576,1.0,9.069388461075683,1.0,7.766728862547103,1.0,10.652436666666667,1.0,10.754420722749975,1.0
615,5.368666064601931,6.094013795887602,1.0,5,10.151797408080114,1.0,10.759444594594594,1.0,-3.8841626571626566,1.0,9.792137544201927,1.0,0.024113433295678277,1.0
616,4.352258524670903,7.667120846751422,1.0,5,10.875,1.0,10.63435348579568,1.0,-7.577202469266641,1.0,9.797497636644895,1.0,-1.968356029819418,1.0
617,7.767564667027263,1.7763087982307686,1.0,5,5.143061553670847,1.0,7.02925216930516,1.0,10.51374235927379,1.0,7.522878328915815,1.0,8.6288889239707,1.0
618,2.523368552540803,14.483055409884308,0.8,5,8.055162981455064,1.0,9.795661512654075,1.0,10.514439035630959,1.0,-26.3840857558504,0.0,10.635664988814318,1.0
619,9.436860872581976,1.5277765348447736,1.0,5,6.427003492032265,1.0,9.809884640651688,1.0,10.15667042614156,1.0,10.636724414034067,1.0,10.154021390050294,1.0
620,8.487009567210219,2.122774749303292,1.0,5,8.228986117610358,1.0,9.259013087283178,1.0,10.16622979503416,1.0,10.275149726832286,1.0,4.505669109291115,1.0
621,10.050574138657863,0.7584493684986984,1.0,5,10.515021488661302,1.0,9.921876773253585,1.0,10.875,1.0,10.27400064383727,1.0,8.666971787537157,1.0
622,5.909699721393008,6.4228936594829715,1.0,5,9.706699780558687,1.0,9.67313584196777,1.0,-6.881439937271308,1.0,8.968769114613242,1.0,8.081333807096648,1.0
623,10.022653480968724,0.375256750064174,1.0,5,10.398647532862144,1.0,9.344440379863364,1.0,9.915322580645162,1.0,10.16677327447833,1.0,10.28808363699462,1.0
624,9.903778680716735,0.9437629416641663,1.0,5,10.036911125445213,1.0,10.636067519784476,1.0,10.51164194135647,1.0,8.061539320822162,1.0,10.272733496175356,1.0
625,8.97367957361914,1.2897878030543855,1.0,5,7.290615359606979,1.0,8.662551977461575,1.0,10.635662714563795,1.0,10.273558156973838,1.0,8.006009659489504,1.0
626,8.484752027772632,1.915619631781835,1.0,5,9.8251962828815,1.0,8.995030236855367,1.0,4.865184589820466,1.0,10.270602134636405,1.0,8.467746894669414,1.0
627,9.329359795045853,1.1507502662028786,1.0,5,8.480562381123733,1.0,7.773656210258585,1.0,10.515286343612335,1.0,9.122688516771767,1.0,10.754605523462848,1.0
628,8.212868629301923,2.8140504651129694,1.0,5,10.515655149627111,1.0,9.232782592829121,1.0,9.434439388193654,1.0,2.6670566214319145,1.0,9.214409394427815,1.0
629,3.3602101219823437,8.380972039415003,1.0,5,10.27603885381253,1.0,0.41391176729577417,1.0,10.753928758512311,1.0,7.045156792339915,1.0,-11.687985562048807,1.0
630,0.7685703492958545,12.709611125150312,0.8,5,10.157920569128372,1.0,9.536263261943986,1.0,-2.1134773212307874,1.0,9.219419274283968,1.0,-22.957274037646265,0.0
631,7.323145107031377,4.42465394797225,1.0,5,-1.453883592760862,1.0,8.65873343714996,1.0,10.409962666666667,1.0,9.330204850266396,1.0,9.670708173834722,1.0
632,9.560197018435426,0.9842036606360125,1.0,5,8.945711071404936,1.0,8.016320355951056,1.0,10.632865757734661,1.0,9.689430434782608,1.0,10.516657472303867,1.0
633,7.390427915985724,2.9881214402721272,1.0,5,7.896048434416173,1.0,1.553273581161534,1.0,8.843938468462675,1.0,9.914290267338979,1.0,8.744588828549263,1.0
634,9.097285802710191,1.4459602733714616,1.0,5,10.39301521249744,1.0,7.2727906904222355,1.0,10.156157682306826,1.0,10.278709901295496,1.0,7.385755527028953,1.0
635,9.442795055745957,1.0843048469199552,1.0,5,9.173357547234158,1.0,10.75572857142857,1.0,9.566078999402215,1.0,7.558192691810598,1.0,10.160617468854245,1.0
636,5.494272320593762,6.201400011384839,1.0,5,10.275664087361404,1.0,10.754214606741574,1.0,-2.0282934282653926,1.0,10.637895981087471,1.0,-2.1681196439562456,1.0
637,8.026984771418189,2.2966323262108266,1.0,5,9.849847524413226,1.0,8.711280414838452,1.0,6.913441764339505,1.0,10.521607093984343,1.0,4.138747059515408,1.0
638,7.407705787688765,4.987786022212918,1.0,5,10.553313333333334,1.0,10.513261305413232,1.0,-2.3408209150326833,1.0,7.796024415893193,1.0,10.51675079883675,1.0
639,1.7713069358783629,15.719235142289952,0.8,5,-29.617925936876382,0.0,10.753202971565196,1.0,8.907570586791064,1.0,10.402904152941936,1.0,8.410782904970002,1.0
640,6.401810510269071,3.887754080338821,1.0,5,10.391933086086055,1.0,10.394819627893765,1.0,5.840153281298141,1.0,-0.12436261239485802,1.0,5.50650916846225,1.0
641,10.094249642827583,0.5430290555746541,1.0,5,10.515133244072043,1.0,9.83423331615052,1.0,10.756993511175198,1.0,9.207441867345128,1.0,10.157446275395033,1.0
642,9.72439511671073,0.905670184341177,1.0,5,7.979891656062533,1.0,10.284284768886174,1.0,10.391281077138167,1.0,9.695452056227982,1.0,10.271066025238794,1.0
643,10.281930907631452,0.44235763155709035,1.0,5,9.44605414820868,1.0,10.651263164911345,1.0,10.643381058807096,1.0,10.274743358348376,1.0,10.394212807881773,1.0
644,2.2418683096917755,13.746523578203787,0.8,5,9.235990814696486,1.0,9.298341182626896,1.0,7.862608996437929,1.0,10.02791325107142,1.0,-25.215512696373853,0.0
645,3.748544742789914,13.59881174364276,0.8,5,10.395745886049781,1.0,10.641556940748004,1.0,10.276372087771463,1.0,10.875,1.0,-23.445951200619678,0.0
646,9.946085198666266,0.3946383869642172,1.0,5,10.277992064148137,1.0,9.689676189351907,1.0,9.326871529983704,1.0,10.407086602094928,1.0,10.028799607752655,1.0
647,9.549473598309678,0.8077658209394917,1.0,5,10.290140493806634,1.0,10.394510759432597,1.0,9.801934287228404,1.0,8.981526269580888,1.0,8.279256181499868,1.0
648,9.575632731605305,0.8385127339609458,1.0,5,9.94621797752809,1.0,8.271935852783697,1.0,9.807227640849485,1.0,9.09607188073276,1.0,10.756710306132494,1.0
649,7.649071467873945,4.533360607636246,1.0,5,9.069779377445876,1.0,10.875,1.0,9.921622595516931,1.0,-1.3435910493364887,1.0,9.72254641574341,1.0
650,2.7632990078106445,13.516452675467498,0.8,5,10.875,1.0,9.564731670880258,1.0,8.953595119981541,1.0,8.649591081343086,1.0,-24.22642283315166,0.0
651,9.172492897861044,1.5600845162557,1.0,5,10.39607291892059,1.0,10.279409741741345,1.0,7.49500303570751,1.0,7.054380592678676,1.0,10.637598200257106,1.0
652,3.9159424105100826,9.273053712770896,1.0,5,5.241433578265494,1.0,7.7825441676104194,1.0,10.1506632227962,1.0,10.63399382560484,1.0,-14.228922741726542,1.0
653,7.216394269007661,5.452636601580421,1.0,5,10.391940989793293,1.0,10.154433452598157,1.0,10.4035244813278,1.0,8.751931424462313,1.0,-3.6198590031432527,1.0
654,9.701618364303629,0.8604899279699998,1.0,5,8.995604069520983,1.0,10.753492551210428,1.0,10.178187017001546,1.0,10.165620366526303,1.0,8.415187817258884,1.0
655,7.687233469527387,2.2228261867648698,1.0,5,3.4559794944898314,1.0,9.167141604943682,1.0,7.424587159792955,1.0,9.18768851638729,1.0,9.200770572023172,1.0
656,8.453702560658837,3.955972880115438,1.0,5,10.635,1.0,10.271542236763832,1.0,9.918543374253606,1.0,0.568427192276749,1.0,10.875,1.0
657,9.117958088021375,1.559056627318652,1.0,5,9.553205811783524,1.0,10.396461771104153,1.0,9.39070690804087,1.0,10.159627148997135,1.0,6.089788800181189,1.0
658,10.20848588299518,0.38958101780618287,1.0,5,9.443880670043749,1.0,10.28036420212999,1.0,10.406067415730337,1.0,10.517117127071822,1.0,10.395,1.0
659,6.381922651074731,5.4155146481264484,1.0,5,-3.9811965449631774,1.0,8.82381053637952,1.0,10.511615304614374,1.0,6.151698741502847,1.0,10.403685217840092,1.0
660,9.744052909886872,1.18701710918907,1.0,5,7.4948559082104005,1.0,9.682186969067716,1.0,10.15429582649074,1.0,10.755601717860143,1.0,10.633324127805354,1.0
661,-1.2840510304810095,16.76570748078384,0.8,5,-3.9636812918356465,1.0,10.185961682945154,1.0,9.447613615581565,1.0,10.875,1.0,-32.96514915909612,0.0
662,8.8794101508023,1.8947297040684166,1.0,5,9.423765008576328,1.0,10.656195,1.0,5.211460972193247,1.0,9.292125806901035,1.0,9.813503966340887,1.0
663,10.062900819896754,0.9755227833068015,1.0,5,10.514832238113645,1.0,8.125556554980886,1.0,10.517774902490249,1.0,10.755318717328548,1.0,10.401021686570445,1.0
664,5.950438885056812,9.193859925664839,1.0,5,10.515307053456544,1.0,10.153311920455815,1.0,10.875,1.0,10.639933891992552,1.0,-12.431358440620853,1.0
665,7.37620481400703,3.696818767091647,1.0,5,9.807457256716802,1.0,3.6536003937007866,1.0,2.149347340187755,1.0,10.633493574958813,1.0,10.637125504470998,1.0
666,-8.721219781661754,19.294249921063564,0.6,5,9.18365752171925,1.0,-28.401701583896003,0.0,0.4645793511267371,1.0,10.394725897920605,1.0,-35.24736009517936,0.0
667,10.324110211224161,0.3188864659309466,1.0,5,10.637235328595501,1.0,10.153764672472548,1.0,10.756054122621565,1.0,10.158504085154155,1.0,9.914992847277032,1.0
668,8.807820978114126,2.375663357468134,1.0,5,10.161811237268326,1.0,9.298671048234377,1.0,9.805625517812759,1.0,10.635246741154562,1.0,4.137750346100601,1.0
669,9.7895567169145,0.8219364996075071,1.0,5,10.024727615374502,1.0,10.635000000000002,1.0,8.305452740508995,1.0,10.393701745108409,1.0,9.588901483580598,1.0
670,6.405055711172603,5.594529577333474,1.0,5,10.39378104829171,1.0,10.394495758236516,1.0,-4.5493635838150315,1.0,7.5468457691651984,1.0,8.239519563984626,1.0
671,9.69206538691562,1.0016534000265713,1.0,5,9.925222732897295,1.0,10.398987939980367,1.0,9.68184288644214,1.0,7.807625515684596,1.0,10.646647859573706,1.0
672,10.090160222060145,0.6207674666363439,1.0,5,10.393814205457463,1.0,8.877499449379634,1.0,10.268443087228487,1.0,10.636140345288908,1.0,10.274904022946238,1.0
673,8.522553973648403,1.2241550072455056,1.0,5,7.205133740704447,1.0,10.397348227666146,1.0,9.468248541210794,1.0,7.440579035973771,1.0,8.101460322686862,1.0
674,-0.20386235952861753,8.053133659449431,1.0,5,-2.3140997259570124,1.0,-7.15109756978733,1.0,10.754915254237288,1.0,-9.804524781688665,1.0,7.495495025552632,1.0
675,8.844867619343777,2.1698879833063636,1.0,5,9.319209519305186,1.0,4.55526634749409,1.0,10.155153605831815,1.0,10.273557027409815,1.0,9.921151596677973,1.0
676,4.037057291589924,8.463425411683803,1.0,5,-12.306937794040753,1.0,10.514182948072126,1.0,7.626903146206047,1.0,4.3049410439851625,1.0,10.046197113727036,1.0
677,9.916918451623605,0.9707531378550546,1.0,5,9.785,1.0,10.755514292694844,1.0,10.16859574367908,1.0,10.754669260700389,1.0,8.120812961043711,1.0
678,9.317669042229179,1.9054034447155554,1.0,5,9.57435827460124,1.0,10.271895156629292,1.0,5.5850820115661675,1.0,10.7584418371727,1.0,10.398567931176498,1.0
679,9.658895155563675,0.6480010575705433,1.0,5,9.315513533859196,1.0,9.43285901124771,1.0,10.396220694359673,1.0,8.746455265624526,1.0,10.403427272727274,1.0
680,3.325296699004724,13.322999937177707,0.8,5,10.39353701295029,1.0,8.841789897784079,1.0,10.27078448831711,1.0,10.414938279887293,1.0,-23.29456618391515,0.0
681,9.680187476119068,0.5523513614945752,1.0,5,8.833374334713188,1.0,9.420888381419182,1.0,9.598759118541034,1.0,10.152766379880873,1.0,10.395149166041062,1.0
682,-10.241237838711182,24.778204931330865,0.6,5,-38.598669055891456,0.0,10.525868319338931,1.0,10.166635992917314,1.0,-42.493333432604686,0.0,9.193308982683982,1.0
683,10.0362425219409,0.41987794090247277,1.0,5,9.911705258683202,1.0,10.513685628268103,1.0,10.39546033174746,1.0,9.322809394760615,1.0,10.037551996245124,1.0
684,7.919952754847993,3.85087160488261,1.0,5,10.51367004419051,1.0,10.51403862904753,1.0,9.053094738622907,1.0,9.19953790342757,1.0,0.3194224589514487,1.0
685,2.41553417911652,15.441552788102248,0.8,5,10.526306940226648,1.0,10.516896990250107,1.0,10.75504132231405,1.0,-28.43247187715229,0.0,8.711897519944085,1.0
686,10.349124125348977,0.39138767637334654,1.0,5,10.639279947473373,1.0,10.759666666666666,1.0,9.680759629215279,1.0,10.151364037142148,1.0,10.514550346247425,1.0
687,-3.3444552867659696,13.401733286021173,0.8,5,-7.8858578510457225,1.0,-26.482434281257245,0.0,10.63453056038518,1.0,-1.6313480231850033,1.0,8.642833161272948,1.0
688,2.7499008148746706,14.929153963418065,0.8,5,10.267660284126004,1.0,-27.108217071478162,0.0,10.279983859937081,1.0,10.155355514705883,1.0,10.154721487082545,1.0
689,8.793265772804299,0.7608124994888961,1.0,5,9.196687346045069,1.0,7.884143245886307,1.0,7.911811915438822,1.0,9.19886277567387,1.0,9.774823580977428,1.0
690,8.298357408208112,3.224890460963032,1.0,5,8.384176593971011,1.0,10.519977033997215,1.0,10.399632095304835,1.0,2.0367293428082345,1.0,10.151271974959267,1.0
691,7.595015534081215,2.769961647855331,1.0,5,10.149505620932219,1.0,4.967731313703284,1.0,3.6890734951250543,1.0,10.523490030076864,1.0,8.645277210568652,1.0
692,7.2536267630372055,2.73133519734978,1.0,5,3.2904669857953044,1.0,8.828065278237577,1.0,10.051758057584873,1.0,9.4155776907723,1.0,4.682265802795968,1.0
693,9.71401148962673,0.8862104370992191,1.0,5,10.875,1.0,10.398375310794666,1.0,9.90463765871787,1.0,8.667264898380985,1.0,8.724779580240124,1.0
694,6.1797449327905465,8.262883636629532,1.0,5,10.400638328613537,1.0,9.920841241383574,1.0,10.277239107447876,1.0,-10.339502550077615,1.0,10.639508536585366,1.0
695,9.280224026154801,1.6830429753346192,1.0,5,10.76946046246075,1.0,9.678440742646428,1.0,6.017084799347307,1.0,10.27825480224627,1.0,9.657879324073255,1.0
696,8.995328823822051,2.607184345720775,1.0,5,9.42167664882872,1.0,10.160935934221234,1.0,10.875,1.0,10.642368188642585,1.0,3.876663347417713,1.0
697,10.25654215303977,0.39196148241560425,1.0,5,10.155807722007722,1.0,10.636030077807455,1.0,9.572069567296198,1.0,10.637170926418715,1.0,10.281632471668766,1.0
698,6.955692154711952,3.844613776345069,1.0,5,8.14776661803763,1.0,9.074558988854271,1.0,10.031221018447042,1.0,-0.6045933553976841,1.0,8.129507503618497,1.0
699,9.330696369101698,1.2303337803313519,1.0,5,7.725773012454349,1.0,10.875,1.0,9.301036295549473,1.0,8.235003584052203,1.0,10.516668953452475,1.0
700,2.0217720596513873,12.749264047141505,0.8,5,3.8753650764185394,1.0,10.275470155586987,1.0,10.055366959343386,1.0,8.952497912607848,1.0,-23.049839805699825,0.0
701,10.423428794544241,0.04513550926696252,1.0,5,10.397489564201036,1.0,10.513285474994017,1.0,10.3998202743412,1.0,10.409158084793367,1.0,10.397390574391585,1.0
702,8.10578132652611,4.361234904745888,1.0,5,-0.5975026199422366,1.0,9.933444055043035,1.0,10.40125481540931,1.0,10.037894423939163,1.0,10.753815958181281,1.0
703,7.409002624379676,3.0512670619539084,1.0,5,10.395993969257924,1.0,10.1568663003663,1.0,1.950889147487282,1.0,7.623467276440813,1.0,6.917796428346058,1.0
704,6.506364014701711,3.876437482064495,1.0,5,0.3764305949008513,1.0,7.789710293881485,1.0,10.04708051901884,1.0,10.515,1.0,3.8035986657073746,1.0
705,-6.281104938540506,19.13188781150385,0.6,5,10.036277040538083,1.0,-31.380309096686602,0.0,8.347559778332707,1.0,9.54151386648629,1.0,-27.950566281373007,0.0
706,1.4868247836532038,17.28964285962791,0.8,5,-33.042231600172855,0.0,8.322849128516982,1.0,10.633688783570301,1.0,10.875,1.0,10.644817606351591,1.0
707,6.147903316058235,3.974500388551977,1.0,5,10.393272169167803,1.0,2.646797932222861,1.0,6.472981584525702,1.0,0.7129799369254464,1.0,10.513484957449359,1.0
708,9.966276783473365,0.5022214179255574,1.0,5,10.755614823133072,1.0,10.161481412157688,1.0,9.894897882368342,1.0,9.807976138603589,1.0,9.211413661104134,1.0
709,-0.7671937696827001,12.656753552773615,0.8,5,10.632742427641912,1.0,-4.45848576638952,1.0,10.637849982864976,1.0,2.8030585432266877,1.0,-23.451134035757555,0.0
710,2.275257096380805,13.771256631435056,0.8,5,-25.264732627966833,0.0,9.42074128686327,1.0,8.939477302147033,1.0,8.972517116651595,1.0,9.30828240420896,1.0
711,2.3145669227820678,14.289652868656779,0.8,5,8.96296134844522,1.0,-26.205587751945455,0.0,10.16589330024814,1.0,10.63644607968822,1.0,8.013121637474214,1.0
712,10.210792494757452,0.4100324083623428,1.0,5,10.875,1.0,9.586289181513038,1.0,10.170327126321087,1.0,10.148646506523594,1.0,10.273699659429544,1.0
713,9.775250934783207,0.5456585028026892,1.0,5,10.041832483274822,1.0,10.153537032790643,1.0,9.365775464167967,1.0,8.922988643156007,1.0,10.392121050526598,1.0
714,6.930200504782073,2.9893180403867183,1.0,5,5.9983609964942755,1.0,6.949424650366282,1.0,10.157983923311198,1.0,9.691342668863262,1.0,1.8538902848753498,1.0
715,9.279456613554153,1.5102926917162032,1.0,5,9.123207672875662,1.0,10.757682057057057,1.0,6.446199106548063,1.0,9.921029937701892,1.0,10.149164293588095,1.0
716,10.113339518281522,0.3134367480247795,1.0,5,9.678963237238825,1.0,10.268263952008725,1.0,9.817458925262507,1.0,10.513876477765157,1.0,10.288134999132396,1.0
717,10.46684888766055,0.2784460487261225,1.0,5,10.393692758892739,1.0,10.63054491707215,1.0,10.037810438464607,1.0,10.875,1.0,10.397196323873242,1.0
718,9.199409808572748,1.4022988929056253,1.0,5,10.63028452821041,1.0,10.395323074257998,1.0,6.694755997936193,1.0,9.330502594033723,1.0,8.946182848425412,1.0
719,6.349162562156946,6.6300178984291,1.0,5,10.273460788353248,1.0,-6.858184944123792,1.0,9.335497143918635,1.0,8.720011159791683,1.0,10.275028662844955,1.0
720,8.832570622796666,1.8264029214123565,1.0,5,9.799349943883277,1.0,9.57744156007813,1.0,5.1838707521464205,1.0,9.8098086810953,1.0,9.792382176780205,1.0
721,9.499427973829622,0.931312456505249,1.0,5,9.305876471464758,1.0,8.599175001870744,1.0,10.395803199404762,1.0,8.443625564664547,1.0,10.752659631743297,1.0
722,4.33005406720369,10.048459984456429,0.8,5,10.282046502976192,1.0,10.875,1.0,8.573012803473329,1.0,7.546313537675607,1.0,-15.626102508106676,0.0
723,2.7294834064494204,15.117027435382546,0.8,5,10.753896513645685,1.0,10.276099137201827,1.0,9.718552842760568,1.0,10.396120906436975,1.0,-27.49725236779795,0.0
724,9.966961626058174,0.27677817858334836,1.0,5,10.032952946852543,1.0,10.037500457233433,1.0,9.564613467405785,1.0,9.802812914076037,1.0,10.396928344723072,1.0
725,10.232287525959027,0.3295052399724709,1.0,5,10.395304769663753,1.0,10.394908750719631,1.0,9.573321245565628,1.0,10.393568237659146,1.0,10.404334626186973,1.0
726,9.080326433705242,1.822387418510168,1.0,5,9.83093331041595,1.0,10.51730087494343,1.0,9.227910663568291,1.0,10.282225999344691,1.0,5.543261320253837,1.0
727,10.304817724181417,0.13825332515722824,1.0,5,10.042060130519793,1.0,10.403691468088653,1.0,10.287355136864557,1.0,10.39405354071101,1.0,10.396928344723072,1.0
728,10.284767877126217,0.39621271091819393,1.0,5,9.830454924179303,1.0,10.393138222404389,1.0,10.753361946902654,1.0,9.811328037052522,1.0,10.635556255092217,1.0
729,5.199616014776422,4.467638683366069,1.0,5,10.156614212357132,1.0,3.661858294196091,1.0,2.2031032487393567,1.0,10.635995468426756,1.0,-0.6594911498372298,1.0
730,9.358331181320615,1.197445174516856,1.0,5,10.645796801764543,1.0,10.513382079113493,1.0,9.678291495064393,1.0,7.616779912683111,1.0,8.337405617977529,1.0
731,9.364007059776322,1.4661371019078153,1.0,5,10.656013745704467,1.0,10.048098713163611,1.0,6.971376352751553,1.0,10.755298187231807,1.0,8.389248300030172,1.0
732,7.4681182619112265,1.8788699051831044,1.0,5,10.394397277227721,1.0,5.017237861826853,1.0,6.272538493899875,1.0,8.662503619516432,1.0,6.99391405708525,1.0
733,10.068028702194212,0.34835052729791405,1.0,5,10.51504179331307,1.0,10.2734355450723,1.0,10.036382418574329,1.0,10.0500853115727,1.0,9.465198442438659,1.0
734,9.142472745488533,0.5182482369985435,1.0,5,8.940534223275952,1.0,8.364370319504546,1.0,9.42016701297683,1.0,9.925458595815517,1.0,9.061833575869823,1.0
735,8.242046596150626,2.9673458749735935,1.0,5,10.15172522934227,1.0,9.705668939652233,1.0,2.5967394879022807,1.0,8.002159661819713,1.0,10.753939662036627,1.0
736,2.3321843299068368,15.243753227983083,0.8,5,-28.14655482175827,0.0,9.303871805055175,1.0,9.931254804729909,1.0,10.175968729040912,1.0,10.396381132466455,1.0
737,-12.427266308252758,17.719668257884685,0.4,5,-29.054811700023894,0.0,-27.350107041688606,0.0,9.303392683156803,1.0,-24.105526713709697,0.0,9.070721231001606,1.0
738,8.510788532575607,3.454462639184115,1.0,5,9.555896892043979,1.0,1.6720281494065716,1.0,10.875,1.0,10.635166252330642,1.0,9.815851369096833,1.0
739,8.07250628724687,3.560496302925589,1.0,5,10.875,1.0,8.831936919122008,1.0,9.54111784232365,1.0,10.037472600369174,1.0,1.07700407441952,1.0
740,10.26284707069066,0.6826099348403184,1.0,5,10.875,1.0,10.28300042283298,1.0,10.875,1.0,9.00596256823499,1.0,10.275272362385321,1.0
741,9.255739444795484,1.3389274394926358,1.0,5,7.505052272052272,1.0,7.822035469448583,1.0,10.754125520523498,1.0,10.396024162958096,1.0,9.801459798994975,1.0
742,-5.15332771288952,16.174181383841933,0.6,5,4.677964241951652,1.0,10.156051603498542,1.0,-24.190808719751598,0.0,-25.4667184041184,0.0,9.0568727139722,1.0
743,9.292504870325876,2.7496660869339467,1.0,5,10.875,1.0,10.518499481023511,1.0,10.632927032430032,1.0,10.63802682598718,1.0,3.7980710121886574,1.0
744,2.9400756808192408,15.113195820310157,0.8,5,10.63536915411618,1.0,10.75643252887595,1.0,-27.280989002058682,0.0,9.952527472527473,1.0,10.637038250635282,1.0
745,-14.644823149975835,20.61793064210256,0.4,5,-31.57486568327636,0.0,10.279024116440212,1.0,10.875,1.0,-32.95531281775225,0.0,-29.847961365290768,0.0
746,4.632645741069005,8.032614560855388,1.0,5,10.156175052572191,1.0,7.891202827531824,1.0,10.406103383710043,1.0,5.787612563074136,1.0,-11.07786512154317,1.0
747,10.214065039803568,0.6923530370132012,1.0,5,10.875,1.0,10.411434426229508,1.0,10.515904719413049,1.0,10.39455192316165,1.0,8.873434130213633,1.0
748,9.36141956662883,1.6311228305151286,1.0,5,9.5353998223012,1.0,10.637408201892745,1.0,9.921610205199512,1.0,10.513908815357413,1.0,6.198770788393293,1.0
749,8.860555828674602,0.9136292555185883,1.0,5,10.269025740525159,1.0,9.220418355233534,1.0,7.809403314220907,1.0,9.09281627999207,1.0,7.9111154534013375,1.0
750,8.513713383140807,1.8752936732803138,1.0,5,9.09274871555348,1.0,7.203714203634824,1.0,5.5750559928041366,1.0,10.062617751610754,1.0,10.63443025210084,1.0
751,10.329314100284455,0.6086692468974559,1.0,5,10.756963750494826,1.0,10.875,1.0,10.770166666666666,1.0,9.324378694530013,1.0,9.92006138973077,1.0
752,-6.531335614390414,15.910017564195293,0.8,5,9.295920332096802,1.0,-12.515004439840176,1.0,-5.132450175159693,1.0,9.227132218844986,1.0,-33.53227600789399,0.0
753,6.371829923560388,3.1985159623506862,1.0,5,10.515824661128116,1.0,1.983709062514353,1.0,8.724047496696521,1.0,3.451066164387025,1.0,7.184502233075924,1.0
754,9.911748052439199,0.6685312339300375,1.0,5,10.514610785603253,1.0,9.10777383799236,1.0,10.875,1.0,9.4733686511081,1.0,9.587986987492288,1.0
755,5.871118545154478,4.914031713222324,1.0,5,10.396087125697852,1.0,-1.7784873279847009,1.0,9.923837923190742,1.0,1.8792222625090655,1.0,8.934932742359429,1.0
756,9.078298471065573,1.5394141297786745,1.0,5,9.914306730588455,1.0,10.516298362170037,1.0,10.284305717619603,1.0,6.451578091570388,1.0,8.22500345337938,1.0
757,9.290946611817635,1.2259513872613015,1.0,5,10.514862358164775,1.0,7.879729317807718,1.0,9.92136477253791,1.0,10.397860508765625,1.0,7.740916101812145,1.0
758,3.8545745718185147,8.493987520388444,1.0,5,8.984071127602038,1.0,-11.909058573938394,1.0,9.814848583360423,1.0,1.7480897698337383,1.0,10.634921952234768,1.0
759,-0.9194530438834081,17.53469577249108,0.8,5,8.280852533318944,1.0,8.3013121614968,1.0,-35.823045745502675,0.0,9.925852615341467,1.0,4.717763215928422,1.0
760,5.77240484253232,7.707696735390414,1.0,5,10.875,1.0,10.398443548814763,1.0,6.206783146420709,1.0,-9.253299064641796,1.0,10.63509658206793,1.0
761,5.025735464347127,8.55039097733112,1.0,5,9.911480757702913,1.0,8.83190411407966,1.0,-11.977246743743605,1.0,10.51359287649127,1.0,7.848946317205397,1.0
762,9.675475147601777,0.5981584529075419,1.0,5,9.073086028408635,1.0,10.51592603102535,1.0,9.186066973415132,1.0,10.274767115771505,1.0,9.327529589388261,1.0
763,0.08523327716902429,13.348993542557649,0.8,5,9.173832800963503,1.0,10.036247473819584,1.0,9.562701778567074,1.0,-24.49121507630174,0.0,-3.8554005912033027,1.0
764,9.230872293241406,1.463211488142703,1.0,5,10.15109038884063,1.0,10.39510560260817,1.0,9.560822447663963,1.0,6.368503213393917,1.0,9.678839813700352,1.0
765,8.952148786051033,2.8052599161574956,1.0,5,10.519287038720233,1.0,3.484984315242148,1.0,9.119262295081967,1.0,10.76221028121082,1.0,10.875,1.0
766,2.671047146035195,10.976751516216048,1.0,5,-19.223915635878797,1.0,9.240851319592641,1.0,6.7460867803751565,1.0,8.245556374591372,1.0,8.346656891495602,1.0
767,9.734886814936726,1.2610130086868445,1.0,5,10.875,1.0,10.51290892971482,1.0,7.67621583877621,1.0,8.857106334627401,1.0,10.753202971565196,1.0
768,-1.4695632833611385,14.732279844279692,0.6,5,10.756251666666667,1.0,9.182460512460512,1.0,10.753651803024429,1.0,-13.690211786372005,0.0,-24.349968612585293,0.0
769,8.054360666802433,4.518353148064585,1.0,5,10.15057437613272,1.0,10.518422171440719,1.0,9.807917744981465,1.0,10.754263764404609,1.0,-0.959374722947345,1.0
770,5.285119195039549,7.998521496345717,1.0,5,10.276895436826416,1.0,10.516020425474164,1.0,-10.407903225806464,1.0,9.804707999310404,1.0,6.235875339393223,1.0
771,9.59349916991943,1.4031617328437793,1.0,5,6.870610959874289,1.0,10.030060541388098,1.0,10.514785193304945,1.0,9.796868214858868,1.0,10.75517094017094,1.0
772,7.946872768603559,1.626014526718764,1.0,5,8.105139520135292,1.0,8.50598927263213,1.0,10.514858378462618,1.0,5.636886982527939,1.0,6.971489689259814,1.0
773,10.066650194179696,0.716637749318201,1.0,5,10.518212057165863,1.0,9.210006237352037,1.0,9.19592759163481,1.0,10.875,1.0,10.534105084745763,1.0
774,-5.016883626989676,16.46527239479646,0.6,5,5.4414819359905735,1.0,8.833866857738407,1.0,-24.127521087544046,0.0,10.762896666666666,1.0,-25.99514250779998,0.0
775,9.081768406803022,1.3700075482127152,1.0,5,9.423078970407985,1.0,6.476835579262586,1.0,9.29569760610956,1.0,10.516522820270694,1.0,9.696707057964279,1.0
776,8.527888714465213,1.0723955030984746,1.0,5,9.93644741480611,1.0,7.369619676556361,1.0,9.691392033432079,1.0,7.632060320065653,1.0,8.009924127465858,1.0
777,-0.17831627122724286,21.510647122874357,0.8,5,10.395522058823529,1.0,10.51887775455927,1.0,10.754605601317957,1.0,-43.19894460093899,0.0,10.638357830102017,1.0
778,7.905778576952986,1.8539683562529363,1.0,5,7.7732108060230285,1.0,5.529489948328759,1.0,6.258860805860806,1.0,10.278711291012604,1.0,9.688620033539731,1.0
779,-18.37239585577998,13.659666231284543,0.2,5,-12.745455662273844,0.0,-34.816327714159286,0.0,-12.878009485169141,0.0,1.413650755821875,1.0,-32.835837173119515,0.0
780,9.464341576709998,1.5765310104577306,1.0,5,10.047103949011104,1.0,6.41613967356442,1.0,9.584445393220049,1.0,10.762266323024056,1.0,10.511752544730353,1.0
781,9.971479412681518,1.3971038999631378,1.0,5,10.756965174129354,1.0,10.756993277310924,1.0,10.397102799867461,1.0,10.75517094017094,1.0,7.191164871928908,1.0
782,4.8572238321699555,8.802866272783065,1.0,5,10.756060337963373,1.0,10.275395661368442,1.0,-12.246030874785601,1.0,5.101029192731604,1.0,10.399664843571962,1.0
783,-4.515951992538041,17.17999900152204,0.6,5,10.520102258201959,1.0,-26.069517997910523,0.0,10.394529541258345,1.0,7.529164994783725,1.0,-24.954038759023714,0.0
784,7.910620442858075,2.621163487364641,1.0,5,10.287940627761595,1.0,8.355643421998561,1.0,6.824232297807512,1.0,3.4498874234313774,1.0,10.635398443291328,1.0
785,9.031047250124903,1.5044869640838618,1.0,5,10.272285504317471,1.0,10.158239121934873,1.0,10.267824167198155,1.0,6.739672232067903,1.0,7.717215225106116,1.0
786,-8.216462159210185,16.96912336063075,0.6,5,-27.204506399469707,0.0,-7.97564122448979,1.0,-27.291840817501384,0.0,10.755,1.0,10.63467764540995,1.0
787,8.477491983633925,2.7560047482503554,1.0,5,10.875,1.0,9.051826819473014,1.0,10.394509178215413,1.0,3.18047765238569,1.0,8.885646268095508,1.0
788,6.7780406587457005,3.6328018231076165,1.0,5,4.389305844642413,1.0,7.866121143916325,1.0,10.275501143398964,1.0,10.39403381958527,1.0,0.9652413421855357,1.0
789,7.05221171406954,3.306189853009615,1.0,5,9.461157558437357,1.0,2.7146246221934387,1.0,10.398031933767001,1.0,9.330097056084808,1.0,3.357147399865095,1.0
790,3.511415390339772,7.37785326392887,1.0,5,9.428936453858688,1.0,8.71631583921371,1.0,10.273898511832154,1.0,-3.9495739924737023,1.0,-6.912499860731989,1.0
791,8.204353196614289,1.4436851507718158,1.0,5,8.748506366989076,1.0,8.222998398718975,1.0,7.337988596270161,1.0,10.515768213015795,1.0,6.1965044080774305,1.0
792,-5.687983763209487,19.949353861188392,0.6,5,10.396305205577724,1.0,10.875,1.0,10.513521294021293,1.0,-30.904995756349166,0.0,-29.31974955929729,0.0
793,9.89504689597116,0.9267111738124985,1.0,5,8.609009508207254,1.0,8.958063470778859,1.0,10.63745495353101,1.0,10.395706547338671,1.0,10.875,1.0
794,8.611750555733177,2.2657465153267595,1.0,5,10.402500739717922,1.0,7.174381125941979,1.0,10.278887158054712,1.0,4.81091580660357,1.0,10.392067948347703,1.0
795,7.197966715446308,3.7835529256581037,1.0,5,10.516933820979286,1.0,0.7233074885491977,1.0,9.069715614639327,1.0,10.515,1.0,5.164876653063729,1.0
796,7.151444679147994,3.619808632994703,1.0,5,10.524537078651685,1.0,10.636808104596394,1.0,3.5549960787862336,1.0,8.96534847147114,1.0,2.0755336622345206,1.0
797,8.667408809142987,0.5192926932894169,1.0,5,9.300908191230207,1.0,8.755213013988978,1.0,8.835267821716704,1.0,7.7149831686993,1.0,8.730671850079744,1.0
798,1.2995886568960784,14.631858391765569,0.8,5,8.268680444087748,1.0,-27.9491211242897,0.0,8.706337719964743,1.0,9.421621029136276,1.0,8.050425215581328,1.0
799,-20.804341991092905,15.348748919774339,0.2,5,-28.97359327852063,0.0,-29.013894784454248,0.0,-24.19695561242066,0.0,-31.373739314139733,0.0,9.536473034070724,1.0
800,10.159142705878905,0.4304199062183864,1.0,5,10.392861506276152,1.0,9.329037759559572,1.0,10.162607989494783,1.0,10.397215655014193,1.0,10.51399061904983,1.0
801,9.506804695648075,0.8925849777318716,1.0,5,7.945593387554743,1.0,10.285494369154419,1.0,10.283446215139444,1.0,9.919995907090964,1.0,9.099493599300807,1.0
802,-7.514420829901726,18.734252768232107,0.6,5,-30.279204440470824,0.0,-29.97555175251564,0.0,10.275559227691772,1.0,10.634952394553938,1.0,1.7721404212321197,1.0
803,9.721581830129606,0.7369494053613336,1.0,5,10.297420917799066,1.0,8.772818833863884,1.0,10.273980449003865,1.0,10.394235592591064,1.0,8.869453357390158,1.0
804,-4.951926934398662,11.604851755022036,0.8,5,-10.450075895200033,1.0,-24.71862784528494,0.0,0.10737218915755875,1.0,1.7831959750173514,1.0,8.518500904316753,1.0
805,1.9656637114297741,14.600223493115985,0.8,5,-27.078923889238894,0.0,6.695981638051768,1.0,10.754669260700389,1.0,10.754239741026373,1.0,8.702351806609233,1.0
806,-10.556606092615493,25.714832327227253,0.6,5,10.161436434134,1.0,-42.61205281759275,0.0,-41.48157835911734,0.0,10.393039717945028,1.0,10.756124561553596,1.0
807,4.886116793204414,4.941785033285732,1.0,5,0.29695314657420724,1.0,-1.4335947773311712,1.0,4.764704050865232,1.0,10.760879999999998,1.0,10.041641545913805,1.0
808,8.796265248143893,1.190429965286719,1.0,5,9.193224908759124,1.0,7.251053839887433,1.0,7.559812026375356,1.0,10.278563225756837,1.0,9.698672239940723,1.0
809,0.32657219636442497,14.817704553878109,0.8,5,7.975674160484738,1.0,-29.087956659169667,0.0,4.529194506866416,1.0,10.159279847114403,1.0,8.05666912652623,1.0
810,6.698040615405327,5.355044525808469,1.0,5,8.594192434495922,1.0,10.399263403485383,1.0,9.018382659178393,1.0,9.423453448275863,1.0,-3.9450888684089254,1.0
811,-8.472152023975529,22.424225806698598,0.6,5,-32.26169890045159,0.0,9.574257135314305,1.0,9.139284898114646,1.0,10.513801880050574,1.0,-39.32640513290558,0.0
812,-1.3312986497206054,12.507739506234188,0.8,5,-24.189846069905116,0.0,7.227281948736594,1.0,-5.443850585223114,1.0,8.000934621169394,1.0,7.748986836619215,1.0
813,10.29848514209544,0.5221096778351083,1.0,5,10.754691596638656,1.0,9.30273598791494,1.0,10.278514132752598,1.0,10.634921952234768,1.0,10.521562040936246,1.0
814,7.679804688097413,3.4345945971683,1.0,5,10.755606023406171,1.0,1.1901257002965924,1.0,8.503300039279502,1.0,10.273558156973838,1.0,7.676433520530961,1.0
815,8.38835079141883,2.65965998762354,1.0,5,3.2225117014163303,1.0,8.492938293183371,1.0,10.162171697469157,1.0,9.785,1.0,10.279132265025293,1.0
816,10.236079704916445,0.20352934648890028,1.0,5,10.634205171682916,1.0,10.175989636991698,1.0,10.151076965078461,1.0,10.163266456418171,1.0,10.05586029441098,1.0
817,5.8996291066338795,3.9258819626681336,1.0,5,7.533676442294478,1.0,8.718227959130454,1.0,10.152016737513284,1.0,3.8358376370710987,1.0,-0.7416132428399163,1.0
818,7.266677364778128,5.391925185883591,1.0,5,10.177450525287075,1.0,10.26852782109559,1.0,9.926729977766215,1.0,9.463367505336008,1.0,-3.502689005594247,1.0
819,7.767517449842243,3.7016686025935526,1.0,5,0.4736585997457503,1.0,8.941599251264952,1.0,10.513558284695202,1.0,10.046466179923451,1.0,8.86230493358186,1.0
820,9.320803852357738,1.2095017088727904,1.0,5,10.51479843727391,1.0,8.832854437229438,1.0,7.1775612323822635,1.0,9.928729557239729,1.0,10.150075597663344,1.0
821,-5.496049779009483,19.276874148310693,0.6,5,9.552467775150637,1.0,10.512946433053868,1.0,-29.898326920926085,0.0,-28.286791265253683,0.0,10.63945508292785,1.0
822,8.544667093869169,1.6924348237740412,1.0,5,10.27440670010854,1.0,5.62971711189516,1.0,9.30896511693754,1.0,9.794356301921411,1.0,7.715890238483187,1.0
823,3.922035536617585,7.388815071380387,1.0,5,10.631285847299814,1.0,6.4592716168071025,1.0,5.194653383830066,1.0,7.733756783713222,1.0,-10.408789948562278,1.0
824,8.77513374562423,1.2270536169857535,1.0,5,10.396981220092094,1.0,8.679153621090098,1.0,8.832606027881406,1.0,9.331038829373796,1.0,6.63588902968375,1.0
825,6.313656980241516,5.1000081586994535,1.0,5,6.940424374963062,1.0,10.039408424603836,1.0,10.401696045030366,1.0,7.725552681234403,1.0,-3.538796624624082,1.0
826,10.422842652161293,0.5316968787362705,1.0,5,10.272890473968403,1.0,10.875,1.0,10.636253579382755,1.0,10.875,1.0,9.455069207455313,1.0
827,9.588083395755799,1.219066374447686,1.0,5,8.474012269938651,1.0,10.760878445936296,1.0,10.635055865921787,1.0,7.788925082245039,1.0,10.281545314737233,1.0
828,8.90362810119939,2.537627099277602,1.0,5,3.8866877939974804,1.0,9.566091488474596,1.0,10.03504858362038,1.0,10.275312639904492,1.0,10.755,1.0
829,3.156066356172593,13.764447158258646,0.8,5,-24.360753718823396,0.0,10.053163432459677,1.0,9.297674528301886,1.0,10.277997049059389,1.0,10.512250489865409,1.0
830,8.072073564429797,4.257905802317735,1.0,5,9.456438582937865,1.0,10.51624889595478,1.0,10.63634981944508,1.0,10.155285739100226,1.0,-0.4039552152889687,1.0
831,7.7768082058067325,3.0789917015373645,1.0,5,10.16849768786127,1.0,9.92114756363413,1.0,10.160486206580515,1.0,2.3857003435551567,1.0,6.248209227402588,1.0
832,-5.484637115617506,19.07327466513875,0.6,5,9.817707026490364,1.0,10.526306940226648,1.0,9.786731590113233,1.0,-31.030533282544546,0.0,-26.523397852373233,0.0
833,9.670228092452765,1.0040885458236393,1.0,5,10.408531024338057,1.0,7.714260802383975,1.0,10.390553550204691,1.0,10.036217669234551,1.0,9.80157741610255,1.0
834,3.7220636778565486,13.462649206811973,0.8,5,10.633438165279658,1.0,10.756611154144075,1.0,10.147901870844715,1.0,10.271878392424068,1.0,-23.199511193409773,0.0
835,4.26963153873564,8.424727187787273,1.0,5,10.273084495242655,1.0,-10.972080574218195,1.0,1.1299220610776999,1.0,10.27962416531312,1.0,10.637607546262917,1.0
836,9.388299930559821,0.6848810149077909,1.0,5,8.529669304691916,1.0,10.39927625698324,1.0,8.856379007402714,1.0,9.917949127906976,1.0,9.23822595581426,1.0
837,-37.43521950945647,24.149139075044964,0.2,5,9.533679553005136,1.0,-40.58611654978465,0.0,-58.33395983094327,0.0,-48.39718905198098,0.0,-49.39251166757862,0.0
838,6.797018331276455,4.60972244336281,1.0,5,10.393078404622422,1.0,10.394708846584546,1.0,0.0937351740970982,1.0,2.34949977909774,1.0,10.754069451980467,1.0
839,1.3843560763471694,13.547909275477695,0.8,5,-24.296048494611725,0.0,10.631728899562303,1.0,-0.5609488784876273,1.0,10.755601717860143,1.0,10.391447137412753,1.0
840,8.55833340956685,2.434028131096058,1.0,5,10.513641261436998,1.0,3.8710090461131132,1.0,9.183955602334706,1.0,10.392035082020465,1.0,8.83102605592897,1.0
841,7.89421150991946,1.6513844959591564,1.0,5,6.6321703106294505,1.0,10.638133333333332,1.0,6.854749934000176,1.0,6.381655570086792,1.0,8.964348401547547,1.0
842,-2.3019504555195818,13.134825728303118,0.8,5,5.1650909225310455,1.0,-25.212716640407265,0.0,-8.671722158673097,1.0,9.921994424580328,1.0,7.287601174371078,1.0
843,4.568072410933671,10.084410174592353,1.0,5,10.391669072948329,1.0,-15.511309747490957,1.0,7.776167418153303,1.0,10.269640407868614,1.0,9.914194903189067,1.0
844,8.11145934564626,3.974839240124342,1.0,5,9.381836510102566,1.0,10.875,1.0,0.2197898917798753,1.0,10.154679441443278,1.0,9.925990884905579,1.0
845,8.778507942429513,2.0113690887480877,1.0,5,7.760656506015204,1.0,10.53425978893382,1.0,10.395489997202015,1.0,9.916447379092212,1.0,5.285686040904317,1.0
846,9.333652921472886,1.0732702284301696,1.0,5,10.875,1.0,8.993606126237623,1.0,8.053678494897031,1.0,8.471121673003802,1.0,10.27485831322597,1.0
847,-5.346751129607886,19.394130223762794,0.6,5,-30.213953021651882,0.0,10.754867633726201,1.0,10.396750685509387,1.0,10.279964442585232,1.0,-27.951385388208365,0.0
848,9.981939575548093,0.6402309196041936,1.0,5,10.654969072164949,1.0,9.692894789049069,1.0,10.515286877394637,1.0,8.887760310186819,1.0,10.15878682894499,1.0
849,6.708645280948685,3.6844873211637714,1.0,5,8.955705128205128,1.0,8.59999130126043,1.0,-0.6434176473142603,1.0,8.446128356503523,1.0,8.184819266088612,1.0
850,10.259062634309986,0.441916885605002,1.0,5,10.514360617734292,1.0,10.766129032258064,1.0,10.28530227146254,1.0,9.45092333270255,1.0,10.278597917392483,1.0
851,-1.486664951427453,15.066573660312232,0.6,5,-25.229254375851593,0.0,10.875,1.0,10.276097818317961,1.0,-13.510829811359656,0.0,10.155661611756022,1.0
852,8.628715963746185,1.1627973255281676,1.0,5,10.397117031263335,1.0,7.638619008055485,1.0,7.391074759382227,1.0,8.14574759300052,1.0,9.571021427029361,1.0
853,10.250825165855563,0.5110925361207006,1.0,5,10.875,1.0,10.875,1.0,9.799171721885207,1.0,9.905089717860937,1.0,9.799864389531669,1.0
854,9.464791352994402,0.7327068822572729,1.0,5,8.785559971736442,1.0,10.154780715824206,1.0,9.129957781927418,1.0,10.51627568134172,1.0,8.737382614142227,1.0
855,-0.4041545662743598,13.44690928694372,0.8,5,8.250167631900537,1.0,9.802344054580896,1.0,-6.513619007803793,1.0,-24.192512611293207,0.0,10.63284710124377,1.0
856,4.6828256392921785,5.593868854464965,1.0,5,6.924020272030852,1.0,-6.294162830430439,1.0,7.498747885562992,1.0,9.299227044949323,1.0,5.9862958243481685,1.0
857,10.02721047838568,0.3908751021013849,1.0,5,9.917990878540566,1.0,10.039611325423975,1.0,9.366794303129055,1.0,10.526206787186807,1.0,10.285449097647996,1.0
858,10.299951320743137,0.25425614501881766,1.0,5,10.634701979307243,1.0,10.150045206776122,1.0,10.515301161822435,1.0,10.27627374525095,1.0,9.923434510558932,1.0
859,6.25488688844892,5.3320045944342995,1.0,5,-0.08493288235916019,1.0,10.771823513729672,1.0,-0.4608503195425513,1.0,10.514482266009853,1.0,10.53391186440678,1.0
860,8.996361180226184,1.7757688758674894,1.0,5,10.151608204845814,1.0,7.844393534098426,1.0,10.875,1.0,10.030884109515501,1.0,6.079920052671182,1.0
861,0.7485234238824929,15.33999752618567,0.8,5,8.050463838664811,1.0,8.938495897903373,1.0,-29.912592783505158,0.0,9.049793007479561,1.0,7.616457158869878,1.0
862,-2.5689565676475405,17.19112251452501,0.8,5,10.755042016806723,1.0,-5.567288044509077,1.0,10.158143308921439,1.0,-34.873458749135466,0.0,6.682778629678678,1.0
863,9.94697729465851,0.6282702708271866,1.0,5,9.343013725683814,1.0,10.39619013242028,1.0,10.875,1.0,9.911662090606002,1.0,9.209020524582451,1.0
864,-17.880026202016648,23.100823724916744,0.4,5,-38.15696618673185,0.0,10.635714397129933,1.0,-36.14752511707109,0.0,-35.88685876955843,0.0,10.155504666148206,1.0
865,8.218663181066454,4.363906370604988,1.0,5,10.757682057057057,1.0,-0.4917873951299345,1.0,10.515830273526136,1.0,9.91301143692493,1.0,10.39857953295408,1.0
866,1.6513083407070528,13.917368834001127,0.8,5,7.537340628552867,1.0,10.155184259354707,1.0,6.310328045343719,1.0,-26.016573191005314,0.0,10.270261961289284,1.0
867,10.160387232257285,0.6121506858629577,1.0,5,10.875,1.0,9.102403424214085,1.0,10.150207153770108,1.0,10.63802682598718,1.0,10.036298757315054,1.0
868,4.976257916498933,8.95795697893182,1.0,5,10.39390083867785,1.0,8.742802423219969,1.0,8.205530599369085,1.0,10.393039717945028,1.0,-12.85398399671727,1.0
869,10.497910964786517,0.13497260912397782,1.0,5,10.632515719063544,1.0,10.515438716871087,1.0,10.433343333333333,1.0,10.633933395746956,1.0,10.274323658917664,1.0
870,-6.241508452188453,6.929386820656973,1.0,5,-4.2175628797179385,1.0,-7.180663257100585,1.0,4.908216587461754,1.0,-16.598199345317347,1.0,-8.119333366268151,1.0
871,1.2903705968099533,12.733150914770631,0.8,5,10.755736235595391,1.0,9.065854901476312,1.0,10.277988222911274,1.0,-22.68367055566542,0.0,-0.9640558202677898,1.0
872,7.476698290467541,5.550582750160999,1.0,5,9.921533700553857,1.0,10.043791664621276,1.0,-3.609829676992611,1.0,10.755012161968809,1.0,10.272983602186375,1.0
873,6.46003423543046,7.874190134591076,1.0,5,10.391971881759194,1.0,10.398887604070305,1.0,9.910846984605,1.0,-9.276535293282203,1.0,10.875,1.0
874,2.829674148011826,14.56568680096621,0.8,5,-26.29566765670442,0.0,10.401096498054473,1.0,9.588244889198904,1.0,10.061912664524366,1.0,10.392784344985808,1.0
875,7.940124066302573,2.63663962738419,1.0,5,8.226359340209934,1.0,9.299275428679698,1.0,9.066048197492163,1.0,2.831409944684216,1.0,10.277527420446852,1.0
876,3.465276219029211,7.898874666810928,1.0,5,-10.808709047818201,1.0,7.823953221738133,1.0,10.518611364489994,1.0,0.6908256632986038,1.0,9.101699893437527,1.0
877,9.790739926937588,0.48922336201742533,1.0,5,9.677061157024793,1.0,9.173174030865331,1.0,10.517582624377622,1.0,10.1631280230281,1.0,9.422753799392098,1.0
878,2.720589889719837,13.896861259436978,0.8,5,10.393328879310344,1.0,8.64060497625577,1.0,9.341464500700916,1.0,-25.04358678698754,0.0,10.271137879319697,1.0
879,-6.190992737887865,18.228769845687204,0.6,5,6.762378660800221,1.0,-28.268055683386997,0.0,10.875,1.0,-28.64815871409664,0.0,8.323872047244095,1.0
880,10.113500145884188,0.572655040222508,1.0,5,10.395819191052297,1.0,10.875,1.0,9.33658071748879,1.0,10.392882968736664,1.0,9.567217852143191,1.0
881,10.084724766980043,0.4400483585497161,1.0,5,10.511358429631125,1.0,9.664082381594971,1.0,10.405139619220309,1.0,10.397610103995,1.0,9.445433300458815,1.0
882,8.495729718061229,2.1109256545891975,1.0,5,10.043855433535485,1.0,10.521610420127214,1.0,4.666143271509112,1.0,9.358624085318388,1.0,7.888415379815941,1.0
883,4.991896453399031,9.80815551066781,0.8,5,10.875,1.0,9.188440681349391,1.0,10.279380313995334,1.0,-14.581703613242365,0.0,9.198364884892797,1.0
884,10.112114658486096,0.4627652532132408,1.0,5,10.755,1.0,10.279845731707317,1.0,10.158830967484993,1.0,9.323149108768833,1.0,10.043747484469334,1.0
885,-8.501162631839774,18.549065440156905,0.6,5,10.635965403624382,1.0,0.15948172984031572,1.0,8.328098583349506,1.0,-30.5994867991694,0.0,-31.029872076843677,0.0
886,10.612119082314486,0.17475432061151835,1.0,5,10.875,1.0,10.518359480921944,1.0,10.509620724122613,1.0,10.40263595341584,1.0,10.754979253112033,1.0
887,5.6858510281829835,4.6830554545042995,1.0,5,4.670648314358077,1.0,9.22920049380094,1.0,8.343236965926675,1.0,9.23973032575137,1.0,-3.0535609589221426,1.0
888,10.135569755243129,0.8582584068199297,1.0,5,8.490258614573234,1.0,10.875,1.0,10.759695011630912,1.0,10.274690866650706,1.0,10.27820428336079,1.0
889,9.494744664471522,1.3507936883371703,1.0,5,10.875,1.0,6.946986372560341,1.0,10.038884096688017,1.0,10.15041921258169,1.0,9.462433640527566,1.0
890,7.479146181503633,3.876007754269345,1.0,5,10.28154347756256,1.0,-0.008214197454588401,1.0,7.617049083112855,1.0,10.403171910112361,1.0,9.102180634184975,1.0
891,9.939791267593018,0.9283827466644571,1.0,5,9.193219304229196,1.0,10.630720052526627,1.0,10.755587586409767,1.0,10.636812721484775,1.0,8.48261667331472,1.0
892,9.443357384992387,0.832642686938232,1.0,5,9.17592980390942,1.0,8.068043626237625,1.0,10.040645819019968,1.0,10.513908815357413,1.0,9.418258860437511,1.0
893,10.587978195626553,0.19565081420079095,1.0,5,10.641793324478835,1.0,10.875,1.0,10.635166252330642,1.0,10.274361745652914,1.0,10.513569655670382,1.0
894,1.8319465306511507,14.958563072647346,0.8,5,5.696229653036192,1.0,10.514843723361937,1.0,-27.852608479203468,0.0,9.926267756061092,1.0,10.875,1.0
895,9.406656087651898,1.0576567423385783,1.0,5,7.663956148260643,1.0,8.86364255669349,1.0,10.753045685279188,1.0,9.81552109982686,1.0,9.93711494819931,1.0
896,0.2992949930617378,10.855676553533206,0.6,5,9.184015516318887,1.0,-12.995268395766356,0.0,9.00144832109129,1.0,-12.995973557196487,0.0,9.302253080861355,1.0
897,10.043038004670858,0.23435214526758658,1.0,5,10.151952234636871,1.0,9.69349273826441,1.0,9.919996541967935,1.0,10.052693546350088,1.0,10.397054962134991,1.0
898,3.4340391182687497,14.225292871191208,0.8,5,10.393953806747923,1.0,10.635857207564262,1.0,10.520195512108419,1.0,10.636173469387755,1.0,-25.01598440446461,0.0
899,6.355321216704484,5.652918039334427,1.0,5,8.049319010021255,1.0,-4.825541180292861,1.0,8.468374230611406,1.0,9.692543145441892,1.0,10.391910877740722,1.0
900,10.305529216218769,0.25109637771154514,1.0,5,10.061563387651367,1.0,10.156449595290656,1.0,10.395417138848417,1.0,10.15754929263674,1.0,10.756666666666666,1.0
901,2.5341267752671124,12.700332556073906,0.8,5,-22.810597852800417,0.0,8.395964350018005,1.0,10.395183784631058,1.0,8.817453090127573,1.0,7.872630504359342,1.0
902,7.489116595936823,3.182824483922423,1.0,5,10.397864557829791,1.0,10.049442180001314,1.0,3.4397664061079762,1.0,9.798421401458095,1.0,3.760088434286934,1.0
903,10.01853379517998,0.3244623597539967,1.0,5,9.689507489176323,1.0,10.27304860520372,1.0,10.399977623309844,1.0,10.14856356703354,1.0,9.581571691176471,1.0
904,9.827607855639528,1.149533298632968,1.0,5,10.165169890296282,1.0,7.553440707882391,1.0,10.637966542255398,1.0,10.51412671830298,1.0,10.267335419460588,1.0
905,9.177871534266618,1.1921297501693213,1.0,5,8.835800846612441,1.0,7.4379318843392195,1.0,8.584261385658914,1.0,10.39398776792728,1.0,10.637375786795232,1.0
906,2.280770228844541,15.663671571758858,0.8,5,10.279535652233163,1.0,10.174805466335373,1.0,9.9197825276037,1.0,-29.045675295517828,0.0,10.075402793568296,1.0
907,9.730820903574358,0.7615641691599582,1.0,5,8.376680924618404,1.0,9.441870171387976,1.0,10.513291859225026,1.0,10.153438827879256,1.0,10.16882273476112,1.0
908,-13.896780246836391,19.90819197490116,0.4,5,-30.891949446874204,0.0,-28.24766449830178,0.0,-31.249345012548613,0.0,10.390595310955229,1.0,10.514462412587413,1.0
909,10.256556900623046,0.442781666331023,1.0,5,10.518162281357451,1.0,9.443101781902774,1.0,10.75518912428167,1.0,10.28954015410606,1.0,10.276791161467278,1.0
910,4.0225372583355945,5.330781034369348,1.0,5,0.8485216047679476,1.0,9.533275914402793,1.0,10.759762536667132,1.0,-3.2608020366802712,1.0,2.231928272520375,1.0
911,10.143010341660418,0.4832887248490291,1.0,5,10.391501019210574,1.0,10.635694594270646,1.0,10.303194325430828,1.0,9.227857142857143,1.0,10.156804626532887,1.0
912,8.980097123256417,1.0935985301113371,1.0,5,7.71049089699892,1.0,10.39909912948508,1.0,7.6891052036655765,1.0,9.416654639526175,1.0,9.685135746606335,1.0
913,9.425582445017342,0.556575514835329,1.0,5,9.660951170568563,1.0,9.561256724976642,1.0,8.68518003469107,1.0,8.955026824361397,1.0,10.26549747048904,1.0
914,1.6468780808412578,18.158889353458008,0.8,5,10.756718610066274,1.0,-34.67046924379954,0.0,10.640256302521008,1.0,10.632884735418546,1.0,10.875,1.0
915,5.929231223666441,4.331379636177452,1.0,5,0.16690770047444126,1.0,1.2522142163997998,1.0,9.077608387716902,1.0,10.63160342130494,1.0,8.51782239243612,1.0
916,10.493000873062815,0.18638367617114118,1.0,5,10.515050580276796,1.0,10.510712961279767,1.0,10.515062761506277,1.0,10.754062193584536,1.0,10.170115868666699,1.0
917,0.11995192839661328,19.01031295552622,0.8,5,8.335396224344201,1.0,10.404240543242793,1.0,9.579853886074385,1.0,-37.87381499362612,0.0,10.154083981947807,1.0
918,9.603696765349053,0.9143336664413154,1.0,5,9.319352697095436,1.0,9.918095824237076,1.0,7.985171733505822,1.0,10.641950367159161,1.0,10.153913204747774,1.0
919,8.25845301890536,3.2725799447924935,1.0,5,10.27469854324946,1.0,1.8422823583601975,1.0,10.39880579629112,1.0,10.157154629809876,1.0,8.619323766816144,1.0
920,7.2606397001402385,6.447014662527283,1.0,5,-5.632145748293487,1.0,10.394138421590565,1.0,10.635434181856832,1.0,10.512681427849806,1.0,10.393090217697477,1.0
921,2.4429961134316147,13.387048703582305,0.8,5,-24.303906559405956,0.0,8.064209477413641,1.0,9.173962222222222,1.0,9.923721371892746,1.0,9.35699405503542,1.0
922,9.933947600361945,0.4447069410398324,1.0,5,9.545,1.0,10.040602919610718,1.0,9.297929770992367,1.0,10.392705597520822,1.0,10.393499713685818,1.0
923,8.517973884508867,3.404517013404251,1.0,5,10.633018086480735,1.0,10.27592843461122,1.0,1.7378508063624096,1.0,10.28307209508998,1.0,9.66,1.0
924,2.521389492170735,15.332222934370701,0.8,5,-28.124856174659847,0.0,10.875,1.0,9.295932573680602,1.0,10.515056216260096,1.0,10.045814845572824,1.0
925,7.05173533989276,3.1319039235418162,1.0,5,8.371970297615526,1.0,9.307071557537123,1.0,1.8802530842845595,1.0,5.185403515146009,1.0,10.513978244880578,1.0
926,-2.889854518986023,16.516232468956098,0.6,5,10.753036249505174,1.0,-23.324133674895187,0.0,10.153016264498067,1.0,10.875,1.0,-22.90619143403817,0.0
927,8.909469990345688,3.168913056077922,1.0,5,10.756029577238385,1.0,2.5842863604382353,1.0,10.174044142879426,1.0,10.397934005250612,1.0,10.635055865921787,1.0
928,-5.406451835863433,19.529908488890406,0.6,5,-26.436766619519098,0.0,10.51473609868638,1.0,-32.01784500228799,0.0,10.635909090909092,1.0,10.271707252894458,1.0
929,10.329584063173998,0.39921061383925743,1.0,5,10.755248236570807,1.0,10.39324022084971,1.0,10.526041778830624,1.0,10.397707252132316,1.0,9.575682827486531,1.0
930,10.494006249097268,0.24844707580149417,1.0,5,10.148725511360569,1.0,10.653037449213919,1.0,10.875,1.0,10.395877710520267,1.0,10.397390574391585,1.0
931,8.544636047558793,1.1739906676203353,1.0,5,8.029770875636107,1.0,9.203426262626262,1.0,10.516388912763214,1.0,7.668901291839825,1.0,7.304692894928568,1.0
932,9.650115334873394,0.7408018069725858,1.0,5,9.804497988295537,1.0,10.513535323383085,1.0,9.181831575633558,1.0,8.479718320217694,1.0,10.270993466837098,1.0
933,-15.54610962241459,20.396585521032936,0.4,5,-30.614343824496867,0.0,9.182048276078827,1.0,-35.92929360694558,0.0,9.419113108360184,1.0,-29.788072065069525,0.0
934,10.01826865047353,0.6098590555285043,1.0,5,10.875,1.0,9.437284323814424,1.0,9.226026028778298,1.0,10.16016198815349,1.0,10.392870911621433,1.0
935,6.150765049743572,7.852441467890838,1.0,5,10.778696551724138,1.0,-9.499069899368596,1.0,9.06025893432569,1.0,9.66,1.0,10.753939662036627,1.0
936,1.4086440598645606,17.03066501870629,0.8,5,10.159858909791142,1.0,-32.62461549375709,0.0,10.515843600147546,1.0,8.596804108584006,1.0,10.395329174557201,1.0
937,6.114776193792819,5.553761762191245,1.0,5,10.157737177481296,1.0,-4.674629686824391,1.0,10.394105202312138,1.0,7.581302609026851,1.0,7.115365666968201,1.0
938,9.656358474832679,1.0876086818549426,1.0,5,10.185676742008827,1.0,10.637745321470833,1.0,10.760243239376162,1.0,8.217603343744258,1.0,8.480523727563314,1.0
939,10.11036778375909,0.16681713055932162,1.0,5,10.282570339600017,1.0,10.169723740375794,1.0,10.275435879945428,1.0,9.917491192387319,1.0,9.90661776648689,1.0
940,9.954550272461791,0.6912787242699059,1.0,5,9.941255874214942,1.0,8.643733308896685,1.0,10.155796153159358,1.0,10.51627568134172,1.0,10.515690344696248,1.0
941,10.040883696302782,0.2492888094203033,1.0,5,9.814188364224773,1.0,10.276424379610999,1.0,9.793322681742763,1.0,10.3990671186633,1.0,9.921415937272064,1.0
942,9.044686708521047,2.3789722659798835,1.0,5,10.27722094291601,1.0,9.117825742032553,1.0,10.758041008227766,1.0,4.43032119145882,1.0,10.640024657970091,1.0
943,8.666707682276058,3.416956152728569,1.0,5,10.633920771560657,1.0,10.280395021200931,1.0,9.929313324819072,1.0,10.63699768201454,1.0,1.8529116117850943,1.0
944,-4.883077799368363,18.53265956082106,0.6,5,-27.19455523710263,0.0,9.935110205831904,1.0,10.169539116202946,1.0,10.634455648985268,1.0,-27.9599387307593,0.0
945,3.0208849820646195,13.187162559233181,0.8,5,10.03953023916879,1.0,10.396626999484004,1.0,8.528549895675948,1.0,-23.323174949815805,0.0,9.462892725810157,1.0
946,7.450432136204671,2.8325269953317505,1.0,5,3.5040086188413877,1.0,10.396078697894884,1.0,4.573685592291268,1.0,9.19986780646867,1.0,9.578519965527146,1.0
947,9.185378456000157,0.8331008802812271,1.0,5,9.581260870578909,1.0,8.042992840095465,1.0,8.710146892072983,1.0,9.076400492610837,1.0,10.516091184642587,1.0
948,8.025366318529523,2.4073212524307452,1.0,5,10.392251701703584,1.0,9.065238026311556,1.0,9.18749916694435,1.0,8.032707560501677,1.0,3.4491351371864454,1.0
949,8.503967131262907,3.4593530200312754,1.0,5,10.875,1.0,9.922932757718472,1.0,9.819029686322258,1.0,10.278106375438936,1.0,1.6247668368348744,1.0
950,9.486637732194659,0.6487785479465262,1.0,5,9.069010137230057,1.0,9.55878082818577,1.0,8.489377870695934,1.0,10.037714137657746,1.0,10.278305687203792,1.0
951,-5.736166453723941,20.201784515185633,0.6,5,10.513551102879273,1.0,10.875,1.0,10.754025224741715,1.0,-32.744680825461714,0.0,-28.07872777077898,0.0
952,8.044586005490817,2.0492977240592505,1.0,5,9.792567114771305,1.0,7.945452375210997,1.0,4.694183855051364,1.0,10.517091070285181,1.0,7.273635612135241,1.0
953,-3.4951946589770047,16.829091576589594,0.6,5,10.756251666666667,1.0,-24.151385413451724,0.0,10.39446795841514,1.0,9.575658678243524,1.0,-24.05096618475863,0.0
954,6.828370894390922,7.259681194432192,1.0,5,10.270136957564134,1.0,-7.687450283301871,1.0,10.636595732343732,1.0,10.286191904761903,1.0,10.636380160586711,1.0
955,2.247899291494721,14.243578022144217,0.8,5,9.685798576586949,1.0,10.042899417800507,1.0,-26.11701628890109,0.0,10.7529588716836,1.0,6.874855880303642,1.0
956,8.650010213560826,2.5463334143045944,1.0,5,9.918011805446245,1.0,3.652051392231007,1.0,10.393351722228813,1.0,9.00336173152199,1.0,10.283274416376074,1.0
957,5.177182757546811,8.883082249643573,1.0,5,10.054562416491697,1.0,9.344524527469295,1.0,-12.536304924773399,1.0,10.523687777777779,1.0,8.499443990768684,1.0
958,3.1171124606403144,14.282995890473435,0.8,5,10.06191029425769,1.0,10.875,1.0,9.680832263585794,1.0,-25.43803770296693,0.0,10.405857448325017,1.0
959,8.781571540646985,2.5747775855324484,1.0,5,3.727168712732375,1.0,10.39558585428206,1.0,10.658646666666666,1.0,9.209687204857206,1.0,9.916769264696615,1.0
960,-18.91185365447728,27.345599889379276,0.4,5,-52.230683974727164,0.0,-13.162536801159334,0.0,10.63897683007032,1.0,9.427469744926457,1.0,-49.232494071496674,0.0
961,10.134505936882457,0.49117360267805144,1.0,5,10.638386443776938,1.0,10.392901196289692,1.0,10.272891077830268,1.0,10.164200681745962,1.0,9.20415028476943,1.0
962,9.329678618199006,1.9996788733029482,1.0,5,10.639388333333333,1.0,10.395004842254256,1.0,10.637745321470833,1.0,9.567749551421286,1.0,5.408505042515326,1.0
963,9.943551918380738,0.8156087715245458,1.0,5,10.522016053511706,1.0,9.09166819201025,1.0,10.51391122898709,1.0,10.768828781512605,1.0,8.821335335882031,1.0
964,10.375174282674138,0.459530091540898,1.0,5,9.568581644815255,1.0,10.875,1.0,10.756060337963373,1.0,10.399763250668611,1.0,10.27646617992345,1.0
965,7.792190190849976,5.046841803483172,1.0,5,10.635236074056108,1.0,-2.285880347458196,1.0,10.516072247706422,1.0,9.815481435643564,1.0,10.280041544301984,1.0
966,9.543553226913687,1.2230348121979804,1.0,5,10.753571360563647,1.0,7.219969603524229,1.0,9.670800314637983,1.0,10.274706339801511,1.0,9.79871851604106,1.0
967,2.0281318681519998,10.21665940255589,1.0,5,10.276183263915184,1.0,2.7164355713321235,1.0,3.5530442157638795,1.0,10.875,1.0,-17.28000371025119,1.0
968,9.521670938440863,0.6499693001717787,1.0,5,9.088335700403647,1.0,8.500596581387553,1.0,10.052634716873484,1.0,10.278037328382274,1.0,9.68875036515735,1.0
969,-8.976394574358256,21.046044909794123,0.6,5,10.756379319276796,1.0,-33.182013728657175,0.0,-35.80720096194065,0.0,2.8326332535282237,1.0,10.518229246001523,1.0
970,9.680631785573931,0.9424272324442469,1.0,5,8.25784678823891,1.0,10.159383235148626,1.0,10.159399957428692,1.0,10.875,1.0,8.951528947053426,1.0
971,6.43071639279424,5.28244521128819,1.0,5,10.514348040143911,1.0,-3.816099685120985,1.0,8.372838993478528,1.0,6.933869286931909,1.0,10.148625328537834,1.0
972,7.0355405220913125,5.202185376201158,1.0,5,10.514710394075642,1.0,-3.201101867838645,1.0,10.39446795841514,1.0,7.909360106648892,1.0,9.560266019155538,1.0
973,8.503983810251771,2.826882759064728,1.0,5,10.156986155484558,1.0,7.843167890385615,1.0,10.637832604895104,1.0,10.638795121209817,1.0,3.2431372792837587,1.0
974,6.948010889660907,4.459367966104883,1.0,5,9.573721743010113,1.0,7.3480938939718365,1.0,9.789564811779833,1.0,-1.7773844935814047,1.0,9.806058493124153,1.0
975,10.27595072528277,0.519037625530686,1.0,5,9.317079363797836,1.0,10.75325842696629,1.0,10.158907019005072,1.0,10.516608287056814,1.0,10.633900529587843,1.0
976,9.649048144087821,0.5422793515568254,1.0,5,9.919595801127521,1.0,8.941955277660025,1.0,9.060080123197785,1.0,10.272340040410844,1.0,10.051269478042935,1.0
977,8.8523787358228,3.3882191529216277,1.0,5,10.516388912763214,1.0,10.51410136837089,1.0,10.521183770462947,1.0,2.0765423675924097,1.0,10.633677259924537,1.0
978,8.666658852515019,2.1004230377234436,1.0,5,9.689685056207233,1.0,5.071577553754864,1.0,7.543685500430549,1.0,10.515871124435504,1.0,10.512475027746948,1.0
979,3.440533187428153,14.098289365997067,0.8,5,10.27409957098673,1.0,-24.749504932815498,0.0,10.047608286252354,1.0,10.755463012717177,1.0,10.875,1.0
980,7.397755848766122,5.4309017401035495,1.0,5,9.829260861661515,1.0,10.154878682842288,1.0,9.688715688056716,1.0,-3.439182231306127,1.0,10.755106242576217,1.0
981,8.964318857188337,2.5791158493237862,1.0,5,9.808477437279002,1.0,3.82617854563635,1.0,10.397100928542592,1.0,10.39679487179487,1.0,10.39304250268887,1.0
982,9.049582415874394,1.2025352213892728,1.0,5,10.392522196362384,1.0,10.63506814967211,1.0,8.021714585519412,1.0,7.940195912775433,1.0,8.258411235042631,1.0
983,2.4919920958220225,14.359681689330449,0.8,5,10.28484419263456,1.0,7.3982132231404965,1.0,-26.13282049723418,0.0,10.519120361280189,1.0,10.390603199289048,1.0
984,9.273943457282002,1.5993541464494336,1.0,5,10.875,1.0,7.720607001360062,1.0,6.980083032562175,1.0,10.517561072564325,1.0,10.27646617992345,1.0
985,1.1893692022440274,16.124342620760885,0.8,5,9.673878137708597,1.0,6.275824734503277,1.0,10.272470660214696,1.0,-30.91032752120643,0.0,10.635,1.0
986,9.686682715831287,0.9526368306162883,1.0,5,10.393503016734337,1.0,8.29185862720403,1.0,10.758602499399183,1.0,8.835275056861258,1.0,10.154174378957624,1.0
987,-0.31634933498555357,15.361422954056373,0.8,5,-28.880349188891966,0.0,10.150325872566674,1.0,10.7529794933655,1.0,-4.123102582579795,1.0,10.518399730611822,1.0
988,3.267535192722252,13.133324539982988,0.8,5,10.034837426496022,1.0,-22.95869514896991,0.0,10.156583495099664,1.0,8.468592207792208,1.0,10.636357983193278,1.0
989,9.364322563774902,1.2176521786079557,1.0,5,7.166599117270181,1.0,9.059762144535558,1.0,10.513468854562955,1.0,10.397690242821257,1.0,9.684092459684566,1.0
990,-12.756775261275717,18.958944486361563,0.4,5,10.280950229595616,1.0,-28.989532026143777,0.0,10.633107255520505,1.0,-27.947921925297628,0.0,-27.760479840053303,0.0
991,9.14349891912555,1.075094943619186,1.0,5,10.39524663107043,1.0,7.396166558490188,1.0,8.952901908187528,1.0,10.152680253492727,1.0,8.820499244386875,1.0
992,7.32405997499872,4.901883116810765,1.0,5,-2.1668137081470498,1.0,7.35545296961956,1.0,10.27515088703286,1.0,10.281509726488226,1.0,10.875,1.0
993,9.821176489194963,0.5284066694621584,1.0,5,10.27488809689961,1.0,9.178851547648936,1.0,10.395017775144424,1.0,9.196047554347826,1.0,10.061077471934016,1.0
994,10.138768969702104,0.899780741862066,1.0,5,8.393470688643516,1.0,10.15923789781734,1.0,10.754603732428503,1.0,10.753908225108226,1.0,10.63262430451294,1.0
995,-18.332162059156776,14.753659985536821,0.2,5,10.875,1.0,-28.11092022642944,0.0,-27.84294230713648,0.0,-23.15789927069021,0.0,-23.424048491527742,0.0
996,10.355834439371696,0.3508793202938071,1.0,5,10.635047614512903,1.0,10.875,1.0,10.273679604478037,1.0,10.046971121122745,1.0,9.948473856744796,1.0
997,6.517580594456017,8.056193423514687,1.0,5,10.753981243917544,1.0,10.39446795841514,1.0,-9.592395705068217,1.0,10.39536739422933,1.0,10.636482080786287,1.0
998,8.825420010519927,1.9261143644830647,1.0,5,7.405058500161684,1.0,10.636611719293805,1.0,10.541932055749129,1.0,9.782331047172969,1.0,5.761166730222054,1.0
999,10.20767170656335,0.32786450161734415,1.0,5,9.577126216968011,1.0,10.516738694586767,1.0,10.39607291892059,1.0,10.277024627188911,1.0,10.27139607515247,1.0
1000,9.360529344867675,1.0945298788387263,1.0,5,10.041471603388766,1.0,8.339120864033683,1.0,7.754124638969119,1.0,10.394509625034212,1.0,10.273419992912599,1.0
