scenario_id,robot_id,robots,success,reward,steps,spl,collisions,deadlock,cumulative_risk,path_length,shortest_path_length,detour,disruption_applied
0,0,10,1.0,10.613972160356347,3,0.593915343915344,0,0.0,0.2,15.12,8.98,1.683741648106904,1.0
0,1,10,1.0,10.251113125453227,5,0.6609519595914907,0,0.0,0.55,27.122999999999998,17.927,1.5129692642382997,1.0
0,2,10,0.0,-13.16716778708905,12,0.0,10,1.0,0.1,5.7,43.436,0.1312275531816926,1.0
0,3,10,0.0,-25.600626871120845,200,0.0,0,0.0,15.000000000000004,951.5879999999966,54.78,17.371084337349334,1.0
0,4,10,0.0,-25.274918953810918,200,0.0,0,0.0,14.950000000000003,646.3349999999999,41.828,15.45220904657167,1.0
0,5,10,1.0,10.202782239664142,6,0.7674312729819647,0,0.0,0.44999999999999996,28.555,21.914,1.3030482796385872,1.0
0,6,10,1.0,10.330977459537326,5,0.7224143736035015,0,0.0,0.4,32.67100000000001,23.602,1.3842470977035848,1.0
0,7,10,0.0,-12.935862925334622,12,0.0,10,1.0,0.2,8.983,31.004999999999995,0.28972746331236904,1.0
0,8,10,1.0,10.253948783610756,6,0.8372940714004932,0,0.0,0.35,27.983,23.43,1.194323516858728,1.0
0,9,10,0.0,-23.07845894603324,200,0.0,0,0.0,10.050000000000008,700.0819999999984,67.801,10.325540921225327,1.0
1,0,10,0.0,-25.940537059948287,200,0.0,0,0.0,16.650000000000023,1090.6499999999996,35.564,30.66724777865256,1.0
1,1,10,1.0,10.271215753424658,5,1.0,0,0.0,0.5,21.024,21.024,1.0,1.0
1,2,10,0.0,-25.339785502840247,200,0.0,0,0.0,13.95000000000001,673.3169999999992,62.495000000000005,10.773933914713163,1.0
1,3,10,1.0,10.032598430593154,7,0.8379658875552748,0,0.0,0.6000000000000001,34.826,29.183,1.1933660007538636,1.0
1,4,10,0.0,-25.784958848795053,200,0.0,0,0.0,14.950000000000003,955.1109999999985,77.762,12.282490162290046,1.0
1,5,10,0.0,-22.85665225886678,200,0.0,0,0.0,10.000000000000007,1452.599999999997,50.666999999999994,28.669548226656346,1.0
1,6,10,0.0,-28.048419508149575,200,0.0,0,0.0,20.00000000000003,609.0649999999995,31.351,19.42729099550252,1.0
1,7,10,1.0,8.699894090872146,17,0.6343322059066161,0,0.0,1.3500000000000003,96.976,61.515,1.5764610257660734,1.0
1,8,10,1.0,10.17980963245517,6,0.7935443718351297,0,0.0,0.49999999999999994,35.349000000000004,28.051000000000002,1.2601689779330505,1.0
1,9,10,0.0,-25.424272509414532,200,0.0,0,0.0,15.000000000000004,1142.2830000000042,29.21,39.10588839438563,1.0
2,0,10,0.0,-22.8917258632404,200,0.0,0,0.0,10.000000000000007,1104.309000000003,48.567,22.73784668602143,1.0
2,1,10,0.0,-23.43447566620471,200,0.0,0,0.0,10.150000000000011,683.0160000000034,38.239000000000004,17.861764167473083,1.0
2,2,10,1.0,10.463687156355974,4,1.0,0,0.0,0.3,30.372999999999998,30.372999999999998,1.0,1.0
2,3,10,1.0,10.055378234223145,7,0.9576396051274495,0,0.0,0.55,40.721999999999994,38.99699999999999,1.044234171859374,1.0
2,4,10,1.0,10.34856220299744,5,0.7502171031582796,0,0.0,0.35,21.879,16.414,1.3329474838552455,1.0
2,5,10,0.0,-22.972335406390705,200,0.0,0,0.0,10.000000000000007,682.0000000000001,46.63,14.625777396525843,1.0
2,6,10,1.0,10.130677712888767,6,0.775195430737241,0,0.0,0.6000000000000001,37.99300000000001,29.452,1.2899972837158769,1.0
2,7,10,0.0,-30.920888539816932,200,0.0,0,0.0,24.8,504.5580000000006,43.926,11.486545553886094,1.0
2,8,10,1.0,9.849688301131746,8,0.7264097381509323,0,0.0,0.8,44.033,31.986000000000004,1.376633527168136,1.0
2,9,10,0.0,-24.83205943767298,200,0.0,0,0.0,13.300000000000013,924.1349999999991,41.186,22.438085757296147,1.0
3,0,10,0.0,-28.009342832130912,200,0.0,0,0.0,20.00000000000003,705.2429999999974,66.254,10.644534669604814,1.0
3,1,10,0.0,-25.409824571444908,200,0.0,0,0.0,15.000000000000004,866.5840000000021,34.943,24.799931316715856,1.0
3,2,10,1.0,9.943161629713318,7,0.5240914810154688,0,0.0,0.8,54.044000000000004,28.323999999999998,1.9080638327919788,1.0
3,3,10,0.0,-23.489624439887596,200,0.0,0,0.0,10.10000000000001,695.7579999999999,52.66800000000001,13.21026049973418,1.0
3,4,10,0.0,-23.601317627175362,200,0.0,0,0.0,10.25000000000001,871.1530000000027,53.843,16.179503370911775,1.0
3,5,10,1.0,10.344083993583823,5,1.0,0,0.0,0.35,41.146,41.146,1.0,1.0
3,6,10,0.0,-25.420084245012525,200,0.0,0,0.0,15.000000000000002,1624.6160000000045,51.279,31.681897072875923,1.0
3,7,10,1.0,10.484219367217186,4,0.933125043881205,0,0.0,0.25,28.485999999999997,26.581000000000003,1.0716677325909483,1.0
3,8,10,0.0,-23.118662400288414,200,0.0,0,0.0,10.000000000000007,1053.1999999999975,44.378,23.732480057686185,1.0
3,9,10,1.0,10.489302325581395,4,1.0,0,0.0,0.25,21.672,21.672,1.0,1.0
4,0,10,1.0,9.708641903936021,9,0.6625596501588011,0,0.0,0.8499999999999999,62.657,41.514,1.5092980681215973,1.0
4,1,10,0.0,-34.883547013155024,200,0.0,4,0.0,24.3,1371.4970000000005,37.096000000000004,36.971560276040556,1.0
4,2,10,0.0,-12.702647314768772,12,0.0,10,1.0,0.2,17.35,32.176,0.5392217802088514,1.0
4,3,10,1.0,10.222151583248213,6,1.0,0,0.0,0.39999999999999997,48.949999999999996,48.949999999999996,1.0,1.0
4,4,10,1.0,10.415263667150459,4,0.9159392032613993,0,0.0,0.39999999999999997,22.567,20.669999999999998,1.091775520077407,1.0
4,5,10,1.0,10.728223614676129,2,1.0,0,0.0,0.15000000000000002,6.623,6.623,1.0,1.0
4,6,10,0.0,-13.163002353263726,15,0.0,10,1.0,0.3,41.107,43.769,0.939180698668007,1.0
4,7,10,1.0,8.983189540065315,14,0.7903396015308133,0,0.0,1.35,78.65100000000001,62.161,1.2652788726050097,1.0
4,8,10,0.0,-13.174695878115035,12,0.0,10,1.0,0.1,7.5600000000000005,8.467,0.8928782331404276,1.0
4,9,10,0.0,-13.19678257060615,15,0.0,10,1.0,0.35,38.583000000000006,47.94199999999999,0.8047849484794128,1.0
5,0,10,1.0,10.106624906294723,7,0.791388764044944,0,0.0,0.45,55.625,44.02100000000001,1.263601462938143,1.0
5,1,10,0.0,-23.125957295734633,200,0.0,0,0.0,10.000000000000007,993.399999999998,39.434,25.191459146929,1.0
5,2,10,1.0,10.196944778761063,6,0.8267002224043076,0,0.0,0.44999999999999996,34.172000000000004,28.250000000000004,1.2096283185840708,1.0
5,3,10,0.0,-25.893788724927063,200,0.0,0,0.0,15.050000000000002,1114.693999999998,56.585,19.69946098789428,1.0
5,4,10,0.0,-12.924884399924041,12,0.0,10,1.0,0.1,9.778,42.128,0.23210216483099128,1.0
5,5,10,1.0,9.53969848738817,11,0.7394128539003703,0,0.0,0.8,66.968,49.516999999999996,1.3524244198961974,1.0
5,6,10,0.0,-12.797498472897246,16,0.0,10,1.0,0.3,53.021,37.653,1.4081480891296843,1.0
5,7,10,1.0,9.887910093262443,8,0.8760188596407504,0,0.0,0.7000000000000001,52.387,45.891999999999996,1.1415279351520964,1.0
5,8,10,0.0,-13.614668991166898,16,0.0,10,1.0,0.3,26.142,21.509999999999998,1.2153417015341703,1.0
5,9,10,0.0,-12.899753628256686,12,0.0,10,1.0,0.15000000000000002,10.496,28.595,0.36705717782829167,1.0
6,0,10,1.0,9.350450730314314,12,0.9359953766412021,0,0.0,1.0,55.371,51.827000000000005,1.0683813456306557,1.0
6,1,10,1.0,9.455929263625702,11,0.6689376109665964,0,0.0,1.0,48.438,32.402,1.4949077217455713,1.0
6,2,10,0.0,-30.556364490371042,200,0.0,0,0.0,25.0,874.6000000000031,72.386,12.0824468819938,1.0
6,3,10,1.0,9.595196889128346,10,0.9435075698972262,0,0.0,0.9000000000000001,45.245000000000005,42.689,1.0598749092272015,1.0
6,4,10,0.0,-22.87475516099476,200,0.0,0,0.0,10.000000000000007,659.6000000000003,42.57900000000001,15.491204584419553,1.0
6,5,10,1.0,9.75751523922291,9,0.9044143894022924,0,0.0,0.75,50.42600000000001,45.606,1.1056878480901637,1.0
6,6,10,1.0,10.352477565900168,5,0.5705447854723874,0,0.0,0.35,37.501000000000005,21.396,1.7527107870630025,1.0
6,7,10,0.0,-23.223632634578973,200,0.0,0,0.0,10.000000000000007,275.8070000000003,37.543000000000006,7.346429427589704,1.0
6,8,10,1.0,10.273292490810432,5,0.830056179775281,0,0.0,0.5,20.648,17.139000000000003,1.204737732656514,1.0
6,9,10,0.0,-23.109060152246396,200,0.0,0,0.0,10.000000000000007,633.1919999999992,20.099,31.503656898353114,1.0
7,0,10,0.0,-12.954892088224454,11,0.0,10,1.0,0.05,2.566,37.994,0.06753697952308259,1.0
7,1,10,1.0,10.466401333400677,4,0.910382563913923,0,0.0,0.30000000000000004,21.748,19.799,1.0984393151169252,1.0
7,2,10,1.0,10.002388407250843,7,1.0,0,0.0,0.65,27.914,27.914,1.0,1.0
7,3,10,0.0,-22.54449352242795,200,0.0,0,0.0,10.050000000000008,1117.469999999999,55.422000000000004,20.162931687777395,1.0
7,4,10,0.0,-28.043540116597487,200,0.0,0,0.0,19.950000000000017,2655.422999999999,62.094,42.76456662479465,1.0
7,5,10,0.0,-13.330502615844543,11,0.0,10,1.0,0.05,5.643,48.168,0.117152466367713,1.0
7,6,10,0.0,-22.90148779430882,200,0.0,0,0.0,10.000000000000007,682.0000000000001,34.615,19.70244113823487,1.0
7,7,10,0.0,-22.34178587229019,200,0.0,0,0.0,10.000000000000007,1029.6279999999972,13.562,75.92007078601956,1.0
7,8,10,0.0,-22.686740935182414,200,0.0,0,0.0,10.20000000000001,701.5119999999989,63.239,11.093028036496449,1.0
7,9,10,0.0,-22.809439204221594,200,0.0,0,0.0,10.000000000000007,1092.3999999999983,54.387,20.0856822402412,1.0
8,0,10,1.0,9.960132617759248,8,0.9559871099050203,0,0.0,0.55,35.376000000000005,33.819,1.046039208728821,1.0
8,1,10,0.0,-12.866951909881063,12,0.0,10,1.0,0.2,15.501000000000001,34.976,0.44318961573650506,1.0
8,2,10,0.0,-13.87678038974817,18,0.0,10,1.0,0.49999999999999994,31.372,35.818,0.8758724663576973,1.0
8,3,10,1.0,9.436451715928227,12,0.7963099972255617,0,0.0,0.85,64.878,51.663,1.2557923465536265,1.0
8,4,10,1.0,9.982260122230711,7,0.8428304680960659,0,0.0,0.7000000000000001,31.062,26.18,1.1864782276546983,1.0
8,5,10,0.0,-24.71707163308008,200,0.0,0,0.0,13.350000000000012,817.5770000000001,36.324,22.507901112212316,1.0
8,6,10,1.0,10.46387581372058,4,0.9871853372880066,0,0.0,0.3,26.298000000000002,25.961,1.0129810099765033,1.0
8,7,10,0.0,-12.772630022612631,12,0.0,10,1.0,0.2,29.058,63.239,0.45949493192491975,1.0
8,8,10,0.0,-23.195962887444022,200,0.0,0,0.0,10.000000000000007,566.397999999998,77.97900000000001,7.263468369689249,1.0
8,9,10,1.0,10.069130610390266,7,0.8360911777121147,0,0.0,0.49999999999999994,47.38,39.614,1.1960418034028375,1.0
9,0,10,1.0,9.713474762756155,10,0.6161864406779664,0,0.0,0.7000000000000001,47.19999999999999,29.084000000000003,1.622885435290881,1.0
9,1,10,1.0,10.366186856796933,5,0.8848088082130634,0,0.0,0.3,33.605,29.733999999999995,1.1301876639537232,1.0
9,2,10,1.0,10.105898098439615,7,0.7671375235749202,0,0.0,0.44999999999999996,25.981,19.931,1.303547237971,1.0
9,3,10,0.0,-23.102311119083968,200,0.0,0,0.0,10.000000000000007,684.4000000000029,33.447,20.46222381678485,1.0
9,4,10,1.0,9.839587398160775,8,0.6909306146115192,0,0.0,0.8,41.391999999999996,28.599,1.4473233329836706,1.0
9,5,10,1.0,9.644671745071815,10,0.863751276599307,0,0.0,0.8,59.72899999999999,51.591,1.1577406912058303,1.0
9,6,10,0.0,-28.57906340701044,200,0.0,0,0.0,19.85000000000003,892.367000000001,76.143,11.719619663002522,1.0
9,7,10,0.0,-29.696911419087513,200,0.0,0,0.0,23.250000000000014,1399.8640000000012,41.272999999999996,33.917185569258386,1.0
9,8,10,0.0,-28.419308694428093,200,0.0,0,0.0,19.80000000000003,814.4500000000033,39.071000000000005,20.845384044432013,1.0
9,9,10,0.0,-22.989342360248443,200,0.0,0,0.0,10.050000000000008,1120.6040000000035,60.37500000000001,18.560728778467965,1.0
10,0,10,0.0,-25.95264298333367,200,0.0,0,0.0,15.000000000000002,922.336999999998,46.981,19.632127881483964,1.0
10,1,10,1.0,9.772148866482564,9,0.502703837027232,0,0.0,0.7500000000000001,61.949,31.141999999999996,1.989242823196969,1.0
10,2,10,0.0,-12.842078813873878,14,0.0,10,1.0,0.45000000000000007,38.716,48.494,0.79836680826494,1.0
10,3,10,1.0,10.466966766548625,4,0.8920478707247435,0,0.0,0.30000000000000004,16.461,14.684000000000001,1.1210160719150093,1.0
10,4,10,1.0,10.050420553117666,7,0.8617384269030531,0,0.0,0.55,56.856,48.99499999999999,1.1604449433615678,1.0
10,5,10,0.0,-25.159044502164523,200,0.0,0,0.0,13.350000000000012,558.3809999999997,57.75,9.668935064935061,1.0
10,6,10,1.0,10.59208409173644,3,0.32896233758457577,0,0.0,0.25,16.701,5.494,3.0398616672733896,1.0
10,7,10,1.0,10.729641251573458,2,1.0,0,0.0,0.15000000000000002,11.122,11.122,1.0,1.0
10,8,10,1.0,10.363901520912549,5,1.0,0,0.0,0.3,26.3,26.3,1.0,1.0
10,9,10,0.0,-12.98447813345356,14,0.0,10,1.0,0.25,33.052,62.104000000000006,0.5322040448280303,1.0
11,0,10,0.0,-27.790102736414628,200,0.0,0,0.0,19.950000000000017,1454.404000000006,41.367999999999995,35.15770643976035,1.0
11,1,10,0.0,-13.009077245539592,16,0.0,10,1.0,0.55,32.131,39.122,0.82130259189203,1.0
11,2,10,0.0,-23.422257389035693,200,0.0,0,0.0,10.000000000000007,844.5950000000003,58.262,14.49649857540078,1.0
11,3,10,0.0,-13.302473438767237,16,0.0,10,1.0,0.35000000000000003,32.555,49.31999999999999,0.6600770478507706,1.0
11,4,10,1.0,10.608011474951022,3,1.0,0,0.0,0.2,14.292000000000002,14.292000000000002,1.0,1.0
11,5,10,1.0,9.358033116591491,12,0.6601484957075461,0,0.0,1.0,77.57799999999999,51.213,1.5148106925975824,1.0
11,6,10,0.0,-25.590934384419207,200,0.0,0,0.0,15.000000000000002,784.4000000000033,43.13,18.18687688383963,1.0
11,7,10,0.0,-13.161723487211479,16,0.0,10,1.0,0.39999999999999997,41.115,64.12,0.64121958827199,1.0
11,8,10,1.0,10.054408198614318,6,0.9250789026462736,0,0.0,0.75,41.19,38.104000000000006,1.080988872559311,1.0
11,9,10,1.0,10.635913161240396,3,1.0,0,0.0,0.15000000000000002,18.091,18.091,1.0,1.0
12,0,10,0.0,-25.659541288552546,200,0.0,0,0.0,14.900000000000002,1166.9620000000016,66.33800000000001,17.591154391148383,1.0
12,1,10,1.0,10.153206151517237,6,0.8143789750917599,0,0.0,0.55,35.690999999999995,29.066,1.227929539668341,1.0
12,2,10,0.0,-12.486588926270173,12,0.0,10,1.0,0.2,29.098,35.074,0.8296173803957347,1.0
12,3,10,0.0,-23.050207593202963,200,0.0,0,0.0,10.000000000000007,446.450999999999,46.726,9.554659076317233,1.0
12,4,10,1.0,10.152791857870584,6,1.0,0,0.0,0.5499999999999999,23.753,23.753,1.0,1.0
12,5,10,1.0,10.49248502994012,4,0.5324071365896461,0,0.0,0.25,34.19,18.203,1.8782618249739054,1.0
12,6,10,0.0,-13.09315821356952,12,0.0,10,1.0,0.1,8.89,47.872,0.1857035427807487,1.0
12,7,10,1.0,8.76085366825362,16,0.6605916256546569,0,0.0,1.4500000000000002,75.994,50.20099999999999,1.51379454592538,1.0
12,8,10,0.0,-26.25229696805628,200,0.0,0,0.0,16.649999999999995,835.9679999999988,36.94,22.630427720628013,1.0
12,9,10,1.0,10.485487939976837,4,0.7113331900565942,0,0.0,0.25,27.918,19.858999999999998,1.4058109673196033,1.0
13,0,10,1.0,10.634366532865029,3,0.6793353216872603,0,0.0,0.15000000000000002,11.735000000000001,7.972,1.4720270948319119,1.0
13,1,10,0.0,-23.027096103426445,200,0.0,0,0.0,10.000000000000007,921.8399999999979,33.183,27.78049000994479,1.0
13,2,10,1.0,9.966844323998796,8,0.8529965753424658,0,0.0,0.5499999999999999,46.72,39.852,1.1723376493024191,1.0
13,3,10,1.0,10.365862186885526,5,0.8860468639531361,0,0.0,0.3,39.604,35.091,1.1286084751075773,1.0
13,4,10,0.0,-22.925567144316098,200,0.0,0,0.0,10.000000000000007,1658.8229999999978,32.311,51.33926526569892,1.0
13,5,10,1.0,9.760339454582923,9,0.7683362361675551,0,0.0,0.7500000000000001,56.84100000000001,43.673,1.301513520939711,1.0
13,6,10,1.0,10.198034058702023,6,1.0,0,0.0,0.45,20.817,20.817,1.0,1.0
13,7,10,0.0,-25.625509344428558,200,0.0,0,0.0,15.000000000000002,1355.1269999999984,58.163000000000004,23.298781011983532,1.0
13,8,10,0.0,-25.607218711628857,200,0.0,0,0.0,15.000000000000004,737.7330000000003,66.782,11.046883890868802,1.0
13,9,10,1.0,10.231984707584212,5,0.5250992903183801,0,0.0,0.6000000000000001,46.077,24.195,1.904401735895846,1.0
14,0,10,0.0,-25.640600162206002,200,0.0,0,0.0,15.000000000000004,1221.5999999999942,30.825000000000003,39.63017031630151,1.0
14,1,10,1.0,10.08350955381384,7,0.8768753930464469,0,0.0,0.49999999999999994,44.524,39.042,1.1404128886839813,1.0
14,2,10,0.0,-25.880543674543407,200,0.0,0,0.0,15.050000000000002,673.1289999999985,77.52800000000002,8.682398617273739,1.0
14,3,10,0.0,-25.76446158351117,200,0.0,0,0.0,15.150000000000002,1235.1379999999986,52.933,23.333988249296254,1.0
14,4,10,0.0,-25.508178633975543,200,0.0,0,0.0,15.000000000000004,589.0409999999986,57.099999999999994,10.315954465849362,1.0
14,5,10,1.0,9.788049682342264,9,0.8875794373004746,0,0.0,0.7,33.516999999999996,29.749000000000002,1.126659719654442,1.0
14,6,10,1.0,10.244133785163866,5,0.679837157193802,0,0.0,0.55,31.686999999999998,21.542,1.4709404883483426,1.0
14,7,10,1.0,9.844234826946122,9,0.7733500508794882,0,0.0,0.6000000000000001,55.032000000000004,42.559,1.2930754951949062,1.0
14,8,10,0.0,-25.609253929599216,200,0.0,0,0.0,15.000000000000004,808.5860000000011,18.068,44.75237989816256,1.0
14,9,10,0.0,-23.00807364652997,200,0.0,0,0.0,10.000000000000007,900.680999999996,36.037,24.993229181119293,1.0
15,0,10,0.0,-27.32091866154719,200,0.0,0,0.0,18.050000000000026,859.6899999999999,72.143,11.916471452531777,1.0
15,1,10,0.0,-23.031180594114367,200,0.0,0,0.0,10.000000000000007,1340.3999999999999,57.632000000000005,23.257912270960574,1.0
15,2,10,1.0,10.034970948422275,7,0.8751466791832903,0,0.0,0.6,38.349000000000004,33.561,1.1426655939930277,1.0
15,3,10,0.0,-13.546113893398639,15,0.0,10,1.0,0.35,14.613,36.341,0.40210781211304036,1.0
15,4,10,0.0,-13.321935190677562,15,0.0,10,1.0,0.44999999999999996,23.454,52.260999999999996,0.4487859015326917,1.0
15,5,10,1.0,10.34678696461825,5,0.745501999111506,0,0.0,0.35,18.008,13.425,1.3413780260707633,1.0
15,6,10,1.0,10.753984794275492,2,0.20780669144981415,0,0.0,0.15000000000000002,10.76,2.236,4.812164579606439,1.0
15,7,10,1.0,10.13662164274771,7,0.8303175056465641,0,0.0,0.39999999999999997,38.519,31.983000000000004,1.2043585654879152,1.0
15,8,10,1.0,10.473301269719123,4,0.6011750555144338,0,0.0,0.3,21.616,12.995000000000001,1.6634090034628701,1.0
15,9,10,0.0,-25.606835956358044,200,0.0,0,0.0,15.000000000000004,1310.8610000000065,41.428,31.641908853915385,1.0
16,0,10,1.0,10.646258809710258,3,0.2846158132278375,0,0.0,0.15000000000000002,17.947,5.108,3.5135082223962413,1.0
16,1,10,0.0,-25.639455187231356,200,0.0,0,0.0,14.950000000000003,908.0039999999981,39.096000000000004,23.224984653161396,1.0
16,2,10,1.0,10.325426042050903,5,1.0,0,0.0,0.39999999999999997,37.954,37.954,1.0,1.0
16,3,10,0.0,-27.90907676233241,200,0.0,0,0.0,20.000000000000014,1460.109000000006,44.983000000000004,32.459129004290645,1.0
16,4,10,1.0,10.007342274136564,7,0.9831986388770737,0,0.0,0.65,28.211999999999996,27.738,1.017088470690028,1.0
16,5,10,1.0,10.267940810522575,5,0.9726832641770403,0,0.0,0.5000000000000001,34.70399999999999,33.756,1.0280838961962315,1.0
16,6,10,0.0,-13.04530738903451,11,0.0,10,1.0,0.05,4.121,46.163,0.08927062799211491,1.0
16,7,10,1.0,9.328828638893574,12,0.8433734939759033,0,0.0,1.05,70.30100000000002,59.28999999999999,1.1857142857142862,1.0
16,8,10,0.0,-22.8720905890724,200,0.0,0,0.0,10.050000000000008,1078.0520000000051,26.703,40.37194322735292,1.0
16,9,10,0.0,-12.893687124035873,11,0.0,10,1.0,0.05,7.387,54.193999999999996,0.13630660220688637,1.0
17,0,10,0.0,-13.089860785137235,12,0.0,10,1.0,0.15000000000000002,6.645,40.477000000000004,0.1641673048891963,1.0
17,1,10,0.0,-23.01249718290017,200,0.0,0,0.0,10.000000000000007,688.432000000003,56.796,12.121135291217744,1.0
17,2,10,1.0,10.441262369956863,4,0.650786442637163,0,0.0,0.35000000000000003,24.223,15.764,1.5366023851814261,1.0
17,3,10,0.0,-13.025908847676853,12,0.0,10,1.0,0.2,11.89,65.40700000000001,0.1817848242542847,1.0
17,4,10,0.0,-23.078883159863764,200,0.0,0,0.0,10.150000000000011,844.7459999999969,41.69800000000001,20.258669480550548,1.0
17,5,10,1.0,9.675449236298293,10,0.7499133715781773,0,0.0,0.75,51.946000000000005,38.955,1.333487357207034,1.0
17,6,10,0.0,-23.092830575486836,200,0.0,0,0.0,10.000000000000007,714.214,27.316000000000003,26.14636110704349,1.0
17,7,10,0.0,-23.07572466979873,200,0.0,0,0.0,10.000000000000007,683.3999999999996,45.123999999999995,15.144933959755335,1.0
17,8,10,0.0,-24.554560001610188,200,0.0,0,0.0,12.450000000000015,844.694000000001,49.682,17.00201280141703,1.0
17,9,10,0.0,-25.503945306166614,200,0.0,0,0.0,15.000000000000002,821.5999999999964,37.006,22.201805112684333,1.0
18,0,10,1.0,10.106046730273697,7,0.890370186643517,0,0.0,0.45,32.254000000000005,28.718,1.1231283515565154,1.0
18,1,10,1.0,10.591944184178825,3,0.5227034212551598,0,0.0,0.25,14.293000000000001,7.471,1.913130772319636,1.0
18,2,10,1.0,10.509092966981502,3,0.8002873563218391,0,0.0,0.4,16.008,12.811,1.2495511669658885,1.0
18,3,10,0.0,-33.17534938657309,200,0.0,0,0.0,30.000000000000007,1173.8339999999964,39.36899999999999,29.816200563895364,1.0
18,4,10,1.0,10.031425869894099,7,0.8976023764056864,0,0.0,0.6000000000000001,23.565,21.152,1.1140790468986383,1.0
18,5,10,1.0,10.562252061248527,3,0.9464882943143813,0,0.0,0.30000000000000004,22.425,21.225,1.0565371024734982,1.0
18,6,10,0.0,-12.799180672268907,13,0.0,10,1.0,0.2,24.84,25.228,0.9846202631996194,1.0
18,7,10,0.0,-25.315348219473695,200,0.0,0,0.0,15.000000000000002,889.7999999999972,24.093999999999998,36.93035610525431,1.0
18,8,10,0.0,-23.04896013225284,200,0.0,0,0.0,10.000000000000007,663.4000000000012,67.74900000000001,9.792026450574934,1.0
18,9,10,0.0,-23.54229012092315,200,0.0,0,0.0,10.25000000000001,1237.8350000000023,63.346000000000004,19.540854986897394,1.0
19,0,10,0.0,-25.822919351205226,200,0.0,0,0.0,15.000000000000004,533.3660000000008,44.39,12.015453931065572,1.0
19,1,10,0.0,-23.06355126887507,200,0.0,0,0.0,10.000000000000007,610.5129999999992,63.245,9.653142540912313,1.0
19,2,10,0.0,-13.159042914246928,16,0.0,10,1.0,0.5,29.063,39.77700000000001,0.7306483646328278,1.0
19,3,10,1.0,9.877584687484081,9,0.7932037658087197,0,0.0,0.5499999999999999,49.49799999999999,39.262,1.2607101013702815,1.0
19,4,10,0.0,-23.166527881545928,200,0.0,0,0.0,10.050000000000008,977.4980000000008,58.891999999999996,16.59814575833731,1.0
19,5,10,0.0,-13.446257518982346,16,0.0,10,1.0,0.4,20.706,40.564,0.5104526180850014,1.0
19,6,10,0.0,-22.860348319157602,200,0.0,0,0.0,10.000000000000007,689.5999999999975,24.69,27.930336168489166,1.0
19,7,10,1.0,9.708283145336768,8,0.9711919162476619,0,0.0,1.05,41.169000000000004,39.983,1.0296626066078085,1.0
19,8,10,1.0,10.75729805966322,2,1.0,0,0.0,0.1,11.699,11.699,1.0,1.0
19,9,10,0.0,-23.007069104099216,200,0.0,0,0.0,10.000000000000007,966.1310000000051,48.52100000000001,19.91160528430999,1.0
20,0,10,0.0,-27.952494061757708,200,0.0,0,0.0,20.000000000000014,1820.1400000000092,39.153,46.48788087758305,1.0
20,1,10,0.0,-12.703821501955327,11,0.0,10,1.0,0.05,5.275,15.087,0.3496387618479486,1.0
20,2,10,1.0,10.094240928790612,7,0.8232460023959581,0,0.0,0.49999999999999994,38.398,31.611000000000004,1.214703742368163,1.0
20,3,10,1.0,10.292829093892863,5,1.0,0,0.0,0.44999999999999996,25.593,25.593,1.0,1.0
20,4,10,0.0,-25.634303337827866,200,0.0,0,0.0,14.950000000000003,439.1989999999988,42.273,10.389586733849,1.0
20,5,10,0.0,-23.699749482829976,200,0.0,0,0.0,10.300000000000011,689.0050000000034,48.339999999999996,14.253309888291342,1.0
20,6,10,0.0,-12.861224738675958,11,0.0,10,1.0,0.1,13.531,40.17999999999999,0.33675958188153315,1.0
20,7,10,1.0,10.59242805584576,3,0.6780217657286367,0,0.0,0.25,15.529,10.529,1.4748789058790008,1.0
20,8,10,0.0,-23.20748380906688,200,0.0,0,0.0,10.000000000000007,993.4399999999989,29.183000000000003,34.04173662748857,1.0
20,9,10,0.0,-26.245858005775904,200,0.0,0,0.0,14.950000000000003,947.2939999999986,45.361,20.883446132139916,1.0
21,0,10,1.0,10.729009978477793,2,1.0,0,0.0,0.15000000000000002,10.222000000000001,10.222000000000001,1.0,1.0
21,1,10,0.0,-25.20526400721657,200,0.0,0,0.0,13.450000000000014,831.0439999999983,49.885000000000005,16.659196151147604,1.0
21,2,10,1.0,10.293409678736728,5,0.9346650550289458,0,0.0,0.44999999999999996,31.438000000000002,29.384,1.0699019874761775,1.0
21,3,10,1.0,10.222633734822256,6,0.7759279579250067,0,0.0,0.4,26.429,20.507,1.2887794411664308,1.0
21,4,10,1.0,10.494414797136038,4,1.0,0,0.0,0.25,20.95,20.95,1.0,1.0
21,5,10,1.0,10.292829093892863,5,1.0,0,0.0,0.44999999999999996,25.593,25.593,1.0,1.0
21,6,10,1.0,10.742768344451184,2,0.3871346402159878,0,0.0,0.15000000000000002,8.519,3.298,2.5830806549423895,1.0
21,7,10,1.0,10.491592896662503,4,0.8341935483870969,0,0.0,0.25,20.15,16.809,1.1987625676720803,1.0
21,8,10,0.0,-23.229980067064094,200,0.0,0,0.0,10.050000000000008,638.2279999999993,53.67999999999999,11.889493293591642,1.0
21,9,10,1.0,9.853186461591438,7,0.9670875537671708,0,0.0,0.9500000000000002,36.035,34.849,1.0340325403885333,1.0
22,0,10,0.0,-12.879178361921735,13,0.0,10,1.0,0.15000000000000002,16.823999999999998,40.400999999999996,0.4164253360065345,1.0
22,1,10,1.0,9.099456632812663,14,0.6648779811425402,0,0.0,1.1500000000000001,72.11999999999999,47.95099999999999,1.5040353694396362,1.0
22,2,10,1.0,9.360666615838163,12,0.8406255340967356,0,0.0,1.0000000000000002,46.808,39.348,1.1895903222527193,1.0
22,3,10,0.0,-13.2547840949982,13,0.0,10,1.0,0.25,21.678,75.03300000000002,0.2889128783335332,1.0
22,4,10,1.0,10.22087445490016,6,1.0,0,0.0,0.39999999999999997,30.499000000000002,30.499000000000002,1.0,1.0
22,5,10,0.0,-28.236026935657264,200,0.0,0,0.0,19.750000000000014,830.6820000000021,45.553,18.23550589423314,1.0
22,6,10,1.0,10.462314821365405,4,1.0,0,0.0,0.3,14.135,14.135,1.0,1.0
22,7,10,0.0,-25.103009968392957,200,0.0,0,0.0,15.000000000000002,782.7000000000033,20.565,38.059810357403514,1.0
22,8,10,1.0,10.316763047390522,5,0.8710115647206353,0,0.0,0.39999999999999997,28.708,25.005,1.1480903819236152,1.0
22,9,10,1.0,10.586732716780677,3,0.9419705532956552,0,0.0,0.25,27.778999999999996,26.167,1.061604310773111,1.0
23,0,10,0.0,-25.417242634703705,200,0.0,0,0.0,13.350000000000012,879.6939999999989,26.781,32.847690526866025,1.0
23,1,10,0.0,-23.09771181199749,200,0.0,0,0.0,10.000000000000007,947.4380000000025,54.977999999999994,17.233038670013507,1.0
23,2,10,0.0,-23.593567994718015,200,0.0,0,0.0,10.100000000000009,1343.7979999999998,48.467,27.726040398621738,1.0
23,3,10,0.0,-25.878489138507156,200,0.0,0,0.0,15.000000000000002,1068.1769999999976,64.632,16.52706089862603,1.0
23,4,10,1.0,9.543350439346755,10,0.9518885517855653,0,0.0,1.0000000000000002,71.85399999999998,68.39699999999999,1.0505431524774478,1.0
23,5,10,1.0,9.8312960079716,8,0.8505667973302256,0,0.0,0.8,37.756,32.114,1.1756866164289719,1.0
23,6,10,0.0,-30.33070258427523,200,0.0,0,0.0,25.0,679.9999999999975,20.083,33.85948314494834,1.0
23,7,10,0.0,-22.466708411605,200,0.0,0,0.0,10.000000000000007,2044.0000000000048,19.164,106.65831767898166,1.0
23,8,10,0.0,-23.084639390925673,200,0.0,0,0.0,10.000000000000007,987.2000000000025,58.318,16.927878185122992,1.0
23,9,10,0.0,-24.86278366030638,200,0.0,0,0.0,14.000000000000009,948.7130000000001,37.21,25.49618382155335,1.0
24,0,10,1.0,9.812226581548964,9,0.9600766120451161,0,0.0,0.6500000000000001,46.989999999999995,45.114,1.041583543910981,1.0
24,1,10,1.0,9.959142591397441,8,0.8023454157782515,0,0.0,0.5499999999999999,32.830000000000005,26.341,1.246346000531491,1.0
24,2,10,0.0,-25.848602231910785,200,0.0,0,0.0,14.950000000000003,942.3649999999968,44.267,21.288205661101877,1.0
24,3,10,0.0,-25.325319085782056,200,0.0,0,0.0,15.000000000000002,941.5999999999987,26.952,34.93618284357371,1.0
24,4,10,1.0,7.568045028826651,27,0.3248282702670694,0,0.0,1.800000000000001,135.09599999999998,43.883,3.0785497800970756,1.0
24,5,10,1.0,9.293497866066579,13,0.6907401054843274,0,0.0,0.9500000000000001,93.284,64.435,1.447722511057655,1.0
24,6,10,0.0,-12.961252202365968,11,0.0,10,1.0,0.05,5.857,31.784,0.18427510697206143,1.0
24,7,10,1.0,9.472529602081318,12,0.9396665204036857,0,0.0,0.75,63.81200000000001,59.962,1.0642073313098297,1.0
24,8,10,0.0,-12.857361802363133,11,0.0,10,1.0,0.1,5.976,26.320999999999998,0.22704304547699558,1.0
24,9,10,1.0,10.108142705382436,7,0.6290633104743114,0,0.0,0.44999999999999996,62.849,39.535999999999994,1.58966511533792,1.0
25,0,10,1.0,9.49820226151473,11,0.9234020011771631,0,0.0,0.9000000000000002,84.94999999999999,78.443,1.0829519523730606,1.0
25,1,10,0.0,-23.044106694401492,200,0.0,0,0.0,10.000000000000007,487.4839999999999,39.421,12.366099287181957,1.0
25,2,10,1.0,10.331786015672092,5,0.5496835757595838,0,0.0,0.39999999999999997,30.181000000000004,16.590000000000003,1.8192284508740204,1.0
25,3,10,0.0,-23.083298771846952,200,0.0,0,0.0,10.100000000000009,970.2160000000034,42.34,22.914879546528184,1.0
25,4,10,0.0,-13.32272705606277,17,0.0,10,1.0,0.65,24.912,27.273,0.913430865691343,1.0
25,5,10,1.0,9.35374007970889,12,0.9035540942539533,0,0.0,1.0000000000000002,63.870000000000005,57.71,1.1067405995494715,1.0
25,6,10,0.0,-13.23541987514032,17,0.0,10,1.0,0.5499999999999999,43.43,50.77700000000001,0.8553085058195639,1.0
25,7,10,1.0,9.719045826968477,10,0.7775954041854739,0,0.0,0.65,46.303000000000004,36.005,1.2860158311345646,1.0
25,8,10,0.0,-13.345803767014287,17,0.0,10,1.0,0.44999999999999996,36.736999999999995,53.410999999999994,0.6878171163243526,1.0
25,9,10,1.0,9.858306813250397,8,0.7637492542590096,0,0.0,0.75,45.257000000000005,34.565000000000005,1.3093302473600463,1.0
26,0,10,0.0,-25.58220784198785,200,0.0,0,0.0,15.000000000000004,729.1999999999981,44.351,16.44156839755582,1.0
26,1,10,1.0,10.108397043832824,7,0.8661826743843816,0,0.0,0.45,40.772,35.316,1.1544908823196283,1.0
26,2,10,0.0,-13.154395143589861,12,0.0,10,1.0,0.15000000000000002,12.216,43.283,0.28223551971905825,1.0
26,3,10,1.0,10.617476660926311,3,0.5658238884045336,0,0.0,0.2,19.499000000000002,11.033000000000001,1.7673343605546996,1.0
26,4,10,0.0,-12.885098578381498,12,0.0,10,1.0,0.1,20.102,72.73400000000001,0.27637693513350015,1.0
26,5,10,0.0,-23.05694898553317,200,0.0,0,0.0,10.000000000000007,508.6000000000011,44.653999999999996,11.389797106642208,1.0
26,6,10,0.0,-24.944908895015413,200,0.0,0,0.0,13.350000000000012,745.9409999999992,63.114000000000004,11.8189466679342,1.0
26,7,10,1.0,9.95838456235098,8,0.7671676657263751,0,0.0,0.55,45.376000000000005,34.811,1.3034960213725548,1.0
26,8,10,0.0,-25.67082593785176,200,0.0,0,0.0,15.000000000000002,735.5080000000012,76.39800000000001,9.627320086913285,1.0
26,9,10,0.0,-25.830435627164626,200,0.0,0,0.0,14.950000000000003,1349.736000000002,66.41,20.324288510766483,1.0
27,0,10,1.0,10.75507904265654,2,1.0,0,0.0,0.1,11.323,11.323,1.0,1.0
27,1,10,1.0,10.269596704993994,5,0.8910467161097942,0,0.0,0.5000000000000001,26.158,23.308,1.122275613523254,1.0
27,2,10,0.0,-12.9,10,0.0,10,1.0,0.0,0.0,35.778,0.0,1.0
27,3,10,0.0,-13.187669254724629,13,0.0,10,1.0,0.15000000000000002,15.586000000000002,70.323,0.22163445814313956,1.0
27,4,10,1.0,10.034624229979466,7,0.7579897620365248,0,0.0,0.6000000000000001,28.912,21.915000000000003,1.319279032626055,1.0
27,5,10,0.0,-23.002228234829868,200,0.0,0,0.0,10.000000000000007,1032.209000000005,35.481,29.091880161213187,1.0
27,6,10,0.0,-12.9,10,0.0,10,1.0,0.0,0.0,18.536,0.0,1.0
27,7,10,0.0,-12.81942407231902,13,0.0,10,1.0,0.2,11.256,13.717,0.8205875920390756,1.0
27,8,10,1.0,10.351243128435781,5,0.9208114430340913,0,0.0,0.35000000000000003,26.077,24.012,1.0859986673330002,1.0
27,9,10,1.0,10.145666016739586,6,1.0,0,0.0,0.55,42.056,42.056,1.0,1.0
28,0,10,0.0,-23.048201214763996,200,0.0,0,0.0,10.000000000000007,700.3999999999984,64.21,10.907958261952944,1.0
28,1,10,1.0,10.608283297103577,3,1.0,0,0.0,0.2,17.021,17.021,1.0,1.0
28,2,10,0.0,-13.202306379298573,12,0.0,10,1.0,0.1,5.93,43.939,0.13495983067434397,1.0
28,3,10,1.0,9.628218775556782,11,0.7958436133016484,0,0.0,0.65,66.067,52.579,1.2565282717434716,1.0
28,4,10,1.0,9.662559597386544,10,0.7516876516990291,0,0.0,0.75,52.736000000000004,39.641,1.3303397997023285,1.0
28,5,10,0.0,-13.064057102025597,12,0.0,10,1.0,0.25,5.126,32.188,0.15925189511619237,1.0
28,6,10,0.0,-23.213481465960566,200,0.0,0,0.0,10.150000000000011,785.4229999999992,52.498,14.961008038401449,1.0
28,7,10,0.0,-31.221000593824318,200,0.0,0,0.0,24.8,1225.4180000000001,33.68,36.384144893111646,1.0
28,8,10,1.0,10.63328634955928,3,1.0,0,0.0,0.15000000000000002,12.593,12.593,1.0,1.0
28,9,10,0.0,-23.025850578744308,200,0.0,0,0.0,10.000000000000007,575.0,57.01999999999999,10.084180989126624,1.0
29,0,10,0.0,-22.919980531936186,200,0.0,0,0.0,10.000000000000007,609.4000000000027,34.929,17.4468206934067,1.0
29,1,10,0.0,-25.925896288701434,200,0.0,0,0.0,15.100000000000003,942.6049999999987,64.37100000000001,14.64331764303799,1.0
29,2,10,1.0,9.961994000452796,8,0.8729392776560877,0,0.0,0.5499999999999999,60.719,53.00399999999999,1.145555052448872,1.0
29,3,10,0.0,-22.911434372510296,200,0.0,0,0.0,10.000000000000007,689.2000000000031,38.909,17.713125497956852,1.0
29,4,10,0.0,-22.526566656312685,200,0.0,0,0.0,10.050000000000008,728.356000000002,35.413,20.567475220964113,1.0
29,5,10,0.0,-14.085676864831678,20,0.0,10,1.0,0.49999999999999994,43.956,58.638000000000005,0.7496162897779597,1.0
29,6,10,0.0,-13.503148781200075,20,0.0,10,1.0,1.0000000000000002,66.161,58.213,1.1365330768041504,1.0
29,7,10,1.0,9.856871636549029,9,0.9535289881166726,0,0.0,0.55,55.540000000000006,52.959,1.048735814498008,1.0
29,8,10,0.0,-26.947125353440207,200,0.0,0,0.0,19.85000000000003,762.9329999999981,31.83,23.968991517436322,1.0
29,9,10,1.0,10.875,1,1.0,0,0.0,0.05,7.812,7.812,1.0,1.0
30,0,10,0.0,-12.61092606733773,14,0.0,10,1.0,0.2,24.673,28.81,0.8564040263797292,1.0
30,1,10,1.0,10.490303986710964,4,0.9480314960629921,0,0.0,0.25,12.700000000000001,12.040000000000001,1.0548172757475083,1.0
30,2,10,0.0,-23.346969568534366,200,0.0,0,0.0,10.000000000000007,445.57199999999904,11.797,37.769941510553444,1.0
30,3,10,1.0,9.797003888248847,9,0.9257226653631656,0,0.0,0.7000000000000002,45.007000000000005,41.664,1.0802371351766513,1.0
30,4,10,0.0,-30.523130300693808,200,0.0,0,0.0,25.0,997.6000000000055,22.049,45.24468229851719,1.0
30,5,10,1.0,10.758869613107532,2,0.38773222293401666,0,0.0,0.1,18.732,7.263,2.5790995456422965,1.0
30,6,10,1.0,10.46678281068525,4,1.0,0,0.0,0.3,18.942,18.942,1.0,1.0
30,7,10,0.0,-23.37005466216057,200,0.0,0,0.0,10.000000000000007,644.4809999999992,44.089000000000006,14.617727777903765,1.0
30,8,10,0.0,-25.583888319672223,200,0.0,0,0.0,15.000000000000004,524.0000000000007,31.232,16.77766393442625,1.0
30,9,10,0.0,-13.06309280603048,14,0.0,10,1.0,0.2,19.991,36.614000000000004,0.5459933358824492,1.0
31,0,10,1.0,10.489302325581395,4,1.0,0,0.0,0.25,21.672,21.672,1.0,1.0
31,1,10,1.0,9.453147846519451,11,0.6607445306986592,0,0.0,1.0,56.67999999999999,37.451,1.5134442337988303,1.0
31,2,10,0.0,-23.28221342918633,200,0.0,0,0.0,10.050000000000008,948.672000000003,68.299,13.88998374793193,1.0
31,3,10,1.0,9.739334944578715,9,0.7344078343364276,0,0.0,0.8,49.015,35.997,1.3616412478817679,1.0
31,4,10,0.0,-22.930070837814775,200,0.0,0,0.0,10.000000000000007,908.6240000000035,53.925999999999995,16.849460371620435,1.0
31,5,10,1.0,10.021713318674804,6,0.8842020184368038,0,0.0,0.7999999999999999,45.778,40.477000000000004,1.1309632630876794,1.0
31,6,10,0.0,-24.6724820037887,200,0.0,0,0.0,13.300000000000013,634.878000000002,47.51,13.363039360134751,1.0
31,7,10,1.0,10.441804511278194,4,0.6672661870503598,0,0.0,0.35000000000000003,21.128,14.098,1.4986522911051212,1.0
31,8,10,0.0,-23.35506362708402,200,0.0,0,0.0,10.000000000000007,3186.6859999999892,44.08500000000001,72.2850402631278,1.0
31,9,10,1.0,10.194263195086155,5,0.9557131354061145,0,0.0,0.6500000000000001,38.498999999999995,36.794,1.0463390770234278,1.0
32,0,10,0.0,-22.899371745772232,200,0.0,0,0.0,10.000000000000007,1041.2000000000019,46.477999999999994,22.401996643573348,1.0
32,1,10,0.0,-13.070739986628578,12,0.0,10,1.0,0.2,14.375,32.906,0.436850422415365,1.0
32,2,10,0.0,-12.929872680094997,15,0.0,10,1.0,0.4,33.452000000000005,45.476000000000006,0.7355967983111972,1.0
32,3,10,1.0,9.86134424150742,7,0.8475403963270923,0,0.0,0.95,53.037000000000006,44.951,1.1798847634090455,1.0
32,4,10,0.0,-13.40505675495215,15,0.0,10,1.0,0.39999999999999997,26.406,26.958,0.9795237035388382,1.0
32,5,10,1.0,10.14823956956768,6,0.9680897726441989,0,0.0,0.55,27.358000000000004,26.485,1.0329620539928264,1.0
32,6,10,0.0,-25.551178010471233,200,0.0,0,0.0,15.000000000000002,1071.0000000000025,38.2,28.03664921465975,1.0
32,7,10,0.0,-23.092704939519983,200,0.0,0,0.0,10.000000000000007,1098.7879999999993,53.406,20.57424259446503,1.0
32,8,10,1.0,10.34381468186759,5,1.0,0,0.0,0.35000000000000003,39.559,39.559,1.0,1.0
32,9,10,0.0,-13.09124662037307,12,0.0,10,1.0,0.2,12.4,51.411,0.24119351889673415,1.0
33,0,10,0.0,-23.122456080781852,200,0.0,0,0.0,10.050000000000008,683.9409999999999,33.869,20.19371696831911,1.0
33,1,10,0.0,-28.226138012054346,200,0.0,0,0.0,19.750000000000025,741.8409999999989,48.945,15.15662478291958,1.0
33,2,10,0.0,-23.075227811897218,200,0.0,0,0.0,10.000000000000007,678.5999999999993,45.102999999999994,15.045562379442597,1.0
33,3,10,1.0,9.88452574465729,8,0.9181017831364496,0,0.0,0.7000000000000001,49.183,45.155,1.0892038533938655,1.0
33,4,10,0.0,-25.7625959347721,200,0.0,0,0.0,14.950000000000003,716.8540000000019,39.063,18.35122750428799,1.0
33,5,10,0.0,-23.23070287603568,200,0.0,0,0.0,10.100000000000009,1090.7029999999982,50.208,21.72368945188014,1.0
33,6,10,0.0,-23.371487124140433,200,0.0,0,0.0,10.000000000000007,1234.3919999999957,39.842,30.98217960945725,1.0
33,7,10,1.0,10.098380364768895,7,0.9131708788485986,0,0.0,0.45,46.413,42.383,1.0950852936318805,1.0
33,8,10,1.0,10.273408239700375,6,0.7421423989737012,0,0.0,0.3,28.061999999999998,20.826,1.3474503025064821,1.0
33,9,10,1.0,10.08758433168418,7,0.8446263296035363,0,0.0,0.5,28.956000000000003,24.457,1.1839555137588422,1.0
34,0,10,0.0,-22.987577753804445,200,0.0,0,0.0,10.000000000000007,1236.9999999999939,43.56699999999999,28.393049785387888,1.0
34,1,10,1.0,10.85,1,1.0,0,0.0,0.1,3.997,3.997,1.0,1.0
34,2,10,0.0,-25.479119136333253,200,0.0,0,0.0,15.000000000000002,953.0419999999966,31.401,30.350689468488156,1.0
34,3,10,0.0,-23.09981481106273,200,0.0,0,0.0,10.000000000000007,898.6379999999975,49.355000000000004,18.20763853712891,1.0
34,4,10,0.0,-22.93299508178688,200,0.0,0,0.0,10.000000000000007,984.1020000000026,63.641,15.463333385710511,1.0
34,5,10,0.0,-25.665982517989093,200,0.0,0,0.0,15.000000000000004,1473.0519999999985,20.707,71.1378760805524,1.0
34,6,10,1.0,10.368642035130224,5,0.9188216525062144,0,0.0,0.3,26.953000000000003,24.765,1.0883504946497073,1.0
34,7,10,1.0,10.232424489594147,6,0.9335025380710662,0,0.0,0.4,43.339999999999996,40.458000000000006,1.0712343665035342,1.0
34,8,10,1.0,10.439690875232776,4,0.8385711497169627,0,0.0,0.35,25.615000000000002,21.48,1.1925046554934824,1.0
34,9,10,1.0,9.35432454436118,11,0.7529780564263322,0,0.0,1.2000000000000002,71.775,54.045,1.3280599500416321,1.0
35,0,10,0.0,-32.89962887989211,200,0.0,0,0.0,30.000000000000007,777.3999999999961,35.568,21.856725146198723,1.0
35,1,10,0.0,-23.32432995158335,200,0.0,0,0.0,10.10000000000001,611.2389999999995,58.451,10.457289011308609,1.0
35,2,10,0.0,-22.98508094413083,200,0.0,0,0.0,10.000000000000007,887.2560000000012,53.679,16.528921924775073,1.0
35,3,10,0.0,-23.706928489127407,200,0.0,0,0.0,10.100000000000009,550.0759999999985,40.791000000000004,13.485229584957429,1.0
35,4,10,1.0,10.436421925743877,4,1.0,0,0.0,0.35000000000000003,34.178999999999995,34.178999999999995,1.0,1.0
35,5,10,1.0,10.252649432534678,6,0.8277229789676948,0,0.0,0.35,38.322,31.720000000000002,1.2081336696090794,1.0
35,6,10,0.0,-24.21171699186838,200,0.0,1,0.0,10.000000000000007,938.1649999999948,54.479,17.22067218561271,1.0
35,7,10,0.0,-25.902785087280865,200,0.0,0,0.0,14.950000000000003,869.1779999999954,50.011,17.379736457979153,1.0
35,8,10,1.0,9.25976882540563,6,0.8118301359992794,1,0.0,0.35000000000000003,44.412,36.055,1.2317847732630702,1.0
35,9,10,1.0,10.356646153846153,5,0.40964574764495154,0,0.0,0.35,30.148,12.35,2.4411336032388666,1.0
36,0,10,0.0,-23.034051843115563,200,0.0,0,0.0,10.000000000000007,671.3899999999993,39.85099999999999,16.847506963438796,1.0
36,1,10,0.0,-26.209928168425463,200,0.0,0,0.0,15.050000000000002,801.9129999999985,38.284,20.94642670567335,1.0
36,2,10,1.0,10.052454689809998,7,0.8157312906179512,0,0.0,0.5499999999999999,44.777,36.526,1.2258938838087936,1.0
36,3,10,1.0,10.105091855181511,7,0.6334375290148865,0,0.0,0.44999999999999996,32.311,20.467,1.5786876435237212,1.0
36,4,10,1.0,9.980668078623713,7,0.8259575251657254,0,0.0,0.7000000000000001,32.584,26.913,1.2107160108497752,1.0
36,5,10,1.0,10.491852235957852,4,1.0,0,0.0,0.25,24.105999999999998,24.105999999999998,1.0,1.0
36,6,10,1.0,9.722234133995512,10,0.8709630461455278,0,0.0,0.6500000000000001,48.087,41.882,1.148154338379256,1.0
36,7,10,0.0,-25.53549502141044,200,0.0,0,0.0,15.000000000000002,1041.0929999999976,19.383,53.71165454264033,1.0
36,8,10,0.0,-22.834381063251787,200,0.0,0,0.0,10.000000000000007,996.5999999999951,25.77,38.672875436553944,1.0
36,9,10,1.0,10.490063540475283,4,0.8525460455037919,0,0.0,0.25,18.46,15.738,1.1729571737196596,1.0
37,0,10,0.0,-12.691281023084425,14,0.0,10,1.0,0.3,30.543,36.908,0.8275441638669123,1.0
37,1,10,0.0,-13.554978939239707,14,0.0,10,1.0,0.25,16.88,28.489000000000004,0.592509389588964,1.0
37,2,10,0.0,-22.859836580766775,200,0.0,0,0.0,10.000000000000007,669.0000000000033,23.865000000000002,28.03268384663747,1.0
37,3,10,0.0,-22.901520051094128,200,0.0,0,0.0,10.000000000000007,762.9410000000026,29.749,25.64593767857752,1.0
37,4,10,0.0,-13.029440238688991,14,0.0,10,1.0,0.35,35.798,67.368,0.5313798836242727,1.0
37,5,10,1.0,9.974552780016115,7,0.7858575197889182,0,0.0,0.7000000000000001,47.375,37.23,1.272495299489659,1.0
37,6,10,0.0,-23.543682467364565,200,0.0,0,0.0,10.250000000000012,694.3079999999991,61.895999999999994,11.217332299340816,1.0
37,7,10,0.0,-23.081160149320937,200,0.0,0,0.0,10.000000000000007,731.8840000000021,75.542,9.688438219798284,1.0
37,8,10,1.0,10.277722533710207,5,0.7816937119675459,0,0.0,0.5,27.607999999999997,21.581000000000003,1.279273434965942,1.0
37,9,10,0.0,-13.1991199584136,14,0.0,10,1.0,0.4,23.131,32.702999999999996,0.7073051402012048,1.0
38,0,10,1.0,9.740138363502501,9,0.7576701867774636,0,0.0,0.7999999999999999,51.98700000000001,39.389,1.3198354870649167,1.0
38,1,10,0.0,-13.15510885233783,14,0.0,10,1.0,0.2,31.375999999999998,81.165,0.3865705661307213,1.0
38,2,10,1.0,10.753810122339534,2,1.0,0,0.0,0.1,11.934,11.934,1.0,1.0
38,3,10,0.0,-23.12224063228026,200,0.0,0,0.0,10.000000000000007,1245.0260000000023,45.929,27.107622634936583,1.0
38,4,10,1.0,9.933734164131943,8,0.7299318848077255,0,0.0,0.6000000000000001,46.391999999999996,33.863,1.3699908454655523,1.0
38,5,10,1.0,10.604596302584419,3,0.8426993084810429,0,0.0,0.2,12.581,10.602,1.1866628937936237,1.0
38,6,10,1.0,9.795070306542627,9,0.6684132194336275,0,0.0,0.7000000000000001,49.049,32.785,1.4960805246301663,1.0
38,7,10,0.0,-12.986699015748032,13,0.0,10,1.0,0.2,20.115000000000002,50.8,0.3959645669291339,1.0
38,8,10,1.0,10.729328370834038,2,1.0,0,0.0,0.15000000000000002,23.644,23.644,1.0,1.0
38,9,10,0.0,-12.918687702265371,13,0.0,10,1.0,0.4,39.216,55.620000000000005,0.7050701186623516,1.0
39,0,10,1.0,10.61073894912427,3,0.9370115661144108,0,0.0,0.2,12.796,11.99,1.0672226855713094,1.0
39,1,10,0.0,-23.015476278587883,200,0.0,0,0.0,10.000000000000007,1098.3980000000004,81.066,13.54942886043471,1.0
39,2,10,0.0,-23.168983045867286,200,0.0,0,0.0,10.000000000000007,899.4599999999975,34.033,26.4290541533217,1.0
39,3,10,0.0,-23.042978538812772,200,0.0,0,0.0,10.000000000000007,1105.6000000000029,43.8,25.242009132420158,1.0
39,4,10,0.0,-25.90583589007121,200,0.0,0,0.0,15.000000000000004,1354.1999999999953,15.319,88.40002611136465,1.0
39,5,10,0.0,-22.796056811240078,200,0.0,0,0.0,10.000000000000007,577.0010000000009,19.644,29.372887395642483,1.0
39,6,10,0.0,-23.06481374182178,200,0.0,0,0.0,10.000000000000007,1367.7890000000018,41.421,33.021631539557276,1.0
39,7,10,1.0,9.777888419513383,9,0.6127482701976206,0,0.0,0.7500000000000001,40.178,24.619,1.6319915512409113,1.0
39,8,10,1.0,10.13197691533039,6,0.7777911670783877,0,0.0,0.6000000000000001,33.194,25.818,1.2856921527616392,1.0
39,9,10,1.0,10.368702865329514,5,0.9374160623153369,0,0.0,0.3,37.230000000000004,34.9,1.06676217765043,1.0
40,0,10,1.0,10.586732716780677,3,0.9419705532956552,0,0.0,0.25,27.778999999999996,26.167,1.061604310773111,1.0
40,1,10,1.0,9.814969917465868,9,0.8213071481364164,0,0.0,0.65,47.355000000000004,38.893,1.2175712853212661,1.0
40,2,10,1.0,10.610256510518495,3,1.0,0,0.0,0.2,12.787,12.787,1.0,1.0
40,3,10,1.0,10.349160222851928,5,0.6972873409243134,0,0.0,0.35000000000000003,29.860000000000003,20.821,1.4341290043705874,1.0
40,4,10,1.0,9.269949859317508,14,0.3501357751815599,0,0.0,0.8500000000000001,79.17499999999998,27.722,2.8560349181155753,1.0
40,5,10,1.0,9.373309881778463,12,0.9642525246267267,0,0.0,0.9500000000000002,64.56400000000001,62.25599999999999,1.0370727319455155,1.0
40,6,10,0.0,-30.628662081544245,200,0.0,0,0.0,25.0,2031.5999999999913,78.95100000000001,25.73241630884968,1.0
40,7,10,1.0,10.251866335429623,6,1.0,0,0.0,0.35,28.780999999999995,28.780999999999995,1.0,1.0
40,8,10,1.0,9.964434845559847,8,0.9204797867614393,0,0.0,0.5500000000000002,45.02,41.44,1.0863899613899615,1.0
40,9,10,1.0,9.527094002643633,11,0.7716996797532913,0,0.0,0.8500000000000001,42.155,32.531,1.2958408902277827,1.0
41,0,10,0.0,-25.442722681359022,200,0.0,0,0.0,15.000000000000004,1353.7869999999984,17.424,77.69668273645537,1.0
41,1,10,1.0,10.223372355185571,6,0.9950529222273353,0,0.0,0.39999999999999997,34.768,34.596,1.0049716730257834,1.0
41,2,10,0.0,-12.9,10,0.0,10,1.0,0.0,0.0,18.613,0.0,1.0
41,3,10,1.0,2.853773721654809,17,0.8807671988729749,6,0.0,1.05,68.14399999999999,60.019,1.1353737982972059,1.0
41,4,10,1.0,10.471691059777818,4,0.7380750959849026,0,0.0,0.30000000000000004,30.734,22.683999999999997,1.3548756833010054,1.0
41,5,10,0.0,-12.899999999999999,10,0.0,10,1.0,0.0,0.0,25.955,0.0,1.0
41,6,10,0.0,-26.55076312927779,200,0.0,0,0.0,16.599999999999994,1226.5660000000028,31.266,39.230026226572086,1.0
41,7,10,0.0,-23.131986145720724,200,0.0,0,0.0,10.100000000000009,489.2700000000016,63.806999999999995,7.667967464384811,1.0
41,8,10,0.0,-24.078629544383162,200,0.0,0,0.0,11.700000000000017,857.3180000000002,36.061,23.774104988769036,1.0
41,9,10,1.0,9.599381897324285,10,0.7187948614127435,0,0.0,0.9,54.334,39.05500000000001,1.3912175137626424,1.0
42,0,10,0.0,-25.547628958962054,200,0.0,0,0.0,15.000000000000004,637.4000000000018,57.654,11.055607590106527,1.0
42,1,10,1.0,10.042951361947157,7,0.5080395858835245,0,0.0,0.6000000000000001,48.199000000000005,24.487,1.9683505533548418,1.0
42,2,10,0.0,-25.98577467605183,200,0.0,0,0.0,15.000000000000002,923.352999999998,50.008,18.464105743081067,1.0
42,3,10,1.0,10.03173748959943,7,0.9690721649484537,0,0.0,0.6000000000000001,34.726,33.652,1.0319148936170213,1.0
42,4,10,0.0,-23.004400672457233,200,0.0,0,0.0,10.000000000000007,450.8930000000009,53.535000000000004,8.422396562996187,1.0
42,5,10,0.0,-22.85758396690845,200,0.0,0,0.0,10.000000000000007,1354.1999999999953,34.329,39.44769728218111,1.0
42,6,10,1.0,9.914075993986833,8,0.8094748547091035,0,0.0,0.6499999999999999,47.663,38.582,1.2353688248405992,1.0
42,7,10,1.0,9.686760580499307,10,0.7589012286462753,0,0.0,0.7000000000000001,54.205999999999996,41.13699999999999,1.3176945329022536,1.0
42,8,10,1.0,10.108970696707571,7,0.9069788657442603,0,0.0,0.45,32.885,29.826,1.102561523502984,1.0
42,9,10,0.0,-23.161532878060957,200,0.0,0,0.0,10.050000000000008,718.9139999999975,47.737,15.059890650857772,1.0
43,0,10,0.0,-23.11887571094745,200,0.0,0,0.0,10.000000000000007,2308.7290000000007,22.681,101.79132313390065,1.0
43,1,10,0.0,-13.155723553781158,13,0.0,10,1.0,0.15000000000000002,10.21,73.139,0.1395972053213744,1.0
43,2,10,0.0,-12.732519730288864,13,0.0,10,1.0,0.25,18.330000000000002,26.102,0.702245038694353,1.0
43,3,10,1.0,10.324289735532862,5,0.8007548356659852,0,0.0,0.39999999999999997,38.154,30.552,1.2488216810683426,1.0
43,4,10,1.0,10.41963028892236,4,0.8990520743567646,0,0.0,0.4,32.492000000000004,29.212,1.112282623579351,1.0
43,5,10,1.0,9.853667623604466,9,0.7342780185033376,0,0.0,0.6,42.695,31.35,1.3618819776714512,1.0
43,6,10,0.0,-25.43694077545803,200,0.0,0,0.0,15.000000000000004,920.4700000000015,32.858000000000004,28.01357355895068,1.0
43,7,10,0.0,-23.25431938403668,200,0.0,0,0.0,10.050000000000008,424.227000000001,51.04200000000001,8.311331844363483,1.0
43,8,10,0.0,-24.15584709768763,200,0.0,0,0.0,12.000000000000016,681.7999999999997,31.785000000000004,21.450369671228557,1.0
43,9,10,0.0,-23.199014234875392,200,0.0,0,0.0,10.050000000000008,890.6420000000012,51.98500000000001,17.132672886409562,1.0
44,0,10,0.0,-24.069562012554638,200,0.0,0,0.0,12.500000000000014,925.0,42.056000000000004,21.994483545748523,1.0
44,1,10,0.0,-25.985040727109602,200,0.0,0,0.0,14.950000000000003,931.810999999998,53.526999999999994,17.408242569170664,1.0
44,2,10,0.0,-25.906417556578727,200,0.0,0,0.0,15.000000000000002,397.6839999999992,51.035000000000004,7.792377779954916,1.0
44,3,10,0.0,-25.647646585807088,200,0.0,0,0.0,14.950000000000003,995.7290000000023,29.846,33.36222609394901,1.0
44,4,10,0.0,-24.473766743555537,200,0.0,0,0.0,12.500000000000014,586.1999999999996,24.711,23.72222896685685,1.0
44,5,10,1.0,9.81792398067364,9,0.8688915735427362,0,0.0,0.65,66.22,57.53799999999999,1.150891584691856,1.0
44,6,10,0.0,-25.666754004887412,200,0.0,0,0.0,15.000000000000004,836.9429999999987,7.366,113.62245452077094,1.0
44,7,10,1.0,10.825,1,1.0,0,0.0,0.15,4.047,4.047,1.0,1.0
44,8,10,0.0,-23.000546794689555,200,0.0,0,0.0,10.000000000000007,661.0030000000016,45.721000000000004,14.457317206535325,1.0
44,9,10,1.0,9.325930862815564,13,0.4929070290833587,0,0.0,0.9500000000000001,68.87100000000001,33.947,2.0287801573040327,1.0
45,0,10,1.0,10.733853278447516,2,1.0,0,0.0,0.15000000000000002,17.005,17.005,1.0,1.0
45,1,10,0.0,-27.828920885585994,200,0.0,0,0.0,20.00000000000003,1104.9999999999984,32.294999999999995,34.21582288279915,1.0
45,2,10,1.0,9.99678831766737,8,0.5985074626865673,0,0.0,0.49999999999999994,34.839999999999996,20.852000000000004,1.670822942643391,1.0
45,3,10,1.0,9.28196683046683,13,0.4657994125052455,0,0.0,1.0,52.426,24.42,2.146846846846847,1.0
45,4,10,0.0,-23.000681561274003,200,0.0,0,0.0,10.000000000000007,655.943999999999,60.156000000000006,10.90404947137441,1.0
45,5,10,1.0,10.228756775458425,6,0.6367619700381866,0,0.0,0.39999999999999997,40.852,26.012999999999998,1.5704455464575404,1.0
45,6,10,0.0,-22.89151260699125,200,0.0,0,0.0,10.000000000000007,1387.0619999999954,43.111000000000004,32.17420147990061,1.0
45,7,10,1.0,9.951284618178518,8,0.8923189110354885,0,0.0,0.55,49.368,44.052,1.1206755652410787,1.0
45,8,10,1.0,9.759986483547214,9,0.8402652672253987,0,0.0,0.75,38.301,32.183,1.1901003635459715,1.0
45,9,10,1.0,10.755657868020306,2,1.0,0,0.0,0.1,9.850000000000001,9.850000000000001,1.0,1.0
46,0,10,1.0,10.31685803095661,5,1.0,0,0.0,0.4,15.764,15.764,1.0,1.0
46,1,10,0.0,-23.038772497796277,200,0.0,0,0.0,10.10000000000001,899.665000000001,62.395,14.418863691000897,1.0
46,2,10,0.0,-26.78014891711196,200,0.0,0,0.0,16.700000000000053,710.1130000000006,62.517999999999994,11.358536741418483,1.0
46,3,10,0.0,-22.770329177602793,200,0.0,0,0.0,10.000000000000007,1088.4000000000012,36.57600000000001,29.757217847769056,1.0
46,4,10,0.0,-22.159596304769593,200,0.0,0,0.0,10.000000000000007,472.04200000000174,34.531,13.670093539138795,1.0
46,5,10,0.0,-23.563843393340367,200,0.0,0,0.0,10.050000000000008,855.6099999999967,42.495,20.134368749264542,1.0
46,6,10,0.0,-32.99693021129292,200,0.0,0,0.0,30.000000000000007,1055.821999999999,61.242000000000004,17.24016198034027,1.0
46,7,10,1.0,10.08545625489684,7,0.8077377436503249,0,0.0,0.5,47.404,38.290000000000006,1.2380255941499085,1.0
46,8,10,1.0,10.561996966445932,3,0.9437209789477361,0,0.0,0.30000000000000004,28.642999999999997,27.031000000000002,1.0596352336206576,1.0
46,9,10,1.0,10.370141945488161,5,0.8434528899844056,0,0.0,0.3,19.879,16.767,1.1856026719150714,1.0
47,0,10,1.0,10.245830399668668,5,0.8237802797679974,0,0.0,0.55,41.034,33.803000000000004,1.2139159246220748,1.0
47,1,10,1.0,9.983455353081267,8,0.9361238445930714,0,0.0,0.5,39.921,37.371,1.0682347274624708,1.0
47,2,10,0.0,-25.62812954120813,200,0.0,0,0.0,15.000000000000004,617.200000000002,24.085,25.625908241644257,1.0
47,3,10,0.0,-25.381282307458378,200,0.0,0,0.0,15.000000000000004,426.48799999999954,46.042,9.263020720211971,1.0
47,4,10,0.0,-23.29963530822662,200,0.0,0,0.0,10.050000000000008,561.2830000000012,60.03699999999999,9.348951479920736,1.0
47,5,10,1.0,10.222535709706372,6,0.8720787207872079,0,0.0,0.4,44.715,38.995000000000005,1.146685472496474,1.0
47,6,10,0.0,-25.4396332810516,200,0.0,0,0.0,15.000000000000002,1032.4000000000026,53.556,19.277018447979735,1.0
47,7,10,1.0,10.608246995441359,3,0.989339893398934,0,0.0,0.2,12.195,12.065000000000001,1.0107749689183587,1.0
47,8,10,0.0,-23.31895389477588,200,0.0,0,0.0,10.050000000000008,668.4860000000033,26.895,24.85540063208787,1.0
47,9,10,0.0,-22.907570625817858,200,0.0,0,0.0,10.000000000000007,508.27299999999735,51.964000000000006,9.781252405511456,1.0
48,0,10,0.0,-12.899999999999999,10,0.0,10,1.0,0.0,0.0,16.308,0.0,1.0
48,1,10,1.0,9.84009186533338,9,0.8895352416128037,0,0.0,0.6000000000000001,64.98,57.80199999999999,1.1241825542368777,1.0
48,2,10,0.0,-23.091581148671974,200,0.0,0,0.0,10.100000000000009,881.0080000000019,46.384,18.99379096240087,1.0
48,3,10,0.0,-25.443100209921596,200,0.0,0,0.0,15.000000000000004,950.7329999999967,18.101999999999997,52.52088167053347,1.0
48,4,10,1.0,9.61527004288118,11,0.6049749610048437,0,0.0,0.7000000000000002,60.904999999999994,36.846000000000004,1.6529609726971717,1.0
48,5,10,0.0,-22.320729254769294,27,0.0,18,1.0,0.8500000000000001,40.702,42.56400000000001,0.9562541114556901,1.0
48,6,10,1.0,10.63988306195813,3,0.8816839436199568,0,0.0,0.15000000000000002,26.817999999999998,23.645,1.1341932755339394,1.0
48,7,10,0.0,-12.9,10,0.0,10,1.0,0.0,0.0,32.469,0.0,1.0
48,8,10,1.0,10.219221326786572,5,0.8760724722384572,0,0.0,0.6,42.775,37.474000000000004,1.1414580776004695,1.0
48,9,10,1.0,9.372738741916521,11,0.7463930915856356,0,0.0,1.1500000000000001,56.974000000000004,42.525000000000006,1.3397766019988242,1.0
49,0,10,0.0,-23.39842556620935,200,0.0,0,0.0,10.000000000000007,841.4569999999991,48.391999999999996,17.38834931393617,1.0
49,1,10,0.0,-13.020289974556155,11,0.0,10,1.0,0.1,3.922,70.351,0.0557490298645364,1.0
49,2,10,0.0,-12.986680523291353,11,0.0,10,1.0,0.1,4.423,65.432,0.06759689448587847,1.0
49,3,10,0.0,-12.958579066943475,11,0.0,10,1.0,0.1,4.671,51.05800000000001,0.09148419444553252,1.0
49,4,10,1.0,10.875,1,1.0,0,0.0,0.05,6.997,6.997,1.0,1.0
49,5,10,0.0,-23.110387772431316,200,0.0,0,0.0,10.000000000000007,1663.999999999998,67.127,24.78883310739342,1.0
49,6,10,1.0,9.931151711378353,8,0.8417105505809068,0,0.0,0.6000000000000001,48.803,41.077999999999996,1.1880568674229515,1.0
49,7,10,0.0,-23.070469625161625,200,0.0,0,0.0,10.000000000000007,967.8000000000052,58.025,16.679017664799744,1.0
49,8,10,0.0,-12.868520589464882,11,0.0,10,1.0,0.1,7.374,38.272,0.1926734949832776,1.0
49,9,10,1.0,10.147872277109867,6,0.8125151119493207,0,0.0,0.5499999999999999,41.358000000000004,33.604000000000006,1.2307463397214615,1.0
50,0,10,1.0,9.766624405880403,9,0.829634656298144,0,0.0,0.75,54.524,45.23500000000001,1.2053498397258757,1.0
50,1,10,0.0,-33.08020836987413,200,0.0,0,0.0,29.999999999999893,914.5999999999973,57.014,16.041673974813154,1.0
50,2,10,0.0,-25.55202838536749,200,0.0,0,0.0,15.000000000000004,1052.7529999999974,58.19899999999999,18.088850323888686,1.0
50,3,10,0.0,-25.831883271986843,200,0.0,0,0.0,14.950000000000003,876.5549999999961,51.07599999999999,17.161778526117867,1.0
50,4,10,1.0,10.22599370939769,6,1.0,0,0.0,0.39999999999999997,34.019,34.019,1.0,1.0
50,5,10,0.0,-23.485181211843198,200,0.0,0,0.0,10.200000000000012,527.1860000000024,56.674,9.302078554540044,1.0
50,6,10,1.0,10.570662802419355,3,0.6502519562456471,0,0.0,0.30000000000000004,24.409,15.872,1.5378654233870968,1.0
50,7,10,0.0,-25.4957831784608,200,0.0,0,0.0,14.950000000000003,1215.7480000000025,41.97,28.967071717893795,1.0
50,8,10,0.0,-22.794261825922362,200,0.0,0,0.0,10.000000000000007,877.3810000000009,42.28,20.751679280983936,1.0
50,9,10,0.0,-23.296571690443933,200,0.0,0,0.0,10.050000000000008,1204.6489999999978,50.18800000000001,24.00272973619187,1.0
51,0,10,0.0,-22.967784319175262,200,0.0,0,0.0,10.000000000000007,845.599999999997,39.577,21.365944866968114,1.0
51,1,10,1.0,10.317519416706292,5,0.6295569451836083,0,0.0,0.39999999999999997,30.064,18.927,1.588418661171871,1.0
51,2,10,0.0,-23.04530674750757,200,0.0,0,0.0,10.000000000000007,633.9999999999993,31.997,19.814357596024607,1.0
51,3,10,1.0,9.725103620771796,10,0.6978638517163993,0,0.0,0.65,60.155,41.980000000000004,1.4329442591710337,1.0
51,4,10,1.0,9.758829874512875,9,0.8373171379057314,0,0.0,0.7500000000000001,64.051,53.631,1.1942906155022281,1.0
51,5,10,1.0,10.629667112427166,3,0.7714812085482682,0,0.0,0.15000000000000002,13.57,10.469,1.296207851752794,1.0
51,6,10,0.0,-29.78626669785941,200,0.0,0,0.0,23.40000000000002,744.5699999999989,42.745000000000005,17.418879401099517,1.0
51,7,10,1.0,9.451354864919765,12,0.8847951114306255,0,0.0,0.8000000000000002,66.768,59.07600000000001,1.1302051594556164,1.0
51,8,10,1.0,10.609859689040578,3,0.9264333895446881,0,0.0,0.2,14.232,13.185,1.0794084186575654,1.0
51,9,10,0.0,-33.16777173355234,200,0.0,0,0.0,30.000000000000004,1423.8900000000028,48.714999999999996,29.228984912244748,1.0
52,0,10,1.0,10.223008410986633,6,0.888244776489553,0,0.0,0.39999999999999997,32.258,28.653000000000002,1.1258157959026978,1.0
52,1,10,0.0,-22.983674910472523,200,0.0,0,0.0,10.000000000000007,231.79999999999956,59.479,3.8971737924309346,1.0
52,2,10,1.0,10.736442362836934,2,0.1542339898572945,0,0.0,0.2,33.916,5.231,6.483655132861785,1.0
52,3,10,0.0,-22.882071295315914,200,0.0,0,0.0,10.000000000000007,909.4000000000035,39.666,22.92643573841586,1.0
52,4,10,1.0,10.639137598301732,3,1.0,0,0.0,0.15000000000000002,20.726999999999997,20.726999999999997,1.0,1.0
52,5,10,0.0,-23.01228990489914,200,0.0,0,0.0,10.000000000000007,892.9200000000009,36.067,24.757257326642108,1.0
52,6,10,0.0,-24.782461631566157,200,0.0,0,0.0,13.300000000000013,1085.7210000000005,41.31000000000001,26.282280319535225,1.0
52,7,10,1.0,10.63444303476275,3,1.0,0,0.0,0.15000000000000002,15.764,15.764,1.0,1.0
52,8,10,1.0,10.19962361638688,6,0.9287583930806875,0,0.0,0.44999999999999996,26.361,24.483000000000004,1.0767062859943632,1.0
52,9,10,0.0,-31.584140146200923,200,0.0,0,0.0,27.5,1139.5500000000025,67.715,16.828619951266372,1.0
53,0,10,0.0,-24.1591205673759,200,0.0,0,0.0,12.450000000000015,630.9780000000001,38.07,16.574152876280536,1.0
53,1,10,0.0,-12.96935255935192,11,0.0,10,1.0,0.05,4.874,39.13100000000001,0.12455597863586412,1.0
53,2,10,1.0,10.084062059900479,7,0.988491879350348,0,0.0,0.49999999999999994,43.1,42.604,1.0116420993333959,1.0
53,3,10,1.0,10.320615384615385,5,0.817246634493269,0,0.0,0.4,23.622,19.305,1.2236208236208237,1.0
53,4,10,0.0,-13.452291452229005,20,0.0,10,1.0,0.6000000000000001,41.994,43.718999999999994,0.9605434708021685,1.0
53,5,10,1.0,9.876699096062511,9,0.2033755712505193,0,0.0,0.5499999999999999,96.28,19.581,4.917011388590981,1.0
53,6,10,0.0,-23.008651775429456,200,0.0,0,0.0,10.000000000000007,765.2000000000025,79.86800000000001,9.580808333750719,1.0
53,7,10,1.0,9.883666025874161,8,0.9878361732703757,0,0.0,0.7000000000000001,38.968,38.494,1.012313607315426,1.0
53,8,10,0.0,-12.653976670201486,11,0.0,10,1.0,0.15,5.226,11.316,0.4618239660657476,1.0
53,9,10,0.0,-13.805311972544166,20,0.0,10,1.0,0.49999999999999994,36.440000000000005,35.548,1.0250928322268482,1.0
54,0,10,1.0,10.587355189400373,3,1.0,0,0.0,0.25,35.322,35.322,1.0,1.0
54,1,10,0.0,-24.641908443320105,200,0.0,0,0.0,13.350000000000012,721.3719999999987,60.083,12.006258009753154,1.0
54,2,10,1.0,9.25875163768702,13,0.8264048548361227,0,0.0,1.0000000000000002,74.812,61.82500000000001,1.2100606550748076,1.0
54,3,10,0.0,-13.690094218045232,19,0.0,10,1.0,0.75,64.262,63.629,1.0099482940168791,1.0
54,4,10,0.0,-13.51775538964349,19,0.0,10,1.0,0.7000000000000001,48.408,33.351000000000006,1.4514707205181252,1.0
54,5,10,1.0,10.446136487221317,4,0.7157034442498541,0,0.0,0.35000000000000003,25.695,18.39,1.397226753670473,1.0
54,6,10,1.0,10.225885572295788,6,0.7865855167124371,0,0.0,0.4,40.419000000000004,31.793,1.2713175856320575,1.0
54,7,10,1.0,10.221738013258646,6,0.9076872842615916,0,0.0,0.39999999999999997,21.438000000000002,19.459000000000003,1.1017010123850146,1.0
54,8,10,0.0,-13.111983525136282,13,0.0,10,1.0,0.2,22.733,41.275,0.5507692307692308,1.0
54,9,10,0.0,-25.55787879403939,200,0.0,0,0.0,15.000000000000004,929.5900000000028,49.189,18.89833092764648,1.0
55,0,10,1.0,9.852795136575615,9,0.7645485801604484,0,0.0,0.6000000000000001,39.265,30.020000000000003,1.3079613590939372,1.0
55,1,10,1.0,9.351614285295067,12,0.8611065485741723,0,0.0,1.0,79.14699999999999,68.15400000000001,1.161296475628723,1.0
55,2,10,0.0,-30.35706505612422,200,0.0,0,0.0,24.900000000000002,2017.9969999999914,66.727,30.242585460158427,1.0
55,3,10,0.0,-22.952091555126223,200,0.0,0,0.0,10.000000000000007,710.7310000000004,28.988000000000003,24.51811094245896,1.0
55,4,10,1.0,9.913857716894977,9,0.974112623432079,0,0.0,0.44999999999999996,56.205,54.75,1.0265753424657533,1.0
55,5,10,1.0,10.102934664764621,7,0.9630972989311131,0,0.0,0.44999999999999996,36.393,35.05,1.0383166904422254,1.0
55,6,10,1.0,10.760389012620639,2,0.5604093859211182,0,0.0,0.1,12.018,6.734999999999999,1.784409799554566,1.0
55,7,10,0.0,-25.487539717151503,200,0.0,0,0.0,15.000000000000004,938.6589999999986,48.153,19.493261063692785,1.0
55,8,10,1.0,10.223331743836727,6,0.9806864945753835,0,0.0,0.4,21.384,20.971,1.0196938629536025,1.0
55,9,10,0.0,-23.040241884065594,200,0.0,0,0.0,10.000000000000007,1139.4159999999965,75.284,15.13490250252373,1.0
56,0,10,0.0,-23.188736173408305,200,0.0,0,0.0,10.000000000000007,838.9740000000032,49.271,17.02774451502919,1.0
56,1,10,1.0,10.727963548132266,2,1.0,0,0.0,0.15000000000000002,8.861,8.861,1.0,1.0
56,2,10,0.0,-13.302403916094912,16,0.0,10,1.0,0.4,34.162,50.867000000000004,0.6715945504944265,1.0
56,3,10,0.0,-23.00898043666955,200,0.0,0,0.0,10.000000000000007,1122.3720000000035,29.954000000000004,37.46985377578965,1.0
56,4,10,0.0,-23.180742049469952,200,0.0,0,0.0,10.000000000000007,977.3140000000008,45.28,21.583789752650194,1.0
56,5,10,1.0,10.160715517538716,7,0.8246487285966209,0,0.0,0.35,35.158,28.993,1.2126375331976684,1.0
56,6,10,1.0,10.282413253598499,6,0.6262956188485322,0,0.0,0.3,45.924,28.761999999999997,1.596690077185175,1.0
56,7,10,1.0,10.60653969510988,3,1.0,0,0.0,0.2,25.255000000000003,25.255000000000003,1.0,1.0
56,8,10,0.0,-13.445383383349633,16,0.0,10,1.0,0.35,19.75,29.657,0.6659473311528475,1.0
56,9,10,1.0,9.90977183886763,7,0.6629477072478791,0,0.0,0.8500000000000001,36.659,24.303,1.508414599020697,1.0
57,0,10,0.0,-12.982682249128539,13,0.0,10,1.0,0.2,26.775,59.382999999999996,0.4508866173820791,1.0
57,1,10,0.0,-26.242287757145924,200,0.0,0,0.0,15.150000000000002,1182.091000000005,60.909,19.407493145512237,1.0
57,2,10,0.0,-13.00535556386886,11,0.0,10,1.0,0.2,5.593,58.80800000000001,0.09510610801251529,1.0
57,3,10,1.0,10.73285078776645,2,0.9694519317160827,0,0.0,0.15000000000000002,11.129999999999999,10.79,1.0315106580166822,1.0
57,4,10,1.0,10.200940376385061,6,0.9383836716729933,0,0.0,0.45,36.354,34.114,1.0656621914756406,1.0
57,5,10,0.0,-13.18894922137494,13,0.0,10,1.0,0.15000000000000002,10.913,34.227000000000004,0.3188418500014608,1.0
57,6,10,0.0,-12.926177771436723,11,0.0,10,1.0,0.05,5.596,56.071999999999996,0.09980025681266944,1.0
57,7,10,1.0,10.589510478573663,3,0.4141996501910993,0,0.0,0.25,15.437000000000001,6.394,2.4142946512355334,1.0
57,8,10,1.0,9.347452584195647,12,0.7487874054587307,0,0.0,1.0000000000000002,48.656,36.433,1.3354925479647572,1.0
57,9,10,1.0,9.859361277961888,8,0.9414288151704975,0,0.0,0.7500000000000001,41.026999999999994,38.623999999999995,1.0622152029826015,1.0
58,0,10,1.0,9.93130351607475,8,0.985511041284804,0,0.0,0.6000000000000001,57.285000000000004,56.455000000000005,1.0147019750243556,1.0
58,1,10,0.0,-27.126448662925068,200,0.0,0,0.0,17.850000000000023,1054.3789999999979,45.434999999999995,23.206316716187917,1.0
58,2,10,0.0,-25.949986897041843,200,0.0,0,0.0,15.000000000000004,516.4699999999984,45.028000000000006,11.469974238251718,1.0
58,3,10,0.0,-25.368433500144334,200,0.0,0,0.0,15.000000000000004,943.1629999999986,41.564,22.691824655952235,1.0
58,4,10,1.0,9.689685033551095,10,0.528718565869059,0,0.0,0.7500000000000002,63.983000000000004,33.829,1.8913653965532533,1.0
58,5,10,1.0,9.701270146740438,9,0.7299385425812117,0,0.0,0.9000000000000001,39.864999999999995,29.099,1.3699783497714697,1.0
58,6,10,0.0,-12.963064081553291,16,0.0,10,1.0,0.39999999999999997,32.374,36.001000000000005,0.899252798533374,1.0
58,7,10,0.0,-23.39621143401086,200,0.0,0,0.0,10.050000000000008,793.4760000000012,35.718,22.215017638165662,1.0
58,8,10,0.0,-13.728744135484614,16,0.0,10,1.0,0.45,41.361000000000004,43.69499999999999,0.9465842773772746,1.0
58,9,10,1.0,10.36664563971686,5,0.8123215333463718,0,0.0,0.3,25.565000000000005,20.767,1.2310396301825013,1.0
59,0,10,0.0,-24.706394630946487,200,0.0,0,0.0,13.350000000000014,782.6850000000007,54.423,14.381511493302478,1.0
59,1,10,0.0,-30.816857548673234,200,0.0,0,0.0,24.95,1489.1500000000037,57.732,25.794186932723683,1.0
59,2,10,1.0,10.370843301623184,5,0.8436010170568916,0,0.0,0.3,37.756,31.851,1.1853944931085367,1.0
59,3,10,0.0,-25.622252289758524,200,0.0,0,0.0,15.000000000000004,807.0469999999975,48.04,16.799479600333004,1.0
59,4,10,0.0,-23.1964392042453,200,0.0,0,0.0,10.050000000000008,653.3359999999984,43.531,15.008522662010945,1.0
59,5,10,1.0,10.344889625528195,5,0.8587605968655175,0,0.0,0.35000000000000003,31.967000000000002,27.452,1.1644688911554715,1.0
59,6,10,0.0,-26.03158285409808,200,0.0,0,0.0,15.000000000000004,772.7480000000025,54.42700000000001,14.197879728811113,1.0
59,7,10,1.0,10.274472088766872,5,0.970336043510836,0,0.0,0.5,36.037,34.967999999999996,1.030570807595516,1.0
59,8,10,1.0,9.907267034420647,8,0.8940190725410764,0,0.0,0.6500000000000001,39.743,35.531,1.118544369705328,1.0
59,9,10,0.0,-25.761076360682345,200,0.0,0,0.0,15.150000000000002,1235.1379999999986,52.933,23.333988249296254,1.0
60,0,10,0.0,-23.213408814260145,200,0.0,0,0.0,10.000000000000007,922.0799999999987,59.971000000000004,15.375431458538271,1.0
60,1,10,1.0,10.235079462390944,6,0.39380826802362295,0,0.0,0.39999999999999997,53.84599999999999,21.205,2.5393067672718694,1.0
60,2,10,0.0,-25.627871640775638,200,0.0,0,0.0,15.000000000000004,661.849000000001,44.095,15.009615602676062,1.0
60,3,10,0.0,-28.04665971864184,200,0.0,0,0.0,19.95000000000002,1016.1660000000002,67.885,14.968932753922076,1.0
60,4,10,1.0,10.24364008667389,5,1.0,0,0.0,0.55,23.075000000000003,23.075000000000003,1.0,1.0
60,5,10,1.0,10.875,1,1.0,0,0.0,0.05,7.196,7.196,1.0,1.0
60,6,10,1.0,10.56406076751386,3,0.8711660289782349,0,0.0,0.30000000000000004,15.943,13.889,1.1478868169054648,1.0
60,7,10,0.0,-23.08404260741043,200,0.0,0,0.0,10.000000000000007,714.3249999999975,39.242000000000004,18.203073237857332,1.0
60,8,10,1.0,9.183095187581769,13,0.7290138811914365,0,0.0,1.1500000000000001,77.587,56.56199999999999,1.3717159930695524,1.0
60,9,10,0.0,-24.894384288041497,200,0.0,0,0.0,13.350000000000012,650.2470000000001,30.079,21.61797267196383,1.0
61,0,10,1.0,10.191976259282292,6,0.921710104858559,0,0.0,0.44999999999999996,29.659,27.337,1.0849398251454072,1.0
61,1,10,1.0,9.739357826489657,9,0.9966920532348641,0,0.0,0.8000000000000002,51.995999999999995,51.82399999999999,1.0033189255943193,1.0
61,2,10,0.0,-23.05756032765107,200,0.0,0,0.0,10.000000000000007,585.5999999999996,36.136,16.205446092539283,1.0
61,3,10,0.0,-24.251893487485372,200,0.0,0,0.0,12.500000000000014,683.5999999999999,32.522000000000006,21.019617489699275,1.0
61,4,10,1.0,10.12239774905191,6,0.8938582103152907,0,0.0,0.6000000000000001,27.435,24.523,1.118745667332708,1.0
61,5,10,1.0,10.465158605174352,4,1.0,0,0.0,0.3,17.78,17.78,1.0,1.0
61,6,10,1.0,9.958694831203509,7,0.9006115157345059,0,0.0,0.7500000000000001,29.108,26.215,1.1103566660308983,1.0
61,7,10,1.0,10.34282759767863,5,0.6845394736842106,0,0.0,0.35,39.519999999999996,27.053,1.4608361364728495,1.0
61,8,10,1.0,9.879717570069316,8,0.8475924608170488,0,0.0,0.7000000000000001,54.80700000000001,46.454,1.1798122874241186,1.0
61,9,10,0.0,-23.23252692651,200,0.0,0,0.0,10.000000000000007,1080.2250000000001,33.61,32.13998809878013,1.0
62,0,10,1.0,9.031943451699794,15,0.8405001479727732,0,0.0,1.1000000000000003,67.58,56.80100000000001,1.1897677857784192,1.0
62,1,10,1.0,10.348374700896297,5,0.7438457825509834,0,0.0,0.35,33.148,24.657,1.3443646834570306,1.0
62,2,10,1.0,10.411120144534777,4,0.7740485465987413,0,0.0,0.39999999999999997,20.022,15.497999999999998,1.2919086333720482,1.0
62,3,10,0.0,-12.70362699959312,12,0.0,10,1.0,0.2,25.061999999999998,46.697,0.5366940060389318,1.0
62,4,10,1.0,10.610343874391862,3,0.6980549552330966,0,0.0,0.2,12.956000000000001,9.044,1.4325519681556833,1.0
62,5,10,1.0,10.730112600738117,2,1.0,0,0.0,0.15000000000000002,13.277000000000001,13.277000000000001,1.0,1.0
62,6,10,0.0,-25.709426448534455,200,0.0,0,0.0,15.050000000000002,1225.4600000000048,36.675,33.41404226312215,1.0
62,7,10,0.0,-23.576161000693116,200,0.0,0,0.0,10.300000000000013,843.0450000000026,62.037000000000006,13.589390202621056,1.0
62,8,10,1.0,10.344691262399783,5,0.9850350698720352,0,0.0,0.35000000000000003,37.354,36.795,1.0151922815599945,1.0
62,9,10,0.0,-12.946064475647807,12,0.0,10,1.0,0.15000000000000002,17.65,58.968,0.29931488264821593,1.0
63,0,10,0.0,-23.50207185397823,200,0.0,0,0.0,10.050000000000008,1200.2629999999979,46.678000000000004,25.713676678520883,1.0
63,1,10,0.0,-23.31368948081271,200,0.0,0,0.0,10.050000000000008,645.8199999999978,55.375,11.662663656884837,1.0
63,2,10,1.0,9.980793196362411,7,0.9649596782384366,0,0.0,0.7000000000000001,49.229,47.504,1.0363127315594476,1.0
63,3,10,1.0,9.983687308399755,8,0.6711105624819981,0,0.0,0.5,48.60600000000001,32.620000000000005,1.4900674432863275,1.0
63,4,10,0.0,-24.84055231211192,200,0.0,0,0.0,14.000000000000009,939.9570000000003,32.373000000000005,29.035214530627382,1.0
63,5,10,0.0,-24.2511661616932,200,0.0,0,0.0,12.500000000000014,925.0,45.877,20.162608714606446,1.0
63,6,10,1.0,10.875,1,1.0,0,0.0,0.05,7.655,7.655,1.0,1.0
63,7,10,0.0,-25.7488514988664,200,0.0,0,0.0,15.050000000000002,841.9880000000023,47.636,17.67545553782858,1.0
63,8,10,1.0,10.8,1,1.0,0,0.0,0.2,6.938,6.938,1.0,1.0
63,9,10,0.0,-23.321099636290832,200,0.0,0,0.0,10.000000000000007,839.6060000000033,59.938,14.007908171777558,1.0
64,0,10,0.0,-35.71437684561907,200,0.0,8,0.0,19.100000000000033,729.6799999999981,54.521,13.383466921002881,1.0
64,1,10,0.0,-12.9,10,0.0,10,1.0,0.0,0.0,19.679,0.0,1.0
64,2,10,1.0,9.502563000947035,11,0.9031793716359997,0,0.0,0.9000000000000001,47.934,43.293000000000006,1.107199778255145,1.0
64,3,10,0.0,-28.124364831974038,200,0.0,0,0.0,20.000000000000014,1822.743000000009,46.838,38.91590161834427,1.0
64,4,10,1.0,10.145763623978201,7,0.6373325808062171,0,0.0,0.39999999999999997,46.067,29.360000000000003,1.5690395095367846,1.0
64,5,10,0.0,-13.040974106640267,12,0.0,10,1.0,0.15000000000000002,11.83,51.519,0.22962402220539996,1.0
64,6,10,0.0,-13.071509919520867,11,0.0,10,1.0,0.05,3.258,42.744,0.076221224031443,1.0
64,7,10,0.0,-13.112138320743178,11,0.0,10,1.0,0.05,7.935,50.701,0.1565057888404568,1.0
64,8,10,0.0,-12.9,10,0.0,10,1.0,0.0,0.0,51.461,0.0,1.0
64,9,10,0.0,-13.040066591565676,12,0.0,10,1.0,0.15000000000000002,7.151,55.03699999999999,0.12993077384305105,1.0
65,0,10,0.0,-28.074374321548515,200,0.0,0,0.0,20.00000000000003,960.2609999999995,59.879,16.036690659496642,1.0
65,1,10,0.0,-23.01477263146793,200,0.0,0,0.0,10.000000000000007,878.5800000000008,75.91199999999999,11.573664242807473,1.0
65,2,10,1.0,10.611455016927177,3,0.5792064750302474,0,0.0,0.2,23.969,13.883,1.7265000360152707,1.0
65,3,10,0.0,-28.14992232827992,200,0.0,0,0.0,19.900000000000013,1342.9660000000008,32.058,41.89175868737915,1.0
65,4,10,0.0,-26.18231374106432,200,0.0,0,0.0,15.200000000000003,902.561999999996,25.18,35.844400317712314,1.0
65,5,10,1.0,9.926311870196413,8,0.6798653042266604,0,0.0,0.6000000000000002,43.06,29.275,1.4708795900939369,1.0
65,6,10,1.0,10.51290520350335,4,0.6894714407502129,0,0.0,0.2,28.152,19.409999999999997,1.4503863987635242,1.0
65,7,10,0.0,-24.60494877632328,200,0.0,0,0.0,12.500000000000014,845.036000000001,52.709999999999994,16.031796623031703,1.0
65,8,10,0.0,-25.548162391611882,200,0.0,0,0.0,15.000000000000002,530.9999999999973,55.126,9.63247832238866,1.0
65,9,10,1.0,10.322799363851814,5,0.99287881602576,0,0.0,0.4,32.298,32.068,1.0071722589497318,1.0
66,0,10,0.0,-23.030158851968373,200,0.0,0,0.0,10.000000000000007,824.1999999999977,52.123999999999995,15.812293761031343,1.0
66,1,10,0.0,-12.885302133905384,13,0.0,10,1.0,0.15000000000000002,24.021,44.285000000000004,0.5424184261036468,1.0
66,2,10,1.0,10.585223782611179,3,0.9850418939436539,0,0.0,0.25,17.783,17.517,1.0151852486156305,1.0
66,3,10,0.0,-12.966859044449729,13,0.0,10,1.0,0.30000000000000004,19.758,21.035000000000004,0.9392916567625385,1.0
66,4,10,0.0,-30.343182758523007,200,0.0,0,0.0,25.0,1366.6990000000055,35.287,38.730949074730226,1.0
66,5,10,0.0,-25.527240622909428,200,0.0,0,0.0,15.000000000000004,533.6199999999973,64.279,8.301622613917411,1.0
66,6,10,1.0,10.372965911639382,5,0.9341643534279578,0,0.0,0.30000000000000004,19.093,17.836,1.0704754429244225,1.0
66,7,10,0.0,-25.45067637815508,200,0.0,0,0.0,13.500000000000012,629.4549999999987,50.592999999999996,12.441543296503443,1.0
66,8,10,1.0,10.517382523226066,4,0.5636336040069818,0,0.0,0.2,13.177000000000001,7.427,1.774202235088192,1.0
66,9,10,1.0,10.010037902483901,8,0.9979618442555223,0,0.0,0.44999999999999996,54.461000000000006,54.35,1.0020423183072678,1.0
67,0,10,0.0,-24.45322025389089,200,0.0,0,0.0,12.500000000000014,644.0999999999993,27.886,23.097611704798084,1.0
67,1,10,0.0,-23.163217293985962,200,0.0,0,0.0,10.050000000000008,685.5069999999998,33.95399999999999,20.189285503917063,1.0
67,2,10,0.0,-23.39423551034634,200,0.0,0,0.0,10.20000000000001,312.0999999999992,63.114000000000004,4.945020122318332,1.0
67,3,10,0.0,-13.775526681318683,18,0.0,10,1.0,0.7000000000000001,54.57,56.87499999999999,0.9594725274725276,1.0
67,4,10,1.0,10.032008362126534,7,0.8497027113709815,0,0.0,0.6000000000000001,40.533,34.440999999999995,1.1768822043494673,1.0
67,5,10,1.0,10.319677177739495,5,0.7602209315567702,0,0.0,0.39999999999999997,35.124,26.701999999999998,1.315407085611565,1.0
67,6,10,1.0,9.12887064829893,14,0.613293744517174,0,0.0,1.1000000000000003,74.095,45.44200000000001,1.630540029048017,1.0
67,7,10,0.0,-23.26225347490628,200,0.0,0,0.0,10.250000000000012,678.3599999999996,68.563,9.893966133337216,1.0
67,8,10,0.0,-13.668057398397956,18,0.0,10,1.0,0.6000000000000001,42.46199999999999,40.69799999999999,1.0433436532507738,1.0
67,9,10,1.0,9.842497755046265,9,0.8075734644974145,0,0.0,0.6,63.432,51.226,1.2382774372389023,1.0
68,0,10,0.0,-28.165841284738455,200,0.0,0,0.0,19.95000000000002,735.1409999999997,38.358,19.1652588768966,1.0
68,1,10,1.0,10.58414624994482,3,0.9552584970903264,0,0.0,0.25,23.714,22.653,1.046837063523595,1.0
68,2,10,0.0,-23.101491342208007,200,0.0,0,0.0,10.000000000000007,907.7999999999979,29.973,30.287258532679342,1.0
68,3,10,1.0,10.289275802496656,5,0.9541381969000079,0,0.0,0.44999999999999996,37.613,35.888,1.048066205974142,1.0
68,4,10,1.0,10.083356648578683,7,0.7731121545685474,0,0.0,0.5,51.964,40.174,1.2934733907502365,1.0
68,5,10,0.0,-25.44593610518144,200,0.0,0,0.0,14.900000000000002,1066.8270000000014,41.224,25.87878420337671,1.0
68,6,10,1.0,10.390934107076001,4,1.0,0,0.0,0.44999999999999996,18.697000000000003,18.697000000000003,1.0,1.0
68,7,10,0.0,-23.060701915954237,200,0.0,0,0.0,10.000000000000007,801.3470000000008,49.949,16.043304170253673,1.0
68,8,10,1.0,10.490918393127842,4,0.9480239520958083,0,0.0,0.25,16.700000000000003,15.832,1.0548256695300657,1.0
68,9,10,0.0,-23.10130651420164,200,0.0,0,0.0,10.000000000000007,761.2089999999995,43.550999999999995,17.478565360152455,1.0
69,0,10,1.0,10.85,1,1.0,0,0.0,0.1,1.745,1.745,1.0,1.0
69,1,10,0.0,-13.060094436074042,14,0.0,10,1.0,0.4,20.347,37.168,0.5474332759362893,1.0
69,2,10,1.0,10.370413386777418,5,0.9168474651317245,0,0.0,0.3,22.585,20.707,1.090693968223306,1.0
69,3,10,0.0,-25.497237961778243,200,0.0,0,0.0,15.000000000000004,1108.9189999999978,49.239,22.521151932411257,1.0
69,4,10,0.0,-24.686806029633296,200,0.0,0,0.0,13.350000000000012,839.4350000000003,52.441,16.007227169581057,1.0
69,5,10,0.0,-13.422466268440237,14,0.0,10,1.0,0.3,17.502,52.399,0.3340140079009141,1.0
69,6,10,1.0,10.343384647534132,5,0.9824129200027373,0,0.0,0.35,29.226,28.712,1.0179019225410977,1.0
69,7,10,1.0,10.535188336362134,3,0.739282660912755,0,0.0,0.35000000000000003,24.563,18.159,1.3526625915523982,1.0
69,8,10,0.0,-25.787903890824605,200,0.0,0,0.0,15.000000000000004,466.2429999999989,68.88,6.768916957026698,1.0
69,9,10,0.0,-23.099059182957593,200,0.0,0,0.0,10.050000000000008,600.393999999999,54.17100000000001,11.083310258256242,1.0
70,0,10,1.0,9.717253805299231,9,0.7794763865118643,0,0.0,0.85,43.23800000000001,33.702999999999996,1.2829125003708872,1.0
70,1,10,1.0,10.17371600820934,6,0.854730840916566,0,0.0,0.5,45.605000000000004,38.98,1.1699589533093897,1.0
70,2,10,0.0,-25.667586564770197,200,0.0,0,0.0,15.000000000000004,2976.5830000000046,42.396,70.20905274082472,1.0
70,3,10,1.0,10.755651857246905,2,0.8315164728682171,0,0.0,0.1,8.256,6.865,1.2026219956300073,1.0
70,4,10,1.0,10.107473808873097,6,0.6763401109057301,0,0.0,0.65,32.46,21.954,1.478546050833561,1.0
70,5,10,1.0,10.631378153944427,3,0.7535499398315283,0,0.0,0.15000000000000002,12.465,9.393,1.327052060044714,1.0
70,6,10,1.0,10.610579823873048,3,1.0,0,0.0,0.2,22.938000000000002,22.938000000000002,1.0,1.0
70,7,10,1.0,10.372842270673738,5,0.96498128228214,0,0.0,0.3,42.206,40.728,1.0362895305440976,1.0
70,8,10,0.0,-23.115133699399816,200,0.0,0,0.0,10.000000000000007,825.3650000000023,39.155,21.07942791469805,1.0
70,9,10,1.0,9.64462455844703,10,0.6395630816423818,0,0.0,0.7999999999999999,48.247,30.857,1.5635674239232589,1.0
71,0,10,0.0,-25.525384503243693,200,0.0,0,0.0,15.000000000000004,1128.917000000002,54.876000000000005,20.572144471171402,1.0
71,1,10,1.0,10.630406301824213,3,0.6462392829306314,0,0.0,0.15000000000000002,10.264000000000001,6.633000000000001,1.547414442936831,1.0
71,2,10,0.0,-25.43827160493832,200,0.0,0,0.0,15.000000000000002,946.2940000000025,20.655,45.81428225611244,1.0
71,3,10,1.0,10.875,1,1.0,0,0.0,0.05,7.849,7.849,1.0,1.0
71,4,10,1.0,10.295554986607845,5,0.9304746197544438,0,0.0,0.44999999999999996,27.285000000000004,25.388,1.0747203403182606,1.0
71,5,10,1.0,10.619046778464254,3,0.5825192802056556,0,0.0,0.2,13.615,7.931,1.7166813768755516,1.0
71,6,10,0.0,-23.037629101856417,200,0.0,0,0.0,10.000000000000007,945.9719999999979,49.825,18.985890617160017,1.0
71,7,10,0.0,-29.146470099149834,200,0.0,0,0.0,21.70000000000002,944.3429999999988,48.10900000000001,19.62923777255812,1.0
71,8,10,1.0,10.60851154630376,3,1.0,0,0.0,0.2,21.089000000000002,21.089000000000002,1.0,1.0
71,9,10,1.0,10.324293493975903,5,0.8529967935542218,0,0.0,0.4,24.326,20.75,1.1723373493975904,1.0
72,0,10,0.0,-15.461398369072786,30,0.0,10,1.0,1.5000000000000007,129.31999999999994,49.66499999999999,2.6038457666364634,1.0
72,1,10,0.0,-23.1346252149263,200,0.0,0,0.0,10.000000000000007,724.399999999999,21.519000000000002,33.66327431572094,1.0
72,2,10,0.0,-14.194567082052112,19,0.0,10,1.0,0.8999999999999999,57.587,24.716,2.3299482116847385,1.0
72,3,10,0.0,-22.991463414634044,200,0.0,0,0.0,10.000000000000007,633.9999999999993,40.18,15.778994524639106,1.0
72,4,10,0.0,-13.559896330204648,19,0.0,10,1.0,0.7000000000000001,46.492000000000004,51.992000000000004,0.8942144945376211,1.0
72,5,10,1.0,9.906746979286536,8,0.7494609745579992,0,0.0,0.65,37.104,27.808000000000003,1.3342922899884924,1.0
72,6,10,0.0,-25.545991918990367,200,0.0,0,0.0,15.000000000000002,605.280000000002,40.093999999999994,15.096523170549261,1.0
72,7,10,1.0,10.488293971696379,4,1.0,0,0.0,0.25,21.764,21.764,1.0,1.0
72,8,10,1.0,9.859320436403461,8,0.8309095045588981,0,0.0,0.7500000000000001,57.141000000000005,47.479,1.2035004949556647,1.0
72,9,10,0.0,-27.825358450822126,200,0.0,0,0.0,20.000000000000014,1459.200000000006,41.777,34.92830983555559,1.0
73,0,10,1.0,10.739955595026641,2,0.33586875466070093,0,0.0,0.15000000000000002,13.41,4.504,2.977353463587922,1.0
73,1,10,0.0,-23.11757162367698,200,0.0,0,0.0,10.000000000000007,697.7180000000005,64.43400000000001,10.828413570475222,1.0
73,2,10,0.0,-14.158953287197235,10,0.0,10,1.0,0.0,0.0,8.091999999999999,0.0,1.0
73,3,10,1.0,9.207439315001285,13,0.5792486534766016,0,0.0,1.1500000000000001,73.894,42.803000000000004,1.7263743195570402,1.0
73,4,10,1.0,10.32038359083644,5,0.9458301839254221,0,0.0,0.4,23.814,22.524,1.057272242940863,1.0
73,5,10,1.0,10.175223348196191,6,0.9793568876538309,0,0.0,0.5000000000000001,25.19,24.67,1.0210782326712606,1.0
73,6,10,1.0,10.246268720379145,5,0.8536980093866322,0,0.0,0.55,24.716,21.1,1.1713744075829384,1.0
73,7,10,0.0,-12.9,10,0.0,10,1.0,0.0,0.0,28.322,0.0,1.0
73,8,10,0.0,-22.95761564054998,200,0.0,0,0.0,10.000000000000007,628.3169999999999,67.92600000000002,9.250022082854867,1.0
73,9,10,1.0,10.181076487252124,6,0.6402505380764673,0,0.0,0.5,41.351,26.474999999999998,1.5618885741265345,1.0
74,0,10,1.0,10.363517980168053,5,0.8720611217225213,0,0.0,0.3,28.795,25.111,1.146708613754928,1.0
74,1,10,0.0,-32.970081411126245,200,0.0,0,0.0,30.000000000000004,885.6059999999987,58.96,15.020454545454523,1.0
74,2,10,1.0,10.231725682746756,6,0.9100159812139199,0,0.0,0.39999999999999997,30.661,27.902,1.0988818005877714,1.0
74,3,10,1.0,10.611504269211451,3,0.5885743847461385,0,0.0,0.2,13.531,7.964,1.6990205926670015,1.0
74,4,10,0.0,-22.823503658765393,200,0.0,0,0.0,10.000000000000007,661.0030000000016,31.977999999999998,20.670554756395074,1.0
74,5,10,0.0,-12.899999999999999,10,0.0,10,1.0,0.0,0.0,30.102,0.0,1.0
74,6,10,0.0,-12.9,10,0.0,10,1.0,0.0,0.0,46.63300000000001,0.0,1.0
74,7,10,1.0,10.85,1,1.0,0,0.0,0.1,3.868,3.868,1.0,1.0
74,8,10,1.0,10.636392464310788,3,0.4454753961634695,0,0.0,0.15000000000000002,19.184,8.546,2.2447928855604964,1.0
74,9,10,1.0,10.387914609444234,4,0.8022750933143742,0,0.0,0.45,39.383,31.596,1.2464552474996835,1.0
75,0,10,0.0,-23.14757843778092,200,0.0,0,0.0,10.050000000000008,681.6029999999972,48.956,13.922767382956065,1.0
75,1,10,1.0,10.146895658724928,6,0.7979111094413345,0,0.0,0.55,26.617,21.238,1.2532724361992655,1.0
75,2,10,0.0,-27.8677624102664,200,0.0,0,0.0,20.000000000000014,911.6140000000021,36.07899999999999,25.267163724050064,1.0
75,3,10,0.0,-13.421656564756214,14,0.0,10,1.0,0.35000000000000003,18.207,67.314,0.2704786522863001,1.0
75,4,10,1.0,10.244836321884009,6,0.8591637981697592,0,0.0,0.35,23.821999999999996,20.467,1.1639224116871059,1.0
75,5,10,1.0,10.374053031617672,5,0.6833230564910118,0,0.0,0.3,42.166,28.813,1.463436643181897,1.0
75,6,10,0.0,-13.317651002865329,14,0.0,10,1.0,0.25,12.333,69.80000000000001,0.17669054441260743,1.0
75,7,10,0.0,-29.855482242190796,200,0.0,0,0.0,23.250000000000014,874.7439999999986,70.11,12.476736556839231,1.0
75,8,10,0.0,-30.37024243737798,200,0.0,0,0.0,25.0,517.5869999999995,32.297,16.025853794470063,1.0
75,9,10,0.0,-25.46737494466575,200,0.0,0,0.0,14.900000000000002,2158.2029999999995,47.439,45.494276860810714,1.0
76,0,10,1.0,9.74465210355987,9,0.8241672223349665,0,0.0,0.8,34.493,28.428,1.2133459969044604,1.0
76,1,10,0.0,-26.112824099449686,200,0.0,0,0.0,15.000000000000002,1255.1919999999982,45.611000000000004,27.519501874547764,1.0
76,2,10,0.0,-23.256928710236938,200,0.0,0,0.0,10.050000000000008,427.67200000000014,76.67299999999999,5.577869654245957,1.0
76,3,10,1.0,10.754689684844575,2,0.8774893817838603,0,0.0,0.1,10.595,9.297,1.1396149295471658,1.0
76,4,10,0.0,-12.899999999999999,10,0.0,10,1.0,0.0,0.0,9.177,0.0,1.0
76,5,10,0.0,-12.9,10,0.0,10,1.0,0.0,0.0,55.885,0.0,1.0
76,6,10,1.0,10.613717985067574,3,0.9919377519452517,0,0.0,0.2,21.334,21.162,1.0081277762026273,1.0
76,7,10,1.0,10.126974002703468,7,0.7602466362354515,0,0.0,0.39999999999999997,41.843,31.811,1.31536261041778,1.0
76,8,10,0.0,-13.149977479208623,12,0.0,10,1.0,0.15000000000000002,14.021,65.051,0.21553857742386742,1.0
76,9,10,0.0,-12.441887939335581,12,0.0,10,1.0,0.25,14.325,16.616,0.8621208473760231,1.0
77,0,10,0.0,-22.896172845205733,200,0.0,0,0.0,10.000000000000007,899.6000000000033,43.322,20.76543095886624,1.0
77,1,10,0.0,-25.49158842567371,200,0.0,0,0.0,15.000000000000004,956.3699999999985,62.414,15.323004454128858,1.0
77,2,10,0.0,-12.801833759847456,14,0.0,10,1.0,0.35000000000000003,33.796,39.858,0.8479100807867932,1.0
77,3,10,0.0,-12.971747838271984,14,0.0,10,1.0,0.30000000000000004,31.447000000000003,29.259,1.074780409446666,1.0
77,4,10,1.0,9.318068718640884,12,0.7333821092724495,0,0.0,1.05,92.94200000000001,68.162,1.3635456706082567,1.0
77,5,10,0.0,-25.60420511614783,200,0.0,0,0.0,15.050000000000002,647.2609999999969,53.165,12.174569735728335,1.0
77,6,10,0.0,-24.31891429309568,200,0.0,0,0.0,12.500000000000016,1124.2000000000012,15.483,72.60866757088426,1.0
77,7,10,1.0,9.98782197979937,8,0.940830797124911,0,0.0,0.5,61.772,58.117000000000004,1.0628903763098576,1.0
77,8,10,0.0,-29.645666737034652,200,0.0,0,0.0,23.25000000000002,845.5839999999987,56.843999999999994,14.875518964182653,1.0
77,9,10,1.0,10.63205763260899,3,0.5070143023335387,0,0.0,0.15000000000000002,14.613,7.409000000000001,1.972330948845998,1.0
78,0,10,1.0,10.304655291516994,5,0.6902536715620827,0,0.0,0.45,20.972,14.475999999999999,1.4487427466150873,1.0
78,1,10,0.0,-23.04779228190313,200,0.0,0,0.0,10.000000000000007,908.3019999999964,42.057,21.596927978695494,1.0
78,2,10,0.0,-23.611162946898222,200,0.0,0,0.0,10.15000000000001,687.3110000000034,61.787,11.123877190994925,1.0
78,3,10,0.0,-22.919906981498503,200,0.0,0,0.0,10.000000000000007,418.20000000000095,39.132000000000005,10.686905857099072,1.0
78,4,10,0.0,-25.80333799888035,200,0.0,0,0.0,15.000000000000002,665.4649999999991,25.006,26.612213068863436,1.0
78,5,10,0.0,-13.791897128692419,19,0.0,10,1.0,0.49999999999999994,31.94099999999999,24.205,1.3196033877298075,1.0
78,6,10,0.0,-23.081344642920033,200,0.0,0,0.0,10.000000000000007,1024.7130000000013,56.766000000000005,18.051527322693182,1.0
78,7,10,1.0,10.515024988975453,4,1.0,0,0.0,0.2,13.606,13.606,1.0,1.0
78,8,10,0.0,-13.71394754553485,19,0.0,10,1.0,0.8,44.07099999999999,47.54600000000001,0.926912884364615,1.0
78,9,10,0.0,-24.165024455102248,200,0.0,0,0.0,12.500000000000014,477.00000000000034,42.118,11.325324089462946,1.0
79,0,10,0.0,-13.21909178940516,14,0.0,10,1.0,0.25,19.528,61.445,0.31781267800471963,1.0
79,1,10,0.0,-28.098534887637378,200,0.0,0,0.0,20.00000000000003,967.4310000000025,53.44299999999999,18.102108788803076,1.0
79,2,10,1.0,10.345129063679533,5,0.93955918242831,0,0.0,0.35000000000000003,26.224,24.639000000000003,1.064328909452494,1.0
79,3,10,1.0,9.578881166161835,10,0.7202181534865603,0,0.0,0.95,51.34,36.976000000000006,1.388468195586326,1.0
79,4,10,1.0,10.604514285714286,3,0.9568571642573588,0,0.0,0.2,13.351,12.774999999999999,1.0450880626223094,1.0
79,5,10,0.0,-23.433176525836817,200,0.0,0,0.0,10.100000000000009,990.8910000000008,61.75300000000001,16.0460382491539,1.0
79,6,10,0.0,-13.106840778637384,14,0.0,10,1.0,0.2,16.642000000000003,40.07,0.41532318442725236,1.0
79,7,10,1.0,10.179020066889631,5,1.0,0,0.0,0.7,38.87,38.87,1.0,1.0
79,8,10,0.0,-23.325624231625774,200,0.0,0,0.0,10.100000000000009,999.1779999999952,56.12500000000001,17.802726057906373,1.0
79,9,10,1.0,9.986756771697069,8,0.6841000623971863,0,0.0,0.5,52.887,36.17999999999999,1.4617744610281926,1.0
80,0,10,0.0,-22.849671853716913,200,0.0,0,0.0,10.000000000000007,728.4000000000027,24.227000000000004,30.065629256614628,1.0
80,1,10,1.0,10.349652845575145,5,0.7800125425550976,0,0.0,0.35,22.324,17.413,1.282030666743238,1.0
80,2,10,1.0,10.24319360414866,6,0.49603429796355836,0,0.0,0.39999999999999997,23.325000000000003,11.57,2.015989628349179,1.0
80,3,10,1.0,10.345035460992907,5,0.9468435224892789,0,0.0,0.35,30.081,28.482,1.0561407204550242,1.0
80,4,10,0.0,-22.873110765197445,200,0.0,0,0.0,10.050000000000008,575.7579999999991,48.824000000000005,11.792520072095671,1.0
80,5,10,0.0,-22.926033959314253,200,0.0,0,0.0,10.000000000000007,898.1999999999975,55.007000000000005,16.32883087607027,1.0
80,6,10,0.0,-25.600204717021317,200,0.0,0,0.0,15.000000000000002,939.7999999999969,46.89399999999999,20.040943404273406,1.0
80,7,10,0.0,-26.267313637750398,200,0.0,0,0.0,16.600000000000023,1085.8269999999998,39.332,27.60670700701718,1.0
80,8,10,1.0,10.058739138647525,7,0.3980226678946676,0,0.0,0.6000000000000001,53.202999999999996,21.176,2.512419720438232,1.0
80,9,10,1.0,9.857529406442273,9,0.48326373554297203,0,0.0,0.6,45.739000000000004,22.104,2.0692634817227655,1.0
81,0,10,1.0,10.209735939869454,6,0.5616575322174492,0,0.0,0.45,27.004,15.166999999999998,1.7804443858376742,1.0
81,1,10,1.0,9.623704850902982,10,0.7073415277210443,0,0.0,0.8500000000000001,53.85799999999999,38.096,1.4137442251154975,1.0
81,2,10,1.0,9.532579881656805,11,0.7532920710119456,0,0.0,0.85,78.52199999999999,59.14999999999999,1.327506339814032,1.0
81,3,10,1.0,9.98534857502425,7,0.9768972671157442,0,0.0,0.7000000000000001,39.043,38.141,1.023649091528801,1.0
81,4,10,0.0,-28.20778675920977,200,0.0,0,0.0,19.750000000000025,745.1469999999988,46.825,15.913443673251441,1.0
81,5,10,1.0,10.369460718787,5,1.0,0,0.0,0.3,26.182999999999996,26.182999999999996,1.0,1.0
81,6,10,0.0,-23.228501285879002,200,0.0,0,0.0,10.100000000000009,704.2880000000033,67.658,10.409530284667051,1.0
81,7,10,0.0,-25.481420056467716,200,0.0,0,0.0,15.000000000000004,549.4170000000014,19.125999999999998,28.726184251803904,1.0
81,8,10,1.0,10.757626874279124,2,1.0,0,0.0,0.1,10.404,10.404,1.0,1.0
81,9,10,0.0,-25.569299694893754,200,0.0,0,0.0,15.150000000000002,1202.2940000000035,52.113,23.07090361330193,1.0
82,0,10,1.0,9.912554105347274,8,0.7954200360182213,0,0.0,0.6500000000000001,56.63799999999999,45.05100000000001,1.2571973985039173,1.0
82,1,10,1.0,10.1261455837222,7,0.6263033175355449,0,0.0,0.45,37.980000000000004,23.787,1.5966704502459328,1.0
82,2,10,0.0,-25.743149516429433,200,0.0,0,0.0,14.900000000000002,1108.0959999999977,49.940999999999995,22.188101960313126,1.0
82,3,10,1.0,9.487744573425969,11,0.6316406356475046,0,0.0,0.9500000000000001,73.374,46.346,1.5831786993483796,1.0
82,4,10,1.0,10.005506738371908,7,0.9127004996055745,0,0.0,0.65,34.227,31.238999999999997,1.0956496686833765,1.0
82,5,10,0.0,-23.512859396914482,200,0.0,0,0.0,10.050000000000008,797.2510000000013,45.632000000000005,17.471313990182356,1.0
82,6,10,1.0,10.728543256997455,2,1.0,0,0.0,0.15000000000000002,11.004000000000001,11.004000000000001,1.0,1.0
82,7,10,1.0,10.633973930680666,3,0.9668358518860309,0,0.0,0.15000000000000002,17.337999999999997,16.763,1.0343017359661155,1.0
82,8,10,0.0,-25.534996738940226,200,0.0,0,0.0,15.000000000000004,1001.1999999999958,62.863,15.92669773952875,1.0
82,9,10,0.0,-23.4923238901193,200,0.0,0,0.0,10.100000000000009,911.6619999999959,60.501999999999995,15.068295262966448,1.0
83,0,10,0.0,-23.08444452873133,200,0.0,0,0.0,10.050000000000008,639.743000000003,52.73,12.132429357102277,1.0
83,1,10,0.0,-23.6331891165763,200,0.0,0,0.0,10.15000000000001,935.3429999999958,62.903000000000006,14.869608762698054,1.0
83,2,10,0.0,-14.086443709971965,19,0.0,10,1.0,0.7500000000000001,29.205,38.879,0.7511767277964968,1.0
83,3,10,0.0,-23.250879193632343,200,0.0,0,0.0,10.15000000000001,664.7509999999997,67.215,9.889920404671573,1.0
83,4,10,0.0,-13.470926385567696,15,0.0,10,1.0,0.25,19.512,33.037,0.5906105275902775,1.0
83,5,10,0.0,-13.622321428571428,19,0.0,10,1.0,0.7,36.315,39.53600000000001,0.9185299473897205,1.0
83,6,10,0.0,-23.215989159320024,200,0.0,0,0.0,10.050000000000008,534.4069999999983,47.413999999999994,11.27108027164969,1.0
83,7,10,0.0,-23.20849258944163,200,0.0,0,0.0,10.300000000000011,872.2320000000022,44.666,19.52787355035155,1.0
83,8,10,1.0,10.466885074626866,4,0.6526715698212459,0,0.0,0.3,20.531,13.399999999999999,1.5321641791044778,1.0
83,9,10,0.0,-23.476351392383098,200,0.0,0,0.0,10.050000000000008,646.3689999999991,46.108000000000004,14.018586796217555,1.0
84,0,10,0.0,-22.771079856650207,200,0.0,0,0.0,10.000000000000007,1354.1999999999953,29.578,45.784028669957245,1.0
84,1,10,0.0,-24.663884299018065,200,0.0,0,0.0,13.350000000000012,965.6370000000014,55.194,17.495325578867295,1.0
84,2,10,0.0,-23.341320780541217,200,0.0,0,0.0,10.000000000000007,957.1350000000019,51.144000000000005,18.71451196621308,1.0
84,3,10,0.0,-23.6624297832234,200,0.0,0,0.0,11.700000000000015,856.2930000000002,26.524999999999995,32.282488218661655,1.0
84,4,10,0.0,-13.140106608617995,12,0.0,10,1.0,0.1,8.611,53.748000000000005,0.16021061248790652,1.0
84,5,10,1.0,10.341337485337652,5,0.9489557934909361,0,0.0,0.35,18.866,17.903,1.053789867619952,1.0
84,6,10,0.0,-22.782215275778423,200,0.0,0,0.0,10.000000000000007,901.988999999996,24.313000000000002,37.09904166495274,1.0
84,7,10,0.0,-23.264688824015685,200,0.0,0,0.0,10.050000000000008,944.6470000000002,77.41600000000003,12.202219179497776,1.0
84,8,10,0.0,-12.593003675740114,12,0.0,10,1.0,0.30000000000000004,14.492,20.132,0.7198489966222928,1.0
84,9,10,1.0,10.607919054441261,3,0.8289376020584889,0,0.0,0.2,20.209,16.752000000000002,1.2063634192932184,1.0
85,0,10,0.0,-13.285086362840637,12,0.0,10,1.0,0.15000000000000002,5.221,68.548,0.07616560658224894,1.0
85,1,10,0.0,-13.43192154192882,18,0.0,10,1.0,0.7,45.038000000000004,42.596000000000004,1.0573293266973425,1.0
85,2,10,1.0,10.144127949924187,6,0.8643099566517692,0,0.0,0.5499999999999999,29.758999999999997,25.720999999999997,1.156992340888768,1.0
85,3,10,0.0,-13.491909647228223,12,0.0,10,1.0,0.15000000000000002,9.045,22.224,0.4069924406047516,1.0
85,4,10,0.0,-22.834806773409273,200,0.0,0,0.0,10.100000000000009,650.3969999999996,59.644999999999996,10.904468102942403,1.0
85,5,10,0.0,-13.52146233589497,18,0.0,10,1.0,0.6499999999999999,44.190000000000005,49.968,0.8843659942363112,1.0
85,6,10,0.0,-13.210554163875218,15,0.0,10,1.0,0.35,22.868000000000002,34.330999999999996,0.6661035215985553,1.0
85,7,10,1.0,10.144216562658121,7,0.598788082814341,0,0.0,0.39999999999999997,29.705,17.787,1.6700399167931634,1.0
85,8,10,0.0,-13.295375939849624,15,0.0,10,1.0,0.6000000000000001,27.450999999999997,61.446,0.4467499918627738,1.0
85,9,10,1.0,10.216462273485426,6,1.0,0,0.0,0.4,35.373000000000005,35.373000000000005,1.0,1.0
86,0,10,0.0,-12.711474990032817,14,0.0,10,1.0,0.25,25.696999999999996,32.607,0.7880823136136411,1.0
86,1,10,0.0,-13.604028726061614,14,0.0,10,1.0,0.6,24.282999999999998,48.04,0.505474604496253,1.0
86,2,10,0.0,-23.32443876823641,200,0.0,0,0.0,10.100000000000009,948.832000000003,42.086,22.545074371525043,1.0
86,3,10,1.0,10.177547217136121,6,0.8996118958436752,0,0.0,0.5,44.318000000000005,39.869,1.1115904587524144,1.0
86,4,10,0.0,-13.26126329904159,14,0.0,10,1.0,0.35000000000000003,17.248,45.492000000000004,0.37914358568539525,1.0
86,5,10,1.0,9.603448641091363,11,0.7052346947921956,0,0.0,0.7,66.93800000000002,47.207,1.4179676742855936,1.0
86,6,10,1.0,10.625824561403508,3,0.28986981285598046,0,0.0,0.2,9.832,2.85,3.449824561403509,1.0
86,7,10,1.0,9.864263998939098,9,0.7229172658422012,0,0.0,0.55,41.724,30.163,1.38328415608527,1.0
86,8,10,0.0,-12.81093809757963,14,0.0,10,1.0,0.30000000000000004,27.293,18.303,1.4911763098945527,1.0
86,9,10,1.0,9.671690407811603,10,0.8851942241203987,0,0.0,0.75,49.17,43.525000000000006,1.1296955772544515,1.0
87,0,10,1.0,9.915351731446739,8,0.8203049740372642,0,0.0,0.6499999999999999,42.56099999999999,34.913,1.2190588033110874,1.0
87,1,10,0.0,-23.512482726480666,200,0.0,0,0.0,10.10000000000001,490.9840000000019,49.353,9.948412457196156,1.0
87,2,10,0.0,-28.171878895184232,200,0.0,0,0.0,19.700000000000024,808.3619999999991,56.480000000000004,14.312358356940493,1.0
87,3,10,1.0,10.050981943196305,7,0.9888404389427348,0,0.0,0.55,48.38900000000001,47.849000000000004,1.0112855023093483,1.0
87,4,10,1.0,10.005074232339004,7,0.9231060989177708,0,0.0,0.6500000000000001,39.548,36.507000000000005,1.0832990933245679,1.0
87,5,10,0.0,-22.999213764487017,200,0.0,0,0.0,10.000000000000007,495.1020000000013,41.934,11.8066962369438,1.0
87,6,10,0.0,-25.545226162332614,200,0.0,0,0.0,14.800000000000002,740.2840000000019,38.07,19.44533753611773,1.0
87,7,10,1.0,9.375488580602168,12,0.601490334687631,0,0.0,1.0,54.887,33.014,1.6625371054704063,1.0
87,8,10,1.0,9.296055139811289,13,0.7143892367852551,0,0.0,0.9500000000000001,73.138,52.248999999999995,1.3997971253038337,1.0
87,9,10,1.0,9.896714037482933,9,0.44535136529461605,0,0.0,0.5499999999999999,54.27400000000001,24.170999999999996,2.24541806296802,1.0
88,0,10,0.0,-27.886665279800297,200,0.0,0,0.0,20.000000000000014,912.4690000000021,48.07,18.982088620761434,1.0
88,1,10,1.0,10.706279836683418,2,1.0,0,0.0,0.2,6.368,6.368,1.0,1.0
88,2,10,0.0,-23.433451175802144,200,0.0,0,0.0,10.000000000000007,662.0639999999997,57.195,11.575557303960132,1.0
88,3,10,1.0,9.733679773958087,9,0.7865543105843132,0,0.0,0.8,53.995000000000005,42.47,1.271368024487874,1.0
88,4,10,0.0,-23.29972495377012,200,0.0,0,0.0,10.050000000000008,1374.038000000002,57.86299999999999,23.74640098162906,1.0
88,5,10,1.0,10.586719809189054,3,0.534594993624589,0,0.0,0.25,14.901,7.966,1.870574943509917,1.0
88,6,10,1.0,9.488933550957176,11,0.6270360283786361,0,0.0,0.9500000000000001,57.649,36.147999999999996,1.5948046918225076,1.0
88,7,10,1.0,10.631604248183343,3,0.29267893660531696,0,0.0,0.2,12.225,3.578,3.4167132476243713,1.0
88,8,10,0.0,-25.750410596026512,200,0.0,0,0.0,15.050000000000002,904.578999999996,25.67,35.238761199844014,1.0
88,9,10,1.0,10.01414773164908,8,0.8072749883413649,0,0.0,0.44999999999999996,32.165,25.966,1.238735269198182,1.0
89,0,10,0.0,-24.26576601671309,200,0.0,0,0.0,12.500000000000014,831.378000000001,35.9,23.158161559888608,1.0
89,1,10,0.0,-23.144700479980056,200,0.0,0,0.0,10.000000000000007,1663.999999999998,48.127,34.57518648575639,1.0
89,2,10,0.0,-24.54554986218109,200,0.0,0,0.0,13.350000000000012,718.584,42.446999999999996,16.928970245247015,1.0
89,3,10,0.0,-25.50091382643196,200,0.0,0,0.0,15.000000000000002,638.631999999997,49.145,12.994851968664095,1.0
89,4,10,1.0,10.006134213508314,7,0.9260786802030456,0,0.0,0.65,40.976,37.946999999999996,1.0798218568002742,1.0
89,5,10,0.0,-13.650671134447977,18,0.0,10,1.0,0.55,38.751999999999995,36.185,1.07094099765096,1.0
89,6,10,1.0,10.730117424242424,2,1.0,0,0.0,0.15000000000000002,10.559999999999999,10.559999999999999,1.0,1.0
89,7,10,0.0,-22.76047351187969,200,0.0,0,0.0,10.000000000000007,965.8810000000035,23.822,40.54575602384365,1.0
89,8,10,1.0,10.010808730914565,8,0.8848265738827878,0,0.0,0.44999999999999996,36.788000000000004,32.551,1.1301649718902647,1.0
89,9,10,1.0,9.929333450580373,8,0.4803784902631691,0,0.0,0.6,47.34599999999999,22.744,2.0816918747801614,1.0
90,0,10,1.0,10.634873066243555,3,0.6677556065689564,0,0.0,0.15000000000000002,11.326,7.563000000000001,1.497553880735158,1.0
90,1,10,0.0,-22.938443692605183,200,0.0,0,0.0,10.000000000000007,832.6000000000017,51.725,16.09666505558244,1.0
90,2,10,1.0,10.558152165369803,3,1.0,0,0.0,0.30000000000000004,12.723,12.723,1.0,1.0
90,3,10,0.0,-23.130082614113558,200,0.0,0,0.0,10.000000000000007,1482.999999999996,43.334,34.2225504223011,1.0
90,4,10,0.0,-23.392890240194514,200,0.0,0,0.0,10.150000000000011,518.4550000000013,32.89,15.763301915475868,1.0
90,5,10,0.0,-25.564950860791217,200,0.0,0,0.0,15.100000000000003,379.4049999999997,43.855000000000004,8.651351043210573,1.0
90,6,10,1.0,10.199896692913386,6,0.7927590511860174,0,0.0,0.45,40.05,31.749999999999996,1.2614173228346457,1.0
90,7,10,1.0,10.466784860325422,4,0.5450066747187082,0,0.0,0.3,31.462,17.147,1.8348399136875257,1.0
90,8,10,0.0,-22.914454575303722,200,0.0,0,0.0,10.000000000000007,677.3999999999972,39.593,17.109084939256867,1.0
90,9,10,0.0,-28.60927331810987,200,0.0,0,0.0,19.750000000000014,810.501000000003,28.465000000000003,28.473599156859404,1.0
91,0,10,1.0,10.85,1,1.0,0,0.0,0.1,5.729,5.729,1.0,1.0
91,1,10,0.0,-12.971071600192214,13,0.0,10,1.0,0.4,16.046,33.29600000000001,0.48191975012013444,1.0
91,2,10,0.0,-23.26031553318732,200,0.0,0,0.0,10.000000000000007,339.4409999999998,61.198,5.546602830157845,1.0
91,3,10,0.0,-23.10121616658712,200,0.0,0,0.0,10.050000000000008,908.2449999999978,27.229000000000003,33.35579712806191,1.0
91,4,10,1.0,9.989624398230736,8,0.9456474013819239,0,0.0,0.49999999999999994,43.273,40.921,1.0574766012560788,1.0
91,5,10,0.0,-23.07254285714286,200,0.0,0,0.0,10.000000000000007,672.5719999999993,35.00000000000001,19.216342857142834,1.0
91,6,10,0.0,-26.034448139210973,200,0.0,0,0.0,14.950000000000003,585.3929999999988,50.973,11.48437408039548,1.0
91,7,10,1.0,10.729932217750477,2,1.0,0,0.0,0.15000000000000002,9.442,9.442,1.0,1.0
91,8,10,0.0,-25.61591569189419,200,0.0,0,0.0,14.900000000000002,902.5379999999981,72.92300000000002,12.376589004840694,1.0
91,9,10,0.0,-23.130125089913857,200,0.0,0,0.0,10.000000000000007,1254.5500000000059,56.99899999999999,22.010035263776665,1.0
92,0,10,1.0,7.777061434393872,17,0.7159684664038868,1,0.0,1.2000000000000002,65.454,46.863,1.3967095576467574,1.0
92,1,10,0.0,-12.85889954497725,11,0.0,10,1.0,0.05,10.022,57.14,0.1753937696884844,1.0
92,2,10,1.0,8.95817826888424,15,0.6378529058169182,0,0.0,1.2500000000000002,75.69300000000001,48.281,1.5677595741596075,1.0
92,3,10,1.0,10.736483870967742,2,0.5212473249770713,0,0.0,0.15000000000000002,6.542,3.41,1.9184750733137828,1.0
92,4,10,0.0,-23.507571408536233,200,0.0,0,0.0,10.050000000000008,1351.8019999999997,42.782000000000004,31.597447524659895,1.0
92,5,10,0.0,-25.76964219845073,200,0.0,0,0.0,15.000000000000004,726.2359999999987,37.954,19.134636665437075,1.0
92,6,10,0.0,-14.188188445857236,22,0.0,10,1.0,0.65,46.123999999999995,43.413000000000004,1.0624467325455507,1.0
92,7,10,1.0,9.816655554811042,9,0.8287427809862282,0,0.0,0.65,72.03200000000001,59.696,1.2066470115250605,1.0
92,8,10,1.0,8.578526938078985,11,0.822456140350877,1,0.0,0.7500000000000001,39.900000000000006,32.815999999999995,1.2158703071672359,1.0
92,9,10,0.0,-12.753146215580069,11,0.0,10,1.0,0.05,10.375,35.263,0.2942177353032924,1.0
93,0,10,1.0,10.203425427691394,6,0.7088517690385374,0,0.0,0.45,38.015,26.947,1.4107321779789959,1.0
93,1,10,0.0,-12.989381749954235,11,0.0,10,1.0,0.05,3.883,43.70400000000001,0.08884770272743912,1.0
93,2,10,0.0,-23.201539584008895,200,0.0,0,0.0,10.050000000000008,876.5129999999992,64.761,13.534580997822752,1.0
93,3,10,1.0,10.388990616744103,4,1.0,0,0.0,0.45,21.954,21.954,1.0,1.0
93,4,10,0.0,-12.977877916694524,11,0.0,10,1.0,0.1,4.183,14.957,0.2796683826970649,1.0
93,5,10,0.0,-26.04298156150965,200,0.0,0,0.0,15.050000000000002,647.4679999999988,69.42,9.326822241428966,1.0
93,6,10,1.0,10.253033014562913,6,0.8088131459015341,0,0.0,0.35000000000000003,31.158,25.201,1.2363795087496527,1.0
93,7,10,0.0,-28.19687680740314,200,0.0,0,0.0,19.900000000000023,699.0639999999994,50.141000000000005,13.941963662471816,1.0
93,8,10,0.0,-13.203018373532014,14,0.0,10,1.0,0.35,30.674999999999997,63.352000000000004,0.48419939386286137,1.0
93,9,10,0.0,-13.39592243518665,14,0.0,10,1.0,0.3,13.629000000000001,37.878,0.3598130841121496,1.0
94,0,10,1.0,10.227675865188871,6,0.583591842122632,0,0.0,0.4,30.302000000000007,17.684,1.7135263515041848,1.0
94,1,10,1.0,9.989320997299167,8,0.8457327317690144,0,0.0,0.5,52.973,44.801,1.182406642708868,1.0
94,2,10,1.0,10.511600720504353,3,1.0,0,0.0,0.4,16.655,16.655,1.0,1.0
94,3,10,0.0,-12.853797729800341,13,0.0,10,1.0,0.2,26.714,56.647,0.4715871979098628,1.0
94,4,10,1.0,10.18222983094372,6,0.6773936362977458,0,0.0,0.49999999999999994,27.594,18.692,1.4762465225765034,1.0
94,5,10,0.0,-23.137628588516762,200,0.0,0,0.0,10.000000000000007,719.099999999999,33.44,21.504186602870785,1.0
94,6,10,0.0,-13.060979014598542,15,0.0,10,1.0,0.49999999999999994,17.538,21.92,0.8000912408759123,1.0
94,7,10,0.0,-23.0833435582822,200,0.0,0,0.0,10.000000000000007,687.5999999999982,32.599999999999994,21.09202453987725,1.0
94,8,10,0.0,-13.568284258442866,15,0.0,10,1.0,0.25,25.244000000000003,48.769,0.517623900428551,1.0
94,9,10,0.0,-29.64938601215662,200,0.0,0,0.0,23.40000000000002,744.4499999999989,38.991,19.09286758482724,1.0
95,0,10,0.0,-13.201012087285177,16,0.0,10,1.0,0.45,44.182,56.092,0.7876702560079869,1.0
95,1,10,0.0,-13.174469997383198,16,0.0,10,1.0,0.44999999999999996,38.084,49.679,0.7666015821574509,1.0
95,2,10,1.0,10.17781699056783,6,0.5593343365495265,0,0.0,0.5,56.485,31.594,1.7878394631892132,1.0
95,3,10,0.0,-23.20000057418458,200,0.0,0,0.0,10.20000000000001,492.7020000000016,69.66399999999999,7.072548231511278,1.0
95,4,10,0.0,-31.402684504184595,200,0.0,0,0.0,26.450000000000024,1239.1760000000002,59.144999999999996,20.95149209569702,1.0
95,5,10,0.0,-22.765098064599673,200,0.0,0,0.0,10.000000000000007,1486.2000000000048,30.898,48.100200660237064,1.0
95,6,10,1.0,10.393859297824056,4,0.6070502431118314,0,0.0,0.45000000000000007,24.68,14.982,1.6473101054598853,1.0
95,7,10,0.0,-23.590333262913312,200,0.0,0,0.0,10.050000000000008,883.5959999999998,56.802,15.555719869018693,1.0
95,8,10,0.0,-23.129668615984457,200,0.0,0,0.0,10.050000000000008,719.4699999999996,40.014,17.98045684010595,1.0
95,9,10,1.0,10.727627765064836,2,1.0,0,0.0,0.15000000000000002,18.354,18.354,1.0,1.0
96,0,10,0.0,-23.07519271498841,200,0.0,0,0.0,10.050000000000008,1089.8379999999981,57.131,19.076123295583802,1.0
96,1,10,1.0,10.461817171806949,4,0.643484228888444,0,0.0,0.3,34.969,22.502,1.5540396409208073,1.0
96,2,10,0.0,-25.751727227227207,200,0.0,0,0.0,15.000000000000002,394.7029999999986,39.96,9.877452452452417,1.0
96,3,10,0.0,-13.393521493109427,16,0.0,10,1.0,0.65,25.806999999999995,32.870999999999995,0.7850993276748501,1.0
96,4,10,1.0,10.442390439347886,4,0.9822494843122351,0,0.0,0.35,18.422000000000004,18.095,1.0180712904117162,1.0
96,5,10,0.0,-23.042677051045622,200,0.0,0,0.0,10.000000000000007,1691.5369999999991,50.974000000000004,33.18430964805585,1.0
96,6,10,0.0,-23.054220035626418,200,0.0,0,0.0,10.000000000000007,919.5910000000024,58.94499999999999,15.600831283399822,1.0
96,7,10,0.0,-23.247706422018386,200,0.0,0,0.0,10.000000000000007,1150.1999999999966,23.217,49.541284403669586,1.0
96,8,10,0.0,-13.435852839600923,16,0.0,10,1.0,0.4,26.965999999999998,52.12,0.5173829623944742,1.0
96,9,10,1.0,9.431385023326289,12,0.6872936050096603,0,0.0,0.8500000000000001,72.979,50.158,1.454982256070816,1.0
97,0,10,0.0,-23.050668972884935,200,0.0,0,0.0,10.000000000000007,628.1999999999999,58.971,10.652693696901867,1.0
97,1,10,1.0,-0.24666544713322303,20,0.6910463394372811,9,0.0,0.65,55.373999999999995,38.266,1.4470809595985992,1.0
97,2,10,0.0,-13.026601605407691,14,0.0,10,1.0,0.30000000000000004,44.68,71.01,0.6292071539219828,1.0
97,3,10,1.0,10.223742247281514,6,1.0,0,0.0,0.39999999999999997,37.245,37.245,1.0,1.0
97,4,10,0.0,-25.38561927468945,200,0.0,0,0.0,15.000000000000002,729.1999999999981,31.876,22.87614506211564,1.0
97,5,10,0.0,-12.997973902689115,14,0.0,10,1.0,0.5,43.00899999999999,60.466,0.7112922964972049,1.0
97,6,10,0.0,-13.419980187848543,16,0.0,10,1.0,0.45,25.480000000000004,40.88399999999999,0.6232266901477352,1.0
97,7,10,1.0,9.839628183489936,9,0.9088973349207803,0,0.0,0.6000000000000001,43.676,39.697,1.1002342746303246,1.0
97,8,10,0.0,-13.110612883435584,16,0.0,10,1.0,0.45,46.138999999999996,32.6,1.4153067484662574,1.0
97,9,10,1.0,10.85,1,1.0,0,0.0,0.1,3.999,3.999,1.0,1.0
98,0,10,1.0,9.346282394756113,12,0.6757875678937838,0,0.0,1.05,82.85000000000001,55.989,1.4797549518655453,1.0
98,1,10,1.0,10.105760005996103,6,0.9750073078047355,0,0.0,0.65,47.894,46.697,1.0256333383300853,1.0
98,2,10,0.0,-30.691771078543077,200,0.0,0,0.0,24.9,739.4469999999969,39.507,18.716860303237326,1.0
98,3,10,0.0,-23.116416704401733,200,0.0,0,0.0,10.050000000000008,899.4309999999975,64.043,14.044173445965951,1.0
98,4,10,1.0,10.105366313450013,7,0.8734400998336107,0,0.0,0.45,28.848,25.197,1.1448982021669247,1.0
98,5,10,0.0,-22.850731002948077,200,0.0,0,0.0,10.000000000000007,992.3999999999982,33.242000000000004,29.853799410384394,1.0
98,6,10,0.0,-25.354335959047607,200,0.0,0,0.0,15.000000000000004,876.9999999999985,45.321000000000005,19.35085280554265,1.0
98,7,10,1.0,9.835429585656412,9,0.9495895941648097,0,0.0,0.6,52.509,49.861999999999995,1.0530865187918657,1.0
98,8,10,1.0,10.004688417249943,7,0.8331713434707634,0,0.0,0.6500000000000001,31.895,26.573999999999998,1.2002333107548733,1.0
98,9,10,1.0,10.463944516301682,4,1.0,0,0.0,0.30000000000000004,22.421,22.421,1.0,1.0
99,0,10,0.0,-23.37314413265303,200,0.0,0,0.0,10.000000000000007,683.5400000000001,31.36,21.796556122448983,1.0
99,1,10,1.0,10.512306535249179,4,0.9066537467700257,0,0.0,0.2,27.864,25.262999999999998,1.1029568934805845,1.0
99,2,10,0.0,-25.607275037286545,200,0.0,0,0.0,15.000000000000004,353.0810000000007,54.309,6.50133495369093,1.0
99,3,10,1.0,10.756038564337533,2,1.0,0,0.0,0.1,26.189999999999998,26.189999999999998,1.0,1.0
99,4,10,0.0,-23.145907371317215,200,0.0,0,0.0,10.000000000000007,1039.8910000000037,34.891999999999996,29.803135389201074,1.0
99,5,10,1.0,10.735722623679822,2,0.31871733545929665,0,0.0,0.15000000000000002,11.289,3.598,3.1375764313507504,1.0
99,6,10,1.0,9.68901041541385,9,0.9360547587418101,0,0.0,0.9000000000000001,44.413,41.57300000000001,1.0683135689028935,1.0
99,7,10,1.0,10.465989864206355,4,0.8153308258727552,0,0.0,0.30000000000000004,18.877000000000002,15.391000000000002,1.2264960041582744,1.0
99,8,10,1.0,10.071517476158276,7,0.8277905383234573,0,0.0,0.49999999999999994,51.809000000000005,42.887,1.2080350689019983,1.0
99,9,10,0.0,-25.844261396303853,200,0.0,0,0.0,14.950000000000003,402.50699999999915,48.7,8.265030800821338,1.0
100,0,10,0.0,-23.57372984388254,200,0.0,0,0.0,10.100000000000009,1159.5359999999964,50.66700000000001,22.885428385339495,1.0
100,1,10,0.0,-26.035185690976157,200,0.0,0,0.0,14.950000000000003,772.9600000000025,56.38399999999999,13.708853575482452,1.0
100,2,10,0.0,-23.422257389035693,200,0.0,0,0.0,10.000000000000007,844.5950000000003,58.262,14.49649857540078,1.0
100,3,10,1.0,10.10350480405916,7,0.7153448142713724,0,0.0,0.44999999999999996,38.846999999999994,27.789,1.3979272373960916,1.0
100,4,10,1.0,10.147601344027748,6,0.962880500956688,0,0.0,0.55,28.745000000000005,27.678,1.038550473300094,1.0
100,5,10,0.0,-22.898021505376388,200,0.0,0,0.0,10.000000000000007,1070.7300000000007,26.040000000000003,41.11866359447007,1.0
100,6,10,1.0,10.355732546705998,5,0.6076882220156685,0,0.0,0.35000000000000003,30.124000000000002,18.306,1.6455806839287666,1.0
100,7,10,0.0,-23.11492462431041,200,0.0,0,0.0,10.05000000000001,483.29200000000185,42.056000000000004,11.491630207342634,1.0
100,8,10,1.0,10.515532575704102,4,1.0,0,0.0,0.2,14.167000000000002,14.167000000000002,1.0,1.0
100,9,10,1.0,9.95622596786937,8,0.7848081643198556,0,0.0,0.5499999999999999,38.70499999999999,30.376,1.2741967342638922,1.0
101,0,10,0.0,-13.695070541864663,20,0.0,10,1.0,0.6499999999999999,63.599000000000004,54.294,1.1713817364718018,1.0
101,1,10,0.0,-13.215004718252896,14,0.0,10,1.0,0.45,19.558,44.507999999999996,0.43942661993349513,1.0
101,2,10,0.0,-28.647840059414442,200,0.0,0,0.0,19.850000000000016,3752.209000000014,39.721,94.4641121824731,1.0
101,3,10,0.0,-12.967307861623684,14,0.0,10,1.0,0.35,19.466,27.259,0.7141127700942809,1.0
101,4,10,1.0,10.172986905306495,6,0.7924596701105673,0,0.0,0.49999999999999994,44.136,34.976,1.2618938700823423,1.0
101,5,10,0.0,-13.993363264378265,20,0.0,10,1.0,0.5499999999999999,41.23199999999999,30.793,1.3390056181599712,1.0
101,6,10,0.0,-25.826691387672465,200,0.0,0,0.0,15.000000000000002,860.1049999999956,42.474000000000004,20.250153034797652,1.0
101,7,10,1.0,10.46567134268537,4,0.7560892458047653,0,0.0,0.3,26.399,19.96,1.3225951903807616,1.0
101,8,10,0.0,-25.57876383444331,200,0.0,0,0.0,15.000000000000002,1040.3289999999974,63.519000000000005,16.378233284528996,1.0
101,9,10,1.0,10.120770436058141,7,0.8158624816406461,0,0.0,0.45,36.766000000000005,29.996,1.2256967595679427,1.0
102,0,10,1.0,10.760267197271176,2,0.36185969965027764,0,0.0,0.1,9.722000000000001,3.518,2.7635019897669135,1.0
102,1,10,0.0,-25.3764821915379,200,0.0,0,0.0,15.000000000000004,1114.599999999999,45.11899999999999,24.703561692413377,1.0
102,2,10,0.0,-27.76696508285932,200,0.0,0,0.0,19.85000000000003,315.01399999999904,32.706,9.631688375221641,1.0
102,3,10,1.0,10.584283367556468,3,0.5627455511902011,0,0.0,0.25,17.308,9.74,1.7770020533880904,1.0
102,4,10,1.0,9.922391591591591,8,0.856878184344604,0,0.0,0.6500000000000002,38.862,33.300000000000004,1.1670270270270269,1.0
102,5,10,0.0,-23.088356957696735,200,0.0,0,0.0,10.000000000000007,1663.999999999998,54.392999999999994,30.59217178681077,1.0
102,6,10,1.0,10.583290209983932,3,0.95472097328749,0,0.0,0.25,18.905,18.049,1.0474264502188488,1.0
102,7,10,0.0,-23.312163037281966,200,0.0,0,0.0,10.000000000000007,648.958999999999,43.855000000000004,14.797833770379636,1.0
102,8,10,0.0,-23.61943492023966,200,0.0,0,0.0,10.150000000000011,643.767000000002,56.230999999999995,11.448613753979158,1.0
102,9,10,1.0,10.633166826330916,3,0.8126112099644127,0,0.0,0.15000000000000002,17.984,14.613999999999999,1.230600793759409,1.0
103,0,10,0.0,-23.28911474028021,200,0.0,0,0.0,10.000000000000007,982.2540000000048,47.455,20.69864081761679,1.0
103,1,10,1.0,10.474514603908384,4,0.6725075955627783,0,0.0,0.3,14.152999999999999,9.518,1.4869720529523007,1.0
103,2,10,0.0,-23.14293242751738,200,0.0,0,0.0,10.050000000000008,1216.7849999999992,76.984,15.805686895978376,1.0
103,3,10,0.0,-24.493795606120017,200,0.0,0,0.0,13.350000000000012,732.5180000000017,10.196,71.84366418203234,1.0
103,4,10,1.0,10.339582814853625,5,0.9582352756597321,0,0.0,0.35,31.868999999999996,30.538,1.04358504158753,1.0
103,5,10,0.0,-12.895768661070965,14,0.0,10,1.0,0.30000000000000004,27.73,22.279,1.2446698684860182,1.0
103,6,10,0.0,-25.589617868026377,200,0.0,0,0.0,14.950000000000003,593.6910000000004,66.286,8.95650665298857,1.0
103,7,10,1.0,10.344804620378032,5,0.618658582199736,0,0.0,0.35,50.797000000000004,31.425999999999995,1.616400432762681,1.0
103,8,10,1.0,10.613829542705057,3,1.0,0,0.0,0.2,16.532,16.532,1.0,1.0
103,9,10,0.0,-25.59781938449471,200,0.0,0,0.0,15.000000000000004,806.3020000000012,17.839000000000002,45.198834015359665,1.0
104,0,10,1.0,9.726694810939724,9,0.9824833242002229,0,0.0,0.8000000000000002,52.921,51.99399999999999,1.017828980266954,1.0
104,1,10,1.0,10.435760513877105,4,1.0,0,0.0,0.35000000000000003,33.004,33.004,1.0,1.0
104,2,10,0.0,-23.126031040446662,200,0.0,0,0.0,10.050000000000008,526.0919999999978,65.914,7.981491033771245,1.0
104,3,10,1.0,9.760151945005184,9,0.7813372551527165,0,0.0,0.75,46.917,36.658,1.2798570571225927,1.0
104,4,10,0.0,-23.096805249423632,200,0.0,0,0.0,10.000000000000007,764.2000000000033,39.471,19.36104988472558,1.0
104,5,10,1.0,10.439509464685528,4,1.0,0,0.0,0.35,19.652,19.652,1.0,1.0
104,6,10,0.0,-13.063139965320396,13,0.0,10,1.0,0.25,16.35,51.327000000000005,0.31854579461102345,1.0
104,7,10,1.0,10.761586816173972,2,0.43317633205769795,0,0.0,0.1,6.7940000000000005,2.943,2.308528712198437,1.0
104,8,10,0.0,-13.043467375899247,13,0.0,10,1.0,0.15000000000000002,16.281,55.740999999999985,0.29208302685635357,1.0
104,9,10,1.0,9.0700861346862,15,0.8090141925584965,0,0.0,1.0,78.21,63.273,1.2360722583092312,1.0
105,0,10,1.0,10.20524981487977,6,0.6962148962148961,0,0.0,0.44999999999999996,36.855000000000004,25.659,1.4363381269729922,1.0
105,1,10,0.0,-22.995207256640974,200,0.0,0,0.0,10.000000000000007,735.634,47.01900000000001,15.64546247261745,1.0
105,2,10,0.0,-23.622941221667297,200,0.0,0,0.0,10.10000000000001,894.9780000000034,65.07499999999999,13.75302343449871,1.0
105,3,10,1.0,10.343722029029331,5,0.693473132372215,0,0.0,0.35,38.15,26.456,1.442016933776837,1.0
105,4,10,0.0,-25.562012693156642,200,0.0,0,0.0,14.950000000000003,440.020999999999,54.36,8.094573215599688,1.0
105,5,10,1.0,10.205759075012878,6,0.8271926087054022,0,0.0,0.45,44.592999999999996,36.887,1.2089082874725512,1.0
105,6,10,1.0,10.006500439238653,7,0.9304163034001743,0,0.0,0.6500000000000001,36.704,34.15,1.074787701317716,1.0
105,7,10,0.0,-27.961550204957195,200,0.0,0,0.0,19.950000000000024,990.7289999999994,52.206,18.97730145960233,1.0
105,8,10,1.0,10.730694708793301,2,1.0,0,0.0,0.15000000000000002,7.881,7.881,1.0,1.0
105,9,10,0.0,-22.957614053786607,200,0.0,0,0.0,10.000000000000007,1076.3650000000034,52.541000000000004,20.48619173597768,1.0
106,0,10,1.0,10.754525832766825,2,1.0,0,0.0,0.1,11.768,11.768,1.0,1.0
106,1,10,1.0,9.992022053909556,8,0.7359619640954176,0,0.0,0.5,60.995,44.88999999999999,1.358765872131878,1.0
106,2,10,1.0,9.845800019045805,8,0.9691560838747785,0,0.0,0.8,54.176,52.505,1.0318255404247214,1.0
106,3,10,0.0,-23.161151244123353,200,0.0,0,0.0,10.000000000000007,1569.799999999998,43.605,36.00045866299732,1.0
106,4,10,1.0,10.734940765813413,2,0.5,0,0.0,0.15000000000000002,9.454,4.727,2.0,1.0
106,5,10,0.0,-14.415731565423958,23,0.0,10,1.0,1.0,91.795,41.254,2.225117564357396,1.0
106,6,10,0.0,-13.088883091927187,13,0.0,10,1.0,0.25,14.908999999999999,48.397,0.308056284480443,1.0
106,7,10,0.0,-20.890285963763368,24,0.0,17,1.0,0.49999999999999994,45.968,41.229,1.114943365107085,1.0
106,8,10,1.0,10.226751129227718,6,0.5244244157494872,0,0.0,0.39999999999999997,34.617000000000004,18.154,1.9068524843009806,1.0
106,9,10,0.0,-12.555151911255564,13,0.0,10,1.0,0.15000000000000002,22.243,28.305999999999997,0.7858051296544902,1.0
107,0,10,0.0,-23.052529316689068,200,0.0,0,0.0,10.000000000000007,898.1999999999975,58.157999999999994,15.444134942742144,1.0
107,1,10,0.0,-12.9,10,0.0,10,1.0,0.0,0.0,48.32999999999999,0.0,1.0
107,2,10,0.0,-22.959594330952328,200,0.0,0,0.0,10.000000000000007,501.40000000000083,62.020999999999994,8.084358523725848,1.0
107,3,10,0.0,-12.899999999999999,10,0.0,10,1.0,0.0,0.0,47.406000000000006,0.0,1.0
107,4,10,0.0,-24.4144221971194,200,0.0,0,0.0,12.550000000000015,687.04,53.114999999999995,12.934952461639838,1.0
107,5,10,1.0,10.469376276839691,4,0.9008112371366334,0,0.0,0.30000000000000004,26.626,23.985,1.110110485720242,1.0
107,6,10,1.0,9.943375382407373,8,0.5759375271904638,0,0.0,0.6000000000000001,45.971999999999994,26.476999999999997,1.7362994296936964,1.0
107,7,10,0.0,-23.224538315210363,200,0.0,0,0.0,10.050000000000008,796.5740000000038,38.900999999999996,20.47695431994046,1.0
107,8,10,1.0,10.488522337447261,4,0.8949467146587621,0,0.0,0.25,28.338,25.361,1.1173849611608375,1.0
107,9,10,1.0,10.875,1,1.0,0,0.0,0.05,4.082,4.082,1.0,1.0
108,0,10,0.0,-13.663991085411396,16,0.0,10,1.0,0.4,16.354,49.80599999999999,0.328354013572662,1.0
108,1,10,0.0,-23.141167744859715,200,0.0,0,0.0,10.000000000000007,1370.400000000002,48.538,28.233548971939552,1.0
108,2,10,1.0,10.754961550292219,2,1.0,0,0.0,0.1,9.753,9.753,1.0,1.0
108,3,10,1.0,10.7361967833491,2,0.5160502868302209,0,0.0,0.15000000000000002,8.193,4.228,1.9377956480605487,1.0
108,4,10,0.0,-25.846454846996014,200,0.0,0,0.0,15.000000000000004,908.1779999999978,40.097,22.649524902112322,1.0
108,5,10,0.0,-23.158602329012545,200,0.0,0,0.0,10.050000000000008,1055.6700000000014,37.956,27.812993993044614,1.0
108,6,10,0.0,-22.86163724558691,200,0.0,0,0.0,10.000000000000007,2426.133999999995,39.994,60.66244936740499,1.0
108,7,10,0.0,-12.98035728277051,16,0.0,10,1.0,0.3,23.475000000000005,25.526,0.9196505523779678,1.0
108,8,10,0.0,-14.765157381637012,26,0.0,10,1.0,0.8000000000000002,81.35199999999999,65.03300000000002,1.2509341411283497,1.0
108,9,10,1.0,10.733793422880963,2,0.17121332275971451,0,0.0,0.2,12.61,2.159,5.840666975451598,1.0
109,0,10,0.0,-23.200564859582343,200,0.0,0,0.0,10.050000000000008,582.2100000000016,48.605,11.978397284230052,1.0
109,1,10,1.0,10.32205923751307,5,0.9181913852630025,0,0.0,0.4,54.163,49.732,1.089097562937344,1.0
109,2,10,1.0,10.875,1,1.0,0,0.0,0.05,6.727,6.727,1.0,1.0
109,3,10,0.0,-25.49958060934986,200,0.0,0,0.0,15.000000000000002,1343.3790000000038,40.53500000000001,33.1412112988776,1.0
109,4,10,0.0,-25.653932964676585,200,0.0,0,0.0,15.000000000000004,1477.7989999999984,53.166,27.79594101493433,1.0
109,5,10,0.0,-22.20506150793657,200,0.0,0,0.0,10.000000000000007,965.5980000000035,35.28,27.369557823129348,1.0
109,6,10,1.0,9.652993929832984,10,0.7477433582931582,0,0.0,0.8,38.996,29.159,1.3373572481909533,1.0
109,7,10,1.0,10.476603948896631,4,0.38571812561598423,0,0.0,0.3,22.322,8.61,2.5925667828106853,1.0
109,8,10,0.0,-22.770007394722505,200,0.0,0,0.0,10.000000000000007,1409.9069999999958,51.388000000000005,27.43650268545177,1.0
109,9,10,0.0,-23.436745610788975,200,0.0,0,0.0,10.100000000000009,918.348999999996,48.641999999999996,18.87975412195214,1.0
110,0,10,0.0,-23.232131032769498,200,0.0,0,0.0,10.000000000000007,947.3330000000025,44.278999999999996,21.394634025158712,1.0
110,1,10,0.0,-13.014648715002085,12,0.0,10,1.0,0.1,7.681000000000001,38.288,0.20061115754283332,1.0
110,2,10,0.0,-25.547711735662674,200,0.0,0,0.0,15.000000000000002,401.99999999999886,42.128,9.542347132548397,1.0
110,3,10,0.0,-23.14118685946588,200,0.0,0,0.0,10.050000000000008,719.3769999999975,41.07900000000001,17.512037780861203,1.0
110,4,10,0.0,-13.35644223338485,16,0.0,10,1.0,0.3,24.127000000000002,41.408,0.5826651854714066,1.0
110,5,10,0.0,-12.88125139019591,12,0.0,10,1.0,0.15000000000000002,14.768999999999998,46.756,0.31587389853708614,1.0
110,6,10,0.0,-12.972763631394344,16,0.0,10,1.0,0.6000000000000001,19.889000000000003,21.953000000000003,0.9059809593221884,1.0
110,7,10,0.0,-22.939862483751867,200,0.0,0,0.0,10.050000000000008,870.7860000000031,48.46699999999999,17.96657519549391,1.0
110,8,10,1.0,10.008598423172508,8,0.7772597082528475,0,0.0,0.44999999999999996,45.039,35.007,1.2865712571771362,1.0
110,9,10,0.0,-12.974055475380965,12,0.0,10,1.0,0.1,11.472,40.883,0.28060563070224787,1.0
111,0,10,1.0,10.875,1,1.0,0,0.0,0.05,2.85,2.85,1.0,1.0
111,1,10,0.0,-22.96892674957498,200,0.0,0,0.0,10.000000000000007,950.9999999999992,29.993,31.707398392958332,1.0
111,2,10,0.0,-23.19835633107822,200,0.0,0,0.0,10.050000000000008,1152.5609999999965,44.787000000000006,25.734275571036157,1.0
111,3,10,0.0,-23.441214082438254,200,0.0,0,0.0,10.050000000000008,626.2979999999992,54.46500000000001,11.499091159460187,1.0
111,4,10,1.0,10.875,1,1.0,0,0.0,0.05,3.106,3.106,1.0,1.0
111,5,10,1.0,10.237444653791805,6,0.6784373252376767,0,0.0,0.39999999999999997,25.034,16.983999999999998,1.4739755063589262,1.0
111,6,10,0.0,-24.1579300126993,200,0.0,0,0.0,12.500000000000014,754.3999999999997,42.522,17.74140444946145,1.0
111,7,10,0.0,-24.669807030771413,200,0.0,0,0.0,13.350000000000012,931.7620000000001,63.663,14.635848137850873,1.0
111,8,10,0.0,-23.13554066576378,200,0.0,0,0.0,10.000000000000007,760.5999999999996,28.058,27.10813315275499,1.0
111,9,10,0.0,-25.496481813879747,200,0.0,0,0.0,15.150000000000002,900.180999999996,61.282999999999994,14.688918623435471,1.0
112,0,10,0.0,-24.79981388153486,200,0.0,0,0.0,13.400000000000013,848.3820000000003,62.702000000000005,13.530381806003001,1.0
112,1,10,0.0,-26.28454086999567,200,0.0,0,0.0,15.950000000000035,878.2300000000001,48.483000000000004,18.11418435327847,1.0
112,2,10,1.0,10.46680483349726,4,0.5604598968382093,0,0.0,0.30000000000000004,25.397,14.234,1.7842489813123505,1.0
112,3,10,1.0,9.990592014685637,8,0.7944619281547438,0,0.0,0.5,52.111999999999995,41.401,1.2587135576435349,1.0
112,4,10,0.0,-25.65276538373478,200,0.0,0,0.0,15.000000000000002,1303.9190000000065,39.31099999999999,33.169316476304516,1.0
112,5,10,1.0,9.90825834406104,8,0.4696869147163356,0,0.0,0.7000000000000001,67.809,31.849,2.129077836038808,1.0
112,6,10,0.0,-23.14013259247376,200,0.0,0,0.0,10.000000000000007,968.3430000000031,49.852000000000004,19.424356094038416,1.0
112,7,10,1.0,10.755180483328235,2,0.7646783625730994,0,0.0,0.1,8.55,6.538,1.307739369837871,1.0
112,8,10,0.0,-22.958104966599958,200,0.0,0,0.0,10.000000000000007,610.9269999999984,56.437,10.824937540974865,1.0
112,9,10,1.0,10.344350801879152,5,1.0,0,0.0,0.35,24.691999999999997,24.691999999999997,1.0,1.0
113,0,10,1.0,10.342779662814124,5,1.0,0,0.0,0.35000000000000003,18.862000000000002,18.862000000000002,1.0,1.0
113,1,10,0.0,-13.21988096973736,12,0.0,10,1.0,0.15000000000000002,7.941000000000001,48.013,0.16539270614208654,1.0
113,2,10,0.0,-13.102583581115383,12,0.0,10,1.0,0.2,4.848,55.156,0.08789614910435854,1.0
113,3,10,0.0,-13.053280504963652,11,0.0,10,1.0,0.05,5.525,51.172,0.10796920190729306,1.0
113,4,10,0.0,-23.272220701180515,200,0.0,0,0.0,10.050000000000008,423.1630000000002,56.248000000000005,7.523165268098424,1.0
113,5,10,0.0,-25.71366682316794,200,0.0,0,0.0,15.000000000000002,1001.1999999999958,23.429000000000002,42.73336463357359,1.0
113,6,10,1.0,10.091011737596315,7,0.448148446954417,0,0.0,0.55,61.975,27.773999999999997,2.231403470872039,1.0
113,7,10,0.0,-22.930696384159223,200,0.0,0,0.0,10.000000000000007,834.2000000000032,20.908,39.898603405395214,1.0
113,8,10,0.0,-12.972749683636719,11,0.0,10,1.0,0.1,3.105,41.092000000000006,0.07556215321717122,1.0
113,9,10,0.0,-25.6973922439104,200,0.0,0,0.0,15.000000000000002,1143.1600000000042,42.573,26.851760505484794,1.0
114,0,10,0.0,-25.902364373251043,200,0.0,0,0.0,15.000000000000002,1358.2390000000019,51.815000000000005,26.213239409437456,1.0
114,1,10,0.0,-12.771656656656655,16,0.0,10,1.0,0.35,46.027,37.961999999999996,1.21244929139666,1.0
114,2,10,1.0,10.466727672883122,4,1.0,0,0.0,0.3,34.532,34.532,1.0,1.0
114,3,10,0.0,-12.97316830313926,12,0.0,10,1.0,0.1,8.985,50.617,0.17750953237054745,1.0
114,4,10,1.0,10.57029366670598,3,0.3967340445442635,0,0.0,0.30000000000000004,21.372,8.479,2.520580257105791,1.0
114,5,10,0.0,-23.273280416309852,200,0.0,0,0.0,10.000000000000007,841.2740000000003,45.54299999999999,18.47208132973235,1.0
114,6,10,0.0,-13.52480526015633,16,0.0,10,1.0,0.3,28.315999999999995,59.618,0.4749572276829145,1.0
114,7,10,1.0,10.461598495533616,4,0.7134232239887301,0,0.0,0.3,29.814,21.27,1.4016925246826517,1.0
114,8,10,1.0,9.465790102820268,10,0.8522138112669992,0,0.0,1.1500000000000001,60.371,51.44900000000001,1.1734144492604324,1.0
114,9,10,0.0,-13.181235567089665,12,0.0,10,1.0,0.2,11.638,45.46900000000001,0.25595460643515355,1.0
115,0,10,1.0,10.8,1,1.0,0,0.0,0.2,2.301,2.301,1.0,1.0
115,1,10,0.0,-25.496773543053063,200,0.0,0,0.0,15.000000000000004,1340.6830000000016,34.713,38.62192838417888,1.0
115,2,10,0.0,-13.274573676895915,15,0.0,10,1.0,0.35000000000000003,22.726999999999997,53.24600000000001,0.42683018442699905,1.0
115,3,10,0.0,-30.523300853299606,200,0.0,0,0.0,25.0,1476.9509999999927,53.674,27.517065990982463,1.0
115,4,10,1.0,10.39248559523422,5,1.0,0,0.0,0.25,30.719,30.719,1.0,1.0
115,5,10,0.0,-22.93665554933417,200,0.0,0,0.0,10.000000000000007,896.3999999999991,41.077,21.8224310441366,1.0
115,6,10,0.0,-27.10505731245521,200,0.0,0,0.0,18.05000000000003,869.8859999999983,48.855000000000004,17.805465151980314,1.0
115,7,10,1.0,10.469478145542613,4,0.6952373316228351,0,0.0,0.3,24.944000000000003,17.342,1.438357744204821,1.0
115,8,10,0.0,-13.259174153111477,15,0.0,10,1.0,0.3,19.412,33.505,0.5793762125055961,1.0
115,9,10,1.0,10.58550678868056,3,0.9239075495106374,0,0.0,0.25,21.763,20.107000000000003,1.0823593773312776,1.0
116,0,10,0.0,-24.816333391610918,200,0.0,0,0.0,12.550000000000015,907.6839999999987,68.63700000000001,13.22441248889081,1.0
116,1,10,1.0,9.396620899729491,12,0.7637856795610803,0,0.0,0.9000000000000002,57.596000000000004,43.990999999999985,1.3092678047782507,1.0
116,2,10,1.0,9.987242250142053,8,0.7756231330493123,0,0.0,0.49999999999999994,40.84199999999999,31.678000000000004,1.2892859397689245,1.0
116,3,10,0.0,-23.392990951262803,200,0.0,0,0.0,10.050000000000008,1203.4839999999979,17.461,68.9241166027145,1.0
116,4,10,1.0,9.764124199141833,10,0.6947295347507689,0,0.0,0.5499999999999999,73.46600000000001,51.038999999999994,1.439409079331492,1.0
116,5,10,1.0,9.504399358960091,11,0.6427968466083871,0,0.0,0.9000000000000001,69.893,44.927,1.555701471275625,1.0
116,6,10,1.0,10.606615957446808,3,0.9955517898750265,0,0.0,0.2,18.884,18.8,1.004468085106383,1.0
116,7,10,0.0,-13.248088502685103,14,0.0,10,1.0,0.30000000000000004,24.171000000000003,47.297999999999995,0.5110364074590893,1.0
116,8,10,0.0,-13.128084739749632,14,0.0,10,1.0,0.30000000000000004,17.33,39.462,0.43915665703714957,1.0
116,9,10,1.0,9.913068313953488,8,0.8505798284004649,0,0.0,0.6500000000000001,40.443,34.4,1.1756686046511629,1.0
117,0,10,1.0,10.63035924497666,2,1.0,0,0.0,0.35,9.854,9.854,1.0,1.0
117,1,10,0.0,-27.549565673847102,200,0.0,0,0.0,19.200000000000028,1286.2760000000003,51.436,25.00731005521425,1.0
117,2,10,1.0,10.586209758833427,3,0.8777630089105497,0,0.0,0.25,20.313000000000002,17.83,1.1392596747055528,1.0
117,3,10,0.0,-25.64931596582349,200,0.0,0,0.0,14.950000000000003,997.1350000000024,29.845,33.410454012397466,1.0
117,4,10,1.0,10.00615399829284,8,0.7822709358001368,0,0.0,0.45,61.402,48.033,1.2783294818145858,1.0
117,5,10,0.0,-25.571383723738315,200,0.0,0,0.0,15.000000000000004,1345.4000000000017,41.410000000000004,32.489736778555944,1.0
117,6,10,1.0,9.764789081332024,9,0.7042993004794467,0,0.0,0.7500000000000001,63.615,44.804,1.419850906169092,1.0
117,7,10,0.0,-23.186377265514036,200,0.0,0,0.0,10.100000000000009,533.3869999999979,71.83800000000001,7.424858709874966,1.0
117,8,10,0.0,-22.972553848072103,200,0.0,0,0.0,10.000000000000007,606.1289999999992,64.162,9.446853277640958,1.0
117,9,10,0.0,-23.025261184646695,200,0.0,0,0.0,10.000000000000007,231.79999999999956,43.742999999999995,5.29913357565781,1.0
118,0,10,1.0,10.14145514410331,7,0.7021136063408191,0,0.0,0.39999999999999997,33.308,23.386000000000003,1.4242709313264343,1.0
118,1,10,1.0,9.761277469323007,9,0.8859540343915344,0,0.0,0.7500000000000001,48.384,42.866,1.1287267298091728,1.0
118,2,10,0.0,-22.996657012570907,200,0.0,0,0.0,10.000000000000007,1356.5999999999967,64.912,20.89906334730091,1.0
118,3,10,0.0,-13.487174720581256,19,0.0,10,1.0,0.8000000000000002,46.125,61.108999999999995,0.7547988021404376,1.0
118,4,10,0.0,-13.464025421206166,19,0.0,10,1.0,0.55,37.727000000000004,33.594,1.1230279216526762,1.0
118,5,10,0.0,-26.234453372189886,200,0.0,0,0.0,16.449999999999992,845.6169999999988,48.04,17.602352206494565,1.0
118,6,10,0.0,-25.546648566095268,200,0.0,0,0.0,15.000000000000002,1196.5500000000036,58.93,20.304598676395784,1.0
118,7,10,0.0,-13.545732176851836,16,0.0,10,1.0,0.45,24.448,46.75099999999999,0.5229406857607325,1.0
118,8,10,0.0,-22.768232946298994,200,0.0,0,0.0,10.000000000000007,2044.0000000000048,44.096000000000004,46.353410740203294,1.0
118,9,10,0.0,-13.538185890874733,16,0.0,10,1.0,0.45000000000000007,29.102000000000004,63.50500000000001,0.45826312888748916,1.0
119,0,10,0.0,-25.569510439550662,200,0.0,0,0.0,15.000000000000004,1031.7650000000026,55.989,18.427994784689897,1.0
119,1,10,0.0,-13.199434403713177,12,0.0,10,1.0,0.15000000000000002,6.541,52.78500000000001,0.12391777967225535,1.0
119,2,10,0.0,-13.901109826880074,22,0.0,10,1.0,0.9000000000000004,58.415,39.79900000000001,1.467750445991105,1.0
119,3,10,0.0,-12.902501181614088,11,0.0,10,1.0,0.05,4.279,33.852,0.1264031667257474,1.0
119,4,10,1.0,10.85,1,1.0,0,0.0,0.1,1.868,1.868,1.0,1.0
119,5,10,0.0,-23.183609007234296,200,0.0,0,0.0,10.000000000000007,1460.6000000000063,29.442999999999998,49.607716604965745,1.0
119,6,10,1.0,9.176845557543233,13,0.7626111153217336,0,0.0,1.1500000000000001,92.359,70.434,1.31128432291223,1.0
119,7,10,0.0,-25.38796424195174,200,0.0,0,0.0,15.000000000000002,1162.4260000000031,35.908,32.372340425532,1.0
119,8,10,0.0,-13.038542426511436,11,0.0,10,1.0,0.05,3.106,41.401,0.07502234245549623,1.0
119,9,10,1.0,10.245230698482448,6,0.5584534170352403,0,0.0,0.39999999999999997,35.045,19.570999999999998,1.7906596494813758,1.0
120,0,10,1.0,10.076545482625482,7,0.9450347364119329,0,0.0,0.5,34.258,32.375,1.0581621621621622,1.0
120,1,10,1.0,9.947224926971764,8,0.6572142785721427,0,0.0,0.6,50.005,32.864,1.5215737585199614,1.0
120,2,10,0.0,-22.99907761233368,200,0.0,0,0.0,10.000000000000007,1663.999999999998,45.534,36.544120876707474,1.0
120,3,10,0.0,-13.849841435790207,17,0.0,10,1.0,0.55,30.014,22.956,1.307457745251786,1.0
120,4,10,0.0,-12.989227623953635,17,0.0,10,1.0,0.45,30.817,31.060000000000002,0.9921764327108821,1.0
120,5,10,0.0,-14.011728678808904,19,0.0,10,1.0,0.7000000000000001,29.564999999999994,69.17999999999999,0.4273633998265394,1.0
120,6,10,0.0,-13.257582960254265,19,0.0,10,1.0,0.5499999999999999,37.56,29.261,1.283619835275623,1.0
120,7,10,1.0,10.229710299434505,6,0.8596931659693166,0,0.0,0.39999999999999997,25.095,21.573999999999998,1.163205710577547,1.0
120,8,10,1.0,10.25024044205496,6,0.8950475638826386,0,0.0,0.35,44.887,40.176,1.1172590601354042,1.0
120,9,10,1.0,9.912867510234461,8,0.7857265721755882,0,0.0,0.65,58.13600000000001,45.679,1.2727073710019923,1.0
121,0,10,1.0,10.007240941911144,7,0.9998374036616695,0,0.0,0.65,30.751000000000005,30.746000000000002,1.0001626227801992,1.0
121,1,10,0.0,-22.987719767852166,200,0.0,0,0.0,10.000000000000007,1455.0009999999947,82.18900000000001,17.703111121926227,1.0
121,2,10,0.0,-13.123310907121274,13,0.0,10,1.0,0.2,14.117,52.617000000000004,0.26829731835718496,1.0
121,3,10,0.0,-12.771636798469387,13,0.0,10,1.0,0.4,22.061,31.359999999999996,0.7034757653061225,1.0
121,4,10,1.0,10.018128741177522,7,0.6415981198589895,0,0.0,0.6500000000000001,34.891,22.386000000000003,1.5586080586080584,1.0
121,5,10,0.0,-23.150980645996547,200,0.0,0,0.0,10.000000000000007,834.6940000000033,30.898000000000003,27.014499320344463,1.0
121,6,10,1.0,10.34106977586415,5,0.8771973173314509,0,0.0,0.35000000000000003,28.33,24.851000000000003,1.139994366423886,1.0
121,7,10,1.0,10.610050433913399,3,0.9042688688935453,0,0.0,0.2,24.339000000000002,22.009,1.1058657821800173,1.0
121,8,10,1.0,10.369738647500816,5,0.7372350674373797,0,0.0,0.3,29.064,21.427000000000003,1.356419470761189,1.0
121,9,10,0.0,-24.733594462969503,200,0.0,0,0.0,13.350000000000012,742.0039999999992,45.584,16.27772902772901,1.0
122,0,10,1.0,9.970981416269641,8,0.8000994412349655,0,0.0,0.55,42.236,33.793,1.2498446423815583,1.0
122,1,10,0.0,-13.697017429430733,19,0.0,10,1.0,0.9000000000000001,43.427,55.19400000000001,0.7868065369424211,1.0
122,2,10,1.0,8.903520557904091,14,0.6727714073510498,0,0.0,1.5500000000000003,110.40599999999999,74.27799999999999,1.48638897116239,1.0
122,3,10,1.0,10.178000915396261,6,0.8491942476156309,0,0.0,0.5,33.446999999999996,28.403000000000002,1.1775868746259195,1.0
122,4,10,0.0,-25.561046051590438,200,0.0,0,0.0,15.000000000000004,734.0130000000003,50.55200000000001,14.519959645513534,1.0
122,5,10,0.0,-13.850046942933353,19,0.0,10,1.0,0.6500000000000001,99.21799999999998,47.611000000000004,2.083930184201129,1.0
122,6,10,1.0,10.226988343836238,6,0.7607156285248778,0,0.0,0.39999999999999997,31.916,24.279,1.3145516701676345,1.0
122,7,10,1.0,10.340007422068284,5,0.6005433629069916,0,0.0,0.35,23.557,14.147,1.6651586908885274,1.0
122,8,10,1.0,10.647873199567064,3,0.5665298806660063,0,0.0,0.15000000000000002,21.201,12.011,1.7651319623678297,1.0
122,9,10,0.0,-23.362967542503867,200,0.0,0,0.0,10.000000000000007,653.1599999999991,47.878,13.642173858557147,1.0
123,0,10,0.0,-13.230149579831933,13,0.0,10,1.0,0.25,15.396,35.7,0.43126050420168066,1.0
123,1,10,0.0,-27.973544320082446,200,0.0,0,0.0,20.000000000000025,763.7289999999992,54.410999999999994,14.036297807428632,1.0
123,2,10,0.0,-12.9,10,0.0,10,1.0,0.0,0.0,14.448,0.0,1.0
123,3,10,0.0,-12.790741054744272,13,0.0,10,1.0,0.35,36.432,57.796,0.6303550418714098,1.0
123,4,10,1.0,9.138903511243871,14,0.6754006420423545,0,0.0,1.05,78.81099999999999,53.229,1.4806026789907756,1.0
123,5,10,0.0,-23.457956890497552,200,0.0,0,0.0,10.100000000000009,300.6879999999993,55.532999999999994,5.414582320422079,1.0
123,6,10,1.0,10.174196848052333,6,0.8261275424977891,0,0.0,0.49999999999999994,40.708000000000006,33.63,1.2104668450787988,1.0
123,7,10,0.0,-23.147184615820155,200,0.0,0,0.0,10.000000000000007,711.0309999999997,70.644,10.064987826283899,1.0
123,8,10,0.0,-33.76257071580493,200,0.0,8,0.0,14.450000000000001,766.9990000000023,50.307,15.246367304748887,1.0
123,9,10,0.0,-12.900703902406448,10,0.0,10,1.0,0.0,0.0,44.921,0.0,1.0
124,0,10,1.0,10.46623388042204,4,0.9904619722982501,0,0.0,0.30000000000000004,24.113999999999997,23.884,1.0096298777424215,1.0
124,1,10,0.0,-25.4310903426792,200,0.0,0,0.0,15.000000000000004,1599.9829999999995,32.1,49.843707165109016,1.0
124,2,10,0.0,-24.678951197527724,200,0.0,0,0.0,13.250000000000012,509.8129999999999,46.596,10.941132286033135,1.0
124,3,10,1.0,10.442144205954554,4,0.9064300793062132,0,0.0,0.35000000000000003,35.054,31.774,1.1032290552023667,1.0
124,4,10,1.0,10.704992143306097,2,1.0,0,0.0,0.2,6.364,6.364,1.0,1.0
124,5,10,1.0,10.315270479134467,4,1.0,0,0.0,0.6,17.469,17.469,1.0,1.0
124,6,10,1.0,10.730132643654615,2,1.0,0,0.0,0.15000000000000002,19.526,19.526,1.0,1.0
124,7,10,0.0,-22.95495446615494,200,0.0,0,0.0,10.050000000000008,874.8499999999992,57.32000000000001,15.262561060711779,1.0
124,8,10,0.0,-22.943738900244647,200,0.0,0,0.0,10.000000000000007,312.2230000000003,29.843,10.462185437120944,1.0
124,9,10,1.0,10.249656498944645,6,1.0,0,0.0,0.35,29.374000000000002,29.374000000000002,1.0,1.0
125,0,10,0.0,-22.988885248380658,200,0.0,0,0.0,10.000000000000007,988.4600000000036,39.677,24.912669808705385,1.0
125,1,10,1.0,10.10833467547109,7,1.0,0,0.0,0.45,24.836000000000002,24.836000000000002,1.0,1.0
125,2,10,0.0,-25.497237961778243,200,0.0,0,0.0,15.000000000000004,1108.9189999999978,49.239,22.521151932411257,1.0
125,3,10,0.0,-25.92042362873442,200,0.0,0,0.0,15.000000000000004,398.0420000000012,39.79900000000001,10.001306565491625,1.0
125,4,10,0.0,-25.505988536230632,200,0.0,0,0.0,15.000000000000002,2041.891999999994,58.445,34.93698348875,1.0
125,5,10,0.0,-33.77362669133799,200,0.0,0,0.0,29.949999999999893,914.1840000000038,17.294,52.861339192783845,1.0
125,6,10,1.0,10.441052995494491,4,0.7613694256699386,0,0.0,0.35,29.443,22.417,1.313422848730874,1.0
125,7,10,0.0,-23.73620342114542,200,0.0,0,0.0,10.350000000000014,358.78599999999955,48.171,7.448174212700578,1.0
125,8,10,1.0,10.34218306182122,5,1.0,0,0.0,0.35,38.304,38.304,1.0,1.0
125,9,10,0.0,-25.503353032398596,200,0.0,0,0.0,15.000000000000002,579.4000000000001,47.718,12.142168573703845,1.0
126,0,10,1.0,9.55666360649401,11,0.7558249945219488,0,0.0,0.8000000000000002,54.763999999999996,41.392,1.3230575956706607,1.0
126,1,10,1.0,8.721126055060346,17,0.5534116209019077,0,0.0,1.3500000000000003,91.628,50.708,1.8069732586574112,1.0
126,2,10,1.0,10.413995447834646,4,1.0,0,0.0,0.4,16.256,16.256,1.0,1.0
126,3,10,0.0,-24.105242374854473,200,0.0,0,0.0,12.000000000000016,734.0619999999992,42.949999999999996,17.09108265424911,1.0
126,4,10,1.0,9.811217909300538,9,1.0,0,0.0,0.6500000000000001,52.03999999999999,52.03999999999999,1.0,1.0
126,5,10,1.0,10.13814726771996,7,0.8012403604942859,0,0.0,0.39999999999999997,43.052,34.495,1.2480649369473837,1.0
126,6,10,1.0,10.010176722421345,8,0.9271669897535307,0,0.0,0.44999999999999996,43.332,40.175999999999995,1.0785543608124255,1.0
126,7,10,1.0,10.04701997676249,6,1.0,0,0.0,0.75,53.362,53.362,1.0,1.0
126,8,10,0.0,-25.73145400593473,200,0.0,0,0.0,15.000000000000004,1060.7999999999968,22.916,46.290801186943476,1.0
126,9,10,1.0,9.81690443153239,9,0.6532650980095934,0,0.0,0.65,52.95399999999999,34.593,1.5307721215274763,1.0
127,0,10,0.0,-13.292997266826102,17,0.0,10,1.0,0.5,40.21300000000001,58.54,0.6869320122992827,1.0
127,1,10,0.0,-13.658383959953138,16,0.0,10,1.0,0.45000000000000007,21.272000000000002,46.945,0.4531259985088934,1.0
127,2,10,1.0,9.982371902410966,8,0.7621883277011599,0,0.0,0.49999999999999994,54.745000000000005,41.726,1.3120116953458276,1.0
127,3,10,0.0,-23.129019299624492,200,0.0,0,0.0,10.000000000000007,900.4990000000048,57.254999999999995,15.72786656187241,1.0
127,4,10,0.0,-25.449542334405244,200,0.0,0,0.0,14.950000000000003,1173.5240000000047,37.00300000000001,31.714293435667496,1.0
127,5,10,1.0,10.03162395614203,7,0.8667808597635099,0,0.0,0.6000000000000001,36.196,31.374000000000002,1.1536941416459487,1.0
127,6,10,0.0,-13.423992447964633,16,0.0,10,1.0,0.44999999999999996,35.71,16.287,2.1925462024927858,1.0
127,7,10,0.0,-13.995981019669628,17,0.0,10,1.0,0.75,39.945,40.621,0.9833583614386647,1.0
127,8,10,0.0,-23.206789545204863,200,0.0,0,0.0,10.100000000000009,766.2460000000034,34.587,22.154161968369714,1.0
127,9,10,0.0,-23.307126550868496,200,0.0,0,0.0,10.000000000000007,964.6150000000034,36.27,26.595395643782833,1.0
128,0,10,0.0,-23.205516334521647,200,0.0,0,0.0,10.050000000000008,1091.4819999999993,34.222,31.894161650400306,1.0
128,1,10,0.0,-23.947633476052957,200,0.0,0,0.0,11.950000000000015,695.1040000000007,50.215,13.842557004879033,1.0
128,2,10,0.0,-26.62373402283148,200,0.0,0,0.0,16.499999999999993,743.2530000000023,51.245000000000005,14.50391257683681,1.0
128,3,10,0.0,-25.584483932966926,200,0.0,0,0.0,14.950000000000003,619.8830000000006,59.31399999999999,10.450871632329648,1.0
128,4,10,1.0,9.76563690885852,9,0.8183412718846551,0,0.0,0.7500000000000001,62.144,50.855000000000004,1.2219840723625994,1.0
128,5,10,0.0,-23.018801031370906,200,0.0,0,0.0,10.000000000000007,1455.0009999999947,48.867000000000004,29.774715042871357,1.0
128,6,10,0.0,-22.884423139255116,200,0.0,0,0.0,10.000000000000007,2397.2000000000044,58.619,40.89459049113776,1.0
128,7,10,1.0,10.632732841462857,3,1.0,0,0.0,0.15000000000000002,21.957,21.957,1.0,1.0
128,8,10,1.0,9.95647573722022,8,0.9792005282405527,0,0.0,0.55,39.37599999999999,38.556999999999995,1.0212412791451615,1.0
128,9,10,0.0,-30.519695401449017,200,0.0,0,0.0,24.900000000000002,1072.8789999999976,33.815,31.727901818719435,1.0
129,0,10,0.0,-22.910457264207913,200,0.0,0,0.0,10.000000000000007,1409.5719999999958,51.327000000000005,27.46258304596013,1.0
129,1,10,0.0,-23.628174710555296,200,0.0,0,0.0,10.050000000000008,685.9420000000034,51.737,13.258248448885777,1.0
129,2,10,0.0,-25.2247034193999,200,0.0,0,0.0,15.000000000000002,946.8000000000026,17.196,55.05931612002806,1.0
129,3,10,1.0,10.129422005842258,6,0.9347580733243529,0,0.0,0.6000000000000001,27.467,25.675,1.0697955209347614,1.0
129,4,10,0.0,-25.64616896204224,200,0.0,0,0.0,15.050000000000002,782.2510000000033,44.655,17.517657597133653,1.0
129,5,10,1.0,9.850934663618096,9,0.6017134638234007,0,0.0,0.6000000000000002,47.973,28.866000000000003,1.6619205986281436,1.0
129,6,10,1.0,10.46680483349726,4,0.5604598968382093,0,0.0,0.30000000000000004,25.397,14.234,1.7842489813123505,1.0
129,7,10,1.0,10.343722029029331,5,0.693473132372215,0,0.0,0.35,38.15,26.456,1.442016933776837,1.0
129,8,10,0.0,-31.153553326293554,200,0.0,0,0.0,24.650000000000002,334.4019999999987,40.721000000000004,8.212028191842014,1.0
129,9,10,0.0,-25.755848551360863,200,0.0,0,0.0,15.100000000000003,942.8819999999986,45.56,20.695390693590838,1.0
130,0,10,0.0,-25.49856702240904,200,0.0,0,0.0,15.000000000000002,926.4330000000027,36.637,25.286813876682118,1.0
130,1,10,0.0,-25.4380387201589,200,0.0,0,0.0,15.000000000000002,637.4000000000018,44.318000000000005,14.382417979150723,1.0
130,2,10,0.0,-24.727376947292008,200,0.0,0,0.0,13.550000000000013,993.394000000001,61.94499999999999,16.036709984663833,1.0
130,3,10,1.0,10.097617838850155,7,0.8731431498482998,0,0.0,0.44999999999999996,50.758,44.319,1.1452875741781177,1.0
130,4,10,1.0,9.723696097783176,9,0.6558291219597202,0,0.0,0.8500000000000001,40.169,26.343999999999998,1.5247874278773155,1.0
130,5,10,0.0,-25.860291676186094,200,0.0,0,0.0,15.000000000000002,736.991999999998,39.393,18.70870459218638,1.0
130,6,10,0.0,-22.970337114683197,200,0.0,0,0.0,10.000000000000007,824.6259999999977,49.894,16.527558423858533,1.0
130,7,10,1.0,10.200231294877613,6,0.7912266621610204,0,0.0,0.44999999999999996,47.348,37.462999999999994,1.2638603422043084,1.0
130,8,10,0.0,-22.93356100304944,200,0.0,0,0.0,10.000000000000007,651.8209999999983,33.777,19.297776593539933,1.0
130,9,10,0.0,-23.27857223522934,200,0.0,0,0.0,10.050000000000008,830.5560000000017,36.305,22.877179451866184,1.0
131,0,10,0.0,-25.92808804847072,200,0.0,0,0.0,15.100000000000003,847.3069999999987,61.398,13.800237792761957,1.0
131,1,10,0.0,-25.932191591370145,200,0.0,0,0.0,15.100000000000003,864.6459999999955,54.230000000000004,15.944053107136188,1.0
131,2,10,1.0,9.674594437297065,10,0.8425064088226694,0,0.0,0.7500000000000001,58.12299999999999,48.969,1.186934591272029,1.0
131,3,10,1.0,10.019342099543579,7,0.6384425387838925,0,0.0,0.65,36.033,23.005,1.566311671375788,1.0
131,4,10,1.0,10.27338151809698,6,1.0,0,0.0,0.3,36.111000000000004,36.111000000000004,1.0,1.0
131,5,10,0.0,-23.069304900553668,200,0.0,0,0.0,10.000000000000007,907.7999999999979,43.893,20.68211332103064,1.0
131,6,10,0.0,-13.583037735187975,17,0.0,10,1.0,0.39999999999999997,30.243000000000002,57.082,0.5298167548439088,1.0
131,7,10,1.0,10.245729814857494,5,0.9648654658661329,0,0.0,0.55,26.982000000000003,26.034,1.0364139202581242,1.0
131,8,10,0.0,-13.164951496818606,17,0.0,10,1.0,0.4,39.006,47.934999999999995,0.8137269218733703,1.0
131,9,10,1.0,9.880627347508925,8,0.967591758274764,0,0.0,0.7,33.294000000000004,32.214999999999996,1.033493714108335,1.0
132,0,10,0.0,-23.114658027605998,200,0.0,0,0.0,10.000000000000007,853.4730000000023,58.03099999999999,14.707190984129214,1.0
132,1,10,0.0,-22.908555377797335,200,0.0,0,0.0,10.000000000000007,2118.0310000000086,54.381,38.94799654291037,1.0
132,2,10,1.0,10.472294793326066,4,0.35063942378362484,0,0.0,0.3,34.015,11.927,2.8519325899220256,1.0
132,3,10,0.0,-22.926535575187533,200,0.0,0,0.0,10.000000000000007,871.7770000000023,52.635000000000005,16.56268642538239,1.0
132,4,10,0.0,-23.316844448108153,200,0.0,0,0.0,10.000000000000007,1090.6669999999995,36.393,29.969142417497856,1.0
132,5,10,0.0,-28.460315063858573,200,0.0,0,0.0,19.85000000000003,873.3240000000009,59.11500000000001,14.773306267444823,1.0
132,6,10,0.0,-22.946900126525446,200,0.0,0,0.0,10.000000000000007,896.3999999999991,49.002,18.29313089261661,1.0
132,7,10,1.0,9.607411517346105,11,0.6201735703626431,0,0.0,0.7000000000000002,69.021,42.80499999999999,1.6124518163765917,1.0
132,8,10,1.0,10.198944592525379,6,1.0,0,0.0,0.45,35.266,35.266,1.0,1.0
132,9,10,0.0,-22.95609953469547,200,0.0,0,0.0,10.000000000000007,628.1999999999999,69.202,9.077772318719111,1.0
133,0,10,0.0,-13.01191035819216,10,0.0,10,1.0,0.0,0.0,31.994000000000003,0.0,1.0
133,1,10,0.0,-33.36876555957089,200,0.0,0,0.0,29.850000000000005,1173.1259999999966,34.866,33.64670452589906,1.0
133,2,10,0.0,-30.16243376139772,200,0.0,0,0.0,25.0,1419.2000000000005,20.947,67.75194538597415,1.0
133,3,10,0.0,-12.899999999999999,10,0.0,10,1.0,0.0,0.0,68.42,0.0,1.0
133,4,10,0.0,-25.48316401746004,200,0.0,0,0.0,14.950000000000003,911.5509999999967,48.568000000000005,18.768551309504133,1.0
133,5,10,1.0,10.475432715331465,4,0.5736205949297543,0,0.0,0.3,25.482,14.616999999999997,1.743312581241021,1.0
133,6,10,0.0,-23.02667589732664,200,0.0,0,0.0,10.000000000000007,1687.231999999999,37.556,44.92576419213972,1.0
133,7,10,1.0,10.176549499010994,6,0.8536038529672277,0,0.0,0.49999999999999994,36.128,30.839000000000002,1.1715036155517364,1.0
133,8,10,1.0,10.704387128469662,2,1.0,0,0.0,0.2,8.142,8.142,1.0,1.0
133,9,10,1.0,10.160754744812667,6,0.7677904035637435,0,0.0,0.5500000000000002,26.489,20.338,1.3024387845412528,1.0
134,0,10,1.0,10.19882535006124,6,0.8361195682258512,0,0.0,0.44999999999999996,36.129999999999995,30.209,1.1960011916978384,1.0
134,1,10,0.0,-13.079859893814259,11,0.0,10,1.0,0.05,3.459,47.464000000000006,0.07287628518456092,1.0
134,2,10,0.0,-23.215165536139384,200,0.0,0,0.0,10.000000000000007,1020.8390000000013,44.522,22.92886662773463,1.0
134,3,10,1.0,8.532231893316297,18,0.40905453298273703,0,0.0,1.5500000000000005,122.45799999999998,50.092000000000006,2.4446618222470646,1.0
134,4,10,0.0,-13.6506075577121,17,0.0,10,1.0,0.5000000000000001,32.15599999999999,34.005,0.9456256432877514,1.0
134,5,10,0.0,-23.10363643605364,200,0.0,0,0.0,10.000000000000007,896.3999999999991,25.107,35.703190345321985,1.0
134,6,10,1.0,10.172920274373102,6,0.842965022591551,0,0.0,0.5,31.649,26.679,1.1862888414108477,1.0
134,7,10,0.0,-12.951400067257033,11,0.0,10,1.0,0.05,4.228,17.842,0.23696894966931958,1.0
134,8,10,0.0,-13.051719446810644,17,0.0,10,1.0,0.49999999999999994,42.114999999999995,39.914,1.0551435586510998,1.0
134,9,10,0.0,-23.18510437563316,200,0.0,0,0.0,10.000000000000007,370.72100000000063,50.347,7.363318569130248,1.0
135,0,10,0.0,-23.125882059938597,200,0.0,0,0.0,10.000000000000007,910.7999999999963,36.137,25.20408445637425,1.0
135,1,10,1.0,10.374218380557387,5,0.91024238789119,0,0.0,0.3,28.343,25.799,1.0986084731966355,1.0
135,2,10,0.0,-23.06869165023016,200,0.0,0,0.0,10.000000000000007,522.4000000000018,38.025000000000006,13.7383300460224,1.0
135,3,10,1.0,8.99222916046312,15,0.6377956274507615,0,0.0,1.1500000000000004,89.51299999999999,57.09100000000001,1.5679003695853984,1.0
135,4,10,0.0,-23.286230804492327,200,0.0,0,0.0,10.050000000000008,840.2760000000018,69.80799999999999,12.036958514783432,1.0
135,5,10,1.0,10.100774551997471,7,0.8788947300936018,0,0.0,0.44999999999999996,46.794000000000004,41.127,1.1377926909329639,1.0
135,6,10,1.0,9.912369035269709,8,0.9037247844647192,0,0.0,0.65,59.73500000000001,53.984,1.106531564908121,1.0
135,7,10,0.0,-23.50091097822403,200,0.0,0,0.0,10.200000000000012,840.9840000000027,44.315,18.977411711610124,1.0
135,8,10,0.0,-22.852435315818255,200,0.0,0,0.0,10.000000000000007,591.9999999999994,20.059,29.512936836332788,1.0
135,9,10,0.0,-25.418999040892857,200,0.0,0,0.0,15.000000000000004,1352.8549999999982,34.407000000000004,39.31917923678316,1.0
136,0,10,1.0,10.030449654214841,7,0.9565295124256123,0,0.0,0.6000000000000001,39.153000000000006,37.45100000000001,1.045446049504686,1.0
136,1,10,1.0,9.396977068745638,11,0.7912081635761337,0,0.0,1.1,52.526,41.559,1.2638898914795833,1.0
136,2,10,1.0,10.222946935892908,6,1.0,0,0.0,0.39999999999999997,31.151,31.151,1.0,1.0
136,3,10,0.0,-26.78217538568426,200,0.0,0,0.0,16.649999999999995,964.8080000000028,63.329,15.23485291098869,1.0
136,4,10,1.0,9.241901055766107,13,0.7048833622211268,0,0.0,1.05,62.88700000000001,44.328,1.4186744269987368,1.0
136,5,10,1.0,10.489331270182992,4,0.9973607694028183,0,0.0,0.25,22.354999999999997,22.296,1.0026462145676354,1.0
136,6,10,1.0,10.729791666666666,2,1.0,0,0.0,0.15000000000000002,6.5280000000000005,6.5280000000000005,1.0,1.0
136,7,10,1.0,10.875,1,1.0,0,0.0,0.05,2.543,2.543,1.0,1.0
136,8,10,1.0,9.747146152275976,9,0.7213747202261751,0,0.0,0.7999999999999999,67.91199999999999,48.989999999999995,1.3862420902224943,1.0
136,9,10,1.0,10.496122329900047,4,0.7490783322564707,0,0.0,0.25,26.311,19.709,1.3349738698056726,1.0
137,0,10,1.0,10.249717629880836,6,1.0,0,0.0,0.35,21.231,21.231,1.0,1.0
137,1,10,0.0,-30.056337670548398,200,0.0,0,0.0,23.350000000000016,918.0689999999984,49.03299999999999,18.723492341892168,1.0
137,2,10,0.0,-12.960016540008944,11,0.0,10,1.0,0.05,3.215,22.369999999999997,0.1437192668752794,1.0
137,3,10,1.0,9.981030894157177,8,0.7929834949300569,0,0.0,0.5,54.044,42.855999999999995,1.2610602949411984,1.0
137,4,10,0.0,-12.781804218172125,11,0.0,10,1.0,0.1,8.707,30.012999999999998,0.2901076200313198,1.0
137,5,10,0.0,-12.961546129323882,13,0.0,10,1.0,0.30000000000000004,17.965,42.034000000000006,0.42739211114811815,1.0
137,6,10,1.0,10.195830947423216,6,0.7974470072386685,0,0.0,0.44999999999999996,38.543,30.735999999999997,1.2540018219677251,1.0
137,7,10,1.0,9.469845030762407,11,0.8298495518565941,0,0.0,0.9500000000000001,62.48,51.849,1.205037705645239,1.0
137,8,10,0.0,-23.109193752153377,200,0.0,0,0.0,10.000000000000007,760.5999999999996,34.827999999999996,21.83875043068794,1.0
137,9,10,0.0,-13.133585633687122,13,0.0,10,1.0,0.25,22.237000000000002,46.261,0.4806856747584358,1.0
138,0,10,0.0,-12.882121374865735,11,0.0,10,1.0,0.05,11.986,53.998000000000005,0.2219711841179303,1.0
138,1,10,0.0,-23.56980923128006,200,0.0,0,0.0,10.100000000000009,1053.821000000004,60.230000000000004,17.496612983563075,1.0
138,2,10,0.0,-12.798828385865779,11,0.0,10,1.0,0.1,7.385,27.253,0.2709793417238469,1.0
138,3,10,1.0,10.731795757977464,2,1.0,0,0.0,0.15000000000000002,10.561,10.561,1.0,1.0
138,4,10,1.0,9.28154313208844,13,0.6137760339760088,0,0.0,1.0000000000000002,71.109,43.645,1.6292587925306448,1.0
138,5,10,1.0,9.56607840529036,11,0.7872540952950857,0,0.0,0.8,66.845,52.624,1.2702379142596534,1.0
138,6,10,0.0,-23.15796163164793,200,0.0,0,0.0,10.000000000000007,666.7390000000013,25.177,26.48206696588161,1.0
138,7,10,0.0,-14.233065713166873,21,0.0,10,1.0,0.8500000000000001,110.168,53.627,2.054338299737073,1.0
138,8,10,1.0,10.320765323528297,5,0.857779222890587,0,0.0,0.4,30.755,26.381,1.1658011447632766,1.0
138,9,10,1.0,9.025091210327389,15,0.8146185100310703,0,0.0,1.1000000000000003,71.129,57.943000000000005,1.2275684724643183,1.0
139,0,10,0.0,-28.44121852152718,200,0.0,0,0.0,19.950000000000028,808.2030000000033,34.468,23.447922710920366,1.0
139,1,10,1.0,10.366421123122548,5,0.78340702990332,0,0.0,0.3,26.686,20.906,1.276475652922606,1.0
139,2,10,1.0,10.467471353660905,4,0.9617557786598179,0,0.0,0.30000000000000004,21.415,20.596,1.039765002913187,1.0
139,3,10,1.0,9.112717576541106,14,0.9008947006194084,0,0.0,1.1,75.556,68.06800000000001,1.1100076394194038,1.0
139,4,10,0.0,-23.021688259802467,200,0.0,0,0.0,10.000000000000007,1053.1999999999975,70.084,15.027681068432132,1.0
139,5,10,0.0,-30.49887216583054,200,0.0,0,0.0,25.0,2028.3799999999912,25.712999999999997,78.8853887138798,1.0
139,6,10,0.0,-23.616090539501148,200,0.0,0,0.0,10.150000000000011,752.6560000000023,72.808,10.337545324689625,1.0
139,7,10,0.0,-23.069939531159335,200,0.0,0,0.0,10.000000000000007,1663.508999999998,72.434,22.96585857470246,1.0
139,8,10,0.0,-23.21764828450841,200,0.0,0,0.0,10.000000000000007,1246.8519999999937,56.631,22.01712842789274,1.0
139,9,10,0.0,-23.46132807939295,200,0.0,0,0.0,10.050000000000008,517.4330000000011,25.695,20.137497567620205,1.0
140,0,10,1.0,10.129630713431975,7,0.8828687868422969,0,0.0,0.39999999999999997,27.482,24.263,1.132671145365371,1.0
140,1,10,0.0,-23.119651822746203,200,0.0,0,0.0,10.000000000000007,900.8799999999992,36.647999999999996,24.581969002401202,1.0
140,2,10,1.0,10.243676799144088,6,0.8823578409595734,0,0.0,0.35,36.016000000000005,31.779,1.1333270398690962,1.0
140,3,10,1.0,9.795070306542627,9,0.6684132194336275,0,0.0,0.7000000000000001,49.049,32.785,1.4960805246301663,1.0
140,4,10,0.0,-25.639686887235786,200,0.0,0,0.0,15.000000000000004,830.7360000000022,32.129,25.856266923962846,1.0
140,5,10,0.0,-23.10118547559034,200,0.0,0,0.0,10.000000000000007,973.8000000000042,32.139,30.299635956314884,1.0
140,6,10,0.0,-25.500871966216607,200,0.0,0,0.0,15.000000000000002,1039.5999999999976,43.098000000000006,24.12176899160048,1.0
140,7,10,0.0,-28.201291311394606,200,0.0,0,0.0,20.05000000000003,1107.7699999999984,42.57299999999999,26.020482465412318,1.0
140,8,10,0.0,-23.451914595972216,200,0.0,0,0.0,10.250000000000012,312.83699999999925,72.19800000000001,4.333042466550309,1.0
140,9,10,0.0,-22.97030219732414,200,0.0,0,0.0,10.000000000000007,684.4000000000029,57.479,11.906957323544303,1.0
141,0,10,0.0,-13.420591085513959,17,0.0,10,1.0,0.55,50.26299999999999,39.935,1.2586202579191184,1.0
141,1,10,0.0,-26.221033938347656,200,0.0,0,0.0,16.649999999999995,1014.7929999999977,44.021,23.052474955134997,1.0
141,2,10,0.0,-25.555255241139445,200,0.0,0,0.0,15.000000000000002,809.7999999999973,42.548,19.032621979881483,1.0
141,3,10,1.0,10.632859192742085,3,1.0,0,0.0,0.15000000000000002,21.604,21.604,1.0,1.0
141,4,10,0.0,-23.061845645819872,200,0.0,0,0.0,10.000000000000007,1048.2789999999966,44.819,23.38916530935533,1.0
141,5,10,1.0,10.58550678868056,3,0.9239075495106374,0,0.0,0.25,21.763,20.107000000000003,1.0823593773312776,1.0
141,6,10,0.0,-13.357260261983251,17,0.0,10,1.0,0.5,27.201000000000004,34.277,0.7935641975668817,1.0
141,7,10,1.0,10.875,1,1.0,0,0.0,0.05,3.422,3.422,1.0,1.0
141,8,10,0.0,-24.874209625797597,200,0.0,0,0.0,13.300000000000011,557.5809999999998,49.678999999999995,11.22367599991948,1.0
141,9,10,1.0,9.547104991038191,11,1.0,0,0.0,0.8,58.023999999999994,58.023999999999994,1.0,1.0
142,0,10,1.0,10.608173838700484,3,0.914373566812591,0,0.0,0.2,19.188000000000002,17.544999999999998,1.09364491308065,1.0
142,1,10,1.0,10.638674009803369,3,1.0,0,0.0,0.15000000000000002,17.749,17.749,1.0,1.0
142,2,10,1.0,9.795736185139628,9,0.6692990212519438,0,0.0,0.7000000000000001,65.594,43.902,1.494100496560521,1.0
142,3,10,1.0,9.313867688282565,13,1.0,0,0.0,0.9,53.510000000000005,53.510000000000005,1.0,1.0
142,4,10,1.0,10.36844699891992,5,0.9942090124640461,0,0.0,0.3,26.074999999999996,25.924,1.005824718407653,1.0
142,5,10,1.0,10.005234021632253,8,0.8812170425568788,0,0.0,0.44999999999999996,40.392999999999994,35.595,1.1347942126703188,1.0
142,6,10,0.0,-22.956219310292916,200,0.0,0,0.0,10.050000000000008,890.3519999999976,53.153,16.750738434331037,1.0
142,7,10,0.0,-24.165024455102248,200,0.0,0,0.0,12.500000000000014,477.00000000000034,42.118,11.325324089462946,1.0
142,8,10,1.0,9.853186461591438,7,0.9670875537671708,0,0.0,0.9500000000000002,36.035,34.849,1.0340325403885333,1.0
142,9,10,0.0,-25.375247131940434,200,0.0,0,0.0,15.000000000000002,1338.1270000000015,51.167,26.152148845935887,1.0
143,0,10,0.0,-25.4776383486009,200,0.0,0,0.0,15.000000000000004,938.1959999999987,39.845,23.54614129752789,1.0
143,1,10,1.0,0.47443093640955425,20,0.8634062457009218,8,0.0,1.2000000000000002,72.69,62.761,1.158203342840299,1.0
143,2,10,0.0,-13.373363132691583,14,0.0,10,1.0,0.3,12.705000000000002,61.187000000000005,0.20764214620752774,1.0
143,3,10,0.0,-22.97659308363005,200,0.0,0,0.0,10.100000000000009,550.7189999999998,61.246,8.991917839532375,1.0
143,4,10,1.0,10.349374106595874,5,0.8446015867540532,0,0.0,0.35,23.192,19.588,1.1839901980804575,1.0
143,5,10,1.0,10.220897539222008,6,0.9984175093206018,0,0.0,0.4,37.283,37.224,1.0015849989254246,1.0
143,6,10,0.0,-12.656999902893766,14,0.0,10,1.0,0.25,20.551,20.596,0.9978151097300446,1.0
143,7,10,1.0,10.611041572729732,3,0.9967640449438203,0,0.0,0.2,11.125,11.089,1.003246460456308,1.0
143,8,10,1.0,10.163847527502812,6,0.8465026873693641,0,0.0,0.5,53.583999999999996,45.359,1.1813311580943142,1.0
143,9,10,1.0,9.928175601147142,7,0.981646905960695,0,0.0,0.8,36.942,36.263999999999996,1.018696227663799,1.0
144,0,10,1.0,10.343732887434182,5,0.8855925795231135,0,0.0,0.35,39.674,35.135000000000005,1.129187419951615,1.0
144,1,10,1.0,9.956729349281058,7,0.8598745033973192,0,0.0,0.75,53.866,46.318,1.1629604041625285,1.0
144,2,10,0.0,-25.591310135250822,200,0.0,0,0.0,14.950000000000003,930.2749999999979,46.728,19.908299092621082,1.0
144,3,10,1.0,10.875,1,1.0,0,0.0,0.05,4.95,4.95,1.0,1.0
144,4,10,0.0,-23.071320143051935,200,0.0,0,0.0,10.000000000000007,570.9170000000016,38.867000000000004,14.688990660457497,1.0
144,5,10,0.0,-13.308661608274699,16,0.0,10,1.0,0.5,51.162,54.431000000000004,0.9399423122852785,1.0
144,6,10,1.0,10.187869026289809,6,0.6041574622249714,0,0.0,0.49999999999999994,45.267999999999994,27.349,1.655197630626348,1.0
144,7,10,1.0,10.318823575793415,5,1.0,0,0.0,0.4,25.365000000000002,25.365000000000002,1.0,1.0
144,8,10,0.0,-13.253957414659718,16,0.0,10,1.0,0.35000000000000003,30.088999999999995,32.429,0.9278423633167842,1.0
144,9,10,1.0,10.020181154846366,8,0.846556662249391,0,0.0,0.44999999999999996,46.786,39.607000000000006,1.181255838614386,1.0
145,0,10,0.0,-23.515369613788746,200,0.0,0,0.0,10.050000000000008,362.3469999999995,46.99499999999999,7.7103308862644875,1.0
145,1,10,0.0,-13.012589435202676,11,0.0,10,1.0,0.1,3.771,65.10300000000001,0.057923597990875986,1.0
145,2,10,0.0,-30.52453534345786,200,0.0,0,0.0,25.0,436.8000000000019,54.126,8.070058751801387,1.0
145,3,10,0.0,-25.615513990757155,200,0.0,0,0.0,15.000000000000002,1372.507999999996,43.493,31.556986181684316,1.0
145,4,10,0.0,-23.03750821700637,200,0.0,0,0.0,10.000000000000007,418.747000000001,51.722,8.09610997254555,1.0
145,5,10,0.0,-13.045752988549138,11,0.0,10,1.0,0.05,8.427,39.735,0.2120800302000755,1.0
145,6,10,1.0,10.465754739912493,4,0.9160543308839902,0,0.0,0.3,17.964,16.456,1.0916383082158483,1.0
145,7,10,1.0,10.314152474932357,4,1.0,0,0.0,0.6,18.849,18.849,1.0,1.0
145,8,10,0.0,-23.063140773327177,200,0.0,0,0.0,10.050000000000008,687.822,47.509,14.477720010945294,1.0
145,9,10,0.0,-23.103489474682302,200,0.0,0,0.0,10.000000000000007,551.314,52.730000000000004,10.455414375118528,1.0
146,0,10,0.0,-23.28079269836444,200,0.0,0,0.0,10.050000000000008,890.4710000000014,59.24700000000001,15.029807416409291,1.0
146,1,10,1.0,10.05421131005777,7,0.7320846905537459,0,0.0,0.55,38.068,27.869,1.3659621802002224,1.0
146,2,10,1.0,10.085563954211771,7,0.9513212795549375,0,0.0,0.5,33.79299999999999,32.147999999999996,1.0511695906432748,1.0
146,3,10,0.0,-24.894502113946185,200,0.0,0,0.0,13.350000000000012,731.1509999999989,33.823,21.616976613546964,1.0
146,4,10,1.0,9.574669784089597,11,0.6544259322226001,0,0.0,0.7500000000000001,79.407,51.96600000000001,1.5280568063733977,1.0
146,5,10,0.0,-22.89366192811473,200,0.0,0,0.0,10.000000000000007,878.6000000000008,32.218,27.27046992364519,1.0
146,6,10,1.0,10.211057223900845,6,0.5372981032055,0,0.0,0.45,60.364999999999995,32.434000000000005,1.8611642103964972,1.0
146,7,10,1.0,10.637690282431786,3,0.9846548654027444,0,0.0,0.15000000000000002,19.094,18.801000000000002,1.0155842774320514,1.0
146,8,10,1.0,10.440078286558347,4,0.6431998479882189,0,0.0,0.35000000000000003,21.051000000000002,13.54,1.5547267355982277,1.0
146,9,10,0.0,-24.319172834414932,200,0.0,0,0.0,12.500000000000016,754.3999999999997,46.073,16.37401514987085,1.0
147,0,10,0.0,-25.593001737291303,200,0.0,0,0.0,15.000000000000004,1641.6530000000046,52.955999999999996,31.000321021225258,1.0
147,1,10,1.0,9.97709411201115,7,0.9621420041482476,0,0.0,0.7000000000000001,47.731,45.92400000000001,1.0393476178033272,1.0
147,2,10,0.0,-28.101256775269555,200,0.0,0,0.0,20.00000000000003,808.7530000000033,33.577999999999996,24.085800226338776,1.0
147,3,10,1.0,9.959396724857099,8,0.8546342751518353,0,0.0,0.55,45.444,38.83800000000001,1.170091147844894,1.0
147,4,10,0.0,-25.865113580289012,200,0.0,0,0.0,15.000000000000004,832.1159999999963,58.769000000000005,14.159097483367018,1.0
147,5,10,0.0,-13.009114408119842,13,0.0,10,1.0,0.30000000000000004,15.567,34.778999999999996,0.44759768826015706,1.0
147,6,10,0.0,-23.465255565491557,200,0.0,0,0.0,10.050000000000008,1145.0089999999966,21.247,53.89038452487394,1.0
147,7,10,0.0,-22.92643886444037,200,0.0,0,0.0,10.000000000000007,761.5090000000012,46.355999999999995,16.427409612563665,1.0
147,8,10,1.0,10.534233806667173,3,1.0,0,0.0,0.35,13.169,13.169,1.0,1.0
147,9,10,0.0,-12.718276406089771,13,0.0,10,1.0,0.25,35.260000000000005,50.70800000000001,0.6953537903289421,1.0
148,0,10,0.0,-25.47009267059813,200,0.0,0,0.0,15.000000000000004,590.2159999999986,54.602000000000004,10.809420900333295,1.0
148,1,10,0.0,-13.117755924455672,15,0.0,10,1.0,0.35,36.002,49.87800000000001,0.721801194915594,1.0
148,2,10,0.0,-23.25171853896295,200,0.0,0,0.0,10.050000000000008,543.7309999999981,51.087,10.643236048309708,1.0
148,3,10,1.0,9.437560806115357,12,0.8517656554785769,0,0.0,0.8500000000000001,74.335,63.316,1.1740318402931327,1.0
148,4,10,1.0,9.601176019429886,9,0.6245409548139869,0,0.0,1.1,62.63,39.115,1.6011760194298863,1.0
148,5,10,0.0,-13.759319542800348,15,0.0,10,1.0,0.25,17.73,40.245,0.4405516213194186,1.0
148,6,10,0.0,-23.21160938507647,200,0.0,0,0.0,10.000000000000007,839.6260000000033,52.721999999999994,15.92553393270368,1.0
148,7,10,1.0,9.315209316842886,13,0.7743621504856569,0,0.0,0.9,66.199,51.262,1.291385431703796,1.0
148,8,10,1.0,10.731423493382916,2,1.0,0,0.0,0.15000000000000002,9.143,9.143,1.0,1.0
148,9,10,0.0,-25.58824956041953,200,0.0,0,0.0,15.000000000000004,941.0639999999978,32.986,28.529194203601463,1.0
149,0,10,1.0,10.85,1,1.0,0,0.0,0.1,13.531,13.531,1.0,1.0
149,1,10,1.0,10.610063816647225,3,1.0,0,0.0,0.2,14.573,14.573,1.0,1.0
149,2,10,0.0,-23.01606286186934,200,0.0,0,0.0,10.000000000000007,231.79999999999956,60.45,3.834574028122408,1.0
149,3,10,0.0,-28.385671398342446,200,0.0,0,0.0,20.100000000000023,998.7889999999999,68.052,14.67685005583965,1.0
149,4,10,0.0,-12.818446965052116,11,0.0,10,1.0,0.05,7.204,32.620000000000005,0.22084610668301652,1.0
149,5,10,1.0,10.292331612718213,5,1.0,0,0.0,0.45,27.897000000000002,27.897000000000002,1.0,1.0
149,6,10,0.0,-25.784706090542638,200,0.0,0,0.0,15.000000000000004,736.8459999999981,64.986,11.338534453574585,1.0
149,7,10,0.0,-23.07126261161074,200,0.0,0,0.0,10.000000000000007,486.00000000000114,31.023,15.665796344647557,1.0
149,8,10,1.0,9.902698367470082,7,0.9277827885422824,0,0.0,0.85,32.153,29.831000000000003,1.0778384901612414,1.0
149,9,10,0.0,-23.16559206975893,200,0.0,0,0.0,10.000000000000007,762.6269999999995,35.207,21.661232141335514,1.0
150,0,10,0.0,-23.00606796116504,200,0.0,0,0.0,10.000000000000007,1350.5419999999951,73.336,18.415812152285305,1.0
150,1,10,0.0,-25.212379061371948,200,0.0,0,0.0,15.050000000000002,630.1910000000018,20.775000000000002,30.334103489771447,1.0
150,2,10,1.0,10.071423463306658,6,0.7521772540983607,0,0.0,0.7,31.232,23.492,1.329473863442874,1.0
150,3,10,1.0,9.76250433849746,10,0.6361756794732827,0,0.0,0.6000000000000001,49.818000000000005,31.692999999999998,1.5718928470009152,1.0
150,4,10,0.0,-13.139014961489657,16,0.0,10,1.0,0.39999999999999997,27.352,33.887,0.8071531855873934,1.0
150,5,10,0.0,-25.753544405952354,200,0.0,0,0.0,14.900000000000002,1154.906999999996,50.804,22.73259979529163,1.0
150,6,10,1.0,10.11812079519971,6,0.8836935272220883,0,0.0,0.6000000000000001,37.341,32.998,1.1316140372143768,1.0
150,7,10,0.0,-24.194412517148002,200,0.0,0,0.0,12.500000000000014,1019.3140000000011,53.942,18.896481405954564,1.0
150,8,10,0.0,-25.850337913944518,200,0.0,0,0.0,14.950000000000003,942.4879999999969,44.39,21.2319891867537,1.0
150,9,10,0.0,-13.892666174011122,16,0.0,10,1.0,0.9,27.42,51.422,0.5332348022247287,1.0
151,0,10,1.0,10.607443662499065,3,1.0,0,0.0,0.2,26.714,26.714,1.0,1.0
151,1,10,1.0,9.775294468847285,10,0.8178219548347718,0,0.0,0.55,57.345000000000006,46.897999999999996,1.222760032410764,1.0
151,2,10,0.0,-12.70877570655442,12,0.0,10,1.0,0.3,9.798,16.63,0.589176187612748,1.0
151,3,10,0.0,-12.933034816011705,12,0.0,10,1.0,0.15000000000000002,13.812000000000001,32.801,0.421084723026737,1.0
151,4,10,0.0,-30.977366192645874,200,0.0,8,0.0,9.600000000000001,934.7540000000031,65.18700000000001,14.339576909506542,1.0
151,5,10,1.0,8.870451888386537,17,0.5438762077444673,0,0.0,1.1000000000000003,80.522,43.794000000000004,1.8386536968534501,1.0
151,6,10,1.0,10.057450079082642,7,0.6643026004728132,0,0.0,0.5499999999999999,60.912,40.464,1.5053380782918149,1.0
151,7,10,0.0,-23.201205378854215,200,0.0,0,0.0,10.000000000000007,895.9409999999975,41.123999999999995,21.786329150860755,1.0
151,8,10,1.0,10.584085993820803,3,1.0,0,0.0,0.25,19.42,19.42,1.0,1.0
151,9,10,0.0,-23.123894706471383,200,0.0,0,0.0,10.000000000000007,1459.9999999999948,58.921,24.7789412942753,1.0
152,0,10,0.0,-25.530537567639414,200,0.0,0,0.0,15.000000000000002,616.2000000000016,45.092,13.665395192051841,1.0
152,1,10,1.0,10.875,1,1.0,0,0.0,0.05,7.935,7.935,1.0,1.0
152,2,10,1.0,10.19925281362708,6,0.8826372109078359,0,0.0,0.44999999999999996,26.072999999999997,23.013,1.1329683222526397,1.0
152,3,10,0.0,-24.414729940500287,200,0.0,0,0.0,12.550000000000015,892.421,34.622,25.776125007220845,1.0
152,4,10,1.0,9.314340274985929,12,0.7405988546928812,0,0.0,1.05,100.75899999999999,74.62200000000001,1.350258636863123,1.0
152,5,10,1.0,9.423819457630628,12,0.7756503809230522,0,0.0,0.8500000000000001,74.687,57.931,1.2892406483575287,1.0
152,6,10,0.0,-22.952057013281433,200,0.0,0,0.0,10.000000000000007,909.4000000000035,30.869999999999997,29.459021703919777,1.0
152,7,10,0.0,-25.719554971689245,200,0.0,0,0.0,14.950000000000003,640.5909999999969,49.098,13.047191331622408,1.0
152,8,10,0.0,-28.07160995429153,200,0.0,0,0.0,20.000000000000014,1348.473000000001,27.566,48.91797866937536,1.0
152,9,10,0.0,-25.595344626323236,200,0.0,0,0.0,15.050000000000002,565.9920000000011,37.693,15.015838484599293,1.0
153,0,10,0.0,-23.78253079947584,200,0.0,0,0.0,10.050000000000008,830.5060000000022,30.52,27.211861074705187,1.0
153,1,10,1.0,10.376733967802188,5,0.6089806088181129,0,0.0,0.3,18.462,11.243,1.6420884105665747,1.0
153,2,10,0.0,-12.979445947325438,14,0.0,10,1.0,0.30000000000000004,24.769,39.184000000000005,0.6321202531645569,1.0
153,3,10,0.0,-12.939592865141577,14,0.0,10,1.0,0.35,24.71,43.757,0.564709646456567,1.0
153,4,10,0.0,-13.475422466479213,14,0.0,10,1.0,0.25,19.881,43.033,0.4619942834568819,1.0
153,5,10,0.0,-28.409670757050932,200,0.0,0,0.0,20.050000000000026,753.0539999999997,50.525000000000006,14.904581890153382,1.0
153,6,10,0.0,-22.999078745338885,200,0.0,0,0.0,10.000000000000007,1663.999999999998,45.589999999999996,36.49923228778237,1.0
153,7,10,1.0,10.49678575289158,4,0.649033570701933,0,0.0,0.25,28.506999999999998,18.502000000000002,1.5407523510971783,1.0
153,8,10,0.0,-25.370506216020956,200,0.0,0,0.0,15.000000000000002,529.2079999999979,52.606,10.059841082766184,1.0
153,9,10,0.0,-13.05060563841993,14,0.0,10,1.0,0.25,22.357999999999997,48.808,0.45808064251762,1.0
154,0,10,1.0,10.61047368821872,3,1.0,0,0.0,0.2,13.131,13.131,1.0,1.0
154,1,10,0.0,-25.447569329452094,200,0.0,0,0.0,15.000000000000002,639.5999999999977,57.37100000000001,11.148489655052163,1.0
154,2,10,1.0,9.466089453594401,11,0.8148724151834573,0,0.0,0.9500000000000001,69.44399999999999,56.588,1.227185975825263,1.0
154,3,10,1.0,10.490312328630539,4,0.9279700222057735,0,0.0,0.25,21.615999999999996,20.058999999999997,1.077621017996909,1.0
154,4,10,0.0,-12.941825085626547,12,0.0,10,1.0,0.15000000000000002,10.193999999999999,42.335,0.24079366954056924,1.0
154,5,10,0.0,-13.128551867473561,12,0.0,10,1.0,0.1,9.79,16.359,0.5984473378568371,1.0
154,6,10,0.0,-23.34461254513848,200,0.0,0,0.0,10.000000000000007,639.1069999999992,37.385,17.09527885515579,1.0
154,7,10,0.0,-24.900755787916026,200,0.0,0,0.0,13.350000000000014,1665.7419999999963,51.35699999999999,32.434565881963444,1.0
154,8,10,0.0,-25.672761290663516,200,0.0,0,0.0,15.000000000000004,360.5779999999994,37.840999999999994,9.528765096059814,1.0
154,9,10,0.0,-23.03561462020145,200,0.0,0,0.0,10.000000000000007,1078.4440000000052,58.76800000000001,18.350871222434062,1.0
155,0,10,1.0,9.368442392323786,13,0.35588933821169527,0,0.0,0.85,77.895,27.722,2.8098622033042346,1.0
155,1,10,0.0,-13.06971194150486,13,0.0,10,1.0,0.25,13.619,53.201,0.2559914287325426,1.0
155,2,10,0.0,-25.077580769378923,200,0.0,0,0.0,13.350000000000012,668.8969999999999,25.968999999999998,25.7575185798452,1.0
155,3,10,0.0,-12.823633795898319,13,0.0,10,1.0,0.30000000000000004,13.731,24.429000000000002,0.562077858283188,1.0
155,4,10,0.0,-23.208368572970656,200,0.0,0,0.0,10.10000000000001,377.75300000000067,42.613,8.864736113392642,1.0
155,5,10,0.0,-24.678690152867254,200,0.0,0,0.0,13.300000000000013,795.1049999999989,64.43499999999999,12.339644603088368,1.0
155,6,10,0.0,-23.1626206619744,200,0.0,0,0.0,10.000000000000007,590.7779999999996,69.76100000000001,8.46859993406057,1.0
155,7,10,0.0,-25.01524559053355,200,0.0,0,0.0,13.350000000000012,626.2549999999995,35.832,17.47753404777851,1.0
155,8,10,0.0,-35.29419659034755,200,0.0,7,0.0,19.15000000000003,916.7479999999988,48.568000000000005,18.87555592159444,1.0
155,9,10,1.0,9.151177111716622,14,0.6323812048512161,0,0.0,1.0500000000000003,75.44500000000001,47.71,1.5813246698805283,1.0
156,0,10,0.0,-12.899999999999999,10,0.0,10,1.0,0.0,0.0,27.896,0.0,1.0
156,1,10,1.0,9.519241847570719,11,0.8906093069969868,0,0.0,0.8500000000000001,47.79200000000001,42.564,1.1228268019922942,1.0
156,2,10,1.0,10.259606502709463,6,0.6990908031239073,0,0.0,0.35,34.316,23.990000000000002,1.4304293455606503,1.0
156,3,10,1.0,10.442402549074332,4,0.9633878557024423,0,0.0,0.35000000000000003,22.314999999999998,21.497999999999998,1.0380035352125778,1.0
156,4,10,1.0,10.464733608756305,4,1.0,0,0.0,0.30000000000000004,37.276,37.276,1.0,1.0
156,5,10,0.0,-22.858133550072175,200,0.0,0,0.0,10.000000000000007,929.4609999999972,54.751000000000005,16.97614655440078,1.0
156,6,10,0.0,-12.899999999999999,10,0.0,10,1.0,0.0,0.0,34.086999999999996,0.0,1.0
156,7,10,0.0,-24.34860235567354,200,0.0,0,0.0,12.500000000000016,1410.2129999999972,48.224000000000004,29.242970305242142,1.0
156,8,10,1.0,10.875,1,1.0,0,0.0,0.05,7.812,7.812,1.0,1.0
156,9,10,1.0,10.173679443204902,6,0.8885108145693404,0,0.0,0.5,33.797000000000004,30.029000000000003,1.1254787039195444,1.0
157,0,10,0.0,-12.821025004094555,12,0.0,10,1.0,0.15000000000000002,8.252,18.317,0.45051045476879403,1.0
157,1,10,1.0,10.295821749795586,5,0.9124312226056139,0,0.0,0.44999999999999996,21.446,19.567999999999998,1.0959730171708915,1.0
157,2,10,0.0,-26.636705785031236,200,0.0,0,0.0,16.499999999999993,746.0720000000023,71.322,10.46061523793503,1.0
157,3,10,1.0,9.61867437117607,10,0.6654876719652882,0,0.0,0.8500000000000001,48.629,32.362,1.5026574377356157,1.0
157,4,10,0.0,-13.407489670515943,16,0.0,10,1.0,0.45000000000000007,31.944000000000003,28.317,1.128085602288378,1.0
157,5,10,0.0,-13.534036974638225,16,0.0,10,1.0,0.55,50.227,66.478,0.7555431872198322,1.0
157,6,10,1.0,10.2492778125,6,0.9992193598750976,0,0.0,0.35000000000000003,32.025,32.0,1.00078125,1.0
157,7,10,0.0,-22.990465804759193,200,0.0,0,0.0,10.000000000000007,566.121999999999,53.37,10.60749484729247,1.0
157,8,10,0.0,-13.130462578266721,12,0.0,10,1.0,0.1,3.162,34.178,0.09251565334425654,1.0
157,9,10,0.0,-24.71038619275464,200,0.0,0,0.0,12.550000000000015,1065.7239999999986,54.13100000000001,19.687868319447237,1.0
158,0,10,1.0,10.510137259502581,4,0.746802172770282,0,0.0,0.2,22.828000000000003,17.048000000000002,1.3390427029563585,1.0
158,1,10,0.0,-12.90578156478087,13,0.0,10,1.0,0.2,17.368,30.278999999999996,0.573598863899072,1.0
158,2,10,0.0,-13.041300945266926,12,0.0,10,1.0,0.15000000000000002,7.583,51.943,0.1459869472306182,1.0
158,3,10,0.0,-23.509222784558848,200,0.0,0,0.0,10.100000000000009,914.4709999999978,50.385000000000005,18.149667559789574,1.0
158,4,10,0.0,-25.548896786613376,200,0.0,0,0.0,15.000000000000002,895.0430000000048,47.271,18.93429375304108,1.0
158,5,10,0.0,-13.06495914949243,12,0.0,10,1.0,0.15000000000000002,10.727,48.958999999999996,0.21910169733858945,1.0
158,6,10,0.0,-23.627132318014485,200,0.0,0,0.0,10.050000000000008,806.5870000000014,67.368,11.972850611566344,1.0
158,7,10,1.0,9.897857659043757,9,0.8002126587945603,0,0.0,0.49999999999999994,53.60700000000001,42.897000000000006,1.249667808937688,1.0
158,8,10,1.0,9.627112343771941,10,0.636656236030398,0,0.0,0.8500000000000001,55.925,35.605000000000004,1.5707063614660859,1.0
158,9,10,0.0,-13.212828943089432,13,0.0,10,1.0,0.35,11.511000000000001,30.750000000000004,0.37434146341463415,1.0
159,0,10,0.0,-23.126583703351706,200,0.0,0,0.0,10.000000000000007,931.1419999999971,67.339,13.827677868694176,1.0
159,1,10,1.0,8.513921753065775,19,0.2866558811193001,0,0.0,1.45,100.134,28.704,3.488503344481605,1.0
159,2,10,1.0,10.58737691435054,3,1.0,0,0.0,0.25,35.260000000000005,35.260000000000005,1.0,1.0
159,3,10,0.0,-13.475870227916836,15,0.0,10,1.0,0.25,41.6,41.989,0.9907356688656553,1.0
159,4,10,0.0,-26.050101674075478,200,0.0,0,0.0,14.950000000000003,592.673999999999,52.864999999999995,11.211084838740168,1.0
159,5,10,0.0,-23.381730808868998,200,0.0,0,0.0,10.050000000000008,780.4119999999996,67.92200000000001,11.489826565766606,1.0
159,6,10,0.0,-13.17248250926967,15,0.0,10,1.0,0.45,44.937,59.602999999999994,0.7539385601395904,1.0
159,7,10,0.0,-25.631146807412083,200,0.0,0,0.0,15.000000000000002,948.5630000000026,52.293,18.13938768095161,1.0
159,8,10,1.0,10.319002084517718,5,0.9073246217331499,0,0.0,0.4,29.08,26.384999999999998,1.1021413682016297,1.0
159,9,10,0.0,-22.870990689720696,200,0.0,0,0.0,10.000000000000007,570.0000000000022,26.315,21.660649819494665,1.0
160,0,10,0.0,-13.030986141335474,15,0.0,10,1.0,0.30000000000000004,33.162,61.11699999999999,0.542598622314577,1.0
160,1,10,0.0,-13.934232614376535,16,0.0,10,1.0,0.4,33.341,51.278,0.6502008658684036,1.0
160,2,10,0.0,-22.169947471715552,200,0.0,0,0.0,10.000000000000007,973.8000000000042,34.648,28.105518356037983,1.0
160,3,10,1.0,10.617476660926311,3,0.5658238884045336,0,0.0,0.2,19.499000000000002,11.033000000000001,1.7673343605546996,1.0
160,4,10,1.0,10.756794855941635,2,0.8366439064763087,0,0.0,0.1,9.666,8.087,1.1952516384320515,1.0
160,5,10,0.0,-15.020129575582827,16,0.0,10,1.0,0.45000000000000007,21.575000000000003,28.439,0.7586413024367946,1.0
160,6,10,0.0,-27.93401434470767,200,0.0,0,0.0,20.00000000000003,303.5999999999992,23.005,13.197131058465517,1.0
160,7,10,0.0,-13.137992574370186,15,0.0,10,1.0,0.39999999999999997,40.756,43.902,0.9283403945150562,1.0
160,8,10,1.0,10.32754999300797,5,0.45465238261754143,0,0.0,0.39999999999999997,31.456999999999997,14.302,2.1994825898475736,1.0
160,9,10,0.0,-24.830943267024995,200,0.0,0,0.0,13.300000000000013,638.4079999999989,29.207,21.858047728284276,1.0
161,0,10,0.0,-27.98762197512024,200,0.0,0,0.0,20.000000000000014,1459.424000000006,48.473,30.107977637035173,1.0
161,1,10,0.0,-25.427386764873358,200,0.0,0,0.0,15.050000000000002,1160.1430000000016,52.678000000000004,22.023292456053788,1.0
161,2,10,1.0,9.685038228535618,9,0.9159093083325361,0,0.0,0.9,52.265,47.870000000000005,1.0918111552120324,1.0
161,3,10,1.0,10.730734855584902,2,1.0,0,0.0,0.15000000000000002,11.737,11.737,1.0,1.0
161,4,10,1.0,10.256834366980327,6,0.7565118912797282,0,0.0,0.35,24.724,18.704,1.3218562874251496,1.0
161,5,10,0.0,-21.78995746475899,200,0.0,0,0.0,10.000000000000007,732.0000000000007,28.447,25.732063134952742,1.0
161,6,10,1.0,10.340598775387475,5,0.9632174828857292,0,0.0,0.35,37.980000000000004,36.583,1.038187136101468,1.0
161,7,10,0.0,-24.11619718309857,200,0.0,0,0.0,12.500000000000016,1007.3599999999996,46.86000000000001,21.497225778915908,1.0
161,8,10,0.0,-13.589796125367684,16,0.0,10,1.0,0.3,32.652,59.154,0.5519829597322243,1.0
161,9,10,1.0,10.609232116650096,3,1.0,0,0.0,0.2,21.122999999999998,21.122999999999998,1.0,1.0
162,0,10,0.0,-35.89258936893051,200,0.0,8,0.0,19.20000000000003,1056.6919999999975,66.52199999999999,15.884850124770717,1.0
162,1,10,0.0,-12.835224125768415,11,0.0,10,1.0,0.05,10.022,49.615,0.20199536430514964,1.0
162,2,10,0.0,-13.067620966335253,13,0.0,10,1.0,0.25,14.825999999999999,57.33000000000001,0.2586080586080585,1.0
162,3,10,1.0,10.706589223550779,2,1.0,0,0.0,0.2,13.214,13.214,1.0,1.0
162,4,10,0.0,-25.576507254998262,200,0.0,0,0.0,15.000000000000002,429.45299999999884,38.663000000000004,11.107596410004366,1.0
162,5,10,0.0,-12.641669245957626,11,0.0,10,1.0,0.05,15.721,37.478,0.4194727573509792,1.0
162,6,10,1.0,10.435255200139837,4,0.7920531635054686,0,0.0,0.35,14.446,11.442,1.2625415137213774,1.0
162,7,10,0.0,-12.907516904822659,13,0.0,10,1.0,0.25,14.786,31.352,0.47161265628986987,1.0
162,8,10,1.0,10.341360997832396,5,0.9533800350262699,0,0.0,0.35,28.549999999999997,27.219,1.0488996656747123,1.0
162,9,10,0.0,-14.552080134415858,23,0.0,10,1.0,0.8500000000000001,68.907,40.769000000000005,1.6901812651769723,1.0
163,0,10,0.0,-23.076752142781604,200,0.0,0,0.0,10.000000000000007,688.5769999999976,28.351,24.287573630559685,1.0
163,1,10,0.0,-23.02342204179816,200,0.0,0,0.0,10.000000000000007,1075.0850000000023,46.557,23.09180144768783,1.0
163,2,10,1.0,10.464138452672525,4,0.6107078439135981,0,0.0,0.3,22.731,13.882,1.6374441723094657,1.0
163,3,10,0.0,-23.436730550551367,200,0.0,0,0.0,10.200000000000012,680.8779999999995,78.267,8.699426322715825,1.0
163,4,10,1.0,10.444232803047276,4,0.9882201851113768,0,0.0,0.35,22.581,22.314999999999998,1.011920233027112,1.0
163,5,10,1.0,10.585092054263566,3,0.8515353332940414,0,0.0,0.25,16.967,14.448,1.1743493909191582,1.0
163,6,10,0.0,-13.029364156357488,16,0.0,10,1.0,0.39999999999999997,44.001,52.623,0.83615529331281,1.0
163,7,10,1.0,10.384007122507123,4,0.6426511649196687,0,0.0,0.45,21.846999999999998,14.040000000000001,1.5560541310541307,1.0
163,8,10,1.0,10.754611481129084,2,0.95821303753229,0,0.0,0.1,6.5809999999999995,6.306,1.0436092610212495,1.0
163,9,10,1.0,10.729916179928695,2,1.0,0,0.0,0.15000000000000002,13.183,13.183,1.0,1.0
164,0,10,1.0,10.562702992598949,3,0.8061392131431041,0,0.0,0.30000000000000004,11.565000000000001,9.323,1.240480532017591,1.0
164,1,10,0.0,-23.040150043984173,200,0.0,0,0.0,10.000000000000007,493.799999999999,60.248999999999995,8.195986655380157,1.0
164,2,10,0.0,-23.221057597694774,200,0.0,0,0.0,10.000000000000007,482.39700000000084,56.912,8.476191312904147,1.0
164,3,10,0.0,-14.077466620748115,22,0.0,10,1.0,0.7999999999999999,75.226,37.748,1.99284730316838,1.0
164,4,10,1.0,8.154616918857757,22,0.44163532879357664,0,0.0,1.6000000000000003,118.06799999999998,52.143,2.2643116046257403,1.0
164,5,10,0.0,-23.31183887940446,200,0.0,0,0.0,10.050000000000008,809.0120000000018,35.731,22.641739665836436,1.0
164,6,10,0.0,-14.06728727945361,22,0.0,10,1.0,0.8000000000000002,45.186000000000014,42.168,1.0715708594194653,1.0
164,7,10,0.0,-23.018312793800003,200,0.0,0,0.0,10.000000000000007,487.0759999999999,39.355000000000004,12.376470588235291,1.0
164,8,10,1.0,9.935562481666178,8,0.6197336726809981,0,0.0,0.6000000000000001,66.009,40.908,1.6135963625696685,1.0
164,9,10,0.0,-30.710454554143105,200,0.0,0,0.0,24.900000000000002,1071.9999999999975,52.315000000000005,20.4912548982127,1.0
165,0,10,0.0,-25.730925970172986,200,0.0,0,0.0,14.950000000000003,876.7949999999961,50.22299999999999,17.458037154291784,1.0
165,1,10,1.0,9.436022202247191,11,0.7170480180470513,0,0.0,1.05,77.575,55.62500000000001,1.3946067415730337,1.0
165,2,10,1.0,10.351243128435781,5,0.9208114430340913,0,0.0,0.35000000000000003,26.077,24.012,1.0859986673330002,1.0
165,3,10,0.0,-25.675440515211005,200,0.0,0,0.0,15.000000000000004,623.9670000000018,60.71300000000001,10.277321166801208,1.0
165,4,10,0.0,-23.11961169638031,200,0.0,0,0.0,10.050000000000008,838.1640000000017,44.424,18.867368989735315,1.0
165,5,10,0.0,-22.9356730477058,200,0.0,0,0.0,10.000000000000007,1185.3999999999999,32.910000000000004,36.01944697660285,1.0
165,6,10,1.0,9.489002695169003,12,0.8392229159243365,0,0.0,0.7500000000000002,64.54899999999999,54.17099999999999,1.1915785198722564,1.0
165,7,10,1.0,9.138903511243871,14,0.6754006420423545,0,0.0,1.05,78.81099999999999,53.229,1.4806026789907756,1.0
165,8,10,1.0,10.616752040816326,3,0.5252438632222103,0,0.0,0.2,18.658,9.8,1.9038775510204082,1.0
165,9,10,0.0,-22.93966830215681,200,0.0,0,0.0,10.000000000000007,418.20000000000095,39.132000000000005,10.686905857099072,1.0
166,0,10,1.0,9.789224594585813,9,0.9163217295494475,0,0.0,0.7000000000000001,33.581,30.770999999999997,1.0913197491144262,1.0
166,1,10,1.0,10.560643711305232,3,0.9732562938505983,0,0.0,0.3,12.115000000000002,11.791,1.0274785853617168,1.0
166,2,10,1.0,10.190461460247937,6,0.7322737686139748,0,0.0,0.5,34.92,25.571,1.365609479488483,1.0
166,3,10,0.0,-25.44231811810754,200,0.0,0,0.0,15.050000000000002,1213.4080000000026,37.812999999999995,32.08970459894753,1.0
166,4,10,1.0,9.844658061506163,8,0.7541046088894102,0,0.0,0.8,34.108,25.721,1.326075969052525,1.0
166,5,10,1.0,10.642046249881775,3,0.7173972045053603,0,0.0,0.15000000000000002,14.738000000000001,10.573,1.393927929632082,1.0
166,6,10,0.0,-12.878256186720174,16,0.0,10,1.0,0.39999999999999997,38.496,43.359,0.8878433543209022,1.0
166,7,10,1.0,9.516444148577591,10,0.9233306879541882,0,0.0,1.05,64.263,59.336,1.083035593905892,1.0
166,8,10,1.0,10.394813329827791,4,0.9354689949887786,0,0.0,0.45,32.527,30.428,1.0689825161035889,1.0
166,9,10,1.0,8.608354837625791,18,0.6483492544141515,0,0.0,1.3500000000000005,91.80699999999999,59.522999999999996,1.5423785763486382,1.0
167,0,10,1.0,10.590341928602797,3,0.8026892279800575,0,0.0,0.25,39.714,31.878,1.245812158855637,1.0
167,1,10,1.0,10.010411484593837,7,0.8343460783397214,0,0.0,0.65,42.788000000000004,35.7,1.1985434173669467,1.0
167,2,10,0.0,-22.95149860416605,200,0.0,0,0.0,10.000000000000007,316.19999999999993,32.597,9.700279166794488,1.0
167,3,10,0.0,-22.847673081176765,200,0.0,0,0.0,10.000000000000007,876.1880000000018,27.125999999999998,32.30067094300678,1.0
167,4,10,0.0,-25.370552745985336,200,0.0,0,0.0,15.000000000000002,1345.4000000000017,45.084,29.842072575636625,1.0
167,5,10,1.0,10.174697473639515,6,0.9642771844825822,0,0.0,0.49999999999999994,29.308999999999997,28.261999999999997,1.037046210459274,1.0
167,6,10,1.0,8.812153093762316,17,0.8015795519816197,0,0.0,1.1500000000000004,69.64,55.821999999999996,1.2475368134427287,1.0
167,7,10,1.0,10.825,1,1.0,0,0.0,0.15,4.57,4.57,1.0,1.0
167,8,10,0.0,-28.445554598355127,200,0.0,0,0.0,19.950000000000017,1733.9820000000082,30.761000000000003,56.369493839602356,1.0
167,9,10,1.0,10.469821719044832,4,0.7030327981336627,0,0.0,0.3,21.861,15.369,1.4224087448760492,1.0
168,0,10,0.0,-25.463600335612394,200,0.0,0,0.0,15.000000000000004,972.658999999997,56.016999999999996,17.363639609404235,1.0
168,1,10,1.0,9.61384847667835,11,0.650302445866573,0,0.0,0.7000000000000002,57.03500000000001,37.09,1.537746023186843,1.0
168,2,10,0.0,-24.652601737905854,200,0.0,0,0.0,13.300000000000013,1067.3969999999993,62.489000000000004,17.081358319064144,1.0
168,3,10,0.0,-29.325043634349974,200,0.0,0,0.0,22.900000000000016,870.5209999999986,52.36699999999999,16.62346515935606,1.0
168,4,10,0.0,-23.63103356855242,200,0.0,0,0.0,10.050000000000008,3188.5949999999893,25.083,127.1217557708404,1.0
168,5,10,1.0,10.875,1,1.0,0,0.0,0.05,3.066,3.066,1.0,1.0
168,6,10,0.0,-28.118456725755944,200,0.0,0,0.0,20.000000000000014,1351.200000000001,52.745000000000005,25.617594084747385,1.0
168,7,10,1.0,10.096619230409138,7,0.7819466305501667,0,0.0,0.44999999999999996,27.319,21.362000000000002,1.2788596573354554,1.0
168,8,10,0.0,-13.033518273305086,11,0.0,10,1.0,0.1,3.001,45.312,0.06622969632768362,1.0
168,9,10,0.0,-12.920476982888111,11,0.0,10,1.0,0.05,5.64,33.953,0.16611197832297586,1.0
169,0,10,0.0,-26.392375499479055,200,0.0,0,0.0,15.150000000000004,783.0969999999986,64.31700000000001,12.175583438282235,1.0
169,1,10,1.0,10.34495647203658,5,0.6833723934859685,0,0.0,0.35,33.282,22.744,1.463330988392543,1.0
169,2,10,0.0,-26.849871723883357,200,0.0,0,0.0,19.90000000000003,750.857,32.508,23.097606742955577,1.0
169,3,10,0.0,-27.518076986256467,200,0.0,0,0.0,19.900000000000013,1778.9549999999972,54.788999999999994,32.46920002190216,1.0
169,4,10,0.0,-24.36820924203141,200,0.0,0,0.0,12.500000000000014,887.221,32.785000000000004,27.06179655330181,1.0
169,5,10,0.0,-23.158915724563155,200,0.0,0,0.0,10.000000000000007,2391.399000000005,38.92,61.44396197327864,1.0
169,6,10,0.0,-13.68590307852419,15,0.0,10,1.0,0.25,34.778000000000006,59.574,0.5837781582569579,1.0
169,7,10,0.0,-22.57508063317479,200,0.0,0,0.0,10.250000000000012,856.9100000000027,53.824,15.920593043995295,1.0
169,8,10,0.0,-13.61186781425311,15,0.0,10,1.0,0.25,23.227,46.88099999999999,0.49544591625605267,1.0
169,9,10,1.0,10.636016684336811,3,1.0,0,0.0,0.15000000000000002,17.921,17.921,1.0,1.0
170,0,10,1.0,10.256834366980327,6,0.7565118912797282,0,0.0,0.35,24.724,18.704,1.3218562874251496,1.0
170,1,10,0.0,-23.05722891566264,200,0.0,0,0.0,10.000000000000007,596.5999999999991,52.12400000000001,11.445783132530101,1.0
170,2,10,0.0,-22.966204790388915,200,0.0,0,0.0,10.000000000000007,570.0000000000022,39.621,14.386310289997782,1.0
170,3,10,1.0,4.207008520430376,14,0.8731626964014191,5,0.0,0.9,55.244,48.236999999999995,1.145261935858366,1.0
170,4,10,0.0,-22.926065999258427,200,0.0,0,0.0,10.000000000000007,1459.9999999999948,53.94,27.067111605487483,1.0
170,5,10,0.0,-23.224582239579963,200,0.0,0,0.0,10.000000000000007,3162.906000000009,62.476,50.62593635956222,1.0
170,6,10,0.0,-30.44840317641297,200,0.0,0,0.0,25.0,465.5539999999983,75.43099999999998,6.171918707162817,1.0
170,7,10,0.0,-12.921222817065074,12,0.0,10,1.0,0.2,14.085,48.19200000000001,0.2922684262948207,1.0
170,8,10,0.0,-13.179814608581726,12,0.0,10,1.0,0.2,17.89,45.795,0.3906540015285512,1.0
170,9,10,0.0,-24.63260084976374,200,0.0,0,0.0,13.300000000000013,1007.4869999999988,41.894000000000005,24.0484794958705,1.0
171,0,10,1.0,10.489778335881198,4,0.8584015497094295,0,0.0,0.25,16.003,13.737,1.164955958360632,1.0
171,1,10,0.0,-12.9,10,0.0,10,1.0,0.0,0.0,74.901,0.0,1.0
171,2,10,0.0,-24.675528056704014,200,0.0,0,0.0,13.350000000000012,605.4959999999991,59.255,10.218479453210684,1.0
171,3,10,0.0,-23.08260658073032,200,0.0,0,0.0,10.000000000000007,950.9999999999992,57.562,16.521316146068575,1.0
171,4,10,0.0,-23.27099065084495,200,0.0,0,0.0,10.050000000000008,647.3389999999996,30.591,21.161093131966904,1.0
171,5,10,0.0,-12.9,10,0.0,10,1.0,0.0,0.0,51.151,0.0,1.0
171,6,10,0.0,-23.583058015065497,200,0.0,0,0.0,10.000000000000007,872.0520000000023,7.567,115.24408616360543,1.0
171,7,10,0.0,-24.43018965608326,200,0.0,0,0.0,12.500000000000016,1121.4570000000012,18.929000000000002,59.24544349939253,1.0
171,8,10,0.0,-23.035152301679616,200,0.0,0,0.0,10.000000000000007,2446.8379999999947,33.519,72.99853814254587,1.0
171,9,10,1.0,10.439513402712079,4,0.9447622452627816,0,0.0,0.35000000000000003,16.782,15.855000000000002,1.0584673604541153,1.0
172,0,10,0.0,-24.520548277535166,200,0.0,0,0.0,13.300000000000013,745.1570000000005,16.488,45.19389859291609,1.0
172,1,10,1.0,9.382768880917302,12,0.8191740567770373,0,0.0,0.9500000000000001,57.171,46.833,1.2207417846390367,1.0
172,2,10,0.0,-13.231153170017095,14,0.0,10,1.0,0.25,20.651,61.43499999999999,0.3361438919182877,1.0
172,3,10,0.0,-12.9,10,0.0,10,1.0,0.0,0.0,49.601,0.0,1.0
172,4,10,0.0,-12.909268933112216,10,0.0,10,1.0,0.0,0.0,36.18,0.0,1.0
172,5,10,1.0,10.755145691688636,2,1.0,0,0.0,0.1,14.414,14.414,1.0,1.0
172,6,10,0.0,-23.503272782981764,200,0.0,0,0.0,10.150000000000011,1043.9759999999942,68.538,15.232075636872892,1.0
172,7,10,0.0,-30.45615377949806,200,0.0,0,0.0,25.0,303.5999999999992,34.620999999999995,8.769244100401469,1.0
172,8,10,1.0,10.489171693193759,4,1.0,0,0.0,0.25,25.696999999999996,25.696999999999996,1.0,1.0
172,9,10,0.0,-25.75441010602305,200,0.0,0,0.0,15.000000000000004,462.3440000000008,22.165,20.85919242048278,1.0
173,0,10,0.0,-13.081608931360838,11,0.0,10,1.0,0.05,4.87,43.532,0.11187172654598918,1.0
173,1,10,0.0,-25.95787675454823,200,0.0,0,0.0,14.900000000000002,632.0340000000018,56.781000000000006,11.13108258044067,1.0
173,2,10,1.0,10.248837524361837,6,0.9211805403511846,0,0.0,0.35,22.836999999999996,21.037,1.0855635309217093,1.0
173,3,10,1.0,10.85,1,1.0,0,0.0,0.1,5.955,5.955,1.0,1.0
173,4,10,0.0,-12.760242020080927,11,0.0,10,1.0,0.15,4.57,13.346,0.34242469653828866,1.0
173,5,10,1.0,10.344070763221154,5,0.9447500088712252,0,0.0,0.35,28.181,26.624,1.0584810697115385,1.0
173,6,10,0.0,-30.643625426067217,200,0.0,0,0.0,24.900000000000002,1113.9720000000013,49.288,22.60128225937351,1.0
173,7,10,0.0,-12.802848104602733,11,0.0,10,1.0,0.1,5.054,18.967,0.26646280381715615,1.0
173,8,10,1.0,10.345494527264623,5,0.9921379784777162,0,0.0,0.35000000000000003,40.702,40.382000000000005,1.0079243227180426,1.0
173,9,10,0.0,-13.100259185809508,11,0.0,10,1.0,0.05,5.275,36.306000000000004,0.14529278907067703,1.0
174,0,10,1.0,10.294828187340498,5,0.9355370233371444,0,0.0,0.45,29.738,27.820999999999998,1.0689047841558537,1.0
174,1,10,1.0,9.622722485220503,10,0.9110024348974454,0,0.0,0.8500000000000001,48.462,44.149,1.09769190695146,1.0
174,2,10,0.0,-13.506173896171095,16,0.0,10,1.0,0.3,25.024,46.384,0.5394963780614005,1.0
174,3,10,1.0,9.671855673835905,10,0.81254903499137,0,0.0,0.7500000000000002,50.984,41.42700000000001,1.2306949573949355,1.0
174,4,10,0.0,-12.998011853782662,16,0.0,10,1.0,0.45,49.12899999999999,48.339000000000006,1.0163429115207179,1.0
174,5,10,1.0,10.58353891022905,3,0.9801524588639956,0,0.0,0.25,21.514,21.087,1.020249442784654,1.0
174,6,10,0.0,-28.14274966202307,200,0.0,0,0.0,19.900000000000013,1780.5539999999971,68.05199999999999,26.164609416328652,1.0
174,7,10,1.0,10.468500470957613,4,0.7156660075498832,0,0.0,0.3,22.252,15.925,1.3972998430141286,1.0
174,8,10,1.0,9.537875372393248,11,0.7483928505072274,0,0.0,0.8500000000000002,53.82200000000001,40.28,1.3361966236345584,1.0
174,9,10,1.0,10.484587931275318,4,0.7305102040816326,0,0.0,0.25,19.6,14.318,1.3689062718256741,1.0
175,0,10,1.0,9.82907016520112,8,0.9053431220738529,0,0.0,0.8000000000000002,54.89300000000001,49.69700000000002,1.1045535947843932,1.0
175,1,10,0.0,-23.017109857019484,200,0.0,0,0.0,10.000000000000007,633.5279999999992,47.489000000000004,13.34052096274925,1.0
175,2,10,0.0,-12.9,10,0.0,10,1.0,0.0,0.0,55.898,0.0,1.0
175,3,10,0.0,-25.790812937184004,200,0.0,0,0.0,15.000000000000002,714.3959999999972,72.19500000000001,9.895366715146439,1.0
175,4,10,0.0,-26.294204482970557,200,0.0,0,0.0,15.000000000000002,847.5679999999987,30.916999999999998,27.414302810751327,1.0
175,5,10,0.0,-12.968537129553281,12,0.0,10,1.0,0.1,8.39,41.233999999999995,0.20347286220109623,1.0
175,6,10,0.0,-12.817256222012368,12,0.0,10,1.0,0.2,13.445,32.827000000000005,0.4095713894050628,1.0
175,7,10,0.0,-29.707928691369112,200,0.0,0,0.0,23.250000000000018,744.821999999999,44.665,16.67574163215043,1.0
175,8,10,1.0,10.504423009593166,4,0.6270747343461842,0,0.0,0.25,22.774,14.280999999999999,1.5947062530635112,1.0
175,9,10,0.0,-12.899999999999999,10,0.0,10,1.0,0.0,0.0,25.195,0.0,1.0
176,0,10,1.0,10.173958077875206,6,1.0,0,0.0,0.5,43.223,43.223,1.0,1.0
176,1,10,1.0,10.17596291368701,6,0.7453131294350966,0,0.0,0.49999999999999994,32.271,24.052000000000003,1.3417179444536835,1.0
176,2,10,0.0,-25.697651800379106,200,0.0,0,0.0,15.000000000000004,1694.2000000000005,39.575,42.80985470625396,1.0
176,3,10,0.0,-23.042709461250112,200,0.0,0,0.0,10.050000000000008,835.7849999999992,26.413,31.642940976034495,1.0
176,4,10,0.0,-13.18895092755726,16,0.0,10,1.0,0.6,31.043,38.596,0.8043061457145819,1.0
176,5,10,1.0,10.340876847132737,5,0.8228141896347092,0,0.0,0.35,37.915,31.197,1.215341218706927,1.0
176,6,10,0.0,-23.224287062772095,200,0.0,0,0.0,10.000000000000007,2109.0670000000086,38.138000000000005,55.30093345220013,1.0
176,7,10,1.0,10.490352924765183,4,0.9390446249235874,0,0.0,0.25,11.451,10.753,1.0649121175485912,1.0
176,8,10,0.0,-13.814082439621089,16,0.0,10,1.0,0.7,34.936,35.153,0.9938269848946036,1.0
176,9,10,0.0,-25.96148703729113,200,0.0,0,0.0,14.950000000000003,381.42499999999933,51.031000000000006,7.474378319060949,1.0
177,0,10,0.0,-24.733594462969503,200,0.0,0,0.0,13.350000000000012,742.0039999999992,45.584,16.27772902772901,1.0
177,1,10,0.0,-12.980921065337892,11,0.0,10,1.0,0.1,3.437,51.77700000000001,0.06638082546304343,1.0
177,2,10,0.0,-29.606457210477163,200,0.0,0,0.0,23.250000000000018,746.0359999999989,50.281,14.837334181897713,1.0
177,3,10,0.0,-23.018911428888156,200,0.0,0,0.0,10.000000000000007,924.1999999999974,45.105000000000004,20.48996785278788,1.0
177,4,10,0.0,-25.71443406022852,200,0.0,0,0.0,15.000000000000004,739.6529999999987,13.482000000000001,54.86226079216723,1.0
177,5,10,1.0,10.491841501393214,4,0.7024216141535864,0,0.0,0.25,26.057000000000002,18.303,1.4236463967655577,1.0
177,6,10,0.0,-23.03312668837008,200,0.0,0,0.0,10.000000000000007,1337.6939999999997,57.748000000000005,23.164334695573867,1.0
177,7,10,1.0,10.110080431491294,7,0.248005256735192,0,0.0,0.5500000000000002,42.612,10.568000000000001,4.032172596517789,1.0
177,8,10,1.0,10.75559309252696,2,1.0,0,0.0,0.1,13.261,13.261,1.0,1.0
177,9,10,0.0,-12.954188159879337,11,0.0,10,1.0,0.1,5.193,26.52,0.19581447963800905,1.0
178,0,10,0.0,-25.969316059886243,200,0.0,0,0.0,15.000000000000002,928.9619999999978,54.303000000000004,17.107010662394302,1.0
178,1,10,0.0,-23.00121593291399,200,0.0,0,0.0,10.000000000000007,574.400000000001,71.55000000000001,8.027952480782682,1.0
178,2,10,1.0,10.38877108021878,4,0.9071269833066308,0,0.0,0.45,19.349,17.552,1.1023814949863264,1.0
178,3,10,1.0,10.467795994659545,4,0.6466931445346228,0,0.0,0.3,28.955,18.725,1.5463284379172229,1.0
178,4,10,0.0,-26.74665526361175,200,0.0,0,0.0,16.749999999999996,1547.6109999999978,69.572,22.244739262921833,1.0
178,5,10,0.0,-23.26377984674801,200,0.0,0,0.0,10.050000000000008,424.23800000000097,49.461000000000006,8.577222458098317,1.0
178,6,10,0.0,-23.594167436134274,200,0.0,0,0.0,10.050000000000008,858.6009999999968,45.486,18.876159697489268,1.0
178,7,10,0.0,-22.984762917630665,200,0.0,0,0.0,10.050000000000008,930.8229999999949,40.197,23.15652909421088,1.0
178,8,10,1.0,10.366015441598414,5,0.9012223789374707,0,0.0,0.3,21.27,19.169,1.1096040482028275,1.0
178,9,10,0.0,-25.699145445223085,200,0.0,0,0.0,15.000000000000004,1002.0199999999958,29.255000000000003,34.251239104426446,1.0
179,0,10,0.0,-13.79514998064766,21,0.0,10,1.0,0.9,55.554,62.007999999999996,0.8959166559153658,1.0
179,1,10,0.0,-12.723635736277737,12,0.0,10,1.0,0.15000000000000002,9.157,18.838,0.48609194181972604,1.0
179,2,10,0.0,-25.4698501658469,200,0.0,0,0.0,15.000000000000004,886.5999999999987,43.714999999999996,20.28136795150403,1.0
179,3,10,1.0,10.1317923549597,7,0.966972760243846,0,0.0,0.39999999999999997,38.877,37.593,1.0341552948687256,1.0
179,4,10,0.0,-23.32242557407037,200,0.0,0,0.0,10.000000000000007,688.2740000000031,39.368,17.483082706766993,1.0
179,5,10,1.0,10.463580852342835,4,0.9503006614552015,0,0.0,0.3,33.26,31.607000000000003,1.052298541462334,1.0
179,6,10,0.0,-12.60530227001195,11,0.0,10,1.0,0.05,11.559,25.11,0.4603345280764635,1.0
179,7,10,0.0,-12.912628696963736,11,0.0,10,1.0,0.05,5.262,45.747,0.11502393599580299,1.0
179,8,10,0.0,-30.790765532171992,200,0.0,0,0.0,24.900000000000002,1071.2079999999976,39.724000000000004,26.966267243983424,1.0
179,9,10,0.0,-12.970003677981868,12,0.0,10,1.0,0.1,11.869,46.221,0.2567880400683672,1.0
180,0,10,0.0,-25.586184030512896,200,0.0,0,0.0,15.050000000000002,361.65400000000074,48.242000000000004,7.49666265909375,1.0
180,1,10,1.0,10.10204024182883,6,0.7478523793376287,0,0.0,0.6500000000000001,35.388,26.465000000000003,1.3371622898167388,1.0
180,2,10,0.0,-23.901197117882198,200,0.0,0,0.0,12.000000000000016,695.5730000000007,44.272999999999996,15.710997673525641,1.0
180,3,10,0.0,-28.41629876421488,200,0.0,0,0.0,19.80000000000003,1117.2479999999985,58.82899999999999,18.991449795169025,1.0
180,4,10,1.0,10.311416226016014,4,1.0,0,0.0,0.6000000000000001,33.095,33.095,1.0,1.0
180,5,10,1.0,10.487663707667052,4,0.5022291437645046,0,0.0,0.25,32.748000000000005,16.447,1.9911230011552263,1.0
180,6,10,1.0,10.464922547332186,4,0.9408342579542388,0,0.0,0.3,33.347,31.374000000000002,1.0628864665009243,1.0
180,7,10,0.0,-22.973664710330127,200,0.0,0,0.0,10.000000000000007,575.0,55.546,10.351780506247074,1.0
180,8,10,0.0,-26.31593464695207,200,0.0,0,0.0,15.100000000000003,1422.0530000000026,32.531,43.71378070148482,1.0
180,9,10,0.0,-23.607445321825455,200,0.0,0,0.0,10.350000000000012,1171.2870000000014,54.455,21.509264530346183,1.0
181,0,10,0.0,-12.9,10,0.0,10,1.0,0.0,0.0,37.771,0.0,1.0
181,1,10,1.0,9.998629571265553,8,0.4657454508642725,0,0.0,0.5000000000000001,39.513,18.403,2.147095582242026,1.0
181,2,10,0.0,-13.044711844197138,10,0.0,10,1.0,0.0,0.0,25.16,0.0,1.0
181,3,10,0.0,-23.04599235088286,200,0.0,0,0.0,10.000000000000007,2119.4010000000085,61.44500000000001,34.492651965172236,1.0
181,4,10,1.0,9.988895338532437,8,0.8627735831023609,0,0.0,0.49999999999999994,52.31499999999999,45.136,1.1590526409074793,1.0
181,5,10,1.0,9.942355741979368,8,0.7310826864104761,0,0.0,0.6000000000000001,36.196999999999996,26.463,1.3678343347315116,1.0
181,6,10,0.0,-25.55529007543141,200,0.0,0,0.0,15.000000000000002,857.6479999999957,25.321,33.87101615260044,1.0
181,7,10,0.0,-23.05098542414348,200,0.0,0,0.0,10.000000000000007,508.6000000000011,49.876999999999995,10.197084828678573,1.0
181,8,10,1.0,10.027159156464329,6,0.8968497298125934,0,0.0,0.8,52.18599999999999,46.80299999999999,1.1150139948293913,1.0
181,9,10,1.0,7.549245704707362,11,0.6744441653058659,2,0.0,0.8,63.68800000000001,42.95399999999999,1.4827024258509107,1.0
182,0,10,0.0,-23.272001122124536,200,0.0,0,0.0,10.000000000000007,363.1859999999992,48.123000000000005,7.54703572096501,1.0
182,1,10,0.0,-13.397702630838051,12,0.0,10,1.0,0.1,11.006,31.967,0.3442925516939344,1.0
182,2,10,1.0,10.223996209429044,6,0.8731899048407112,0,0.0,0.4,48.34,42.20999999999999,1.145226249703862,1.0
182,3,10,0.0,-25.39439329769263,200,0.0,0,0.0,15.000000000000004,736.9999999999969,43.208999999999996,17.0566317202434,1.0
182,4,10,0.0,-23.395891537051305,200,0.0,0,0.0,10.200000000000012,701.6659999999989,50.72699999999999,13.832199814694325,1.0
182,5,10,1.0,10.075609423380898,7,0.8537703584567319,0,0.0,0.5,54.092999999999996,46.18299999999999,1.171275144533703,1.0
182,6,10,0.0,-23.278492645821455,200,0.0,0,0.0,10.000000000000007,586.3670000000017,59.422,9.86784355962441,1.0
182,7,10,1.0,10.161105070835953,7,0.7709377236936292,0,0.0,0.35,43.307,33.387,1.297121634168988,1.0
182,8,10,0.0,-12.924855375605091,12,0.0,10,1.0,0.1,7.766,33.466,0.23205641546644354,1.0
182,9,10,0.0,-23.097064565911776,200,0.0,0,0.0,10.050000000000008,547.043000000002,55.726,9.816656497864589,1.0
183,0,10,1.0,9.627637600945123,10,0.8954568509528297,0,0.0,0.8500000000000001,69.005,61.79100000000001,1.116748393779029,1.0
183,1,10,0.0,-22.994978572453793,200,0.0,0,0.0,10.000000000000007,577.8669999999995,48.769000000000005,11.849063954561288,1.0
183,2,10,0.0,-27.982838360270442,200,0.0,0,0.0,19.900000000000013,1778.0229999999972,58.717,30.2812303080879,1.0
183,3,10,0.0,-13.68237252950865,15,0.0,10,1.0,0.7000000000000001,26.155,58.288,0.44872014822948125,1.0
183,4,10,1.0,10.705428679817906,2,1.0,0,0.0,0.2,10.544,10.544,1.0,1.0
183,5,10,0.0,-12.930000714209191,13,0.0,10,1.0,0.2,15.106000000000002,28.003,0.5394422026211478,1.0
183,6,10,1.0,9.256946624345218,12,0.7724462628420149,0,0.0,1.2000000000000002,66.48100000000001,51.353,1.2945884368975524,1.0
183,7,10,0.0,-13.051375651814752,15,0.0,10,1.0,0.35,34.924,38.738,0.9015437038566781,1.0
183,8,10,0.0,-12.57954170269633,13,0.0,10,1.0,0.2,16.348999999999997,12.721,1.2851977045829728,1.0
183,9,10,0.0,-24.599327905379845,200,0.0,0,0.0,12.100000000000016,964.0289999999978,71.35900000000001,13.509564315643404,1.0
184,0,10,0.0,-23.138485658000775,200,0.0,0,0.0,10.100000000000009,651.0629999999996,67.006,9.71648807569471,1.0
184,1,10,0.0,-22.905237382022207,200,0.0,0,0.0,10.000000000000007,1088.4000000000012,42.062999999999995,25.875472505527455,1.0
184,2,10,1.0,10.04733293069113,6,0.9680793906640118,0,0.0,0.7500000000000001,31.641000000000002,30.631,1.0329731317945872,1.0
184,3,10,0.0,-24.595045550243004,200,0.0,0,0.0,13.300000000000013,1295.6459999999986,50.82300000000001,25.493300277433413,1.0
184,4,10,0.0,-23.22954266897468,200,0.0,0,0.0,10.050000000000008,931.6369999999974,50.259,18.53671979148008,1.0
184,5,10,1.0,9.683335782140594,10,0.6839050589050588,0,0.0,0.7,57.72000000000001,39.475,1.4621912602913238,1.0
184,6,10,0.0,-22.934101269944627,200,0.0,0,0.0,10.000000000000007,1076.920000000005,24.568,43.83425594268988,1.0
184,7,10,1.0,10.136709382151029,7,0.809709097646841,0,0.0,0.39999999999999997,48.57299999999999,39.33,1.2350114416475972,1.0
184,8,10,1.0,8.992640410958906,14,0.7392405063291139,0,0.0,1.35,79.0,58.4,1.3527397260273972,1.0
184,9,10,0.0,-23.08316043776927,200,0.0,0,0.0,10.000000000000007,659.3589999999998,17.178,38.383921294679226,1.0
185,0,10,0.0,-23.12714022606245,200,0.0,0,0.0,10.050000000000008,696.5669999999999,47.509,14.661790397608872,1.0
185,1,10,0.0,-25.35750900526459,200,0.0,0,0.0,15.000000000000002,822.8000000000012,28.872,28.498198947076794,1.0
185,2,10,0.0,-25.74881385238614,200,0.0,0,0.0,15.050000000000002,827.2240000000021,30.362999999999996,27.244475183611705,1.0
185,3,10,0.0,-25.523864476324164,200,0.0,0,0.0,15.000000000000004,221.68700000000095,66.29100000000001,3.344149281199573,1.0
185,4,10,1.0,9.30083528818262,13,0.5485754611244101,0,0.0,0.9500000000000002,72.269,39.644999999999996,1.8229032664901,1.0
185,5,10,0.0,-25.56673235640904,200,0.0,0,0.0,15.000000000000002,1338.1270000000015,29.685000000000002,45.0775475829544,1.0
185,6,10,0.0,-22.804038240311062,200,0.0,0,0.0,10.000000000000007,1047.4720000000057,25.209,41.5515093815703,1.0
185,7,10,1.0,10.391071270892464,4,0.9447622452627816,0,0.0,0.45000000000000007,16.782,15.855,1.0584673604541155,1.0
185,8,10,0.0,-25.527637662883535,200,0.0,0,0.0,15.000000000000004,635.914999999997,38.064,16.70646805380404,1.0
185,9,10,0.0,-23.348200399569734,200,0.0,0,0.0,10.20000000000001,644.237000000003,58.563,11.000751327630125,1.0
186,0,10,0.0,-23.49076197400081,200,0.0,0,0.0,10.100000000000009,869.2269999999993,57.771,15.046078482283486,1.0
186,1,10,0.0,-23.071437218628176,200,0.0,0,0.0,10.050000000000008,991.4210000000027,52.866,18.753471039987943,1.0
186,2,10,0.0,-22.867724610561616,200,0.0,0,0.0,10.000000000000007,1098.9999999999993,41.149,26.70781792996183,1.0
186,3,10,1.0,10.077237955276642,7,0.7410448859455482,0,0.0,0.5,33.975,25.177,1.349445922866108,1.0
186,4,10,1.0,10.634812446105203,3,0.8976327162484681,0,0.0,0.15000000000000002,15.503,13.916,1.114041391204369,1.0
186,5,10,1.0,10.20031222484415,6,0.6768618289310576,0,0.0,0.44999999999999996,41.94799999999999,28.393,1.4774064029866514,1.0
186,6,10,0.0,-22.937823834196823,200,0.0,0,0.0,10.000000000000007,472.04200000000174,32.231,14.645589649716165,1.0
186,7,10,0.0,-23.16452593970538,200,0.0,0,0.0,10.000000000000007,1114.3999999999985,33.867,32.90518794106353,1.0
186,8,10,0.0,-25.453029928206906,200,0.0,0,0.0,13.450000000000014,624.0629999999987,57.805,10.796003805899122,1.0
186,9,10,0.0,-23.411278390076316,200,0.0,0,0.0,10.000000000000007,2034.3400000000047,44.822,45.387086698496375,1.0
187,0,10,1.0,9.95105432864878,8,0.785745016492184,0,0.0,0.55,41.838,32.873999999999995,1.2726774958934115,1.0
187,1,10,1.0,10.349815758242395,5,0.8174676415607772,0,0.0,0.35000000000000003,42.260999999999996,34.547000000000004,1.2232900107100468,1.0
187,2,10,0.0,-23.225484553213956,200,0.0,0,0.0,10.000000000000007,997.009,26.477999999999998,37.65424125689252,1.0
187,3,10,0.0,-28.076932435720735,200,0.0,0,0.0,20.00000000000003,758.799999999998,49.316,15.386487144131682,1.0
187,4,10,0.0,-23.35197571833266,200,0.0,0,0.0,10.000000000000007,541.2539999999981,24.71,21.904249291784623,1.0
187,5,10,0.0,-13.128113040994888,15,0.0,10,1.0,0.3,26.859,38.517,0.6973284523716801,1.0
187,6,10,0.0,-25.81385451761097,200,0.0,0,0.0,14.950000000000003,1722.5250000000015,35.915,47.96115829040795,1.0
187,7,10,0.0,-13.358055887507966,15,0.0,10,1.0,0.35,25.613,50.208,0.5101378266411727,1.0
187,8,10,1.0,10.009586771987738,7,1.0,0,0.0,0.65,33.928,33.928,1.0,1.0
187,9,10,1.0,9.81792398067364,9,0.8688915735427362,0,0.0,0.65,66.22,57.53799999999999,1.150891584691856,1.0
188,0,10,0.0,-22.886626603282792,200,0.0,0,0.0,10.000000000000007,961.2000000000031,22.298000000000002,43.107005112566284,1.0
188,1,10,0.0,-13.412575332614166,14,0.0,10,1.0,0.30000000000000004,22.384,27.810000000000002,0.8048903272204243,1.0
188,2,10,1.0,9.401959336171691,12,0.4696017626897339,0,0.0,0.95,49.016000000000005,23.018,2.129463897819098,1.0
188,3,10,0.0,-12.727076420798067,14,0.0,10,1.0,0.45,31.950000000000003,20.675,1.5453446191051996,1.0
188,4,10,0.0,-13.473047587079446,17,0.0,10,1.0,0.7000000000000001,37.184,38.729,0.9601074130496526,1.0
188,5,10,0.0,-25.543152763474126,200,0.0,0,0.0,15.000000000000004,1447.8609999999999,43.69499999999999,33.13562192470535,1.0
188,6,10,1.0,10.752689856028134,2,1.0,0,0.0,0.1,18.198,18.198,1.0,1.0
188,7,10,0.0,-27.916560600102862,200,0.0,0,0.0,19.950000000000017,1301.8799999999978,66.122,19.68905961707144,1.0
188,8,10,1.0,9.879331575294934,8,0.7617567453269052,0,0.0,0.7000000000000001,47.292,36.025,1.3127550312283138,1.0
188,9,10,0.0,-14.098821134149391,17,0.0,10,1.0,1.25,34.26499999999999,40.03,0.8559830127404445,1.0
189,0,10,1.0,9.205331998941308,15,0.7551402803107902,0,0.0,0.7500000000000001,80.054,60.452,1.3242572619599022,1.0
189,1,10,0.0,-23.092885601201615,200,0.0,0,0.0,10.050000000000008,920.1909999999975,41.941,21.940130182875883,1.0
189,2,10,0.0,-23.023978170637882,200,0.0,0,0.0,10.000000000000007,572.0690000000016,32.525,17.58859338970028,1.0
189,3,10,0.0,-23.580559391319703,200,0.0,0,0.0,10.100000000000009,988.8820000000042,51.127,19.341678565141788,1.0
189,4,10,1.0,10.63376130828114,3,1.0,0,0.0,0.15000000000000002,20.118000000000002,20.118000000000002,1.0,1.0
189,5,10,0.0,-23.227708524851366,200,0.0,0,0.0,10.100000000000009,882.2810000000032,32.634,27.035637678494922,1.0
189,6,10,0.0,-13.156233141784922,14,0.0,10,1.0,0.2,13.576,34.108,0.3980297877330832,1.0
189,7,10,0.0,-23.405739007324506,200,0.0,0,0.0,10.050000000000008,1066.9380000000008,42.73299999999999,24.967542648538625,1.0
189,8,10,0.0,-13.599826308319633,14,0.0,10,1.0,0.30000000000000004,18.117,44.389,0.4081416567167541,1.0
189,9,10,1.0,9.348627104441228,12,0.9217233776629359,0,0.0,1.0,71.209,65.635,1.0849242020263579,1.0
190,0,10,0.0,-12.9,10,0.0,10,1.0,0.0,0.0,42.504999999999995,0.0,1.0
190,1,10,0.0,-28.140174290449906,200,0.0,0,0.0,20.100000000000023,685.9679999999988,58.523,11.721340327734374,1.0
190,2,10,0.0,-28.071967075955904,200,0.0,0,0.0,20.000000000000014,910.4940000000021,44.223,20.58869818872537,1.0
190,3,10,0.0,-12.9,10,0.0,10,1.0,0.0,0.0,22.645999999999997,0.0,1.0
190,4,10,0.0,-13.11971854241063,12,0.0,10,1.0,0.15000000000000002,8.237,52.086,0.15814230311408056,1.0
190,5,10,1.0,10.491360155585268,4,0.6626127577319588,0,0.0,0.25,24.832,16.454,1.5091770997933633,1.0
190,6,10,0.0,-26.068792735700068,200,0.0,0,0.0,14.850000000000003,671.8179999999986,48.759,13.77833835804669,1.0
190,7,10,1.0,9.712202304196174,10,0.7122530715490244,0,0.0,0.7000000000000001,66.416,47.305,1.4039953493288235,1.0
190,8,10,0.0,-12.45165750722187,12,0.0,10,1.0,0.1,21.73,28.386000000000003,0.765518213203692,1.0
190,9,10,0.0,-23.16376599999995,200,0.0,0,0.0,10.000000000000007,1150.2109999999966,55.0,20.91292727272721,1.0
191,0,10,0.0,-13.006284474390451,11,0.0,10,1.0,0.05,3.17,35.026,0.09050419688231598,1.0
191,1,10,0.0,-28.18195278855164,200,0.0,0,0.0,19.950000000000028,613.4829999999995,37.385,16.40987026882438,1.0
191,2,10,0.0,-25.517664415707845,200,0.0,0,0.0,15.000000000000002,501.19999999999726,50.49700000000001,9.92534209953061,1.0
191,3,10,0.0,-23.040123573784143,200,0.0,0,0.0,10.000000000000007,1185.3999999999999,52.762,22.466926955005494,1.0
191,4,10,0.0,-13.054133720837136,11,0.0,10,1.0,0.05,3.187,62.451,0.05103200909513058,1.0
191,5,10,0.0,-23.154596003615403,200,0.0,0,0.0,10.350000000000012,669.7589999999998,61.955999999999996,10.810236296726707,1.0
191,6,10,0.0,-13.009144808926454,13,0.0,10,1.0,0.15000000000000002,35.958,44.721000000000004,0.8040517877507211,1.0
191,7,10,0.0,-28.617322589218816,200,0.0,0,0.0,19.70000000000001,1519.855999999996,41.387,36.72302897044956,1.0
191,8,10,0.0,-12.945726641579881,13,0.0,10,1.0,0.15000000000000002,12.131,34.281,0.35386949038826176,1.0
191,9,10,0.0,-23.252295603704084,200,0.0,0,0.0,10.000000000000007,1727.1399999999971,55.615,31.055290838802428,1.0
192,0,10,0.0,-12.980169099537454,16,0.0,10,1.0,0.35,28.668,33.294,0.8610560461344386,1.0
192,1,10,0.0,-13.021173801448347,12,0.0,10,1.0,0.15000000000000002,8.866,43.635999999999996,0.2031808598404987,1.0
192,2,10,0.0,-23.233291683736187,200,0.0,0,0.0,10.050000000000008,636.760000000002,31.733,20.066177165726593,1.0
192,3,10,1.0,10.223331743836727,6,0.9806864945753835,0,0.0,0.4,21.384,20.971,1.0196938629536025,1.0
192,4,10,0.0,-31.787375873948733,200,0.0,9,0.0,9.55,858.0449999999977,39.47599999999999,21.735864829263296,1.0
192,5,10,0.0,-26.145263749949702,200,0.0,0,0.0,15.000000000000002,1254.3769999999984,49.782000000000004,25.197400666907683,1.0
192,6,10,0.0,-23.019868961774016,200,0.0,0,0.0,10.000000000000007,739.0499999999994,51.588,14.326006047918108,1.0
192,7,10,0.0,-35.053829326877306,200,0.0,10,0.0,14.250000000000002,654.3459999999995,52.457,12.47395009245667,1.0
192,8,10,1.0,10.318823575793415,5,1.0,0,0.0,0.4,25.365000000000002,25.365000000000002,1.0,1.0
192,9,10,0.0,-23.364346392774074,200,0.0,0,0.0,10.20000000000001,693.8369999999991,52.477999999999994,13.221483288235055,1.0
193,0,10,1.0,9.612282410906749,11,0.738907390935606,0,0.0,0.7000000000000001,48.343,35.721000000000004,1.3533495702807872,1.0
193,1,10,0.0,-23.037000111095168,200,0.0,0,0.0,10.000000000000007,1454.6620000000062,63.009,23.086574933739723,1.0
193,2,10,0.0,-28.032417688429778,200,0.0,0,0.0,20.05000000000003,715.1630000000005,64.268,11.127824111532963,1.0
193,3,10,0.0,-25.49979463830872,200,0.0,0,0.0,15.000000000000002,527.273999999998,62.816,8.393944218033589,1.0
193,4,10,0.0,-24.609694609297687,200,0.0,0,0.0,13.350000000000012,1671.4899999999966,40.44,41.33259149357064,1.0
193,5,10,0.0,-23.103271244555664,200,0.0,0,0.0,10.000000000000007,1114.3999999999985,53.955,20.654248911129617,1.0
193,6,10,0.0,-23.12076112217791,200,0.0,0,0.0,10.000000000000007,997.9689999999999,24.095999999999997,41.416376162018594,1.0
193,7,10,1.0,9.617295605913768,10,0.9098532888071741,0,0.0,0.8500000000000001,53.30200000000001,48.497,1.099078293502691,1.0
193,8,10,1.0,9.690911934196917,10,0.9156838425978127,0,0.0,0.7000000000000001,44.345,40.606,1.0920799881790868,1.0
193,9,10,1.0,10.08460577611584,6,0.6256190736915458,0,0.0,0.7,40.181,25.137999999999998,1.5984167395974223,1.0
194,0,10,1.0,10.516205404317414,4,0.6333822029576748,0,0.0,0.2,31.375999999999998,19.873,1.578825542192925,1.0
194,1,10,0.0,-23.00535939470367,200,0.0,0,0.0,10.000000000000007,723.930999999999,38.064,19.018784153005438,1.0
194,2,10,1.0,10.58484896528705,3,0.9056147510012847,0,0.0,0.25,13.233,11.984000000000002,1.1042222963951935,1.0
194,3,10,1.0,10.347445147197861,5,0.9009281560242026,0,0.0,0.35000000000000003,34.046,30.673000000000002,1.1099664199784827,1.0
194,4,10,0.0,-28.07924305144876,200,0.0,0,0.0,20.000000000000014,2253.5000000000077,49.039,45.953220905809815,1.0
194,5,10,0.0,-12.754337452855607,11,0.0,10,1.0,0.1,19.063,59.391999999999996,0.32096915409482757,1.0
194,6,10,0.0,-12.902495348021898,11,0.0,10,1.0,0.1,5.729,37.081,0.15449960896415954,1.0
194,7,10,1.0,9.572135537959944,11,0.6978109167383616,0,0.0,0.7500000000000001,52.305,36.499,1.4330529603550781,1.0
194,8,10,1.0,9.32162869262233,12,0.8170161150580489,0,0.0,1.1000000000000003,80.79399999999998,66.00999999999999,1.223966065747614,1.0
194,9,10,1.0,10.03394135025714,7,0.8555780933062881,0,0.0,0.6000000000000001,32.045,27.417,1.168800379326695,1.0
195,0,10,1.0,10.343763107993878,5,1.0,0,0.0,0.35,43.77100000000001,43.77100000000001,1.0,1.0
195,1,10,0.0,-12.815568011343785,11,0.0,10,1.0,0.05,10.904,48.661,0.22408088613057683,1.0
195,2,10,1.0,9.820550574390586,9,0.8244917674731184,0,0.0,0.6500000000000002,47.61599999999999,39.259,1.2128683868667056,1.0
195,3,10,0.0,-13.499244817620092,16,0.0,10,1.0,0.39999999999999997,14.842,40.136,0.3697927048036675,1.0
195,4,10,1.0,10.296438197515267,5,0.7693595420671778,0,0.0,0.45,18.518,14.247,1.2997824103319997,1.0
195,5,10,1.0,9.955945207642507,8,0.73818071615069,0,0.0,0.5499999999999999,42.896,31.665,1.3546818253592294,1.0
195,6,10,0.0,-12.948431915073833,16,0.0,10,1.0,0.3,33.793,35.419000000000004,0.9540924362630225,1.0
195,7,10,1.0,10.108544956874484,7,0.8766702344370404,0,0.0,0.44999999999999996,28.962999999999997,25.391,1.1406797684218817,1.0
195,8,10,0.0,-12.852459430868507,11,0.0,10,1.0,0.05,16.037,47.265,0.3392996932190839,1.0
195,9,10,1.0,9.974148327137547,7,1.0,0,0.0,0.7000000000000001,53.8,53.8,1.0,1.0
196,0,10,0.0,-23.394622041797803,200,0.0,0,0.0,10.050000000000008,492.31600000000196,60.721,8.10783748620744,1.0
196,1,10,1.0,9.362139150374125,12,0.6255001132331849,0,0.0,1.0,52.988,33.144,1.598720733767801,1.0
196,2,10,0.0,-26.642332769374512,200,0.0,0,0.0,16.699999999999996,737.2730000000022,39.601,18.617534910734634,1.0
196,3,10,0.0,-27.92524727919931,200,0.0,0,0.0,20.000000000000014,1819.529000000009,34.272999999999996,53.08928310915325,1.0
196,4,10,1.0,10.85,1,1.0,0,0.0,0.1,3.685,3.685,1.0,1.0
196,5,10,0.0,-23.172756741250684,200,0.0,0,0.0,10.000000000000007,720.204999999999,34.86,20.659925415949484,1.0
196,6,10,1.0,10.85,1,1.0,0,0.0,0.1,6.683,6.683,1.0,1.0
196,7,10,1.0,9.865373667010664,9,0.9495926992098975,0,0.0,0.5499999999999999,48.981,46.51199999999999,1.0530830753353975,1.0
196,8,10,0.0,-25.99267248814152,200,0.0,0,0.0,15.000000000000004,1242.8929999999984,18.552,66.99509486847771,1.0
196,9,10,1.0,10.61072168356104,3,1.0,0,0.0,0.2,9.076,9.076,1.0,1.0
197,0,10,1.0,10.156801396431343,6,0.7096454525434928,0,0.0,0.55,36.327999999999996,25.78,1.4091543832428237,1.0
197,1,10,1.0,10.494530588687956,4,0.7544997096961488,0,0.0,0.25,31.002,23.391000000000002,1.3253815570091059,1.0
197,2,10,1.0,9.819078377678276,9,0.8317328408741153,0,0.0,0.65,64.97999999999999,54.046,1.2023091440624651,1.0
197,3,10,1.0,10.22351160955816,5,0.6981978437081924,0,0.0,0.6000000000000001,25.413999999999998,17.744,1.432258791704238,1.0
197,4,10,1.0,10.09597002956949,7,0.9891678853828424,0,0.0,0.45,40.342999999999996,39.906000000000006,1.0109507342254296,1.0
197,5,10,0.0,-22.94605478099001,200,0.0,0,0.0,10.000000000000007,399.1999999999991,26.323,15.16544466816089,1.0
197,6,10,1.0,10.732554054054054,2,0.4748917054387935,0,0.0,0.15000000000000002,6.2330000000000005,2.96,2.1057432432432432,1.0
197,7,10,1.0,8.902302134390439,16,0.466303645088737,0,0.0,1.2000000000000002,109.81899999999999,51.209,2.1445253763986796,1.0
197,8,10,0.0,-27.9882124232419,200,0.0,0,0.0,20.000000000000014,1704.3789999999965,32.407000000000004,52.59292745394502,1.0
197,9,10,0.0,-25.439064610285218,200,0.0,0,0.0,15.050000000000002,1350.6739999999984,40.427,33.410196156034296,1.0
198,0,10,0.0,-12.944862735736452,14,0.0,10,1.0,0.39999999999999997,16.059,20.945,0.7667223681069468,1.0
198,1,10,1.0,10.233055849573502,6,0.6939895432744242,0,0.0,0.39999999999999997,23.143,16.061,1.440943901376004,1.0
198,2,10,0.0,-23.974323412989254,200,0.0,0,0.0,12.550000000000015,950.4159999999993,40.926,23.222792356936893,1.0
198,3,10,1.0,10.605706752411574,3,0.9715511496167945,0,0.0,0.2,24.008000000000003,23.325000000000003,1.0292818863879958,1.0
198,4,10,0.0,-13.0096207160769,14,0.0,10,1.0,0.25,24.23,28.711999999999996,0.8438980217330734,1.0
198,5,10,1.0,10.110509244598184,7,0.8643771582582331,0,0.0,0.44999999999999996,47.49199999999999,41.051,1.15690238971036,1.0
198,6,10,1.0,9.661599977118668,10,0.705767173338178,0,0.0,0.8,49.539,34.963,1.416897863455653,1.0
198,7,10,1.0,10.44073741839305,4,0.7828484043623486,0,0.0,0.35000000000000003,24.849000000000004,19.453000000000003,1.2773865213591733,1.0
198,8,10,1.0,10.411898480290057,4,0.8367004453624218,0,0.0,0.4,15.493,12.963000000000001,1.1951708709403688,1.0
198,9,10,1.0,9.465133884184182,11,0.9414175973145696,0,0.0,0.9500000000000002,61.964,58.33399999999999,1.062227860253026,1.0
199,0,10,1.0,9.689688526185206,10,0.6617038741972346,0,0.0,0.7500000000000001,62.129000000000005,41.111,1.5112500304054879,1.0
199,1,10,0.0,-13.36142342860543,17,0.0,10,1.0,0.45,29.102,50.417,0.5772259356962929,1.0
199,2,10,0.0,-13.789393911858244,17,0.0,10,1.0,0.5000000000000001,22.921000000000003,55.025000000000006,0.4165561108587006,1.0
199,3,10,0.0,-25.96719019955477,200,0.0,0,0.0,14.950000000000003,1049.931999999998,53.018,19.80331208268886,1.0
199,4,10,1.0,10.608949718045112,3,0.9987679671457905,0,0.0,0.2,17.045,17.024,1.001233552631579,1.0
199,5,10,0.0,-25.659217497622596,200,0.0,0,0.0,15.000000000000004,1171.9999999999995,36.80499999999999,31.843499524521118,1.0
199,6,10,0.0,-23.290652783567644,200,0.0,0,0.0,10.050000000000008,503.2569999999981,26.386999999999997,19.072156743851068,1.0
199,7,10,0.0,-22.855644460307825,200,0.0,0,0.0,10.000000000000007,626.1270000000021,47.62900000000001,13.14591950282395,1.0
199,8,10,0.0,-23.05410103945124,200,0.0,0,0.0,10.050000000000008,834.4330000000003,33.382999999999996,24.995746337956458,1.0
199,9,10,1.0,9.637023121387283,10,0.879948302099185,0,0.0,0.8000000000000002,47.971,42.211999999999996,1.1364303989386904,1.0
