scenario_id,robot_id,robots,success,reward,steps,spl,collisions,deadlock,cumulative_risk,path_length,shortest_path_length,detour,disruption_applied
0,0,10,1.0,10.755423162583519,2,0.9157658576381806,0,0.0,0.1,9.806000000000001,8.98,1.0919821826280625,0.0
0,1,10,1.0,10.198093099793606,5,0.8330390334572491,0,0.0,0.6500000000000001,21.52,17.927,1.2004239415406928,0.0
0,2,10,0.0,-23.76262155815445,200,0.0,0,0.0,10.300000000000011,842.6029999999969,43.436,19.398724560272512,0.0
0,3,10,0.0,-27.0773955823294,200,0.0,0,0.0,17.500000000000032,721.5329999999992,54.78,13.171467688937554,0.0
0,4,10,0.0,-23.173576790666562,200,0.0,0,0.0,10.100000000000009,1121.6490000000033,41.828,26.815745433680863,0.0
0,5,10,1.0,10.253294241124395,6,0.9481244321377581,0,0.0,0.35,23.113,21.914,1.054713881536917,0.0
0,6,10,1.0,10.610215659689857,3,1.0,0,0.0,0.2,23.602,23.602,1.0,0.0
0,7,10,0.0,-26.064239477503616,200,0.0,0,0.0,14.950000000000003,1204.902999999999,31.004999999999995,38.86157071440088,0.0
0,8,10,0.0,-25.684632522407096,200,0.0,0,0.0,15.000000000000002,964.3090000000041,23.43,41.15702091335911,0.0
0,9,10,0.0,-23.50564615566142,200,0.0,0,0.0,10.150000000000011,847.2810000000034,67.801,12.496585596082703,0.0
1,0,10,1.0,10.030344730626476,7,0.8941969224580105,0,0.0,0.6,39.772000000000006,35.564,1.1183218985490948,0.0
1,1,10,1.0,9.897621289954339,8,0.6703440359659472,0,0.0,0.7000000000000001,31.363,21.024,1.491771308980213,0.0
1,2,10,0.0,-23.116809344747583,200,0.0,0,0.0,10.000000000000007,1459.9999999999948,62.495000000000005,23.361868949515877,0.0
1,3,10,0.0,-25.429753623684935,200,0.0,0,0.0,15.000000000000002,1636.7999999999965,29.183,56.08744817188077,0.0
1,4,10,0.0,-23.136454823692794,200,0.0,0,0.0,10.000000000000007,2456.320999999995,77.762,31.587677786065107,0.0
1,5,10,0.0,-23.545196873704764,200,0.0,0,0.0,10.100000000000009,669.9819999999997,50.666999999999994,13.223241952355574,0.0
1,6,10,0.0,-13.207578067685242,12,0.0,10,1.0,0.1,9.402999999999999,31.351,0.29992663710886414,0.0
1,7,10,0.0,-23.583730309680544,200,0.0,0,0.0,10.20000000000001,576.6520000000011,61.515,9.374168901893864,0.0
1,8,10,0.0,-13.228370824569534,12,0.0,10,1.0,0.3,9.14,28.051000000000002,0.3258350860931874,0.0
1,9,10,0.0,-25.40068264293054,200,0.0,0,0.0,14.950000000000003,1062.5490000000016,29.21,36.37620677850057,0.0
2,0,10,1.0,9.980294232709454,7,0.8830042543907494,0,0.0,0.7000000000000001,55.002,48.567,1.13249737476064,0.0
2,1,10,0.0,-33.119563796124396,200,0.0,0,0.0,29.999999999999893,914.4000000000004,38.239000000000004,23.912759224875135,0.0
2,2,10,1.0,10.235470319033352,6,0.748379943328816,0,0.0,0.39999999999999997,40.585,30.372999999999998,1.336219668784776,0.0
2,3,10,0.0,-25.423506936431096,200,0.0,0,0.0,15.000000000000004,596.5999999999991,38.99699999999999,15.298612713798477,0.0
2,4,10,1.0,10.34856220299744,5,0.7502171031582796,0,0.0,0.35,21.879,16.414,1.3329474838552455,0.0
2,5,10,0.0,-23.180719064979545,200,0.0,0,0.0,10.050000000000008,642.4959999999995,46.63,13.778597469440264,0.0
2,6,10,1.0,10.180498777672144,6,0.706012081695273,0,0.0,0.5,41.715999999999994,29.452,1.4164063561048483,0.0
2,7,10,0.0,-13.32381801211128,19,0.0,10,1.0,0.7999999999999999,44.368,43.926,1.0100623776351136,0.0
2,8,10,0.0,-14.016688863877947,19,0.0,10,1.0,0.44999999999999996,37.376999999999995,31.986000000000004,1.1685424873382102,0.0
2,9,10,0.0,-28.205182586315704,200,0.0,0,0.0,19.90000000000003,614.3459999999995,41.186,14.91637935220705,0.0
3,0,10,0.0,-13.31298155583059,13,0.0,10,1.0,0.2,17.526,66.254,0.2645274247592598,0.0
3,1,10,0.0,-22.845720172852904,200,0.0,0,0.0,10.000000000000007,1088.4000000000012,34.943,31.147869387287905,0.0
3,2,10,0.0,-29.90184013557413,200,0.0,0,0.0,23.40000000000002,569.5210000000005,28.323999999999998,20.10736477898604,0.0
3,3,10,0.0,-25.971484962405956,200,0.0,0,0.0,14.900000000000002,913.5309999999986,52.66800000000001,17.34508620034933,0.0
3,4,10,0.0,-24.868963003547353,200,0.0,0,0.0,13.350000000000012,556.8919999999997,53.843,10.342885797596711,0.0
3,5,10,1.0,10.22482015262723,6,0.914416516656666,0,0.0,0.4,44.997,41.146,1.0935935449375396,0.0
3,6,10,1.0,9.452636751886738,12,0.9599573177580591,0,0.0,0.8000000000000002,53.418,51.279,1.0417129819224242,0.0
3,7,10,1.0,10.484219367217186,4,0.933125043881205,0,0.0,0.25,28.485999999999997,26.581000000000003,1.0716677325909483,0.0
3,8,10,0.0,-13.247686015593315,13,0.0,10,1.0,0.15000000000000002,15.938,44.378,0.35914191716616345,0.0
3,9,10,0.0,-25.840762273901735,200,0.0,0,0.0,15.000000000000004,966.5650000000041,21.672,44.59971391657457,0.0
4,0,10,0.0,-23.487542274895176,200,0.0,0,0.0,10.000000000000007,918.5939999999978,41.514,22.12733053909519,0.0
4,1,10,0.0,-23.173704981669186,200,0.0,0,0.0,10.25000000000001,877.4820000000003,37.096000000000004,23.6543562648264,0.0
4,2,10,1.0,10.317010193933367,5,1.0,0,0.0,0.39999999999999997,32.176,32.176,1.0,0.0
4,3,10,0.0,-12.812997139938714,13,0.0,10,1.0,0.15000000000000002,26.625,48.949999999999996,0.5439223697650665,0.0
4,4,10,1.0,10.177924528301887,6,0.686551300362042,0,0.0,0.5000000000000001,30.107,20.669999999999998,1.4565553942912435,0.0
4,5,10,1.0,10.728223614676129,2,1.0,0,0.0,0.15000000000000002,6.623,6.623,1.0,0.0
4,6,10,0.0,-13.178169480682675,13,0.0,10,1.0,0.2,11.542,43.769,0.2637026205762069,0.0
4,7,10,0.0,-23.654719196924148,200,0.0,0,0.0,10.100000000000009,934.1339999999992,62.161,15.027653995270333,0.0
4,8,10,1.0,10.618563836069445,3,0.5159344342209493,0,0.0,0.2,16.411,8.467,1.9382307783158144,0.0
4,9,10,1.0,9.3809688790622,12,0.7800266831538184,0,0.0,0.9500000000000001,61.46200000000001,47.94199999999999,1.2820074256393146,0.0
5,0,10,1.0,10.345782581040867,5,0.731063688449722,0,0.0,0.35,60.214999999999996,44.02100000000001,1.3678698802844094,0.0
5,1,10,0.0,-25.643556321955717,200,0.0,0,0.0,15.000000000000004,1002.6599999999959,39.434,25.426281888725363,0.0
5,2,10,1.0,9.977,8,0.7686029111685485,0,0.0,0.5,36.755,28.250000000000004,1.3010619469026548,0.0
5,3,10,0.0,-23.07440134311215,200,0.0,0,0.0,10.000000000000007,421.384000000001,56.585,7.446920561986409,0.0
5,4,10,0.0,-25.509162552221806,200,0.0,0,0.0,15.000000000000002,1040.3289999999974,42.128,24.69447873148494,0.0
5,5,10,0.0,-23.262149665771354,200,0.0,0,0.0,10.050000000000008,924.694000000003,49.516999999999996,18.674273481834586,0.0
5,6,10,1.0,10.279293814569888,6,0.7639074863055386,0,0.0,0.3,49.29,37.653,1.309059039120389,0.0
5,7,10,0.0,-25.873117972631476,200,0.0,0,0.0,15.150000000000002,1171.9310000000019,45.891999999999996,25.536716639065673,0.0
5,8,10,1.0,10.467949325894933,4,1.0,0,0.0,0.30000000000000004,21.509999999999998,21.509999999999998,1.0,0.0
5,9,10,1.0,9.909849449204406,8,0.8061060524906266,0,0.0,0.6500000000000001,35.473,28.595,1.240531561461794,0.0
6,0,10,0.0,-22.98494992957331,200,0.0,0,0.0,10.000000000000007,684.4000000000029,51.827000000000005,13.205472051247474,0.0
6,1,10,0.0,-12.981355163261526,12,0.0,10,1.0,0.15000000000000002,6.357,32.402,0.19619159311153633,0.0
6,2,10,0.0,-12.97052040449811,12,0.0,10,1.0,0.2,23.733999999999998,72.386,0.3278810819771779,0.0
6,3,10,0.0,-23.348996345662773,200,0.0,0,0.0,10.050000000000008,621.814999999999,42.689,14.566164585724637,0.0
6,4,10,0.0,-25.64040853472364,200,0.0,0,0.0,15.150000000000004,802.6909999999975,42.57900000000001,18.851804880340012,0.0
6,5,10,1.0,9.6156981537517,10,0.7896322460004156,0,0.0,0.8500000000000001,57.756,45.606,1.2664123141691883,0.0
6,6,10,1.0,10.349824733595064,5,0.9839955849889626,0,0.0,0.35,21.744,21.396,1.0162647223780146,0.0
6,7,10,1.0,-0.18915297125962205,19,0.8819535801541065,9,0.0,0.8000000000000002,42.568,37.543000000000006,1.133846522654023,0.0
6,8,10,0.0,-25.660452768539525,200,0.0,0,0.0,15.000000000000004,876.1999999999961,17.139000000000003,51.123169379776876,0.0
6,9,10,1.0,10.46498681526444,4,0.9072402274984201,0,0.0,0.30000000000000004,22.154,20.099,1.1022438927309817,0.0
7,0,10,0.0,-26.100865926198814,200,0.0,0,0.0,14.900000000000002,422.48200000000116,37.994,11.119703111017559,0.0
7,1,10,1.0,10.466401333400677,4,0.910382563913923,0,0.0,0.30000000000000004,21.748,19.799,1.0984393151169252,0.0
7,2,10,0.0,-24.632493730744482,200,0.0,0,0.0,13.300000000000013,952.3239999999996,27.914,34.11635738339183,0.0
7,3,10,0.0,-23.07195698459097,200,0.0,0,0.0,10.000000000000007,1459.9999999999948,55.422000000000004,26.343329363790456,0.0
7,4,10,0.0,-13.004539891132797,11,0.0,10,1.0,0.1,7.177,62.094,0.11558282603794247,0.0
7,5,10,0.0,-23.36370536455735,200,0.0,0,0.0,10.050000000000008,900.6159999999967,48.168,18.69739245972423,0.0
7,6,10,1.0,9.881827820309114,8,1.0,0,0.0,0.7000000000000001,34.615,34.615,1.0,0.0
7,7,10,0.0,-13.22204542102935,11,0.0,10,1.0,0.05,3.155,13.562,0.23263530452735584,0.0
7,8,10,0.0,-25.237008017204595,200,0.0,0,0.0,13.500000000000012,593.819999999999,63.239,9.390091557424991,0.0
7,9,10,0.0,-23.344296798867347,200,0.0,0,0.0,10.20000000000001,836.7710000000018,54.387,15.385496534098255,0.0
8,0,10,0.0,-28.004206363286894,200,0.0,0,0.0,19.950000000000024,766.0099999999993,33.819,22.650285342558895,0.0
8,1,10,0.0,-23.125371683440058,200,0.0,0,0.0,10.000000000000007,900.8799999999992,34.976,25.75709057639522,0.0
8,2,10,1.0,9.841479423753421,9,0.8125864924340387,0,0.0,0.6000000000000001,44.07900000000001,35.818,1.230638226589983,0.0
8,3,10,1.0,9.432717902560826,12,0.9142922875446856,0,0.0,0.8500000000000001,56.50599999999999,51.663,1.093742136538722,0.0
8,4,10,0.0,-23.392105423987847,200,0.0,0,0.0,10.050000000000008,734.3810000000021,26.18,28.05122230710474,0.0
8,5,10,1.0,9.956332727673164,8,0.8473651060256141,0,0.0,0.55,42.867,36.324,1.1801288404360752,0.0
8,6,10,1.0,10.350554100381341,5,0.7884410969720897,0,0.0,0.35000000000000003,32.927,25.961,1.2683255652709835,0.0
8,7,10,0.0,-25.237008017204595,200,0.0,0,0.0,13.500000000000012,593.819999999999,63.239,9.390091557424991,0.0
8,8,10,0.0,-23.165135613434312,200,0.0,0,0.0,10.000000000000007,1100.209000000003,77.97900000000001,14.109042178022325,0.0
8,9,10,1.0,10.192320644216691,6,0.9907462985194077,0,0.0,0.45,39.984,39.614,1.0093401322764681,0.0
9,0,10,1.0,9.640080112776785,11,0.6860890283314854,0,0.0,0.65,42.391000000000005,29.084000000000003,1.4575367899876222,0.0
9,1,10,0.0,-12.621051994349902,13,0.0,10,1.0,0.15000000000000002,21.142999999999997,29.733999999999995,0.7110715006389992,0.0
9,2,10,1.0,10.347355125181878,5,1.0,0,0.0,0.35000000000000003,19.931,19.931,1.0,0.0
9,3,10,0.0,-25.269912996681324,200,0.0,0,0.0,15.000000000000002,1339.4510000000014,33.447,40.046969832869955,0.0
9,4,10,0.0,-13.805623098709741,19,0.0,10,1.0,0.44999999999999996,38.32900000000001,28.599,1.34022168607294,0.0
9,5,10,1.0,8.761779767788955,15,0.622500814459983,0,0.0,1.6,82.877,51.591,1.606423601015681,0.0
9,6,10,0.0,-13.80582489526286,19,0.0,10,1.0,0.7500000000000001,68.182,76.143,0.8954467252406656,0.0
9,7,10,0.0,-13.143841252150315,13,0.0,10,1.0,0.2,10.73,41.272999999999996,0.25997625566350885,0.0
9,8,10,0.0,-23.612991349082442,200,0.0,0,0.0,10.15000000000001,963.0029999999992,39.071000000000005,24.647513501062146,0.0
9,9,10,0.0,-25.44698401656318,200,0.0,0,0.0,15.000000000000002,1598.9189999999994,60.37500000000001,26.483130434782595,0.0
10,0,10,0.0,-23.412063919456838,200,0.0,0,0.0,10.050000000000008,625.8859999999992,46.981,13.32210893765563,0.0
10,1,10,0.0,-30.514289384111493,200,0.0,0,0.0,25.0,622.600000000002,31.141999999999996,19.99229336587252,0.0
10,2,10,0.0,-23.755127438446014,200,0.0,0,0.0,10.250000000000012,308.47900000000095,48.494,6.361178702519919,0.0
10,3,10,1.0,10.491101198583493,4,1.0,0,0.0,0.25,14.684000000000001,14.684000000000001,1.0,0.0
10,4,10,1.0,9.953401061332789,8,0.8030255847114548,0,0.0,0.55,61.013,48.99499999999999,1.245290335748546,0.0
10,5,10,0.0,-22.97507948051947,200,0.0,0,0.0,10.000000000000007,1459.6780000000063,57.75,25.27580952380963,0.0
10,6,10,1.0,10.617449945394975,3,0.628029263831733,0,0.0,0.2,8.748,5.494,1.5922824899890788,0.0
10,7,10,1.0,10.729641251573458,2,1.0,0,0.0,0.15000000000000002,11.122,11.122,1.0,0.0
10,8,10,0.0,-25.959053992395464,200,0.0,0,0.0,14.900000000000002,414.48200000000105,26.3,15.75977186311791,0.0
10,9,10,0.0,-28.469538193997135,200,0.0,0,0.0,19.85000000000003,1114.3519999999985,62.104000000000006,17.94332088110264,0.0
11,0,10,1.0,10.252481144846259,6,0.8614923259543096,0,0.0,0.35,48.019000000000005,41.367999999999995,1.160776445561787,0.0
11,1,10,0.0,-13.720304687899393,21,0.0,10,1.0,0.8000000000000002,48.848000000000006,39.122,1.2486069219365066,0.0
11,2,10,0.0,-23.039494009817762,200,0.0,0,0.0,10.000000000000007,1455.0009999999947,58.262,24.97341320243031,0.0
11,3,10,0.0,-13.875069951338201,21,0.0,10,1.0,0.8000000000000002,55.010000000000005,49.31999999999999,1.1153690186536904,0.0
11,4,10,1.0,10.608011474951022,3,1.0,0,0.0,0.2,14.292000000000002,14.292000000000002,1.0,0.0
11,5,10,0.0,-23.47787632046558,200,0.0,0,0.0,10.100000000000009,550.8130000000009,51.213,10.755335559330655,0.0
11,6,10,0.0,-25.43591467655932,200,0.0,0,0.0,15.000000000000002,552.8000000000014,43.13,12.817064688152131,0.0
11,7,10,1.0,8.35044245165315,20,0.6453431027194589,0,0.0,1.5000000000000002,99.358,64.12,1.5495633187772926,0.0
11,8,10,0.0,-23.714814980054594,200,0.0,0,0.0,11.400000000000016,761.3929999999997,38.104000000000006,19.981970396808723,0.0
11,9,10,1.0,10.635913161240396,3,1.0,0,0.0,0.15000000000000002,18.091,18.091,1.0,0.0
12,0,10,0.0,-23.20484790014771,200,0.0,0,0.0,10.000000000000007,1440.9199999999976,66.33800000000001,21.72088395791247,0.0
12,1,10,0.0,-23.007160600013705,200,0.0,0,0.0,10.050000000000008,973.8019999999975,29.066,33.50313080575234,0.0
12,2,10,0.0,-23.64939955522616,200,0.0,0,0.0,10.050000000000008,623.3670000000028,35.074,17.772908707304637,0.0
12,3,10,0.0,-23.196489534734415,200,0.0,0,0.0,10.150000000000011,825.2090000000018,46.726,17.660595813893803,0.0
12,4,10,0.0,-25.558097924472786,200,0.0,0,0.0,15.000000000000002,614.697999999999,23.753,25.878752157622152,0.0
12,5,10,1.0,10.469089161127288,4,0.6776739510814935,0,0.0,0.3,26.861,18.203,1.475635884194913,0.0
12,6,10,0.0,-13.398353317179144,18,0.0,10,1.0,0.49999999999999994,45.903000000000006,47.872,0.9588694852941178,0.0
12,7,10,0.0,-13.44506802653334,18,0.0,10,1.0,0.8000000000000002,49.516,50.20099999999999,0.9863548534889744,0.0
12,8,10,1.0,9.481129940443964,11,0.6740383913582951,0,0.0,0.9500000000000001,54.80399999999999,36.94,1.4835950189496478,0.0
12,9,10,1.0,10.136948990382194,7,0.4407821725041062,0,0.0,0.4,45.053999999999995,19.858999999999998,2.2686942947781863,0.0
13,0,10,1.0,10.754567235323634,2,1.0,0,0.0,0.1,7.972,7.972,1.0,0.0
13,1,10,0.0,-23.25721001717747,200,0.0,0,0.0,10.000000000000007,902.3699999999975,33.183,27.193743784467877,0.0
13,2,10,0.0,-25.67751982334638,200,0.0,0,0.0,15.000000000000002,1285.3969999999945,39.852,32.25426578339844,0.0
13,3,10,0.0,-12.687051523182584,12,0.0,10,1.0,0.15000000000000002,23.482,35.091,0.6691744321905901,0.0
13,4,10,1.0,10.235442418990438,6,0.8067665418227217,0,0.0,0.39999999999999997,40.05,32.311,1.2395159543189624,0.0
13,5,10,1.0,9.761389531289355,9,0.9655759451691356,0,0.0,0.75,45.23,43.673,1.0356513177478075,0.0
13,6,10,1.0,10.247291876831436,6,0.9430551780375103,0,0.0,0.35000000000000003,22.073999999999998,20.817,1.0603833405389824,0.0
13,7,10,1.0,9.966821432869693,8,0.9708233880255714,0,0.0,0.55,59.910999999999994,58.163000000000004,1.0300534704193385,0.0
13,8,10,0.0,-25.58206118415135,200,0.0,0,0.0,14.950000000000003,1111.4799999999977,66.782,16.643406906052498,0.0
13,9,10,0.0,-13.435330853482123,12,0.0,10,1.0,0.30000000000000004,14.492,24.195,0.5989667286629469,0.0
14,0,10,0.0,-23.40697696674773,200,0.0,0,0.0,10.150000000000011,771.5900000000034,30.825000000000003,25.031305758313167,0.0
14,1,10,1.0,10.224526407458635,6,0.8903940886699508,0,0.0,0.39999999999999997,43.848,39.042,1.1230982019363762,0.0
14,2,10,0.0,-13.090013285522648,14,0.0,10,1.0,0.39999999999999997,46.507000000000005,77.52800000000002,0.5998735940563409,0.0
14,3,10,0.0,-13.185114862184273,14,0.0,10,1.0,0.35,16.286,52.933,0.30767196266979013,0.0
14,4,10,0.0,-23.05971978984235,200,0.0,0,0.0,10.000000000000007,682.0000000000001,57.099999999999994,11.94395796847636,0.0
14,5,10,1.0,10.268857776731991,5,0.9797134859212909,0,0.0,0.5,30.365000000000002,29.749000000000002,1.0207065783723823,0.0
14,6,10,1.0,10.438408690000928,4,0.9616964285714286,0,0.0,0.35000000000000003,22.400000000000002,21.542,1.03982917092192,0.0
14,7,10,0.0,-23.341544209215446,200,0.0,0,0.0,10.000000000000007,1090.2340000000029,42.559,25.61700227918896,0.0
14,8,10,1.0,10.155411777728581,6,0.5864520107760719,0,0.0,0.55,30.809,18.068,1.7051693601948195,0.0
14,9,10,0.0,-23.15353664289482,200,0.0,0,0.0,10.000000000000007,1059.237999999997,36.037,29.39306823542462,0.0
15,0,10,0.0,-28.445633949239713,200,0.0,0,0.0,20.00000000000003,1046.592000000003,72.143,14.507187114481004,0.0
15,1,10,0.0,-23.025419905608025,200,0.0,0,0.0,10.000000000000007,622.0000000000022,57.632000000000005,10.792615213770164,0.0
15,2,10,1.0,10.152204493310688,6,0.9882217838108419,0,0.0,0.55,33.961,33.561,1.0119185959893924,0.0
15,3,10,0.0,-23.282339919099723,200,0.0,0,0.0,10.050000000000008,1246.3359999999977,36.341,34.295589004155026,0.0
15,4,10,0.0,-13.361975564952834,17,0.0,10,1.0,0.55,35.051,52.260999999999996,0.6706913377088078,0.0
15,5,10,1.0,10.263893109869647,6,0.5247625376226401,0,0.0,0.35000000000000003,25.583,13.425,1.9056238361266291,0.0
15,6,10,1.0,10.85,1,1.0,0,0.0,0.1,2.236,2.236,1.0,0.0
15,7,10,0.0,-23.199464090297983,200,0.0,0,0.0,10.000000000000007,572.6440000000016,31.983000000000004,17.904636838320407,0.0
15,8,10,1.0,10.324842631781454,5,0.5380952380952381,0,0.0,0.39999999999999997,24.150000000000002,12.995000000000001,1.8584070796460177,0.0
15,9,10,0.0,-24.170550835183864,200,0.0,0,0.0,12.550000000000015,915.685000000001,41.428,22.103046248913802,0.0
16,0,10,1.0,10.875,1,1.0,0,0.0,0.05,5.108,5.108,1.0,0.0
16,1,10,0.0,-25.51839779005517,200,0.0,0,0.0,14.950000000000003,913.8789999999981,39.096000000000004,23.37525578064247,0.0
16,2,10,1.0,10.325426042050903,5,1.0,0,0.0,0.39999999999999997,37.954,37.954,1.0,0.0
16,3,10,0.0,-23.50344241157767,200,0.0,0,0.0,10.100000000000009,724.6130000000021,44.983000000000004,16.10859658093062,0.0
16,4,10,0.0,-25.641613670776458,200,0.0,0,0.0,15.050000000000002,1222.9089999999942,27.738,44.08785781238713,0.0
16,5,10,1.0,10.294031283327408,5,0.799658872859072,0,0.0,0.45,42.212999999999994,33.756,1.2505332385353713,0.0
16,6,10,0.0,-25.9342982475142,200,0.0,0,0.0,15.000000000000004,579.1889999999987,46.163,12.546606589693017,0.0
16,7,10,0.0,-23.76241996964078,200,0.0,0,0.0,10.15000000000001,757.5850000000024,59.28999999999999,12.777618485410736,0.0
16,8,10,1.0,10.183638542485863,6,0.6245877482281945,0,0.0,0.5,42.753,26.703,1.6010560611167286,0.0
16,9,10,0.0,-23.13630660220679,200,0.0,0,0.0,10.000000000000007,912.2400000000035,54.193999999999996,16.832859726169016,0.0
17,0,10,0.0,-13.334153716925663,13,0.0,10,1.0,0.3,10.469000000000001,40.477000000000004,0.2586407095387504,0.0
17,1,10,0.0,-13.178541622649483,15,0.0,10,1.0,0.3,26.148,56.796,0.46038453412212127,0.0
17,2,10,1.0,10.025105303222533,8,0.4256743985094375,0,0.0,0.45,37.033,15.764,2.3492133976148186,0.0
17,3,10,0.0,-23.016894216215416,200,0.0,0,0.0,10.000000000000007,231.79999999999956,65.40700000000001,3.5439631843686383,0.0
17,4,10,0.0,-26.49974627080433,200,0.0,0,0.0,16.700000000000053,695.0670000000006,41.69800000000001,16.669072857211386,0.0
17,5,10,0.0,-30.64706712873829,200,0.0,0,0.0,25.0,1417.8330000000005,38.955,36.396688486715455,0.0
17,6,10,0.0,-12.978972031044076,15,0.0,10,1.0,0.39999999999999997,29.762,27.316000000000003,1.0895445892517206,0.0
17,7,10,0.0,-12.889217932807375,13,0.0,10,1.0,0.2,19.526,45.123999999999995,0.43271873060898863,0.0
17,8,10,0.0,-25.841401714906777,200,0.0,0,0.0,14.950000000000003,835.0779999999986,49.682,16.80846181715709,0.0
17,9,10,0.0,-23.293416743230843,200,0.0,0,0.0,10.050000000000008,509.85899999999737,37.006,13.777738745068296,0.0
18,0,10,1.0,9.868133574761474,9,0.7263575890937601,0,0.0,0.55,39.537000000000006,28.718,1.3767323629779236,0.0
18,1,10,1.0,10.73159081782894,2,1.0,0,0.0,0.15000000000000002,7.471,7.471,1.0,0.0
18,2,10,1.0,10.55938412301928,3,1.0,0,0.0,0.30000000000000004,12.811,12.811,1.0,0.0
18,3,10,0.0,-24.793334222357743,200,0.0,0,0.0,13.350000000000012,1070.686999999997,39.36899999999999,27.196194975742262,0.0
18,4,10,0.0,-22.725937027231467,200,0.0,0,0.0,10.000000000000007,1418.8609999999958,21.152,67.07928328290448,0.0
18,5,10,1.0,10.181533568904593,6,0.7293313174352277,0,0.0,0.5,29.102000000000004,21.225,1.3711189634864547,0.0
18,6,10,1.0,10.463416838433487,4,0.9510310249934031,0,0.0,0.3,26.526999999999997,25.228,1.0514904074837481,0.0
18,7,10,1.0,9.956781771395367,7,0.7174676910249538,0,0.0,0.7500000000000001,33.582,24.093999999999998,1.3937909853075456,0.0
18,8,10,0.0,-30.467719080724432,200,0.0,0,0.0,25.0,1331.1999999999941,67.74900000000001,19.648998509202997,0.0
18,9,10,0.0,-28.249097338427145,200,0.0,0,0.0,20.00000000000003,710.3539999999974,63.346000000000004,11.21387301487067,0.0
19,0,10,0.0,-13.223875422392428,15,0.0,10,1.0,0.3,25.419999999999998,44.39,0.5726514980851543,0.0
19,1,10,0.0,-23.229540042691124,200,0.0,0,0.0,10.000000000000007,1438.085999999994,63.245,22.738335046248622,0.0
19,2,10,0.0,-13.080207406290068,11,0.0,10,1.0,0.1,3.887,39.77700000000001,0.0977197878170802,0.0
19,3,10,0.0,-12.903718608323569,11,0.0,10,1.0,0.1,8.707,39.262,0.22176659365289594,0.0
19,4,10,0.0,-13.496959179515041,15,0.0,10,1.0,0.39999999999999997,43.489999999999995,58.891999999999996,0.7384704204306187,0.0
19,5,10,0.0,-26.631828468592854,200,0.0,0,0.0,16.650000000000055,912.443000000001,40.564,22.493910856917488,0.0
19,6,10,0.0,-25.527538679627302,200,0.0,0,0.0,14.950000000000003,223.47500000000096,24.69,9.051235317942526,0.0
19,7,10,0.0,-23.394443513493215,200,0.0,0,0.0,10.250000000000012,834.1440000000017,39.983,20.862466548283063,0.0
19,8,10,1.0,10.75729805966322,2,1.0,0,0.0,0.1,11.699,11.699,1.0,0.0
19,9,10,1.0,9.588433358751882,11,0.5092785020047443,0,0.0,0.7500000000000001,95.27399999999999,48.52100000000001,1.9635621689577702,0.0
20,0,10,0.0,-27.08777871427479,200,0.0,0,0.0,18.000000000000025,868.8399999999982,39.153,22.190892141087485,0.0
20,1,10,1.0,10.264973487108106,6,0.5354747116237799,0,0.0,0.35000000000000003,28.175,15.087,1.8675018227613178,0.0
20,2,10,0.0,-13.009283160924992,11,0.0,10,1.0,0.1,2.626,31.611000000000004,0.08307234823320994,0.0
20,3,10,1.0,10.292829093892863,5,1.0,0,0.0,0.44999999999999996,25.593,25.593,1.0,0.0
20,4,10,0.0,-30.77510645092614,200,0.0,0,0.0,24.85,684.6949999999974,42.273,16.196981524850315,0.0
20,5,10,0.0,-33.25159143566407,200,0.0,0,0.0,29.899999999999896,915.3570000000004,48.339999999999996,18.93580885395119,0.0
20,6,10,1.0,9.519853160776504,11,0.7132713200312432,0,0.0,0.8500000000000001,56.33200000000001,40.17999999999999,1.401991040318567,0.0
20,7,10,1.0,10.730142938550669,2,1.0,0,0.0,0.15000000000000002,10.529,10.529,1.0,0.0
20,8,10,1.0,10.200671109892745,6,0.8030765843859216,0,0.0,0.45,36.339,29.183000000000003,1.2452112531268202,0.0
20,9,10,0.0,-12.996085954895173,11,0.0,10,1.0,0.05,3.41,45.361,0.07517470955225855,0.0
21,0,10,0.0,-22.66640579143024,200,0.0,0,0.0,10.000000000000007,682.0000000000001,10.222000000000001,66.71884171395031,0.0
21,1,10,0.0,-23.520291269920865,200,0.0,0,0.0,10.20000000000001,564.2100000000012,49.885000000000005,11.31021349102939,0.0
21,2,10,1.0,10.317520419275796,5,1.0,0,0.0,0.4,29.384,29.384,1.0,0.0
21,3,10,0.0,-12.9,10,0.0,10,1.0,0.0,0.0,20.507,0.0,0.0
21,4,10,0.0,-22.948019093078752,200,0.0,0,0.0,10.000000000000007,633.9999999999993,20.95,30.26252983293553,0.0
21,5,10,1.0,10.292829093892863,5,1.0,0,0.0,0.44999999999999996,25.593,25.593,1.0,0.0
21,6,10,1.0,10.875,1,1.0,0,0.0,0.05,3.298,3.298,1.0,0.0
21,7,10,1.0,10.473764054970552,4,0.5878300402168212,0,0.0,0.3,28.595,16.809,1.7011719911951928,0.0
21,8,10,0.0,-12.9,10,0.0,10,1.0,0.0,0.0,53.67999999999999,0.0,0.0
21,9,10,0.0,-23.382907400499317,200,0.0,0,0.0,10.200000000000012,833.1730000000017,34.849,23.908089184768624,0.0
22,0,10,1.0,10.036056780772753,8,0.9374216901016287,0,0.0,0.39999999999999997,43.098000000000006,40.400999999999996,1.0667557733719464,0.0
22,1,10,0.0,-25.538539342245297,200,0.0,0,0.0,15.000000000000004,400.5999999999981,47.95099999999999,8.354361744280581,0.0
22,2,10,0.0,-28.11413540713629,200,0.0,0,0.0,20.00000000000003,715.3190000000004,39.348,18.17929755006609,0.0
22,3,10,0.0,-23.430850492450023,200,0.0,0,0.0,10.25000000000001,1038.9880000000019,75.03300000000002,13.847080617861497,0.0
22,4,10,1.0,9.986097576969737,8,0.7095265790391999,0,0.0,0.5000000000000001,42.98499999999999,30.499000000000002,1.4093904718187478,0.0
22,5,10,0.0,-25.187499945118923,200,0.0,0,0.0,13.350000000000012,918.5199999999973,45.553,20.163765284393943,0.0
22,6,10,1.0,10.462314821365405,4,1.0,0,0.0,0.3,14.135,14.135,1.0,0.0
22,7,10,0.0,-25.202091174325304,200,0.0,0,0.0,14.950000000000003,1000.0870000000035,20.565,48.630537320690664,0.0
22,8,10,1.0,10.51309698060388,4,1.0,0,0.0,0.2,25.005,25.005,1.0,0.0
22,9,10,1.0,10.390955592922383,4,0.9085763888888889,0,0.0,0.45,28.8,26.167,1.1006229220009935,0.0
23,0,10,1.0,10.608654269818153,3,1.0,0,0.0,0.2,26.781,26.781,1.0,0.0
23,1,10,0.0,-25.693294044890738,200,0.0,0,0.0,15.000000000000002,359.9459999999994,54.977999999999994,6.5470915638982765,0.0
23,2,10,0.0,-25.89744620050744,200,0.0,0,0.0,15.050000000000002,1344.4389999999967,48.467,27.73926589225652,0.0
23,3,10,0.0,-23.43783961505137,200,0.0,0,0.0,10.050000000000008,634.9769999999993,64.632,9.824498700334187,0.0
23,4,10,0.0,-22.917847274003176,200,0.0,0,0.0,10.000000000000007,1123.8000000000022,68.39699999999999,16.430545199350885,0.0
23,5,10,1.0,10.030548670361835,7,1.0,0,0.0,0.6,32.114,32.114,1.0,0.0
23,6,10,0.0,-25.827386097694575,200,0.0,0,0.0,15.050000000000002,906.3449999999979,20.083,45.12996066324742,0.0
23,7,10,1.0,10.607275099144228,3,1.0,0,0.0,0.2,19.164,19.164,1.0,0.0
23,8,10,0.0,-23.11006721766858,200,0.0,0,0.0,10.050000000000008,681.3519999999972,58.318,11.683391062793602,0.0
23,9,10,0.0,-25.60153184627789,200,0.0,0,0.0,15.000000000000004,525.1580000000007,37.21,14.113356624563307,0.0
24,0,10,1.0,9.926941525912133,8,0.9311262925429814,0,0.0,0.6000000000000001,48.45100000000001,45.114,1.0739681695260896,0.0
24,1,10,0.0,-25.566246535818653,200,0.0,0,0.0,15.000000000000004,997.9389999999959,26.341,37.88538779848889,0.0
24,2,10,0.0,-23.11020963697565,200,0.0,0,0.0,10.000000000000007,1206.237000000003,44.267,27.249124630085685,0.0
24,3,10,0.0,-13.410445235975066,14,0.0,10,1.0,0.30000000000000004,7.068,26.952,0.26224398931433657,0.0
24,4,10,0.0,-13.135111774491262,14,0.0,10,1.0,0.4,19.219,43.883,0.4379600300799854,0.0
24,5,10,0.0,-24.773552184371805,200,0.0,0,0.0,12.450000000000015,872.4899999999999,64.435,13.54062233258322,0.0
24,6,10,0.0,-23.00526900327214,200,0.0,0,0.0,10.050000000000008,1179.859,31.784,37.12116159073748,0.0
24,7,10,0.0,-28.042661185417444,200,0.0,0,0.0,19.95000000000002,1616.249,59.962,26.954554551215768,0.0
24,8,10,0.0,-23.137285057558667,200,0.0,0,0.0,10.000000000000007,701.5319999999983,26.320999999999998,26.652938718133747,0.0
24,9,10,0.0,-23.047532881424512,200,0.0,0,0.0,10.000000000000007,795.8750000000019,39.535999999999994,20.13038749494137,0.0
25,0,10,0.0,-25.67355882615398,200,0.0,0,0.0,14.950000000000003,744.6239999999983,78.443,9.492548729650808,0.0
25,1,10,0.0,-23.183107353948436,200,0.0,0,0.0,10.050000000000008,857.6009999999974,39.421,21.754927576672266,0.0
25,2,10,1.0,10.488948161543098,4,0.8655050083472456,0,0.0,0.25,19.168,16.590000000000003,1.1553948161543095,0.0
25,3,10,0.0,-13.456496693434106,16,0.0,10,1.0,0.35,21.377,42.34,0.5048889938592347,0.0
25,4,10,0.0,-13.124746085872475,15,0.0,10,1.0,0.5000000000000001,15.946,27.273,0.5846808198584681,0.0
25,5,10,0.0,-25.518342055103094,200,0.0,0,0.0,15.000000000000004,821.9640000000027,57.71,14.243008144169167,0.0
25,6,10,0.0,-13.121629970262125,16,0.0,10,1.0,0.45000000000000007,42.615,50.77700000000001,0.8392579317407487,0.0
25,7,10,0.0,-25.870159422302542,200,0.0,0,0.0,14.900000000000002,862.0770000000037,36.005,23.943257880849984,0.0
25,8,10,0.0,-28.21768231263218,200,0.0,0,0.0,20.100000000000016,1135.383000000001,53.410999999999994,21.25747505195561,0.0
25,9,10,0.0,-24.44432070013014,200,0.0,0,0.0,13.350000000000012,1232.3470000000011,34.565000000000005,35.65303052220457,0.0
26,0,10,0.0,-13.336295573944222,14,0.0,10,1.0,0.35,13.377999999999998,44.351,0.30163919641045295,0.0
26,1,10,1.0,9.403022709253596,12,0.5064242285189859,0,0.0,0.9500000000000003,69.736,35.316,1.9746290633140786,0.0
26,2,10,0.0,-25.548887554005006,200,0.0,0,0.0,15.000000000000002,941.5999999999987,43.283,21.754499457061634,0.0
26,3,10,1.0,10.470709689114475,4,0.5511814957286307,0,0.0,0.3,20.017,11.033000000000001,1.8142844194688659,0.0
26,4,10,0.0,-23.6883046443204,200,0.0,0,0.0,10.350000000000012,864.4429999999967,72.73400000000001,11.88499188825029,0.0
26,5,10,0.0,-23.05694898553317,200,0.0,0,0.0,10.000000000000007,508.6000000000011,44.653999999999996,11.389797106642208,0.0
26,6,10,0.0,-13.314509300630604,14,0.0,10,1.0,0.2,16.684,63.114000000000004,0.264347054536236,0.0
26,7,10,1.0,9.916060584298066,8,0.7928167987610459,0,0.0,0.6500000000000001,43.907999999999994,34.811,1.2613254431070637,0.0
26,8,10,0.0,-25.689226943113635,200,0.0,0,0.0,15.000000000000002,417.519999999998,76.39800000000001,5.465064530485064,0.0
26,9,10,0.0,-28.323904683029745,200,0.0,0,0.0,19.65000000000003,945.5759999999987,66.41,14.238458063544627,0.0
27,0,10,1.0,10.75507904265654,2,1.0,0,0.0,0.1,11.323,11.323,1.0,0.0
27,1,10,1.0,10.342207825639266,5,0.8736786865582128,0,0.0,0.35,26.677999999999997,23.308,1.144585550025742,0.0
27,2,10,0.0,-27.986002571412506,200,0.0,0,0.0,20.050000000000026,764.6969999999992,35.778,21.37338587959079,0.0
27,3,10,0.0,-13.509913115197023,17,0.0,10,1.0,0.5,36.872,70.323,0.5243234788049429,0.0
27,4,10,0.0,-13.799701574264201,17,0.0,10,1.0,0.5000000000000001,35.952,21.915000000000003,1.6405201916495549,0.0
27,5,10,1.0,10.229385586652011,6,0.8919081973806592,0,0.0,0.39999999999999997,39.781,35.481,1.1211916236859163,0.0
27,6,10,0.0,-28.25399223133358,200,0.0,0,0.0,20.000000000000014,911.551000000002,18.536,49.17733059991379,0.0
27,7,10,1.0,10.257782678428226,6,0.5429249950524441,0,0.0,0.35,25.265,13.717,1.8418750455638988,0.0
27,8,10,1.0,10.237230134932533,6,0.7124799715150437,0,0.0,0.39999999999999997,33.702,24.012,1.4035482258870564,0.0
27,9,10,1.0,9.762148801597869,9,0.7978448930034906,0,0.0,0.75,52.712,42.056,1.2533764504470233,0.0
28,0,10,0.0,-23.467622021492026,200,0.0,0,0.0,10.100000000000009,845.3090000000033,64.21,13.164756268494056,0.0
28,1,10,1.0,10.487400564009164,4,0.9739085655432855,0,0.0,0.25,17.477,17.021,1.0267904353445743,0.0
28,2,10,1.0,9.593314367646053,10,0.8564606358302632,0,0.0,0.9,51.303000000000004,43.939,1.1675959853433169,0.0
28,3,10,1.0,9.72075914338424,10,0.8541236862197243,0,0.0,0.65,61.55899999999999,52.579,1.1707906198292093,0.0
28,4,10,1.0,9.692186120430867,10,0.9017926202283997,0,0.0,0.7000000000000001,43.958000000000006,39.641,1.108902399031306,0.0
28,5,10,1.0,10.00464707344352,8,0.6574212128020261,0,0.0,0.49999999999999994,48.961,32.188,1.5210948179445754,0.0
28,6,10,1.0,9.648489847232275,10,0.8669044552329999,0,0.0,0.8,60.55799999999999,52.498,1.153529658272696,0.0
28,7,10,0.0,-27.914073634204154,200,0.0,0,0.0,20.00000000000003,578.8000000000009,33.68,17.18527315914492,0.0
28,8,10,1.0,10.63328634955928,3,1.0,0,0.0,0.15000000000000002,12.593,12.593,1.0,0.0
28,9,10,0.0,-23.02642932304454,200,0.0,0,0.0,10.000000000000007,774.6000000000023,57.01999999999999,13.584707120308707,0.0
29,0,10,0.0,-23.213568381574106,200,0.0,0,0.0,10.200000000000012,859.1470000000003,34.929,24.596953820607524,0.0
29,1,10,0.0,-12.980005825604696,14,0.0,10,1.0,0.25,30.188,64.37100000000001,0.46896894564322433,0.0
29,2,10,0.0,-14.176625537695266,18,0.0,11,1.0,0.5,54.094,53.00399999999999,1.0205644856991927,0.0
29,3,10,0.0,-24.721852527692814,200,0.0,1,0.0,10.000000000000007,492.39400000000023,38.909,12.655015549101757,0.0
29,4,10,1.0,9.943255301725356,8,0.8736616174076084,0,0.0,0.6000000000000001,40.534,35.413,1.1446079123485726,0.0
29,5,10,0.0,-22.93086394488216,200,0.0,0,0.0,10.000000000000007,824.1999999999977,58.638000000000005,14.055731778027859,0.0
29,6,10,0.0,-13.005080909762423,14,0.0,10,1.0,0.25,25.263,58.213,0.433975228900761,0.0
29,7,10,1.0,10.104299646896655,7,0.8335799282251465,0,0.0,0.45,63.532,52.959,1.1996450084027266,0.0
29,8,10,0.0,-23.437282752120634,200,0.0,0,0.0,10.10000000000001,694.2649999999975,31.83,21.811655670750785,0.0
29,9,10,1.0,10.875,1,1.0,0,0.0,0.05,7.812,7.812,1.0,0.0
30,0,10,1.0,10.080385282887885,7,0.6693617713343092,0,0.0,0.5,43.041,28.81,1.493960430406109,0.0
30,1,10,1.0,10.609872093023256,3,1.0,0,0.0,0.2,12.040000000000001,12.040000000000001,1.0,0.0
30,2,10,1.0,10.515063999321862,4,1.0,0,0.0,0.2,11.797,11.797,1.0,0.0
30,3,10,0.0,-25.175998703917053,200,0.0,0,0.0,13.450000000000014,515.3359999999997,41.664,12.368855606758824,0.0
30,4,10,1.0,9.76195473717629,9,0.48701241330565004,0,0.0,0.8,45.274,22.049,2.0533357521883078,0.0
30,5,10,1.0,10.753747762632521,2,0.9976648351648353,0,0.0,0.1,7.279999999999999,7.263,1.0023406305934186,0.0
30,6,10,1.0,10.349984162179284,5,0.6671597633136094,0,0.0,0.35,28.392000000000003,18.942,1.4988913525498893,0.0
30,7,10,1.0,9.598510512826328,11,0.7897291681593466,0,0.0,0.7000000000000001,55.82800000000001,44.089000000000006,1.2662568894735649,0.0
30,8,10,0.0,-25.53983734631154,200,0.0,0,0.0,15.000000000000002,911.9649999999981,31.232,29.199699026639284,0.0
30,9,10,1.0,9.741246517725461,9,0.9192106848764813,0,0.0,0.8000000000000002,39.832,36.614000000000004,1.087889878188671,0.0
31,0,10,0.0,-25.840762273901735,200,0.0,0,0.0,15.000000000000004,966.5650000000041,21.672,44.59971391657457,0.0
31,1,10,0.0,-25.74220474753679,200,0.0,0,0.0,15.000000000000002,938.354999999997,37.451,25.05553923793749,0.0
31,2,10,0.0,-30.489601165463633,200,0.0,0,0.0,24.900000000000002,1583.1359999999956,68.299,23.179490182872303,0.0
31,3,10,0.0,-23.251335666861184,200,0.0,0,0.0,10.000000000000007,571.5370000000016,35.997,15.87735089035202,0.0
31,4,10,0.0,-22.86945017245858,200,0.0,0,0.0,10.000000000000007,687.5619999999982,53.925999999999995,12.750101991618111,0.0
31,5,10,1.0,9.65219383847617,10,0.8548829940018586,0,0.0,0.8,47.348,40.477000000000004,1.169750722632606,0.0
31,6,10,0.0,-22.94735845085247,200,0.0,0,0.0,10.000000000000007,644.8000000000008,47.51,13.57187960429385,0.0
31,7,10,1.0,10.60789899276493,3,1.0,0,0.0,0.2,14.098,14.098,1.0,0.0
31,8,10,1.0,10.036009300215492,8,0.7917991271081417,0,0.0,0.39999999999999997,55.677,44.08500000000001,1.2629465804695472,0.0
31,9,10,0.0,-25.704381149100346,200,0.0,0,0.0,15.000000000000004,757.9489999999978,36.794,20.599798880252155,0.0
32,0,10,0.0,-23.231822152416274,200,0.0,0,0.0,10.10000000000001,845.6749999999969,46.477999999999994,18.195167606179204,0.0
32,1,10,0.0,-13.216469336899047,13,0.0,10,1.0,0.25,12.194,32.906,0.37057071658664076,0.0
32,2,10,0.0,-25.90763083824435,200,0.0,0,0.0,15.000000000000004,472.03699999999856,45.476000000000006,10.379914680270879,0.0
32,3,10,0.0,-28.055396876598973,200,0.0,0,0.0,19.950000000000024,892.0250000000004,44.951,19.844386109319046,0.0
32,4,10,0.0,-23.109287410045305,200,0.0,0,0.0,10.000000000000007,879.1540000000018,26.958,32.611989019957036,0.0
32,5,10,0.0,-12.797212950726824,11,0.0,10,1.0,0.05,6.481,26.485,0.24470454974513875,0.0
32,6,10,1.0,9.986937958115183,8,0.8596053016494523,0,0.0,0.5,44.43899999999999,38.2,1.1633246073298427,0.0
32,7,10,0.0,-23.14559206830694,200,0.0,0,0.0,10.000000000000007,586.8490000000012,53.406,10.988446990974818,0.0
32,8,10,0.0,-12.864218129881948,11,0.0,10,1.0,0.05,6.702,39.559,0.16941783159331633,0.0
32,9,10,0.0,-13.182707299994163,13,0.0,10,1.0,0.25,17.16,51.411,0.33378070840870633,0.0
33,0,10,0.0,-20.98848740736366,24,0.0,17,1.0,0.7000000000000001,35.863,33.869,1.05887389648351,0.0
33,1,10,0.0,-12.948983655123095,13,0.0,10,1.0,0.25,30.699,48.945,0.6272142200429053,0.0
33,2,10,0.0,-23.39434926723278,200,0.0,0,0.0,10.050000000000008,512.6119999999974,45.102999999999994,11.365363723033887,0.0
33,3,10,0.0,-12.63587332521315,13,0.0,10,1.0,0.30000000000000004,35.781,45.155,0.7924039419776325,0.0
33,4,10,1.0,9.982867163300309,8,0.9735812376940907,0,0.0,0.49999999999999994,40.123000000000005,39.063,1.027135652663646,0.0
33,5,10,0.0,-22.965971159974586,200,0.0,0,0.0,10.000000000000007,576.4610000000006,50.208,11.481457138304664,0.0
33,6,10,1.0,10.10744917423824,7,0.9038156163513452,0,0.0,0.45,44.082,39.842,1.1064203604236735,0.0
33,7,10,1.0,9.41523558974117,12,0.7189774211606643,0,0.0,0.9000000000000002,58.949000000000005,42.383,1.3908642616143265,0.0
33,8,10,1.0,10.368150869105925,5,0.737621307643267,0,0.0,0.3,28.233999999999998,20.826,1.3557092096417938,0.0
33,9,10,1.0,10.152086723637405,6,0.8574183144019071,0,0.0,0.55,28.524000000000004,24.457,1.1662918591814206,0.0
34,0,10,0.0,-23.29081632887285,200,0.0,0,0.0,10.050000000000008,677.2480000000033,43.56699999999999,15.544976702550175,0.0
34,1,10,1.0,10.85,1,1.0,0,0.0,0.1,3.997,3.997,1.0,0.0
34,2,10,0.0,-22.91713639693001,200,0.0,0,0.0,10.000000000000007,896.3999999999991,31.401,28.546861564918284,0.0
34,3,10,0.0,-25.52725650896568,200,0.0,0,0.0,14.950000000000003,1336.1460000000015,49.355000000000004,27.072150744605437,0.0
34,4,10,1.0,8.890548938577332,15,0.7931429853313227,0,0.0,1.35,80.239,63.641,1.2608067126537925,0.0
34,5,10,1.0,10.230306176655237,6,0.7276592753979688,0,0.0,0.4,28.457,20.707,1.3742695706765828,0.0
34,6,10,1.0,10.393036745406823,5,1.0,0,0.0,0.25,24.765,24.765,1.0,0.0
34,7,10,1.0,10.198160067230214,6,0.9984452506107945,0,0.0,0.44999999999999996,40.521,40.458000000000006,1.001557170398932,0.0
34,8,10,0.0,-25.882681564245804,200,0.0,0,0.0,15.000000000000004,780.1410000000024,21.48,36.31941340782134,0.0
34,9,10,1.0,9.230744102137107,12,0.8155520009657754,0,0.0,1.25,66.268,54.045,1.2261633823665463,0.0
35,0,10,0.0,-25.751490103463784,200,0.0,0,0.0,15.000000000000004,1224.4369999999942,35.568,34.42524179037321,0.0
35,1,10,0.0,-14.919249627893446,21,0.0,11,1.0,0.8,53.452000000000005,58.451,0.9144753725342596,0.0
35,2,10,0.0,-23.545519476890377,200,0.0,0,0.0,10.10000000000001,916.5479999999977,53.679,17.074610182752988,0.0
35,3,10,0.0,-29.399423157068885,200,0.0,1,0.0,19.70000000000001,805.720000000003,40.791000000000004,19.752396361942658,0.0
35,4,10,1.0,10.436421925743877,4,1.0,0,0.0,0.35000000000000003,34.178999999999995,34.178999999999995,1.0,0.0
35,5,10,1.0,10.153102459016393,7,0.8210384635295336,0,0.0,0.35,38.634,31.720000000000002,1.2179697351828498,0.0
35,6,10,0.0,-23.77086225885205,200,0.0,0,0.0,10.15000000000001,756.1669999999981,54.479,13.879972099340996,0.0
35,7,10,0.0,-13.964084101497669,21,0.0,10,1.0,1.2000000000000002,60.44800000000001,50.011,1.2086940873007939,0.0
35,8,10,1.0,10.350852447649425,5,0.8118301359992794,0,0.0,0.35000000000000003,44.412,36.055,1.2317847732630702,0.0
35,9,10,0.0,-25.09813765182175,200,0.0,0,0.0,15.000000000000002,1352.5389999999952,12.35,109.51732793522228,0.0
36,0,10,1.0,9.88842463175328,8,0.6895352458732739,0,0.0,0.7000000000000001,57.794000000000004,39.85099999999999,1.450252189405536,0.0
36,1,10,1.0,9.963686918817261,8,0.9199567463654933,0,0.0,0.55,41.614999999999995,38.284,1.0870076272071882,0.0
36,2,10,1.0,10.052454689809998,7,0.8157312906179512,0,0.0,0.5499999999999999,44.777,36.526,1.2258938838087936,0.0
36,3,10,1.0,10.114656520252113,7,0.6376807078763708,0,0.0,0.45,32.096000000000004,20.467,1.568182928616798,0.0
36,4,10,0.0,-23.08027458848881,200,0.0,0,0.0,10.000000000000007,546.957000000002,26.913,20.323152379890836,0.0
36,5,10,1.0,10.491852235957852,4,1.0,0,0.0,0.25,24.105999999999998,24.105999999999998,1.0,0.0
36,6,10,1.0,9.863183945370325,9,0.9363709533178323,0,0.0,0.5499999999999999,44.727999999999994,41.882,1.0679528198271333,0.0
36,7,10,0.0,-23.161479131197463,200,0.0,0,0.0,10.000000000000007,660.3650000000016,19.383,34.06928751999183,0.0
36,8,10,0.0,-30.456504462553347,200,0.0,0,0.0,24.45,328.40299999999877,25.77,12.743616608459401,0.0
36,9,10,1.0,10.390124539331556,5,0.3818234751807462,0,0.0,0.3,41.218,15.738,2.6190113102046007,0.0
37,0,10,1.0,10.34714696000867,5,0.9909518056114915,0,0.0,0.35,37.245,36.908,1.0091308117481304,0.0
37,1,10,0.0,-25.527765102320128,200,0.0,0,0.0,15.000000000000002,886.5999999999987,28.489000000000004,31.120783460282865,0.0
37,2,10,0.0,-22.871527341294744,200,0.0,0,0.0,10.000000000000007,906.3269999999978,23.865000000000002,37.977247014456225,0.0
37,3,10,1.0,9.898898786513833,8,0.8985170195415143,0,0.0,0.7000000000000001,33.109,29.749,1.112944972940267,0.0
37,4,10,0.0,-28.502132466452903,200,0.0,0,0.0,20.00000000000003,783.7990000000002,67.368,11.634589122432018,0.0
37,5,10,1.0,9.9587929089444,8,0.6813814308460988,0,0.0,0.5499999999999999,54.639,37.23,1.4676067687348915,0.0
37,6,10,0.0,-13.188562588858728,14,0.0,10,1.0,0.2,16.494,61.895999999999994,0.2664792555253975,0.0
37,7,10,0.0,-23.04516692700755,200,0.0,0,0.0,10.000000000000007,544.4949999999997,75.542,7.2078446427153064,0.0
37,8,10,1.0,10.277722533710207,5,0.7816937119675459,0,0.0,0.5,27.607999999999997,21.581000000000003,1.279273434965942,0.0
37,9,10,0.0,-12.902110203956823,14,0.0,10,1.0,0.3,35.084,32.702999999999996,1.0728067761367461,0.0
38,0,10,1.0,10.00142565183173,7,1.0,0,0.0,0.65,39.389,39.389,1.0,0.0
38,1,10,0.0,-13.180504404607898,15,0.0,10,1.0,0.30000000000000004,33.711999999999996,81.165,0.41535144458818446,0.0
38,2,10,1.0,10.753810122339534,2,1.0,0,0.0,0.1,11.934,11.934,1.0,0.0
38,3,10,0.0,-23.396875394630825,200,0.0,0,0.0,10.000000000000007,1417.1259999999972,45.929,30.854710531472428,0.0
38,4,10,1.0,9.967277411924519,8,0.6620202928583997,0,0.0,0.5499999999999999,51.150999999999996,33.863,1.510527714614771,0.0
38,5,10,1.0,10.728044708545557,2,1.0,0,0.0,0.15000000000000002,10.602,10.602,1.0,0.0
38,6,10,1.0,9.937944486807991,8,0.7744000377928949,0,0.0,0.6,42.336,32.785,1.2913222510294342,0.0
38,7,10,0.0,-13.07151692913386,15,0.0,10,1.0,0.5,37.266999999999996,50.8,0.7336023622047244,0.0
38,8,10,1.0,10.729328370834038,2,1.0,0,0.0,0.15000000000000002,23.644,23.644,1.0,0.0
38,9,10,0.0,-23.675670981661263,200,0.0,0,0.0,10.100000000000009,927.2889999999992,55.620000000000005,16.67186263933835,0.0
39,0,10,1.0,10.366569641367807,5,0.6164207495758572,0,0.0,0.3,19.451,11.99,1.6222685571309425,0.0
39,1,10,0.0,-25.82974724298712,200,0.0,0,0.0,14.950000000000003,377.1079999999993,81.066,4.651863913354542,0.0
39,2,10,0.0,-24.772798754150383,200,0.0,0,0.0,13.300000000000013,915.6299999999983,34.033,26.904181235859262,0.0
39,3,10,0.0,-12.970340867579907,13,0.0,10,1.0,0.15000000000000002,13.684000000000001,43.8,0.31242009132420095,0.0
39,4,10,0.0,-12.9,10,0.0,10,1.0,0.0,0.0,15.319,0.0,0.0
39,5,10,0.0,-12.9,10,0.0,10,1.0,0.0,0.0,19.644,0.0,0.0
39,6,10,1.0,9.428595036334226,12,0.8398929375266135,0,0.0,0.8500000000000002,49.317,41.421,1.1906279423480843,0.0
39,7,10,0.0,-13.177990982574439,13,0.0,10,1.0,0.2,11.600999999999999,24.619,0.4712214143547666,0.0
39,8,10,1.0,10.247458362382833,5,0.9484937545922115,0,0.0,0.55,27.220000000000002,25.818,1.0543031993183052,0.0
39,9,10,1.0,10.46472005730659,4,0.9783858035939559,0,0.0,0.3,35.671,34.9,1.0220916905444126,0.0
40,0,10,1.0,10.390955592922383,4,0.9085763888888889,0,0.0,0.45,28.8,26.167,1.1006229220009935,0.0
40,1,10,0.0,-28.150592651633925,200,0.0,0,0.0,20.00000000000003,1171.399999999998,38.893,30.118530326793973,0.0
40,2,10,1.0,10.495559161648549,4,0.8331921548185314,0,0.0,0.25,15.347,12.787,1.2002033315085632,0.0
40,3,10,1.0,10.488891263628068,4,1.0,0,0.0,0.25,20.821,20.821,1.0,0.0
40,4,10,0.0,-23.84382079215068,200,0.0,0,0.0,10.15000000000001,519.6920000000013,27.722,18.746555082605916,0.0
40,5,10,0.0,-26.154536751477796,200,0.0,0,0.0,15.000000000000002,533.0889999999969,62.25599999999999,8.562853379593886,0.0
40,6,10,0.0,-25.772160833935022,200,0.0,0,0.0,14.800000000000002,362.89700000000016,78.95100000000001,4.5964838950741616,0.0
40,7,10,1.0,10.252640109794656,6,0.9399105189249207,0,0.0,0.35,30.621,28.780999999999995,1.0639310656335779,0.0
40,8,10,1.0,10.089699806949806,7,0.8746306458421274,0,0.0,0.5000000000000001,47.38,41.44,1.1433397683397684,0.0
40,9,10,0.0,-25.42828379084557,200,0.0,0,0.0,15.000000000000004,819.9539999999964,32.531,25.205311856383034,0.0
41,0,10,1.0,10.324891528925619,5,0.6915932364848772,0,0.0,0.39999999999999997,25.194000000000003,17.424,1.4459366391184576,0.0
41,1,10,0.0,-25.801437449416234,200,0.0,0,0.0,15.000000000000002,694.4390000000019,34.596,20.072811885767198,0.0
41,2,10,1.0,10.22328426368667,5,0.8936527751104283,0,0.0,0.6000000000000001,20.828,18.613,1.119002847472197,0.0
41,3,10,0.0,-23.972641163631543,200,0.0,0,0.0,10.300000000000011,789.3070000000017,60.019,13.150952198470513,0.0
41,4,10,1.0,10.585510932816081,3,1.0,0,0.0,0.25,22.683999999999997,22.683999999999997,1.0,0.0
41,5,10,1.0,9.945251781930263,8,0.6200133772872771,0,0.0,0.6000000000000001,41.862,25.955,1.6128684261221347,0.0
41,6,10,0.0,-12.899999999999999,10,0.0,10,1.0,0.0,0.0,31.266,0.0,0.0
41,7,10,0.0,-22.84872043819645,200,0.0,0,0.0,10.050000000000008,1180.995,63.806999999999995,18.508862663971037,0.0
41,8,10,0.0,-12.899999999999999,10,0.0,10,1.0,0.0,0.0,36.061,0.0,0.0
41,9,10,1.0,9.416939956471643,12,0.5930273167620755,0,0.0,0.8999999999999999,65.857,39.05500000000001,1.6862629624887975,0.0
42,0,10,0.0,-13.217102369306556,15,0.0,10,1.0,0.44999999999999996,30.707,57.654,0.5326083185902105,0.0
42,1,10,0.0,-25.363437742475504,200,0.0,0,0.0,15.000000000000002,1352.5279999999982,24.487,55.23453260913947,0.0
42,2,10,0.0,-23.449165133578607,200,0.0,0,0.0,10.050000000000008,626.9019999999991,50.008,12.53603423452246,0.0
42,3,10,1.0,9.892783786996315,8,0.8255323324502011,0,0.0,0.7000000000000001,40.764,33.652,1.2113395934862714,0.0
42,4,10,0.0,-13.107354721210424,15,0.0,10,1.0,0.35000000000000003,41.425000000000004,53.535000000000004,0.773792845801812,0.0
42,5,10,0.0,-13.508103935448162,18,0.0,10,1.0,0.6000000000000002,44.208,34.329,1.2877741850913222,0.0
42,6,10,0.0,-24.54957570887982,200,0.0,0,0.0,12.450000000000014,855.1499999999999,38.582,22.164480845990354,0.0
42,7,10,0.0,-28.04591486982524,200,0.0,0,0.0,20.00000000000002,1762.5199999999977,41.13699999999999,42.84512725769983,0.0
42,8,10,0.0,-13.663658888218333,18,0.0,10,1.0,0.6000000000000001,30.571000000000005,29.826,1.024978206933548,0.0
42,9,10,0.0,-25.593302888744617,200,0.0,0,0.0,15.000000000000004,943.0169999999987,47.737,19.754425288560206,0.0
43,0,10,0.0,-23.399272959746057,200,0.0,0,0.0,10.000000000000007,641.4099999999992,22.681,28.27961730082444,0.0
43,1,10,0.0,-25.433537510767167,200,0.0,0,0.0,15.000000000000002,687.5529999999995,73.139,9.400634408455128,0.0
43,2,10,0.0,-14.135991111792201,18,0.0,11,1.0,0.65,35.577,26.102,1.3629990039077464,0.0
43,3,10,0.0,-25.655487038491696,200,0.0,0,0.0,15.200000000000003,362.7519999999994,30.552,11.873265252683929,0.0
43,4,10,1.0,10.329261604819937,5,0.9040604109928201,0,0.0,0.4,32.312,29.212,1.106120772285362,0.0
43,5,10,0.0,-28.037419776714525,200,0.0,0,0.0,20.000000000000014,1222.2790000000011,31.35,38.988165869218534,0.0
43,6,10,1.0,9.709559315843935,10,0.81080814312153,0,0.0,0.7,40.525,32.858000000000004,1.2333373911984902,0.0
43,7,10,0.0,-24.75248324908903,200,0.0,0,0.0,13.350000000000012,850.7109999999996,51.04200000000001,16.666882175463332,0.0
43,8,10,0.0,-34.48764118294802,200,0.0,9,0.0,14.250000000000002,833.5499999999963,31.785000000000004,26.22463426144396,0.0
43,9,10,0.0,-14.32354246417236,18,0.0,11,1.0,0.55,46.81700000000001,51.98500000000001,0.9005867077041455,0.0
44,0,10,0.0,-22.932233212859064,200,0.0,0,0.0,10.000000000000007,233.49099999999953,42.056000000000004,5.551906981167955,0.0
44,1,10,0.0,-23.52168391652814,200,0.0,0,0.0,10.05000000000001,635.7809999999993,53.526999999999994,11.87776262446988,0.0
44,2,10,0.0,-28.16434809444489,200,0.0,0,0.0,19.850000000000023,734.6569999999989,51.035000000000004,14.3951601841873,0.0
44,3,10,1.0,9.627314883066408,10,0.6876166340283377,0,0.0,0.85,43.405,29.846,1.4542987334986264,0.0
44,4,10,1.0,10.111056412124155,7,0.8783634877190487,0,0.0,0.45,28.133000000000003,24.711,1.138480838492979,0.0
44,5,10,0.0,-23.590517397198404,200,0.0,0,0.0,10.100000000000009,480.91500000000076,57.53799999999999,8.358215440230818,0.0
44,6,10,1.0,10.728855552538691,2,1.0,0,0.0,0.15000000000000002,7.366,7.366,1.0,0.0
44,7,10,0.0,-25.659871509760375,200,0.0,0,0.0,15.000000000000004,626.9789999999998,4.047,154.9243884358784,0.0
44,8,10,0.0,-25.500546794689512,200,0.0,0,0.0,15.000000000000002,1041.0929999999976,45.721000000000004,22.77056494827317,0.0
44,9,10,0.0,-27.86537838395134,200,0.0,0,0.0,20.00000000000003,809.9230000000033,33.947,23.85845582820288,0.0
45,0,10,0.0,-12.937941781828872,11,0.0,10,1.0,0.1,1.95,17.005,0.11467215524845634,0.0
45,1,10,0.0,-22.85421891933729,200,0.0,0,0.0,10.000000000000007,1032.1450000000018,32.294999999999995,31.959900913454156,0.0
45,2,10,1.0,10.320669959716094,5,0.9643435231004025,0,0.0,0.4,21.623,20.852000000000004,1.0369748705160176,0.0
45,3,10,1.0,10.124522113022113,6,0.9314566884082848,0,0.0,0.6000000000000001,26.217,24.42,1.0735872235872235,0.0
45,4,10,0.0,-24.70120669592391,200,0.0,0,0.0,13.350000000000012,598.1170000000011,60.156000000000006,9.94276547642797,0.0
45,5,10,1.0,10.342628493445586,5,0.9166607935724855,0,0.0,0.35,28.378000000000004,26.012999999999998,1.090916080421328,0.0
45,6,10,0.0,-26.60880970054043,200,0.0,0,0.0,16.750000000000053,696.8210000000006,43.111000000000004,16.163415369627252,0.0
45,7,10,0.0,-12.893698810496689,11,0.0,10,1.0,0.05,10.494,44.052,0.238218469081994,0.0
45,8,10,0.0,-23.4067728303763,200,0.0,0,0.0,10.100000000000009,884.9210000000008,32.183,27.49653543796417,0.0
45,9,10,1.0,10.477144162436549,4,0.5151943093258017,0,0.0,0.3,19.119,9.850000000000001,1.9410152284263957,0.0
46,0,10,1.0,10.298069652372494,5,0.7001554519209415,0,0.0,0.45000000000000007,22.515,15.764,1.428254250190307,0.0
46,1,10,0.0,-28.426319817293155,200,0.0,0,0.0,19.75000000000003,734.7100000000005,62.395,11.775142238961463,0.0
46,2,10,0.0,-24.368365910617744,200,0.0,0,0.0,12.500000000000014,893.7999999999998,62.517999999999994,14.296682555424036,0.0
46,3,10,0.0,-27.957789534120693,200,0.0,0,0.0,20.00000000000003,1246.6150000000025,36.57600000000001,34.0828685476816,0.0
46,4,10,0.0,-13.460689235759174,15,0.0,10,1.0,0.3,15.993000000000002,34.531,0.46314905447279264,0.0
46,5,10,1.0,10.07405318272738,7,0.6470597192191735,0,0.0,0.49999999999999994,65.67399999999999,42.495,1.5454524061654311,0.0
46,6,10,0.0,-13.160190065641228,15,0.0,10,1.0,0.3,27.409999999999997,61.242000000000004,0.4475686620293262,0.0
46,7,10,1.0,9.84772238182293,9,0.6974372051510903,0,0.0,0.6,54.900999999999996,38.290000000000006,1.4338208409506394,0.0
46,8,10,1.0,10.561996966445932,3,0.9437209789477361,0,0.0,0.30000000000000004,28.642999999999997,27.031000000000002,1.0596352336206576,0.0
46,9,10,1.0,10.413642869923063,4,0.9320177876598109,0,0.0,0.39999999999999997,17.990000000000002,16.767,1.0729408958072406,0.0
47,0,10,0.0,-28.18119693518333,200,0.0,0,0.0,20.00000000000003,1105.5999999999983,33.803000000000004,32.707156169570695,0.0
47,1,10,1.0,9.983918278879344,8,0.8852750272421472,0,0.0,0.49999999999999994,42.214,37.371,1.1295924647453908,0.0
47,2,10,1.0,10.02836080548059,7,0.9366128718646705,0,0.0,0.6000000000000001,25.715,24.085,1.0676769773718082,0.0
47,3,10,0.0,-13.10924634029799,12,0.0,10,1.0,0.15000000000000002,5.7669999999999995,46.042,0.12525520177229485,0.0
47,4,10,0.0,-12.905782184319667,12,0.0,10,1.0,0.25,22.429,60.03699999999999,0.3735862884554525,0.0
47,5,10,0.0,-23.1352737530452,200,0.0,0,0.0,10.000000000000007,807.8420000000017,38.995000000000005,20.716553404282642,0.0
47,6,10,0.0,-23.426654529837872,200,0.0,0,0.0,10.15000000000001,875.1790000000002,53.556,16.341380984390174,0.0
47,7,10,1.0,10.490544964774141,4,0.861478043555873,0,0.0,0.25,14.005,12.065000000000001,1.1607956900124325,0.0
47,8,10,0.0,-22.89384643985872,200,0.0,0,0.0,10.000000000000007,571.0000000000016,26.895,21.2307120282581,0.0
47,9,10,0.0,-28.0879839889153,200,0.0,0,0.0,20.00000000000003,759.577999999998,51.964000000000006,14.617388961588754,0.0
48,0,10,0.0,-12.899999999999999,10,0.0,10,1.0,0.0,0.0,16.308,0.0,0.0
48,1,10,1.0,9.888403342444898,9,0.87921147498593,0,0.0,0.5,65.743,57.80199999999999,1.1373827895228539,0.0
48,2,10,0.0,-23.780499525698456,200,0.0,0,0.0,10.350000000000012,482.49200000000184,46.384,10.402121421179757,0.0
48,3,10,0.0,-25.191360070710363,200,0.0,0,0.0,15.000000000000004,755.458,18.101999999999997,41.73339962435091,0.0
48,4,10,0.0,-23.057551158877448,200,0.0,0,0.0,10.000000000000007,682.7170000000013,36.846000000000004,18.528931227270295,0.0
48,5,10,0.0,-31.76998637346098,200,0.0,9,0.0,9.55,951.7529999999956,42.56400000000001,22.360515928953937,0.0
48,6,10,1.0,10.63988306195813,3,0.8816839436199568,0,0.0,0.15000000000000002,26.817999999999998,23.645,1.1341932755339394,0.0
48,7,10,1.0,9.260228063691521,6,1.0,1,0.0,0.35,32.469,32.469,1.0,0.0
48,8,10,0.0,-12.899999999999999,10,0.0,10,1.0,0.0,0.0,37.474000000000004,0.0,0.0
48,9,10,0.0,-12.9,10,0.0,10,1.0,0.0,0.0,42.525000000000006,0.0,0.0
49,0,10,0.0,-25.88715407505377,200,0.0,0,0.0,14.950000000000003,1061.7389999999953,48.391999999999996,21.940382707885504,0.0
49,1,10,0.0,-23.513135136671835,200,0.0,0,0.0,10.300000000000011,688.1630000000004,70.351,9.781851004250122,0.0
49,2,10,0.0,-22.97541722704481,200,0.0,0,0.0,10.050000000000008,1175.1680000000001,65.432,17.960141826629172,0.0
49,3,10,0.0,-12.958579066943475,11,0.0,10,1.0,0.1,4.671,51.05800000000001,0.09148419444553252,0.0
49,4,10,1.0,10.875,1,1.0,0,0.0,0.05,6.997,6.997,1.0,0.0
49,5,10,0.0,-13.840151056951749,18,0.0,10,1.0,0.7,42.57499999999999,67.127,0.6342455345836995,0.0
49,6,10,0.0,-13.263835873216808,18,0.0,10,1.0,0.5,37.443,41.077999999999996,0.9115098106042164,0.0
49,7,10,0.0,-25.570469625161543,200,0.0,0,0.0,15.000000000000002,738.1539999999969,58.025,12.721309780267074,0.0
49,8,10,0.0,-12.868520589464882,11,0.0,10,1.0,0.1,7.374,38.272,0.1926734949832776,0.0
49,9,10,1.0,10.02936198071658,7,0.9148177388179567,0,0.0,0.6,36.733000000000004,33.604000000000006,1.0931139150101177,0.0
50,0,10,0.0,-22.94247816955887,200,0.0,0,0.0,10.000000000000007,896.3999999999991,45.23500000000001,19.816513761467867,0.0
50,1,10,0.0,-22.93391096923568,200,0.0,0,0.0,10.000000000000007,278.38799999999935,57.014,4.882800715613698,0.0
50,2,10,0.0,-23.081367033797846,200,0.0,0,0.0,10.000000000000007,504.07300000000083,58.19899999999999,8.66119692778228,0.0
50,3,10,1.0,9.584160466755423,11,0.756513367399837,0,0.0,0.7500000000000001,67.515,51.07599999999999,1.321853708199546,0.0
50,4,10,1.0,10.224106234751169,6,0.9547584968145715,0,0.0,0.39999999999999997,35.631,34.019,1.0473852846938476,0.0
50,5,10,0.0,-28.413902847866844,200,0.0,0,0.0,19.80000000000003,941.9689999999987,56.674,16.62083142181598,0.0
50,6,10,1.0,10.708448840725806,2,1.0,0,0.0,0.2,15.872,15.872,1.0,0.0
50,7,10,0.0,-25.271506790564704,200,0.0,0,0.0,13.500000000000014,963.6160000000015,41.97,22.959637836549952,0.0
50,8,10,0.0,-28.00408680227059,200,0.0,0,0.0,20.000000000000025,797.9749999999991,42.28,18.873580889309345,0.0
50,9,10,0.0,-27.868752490635245,200,0.0,0,0.0,19.950000000000017,722.6730000000014,50.18800000000001,14.39931856220613,0.0
51,0,10,0.0,-26.387130530358565,200,0.0,0,0.0,16.750000000000053,685.9300000000005,39.577,17.331530939687205,0.0
51,1,10,1.0,10.46586305278174,4,1.0,0,0.0,0.3,18.927,18.927,1.0,0.0
51,2,10,1.0,9.740193768165765,9,0.9077935710840639,0,0.0,0.8000000000000002,35.247,31.997,1.101572022377098,0.0
51,3,10,0.0,-25.9108213434969,200,0.0,0,0.0,15.000000000000002,711.3530000000019,41.980000000000004,16.945045259647493,0.0
51,4,10,1.0,9.758829874512875,9,0.8373171379057314,0,0.0,0.7500000000000001,64.051,53.631,1.1942906155022281,0.0
51,5,10,1.0,10.752760531091795,2,1.0,0,0.0,0.1,10.469,10.469,1.0,0.0
51,6,10,0.0,-30.560334542051603,200,0.0,0,0.0,25.0,515.8000000000009,42.745000000000005,12.06690841034041,0.0
51,7,10,1.0,10.197110671000068,6,0.921263157894737,0,0.0,0.44999999999999996,64.125,59.07600000000001,1.0854661791590492,0.0
51,8,10,1.0,10.610646947288586,3,0.8322287445559553,0,0.0,0.2,15.843,13.185,1.2015927189988622,0.0
51,9,10,0.0,-26.025245612234354,200,0.0,0,0.0,15.000000000000002,584.2139999999988,48.714999999999996,11.992486913681594,0.0
52,0,10,1.0,10.322472690468713,5,0.8550837088543377,0,0.0,0.4,33.509,28.653000000000002,1.1694761456042997,0.0
52,1,10,0.0,-26.55713529144747,200,0.0,0,0.0,16.60000000000005,941.5539999999984,59.479,15.830024042098865,0.0
52,2,10,1.0,10.85,1,1.0,0,0.0,0.1,5.231,5.231,1.0,0.0
52,3,10,0.0,-22.96268844854534,200,0.0,0,0.0,10.000000000000007,824.6259999999977,39.666,20.78924015529667,0.0
52,4,10,1.0,10.639137598301732,3,1.0,0,0.0,0.15000000000000002,20.726999999999997,20.726999999999997,1.0,0.0
52,5,10,1.0,9.727081958577093,10,0.6572454260514615,0,0.0,0.6500000000000001,54.876,36.067,1.5215016497074887,0.0
52,6,10,0.0,-23.40029460179138,200,0.0,0,0.0,10.000000000000007,901.3889999999975,41.31000000000001,21.820116194625932,0.0
52,7,10,1.0,10.63444303476275,3,1.0,0,0.0,0.15000000000000002,15.764,15.764,1.0,0.0
52,8,10,0.0,-25.69192909365674,200,0.0,0,0.0,15.000000000000002,939.7999999999969,24.483000000000004,38.38581873136449,0.0
52,9,10,0.0,-12.946688252233628,12,0.0,10,1.0,0.25,26.436999999999998,67.715,0.3904157129144207,0.0
53,0,10,0.0,-12.9,10,0.0,10,1.0,0.0,0.0,38.07,0.0,0.0
53,1,10,0.0,-22.97779254299666,200,0.0,0,0.0,10.000000000000007,1124.8000000000034,39.13100000000001,28.744473690935656,0.0
53,2,10,0.0,-22.899610365223964,200,0.0,0,0.0,10.000000000000007,900.7719999999993,42.604,21.142897380527632,0.0
53,3,10,1.0,10.440863765863766,4,0.9861565181855333,0,0.0,0.35,19.576,19.305,1.0140378140378141,0.0
53,4,10,0.0,-23.022187149751854,200,0.0,0,0.0,10.000000000000007,776.4959999999992,43.718999999999994,17.76106498318807,0.0
53,5,10,0.0,-12.899999999999999,10,0.0,10,1.0,0.0,0.0,19.581,0.0,0.0
53,6,10,0.0,-22.98963289427561,200,0.0,0,0.0,10.000000000000007,657.8009999999967,79.86800000000001,8.236102068412839,0.0
53,7,10,0.0,-22.67579414973766,200,0.0,0,0.0,10.000000000000007,874.6260000000032,38.494,22.72109939211314,0.0
53,8,10,1.0,10.531723223753977,3,1.0,0,0.0,0.35,11.316,11.316,1.0,0.0
53,9,10,0.0,-23.316097670755045,200,0.0,0,0.0,10.05000000000001,902.8729999999993,35.548,25.398700348824104,0.0
54,0,10,1.0,10.587355189400373,3,1.0,0,0.0,0.25,35.322,35.322,1.0,0.0
54,1,10,0.0,-23.0567625617895,200,0.0,0,0.0,10.050000000000008,911.4719999999978,60.083,15.170214536557726,0.0
54,2,10,0.0,-13.144048847553579,13,0.0,10,1.0,0.2,14.742999999999999,61.82500000000001,0.2384634047715325,0.0
54,3,10,0.0,-23.695877587263627,200,0.0,0,0.0,10.150000000000011,580.9930000000004,63.629,9.130946580961517,0.0
54,4,10,0.0,-25.74007615963542,200,0.0,0,0.0,15.000000000000002,908.4099999999959,33.351000000000006,27.23786393211585,0.0
54,5,10,1.0,9.982542142468734,7,0.5131567932583643,0,0.0,0.7000000000000001,35.837,18.39,1.9487221315932572,0.0
54,6,10,1.0,10.23611927153776,6,0.7159134409691729,0,0.0,0.39999999999999997,44.409,31.793,1.3968169093825684,0.0
54,7,10,1.0,10.320574027442314,5,0.8328268778086882,0,0.0,0.4,23.365000000000002,19.459000000000003,1.2007297394521814,0.0
54,8,10,0.0,-23.50229121744398,200,0.0,0,0.0,10.100000000000009,695.196999999999,41.275,16.843052695336137,0.0
54,9,10,0.0,-25.55787879403932,200,0.0,0,0.0,15.000000000000004,1766.584000000008,49.189,35.9142084612415,0.0
55,0,10,1.0,9.75657928047968,10,0.5973416109519263,0,0.0,0.6000000000000001,50.25599999999999,30.020000000000003,1.674083944037308,0.0
55,1,10,0.0,-13.168713355048858,13,0.0,10,1.0,0.15000000000000002,11.764,68.15400000000001,0.1726090911758664,0.0
55,2,10,0.0,-13.056476613664634,13,0.0,10,1.0,0.35,29.333999999999996,66.727,0.4396121510033419,0.0
55,3,10,0.0,-30.831468538705753,200,0.0,0,0.0,24.900000000000002,1117.8840000000034,28.988000000000003,38.5636815233891,0.0
55,4,10,1.0,9.795157625570777,10,0.8931193109523343,0,0.0,0.49999999999999994,61.302,54.75,1.1196712328767122,0.0
55,5,10,0.0,-23.669209700428045,200,0.0,0,0.0,10.050000000000008,941.3310000000029,35.05,26.85680456490736,0.0
55,6,10,1.0,10.760389012620639,2,0.5604093859211182,0,0.0,0.1,12.018,6.734999999999999,1.784409799554566,0.0
55,7,10,0.0,-30.505067181691775,200,0.0,0,0.0,25.0,491.8000000000006,48.153,10.213278508088813,0.0
55,8,10,0.0,-25.537890420104027,200,0.0,0,0.0,15.000000000000002,845.9520000000036,20.971,40.33913499594696,0.0
55,9,10,0.0,-23.06706219116948,200,0.0,0,0.0,10.000000000000007,578.1910000000006,75.284,7.680131236384897,0.0
56,0,10,0.0,-23.080676259868923,200,0.0,0,0.0,10.000000000000007,1208.0249999999978,49.271,24.517972032229867,0.0
56,1,10,1.0,10.635107211375692,3,0.726609266092661,0,0.0,0.15000000000000002,12.195,8.861,1.376255501636384,0.0
56,2,10,0.0,-23.433598796862416,200,0.0,0,0.0,10.10000000000001,674.5560000000033,50.867000000000004,13.261171289834339,0.0
56,3,10,0.0,-23.075983174200392,200,0.0,0,0.0,10.000000000000007,975.1770000000033,29.954000000000004,32.555818922347704,0.0
56,4,10,0.0,-23.396742491166076,200,0.0,0,0.0,10.200000000000012,877.2120000000002,45.28,19.373056537102478,0.0
56,5,10,1.0,10.274652157417307,6,1.0,0,0.0,0.3,28.993,28.993,1.0,0.0
56,6,10,1.0,10.517432028370768,4,0.7860188019239177,0,0.0,0.2,36.592,28.761999999999997,1.2722341979000071,0.0
56,7,10,1.0,10.60653969510988,3,1.0,0,0.0,0.2,25.255000000000003,25.255000000000003,1.0,0.0
56,8,10,0.0,-25.897722122938863,200,0.0,0,0.0,14.950000000000003,903.8899999999979,29.657,30.47813332434157,0.0
56,9,10,1.0,10.130209850635724,6,0.8819174801320898,0,0.0,0.6000000000000001,27.557000000000002,24.303,1.1338929350285973,0.0
57,0,10,0.0,-23.242137648822002,200,0.0,0,0.0,10.000000000000007,526.1760000000011,59.382999999999996,8.86071771382384,0.0
57,1,10,0.0,-23.578593803871417,200,0.0,0,0.0,10.20000000000001,576.692000000001,60.909,9.46809174342053,0.0
57,2,10,0.0,-24.382337947218126,200,0.0,0,0.0,12.500000000000016,894.5000000000018,58.80800000000001,15.210515576112122,0.0
57,3,10,1.0,10.73285078776645,2,0.9694519317160827,0,0.0,0.15000000000000002,11.129999999999999,10.79,1.0315106580166822,0.0
57,4,10,1.0,10.198445506243772,6,0.9633185553327874,0,0.0,0.45,35.413,34.114,1.038078208360204,0.0
57,5,10,1.0,10.315606392614018,5,0.9307897313173066,0,0.0,0.4,36.772000000000006,34.227000000000004,1.0743565021766441,0.0
57,6,10,0.0,-22.933011128549005,200,0.0,0,0.0,10.000000000000007,822.7369999999977,56.071999999999996,14.67286702810668,0.0
57,7,10,1.0,10.734100719424461,2,0.48465095126203295,0,0.0,0.15000000000000002,13.193,6.394,2.063340631842352,0.0
57,8,10,1.0,9.5509326709302,11,0.8218773263552076,0,0.0,0.8000000000000003,44.329,36.433,1.2167265940219032,0.0
57,9,10,0.0,-23.24025683512848,200,0.0,0,0.0,10.050000000000008,682.7249999999972,38.623999999999995,17.676185791217826,0.0
58,0,10,0.0,-25.67860375520329,200,0.0,0,0.0,14.950000000000003,758.2319999999978,56.455000000000005,13.43073244176774,0.0
58,1,10,1.0,9.623092659843733,10,0.7705679833115682,0,0.0,0.8500000000000001,58.963,45.434999999999995,1.2977440299328713,0.0
58,2,10,1.0,9.73669938704806,9,0.7648457670879196,0,0.0,0.7999999999999999,58.872,45.028000000000006,1.3074531402682774,0.0
58,3,10,0.0,-23.45598402463673,200,0.0,0,0.0,10.100000000000009,902.0529999999975,41.564,21.702747570012452,0.0
58,4,10,1.0,9.52245262940081,11,0.47082156128655134,0,0.0,0.9000000000000001,71.851,33.829,2.1239469094563836,0.0
58,5,10,1.0,9.932346816041788,7,0.9269854416871078,0,0.0,0.8,31.391,29.099,1.078765593319358,0.0
58,6,10,0.0,-25.564498208383156,200,0.0,0,0.0,15.000000000000002,722.4,36.001000000000005,20.066109274742367,0.0
58,7,10,1.0,10.17393023125595,6,0.8717873617924874,0,0.0,0.49999999999999994,40.971000000000004,35.718,1.147068704854695,0.0
58,8,10,0.0,-26.531406682686768,200,0.0,0,0.0,16.649999999999995,863.1220000000013,43.69499999999999,19.753335621924737,0.0
58,9,10,1.0,10.463416959599364,4,1.0,0,0.0,0.3,20.767,20.767,1.0,0.0
59,0,10,0.0,-23.26849686713338,200,0.0,0,0.0,10.150000000000011,826.4250000000014,54.423,15.185215809492336,0.0
59,1,10,1.0,10.318318090487079,5,0.9359770431737489,0,0.0,0.39999999999999997,61.681,57.732,1.0684022725698052,0.0
59,2,10,0.0,-32.08527926909668,200,0.0,9,0.0,9.600000000000001,652.845999999999,31.851,20.496876079243947,0.0
59,3,10,0.0,-23.224176311407142,200,0.0,0,0.0,10.100000000000009,534.5189999999984,48.04,11.126540383014122,0.0
59,4,10,0.0,-23.164265580850422,200,0.0,0,0.0,10.050000000000008,611.633999999999,43.531,14.050538696561048,0.0
59,5,10,0.0,-14.244713317791053,19,0.0,10,1.0,0.6500000000000001,60.95699999999998,27.452,2.220493953081742,0.0
59,6,10,0.0,-12.993445348815843,11,0.0,10,1.0,0.1,2.847,54.42700000000001,0.05230859683612912,0.0
59,7,10,0.0,-12.877178277282086,11,0.0,10,1.0,0.05,5.415,34.967999999999996,0.15485586822237477,0.0
59,8,10,0.0,-23.316774366046563,200,0.0,0,0.0,10.000000000000007,900.2750000000023,35.531,25.33773324702379,0.0
59,9,10,0.0,-13.402549449303834,19,0.0,10,1.0,0.8,49.531,52.933,0.9357300738669638,0.0
60,0,10,0.0,-22.854589218122022,200,0.0,0,0.0,10.000000000000007,627.7049999999999,59.971000000000004,10.466808957662868,0.0
60,1,10,0.0,-13.287193114831409,12,0.0,10,1.0,0.1,6.837999999999999,21.205,0.32247111530299455,0.0
60,2,10,0.0,-12.980492799637148,17,0.0,10,1.0,0.4,54.754,44.095,1.2417280870847034,0.0
60,3,10,0.0,-13.1662181630699,12,0.0,10,1.0,0.1,10.892,67.885,0.1604478161596818,0.0
60,4,10,0.0,-13.62771375947996,17,0.0,10,1.0,0.55,41.355999999999995,23.075000000000003,1.7922426868905739,0.0
60,5,10,1.0,10.875,1,1.0,0,0.0,0.05,7.196,7.196,1.0,0.0
60,6,10,1.0,10.587179422564619,3,1.0,0,0.0,0.25,13.889,13.889,1.0,0.0
60,7,10,1.0,9.65089317567912,10,0.8737336628593058,0,0.0,0.7999999999999999,44.913000000000004,39.242000000000004,1.144513531420417,0.0
60,8,10,0.0,-23.492862345744413,200,0.0,0,0.0,10.050000000000008,988.4229999999975,56.56199999999999,17.475036243414266,0.0
60,9,10,0.0,-23.030719106353228,200,0.0,0,0.0,10.000000000000007,1018.2000000000013,30.079,33.85085940357064,0.0
61,0,10,0.0,-12.78358762848886,11,0.0,10,1.0,0.05,7.108,27.337,0.2600139005743132,0.0
61,1,10,0.0,-27.92576798394565,200,0.0,0,0.0,20.000000000000014,1251.7759999999955,51.82399999999999,24.154368632293835,0.0
61,2,10,0.0,-12.963771308390523,11,0.0,10,1.0,0.05,2.928,36.136,0.08102723046269647,0.0
61,3,10,1.0,9.769832113646148,9,0.8473242665832944,0,0.0,0.75,38.382,32.522000000000006,1.1801857204353974,0.0
61,4,10,1.0,10.030185540105208,7,0.9412735577476682,0,0.0,0.6000000000000001,26.053,24.523,1.0623904090037923,0.0
61,5,10,1.0,10.465158605174352,4,1.0,0,0.0,0.3,17.78,17.78,1.0,0.0
61,6,10,1.0,9.982320427236315,7,0.9069678937171326,0,0.0,0.7000000000000002,28.904,26.215,1.102574861720389,0.0
61,7,10,1.0,10.224395815621188,6,0.6783770906993657,0,0.0,0.4,39.879,27.053,1.4741063837652015,0.0
61,8,10,1.0,9.614326860980754,10,0.7369907348648305,0,0.0,0.8500000000000001,63.03200000000001,46.454,1.3568691608903434,0.0
61,9,10,1.0,9.754305266289794,10,0.6795252825458442,0,0.0,0.6000000000000001,49.461,33.61,1.4716155905980364,0.0
62,0,10,0.0,-12.97521707364307,11,0.0,10,1.0,0.05,2.539,56.80100000000001,0.0446999172549779,0.0
62,1,10,1.0,10.267427302591555,6,0.7070918528289982,0,0.0,0.35,34.871,24.657,1.4142434197185385,0.0
62,2,10,0.0,-12.746319525100013,11,0.0,10,1.0,0.1,5.114,15.497999999999998,0.3299780616853788,0.0
62,3,10,0.0,-23.604143092704085,200,0.0,0,0.0,10.100000000000009,918.3659999999992,46.697,19.666488211234107,0.0
62,4,10,1.0,10.610343874391862,3,0.6980549552330966,0,0.0,0.2,12.956000000000001,9.044,1.4325519681556833,0.0
62,5,10,1.0,10.730112600738117,2,1.0,0,0.0,0.15000000000000002,13.277000000000001,13.277000000000001,1.0,0.0
62,6,10,1.0,9.767211860940694,9,0.9422933634798695,0,0.0,0.7500000000000001,38.921,36.675,1.0612406271301977,0.0
62,7,10,0.0,-23.51044771668517,200,0.0,0,0.0,10.250000000000012,356.97499999999957,62.037000000000006,5.754227315956599,0.0
62,8,10,0.0,-25.773946867780978,200,0.0,0,0.0,15.050000000000002,964.8029999999975,36.795,26.22103546677531,0.0
62,9,10,0.0,-23.067629900963325,200,0.0,0,0.0,10.000000000000007,1459.9999999999948,58.968,24.759191425858003,0.0
63,0,10,0.0,-23.084022451690405,200,0.0,0,0.0,10.000000000000007,715.9439999999969,46.678000000000004,15.337932216461649,0.0
63,1,10,1.0,9.355829887133183,12,0.7822322046587843,0,0.0,1.0,70.791,55.375,1.278392776523702,0.0
63,2,10,0.0,-22.946551869316316,200,0.0,0,0.0,10.000000000000007,507.7999999999982,47.504,10.689626136746341,0.0
63,3,10,1.0,10.248709993868792,6,0.9214949574846748,0,0.0,0.35,35.399,32.620000000000005,1.0851931330472102,0.0
63,4,10,0.0,-25.477933926420192,200,0.0,0,0.0,14.95000000000005,828.1990000000011,32.373000000000005,25.58301671145711,0.0
63,5,10,0.0,-23.02116528979654,200,0.0,0,0.0,10.000000000000007,231.79999999999956,45.877,5.052640756806233,0.0
63,6,10,1.0,10.875,1,1.0,0,0.0,0.05,7.655,7.655,1.0,0.0
63,7,10,1.0,9.692092115206988,9,0.8919597049020709,0,0.0,0.9,53.406000000000006,47.636,1.1211268788311362,0.0
63,8,10,1.0,10.8,1,1.0,0,0.0,0.2,6.938,6.938,1.0,0.0
63,9,10,0.0,-23.021522239647652,200,0.0,0,0.0,10.000000000000007,682.0000000000001,59.938,11.378424371850913,0.0
64,0,10,0.0,-13.159015700372333,13,0.0,10,1.0,0.15000000000000002,9.068999999999999,54.521,0.1663395755763834,0.0
64,1,10,0.0,-13.300230194623712,13,0.0,10,1.0,0.2,11.588000000000001,19.679,0.5888510595050562,0.0
64,2,10,0.0,-25.4974129766937,200,0.0,0,0.0,15.000000000000004,1286.3559999999945,43.293000000000006,29.712794216154904,0.0
64,3,10,0.0,-27.182390366796223,200,0.0,0,0.0,18.00000000000002,869.2989999999982,46.838,18.5596951193475,0.0
64,4,10,0.0,-25.581616825613118,200,0.0,0,0.0,14.950000000000003,868.3449999999955,29.360000000000003,29.575783378746436,0.0
64,5,10,0.0,-25.027469380228638,200,0.0,0,0.0,13.350000000000012,652.2370000000006,51.519,12.660125390632595,0.0
64,6,10,0.0,-25.776205549316767,200,0.0,0,0.0,14.850000000000001,783.1749999999968,42.744,18.32245461351293,0.0
64,7,10,1.0,9.605656495927102,11,0.7410801724767961,0,0.0,0.7000000000000001,68.41499999999999,50.701,1.3493816690006113,0.0
64,8,10,0.0,-12.989485727055442,13,0.0,10,1.0,0.15000000000000002,20.556,51.461,0.39944812576514255,0.0
64,9,10,0.0,-13.100285080945547,13,0.0,10,1.0,0.2,12.176,55.03699999999999,0.22123298871668154,0.0
65,0,10,0.0,-23.12524708161461,200,0.0,0,0.0,10.100000000000009,732.5290000000022,59.879,12.233487533191974,0.0
65,1,10,0.0,-25.773575982716807,200,0.0,0,0.0,14.950000000000003,384.7309999999993,75.91199999999999,5.068118347560325,0.0
65,2,10,1.0,10.611455016927177,3,0.5792064750302474,0,0.0,0.2,23.969,13.883,1.7265000360152707,0.0
65,3,10,0.0,-25.63975637906304,200,0.0,0,0.0,15.000000000000002,401.05599999999987,32.058,12.510325035872476,0.0
65,4,10,1.0,9.53230976965846,11,0.6404517244887578,0,0.0,0.8500000000000002,39.316,25.18,1.5613979348689437,0.0
65,5,10,1.0,10.173770111016225,6,0.8700109958691193,0,0.0,0.5000000000000001,33.649,29.275,1.149410760034159,0.0
65,6,10,1.0,10.352280267903144,5,0.6349569825640353,0,0.0,0.35,30.569,19.409999999999997,1.5749098402885113,0.0
65,7,10,0.0,-25.8719859609182,200,0.0,0,0.0,14.950000000000003,829.8819999999986,52.709999999999994,15.744298994498173,0.0
65,8,10,0.0,-24.658191960236547,200,0.0,0,0.0,13.300000000000013,671.2399999999982,55.126,12.176468454086969,0.0
65,9,10,0.0,-22.94880441561685,200,0.0,0,0.0,10.050000000000008,921.4710000000031,32.068,28.734907072471096,0.0
66,0,10,0.0,-12.988158621748138,11,0.0,10,1.0,0.05,4.121,52.123999999999995,0.07906146880515695,0.0
66,1,10,0.0,-25.10352760528398,200,0.0,0,0.0,13.300000000000013,1038.3019999999988,44.285000000000004,23.445907192051454,0.0
66,2,10,1.0,10.371133184906093,5,1.0,0,0.0,0.3,17.517,17.517,1.0,0.0
66,3,10,1.0,10.362602804849061,4,0.9626121178839467,0,0.0,0.5,21.852,21.035000000000004,1.0388400285238886,0.0
66,4,10,0.0,-13.072783036245642,11,0.0,10,1.0,0.05,2.291,35.287,0.06492475982656502,0.0
66,5,10,0.0,-24.373721433127482,200,0.0,0,0.0,12.500000000000016,696.08,64.279,10.82904214440175,0.0
66,6,10,1.0,10.321472863870822,5,1.0,0,0.0,0.4,17.836,17.836,1.0,0.0
66,7,10,0.0,-23.238747949321073,200,0.0,0,0.0,10.050000000000008,1367.7320000000018,50.592999999999996,27.03401656355626,0.0
66,8,10,1.0,10.517382523226066,4,0.5636336040069818,0,0.0,0.2,13.177000000000001,7.427,1.774202235088192,0.0
66,9,10,1.0,10.010037902483901,8,0.9979618442555223,0,0.0,0.44999999999999996,54.461000000000006,54.35,1.0020423183072678,0.0
67,0,10,1.0,9.863300580936672,8,0.835811053830476,0,0.0,0.75,33.364,27.886,1.1964426593989814,0.0
67,1,10,0.0,-25.601284090239698,200,0.0,0,0.0,15.000000000000002,782.6000000000017,33.95399999999999,23.04883077104323,0.0
67,2,10,0.0,-24.466458471971308,200,0.0,0,0.0,12.550000000000015,914.906000000002,63.114000000000004,14.496086446747187,0.0
67,3,10,0.0,-24.18167472527475,200,0.0,0,0.0,12.500000000000014,893.7999999999998,56.87499999999999,15.715164835164835,0.0
67,4,10,0.0,-23.281569060131826,200,0.0,0,0.0,10.000000000000007,980.7919999999975,34.440999999999995,28.47745419703254,0.0
67,5,10,1.0,10.19789453973485,6,0.7250461605300313,0,0.0,0.45,36.828,26.701999999999998,1.3792225301475547,0.0
67,6,10,0.0,-23.089653404339575,200,0.0,0,0.0,10.050000000000008,857.7199999999993,45.44200000000001,18.875049513665754,0.0
67,7,10,0.0,-28.025181438968442,200,0.0,0,0.0,20.050000000000026,764.4120000000022,68.563,11.149045403497546,0.0
67,8,10,0.0,-23.407653938768508,200,0.0,0,0.0,10.050000000000008,916.8719999999992,40.69799999999999,22.52867462774582,0.0
67,9,10,0.0,-24.56321438332104,200,0.0,0,0.0,13.300000000000013,991.5720000000001,51.226,19.3568109944169,0.0
68,0,10,0.0,-23.10034412638831,200,0.0,0,0.0,10.000000000000007,627.5870000000019,38.358,16.361306637468115,0.0
68,1,10,1.0,10.58414624994482,3,0.9552584970903264,0,0.0,0.25,23.714,22.653,1.046837063523595,0.0
68,2,10,0.0,-23.101491342208007,200,0.0,0,0.0,10.000000000000007,907.7999999999979,29.973,30.287258532679342,0.0
68,3,10,1.0,10.094120040124832,6,0.9289227105658228,0,0.0,0.6500000000000001,38.634,35.888,1.0765158270173876,0.0
68,4,10,0.0,-22.889381191815644,200,0.0,0,0.0,10.000000000000007,1047.0550000000057,40.174,26.06300094588554,0.0
68,5,10,0.0,-23.048685231903715,200,0.0,0,0.0,10.000000000000007,667.5440000000011,41.224,16.193091403066205,0.0
68,6,10,1.0,10.390934107076001,4,1.0,0,0.0,0.44999999999999996,18.697000000000003,18.697000000000003,1.0,0.0
68,7,10,1.0,9.734954553644718,10,0.8183531030867028,0,0.0,0.65,61.036,49.949,1.2219664057338486,0.0
68,8,10,0.0,-27.632453259221748,200,0.0,0,0.0,20.00000000000003,1163.799999999996,15.832,73.5093481556339,0.0
68,9,10,0.0,-23.10130651420164,200,0.0,0,0.0,10.000000000000007,761.2089999999995,43.550999999999995,17.478565360152455,0.0
69,0,10,1.0,10.85,1,1.0,0,0.0,0.1,1.745,1.745,1.0,0.0
69,1,10,0.0,-25.557157770124913,200,0.0,0,0.0,14.900000000000002,938.738999999997,37.168,25.25664550150659,0.0
69,2,10,1.0,10.372383734968851,5,0.7489781893152964,0,0.0,0.3,27.647000000000002,20.707,1.3351523639349012,0.0
69,3,10,1.0,9.275151912102194,12,0.8045982646208146,0,0.0,1.1500000000000001,61.197,49.239,1.242856272466947,0.0
69,4,10,0.0,-13.32115606109723,14,0.0,10,1.0,0.45000000000000007,14.313,52.441,0.272935298716653,0.0
69,5,10,0.0,-13.383744632531155,14,0.0,10,1.0,0.25,19.879,52.399,0.37937746903566866,0.0
69,6,10,1.0,10.34320562830872,5,0.9824129200027373,0,0.0,0.35,29.226,28.712,1.0179019225410977,0.0
69,7,10,1.0,10.436881160856876,4,0.9046480346734419,0,0.0,0.35000000000000003,20.073,18.159,1.105402279861226,0.0
69,8,10,0.0,-30.522627177700375,200,0.0,0,0.0,24.6,867.143,68.88,12.589184088269455,0.0
69,9,10,0.0,-22.995126543722648,200,0.0,0,0.0,10.000000000000007,1084.0930000000003,54.17100000000001,20.0124236214949,0.0
70,0,10,0.0,-25.831637688039663,200,0.0,0,0.0,14.950000000000003,663.2459999999983,33.702999999999996,19.67913835563595,0.0
70,1,10,0.0,-25.31634171369939,200,0.0,0,0.0,15.000000000000002,1439.1999999999978,38.98,36.92149820420723,0.0
70,2,10,1.0,9.48092414378715,12,0.6738508487507152,0,0.0,0.7500000000000001,62.916000000000004,42.396,1.4840079252759695,0.0
70,3,10,1.0,10.755651857246905,2,0.8315164728682171,0,0.0,0.1,8.256,6.865,1.2026219956300073,0.0
70,4,10,1.0,10.391009383255899,4,1.0,0,0.0,0.45,21.954,21.954,1.0,0.0
70,5,10,1.0,10.608267859043968,3,0.5821506042764177,0,0.0,0.2,16.135,9.393,1.7177685510486533,0.0
70,6,10,1.0,10.610579823873048,3,1.0,0,0.0,0.2,22.938000000000002,22.938000000000002,1.0,0.0
70,7,10,0.0,-23.038818503240986,200,0.0,0,0.0,10.000000000000007,727.533000000003,40.728,17.863214496169782,0.0
70,8,10,0.0,-23.3263825820458,200,0.0,0,0.0,10.000000000000007,858.8269999999993,39.155,21.934031413612548,0.0
70,9,10,0.0,-23.200440742781257,200,0.0,0,0.0,10.000000000000007,956.8080000000031,30.857,31.007810221343718,0.0
71,0,10,0.0,-13.293863255339314,16,0.0,10,1.0,0.35,25.988,54.876000000000005,0.47357679131132,0.0
71,1,10,1.0,10.7278162219207,2,0.9235588972431078,0,0.0,0.15000000000000002,7.182,6.633000000000001,1.0827679782903663,0.0
71,2,10,0.0,-22.781893004115254,200,0.0,0,0.0,10.000000000000007,900.9999999999992,20.655,43.62139917695469,0.0
71,3,10,1.0,10.875,1,1.0,0,0.0,0.05,7.849,7.849,1.0,0.0
71,4,10,0.0,-28.221285646762254,200,0.0,0,0.0,20.00000000000003,1045.5920000000003,25.388,41.18449661257288,0.0
71,5,10,1.0,10.756780986004287,2,1.0,0,0.0,0.1,7.931,7.931,1.0,0.0
71,6,10,0.0,-23.069162067235304,200,0.0,0,0.0,10.000000000000007,689.2000000000031,49.825,13.832413447064788,0.0
71,7,10,0.0,-13.457143777671538,16,0.0,10,1.0,0.5,26.519,48.10900000000001,0.5512274210646655,0.0
71,8,10,1.0,10.60851154630376,3,1.0,0,0.0,0.2,21.089000000000002,21.089000000000002,1.0,0.0
71,9,10,1.0,10.420127228915662,4,0.8392654910208706,0,0.0,0.4,24.723999999999997,20.75,1.1915180722891565,0.0
72,0,10,0.0,-28.149423437028048,200,0.0,0,0.0,19.850000000000016,1506.8099999999974,49.66499999999999,30.339474479009315,0.0
72,1,10,1.0,9.893936288861006,9,0.47914764756963774,0,0.0,0.55,44.911,21.519000000000002,2.087039360565082,0.0
72,2,10,0.0,-25.464557371743,200,0.0,0,0.0,15.000000000000004,396.76299999999986,24.716,16.052880725036406,0.0
72,3,10,0.0,-25.616500746640085,200,0.0,0,0.0,15.000000000000004,849.0380000000036,40.18,21.13086112493787,0.0
72,4,10,0.0,-25.550507770426293,200,0.0,0,0.0,15.000000000000004,1243.3909999999983,51.992000000000004,23.915044622249543,0.0
72,5,10,1.0,9.887824726697353,8,0.7845394272817041,0,0.0,0.7000000000000001,35.445,27.808000000000003,1.2746331990794015,0.0
72,6,10,0.0,-28.281446849902782,200,0.0,0,0.0,19.950000000000028,942.4349999999986,40.093999999999994,23.50563675362894,0.0
72,7,10,1.0,10.368576548428598,5,0.989497613093885,0,0.0,0.3,21.995,21.764,1.0106138577467378,0.0
72,8,10,0.0,-26.285029170791244,200,0.0,0,0.0,15.000000000000002,1375.333999999996,47.479,28.967206554476633,0.0
72,9,10,0.0,-25.469073892333157,200,0.0,0,0.0,15.000000000000002,1080.5519999999995,41.777,25.864758120496912,0.0
73,0,10,1.0,10.875,1,1.0,0,0.0,0.05,4.504,4.504,1.0,0.0
73,1,10,0.0,-13.945772728683615,20,0.0,10,1.0,0.6,44.335,64.43400000000001,0.6880684110873141,0.0
73,2,10,1.0,10.631870983687593,3,0.6655699950649777,0,0.0,0.15000000000000002,12.158,8.091999999999999,1.5024715768660406,0.0
73,3,10,0.0,-25.53516108683971,200,0.0,0,0.0,15.000000000000004,1343.511999999999,42.803000000000004,31.38826717753426,0.0
73,4,10,1.0,10.295228201030012,5,0.9484987577378194,0,0.0,0.45,23.747000000000003,22.524,1.0542976380749425,0.0
73,5,10,0.0,-13.630500608025944,20,0.0,10,1.0,0.8500000000000001,40.165,24.67,1.6280907985407376,0.0
73,6,10,1.0,9.8763327014218,8,0.6112929860648376,0,0.0,0.7000000000000001,34.517,21.1,1.6358767772511849,0.0
73,7,10,1.0,10.25223995480545,6,0.8842611383433764,0,0.0,0.35,32.028999999999996,28.322,1.1308876491773179,0.0
73,8,10,0.0,-25.243171834054674,200,0.0,0,0.0,13.450000000000014,599.8029999999991,67.92600000000002,8.830241733651311,0.0
73,9,10,1.0,10.099295750708215,6,0.892074937664263,0,0.0,0.6500000000000001,29.678,26.474999999999998,1.1209820585457981,0.0
74,0,10,1.0,10.513558998048664,4,0.9144573925710123,0,0.0,0.2,27.46,25.111,1.093544661702043,0.0
74,1,10,0.0,-30.453459972862927,200,0.0,0,0.0,25.0,548.800000000003,58.96,9.308005427408464,0.0
74,2,10,1.0,9.889836212457888,9,0.5467014127005898,0,0.0,0.5499999999999999,51.037,27.902,1.8291520321123933,0.0
74,3,10,1.0,10.755656705173278,2,1.0,0,0.0,0.1,7.964,7.964,1.0,0.0
74,4,10,0.0,-12.899999999999999,10,0.0,10,1.0,0.0,0.0,31.977999999999998,0.0,0.0
74,5,10,0.0,-23.040362766593667,200,0.0,0,0.0,10.000000000000007,462.3649999999986,30.102,15.359942860939425,0.0
74,6,10,0.0,-26.121031780069842,200,0.0,0,0.0,15.050000000000002,1223.479999999994,46.63300000000001,26.2363562284218,0.0
74,7,10,0.0,-12.9,10,0.0,10,1.0,0.0,0.0,3.868,0.0,0.0
74,8,10,1.0,10.754042827053592,2,1.0,0,0.0,0.1,8.546,8.546,1.0,0.0
74,9,10,1.0,10.131097290796303,6,0.7181072297097661,0,0.0,0.6000000000000001,43.999,31.596,1.3925496898341563,0.0
75,0,10,0.0,-30.652330664270018,200,0.0,0,0.0,25.05,524.5270000000007,48.956,10.714253615491476,0.0
75,1,10,0.0,-25.886335813165072,200,0.0,0,0.0,15.000000000000004,826.8910000000012,21.238,38.93450419060181,0.0
75,2,10,0.0,-23.676919399096363,200,0.0,0,0.0,10.050000000000008,939.4880000000029,36.07899999999999,26.039746112697223,0.0
75,3,10,0.0,-13.033272276198115,11,0.0,10,1.0,0.05,3.215,67.314,0.04776123837537511,0.0
75,4,10,1.0,10.114656520252113,7,0.6376807078763708,0,0.0,0.45,32.096000000000004,20.467,1.568182928616798,0.0
75,5,10,0.0,-23.292314753756987,200,0.0,0,0.0,10.050000000000008,644.2719999999991,28.813,22.3604622913268,0.0
75,6,10,0.0,-13.00651661891117,11,0.0,10,1.0,0.1,2.626,69.80000000000001,0.03762177650429799,0.0
75,7,10,0.0,-28.10226101839964,200,0.0,0,0.0,19.950000000000017,972.1220000000003,70.11,13.865668235629728,0.0
75,8,10,1.0,9.604079945505774,9,0.6737946717292886,0,0.0,1.0999999999999999,47.93300000000001,32.297,1.484131653094715,0.0
75,9,10,0.0,-25.502171209342592,200,0.0,0,0.0,15.000000000000002,416.99999999999875,47.439,8.790235881869322,0.0
76,0,10,0.0,-12.884706979034757,14,0.0,10,1.0,0.4,18.701,28.428,0.6578373434641902,0.0
76,1,10,0.0,-28.687341430795204,200,0.0,0,0.0,19.80000000000003,824.2000000000035,45.611000000000004,18.07020236346503,0.0
76,2,10,0.0,-13.101492572352717,14,0.0,10,1.0,0.30000000000000004,34.620999999999995,76.67299999999999,0.4515409596598542,0.0
76,3,10,1.0,10.754689684844575,2,0.8774893817838603,0,0.0,0.1,10.595,9.297,1.1396149295471658,0.0
76,4,10,1.0,10.731242780865207,2,1.0,0,0.0,0.15000000000000002,9.177,9.177,1.0,0.0
76,5,10,0.0,-23.249693925024598,200,0.0,0,0.0,10.050000000000008,637.6469999999993,55.885,11.409984790194136,0.0
76,6,10,0.0,-23.319335129004763,200,0.0,0,0.0,10.000000000000007,557.3279999999997,21.162,26.33626311312729,0.0
76,7,10,0.0,-25.647999119801284,200,0.0,0,0.0,15.000000000000004,2208.8320000000035,31.811,69.43610700701026,0.0
76,8,10,0.0,-12.97173886642788,11,0.0,10,1.0,0.05,3.453,65.051,0.05308142841770303,0.0
76,9,10,0.0,-12.718381078478576,11,0.0,10,1.0,0.2,6.938,16.616,0.4175493500240732,0.0
77,0,10,1.0,10.155721804164166,7,1.0,0,0.0,0.35,43.322,43.322,1.0,0.0
77,1,10,0.0,-22.92202342423171,200,0.0,0,0.0,10.000000000000007,487.03300000000115,62.414,7.803265293043245,0.0
77,2,10,1.0,10.00039615635506,7,0.9293508673754898,0,0.0,0.65,42.88799999999999,39.858,1.0760198705404183,0.0
77,3,10,1.0,10.343738849584744,5,0.9204706326485671,0,0.0,0.35,31.787,29.259,1.0864007655764039,0.0
77,4,10,0.0,-23.764014993691486,200,0.0,0,0.0,10.15000000000001,512.3829999999981,68.162,7.517135647428157,0.0
77,5,10,0.0,-28.150818771748288,200,0.0,0,0.0,20.00000000000003,813.3890000000033,53.165,15.299332267469262,0.0
77,6,10,1.0,10.109724536588516,7,0.5525301548783099,0,0.0,0.45,28.022,15.483,1.8098559710650388,0.0
77,7,10,0.0,-23.182950083452365,200,0.0,0,0.0,10.100000000000009,2634.7980000000034,58.117000000000004,45.33609787153506,0.0
77,8,10,0.0,-29.746393990570667,200,0.0,0,0.0,23.35000000000002,1132.4079999999988,56.843999999999994,19.921328548307628,0.0
77,9,10,1.0,10.752133891213388,2,1.0,0,0.0,0.1,7.409000000000001,7.409000000000001,1.0,0.0
78,0,10,1.0,10.307554573086488,5,0.5160416369599315,0,0.0,0.45,28.052,14.475999999999999,1.937828129317491,0.0
78,1,10,0.0,-23.075670518581923,200,0.0,0,0.0,10.050000000000008,905.2709999999992,42.057,21.52485911976601,0.0
78,2,10,0.0,-23.57103282243843,200,0.0,0,0.0,10.15000000000001,1087.2079999999974,61.787,17.596063896936204,0.0
78,3,10,0.0,-24.543904221608948,200,0.0,0,0.0,13.350000000000014,848.9019999999995,39.132000000000005,21.69329449044259,0.0
78,4,10,1.0,10.14726265696233,6,0.930144323761345,0,0.0,0.55,26.884,25.006,1.0751019755258737,0.0
78,5,10,1.0,10.148511258004545,6,0.9354227855928272,0,0.0,0.5500000000000002,25.876,24.205,1.069035323280314,0.0
78,6,10,1.0,9.39714565056548,12,0.8278547469738955,0,0.0,0.9,68.57,56.766000000000005,1.207941373357291,0.0
78,7,10,1.0,10.515024988975453,4,1.0,0,0.0,0.2,13.606,13.606,1.0,0.0
78,8,10,0.0,-26.697395154166426,200,0.0,0,0.0,16.549999999999994,876.6730000000015,47.54600000000001,18.438417532494874,0.0
78,9,10,1.0,8.473601785459898,19,0.48490639895001036,0,0.0,1.5000000000000004,86.858,42.118,2.06225366826535,0.0
79,0,10,0.0,-13.187796566034663,14,0.0,10,1.0,0.3,22.965,61.445,0.37374888111319066,0.0
79,1,10,0.0,-23.122801863667746,200,0.0,0,0.0,10.000000000000007,973.6480000000033,53.44299999999999,18.218438336171314,0.0
79,2,10,1.0,10.108152319493485,7,0.8443507761899868,0,0.0,0.45,29.180999999999997,24.639000000000003,1.1843418969925725,0.0
79,3,10,1.0,9.984273312418868,7,0.9712379501457803,0,0.0,0.7000000000000001,38.071000000000005,36.976000000000006,1.0296138035482474,0.0
79,4,10,1.0,10.727951859099804,2,1.0,0,0.0,0.15000000000000002,12.774999999999999,12.774999999999999,1.0,0.0
79,5,10,0.0,-26.893679335416884,200,0.0,0,0.0,16.599999999999994,904.9640000000013,61.75300000000001,14.654575486211217,0.0
79,6,10,0.0,-23.23780683803346,200,0.0,0,0.0,10.050000000000008,540.9799999999981,40.07,13.500873471424958,0.0
79,7,10,1.0,10.113291227167482,6,0.936761941485516,0,0.0,0.65,41.494,38.87,1.0675070748649345,0.0
79,8,10,0.0,-13.081225924276168,14,0.0,10,1.0,0.35,24.298000000000002,56.12500000000001,0.4329265033407572,0.0
79,9,10,0.0,-23.338685461581072,200,0.0,0,0.0,10.050000000000008,1886.8979999999929,36.17999999999999,52.153067993366314,0.0
80,0,10,0.0,-22.910224130102815,200,0.0,0,0.0,10.000000000000007,774.6000000000023,24.227000000000004,31.972592562017674,0.0
80,1,10,1.0,10.48973496812726,4,1.0,0,0.0,0.25,17.413,17.413,1.0,0.0
80,2,10,1.0,10.612261884183232,3,0.9146968139773894,0,0.0,0.2,12.649000000000001,11.57,1.0932584269662922,0.0
80,3,10,1.0,9.999447721367881,8,0.6822689599003496,0,0.0,0.49999999999999994,41.746,28.482,1.4656976335931466,0.0
80,4,10,0.0,-22.921739308536743,200,0.0,0,0.0,10.000000000000007,764.2000000000033,48.824000000000005,15.652138292643029,0.0
80,5,10,0.0,-28.17679522606213,200,0.0,0,0.0,19.85000000000003,1095.1119999999983,55.007000000000005,19.908593451742473,0.0
80,6,10,0.0,-22.852208171621168,200,0.0,0,0.0,10.050000000000008,1094.1529999999993,46.89399999999999,23.332473237514385,0.0
80,7,10,0.0,-25.52117868402319,200,0.0,0,0.0,15.000000000000004,616.399999999999,39.332,15.67171768534524,0.0
80,8,10,1.0,10.484958915753683,3,1.0,0,0.0,0.45,21.176,21.176,1.0,0.0
80,9,10,1.0,10.34487920738328,5,0.7886680700752845,0,0.0,0.35,28.027,22.104,1.267960550126674,0.0
81,0,10,1.0,10.252399617590822,6,0.7744982893325844,0,0.0,0.35000000000000003,19.583,15.166999999999998,1.291158436078328,0.0
81,1,10,0.0,-22.971598068038745,200,0.0,0,0.0,10.000000000000007,527.5999999999983,38.096,13.849223015539646,0.0
81,2,10,1.0,9.746890617075232,10,0.8263365977005069,0,0.0,0.6000000000000001,71.581,59.14999999999999,1.2101606086221472,0.0
81,3,10,0.0,-25.418827508455443,200,0.0,0,0.0,15.000000000000002,619.2000000000006,38.141,16.234498308906442,0.0
81,4,10,0.0,-26.011876348104547,200,0.0,0,0.0,15.000000000000002,639.3059999999989,46.825,13.653091297383853,0.0
81,5,10,1.0,10.369460718787,5,1.0,0,0.0,0.3,26.182999999999996,26.182999999999996,1.0,0.0
81,6,10,0.0,-33.01448461379297,200,0.0,0,0.0,30.000000000000004,886.7999999999988,67.658,13.107097460758503,0.0
81,7,10,1.0,10.464581198368714,4,0.9539152119700747,0,0.0,0.3,20.05,19.125999999999998,1.0483111994144099,0.0
81,8,10,1.0,10.524532871972317,4,0.5926854278227184,0,0.0,0.2,17.554000000000002,10.404,1.6872356785851597,0.0
81,9,10,0.0,-32.97328881469116,200,0.0,0,0.0,30.000000000000007,1421.2820000000029,52.113,27.273079653829235,0.0
82,0,10,0.0,-25.626710394885798,200,0.0,0,0.0,15.000000000000002,807.1920000000011,45.05100000000001,17.917293733768417,0.0
82,1,10,0.0,-28.0554084163618,200,0.0,0,0.0,20.00000000000003,580.3390000000009,23.787,24.39731786269815,0.0
82,2,10,0.0,-22.93977974009325,200,0.0,0,0.0,10.000000000000007,722.4409999999982,49.940999999999995,14.465889749904854,0.0
82,3,10,1.0,9.858974021490527,8,1.0,0,0.0,0.7500000000000001,46.346,46.346,1.0,0.0
82,4,10,1.0,9.912080892474151,8,0.9175257731958762,0,0.0,0.65,34.047,31.238999999999997,1.0898876404494382,0.0
82,5,10,1.0,10.223187894460027,6,0.8943768252288274,0,0.0,0.39999999999999997,51.021,45.632000000000005,1.1180969495091162,0.0
82,6,10,1.0,10.728543256997455,2,1.0,0,0.0,0.15000000000000002,11.004000000000001,11.004000000000001,1.0,0.0
82,7,10,1.0,10.757150271431128,2,1.0,0,0.0,0.1,16.763,16.763,1.0,0.0
82,8,10,0.0,-23.033087825907117,200,0.0,0,0.0,10.000000000000007,585.5999999999996,62.863,9.315495601546212,0.0
82,9,10,0.0,-23.56181679944469,200,0.0,0,0.0,10.15000000000001,1064.5149999999971,60.501999999999995,17.594707612971426,0.0
83,0,10,0.0,-25.498710411530446,200,0.0,0,0.0,15.000000000000002,753.2800000000001,52.73,14.285605916935333,0.0
83,1,10,0.0,-26.194978538384515,200,0.0,0,0.0,14.950000000000003,1153.6089999999992,62.903000000000006,18.339490962275235,0.0
83,2,10,1.0,9.460166928161732,12,0.7753470006381621,0,0.0,0.8000000000000002,50.144,38.879,1.2897451066128245,0.0
83,3,10,0.0,-25.518284609090227,200,0.0,0,0.0,15.000000000000004,1115.8030000000006,67.215,16.600505839470365,0.0
83,4,10,0.0,-13.63962890092926,16,0.0,10,1.0,0.4,26.637,33.037,0.8062778097284863,0.0
83,5,10,0.0,-13.308827144880615,16,0.0,10,1.0,0.35,20.169,39.53600000000001,0.5101426547956293,0.0
83,6,10,1.0,9.276093769772642,13,0.7443211252570603,0,0.0,1.0,63.70099999999999,47.413999999999994,1.343506137427764,0.0
83,7,10,0.0,-13.647146375319032,16,0.0,10,1.0,0.49999999999999994,28.247,44.666,0.6324049612680787,0.0
83,8,10,1.0,10.466885074626866,4,0.6526715698212459,0,0.0,0.3,20.531,13.399999999999999,1.5321641791044778,0.0
83,9,10,1.0,8.913185564327232,16,0.6333168507224879,0,0.0,1.15,72.80399999999999,46.108000000000004,1.578988461872126,0.0
84,0,10,1.0,9.908503279464467,8,0.6150806854100815,0,0.0,0.7,48.087999999999994,29.578,1.6258029616606935,0.0
84,1,10,0.0,-27.935496430771423,200,0.0,0,0.0,19.750000000000032,960.9420000000024,55.194,17.410261984998414,0.0
84,2,10,0.0,-26.16155365243233,200,0.0,0,0.0,14.950000000000003,925.5659999999979,51.144000000000005,18.09725480994834,0.0
84,3,10,1.0,9.91027615457116,8,0.6753660089115212,0,0.0,0.6500000000000001,39.275,26.524999999999995,1.4806786050895384,0.0
84,4,10,0.0,-22.980185309220783,200,0.0,0,0.0,10.000000000000007,1459.4729999999947,53.748000000000005,27.153996427773958,0.0
84,5,10,1.0,10.489709266603363,4,0.990155411758199,0,0.0,0.25,18.081000000000003,17.903,1.0099424677428366,0.0
84,6,10,0.0,-25.79526158845062,200,0.0,0,0.0,14.950000000000003,1124.7369999999996,24.313000000000002,46.260724715172934,0.0
84,7,10,0.0,-25.73795843236539,200,0.0,0,0.0,14.950000000000003,707.5269999999966,77.41600000000003,9.139286452412891,0.0
84,8,10,1.0,10.534132227299821,3,1.0,0,0.0,0.35000000000000003,20.132,20.132,1.0,0.0
84,9,10,1.0,10.607919054441261,3,0.8289376020584889,0,0.0,0.2,20.209,16.752000000000002,1.2063634192932184,0.0
85,0,10,0.0,-23.09325771722011,200,0.0,0,0.0,10.050000000000008,896.6449999999976,68.548,13.080542101884776,0.0
85,1,10,1.0,9.954472485679407,8,0.9006829763389932,0,0.0,0.55,47.293,42.596000000000004,1.1102685698187622,0.0
85,2,10,0.0,-12.738719723183394,11,0.0,10,1.0,0.1,8.707,25.720999999999997,0.3385171649624821,0.0
85,3,10,0.0,-12.9219528437725,11,0.0,10,1.0,0.15,3.572,22.224,0.16072714182865372,0.0
85,4,10,1.0,9.846964540196161,8,0.9470767569627488,0,0.0,0.8,62.978,59.644999999999996,1.0558806270433398,0.0
85,5,10,0.0,-25.735428674351546,200,0.0,0,0.0,15.000000000000004,1023.6800000000025,49.968,20.486711495357078,0.0
85,6,10,0.0,-23.053712388220628,200,0.0,0,0.0,10.000000000000007,541.6000000000021,34.330999999999996,15.775829425300811,0.0
85,7,10,0.0,-25.67508236352392,200,0.0,0,0.0,15.000000000000002,597.2879999999991,17.787,33.58003035925109,0.0
85,8,10,0.0,-23.20544803567357,200,0.0,0,0.0,10.050000000000008,980.1970000000049,61.446,15.952169384500293,0.0
85,9,10,0.0,-23.226896220280988,200,0.0,0,0.0,10.000000000000007,987.4079999999975,35.373000000000005,27.914171825968886,0.0
86,0,10,1.0,10.144799122887722,6,0.8520473490292403,0,0.0,0.55,38.269000000000005,32.607,1.173643696138866,0.0
86,1,10,0.0,-12.96187926727727,12,0.0,10,1.0,0.1,10.56,48.04,0.21981681931723565,0.0
86,2,10,0.0,-22.871881385734007,200,0.0,0,0.0,10.000000000000007,1078.4000000000053,42.086,25.623722853205468,0.0
86,3,10,1.0,9.772201083548621,9,0.8113019413129297,0,0.0,0.75,49.14200000000001,39.869,1.2325867215129551,0.0
86,4,10,0.0,-22.844097643541748,200,0.0,0,0.0,10.000000000000007,1018.4769999999951,45.492000000000004,22.38804624988998,0.0
86,5,10,0.0,-25.95003781218893,200,0.0,0,0.0,14.950000000000003,711.1500000000019,47.207,15.064503145719955,0.0
86,6,10,1.0,10.73741754385965,2,0.37658562367864695,0,0.0,0.15000000000000002,7.568,2.85,2.6554385964912277,0.0
86,7,10,1.0,9.63071229652223,11,0.5793669086857978,0,0.0,0.6500000000000001,52.062,30.163,1.7260219474190233,0.0
86,8,10,1.0,10.417639731191608,4,0.7024216141535864,0,0.0,0.4,26.057,18.303,1.4236463967655575,0.0
86,9,10,0.0,-12.919181849511777,12,0.0,10,1.0,0.1,10.366,43.525000000000006,0.23816197587593332,0.0
87,0,10,0.0,-25.809697390656765,200,0.0,0,0.0,14.850000000000003,1349.6539999999984,34.913,38.657634691948516,0.0
87,1,10,0.0,-26.02900654468826,200,0.0,0,0.0,15.000000000000004,336.5489999999999,49.353,6.819220716065891,0.0
87,2,10,0.0,-27.05417138810205,200,0.0,0,0.0,18.00000000000003,1036.8030000000017,56.480000000000004,18.35699362606235,0.0
87,3,10,1.0,9.834186085393634,9,0.8921060481765977,0,0.0,0.6,53.63600000000001,47.849000000000004,1.1209429664151813,0.0
87,4,10,1.0,10.174667324074836,6,0.9293096426025864,0,0.0,0.5000000000000001,39.284,36.507000000000005,1.0760676034733063,0.0
87,5,10,0.0,-22.962297896694835,200,0.0,0,0.0,10.000000000000007,316.19999999999993,41.934,7.540420661038774,0.0
87,6,10,0.0,-25.619858156028386,200,0.0,0,0.0,15.000000000000002,730.1169999999981,38.07,19.178276858418652,0.0
87,7,10,1.0,9.62611891924638,10,0.653083025063797,0,0.0,0.85,50.551,33.014,1.5311988853213787,0.0
87,8,10,1.0,9.808687343298436,9,0.8889361484934583,0,0.0,0.6500000000000001,58.777,52.248999999999995,1.1249401902428755,0.0
87,9,10,0.0,-23.05592507550375,200,0.0,0,0.0,10.050000000000008,474.0830000000018,24.170999999999996,19.613710644987872,0.0
88,0,10,0.0,-27.981464530892453,200,0.0,0,0.0,20.000000000000014,908.147000000002,48.07,18.892178073642647,0.0
88,1,10,1.0,10.706279836683418,2,1.0,0,0.0,0.2,6.368,6.368,1.0,0.0
88,2,10,0.0,-23.476511058658975,200,0.0,0,0.0,10.200000000000012,714.6159999999998,57.195,12.49437887927266,0.0
88,3,10,0.0,-23.325808806216134,200,0.0,0,0.0,10.000000000000007,532.0820000000008,42.47,12.528420061219704,0.0
88,4,10,0.0,-23.641622885090644,200,0.0,0,0.0,10.15000000000001,1225.6949999999993,57.86299999999999,21.182707429618226,0.0
88,5,10,1.0,10.728886517700225,2,1.0,0,0.0,0.15000000000000002,7.966,7.966,1.0,0.0
88,6,10,0.0,-12.976076131459552,14,0.0,10,1.0,0.30000000000000004,19.811999999999998,36.147999999999996,0.5480801150824388,0.0
88,7,10,1.0,10.875,1,1.0,0,0.0,0.05,3.578,3.578,1.0,0.0
88,8,10,0.0,-13.124832878846902,14,0.0,10,1.0,0.44999999999999996,19.506,25.67,0.7598753408648227,0.0
88,9,10,0.0,-25.792304166987527,200,0.0,0,0.0,14.950000000000003,601.8009999999989,25.966,23.176500038511858,0.0
89,0,10,0.0,-25.626462395543196,200,0.0,0,0.0,15.000000000000002,822.8279999999987,35.9,22.919999999999966,0.0
89,1,10,1.0,10.109186423421363,7,0.9479603695168313,0,0.0,0.44999999999999996,50.769,48.127,1.0548964198890436,0.0
89,2,10,0.0,-25.61070275873441,200,0.0,0,0.0,15.000000000000002,939.7999999999969,42.446999999999996,22.140551746884277,0.0
89,3,10,0.0,-23.091382643198656,200,0.0,0,0.0,10.000000000000007,1148.9399999999966,49.145,23.37857360870885,0.0
89,4,10,1.0,9.52470695970696,10,0.6979143676892517,0,0.0,1.05,54.372,37.946999999999996,1.43284054075421,0.0
89,5,10,0.0,-23.123725300538922,200,0.0,0,0.0,10.000000000000007,895.3999999999967,36.185,24.745060107779373,0.0
89,6,10,1.0,10.730117424242424,2,1.0,0,0.0,0.15000000000000002,10.559999999999999,10.559999999999999,1.0,0.0
89,7,10,1.0,10.00186130467635,8,0.6142540353772368,0,0.0,0.49999999999999994,38.782000000000004,23.822,1.6279909327512385,0.0
89,8,10,1.0,10.10346487051089,7,0.8854764560267675,0,0.0,0.45,36.761,32.551,1.1293355042855826,0.0
89,9,10,1.0,10.22623329229687,6,0.9671301611600119,0,0.0,0.39999999999999997,23.517,22.744,1.0339869855786141,0.0
90,0,10,1.0,10.754814227158535,2,1.0,0,0.0,0.1,7.563000000000001,7.563000000000001,1.0,0.0
90,1,10,0.0,-25.461619429676247,200,0.0,0,0.0,15.050000000000002,1028.0640000000024,51.725,19.87557274045437,0.0
90,2,10,0.0,-12.61270572978071,11,0.0,10,1.0,0.05,5.751,12.723,0.45201603395425605,0.0
90,3,10,1.0,10.367310195227766,5,0.9893607305936073,0,0.0,0.3,43.800000000000004,43.334,1.0107536807126045,0.0
90,4,10,1.0,10.123737002128307,6,0.8708199846434905,0,0.0,0.6000000000000001,37.769000000000005,32.89,1.1483429613864398,0.0
90,5,10,1.0,9.70043005358568,10,0.614164075847968,0,0.0,0.7000000000000001,71.406,43.855000000000004,1.6282293923155855,0.0
90,6,10,1.0,10.082734803149606,7,0.8678420117534509,0,0.0,0.49999999999999994,36.584999999999994,31.749999999999996,1.152283464566929,0.0
90,7,10,1.0,10.251423281040417,5,0.6838285144566301,0,0.0,0.55,25.075,17.147,1.4623549308917012,0.0
90,8,10,0.0,-30.40977559164489,200,0.0,0,0.0,24.85,518.3520000000009,39.593,13.092011214103524,0.0
90,9,10,0.0,-12.90150272264184,11,0.0,10,1.0,0.05,5.283,28.465000000000003,0.18559634639030387,0.0
91,0,10,1.0,10.85,1,1.0,0,0.0,0.1,5.729,5.729,1.0,0.0
91,1,10,0.0,-25.702230598270052,200,0.0,0,0.0,15.100000000000003,365.54399999999936,33.29600000000001,10.978616049975951,0.0
91,2,10,0.0,-23.058142749763043,200,0.0,0,0.0,10.000000000000007,657.4319999999998,61.198,10.742704009934961,0.0
91,3,10,0.0,-25.89346670828896,200,0.0,0,0.0,14.950000000000003,912.1209999999978,27.229000000000003,33.49814535972668,0.0
91,4,10,0.0,-12.965177292832534,13,0.0,10,1.0,0.2,17.853,40.921,0.4362796608098532,0.0
91,5,10,0.0,-12.996097714285714,13,0.0,10,1.0,0.2,18.832,35.00000000000001,0.5380571428571428,0.0
91,6,10,0.0,-13.043166578384639,14,0.0,10,1.0,0.3,24.421,50.973,0.4790967767249328,0.0
91,7,10,1.0,10.61235437407329,3,0.9539300868862397,0,0.0,0.2,9.898,9.442,1.0482948527854268,0.0
91,8,10,0.0,-13.27685366756716,14,0.0,10,1.0,0.3,28.215,72.92300000000002,0.3869149651001741,0.0
91,9,10,0.0,-34.68019175775023,200,0.0,9,0.0,14.200000000000001,352.94,56.99899999999999,6.192038456815033,0.0
92,0,10,0.0,-13.53141006764398,19,0.0,10,1.0,0.49999999999999994,42.838,46.863,0.9141113458378679,0.0
92,1,10,0.0,-12.855923346167309,12,0.0,10,1.0,0.15000000000000002,20.926000000000002,57.14,0.3662233111655583,0.0
92,2,10,0.0,-23.369995339781713,200,0.0,0,0.0,10.25000000000001,875.7080000000002,48.281,18.137735341024424,0.0
92,3,10,1.0,10.875,1,1.0,0,0.0,0.05,3.41,3.41,1.0,0.0
92,4,10,0.0,-13.573685428451215,19,0.0,10,1.0,0.5,32.721000000000004,42.782000000000004,0.7648310036931419,0.0
92,5,10,0.0,-24.923706065236903,200,0.0,0,0.0,13.500000000000014,1246.2340000000002,37.954,32.835379670127,0.0
92,6,10,1.0,10.006778038836293,8,0.9398787616367179,0,0.0,0.44999999999999996,46.190000000000005,43.413000000000004,1.0639670144887476,0.0
92,7,10,0.0,-12.80744187215224,12,0.0,10,1.0,0.1,21.73,59.696,0.36401098901098905,0.0
92,8,10,1.0,9.88773068015602,8,0.9134840218238502,0,0.0,0.7000000000000002,35.924,32.815999999999995,1.0947098976109217,0.0
92,9,10,0.0,-30.36009982134246,200,0.0,7,0.0,9.700000000000003,422.51300000000015,35.263,11.981765589995184,0.0
93,0,10,1.0,10.108384421271385,7,0.8385560914890307,0,0.0,0.45,32.135,26.947,1.192526069692359,0.0
93,1,10,0.0,-23.006841479040833,200,0.0,0,0.0,10.000000000000007,927.399999999995,43.70400000000001,21.220025626944782,0.0
93,2,10,0.0,-23.22699255724895,200,0.0,0,0.0,10.050000000000008,546.840999999998,64.761,8.443986349809268,0.0
93,3,10,0.0,-28.303096018948704,200,0.0,0,0.0,20.00000000000003,1105.3519999999983,21.954,50.3485469618292,0.0
93,4,10,1.0,10.610916627665976,3,1.0,0,0.0,0.2,14.957,14.957,1.0,0.0
93,5,10,0.0,-28.517646067415697,200,0.0,0,0.0,20.00000000000003,779.4980000000002,69.42,11.228723710746184,0.0
93,6,10,1.0,10.27743819689695,6,0.8698998964445979,0,0.0,0.3,28.97,25.201,1.149557557239792,0.0
93,7,10,0.0,-28.097081729522692,200,0.0,0,0.0,19.85000000000003,808.1740000000033,50.141000000000005,16.11802716339928,0.0
93,8,10,0.0,-25.54653365323898,200,0.0,0,0.0,15.000000000000004,1166.4000000000017,63.352000000000004,18.41141558277563,0.0
93,9,10,0.0,-25.454683193410393,200,0.0,0,0.0,15.050000000000002,554.1360000000013,37.878,14.62949469348966,0.0
94,0,10,0.0,-22.915516851391033,200,0.0,0,0.0,10.000000000000007,486.00000000000114,17.684,27.482470029405174,0.0
94,1,10,1.0,9.98029061851298,8,0.8713096580963865,0,0.0,0.5,51.418,44.801,1.1476975960358027,0.0
94,2,10,1.0,10.1201191834284,6,0.475531064412974,0,0.0,0.65,35.024,16.655,2.102912038426899,0.0
94,3,10,0.0,-24.731703885466114,200,0.0,0,0.0,13.300000000000013,991.9440000000001,56.647,17.51097145479902,0.0
94,4,10,1.0,10.51322116413439,4,0.9775639349406411,0,0.0,0.2,19.121000000000002,18.692,1.0229509950781084,0.0
94,5,10,0.0,-25.76004276315784,200,0.0,0,0.0,14.950000000000003,622.7629999999989,33.44,18.623295454545424,0.0
94,6,10,0.0,-28.06284169708029,200,0.0,0,0.0,20.10000000000003,1158.2499999999961,21.92,52.83987226277354,0.0
94,7,10,1.0,9.89788527607362,8,0.5765319656910424,0,0.0,0.7000000000000001,56.545,32.599999999999994,1.734509202453988,0.0
94,8,10,0.0,-23.00431175541839,200,0.0,0,0.0,10.000000000000007,585.2150000000012,48.769,11.99973343722449,0.0
94,9,10,1.0,9.968466697442999,8,0.6874415980535623,0,0.0,0.5499999999999999,56.719,38.991,1.45466902618553,0.0
95,0,10,1.0,9.814740426442274,9,0.8451536108725459,0,0.0,0.65,66.369,56.092,1.1832168580189688,0.0
95,1,10,1.0,9.682495319954105,10,0.7990317496059446,0,0.0,0.75,62.17400000000001,49.679,1.2515147245314922,0.0
95,2,10,1.0,10.17781699056783,6,0.5593343365495265,0,0.0,0.5,56.485,31.594,1.7878394631892132,0.0
95,3,10,0.0,-25.503430753330345,200,0.0,0,0.0,15.000000000000004,368.28799999999967,69.66399999999999,5.28663298116674,0.0
95,4,10,0.0,-24.581166201707745,200,0.0,0,0.0,13.350000000000012,1261.1500000000035,59.144999999999996,21.32301969735402,0.0
95,5,10,0.0,-22.7650980645996,200,0.0,0,0.0,10.000000000000007,963.8250000000031,30.898,31.1937665868342,0.0
95,6,10,1.0,10.495632091843545,4,0.8160130718954248,0,0.0,0.25,18.36,14.982,1.2254705646776132,0.0
95,7,10,0.0,-23.121962430900297,200,0.0,0,0.0,10.050000000000008,1478.3549999999962,56.802,26.026460335903597,0.0
95,8,10,0.0,-25.23959614135055,200,0.0,0,0.0,14.000000000000009,901.768999999999,40.014,22.53633728195129,0.0
95,9,10,1.0,10.727627765064836,2,1.0,0,0.0,0.15000000000000002,18.354,18.354,1.0,0.0
96,0,10,0.0,-14.115221070872206,24,0.0,10,1.0,0.9500000000000002,67.331,57.131,1.1785370464371359,0.0
96,1,10,1.0,10.461817171806949,4,0.643484228888444,0,0.0,0.3,34.969,22.502,1.5540396409208073,0.0
96,2,10,0.0,-23.180115865865844,200,0.0,0,0.0,10.050000000000008,841.652999999997,39.96,21.06238738738731,0.0
96,3,10,0.0,-28.38531076024451,200,0.0,0,0.0,20.00000000000003,583.8140000000009,32.870999999999995,17.76076176569015,0.0
96,4,10,0.0,-14.841419729206963,24,0.0,10,1.0,1.4,67.24199999999999,18.095,3.7160541586073497,0.0
96,5,10,1.0,9.233958684819711,13,0.5903253077626841,0,0.0,1.05,86.34899999999999,50.974000000000004,1.6939812453407617,0.0
96,6,10,0.0,-12.966744168292475,11,0.0,10,1.0,0.05,3.196,58.94499999999999,0.05422003562643143,0.0
96,7,10,0.0,-23.247706422018418,200,0.0,0,0.0,10.000000000000007,951.9959999999992,23.217,41.00426411681092,0.0
96,8,10,0.0,-12.978337874136608,11,0.0,10,1.0,0.05,2.147,52.12,0.04119339984650806,0.0
96,9,10,1.0,9.208303361378047,14,0.7937522748492667,0,0.0,0.9000000000000001,63.19099999999999,50.158,1.25983890904741,0.0
97,0,10,1.0,9.639841108341388,10,0.9183368371875729,0,0.0,0.8,64.215,58.971,1.08892506486239,0.0
97,1,10,0.0,-13.743282025819266,18,0.0,10,1.0,0.6500000000000001,41.571999999999996,38.266,1.0863952333664348,0.0
97,2,10,1.0,9.278011688494578,12,0.8065743590908574,0,0.0,1.1500000000000004,88.03900000000002,71.01,1.239811294183918,0.0
97,3,10,1.0,10.222018257484226,6,0.9585145533623283,0,0.0,0.39999999999999997,38.857000000000006,37.245,1.0432809773123912,0.0
97,4,10,0.0,-24.60808915798718,200,0.0,0,0.0,13.300000000000013,918.9889999999996,31.876,28.830122976534057,0.0
97,5,10,0.0,-30.854687593027606,200,0.0,0,0.0,25.05,1121.9399999999982,60.466,18.554890351602523,0.0
97,6,10,0.0,-23.389259123373407,200,0.0,0,0.0,10.050000000000008,620.4639999999991,40.88399999999999,15.176205850699521,0.0
97,7,10,0.0,-23.000151144922775,200,0.0,0,0.0,10.000000000000007,678.5999999999993,39.697,17.09449076756428,0.0
97,8,10,0.0,-13.58887331288344,18,0.0,10,1.0,0.6000000000000001,44.065,32.6,1.351687116564417,0.0
97,9,10,1.0,10.85,1,1.0,0,0.0,0.1,3.999,3.999,1.0,0.0
98,0,10,0.0,-30.62503947203909,200,0.0,0,0.0,24.85,682.7149999999974,55.989,12.193734483559226,0.0
98,1,10,0.0,-25.589149195879784,200,0.0,0,0.0,15.000000000000002,355.79599999999937,46.697,7.61924748913205,0.0
98,2,10,0.0,-23.11894094717395,200,0.0,0,0.0,10.000000000000007,898.4079999999975,39.507,22.740476371275914,0.0
98,3,10,0.0,-24.617252470996025,200,0.0,0,0.0,13.300000000000013,1279.9969999999996,64.043,19.98652467873147,0.0
98,4,10,1.0,10.138222010556813,7,0.6598837209302326,0,0.0,0.39999999999999997,38.184,25.197,1.5154185022026432,0.0
98,5,10,0.0,-22.85073100294804,200,0.0,0,0.0,10.000000000000007,1167.9180000000053,33.242000000000004,35.133806630166816,0.0
98,6,10,0.0,-22.85754506740805,200,0.0,0,0.0,10.000000000000007,1080.7839999999999,45.321000000000005,23.847311400895826,0.0
98,7,10,1.0,9.743815731418715,10,0.9522008975460708,0,0.0,0.6000000000000001,52.364999999999995,49.861999999999995,1.0501985479924592,0.0
98,8,10,1.0,10.005523820275457,7,0.9408390865639935,0,0.0,0.6500000000000001,28.245,26.573999999999998,1.0628810115150147,0.0
98,9,10,0.0,-23.245532982471783,200,0.0,0,0.0,10.050000000000008,472.7010000000017,22.421,21.082957941215902,0.0
99,0,10,0.0,-27.862340561224567,200,0.0,0,0.0,20.00000000000003,1251.8000000000025,31.36,39.91709183673477,0.0
99,1,10,1.0,10.512306535249179,4,0.9066537467700257,0,0.0,0.2,27.864,25.262999999999998,1.1029568934805845,0.0
99,2,10,0.0,-25.44839170303265,200,0.0,0,0.0,14.950000000000003,1162.6429999999998,54.309,21.407925021635453,0.0
99,3,10,1.0,10.632933180603283,3,0.8432609955567003,0,0.0,0.15000000000000002,31.058,26.189999999999998,1.185872470408553,0.0
99,4,10,0.0,-25.64590737131717,200,0.0,0,0.0,15.000000000000002,495.0289999999985,34.891999999999996,14.187464175169053,0.0
99,5,10,1.0,10.85,1,1.0,0,0.0,0.1,3.598,3.598,1.0,0.0
99,6,10,0.0,-25.997585331825952,200,0.0,0,0.0,15.350000000000003,514.4519999999972,41.57300000000001,12.374666249729321,0.0
99,7,10,1.0,10.123615424598793,7,0.458843872044838,0,0.0,0.44999999999999996,33.543,15.391000000000002,2.1793905529205375,0.0
99,8,10,0.0,-25.57048756033307,200,0.0,0,0.0,15.000000000000004,956.2959999999977,42.887,22.29803903280709,0.0
99,9,10,0.0,-28.13386570841887,200,0.0,0,0.0,19.750000000000025,736.2689999999989,48.7,15.118459958932213,0.0
100,0,10,0.0,-23.617684587601328,200,0.0,0,0.0,10.150000000000011,968.8239999999992,50.66700000000001,19.12140051710184,0.0
100,1,10,1.0,8.742011740919411,16,0.6195839697592387,0,0.0,1.5000000000000004,91.003,56.38399999999999,1.6139862372304201,0.0
100,2,10,0.0,-23.039494009817762,200,0.0,0,0.0,10.000000000000007,1455.0009999999947,58.262,24.97341320243031,0.0
100,3,10,1.0,10.227095253517579,6,0.8403338474099612,0,0.0,0.39999999999999997,33.068999999999996,27.789,1.1900032386915684,0.0
100,4,10,0.0,-25.52431353421498,200,0.0,0,0.0,15.050000000000002,506.4209999999972,27.678,18.2968783871666,0.0
100,5,10,0.0,-23.104416282642063,200,0.0,0,0.0,10.000000000000007,543.7999999999996,26.040000000000003,20.883256528417803,0.0
100,6,10,1.0,10.635833606467825,3,1.0,0,0.0,0.15000000000000002,18.306,18.306,1.0,0.0
100,7,10,0.0,-25.893781386722406,200,0.0,0,0.0,15.050000000000002,886.833999999996,42.056000000000004,21.08697926574082,0.0
100,8,10,1.0,10.393082162772641,5,0.7289051245112164,0,0.0,0.25,19.436,14.167000000000002,1.3719206606903365,0.0
100,9,10,0.0,-25.947746576244366,200,0.0,0,0.0,14.950000000000003,850.3010000000037,30.376,27.99252699499617,0.0
101,0,10,1.0,10.01524754116477,7,0.8590143184874615,0,0.0,0.65,63.205,54.294,1.164124949349836,0.0
101,1,10,0.0,-22.98899074323708,200,0.0,0,0.0,10.000000000000007,570.0000000000022,44.507999999999996,12.806686438393148,0.0
101,2,10,0.0,-23.30260114297217,200,0.0,0,0.0,10.000000000000007,643.2359999999992,39.721,16.193852118526706,0.0
101,3,10,0.0,-25.47457720385927,200,0.0,0,0.0,15.000000000000004,431.79999999999905,27.259,15.840639788693608,0.0
101,4,10,0.0,-12.812123741994512,12,0.0,10,1.0,0.15000000000000002,20.518,34.976,0.5866308325709058,0.0
101,5,10,1.0,9.494529763257884,11,0.7740629948970613,0,0.0,0.9500000000000002,39.781000000000006,30.793,1.2918845192089112,0.0
101,6,10,0.0,-13.07723148278947,12,0.0,10,1.0,0.25,7.931,42.474000000000004,0.18672599708056692,0.0
101,7,10,1.0,10.114425350701403,7,0.6779661016949152,0,0.0,0.45,29.441000000000003,19.96,1.475,0.0
101,8,10,0.0,-23.078763834443258,200,0.0,0,0.0,10.000000000000007,1185.3999999999999,63.519000000000005,18.662132590248582,0.0
101,9,10,0.0,-25.61281504200559,200,0.0,0,0.0,15.000000000000004,819.0850000000025,29.996,27.306474196559627,0.0
102,0,10,1.0,10.875,1,1.0,0,0.0,0.05,3.518,3.518,1.0,0.0
102,1,10,0.0,-23.0768841286375,200,0.0,0,0.0,10.050000000000008,729.5280000000026,45.11899999999999,16.168975376227372,0.0
102,2,10,1.0,10.106718033388368,7,0.8981956993381486,0,0.0,0.44999999999999996,36.413,32.706,1.1133431174708002,0.0
102,3,10,1.0,10.584283367556468,3,0.5627455511902011,0,0.0,0.25,17.308,9.74,1.7770020533880904,0.0
102,4,10,0.0,-25.089932132132088,200,0.0,0,0.0,13.500000000000012,512.3889999999997,33.300000000000004,15.387057057057046,0.0
102,5,10,1.0,9.490095784384021,11,0.8991470228452406,0,0.0,0.9,60.49400000000001,54.392999999999994,1.1121651683120992,0.0
102,6,10,1.0,10.583290209983932,3,0.95472097328749,0,0.0,0.25,18.905,18.049,1.0474264502188488,0.0
102,7,10,1.0,9.114869456162355,14,0.6616426782535227,0,0.0,1.1,66.28200000000001,43.855000000000004,1.511389807319576,0.0
102,8,10,0.0,-13.948460813430316,23,0.0,10,1.0,0.8,66.034,56.230999999999995,1.174334441855916,0.0
102,9,10,1.0,10.521274120706172,4,0.5553697651440298,0,0.0,0.2,26.314,14.613999999999999,1.8006021623101136,0.0
103,0,10,1.0,9.668118322621432,10,0.9781510872925899,0,0.0,0.75,48.515,47.455,1.0223369507954905,0.0
103,1,10,1.0,10.592044547173776,3,0.6742225685343912,0,0.0,0.25,14.117,9.518,1.4831897457449044,0.0
103,2,10,0.0,-23.05805102358932,200,0.0,0,0.0,10.000000000000007,729.2399999999989,76.984,9.472617686792047,0.0
103,3,10,1.0,10.63498332679482,3,1.0,0,0.0,0.15000000000000002,10.196,10.196,1.0,0.0
103,4,10,1.0,10.343278538214683,5,1.0,0,0.0,0.35,30.538,30.538,1.0,0.0
103,5,10,1.0,10.341912338973922,5,0.8262804584059636,0,0.0,0.35000000000000003,26.963,22.279,1.2102428295704475,0.0
103,6,10,0.0,-26.129932715807303,200,0.0,0,0.0,15.000000000000004,474.44399999999877,66.286,7.1575294934073375,0.0
103,7,10,1.0,10.007897600712784,8,0.8451029957510889,0,0.0,0.44999999999999996,37.186,31.425999999999995,1.183287723541017,0.0
103,8,10,0.0,-22.728586982821255,200,0.0,0,0.0,10.000000000000007,1050.1999999999966,16.532,63.525284297120535,0.0
103,9,10,1.0,10.248430125007006,5,0.9066836086404066,0,0.0,0.55,19.675,17.839000000000002,1.1029205672963731,0.0
104,0,10,0.0,-23.500384852098342,200,0.0,0,0.0,10.050000000000008,597.059,51.99399999999999,11.483228834096243,0.0
104,1,10,0.0,-25.810083626227026,200,0.0,0,0.0,15.000000000000004,777.9759999999968,33.004,23.572173069930823,0.0
104,2,10,0.0,-23.034909124010092,200,0.0,0,0.0,10.000000000000007,1455.0009999999947,65.914,22.074233091604132,0.0
104,3,10,0.0,-23.326968192481928,200,0.0,0,0.0,10.000000000000007,962.6090000000031,36.658,26.259179442413746,0.0
104,4,10,0.0,-26.51766968153841,200,0.0,0,0.0,16.599999999999994,702.2430000000021,39.471,17.79136581287533,0.0
104,5,10,1.0,10.159406167311216,6,0.5445275699639789,0,0.0,0.5499999999999999,36.09,19.652,1.8364543049053532,0.0
104,6,10,0.0,-22.909112163188937,200,0.0,0,0.0,10.000000000000007,685.643000000003,51.327000000000005,13.358329923821827,0.0
104,7,10,1.0,10.875,1,1.0,0,0.0,0.05,2.943,2.943,1.0,0.0
104,8,10,0.0,-25.502260454602517,200,0.0,0,0.0,15.000000000000004,525.4939999999979,55.740999999999985,9.427423261154232,0.0
104,9,10,1.0,8.471624310527398,19,0.6770134497480178,0,0.0,1.45,93.45900000000002,63.273,1.4770755298468543,0.0
105,0,10,1.0,10.207178572820453,6,0.821824354621741,0,0.0,0.45,31.222,25.659,1.2168050196812035,0.0
105,1,10,0.0,-12.899999999999999,10,0.0,10,1.0,0.0,0.0,47.01900000000001,0.0,0.0
105,2,10,0.0,-12.899999999999999,10,0.0,10,1.0,0.0,0.0,65.07499999999999,0.0,0.0
105,3,10,1.0,10.466797701844571,4,0.8416899974548231,0,0.0,0.3,31.432,26.456,1.1880858784396733,0.0
105,4,10,0.0,-30.483545253863202,200,0.0,0,0.0,24.85,852.0,54.36,15.673289183222959,0.0
105,5,10,0.0,-25.639940900588275,200,0.0,0,0.0,15.000000000000004,1032.4000000000026,36.887,27.988180117656697,0.0
105,6,10,0.0,-23.11871156661785,200,0.0,0,0.0,10.000000000000007,1351.5499999999952,34.15,39.57686676427512,0.0
105,7,10,0.0,-13.738263992644523,16,0.0,10,1.0,0.6,18.318,52.206,0.35087920928628896,0.0
105,8,10,1.0,10.730694708793301,2,1.0,0,0.0,0.15000000000000002,7.881,7.881,1.0,0.0
105,9,10,0.0,-13.206125501988925,16,0.0,10,1.0,0.39999999999999997,31.823999999999998,52.541000000000004,0.6056984069583753,0.0
106,0,10,1.0,10.754525832766825,2,1.0,0,0.0,0.1,11.768,11.768,1.0,0.0
106,1,10,1.0,9.728002673201159,10,0.6882330394787275,0,0.0,0.65,65.225,44.88999999999999,1.4529962129650258,0.0
106,2,10,0.0,-25.545119512427465,200,0.0,0,0.0,15.000000000000004,473.80000000000257,52.505,9.023902485477622,0.0
106,3,10,0.0,-26.022773076482164,200,0.0,0,0.0,15.000000000000002,520.4699999999971,43.605,11.93601651186784,0.0
106,4,10,1.0,10.734940765813413,2,0.5,0,0.0,0.15000000000000002,9.454,4.727,2.0,0.0
106,5,10,0.0,-12.998787511514037,15,0.0,10,1.0,0.35,24.887999999999998,41.254,0.6032869539923401,0.0
106,6,10,0.0,-22.92879723949828,200,0.0,0,0.0,10.000000000000007,689.2000000000031,48.397,14.240552100336863,0.0
106,7,10,0.0,-12.824277935433793,15,0.0,10,1.0,0.35000000000000003,40.595,41.229,0.9846224744718524,0.0
106,8,10,1.0,10.370800374573097,5,0.8429606240713223,0,0.0,0.3,21.536,18.154,1.1862950313980392,0.0
106,9,10,1.0,10.129526602133824,7,0.5854395036194415,0,0.0,0.4,48.35,28.305999999999997,1.7081184201229422,0.0
107,0,10,0.0,-22.962275181402354,200,0.0,0,0.0,10.000000000000007,438.8000000000008,58.157999999999994,7.544963719522694,0.0
107,1,10,0.0,-12.9,10,0.0,10,1.0,0.0,0.0,48.32999999999999,0.0,0.0
107,2,10,0.0,-23.03918027764779,200,0.0,0,0.0,10.000000000000007,486.00000000000114,62.020999999999994,7.836055529578711,0.0
107,3,10,0.0,-12.899999999999999,10,0.0,10,1.0,0.0,0.0,47.406000000000006,0.0,0.0
107,4,10,0.0,-23.174317518591735,200,0.0,0,0.0,10.050000000000008,877.3980000000008,53.114999999999995,16.518836486868132,0.0
107,5,10,1.0,10.585072128413591,3,0.9336317633320358,0,0.0,0.25,25.69,23.985,1.0710860954763395,0.0
107,6,10,1.0,10.22476375722325,6,0.9444602982093172,0,0.0,0.39999999999999997,28.034,26.476999999999997,1.058805755939117,0.0
107,7,10,0.0,-23.276429526233333,200,0.0,0,0.0,10.050000000000008,525.2970000000008,38.900999999999996,13.503431788385925,0.0
107,8,10,1.0,10.610598556839243,3,1.0,0,0.0,0.2,25.361,25.361,1.0,0.0
107,9,10,1.0,10.875,1,1.0,0,0.0,0.05,4.082,4.082,1.0,0.0
108,0,10,0.0,-13.042125647512348,11,0.0,10,1.0,0.05,1.518,49.80599999999999,0.03047825563185159,0.0
108,1,10,1.0,9.73789566937245,9,0.8087105749845882,0,0.0,0.8,60.019,48.538,1.2365363220569452,0.0
108,2,10,1.0,10.754961550292219,2,1.0,0,0.0,0.1,9.753,9.753,1.0,0.0
108,3,10,1.0,10.875,1,1.0,0,0.0,0.05,4.228,4.228,1.0,0.0
108,4,10,0.0,-23.282030700551122,200,0.0,0,0.0,10.050000000000008,670.8380000000033,40.097,16.730378831334097,0.0
108,5,10,1.0,9.671091263568343,10,0.8930613397331827,0,0.0,0.7500000000000001,42.501000000000005,37.956,1.1197439140056908,0.0
108,6,10,0.0,-25.681602240336066,200,0.0,0,0.0,15.000000000000002,1222.7549999999942,39.994,30.573461019152727,0.0
108,7,10,1.0,10.516683773407506,4,1.0,0,0.0,0.2,25.526,25.526,1.0,0.0
108,8,10,0.0,-12.92872749219627,11,0.0,10,1.0,0.05,6.307,65.03300000000002,0.09698153245275473,0.0
108,9,10,1.0,10.748881426586383,2,0.1981642955484167,0,0.0,0.15000000000000002,10.895,2.159,5.046317739694303,0.0
109,0,10,0.0,-25.966344409011484,200,0.0,0,0.0,15.100000000000003,629.0459999999989,48.605,12.94200185166133,0.0
109,1,10,1.0,9.912055618113087,8,0.7476247745039086,0,0.0,0.65,66.52,49.732,1.337569371833025,0.0
109,2,10,1.0,10.875,1,1.0,0,0.0,0.05,6.727,6.727,1.0,0.0
109,3,10,0.0,-12.656224620698161,13,0.0,10,1.0,0.25,30.699,40.53500000000001,0.7573455038855309,0.0
109,4,10,0.0,-25.374356167475398,200,0.0,0,0.0,15.100000000000003,446.55300000000165,53.166,8.399221306850274,0.0
109,5,10,0.0,-23.126899092970476,200,0.0,0,0.0,10.000000000000007,895.3999999999967,35.28,25.379818594104215,0.0
109,6,10,1.0,10.000338317500601,7,0.9810908112109282,0,0.0,0.6500000000000001,29.721,29.159,1.0192736376418945,0.0
109,7,10,1.0,10.609473867595819,3,1.0,0,0.0,0.2,8.61,8.61,1.0,0.0
109,8,10,0.0,-13.134305285280611,13,0.0,10,1.0,0.15000000000000002,13.206,51.388000000000005,0.25698606678602004,0.0
109,9,10,0.0,-26.005247317133268,200,0.0,0,0.0,14.950000000000003,1137.7479999999994,48.641999999999996,23.390238888203598,0.0
110,0,10,0.0,-24.98613338151263,200,0.0,0,0.0,13.300000000000013,1036.3009999999988,44.278999999999996,23.40389349352964,0.0
110,1,10,1.0,10.058918982448809,7,0.820486445944498,0,0.0,0.55,46.66499999999999,38.288,1.218789176765566,0.0
110,2,10,1.0,9.516236707178123,12,0.7891946572750604,0,0.0,0.7000000000000001,53.381,42.128,1.2671145081655906,0.0
110,3,10,1.0,9.739678424499136,9,1.0,0,0.0,0.7999999999999999,41.07900000000001,41.07900000000001,1.0,0.0
110,4,10,0.0,-12.964107901854714,13,0.0,10,1.0,0.2,14.43,41.408,0.34848338485316843,0.0
110,5,10,1.0,9.951408161519378,8,0.9596683155107655,0,0.0,0.55,48.721,46.756,1.042026691761485,0.0
110,6,10,1.0,9.984686375438438,7,0.8504629450276993,0,0.0,0.7000000000000001,25.813000000000002,21.953000000000003,1.1758301826629618,0.0
110,7,10,0.0,-24.683332164152947,200,0.0,0,0.0,13.300000000000013,554.4369999999997,48.46699999999999,11.439474281469861,0.0
110,8,10,0.0,-13.044687062587483,13,0.0,10,1.0,0.2,15.018,35.007,0.4289999143028538,0.0
110,9,10,0.0,-23.198072915392764,200,0.0,0,0.0,10.050000000000008,804.6680000000017,40.883,19.682215101631524,0.0
111,0,10,1.0,10.7691649122807,2,0.2638644569947227,0,0.0,0.1,10.801,2.85,3.789824561403509,0.0
111,1,10,0.0,-22.808255259560557,200,0.0,0,0.0,10.000000000000007,1150.1999999999966,29.993,38.34894808788707,0.0
111,2,10,0.0,-23.036997342979017,200,0.0,0,0.0,10.000000000000007,782.2990000000017,44.787000000000006,17.467099828075145,0.0
111,3,10,0.0,-12.89912622785275,11,0.0,10,1.0,0.1,11.076,54.46500000000001,0.2033599559350041,0.0
111,4,10,1.0,10.746487443657438,2,0.2935450335507041,0,0.0,0.15000000000000002,10.581,3.106,3.406632324533162,0.0
111,5,10,1.0,10.465588200659445,4,0.9363766677693239,0,0.0,0.3,18.138,16.983999999999998,1.067946302402261,0.0
111,6,10,1.0,9.709565636611638,9,0.8728011658695786,0,0.0,0.8500000000000001,48.719,42.522,1.1457363247260242,0.0
111,7,10,0.0,-25.492208975386085,200,0.0,0,0.0,15.000000000000002,1373.483999999996,63.663,21.574289618773797,0.0
111,8,10,0.0,-24.038260032789214,200,0.0,0,0.0,12.500000000000014,753.1499999999997,28.058,26.84261173283911,0.0
111,9,10,0.0,-13.03605804219767,11,0.0,10,1.0,0.05,5.639,61.282999999999994,0.09201573030040959,0.0
112,0,10,0.0,-33.08000127587632,200,0.0,0,0.0,29.850000000000005,1147.605000000004,62.702000000000005,18.30252623520787,0.0
112,1,10,0.0,-25.455716436689055,200,0.0,0,0.0,15.000000000000004,735.4619999999969,48.483000000000004,15.169482086504484,0.0
112,2,10,0.0,-22.94007306449352,200,0.0,0,0.0,10.000000000000007,924.1999999999974,14.234,64.9290431361527,0.0
112,3,10,0.0,-23.232723122629906,200,0.0,0,0.0,10.100000000000009,808.1700000000017,41.401,19.520542982053612,0.0
112,4,10,0.0,-24.863543410241427,200,0.0,0,0.0,13.350000000000012,662.8909999999983,39.31099999999999,16.86273562107294,0.0
112,5,10,1.0,10.269550064366229,5,0.8829041111080309,0,0.0,0.5000000000000001,36.073,31.849,1.1326258281264718,0.0
112,6,10,1.0,9.541225226670946,11,0.9519008611636212,0,0.0,0.8,52.371,49.852000000000004,1.0505295675198587,0.0
112,7,10,1.0,10.730933007035791,2,1.0,0,0.0,0.15000000000000002,6.538,6.538,1.0,0.0
112,8,10,0.0,-23.083732480464953,200,0.0,0,0.0,10.000000000000007,366.0080000000006,56.437,6.485249038751185,0.0
112,9,10,1.0,10.119387655920947,7,0.49530610607397885,0,0.0,0.45,49.852000000000004,24.691999999999997,2.018953507208813,0.0
113,0,10,0.0,-24.836370480330825,200,0.0,0,0.0,13.350000000000012,716.366999999998,18.862000000000002,37.9793765242285,0.0
113,1,10,0.0,-24.851453356382688,200,0.0,0,0.0,13.400000000000013,637.8249999999989,48.013,13.284422968779266,0.0
113,2,10,0.0,-22.956777141199492,200,0.0,0,0.0,10.000000000000007,1257.4770000000024,55.156,22.79855319457543,0.0
113,3,10,0.0,-22.95880461971393,200,0.0,0,0.0,10.050000000000008,576.9479999999991,51.172,11.274681466426935,0.0
113,4,10,0.0,-23.48824775992038,200,0.0,0,0.0,10.050000000000008,542.1230000000008,56.248000000000005,9.638084909685691,0.0
113,5,10,1.0,10.468193264757351,4,1.0,0,0.0,0.30000000000000004,23.429000000000002,23.429000000000002,1.0,0.0
113,6,10,1.0,10.372217541585655,5,1.0,0,0.0,0.3,27.773999999999997,27.773999999999997,1.0,0.0
113,7,10,1.0,10.251789267266119,6,0.8091331269349846,0,0.0,0.35,25.84,20.908,1.2358905682035584,0.0
113,8,10,1.0,9.391250608390928,12,0.7322949709519906,0,0.0,0.9500000000000002,56.114000000000004,41.092000000000006,1.3655699406210453,0.0
113,9,10,0.0,-25.84268902825731,200,0.0,0,0.0,14.900000000000002,578.9429999999987,42.573,13.598830244521146,0.0
114,0,10,0.0,-24.184623178616217,200,0.0,0,0.0,12.500000000000014,731.0500000000002,51.815000000000005,14.108848788960728,0.0
114,1,10,0.0,-13.0081473578842,16,0.0,10,1.0,0.35,30.814000000000004,37.961999999999996,0.8117064432853909,0.0
114,2,10,1.0,10.117519691879995,7,0.7874669342333303,0,0.0,0.45,43.852,34.532,1.2698945905247307,0.0
114,3,10,0.0,-13.603450323014009,18,0.0,10,1.0,0.65,36.833999999999996,50.617,0.7277001797814963,0.0
114,4,10,1.0,10.59351161693596,3,0.40955417089310725,0,0.0,0.25,20.703,8.479,2.4416794433305817,0.0
114,5,10,0.0,-13.374090090683527,18,0.0,10,1.0,0.44999999999999996,41.52300000000001,45.54299999999999,0.9117317699756278,0.0
114,6,10,0.0,-13.577332349290481,16,0.0,10,1.0,0.45,21.637,59.618,0.3629273038344124,0.0
114,7,10,1.0,10.535286318758816,3,0.8686241679258381,0,0.0,0.35000000000000003,24.487000000000002,21.27,1.1512458862247297,0.0
114,8,10,0.0,-13.955965033333982,20,0.0,10,1.0,0.8500000000000001,40.563,51.44900000000001,0.7884118253027268,0.0
114,9,10,0.0,-13.610403901559302,20,0.0,10,1.0,1.05,49.982,45.46900000000001,1.0992544370890054,0.0
115,0,10,1.0,10.8,1,1.0,0,0.0,0.2,2.301,2.301,1.0,0.0
115,1,10,0.0,-23.03366620574428,200,0.0,0,0.0,10.050000000000008,1203.7900000000031,34.713,34.678362573099506,0.0
115,2,10,0.0,-13.157936370807196,14,0.0,10,1.0,0.3,16.593,53.24600000000001,0.3116290425571873,0.0
115,3,10,0.0,-23.558775943659914,200,0.0,0,0.0,10.400000000000013,652.236999999999,53.674,12.151823974363731,0.0
115,4,10,1.0,10.39248559523422,5,1.0,0,0.0,0.25,30.719,30.719,1.0,0.0
115,5,10,1.0,9.870006451298782,9,0.70320471119937,0,0.0,0.55,58.414,41.077,1.4220610073763909,0.0
115,6,10,0.0,-25.551294647426072,200,0.0,0,0.0,15.000000000000004,1638.2860000000046,48.855000000000004,33.533640364343555,0.0
115,7,10,1.0,10.467254641909815,4,0.7985816909191379,0,0.0,0.3,21.716,17.342,1.252220043824242,0.0
115,8,10,0.0,-13.14058931502761,14,0.0,10,1.0,0.25,13.095,33.505,0.3908371884793314,0.0
115,9,10,1.0,10.63486323171035,3,1.0,0,0.0,0.15000000000000002,20.107000000000003,20.107000000000003,1.0,0.0
116,0,10,0.0,-13.17234356105308,16,0.0,10,1.0,0.45,70.39,68.63700000000001,1.0255401605548027,0.0
116,1,10,0.0,-13.540967243299763,16,0.0,10,1.0,0.3,30.814999999999998,43.990999999999985,0.700484189947944,0.0
116,2,10,0.0,-22.92846770629459,200,0.0,0,0.0,10.000000000000007,1098.9999999999993,31.678000000000004,34.69284677062943,0.0
116,3,10,1.0,10.610716453811351,3,0.901073382185984,0,0.0,0.2,19.378,17.461,1.1097875264876012,0.0
116,4,10,0.0,-23.104006544015327,200,0.0,0,0.0,10.000000000000007,1244.7200000000023,51.038999999999994,24.387625149395607,0.0
116,5,10,0.0,-30.03442851737258,200,0.0,0,0.0,23.40000000000002,748.7179999999989,44.927,16.665212455761544,0.0
116,6,10,1.0,10.729563829787233,2,1.0,0,0.0,0.15000000000000002,18.8,18.8,1.0,0.0
116,7,10,0.0,-25.586451858429584,200,0.0,0,0.0,15.000000000000002,738.1539999999969,47.297999999999995,15.60645270413119,0.0
116,8,10,0.0,-22.920607166388,200,0.0,0,0.0,10.000000000000007,921.0000000000024,39.462,23.33890831686185,0.0
116,9,10,0.0,-24.90542122093025,200,0.0,0,0.0,13.350000000000012,651.8560000000001,34.4,18.9493023255814,0.0
117,0,10,1.0,10.484639740207022,3,0.6606328774470367,0,0.0,0.45,14.916,9.854,1.5137000202963264,0.0
117,1,10,0.0,-25.755076016797645,200,0.0,0,0.0,15.100000000000003,942.9640000000026,51.436,18.332763045337945,0.0
117,2,10,1.0,10.586209758833427,3,0.8777630089105497,0,0.0,0.25,20.313000000000002,17.83,1.1392596747055528,0.0
117,3,10,1.0,9.85703886748199,8,0.8717686578063385,0,0.0,0.75,34.235,29.845,1.1470933154632268,0.0
117,4,10,0.0,-23.17574375949872,200,0.0,0,0.0,10.000000000000007,1255.586000000006,48.033,26.14007036828859,0.0
117,5,10,0.0,-25.486428398937363,200,0.0,0,0.0,15.000000000000002,707.6969999999997,41.410000000000004,17.090002414875624,0.0
117,6,10,0.0,-13.503656369966967,19,0.0,10,1.0,0.65,56.802,44.804,1.267788590304437,0.0
117,7,10,0.0,-13.515995016565046,19,0.0,10,1.0,0.6500000000000001,87.057,71.83800000000001,1.2118516662490604,0.0
117,8,10,0.0,-22.98006608272814,200,0.0,0,0.0,10.000000000000007,855.7999999999994,64.162,13.338112901717517,0.0
117,9,10,1.0,9.71706410168484,9,0.8935896388298741,0,0.0,0.8500000000000001,48.952,43.742999999999995,1.119081910248497,0.0
118,0,10,1.0,9.8721957581459,9,0.6218192453933901,0,0.0,0.55,37.608999999999995,23.386000000000003,1.6081843838193788,0.0
118,1,10,0.0,-25.834969439649125,200,0.0,0,0.0,14.950000000000003,905.131999999996,42.866,21.11538282088359,0.0
118,2,10,0.0,-22.959036849889095,200,0.0,0,0.0,10.000000000000007,1125.8000000000006,64.912,17.343480404239592,0.0
118,3,10,0.0,-23.022369863686194,200,0.0,0,0.0,10.000000000000007,1029.9500000000016,61.108999999999995,16.85430951251046,0.0
118,4,10,1.0,10.084915758766448,7,0.9029916942182084,0,0.0,0.49999999999999994,37.202999999999996,33.594,1.1074298981961064,0.0
118,5,10,0.0,-23.515566819317183,200,0.0,0,0.0,10.400000000000013,1145.5860000000005,48.04,23.846502914238144,0.0
118,6,10,0.0,-24.902804174444256,200,0.0,0,0.0,13.450000000000014,804.0229999999991,58.93,13.643695910402156,0.0
118,7,10,0.0,-25.58990182028202,200,0.0,0,0.0,15.000000000000004,809.9539999999973,46.75099999999999,17.324848666338635,0.0
118,8,10,0.0,-33.17566559325105,200,0.0,0,0.0,29.700000000000006,1143.3950000000043,44.096000000000004,25.929676161103142,0.0
118,9,10,0.0,-23.07805684591762,200,0.0,0,0.0,10.000000000000007,1480.939999999996,63.50500000000001,23.320053539091344,0.0
119,0,10,0.0,-12.899999999999999,10,0.0,10,1.0,0.0,0.0,55.989,0.0,0.0
119,1,10,0.0,-23.944505351899142,200,0.0,0,0.0,10.550000000000015,1200.9829999999988,52.78500000000001,22.752353888415243,0.0
119,2,10,0.0,-13.094908289152997,16,0.0,10,1.0,0.55,28.612,39.79900000000001,0.7189125354908413,0.0
119,3,10,0.0,-24.156211449840495,200,0.0,1,0.0,9.950000000000006,1020.2639999999944,33.852,30.138957816377008,0.0
119,4,10,1.0,10.85,1,1.0,0,0.0,0.1,1.868,1.868,1.0,0.0
119,5,10,1.0,9.889252793533268,8,0.744920936116382,0,0.0,0.7000000000000001,39.525,29.442999999999998,1.3424243453452434,0.0
119,6,10,0.0,-22.920223187664973,200,0.0,0,0.0,10.000000000000007,1123.8000000000022,70.434,15.955362466990406,0.0
119,7,10,0.0,-25.84098780216099,200,0.0,0,0.0,15.200000000000003,377.30599999999936,35.908,10.507574913668245,0.0
119,8,10,0.0,-31.915180671964478,200,0.0,9,0.0,9.650000000000002,771.8730000000015,41.401,18.64382502838099,0.0
119,9,10,0.0,-12.899999999999999,10,0.0,10,1.0,0.0,0.0,19.570999999999998,0.0,0.0
120,0,10,0.0,-13.803999845559845,19,0.0,10,1.0,0.65,40.949000000000005,32.375,1.264833976833977,0.0
120,1,10,1.0,9.723822419668938,10,0.6448599964680258,0,0.0,0.6500000000000001,50.962999999999994,32.864,1.5507241966893865,0.0
120,2,10,0.0,-23.07394474458644,200,0.0,0,0.0,10.000000000000007,673.3999999999993,45.534,14.788948917292558,0.0
120,3,10,1.0,10.252168496253702,6,0.9451581027667983,0,0.0,0.35000000000000003,24.288,22.956,1.0580240460010455,0.0
120,4,10,1.0,9.969803927881518,8,0.7430088749611273,0,0.0,0.55,41.803,31.060000000000002,1.3458789439793946,0.0
120,5,10,0.0,-24.693939722463096,200,0.0,0,0.0,13.300000000000013,1280.8789999999997,69.17999999999999,18.515163342006357,0.0
120,6,10,1.0,9.872802877550322,9,0.731049817618548,0,0.0,0.55,40.025999999999996,29.261,1.3678958340453162,0.0
120,7,10,1.0,10.229710299434505,6,0.8596931659693166,0,0.0,0.39999999999999997,25.095,21.573999999999998,1.163205710577547,0.0
120,8,10,1.0,10.346780665073677,5,0.9272525849335302,0,0.0,0.35000000000000003,43.328,40.176,1.0784547988849065,0.0
120,9,10,0.0,-13.204230937629983,19,0.0,10,1.0,0.6499999999999999,62.07900000000001,45.679,1.359027124061385,0.0
121,0,10,1.0,9.885292070513238,8,0.9632809073250203,0,0.0,0.7000000000000001,31.918000000000006,30.746000000000002,1.0381187796786575,0.0
121,1,10,0.0,-28.387639830147613,200,0.0,0,0.0,19.90000000000003,1055.4190000000028,82.18900000000001,12.841365632870613,0.0
121,2,10,1.0,9.87356206169109,9,0.9117483971582049,0,0.0,0.55,57.71,52.617000000000004,1.0967938118858924,0.0
121,3,10,1.0,10.2650462372449,5,1.0,0,0.0,0.5000000000000001,31.359999999999996,31.359999999999996,1.0,0.0
121,4,10,0.0,-25.33123380684357,200,0.0,0,0.0,15.000000000000002,755.6000000000024,22.386000000000003,33.753238631287516,0.0
121,5,10,0.0,-23.15098064599653,200,0.0,0,0.0,10.000000000000007,950.9099999999992,30.898000000000003,30.77577836753185,0.0
121,6,10,1.0,10.340631564122168,5,0.902884755122802,0,0.0,0.35000000000000003,27.524,24.851000000000003,1.1075610639410889,0.0
121,7,10,1.0,10.610050433913399,3,0.9042688688935453,0,0.0,0.2,24.339000000000002,22.009,1.1058657821800173,0.0
121,8,10,0.0,-23.268399682643334,200,0.0,0,0.0,10.000000000000007,899.4599999999975,21.427000000000003,41.97787837774758,0.0
121,9,10,1.0,9.582857800982802,11,0.8167565533676159,0,0.0,0.7500000000000001,55.81099999999999,45.584,1.2243550368550367,0.0
122,0,10,0.0,-12.945898262953866,12,0.0,10,1.0,0.1,7.029,33.793,0.20800165714793004,0.0
122,1,10,0.0,-25.5020870022103,200,0.0,0,0.0,15.000000000000002,1165.3519999999996,55.19400000000001,21.11374424756313,0.0
122,2,10,0.0,-23.00352728937236,200,0.0,0,0.0,10.000000000000007,1126.7190000000023,74.27799999999999,15.168946390586747,0.0
122,3,10,0.0,-25.475636376439116,200,0.0,0,0.0,15.000000000000004,608.9500000000005,28.403000000000002,21.439636658099513,0.0
122,4,10,1.0,9.155053014717518,13,0.777149182142418,0,0.0,1.2000000000000002,65.048,50.55200000000001,1.286754233264757,0.0
122,5,10,0.0,-23.26106403982267,200,0.0,0,0.0,10.000000000000007,900.7820000000037,47.611000000000004,18.919619415681325,0.0
122,6,10,1.0,10.082614605214383,7,0.8360825097282963,0,0.0,0.49999999999999994,29.039,24.279,1.1960542032208905,0.0
122,7,10,1.0,10.58253516646639,3,0.9743784007163028,0,0.0,0.25,14.519,14.147,1.0262953276312998,0.0
122,8,10,1.0,10.627150112396968,3,0.3862927346991284,0,0.0,0.2,31.093,12.011,2.5887103488468903,0.0
122,9,10,0.0,-13.176404611721457,12,0.0,10,1.0,0.15000000000000002,9.072,47.878,0.18948159906428838,0.0
123,0,10,0.0,-13.114465266106443,13,0.0,10,1.0,0.30000000000000004,12.139,35.7,0.34002801120448173,0.0
123,1,10,0.0,-25.456117145430134,200,0.0,0,0.0,15.000000000000004,1109.775999999999,54.410999999999994,20.396169892117385,0.0
123,2,10,0.0,-12.9,10,0.0,10,1.0,0.0,0.0,14.448,0.0,0.0
123,3,10,0.0,-37.073144681292824,200,0.0,9,0.0,19.100000000000023,799.7700000000002,57.796,13.837808844902765,0.0
123,4,10,0.0,-30.296661594243705,200,0.0,2,0.0,19.60000000000001,1518.994999999996,53.229,28.536981720490637,0.0
123,5,10,0.0,-12.96488844470855,13,0.0,10,1.0,0.3,30.205,55.532999999999994,0.5439108277960852,0.0
123,6,10,1.0,9.902330062444245,8,0.8029702497492957,0,0.0,0.65,41.882000000000005,33.63,1.2453761522450193,0.0
123,7,10,0.0,-22.965177509767326,200,0.0,0,0.0,10.000000000000007,1253.400000000006,70.644,17.742483438083998,0.0
123,8,10,0.0,-26.09831146758899,200,0.0,0,0.0,15.150000000000004,382.50399999999934,50.307,7.603395153755925,0.0
123,9,10,0.0,-12.9,10,0.0,10,1.0,0.0,0.0,44.921,0.0,0.0
124,0,10,1.0,10.247026879919613,6,0.8236430098627492,0,0.0,0.35,28.998,23.884,1.2141182381510636,0.0
124,1,10,0.0,-13.28331775700935,13,0.0,10,1.0,0.2,10.16,32.1,0.3165109034267913,0.0
124,2,10,0.0,-23.38051055884624,200,0.0,0,0.0,10.000000000000007,624.6859999999991,46.596,13.406429736458048,0.0
124,3,10,1.0,10.25338389878517,6,0.808704504963095,0,0.0,0.35000000000000003,39.29,31.774,1.2365456033234719,0.0
124,4,10,1.0,10.704992143306097,2,1.0,0,0.0,0.2,6.364,6.364,1.0,0.0
124,5,10,1.0,10.390860667468086,4,0.9319782330345712,0,0.0,0.44999999999999996,18.744,17.469,1.0729864331100807,0.0
124,6,10,1.0,10.607839803339138,3,0.9923260659653402,0,0.0,0.2,19.677,19.526,1.007733278705316,0.0
124,7,10,0.0,-23.054256803907833,200,0.0,0,0.0,10.000000000000007,622.0000000000022,57.32000000000001,10.851360781577148,0.0
124,8,10,1.0,10.082209228294742,7,0.9336148912873455,0,0.0,0.49999999999999994,31.965,29.843,1.071105451864759,0.0
124,9,10,1.0,9.426447538639614,12,0.4071804823953423,0,0.0,0.9000000000000002,72.14000000000001,29.374000000000002,2.455913392796351,0.0
125,0,10,0.0,-25.420583713486472,200,0.0,0,0.0,15.000000000000004,943.0000000000017,39.677,23.766917861733543,0.0
125,1,10,0.0,-35.335595909164006,200,0.0,7,0.0,19.100000000000023,602.0499999999987,24.836000000000002,24.241021098405486,0.0
125,2,10,1.0,9.275151912102194,12,0.8045982646208146,0,0.0,1.1500000000000001,61.197,49.239,1.242856272466947,0.0
125,3,10,0.0,-12.963131485715722,14,0.0,10,1.0,0.30000000000000004,20.357,39.79900000000001,0.5114952637000929,0.0
125,4,10,0.0,-23.508389853708632,200,0.0,0,0.0,10.050000000000008,951.8360000000031,58.445,16.28601249037562,0.0
125,5,10,0.0,-13.105847114606222,14,0.0,10,1.0,0.2,16.456,17.294,0.9515438880536602,0.0
125,6,10,0.0,-23.893618682250075,200,0.0,0,0.0,12.500000000000014,1072.9500000000016,22.417,47.86322879957182,0.0
125,7,10,0.0,-27.11284579933987,200,0.0,0,0.0,16.849999999999998,901.7120000000014,48.171,18.71898029935026,0.0
125,8,10,1.0,9.349730315371763,13,0.5840359838377678,0,0.0,0.8500000000000003,65.58500000000001,38.304,1.7122232664995825,0.0
125,9,10,1.0,10.069557818852426,7,0.7046367395156528,0,0.0,0.5,67.72,47.718,1.4191709627394273,0.0
126,0,10,0.0,-22.97190278314652,200,0.0,0,0.0,10.000000000000007,934.7999999999971,41.392,22.584074217239976,0.0
126,1,10,0.0,-28.51776918829386,200,0.0,0,0.0,19.80000000000001,1538.168999999996,50.708,30.333852646525127,0.0
126,2,10,1.0,10.270719119094489,5,0.8294300729629064,0,0.0,0.5,19.598999999999997,16.256,1.2056471456692912,0.0
126,3,10,1.0,9.647449825378347,10,0.7491845313890002,0,0.0,0.8,57.329,42.949999999999996,1.3347846332945286,0.0
126,4,10,0.0,-23.123002305918465,200,0.0,0,0.0,10.000000000000007,634.3999999999993,52.03999999999999,12.190622598001525,0.0
126,5,10,1.0,10.252607189447748,6,0.9254440092289531,0,0.0,0.35,37.274,34.495,1.0805624003478767,0.0
126,6,10,1.0,10.036258711668658,8,0.9370932754880693,0,0.0,0.39999999999999997,42.873,40.175999999999995,1.0671296296296298,0.0
126,7,10,1.0,10.04701997676249,6,1.0,0,0.0,0.75,53.362,53.362,1.0,0.0
126,8,10,1.0,10.243808692616513,6,0.8039855453811878,0,0.0,0.35,28.503000000000004,22.916,1.2438034561005413,0.0
126,9,10,1.0,9.86940089035354,8,0.7376535312180144,0,0.0,0.75,46.896,34.593,1.3556499869915877,0.0
127,0,10,0.0,-28.4756940553468,200,0.0,0,0.0,19.85000000000003,1055.3870000000006,58.54,18.02847625555177,0.0
127,1,10,0.0,-23.07979550537868,200,0.0,0,0.0,10.000000000000007,749.1999999999978,46.945,15.959101075726867,0.0
127,2,10,0.0,-23.184700186933764,200,0.0,0,0.0,10.050000000000008,591.8119999999996,41.726,14.183290993625068,0.0
127,3,10,0.0,-23.388025325299036,200,0.0,0,0.0,10.200000000000012,692.4880000000018,57.254999999999995,12.094803947253547,0.0
127,4,10,0.0,-22.90403480798864,200,0.0,0,0.0,10.000000000000007,1032.6000000000017,37.00300000000001,27.905845471988798,0.0
127,5,10,0.0,-25.390737553388142,200,0.0,0,0.0,15.000000000000002,685.5999999999996,31.374000000000002,21.852489322368825,0.0
127,6,10,0.0,-25.684687173819515,200,0.0,0,0.0,15.000000000000004,2004.3999999999958,16.287,123.06747712899833,0.0
127,7,10,0.0,-23.039782378572614,200,0.0,0,0.0,10.000000000000007,681.1200000000001,40.621,16.76768174097142,0.0
127,8,10,1.0,9.798437274120335,9,0.8056979127841968,0,0.0,0.7000000000000001,42.928000000000004,34.587,1.2411599734004106,0.0
127,9,10,1.0,9.86651640474221,9,0.668978364719553,0,0.0,0.55,54.217,36.27,1.4948166528811688,0.0
128,0,10,0.0,-22.99982467418617,200,0.0,0,0.0,10.000000000000007,681.9830000000001,34.222,19.92820407924727,0.0
128,1,10,0.0,-23.112970626306907,200,0.0,0,0.0,10.100000000000009,961.7390000000034,50.215,19.152424574330446,0.0
128,2,10,0.0,-22.940716167430963,200,0.0,0,0.0,10.000000000000007,628.1999999999999,51.245000000000005,12.258756951897743,0.0
128,3,10,0.0,-23.107699699902195,200,0.0,0,0.0,10.000000000000007,901.3889999999975,59.31399999999999,15.196901237481836,0.0
128,4,10,0.0,-14.041138236161633,20,0.0,10,1.0,0.65,41.42500000000001,50.855000000000004,0.8145708386589324,0.0
128,5,10,0.0,-23.04708699122106,200,0.0,0,0.0,10.000000000000007,1455.0009999999947,48.867000000000004,29.774715042871357,0.0
128,6,10,0.0,-28.362500980910603,200,0.0,0,0.0,19.750000000000032,765.1230000000002,58.619,13.052474453675432,0.0
128,7,10,1.0,10.100884683699958,7,0.35447676858997124,0,0.0,0.45,61.94200000000001,21.957,2.82105934326183,0.0
128,8,10,1.0,9.955965064709392,8,0.8326386939339625,0,0.0,0.5499999999999999,46.306999999999995,38.556999999999995,1.2010011152319942,0.0
128,9,10,0.0,-23.381279166050582,200,0.0,0,0.0,10.150000000000011,524.4440000000025,33.815,15.509211888215363,0.0
129,0,10,0.0,-25.942107565219015,200,0.0,0,0.0,14.950000000000003,474.95999999999856,51.327000000000005,9.253609211526069,0.0
129,1,10,0.0,-25.5997738562345,200,0.0,0,0.0,15.000000000000004,1005.7340000000028,51.737,19.439356746622394,0.0
129,2,10,1.0,10.277179576645732,5,0.7708445400753093,0,0.0,0.49999999999999994,22.308,17.196,1.297278436845778,0.0
129,3,10,1.0,10.129252190847128,6,0.7311481945551885,0,0.0,0.6000000000000001,35.116,25.675,1.367711781888997,0.0
129,4,10,0.0,-25.472253946926365,200,0.0,0,0.0,15.000000000000002,552.7550000000015,44.655,12.378345090135516,0.0
129,5,10,0.0,-24.614808425136875,200,0.0,0,0.0,13.300000000000013,999.2710000000004,28.866000000000003,34.61757777315874,0.0
129,6,10,0.0,-22.94007306449352,200,0.0,0,0.0,10.000000000000007,924.1999999999974,14.234,64.9290431361527,0.0
129,7,10,1.0,10.466797701844571,4,0.8416899974548231,0,0.0,0.3,31.432,26.456,1.1880858784396733,0.0
129,8,10,0.0,-24.812758036394012,200,0.0,0,0.0,13.300000000000013,394.50100000000054,40.721000000000004,9.687900591832237,0.0
129,9,10,0.0,-28.47501668129944,200,0.0,0,0.0,19.80000000000001,1541.0999999999958,45.56,33.825724319578484,0.0
130,0,10,0.0,-23.252798400524053,200,0.0,0,0.0,10.050000000000008,553.3210000000013,36.637,15.102792259191562,0.0
130,1,10,0.0,-24.702089218827464,200,0.0,0,0.0,13.300000000000013,781.4500000000007,44.318000000000005,17.63279028837043,0.0
130,2,10,0.0,-23.006828638308235,200,0.0,0,0.0,10.000000000000007,729.400000000002,61.94499999999999,11.77496165953672,0.0
130,3,10,1.0,10.097617838850155,7,0.8731431498482998,0,0.0,0.44999999999999996,50.758,44.319,1.1452875741781177,0.0
130,4,10,1.0,9.88998595505618,8,0.7272325741890958,0,0.0,0.7000000000000001,36.225,26.343999999999998,1.3750759186152446,0.0
130,5,10,0.0,-12.826242987332778,12,0.0,10,1.0,0.2,16.394000000000002,39.393,0.41616530855735795,0.0
130,6,10,0.0,-23.051589369463223,200,0.0,0,0.0,10.000000000000007,1351.9169999999951,49.894,27.09578306008729,0.0
130,7,10,1.0,10.200231294877613,6,0.7912266621610204,0,0.0,0.44999999999999996,47.348,37.462999999999994,1.2638603422043084,0.0
130,8,10,0.0,-13.205449418243182,12,0.0,10,1.0,0.25,3.036,33.777,0.08988364863664623,0.0
130,9,10,0.0,-25.565252720010967,200,0.0,0,0.0,15.000000000000004,887.7199999999972,36.305,24.451728412064377,0.0
131,0,10,0.0,-23.099542981856054,200,0.0,0,0.0,10.150000000000011,832.2479999999975,61.398,13.554969217238305,0.0
131,1,10,0.0,-25.54755670293186,200,0.0,0,0.0,15.000000000000004,982.903999999997,54.230000000000004,18.124728010326333,0.0
131,2,10,0.0,-25.49394433212858,200,0.0,0,0.0,15.000000000000002,1017.5830000000021,48.969,20.780146623374016,0.0
131,3,10,0.0,-23.20677417952629,200,0.0,0,0.0,10.000000000000007,733.3349999999989,23.005,31.87720060856331,0.0
131,4,10,1.0,10.132627177314392,7,0.8898060764359462,0,0.0,0.39999999999999997,40.583,36.111000000000004,1.123840381047326,0.0
131,5,10,0.0,-25.632436721117326,200,0.0,0,0.0,14.950000000000003,1358.0019999999963,43.893,30.938919645501475,0.0
131,6,10,1.0,9.39761623629165,11,0.9495940910300773,0,0.0,1.1000000000000003,60.111999999999995,57.082,1.0530815318314004,0.0
131,7,10,0.0,-25.7711200737498,200,0.0,0,0.0,15.000000000000002,622.4149999999989,26.034,23.907774448797685,0.0
131,8,10,0.0,-23.074833837488278,200,0.0,0,0.0,10.000000000000007,1235.8660000000025,47.934999999999995,25.78212162303124,0.0
131,9,10,0.0,-28.181809715970772,200,0.0,0,0.0,20.00000000000003,1045.8310000000004,32.214999999999996,32.46410057426666,0.0
132,0,10,0.0,-13.284410745980598,15,0.0,10,1.0,0.4,23.105999999999998,58.03099999999999,0.39816649721700476,0.0
132,1,10,0.0,-30.531404626615824,200,0.0,0,0.0,24.55,539.3370000000004,54.381,9.917747007226797,0.0
132,2,10,1.0,10.609507000922278,3,0.7173703837363167,0,0.0,0.2,16.625999999999998,11.927,1.3939800452754254,0.0
132,3,10,0.0,-33.06459580127294,200,0.0,0,0.0,29.999999999999893,912.8300000000037,52.635000000000005,17.342642728222735,0.0
132,4,10,0.0,-25.690319429560628,200,0.0,0,0.0,14.950000000000003,617.831000000002,36.393,16.976643860083037,0.0
132,5,10,0.0,-13.454690433900028,15,0.0,10,1.0,0.25,6.8999999999999995,59.11500000000001,0.11672164425272771,0.0
132,6,10,0.0,-25.3992718664544,200,0.0,0,0.0,15.000000000000002,644.1840000000018,49.002,13.146075670380837,0.0
132,7,10,1.0,9.842768601798854,9,0.8259527255185719,0,0.0,0.6000000000000002,51.825,42.80499999999999,1.2107230463730876,0.0
132,8,10,1.0,10.198944592525379,6,1.0,0,0.0,0.45,35.266,35.266,1.0,0.0
132,9,10,0.0,-22.95905132799627,200,0.0,0,0.0,10.000000000000007,739.02,69.202,10.6791711222219,0.0
133,0,10,0.0,-13.13140370069388,12,0.0,10,1.0,0.1,8.982,31.994000000000003,0.28074013877602044,0.0
133,1,10,1.0,10.317921183961452,5,0.6383376052727938,0,0.0,0.39999999999999997,54.62,34.866,1.5665691504617678,0.0
133,2,10,1.0,10.442344249773237,4,1.0,0,0.0,0.35000000000000003,20.947,20.947,1.0,0.0
133,3,10,0.0,-25.560684010523175,200,0.0,0,0.0,15.000000000000002,901.044999999996,68.42,13.16932183572049,0.0
133,4,10,0.0,-13.464218003623785,19,0.0,10,1.0,0.75,74.33699999999999,48.568000000000005,1.5305756876956016,0.0
133,5,10,1.0,10.615560648559896,3,0.7247260647528384,0,0.0,0.2,20.169,14.616999999999997,1.3798317028117948,0.0
133,6,10,1.0,9.59229470657152,10,0.5891691767068272,0,0.0,0.9000000000000001,63.74400000000001,37.556,1.6973053573330497,0.0
133,7,10,1.0,9.871622458575182,9,0.6896328100541169,0,0.0,0.55,44.718,30.839000000000002,1.4500470183858103,0.0
133,8,10,1.0,10.704387128469662,2,1.0,0,0.0,0.2,8.142,8.142,1.0,0.0
133,9,10,0.0,-23.038892713147753,200,0.0,0,0.0,10.000000000000007,461.9339999999986,20.338,22.712852787884678,0.0
134,0,10,1.0,10.175370253897846,6,0.9315427549415646,0,0.0,0.5,32.429,30.209,1.0734880333675396,0.0
134,1,10,0.0,-12.9,10,0.0,10,1.0,0.0,0.0,47.464000000000006,0.0,0.0
134,2,10,1.0,9.9630560172499,8,0.8817285222006576,0,0.0,0.5499999999999999,50.49399999999999,44.522,1.1341359327972687,0.0
134,3,10,0.0,-27.799758045196747,200,0.0,0,0.0,19.950000000000024,898.7840000000008,50.092000000000006,17.942665495488317,0.0
134,4,10,1.0,9.5717854727246,10,0.73572046733016,0,0.0,0.9500000000000001,46.220000000000006,34.005,1.3592118806057933,0.0
134,5,10,0.0,-23.101684789102634,200,0.0,0,0.0,10.000000000000007,907.7999999999979,25.107,36.15724698291305,0.0
134,6,10,0.0,-12.9,10,0.0,10,1.0,0.0,0.0,26.679,0.0,0.0
134,7,10,0.0,-22.827709897993486,200,0.0,0,0.0,10.000000000000007,830.6000000000025,17.842,46.55307700930403,0.0
134,8,10,1.0,9.841082076464398,9,0.8939105507155496,0,0.0,0.6000000000000001,44.650999999999996,39.914,1.1186801623490503,0.0
134,9,10,0.0,-23.097252865116,200,0.0,0,0.0,10.000000000000007,912.0679999999963,50.347,18.11563747591706,0.0
135,0,10,0.0,-24.17586421119629,200,0.0,1,0.0,9.950000000000006,546.4800000000014,36.137,15.12245067382465,0.0
135,1,10,1.0,10.374218380557387,5,0.91024238789119,0,0.0,0.3,28.343,25.799,1.0986084731966355,0.0
135,2,10,1.0,9.534709401709401,11,0.7150513370190681,0,0.0,0.8500000000000001,53.178000000000004,38.025000000000006,1.3985009861932938,0.0
135,3,10,1.0,9.24137193252877,13,0.7021313229452352,0,0.0,1.05,81.31099999999999,57.09100000000001,1.4242349932563798,0.0
135,4,10,0.0,-36.82919694017879,200,0.0,9,0.0,19.100000000000033,909.6269999999988,69.80799999999999,13.03041198716478,0.0
135,5,10,1.0,10.05259671262188,7,0.9246178057553956,0,0.0,0.55,44.480000000000004,41.127,1.0815279500085102,0.0
135,6,10,1.0,9.816292234736217,9,0.8944708630888274,0,0.0,0.65,60.353,53.984,1.11797940130409,0.0
135,7,10,0.0,-12.83339264357441,13,0.0,10,1.0,0.35,28.756999999999998,44.315,0.648922486742638,0.0
135,8,10,0.0,-22.724163717034724,200,0.0,0,0.0,10.000000000000007,925.1119999999975,20.059,46.11954733536056,0.0
135,9,10,1.0,10.318028308193101,5,0.8665004533091569,0,0.0,0.39999999999999997,39.708,34.407000000000004,1.1540674862673292,0.0
136,0,10,1.0,9.857680836292756,8,0.8805991206000613,0,0.0,0.75,42.529,37.45100000000001,1.135590504926437,0.0
136,1,10,0.0,-13.927911162443756,20,0.0,10,1.0,0.8,33.584999999999994,41.559,0.8081282032772683,0.0
136,2,10,0.0,-22.997367660749244,200,0.0,0,0.0,10.000000000000007,1096.9269999999992,31.151,35.21321947931043,0.0
136,3,10,0.0,-23.644964787064367,200,0.0,0,0.0,10.150000000000011,580.5120000000004,63.329,9.166606136209326,0.0
136,4,10,0.0,-13.513471395055044,20,0.0,10,1.0,0.7000000000000001,79.669,44.328,1.7972613246706368,0.0
136,5,10,1.0,10.462612127735916,4,1.0,0,0.0,0.3,22.296,22.296,1.0,0.0
136,6,10,1.0,10.75492493872549,2,0.780767850735558,0,0.0,0.1,8.361,6.5280000000000005,1.2807904411764706,0.0
136,7,10,1.0,10.875,1,1.0,0,0.0,0.05,2.543,2.543,1.0,0.0
136,8,10,0.0,-22.97893447642367,200,0.0,0,0.0,10.000000000000007,275.9999999999994,48.989999999999995,5.6338028169013965,0.0
136,9,10,0.0,-23.339415495458912,200,0.0,0,0.0,10.000000000000007,488.42900000000026,19.709,24.78202851489169,0.0
137,0,10,1.0,10.135815081720127,7,0.7331652738448788,0,0.0,0.39999999999999997,28.958000000000002,21.231,1.3639489425839575,0.0
137,1,10,1.0,9.249980217404605,13,0.7385155285116123,0,0.0,1.0000000000000002,66.394,49.03299999999999,1.354067668712908,0.0
137,2,10,0.0,-30.96637192668761,200,0.0,0,0.0,24.95,738.8759999999969,22.369999999999997,33.02977201609285,0.0
137,3,10,0.0,-23.421319301847994,200,0.0,0,0.0,10.000000000000007,1900.1199999999926,42.855999999999995,44.337315661750814,0.0
137,4,10,0.0,-12.9,10,0.0,10,1.0,0.0,0.0,30.012999999999998,0.0,0.0
137,5,10,0.0,-23.151569919588898,200,0.0,0,0.0,10.100000000000009,770.5650000000035,42.034000000000006,18.331945567873706,0.0
137,6,10,1.0,10.320181546069755,5,0.8095451312982326,0,0.0,0.39999999999999997,37.967,30.735999999999997,1.23526158250911,0.0
137,7,10,1.0,9.474008852629753,11,0.8301418553267795,0,0.0,0.9500000000000001,62.458,51.849,1.2046133965939556,0.0
137,8,10,0.0,-30.789502986103113,200,0.0,0,0.0,24.85,518.9429999999995,34.827999999999996,14.900166532674847,0.0
137,9,10,0.0,-12.9,10,0.0,10,1.0,0.0,0.0,46.261,0.0,0.0
138,0,10,0.0,-23.4479497388792,200,0.0,0,0.0,10.050000000000008,685.8890000000034,53.998000000000005,12.702118596985136,0.0
138,1,10,0.0,-12.846250041507554,13,0.0,10,1.0,0.25,30.641000000000002,60.230000000000004,0.5087331894404782,0.0
138,2,10,0.0,-25.770979341723898,200,0.0,0,0.0,15.000000000000004,691.3480000000018,27.253,25.3677760246579,0.0
138,3,10,0.0,-12.899999999999999,10,0.0,10,1.0,0.0,0.0,10.561,0.0,0.0
138,4,10,0.0,-12.9,10,0.0,10,1.0,0.0,0.0,43.645,0.0,0.0
138,5,10,0.0,-23.549704317421686,200,0.0,0,0.0,10.200000000000012,476.13000000000073,52.624,9.047772879294632,0.0
138,6,10,0.0,-23.091392937998975,200,0.0,0,0.0,10.000000000000007,1455.0009999999947,25.177,57.79088056559537,0.0
138,7,10,0.0,-23.58818365748595,200,0.0,0,0.0,10.15000000000001,981.3500000000035,53.627,18.299550599511505,0.0
138,8,10,0.0,-12.738858079678558,13,0.0,10,1.0,0.25,16.653,26.381,0.6312497630870701,0.0
138,9,10,0.0,-23.409536958735295,200,0.0,0,0.0,10.100000000000009,612.4019999999997,57.943000000000005,10.56904198954144,0.0
139,0,10,1.0,9.514678832540326,11,0.6796009306360662,0,0.0,0.9000000000000001,50.717999999999996,34.468,1.4714517813624228,0.0
139,1,10,1.0,10.514845498899836,4,0.8327756532823454,0,0.0,0.2,25.104,20.906,1.2008035970534776,0.0
139,2,10,1.0,10.584271217712178,3,1.0,0,0.0,0.25,20.596,20.596,1.0,0.0
139,3,10,0.0,-26.14267320914372,200,0.0,0,0.0,14.950000000000003,827.6389999999973,68.06800000000001,12.159002761943896,0.0
139,4,10,1.0,9.18853647052109,14,0.7955321974641588,0,0.0,0.9500000000000002,88.09700000000001,70.084,1.2570201472518692,0.0
139,5,10,1.0,9.99749620814374,8,0.5427087950357753,0,0.0,0.5,47.379,25.712999999999997,1.8426087971065221,0.0
139,6,10,0.0,-28.26855167014612,200,0.0,0,0.0,19.950000000000028,954.2879999999986,72.808,13.106911328425427,0.0
139,7,10,1.0,8.930218543777784,16,0.7444092740277892,0,0.0,1.1000000000000003,97.30399999999999,72.434,1.3433470469668938,0.0
139,8,10,0.0,-23.569109056876922,200,0.0,0,0.0,10.050000000000008,689.9400000000035,56.631,12.18307993854962,0.0
139,9,10,0.0,-24.728004086398112,200,0.0,0,0.0,13.350000000000012,1514.8369999999986,25.695,58.95454368554188,0.0
140,0,10,1.0,10.37199068540576,5,0.9870631788779951,0,0.0,0.3,24.581000000000003,24.263,1.0131063759634011,0.0
140,1,10,0.0,-23.26360783671694,200,0.0,0,0.0,10.050000000000008,551.8830000000014,36.647999999999996,15.059020956123158,0.0
140,2,10,1.0,10.244045281475188,6,0.9237007324729681,0,0.0,0.35,34.404,31.779,1.082601718115737,0.0
140,3,10,1.0,9.937944486807991,8,0.7744000377928949,0,0.0,0.6,42.336,32.785,1.2913222510294342,0.0
140,4,10,0.0,-25.639686887235836,200,0.0,0,0.0,15.000000000000004,897.6000000000048,32.129,27.937377447166263,0.0
140,5,10,0.0,-23.124567192507513,200,0.0,0,0.0,10.050000000000008,462.6239999999986,32.139,14.394474003547048,0.0
140,6,10,0.0,-23.01918882546753,200,0.0,0,0.0,10.000000000000007,657.0590000000016,43.098000000000006,15.245695855956226,0.0
140,7,10,0.0,-29.132675639489825,200,0.0,0,0.0,22.000000000000025,1004.2460000000007,42.57299999999999,23.58880041340758,0.0
140,8,10,0.0,-23.29993434721189,200,0.0,0,0.0,10.100000000000009,857.1190000000026,72.19800000000001,11.871783151887898,0.0
140,9,10,0.0,-22.963119922058457,200,0.0,0,0.0,10.000000000000007,844.6370000000001,57.479,14.694705892586859,0.0
141,0,10,1.0,10.105517841492425,7,0.7935577458071695,0,0.0,0.45,50.324000000000005,39.935,1.2601477400776262,0.0
141,1,10,0.0,-25.589786465550645,200,0.0,0,0.0,15.000000000000004,695.6109999999975,44.021,15.801799141318858,0.0
141,2,10,0.0,-25.555255241139445,200,0.0,0,0.0,15.000000000000002,809.7999999999973,42.548,19.032621979881483,0.0
141,3,10,1.0,10.606288187372709,3,0.9422129181386016,0,0.0,0.2,22.929000000000002,21.604,1.0613312349564896,0.0
141,4,10,0.0,-23.003134831209977,200,0.0,0,0.0,10.000000000000007,700.5789999999997,44.819,15.631294763381595,0.0
141,5,10,1.0,10.63486323171035,3,1.0,0,0.0,0.15000000000000002,20.107000000000003,20.107000000000003,1.0,0.0
141,6,10,1.0,9.861950724975932,9,0.9463817333443775,0,0.0,0.5499999999999999,36.218999999999994,34.277,1.0566560667502989,0.0
141,7,10,1.0,10.875,1,1.0,0,0.0,0.05,3.422,3.422,1.0,0.0
141,8,10,0.0,-28.199675114233386,200,0.0,0,0.0,19.70000000000003,815.9820000000034,49.678999999999995,16.425089071841292,0.0
141,9,10,1.0,9.447838997656142,12,0.7736533333333333,0,0.0,0.8,75.0,58.023999999999994,1.292568592306632,0.0
142,0,10,1.0,10.608173838700484,3,0.914373566812591,0,0.0,0.2,19.188000000000002,17.544999999999998,1.09364491308065,0.0
142,1,10,0.0,-23.19539128965012,200,0.0,0,0.0,10.000000000000007,556.6529999999997,17.749,31.362499295734956,0.0
142,2,10,0.0,-28.08441528859727,200,0.0,0,0.0,20.000000000000014,1459.424000000006,43.902,33.242767983235524,0.0
142,3,10,0.0,-22.977032330405535,200,0.0,0,0.0,10.000000000000007,1208.9780000000032,53.510000000000005,22.593496542702358,0.0
142,4,10,1.0,10.225319780898008,6,0.5554270043278913,0,0.0,0.39999999999999997,46.674,25.924,1.8004166023761765,0.0
142,5,10,1.0,9.864611743222364,9,0.8752151462994836,0,0.0,0.55,40.67,35.595,1.1425762045231072,0.0
142,6,10,0.0,-24.74615891859353,200,0.0,0,0.0,13.350000000000012,657.2029999999987,53.153,12.364363253250028,0.0
142,7,10,0.0,-24.80438363644995,200,0.0,0,0.0,13.350000000000012,723.5829999999975,42.118,17.17989933045248,0.0
142,8,10,0.0,-23.382907400499317,200,0.0,0,0.0,10.200000000000012,833.1730000000017,34.849,23.908089184768624,0.0
142,9,10,0.0,-25.502501612367436,200,0.0,0,0.0,15.000000000000004,1107.3809999999978,51.167,21.642484413782277,0.0
143,0,10,0.0,-12.9,10,0.0,10,1.0,0.0,0.0,39.845,0.0,0.0
143,1,10,0.0,-28.617976769012685,200,0.0,0,0.0,19.80000000000003,1045.0600000000031,62.761,16.65142365481753,0.0
143,2,10,0.0,-23.836547550950367,200,0.0,0,0.0,10.25000000000001,1045.0539999999967,61.187000000000005,17.079673786915464,0.0
143,3,10,0.0,-25.597339907912435,200,0.0,0,0.0,15.050000000000002,821.1060000000026,61.246,13.406687783692039,0.0
143,4,10,0.0,-12.9,10,0.0,10,1.0,0.0,0.0,19.588,0.0,0.0
143,5,10,1.0,10.343787341500107,5,0.7847866419294991,0,0.0,0.35,47.431999999999995,37.224,1.2742316784869976,0.0
143,6,10,1.0,10.584271217712178,3,1.0,0,0.0,0.25,20.596,20.596,1.0,0.0
143,7,10,1.0,10.729629813328524,2,1.0,0,0.0,0.15000000000000002,11.089,11.089,1.0,0.0
143,8,10,1.0,10.435499349632929,4,0.8369436858808769,0,0.0,0.35,54.196,45.359,1.1948235190370158,0.0
143,9,10,0.0,-23.215911096404106,200,0.0,0,0.0,10.050000000000008,844.6310000000018,36.263999999999996,23.291170306640247,0.0
144,0,10,1.0,10.343732887434182,5,0.8855925795231135,0,0.0,0.35,39.674,35.135000000000005,1.129187419951615,0.0
144,1,10,0.0,-28.399052204326612,200,0.0,0,0.0,20.00000000000003,1107.3819999999985,46.318,23.90824301567422,0.0
144,2,10,0.0,-30.965658277692217,200,0.0,0,0.0,24.8,524.7589999999996,46.728,11.23007618558465,0.0
144,3,10,1.0,10.875,1,1.0,0,0.0,0.05,4.95,4.95,1.0,0.0
144,4,10,0.0,-23.595632413101097,200,0.0,0,0.0,10.05000000000001,1051.5939999999966,38.867000000000004,27.056217356626355,0.0
144,5,10,0.0,-30.207737869963857,200,0.0,0,0.0,23.40000000000002,777.1560000000011,54.431000000000004,14.277819624846154,0.0
144,6,10,1.0,10.27161358733409,6,0.9519649135020362,0,0.0,0.3,28.729000000000003,27.349,1.0504588833229735,0.0
144,7,10,0.0,-23.195623891188642,200,0.0,0,0.0,10.000000000000007,1417.8619999999974,25.365000000000002,55.8983638872461,0.0
144,8,10,0.0,-23.170129667889842,200,0.0,0,0.0,10.050000000000008,1315.6179999999943,32.429,40.569181905084776,0.0
144,9,10,0.0,-24.526091221248787,200,0.0,0,0.0,13.350000000000012,1021.4120000000033,39.607000000000006,25.788673719292124,0.0
145,0,10,0.0,-30.62528726460267,200,0.0,0,0.0,24.85,1366.9020000000057,46.99499999999999,29.086115544206958,0.0
145,1,10,0.0,-12.993886917653562,14,0.0,10,1.0,0.3,34.277,65.10300000000001,0.5265041549544567,0.0
145,2,10,0.0,-27.967209843698082,200,0.0,0,0.0,20.00000000000002,1617.52,54.126,29.884343938218233,0.0
145,3,10,0.0,-13.254166187662383,14,0.0,10,1.0,0.30000000000000004,17.179000000000002,43.493,0.39498310072885295,0.0
145,4,10,0.0,-22.94557441707582,200,0.0,0,0.0,10.000000000000007,571.1999999999991,51.722,11.043656471134124,0.0
145,5,10,0.0,-25.57630552409718,200,0.0,0,0.0,15.000000000000002,1268.4000000000021,39.735,31.92147980369956,0.0
145,6,10,1.0,10.317498176956734,5,0.7776570105382543,0,0.0,0.39999999999999997,21.161,16.456,1.2859139523578027,0.0
145,7,10,0.0,-22.82136983394345,200,0.0,0,0.0,10.000000000000007,673.3999999999993,18.849,35.726033211310906,0.0
145,8,10,0.0,-25.574358858321602,200,0.0,0,0.0,14.950000000000003,939.8219999999968,47.509,19.781978151508067,0.0
145,9,10,1.0,9.61490309121942,10,0.8221335245876079,0,0.0,0.8500000000000001,64.138,52.730000000000004,1.216347430305329,0.0
146,0,10,0.0,-27.996590544668827,200,0.0,0,0.0,20.000000000000014,1459.200000000006,59.24700000000001,24.629095144058024,0.0
146,1,10,1.0,9.889366679823459,9,0.7120155335837102,0,0.0,0.49999999999999994,39.141,27.869,1.404463741074312,0.0
146,2,10,0.0,-23.424824561403543,200,0.0,0,0.0,10.10000000000001,476.9870000000018,32.147999999999996,14.837221600099596,0.0
146,3,10,1.0,9.979985808473524,8,0.8816568047337277,0,0.0,0.49999999999999994,38.36300000000001,33.823,1.1342281879194633,0.0
146,4,10,1.0,9.59763787861294,11,0.7229247527231754,0,0.0,0.7000000000000001,71.883,51.96600000000001,1.3832698302736401,0.0
146,5,10,0.0,-32.93828512011922,200,0.0,0,0.0,29.899999999999896,913.2210000000038,32.218,28.345055559004397,0.0
146,6,10,0.0,-23.021088980699272,200,0.0,0,0.0,10.000000000000007,1663.258999999998,32.434000000000005,51.281340568539115,0.0
146,7,10,1.0,10.522306260305303,4,0.7521904380876175,0,0.0,0.2,24.995,18.801000000000002,1.3294505611403649,0.0
146,8,10,1.0,10.61169719350074,3,1.0,0,0.0,0.2,13.54,13.54,1.0,0.0
146,9,10,0.0,-25.412703752740196,200,0.0,0,0.0,15.000000000000004,984.799999999997,46.073,21.37477481388225,0.0
147,0,10,0.0,-25.6912906941612,200,0.0,0,0.0,15.000000000000004,788.0820000000034,52.955999999999996,14.881826421935257,0.0
147,1,10,0.0,-23.415691359637655,200,0.0,0,0.0,10.350000000000012,848.4559999999968,45.92400000000001,18.475219928577577,0.0
147,2,10,0.0,-28.1012567752695,200,0.0,0,0.0,20.00000000000003,1027.4539999999963,33.577999999999996,30.59902316993259,0.0
147,3,10,0.0,-25.777375251042738,200,0.0,0,0.0,15.000000000000002,321.17199999999974,38.83800000000001,8.269529841907401,0.0
147,4,10,0.0,-25.578697953002457,200,0.0,0,0.0,15.000000000000002,925.0,58.769000000000005,15.73959060048665,0.0
147,5,10,0.0,-25.59014146467688,200,0.0,0,0.0,15.000000000000004,973.7190000000029,34.778999999999996,27.99732597256974,0.0
147,6,10,0.0,-23.439726549630517,200,0.0,0,0.0,10.000000000000007,949.4999999999992,21.247,44.688661928742846,0.0
147,7,10,0.0,-25.58866166192075,200,0.0,0,0.0,15.000000000000002,907.3709999999979,46.355999999999995,19.573971006989343,0.0
147,8,10,1.0,10.534233806667173,3,1.0,0,0.0,0.35,13.169,13.169,1.0,0.0
147,9,10,0.0,-25.63161631300772,200,0.0,0,0.0,15.000000000000004,802.0769999999982,50.70800000000001,15.817563303620691,0.0
148,0,10,0.0,-25.470092670598167,200,0.0,0,0.0,15.000000000000004,1432.7819999999967,54.602000000000004,26.240467382147113,0.0
148,1,10,0.0,-12.81177212398252,14,0.0,10,1.0,0.3,41.141000000000005,49.87800000000001,0.8248325915233169,0.0
148,2,10,0.0,-14.103476128956489,22,0.0,10,1.0,0.65,46.43500000000001,51.087,0.9089396519662538,0.0
148,3,10,0.0,-23.102823456946076,200,0.0,0,0.0,10.100000000000009,1048.3269999999966,63.316,16.55706298565918,0.0
148,4,10,1.0,9.859309599897736,8,0.9224148095743429,0,0.0,0.7500000000000001,42.404999999999994,39.115,1.0841109548766457,0.0
148,5,10,0.0,-13.467834265126104,14,0.0,10,1.0,0.3,13.459,40.245,0.3344266368492981,0.0
148,6,10,0.0,-23.165428284207753,200,0.0,0,0.0,10.050000000000008,1203.211999999998,52.721999999999994,22.82182011304575,0.0
148,7,10,0.0,-13.921743786820645,22,0.0,10,1.0,0.7999999999999999,65.081,51.262,1.269575904178534,0.0
148,8,10,1.0,10.731423493382916,2,1.0,0,0.0,0.15000000000000002,9.143,9.143,1.0,0.0
148,9,10,0.0,-22.640331049536154,200,0.0,0,0.0,10.050000000000008,1470.6049999999962,32.986,44.58270175225842,0.0
149,0,10,1.0,10.85,1,1.0,0,0.0,0.1,13.531,13.531,1.0,0.0
149,1,10,1.0,10.610063816647225,3,1.0,0,0.0,0.2,14.573,14.573,1.0,0.0
149,2,10,0.0,-26.57208453267162,200,0.0,0,0.0,16.60000000000005,944.2599999999983,60.45,15.620512820512792,0.0
149,3,10,0.0,-26.060817610062884,200,0.0,0,0.0,15.200000000000003,945.3780000000025,68.052,13.891994357256252,0.0
149,4,10,0.0,-12.818446965052116,11,0.0,10,1.0,0.05,7.204,32.620000000000005,0.22084610668301652,0.0
149,5,10,1.0,10.292331612718213,5,1.0,0,0.0,0.45,27.897000000000002,27.897000000000002,1.0,0.0
149,6,10,0.0,-23.22647985720007,200,0.0,0,0.0,10.000000000000007,670.7230000000033,64.986,10.321038377496741,0.0
149,7,10,0.0,-25.658753183122272,200,0.0,0,0.0,15.000000000000004,504.5669999999972,31.023,16.26428778648091,0.0
149,8,10,0.0,-28.290922697864726,200,0.0,0,0.0,20.05000000000003,1032.4070000000033,29.831000000000003,34.60852804129943,0.0
149,9,10,0.0,-28.45757292583862,200,0.0,0,0.0,20.00000000000003,585.9250000000009,35.207,16.6422870451899,0.0
150,0,10,0.0,-23.61049866368496,200,0.0,0,0.0,10.300000000000011,850.9580000000019,73.336,11.603550779971664,0.0
150,1,10,0.0,-22.891215403128797,200,0.0,0,0.0,10.000000000000007,510.12300000000226,20.775000000000002,24.554657039711298,0.0
150,2,10,1.0,10.178868125319259,6,0.7198406618660947,0,0.0,0.5,32.635,23.492,1.3891963221522219,0.0
150,3,10,0.0,-30.64211340043542,200,0.0,0,0.0,25.0,494.21900000000056,31.692999999999998,15.593948190452169,0.0
150,4,10,0.0,-25.27908903119185,200,0.0,0,0.0,13.400000000000013,933.7389999999991,33.887,27.55448992238909,0.0
150,5,10,0.0,-24.97557318321393,200,0.0,0,0.0,13.250000000000012,828.0139999999984,50.804,16.29820486575857,0.0
150,6,10,0.0,-13.290667919267838,16,0.0,10,1.0,0.55,35.114,32.998,1.0641250984908177,0.0
150,7,10,0.0,-13.509384153349895,16,0.0,10,1.0,0.39999999999999997,20.144,53.942,0.3734381372585369,0.0
150,8,10,0.0,-26.632845235413384,200,0.0,0,0.0,17.5,947.6,44.39,21.34715025906736,0.0
150,9,10,0.0,-27.92129827700202,200,0.0,0,0.0,20.00000000000003,809.4000000000033,51.422,15.74034459958779,0.0
151,0,10,1.0,10.607443662499065,3,1.0,0,0.0,0.2,26.714,26.714,1.0,0.0
151,1,10,1.0,10.008631071687493,8,0.9599426875447753,0,0.0,0.45,48.855,46.897999999999996,1.0417288583734914,0.0
151,2,10,0.0,-23.02543595911004,200,0.0,0,0.0,10.000000000000007,729.400000000002,16.63,43.860493084786654,0.0
151,3,10,1.0,10.05380460961556,7,0.8784884032353099,0,0.0,0.5499999999999999,37.338,32.801,1.1383189536904361,0.0
151,4,10,0.0,-23.07445303511441,200,0.0,0,0.0,10.000000000000007,1453.5620000000063,65.18700000000001,22.298341693896113,0.0
151,5,10,0.0,-23.32550783212307,200,0.0,0,0.0,10.000000000000007,638.9199999999992,43.794000000000004,14.589213134219278,0.0
151,6,10,1.0,9.9176685448794,8,0.7335883536684856,0,0.0,0.65,55.159,40.464,1.3631623171213918,0.0
151,7,10,0.0,-25.515334354634753,200,0.0,0,0.0,15.000000000000002,686.2489999999996,41.123999999999995,16.68731154556949,0.0
151,8,10,1.0,10.461233779608651,4,0.7330791589596467,0,0.0,0.3,26.491,19.42,1.3641091658084448,0.0
151,9,10,1.0,9.442764294563908,12,0.7856761874283275,0,0.0,0.8500000000000002,74.99400000000001,58.921,1.2727889886458141,0.0
152,0,10,0.0,-32.970992637274826,200,0.0,0,0.0,30.000000000000004,1418.6930000000027,45.092,31.462188414796476,0.0
152,1,10,1.0,10.875,1,1.0,0,0.0,0.05,7.935,7.935,1.0,0.0
152,2,10,1.0,10.61371007691305,3,0.9221799238629534,0,0.0,0.2,24.955,23.013,1.0843870855603353,0.0
152,3,10,0.0,-12.960413609843455,11,0.0,10,1.0,0.1,3.096,34.622,0.08942291028825602,0.0
152,4,10,0.0,-23.790936855082954,200,0.0,0,0.0,10.15000000000001,520.199999999998,74.62200000000001,6.971134517970544,0.0
152,5,10,0.0,-23.70263779323677,200,0.0,0,0.0,10.100000000000009,764.4619999999982,57.931,13.196078092903596,0.0
152,6,10,0.0,-22.95205701328155,200,0.0,0,0.0,10.000000000000007,824.6259999999977,30.869999999999997,26.712860382248063,0.0
152,7,10,0.0,-23.194730742596448,200,0.0,0,0.0,10.000000000000007,1075.005999999997,49.098,21.89510774369622,0.0
152,8,10,0.0,-12.976267140680546,11,0.0,10,1.0,0.1,4.029,27.566,0.14615831096278023,0.0
152,9,10,0.0,-24.815659273605256,200,0.0,0,0.0,13.350000000000012,948.5809999999997,37.693,25.165972461730288,0.0
153,0,10,1.0,10.464535058977718,4,1.0,0,0.0,0.30000000000000004,30.52,30.52,1.0,0.0
153,1,10,0.0,-23.484505025349073,200,0.0,0,0.0,10.000000000000007,507.0190000000014,11.243,45.096415547451876,0.0
153,2,10,0.0,-12.874517915475705,11,0.0,10,1.0,0.05,6.185,39.184000000000005,0.15784503879134337,0.0
153,3,10,1.0,9.670907169138653,10,0.7626492374727668,0,0.0,0.75,57.375,43.757,1.3112187764243437,0.0
153,4,10,0.0,-12.939594148676598,11,0.0,10,1.0,0.05,3.646,43.033,0.084725675644273,0.0
153,5,10,0.0,-26.033296091044036,200,0.0,0,0.0,15.050000000000002,637.2109999999989,50.525000000000006,12.611796140524469,0.0
153,6,10,0.0,-23.044088615924647,200,0.0,0,0.0,10.000000000000007,411.19999999999936,45.589999999999996,9.0195218249616,0.0
153,7,10,1.0,10.31948221813858,5,0.8216537880806467,0,0.0,0.4,22.518,18.502000000000002,1.2170576153929304,0.0
153,8,10,0.0,-22.945462494772446,200,0.0,0,0.0,10.000000000000007,760.5999999999996,52.606,14.458426795422566,0.0
153,9,10,1.0,10.105406695623667,7,1.0,0,0.0,0.45,48.808,48.808,1.0,0.0
154,0,10,1.0,10.61047368821872,3,1.0,0,0.0,0.2,13.131,13.131,1.0,0.0
154,1,10,0.0,-28.007103240313015,200,0.0,0,0.0,20.000000000000025,762.4929999999993,57.37100000000001,13.290564919558648,0.0
154,2,10,0.0,-26.872137202233663,200,0.0,0,0.0,17.5,948.498,56.588,16.761468862656393,0.0
154,3,10,1.0,10.367987935590008,5,0.7386853249861903,0,0.0,0.30000000000000004,27.154999999999998,20.058999999999997,1.3537564185652327,0.0
154,4,10,0.0,-25.76666517066255,200,0.0,0,0.0,15.000000000000004,1072.0220000000024,42.335,25.322357387504486,0.0
154,5,10,1.0,9.401494895776025,5,0.8612266385891024,1,0.0,0.25,18.995,16.359,1.1611345436762637,0.0
154,6,10,1.0,8.338333689982612,13,0.8309254978662872,1,0.0,0.8500000000000001,44.992000000000004,37.385,1.2034773304801394,0.0
154,7,10,0.0,-23.802618143583178,200,0.0,0,0.0,10.20000000000001,671.4909999999987,51.35699999999999,13.074965438012322,0.0
154,8,10,0.0,-25.73638381649528,200,0.0,0,0.0,15.000000000000004,360.5779999999994,37.840999999999994,9.528765096059814,0.0
154,9,10,1.0,9.542302273346039,12,0.8723041071083998,0,0.0,0.65,67.37100000000001,58.76800000000001,1.1463891913966784,0.0
155,0,10,0.0,-13.16797236851598,17,0.0,10,1.0,0.49999999999999994,31.126999999999995,27.722,1.1228266358848566,0.0
155,1,10,0.0,-28.257879551136188,200,0.0,0,0.0,20.00000000000003,1095.7269999999983,53.201,20.595985037875195,0.0
155,2,10,1.0,10.129814779159767,7,0.8629868403562408,0,0.0,0.39999999999999997,30.092,25.968999999999998,1.1587662212638146,0.0
155,3,10,0.0,-13.131280854721847,12,0.0,10,1.0,0.1,6.258,24.429000000000002,0.256170944369397,0.0
155,4,10,1.0,9.509824466712036,11,0.8323501836080944,0,0.0,0.9,51.196,42.613,1.2014174078332902,0.0
155,5,10,0.0,-23.355429968185042,200,0.0,0,0.0,10.10000000000001,530.9140000000017,64.43499999999999,8.239528206719978,0.0
155,6,10,0.0,-13.573237912300568,17,0.0,10,1.0,0.4,24.83,69.76100000000001,0.3559295308266796,0.0
155,7,10,1.0,10.112901596338467,7,0.7166686667466698,0,0.0,0.45,49.998000000000005,35.832,1.3953449430676492,0.0
155,8,10,0.0,-25.427148945807865,200,0.0,0,0.0,14.950000000000003,786.3260000000033,48.568000000000005,16.190207544062,0.0
155,9,10,0.0,-13.038935233703626,12,0.0,10,1.0,0.30000000000000004,12.964,47.71,0.2717250052399916,0.0
156,0,10,1.0,10.174705334098078,6,0.9372396183308694,0,0.0,0.5,29.764000000000003,27.896,1.06696300544881,0.0
156,1,10,0.0,-13.402953904708204,20,0.0,10,1.0,0.7999999999999999,43.812000000000005,42.564,1.029320552579645,0.0
156,2,10,1.0,10.419833680700291,4,0.9507014345724023,0,0.0,0.4,25.234,23.990000000000002,1.0518549395581491,0.0
156,3,10,1.0,10.250149316215461,5,0.7532321922847832,0,0.0,0.55,28.541,21.497999999999998,1.327611870871709,0.0
156,4,10,1.0,10.341151679364739,5,0.9959654794666952,0,0.0,0.35,37.427,37.276,1.0040508638265908,0.0
156,5,10,0.0,-25.771165914777804,200,0.0,0,0.0,14.950000000000003,941.6349999999969,54.751000000000005,17.19849865755871,0.0
156,6,10,0.0,-25.996534749317824,200,0.0,0,0.0,15.000000000000002,910.4839999999979,34.086999999999996,26.710593481385807,0.0
156,7,10,0.0,-23.098229097544824,200,0.0,0,0.0,10.000000000000007,964.9120000000034,48.224000000000004,20.00895819508965,0.0
156,8,10,1.0,10.875,1,1.0,0,0.0,0.05,7.812,7.812,1.0,0.0
156,9,10,0.0,-13.933788670951413,20,0.0,10,1.0,0.49999999999999994,47.009,30.029000000000003,1.5654533950514502,0.0
157,0,10,1.0,10.491957471201616,4,1.0,0,0.0,0.25,18.317,18.317,1.0,0.0
157,1,10,0.0,-13.330977616516758,13,0.0,10,1.0,0.25,15.155000000000001,19.567999999999998,0.7744787408013084,0.0
157,2,10,0.0,-25.505791200471126,200,0.0,0,0.0,14.900000000000002,661.9549999999991,71.322,9.28121757662431,0.0
157,3,10,0.0,-23.080711946109584,200,0.0,0,0.0,10.000000000000007,570.7570000000015,32.362,17.636641740312758,0.0
157,4,10,0.0,-25.771364021612523,200,0.0,0,0.0,14.950000000000003,1114.3450000000005,28.317,39.35250909347743,0.0
157,5,10,1.0,10.315853966725834,5,1.0,0,0.0,0.39999999999999997,66.478,66.478,1.0,0.0
157,6,10,1.0,10.249266875,6,0.9756989968594689,0,0.0,0.35000000000000003,32.797,32.0,1.02490625,0.0
157,7,10,0.0,-31.338247329960627,200,0.0,0,0.0,26.349999999999973,883.2879999999964,53.37,16.550271688214284,0.0
157,8,10,0.0,-13.084956112118906,13,0.0,10,1.0,0.15000000000000002,14.588999999999999,34.178,0.42685353151149863,0.0
157,9,10,0.0,-32.121410836673896,200,0.0,4,0.0,19.20000000000003,847.5280000000007,54.13100000000001,15.656980288559247,0.0
158,0,10,1.0,10.632839629282028,3,0.9998826979472142,0,0.0,0.15000000000000002,17.05,17.048000000000002,1.0001173158141716,0.0
158,1,10,1.0,9.958989233462136,8,0.8885204530782321,0,0.0,0.55,34.078,30.278999999999996,1.12546649493048,0.0
158,2,10,1.0,9.392843020233718,12,0.8485615800565238,0,0.0,0.9500000000000002,61.21300000000001,51.943,1.1784648557072177,0.0
158,3,10,0.0,-23.502077007045767,200,0.0,0,0.0,10.10000000000001,912.5449999999979,50.385000000000005,18.11144189739005,0.0
158,4,10,0.0,-23.270158236550962,200,0.0,0,0.0,10.000000000000007,949.6289999999992,47.271,20.08903979183853,0.0
158,5,10,1.0,10.107362997610245,6,0.9414106064684844,0,0.0,0.65,52.00599999999999,48.958999999999996,1.0622357482791722,0.0
158,6,10,1.0,9.484786693979338,12,0.8082737438210876,0,0.0,0.7500000000000001,83.34799999999998,67.368,1.237204607528797,0.0
158,7,10,0.0,-24.552027297946225,200,0.0,0,0.0,13.350000000000012,1020.7900000000033,42.897000000000006,23.796302771755673,0.0
158,8,10,0.0,-22.930102794551317,200,0.0,0,0.0,10.000000000000007,527.4219999999983,35.605000000000004,14.813144221317183,0.0
158,9,10,1.0,9.887058211382113,8,0.9019975946730809,0,0.0,0.7000000000000001,34.091,30.750000000000004,1.108650406504065,0.0
159,0,10,0.0,-23.036086071964238,200,0.0,0,0.0,10.000000000000007,486.00000000000114,67.339,7.217214392848144,0.0
159,1,10,0.0,-23.479865872352295,200,0.0,0,0.0,10.100000000000009,881.2620000000009,28.704,30.701714046822772,0.0
159,2,10,1.0,10.58737691435054,3,1.0,0,0.0,0.25,35.260000000000005,35.260000000000005,1.0,0.0
159,3,10,0.0,-13.153039248374572,13,0.0,10,1.0,0.15000000000000002,7.461,41.989,0.17768939484150612,0.0
159,4,10,1.0,9.96819284971153,8,0.771943402012178,0,0.0,0.55,68.483,52.864999999999995,1.2954317601437626,0.0
159,5,10,1.0,8.854743087659372,16,0.6934991474459115,0,0.0,1.2500000000000002,97.941,67.92200000000001,1.441962839727923,0.0
159,6,10,0.0,-13.398406791604446,16,0.0,10,1.0,0.5,33.804,59.602999999999994,0.5671526601010017,0.0
159,7,10,0.0,-13.18008002983191,13,0.0,10,1.0,0.25,18.253,52.293,0.34905245443940874,0.0
159,8,10,1.0,10.20468959636157,6,0.875821549492133,0,0.0,0.44999999999999996,30.126,26.384999999999998,1.141785105173394,0.0
159,9,10,1.0,10.348171955158655,5,0.9045442045923279,0,0.0,0.35000000000000003,29.092,26.315,1.1055291658749762,0.0
160,0,10,1.0,9.86226213655775,9,0.8230580693815986,0,0.0,0.5499999999999999,74.256,61.11699999999999,1.2149811018210974,0.0
160,1,10,0.0,-25.00584012636996,200,0.0,0,0.0,13.300000000000013,831.8679999999983,51.278,16.222707593899887,0.0
160,2,10,0.0,-22.91286654352348,200,0.0,0,0.0,10.000000000000007,621.1999999999991,34.648,17.928884784114498,0.0
160,3,10,1.0,10.470709689114475,4,0.5511814957286307,0,0.0,0.3,20.017,11.033000000000001,1.8142844194688659,0.0
160,4,10,1.0,10.756794855941635,2,0.8366439064763087,0,0.0,0.1,9.666,8.087,1.1952516384320515,0.0
160,5,10,0.0,-23.11762016948554,200,0.0,0,0.0,10.000000000000007,613.478999999999,28.439,21.57175006153518,0.0
160,6,10,1.0,10.319319713105847,5,1.0,0,0.0,0.4,23.005,23.005,1.0,0.0
160,7,10,0.0,-28.08441528859727,200,0.0,0,0.0,20.000000000000014,1459.424000000006,43.902,33.242767983235524,0.0
160,8,10,1.0,10.636678086980842,3,1.0,0,0.0,0.15000000000000002,14.302,14.302,1.0,0.0
160,9,10,0.0,-30.594042181668677,200,0.0,0,0.0,24.8,1117.9230000000034,29.207,38.275858527065544,0.0
161,0,10,0.0,-25.61148474408439,200,0.0,0,0.0,15.000000000000002,1080.7999999999995,48.473,22.29694881686711,0.0
161,1,10,0.0,-23.194662667527187,200,0.0,0,0.0,10.000000000000007,1020.2800000000018,52.678000000000004,19.3682372147766,0.0
161,2,10,1.0,9.438656778775853,11,0.8696679020420027,0,0.0,1.0000000000000002,55.044000000000004,47.870000000000005,1.149864215583873,0.0
161,3,10,1.0,10.608168186078215,3,0.9965189336050263,0,0.0,0.2,11.778,11.737,1.003493226548522,0.0
161,4,10,1.0,10.231820466210436,6,0.6400218998083766,0,0.0,0.4,29.224,18.704,1.5624465355004278,0.0
161,5,10,0.0,-25.61159805954939,200,0.0,0,0.0,15.000000000000002,1370.289999999996,28.447,48.16993004534735,0.0
161,6,10,1.0,9.86850490665063,9,0.7709312372242009,0,0.0,0.55,47.452999999999996,36.583,1.2971325479047644,0.0
161,7,10,0.0,-28.311034144259427,200,0.0,0,0.0,19.85000000000003,1107.5319999999986,46.86000000000001,23.634912505335006,0.0
161,8,10,0.0,-25.81258782161812,200,0.0,0,0.0,15.150000000000002,942.6839999999978,59.154,15.936098995841325,0.0
161,9,10,1.0,10.609232116650096,3,1.0,0,0.0,0.2,21.122999999999998,21.122999999999998,1.0,0.0
162,0,10,0.0,-13.010947656414421,13,0.0,10,1.0,0.2,23.489,66.52199999999999,0.3531012296683804,0.0
162,1,10,0.0,-30.966999596896216,200,0.0,0,0.0,24.75,860.817,49.615,17.349934495616246,0.0
162,2,10,0.0,-25.14128920286059,200,0.0,0,0.0,13.550000000000013,583.649999999999,57.33000000000001,10.180533751962303,0.0
162,3,10,1.0,10.592311941879824,3,0.7194424783579246,0,0.0,0.25,18.366999999999997,13.214,1.3899651884365065,0.0
162,4,10,0.0,-22.955849261567938,200,0.0,0,0.0,10.000000000000007,684.4000000000029,38.663000000000004,17.70167860745423,0.0
162,5,10,1.0,10.241149207535088,6,0.9345435503578285,0,0.0,0.35,40.103,37.478,1.0700410907732536,0.0
162,6,10,1.0,10.44691487502185,4,0.5667442666798752,0,0.0,0.35,20.189,11.442,1.7644642545009614,0.0
162,7,10,0.0,-13.004195904567492,13,0.0,10,1.0,0.25,13.049,31.352,0.4162094922174024,0.0
162,8,10,1.0,10.345507366178039,5,1.0,0,0.0,0.35,27.219,27.219,1.0,0.0
162,9,10,0.0,-23.782215040839873,200,0.0,0,0.0,11.450000000000015,760.6919999999998,40.769000000000005,18.65858863352056,0.0
163,0,10,0.0,-25.5817255123276,200,0.0,0,0.0,15.000000000000004,730.1999999999982,28.351,25.755705266128118,0.0
163,1,10,0.0,-30.77264127843276,200,0.0,0,0.0,24.7,685.5329999999974,46.557,14.724595656936602,0.0
163,2,10,1.0,10.584043365509293,3,1.0,0,0.0,0.25,13.882,13.882,1.0,0.0
163,3,10,0.0,-25.88576577612532,200,0.0,0,0.0,15.000000000000002,732.5320000000019,78.267,9.359397958271071,0.0
163,4,10,1.0,10.7050652027784,2,0.9971401760579113,0,0.0,0.2,22.379,22.314999999999998,1.0028680259914857,0.0
163,5,10,1.0,10.585092054263566,3,0.8515353332940414,0,0.0,0.25,16.967,14.448,1.1743493909191582,0.0
163,6,10,1.0,10.31875795754708,5,0.9623283287310499,0,0.0,0.39999999999999997,54.68299999999999,52.623,1.03914638086008,0.0
163,7,10,1.0,10.531678062678063,3,0.8918815906492187,0,0.0,0.35000000000000003,15.742,14.040000000000001,1.1212250712250713,0.0
163,8,10,1.0,10.754611481129084,2,0.95821303753229,0,0.0,0.1,6.5809999999999995,6.306,1.0436092610212495,0.0
163,9,10,0.0,-22.845331108245432,200,0.0,0,0.0,10.000000000000007,758.6000000000012,13.183,57.543806417355775,0.0
164,0,10,1.0,10.703831384747398,2,1.0,0,0.0,0.2,9.323,9.323,1.0,0.0
164,1,10,1.0,9.5012622616143,11,0.9997179172335978,0,0.0,0.9000000000000001,60.26599999999999,60.248999999999995,1.0002821623595413,0.0
164,2,10,0.0,-23.561619517852133,200,0.0,0,0.0,10.250000000000012,1089.0730000000012,56.912,19.136087292662378,0.0
164,3,10,1.0,9.860617251245099,9,0.8676903273262229,0,0.0,0.5499999999999999,43.504,37.748,1.1524848998622443,0.0
164,4,10,1.0,9.201017010912299,13,0.7484068205304858,0,0.0,1.1,69.672,52.143,1.3361716817214198,0.0
164,5,10,0.0,-25.837498810556593,200,0.0,0,0.0,15.000000000000004,1372.885999999996,35.731,38.42282611737696,0.0
164,6,10,1.0,9.736930610889774,10,0.49804528328628633,0,0.0,0.65,84.66699999999999,42.168,2.007849554164295,0.0
164,7,10,0.0,-23.18169546436289,200,0.0,0,0.0,10.050000000000008,858.8609999999974,39.355000000000004,21.82342777283693,0.0
164,8,10,0.0,-30.593044147843933,200,0.0,0,0.0,24.700000000000003,658.3540000000027,40.908,16.0935269384962,0.0
164,9,10,0.0,-25.758527764503565,200,0.0,0,0.0,15.000000000000002,941.1919999999986,52.315000000000005,17.990863041192746,0.0
165,0,10,1.0,9.154007227764172,14,0.6512234021861749,0,0.0,1.05,77.121,50.22299999999999,1.535571351771101,0.0
165,1,10,0.0,-13.652084584269666,16,0.0,10,1.0,0.65,21.121,55.62500000000001,0.3797033707865168,0.0
165,2,10,1.0,10.237230134932533,6,0.7124799715150437,0,0.0,0.39999999999999997,33.702,24.012,1.4035482258870564,0.0
165,3,10,0.0,-12.974532307742988,11,0.0,10,1.0,0.1,5.134,60.71300000000001,0.08456179072027407,0.0
165,4,10,0.0,-13.030603727714752,16,0.0,10,1.0,0.35,29.977,44.424,0.6747929047361787,0.0
165,5,10,0.0,-25.58714676390149,200,0.0,0,0.0,15.000000000000004,1039.5999999999976,32.910000000000004,31.589182619264587,0.0
165,6,10,0.0,-25.563281091358828,200,0.0,0,0.0,15.000000000000004,1342.1010000000015,54.17099999999999,24.77526720939251,0.0
165,7,10,0.0,-25.9569119277086,200,0.0,0,0.0,14.950000000000003,931.178999999998,53.229,17.49382855210502,0.0
165,8,10,1.0,10.61353469387755,3,0.7674837497063199,0,0.0,0.2,12.769000000000002,9.8,1.3029591836734695,0.0
165,9,10,0.0,-13.135750281099867,11,0.0,10,1.0,0.1,5.275,39.132000000000005,0.13480016354901359,0.0
166,0,10,1.0,10.05667202885834,7,1.0,0,0.0,0.5500000000000002,30.770999999999997,30.770999999999997,1.0,0.0
166,1,10,1.0,10.560643711305232,3,0.9732562938505983,0,0.0,0.3,12.115000000000002,11.791,1.0274785853617168,0.0
166,2,10,1.0,10.212105314614211,6,0.6825485799701047,0,0.0,0.44999999999999996,37.464,25.571,1.4650971803996713,0.0
166,3,10,0.0,-25.582722873085935,200,0.0,0,0.0,15.000000000000004,625.5999999999998,37.812999999999995,16.544574617195142,0.0
166,4,10,1.0,10.03877298705338,7,0.8037310168114494,0,0.0,0.6000000000000001,32.001999999999995,25.721,1.2441973484701214,0.0
166,5,10,1.0,10.610102146978152,3,0.8060532133872074,0,0.0,0.2,13.117,10.573,1.2406128818689115,0.0
166,6,10,1.0,10.220608408865518,6,0.8497432681378121,0,0.0,0.39999999999999997,51.026,43.359,1.1768260338107428,0.0
166,7,10,0.0,-28.53840636375882,200,0.0,0,0.0,19.70000000000003,1027.9780000000035,59.336,17.324693272212542,0.0
166,8,10,0.0,-28.18157617983446,200,0.0,0,0.0,20.00000000000003,942.4169999999987,30.428,30.972032338635422,0.0
166,9,10,0.0,-23.363651865665407,200,0.0,0,0.0,10.200000000000012,935.1429999999949,59.522999999999996,15.71061606437839,0.0
167,0,10,1.0,10.260722755505363,6,0.8437797776601376,0,0.0,0.35000000000000003,37.78,31.878,1.1851433590564027,0.0
167,1,10,0.0,-23.526350140056017,200,0.0,0,0.0,10.050000000000008,1089.5059999999983,35.7,30.518375350140005,0.0
167,2,10,0.0,-13.308473939319567,17,0.0,10,1.0,0.55,33.873000000000005,32.597,1.0391447065680892,0.0
167,3,10,1.0,10.016032220010322,7,0.7277068354973709,0,0.0,0.65,37.275999999999996,27.125999999999998,1.3741797537417975,0.0
167,4,10,1.0,0.6979460562505544,19,0.8326991984041964,8,0.0,0.9500000000000001,54.142,45.084,1.200913849702777,0.0
167,5,10,0.0,-13.573101337484962,17,0.0,10,1.0,0.5499999999999999,22.025,28.261999999999997,0.779314981246904,0.0
167,6,10,0.0,-23.141153308731308,200,0.0,0,0.0,10.050000000000008,831.129999999997,55.821999999999996,14.888932678872077,0.0
167,7,10,1.0,10.825,1,1.0,0,0.0,0.15,4.57,4.57,1.0,0.0
167,8,10,1.0,10.270817918793277,5,1.0,0,0.0,0.5,30.761000000000003,30.761000000000003,1.0,0.0
167,9,10,1.0,10.489269633678184,4,0.9202994011976047,0,0.0,0.25,16.700000000000003,15.369,1.0866029019454748,0.0
168,0,10,0.0,-27.03629674920113,200,0.0,0,0.0,18.05,928.5660000000032,56.016999999999996,16.576503561418914,0.0
168,1,10,0.0,-23.425599352925353,200,0.0,0,0.0,10.050000000000008,643.5319999999991,37.09,17.350552709625212,0.0
168,2,10,0.0,-13.246021939861414,13,0.0,10,1.0,0.15000000000000002,14.834000000000001,62.489000000000004,0.23738577989726192,0.0
168,3,10,0.0,-12.980917753547082,13,0.0,10,1.0,0.2,30.741000000000003,52.36699999999999,0.5870299998090402,0.0
168,4,10,1.0,10.341476099350157,5,0.8191169747240545,0,0.0,0.35,30.622,25.083,1.220826854841925,0.0
168,5,10,1.0,10.875,1,1.0,0,0.0,0.05,3.066,3.066,1.0,0.0
168,6,10,0.0,-23.130721205801564,200,0.0,0,0.0,10.000000000000007,1020.2200000000017,52.745000000000005,19.342496919139286,0.0
168,7,10,1.0,10.318741222731953,5,0.8454171283837265,0,0.0,0.4,25.268,21.362000000000002,1.1828480479355865,0.0
168,8,10,0.0,-25.18558593750006,200,0.0,0,0.0,15.100000000000003,451.96000000000174,45.312,9.974399717514164,0.0
168,9,10,1.0,9.84468412216888,9,0.6757622800732427,0,0.0,0.6,50.244,33.953,1.4798103260389361,0.0
169,0,10,0.0,-25.962501904628656,200,0.0,0,0.0,15.150000000000004,1164.9390000000044,64.31700000000001,18.112458603479705,0.0
169,1,10,1.0,9.931328262398875,8,0.6504790504790505,0,0.0,0.6,34.964999999999996,22.744,1.5373285262047132,0.0
169,2,10,0.0,-12.867685185185184,15,0.0,10,1.0,0.5499999999999999,28.158,32.508,0.866186784791436,0.0
169,3,10,0.0,-13.383601909142346,15,0.0,10,1.0,0.35,18.662,54.788999999999994,0.34061581704356714,0.0
169,4,10,0.0,-23.1005947842001,200,0.0,0,0.0,10.000000000000007,528.2599999999983,32.785000000000004,16.112856489248077,0.0
169,5,10,1.0,9.619169835560124,10,0.7857229377801106,0,0.0,0.8500000000000001,49.534000000000006,38.92,1.2727132579650566,0.0
169,6,10,0.0,-23.140873703293412,200,0.0,0,0.0,10.000000000000007,1888.433999999993,59.574,31.698962634706298,0.0
169,7,10,0.0,-13.024110062425684,15,0.0,10,1.0,0.5,52.989,53.824,0.9844864744351962,0.0
169,8,10,1.0,9.980042234593972,8,0.8177536674283521,0,0.0,0.49999999999999994,57.32899999999999,46.88099999999999,1.2228621403127067,0.0
169,9,10,1.0,10.728966296523632,2,0.8734282093771322,0,0.0,0.15000000000000002,20.518,17.921,1.144913788293064,0.0
170,0,10,1.0,10.231820466210436,6,0.6400218998083766,0,0.0,0.4,29.224,18.704,1.5624465355004278,0.0
170,1,10,0.0,-22.951212493285283,200,0.0,0,0.0,10.000000000000007,508.6000000000011,52.12400000000001,9.757501342951443,0.0
170,2,10,0.0,-14.538552156684586,24,0.0,10,1.0,0.9500000000000001,72.54499999999999,39.621,1.8309734736629562,0.0
170,3,10,0.0,-13.64930903663163,19,0.0,10,1.0,0.49999999999999994,38.01500000000001,48.236999999999995,0.7880879822542863,0.0
170,4,10,0.0,-13.568107341490546,19,0.0,10,1.0,0.6000000000000001,40.38,53.94,0.7486095661846497,0.0
170,5,10,0.0,-25.959977111210694,200,0.0,0,0.0,15.000000000000002,748.9209999999979,62.476,11.987339138229046,0.0
170,6,10,0.0,-12.920321154432532,13,0.0,10,1.0,0.35,36.432,75.43099999999998,0.48298444936431983,0.0
170,7,10,0.0,-23.260914467131567,200,0.0,0,0.0,10.100000000000009,595.3499999999996,48.19200000000001,12.353710159362539,0.0
170,8,10,0.0,-13.321468500928047,13,0.0,10,1.0,0.30000000000000004,13.417,45.795,0.2929795829239,0.0
170,9,10,0.0,-23.288546092519184,200,0.0,0,0.0,10.150000000000011,1028.2439999999945,41.894000000000005,24.543944240225194,0.0
171,0,10,1.0,10.489973429424182,4,1.0,0,0.0,0.25,13.737,13.737,1.0,0.0
171,1,10,0.0,-22.92714382985538,200,0.0,0,0.0,10.000000000000007,1091.4000000000003,74.901,14.571234028918177,0.0
171,2,10,0.0,-22.977868703063006,200,0.0,0,0.0,10.000000000000007,735.4759999999994,59.255,12.412049616066145,0.0
171,3,10,0.0,-23.0826065807303,200,0.0,0,0.0,10.000000000000007,898.4639999999976,57.562,15.60863069386049,0.0
171,4,10,0.0,-12.805883920107219,14,0.0,10,1.0,0.25,22.768,30.591,0.7442711908731326,0.0
171,5,10,0.0,-12.95997722429669,14,0.0,10,1.0,0.25,34.037,51.151,0.6654219858849288,0.0
171,6,10,1.0,10.754169419849347,2,1.0,0,0.0,0.1,7.567,7.567,1.0,0.0
171,7,10,1.0,9.986582492471868,8,0.6015317147578493,0,0.0,0.49999999999999994,31.468000000000004,18.929000000000002,1.662422737598394,0.0
171,8,10,1.0,10.07592082102688,7,0.8388138138138137,0,0.0,0.49999999999999994,39.96,33.519,1.1921596706345656,0.0
171,9,10,1.0,10.315779880163987,5,0.767165045725069,0,0.0,0.4,20.667,15.855000000000002,1.3035004730368969,0.0
172,0,10,1.0,10.390366933527414,4,0.9377239378945573,0,0.0,0.45,17.583,16.488,1.0664119359534205,0.0
172,1,10,0.0,-25.548285290286735,200,0.0,0,0.0,14.950000000000003,1288.4489999999946,46.833,27.511562359874333,0.0
172,2,10,0.0,-25.82357564905994,200,0.0,0,0.0,15.000000000000002,751.6349999999978,61.43499999999999,12.234638235533458,0.0
172,3,10,0.0,-12.9,10,0.0,10,1.0,0.0,0.0,49.601,0.0,0.0
172,4,10,0.0,-12.899999999999999,10,0.0,10,1.0,0.0,0.0,36.18,0.0,0.0
172,5,10,0.0,-23.08422367143048,200,0.0,0,0.0,10.000000000000007,684.4000000000029,14.414,47.481615096434226,0.0
172,6,10,0.0,-25.95896714231516,200,0.0,0,0.0,15.000000000000002,1379.182999999996,68.538,20.122895328139077,0.0
172,7,10,0.0,-25.76910646717311,200,0.0,0,0.0,14.950000000000003,633.9510000000005,34.620999999999995,18.31116952138877,0.0
172,8,10,1.0,10.486672957932834,4,0.940971840785089,0,0.0,0.25,27.309,25.696999999999996,1.0627310581001677,0.0
172,9,10,1.0,10.126271599368373,6,0.9302081584690279,0,0.0,0.6000000000000001,23.828000000000003,22.165,1.075028197608843,0.0
173,0,10,1.0,10.159249977028393,7,0.8250634926651756,0,0.0,0.35,52.762,43.532,1.2120279334742259,0.0
173,1,10,1.0,9.093004261989046,14,0.8594066898743759,0,0.0,1.1500000000000004,66.07,56.781000000000006,1.1635934555573164,0.0
173,2,10,0.0,-26.341957028093386,200,0.0,0,0.0,17.500000000000032,925.7229999999978,21.037,44.00451585302076,0.0
173,3,10,1.0,10.85,1,1.0,0,0.0,0.1,5.955,5.955,1.0,0.0
173,4,10,0.0,-12.760242020080927,11,0.0,10,1.0,0.15,4.57,13.346,0.34242469653828866,0.0
173,5,10,1.0,10.22108661358173,6,0.7895610913404507,0,0.0,0.4,33.72,26.624,1.2665264423076923,0.0
173,6,10,0.0,-23.45787311313093,200,0.0,0,0.0,10.050000000000008,902.6769999999975,49.288,18.314336146729378,0.0
173,7,10,1.0,10.585355881267464,3,1.0,0,0.0,0.25,18.967,18.967,1.0,0.0
173,8,10,1.0,10.201828289832104,6,0.9354181144313182,0,0.0,0.45,43.17,40.382000000000005,1.069040661680947,0.0
173,9,10,0.0,-13.029291577149783,11,0.0,10,1.0,0.05,6.889,36.306000000000004,0.1897482509777998,0.0
174,0,10,1.0,10.199867546098272,6,0.7452918642342414,0,0.0,0.45,37.329,27.820999999999998,1.3417562273103052,0.0
174,1,10,0.0,-22.91316836168434,200,0.0,0,0.0,10.000000000000007,988.8449999999983,44.149,22.397902557249278,0.0
174,2,10,0.0,-23.468085546740177,200,0.0,0,0.0,10.050000000000008,624.8989999999991,46.384,13.47229648154534,0.0
174,3,10,0.0,-28.061320153523006,200,0.0,0,0.0,20.00000000000003,1168.076999999998,41.42700000000001,28.196031573611357,0.0
174,4,10,0.0,-26.01339477440578,200,0.0,0,0.0,15.000000000000002,706.9590000000019,48.339000000000006,14.625023273133532,0.0
174,5,10,1.0,10.58353891022905,3,0.9801524588639956,0,0.0,0.25,21.514,21.087,1.020249442784654,0.0
174,6,10,0.0,-28.311203050608274,200,0.0,0,0.0,19.850000000000026,900.4960000000004,68.05199999999999,13.23246928819139,0.0
174,7,10,1.0,10.58616169544741,3,1.0,0,0.0,0.25,15.925,15.925,1.0,0.0
174,8,10,0.0,-23.320499006951355,200,0.0,0,0.0,10.050000000000008,1053.0610000000058,40.28,26.14352035749766,0.0
174,9,10,1.0,10.614724123480933,3,0.8251022877888549,0,0.0,0.2,17.353,14.318,1.2119709456628023,0.0
175,0,10,0.0,-12.9,10,0.0,10,1.0,0.0,0.0,49.69700000000002,0.0,0.0
175,1,10,0.0,-12.916964139063783,11,0.0,10,1.0,0.1,6.565,47.489000000000004,0.1382425403777717,0.0
175,2,10,0.0,-22.983076317578373,200,0.0,0,0.0,10.000000000000007,411.59499999999844,55.898,7.3633224802318225,0.0
175,3,10,0.0,-23.341896045432502,200,0.0,0,0.0,10.150000000000011,1661.625999999998,72.19500000000001,23.015804418588512,0.0
175,4,10,0.0,-26.633779635799034,200,0.0,0,0.0,16.649999999999995,1089.227000000002,30.916999999999998,35.23068214897959,0.0
175,5,10,0.0,-33.48780884706811,200,0.0,8,0.0,14.350000000000001,929.6710000000026,41.233999999999995,22.546223989911304,0.0
175,6,10,0.0,-12.882046486124228,11,0.0,10,1.0,0.1,5.826,32.827000000000005,0.17747585828738535,0.0
175,7,10,0.0,-12.979065935296092,11,0.0,10,1.0,0.1,3.916,44.665,0.08767491324303146,0.0
175,8,10,0.0,-13.021855262236535,11,0.0,10,1.0,0.05,2.772,14.280999999999999,0.19410405433793151,0.0
175,9,10,0.0,-12.899999999999999,10,0.0,10,1.0,0.0,0.0,25.195,0.0,0.0
176,0,10,1.0,10.074674363186265,7,0.9154505983268029,0,0.0,0.5,47.215,43.223,1.0923582351988526,0.0
176,1,10,0.0,-22.85289788790955,200,0.0,0,0.0,10.000000000000007,973.2170000000033,24.052000000000003,40.46303841676381,0.0
176,2,10,0.0,-25.589602021478246,200,0.0,0,0.0,15.000000000000002,1172.5070000000046,39.575,29.627466835123297,0.0
176,3,10,0.0,-23.050942338999796,200,0.0,0,0.0,10.000000000000007,523.0140000000018,26.413,19.80138568129337,0.0
176,4,10,0.0,-13.166757176909524,16,0.0,10,1.0,0.55,28.726000000000003,38.596,0.7442740180329569,0.0
176,5,10,0.0,-12.719434400743662,12,0.0,10,1.0,0.15000000000000002,15.325,31.197,0.49123313139083885,0.0
176,6,10,0.0,-12.719631076616498,12,0.0,10,1.0,0.15000000000000002,18.752000000000002,38.138000000000005,0.491688080130054,0.0
176,7,10,1.0,10.61022412350042,3,1.0,0,0.0,0.2,10.753,10.753,1.0,0.0
176,8,10,1.0,9.848433419622792,9,0.717979616429403,0,0.0,0.6000000000000001,48.961,35.153,1.3927972008078968,0.0
176,9,10,0.0,-13.100675373792402,16,0.0,10,1.0,0.55,45.791,51.031000000000006,0.8973173169250062,0.0
177,0,10,1.0,9.84790781853282,9,0.8799150661133097,0,0.0,0.6,51.80499999999999,45.584,1.1364733239733238,0.0
177,1,10,0.0,-23.112268961121714,200,0.0,0,0.0,10.100000000000009,601.228999999999,51.77700000000001,11.611893311702087,0.0
177,2,10,0.0,-25.3886259223166,200,0.0,0,0.0,15.000000000000004,1171.7399999999996,50.281,23.303832461565992,0.0
177,3,10,0.0,-28.276084691275997,200,0.0,0,0.0,19.800000000000026,686.7169999999985,45.105000000000004,15.224853120496585,0.0
177,4,10,1.0,10.494322059041686,4,0.765196662693683,0,0.0,0.25,17.619,13.482000000000001,1.3068535825545171,0.0
177,5,10,1.0,10.516106649183195,4,0.9999453671328673,0,0.0,0.2,18.304,18.303,1.000054635852046,0.0
177,6,10,0.0,-23.03312668837011,200,0.0,0,0.0,10.000000000000007,799.1999999999977,57.748000000000005,13.839440326937687,0.0
177,7,10,1.0,10.6365234670704,3,0.8842774663208101,0,0.0,0.15000000000000002,11.951,10.568000000000001,1.1308667676003028,0.0
177,8,10,1.0,10.75559309252696,2,1.0,0,0.0,0.1,13.261,13.261,1.0,0.0
177,9,10,1.0,10.490318250377074,4,1.0,0,0.0,0.25,26.52,26.52,1.0,0.0
178,0,10,0.0,-23.412662375927596,200,0.0,0,0.0,10.050000000000008,683.6410000000034,54.303000000000004,12.589378119072672,0.0
178,1,10,0.0,-25.744886512928066,200,0.0,0,0.0,14.950000000000003,1149.2970000000043,71.55000000000001,16.06285115303989,0.0
178,2,10,0.0,-13.669134571558796,16,0.0,10,1.0,0.45,24.822,17.552,1.4141978122151322,0.0
178,3,10,1.0,10.237729773030708,6,0.47466348956881044,0,0.0,0.39999999999999997,39.449,18.725,2.1067556742323097,0.0
178,4,10,0.0,-30.566722244581065,200,0.0,0,0.0,25.0,1370.2000000000057,69.572,19.69470476628537,0.0
178,5,10,1.0,8.978873051495118,15,0.7099121598346537,0,0.0,1.2000000000000002,69.67200000000001,49.461000000000006,1.408624977254807,0.0
178,6,10,1.0,10.072471529701446,7,0.6624335542124807,0,0.0,0.49999999999999994,68.665,45.486,1.5095853669260875,0.0
178,7,10,0.0,-28.008110057964625,200,0.0,0,0.0,20.000000000000014,1188.5360000000032,40.197,29.567778689952064,0.0
178,8,10,0.0,-23.20486201679797,200,0.0,0,0.0,10.000000000000007,990.0000000000035,19.169,51.645886587719936,0.0
178,9,10,0.0,-13.02799418902752,16,0.0,10,1.0,0.4,23.049,29.255000000000003,0.7878653221671509,0.0
179,0,10,0.0,-23.03918849180755,200,0.0,0,0.0,10.000000000000007,486.00000000000114,62.007999999999996,7.837698361501761,0.0
179,1,10,1.0,10.23597568744028,6,0.6289396367521367,0,0.0,0.39999999999999997,29.952,18.838,1.5899777046395585,0.0
179,2,10,0.0,-24.701052956651044,200,0.0,0,0.0,13.300000000000013,720.5199999999975,43.714999999999996,16.482214342902836,0.0
179,3,10,0.0,-23.061208203654925,200,0.0,0,0.0,10.000000000000007,1455.0009999999947,37.593,38.70404064586478,0.0
179,4,10,0.0,-25.585627921154273,200,0.0,0,0.0,15.000000000000004,1342.1010000000015,39.368,34.09116541353387,0.0
179,5,10,1.0,10.221119055905337,6,0.8466689882403364,0,0.0,0.39999999999999997,37.331,31.607000000000003,1.1810991236118582,0.0
179,6,10,1.0,10.485132616487455,4,1.0,0,0.0,0.25,25.11,25.11,1.0,0.0
179,7,10,0.0,-25.481040505388403,200,0.0,0,0.0,15.000000000000002,1823.1439999999911,45.747,39.852755371936766,0.0
179,8,10,0.0,-23.491523763971475,200,0.0,0,0.0,10.15000000000001,532.3680000000024,39.724000000000004,13.401671533581775,0.0
179,9,10,0.0,-22.90454555288725,200,0.0,0,0.0,10.000000000000007,882.4000000000018,46.221,19.090889422556888,0.0
180,0,10,0.0,-23.50434828572608,200,0.0,0,0.0,10.20000000000001,658.7319999999996,48.242000000000004,13.654740682392926,0.0
180,1,10,1.0,10.612793878707727,3,0.8946318707322021,0,0.0,0.2,29.582,26.465000000000003,1.1177781976194974,0.0
180,2,10,0.0,-25.61347774038359,200,0.0,0,0.0,15.000000000000004,966.5650000000041,44.272999999999996,21.831929166760876,0.0
180,3,10,0.0,-22.936323921875307,200,0.0,0,0.0,10.000000000000007,2116.1710000000085,58.82899999999999,35.971561644767185,0.0
180,4,10,1.0,10.311416226016014,4,1.0,0,0.0,0.6000000000000001,33.095,33.095,1.0,0.0
180,5,10,1.0,10.609393810421354,3,0.6661671189598606,0,0.0,0.2,24.689,16.447,1.5011248251960845,0.0
180,6,10,0.0,-12.929168419710589,11,0.0,10,1.0,0.1,3.907,31.374000000000002,0.1245298654937209,0.0
180,7,10,0.0,-25.53876066683458,200,0.0,0,0.0,15.000000000000002,728.8989999999981,55.546,13.122439059518202,0.0
180,8,10,0.0,-25.40392348836486,200,0.0,0,0.0,14.950000000000003,823.7489999999964,32.531,25.32196981340864,0.0
180,9,10,0.0,-12.90258754935268,11,0.0,10,1.0,0.05,13.303,54.455,0.24429345331007257,0.0
181,0,10,0.0,-12.9,10,0.0,10,1.0,0.0,0.0,37.771,0.0,0.0
181,1,10,1.0,10.341870075531164,5,0.9798732761833768,0,0.0,0.35000000000000003,18.781,18.403,1.0205401293267402,0.0
181,2,10,0.0,-12.9,10,0.0,10,1.0,0.0,0.0,25.16,0.0,0.0
181,3,10,0.0,-28.56433037675972,200,0.0,0,0.0,19.90000000000003,606.296000000001,61.44500000000001,9.867295955732784,0.0
181,4,10,0.0,-25.03927109181142,200,0.0,0,0.0,13.400000000000013,679.297000000002,45.136,15.05000443105286,0.0
181,5,10,1.0,10.108991233042362,7,0.7210037326649047,0,0.0,0.45,36.703,26.463,1.3869553716509844,0.0
181,6,10,1.0,10.124829588088938,6,0.7463597241054059,0,0.0,0.6000000000000001,33.926,25.321,1.339836499348367,0.0
181,7,10,1.0,9.5025226056098,11,0.8299554046858358,0,0.0,0.9,60.096000000000004,49.876999999999995,1.2048840146761035,0.0
181,8,10,0.0,-25.68099267141001,200,0.0,0,0.0,15.000000000000004,780.3920000000023,46.80299999999999,16.673973890562625,0.0
181,9,10,0.0,-25.249324859151574,200,0.0,0,0.0,13.400000000000013,596.5239999999999,42.95399999999999,13.887507566233644,0.0
182,0,10,0.0,-23.042349811940152,200,0.0,0,0.0,10.000000000000007,678.5999999999993,48.123000000000005,14.101365251542907,0.0
182,1,10,1.0,10.250069290205523,6,0.8846302855877793,0,0.0,0.35000000000000003,36.136,31.967,1.1304157412331468,0.0
182,2,10,1.0,9.808764036958067,9,0.8413562159899536,0,0.0,0.65,50.169000000000004,42.20999999999999,1.1885572139303486,0.0
182,3,10,0.0,-25.414716841398867,200,0.0,0,0.0,15.000000000000004,736.9999999999969,43.208999999999996,17.0566317202434,0.0
182,4,10,0.0,-23.06249137540159,200,0.0,0,0.0,10.000000000000007,633.9999999999993,50.72699999999999,12.498275080331963,0.0
182,5,10,1.0,10.122775696684927,7,0.9900105039765054,0,0.0,0.39999999999999997,46.648999999999994,46.18299999999999,1.0100902929649438,0.0
182,6,10,0.0,-23.539769782235552,200,0.0,0,0.0,10.050000000000008,634.7549999999993,59.422,10.682154757497212,0.0
182,7,10,1.0,10.275289184413094,6,1.0,0,0.0,0.3,33.387,33.387,1.0,0.0
182,8,10,0.0,-25.89823372975556,200,0.0,0,0.0,14.900000000000002,626.3029999999989,33.466,18.714605868642767,0.0
182,9,10,0.0,-23.28330312600942,200,0.0,0,0.0,10.050000000000008,1029.2120000000018,55.726,18.469152639701427,0.0
183,0,10,0.0,-22.95340745416005,200,0.0,0,0.0,10.000000000000007,1089.2010000000002,61.79100000000001,17.627178715346897,0.0
183,1,10,0.0,-13.395109290737969,14,0.0,10,1.0,0.35000000000000003,16.009,48.769000000000005,0.3282618056552318,0.0
183,2,10,0.0,-13.379013573581757,14,0.0,10,1.0,0.30000000000000004,17.008,58.717,0.28966057530187167,0.0
183,3,10,0.0,-23.206163361240733,200,0.0,0,0.0,10.050000000000008,751.8499999999984,58.288,12.898881416415016,0.0
183,4,10,1.0,10.705428679817906,2,1.0,0,0.0,0.2,10.544,10.544,1.0,0.0
183,5,10,0.0,-12.812091383066099,12,0.0,10,1.0,0.15000000000000002,12.379,28.003,0.4420597793093597,0.0
183,6,10,0.0,-14.537217884057405,26,0.0,10,1.0,1.1000000000000003,89.993,51.353,1.7524390006426107,0.0
183,7,10,1.0,9.988714182456503,8,1.0,0,0.0,0.49999999999999994,38.738,38.738,1.0,0.0
183,8,10,0.0,-12.477726986872103,12,0.0,10,1.0,0.15000000000000002,10.575,12.721,0.8313025705526295,0.0
183,9,10,1.0,8.935158494373521,15,0.7057910093467188,0,0.0,1.2500000000000002,101.105,71.35900000000001,1.4168500119116019,0.0
184,0,10,0.0,-25.7224979852551,200,0.0,0,0.0,14.950000000000003,491.9780000000028,67.006,7.3422977046832045,0.0
184,1,10,0.0,-30.81258457551766,200,0.0,0,0.0,24.55,524.3359999999996,42.062999999999995,12.465492237833717,0.0
184,2,10,1.0,9.79005451993079,8,0.8736986223223707,0,0.0,0.9000000000000001,35.059000000000005,30.631,1.1445594332538933,0.0
184,3,10,0.0,-23.254049938020255,200,0.0,0,0.0,10.100000000000009,1088.3470000000013,50.82300000000001,21.414458020974777,0.0
184,4,10,1.0,9.758491712927038,9,0.9371084427207638,0,0.0,0.7500000000000001,53.632,50.259,1.0671123579856343,0.0
184,5,10,0.0,-23.370531728942353,200,0.0,0,0.0,10.000000000000007,872.081,39.475,22.09198226725776,0.0
184,6,10,0.0,-22.934101269944627,200,0.0,0,0.0,10.000000000000007,1076.920000000005,24.568,43.83425594268988,0.0
184,7,10,1.0,10.223146198830408,6,0.9560736077010964,0,0.0,0.4,41.13699999999999,39.33,1.045944571573862,0.0
184,8,10,0.0,-22.910308219178077,200,0.0,0,0.0,10.000000000000007,1047.6000000000058,58.4,17.938356164383663,0.0
184,9,10,1.0,10.302832110839446,5,0.7230406599882145,0,0.0,0.45,23.758,17.178,1.383048084759576,0.0
185,0,10,0.0,-13.09141973099834,12,0.0,10,1.0,0.1,8.917,47.509,0.1876907533309478,0.0
185,1,10,0.0,-25.663930451648653,200,0.0,0,0.0,15.000000000000002,946.8000000000026,28.872,32.793017456359195,0.0
185,2,10,0.0,-28.144466126535576,200,0.0,0,0.0,19.85000000000003,810.4920000000034,30.362999999999996,26.69340974212046,0.0
185,3,10,0.0,-23.28846653391861,200,0.0,0,0.0,10.050000000000008,1878.3029999999928,66.29100000000001,28.334208263565078,0.0
185,4,10,0.0,-29.339250094589488,200,0.0,0,0.0,22.50000000000002,1193.0930000000003,39.644999999999996,30.094412914617237,0.0
185,5,10,1.0,9.49435809331312,12,0.5504561637739208,0,0.0,0.7000000000000002,53.928000000000004,29.685000000000002,1.8166750884284992,0.0
185,6,10,1.0,10.250482169066604,6,0.9815824312748229,0,0.0,0.35000000000000003,25.682,25.209,1.0187631401483597,0.0
185,7,10,1.0,10.391071270892464,4,0.9447622452627816,0,0.0,0.45000000000000007,16.782,15.855,1.0584673604541155,0.0
185,8,10,0.0,-13.108222730138715,12,0.0,10,1.0,0.1,10.506,38.064,0.2760088272383354,0.0
185,9,10,0.0,-25.701450318460537,200,0.0,0,0.0,14.950000000000003,1236.4559999999985,58.563,21.113262640233568,0.0
186,0,10,0.0,-23.262160859254625,200,0.0,0,0.0,10.15000000000001,293.3659999999993,57.771,5.0780841598725885,0.0
186,1,10,1.0,3.5952012635720507,19,0.6655671660581645,5,0.0,1.2000000000000002,79.42999999999999,52.866,1.5024779631521203,0.0
186,2,10,0.0,-12.970675836593843,12,0.0,10,1.0,0.1,7.398999999999999,41.149,0.1798099589297431,0.0
186,3,10,1.0,10.200454184374628,6,0.9121110024272724,0,0.0,0.45,27.603,25.177,1.0963577868689678,0.0
186,4,10,1.0,10.524923828686404,4,0.41742156098146266,0,0.0,0.2,33.337999999999994,13.916,2.3956596723196317,0.0
186,5,10,1.0,9.572950551192195,10,0.5055823643583397,0,0.0,0.9500000000000002,56.159,28.393,1.9779170922410452,0.0
186,6,10,0.0,-25.452064782352455,200,0.0,0,0.0,15.000000000000002,308.9999999999996,32.231,9.587043529521255,0.0
186,7,10,0.0,-12.834085097587623,12,0.0,10,1.0,0.1,11.323,33.867,0.33433726046003487,0.0
186,8,10,0.0,-13.293967390364156,16,0.0,10,1.0,0.45,44.486,57.805,0.7695874059337428,0.0
186,9,10,0.0,-13.455685823925753,16,0.0,10,1.0,0.35,21.839,44.822,0.4872384097095176,0.0
187,0,10,1.0,9.984250167305468,8,0.862630874596552,0,0.0,0.5000000000000001,38.108999999999995,32.873999999999995,1.159244387661982,0.0
187,1,10,1.0,10.12172967261991,7,0.6739168601135321,0,0.0,0.45,51.263000000000005,34.547000000000004,1.4838625640431875,0.0
187,2,10,1.0,10.129866304101519,7,0.88712433410393,0,0.0,0.39999999999999997,29.847,26.477999999999998,1.1272377067754364,0.0
187,3,10,0.0,-23.26865682537103,200,0.0,0,0.0,10.050000000000008,740.0330000000023,49.316,15.005941276664819,0.0
187,4,10,1.0,10.219440307567787,5,0.9360557618001363,0,0.0,0.6000000000000001,26.398000000000003,24.71,1.0683124241197897,0.0
187,5,10,1.0,9.861456629540202,9,0.8529385712387618,0,0.0,0.5499999999999999,45.157999999999994,38.517,1.1724173741464805,0.0
187,6,10,0.0,-12.9,10,0.0,10,1.0,0.0,0.0,35.915,0.0,0.0
187,7,10,0.0,-12.9,10,0.0,10,1.0,0.0,0.0,50.208,0.0,0.0
187,8,10,0.0,-25.520425607168125,200,0.0,0,0.0,15.000000000000002,431.79999999999905,33.928,12.72695119075687,0.0
187,9,10,0.0,-23.590517397198404,200,0.0,0,0.0,10.100000000000009,480.91500000000076,57.53799999999999,8.358215440230818,0.0
188,0,10,1.0,10.515933716028343,4,0.9279234290470246,0,0.0,0.2,24.03,22.298000000000002,1.0776751278141536,0.0
188,1,10,0.0,-12.806775620280474,13,0.0,10,1.0,0.4,17.79,27.810000000000002,0.6396979503775619,0.0
188,2,10,1.0,10.15086497523677,6,0.8704102854982039,0,0.0,0.55,26.445,23.018,1.1488834824919627,0.0
188,3,10,1.0,10.47828585247884,4,0.5372362540276479,0,0.0,0.3,38.484,20.675,1.8613784764207981,0.0
188,4,10,0.0,-12.99610627695009,13,0.0,10,1.0,0.2,17.881,38.729,0.4616953703942782,0.0
188,5,10,0.0,-26.531406682686768,200,0.0,0,0.0,16.649999999999995,863.1220000000013,43.69499999999999,19.753335621924737,0.0
188,6,10,1.0,10.752689856028134,2,1.0,0,0.0,0.1,18.198,18.198,1.0,0.0
188,7,10,0.0,-13.002120474274827,13,0.0,10,1.0,0.35,28.756999999999998,66.122,0.43490819999395053,0.0
188,8,10,1.0,9.974124635669673,7,0.9312154267693737,0,0.0,0.7,38.68600000000001,36.025,1.0738653712699517,0.0
188,9,10,0.0,-25.429178116412704,200,0.0,0,0.0,15.000000000000004,1688.9990000000007,40.03,42.19333000249814,0.0
189,0,10,0.0,-23.368189803480515,200,0.0,0,0.0,10.300000000000011,960.7590000000034,60.452,15.892923311056764,0.0
189,1,10,0.0,-23.176795975298592,200,0.0,0,0.0,10.000000000000007,1108.4820000000004,41.941,26.429555804582638,0.0
189,2,10,1.0,9.49042966948501,11,0.686514553475315,0,0.0,0.9500000000000001,47.377,32.525,1.4566333589546505,0.0
189,3,10,0.0,-23.673272830402738,200,0.0,0,0.0,10.100000000000009,778.6160000000007,51.127,15.229057054002789,0.0
189,4,10,1.0,10.252115518441197,6,0.703401978951785,0,0.0,0.35,28.601,20.118000000000002,1.4216621930609403,0.0
189,5,10,1.0,9.882562051847767,8,0.9009939260077305,0,0.0,0.7000000000000001,36.22,32.634,1.1098853955996812,0.0
189,6,10,1.0,10.013014542042923,8,0.920072293706671,0,0.0,0.44999999999999996,37.071,34.108,1.0868711152808725,0.0
189,7,10,0.0,-23.4765507921279,200,0.0,0,0.0,10.050000000000008,556.579,42.73299999999999,13.024571174502142,0.0
189,8,10,0.0,-25.415218860528505,200,0.0,0,0.0,15.000000000000002,811.6540000000011,44.389,18.28502556939785,0.0
189,9,10,0.0,-27.210490896625267,200,0.0,0,0.0,18.000000000000004,932.9550000000032,65.635,14.214291155633475,0.0
190,0,10,1.0,10.08423950123515,7,0.5724502026908728,0,0.0,0.49999999999999994,74.251,42.504999999999995,1.746876838019057,0.0
190,1,10,0.0,-25.804367428190705,200,0.0,0,0.0,15.150000000000002,942.0529999999978,58.523,16.09714129487548,0.0
190,2,10,0.0,-23.21979456391467,200,0.0,0,0.0,10.050000000000008,775.6949999999993,44.223,17.540533206702378,0.0
190,3,10,1.0,10.374063410756866,5,0.8546627920141903,0,0.0,0.3,26.496999999999996,22.645999999999997,1.170052106332244,0.0
190,4,10,0.0,-25.425736090312142,200,0.0,0,0.0,14.900000000000002,707.3159999999966,52.086,13.579771915677853,0.0
190,5,10,1.0,10.610378631335845,3,0.6905321470538862,0,0.0,0.2,23.828,16.454,1.4481585024917951,0.0
190,6,10,0.0,-30.455146742139853,200,0.0,0,0.0,25.0,1331.1999999999941,48.759,27.301626366414286,0.0
190,7,10,0.0,-23.00069760067646,200,0.0,0,0.0,10.000000000000007,802.6000000000012,47.305,16.966494028115445,0.0
190,8,10,1.0,10.237382160219827,6,0.7497028761587832,0,0.0,0.35000000000000003,37.86299999999999,28.386000000000003,1.3338617628408367,0.0
190,9,10,0.0,-23.067036363636362,200,0.0,0,0.0,10.000000000000007,964.2500000000023,55.0,17.531818181818224,0.0
191,0,10,1.0,10.101352709415861,7,0.9302807362354254,0,0.0,0.45,37.651,35.026,1.0749443270713184,0.0
191,1,10,0.0,-23.130875484820194,200,0.0,0,0.0,10.100000000000009,948.6679999999992,37.385,25.375631937943005,0.0
191,2,10,0.0,-27.957698873200382,200,0.0,0,0.0,20.000000000000025,892.7360000000003,50.49700000000001,17.67899083113849,0.0
191,3,10,0.0,-25.556934915279818,200,0.0,0,0.0,15.000000000000002,883.5910000000003,52.762,16.74673060156932,0.0
191,4,10,0.0,-13.144603208915791,14,0.0,10,1.0,0.25,20.878999999999998,62.451,0.33432611167155046,0.0
191,5,10,0.0,-22.996676028149007,200,0.0,0,0.0,10.000000000000007,1367.2729999999985,61.955999999999996,22.068451804506402,0.0
191,6,10,0.0,-12.974860803649294,14,0.0,10,1.0,0.30000000000000004,26.017000000000003,44.721000000000004,0.5817624829498446,0.0
191,7,10,1.0,10.148359992268103,6,0.9621751057795136,0,0.0,0.55,43.014,41.387,1.039311861212458,0.0
191,8,10,1.0,9.988007351010763,8,0.6378572491813038,0,0.0,0.5,53.74400000000001,34.281,1.5677488988069195,0.0
191,9,10,1.0,9.308111480715635,13,0.6545944609879828,0,0.0,0.9000000000000002,84.961,55.615,1.5276634001618268,0.0
192,0,10,0.0,-13.0579584910194,13,0.0,10,1.0,0.2,15.867999999999999,33.294,0.47660239082116895,0.0
192,1,10,0.0,-22.983434091117385,200,0.0,0,0.0,10.000000000000007,1074.9249999999968,43.635999999999996,24.633903199193256,0.0
192,2,10,0.0,-23.23289272996571,200,0.0,0,0.0,10.050000000000008,901.6309999999992,31.733,28.413040052941707,0.0
192,3,10,0.0,-25.537890420104027,200,0.0,0,0.0,15.000000000000002,845.9520000000036,20.971,40.33913499594696,0.0
192,4,10,0.0,-13.241770189482217,13,0.0,10,1.0,0.25,14.146,39.47599999999999,0.35834431046711934,0.0
192,5,10,0.0,-12.95657024627375,15,0.0,10,1.0,0.35,38.552,49.782000000000004,0.7744164557470571,0.0
192,6,10,0.0,-13.365000969217647,15,0.0,10,1.0,0.5,18.525,51.588,0.35909513840428003,0.0
192,7,10,0.0,-25.43209676496943,200,0.0,0,0.0,15.000000000000004,1345.1270000000015,52.457,25.642469069904905,0.0
192,8,10,0.0,-23.195623891188642,200,0.0,0,0.0,10.000000000000007,1417.8619999999974,25.365000000000002,55.8983638872461,0.0
192,9,10,0.0,-25.12006040626546,200,0.0,0,0.0,13.400000000000013,583.128999999999,52.477999999999994,11.111875452570583,0.0
193,0,10,0.0,-13.123702863861594,12,0.0,10,1.0,0.1,6.873,35.721000000000004,0.19240782732846223,0.0
193,1,10,0.0,-24.74943658842384,200,0.0,0,0.0,13.400000000000013,958.8560000000015,63.009,15.217762541859123,0.0
193,2,10,0.0,-13.155100672185224,12,0.0,10,1.0,0.15000000000000002,9.014,64.268,0.14025642621522375,0.0
193,3,10,0.0,-25.974901139837094,200,0.0,0,0.0,14.900000000000002,377.7739999999993,62.816,6.013977330616393,0.0
193,4,10,0.0,-23.695447576656846,200,0.0,0,0.0,10.10000000000001,650.661999999999,40.44,16.089564787339246,0.0
193,5,10,0.0,-28.42182309331855,200,0.0,0,0.0,19.850000000000023,857.1469999999994,53.955,15.88633120192752,0.0
193,6,10,1.0,10.247818725099602,6,0.9981359512861936,0,0.0,0.35000000000000003,24.141,24.095999999999997,1.0018675298804782,0.0
193,7,10,0.0,-13.070564158607748,12,0.0,10,1.0,0.1,9.32,48.497,0.19217683568055757,0.0
193,8,10,0.0,-13.130631680047282,12,0.0,10,1.0,0.1,6.306,40.606,0.15529724671230852,0.0
193,9,10,1.0,10.047018060307105,6,0.6912880871191287,0,0.0,0.75,36.364000000000004,25.137999999999998,1.4465749065160318,0.0
194,0,10,1.0,10.638911840185177,3,0.8623188405797102,0,0.0,0.15000000000000002,23.046,19.873,1.1596638655462184,0.0
194,1,10,1.0,10.133101092896176,7,0.9576089964527409,0,0.0,0.39999999999999997,39.749,38.064,1.0442675493905003,0.0
194,2,10,1.0,10.496125667556743,4,0.7385222160596537,0,0.0,0.25,16.227,11.984000000000002,1.3540554072096127,0.0
194,3,10,1.0,10.347445147197861,5,0.9009281560242026,0,0.0,0.35000000000000003,34.046,30.673000000000002,1.1099664199784827,0.0
194,4,10,1.0,9.988817675727482,7,0.8937795031621921,0,0.0,0.7,54.867000000000004,49.039,1.118844185240319,0.0
194,5,10,0.0,-12.812046403556039,12,0.0,10,1.0,0.25,26.436999999999998,59.391999999999996,0.44512728987068967,0.0
194,6,10,0.0,-22.729406704242084,200,0.0,0,0.0,10.000000000000007,965.2500000000034,37.081,26.030851379412727,0.0
194,7,10,0.0,-13.077610756459078,12,0.0,10,1.0,0.25,7.984,36.499,0.21874571906079618,0.0
194,8,10,0.0,-25.05993425238595,200,0.0,0,0.0,13.450000000000014,1075.089999999997,66.00999999999999,16.286774731101303,0.0
194,9,10,0.0,-23.1597548965971,200,0.0,0,0.0,10.000000000000007,875.2039999999969,27.417,31.921946237735597,0.0
195,0,10,1.0,10.343763107993878,5,1.0,0,0.0,0.35,43.77100000000001,43.77100000000001,1.0,0.0
195,1,10,0.0,-25.482285608598254,200,0.0,0,0.0,15.000000000000002,308.9999999999996,48.661,6.3500544583958325,0.0
195,2,10,0.0,-25.58731755775742,200,0.0,0,0.0,15.000000000000004,685.5999999999996,39.259,17.463511551491365,0.0
195,3,10,0.0,-12.943583565876022,13,0.0,10,1.0,0.2,15.163,40.136,0.37779051225832166,0.0
195,4,10,0.0,-22.913315083877233,200,0.0,0,0.0,10.000000000000007,630.6000000000021,14.247,44.26194988418629,0.0
195,5,10,1.0,9.956399021001106,8,0.7835737794164956,0,0.0,0.5499999999999999,40.410999999999994,31.665,1.276204010737407,0.0
195,6,10,0.0,-13.324261131031367,17,0.0,10,1.0,0.44999999999999996,30.244,35.419000000000004,0.8538919788813912,0.0
195,7,10,0.0,-13.585579732976253,17,0.0,10,1.0,0.35,22.715000000000003,25.391,0.894608325784727,0.0
195,8,10,0.0,-12.956971966571459,13,0.0,10,1.0,0.2,24.282,47.265,0.5137416693113297,0.0
195,9,10,1.0,9.974148327137547,7,1.0,0,0.0,0.7000000000000001,53.8,53.8,1.0,0.0
196,0,10,0.0,-25.099097593913164,200,0.0,0,0.0,13.350000000000012,653.6520000000006,60.721,10.764842476243814,0.0
196,1,10,1.0,9.631422278542118,10,0.7647262407420223,0,0.0,0.8500000000000001,43.34100000000001,33.144,1.307657494569153,0.0
196,2,10,1.0,9.811641246433172,8,0.6954131984687247,0,0.0,0.8500000000000001,56.946,39.601,1.4379939900507563,0.0
196,3,10,1.0,9.607802059930558,11,0.6621650341003497,0,0.0,0.7000000000000001,51.759,34.272999999999996,1.5101975315846294,0.0
196,4,10,1.0,10.85,1,1.0,0,0.0,0.1,3.685,3.685,1.0,0.0
196,5,10,0.0,-23.280759896729794,200,0.0,0,0.0,10.000000000000007,458.0180000000009,34.86,13.138783706253612,0.0
196,6,10,1.0,10.85,1,1.0,0,0.0,0.1,6.683,6.683,1.0,0.0
196,7,10,1.0,9.58452141382869,11,0.777948752257978,0,0.0,0.7500000000000001,59.788000000000004,46.51199999999999,1.2854317165462679,0.0
196,8,10,1.0,9.985511535144457,8,0.5616201979838343,0,0.0,0.5,33.033,18.552,1.780562742561449,0.0
196,9,10,1.0,10.584795063904805,3,0.8430243358721903,0,0.0,0.25,10.766,9.076,1.1862053768179814,0.0
197,0,10,1.0,10.37332971295578,5,0.9836315769392193,0,0.0,0.3,26.209000000000003,25.78,1.0166408068269976,0.0
197,1,10,1.0,10.231607883373947,6,0.6911825542225638,0,0.0,0.39999999999999997,33.842,23.391000000000002,1.446795776153221,0.0
197,2,10,0.0,-25.588628205602593,200,0.0,0,0.0,15.000000000000004,957.9999999999975,54.046,17.725641120526912,0.0
197,3,10,0.0,-12.899999999999999,10,0.0,10,1.0,0.0,0.0,17.744,0.0,0.0
197,4,10,1.0,9.980531499022703,8,0.9442301776968035,0,0.0,0.49999999999999994,42.263,39.906000000000006,1.059063799929835,0.0
197,5,10,1.0,9.472041940508301,11,0.46243170598879185,0,0.0,1.0,56.923,26.323,2.16248148007446,0.0
197,6,10,1.0,10.732554054054054,2,0.4748917054387935,0,0.0,0.15000000000000002,6.2330000000000005,2.96,2.1057432432432432,0.0
197,7,10,0.0,-25.563365228768347,200,0.0,0,0.0,15.000000000000002,1704.2040000000013,51.209,33.27938448319634,0.0
197,8,10,1.0,10.348982164347209,5,0.958219988172679,0,0.0,0.35,33.82,32.407000000000004,1.0436016909926866,0.0
197,9,10,0.0,-12.899999999999999,10,0.0,10,1.0,0.0,0.0,40.427,0.0,0.0
198,0,10,1.0,10.39287777512533,4,0.9940202173603532,0,0.0,0.44999999999999996,21.070999999999998,20.945,1.0060157555502505,0.0
198,1,10,1.0,10.206691052860966,6,0.604774635689272,0,0.0,0.45,26.557000000000002,16.061,1.6535084988481417,0.0
198,2,10,0.0,-22.93036211699163,200,0.0,0,0.0,10.000000000000007,570.0000000000022,40.926,13.927576601671362,0.0
198,3,10,1.0,10.605706752411574,3,0.9715511496167945,0,0.0,0.2,24.008000000000003,23.325000000000003,1.0292818863879958,0.0
198,4,10,1.0,9.648695319030372,10,0.5829729345597043,0,0.0,0.8000000000000002,49.251,28.711999999999996,1.7153455001393147,0.0
198,5,10,1.0,10.110509244598184,7,0.8643771582582331,0,0.0,0.44999999999999996,47.49199999999999,41.051,1.15690238971036,0.0
198,6,10,0.0,-25.56112590452758,200,0.0,0,0.0,14.950000000000003,1112.034999999999,34.963,31.8060521122329,0.0
198,7,10,1.0,10.439583868812008,4,0.972990546691342,0,0.0,0.35000000000000003,19.993000000000002,19.453000000000003,1.027759214517041,0.0
198,8,10,1.0,10.558914603101133,3,1.0,0,0.0,0.30000000000000004,12.963000000000001,12.963000000000001,1.0,0.0
198,9,10,0.0,-23.416278671100887,200,0.0,0,0.0,10.100000000000009,1062.8730000000014,58.33399999999999,18.220471766036987,0.0
199,0,10,0.0,-30.49776215611386,200,0.0,0,0.0,25.0,1367.8370000000057,41.111,33.271800734596724,0.0
199,1,10,0.0,-23.08926949243306,200,0.0,0,0.0,10.000000000000007,846.4160000000019,50.417,16.78830553186429,0.0
199,2,10,0.0,-25.388406815084043,200,0.0,0,0.0,15.050000000000002,1034.8989999999974,55.025000000000006,18.807796456156243,0.0
199,3,10,1.0,9.115728809083707,15,0.6763535234984948,0,0.0,0.9000000000000002,78.38799999999999,53.018,1.478516730167113,0.0
199,4,10,1.0,10.608949718045112,3,0.9987679671457905,0,0.0,0.2,17.045,17.024,1.001233552631579,0.0
199,5,10,0.0,-28.22664080967257,200,0.0,0,0.0,19.950000000000024,854.0899999999993,36.80499999999999,23.20581442738757,0.0
199,6,10,0.0,-22.846970098912326,200,0.0,0,0.0,10.000000000000007,968.8000000000043,26.386999999999997,36.71504907719727,0.0
199,7,10,0.0,-23.27742026916383,200,0.0,0,0.0,10.20000000000001,761.7829999999996,47.62900000000001,15.99410023305128,0.0
199,8,10,0.0,-23.446828625348168,200,0.0,0,0.0,10.100000000000009,625.0649999999991,33.382999999999996,18.724051163765967,0.0
199,9,10,0.0,-30.9252139202122,200,0.0,0,0.0,24.75,688.2779999999974,42.211999999999996,16.305268643987432,0.0
