scenario_id,robot_id,robots,success,reward,steps,spl,collisions,deadlock,cumulative_risk,path_length,shortest_path_length,detour,disruption_applied
0,0,10,1.0,10.635378619153675,3,1.0,0,0.0,0.15000000000000002,8.98,8.98,1.0,1.0
0,1,10,0.0,-26.082285100686164,200,0.0,0,0.0,15.050000000000002,944.5839999999987,17.927,52.690578457075844,1.0
0,2,10,0.0,-13.215623906437056,12,0.0,10,1.0,0.15000000000000002,10.14,43.436,0.2334469103969058,1.0
0,3,10,0.0,-25.58833515881706,200,0.0,0,0.0,15.000000000000002,936.358000000003,54.78,17.093063161737916,1.0
0,4,10,0.0,-12.899999999999999,10,0.0,10,1.0,0.0,0.0,41.828,0.0,1.0
0,5,10,0.0,-12.9,10,0.0,10,1.0,0.0,0.0,21.914,0.0,1.0
0,6,10,0.0,-25.152462079484767,200,0.0,0,0.0,15.050000000000002,1996.1549999999959,23.602,84.57567155325802,1.0
0,7,10,0.0,-12.935862925334622,12,0.0,10,1.0,0.2,8.983,31.004999999999995,0.28972746331236904,1.0
0,8,10,0.0,-25.585989756722157,200,0.0,0,0.0,15.000000000000004,1036.0180000000025,23.43,44.21758429364074,1.0
0,9,10,0.0,-24.705322266633207,200,0.0,0,0.0,13.350000000000012,749.339999999999,67.801,11.052049379802643,1.0
1,0,10,0.0,-23.604255145652953,200,0.0,0,0.0,10.100000000000009,963.7119999999985,35.564,27.097964233494505,1.0
1,1,10,0.0,-25.23154490106554,200,0.0,0,0.0,15.000000000000002,1041.0929999999976,21.024,49.51926369863002,1.0
1,2,10,0.0,-23.541086086887017,200,0.0,0,0.0,10.05000000000001,1260.6290000000024,62.495000000000005,20.171677734218775,1.0
1,3,10,1.0,10.371753418085873,5,0.7819877274310673,0,0.0,0.3,37.319,29.183,1.2787924476578831,1.0
1,4,10,0.0,-25.641813867956042,200,0.0,0,0.0,15.050000000000002,1126.5589999999982,77.762,14.487268845965872,1.0
1,5,10,1.0,9.386454793060572,12,0.6698971362085834,0,0.0,0.9500000000000001,75.634,50.666999999999994,1.49276649495727,1.0
1,6,10,0.0,-25.383703869095083,200,0.0,0,0.0,15.000000000000002,729.1999999999981,31.351,23.259226180983003,1.0
1,7,10,0.0,-25.90207323417047,200,0.0,0,0.0,15.050000000000002,1163.4000000000044,61.515,18.912460375518236,1.0
1,8,10,0.0,-23.1273394887883,200,0.0,0,0.0,10.000000000000007,1148.0209999999965,28.051000000000002,40.92620583936389,1.0
1,9,10,1.0,10.230405682985278,6,0.8076869901838795,0,0.0,0.39999999999999997,36.165,29.21,1.2381033892502566,1.0
2,0,10,0.0,-25.729214693104392,200,0.0,0,0.0,15.000000000000002,2091.6089999999945,48.567,43.0664648835628,1.0
2,1,10,0.0,-25.40799314835648,200,0.0,0,0.0,15.000000000000004,1599.9829999999995,38.239000000000004,41.8416538089385,1.0
2,2,10,1.0,10.463687156355974,4,1.0,0,0.0,0.3,30.372999999999998,30.372999999999998,1.0,1.0
2,3,10,0.0,-25.63493345641973,200,0.0,0,0.0,15.000000000000002,1999.6399999999958,38.99699999999999,51.27676487934959,1.0
2,4,10,1.0,10.238207018398928,6,0.5926059643295545,0,0.0,0.39999999999999997,27.698000000000004,16.414,1.687461922748873,1.0
2,5,10,0.0,-24.614053613553455,200,0.0,0,0.0,13.300000000000013,564.0559999999987,46.63,12.096418614625748,1.0
2,6,10,0.0,-30.47609669971475,200,0.0,0,0.0,25.0,2028.3799999999912,29.452,68.8707048757297,1.0
2,7,10,0.0,-25.446842416791863,200,0.0,0,0.0,15.000000000000002,1110.9969999999978,43.926,25.292469152665795,1.0
2,8,10,0.0,-31.01984461952097,200,0.0,0,0.0,26.700000000000024,2590.8830000000085,31.986000000000004,81.00053148252385,1.0
2,9,10,0.0,-25.301165687369508,200,0.0,0,0.0,15.000000000000002,2094.0319999999942,41.186,50.84329626572122,1.0
3,0,10,0.0,-28.068780752860256,200,0.0,0,0.0,20.000000000000014,2253.8540000000075,66.254,34.01838379569546,1.0
3,1,10,0.0,-28.08422287725725,200,0.0,0,0.0,20.000000000000014,1682.9010000000012,34.943,48.16131986377819,1.0
3,2,10,0.0,-25.468112907781357,200,0.0,0,0.0,15.150000000000002,1996.4430000000068,28.323999999999998,70.48591300663773,1.0
3,3,10,0.0,-23.02048682311845,200,0.0,0,0.0,10.000000000000007,1366.937000000002,52.66800000000001,25.953842940685075,1.0
3,4,10,0.0,-22.824843805137114,200,0.0,0,0.0,10.050000000000008,3128.0660000000007,53.843,58.09605705477036,1.0
3,5,10,0.0,-25.679881884022745,200,0.0,0,0.0,14.950000000000003,2014.4519999999957,41.146,48.95863510426276,1.0
3,6,10,0.0,-25.665634080227854,200,0.0,0,0.0,15.000000000000004,1157.797000000003,51.279,22.578384913902433,1.0
3,7,10,0.0,-26.023306120913404,200,0.0,0,0.0,15.000000000000002,2185.7109999999993,26.581000000000003,82.22832098115191,1.0
3,8,10,0.0,-25.4968452836992,200,0.0,0,0.0,15.000000000000002,1603.5539999999994,44.378,36.1339853080355,1.0
3,9,10,0.0,-25.72173172757467,200,0.0,0,0.0,15.000000000000002,1036.1869999999979,21.672,47.812246216315884,1.0
4,0,10,0.0,-24.78402707520355,200,0.0,0,0.0,12.500000000000014,859.7880000000009,41.514,20.7107963578552,1.0
4,1,10,0.0,-28.918507386241135,200,0.0,0,0.0,20.100000000000016,1777.0209999999972,37.096000000000004,47.903304938537765,1.0
4,2,10,1.0,10.143820549477871,6,0.9094660674411376,0,0.0,0.55,35.379,32.176,1.0995462456489307,1.0
4,3,10,0.0,-12.861781818181818,11,0.0,10,1.0,0.05,8.427,48.949999999999996,0.1721552604698672,1.0
4,4,10,0.0,-25.667160135462044,200,0.0,0,0.0,15.000000000000004,615.1260000000016,20.669999999999998,29.759361393323736,1.0
4,5,10,1.0,10.728223614676129,2,1.0,0,0.0,0.15000000000000002,6.623,6.623,1.0,1.0
4,6,10,0.0,-26.171621467248475,200,0.0,0,0.0,15.000000000000002,895.337999999996,43.769,20.455984829445406,1.0
4,7,10,0.0,-13.009816363958107,12,0.0,10,1.0,0.15000000000000002,10.193999999999999,62.161,0.16399350074805744,1.0
4,8,10,1.0,10.504927955592299,4,0.5134627046694966,0,0.0,0.25,16.490000000000002,8.467,1.9475611196409592,1.0
4,9,10,0.0,-13.086335989320427,11,0.0,10,1.0,0.1,5.114,47.94199999999999,0.10667056026031456,1.0
5,0,10,1.0,10.345782581040867,5,0.731063688449722,0,0.0,0.35,60.214999999999996,44.02100000000001,1.3678698802844094,1.0
5,1,10,0.0,-25.6435563219556,200,0.0,0,0.0,15.000000000000004,1028.1320000000026,39.434,26.07222194045754,1.0
5,2,10,0.0,-13.638225840707962,14,0.0,10,1.0,0.3,26.299,28.250000000000004,0.930938053097345,1.0
5,3,10,0.0,-13.553857382698594,15,0.0,10,1.0,0.4,27.537,56.585,0.486648405054343,1.0
5,4,10,0.0,-13.498206181162171,14,0.0,10,1.0,0.39999999999999997,19.453999999999997,42.128,0.4617831371059627,1.0
5,5,10,1.0,9.810145909485632,9,0.6252857016580168,0,0.0,0.65,79.19099999999999,49.516999999999996,1.5992689379405052,1.0
5,6,10,1.0,10.252564603086075,6,0.8931189069949477,0,0.0,0.35,42.159,37.653,1.119671739303641,1.0
5,7,10,0.0,-13.048798047589994,15,0.0,10,1.0,0.3,26.832,45.891999999999996,0.5846770678985445,1.0
5,8,10,1.0,10.467949325894933,4,1.0,0,0.0,0.30000000000000004,21.509999999999998,21.509999999999998,1.0,1.0
5,9,10,0.0,-25.515981815002686,200,0.0,0,0.0,15.000000000000004,931.0559999999979,28.595,32.560097919216574,1.0
6,0,10,0.0,-25.559544252995533,200,0.0,0,0.0,15.000000000000004,734.0130000000003,51.827000000000005,14.162753005190348,1.0
6,1,10,0.0,-13.566977347077339,12,0.0,10,1.0,0.15000000000000002,13.073,32.402,0.40346274921301156,1.0
6,2,10,0.0,-12.999350841322908,12,0.0,10,1.0,0.2,23.733999999999998,72.386,0.3278810819771779,1.0
6,3,10,0.0,-28.066152873105583,200,0.0,0,0.0,20.000000000000014,2252.4740000000074,42.689,52.76474033123304,1.0
6,4,10,0.0,-25.35547335541,200,0.0,0,0.0,15.000000000000004,984.799999999997,42.57900000000001,23.128772399539603,1.0
6,5,10,0.0,-24.99615445336142,200,0.0,0,0.0,12.550000000000015,846.2480000000012,45.606,18.555628645353707,1.0
6,6,10,1.0,10.34747102262105,5,0.4738660524450745,0,0.0,0.35,45.151999999999994,21.396,2.110300990839409,1.0
6,7,10,0.0,-25.29939735769649,200,0.0,0,0.0,14.950000000000003,2086.077999999994,37.543000000000006,55.565032096529144,1.0
6,8,10,0.0,-22.83108699457372,200,0.0,0,0.0,10.000000000000007,1340.9019999999998,17.139000000000003,78.2368866328257,1.0
6,9,10,0.0,-28.25837106323699,200,0.0,0,0.0,20.000000000000014,1144.269000000002,20.099,56.93163838996975,1.0
7,0,10,1.0,9.204245933568458,14,0.6221690929634662,0,0.0,0.9000000000000002,61.06700000000001,37.994,1.6072800968573988,1.0
7,1,10,0.0,-12.830344966917524,11,0.0,10,1.0,0.1,4.664,19.799,0.2355674529016617,1.0
7,2,10,0.0,-12.899999999999999,10,0.0,10,1.0,0.0,0.0,27.914,0.0,1.0
7,3,10,0.0,-13.455727869798995,11,0.0,10,1.0,0.05,7.3,55.422000000000004,0.13171664681895276,1.0
7,4,10,0.0,-12.93806486939157,10,0.0,10,1.0,0.0,0.0,62.094,0.0,1.0
7,5,10,0.0,-13.38209205281515,11,0.0,10,1.0,0.05,6.773,48.168,0.14061202458063443,1.0
7,6,10,0.0,-13.102675863065143,11,0.0,10,1.0,0.05,3.41,34.615,0.09851220569117435,1.0
7,7,10,0.0,-22.767364695472647,200,0.0,0,0.0,10.000000000000007,630.9999999999968,13.562,46.52706090547094,1.0
7,8,10,0.0,-29.84312813295589,200,0.0,0,0.0,24.6,1461.2849999999928,63.239,23.10733882572452,1.0
7,9,10,0.0,-25.496691948443683,200,0.0,0,0.0,14.950000000000003,1111.0149999999978,54.387,20.427951532535307,1.0
8,0,10,1.0,9.877409887932819,9,0.6720386304473104,0,0.0,0.5499999999999999,50.32300000000001,33.819,1.4880096986900855,1.0
8,1,10,0.0,-25.355729643183924,200,0.0,0,0.0,15.000000000000002,2093.4619999999945,34.976,59.85424290942345,1.0
8,2,10,0.0,-13.86727008766542,19,0.0,10,1.0,0.6000000000000001,51.855000000000004,35.818,1.4477357753085043,1.0
8,3,10,0.0,-25.474769177167357,200,0.0,0,0.0,15.000000000000004,887.2500000000001,51.663,17.17379943092736,1.0
8,4,10,0.0,-25.768907563025238,200,0.0,0,0.0,15.000000000000004,725.3169999999996,26.18,27.705003819709685,1.0
8,5,10,0.0,-25.680734500605574,200,0.0,0,0.0,15.000000000000004,938.084000000003,36.324,25.825459751128815,1.0
8,6,10,1.0,10.464910442586957,4,1.0,0,0.0,0.3,25.961,25.961,1.0,1.0
8,7,10,0.0,-25.779251174117267,200,0.0,0,0.0,15.050000000000002,2111.4309999999946,63.239,33.38811492907849,1.0
8,8,10,0.0,-23.539118288257104,200,0.0,0,0.0,10.25000000000001,1645.664999999998,77.97900000000001,21.103951063747903,1.0
8,9,10,1.0,10.218230928459636,6,0.9659359683987222,0,0.0,0.39999999999999997,41.011,39.614,1.0352653102438534,1.0
9,0,10,0.0,-25.50913354421677,200,0.0,0,0.0,15.000000000000004,1109.7339999999979,29.084000000000003,38.15616833998067,1.0
9,1,10,0.0,-25.785464451469597,200,0.0,0,0.0,15.000000000000002,2002.8659999999957,29.733999999999995,67.35945382390516,1.0
9,2,10,0.0,-17.540676835081026,18,0.0,14,1.0,0.30000000000000004,33.352000000000004,19.931,1.673373137323767,1.0
9,3,10,0.0,-25.269912996681324,200,0.0,0,0.0,15.000000000000002,1339.4510000000014,33.447,40.046969832869955,1.0
9,4,10,0.0,-18.048152382950448,18,0.0,14,1.0,0.3,45.260999999999996,28.599,1.582607783488933,1.0
9,5,10,0.0,-12.87865722703572,14,0.0,10,1.0,0.25,32.925999999999995,51.591,0.6382120912562268,1.0
9,6,10,1.0,8.309059073059899,20,0.5551440299214779,0,0.0,1.5500000000000003,137.15900000000002,76.143,1.8013343314552883,1.0
9,7,10,0.0,-33.11317326096965,200,0.0,0,0.0,30.000000000000004,1418.5660000000028,41.272999999999996,34.37031473360315,1.0
9,8,10,0.0,-13.668336362007626,14,0.0,10,1.0,0.4,32.150000000000006,39.071000000000005,0.8228609454582683,1.0
9,9,10,0.0,-25.44698401656318,200,0.0,0,0.0,15.000000000000002,1598.9189999999994,60.37500000000001,26.483130434782595,1.0
10,0,10,0.0,-23.13786424299179,200,0.0,0,0.0,10.000000000000007,1899.7839999999926,46.981,40.437283157020765,1.0
10,1,10,1.0,9.87174555262989,8,0.5340673286343914,0,0.0,0.75,58.311,31.141999999999996,1.8724230942136024,1.0
10,2,10,1.0,9.945495731430693,7,0.9190039417828987,0,0.0,0.7500000000000001,52.768,48.494,1.0881346145914959,1.0
10,3,10,0.0,-13.877677744483794,18,0.0,10,1.0,0.7999999999999999,65.21700000000001,14.684000000000001,4.441364750749115,1.0
10,4,10,1.0,9.952484437187469,8,0.8243597940572734,0,0.0,0.55,59.434000000000005,48.99499999999999,1.213062557403817,1.0
10,5,10,0.0,-22.980086580086684,200,0.0,0,0.0,10.000000000000007,1480.939999999996,57.75,25.643982683982614,1.0
10,6,10,1.0,10.592084091736439,3,0.5189873417721519,0,0.0,0.25,10.586,5.494,1.926829268292683,1.0
10,7,10,1.0,10.729641251573458,2,1.0,0,0.0,0.15000000000000002,11.122,11.122,1.0,1.0
10,8,10,0.0,-26.1552874524715,200,0.0,0,0.0,15.000000000000002,663.8319999999997,26.3,25.24076045627375,1.0
10,9,10,0.0,-13.893891375756795,18,0.0,10,1.0,0.55,61.107,62.104000000000006,0.9839462836532268,1.0
11,0,10,0.0,-25.899336927093362,200,0.0,0,0.0,15.050000000000002,2001.4419999999898,41.367999999999995,48.38140591761724,1.0
11,1,10,0.0,-28.25129083380202,200,0.0,0,0.0,20.000000000000014,2681.9999999999986,39.122,68.55477736312046,1.0
11,2,10,0.0,-25.65840101609976,200,0.0,0,0.0,14.950000000000003,1350.6549999999984,58.262,23.1824345199272,1.0
11,3,10,0.0,-23.58436699107874,200,0.0,0,0.0,10.10000000000001,482.3319999999984,49.31999999999999,9.779643146796401,1.0
11,4,10,0.0,-25.936258046459642,200,0.0,0,0.0,15.000000000000004,1246.9999999999984,14.292000000000002,87.25160929191144,1.0
11,5,10,0.0,-23.60129371448666,200,0.0,0,0.0,10.450000000000014,1004.5110000000035,51.213,19.614375256282653,1.0
11,6,10,0.0,-25.541525620217964,200,0.0,0,0.0,15.000000000000002,1039.5999999999976,43.13,24.103872014838803,1.0
11,7,10,0.0,-25.52333125389895,200,0.0,0,0.0,15.000000000000004,2090.1739999999945,64.12,32.59784778540228,1.0
11,8,10,0.0,-25.63675362166709,200,0.0,0,0.0,15.150000000000004,776.2390000000023,38.104000000000006,20.371588284694578,1.0
11,9,10,0.0,-25.2223481289039,200,0.0,0,0.0,15.000000000000004,1165.1930000000013,18.091,64.40732961140905,1.0
12,0,10,0.0,-23.035723717929436,200,0.0,0,0.0,10.050000000000008,967.8710000000032,66.33800000000001,14.589993668787166,1.0
12,1,10,0.0,-13.461289135071903,13,0.0,10,1.0,0.25,20.811,29.066,0.7159911924585427,1.0
12,2,10,0.0,-28.238870388321775,200,0.0,0,0.0,20.000000000000014,3803.572000000014,35.074,108.44420368364071,1.0
12,3,10,0.0,-28.989277704061934,200,0.0,0,0.0,21.300000000000022,941.4889999999991,46.726,20.149146085691033,1.0
12,4,10,1.0,9.899918957605355,8,0.6940856758810122,0,0.0,0.65,34.222,23.753,1.440744327032375,1.0
12,5,10,1.0,10.185257375157942,6,0.6992816257539088,0,0.0,0.49999999999999994,26.031,18.203,1.430039004559688,1.0
12,6,10,0.0,-23.458582261029495,200,0.0,0,0.0,10.050000000000008,942.882999999996,47.872,19.695918282085476,1.0
12,7,10,0.0,-28.045019023525466,200,0.0,0,0.0,20.000000000000014,1820.1400000000092,50.20099999999999,36.257046672377236,1.0
12,8,10,0.0,-13.512858419057935,13,0.0,10,1.0,0.2,30.418999999999997,36.94,0.82347049269085,1.0
12,9,10,0.0,-28.43204592376248,200,0.0,0,0.0,20.000000000000014,2677.1699999999987,19.858999999999998,134.8089027644896,1.0
13,0,10,1.0,10.590579528349222,3,0.48125565952309085,0,0.0,0.25,16.565,7.972,2.0778976417461115,1.0
13,1,10,0.0,-24.098223035891873,200,0.0,1,0.0,9.950000000000006,897.8789999999975,33.183,27.058403399330906,1.0
13,2,10,0.0,-12.89344349091639,11,0.0,10,1.0,0.05,5.495,39.852,0.1378851751480478,1.0
13,3,10,0.0,-28.139297113219875,200,0.0,0,0.0,19.850000000000016,1463.757000000006,35.091,41.71317431820142,1.0
13,4,10,1.0,10.467877503017549,4,0.9902540684667015,0,0.0,0.3,32.629,32.311,1.0098418495249295,1.0
13,5,10,0.0,-23.217617292148482,200,0.0,0,0.0,10.000000000000007,3156.689000000009,43.673,72.28010441233734,1.0
13,6,10,0.0,-28.21890762357686,200,0.0,0,0.0,20.000000000000014,2253.8540000000075,20.817,108.269875582457,1.0
13,7,10,0.0,-25.625509344428558,200,0.0,0,0.0,15.000000000000002,1355.1269999999984,58.163000000000004,23.298781011983532,1.0
13,8,10,0.0,-34.17322946302886,200,0.0,9,0.0,14.350000000000001,1284.8570000000009,66.782,19.239570542960692,1.0
13,9,10,1.0,10.256557346559205,5,0.5455221861471862,0,0.0,0.55,44.352,24.195,1.8331060136391815,1.0
14,0,10,0.0,-23.153576642335718,200,0.0,0,0.0,10.000000000000007,946.8000000000026,30.825000000000003,30.715328467153366,1.0
14,1,10,1.0,9.987933507504739,8,0.7533720548791077,0,0.0,0.5,51.823,39.042,1.327365401362635,1.0
14,2,10,0.0,-25.839732483747866,200,0.0,0,0.0,15.100000000000003,986.732999999998,77.52800000000002,12.727440408626531,1.0
14,3,10,0.0,-23.171417830087105,200,0.0,0,0.0,10.100000000000009,1036.5549999999973,52.933,19.582396614588202,1.0
14,4,10,0.0,-28.008178633975483,200,0.0,0,0.0,20.000000000000014,1683.3420000000012,57.099999999999994,29.480595446584964,1.0
14,5,10,0.0,-25.32991024908399,200,0.0,0,0.0,15.000000000000002,1605.7999999999995,29.749000000000002,53.9782849843692,1.0
14,6,10,0.0,-23.744429486584355,200,0.0,0,0.0,12.500000000000014,1105.249999999998,21.542,51.30674960542187,1.0
14,7,10,1.0,9.869162691792571,9,0.716710732389148,0,0.0,0.55,59.381,42.559,1.39526304659414,1.0
14,8,10,0.0,-25.609253929599312,200,0.0,0,0.0,15.000000000000004,1025.6950000000024,18.068,56.76859641354895,1.0
14,9,10,0.0,-28.332009601243076,200,0.0,0,0.0,19.90000000000003,615.3629999999995,36.037,17.0758664705719,1.0
15,0,10,0.0,-26.79888118043324,200,0.0,0,0.0,16.749999999999996,1432.5829999999994,72.143,19.857546816738967,1.0
15,1,10,1.0,10.13042563159356,6,0.8798375646916936,0,0.0,0.6000000000000001,65.503,57.632000000000005,1.1365734314269849,1.0
15,2,10,0.0,-25.85084219778919,200,0.0,0,0.0,14.950000000000003,1719.0590000000016,33.561,51.221924257322534,1.0
15,3,10,0.0,-27.90473569797194,200,0.0,0,0.0,20.000000000000014,1686.0630000000012,36.341,46.39561376957159,1.0
15,4,10,0.0,-33.22420571745669,200,0.0,0,0.0,29.450000000000003,1078.7449999999978,52.260999999999996,20.641491743364995,1.0
15,5,10,1.0,10.321772067039106,5,0.6873687983206185,0,0.0,0.39999999999999997,19.531000000000002,13.425,1.4548230912476723,1.0
15,6,10,0.0,-21.1015205724508,200,0.0,0,0.0,10.000000000000007,855.7999999999994,2.236,382.7370304114487,1.0
15,7,10,0.0,-13.219693118219052,18,0.0,10,1.0,0.44999999999999996,51.286,31.983000000000004,1.603539380295782,1.0
15,8,10,0.0,-14.44157906887264,18,0.0,10,1.0,0.6000000000000001,53.370999999999995,12.995000000000001,4.107041169680646,1.0
15,9,10,0.0,-25.60683595635805,200,0.0,0,0.0,15.000000000000004,935.945000000003,41.428,22.592087477068723,1.0
16,0,10,1.0,10.646258809710258,3,0.2846158132278375,0,0.0,0.15000000000000002,17.947,5.108,3.5135082223962413,1.0
16,1,10,0.0,-13.389179711479436,13,0.0,10,1.0,0.2,24.291,39.096000000000004,0.6213167587476979,1.0
16,2,10,0.0,-28.24203641249926,200,0.0,0,0.0,20.05000000000002,1681.0450000000012,37.954,44.29164251462299,1.0
16,3,10,0.0,-13.375437943222995,13,0.0,10,1.0,0.25,29.192999999999998,44.983000000000004,0.6489785029900184,1.0
16,4,10,0.0,-24.74793243925306,200,0.0,0,0.0,15.000000000000004,1115.1409999999978,27.738,40.202646189343064,1.0
16,5,10,0.0,-13.61900788008058,14,0.0,10,1.0,0.45,51.38099999999999,33.756,1.5221293992179166,1.0
16,6,10,0.0,-22.965946753893856,200,0.0,0,0.0,10.000000000000007,824.1999999999977,46.163,17.85412559842293,1.0
16,7,10,0.0,-23.326532636195,200,0.0,0,0.0,10.050000000000008,969.0570000000032,59.28999999999999,16.34435823916349,1.0
16,8,10,0.0,-33.1367636595139,200,0.0,0,0.0,30.000000000000004,935.5280000000039,26.703,35.03456540463633,1.0
16,9,10,0.0,-30.636306602206886,200,0.0,0,0.0,25.0,1477.3999999999926,54.193999999999996,27.26132044137714,1.0
17,0,10,0.0,-25.351344961336075,200,0.0,0,0.0,15.000000000000004,1317.617999999999,40.477000000000004,32.55226424883264,1.0
17,1,10,0.0,-23.336892210719018,200,0.0,0,0.0,10.050000000000008,769.7090000000034,56.796,13.552169166842795,1.0
17,2,10,1.0,10.466226211621416,4,0.9321192052980133,0,0.0,0.3,16.912,15.764,1.072824156305506,1.0
17,3,10,0.0,-25.578493127646922,200,0.0,0,0.0,15.000000000000004,1026.8000000000025,65.40700000000001,15.698625529377624,1.0
17,4,10,0.0,-22.802770396661703,200,0.0,0,0.0,10.000000000000007,1663.999999999998,41.69800000000001,39.90599069499731,1.0
17,5,10,1.0,9.907733667051726,8,0.8884099616858238,0,0.0,0.6500000000000001,43.848,38.955,1.1256064690026955,1.0
17,6,10,0.0,-25.343095621613646,200,0.0,0,0.0,15.000000000000004,1246.9999999999984,27.316000000000003,45.6509005710938,1.0
17,7,10,0.0,-35.76926048222676,200,0.0,0,0.0,34.64999999999991,1064.6899999999953,45.123999999999995,23.594761102739017,1.0
17,8,10,0.0,-25.67084658427603,200,0.0,0,0.0,15.000000000000002,2002.8659999999957,49.682,40.31371522885543,1.0
17,9,10,0.0,-25.532048856942072,200,0.0,0,0.0,15.000000000000002,899.0000000000008,37.006,24.2933578338648,1.0
18,0,10,1.0,10.08677484504492,7,0.7634517226712038,0,0.0,0.49999999999999994,37.616,28.718,1.309840518141932,1.0
18,1,10,1.0,10.46875250970419,4,0.4753754135912446,0,0.0,0.30000000000000004,15.716000000000001,7.471,2.1036005889439164,1.0
18,2,10,0.0,-26.444713527437386,200,0.0,0,0.0,16.649999999999995,983.8550000000009,12.811,76.79767387401459,1.0
18,3,10,0.0,-26.066957885645994,200,0.0,0,0.0,15.050000000000002,1047.817999999998,39.36899999999999,26.61530645939694,1.0
18,4,10,0.0,-25.063542454614296,200,0.0,0,0.0,15.000000000000002,2090.1759999999945,21.152,98.81694402420548,1.0
18,5,10,0.0,-24.886221436984655,200,0.0,0,0.0,15.000000000000004,1115.422999999998,21.225,52.55232037691392,1.0
18,6,10,0.0,-22.67770294910418,200,0.0,0,0.0,10.050000000000008,967.3160000000031,25.228,38.34295227524984,1.0
18,7,10,0.0,-25.406657259068695,200,0.0,0,0.0,15.000000000000004,1029.2850000000024,24.093999999999998,42.71955673611698,1.0
18,8,10,0.0,-26.40109949962357,200,0.0,0,0.0,15.100000000000003,753.1259999999995,67.74900000000001,11.11641500243545,1.0
18,9,10,0.0,-25.464764941748506,200,0.0,0,0.0,15.000000000000002,1040.3289999999974,63.346000000000004,16.422962775865837,1.0
19,0,10,0.0,-12.906879927911694,11,0.0,10,1.0,0.05,7.259,44.39,0.16352782158143728,1.0
19,1,10,0.0,-31.819494110206236,200,0.0,0,0.0,26.550000000000026,2599.8990000000085,63.245,41.108372203336366,1.0
19,2,10,0.0,-23.221501244437732,200,0.0,0,0.0,10.050000000000008,1367.050000000002,39.77700000000001,34.36785076803182,1.0
19,3,10,0.0,-27.841605623758355,200,0.0,0,0.0,19.850000000000016,1209.1390000000054,39.262,30.796673628444942,1.0
19,4,10,0.0,-28.32792671330579,200,0.0,5,0.0,10.000000000000007,488.81999999999834,58.891999999999996,8.300278475854078,1.0
19,5,10,0.0,-24.80148629326493,200,0.0,0,0.0,13.300000000000013,745.3499999999991,40.564,18.374667192584536,1.0
19,6,10,0.0,-25.55317942486837,200,0.0,0,0.0,15.000000000000004,1603.4999999999993,24.69,64.94532199270957,1.0
19,7,10,0.0,-35.80107908361057,200,0.0,0,0.0,34.849999999999916,1056.0939999999953,39.983,26.413575769702007,1.0
19,8,10,1.0,10.75729805966322,2,1.0,0,0.0,0.1,11.699,11.699,1.0,1.0
19,9,10,0.0,-12.947846911646502,11,0.0,10,1.0,0.1,7.295,48.52100000000001,0.15034727231508005,1.0
20,0,10,0.0,-27.952494061757708,200,0.0,0,0.0,20.000000000000014,1820.1400000000092,39.153,46.48788087758305,1.0
20,1,10,0.0,-12.703821501955327,11,0.0,10,1.0,0.05,5.275,15.087,0.3496387618479486,1.0
20,2,10,0.0,-25.534513302331447,200,0.0,0,0.0,15.000000000000004,1243.3909999999983,31.611000000000004,39.33412419727304,1.0
20,3,10,0.0,-25.5087094127301,200,0.0,0,0.0,16.000000000000036,1074.0400000000002,25.593,41.96616262259212,1.0
20,4,10,0.0,-25.77143850684842,200,0.0,0,0.0,15.000000000000004,902.313999999996,42.273,21.344924656399968,1.0
20,5,10,0.0,-13.479727347952005,15,0.0,10,1.0,0.25,30.921000000000003,48.339999999999996,0.6396565990897808,1.0
20,6,10,0.0,-12.861224738675958,11,0.0,10,1.0,0.1,13.531,40.17999999999999,0.33675958188153315,1.0
20,7,10,0.0,-25.985706144933086,200,0.0,0,0.0,15.000000000000004,957.3289999999982,10.529,90.92306961724744,1.0
20,8,10,0.0,-13.352464962478154,15,0.0,10,1.0,0.35000000000000003,39.113,29.183000000000003,1.3402665935647464,1.0
20,9,10,0.0,-25.56487952205638,200,0.0,0,0.0,15.000000000000004,1163.1130000000014,45.361,25.641255704239356,1.0
21,0,10,0.0,-25.730003913128545,200,0.0,0,0.0,15.000000000000004,870.8380000000021,10.222000000000001,85.19252592447681,1.0
21,1,10,0.0,-23.53066392703222,200,0.0,0,0.0,10.20000000000001,573.7620000000011,49.885000000000005,11.50169389596073,1.0
21,2,10,0.0,-25.79631772393144,200,0.0,0,0.0,15.000000000000004,1300.018000000003,29.384,44.2423768037028,1.0
21,3,10,0.0,-25.29504242453791,200,0.0,0,0.0,14.950000000000003,942.6559999999986,20.507,45.96752328473197,1.0
21,4,10,1.0,10.471667303102624,4,0.7337232514972157,0,0.0,0.3,28.552999999999997,20.95,1.3629116945107398,1.0
21,5,10,0.0,-27.78119016918692,200,0.0,0,0.0,20.000000000000014,1822.4700000000091,25.593,71.20970577892427,1.0
21,6,10,1.0,10.742768344451184,2,0.3871346402159878,0,0.0,0.15000000000000002,8.519,3.298,2.5830806549423895,1.0
21,7,10,0.0,-22.188502290439633,200,0.0,0,0.0,10.050000000000008,3188.9829999999893,16.809,189.71878160509186,1.0
21,8,10,0.0,-25.639546572280093,200,0.0,0,0.0,15.000000000000004,638.8960000000018,53.67999999999999,11.901937406855474,1.0
21,9,10,0.0,-25.352678699532284,200,0.0,0,0.0,15.000000000000002,1026.8000000000025,34.849,29.464260093546518,1.0
22,0,10,1.0,10.031353431845746,8,0.756289779108948,0,0.0,0.39999999999999997,53.419999999999995,40.400999999999996,1.322244498898542,1.0
22,1,10,0.0,-25.75032627056788,200,0.0,0,0.0,15.050000000000002,624.3119999999991,47.95099999999999,13.019791036683264,1.0
22,2,10,0.0,-25.400258971231096,200,0.0,0,0.0,15.000000000000002,612.6940000000003,39.348,15.57115990647556,1.0
22,3,10,0.0,-23.020992696546866,200,0.0,0,0.0,10.050000000000008,964.3290000000031,75.03300000000002,12.85206509135984,1.0
22,4,10,1.0,9.746486770058034,10,0.4979347275962842,0,0.0,0.6,61.251,30.499000000000002,2.0082953539460306,1.0
22,5,10,0.0,-28.127894979474437,200,0.0,0,0.0,20.000000000000014,1190.871000000001,45.553,26.142537264285583,1.0
22,6,10,0.0,-24.516708171206243,200,0.0,0,0.0,13.300000000000013,874.9130000000005,14.135,61.89692253272023,1.0
22,7,10,0.0,-27.791587648918014,200,0.0,0,0.0,20.000000000000014,1686.1930000000013,20.565,81.99333819596407,1.0
22,8,10,0.0,-24.44748550289943,200,0.0,0,0.0,13.350000000000012,2020.7080000000005,25.005,80.81215756848633,1.0
22,9,10,1.0,10.586732716780677,3,0.9419705532956552,0,0.0,0.25,27.778999999999996,26.167,1.061604310773111,1.0
23,0,10,0.0,-25.417242634703616,200,0.0,0,0.0,13.350000000000012,879.6939999999989,26.781,32.847690526866025,1.0
23,1,10,0.0,-22.805923824075144,200,0.0,0,0.0,10.050000000000008,1481.2700000000048,54.977999999999994,26.942959001782622,1.0
23,2,10,0.0,-25.983497018589922,200,0.0,0,0.0,15.000000000000004,749.2759999999987,48.467,15.45950853157816,1.0
23,3,10,0.0,-28.22955053224408,200,0.0,0,0.0,19.950000000000017,1172.0399999999966,64.632,18.134051243965782,1.0
23,4,10,0.0,-23.30163369738436,200,0.0,0,0.0,10.200000000000012,837.2379999999976,68.39699999999999,12.240858517186393,1.0
23,5,10,0.0,-25.151937472753367,200,0.0,0,0.0,13.400000000000013,841.3690000000009,32.114,26.19944572460612,1.0
23,6,10,0.0,-25.322138126773844,200,0.0,0,0.0,15.000000000000002,1108.8179999999977,20.083,55.21177114972852,1.0
23,7,10,1.0,10.515136192861615,4,0.8174372973895241,0,0.0,0.2,23.444,19.164,1.2233354205802545,1.0
23,8,10,0.0,-23.11006721766858,200,0.0,0,0.0,10.050000000000008,681.3519999999972,58.318,11.683391062793602,1.0
23,9,10,0.0,-25.601531846277858,200,0.0,0,0.0,15.000000000000004,755.6000000000024,37.21,20.306369255576524,1.0
24,0,10,0.0,-12.95435984395088,14,0.0,10,1.0,0.25,26.829000000000004,45.114,0.5946934432770317,1.0
24,1,10,0.0,-25.56624653581867,200,0.0,0,0.0,15.000000000000004,1023.4110000000026,26.341,38.852397403287746,1.0
24,2,10,0.0,-25.420053312851504,200,0.0,0,0.0,15.000000000000004,396.76299999999986,44.267,8.962952086204167,1.0
24,3,10,1.0,10.080580661917484,6,0.8084468174455578,0,0.0,0.7000000000000001,33.337999999999994,26.952,1.236939744731374,1.0
24,4,10,0.0,-30.426737005218392,200,0.0,0,0.0,25.0,997.6000000000055,43.883,22.73317685664165,1.0
24,5,10,0.0,-23.567580352293007,200,0.0,0,0.0,10.10000000000001,1349.7599999999998,64.435,20.94762163420501,1.0
24,6,10,0.0,-25.690863642084167,200,0.0,0,0.0,15.050000000000002,1038.6899999999973,31.784,32.67965013843435,1.0
24,7,10,0.0,-25.543084787031898,200,0.0,0,0.0,15.000000000000004,2109.7759999999944,59.962,35.18521730429262,1.0
24,8,10,0.0,-28.205904790851438,200,0.0,0,0.0,20.000000000000014,1685.9340000000013,26.320999999999998,64.0528095437104,1.0
24,9,10,0.0,-13.014348441926348,14,0.0,10,1.0,0.25,27.269,39.535999999999994,0.6897258195062729,1.0
25,0,10,0.0,-25.12373876572803,200,0.0,0,0.0,13.400000000000013,849.9449999999983,78.443,10.835192432721827,1.0
25,1,10,0.0,-13.552487506658887,14,0.0,10,1.0,0.3,17.378,39.421,0.4408310291469014,1.0
25,2,10,0.0,-25.135081374321874,200,0.0,0,0.0,15.000000000000004,938.084000000003,16.590000000000003,56.54514767932506,1.0
25,3,10,0.0,-25.369180916391155,200,0.0,0,0.0,15.000000000000002,1999.6399999999958,42.34,47.228153046764184,1.0
25,4,10,0.0,-27.665806841931474,200,0.0,0,0.0,19.900000000000013,2656.8729999999987,27.273,97.41770248964173,1.0
25,5,10,0.0,-24.83364876104659,200,0.0,0,0.0,13.400000000000013,846.554000000001,57.71,14.669104141396655,1.0
25,6,10,0.0,-24.0666994899265,200,0.0,0,0.0,12.000000000000016,1020.8800000000014,50.77700000000001,20.105165724639132,1.0
25,7,10,0.0,-25.38140536036659,200,0.0,0,0.0,15.000000000000004,1353.7869999999984,36.005,37.599972226079664,1.0
25,8,10,0.0,-13.380479489243786,14,0.0,10,1.0,0.4,22.759,53.410999999999994,0.4261107262548914,1.0
25,9,10,0.0,-25.436004628959953,200,0.0,0,0.0,15.000000000000004,1599.9829999999995,34.565000000000005,46.28910747866337,1.0
26,0,10,0.0,-25.377401298730575,200,0.0,0,0.0,15.050000000000002,1452.6750000000025,44.351,32.75405289621435,1.0
26,1,10,0.0,-13.494566768603466,14,0.0,10,1.0,0.5,47.17,35.316,1.335655227092536,1.0
26,2,10,0.0,-13.114271191922928,11,0.0,10,1.0,0.1,9.13,43.283,0.21093731950188296,1.0
26,3,10,1.0,10.475869663736065,4,0.3160503022143287,0,0.0,0.3,34.909,11.033000000000001,3.16405329466147,1.0
26,4,10,0.0,-23.275059119531434,200,0.0,0,0.0,10.000000000000007,1451.698999999997,72.73400000000001,19.959015041108657,1.0
26,5,10,0.0,-23.673969185291416,200,0.0,0,0.0,10.200000000000012,692.7530000000035,44.653999999999996,15.513794956778867,1.0
26,6,10,0.0,-12.95606268022943,14,0.0,10,1.0,0.30000000000000004,39.1,63.114000000000004,0.6195138954906994,1.0
26,7,10,0.0,-12.921933296946369,11,0.0,10,1.0,0.1,4.708,34.811,0.13524460658987103,1.0
26,8,10,0.0,-25.59276420848707,200,0.0,0,0.0,15.000000000000002,2004.3999999999958,76.39800000000001,26.23628890808654,1.0
26,9,10,0.0,-25.505730612859516,200,0.0,0,0.0,14.950000000000003,1239.7619999999984,66.41,18.668302966420697,1.0
27,0,10,1.0,10.75507904265654,2,1.0,0,0.0,0.1,11.323,11.323,1.0,1.0
27,1,10,1.0,10.354299811223616,5,0.556197203264449,0,0.0,0.35000000000000003,41.906,23.308,1.7979234597563067,1.0
27,2,10,0.0,-13.149833137682373,12,0.0,10,1.0,0.15000000000000002,13.758,35.778,0.38453798423612273,1.0
27,3,10,0.0,-12.978793566827353,12,0.0,10,1.0,0.1,12.527000000000001,70.323,0.17813517625812325,1.0
27,4,10,0.0,-22.987223362993465,200,0.0,0,0.0,10.000000000000007,1114.000000000003,21.915000000000003,50.83276294775281,1.0
27,5,10,1.0,10.3436660466165,5,0.990591322798593,0,0.0,0.35000000000000003,35.818,35.481,1.009498041205152,1.0
27,6,10,0.0,-25.75399223133363,200,0.0,0,0.0,15.000000000000004,1449.2490000000025,18.536,78.1856387570135,1.0
27,7,10,0.0,-22.17980134140125,200,0.0,0,0.0,10.15000000000001,1116.7060000000033,13.717,81.41036669825787,1.0
27,8,10,0.0,-22.901299350324894,200,0.0,0,0.0,10.000000000000007,824.5920000000023,24.012,34.34082958520749,1.0
27,9,10,1.0,9.99664423625642,7,0.9567531906181039,0,0.0,0.65,43.957,42.056,1.0452016359140195,1.0
28,0,10,0.0,-25.487400716399243,200,0.0,0,0.0,15.000000000000002,1037.6899999999973,64.21,16.160878367855435,1.0
28,1,10,0.0,-25.9452734856942,200,0.0,0,0.0,15.000000000000002,959.7939999999983,17.021,56.38881381822444,1.0
28,2,10,0.0,-27.796422312751815,200,0.0,0,0.0,20.000000000000014,1788.999999999997,43.939,40.715537449646035,1.0
28,3,10,0.0,-23.325322752429752,200,0.0,0,0.0,10.050000000000008,969.1740000000032,52.579,18.43272028756734,1.0
28,4,10,0.0,-25.581329936177127,200,0.0,0,0.0,15.000000000000004,1109.3979999999979,39.641,27.98612547614838,1.0
28,5,10,0.0,-25.387007891139525,200,0.0,0,0.0,15.000000000000004,1159.6930000000032,32.188,36.02873741767128,1.0
28,6,10,0.0,-22.971751304811598,200,0.0,0,0.0,10.000000000000007,729.600000000003,52.498,13.897672292277859,1.0
28,7,10,0.0,-27.873277909738643,200,0.0,0,0.0,20.00000000000003,853.6000000000007,33.68,25.344418052256554,1.0
28,8,10,1.0,10.609931708091796,3,0.9378165028299077,0,0.0,0.2,13.427999999999999,12.593,1.0663066783133486,1.0
28,9,10,0.0,-25.615135040336728,200,0.0,0,0.0,15.000000000000004,887.3390000000028,57.01999999999999,15.561890564714187,1.0
29,0,10,0.0,-28.314743622777623,200,0.0,0,0.0,20.100000000000026,658.0849999999987,34.929,18.84064817200603,1.0
29,1,10,0.0,-25.767702226157652,200,0.0,0,0.0,14.900000000000002,871.6079999999955,64.37100000000001,13.540383091764854,1.0
29,2,10,0.0,-25.54809071013505,200,0.0,0,0.0,15.000000000000004,886.0780000000027,53.00399999999999,16.717191155384555,1.0
29,3,10,0.0,-23.071348145673216,200,0.0,0,0.0,10.050000000000008,932.2019999999949,38.909,23.95851859466948,1.0
29,4,10,0.0,-22.40768983141787,200,0.0,0,0.0,10.000000000000007,728.472000000002,35.413,20.570750854206143,1.0
29,5,10,0.0,-25.661075070773137,200,0.0,0,0.0,15.100000000000003,2093.1139999999946,58.638000000000005,35.695521675364006,1.0
29,6,10,0.0,-23.078451119165784,200,0.0,0,0.0,10.050000000000008,966.8570000000032,58.213,16.608953326576593,1.0
29,7,10,0.0,-25.88576823580501,200,0.0,0,0.0,15.000000000000002,978.6350000000042,52.959,18.47910647859673,1.0
29,8,10,0.0,-24.900641218975892,200,0.0,0,0.0,15.000000000000004,935.945000000003,31.83,29.40449261702806,1.0
29,9,10,1.0,10.758040194572454,2,0.8023829087921117,0,0.0,0.1,9.736,7.812,1.2462877624167947,1.0
30,0,10,1.0,10.344490454703228,5,0.9120840852249342,0,0.0,0.35,31.587,28.81,1.0963901423116973,1.0
30,1,10,0.0,-22.54547674418609,200,0.0,0,0.0,10.000000000000007,965.0000000000034,12.040000000000001,80.14950166112985,1.0
30,2,10,1.0,10.513639908451301,4,0.9258358185528176,0,0.0,0.2,12.741999999999999,11.797,1.0801051114690174,1.0
30,3,10,0.0,-25.585149049539197,200,0.0,0,0.0,15.000000000000002,784.7960000000032,41.664,18.8363095238096,1.0
30,4,10,1.0,10.179861671731144,6,0.7628092025601106,0,0.0,0.5,28.905,22.049,1.3109438069753732,1.0
30,5,10,1.0,10.875,1,1.0,0,0.0,0.05,7.263,7.263,1.0,1.0
30,6,10,0.0,-25.670203779959937,200,0.0,0,0.0,15.000000000000004,1109.3979999999979,18.942,58.56815542181384,1.0
30,7,10,0.0,-12.781037673796185,13,0.0,10,1.0,0.2,26.496999999999996,44.089000000000006,0.6009889087981127,1.0
30,8,10,0.0,-13.148565253586067,13,0.0,10,1.0,0.15000000000000002,14.120999999999999,31.232,0.4521324282786885,1.0
30,9,10,0.0,-24.500421696618826,200,0.0,0,0.0,12.450000000000015,761.803999999999,36.614000000000004,20.806358223630273,1.0
31,0,10,1.0,10.342797157622739,5,0.6848475272554906,0,0.0,0.35,31.645,21.672,1.4601790328534514,1.0
31,1,10,0.0,-23.26925422552142,200,0.0,0,0.0,10.20000000000001,873.5030000000008,37.451,23.32388988278019,1.0
31,2,10,0.0,-25.7337149152989,200,0.0,0,0.0,15.050000000000002,2106.9999999999945,68.299,30.849646407707205,1.0
31,3,10,0.0,-26.05035836319687,200,0.0,0,0.0,15.000000000000002,752.1069999999979,35.997,20.89360224463144,1.0
31,4,10,0.0,-23.262451322182255,200,0.0,0,0.0,10.200000000000012,935.4609999999949,53.925999999999995,17.347123836368265,1.0
31,5,10,0.0,-25.43114608296069,200,0.0,0,0.0,15.000000000000004,1352.8549999999982,40.477000000000004,33.4228080144279,1.0
31,6,10,0.0,-25.717298884445377,200,0.0,0,0.0,15.200000000000003,1764.9729999999936,47.51,37.14950536729096,1.0
31,7,10,0.0,-25.532286139878074,200,0.0,0,0.0,13.450000000000014,580.3919999999977,14.098,41.16839267981257,1.0
31,8,10,0.0,-23.13894340478626,200,0.0,0,0.0,10.000000000000007,1180.8430000000053,44.08500000000001,26.78559600771249,1.0
31,9,10,1.0,9.287290319073762,13,0.6326558684961655,0,0.0,0.95,58.158,36.794,1.580638147524053,1.0
32,0,10,0.0,-23.05302487198243,200,0.0,0,0.0,10.050000000000008,800.4560000000008,46.477999999999994,17.222255690864515,1.0
32,1,10,0.0,-13.331461739500396,12,0.0,10,1.0,0.15000000000000002,11.89,32.906,0.36133227982738714,1.0
32,2,10,0.0,-23.665080262116277,200,0.0,0,0.0,10.100000000000009,537.1119999999979,45.476000000000006,11.810889260269105,1.0
32,3,10,1.0,9.709109585993637,8,0.9337751095785123,0,0.0,1.05,48.138999999999996,44.951,1.0709216702631754,1.0
32,4,10,0.0,-13.153490244083391,13,0.0,10,1.0,0.25,19.57,26.958,0.7259440611321315,1.0
32,5,10,0.0,-12.843013970171794,13,0.0,10,1.0,0.25,14.517000000000001,26.485,0.5481215782518407,1.0
32,6,10,1.0,10.320716753926702,5,0.735506479003408,0,0.0,0.4,51.937,38.2,1.3596073298429319,1.0
32,7,10,0.0,-25.56587274838026,200,0.0,0,0.0,15.000000000000004,1342.1910000000016,53.406,25.13183911920012,1.0
32,8,10,0.0,-23.169417831593297,200,0.0,0,0.0,10.000000000000007,809.2690000000017,39.559,20.457266361637092,1.0
32,9,10,0.0,-13.107069985022662,12,0.0,10,1.0,0.15000000000000002,8.338000000000001,51.411,0.16218319036782014,1.0
33,0,10,0.0,-25.373867400868075,200,0.0,0,0.0,15.050000000000002,1025.5150000000024,33.869,30.278868581889114,1.0
33,1,10,1.0,9.496413116763714,11,0.8974805632976384,0,0.0,0.9000000000000001,54.535999999999994,48.945,1.1142302584533659,1.0
33,2,10,0.0,-26.772732079906035,200,0.0,0,0.0,16.650000000000052,882.2039999999984,45.102999999999994,19.55976320865571,1.0
33,3,10,0.0,-26.199284575351502,200,0.0,0,0.0,15.150000000000004,414.26899999999847,45.155,9.174377145388073,1.0
33,4,10,0.0,-28.284873921613723,200,0.0,0,0.0,20.000000000000014,3758.840000000014,39.063,96.22507231907467,1.0
33,5,10,0.0,-28.375427820267728,200,0.0,0,0.0,19.900000000000023,865.8519999999977,50.208,17.245299553855915,1.0
33,6,10,1.0,10.2192404999749,6,0.9059323768162078,0,0.0,0.39999999999999997,43.979,39.842,1.1038351488379097,1.0
33,7,10,1.0,10.098637307410991,7,0.8975835998221054,0,0.0,0.45,47.21900000000001,42.383,1.114102352358257,1.0
33,8,10,0.0,-24.763617593392855,200,0.0,0,0.0,14.950000000000003,1602.2689999999993,20.826,76.9359934697013,1.0
33,9,10,0.0,-25.424438810974397,200,0.0,0,0.0,15.000000000000002,400.5999999999981,24.457,16.379768573414484,1.0
34,0,10,0.0,-22.54026212500292,200,0.0,0,0.0,10.000000000000007,3163.000000000009,43.56699999999999,72.60082172286386,1.0
34,1,10,1.0,10.85,1,1.0,0,0.0,0.1,3.997,3.997,1.0,1.0
34,2,10,0.0,-27.80560093627586,200,0.0,0,0.0,19.950000000000017,911.075000000002,31.401,29.01420336931951,1.0
34,3,10,0.0,-13.316284773579174,14,0.0,10,1.0,0.25,15.498,49.355000000000004,0.31401073852699823,1.0
34,4,10,0.0,-24.64573246806307,200,0.0,0,0.0,13.300000000000013,1131.0840000000017,63.641,17.772882261435264,1.0
34,5,10,1.0,10.299363741729849,5,0.5716060288190803,0,0.0,0.44999999999999996,36.226,20.707,1.749456705461921,1.0
34,6,10,0.0,-25.48316172016956,200,0.0,0,0.0,15.000000000000004,1345.4000000000017,24.765,54.326670704623524,1.0
34,7,10,0.0,-13.837662761382173,16,0.0,10,1.0,0.45,28.430000000000003,40.458000000000006,0.702704038756241,1.0
34,8,10,0.0,-25.902104748603353,200,0.0,0,0.0,15.050000000000002,949.5339999999986,21.48,44.20549348230906,1.0
34,9,10,0.0,-13.433823850494957,14,0.0,10,1.0,0.3,25.211,54.045,0.4664816356739753,1.0
35,0,10,0.0,-28.25149010346381,200,0.0,0,0.0,20.000000000000014,1825.8150000000091,35.568,51.33308029689635,1.0
35,1,10,0.0,-23.04410531898518,200,0.0,0,0.0,10.000000000000007,1088.6860000000001,58.451,18.62561803904125,1.0
35,2,10,0.0,-13.327700311108629,14,0.0,10,1.0,0.25,16.067,53.679,0.2993163061905028,1.0
35,3,10,0.0,-25.626384374004097,200,0.0,0,0.0,14.950000000000003,1336.1460000000015,40.791000000000004,32.75590203721413,1.0
35,4,10,1.0,10.436421925743877,4,1.0,0,0.0,0.35000000000000003,34.178999999999995,34.178999999999995,1.0,1.0
35,5,10,0.0,-25.33035939470364,200,0.0,0,0.0,15.000000000000004,959.5109999999983,31.720000000000002,30.24940100882718,1.0
35,6,10,0.0,-25.43803832669471,200,0.0,0,0.0,15.000000000000004,2092.9629999999943,54.479,38.41779401237164,1.0
35,7,10,0.0,-23.141451280718254,200,0.0,0,0.0,10.000000000000007,1735.7719999999972,50.011,34.70780428305767,1.0
35,8,10,1.0,10.219119400915268,6,0.8029709144358825,0,0.0,0.39999999999999997,44.902,36.055,1.2453751213423936,1.0
35,9,10,1.0,10.467627530364371,4,0.6151930261519303,0,0.0,0.30000000000000004,20.075,12.35,1.625506072874494,1.0
36,0,10,0.0,-25.383691751775277,200,0.0,0,0.0,15.000000000000004,2097.1689999999944,39.85099999999999,52.625254071415895,1.0
36,1,10,0.0,-26.18532467871697,200,0.0,0,0.0,15.000000000000002,798.6369999999986,38.284,20.860855709957125,1.0
36,2,10,0.0,-28.1819870776981,200,0.0,0,0.0,20.000000000000014,1681.9870000000012,36.526,46.049033565131715,1.0
36,3,10,0.0,-22.774417354766257,200,0.0,0,0.0,10.000000000000007,1084.6000000000001,20.467,52.992622269995614,1.0
36,4,10,1.0,9.956074573626129,7,0.8019846236366888,0,0.0,0.75,33.558,26.913,1.2469066993646194,1.0
36,5,10,1.0,10.491852235957852,4,1.0,0,0.0,0.25,24.105999999999998,24.105999999999998,1.0,1.0
36,6,10,0.0,-13.084870588797099,11,0.0,10,1.0,0.05,3.288,41.882,0.07850627954729955,1.0
36,7,10,0.0,-12.983409430944644,11,0.0,10,1.0,0.05,6.691,19.383,0.34519940153742973,1.0
36,8,10,0.0,-22.834381063251737,200,0.0,0,0.0,10.000000000000007,623.8730000000021,25.77,24.209274350019484,1.0
36,9,10,1.0,10.611646333714576,3,0.9984140074858846,0,0.0,0.2,15.763,15.738,1.0015885118820689,1.0
37,0,10,1.0,10.222170532133955,6,0.9881924549519397,0,0.0,0.39999999999999997,37.349000000000004,36.908,1.011948629023518,1.0
37,1,10,1.0,9.4299210221489,12,0.5731616537571674,0,0.0,0.9000000000000001,49.70499999999999,28.489000000000004,1.744708483976271,1.0
37,2,10,0.0,-25.226885187513027,200,0.0,0,0.0,15.050000000000002,813.6109999999974,23.865000000000002,34.09222711083165,1.0
37,3,10,0.0,-26.67430216141719,200,0.0,0,0.0,16.649999999999995,1140.8900000000017,29.749,38.350532791018246,1.0
37,4,10,0.0,-23.57599038118985,200,0.0,0,0.0,10.150000000000011,586.3880000000008,67.368,8.704251276570492,1.0
37,5,10,0.0,-23.126155788342807,200,0.0,0,0.0,10.000000000000007,961.2000000000031,37.23,25.817888799355444,1.0
37,6,10,0.0,-25.675400833656365,200,0.0,0,0.0,15.000000000000002,762.4340000000025,61.895999999999994,12.31798500710874,1.0
37,7,10,0.0,-25.470453522543664,200,0.0,0,0.0,15.000000000000002,1040.3289999999974,75.542,13.77153106880937,1.0
37,8,10,1.0,10.277722533710207,5,0.7816937119675459,0,0.0,0.5,27.607999999999997,21.581000000000003,1.279273434965942,1.0
37,9,10,0.0,-25.510593370638794,200,0.0,0,0.0,15.050000000000002,1839.2029999999966,32.702999999999996,56.23958046662376,1.0
38,0,10,0.0,-23.307474929548903,200,0.0,0,0.0,10.000000000000007,373.0639999999991,39.389,9.471273705856943,1.0
38,1,10,0.0,-13.214231503726975,14,0.0,10,1.0,0.2,28.506,81.165,0.35121049713546476,1.0
38,2,10,1.0,10.753810122339534,2,1.0,0,0.0,0.1,11.934,11.934,1.0,1.0
38,3,10,0.0,-23.31808225739732,200,0.0,0,0.0,10.000000000000007,1051.8440000000057,45.929,22.90152191425909,1.0
38,4,10,0.0,-25.445220447095682,200,0.0,0,0.0,15.000000000000002,960.5349999999983,33.863,28.36532498597284,1.0
38,5,10,1.0,10.728044708545557,2,1.0,0,0.0,0.15000000000000002,10.602,10.602,1.0,1.0
38,6,10,0.0,-13.52778664023181,17,0.0,10,1.0,0.55,36.54899999999999,32.785,1.1148086014945857,1.0
38,7,10,0.0,-13.20618779527559,17,0.0,10,1.0,0.75,52.355,50.8,1.0306102362204725,1.0
38,8,10,1.0,10.729328370834038,2,1.0,0,0.0,0.15000000000000002,23.644,23.644,1.0,1.0
38,9,10,0.0,-23.724533980582514,200,0.0,0,0.0,10.200000000000012,459.804999999999,55.620000000000005,8.266900395541153,1.0
39,0,10,1.0,10.61073894912427,3,0.9370115661144108,0,0.0,0.2,12.796,11.99,1.0672226855713094,1.0
39,1,10,0.0,-24.973296573162603,200,0.0,0,0.0,13.300000000000013,732.7820000000011,81.066,9.039325981299202,1.0
39,2,10,0.0,-25.66898304586728,200,0.0,0,0.0,15.000000000000002,1110.9969999999978,34.033,32.64469779331819,1.0
39,3,10,0.0,-25.72565136986301,200,0.0,0,0.0,14.900000000000002,880.288999999996,43.8,20.097922374429135,1.0
39,4,10,0.0,-13.41936059795026,11,0.0,10,1.0,0.05,7.417,15.319,0.4841699849859651,1.0
39,5,10,0.0,-13.214937385461209,11,0.0,10,1.0,0.05,5.11,19.644,0.2601303196904908,1.0
39,6,10,0.0,-25.833923010067373,200,0.0,0,0.0,14.850000000000003,426.03000000000156,41.421,10.285362497284025,1.0
39,7,10,0.0,-26.346199073886012,200,0.0,0,0.0,16.649999999999995,992.8869999999998,24.619,40.33011088996303,1.0
39,8,10,1.0,10.138505306375396,6,0.5415076135743949,0,0.0,0.6000000000000001,47.678,25.818,1.8466961034936864,1.0
39,9,10,1.0,10.3412,5,0.8743799168211654,0,0.0,0.35,39.914,34.9,1.1436676217765045,1.0
40,0,10,1.0,10.586732716780677,3,0.9419705532956552,0,0.0,0.25,27.778999999999996,26.167,1.061604310773111,1.0
40,1,10,0.0,-25.506145064664526,200,0.0,0,0.0,15.000000000000004,368.28799999999967,38.893,9.46926182089321,1.0
40,2,10,0.0,-25.502893563775665,200,0.0,0,0.0,15.000000000000004,938.084000000003,12.787,73.36232110737491,1.0
40,3,10,0.0,-22.670909178233508,200,0.0,0,0.0,10.000000000000007,1370.400000000002,20.821,65.81816435329723,1.0
40,4,10,0.0,-13.640619724406609,16,0.0,10,1.0,0.4,41.561,27.722,1.49920640646418,1.0
40,5,10,0.0,-25.486085999743057,200,0.0,0,0.0,15.000000000000002,1037.6899999999973,62.25599999999999,16.668112310459996,1.0
40,6,10,0.0,-25.681785094552374,200,0.0,0,0.0,14.950000000000003,2001.015000000007,78.95100000000001,25.345024128890156,1.0
40,7,10,0.0,-25.27576143983877,200,0.0,0,0.0,13.400000000000013,1348.7939999999974,28.780999999999995,46.864042250095466,1.0
40,8,10,0.0,-25.48694305019315,200,0.0,0,0.0,15.050000000000002,841.4149999999967,41.44,20.304416023165945,1.0
40,9,10,0.0,-13.662848513725368,16,0.0,10,1.0,0.45,14.772,32.531,0.4540899449755618,1.0
41,0,10,1.0,10.490048209366392,4,0.7668001584297847,0,0.0,0.25,22.723000000000003,17.424,1.3041207529843895,1.0
41,1,10,0.0,-25.826619551393225,200,0.0,0,0.0,15.000000000000002,1042.126999999998,34.596,30.12275985663077,1.0
41,2,10,1.0,10.413415354859506,4,1.0,0,0.0,0.39999999999999997,18.613,18.613,1.0,1.0
41,3,10,0.0,-12.9,10,0.0,10,1.0,0.0,0.0,60.019,0.0,1.0
41,4,10,1.0,10.585510932816081,3,1.0,0,0.0,0.25,22.683999999999997,22.683999999999997,1.0,1.0
41,5,10,1.0,10.248623964554035,6,0.8253307046553039,0,0.0,0.35,31.448,25.955,1.2116355230206126,1.0
41,6,10,0.0,-12.899999999999999,10,0.0,10,1.0,0.0,0.0,31.266,0.0,1.0
41,7,10,0.0,-22.901907314244514,200,0.0,0,0.0,10.000000000000007,1089.2170000000012,63.806999999999995,17.070493832965056,1.0
41,8,10,0.0,-12.899999999999999,10,0.0,10,1.0,0.0,0.0,36.061,0.0,1.0
41,9,10,0.0,-12.9,10,0.0,10,1.0,0.0,0.0,39.05500000000001,0.0,1.0
42,0,10,0.0,-25.583931730669192,200,0.0,0,0.0,15.000000000000002,936.358000000003,57.654,16.24098935026196,1.0
42,1,10,0.0,-25.304295748764623,200,0.0,0,0.0,15.000000000000002,1352.5279999999982,24.487,55.23453260913947,1.0
42,2,10,0.0,-25.856925891857397,200,0.0,0,0.0,15.000000000000002,1066.770999999997,50.008,21.332006878899314,1.0
42,3,10,1.0,10.00803726375847,7,0.961403308287861,0,0.0,0.65,35.003,33.652,1.0401462023059551,1.0
42,4,10,0.0,-25.494250583730185,200,0.0,0,0.0,14.950000000000003,404.9479999999985,53.535000000000004,7.564172970953553,1.0
42,5,10,0.0,-28.18625739170973,200,0.0,0,0.0,20.000000000000014,3759.508000000014,34.329,109.5140551720124,1.0
42,6,10,0.0,-22.986879892177633,200,0.0,0,0.0,10.000000000000007,927.9059999999974,38.582,24.05023067751795,1.0
42,7,10,0.0,-25.788706760337394,200,0.0,0,0.0,15.000000000000004,1308.9869999999992,41.13699999999999,31.820186207064186,1.0
42,8,10,0.0,-25.720153892576995,200,0.0,0,0.0,15.000000000000002,1038.162999999998,29.826,34.80731576476892,1.0
42,9,10,0.0,-28.017638309906378,200,0.0,0,0.0,20.000000000000014,1822.4700000000091,47.737,38.17730481597103,1.0
43,0,10,0.0,-25.618773863586185,200,0.0,0,0.0,15.000000000000002,2002.8659999999957,22.681,88.30589480181631,1.0
43,1,10,0.0,-25.480407169909366,200,0.0,0,0.0,15.000000000000004,401.99999999999886,73.139,5.4963835983538045,1.0
43,2,10,0.0,-22.653705080070466,200,0.0,0,0.0,10.050000000000008,961.1370000000031,26.102,36.8223507777183,1.0
43,3,10,0.0,-25.381513485205463,200,0.0,0,0.0,15.000000000000004,1028.4220000000025,30.552,33.66136423147429,1.0
43,4,10,0.0,-25.659660413528687,200,0.0,0,0.0,15.000000000000004,527.2379999999979,29.212,18.04867862522244,1.0
43,5,10,0.0,-25.56303030303034,200,0.0,0,0.0,15.000000000000004,1023.6420000000026,31.35,32.65205741626802,1.0
43,6,10,0.0,-23.077393633209617,200,0.0,0,0.0,10.000000000000007,508.6000000000011,32.858000000000004,15.47872664191372,1.0
43,7,10,0.0,-28.075996238391934,200,0.0,0,0.0,20.000000000000014,1820.7490000000091,51.04200000000001,35.67158418557284,1.0
43,8,10,0.0,-25.431508573226292,200,0.0,0,0.0,15.000000000000004,934.655000000003,31.785000000000004,29.40553720308331,1.0
43,9,10,0.0,-30.67285543906895,200,0.0,0,0.0,24.900000000000002,450.96199999999857,51.98500000000001,8.674848513994393,1.0
44,0,10,0.0,-25.415850294844983,200,0.0,0,0.0,15.000000000000004,1025.2050000000024,42.056000000000004,24.377140003804506,1.0
44,1,10,0.0,-25.593745959982897,200,0.0,0,0.0,15.000000000000002,643.6149999999976,53.526999999999994,12.02411866908285,1.0
44,2,10,0.0,-25.947565788184516,200,0.0,0,0.0,15.000000000000004,2095.249999999994,51.035000000000004,41.0551582247476,1.0
44,3,10,0.0,-23.08820277424107,200,0.0,0,0.0,10.000000000000007,775.1999999999987,29.846,25.973329759431707,1.0
44,4,10,0.0,-23.23353749342392,200,0.0,0,0.0,10.050000000000008,1247.971999999998,24.711,50.50269110922253,1.0
44,5,10,0.0,-12.952729326705828,11,0.0,10,1.0,0.1,11.076,57.53799999999999,0.192498870311794,1.0
44,6,10,0.0,-25.666754004887295,200,0.0,0,0.0,15.000000000000004,963.7060000000041,7.366,130.83165897366334,1.0
44,7,10,1.0,10.579085742525328,3,0.30478987799367374,0,0.0,0.30000000000000004,13.277999999999999,4.047,3.2809488510007414,1.0
44,8,10,0.0,-25.500546794689512,200,0.0,0,0.0,15.000000000000002,1041.0929999999976,45.721000000000004,22.77056494827317,1.0
44,9,10,0.0,-13.088513270686658,11,0.0,10,1.0,0.1,1.518,33.947,0.044716764367985384,1.0
45,0,10,1.0,10.614366362834462,3,0.8444654119282912,0,0.0,0.2,20.137,17.005,1.184181123199059,1.0
45,1,10,1.0,10.415781699953554,4,0.9524581944731176,0,0.0,0.39999999999999997,33.907,32.294999999999995,1.049914847499613,1.0
45,2,10,1.0,10.391975350086321,4,0.5869338812733977,0,0.0,0.45,35.527,20.852000000000004,1.7037694225973525,1.0
45,3,10,0.0,-25.683783783783788,200,0.0,0,0.0,15.000000000000004,1109.7339999999979,24.42,45.443652743652656,1.0
45,4,10,0.0,-25.614559644923187,200,0.0,0,0.0,14.950000000000003,1352.8519999999983,60.156000000000006,22.48906177272422,1.0
45,5,10,1.0,10.4665820935686,4,0.9172102535171537,0,0.0,0.3,28.361000000000004,26.012999999999998,1.090262561027179,1.0
45,6,10,0.0,-26.059946649347093,200,0.0,0,0.0,15.000000000000004,750.2829999999979,43.111000000000004,17.403516503908463,1.0
45,7,10,0.0,-13.553739671297553,15,0.0,10,1.0,0.35,43.104,44.052,0.9784799782075728,1.0
45,8,10,0.0,-23.25696672156105,200,0.0,0,0.0,10.000000000000007,1206.8149999999978,32.183,37.49852406550035,1.0
45,9,10,0.0,-25.054822335025392,200,0.0,0,0.0,15.000000000000004,876.9999999999985,9.850000000000001,89.0355329949237,1.0
46,0,10,1.0,10.294847754377061,5,0.91126654719926,0,0.0,0.45000000000000007,17.299,15.764,1.0973737630043137,1.0
46,1,10,0.0,-22.871503405721626,200,0.0,0,0.0,10.050000000000008,965.8950000000032,62.395,15.480326949274831,1.0
46,2,10,0.0,-25.391663200998135,200,0.0,0,0.0,15.000000000000002,1354.5999999999983,62.517999999999994,21.667359800377465,1.0
46,3,10,0.0,-25.20452701224848,200,0.0,0,0.0,15.000000000000004,588.5999999999987,36.57600000000001,16.09251968503933,1.0
46,4,10,0.0,-24.954897917812918,200,0.0,0,0.0,15.000000000000002,2004.7529999999958,34.531,58.05661579450337,1.0
46,5,10,0.0,-12.690059654076949,13,0.0,10,1.0,0.25,32.269,42.495,0.7593599246970232,1.0
46,6,10,0.0,-14.526934130172101,23,0.0,10,1.0,0.9500000000000002,30.16,61.242000000000004,0.49247248620227946,1.0
46,7,10,0.0,-25.322294332724,200,0.0,0,0.0,13.300000000000013,1060.2520000000025,38.290000000000006,27.690049621311108,1.0
46,8,10,0.0,-13.285694202952168,13,0.0,10,1.0,0.30000000000000004,41.022999999999996,27.031000000000002,1.5176279086974211,1.0
46,9,10,0.0,-27.461005248404607,200,0.0,0,0.0,19.950000000000017,1453.542000000006,16.767,86.69064233315477,1.0
47,0,10,0.0,-30.681196935183248,200,0.0,0,0.0,25.0,1120.5250000000012,33.803000000000004,33.148685027956134,1.0
47,1,10,0.0,-25.260643279548425,200,0.0,0,0.0,15.000000000000004,945.8369999999986,37.371,25.309384281929802,1.0
47,2,10,1.0,9.768561137637533,9,0.6709287425483313,0,0.0,0.7500000000000001,35.898,24.085,1.4904712476645217,1.0
47,3,10,0.0,-23.205232396507533,200,0.0,0,0.0,10.050000000000008,372.6390000000007,46.042,8.093458146909358,1.0
47,4,10,0.0,-23.235308476439503,200,0.0,0,0.0,10.050000000000008,853.0529999999968,60.03699999999999,14.208787914119576,1.0
47,5,10,1.0,10.222535709706372,6,0.8720787207872079,0,0.0,0.4,44.715,38.995000000000005,1.146685472496474,1.0
47,6,10,0.0,-25.37392523713487,200,0.0,0,0.0,15.000000000000002,1354.5999999999983,53.556,25.29315109418176,1.0
47,7,10,0.0,-13.701629092416079,16,0.0,10,1.0,0.45,25.475,12.065000000000001,2.111479486116867,1.0
47,8,10,0.0,-25.311221044803837,200,0.0,0,0.0,15.000000000000002,1999.6399999999958,26.895,74.34987915969495,1.0
47,9,10,0.0,-13.810059849126317,16,0.0,10,1.0,0.45,30.17,51.964000000000006,0.5805942575629282,1.0
48,0,10,0.0,-24.102411086583235,200,0.0,0,0.0,15.000000000000002,2689.728999999992,16.308,164.93310031886142,1.0
48,1,10,0.0,-26.405421092695708,200,0.0,0,0.0,16.649999999999995,1130.353000000001,57.80199999999999,19.555603612331772,1.0
48,2,10,0.0,-25.596757502587035,200,0.0,0,0.0,15.000000000000004,1109.7339999999979,46.384,23.924931010693296,1.0
48,3,10,1.0,9.952196994807203,8,0.4312875250166778,0,0.0,0.6000000000000001,41.971999999999994,18.101999999999997,2.3186388244392884,1.0
48,4,10,0.0,-24.33865277099276,200,0.0,0,0.0,12.500000000000014,775.4500000000014,36.846000000000004,21.045703739890392,1.0
48,5,10,0.0,-22.890308711587245,200,0.0,0,0.0,10.000000000000007,1338.6809999999998,42.56400000000001,31.45101494220467,1.0
48,6,10,0.0,-23.031465426094336,200,0.0,0,0.0,10.000000000000007,2115.5060000000085,23.645,89.46948614929197,1.0
48,7,10,0.0,-25.515276109519863,200,0.0,0,0.0,15.000000000000002,884.7399999999986,32.469,27.248760356031866,1.0
48,8,10,0.0,-12.899999999999999,10,0.0,10,1.0,0.0,0.0,37.474000000000004,0.0,1.0
48,9,10,0.0,-12.9,10,0.0,10,1.0,0.0,0.0,42.525000000000006,0.0,1.0
49,0,10,0.0,-25.336118986609417,200,0.0,2,0.0,9.900000000000006,1040.2740000000056,48.391999999999996,21.496817655810993,1.0
49,1,10,0.0,-12.985209165470282,11,0.0,10,1.0,0.1,4.331,70.351,0.06156273542664639,1.0
49,2,10,0.0,-25.482118840934167,200,0.0,0,0.0,15.000000000000002,1041.0929999999976,65.432,15.911067978970497,1.0
49,3,10,0.0,-13.112690273806262,13,0.0,10,1.0,0.25,38.789,51.05800000000001,0.7597046496141642,1.0
49,4,10,1.0,10.875,1,1.0,0,0.0,0.05,6.997,6.997,1.0,1.0
49,5,10,0.0,-13.233661343423659,13,0.0,10,1.0,0.25,25.773,67.127,0.38394386759426163,1.0
49,6,10,0.0,-25.64572277131308,200,0.0,0,0.0,15.000000000000002,2006.3639999999957,41.077999999999996,48.84278689322742,1.0
49,7,10,0.0,-25.707730288668643,200,0.0,0,0.0,15.000000000000002,1309.3900000000065,58.025,22.565962947005712,1.0
49,8,10,0.0,-22.7754812918061,200,0.0,0,0.0,10.000000000000007,1655.874999999998,38.272,43.26596467391299,1.0
49,9,10,0.0,-12.899285501725986,11,0.0,10,1.0,0.1,8.442,33.604000000000006,0.2512200928460897,1.0
50,0,10,0.0,-25.46683364651271,200,0.0,0,0.0,15.000000000000004,936.8230000000029,45.23500000000001,20.710135956670783,1.0
50,1,10,0.0,-24.174200898024985,200,0.0,0,0.0,12.500000000000016,1949.4950000000024,57.014,34.193268320061776,1.0
50,2,10,0.0,-25.622191532500644,200,0.0,0,0.0,15.050000000000002,1341.720999999999,58.19899999999999,23.05402154676196,1.0
50,3,10,0.0,-25.565216540057982,200,0.0,0,0.0,15.000000000000004,736.5999999999988,51.07599999999999,14.42164617432843,1.0
50,4,10,0.0,-25.609188394720608,200,0.0,0,0.0,15.000000000000002,1999.6399999999958,34.019,58.7800934771744,1.0
50,5,10,0.0,-23.09397607368453,200,0.0,0,0.0,10.000000000000007,2451.0359999999946,56.674,43.247979673218666,1.0
50,6,10,0.0,-13.237042590725807,11,0.0,10,1.0,0.1,5.023,15.872,0.31646925403225806,1.0
50,7,10,0.0,-23.975943769359052,200,0.0,1,0.0,9.950000000000006,357.28099999999927,41.97,8.512771026923977,1.0
50,8,10,0.0,-33.92919110690628,200,0.0,9,0.0,14.350000000000001,1190.7549999999992,42.28,28.163552507095535,1.0
50,9,10,0.0,-23.275784848967884,200,0.0,0,0.0,10.000000000000007,1205.962999999998,50.18800000000001,24.028911293536257,1.0
51,0,10,0.0,-25.587399247037446,200,0.0,0,0.0,15.000000000000004,691.7999999999977,39.577,17.479849407484085,1.0
51,1,10,0.0,-12.845090611296033,11,0.0,10,1.0,0.1,8.22,18.927,0.4343002060548423,1.0
51,2,10,0.0,-25.00650998531118,200,0.0,0,0.0,13.300000000000013,911.3929999999996,31.997,28.48370159702471,1.0
51,3,10,0.0,-28.14874868985236,200,0.0,0,0.0,19.950000000000017,3793.308000000014,41.980000000000004,90.35988565983834,1.0
51,4,10,0.0,-23.322677835580162,200,0.0,0,0.0,10.050000000000008,973.1640000000032,53.631,18.145550148235223,1.0
51,5,10,0.0,-23.723946890820585,200,0.0,0,0.0,10.000000000000007,1663.258999999998,10.469,158.87467761963876,1.0
51,6,10,0.0,-12.992944204000466,11,0.0,10,1.0,0.1,3.27,42.745000000000005,0.07650017545911801,1.0
51,7,10,1.0,10.197110671000068,6,0.921263157894737,0,0.0,0.44999999999999996,64.125,59.07600000000001,1.0854661791590492,1.0
51,8,10,1.0,10.633392112248767,3,0.7168488011743598,0,0.0,0.15000000000000002,18.393,13.185,1.3949943117178611,1.0
51,9,10,0.0,-25.627359232269296,200,0.0,0,0.0,15.050000000000002,2111.4309999999946,48.714999999999996,43.342522836908444,1.0
52,0,10,0.0,-13.447831117160504,12,0.0,10,1.0,0.15000000000000002,10.591000000000001,28.653000000000002,0.36962970718598404,1.0
52,1,10,0.0,-25.488416079624642,200,0.0,0,0.0,15.000000000000004,1025.6950000000024,59.479,17.244657778375604,1.0
52,2,10,1.0,10.736442362836934,2,0.1542339898572945,0,0.0,0.2,33.916,5.231,6.483655132861785,1.0
52,3,10,0.0,-13.166893813341398,12,0.0,10,1.0,0.30000000000000004,14.492,39.666,0.36535067816265826,1.0
52,4,10,1.0,10.515652530515753,4,0.9966820542412002,0,0.0,0.2,20.796,20.726999999999997,1.0033289911709367,1.0
52,5,10,1.0,9.171870685113817,14,0.596651722939999,0,0.0,1.0,60.449,36.067,1.6760196301328083,1.0
52,6,10,0.0,-22.90750423626238,200,0.0,0,0.0,10.000000000000007,764.2000000000033,41.31000000000001,18.49915274751884,1.0
52,7,10,0.0,-25.084940370464423,200,0.0,0,0.0,15.000000000000004,1354.5999999999983,15.764,85.92996701344826,1.0
52,8,10,0.0,-23.191929093656746,200,0.0,0,0.0,10.000000000000007,1149.1479999999965,24.483000000000004,46.93656823101729,1.0
52,9,10,0.0,-13.023008712988261,12,0.0,10,1.0,0.15000000000000002,34.117999999999995,67.715,0.5038470058332717,1.0
53,0,10,0.0,-25.227475702653027,200,0.0,0,0.0,15.000000000000002,2004.7529999999958,38.07,52.65965327029146,1.0
53,1,10,0.0,-25.53355395977614,200,0.0,0,0.0,15.000000000000004,1603.4999999999993,39.13100000000001,40.97774143262372,1.0
53,2,10,0.0,-25.332203548962493,200,0.0,0,0.0,15.000000000000004,2096.2359999999944,42.604,49.2027978593558,1.0
53,3,10,0.0,-12.905796943796943,11,0.0,10,1.0,0.1,3.177,19.305,0.16456876456876457,1.0
53,4,10,0.0,-13.07186875271621,11,0.0,10,1.0,0.1,3.699,43.718999999999994,0.08460852261030674,1.0
53,5,10,0.0,-25.462444206118164,200,0.0,0,0.0,15.000000000000002,886.1340000000027,19.581,45.25478780450451,1.0
53,6,10,0.0,-28.08884860019034,200,0.0,0,0.0,20.000000000000014,1681.9870000000012,79.86800000000001,21.059585816597398,1.0
53,7,10,0.0,-28.65395490206272,200,0.0,0,0.0,19.85000000000003,947.0139999999986,38.494,24.60160024938948,1.0
53,8,10,0.0,-25.220307529162252,200,0.0,0,0.0,15.000000000000004,633.0,11.316,55.93849416755037,1.0
53,9,10,0.0,-23.434149600540124,200,0.0,0,0.0,10.150000000000011,438.3999999999991,35.548,12.332620681894877,1.0
54,0,10,0.0,-12.646244267029047,12,0.0,10,1.0,0.15000000000000002,20.267,35.322,0.573778381745088,1.0
54,1,10,0.0,-25.46376678927478,200,0.0,0,0.0,15.000000000000004,934.655000000003,60.083,15.556064111312736,1.0
54,2,10,1.0,10.005807763849575,7,0.8566697612548327,0,0.0,0.6500000000000001,72.16899999999998,61.82500000000001,1.1673109583501815,1.0
54,3,10,0.0,-28.454680020116502,200,0.0,0,0.0,19.950000000000017,2677.703999999999,63.629,42.08307532728786,1.0
54,4,10,1.0,10.05933720128332,7,0.8688323868076904,0,0.0,0.5499999999999999,38.386,33.351000000000006,1.150969985907469,1.0
54,5,10,0.0,-30.90122512234922,200,0.0,0,0.0,24.95,1075.3919999999976,18.39,58.476998368678494,1.0
54,6,10,0.0,-12.66558566351084,12,0.0,10,1.0,0.15000000000000002,17.528,31.793,0.5513163274934734,1.0
54,7,10,0.0,-13.245284701166554,12,0.0,10,1.0,0.15000000000000002,12.362,19.459000000000003,0.6352844442160439,1.0
54,8,10,0.0,-23.034981465778312,200,0.0,0,0.0,10.000000000000007,806.8460000000017,41.275,19.5480557238038,1.0
54,9,10,0.0,-22.960600947366302,200,0.0,0,0.0,10.000000000000007,579.2699999999979,49.189,11.776413425765881,1.0
55,0,10,1.0,9.96265456362425,8,0.6451612903225807,0,0.0,0.55,46.531,30.020000000000003,1.5499999999999998,1.0
55,1,10,0.0,-28.021554127417225,200,0.0,0,0.0,20.000000000000014,1459.200000000006,68.15400000000001,21.41033541685016,1.0
55,2,10,0.0,-26.036363241266645,200,0.0,0,0.0,15.100000000000003,793.5370000000026,66.727,11.892292475309883,1.0
55,3,10,0.0,-25.415447771491664,200,0.0,0,0.0,15.000000000000002,1037.6899999999973,28.988000000000003,35.79722643852619,1.0
55,4,10,0.0,-12.901258812785386,11,0.0,10,1.0,0.05,6.997,54.75,0.12779908675799087,1.0
55,5,10,0.0,-13.057879315263907,11,0.0,10,1.0,0.05,5.11,35.05,0.1457917261055635,1.0
55,6,10,1.0,10.760389012620639,2,0.5604093859211182,0,0.0,0.1,12.018,6.734999999999999,1.784409799554566,1.0
55,7,10,1.0,10.126706747243162,6,1.0,0,0.0,0.6000000000000001,48.153,48.153,1.0,1.0
55,8,10,0.0,-22.905435601545026,200,0.0,0,0.0,10.100000000000009,3118.2230000000004,20.971,148.69214629726767,1.0
55,9,10,0.0,-25.519034589022844,200,0.0,0,0.0,15.000000000000002,401.99999999999886,75.284,5.339780032941911,1.0
56,0,10,0.0,-25.398400884901918,200,0.0,0,0.0,15.000000000000004,1114.8419999999978,49.271,22.626737837673232,1.0
56,1,10,1.0,10.727963548132266,2,1.0,0,0.0,0.15000000000000002,8.861,8.861,1.0,1.0
56,2,10,0.0,-25.595130438201547,200,0.0,0,0.0,15.000000000000002,936.358000000003,50.867000000000004,18.407965871783336,1.0
56,3,10,0.0,-25.956056286305724,200,0.0,0,0.0,15.050000000000002,1055.3919999999973,29.954000000000004,35.233758429591944,1.0
56,4,10,0.0,-25.79240437279154,200,0.0,0,0.0,15.000000000000004,925.913999999998,45.28,20.448630742049428,1.0
56,5,10,0.0,-23.923174904287208,200,0.0,0,0.0,10.10000000000001,531.0939999999994,28.993,18.318007794984975,1.0
56,6,10,1.0,10.26108545998192,6,0.7660877903260175,0,0.0,0.35,37.544,28.761999999999997,1.305333426048258,1.0
56,7,10,1.0,10.60653969510988,3,1.0,0,0.0,0.2,25.255000000000003,25.255000000000003,1.0,1.0
56,8,10,0.0,-25.217717908082356,200,0.0,0,0.0,15.000000000000002,938.8539999999979,29.657,31.657079273021473,1.0
56,9,10,0.0,-28.081409702505866,200,0.0,0,0.0,20.000000000000014,3796.7650000000144,24.303,156.22618606756427,1.0
57,0,10,0.0,-25.675134297694637,200,0.0,0,0.0,15.000000000000002,2010.4149999999956,59.382999999999996,33.85505952882131,1.0
57,1,10,0.0,-25.779027976161192,200,0.0,0,0.0,15.050000000000002,2111.4709999999945,60.909,34.66599353133354,1.0
57,2,10,0.0,-12.9,10,0.0,10,1.0,0.0,0.0,58.80800000000001,0.0,1.0
57,3,10,1.0,10.73285078776645,2,0.9694519317160827,0,0.0,0.15000000000000002,11.129999999999999,10.79,1.0315106580166822,1.0
57,4,10,0.0,-22.860848918332625,200,0.0,0,0.0,10.000000000000007,961.2000000000031,34.114,28.17611537785083,1.0
57,5,10,1.0,10.315804189674818,5,0.8247469879518073,0,0.0,0.4,41.5,34.227000000000004,1.2124930610336868,1.0
57,6,10,0.0,-12.899999999999999,10,0.0,10,1.0,0.0,0.0,56.071999999999996,0.0,1.0
57,7,10,1.0,10.734100719424461,2,0.48465095126203295,0,0.0,0.15000000000000002,13.193,6.394,2.063340631842352,1.0
57,8,10,0.0,-25.753147421293857,200,0.0,0,0.0,15.000000000000004,1115.422999999998,36.433,30.61573298932281,1.0
57,9,10,0.0,-24.634605944490524,200,0.0,0,0.0,13.350000000000012,903.4440000000009,38.623999999999995,23.39074150787078,1.0
58,0,10,0.0,-23.77740766982545,200,0.0,0,0.0,10.10000000000001,844.3200000000023,56.455000000000005,14.955628376583158,1.0
58,1,10,0.0,-25.575448442830478,200,0.0,0,0.0,15.000000000000004,1342.1010000000015,45.434999999999995,29.538923737207035,1.0
58,2,10,0.0,-23.67176956560364,200,0.0,0,0.0,10.100000000000009,780.9519999999995,45.028000000000006,17.343697255041295,1.0
58,3,10,0.0,-25.535848330285845,200,0.0,0,0.0,15.000000000000004,1028.4220000000025,41.564,24.743094986045676,1.0
58,4,10,0.0,-27.92595110703836,200,0.0,0,0.0,20.000000000000014,3796.7650000000144,33.829,112.23402997428285,1.0
58,5,10,0.0,-23.895611533042334,200,0.0,0,0.0,12.000000000000016,604.7599999999987,29.099,20.78284477129794,1.0
58,6,10,0.0,-22.942334935140636,200,0.0,0,0.0,10.000000000000007,659.5100000000016,36.001000000000005,18.31921335518462,1.0
58,7,10,0.0,-25.66199115292009,200,0.0,0,0.0,15.000000000000004,966.5650000000041,35.718,27.06100565541195,1.0
58,8,10,0.0,-22.762576152877863,200,0.0,0,0.0,10.050000000000008,969.3920000000032,43.69499999999999,22.18542167296037,1.0
58,9,10,1.0,10.347105744691095,5,0.9590818824181407,0,0.0,0.35000000000000003,21.653,20.767,1.0426638416718832,1.0
59,0,10,0.0,-12.977072193741618,11,0.0,10,1.0,0.1,5.025,54.423,0.09233228598202967,1.0
59,1,10,0.0,-26.214690466292534,200,0.0,0,0.0,15.050000000000002,2111.4709999999945,57.732,36.573667983094204,1.0
59,2,10,0.0,-22.8052180465291,200,0.0,0,0.0,10.000000000000007,1459.9999999999948,31.851,45.838435213964864,1.0
59,3,10,0.0,-28.12225228975857,200,0.0,0,0.0,20.000000000000014,1822.743000000009,48.04,37.942194004996026,1.0
59,4,10,0.0,-13.126708093083092,11,0.0,10,1.0,0.1,4.243,43.531,0.09747076795846639,1.0
59,5,10,0.0,-25.253278449657515,200,0.0,0,0.0,15.000000000000002,1354.5999999999983,27.452,49.344310068483104,1.0
59,6,10,0.0,-13.125503885938963,15,0.0,10,1.0,0.39999999999999997,35.783,54.42700000000001,0.6574494276737648,1.0
59,7,10,1.0,10.391574582475405,4,1.0,0,0.0,0.45,34.967999999999996,34.967999999999996,1.0,1.0
59,8,10,0.0,-13.105202921392586,15,0.0,10,1.0,0.35,29.305999999999997,35.531,0.8248008781064422,1.0
59,9,10,0.0,-28.2224684034535,200,0.0,0,0.0,19.90000000000003,816.7720000000033,52.933,15.43029867946278,1.0
60,0,10,0.0,-23.01880909106068,200,0.0,0,0.0,10.000000000000007,1287.0490000000013,59.971000000000004,21.461189574961253,1.0
60,1,10,0.0,-12.98312756425371,10,0.0,10,1.0,0.0,0.0,21.205,0.0,1.0
60,2,10,0.0,-25.563091053407444,200,0.0,0,0.0,15.000000000000002,1041.0929999999976,44.095,23.61022791699734,1.0
60,3,10,0.0,-12.900908006186937,10,0.0,10,1.0,0.0,0.0,67.885,0.0,1.0
60,4,10,1.0,10.242433586132178,5,0.9330772341285889,0,0.0,0.55,24.73,23.075000000000003,1.0717226435536293,1.0
60,5,10,1.0,10.875,1,1.0,0,0.0,0.05,7.196,7.196,1.0,1.0
60,6,10,1.0,10.587179422564619,3,1.0,0,0.0,0.25,13.889,13.889,1.0,1.0
60,7,10,0.0,-25.434712807706134,200,0.0,0,0.0,15.000000000000004,1168.7989999999995,39.242000000000004,29.78438917486365,1.0
60,8,10,0.0,-25.466514621123657,200,0.0,0,0.0,15.000000000000002,1600.1529999999993,56.56199999999999,28.29024786959442,1.0
60,9,10,0.0,-27.857803118454708,200,0.0,0,0.0,19.900000000000013,1673.7500000000014,30.079,55.645134479204806,1.0
61,0,10,0.0,-27.76445842630864,200,0.0,0,0.0,20.000000000000014,2681.9999999999986,27.337,98.10879028423011,1.0
61,1,10,0.0,-32.99384455078736,200,0.0,0,0.0,30.000000000000004,1082.799999999998,51.82399999999999,20.89379438098175,1.0
61,2,10,0.0,-25.56088111578479,200,0.0,0,0.0,15.000000000000004,1026.6720000000025,36.136,28.411334956829823,1.0
61,3,10,0.0,-22.77264866859357,200,0.0,0,0.0,10.000000000000007,1252.7999999999977,32.522000000000006,38.52161613676888,1.0
61,4,10,1.0,9.765382090282591,9,0.5652414428950098,0,0.0,0.7500000000000001,43.385,24.523,1.7691554866859682,1.0
61,5,10,0.0,-23.114848143981973,200,0.0,0,0.0,10.000000000000007,571.0000000000016,17.78,32.11473565804283,1.0
61,6,10,0.0,-25.414209422086625,200,0.0,0,0.0,15.000000000000004,1029.2850000000024,26.215,39.263208086973194,1.0
61,7,10,0.0,-25.32312497689722,200,0.0,0,0.0,15.000000000000002,956.9999999999983,27.053,35.37500462055958,1.0
61,8,10,1.0,9.879751797477073,8,0.8613119738940186,0,0.0,0.7000000000000001,53.934000000000005,46.454,1.1610195031644208,1.0
61,9,10,0.0,-30.51482981255577,200,0.0,0,0.0,24.700000000000003,700.2689999999969,33.61,20.835138351680957,1.0
62,0,10,0.0,-25.879071671273426,200,0.0,0,0.0,15.100000000000003,952.6109999999986,56.80100000000001,16.771025158007756,1.0
62,1,10,0.0,-25.67950277811575,200,0.0,0,0.0,15.000000000000004,935.945000000003,24.657,37.95859188060198,1.0
62,2,10,0.0,-23.31269002451934,200,0.0,0,0.0,10.050000000000008,902.5189999999992,15.497999999999998,58.23454639308294,1.0
62,3,10,1.0,9.945134269867443,7,0.8914363164324985,0,0.0,0.75,52.384,46.697,1.1217851253827869,1.0
62,4,10,1.0,10.214817558602387,6,0.3049532993896888,0,0.0,0.44999999999999996,29.657,9.044,3.279190623617868,1.0
62,5,10,1.0,10.730112600738117,2,1.0,0,0.0,0.15000000000000002,13.277000000000001,13.277000000000001,1.0,1.0
62,6,10,0.0,-23.677199863667376,200,0.0,0,0.0,10.250000000000012,1115.2550000000033,36.675,30.40913428766199,1.0
62,7,10,1.0,9.06194190563696,14,0.5595674056969675,0,0.0,1.2000000000000002,110.86600000000001,62.037000000000006,1.7870947982655512,1.0
62,8,10,1.0,10.4633923087376,4,1.0,0,0.0,0.3,36.795,36.795,1.0,1.0
62,9,10,0.0,-25.206601716185077,200,0.0,0,0.0,13.400000000000013,1297.069999999998,58.968,21.996167412834044,1.0
63,0,10,0.0,-25.45552508676465,200,0.0,0,0.0,15.000000000000002,1039.5999999999976,46.678000000000004,22.27173400745528,1.0
63,1,10,0.0,-25.647792325056514,200,0.0,0,0.0,15.000000000000004,1013.9299999999962,55.375,18.310248306997675,1.0
63,2,10,1.0,9.74460740148198,9,0.6483948460362523,0,0.0,0.8000000000000002,73.26400000000001,47.504,1.5422701246210848,1.0
63,3,10,0.0,-13.540185162477005,12,0.0,10,1.0,0.15000000000000002,14.215,32.620000000000005,0.4357755977927651,1.0
63,4,10,0.0,-25.478562382232116,200,0.0,0,0.0,15.000000000000004,1598.8569999999993,32.373000000000005,49.388595434466964,1.0
63,5,10,0.0,-25.506146870981024,200,0.0,0,0.0,15.000000000000004,1026.8000000000025,45.877,22.38158554395454,1.0
63,6,10,1.0,10.875,1,1.0,0,0.0,0.05,7.655,7.655,1.0,1.0
63,7,10,0.0,-12.870140020152826,12,0.0,10,1.0,0.15000000000000002,15.449,47.636,0.3243135443782013,1.0
63,8,10,1.0,10.8,1,1.0,0,0.0,0.2,6.938,6.938,1.0,1.0
63,9,10,0.0,-25.979575060896277,200,0.0,0,0.0,15.000000000000002,1337.424999999999,59.938,22.313473923053806,1.0
64,0,10,0.0,-12.9,10,0.0,10,1.0,0.0,0.0,54.521,0.0,1.0
64,1,10,0.0,-12.9,10,0.0,10,1.0,0.0,0.0,19.679,0.0,1.0
64,2,10,0.0,-25.497412976693727,200,0.0,0,0.0,15.000000000000004,1340.6830000000016,43.293000000000006,30.96766220867118,1.0
64,3,10,0.0,-25.62436483197402,200,0.0,0,0.0,15.000000000000004,1172.0129999999995,46.838,25.02269524744864,1.0
64,4,10,0.0,-13.196128065395097,13,0.0,10,1.0,0.2,18.884,29.360000000000003,0.6431880108991825,1.0
64,5,10,0.0,-25.400813292183447,200,0.0,0,0.0,15.000000000000002,1352.5389999999952,51.519,26.253207554494367,1.0
64,6,10,0.0,-14.224777044731425,23,0.0,10,1.0,0.9000000000000001,62.867999999999974,42.744,1.4708029197080286,1.0
64,7,10,0.0,-13.02212402122246,13,0.0,10,1.0,0.2,17.05,50.701,0.3362852803692235,1.0
64,8,10,0.0,-25.549707545519944,200,0.0,0,0.0,15.000000000000002,1605.7999999999995,51.461,31.20421289908862,1.0
64,9,10,0.0,-27.98381089085523,200,0.0,0,0.0,20.000000000000014,2250.601000000008,55.03699999999999,40.89250867598176,1.0
65,0,10,0.0,-28.008274353279184,200,0.0,0,0.0,20.000000000000014,1683.3420000000012,59.879,28.11239332654188,1.0
65,1,10,0.0,-22.999060622826367,200,0.0,0,0.0,10.000000000000007,682.0000000000001,75.91199999999999,8.984086837390665,1.0
65,2,10,0.0,-28.280054743211256,200,0.0,0,0.0,20.000000000000014,3800.6420000000144,13.883,273.76229921486816,1.0
65,3,10,0.0,-25.701696924324594,200,0.0,0,0.0,15.000000000000004,1028.1320000000026,32.058,32.070996319171584,1.0
65,4,10,0.0,-31.218442017474267,200,0.0,0,0.0,24.9,692.0879999999974,25.18,27.48562351072269,1.0
65,5,10,0.0,-27.72242527754058,200,0.0,0,0.0,20.000000000000014,1825.8150000000091,29.275,62.3677198975238,1.0
65,6,10,0.0,-23.383153013910377,200,0.0,0,0.0,10.000000000000007,1569.799999999998,19.409999999999997,80.87583719732088,1.0
65,7,10,0.0,-27.909485866059626,200,0.0,0,0.0,20.000000000000014,636.9940000000023,52.709999999999994,12.08487952950109,1.0
65,8,10,0.0,-23.27399847621809,200,0.0,0,0.0,10.250000000000012,1629.204999999998,55.126,29.55420309835646,1.0
65,9,10,0.0,-25.34217911937135,200,0.0,0,0.0,15.000000000000004,1353.4699999999984,32.068,42.20624922040659,1.0
66,0,10,0.0,-12.9,10,0.0,10,1.0,0.0,0.0,52.123999999999995,0.0,1.0
66,1,10,1.0,9.65523269730157,10,0.6997819354023135,0,0.0,0.8,63.284,44.285000000000004,1.4290165970418875,1.0
66,2,10,0.0,-23.39531911857052,200,0.0,0,0.0,10.050000000000008,731.5520000000027,17.517,41.76240223782627,1.0
66,3,10,0.0,-26.14769788447826,200,0.0,0,0.0,15.050000000000002,945.3399999999986,21.035000000000004,44.94128832897544,1.0
66,4,10,0.0,-12.988813444044549,10,0.0,10,1.0,0.0,0.0,35.287,0.0,1.0
66,5,10,0.0,-28.000295586427967,200,0.0,0,0.0,20.000000000000014,1346.189000000001,64.279,20.942905147871016,1.0
66,6,10,1.0,10.241429132092398,6,0.5378445208371027,0,0.0,0.4,33.162,17.836,1.859273379681543,1.0
66,7,10,0.0,-28.428714249006866,200,0.0,0,0.0,19.70000000000003,726.3120000000005,50.592999999999996,14.355978099737127,1.0
66,8,10,0.0,-26.049616264979065,200,0.0,0,0.0,15.000000000000002,816.3999999999988,7.427,109.92325299582589,1.0
66,9,10,0.0,-30.472069917203182,200,0.0,0,0.0,25.0,303.5999999999992,54.35,5.5860165593376125,1.0
67,0,10,0.0,-25.74486875134467,200,0.0,0,0.0,15.000000000000004,934.6119999999987,27.886,33.51545578426446,1.0
67,1,10,0.0,-25.433763326854045,200,0.0,0,0.0,15.000000000000004,1029.2850000000024,33.95399999999999,30.31410143134837,1.0
67,2,10,0.0,-25.726348829102836,200,0.0,0,0.0,15.050000000000002,2111.4709999999945,63.114000000000004,33.454875305003554,1.0
67,3,10,0.0,-25.546294505494576,200,0.0,0,0.0,15.000000000000004,964.0000000000041,56.87499999999999,16.949450549450624,1.0
67,4,10,0.0,-25.694129090328474,200,0.0,0,0.0,15.000000000000004,617.2570000000028,34.440999999999995,17.922156731802296,1.0
67,5,10,0.0,-23.696329113923973,200,0.0,0,0.0,10.050000000000008,1023.9479999999965,26.701999999999998,38.34723990712293,1.0
67,6,10,0.0,-25.488855023986574,200,0.0,0,0.0,15.000000000000004,2696.665999999992,45.44200000000001,59.34303067646652,1.0
67,7,10,0.0,-25.810246707407778,200,0.0,0,0.0,15.050000000000002,2107.4349999999945,68.563,30.737205198138856,1.0
67,8,10,1.0,10.237370141038872,5,0.9714285714285713,0,0.0,0.55,41.894999999999996,40.69799999999999,1.0294117647058825,1.0
67,9,10,0.0,-28.074025494865932,200,0.0,0,0.0,20.000000000000014,2247.215000000008,51.226,43.868640924530666,1.0
68,0,10,0.0,-25.40335783930349,200,0.0,0,0.0,15.000000000000004,963.7060000000041,38.358,25.123989780489186,1.0
68,1,10,1.0,10.58414624994482,3,0.9552584970903264,0,0.0,0.25,23.714,22.653,1.046837063523595,1.0
68,2,10,0.0,-22.765191672505228,200,0.0,0,0.0,10.100000000000009,3135.959000000009,29.973,104.62613018383242,1.0
68,3,10,1.0,10.313987683905482,5,1.0,0,0.0,0.4,35.888,35.888,1.0,1.0
68,4,10,0.0,-25.4226863145318,200,0.0,0,0.0,15.000000000000004,1998.0129999999958,40.174,49.73398217752765,1.0
68,5,10,0.0,-25.497836211915374,200,0.0,0,0.0,15.000000000000004,1603.4999999999993,41.224,38.89724432369492,1.0
68,6,10,1.0,10.273269508477295,5,0.8646411394746578,0,0.0,0.5,21.624000000000002,18.697000000000003,1.1565491790126758,1.0
68,7,10,0.0,-25.560701915954308,200,0.0,0,0.0,15.000000000000002,958.5569999999982,49.949,19.19071452881936,1.0
68,8,10,1.0,10.516840576048509,4,0.7963782696177063,0,0.0,0.2,19.88,15.832,1.2556846892369882,1.0
68,9,10,0.0,-25.502893159743728,200,0.0,0,0.0,15.000000000000004,1217.8150000000026,43.550999999999995,27.962962962963026,1.0
69,0,10,1.0,10.85,1,1.0,0,0.0,0.1,1.745,1.745,1.0,1.0
69,1,10,0.0,-32.00595915841581,200,0.0,9,0.0,9.55,910.8999999999993,37.168,24.507640981489434,1.0
69,2,10,0.0,-13.382361761723086,12,0.0,10,1.0,0.15000000000000002,9.126000000000001,20.707,0.44072052928961225,1.0
69,3,10,0.0,-13.154972379617782,12,0.0,10,1.0,0.15000000000000002,7.346,49.239,0.14919068218282258,1.0
69,4,10,0.0,-13.11799784519746,12,0.0,10,1.0,0.25,5.327,52.441,0.10158082416429892,1.0
69,5,10,0.0,-13.060241989350942,13,0.0,10,1.0,0.2,25.154000000000003,52.399,0.48004732914750287,1.0
69,6,10,0.0,-13.199251184173864,12,0.0,10,1.0,0.15000000000000002,10.253,28.712,0.3570980774589022,1.0
69,7,10,1.0,10.585715347761441,3,0.6107971745711402,0,0.0,0.25,29.73,18.159,1.6372046918883199,1.0
69,8,10,0.0,-26.235948461091738,200,0.0,0,0.0,15.050000000000002,828.0719999999984,68.88,12.021951219512173,1.0
69,9,10,0.0,-13.187737073341824,13,0.0,10,1.0,0.25,32.135999999999996,54.17100000000001,0.5932325413966881,1.0
70,0,10,0.0,-25.398644037622777,200,0.0,0,0.0,15.000000000000004,1026.6720000000025,33.702999999999996,30.462332730024112,1.0
70,1,10,0.0,-28.654480502822018,200,0.0,0,0.0,19.950000000000017,3796.592000000014,38.98,97.39846074910247,1.0
70,2,10,0.0,-33.1675865647703,200,0.0,0,0.0,30.000000000000004,1421.0000000000027,42.396,33.517312954052336,1.0
70,3,10,1.0,10.621139111434815,3,0.4380423685553854,0,0.0,0.2,15.672,6.865,2.282884195193008,1.0
70,4,10,0.0,-22.88609547235125,200,0.0,0,0.0,10.000000000000007,271.4000000000002,21.954,12.362211897604091,1.0
70,5,10,0.0,-23.57468327477916,200,0.0,0,0.0,10.000000000000007,1663.258999999998,9.393,177.07431065687192,1.0
70,6,10,1.0,10.610579823873048,3,1.0,0,0.0,0.2,22.938000000000002,22.938000000000002,1.0,1.0
70,7,10,1.0,10.223334069927324,6,0.9614503906895493,0,0.0,0.39999999999999997,42.361000000000004,40.728,1.0400952661559615,1.0
70,8,10,0.0,-25.326663261396973,200,0.0,0,0.0,15.000000000000004,1281.779000000002,39.155,32.736023496360666,1.0
70,9,10,0.0,-25.969011569498054,200,0.0,0,0.0,15.000000000000002,413.35200000000106,30.857,13.395728683929127,1.0
71,0,10,0.0,-25.52538450324374,200,0.0,0,0.0,15.000000000000004,1353.7869999999984,54.876000000000005,24.669928566221998,1.0
71,1,10,1.0,10.620973918287351,3,0.3664438428816088,0,0.0,0.2,18.101,6.633000000000001,2.72893110206543,1.0
71,2,10,0.0,-13.223901718712176,12,0.0,10,1.0,0.2,10.142,20.655,0.4910191236988622,1.0
71,3,10,1.0,10.875,1,1.0,0,0.0,0.05,7.849,7.849,1.0,1.0
71,4,10,0.0,-28.22128564676235,200,0.0,0,0.0,20.00000000000003,1251.1590000000026,25.388,49.28151095005524,1.0
71,5,10,0.0,-25.63604841760181,200,0.0,0,0.0,15.000000000000002,1417.8809999999935,7.931,178.77707729163959,1.0
71,6,10,0.0,-25.38303371801306,200,0.0,0,0.0,15.050000000000002,2103.7559999999944,49.825,42.222900150526726,1.0
71,7,10,0.0,-12.795842565840074,12,0.0,10,1.0,0.2,26.168,48.10900000000001,0.5439314889105987,1.0
71,8,10,1.0,10.60851154630376,3,1.0,0,0.0,0.2,21.089000000000002,21.089000000000002,1.0,1.0
71,9,10,0.0,-25.474120481927766,200,0.0,0,0.0,15.000000000000004,962.617000000004,20.75,46.39118072289176,1.0
72,0,10,0.0,-12.899999999999999,10,0.0,10,1.0,0.0,0.0,49.66499999999999,0.0,1.0
72,1,10,0.0,-32.26672963427672,200,0.0,0,0.0,29.850000000000005,1420.0510000000027,21.519000000000002,65.99056647613749,1.0
72,2,10,0.0,-12.899999999999999,10,0.0,10,1.0,0.0,0.0,24.716,0.0,1.0
72,3,10,0.0,-25.616500746640046,200,0.0,0,0.0,15.000000000000004,936.200000000003,40.18,23.300149328023966,1.0
72,4,10,0.0,-28.050507770426275,200,0.0,0,0.0,20.000000000000014,1682.5840000000012,51.992000000000004,32.362363440529336,1.0
72,5,10,0.0,-24.683709364211744,200,0.0,0,0.0,15.000000000000002,2094.533999999994,27.808000000000003,75.3212744533945,1.0
72,6,10,0.0,-12.9,10,0.0,10,1.0,0.0,0.0,40.093999999999994,0.0,1.0
72,7,10,1.0,10.201438154750965,6,0.7523766723130639,0,0.0,0.44999999999999996,28.927,21.764,1.329121485021136,1.0
72,8,10,0.0,-25.828345373744195,200,0.0,0,0.0,15.000000000000002,2090.9169999999945,47.479,44.03877503738483,1.0
72,9,10,0.0,-25.469073892333085,200,0.0,0,0.0,15.000000000000002,2697.824999999992,41.777,64.57680063192647,1.0
73,0,10,1.0,10.739955595026641,2,0.33586875466070093,0,0.0,0.15000000000000002,13.41,4.504,2.977353463587922,1.0
73,1,10,0.0,-23.10058354285012,200,0.0,0,0.0,10.000000000000007,809.0480000000017,64.43400000000001,12.556228078343755,1.0
73,2,10,1.0,10.753927335640139,2,1.0,0,0.0,0.1,8.091999999999999,8.091999999999999,1.0,1.0
73,3,10,0.0,-25.535161086839622,200,0.0,0,0.0,15.000000000000004,1025.7090000000026,42.803000000000004,23.963483867953236,1.0
73,4,10,1.0,10.15849982241165,6,0.7304449344921521,0,0.0,0.55,30.836,22.524,1.3690285917243827,1.0
73,5,10,0.0,-25.638954195378904,200,0.0,0,0.0,15.000000000000004,1342.1010000000015,24.67,54.40214835833001,1.0
73,6,10,0.0,-27.77810426540284,200,0.0,0,0.0,20.000000000000014,1686.0630000000012,21.1,79.90819905213276,1.0
73,7,10,0.0,-28.011439870065608,200,0.0,0,0.0,20.000000000000014,910.020000000002,28.322,32.13120542334588,1.0
73,8,10,0.0,-26.44100609486806,200,0.0,0,0.0,15.150000000000002,1214.3650000000036,67.92600000000002,17.877764037334796,1.0
73,9,10,0.0,-28.14477809254022,200,0.0,0,0.0,20.000000000000014,2672.4479999999985,26.474999999999998,100.9423229461756,1.0
74,0,10,0.0,-33.41295269005616,200,0.0,0,0.0,29.850000000000005,1424.3130000000028,25.111,56.720680180000905,1.0
74,1,10,1.0,10.074497795115333,7,0.876441907480081,0,0.0,0.49999999999999994,67.27199999999999,58.96,1.1409769335142468,1.0
74,2,10,0.0,-24.90240484553091,200,0.0,0,0.0,15.000000000000002,960.6859999999982,27.902,34.43072181205642,1.0
74,3,10,1.0,10.641241838272224,3,0.5913715007054282,0,0.0,0.15000000000000002,13.466999999999999,7.964,1.6909844299347059,1.0
74,4,10,0.0,-22.823503658765393,200,0.0,0,0.0,10.000000000000007,661.0030000000016,31.977999999999998,20.670554756395074,1.0
74,5,10,0.0,-13.460695967045378,17,0.0,10,1.0,0.6000000000000001,56.318000000000005,30.102,1.8709055876685936,1.0
74,6,10,0.0,-13.275496000686209,17,0.0,10,1.0,0.55,36.605000000000004,46.63300000000001,0.7849591491004224,1.0
74,7,10,1.0,10.85,1,1.0,0,0.0,0.1,3.868,3.868,1.0,1.0
74,8,10,1.0,10.754042827053592,2,1.0,0,0.0,0.1,8.546,8.546,1.0,1.0
74,9,10,1.0,10.21429896189391,5,0.7357831493642588,0,0.0,0.6000000000000001,42.942,31.596,1.3590960881124192,1.0
75,0,10,0.0,-28.17303292752676,200,0.0,0,0.0,20.000000000000014,1825.3410000000092,48.956,37.285337854400055,1.0
75,1,10,1.0,10.121503437235145,6,0.7095416276894294,0,0.0,0.6000000000000001,29.932,21.238,1.4093605800922875,1.0
75,2,10,0.0,-25.367762410266348,200,0.0,0,0.0,15.000000000000004,1449.3120000000026,36.07899999999999,40.17051470384442,1.0
75,3,10,0.0,-12.899999999999999,10,0.0,10,1.0,0.0,0.0,67.314,0.0,1.0
75,4,10,0.0,-24.88214125177116,200,0.0,0,0.0,13.350000000000012,1147.051999999998,20.467,56.043973225191685,1.0
75,5,10,0.0,-25.289253288446186,200,0.0,0,0.0,15.050000000000002,2107.0759999999946,28.813,73.12935133446689,1.0
75,6,10,0.0,-12.915638252148995,10,0.0,10,1.0,0.0,0.0,69.80000000000001,0.0,1.0
75,7,10,0.0,-26.61640022821273,200,0.0,0,0.0,16.649999999999995,1161.2450000000008,70.11,16.56318642133791,1.0
75,8,10,0.0,-25.724334922748245,200,0.0,0,0.0,15.150000000000002,957.0209999999985,32.297,29.631885314425443,1.0
75,9,10,0.0,-25.409989670945823,200,0.0,0,0.0,15.000000000000004,1353.7869999999984,47.439,28.537427011530564,1.0
76,0,10,0.0,-13.790208597157733,16,0.0,10,1.0,0.39999999999999997,24.442999999999998,28.428,0.8598213029407625,1.0
76,1,10,0.0,-25.944845980136368,200,0.0,0,0.0,15.000000000000002,2032.0559999999937,45.611000000000004,44.5518844138474,1.0
76,2,10,0.0,-25.636792091088143,200,0.0,0,0.0,15.000000000000002,2080.6620000000003,76.67299999999999,27.13682782726645,1.0
76,3,10,0.0,-13.72484672474992,16,0.0,10,1.0,0.6,50.652,9.297,5.448209099709583,1.0
76,4,10,0.0,-12.899999999999999,10,0.0,10,1.0,0.0,0.0,9.177,0.0,1.0
76,5,10,0.0,-12.9,10,0.0,10,1.0,0.0,0.0,55.885,0.0,1.0
76,6,10,1.0,10.613717985067574,3,0.9919377519452517,0,0.0,0.2,21.334,21.162,1.0081277762026273,1.0
76,7,10,0.0,-25.230645374241544,200,0.0,0,0.0,14.000000000000009,1108.132,31.811,34.834868441733995,1.0
76,8,10,0.0,-12.97173886642788,11,0.0,10,1.0,0.05,3.453,65.051,0.05308142841770303,1.0
76,9,10,0.0,-12.718381078478576,11,0.0,10,1.0,0.2,6.938,16.616,0.4175493500240732,1.0
77,0,10,0.0,-25.668505609159308,200,0.0,0,0.0,15.000000000000002,1355.1269999999984,43.322,31.280342551128715,1.0
77,1,10,0.0,-13.047486301150384,11,0.0,10,1.0,0.1,9.13,62.414,0.14628128304547058,1.0
77,2,10,0.0,-12.850848763109038,11,0.0,10,1.0,0.1,8.471,39.858,0.21252947965276733,1.0
77,3,10,0.0,-28.83860094329952,200,0.0,0,0.0,19.950000000000024,957.3690000000003,29.259,32.720496257561784,1.0
77,4,10,0.0,-27.105716528270907,200,0.0,0,0.0,16.749999999999996,1311.9620000000002,68.162,19.247703999295798,1.0
77,5,10,0.0,-25.519192984105974,200,0.0,0,0.0,14.950000000000003,788.3110000000034,53.165,14.827630960218254,1.0
77,6,10,0.0,-22.940902925789597,200,0.0,0,0.0,10.000000000000007,899.9529999999986,15.483,58.125234127752925,1.0
77,7,10,0.0,-28.13675318753548,200,0.0,0,0.0,19.850000000000016,3749.185000000014,58.117000000000004,64.5109864583515,1.0
77,8,10,0.0,-25.515621877418933,200,0.0,0,0.0,15.000000000000004,2096.428999999994,56.843999999999994,36.88039194989787,1.0
77,9,10,1.0,10.619634228640841,3,0.42950724637681165,0,0.0,0.2,17.25,7.409000000000001,2.3282494263733295,1.0
78,0,10,1.0,10.183242608455375,6,0.3199681711683834,0,0.0,0.55,45.242,14.475999999999999,3.1253108593534127,1.0
78,1,10,0.0,-26.013338920988243,200,0.0,0,0.0,15.150000000000004,935.4389999999987,42.057,22.24217133889718,1.0
78,2,10,0.0,-23.131791396248445,200,0.0,0,0.0,10.250000000000012,942.5300000000001,61.787,15.254503374496254,1.0
78,3,10,0.0,-25.469122968414638,200,0.0,0,0.0,15.000000000000004,806.3020000000012,39.132000000000005,20.604671368700835,1.0
78,4,10,0.0,-27.916779972806555,200,0.0,0,0.0,20.000000000000014,2673.619999999999,25.006,106.91913940654239,1.0
78,5,10,0.0,-28.50263974385461,200,0.0,0,0.0,20.150000000000023,1109.5949999999996,24.205,45.841561660813866,1.0
78,6,10,0.0,-13.288501391678118,15,0.0,10,1.0,0.3,32.004,56.766000000000005,0.5637881830673289,1.0
78,7,10,0.0,-25.17444068793174,200,0.0,0,0.0,15.000000000000004,1109.7339999999979,13.606,81.56210495369675,1.0
78,8,10,0.0,-13.561860934673788,15,0.0,10,1.0,0.25,24.03,47.54600000000001,0.5054052917174946,1.0
78,9,10,0.0,-25.362624056222955,200,0.0,0,0.0,15.000000000000004,937.3050000000029,42.118,22.25426183579474,1.0
79,0,10,0.0,-28.16885019122787,200,0.0,0,0.0,20.000000000000014,1161.7889999999966,61.445,18.907787452192963,1.0
79,1,10,0.0,-22.997380386580126,200,0.0,0,0.0,10.000000000000007,1481.765999999996,53.44299999999999,27.7261007054244,1.0
79,2,10,0.0,-23.749354681602323,200,0.0,0,0.0,12.000000000000016,1103.2639999999994,24.639000000000003,44.77714192946139,1.0
79,3,10,0.0,-30.67480609043702,200,0.0,0,0.0,24.900000000000002,1120.6170000000034,36.976000000000006,30.306604283859887,1.0
79,4,10,0.0,-25.666996086105563,200,0.0,0,0.0,14.950000000000003,969.0349999999975,12.774999999999999,75.85401174168278,1.0
79,5,10,0.0,-25.68718118957785,200,0.0,0,0.0,15.000000000000002,2181.4549999999995,61.75300000000001,35.325490259582516,1.0
79,6,10,0.0,-28.65163089593215,200,0.0,0,0.0,20.05000000000002,1683.2819999999965,40.07,42.00853506363855,1.0
79,7,10,0.0,-22.977084898379214,200,0.0,0,0.0,10.050000000000008,510.129999999998,38.87,13.124003087213739,1.0
79,8,10,0.0,-28.100204899777363,200,0.0,0,0.0,20.00000000000003,707.0989999999974,56.12500000000001,12.598645879732691,1.0
79,9,10,0.0,-22.98869541182974,200,0.0,0,0.0,10.000000000000007,1047.4720000000057,36.17999999999999,28.951686014372743,1.0
80,0,10,1.0,10.069623766871674,7,0.6184459080002043,0,0.0,0.55,39.174,24.227000000000004,1.6169562884385187,1.0
80,1,10,0.0,-23.568610233733434,200,0.0,0,0.0,10.100000000000009,1240.1269999999938,17.413,71.21845747430045,1.0
80,2,10,0.0,-13.130769230769232,11,0.0,10,1.0,0.1,4.681,11.57,0.404580812445981,1.0
80,3,10,0.0,-13.114586756547991,11,0.0,10,1.0,0.05,3.187,28.482,0.11189523207639912,1.0
80,4,10,0.0,-25.427515156480524,200,0.0,0,0.0,15.000000000000004,1025.2050000000024,48.824000000000005,20.997972308700685,1.0
80,5,10,0.0,-25.458338938680495,200,0.0,0,0.0,15.000000000000004,1023.6420000000026,55.007000000000005,18.609304270365634,1.0
80,6,10,0.0,-25.600204717021374,200,0.0,0,0.0,15.000000000000002,1728.2380000000014,46.89399999999999,36.85413912227581,1.0
80,7,10,0.0,-25.630600020339678,200,0.0,0,0.0,15.050000000000002,2089.0989999999942,39.332,53.114486931760254,1.0
80,8,10,1.0,10.484958915753683,3,1.0,0,0.0,0.45,21.176,21.176,1.0,1.0
80,9,10,0.0,-25.3384002895404,200,0.0,0,0.0,15.000000000000002,1108.8179999999977,22.104,50.163680781758856,1.0
81,0,10,1.0,10.327888837607963,5,0.6215983606557377,0,0.0,0.39999999999999997,24.4,15.166999999999998,1.6087558515197469,1.0
81,1,10,0.0,-25.55186896262067,200,0.0,0,0.0,15.000000000000004,1023.6420000000026,38.096,26.870065098698095,1.0
81,2,10,0.0,-13.26805257819104,14,0.0,10,1.0,0.3,41.327,59.14999999999999,0.6986813186813188,1.0
81,3,10,0.0,-25.418853726960496,200,0.0,0,0.0,15.000000000000004,1027.6210000000024,38.141,26.9426863480245,1.0
81,4,10,0.0,-13.231393272824345,14,0.0,10,1.0,0.3,23.35,46.825,0.4986652429257875,1.0
81,5,10,1.0,10.369460718787,5,1.0,0,0.0,0.3,26.182999999999996,26.182999999999996,1.0,1.0
81,6,10,0.0,-26.877058736586946,200,0.0,0,0.0,17.5,1325.5929999999973,67.658,19.59255372609296,1.0
81,7,10,0.0,-25.481420056467627,200,0.0,0,0.0,15.000000000000004,783.2420000000033,19.125999999999998,40.951688800585764,1.0
81,8,10,1.0,10.519042675893886,4,0.6085278118968239,0,0.0,0.2,17.097,10.404,1.6433102652825837,1.0
81,9,10,0.0,-13.027700285917144,14,0.0,10,1.0,0.45,48.61,52.113,0.9327806881200468,1.0
82,0,10,0.0,-25.757366651128745,200,0.0,0,0.0,15.050000000000002,943.9729999999987,45.05100000000001,20.9534305564804,1.0
82,1,10,0.0,-13.524973935342837,12,0.0,10,1.0,0.15000000000000002,11.756,23.787,0.4942195316769664,1.0
82,2,10,0.0,-25.486203720390023,200,0.0,0,0.0,15.000000000000004,1025.6950000000024,49.940999999999995,20.538134999299224,1.0
82,3,10,0.0,-27.833287015060638,200,0.0,0,0.0,19.950000000000017,1682.5110000000013,46.346,36.30326241746864,1.0
82,4,10,0.0,-25.356333429367208,200,0.0,0,0.0,15.000000000000004,1109.7339999999979,31.238999999999997,35.523992445340696,1.0
82,5,10,1.0,10.1307746756662,7,0.852185930117467,0,0.0,0.39999999999999997,53.547,45.632000000000005,1.1734528401122017,1.0
82,6,10,1.0,10.728543256997455,2,1.0,0,0.0,0.15000000000000002,11.004000000000001,11.004000000000001,1.0,1.0
82,7,10,1.0,10.634783451649467,3,0.6644601236721104,0,0.0,0.15000000000000002,25.228,16.763,1.5049812086142098,1.0
82,8,10,0.0,-24.673813769626104,200,0.0,0,0.0,13.350000000000012,648.5330000000008,62.863,10.316609134148877,1.0
82,9,10,0.0,-12.94578146176986,12,0.0,10,1.0,0.15000000000000002,14.265,60.501999999999995,0.2357773296750521,1.0
83,0,10,0.0,-25.58167665465584,200,0.0,0,0.0,15.000000000000002,1598.9189999999994,52.73,30.322757443580496,1.0
83,1,10,0.0,-30.482417372780432,200,0.0,0,0.0,25.0,1594.9999999999955,62.903000000000006,25.35650127974811,1.0
83,2,10,1.0,10.09030093366599,7,0.6321069146601199,0,0.0,0.5000000000000001,61.507,38.879,1.5820108541886366,1.0
83,3,10,0.0,-30.388477200029634,200,0.0,0,0.0,24.85,1471.2939999999928,67.215,21.889369932306668,1.0
83,4,10,0.0,-13.036551745013167,11,0.0,10,1.0,0.1,2.135,33.037,0.06462451191088779,1.0
83,5,10,0.0,-24.879942078106048,200,0.0,0,0.0,13.400000000000013,740.4529999999982,39.53600000000001,18.728576487252074,1.0
83,6,10,0.0,-25.797891761926817,200,0.0,0,0.0,15.000000000000004,369.10599999999937,47.413999999999994,7.784747121103459,1.0
83,7,10,0.0,-12.921369274168269,11,0.0,10,1.0,0.05,4.699,44.666,0.10520306273227958,1.0
83,8,10,0.0,-24.973068656716404,200,0.0,0,0.0,13.350000000000012,1034.51,13.399999999999999,77.20223880597015,1.0
83,9,10,0.0,-22.922291142534924,200,0.0,0,0.0,10.000000000000007,716.6000000000001,46.108000000000004,15.541771493016398,1.0
84,0,10,1.0,10.031561633646628,7,0.4718739031938993,0,0.0,0.65,62.682,29.578,2.119210223814998,1.0
84,1,10,0.0,-25.523788817625086,200,0.0,0,0.0,15.000000000000004,1603.4999999999993,55.194,29.052070877269255,1.0
84,2,10,0.0,-22.857265759424426,200,0.0,0,0.0,10.000000000000007,1459.9999999999948,51.144000000000005,28.546848115125815,1.0
84,3,10,0.0,-23.236941564561768,200,0.0,0,0.0,10.050000000000008,983.1970000000001,26.524999999999995,37.06680490103677,1.0
84,4,10,0.0,-25.480185309220797,200,0.0,0,0.0,15.000000000000002,1354.5999999999983,53.748000000000005,25.202798243655543,1.0
84,5,10,1.0,10.316326314025583,5,0.8780715091470891,0,0.0,0.39999999999999997,20.389,17.903,1.1388594090375914,1.0
84,6,10,0.0,-28.036539505614257,200,0.0,0,0.0,19.850000000000016,1527.421999999996,24.313000000000002,62.82326327479109,1.0
84,7,10,0.0,-25.71221685439697,200,0.0,0,0.0,15.000000000000002,757.2619999999982,77.41600000000003,9.781724708070657,1.0
84,8,10,0.0,-30.86692827339546,200,0.0,0,0.0,25.0,2028.8289999999913,20.132,100.77632624677086,1.0
84,9,10,1.0,10.608571513849093,3,0.8964041095890412,0,0.0,0.2,18.688000000000002,16.752000000000002,1.1155682903533906,1.0
85,0,10,0.0,-22.93248701639731,200,0.0,0,0.0,10.000000000000007,1149.2039999999965,68.548,16.764953025617036,1.0
85,1,10,0.0,-13.412386609071273,18,0.0,10,1.0,0.5499999999999999,51.029,42.596000000000004,1.197976335806179,1.0
85,2,10,1.0,10.143189028420355,6,0.9951251595929894,0,0.0,0.5499999999999999,25.846999999999998,25.720999999999997,1.0048987208895455,1.0
85,3,10,0.0,-25.137230021598253,200,0.0,0,0.0,15.000000000000004,1110.799999999998,22.224,49.98200143988471,1.0
85,4,10,0.0,-22.86455369268177,200,0.0,0,0.0,10.050000000000008,961.1370000000031,59.644999999999996,16.114292899656352,1.0
85,5,10,0.0,-13.058903698366953,11,0.0,10,1.0,0.1,2.506,49.968,0.050152097342299064,1.0
85,6,10,0.0,-12.935801899158193,11,0.0,10,1.0,0.05,4.491,34.330999999999996,0.13081471556319363,1.0
85,7,10,1.0,10.374881655141396,5,0.7978737720360651,0,0.0,0.3,22.293,17.787,1.2533310844999157,1.0
85,8,10,0.0,-13.383241057188428,18,0.0,10,1.0,0.7000000000000001,76.607,61.446,1.246736972300882,1.0
85,9,10,0.0,-25.84040214287727,200,0.0,0,0.0,14.950000000000003,972.9310000000041,35.373000000000005,27.50490487094688,1.0
86,0,10,0.0,-25.76031220290123,200,0.0,0,0.0,15.000000000000002,2002.8659999999957,32.607,61.424418069739495,1.0
86,1,10,0.0,-23.04870940882604,200,0.0,0,0.0,10.000000000000007,963.8250000000031,48.04,20.062968359700314,1.0
86,2,10,1.0,10.15241743097467,7,0.9665832204129442,0,0.0,0.35,43.541,42.086,1.0345720667205247,1.0
86,3,10,0.0,-25.664990343374626,200,0.0,0,0.0,15.000000000000002,1604.7679999999993,39.869,40.25102209736887,1.0
86,4,10,0.0,-25.520223335971252,200,0.0,0,0.0,15.000000000000004,961.0779999999983,45.492000000000004,21.12630792227201,1.0
86,5,10,0.0,-33.12997203804505,200,0.0,0,0.0,29.800000000000004,1425.3020000000029,47.207,30.192598555299064,1.0
86,6,10,1.0,10.73741754385965,2,0.37658562367864695,0,0.0,0.15000000000000002,7.568,2.85,2.6554385964912277,1.0
86,7,10,0.0,-28.1560852700328,200,0.0,0,0.0,20.000000000000014,911.551000000002,30.163,30.220833471471735,1.0
86,8,10,1.0,10.417639731191608,4,0.7024216141535864,0,0.0,0.4,26.057,18.303,1.4236463967655575,1.0
86,9,10,0.0,-23.161101550832843,200,0.0,0,0.0,10.050000000000008,961.9890000000031,43.525000000000006,22.101987363584215,1.0
87,0,10,0.0,-25.573010053561763,200,0.0,0,0.0,15.000000000000004,936.8230000000029,34.913,26.833070775928825,1.0
87,1,10,0.0,-13.001684700018235,13,0.0,10,1.0,0.25,24.012999999999998,49.353,0.4865560350941178,1.0
87,2,10,0.0,-22.86843130311619,200,0.0,0,0.0,10.000000000000007,1486.2000000000048,56.480000000000004,26.31373937677062,1.0
87,3,10,0.0,-25.612938619406847,200,0.0,0,0.0,15.000000000000002,2093.7099999999946,47.849000000000004,43.756609333528274,1.0
87,4,10,1.0,10.174667324074836,6,0.9293096426025864,0,0.0,0.5000000000000001,39.284,36.507000000000005,1.0760676034733063,1.0
87,5,10,0.0,-23.007154099298933,200,0.0,0,0.0,10.000000000000007,806.6000000000017,41.934,19.234988314971186,1.0
87,6,10,0.0,-13.505649855529288,13,0.0,10,1.0,0.2,30.418999999999997,38.07,0.7990281061203046,1.0
87,7,10,0.0,-23.396408493366522,200,0.0,0,0.0,10.050000000000008,1148.6699999999964,33.014,34.793420972920465,1.0
87,8,10,0.0,-25.552192386457087,200,0.0,0,0.0,15.000000000000002,2698.407999999992,52.248999999999995,51.6451606729314,1.0
87,9,10,0.0,-27.802614703570377,200,0.0,0,0.0,20.000000000000014,2254.0680000000075,24.170999999999996,93.25505771378958,1.0
88,0,10,0.0,-24.26672498439778,200,0.0,0,0.0,12.550000000000015,769.5389999999991,48.07,16.008716455169527,1.0
88,1,10,0.0,-24.434045226130614,200,0.0,0,0.0,15.000000000000004,1357.6000000000017,6.368,213.1909547738696,1.0
88,2,10,0.0,-23.3628380103156,200,0.0,0,0.0,10.100000000000009,778.8789999999996,57.195,13.617956115045013,1.0
88,3,10,0.0,-23.189992936190222,200,0.0,0,0.0,10.000000000000007,933.5870000000001,42.47,21.982269837532378,1.0
88,4,10,0.0,-28.12187736550125,200,0.0,0,0.0,19.900000000000013,2653.6159999999986,57.86299999999999,45.86032525102395,1.0
88,5,10,0.0,-22.674366055736815,200,0.0,0,0.0,10.000000000000007,987.2000000000025,7.966,123.92668842581001,1.0
88,6,10,0.0,-13.310693261037954,14,0.0,10,1.0,0.3,24.018,36.147999999999996,0.6644351001438531,1.0
88,7,10,0.0,-14.606500838457233,14,0.0,10,1.0,0.25,10.101,3.578,2.823085522638346,1.0
88,8,10,1.0,9.880832878846903,8,0.7934103974779008,0,0.0,0.7000000000000001,32.354,25.67,1.2603817686014802,1.0
88,9,10,0.0,-23.075491026727256,200,0.0,0,0.0,10.000000000000007,966.6460000000051,25.966,37.227374258646115,1.0
89,0,10,1.0,10.042230362116992,7,0.7985230659726856,0,0.0,0.6000000000000001,44.958,35.9,1.2523119777158775,1.0
89,1,10,1.0,10.101612919982546,7,0.9482405327658904,0,0.0,0.45,50.754000000000005,48.127,1.0545847445300975,1.0
89,2,10,0.0,-22.832991730864386,200,0.0,0,0.0,10.000000000000007,1208.6630000000032,42.446999999999996,28.474638961528573,1.0
89,3,10,0.0,-28.08181401973758,200,0.0,0,0.0,20.00000000000003,809.3690000000033,49.145,16.468999898260318,1.0
89,4,10,0.0,-25.80725142962551,200,0.0,0,0.0,15.000000000000002,1178.4110000000048,37.946999999999996,31.054128126070704,1.0
89,5,10,0.0,-25.16250006908932,200,0.0,0,0.0,15.050000000000002,1995.487999999996,36.185,55.14682879646251,1.0
89,6,10,0.0,-23.524788825757597,200,0.0,0,0.0,13.350000000000012,774.5189999999997,10.559999999999999,73.34460227272724,1.0
89,7,10,0.0,-25.64427839811939,200,0.0,0,0.0,15.000000000000004,962.617000000004,23.822,40.40873982033432,1.0
89,8,10,0.0,-25.57830788608647,200,0.0,0,0.0,15.000000000000004,886.0780000000027,32.551,27.22122208227098,1.0
89,9,10,0.0,-23.602672792824485,200,0.0,0,0.0,10.050000000000008,1079.8530000000003,22.744,47.47858775940909,1.0
90,0,10,0.0,-22.78751818061624,200,0.0,0,0.0,10.000000000000007,659.5100000000016,7.563000000000001,87.20216845167282,1.0
90,1,10,0.0,-27.97260512324784,200,0.0,0,0.0,20.000000000000014,1784.814999999997,51.725,34.50584823586268,1.0
90,2,10,1.0,10.558152165369803,3,1.0,0,0.0,0.30000000000000004,12.723,12.723,1.0,1.0
90,3,10,0.0,-26.419101398439995,200,0.0,0,0.0,15.000000000000004,989.0730000000043,43.334,22.82441039368635,1.0
90,4,10,0.0,-27.609522347218107,200,0.0,0,0.0,20.000000000000014,1690.9020000000012,32.89,51.41082395865008,1.0
90,5,10,1.0,9.678864097594346,10,0.8373589444943005,0,0.0,0.7500000000000002,52.373000000000005,43.855000000000004,1.1942309884847795,1.0
90,6,10,1.0,10.320814488188976,5,0.814499371488674,0,0.0,0.39999999999999997,38.980999999999995,31.749999999999996,1.227748031496063,1.0
90,7,10,0.0,-25.70773313116007,200,0.0,0,0.0,15.000000000000004,712.4000000000018,17.147,41.54662623199404,1.0
90,8,10,0.0,-27.97776551410609,200,0.0,0,0.0,20.000000000000014,1819.376000000009,39.593,45.95196120526378,1.0
90,9,10,0.0,-25.623590374143795,200,0.0,0,0.0,15.000000000000004,1342.1910000000016,28.465000000000003,47.152327419638205,1.0
91,0,10,1.0,10.85,1,1.0,0,0.0,0.1,5.729,5.729,1.0,1.0
91,1,10,0.0,-28.348471287842376,200,0.0,0,0.0,20.00000000000002,1254.4059999999981,33.29600000000001,37.674375300336315,1.0
91,2,10,0.0,-28.819622209876137,200,0.0,0,0.0,21.750000000000018,1459.491000000001,61.198,23.848671525213256,1.0
91,3,10,0.0,-25.931007749091037,200,0.0,0,0.0,15.000000000000004,730.0799999999981,27.229000000000003,26.812589518527968,1.0
91,4,10,0.0,-25.47561154419491,200,0.0,0,0.0,15.000000000000004,1353.7869999999984,40.921,33.08294029960163,1.0
91,5,10,0.0,-25.51954285714277,200,0.0,0,0.0,15.000000000000002,959.7939999999983,35.00000000000001,27.42268571428566,1.0
91,6,10,0.0,-25.550771977321315,200,0.0,0,0.0,15.000000000000004,1085.5999999999995,50.973,21.297549683165588,1.0
91,7,10,0.0,-22.364223681423447,200,0.0,0,0.0,10.000000000000007,1663.999999999998,9.442,176.23384876085552,1.0
91,8,10,0.0,-25.549579282256694,200,0.0,0,0.0,15.000000000000002,1999.2649999999958,72.92300000000002,27.416110143576038,1.0
91,9,10,0.0,-23.435294303408778,200,0.0,0,0.0,10.000000000000007,614.9899999999988,56.99899999999999,10.789487534869012,1.0
92,0,10,0.0,-14.08584533640612,22,0.0,10,1.0,0.9000000000000001,123.62899999999999,46.863,2.6380940187354627,1.0
92,1,10,0.0,-12.85889954497725,11,0.0,10,1.0,0.05,10.022,57.14,0.1753937696884844,1.0
92,2,10,0.0,-14.427326898780063,22,0.0,10,1.0,0.9000000000000001,56.021,48.281,1.16031150970361,1.0
92,3,10,1.0,10.736483870967742,2,0.5212473249770713,0,0.0,0.15000000000000002,6.542,3.41,1.9184750733137828,1.0
92,4,10,0.0,-12.986806367163762,11,0.0,10,1.0,0.1,5.193,42.782000000000004,0.12138282455238182,1.0
92,5,10,0.0,-23.600847868472357,200,0.0,0,0.0,10.200000000000012,682.9760000000017,37.954,17.994835853928485,1.0
92,6,10,0.0,-25.477725566074756,200,0.0,0,0.0,15.000000000000002,1108.8179999999977,43.413000000000004,25.541151268053294,1.0
92,7,10,0.0,-25.641165237201808,200,0.0,0,0.0,15.000000000000002,2096.7329999999943,59.696,35.123509112838285,1.0
92,8,10,0.0,-23.464536201852802,200,0.0,0,0.0,10.150000000000011,1338.6809999999998,32.815999999999995,40.793545831301806,1.0
92,9,10,0.0,-12.753146215580069,11,0.0,10,1.0,0.05,10.375,35.263,0.2942177353032924,1.0
93,0,10,0.0,-22.94070341782018,200,0.0,0,0.0,10.050000000000008,3126.1540000000005,26.947,116.01120718447325,1.0
93,1,10,1.0,9.846227347611201,9,0.5492177191328935,0,0.0,0.6000000000000001,79.575,43.70400000000001,1.8207715540911584,1.0
93,2,10,0.0,-25.453060638347182,200,0.0,0,0.0,15.000000000000002,1601.0949999999993,64.761,24.72313583792714,1.0
93,3,10,0.0,-22.66917190489211,200,0.0,0,0.0,10.000000000000007,1452.599999999997,21.954,66.16561902159046,1.0
93,4,10,0.0,-25.569800093601643,200,0.0,0,0.0,15.000000000000004,963.363000000004,14.957,64.40883867085672,1.0
93,5,10,0.0,-25.55744742149244,200,0.0,0,0.0,15.000000000000002,1355.1269999999984,69.42,19.5207000864304,1.0
93,6,10,0.0,-25.354251815404165,200,0.0,0,0.0,15.000000000000004,734.6000000000003,25.201,29.149636919169883,1.0
93,7,10,0.0,-25.486802516902383,200,0.0,0,0.0,14.950000000000003,1336.1460000000015,50.141000000000005,26.647773279352254,1.0
93,8,10,0.0,-25.756949425432587,200,0.0,0,0.0,15.000000000000004,1169.8830000000012,63.352000000000004,18.46639411541863,1.0
93,9,10,0.0,-23.354439780347406,200,0.0,0,0.0,10.15000000000001,969.2760000000033,37.878,25.589418659908212,1.0
94,0,10,0.0,-28.21935082560502,200,0.0,0,0.0,20.000000000000014,1820.7490000000091,17.684,102.96024655055469,1.0
94,1,10,0.0,-25.180111158233053,200,0.0,0,0.0,13.300000000000013,1152.8639999999998,44.801,25.73299703131626,1.0
94,2,10,1.0,10.511600720504353,3,1.0,0,0.0,0.4,16.655,16.655,1.0,1.0
94,3,10,0.0,-12.853797729800341,13,0.0,10,1.0,0.2,26.714,56.647,0.4715871979098628,1.0
94,4,10,0.0,-12.899999999999999,10,0.0,10,1.0,0.0,0.0,18.692,0.0,1.0
94,5,10,0.0,-14.499375897129188,23,0.0,10,1.0,1.0000000000000002,128.279,33.44,3.8360944976076556,1.0
94,6,10,0.0,-15.729041514598535,23,0.0,10,1.0,0.9500000000000001,126.043,21.92,5.750136861313869,1.0
94,7,10,0.0,-12.9,10,0.0,10,1.0,0.0,0.0,32.599999999999994,0.0,1.0
94,8,10,0.0,-25.54465008509509,200,0.0,0,0.0,15.000000000000004,1108.3319999999978,48.769,22.72615801021136,1.0
94,9,10,1.0,10.206423918340128,6,0.888785046728972,0,0.0,0.44999999999999996,43.87,38.991,1.1251314405888537,1.0
95,0,10,0.0,-23.68846430863575,200,0.0,0,0.0,10.15000000000001,2372.6740000000045,56.092,42.29968622976547,1.0
95,1,10,0.0,-25.502697316773627,200,0.0,0,0.0,15.000000000000004,2093.4199999999946,49.679,42.138931943074425,1.0
95,2,10,1.0,9.839185604861683,9,0.6878578737671724,0,0.0,0.6,45.931000000000004,31.594,1.4537886940558336,1.0
95,3,10,0.0,-27.986535369774852,200,0.0,0,0.0,20.000000000000014,1682.9010000000012,69.66399999999999,24.157398369315594,1.0
95,4,10,0.0,-25.72755186406289,200,0.0,0,0.0,15.050000000000002,942.5769999999986,59.144999999999996,15.936714853326547,1.0
95,5,10,0.0,-24.857838695061083,200,0.0,0,0.0,13.300000000000013,955.4319999999964,30.898,30.922130882257633,1.0
95,6,10,1.0,10.589937258042985,3,0.6992112754935361,0,0.0,0.25,21.427,14.982,1.4301828861300228,1.0
95,7,10,0.0,-25.59968170134854,200,0.0,0,0.0,15.000000000000002,1598.9189999999994,56.802,28.148991232703064,1.0
95,8,10,0.0,-25.63255360623785,200,0.0,0,0.0,15.000000000000004,936.8230000000029,40.014,23.412380666766705,1.0
95,9,10,1.0,10.727627765064836,2,1.0,0,0.0,0.15000000000000002,18.354,18.354,1.0,1.0
96,0,10,0.0,-27.975197353450927,200,0.0,0,0.0,20.000000000000014,1821.6300000000092,57.131,31.88514116679227,1.0
96,1,10,0.0,-25.2977513109947,200,0.0,0,0.0,15.000000000000004,960.4199999999983,22.502,42.68153941871826,1.0
96,2,10,0.0,-26.332723973973998,200,0.0,0,0.0,16.599999999999994,981.8850000000001,39.96,24.571696696696698,1.0
96,3,10,0.0,-25.640762374129185,200,0.0,0,0.0,15.000000000000002,1110.799999999998,32.870999999999995,33.79270481579502,1.0
96,4,10,1.0,10.464165791655153,4,1.0,0,0.0,0.3,18.095,18.095,1.0,1.0
96,5,10,0.0,-22.97386393063132,200,0.0,0,0.0,10.050000000000008,965.9650000000031,50.974000000000004,18.95015105740187,1.0
96,6,10,0.0,-25.502955127661426,200,0.0,0,0.0,15.000000000000002,1601.0949999999993,58.94499999999999,27.162524387140547,1.0
96,7,10,0.0,-25.649192186759606,200,0.0,0,0.0,15.050000000000002,630.9649999999999,23.217,27.176853167937285,1.0
96,8,10,0.0,-25.540157329240127,200,0.0,0,0.0,15.000000000000002,736.9999999999969,52.12,14.140445126630794,1.0
96,9,10,0.0,-23.346946449220393,200,0.0,0,0.0,10.050000000000008,604.0429999999996,50.158,12.042804737030973,1.0
97,0,10,0.0,-23.463964406233565,200,0.0,0,0.0,10.050000000000008,970.7220000000032,58.971,16.46100625731297,1.0
97,1,10,0.0,-23.385516123974377,200,0.0,0,0.0,10.10000000000001,2359.4320000000052,38.266,61.658704855485425,1.0
97,2,10,0.0,-13.290201380087312,16,0.0,10,1.0,0.45000000000000007,48.580000000000005,71.01,0.6841289959160682,1.0
97,3,10,0.0,-25.727896361927794,200,0.0,0,0.0,15.000000000000002,2002.8659999999957,37.245,53.77543294401922,1.0
97,4,10,0.0,-28.24553237545489,200,0.0,0,0.0,20.00000000000003,975.1730000000025,31.876,30.592702974024423,1.0
97,5,10,0.0,-13.39952866073496,16,0.0,10,1.0,0.8,75.473,60.466,1.248189064929051,1.0
97,6,10,0.0,-33.231818315233454,200,0.0,0,0.0,29.499999999999897,914.2730000000038,40.88399999999999,22.36261129048048,1.0
97,7,10,0.0,-28.06615109454115,200,0.0,0,0.0,20.000000000000014,1682.5840000000012,39.697,42.385671461319525,1.0
97,8,10,1.0,9.944274846625767,8,0.5538095642571986,0,0.0,0.6000000000000001,58.86500000000001,32.6,1.805674846625767,1.0
97,9,10,0.0,-24.907601900475058,200,0.0,0,0.0,15.000000000000002,473.80000000000257,3.999,118.47961990497689,1.0
98,0,10,0.0,-25.55511796960114,200,0.0,0,0.0,15.000000000000004,734.0130000000003,55.989,13.10995016878316,1.0
98,1,10,0.0,-24.65361554275442,200,0.0,0,0.0,13.350000000000012,801.1770000000023,46.697,17.156926569158667,1.0
98,2,10,0.0,-26.45182246184215,200,0.0,1,0.0,14.900000000000002,1104.3909999999978,39.507,27.954311894094662,1.0
98,3,10,0.0,-25.638841559577124,200,0.0,0,0.0,15.000000000000002,400.12599999999986,64.043,6.2477710288399955,1.0
98,4,10,0.0,-26.018958209310657,200,0.0,0,0.0,15.000000000000002,1225.4890000000016,25.197,48.63630590943373,1.0
98,5,10,0.0,-25.350610673244734,200,0.0,0,0.0,15.000000000000002,2010.1929999999957,33.242000000000004,60.471481860297075,1.0
98,6,10,0.0,-25.445772599898508,200,0.0,0,0.0,15.000000000000004,2092.9629999999943,45.321000000000005,46.180865382493636,1.0
98,7,10,1.0,10.077550840319281,7,0.9266824019179659,0,0.0,0.5,53.807,49.861999999999995,1.0791183666920703,1.0
98,8,10,0.0,-25.893642281929655,200,0.0,1,0.0,14.950000000000003,1721.6660000000015,26.573999999999998,64.78761195153163,1.0
98,9,10,1.0,10.440230810400964,4,0.7467692512656541,0,0.0,0.35,30.024,22.421,1.3391017349805987,1.0
99,0,10,1.0,9.534365433673468,11,0.6620363528890202,0,0.0,0.85,47.369,31.36,1.5104910714285715,1.0
99,1,10,0.0,-25.43005581284894,200,0.0,0,0.0,15.000000000000002,353.3999999999994,25.262999999999998,13.988837430233916,1.0
99,2,10,0.0,-25.497624703087812,200,0.0,0,0.0,15.000000000000004,627.9409999999967,54.309,11.56237456038588,1.0
99,3,10,1.0,10.756038564337533,2,1.0,0,0.0,0.1,26.189999999999998,26.189999999999998,1.0,1.0
99,4,10,1.0,9.860344491573999,9,0.8381455680999278,0,0.0,0.5499999999999999,41.63,34.891999999999996,1.1931101685200047,1.0
99,5,10,0.0,-22.92773763201777,200,0.0,0,0.0,10.000000000000007,963.8250000000031,3.598,267.87798777098476,1.0
99,6,10,0.0,-13.373166839054193,16,0.0,10,1.0,0.45000000000000007,32.54900000000001,41.57300000000001,0.782936040218411,1.0
99,7,10,1.0,10.329393801572348,5,0.3235986712081074,0,0.0,0.4,47.56199999999999,15.391000000000002,3.0902475472678828,1.0
99,8,10,1.0,10.194374635670483,6,1.0,0,0.0,0.45,42.887,42.887,1.0,1.0
99,9,10,0.0,-13.145621560574947,16,0.0,10,1.0,0.55,44.932,48.7,0.9226283367556468,1.0
100,0,10,0.0,-23.59140229340593,200,0.0,0,0.0,10.100000000000009,1002.5990000000002,50.66700000000001,19.788007973631753,1.0
100,1,10,0.0,-13.003202504256524,15,0.0,10,1.0,0.35,37.088,56.38399999999999,0.6577752553916005,1.0
100,2,10,0.0,-25.65840101609976,200,0.0,0,0.0,14.950000000000003,1350.6549999999984,58.262,23.1824345199272,1.0
100,3,10,1.0,10.374711216668466,5,0.7384014455014083,0,0.0,0.3,37.634,27.789,1.354276872143654,1.0
100,4,10,0.0,-25.369824409278152,200,0.0,0,0.0,15.000000000000004,975.600000000003,27.678,35.24821157598103,1.0
100,5,10,0.0,-13.02365629800307,12,0.0,10,1.0,0.1,6.366,26.040000000000003,0.24447004608294928,1.0
100,6,10,0.0,-25.45580683928763,200,0.0,0,0.0,15.000000000000002,1037.6899999999973,18.306,56.68578608106617,1.0
100,7,10,0.0,-13.283358854860184,15,0.0,10,1.0,0.4,28.171000000000003,42.056000000000004,0.6698449686132776,1.0
100,8,10,0.0,-13.94184266252559,12,0.0,10,1.0,0.15000000000000002,8.056999999999999,14.167000000000002,0.5687160302110537,1.0
100,9,10,0.0,-25.70361469581255,200,0.0,0,0.0,15.000000000000002,2000.5629999999958,30.376,65.85998814853818,1.0
101,0,10,0.0,-28.08675083802999,200,0.0,0,0.0,19.950000000000017,1188.3230000000033,54.294,21.886819906435395,1.0
101,1,10,0.0,-28.07951379527285,200,0.0,0,0.0,20.000000000000014,1347.9830000000009,44.507999999999996,30.286308079446414,1.0
101,2,10,0.0,-25.650701140454718,200,0.0,0,0.0,15.000000000000002,2006.3639999999957,39.721,50.511417134513124,1.0
101,3,10,0.0,-12.99215635203052,14,0.0,10,1.0,0.4,17.122999999999998,27.259,0.6281595069518323,1.0
101,4,10,0.0,-36.65486848124428,200,0.0,9,0.0,19.1,1609.9560000000013,34.976,46.030306495882925,1.0
101,5,10,0.0,-23.123600493618675,200,0.0,0,0.0,10.10000000000001,632.406999999999,30.793,20.537362387555582,1.0
101,6,10,0.0,-13.01403023025851,14,0.0,10,1.0,0.3,24.814,42.474000000000004,0.5842162263973254,1.0
101,7,10,0.0,-23.478709418837628,200,0.0,0,0.0,10.050000000000008,3144.7660000000087,19.96,157.55340681362767,1.0
101,8,10,0.0,-26.528483288464955,200,0.0,1,0.0,14.900000000000002,1035.1309999999974,63.519000000000005,16.296399502511015,1.0
101,9,10,0.0,-13.394815308707825,13,0.0,10,1.0,0.30000000000000004,16.826999999999998,29.996,0.5609747966395519,1.0
102,0,10,1.0,10.875,1,1.0,0,0.0,0.05,3.518,3.518,1.0,1.0
102,1,10,0.0,-12.947033178926837,11,0.0,10,1.0,0.1,4.713,45.11899999999999,0.10445710232939562,1.0
102,2,10,0.0,-12.9118852809882,11,0.0,10,1.0,0.1,4.708,32.706,0.14394912248517092,1.0
102,3,10,0.0,-22.31663244353185,200,0.0,0,0.0,10.000000000000007,1331.1999999999941,9.74,136.67351129363388,1.0
102,4,10,0.0,-27.66194444444445,200,0.0,0,0.0,20.000000000000014,1679.4370000000013,33.300000000000004,50.43354354354358,1.0
102,5,10,0.0,-25.387964903572165,200,0.0,0,0.0,13.350000000000012,737.427999999998,54.392999999999994,13.557406283896789,1.0
102,6,10,1.0,10.583290209983932,3,0.95472097328749,0,0.0,0.25,18.905,18.049,1.0474264502188488,1.0
102,7,10,0.0,-25.6968304640291,200,0.0,0,0.0,15.000000000000002,2010.4149999999956,43.855000000000004,45.84232128605622,1.0
102,8,10,0.0,-25.59963427646671,200,0.0,0,0.0,14.950000000000003,1602.2689999999993,56.230999999999995,28.494406999697667,1.0
102,9,10,0.0,-23.585188859997313,200,0.0,0,0.0,10.000000000000007,1030.4049999999984,14.613999999999999,70.50807444915823,1.0
103,0,10,1.0,9.586118954799284,10,0.5524447031431897,0,0.0,0.9500000000000001,85.9,47.455,1.8101359182383312,1.0
103,1,10,1.0,10.592044547173776,3,0.6742225685343912,0,0.0,0.25,14.117,9.518,1.4831897457449044,1.0
103,2,10,0.0,-23.013119609269456,200,0.0,0,0.0,10.000000000000007,966.6140000000031,76.984,12.556037618206421,1.0
103,3,10,0.0,-24.003054138877992,200,0.0,0,0.0,14.950000000000003,1332.8410000000015,10.196,130.72194978422925,1.0
103,4,10,1.0,10.339582814853625,5,0.9582352756597321,0,0.0,0.35,31.868999999999996,30.538,1.04358504158753,1.0
103,5,10,0.0,-12.9,10,0.0,10,1.0,0.0,0.0,22.279,0.0,1.0
103,6,10,0.0,-25.524247050659245,200,0.0,0,0.0,15.000000000000004,2113.0599999999945,66.286,31.877922939987243,1.0
103,7,10,0.0,-28.529405587729848,200,0.0,0,0.0,19.950000000000017,1152.744000000002,31.425999999999995,36.68121937249418,1.0
103,8,10,0.0,-12.899999999999999,10,0.0,10,1.0,0.0,0.0,16.532,0.0,1.0
103,9,10,0.0,-25.59781938449463,200,0.0,0,0.0,15.000000000000004,1161.119000000003,17.839000000000002,65.08879421492253,1.0
104,0,10,0.0,-23.308439435319475,200,0.0,0,0.0,10.000000000000007,3163.222000000009,51.99399999999999,60.83821210139649,1.0
104,1,10,1.0,10.435760513877105,4,1.0,0,0.0,0.35000000000000003,33.004,33.004,1.0,1.0
104,2,10,0.0,-23.03490912401015,200,0.0,0,0.0,10.000000000000007,897.4030000000033,65.914,13.614755590618127,1.0
104,3,10,1.0,10.116193191117901,6,1.0,0,0.0,0.6000000000000001,36.658,36.658,1.0,1.0
104,4,10,0.0,-25.57461174026492,200,0.0,0,0.0,15.000000000000004,1026.8000000000025,39.471,26.014035621088965,1.0
104,5,10,1.0,10.297657744758803,5,0.8989935956084173,0,0.0,0.45,21.86,19.652,1.1123549765927132,1.0
104,6,10,0.0,-25.879308648469657,200,0.0,0,0.0,15.050000000000002,1163.370000000003,51.327000000000005,22.665848383891575,1.0
104,7,10,1.0,10.875,1,1.0,0,0.0,0.05,2.943,2.943,1.0,1.0
104,8,10,0.0,-25.502973394808134,200,0.0,0,0.0,15.000000000000004,1243.6849999999984,55.740999999999985,22.31185303457058,1.0
104,9,10,0.0,-25.548630537512054,200,0.0,0,0.0,15.000000000000002,2093.4619999999945,63.273,33.08618209978971,1.0
105,0,10,1.0,10.321330527300361,5,0.9696545990476909,0,0.0,0.39999999999999997,26.462000000000003,25.659,1.031295062161425,1.0
105,1,10,0.0,-12.899999999999999,10,0.0,10,1.0,0.0,0.0,47.01900000000001,0.0,1.0
105,2,10,0.0,-12.899999999999999,10,0.0,10,1.0,0.0,0.0,65.07499999999999,0.0,1.0
105,3,10,1.0,10.466797701844571,4,0.8416899974548231,0,0.0,0.3,31.432,26.456,1.1880858784396733,1.0
105,4,10,0.0,-13.469455481972037,15,0.0,10,1.0,0.35,38.194,54.36,0.7026122148638706,1.0
105,5,10,1.0,10.448322308672433,4,0.8783246422363502,0,0.0,0.35000000000000003,41.997,36.887,1.1385311898500827,1.0
105,6,10,0.0,-31.43431566617865,200,0.0,0,0.0,26.650000000000023,2587.8880000000086,34.15,75.78002928257712,1.0
105,7,10,0.0,-22.88906658238516,200,0.0,0,0.0,10.050000000000008,805.9970000000017,52.206,15.438780983028801,1.0
105,8,10,0.0,-24.90819692932373,200,0.0,0,0.0,15.000000000000004,527.2379999999979,7.881,66.89988580129398,1.0
105,9,10,0.0,-25.91872147465782,200,0.0,0,0.0,15.050000000000002,622.1199999999992,52.541000000000004,11.84065777202564,1.0
106,0,10,1.0,10.523849422161794,4,0.5399155808405213,0,0.0,0.2,21.796,11.768,1.8521414004078856,1.0
106,1,10,0.0,-25.39154043216754,200,0.0,0,0.0,15.000000000000002,1352.5279999999982,44.88999999999999,30.1298284695923,1.0
106,2,10,0.0,-23.305052090277044,200,0.0,0,0.0,10.200000000000012,681.9439999999972,52.505,12.988172554994708,1.0
106,3,10,0.0,-23.097984520123802,200,0.0,0,0.0,10.050000000000008,1371.0300000000018,43.605,31.442036463708334,1.0
106,4,10,0.0,-27.550454833932665,200,0.0,0,0.0,20.000000000000014,1703.3859999999966,4.727,360.352443410196,1.0
106,5,10,0.0,-25.325073689823988,200,0.0,0,0.0,15.000000000000004,2094.816999999994,41.254,50.77851844669594,1.0
106,6,10,0.0,-13.01557978800339,16,0.0,10,1.0,0.44999999999999996,66.97399999999999,48.397,1.383846106163605,1.0
106,7,10,0.0,-13.091536661088073,16,0.0,10,1.0,0.44999999999999996,42.38,41.229,1.0279172427175047,1.0
106,8,10,0.0,-25.704913517681987,200,0.0,0,0.0,15.000000000000004,936.5440000000029,18.154,51.58885094194133,1.0
106,9,10,1.0,10.376628629972444,5,0.8635933734020806,0,0.0,0.3,32.777,28.305999999999997,1.1579523775877907,1.0
107,0,10,0.0,-24.682549950135897,200,0.0,0,0.0,13.350000000000012,891.4539999999976,58.157999999999994,15.328140582550942,1.0
107,1,10,0.0,-23.203707221187656,200,0.0,0,0.0,10.000000000000007,1479.0669999999961,48.32999999999999,30.603496792882193,1.0
107,2,10,0.0,-28.079408587413837,200,0.0,0,0.0,20.000000000000014,1822.743000000009,62.020999999999994,29.38912626368503,1.0
107,3,10,0.0,-25.40689279838001,200,0.0,0,0.0,15.100000000000003,1593.4719999999993,47.406000000000006,33.61329789478123,1.0
107,4,10,0.0,-28.087809470017955,200,0.0,0,0.0,20.000000000000014,1684.6220000000012,53.114999999999995,31.716501929775042,1.0
107,5,10,1.0,10.450839066082969,4,0.44110344827586206,0,0.0,0.35,54.375,23.985,2.2670419011882426,1.0
107,6,10,0.0,-25.67679495411107,200,0.0,0,0.0,15.000000000000004,936.200000000003,26.476999999999997,35.35899082222318,1.0
107,7,10,0.0,-25.340927354052628,200,0.0,0,0.0,15.050000000000002,1996.1549999999959,38.900999999999996,51.313719441659494,1.0
107,8,10,1.0,10.610598556839243,3,1.0,0,0.0,0.2,25.361,25.361,1.0,1.0
107,9,10,1.0,10.875,1,1.0,0,0.0,0.05,4.082,4.082,1.0,1.0
108,0,10,0.0,-25.455587680199216,200,0.0,0,0.0,15.000000000000004,1599.9829999999995,49.80599999999999,32.12430229289643,1.0
108,1,10,0.0,-23.11609398821547,200,0.0,0,0.0,10.050000000000008,962.554000000003,48.538,19.830936585767915,1.0
108,2,10,0.0,-12.606309340715676,12,0.0,10,1.0,0.15000000000000002,8.100999999999999,9.753,0.8306162206500562,1.0
108,3,10,1.0,10.875,1,1.0,0,0.0,0.05,4.228,4.228,1.0,1.0
108,4,10,0.0,-13.153832580991097,12,0.0,10,1.0,0.15000000000000002,9.362,40.097,0.23348380178068184,1.0
108,5,10,0.0,-25.59620191801037,200,0.0,0,0.0,15.000000000000004,1344.7830000000015,37.956,35.4300505848878,1.0
108,6,10,1.0,9.85670000500075,8,0.8426530698242805,0,0.0,0.7500000000000001,47.462,39.994,1.1867280092013803,1.0
108,7,10,0.0,-25.34114236464776,200,0.0,0,0.0,15.000000000000002,2010.1929999999957,25.526,78.75080310271862,1.0
108,8,10,0.0,-23.050466686144,200,0.0,0,0.0,10.000000000000007,1482.979999999996,65.03300000000002,22.803499761659396,1.0
108,9,10,1.0,10.748881426586383,2,0.1981642955484167,0,0.0,0.15000000000000002,10.895,2.159,5.046317739694303,1.0
109,0,10,0.0,-13.118075712375271,11,0.0,10,1.0,0.1,3.001,48.605,0.061742619072111926,1.0
109,1,10,1.0,10.20889708839379,6,0.7296147413514861,0,0.0,0.45000000000000007,68.162,49.732,1.370586342797394,1.0
109,2,10,1.0,10.875,1,1.0,0,0.0,0.05,6.727,6.727,1.0,1.0
109,3,10,1.0,10.41518810904157,4,0.9507669934793828,0,0.0,0.4,42.63400000000001,40.53500000000001,1.0517824102627358,1.0
109,4,10,0.0,-12.985630478125119,12,0.0,10,1.0,0.15000000000000002,20.784,53.166,0.3909265319941316,1.0
109,5,10,0.0,-13.550071145124717,11,0.0,10,1.0,0.1,4.526,35.28,0.12828798185941043,1.0
109,6,10,0.0,-25.70494529990741,200,0.0,0,0.0,15.000000000000004,1224.453000000005,29.159,41.992283685997634,1.0
109,7,10,0.0,-25.834082462253207,200,0.0,0,0.0,16.699999999999996,863.4870000000013,8.61,100.2888501742162,1.0
109,8,10,0.0,-12.95877967618899,12,0.0,10,1.0,0.15000000000000002,14.265,51.388000000000005,0.27759399081497627,1.0
109,9,10,0.0,-12.998451749516878,12,0.0,10,1.0,0.15000000000000002,18.617,48.641999999999996,0.3827350849060483,1.0
110,0,10,0.0,-28.33683427810023,200,0.0,0,0.0,19.850000000000023,1102.0210000000015,44.278999999999996,24.888118521195185,1.0
110,1,10,0.0,-25.586267237776898,200,0.0,0,0.0,15.000000000000004,660.5999999999996,38.288,17.253447555369817,1.0
110,2,10,0.0,-34.144437191416735,200,0.0,9,0.0,14.3,1284.8570000000009,42.128,30.498884352449696,1.0
110,3,10,0.0,-27.14318678643587,200,0.0,1,0.0,14.900000000000002,1102.7639999999976,41.07900000000001,26.844957277440965,1.0
110,4,10,0.0,-23.1493672720247,200,0.0,0,0.0,10.000000000000007,3197.5479999999893,41.408,77.22053709428104,1.0
110,5,10,0.0,-12.766337154589788,13,0.0,10,1.0,0.25,28.810000000000002,46.756,0.6161776028744974,1.0
110,6,10,1.0,9.747266432833783,9,0.562435949989752,0,0.0,0.8,39.032000000000004,21.953000000000003,1.7779802304924155,1.0
110,7,10,0.0,-13.462235129056882,14,0.0,10,1.0,0.3,22.982000000000003,48.46699999999999,0.47417830688922374,1.0
110,8,10,1.0,10.130862113291627,7,0.5454587949329219,0,0.0,0.39999999999999997,64.179,35.007,1.8333190504756194,1.0
110,9,10,0.0,-13.113691999119439,13,0.0,10,1.0,0.2,13.103,40.883,0.3204999633099332,1.0
111,0,10,0.0,-21.659298245614007,200,0.0,0,0.0,10.000000000000007,764.2000000000033,2.85,268.1403508771941,1.0
111,1,10,0.0,-25.54011002567271,200,0.0,0,0.0,15.000000000000004,1110.799999999998,29.993,37.03530823858894,1.0
111,2,10,0.0,-13.235112532654565,12,0.0,10,1.0,0.15000000000000002,10.245000000000001,44.787000000000006,0.22874941389242412,1.0
111,3,10,0.0,-28.158285137244125,200,0.0,0,0.0,20.000000000000014,2260.373000000008,54.46500000000001,41.50138621132851,1.0
111,4,10,1.0,10.746487443657438,2,0.2935450335507041,0,0.0,0.15000000000000002,10.581,3.106,3.406632324533162,1.0
111,5,10,0.0,-13.082552402260951,12,0.0,10,1.0,0.1,8.917,16.983999999999998,0.5250235515779558,1.0
111,6,10,1.0,9.227804900992428,13,0.5082351253794851,0,0.0,1.1000000000000003,83.666,42.522,1.9675932458492074,1.0
111,7,10,0.0,-22.963134002481816,200,0.0,0,0.0,10.000000000000007,807.7090000000017,63.663,12.687259475676637,1.0
111,8,10,0.0,-27.85398959298598,200,0.0,0,0.0,20.000000000000014,1193.332000000003,28.058,42.53090027799569,1.0
111,9,10,1.0,9.950629048838993,8,0.7565802469135802,0,0.0,0.6000000000000001,81.0,61.282999999999994,1.321736860140659,1.0
112,0,10,0.0,-23.08778236738859,200,0.0,0,0.0,10.000000000000007,1093.6050000000018,62.702000000000005,17.441309687091348,1.0
112,1,10,1.0,9.254261699977313,12,0.7305177193828353,0,0.0,1.2000000000000002,66.368,48.483000000000004,1.3688921890147059,1.0
112,2,10,1.0,10.58696501334832,3,0.8585560045841124,0,0.0,0.25,16.579,14.234,1.164746381902487,1.0
112,3,10,1.0,10.22796768194005,6,0.8977383611249647,0,0.0,0.39999999999999997,46.117000000000004,41.401,1.113910292021932,1.0
112,4,10,0.0,-28.115921752181215,200,0.0,0,0.0,20.000000000000014,911.400000000002,39.31099999999999,23.184350436264715,1.0
112,5,10,1.0,9.90825834406104,8,0.4696869147163356,0,0.0,0.7000000000000001,67.809,31.849,2.129077836038808,1.0
112,6,10,0.0,-23.163757522265943,200,0.0,0,0.0,10.050000000000008,968.6860000000032,49.852000000000004,19.43123645992143,1.0
112,7,10,1.0,10.730933007035791,2,1.0,0,0.0,0.15000000000000002,6.538,6.538,1.0,1.0
112,8,10,0.0,-25.368703155731193,200,0.0,0,0.0,15.000000000000002,960.5349999999983,56.437,17.019597072842256,1.0
112,9,10,0.0,-25.747367568443163,200,0.0,0,0.0,15.000000000000004,942.9999999999986,24.691999999999997,38.190507046816734,1.0
113,0,10,0.0,-24.718693669812318,200,0.0,0,0.0,12.500000000000014,1030.5999999999988,18.862000000000002,54.638956632382495,1.0
113,1,10,0.0,-25.45392914419013,200,0.0,0,0.0,15.000000000000004,1599.9829999999995,48.013,33.32395392914418,1.0
113,2,10,0.0,-22.90198709115963,200,0.0,0,0.0,10.000000000000007,1483.285999999996,55.156,26.892559286387627,1.0
113,3,10,0.0,-27.89056515281786,200,0.0,0,0.0,20.000000000000014,1822.4700000000091,51.172,35.61459391854939,1.0
113,4,10,0.0,-25.71915925899585,200,0.0,0,0.0,15.000000000000002,974.8060000000042,56.248000000000005,17.33050064002283,1.0
113,5,10,0.0,-13.0782485381365,11,0.0,10,1.0,0.05,5.134,23.429000000000002,0.21913013786333177,1.0
113,6,10,1.0,10.386969827896595,4,0.9483388534161914,0,0.0,0.45,29.287,27.773999999999997,1.0544754086555772,1.0
113,7,10,0.0,-30.669265352974858,200,0.0,0,0.0,25.0,848.1999999999975,20.908,40.568203558446406,1.0
113,8,10,0.0,-13.051154239267984,11,0.0,10,1.0,0.1,4.043,41.092000000000006,0.09838898082351795,1.0
113,9,10,0.0,-25.45334648721017,200,0.0,0,0.0,15.000000000000002,2093.4619999999945,42.573,49.173466751227174,1.0
114,0,10,0.0,-25.900597124384785,200,0.0,0,0.0,15.000000000000002,487.69600000000275,51.815000000000005,9.412255138473467,1.0
114,1,10,0.0,-23.322766714082512,200,0.0,0,0.0,10.100000000000009,3123.965000000009,37.961999999999996,82.29189716031846,1.0
114,2,10,1.0,10.34260540947527,5,0.9916149781759706,0,0.0,0.35,34.824,34.532,1.008455924939187,1.0
114,3,10,0.0,-22.756438745875943,200,0.0,0,0.0,10.100000000000009,968.5170000000031,50.617,19.134223679791436,1.0
114,4,10,1.0,10.59351161693596,3,0.40955417089310725,0,0.0,0.25,20.703,8.479,2.4416794433305817,1.0
114,5,10,0.0,-25.808082471510442,200,0.0,0,0.0,15.000000000000002,2010.0989999999958,45.54299999999999,44.136288782030086,1.0
114,6,10,0.0,-32.98520178469592,200,0.0,0,0.0,29.549999999999898,910.0010000000004,59.618,15.263863262772995,1.0
114,7,10,1.0,10.535286318758816,3,0.8686241679258381,0,0.0,0.35000000000000003,24.487000000000002,21.27,1.1512458862247297,1.0
114,8,10,0.0,-26.428154094345903,200,0.0,0,0.0,15.200000000000003,1203.0990000000036,51.44900000000001,23.38430290190292,1.0
114,9,10,0.0,-28.049786337944543,200,0.0,0,0.0,19.950000000000017,1736.219000000008,45.46900000000001,38.184675273263274,1.0
115,0,10,1.0,10.8,1,1.0,0,0.0,0.2,2.301,2.301,1.0,1.0
115,1,10,0.0,-25.496773543053063,200,0.0,0,0.0,15.000000000000004,1340.6830000000016,34.713,38.62192838417888,1.0
115,2,10,0.0,-27.76309976336241,200,0.0,0,0.0,19.950000000000017,2665.9959999999987,53.24600000000001,50.0694136648762,1.0
115,3,10,0.0,-23.760299772701828,200,0.0,0,0.0,10.300000000000013,778.1010000000033,53.674,14.496795468942194,1.0
115,4,10,0.0,-25.13264347797787,200,0.0,0,0.0,15.050000000000002,2111.4309999999946,30.719,68.7337152902111,1.0
115,5,10,0.0,-25.562054190909677,200,0.0,0,0.0,15.000000000000004,936.8230000000029,41.077,22.80650972563729,1.0
115,6,10,0.0,-12.92267536587862,11,0.0,10,1.0,0.05,5.163,48.855000000000004,0.10568007368744242,1.0
115,7,10,0.0,-25.423249913504755,200,0.0,0,0.0,15.000000000000004,943.1629999999986,17.342,54.38605697151417,1.0
115,8,10,0.0,-12.965140874496345,11,0.0,10,1.0,0.05,2.526,33.505,0.07539173257722727,1.0
115,9,10,1.0,10.152095787536679,7,0.5349028997073692,0,0.0,0.39999999999999997,37.589999999999996,20.107000000000003,1.8694981847117915,1.0
116,0,10,0.0,-13.048199731923015,16,0.0,10,1.0,0.45,72.964,68.63700000000001,1.0630417996124537,1.0
116,1,10,0.0,-13.328901252528926,16,0.0,10,1.0,0.45000000000000007,30.566000000000003,43.990999999999985,0.6948239412607127,1.0
116,2,10,0.0,-25.45476355830544,200,0.0,0,0.0,15.000000000000004,1340.6830000000016,31.678000000000004,42.32221099816912,1.0
116,3,10,1.0,10.610716453811351,3,0.901073382185984,0,0.0,0.2,19.378,17.461,1.1097875264876012,1.0
116,4,10,0.0,-23.309937302846837,200,0.0,0,0.0,10.000000000000007,1051.5380000000057,51.038999999999994,20.602637199004796,1.0
116,5,10,0.0,-25.34107552251431,200,0.0,0,0.0,15.000000000000004,2096.510999999994,44.927,46.66483406414837,1.0
116,6,10,0.0,-23.543617021276614,200,0.0,0,0.0,10.000000000000007,966.6140000000031,18.8,51.415638297872505,1.0
116,7,10,0.0,-25.586451858429598,200,0.0,0,0.0,15.000000000000002,936.358000000003,47.297999999999995,19.796989301873296,1.0
116,8,10,1.0,9.606556180629466,11,0.7473014430178389,0,0.0,0.7000000000000001,52.806000000000004,39.462,1.3381480918351831,1.0
116,9,10,0.0,-22.929651162790645,200,0.0,0,0.0,10.000000000000007,882.0980000000019,34.4,25.64238372093029,1.0
117,0,10,1.0,10.63035924497666,2,1.0,0,0.0,0.35,9.854,9.854,1.0,1.0
117,1,10,0.0,-27.99753732794153,200,0.0,0,0.0,20.00000000000002,1382.0000000000011,51.436,26.868341239598745,1.0
117,2,10,0.0,-25.014245653393196,200,0.0,0,0.0,15.000000000000002,1113.9069999999979,17.83,62.473752103196745,1.0
117,3,10,0.0,-23.293334896967732,200,0.0,0,0.0,10.000000000000007,731.5160000000021,29.845,24.510504272072446,1.0
117,4,10,0.0,-25.652041304936247,200,0.0,0,0.0,15.000000000000002,1605.0739999999994,48.033,33.416068119834264,1.0
117,5,10,0.0,-25.571383723738315,200,0.0,0,0.0,15.000000000000004,1345.4000000000017,41.410000000000004,32.489736778555944,1.0
117,6,10,0.0,-13.054530845460224,12,0.0,10,1.0,0.15000000000000002,19.497999999999998,44.804,0.43518435853941606,1.0
117,7,10,0.0,-13.235990701300146,15,0.0,10,1.0,0.39999999999999997,60.669999999999995,71.83800000000001,0.8445391018680919,1.0
117,8,10,0.0,-13.12378479473832,12,0.0,10,1.0,0.15000000000000002,10.76,64.162,0.16770050808889994,1.0
117,9,10,1.0,9.337608645954782,12,0.7448533042723108,0,0.0,1.05,58.727000000000004,43.742999999999995,1.342546235969184,1.0
118,0,10,1.0,10.345397673821944,5,0.8565045414591269,0,0.0,0.35000000000000003,27.304000000000002,23.386000000000003,1.167536132728983,1.0
118,1,10,0.0,-13.549754117482387,17,0.0,10,1.0,0.35,35.458,42.866,0.8271823823076564,1.0
118,2,10,0.0,-24.846471992851875,200,0.0,0,0.0,13.300000000000013,1664.8069999999964,64.912,25.647137663297944,1.0
118,3,10,0.0,-25.514679507110316,200,0.0,0,0.0,15.000000000000004,398.9739999999999,61.108999999999995,6.528890998052659,1.0
118,4,10,0.0,-25.626242781449154,200,0.0,0,0.0,15.000000000000004,1127.985000000002,33.594,33.57697803179145,1.0
118,5,10,0.0,-25.611308909242258,200,0.0,0,0.0,14.950000000000003,609.9899999999993,48.04,12.69754371357201,1.0
118,6,10,0.0,-30.527880536229343,200,0.0,0,0.0,25.0,1593.9629999999954,58.93,27.04841337179697,1.0
118,7,10,0.0,-28.08990182028201,200,0.0,0,0.0,20.000000000000014,2253.5000000000077,46.75099999999999,48.202177493529724,1.0
118,8,10,0.0,-14.03585517960813,17,0.0,10,1.0,0.7,61.734,44.096000000000004,1.3999909288824381,1.0
118,9,10,0.0,-25.578056845917622,200,0.0,0,0.0,15.000000000000002,1602.7279999999994,63.50500000000001,25.237823793402082,1.0
119,0,10,0.0,-25.713795299076544,200,0.0,0,0.0,15.050000000000002,1027.4589999999962,55.989,18.35108682062541,1.0
119,1,10,0.0,-26.10197253007488,200,0.0,0,0.0,15.100000000000003,1706.7090000000014,52.78500000000001,32.333219664677486,1.0
119,2,10,0.0,-25.414168697705918,200,0.0,0,0.0,15.000000000000004,1026.6720000000025,39.79900000000001,25.796427045905734,1.0
119,3,10,0.0,-13.685152428216945,13,0.0,10,1.0,0.2,24.291,33.852,0.717564693371145,1.0
119,4,10,1.0,10.85,1,1.0,0,0.0,0.1,1.868,1.868,1.0,1.0
119,5,10,0.0,-25.772696396426873,200,0.0,0,0.0,15.000000000000004,1605.7999999999995,29.442999999999998,54.53927928539889,1.0
119,6,10,0.0,-13.010305250305247,13,0.0,10,1.0,0.25,40.117,70.434,0.569568674219837,1.0
119,7,10,1.0,10.116212821655342,7,0.7654168354187539,0,0.0,0.45,46.913,35.908,1.3064776651442573,1.0
119,8,10,0.0,-27.934341682568135,200,0.0,0,0.0,20.000000000000014,2252.6000000000076,41.401,54.40931378469137,1.0
119,9,10,0.0,-27.727658269889147,200,0.0,0,0.0,20.000000000000014,1146.461000000002,19.570999999999998,58.5795820346432,1.0
120,0,10,0.0,-26.09241003860999,200,0.0,0,0.0,15.050000000000002,2208.5540000000037,32.375,68.21788416988429,1.0
120,1,10,1.0,9.968612159201559,8,0.6570960131163274,0,0.0,0.55,50.014,32.864,1.5218476144109057,1.0
120,2,10,0.0,-13.079856590679494,12,0.0,10,1.0,0.15000000000000002,13.105,45.534,0.2878069135151755,1.0
120,3,10,0.0,-25.453040599407483,200,0.0,0,0.0,15.000000000000004,1108.3319999999978,22.956,48.28071092524821,1.0
120,4,10,0.0,-25.563618802318096,200,0.0,0,0.0,15.000000000000004,1023.6420000000026,31.060000000000002,32.95692208628469,1.0
120,5,10,0.0,-25.45727088753977,200,0.0,0,0.0,15.000000000000002,1345.4000000000017,69.17999999999999,19.44781728823362,1.0
120,6,10,0.0,-27.950856088308665,200,0.0,0,0.0,20.000000000000014,1820.1400000000092,29.261,62.2036157342541,1.0
120,7,10,0.0,-26.35116019282462,200,0.0,0,0.0,15.000000000000002,1060.4849999999951,21.573999999999998,49.155696671919685,1.0
120,8,10,0.0,-23.404448924731163,200,0.0,0,0.0,10.050000000000008,970.7220000000032,40.176,24.16173835125456,1.0
120,9,10,0.0,-13.091338142253552,12,0.0,10,1.0,0.15000000000000002,15.151,45.679,0.3316841436984172,1.0
121,0,10,0.0,-26.62540232875817,200,0.0,0,0.0,16.649999999999995,1419.6819999999996,30.746000000000002,46.1745267677096,1.0
121,1,10,0.0,-25.59234039835016,200,0.0,0,0.0,14.950000000000003,1350.6549999999984,82.18900000000001,16.433525167601484,1.0
121,2,10,1.0,10.319860121253587,5,0.9702742075273378,0,0.0,0.39999999999999997,54.229,52.617000000000004,1.0306364863067068,1.0
121,3,10,0.0,-12.80171492346939,11,0.0,10,1.0,0.2,10.158,31.359999999999996,0.32391581632653066,1.0
121,4,10,0.0,-25.528231930670977,200,0.0,0,0.0,15.000000000000002,905.5559999999979,22.386000000000003,40.451889573840695,1.0
121,5,10,0.0,-25.49415301961292,200,0.0,0,0.0,14.950000000000003,1336.1460000000015,30.898000000000003,43.243769823289576,1.0
121,6,10,0.0,-12.785545450887287,11,0.0,10,1.0,0.1,7.105,24.851000000000003,0.28590398776709186,1.0
121,7,10,1.0,10.610050433913399,3,0.9042688688935453,0,0.0,0.2,24.339000000000002,22.009,1.1058657821800173,1.0
121,8,10,1.0,10.10875414197041,7,0.7124522028262678,0,0.0,0.45,30.075,21.427000000000003,1.4036029308815978,1.0
121,9,10,0.0,-25.706631493506492,200,0.0,0,0.0,15.000000000000004,666.3009999999995,45.584,14.616992804492792,1.0
122,0,10,0.0,-25.42596854378123,200,0.0,0,0.0,15.050000000000002,2104.3329999999946,33.793,62.27126919776269,1.0
122,1,10,0.0,-25.573250715657498,200,0.0,0,0.0,15.000000000000004,1163.417000000003,55.19400000000001,21.078686089067705,1.0
122,2,10,0.0,-25.879640001077018,200,0.0,0,0.0,14.950000000000003,2988.9429999999925,74.27799999999999,40.23994991787599,1.0
122,3,10,1.0,10.1775896912298,6,0.8834800460356466,0,0.0,0.5,32.149,28.403000000000002,1.1318874766749991,1.0
122,4,10,0.0,-30.95690674948577,200,0.0,0,0.0,24.6,515.7850000000005,50.55200000000001,10.203058237062836,1.0
122,5,10,0.0,-25.720027094579095,200,0.0,0,0.0,15.000000000000002,2006.3639999999957,47.611000000000004,42.14076578941832,1.0
122,6,10,0.0,-25.42759174595322,200,0.0,0,0.0,15.000000000000004,1110.799999999998,24.279,45.75147246591696,1.0
122,7,10,1.0,10.58253516646639,3,0.9743784007163028,0,0.0,0.25,14.519,14.147,1.0262953276312998,1.0
122,8,10,0.0,-25.134917991840844,200,0.0,0,0.0,15.000000000000002,931.1280000000028,12.011,77.5229373074684,1.0
122,9,10,0.0,-22.83576653160113,200,0.0,0,0.0,10.050000000000008,1455.6019999999946,47.878,30.402314215297103,1.0
123,0,10,0.0,-28.074481792717087,200,0.0,0,0.0,20.000000000000014,1819.529000000009,35.7,50.96719887955207,1.0
123,1,10,0.0,-13.016112275091434,11,0.0,10,1.0,0.05,3.448,54.410999999999994,0.06336953924757863,1.0
123,2,10,0.0,-24.932724252491667,200,0.0,0,0.0,15.000000000000004,940.687000000003,14.448,65.10845791805114,1.0
123,3,10,0.0,-25.25436760329432,200,0.0,0,0.0,13.400000000000013,598.674999999999,57.796,10.35841580732229,1.0
123,4,10,0.0,-31.284364162392748,200,0.0,0,0.0,26.700000000000024,2590.8830000000085,53.229,48.674275301057854,1.0
123,5,10,0.0,-25.77613599121235,200,0.0,0,0.0,15.000000000000004,2111.929999999995,55.532999999999994,38.03018025318271,1.0
123,6,10,0.0,-25.403419565863857,200,0.0,0,0.0,15.000000000000004,1113.7949999999978,33.63,33.119090098126605,1.0
123,7,10,0.0,-12.952549827303097,11,0.0,10,1.0,0.05,4.957,70.644,0.07016873336730649,1.0
123,8,10,0.0,-26.140897091855948,200,0.0,0,0.0,15.200000000000003,540.8759999999968,50.307,10.751505754666285,1.0
123,9,10,0.0,-27.89707130295406,200,0.0,0,0.0,20.000000000000014,2256.5560000000078,44.921,50.233877251174455,1.0
124,0,10,0.0,-26.14922835370958,200,0.0,0,0.0,14.900000000000002,1055.9230000000027,23.884,44.21047563222252,1.0
124,1,10,0.0,-13.438251401869158,12,0.0,10,1.0,0.15000000000000002,10.241,32.1,0.31903426791277256,1.0
124,2,10,0.0,-13.307259850630953,12,0.0,10,1.0,0.1,12.655000000000001,46.596,0.27158983603742815,1.0
124,3,10,0.0,-23.123025114873776,200,0.0,0,0.0,10.000000000000007,641.3130000000012,31.774,20.183577767986442,1.0
124,4,10,0.0,-25.42174732872397,200,0.0,0,0.0,15.000000000000002,936.358000000003,6.364,147.13356379635496,1.0
124,5,10,1.0,10.119855172019005,6,0.673412744304383,0,0.0,0.6,25.941000000000003,17.469,1.4849733814185129,1.0
124,6,10,1.0,10.730132643654615,2,1.0,0,0.0,0.15000000000000002,19.526,19.526,1.0,1.0
124,7,10,0.0,-24.348133286810857,200,0.0,0,0.0,12.500000000000014,1014.2919999999986,57.32000000000001,17.69525471039774,1.0
124,8,10,0.0,-26.176130248299348,200,0.0,0,0.0,14.950000000000003,365.7610000000007,29.843,12.256173977147093,1.0
124,9,10,0.0,-25.301661333151756,200,0.0,0,0.0,15.000000000000002,1165.2000000000032,29.374000000000002,39.66773336964673,1.0
125,0,10,0.0,-25.506190740227403,200,0.0,0,0.0,15.100000000000003,1039.9949999999976,39.677,26.211533130024893,1.0
125,1,10,0.0,-25.353639877596937,200,0.0,0,0.0,15.000000000000004,1998.0129999999958,24.836000000000002,80.44826058946673,1.0
125,2,10,0.0,-25.910302199475932,200,0.0,0,0.0,15.000000000000004,489.0000000000028,49.239,9.931152135502403,1.0
125,3,10,0.0,-25.414168697705918,200,0.0,0,0.0,15.000000000000004,1026.6720000000025,39.79900000000001,25.796427045905734,1.0
125,4,10,0.0,-23.182425956027092,200,0.0,0,0.0,10.050000000000008,966.2000000000031,58.445,16.53178201728126,1.0
125,5,10,1.0,10.363313866080722,4,1.0,0,0.0,0.5,17.294,17.294,1.0,1.0
125,6,10,0.0,-25.704621492617218,200,0.0,0,0.0,15.000000000000004,946.0219999999986,22.417,42.20109738145151,1.0
125,7,10,0.0,-26.097639762512735,200,0.0,0,0.0,15.150000000000002,1638.6579999999965,48.171,34.01752091507331,1.0
125,8,10,0.0,-28.377300020885478,200,0.0,0,0.0,19.900000000000013,2658.8929999999987,38.304,69.41554406850456,1.0
125,9,10,0.0,-24.93708600528108,200,0.0,0,0.0,12.550000000000015,893.3219999999988,47.718,18.720860052810234,1.0
126,0,10,0.0,-28.377443950521762,200,0.0,0,0.0,19.950000000000024,1098.9450000000015,41.392,26.54969559335141,1.0
126,1,10,0.0,-23.872994202098283,200,0.0,0,0.0,10.350000000000012,787.7139999999995,50.708,15.53431411217164,1.0
126,2,10,0.0,-25.75335814468509,200,0.0,0,0.0,15.100000000000003,1596.5259999999994,16.256,98.21149114173224,1.0
126,3,10,0.0,-23.335372060535484,200,0.0,0,0.0,10.100000000000009,558.6580000000013,42.949999999999996,13.007171129220055,1.0
126,4,10,0.0,-27.97471464258269,200,0.0,0,0.0,20.000000000000014,2249.343000000008,52.03999999999999,43.22334742505781,1.0
126,5,10,1.0,10.107884476011018,7,0.6214755427438968,0,0.0,0.45,55.505,34.495,1.6090737788085232,1.0
126,6,10,1.0,9.87338809239347,9,0.6196653042338242,0,0.0,0.5499999999999999,64.83500000000001,40.175999999999995,1.6137743926722425,1.0
126,7,10,1.0,9.192622090626289,13,0.6185177457866796,0,0.0,1.1,86.274,53.362,1.6167684869382706,1.0
126,8,10,0.0,-25.731454005934708,200,0.0,0,0.0,15.000000000000004,936.8230000000029,22.916,40.88073834875209,1.0
126,9,10,0.0,-23.007272135981275,200,0.0,0,0.0,10.050000000000008,965.8950000000032,34.593,27.921689359118986,1.0
127,0,10,0.0,-23.28504065596173,200,0.0,0,0.0,10.100000000000009,1214.915999999998,58.54,20.7536043730782,1.0
127,1,10,0.0,-25.587101927787792,200,0.0,0,0.0,15.000000000000002,936.358000000003,46.945,19.945851528384345,1.0
127,2,10,0.0,-13.077815750371473,11,0.0,10,1.0,0.05,5.134,41.726,0.12304078991516082,1.0
127,3,10,0.0,-25.879594707885804,200,0.0,0,0.0,15.050000000000002,412.2679999999985,57.254999999999995,7.200558903152538,1.0
127,4,10,0.0,-27.975893846444897,200,0.0,0,0.0,20.000000000000014,1819.376000000009,37.00300000000001,49.168337702348694,1.0
127,5,10,0.0,-25.405781857589048,200,0.0,0,0.0,15.000000000000002,1345.4000000000017,31.374000000000002,42.88264167782245,1.0
127,6,10,1.0,10.013073003008534,8,0.3517634608323794,0,0.0,0.5,46.301,16.287,2.8428194265365017,1.0
127,7,10,0.0,-28.112232589054976,200,0.0,0,0.0,20.000000000000014,1684.5170000000012,40.621,41.46911695920832,1.0
127,8,10,0.0,-12.989153150027466,11,0.0,10,1.0,0.1,1.976,34.587,0.057131292103969694,1.0
127,9,10,0.0,-27.994844223876346,200,0.0,0,0.0,20.000000000000014,1192.0000000000034,36.27,32.8646264130136,1.0
128,0,10,0.0,-22.999824674186126,200,0.0,0,0.0,10.000000000000007,678.5999999999993,34.222,19.829349541230766,1.0
128,1,10,0.0,-25.315588867868108,200,0.0,0,0.0,15.150000000000004,2099.9859999999944,50.215,41.819894453848335,1.0
128,2,10,0.0,-30.790562201190284,200,0.0,0,0.0,24.6,515.7840000000006,51.245000000000005,10.06506000585424,1.0
128,3,10,0.0,-23.003339009340138,200,0.0,0,0.0,10.000000000000007,520.7890000000011,59.31399999999999,8.78020366186737,1.0
128,4,10,0.0,-25.552797168420106,200,0.0,0,0.0,15.000000000000002,660.5999999999996,50.855000000000004,12.989873168813283,1.0
128,5,10,0.0,-25.637916078335106,200,0.0,0,0.0,14.950000000000003,1350.6549999999984,48.867000000000004,27.639409008124055,1.0
128,6,10,0.0,-25.40607141029352,200,0.0,0,0.0,15.000000000000004,2004.3999999999958,58.619,34.19369146522451,1.0
128,7,10,1.0,10.60618709295441,3,0.9430890816940126,0,0.0,0.2,23.282,21.957,1.0603452202031243,1.0
128,8,10,0.0,-30.893700106336002,200,0.0,0,0.0,24.650000000000002,353.25099999999827,38.556999999999995,9.161786446040884,1.0
128,9,10,0.0,-23.399861008428225,200,0.0,0,0.0,10.20000000000001,528.1080000000024,33.815,15.617566168860046,1.0
129,0,10,0.0,-12.9,10,0.0,10,1.0,0.0,0.0,51.327000000000005,0.0,1.0
129,1,10,0.0,-25.59977385623437,200,0.0,0,0.0,15.000000000000004,1352.9889999999982,51.737,26.15128438061732,1.0
129,2,10,0.0,-30.241858571760886,200,0.0,0,0.0,25.0,1474.1090000000038,17.196,85.72394742963502,1.0
129,3,10,0.0,-12.9,10,0.0,10,1.0,0.0,0.0,25.675,0.0,1.0
129,4,10,0.0,-28.191558616056426,200,0.0,0,0.0,20.000000000000014,1679.4370000000013,44.655,37.60915910872245,1.0
129,5,10,0.0,-25.265654056675658,200,0.0,0,0.0,15.000000000000002,1599.5359999999994,28.866000000000003,55.412457562530285,1.0
129,6,10,1.0,10.58696501334832,3,0.8585560045841124,0,0.0,0.25,16.579,14.234,1.164746381902487,1.0
129,7,10,1.0,10.34246862715452,5,0.7590738243479759,0,0.0,0.35,34.852999999999994,26.456,1.3173949198669488,1.0
129,8,10,0.0,-23.555816532010493,200,0.0,0,0.0,10.25000000000001,1215.9499999999978,40.721000000000004,29.86051423098641,1.0
129,9,10,0.0,-23.592485733099238,200,0.0,0,0.0,10.100000000000009,549.3179999999978,45.56,12.057023705004342,1.0
130,0,10,0.0,-25.733425225864497,200,0.0,0,0.0,15.000000000000004,1121.8579999999995,36.637,30.620902366460122,1.0
130,1,10,0.0,-22.725042420686844,21,0.0,19,1.0,0.2,14.48,44.318000000000005,0.3267295455571099,1.0
130,2,10,0.0,-28.023462103478884,200,0.0,0,0.0,20.000000000000014,1679.4370000000013,61.94499999999999,27.111744289288907,1.0
130,3,10,0.0,-23.583652947945527,200,0.0,0,0.0,10.050000000000008,2042.7650000000046,44.319,46.09230803944143,1.0
130,4,10,0.0,-25.664691390829027,200,0.0,0,0.0,15.000000000000004,776.2500000000023,26.343999999999998,29.465912541755326,1.0
130,5,10,0.0,-12.9,10,0.0,10,1.0,0.0,0.0,39.393,0.0,1.0
130,6,10,0.0,-26.375041888804297,200,0.0,0,0.0,15.350000000000003,964.9789999999985,49.894,19.34058203391186,1.0
130,7,10,0.0,-25.539384726263176,200,0.0,0,0.0,15.000000000000004,1999.2939999999958,37.462999999999994,53.367162266769775,1.0
130,8,10,0.0,-12.9,10,0.0,10,1.0,0.0,0.0,33.777,0.0,1.0
130,9,10,0.0,-25.516141027406746,200,0.0,0,0.0,15.000000000000004,1413.7179999999996,36.305,38.94003580773997,1.0
131,0,10,0.0,-13.117790970389914,14,0.0,10,1.0,0.45,48.160999999999994,61.398,0.7844066581973352,1.0
131,1,10,0.0,-25.760622164853356,200,0.0,0,0.0,15.050000000000002,946.7729999999987,54.230000000000004,17.45847316983217,1.0
131,2,10,1.0,10.203199677346893,6,0.9286391564894183,0,0.0,0.44999999999999996,52.73199999999999,48.969,1.0768445342972082,1.0
131,3,10,0.0,-25.579982612475515,200,0.0,0,0.0,15.000000000000004,1246.9999999999984,23.005,54.20560747663545,1.0
131,4,10,0.0,-13.750409708952951,14,0.0,10,1.0,0.35,59.534,36.111000000000004,1.648638918888981,1.0
131,5,10,0.0,-25.535199234502088,200,0.0,0,0.0,15.000000000000004,602.7239999999995,43.893,13.731665641446233,1.0
131,6,10,0.0,-25.543954311341505,200,0.0,0,0.0,15.000000000000002,2000.5629999999958,57.082,35.0471777442976,1.0
131,7,10,0.0,-27.9778136283322,200,0.0,0,0.0,20.050000000000026,567.855,26.034,21.81205346854114,1.0
131,8,10,0.0,-28.117701053509972,200,0.0,0,0.0,20.000000000000014,2260.373000000008,47.934999999999995,47.15495984145213,1.0
131,9,10,0.0,-22.8941486884992,200,0.0,0,0.0,10.000000000000007,682.0000000000001,32.214999999999996,21.170262300170734,1.0
132,0,10,0.0,-25.436120349468418,200,0.0,0,0.0,15.000000000000004,1633.1419999999966,58.03099999999999,28.142578966414447,1.0
132,1,10,0.0,-28.193790846067515,200,0.0,0,0.0,19.900000000000013,1815.315000000009,54.381,33.38141998124361,1.0
132,2,10,0.0,-23.16603085436405,200,0.0,0,0.0,12.500000000000016,1947.8500000000024,11.927,163.31432883373878,1.0
132,3,10,0.0,-25.073709223900487,200,0.0,0,0.0,14.250000000000007,999.4499999999982,52.635000000000005,18.988315759475597,1.0
132,4,10,0.0,-28.07199186656766,200,0.0,0,0.0,20.000000000000014,1684.6220000000012,36.393,46.28972604621771,1.0
132,5,10,0.0,-28.43631261101249,200,0.0,0,0.0,19.90000000000003,608.982000000001,59.11500000000001,10.301649327581847,1.0
132,6,10,1.0,9.515287743357414,11,0.6509990434690192,0,0.0,0.85,75.27199999999999,49.002,1.5361005673237824,1.0
132,7,10,0.0,-23.268893003153888,200,0.0,0,0.0,10.050000000000008,503.70200000000136,42.80499999999999,11.76736362574469,1.0
132,8,10,0.0,-23.210712867918065,200,0.0,0,0.0,10.000000000000007,1486.2000000000048,35.266,42.142573583621754,1.0
132,9,10,0.0,-23.094462009768534,200,0.0,0,0.0,10.000000000000007,2438.9249999999947,69.202,35.24356232478823,1.0
133,0,10,0.0,-13.240932987435144,12,0.0,10,1.0,0.1,8.982,31.994000000000003,0.28074013877602044,1.0
133,1,10,0.0,-30.711868295760855,200,0.0,0,0.0,25.0,1477.3999999999926,34.866,42.37365915218243,1.0
133,2,10,0.0,-22.350271399245656,200,0.0,0,0.0,10.050000000000008,961.1370000000031,20.947,45.884231632214785,1.0
133,3,10,0.0,-25.43440514469457,200,0.0,0,0.0,15.000000000000002,897.6000000000048,68.42,13.118971061093317,1.0
133,4,10,0.0,-25.690611101960137,200,0.0,0,0.0,15.000000000000002,2005.2819999999958,48.568000000000005,41.28813210344251,1.0
133,5,10,0.0,-25.512793322843287,200,0.0,0,0.0,15.000000000000004,883.9100000000028,14.616999999999997,60.47136895395792,1.0
133,6,10,0.0,-22.978418628181917,200,0.0,0,0.0,10.000000000000007,1729.3749999999973,37.556,46.04790179997863,1.0
133,7,10,0.0,-12.903522325626643,13,0.0,10,1.0,0.25,18.43,30.839000000000002,0.5976198968838159,1.0
133,8,10,1.0,10.704387128469662,2,1.0,0,0.0,0.2,8.142,8.142,1.0,1.0
133,9,10,0.0,-13.393631133838133,13,0.0,10,1.0,0.15000000000000002,13.341000000000001,20.338,0.6559642049365719,1.0
134,0,10,1.0,10.307244364262306,5,0.611184170595019,0,0.0,0.44999999999999996,49.427,30.209,1.6361680293952134,1.0
134,1,10,0.0,-25.32713214225517,200,0.0,0,0.0,15.000000000000004,2096.510999999994,47.464000000000006,44.17055031181514,1.0
134,2,10,1.0,9.939673644490364,8,0.7428256807261079,0,0.0,0.6,59.93599999999999,44.522,1.34621086204573,1.0
134,3,10,0.0,-25.521260879980833,200,0.0,0,0.0,15.000000000000004,1354.5999999999983,50.092000000000006,27.042242274215408,1.0
134,4,10,0.0,-30.76727584178797,200,0.0,0,0.0,24.55,518.4680000000004,34.005,15.246816644611098,1.0
134,5,10,1.0,10.490196558728641,4,0.9211211798803978,0,0.0,0.25,27.256999999999998,25.107,1.0856334886684988,1.0
134,6,10,0.0,-26.113319089920985,200,0.0,0,0.0,15.100000000000003,1145.4840000000042,26.679,42.93579219610946,1.0
134,7,10,1.0,10.13405952247506,6,0.6578423420101762,0,0.0,0.6,27.122,17.842,1.5201210626611368,1.0
134,8,10,0.0,-25.447988174575283,200,0.0,0,0.0,15.000000000000002,1039.5999999999976,39.914,26.045998897629843,1.0
134,9,10,0.0,-25.618424732357514,200,0.0,0,0.0,15.000000000000002,1131.8549999999998,50.347,22.481081295807094,1.0
135,0,10,0.0,-23.12327531339068,200,0.0,0,0.0,10.000000000000007,422.9869999999992,36.137,11.705094501480456,1.0
135,1,10,0.0,-25.724696693670268,200,0.0,0,0.0,15.000000000000002,1339.4510000000014,25.799,51.91871777975896,1.0
135,2,10,0.0,-27.295208547008553,200,0.0,0,0.0,17.45000000000003,547.064999999999,38.025000000000006,14.386982248520683,1.0
135,3,10,0.0,-23.467709621481546,200,0.0,0,0.0,10.10000000000001,1046.3010000000052,57.09100000000001,18.326899160988685,1.0
135,4,10,0.0,-28.100355546642252,200,0.0,0,0.0,19.950000000000017,1789.507999999997,69.80799999999999,25.634712353884904,1.0
135,5,10,1.0,10.440568118267803,4,0.9279557761732853,0,0.0,0.35,44.32,41.127,1.077637561699127,1.0
135,6,10,0.0,-25.886713841138153,200,0.0,0,0.0,15.000000000000002,1039.683999999998,53.984,19.259113811499663,1.0
135,7,10,0.0,-25.8614695926886,200,0.0,0,0.0,15.050000000000002,660.5269999999987,44.315,14.905269096242778,1.0
135,8,10,0.0,-30.90875342738913,200,0.0,0,0.0,24.849999999999998,317.71699999999896,20.059,15.839124582481626,1.0
135,9,10,0.0,-26.10138358473572,200,0.0,0,0.0,15.050000000000002,2107.0759999999946,34.407000000000004,61.23974772575332,1.0
136,0,10,0.0,-25.59182238124481,200,0.0,0,0.0,15.000000000000002,1166.0000000000014,37.45100000000001,31.134015113081123,1.0
136,1,10,0.0,-13.1982895401718,12,0.0,10,1.0,0.15000000000000002,17.214,41.559,0.41420630910272144,1.0
136,2,10,0.0,-25.643345157458818,200,0.0,0,0.0,14.950000000000003,1336.1460000000015,31.151,42.89255561619215,1.0
136,3,10,0.0,-28.212477695842438,200,0.0,0,0.0,19.900000000000013,2666.531999999999,63.329,42.10601778016389,1.0
136,4,10,0.0,-25.475974553329795,200,0.0,0,0.0,15.000000000000002,1354.5999999999983,44.328,30.55856343620281,1.0
136,5,10,1.0,10.462070775026909,4,0.9063783080613034,0,0.0,0.3,24.598999999999997,22.296,1.1032920703265159,1.0
136,6,10,1.0,10.729791666666666,2,1.0,0,0.0,0.15000000000000002,6.5280000000000005,6.5280000000000005,1.0,1.0
136,7,10,1.0,10.875,1,1.0,0,0.0,0.05,2.543,2.543,1.0,1.0
136,8,10,0.0,-13.19071177791386,12,0.0,10,1.0,0.2,11.286999999999999,48.989999999999995,0.23039395795060216,1.0
136,9,10,0.0,-23.26191486123094,200,0.0,0,0.0,10.100000000000009,755.3289999999998,19.709,38.32406514790197,1.0
137,0,10,0.0,-12.9,10,0.0,10,1.0,0.0,0.0,21.231,0.0,1.0
137,1,10,0.0,-35.43808261782891,200,0.0,8,0.0,19.150000000000006,1614.9750000000013,49.03299999999999,32.93649175045381,1.0
137,2,10,0.0,-22.75477738042018,200,0.0,0,0.0,10.000000000000007,1246.6789999999976,22.369999999999997,55.729950827000344,1.0
137,3,10,0.0,-23.160835355609418,200,0.0,0,0.0,10.000000000000007,1049.4980000000057,42.855999999999995,24.48893970505894,1.0
137,4,10,0.0,-28.293765868123717,200,0.0,0,0.0,20.05000000000003,813.4130000000033,30.012999999999998,27.10202245693544,1.0
137,5,10,0.0,-28.00649474235141,200,0.0,0,0.0,20.000000000000014,1820.896000000009,42.034000000000006,43.319598420326614,1.0
137,6,10,1.0,10.321834005726183,5,0.587888757124823,0,0.0,0.39999999999999997,52.282,30.735999999999997,1.7010020822488288,1.0
137,7,10,0.0,-23.202452988485877,200,0.0,0,0.0,10.050000000000008,966.2000000000031,51.849,18.63488206137058,1.0
137,8,10,0.0,-12.899999999999999,10,0.0,10,1.0,0.0,0.0,34.827999999999996,0.0,1.0
137,9,10,0.0,-25.379942067832435,200,0.0,0,0.0,15.000000000000004,1110.799999999998,46.261,24.011586433496852,1.0
138,0,10,0.0,-25.649301825993565,200,0.0,0,0.0,15.000000000000002,2006.3639999999957,53.998000000000005,37.156265046853505,1.0
138,1,10,0.0,-23.54518163705798,200,0.0,0,0.0,10.050000000000008,1031.9070000000022,60.230000000000004,17.132774364934452,1.0
138,2,10,1.0,10.31981543316332,5,0.7584393176189018,0,0.0,0.39999999999999997,35.933,27.253,1.318497046196749,1.0
138,3,10,0.0,-25.82042420225353,200,0.0,0,0.0,15.000000000000004,1002.9610000000034,10.561,94.9683742069883,1.0
138,4,10,0.0,-27.89289517699623,200,0.0,0,0.0,20.00000000000003,960.5999999999996,43.645,22.00939397410928,1.0
138,5,10,0.0,-25.57770218911514,200,0.0,0,0.0,15.000000000000002,936.358000000003,52.624,17.793364244451258,1.0
138,6,10,1.0,10.39786888827104,5,0.7644451191741308,0,0.0,0.25,32.935,25.177,1.3081383802677047,1.0
138,7,10,0.0,-25.36169280399805,200,0.0,0,0.0,15.000000000000002,1605.1879999999994,53.627,29.93245939545377,1.0
138,8,10,0.0,-27.269036427732072,200,0.0,0,0.0,20.000000000000014,2247.215000000008,26.381,85.18308631211887,1.0
138,9,10,0.0,-25.98889356781655,200,0.0,0,0.0,15.000000000000004,485.17400000000094,57.943000000000005,8.373297896208358,1.0
139,0,10,1.0,9.215279969827087,13,0.5140794654575827,0,0.0,1.1000000000000003,67.048,34.468,1.945224556110015,1.0
139,1,10,1.0,10.37137615995408,5,0.7940293972425841,0,0.0,0.3,26.329,20.906,1.2593992155362097,1.0
139,2,10,0.0,-24.584586327442196,200,0.0,0,0.0,15.000000000000004,2000.9839999999958,20.596,97.15401048747309,1.0
139,3,10,0.0,-25.573500029382416,200,0.0,0,0.0,15.000000000000002,1040.3289999999974,68.06800000000001,15.283672210142758,1.0
139,4,10,0.0,-25.60420352719583,200,0.0,0,0.0,15.000000000000002,1605.0739999999994,70.084,22.90214599623308,1.0
139,5,10,0.0,-26.064579201182397,200,0.0,0,0.0,15.150000000000002,1130.7629999999997,25.712999999999997,43.97631548244078,1.0
139,6,10,0.0,-23.604759367102552,200,0.0,0,0.0,10.15000000000001,1003.2700000000037,72.808,13.779667069552847,1.0
139,7,10,0.0,-26.230163735262376,200,0.0,0,0.0,15.050000000000002,774.996999999998,72.434,10.699353894579867,1.0
139,8,10,0.0,-25.92518973706985,200,0.0,0,0.0,15.000000000000002,624.5699999999991,56.631,11.028765163956121,1.0
139,9,10,0.0,-25.84227398326514,200,0.0,0,0.0,15.000000000000002,1039.6219999999978,25.695,40.46008951157804,1.0
140,0,10,0.0,-24.391881465606097,200,0.0,0,0.0,15.000000000000002,2673.7879999999923,24.263,110.20022256110094,1.0
140,1,10,0.0,-24.702289074437953,200,0.0,0,0.0,13.350000000000012,994.5930000000003,36.647999999999996,27.139079895219396,1.0
140,2,10,0.0,-26.11798231536545,200,0.0,0,0.0,15.000000000000002,624.2320000000028,31.779,19.64290883917061,1.0
140,3,10,0.0,-25.703159676681384,200,0.0,0,0.0,15.000000000000002,653.3529999999981,32.785,19.928412383712008,1.0
140,4,10,1.0,9.884799713654331,8,0.869103008006925,0,0.0,0.7000000000000002,36.967999999999996,32.129,1.1506115969995954,1.0
140,5,10,0.0,-27.923115218270613,200,0.0,0,0.0,20.000000000000014,2252.6000000000076,32.139,70.0892996048417,1.0
140,6,10,0.0,-25.500871966216607,200,0.0,0,0.0,15.000000000000002,1039.5999999999976,43.098000000000006,24.12176899160048,1.0
140,7,10,0.0,-23.114538322410823,200,0.0,0,0.0,10.000000000000007,981.7660000000026,42.57299999999999,23.06076621332776,1.0
140,8,10,0.0,-26.99597343416717,200,0.0,0,0.0,17.5,1327.8419999999976,72.19800000000001,18.391672899526267,1.0
140,9,10,0.0,-25.965667635136256,200,0.0,0,0.0,15.000000000000002,1337.836999999999,57.479,23.27523095391359,1.0
141,0,10,1.0,9.794215349943658,9,0.7439871825921718,0,0.0,0.7000000000000002,53.677,39.935,1.3441091774132965,1.0
141,1,10,0.0,-13.10343188478226,11,0.0,10,1.0,0.05,5.739,44.021,0.13036959632902478,1.0
141,2,10,0.0,-28.111568111309566,200,0.0,0,0.0,20.000000000000014,2260.6000000000076,42.548,53.13058193099576,1.0
141,3,10,1.0,10.606288187372709,3,0.9422129181386016,0,0.0,0.2,22.929000000000002,21.604,1.0613312349564896,1.0
141,4,10,0.0,-12.911661572101117,10,0.0,10,1.0,0.0,0.0,44.819,0.0,1.0
141,5,10,1.0,10.58550678868056,3,0.9239075495106374,0,0.0,0.25,21.763,20.107000000000003,1.0823593773312776,1.0
141,6,10,0.0,-12.899999999999999,10,0.0,10,1.0,0.0,0.0,34.277,0.0,1.0
141,7,10,1.0,10.875,1,1.0,0,0.0,0.05,3.422,3.422,1.0,1.0
141,8,10,0.0,-23.281327422049614,200,0.0,0,0.0,10.050000000000008,643.7810000000013,49.678999999999995,12.958815596127163,1.0
141,9,10,0.0,-12.98215858954915,11,0.0,10,1.0,0.1,3.771,58.023999999999994,0.06499034882117745,1.0
142,0,10,0.0,-23.352522086064436,200,0.0,0,0.0,10.000000000000007,3153.370000000009,17.544999999999998,179.7304075235115,1.0
142,1,10,0.0,-25.23626683193413,200,0.0,0,0.0,15.000000000000002,936.200000000003,17.749,52.74663361316148,1.0
142,2,10,0.0,-28.522471185822873,200,0.0,0,0.0,19.850000000000016,3765.654000000014,43.902,85.77408774087773,1.0
142,3,10,0.0,-25.55643804896274,200,0.0,0,0.0,15.000000000000004,685.6899999999995,53.510000000000005,12.814240328910474,1.0
142,4,10,0.0,-22.92481870081773,200,0.0,0,0.0,10.000000000000007,1457.4009999999946,25.924,56.21821478166929,1.0
142,5,10,1.0,10.345650372243293,5,0.6763766959297686,0,0.0,0.35,52.626,35.595,1.4784660766961653,1.0
142,6,10,0.0,-28.089640848117696,200,0.0,0,0.0,20.000000000000014,1822.743000000009,53.153,34.29238236788157,1.0
142,7,10,0.0,-27.862624056222963,200,0.0,0,0.0,20.000000000000014,1157.1999999999966,42.118,27.47518875540141,1.0
142,8,10,0.0,-23.36046055840912,200,0.0,0,0.0,10.300000000000013,683.6729999999972,34.849,19.618152601222338,1.0
142,9,10,0.0,-26.028913166689495,200,0.0,0,0.0,15.999999999999993,1356.8259999999998,51.167,26.517599233881207,1.0
143,0,10,0.0,-27.977638348600728,200,0.0,0,0.0,20.000000000000014,2250.601000000008,39.845,56.48390011293783,1.0
143,1,10,0.0,-25.750489953952258,200,0.0,0,0.0,15.000000000000002,2010.0989999999958,62.761,32.027835757875046,1.0
143,2,10,0.0,-23.453095428767504,200,0.0,0,0.0,10.100000000000009,1043.7530000000052,61.187000000000005,17.058411100397226,1.0
143,3,10,0.0,-28.074359958201367,200,0.0,0,0.0,20.000000000000014,1684.5170000000012,61.246,27.5041145544199,1.0
143,4,10,0.0,-23.896000612620018,200,0.0,0,0.0,10.050000000000008,1455.8970000000063,19.588,74.32596487645529,1.0
143,5,10,0.0,-26.003437029873282,200,0.0,0,0.0,15.000000000000002,2045.131999999994,37.224,54.94122071781631,1.0
143,6,10,1.0,10.460950670033016,4,0.8881031434608254,0,0.0,0.30000000000000004,23.191,20.596,1.1259953389007573,1.0
143,7,10,1.0,10.729629813328524,2,1.0,0,0.0,0.15000000000000002,11.089,11.089,1.0,1.0
143,8,10,0.0,-26.149847108622307,200,0.0,0,0.0,15.050000000000002,1168.3270000000043,45.359,25.757335920104154,1.0
143,9,10,0.0,-22.968105834987863,200,0.0,0,0.0,10.000000000000007,1727.490999999997,36.263999999999996,47.6365265828369,1.0
144,0,10,0.0,-28.734372705279654,200,0.0,0,0.0,19.950000000000017,2673.2259999999987,35.135000000000005,76.0844172477586,1.0
144,1,10,0.0,-27.991393626667783,200,0.0,0,0.0,19.850000000000016,1340.5730000000008,46.318,28.942808411416745,1.0
144,2,10,0.0,-28.089132639958837,200,0.0,0,0.0,19.70000000000001,1211.7050000000054,46.728,25.931026365348515,1.0
144,3,10,1.0,10.627830303030303,3,0.42059648228396634,0,0.0,0.2,11.769,4.95,2.3775757575757575,1.0
144,4,10,0.0,-23.574167803020536,200,0.0,0,0.0,10.100000000000009,700.3749999999975,38.867000000000004,18.01978542208036,1.0
144,5,10,0.0,-26.06203900350912,200,0.0,0,0.0,15.050000000000002,1181.259999999996,54.431000000000004,21.70197130311763,1.0
144,6,10,1.0,10.12518154228674,7,0.7773798357067736,0,0.0,0.39999999999999997,35.181,27.349,1.2863724450619767,1.0
144,7,10,1.0,10.318823575793415,5,1.0,0,0.0,0.4,25.365000000000002,25.365000000000002,1.0,1.0
144,8,10,0.0,-33.55729331770942,200,0.0,0,0.0,29.649999999999896,916.6039999999973,32.429,28.264948040334183,1.0
144,9,10,0.0,-27.81976733910673,200,0.0,0,0.0,19.950000000000017,3787.735000000014,39.607000000000006,95.63296891963576,1.0
145,0,10,0.0,-13.06747164591978,12,0.0,10,1.0,0.30000000000000004,14.043,46.99499999999999,0.29881902330035115,1.0
145,1,10,0.0,-28.419823049629002,200,0.0,0,0.0,19.800000000000022,632.8199999999988,65.10300000000001,9.720289387585806,1.0
145,2,10,0.0,-13.066138085208587,12,0.0,10,1.0,0.2,25.061999999999998,54.126,0.46303070613014075,1.0
145,3,10,0.0,-23.06941346883414,200,0.0,0,0.0,10.000000000000007,621.1999999999991,43.493,14.282758144988827,1.0
145,4,10,0.0,-14.053472796875605,18,0.0,10,1.0,0.7999999999999999,69.77000000000001,51.722,1.3489424229534823,1.0
145,5,10,0.0,-13.640039763432739,18,0.0,10,1.0,0.9,48.032000000000004,39.735,1.208808355354222,1.0
145,6,10,0.0,-23.29192331064658,200,0.0,0,0.0,10.050000000000008,899.1589999999986,16.456,54.64019202722403,1.0
145,7,10,1.0,10.243026420499762,5,0.809525854664147,0,0.0,0.5499999999999999,23.284000000000002,18.849,1.2352909968698607,1.0
145,8,10,0.0,-25.4874563766865,200,0.0,0,0.0,14.950000000000003,1336.1460000000015,47.509,28.12406070428764,1.0
145,9,10,0.0,-22.986573108287548,200,0.0,0,0.0,10.000000000000007,2115.6320000000082,52.730000000000004,40.12197989759166,1.0
146,0,10,0.0,-25.419236417033737,200,0.0,0,0.0,15.000000000000002,956.9999999999983,59.24700000000001,16.1527165932452,1.0
146,1,10,0.0,-12.933624098460653,11,0.0,10,1.0,0.1,3.683,27.869,0.13215400624349635,1.0
146,2,10,0.0,-13.128783128032847,11,0.0,10,1.0,0.05,4.11,32.147999999999996,0.12784621127286303,1.0
146,3,10,0.0,-25.72640540460627,200,0.0,0,0.0,15.000000000000004,940.687000000003,33.823,27.81205097123268,1.0
146,4,10,0.0,-25.67574144633034,200,0.0,0,0.0,15.050000000000002,2116.3579999999947,51.96600000000001,40.72582072893805,1.0
146,5,10,0.0,-27.897572785399475,200,0.0,0,0.0,20.000000000000014,1683.2580000000012,32.218,52.24588739214107,1.0
146,6,10,1.0,10.205799469692298,6,0.6966065292096221,0,0.0,0.45,46.56,32.434000000000005,1.4355306160202255,1.0
146,7,10,1.0,10.522920057443754,4,0.7634923857868021,0,0.0,0.2,24.625,18.801000000000002,1.3097707568746342,1.0
146,8,10,0.0,-25.968669128508154,200,0.0,0,0.0,15.050000000000002,916.651000000003,13.54,67.69948301329417,1.0
146,9,10,0.0,-25.2673443231393,200,0.0,0,0.0,15.050000000000002,1021.5590000000025,46.073,22.172617368089824,1.0
147,0,10,0.0,-28.09300173729137,200,0.0,0,0.0,20.000000000000014,1822.743000000009,52.955999999999996,34.419952413324445,1.0
147,1,10,0.0,-25.48693493598117,200,0.0,0,0.0,15.000000000000004,353.3999999999994,45.92400000000001,7.69532270708125,1.0
147,2,10,0.0,-25.72628089820713,200,0.0,0,0.0,15.150000000000002,873.4249999999961,33.577999999999996,26.01182321758283,1.0
147,3,10,0.0,-23.034331839950642,200,0.0,0,0.0,10.000000000000007,861.153,38.83800000000001,22.172949173489876,1.0
147,4,10,0.0,-13.376168898568974,18,0.0,10,1.0,0.39999999999999997,38.95099999999999,58.769000000000005,0.6627813983562761,1.0
147,5,10,0.0,-23.028805888610908,200,0.0,0,0.0,10.000000000000007,1687.231999999999,34.778999999999996,48.51295321889644,1.0
147,6,10,0.0,-25.502852873346733,200,0.0,0,0.0,14.950000000000003,1336.1460000000015,21.247,62.88633689462049,1.0
147,7,10,0.0,-23.0886616619208,200,0.0,0,0.0,10.000000000000007,822.0000000000023,46.355999999999995,17.73233238415744,1.0
147,8,10,0.0,-14.1296727162275,18,0.0,10,1.0,0.8,48.616,13.169,3.691700205026957,1.0
147,9,10,0.0,-23.559372682811404,200,0.0,0,0.0,10.15000000000001,1663.5039999999979,50.70800000000001,32.805553364360605,1.0
148,0,10,0.0,-25.764125489908782,200,0.0,0,0.0,15.000000000000004,2029.6239999999939,54.602000000000004,37.17123914874902,1.0
148,1,10,0.0,-12.958942820481978,11,0.0,10,1.0,0.1,6.736,49.87800000000001,0.1350495208308272,1.0
148,2,10,0.0,-22.963478771507432,200,0.0,0,0.0,10.000000000000007,764.8480000000006,51.087,14.971480024272331,1.0
148,3,10,0.0,-25.587908269631733,200,0.0,0,0.0,15.000000000000002,1605.0739999999994,63.316,25.350211636869027,1.0
148,4,10,0.0,-28.52021922536109,200,0.0,0,0.0,20.05000000000003,1047.641000000003,39.115,26.78361242490101,1.0
148,5,10,0.0,-13.427086718847061,14,0.0,10,1.0,0.35000000000000003,23.738999999999997,40.245,0.5898620946701453,1.0
148,6,10,0.0,-25.437735290770398,200,0.0,0,0.0,15.000000000000004,1244.0649999999985,52.721999999999994,23.596695876484173,1.0
148,7,10,0.0,-13.170110218095274,11,0.0,10,1.0,0.05,13.303,51.262,0.2595099683976435,1.0
148,8,10,1.0,10.615755222574649,3,0.8252549869121762,0,0.0,0.2,11.079,9.143,1.211746691457946,1.0
148,9,10,0.0,-22.90338325350151,200,0.0,0,0.0,10.000000000000007,966.148000000005,32.986,29.289638028254565,1.0
149,0,10,1.0,10.85,1,1.0,0,0.0,0.1,13.531,13.531,1.0,1.0
149,1,10,0.0,-24.97718383311609,200,0.0,0,0.0,15.000000000000004,1166.9930000000031,14.573,80.07911891854822,1.0
149,2,10,0.0,-22.9738807278743,200,0.0,0,0.0,10.050000000000008,715.2839999999975,60.45,11.832655086848593,1.0
149,3,10,0.0,-25.924194733439098,200,0.0,0,0.0,15.150000000000004,2104.984999999994,68.052,30.932007876329777,1.0
149,4,10,0.0,-12.818446965052116,11,0.0,10,1.0,0.05,7.204,32.620000000000005,0.22084610668301652,1.0
149,5,10,0.0,-22.859376993941975,200,0.0,0,0.0,10.000000000000007,2168.8650000000034,27.897000000000002,77.74545650069912,1.0
149,6,10,0.0,-25.415274059028107,200,0.0,0,0.0,15.000000000000004,2004.3999999999958,64.986,30.843566306589043,1.0
149,7,10,0.0,-28.808240337813892,200,0.0,0,0.0,20.000000000000014,1486.5379999999973,31.023,47.91728717403208,1.0
149,8,10,0.0,-24.664981227582057,200,0.0,0,0.0,13.350000000000012,1143.3449999999982,29.831000000000003,38.32741108243096,1.0
149,9,10,0.0,-28.096573550714375,200,0.0,0,0.0,19.950000000000017,1682.5110000000013,35.207,47.7891044394581,1.0
150,0,10,0.0,-25.818938993127528,200,0.0,0,0.0,15.100000000000003,1030.8899999999962,73.336,14.057079742554766,1.0
150,1,10,0.0,-22.646316726835217,200,0.0,0,0.0,10.000000000000007,983.2210000000025,20.775000000000002,47.32712394705186,1.0
150,2,10,1.0,10.13244253362847,6,0.5555371627214037,0,0.0,0.6,42.287,23.492,1.8000595947556615,1.0
150,3,10,0.0,-25.286829899346817,200,0.0,0,0.0,15.000000000000004,1028.4220000000025,31.692999999999998,32.4494998895656,1.0
150,4,10,0.0,-25.586547348540716,200,0.0,0,0.0,14.100000000000009,852.239999999999,33.887,25.149467347360314,1.0
150,5,10,0.0,-26.123467246673513,200,0.0,0,0.0,15.150000000000004,964.886,50.804,18.99232343909928,1.0
150,6,10,0.0,-25.77850172737737,200,0.0,0,0.0,15.000000000000004,2098.7999999999943,32.998,63.60385477907735,1.0
150,7,10,0.0,-24.70124633866005,200,0.0,0,0.0,13.350000000000012,402.52899999999914,53.942,7.46225575618255,1.0
150,8,10,0.0,-25.423045731020594,200,0.0,0,0.0,15.000000000000004,1026.6720000000025,44.39,23.12845235413387,1.0
150,9,10,0.0,-25.430535568433722,200,0.0,0,0.0,15.000000000000002,1108.8179999999977,51.422,21.56310528567535,1.0
151,0,10,1.0,10.483607846073221,4,0.9837598968882341,0,0.0,0.25,27.155,26.714,1.0165081979486412,1.0
151,1,10,0.0,-12.895404708089897,11,0.0,10,1.0,0.05,8.029,46.897999999999996,0.17120133054714487,1.0
151,2,10,0.0,-22.54244016837049,200,0.0,0,0.0,10.10000000000001,364.9809999999992,16.63,21.94714371617554,1.0
151,3,10,0.0,-12.92936724490107,11,0.0,10,1.0,0.05,5.783,32.801,0.176305600439011,1.0
151,4,10,0.0,-14.316262138156382,22,0.0,10,1.0,0.6,86.54400000000001,65.18700000000001,1.327626674030098,1.0
151,5,10,0.0,-25.495730008676972,200,0.0,0,0.0,15.000000000000002,627.2000000000005,43.794000000000004,14.32159656573961,1.0
151,6,10,0.0,-25.5642052194543,200,0.0,0,0.0,15.000000000000004,935.762000000003,40.464,23.125790826413677,1.0
151,7,10,0.0,-25.785444752455934,200,0.0,0,0.0,14.950000000000003,1108.558999999998,41.123999999999995,26.956497422429678,1.0
151,8,10,0.0,-27.907054582904248,200,0.0,0,0.0,20.000000000000014,1822.4700000000091,19.42,93.84500514933104,1.0
151,9,10,0.0,-25.623894706471443,200,0.0,0,0.0,15.000000000000002,1355.1269999999984,58.921,22.99904957485444,1.0
152,0,10,0.0,-32.970992637274826,200,0.0,0,0.0,30.000000000000004,1418.6930000000027,45.092,31.462188414796476,1.0
152,1,10,1.0,10.755774417139257,2,0.933639251676668,0,0.0,0.1,8.498999999999999,7.935,1.0710775047258978,1.0
152,2,10,0.0,-23.824488549950125,200,0.0,0,0.0,10.050000000000008,1006.6309999999982,23.013,43.741841567809416,1.0
152,3,10,0.0,-28.01443504130328,200,0.0,0,0.0,19.950000000000017,1810.697000000009,34.622,52.29902951880333,1.0
152,4,10,0.0,-27.129028302645317,200,0.0,0,0.0,16.749999999999996,1319.7790000000002,74.62200000000001,17.686191739701428,1.0
152,5,10,0.0,-23.165178142963246,200,0.0,0,0.0,10.050000000000008,2640.7480000000032,57.931,45.584367609742685,1.0
152,6,10,0.0,-22.95205701328155,200,0.0,0,0.0,10.000000000000007,824.6259999999977,30.869999999999997,26.712860382248063,1.0
152,7,10,0.0,-27.930424864556603,200,0.0,0,0.0,20.000000000000014,1521.1869999999972,49.098,30.98266731842432,1.0
152,8,10,0.0,-25.571609954291464,200,0.0,0,0.0,15.000000000000004,1163.4030000000032,27.566,42.20427338025115,1.0
152,9,10,0.0,-25.637903589525976,200,0.0,0,0.0,15.000000000000004,1039.5999999999976,37.693,27.580717905181274,1.0
153,0,10,0.0,-23.069266055045794,200,0.0,0,0.0,10.000000000000007,961.2000000000031,30.52,31.494102228047286,1.0
153,1,10,0.0,-25.275523436805116,200,0.0,0,0.0,15.000000000000004,1168.3349999999996,11.243,103.9166592546473,1.0
153,2,10,0.0,-25.82890261331154,200,0.0,0,0.0,15.000000000000002,614.7179999999993,39.184000000000005,15.687984891792548,1.0
153,3,10,0.0,-23.47272105034615,200,0.0,0,0.0,10.050000000000008,2653.492000000003,43.757,60.641543067395,1.0
153,4,10,0.0,-27.943066948620853,200,0.0,0,0.0,20.000000000000014,2257.0000000000077,43.033,52.44812120930467,1.0
153,5,10,0.0,-26.241062147451768,200,0.0,0,0.0,15.250000000000004,1040.9390000000026,50.525000000000006,20.60245423057897,1.0
153,6,10,0.0,-22.999078745338885,200,0.0,0,0.0,10.000000000000007,1663.999999999998,45.589999999999996,36.49923228778237,1.0
153,7,10,0.0,-25.6385796130148,200,0.0,0,0.0,15.000000000000002,1603.5539999999994,18.502000000000002,86.66922494865416,1.0
153,8,10,0.0,-25.418767821161087,200,0.0,0,0.0,15.000000000000004,1246.9999999999984,52.606,23.70452039691287,1.0
153,9,10,0.0,-22.892681527618457,200,0.0,0,0.0,10.000000000000007,1047.6000000000058,48.808,21.463694476315478,1.0
154,0,10,1.0,10.392561876475517,5,0.2867155770994367,0,0.0,0.3,45.797999999999995,13.131,3.4877770162211554,1.0
154,1,10,0.0,-25.512166425545953,200,0.0,0,0.0,15.000000000000002,1605.7999999999995,57.37100000000001,27.989750919454067,1.0
154,2,10,0.0,-25.97362974482217,200,0.0,0,0.0,14.950000000000003,1113.527999999998,56.588,19.67781155015194,1.0
154,3,10,1.0,10.46810309586719,4,0.7170330652368185,0,0.0,0.30000000000000004,27.974999999999998,20.058999999999997,1.3946358243182613,1.0
154,4,10,0.0,-14.713786583205383,25,0.0,10,1.0,1.1500000000000004,186.09700000000004,42.335,4.395819062241645,1.0
154,5,10,1.0,10.470942600403447,4,0.6150462440785023,0,0.0,0.3,26.598,16.359,1.625894003300935,1.0
154,6,10,0.0,-25.94512170656672,200,0.0,0,0.0,14.950000000000003,640.1179999999989,37.385,17.122321786812865,1.0
154,7,10,0.0,-13.259458691122923,15,0.0,10,1.0,0.39999999999999997,60.669999999999995,51.35699999999999,1.1813384738205115,1.0
154,8,10,0.0,-28.234832985386223,200,0.0,0,0.0,20.05000000000003,947.2539999999987,37.840999999999994,25.032478000052823,1.0
154,9,10,0.0,-13.614611693438608,15,0.0,10,1.0,0.4,64.97,58.76800000000001,1.105533623740811,1.0
155,0,10,0.0,-22.893101147103295,200,0.0,0,0.0,10.050000000000008,969.3920000000032,27.722,34.968328403434214,1.0
155,1,10,0.0,-28.18510798669199,200,0.0,0,0.0,19.90000000000003,814.8440000000033,53.201,15.316328640439153,1.0
155,2,10,0.0,-25.89734163810693,200,0.0,0,0.0,14.950000000000003,529.5169999999979,25.968999999999998,20.390350032731256,1.0
155,3,10,0.0,-22.80007532031595,200,0.0,0,0.0,10.000000000000007,927.399999999995,24.429000000000002,37.963076671169304,1.0
155,4,10,1.0,9.287230774646234,12,0.829547003056318,0,0.0,1.1500000000000001,51.369,42.613,1.20547720179288,1.0
155,5,10,0.0,-25.472390781407526,200,0.0,0,0.0,15.000000000000004,1599.9829999999995,64.43499999999999,24.830961434003257,1.0
155,6,10,0.0,-25.45583492209112,200,0.0,0,0.0,15.000000000000004,1290.7999999999945,69.76100000000001,18.503175126503265,1.0
155,7,10,0.0,-27.915940500111518,200,0.0,0,0.0,19.950000000000017,909.627000000002,35.832,25.38588412592102,1.0
155,8,10,0.0,-25.52273101630707,200,0.0,0,0.0,15.000000000000002,819.8000000000027,48.568000000000005,16.879426783067093,1.0
155,9,10,0.0,-32.97015279815558,200,0.0,0,0.0,29.800000000000004,1415.0570000000027,47.71,29.659547264724434,1.0
156,0,10,0.0,-12.899999999999999,10,0.0,10,1.0,0.0,0.0,27.896,0.0,1.0
156,1,10,0.0,-27.9563010995207,200,0.0,0,0.0,20.000000000000014,1820.1400000000092,42.564,42.762428343201044,1.0
156,2,10,1.0,10.37696623593164,5,0.7159484302256179,0,0.0,0.3,33.507999999999996,23.990000000000002,1.3967486452688618,1.0
156,3,10,0.0,-25.047387663968692,200,0.0,0,0.0,15.000000000000004,1115.422999999998,21.497999999999998,51.88496604335278,1.0
156,4,10,0.0,-13.436740530099797,13,0.0,10,1.0,0.25,31.482,37.276,0.8445648674750509,1.0
156,5,10,0.0,-25.43536191119805,200,0.0,0,0.0,15.000000000000004,1025.2050000000024,54.751000000000005,18.724863472813325,1.0
156,6,10,0.0,-12.899999999999999,10,0.0,10,1.0,0.0,0.0,34.086999999999996,0.0,1.0
156,7,10,1.0,10.321855092899801,5,0.8696059868361735,0,0.0,0.39999999999999997,55.455,48.224000000000004,1.1499460849369607,1.0
156,8,10,1.0,10.875,1,1.0,0,0.0,0.05,7.812,7.812,1.0,1.0
156,9,10,0.0,-13.916757800792567,13,0.0,10,1.0,0.2,24.008000000000003,30.029000000000003,0.7994938226381165,1.0
157,0,10,0.0,-24.823699022765705,200,0.0,0,0.0,13.350000000000012,809.6349999999992,18.317,44.201288420592846,1.0
157,1,10,0.0,-13.554564595257567,14,0.0,10,1.0,0.39999999999999997,12.053,19.567999999999998,0.6159546197874082,1.0
157,2,10,0.0,-12.991133731527437,11,0.0,10,1.0,0.1,3.916,71.322,0.05490591963209108,1.0
157,3,10,0.0,-26.68247914220384,200,0.0,0,0.0,16.649999999999995,845.2919999999988,32.362,26.119893702490536,1.0
157,4,10,0.0,-13.122534873044462,11,0.0,10,1.0,0.1,3.562,28.317,0.1257901613871526,1.0
157,5,10,0.0,-12.840225939408526,11,0.0,10,1.0,0.1,14.922,66.478,0.22446523661963358,1.0
157,6,10,0.0,-13.083808124999997,11,0.0,10,1.0,0.05,7.177,32.0,0.22428125,1.0
157,7,10,0.0,-28.092280307288675,200,0.0,0,0.0,20.000000000000014,1822.743000000009,53.37,34.15295109612159,1.0
157,8,10,0.0,-13.1927690327111,14,0.0,10,1.0,0.25,16.092,34.178,0.47082918836678567,1.0
157,9,10,0.0,-25.569664332822228,200,0.0,0,0.0,15.000000000000004,2092.0769999999943,54.13100000000001,38.648408490513646,1.0
158,0,10,1.0,10.633738854997654,3,0.7896614016397241,0,0.0,0.15000000000000002,21.589,17.048000000000002,1.2663655560769589,1.0
158,1,10,0.0,-23.133911952178103,200,0.0,0,0.0,10.000000000000007,936.8529999999961,30.278999999999996,30.940684963175674,1.0
158,2,10,0.0,-25.44098762104609,200,0.0,0,0.0,15.000000000000002,1164.246000000003,51.943,22.413915253258438,1.0
158,3,10,0.0,-22.992501835863877,200,0.0,0,0.0,10.050000000000008,3119.155000000009,50.385000000000005,61.90642056167527,1.0
158,4,10,0.0,-25.77525195151361,200,0.0,0,0.0,14.950000000000035,1217.1909999999984,47.271,25.749211990438077,1.0
158,5,10,0.0,-25.553164688821212,200,0.0,0,0.0,15.000000000000002,659.7109999999981,48.958999999999996,13.474764598950104,1.0
158,6,10,0.0,-25.592165419783907,200,0.0,0,0.0,15.000000000000002,1603.9799999999993,67.368,23.80922693266832,1.0
158,7,10,0.0,-27.94897079049813,200,0.0,0,0.0,20.000000000000014,3797.4360000000142,42.897000000000006,88.52451220365093,1.0
158,8,10,0.0,-27.83492374666487,200,0.0,0,0.0,20.000000000000014,1813.702000000009,35.605000000000004,50.93953096475239,1.0
158,9,10,0.0,-25.47296650406498,200,0.0,0,0.0,15.000000000000004,901.399999999996,30.750000000000004,29.31382113821125,1.0
159,0,10,0.0,-25.726783661771034,200,0.0,0,0.0,15.050000000000002,926.4820000000032,67.339,13.75847577184103,1.0
159,1,10,0.0,-25.066414437012266,200,0.0,0,0.0,13.400000000000013,712.9989999999989,28.704,24.839708751393495,1.0
159,2,10,1.0,10.58737691435054,3,1.0,0,0.0,0.25,35.260000000000005,35.260000000000005,1.0,1.0
159,3,10,1.0,9.020244706947057,8,0.7533010405453894,1,0.0,0.44999999999999996,55.739999999999995,41.989,1.3274905332348947,1.0
159,4,10,0.0,-27.499643715123373,200,0.0,2,0.0,14.850000000000003,2072.102999999994,52.864999999999995,39.19612219805153,1.0
159,5,10,0.0,-23.017139071287648,200,0.0,0,0.0,10.000000000000007,1735.7719999999972,67.92200000000001,25.555372338859236,1.0
159,6,10,0.0,-25.55424223612903,200,0.0,0,0.0,15.000000000000004,1352.9889999999982,59.602999999999994,22.70001509991105,1.0
159,7,10,0.0,-13.237854301722983,14,0.0,10,1.0,0.35,19.406,52.293,0.3711012946283441,1.0
159,8,10,0.0,-25.37940117491003,200,0.0,0,0.0,15.000000000000004,1109.3979999999979,26.384999999999998,42.046541595603486,1.0
159,9,10,0.0,-25.358407752232605,200,0.0,0,0.0,15.000000000000004,1164.380000000003,26.315,44.24776743302311,1.0
160,0,10,0.0,-25.45814585139987,200,0.0,0,0.0,15.000000000000004,1605.7999999999995,61.11699999999999,26.274195395716408,1.0
160,1,10,0.0,-31.17770603377671,200,0.0,0,0.0,26.350000000000026,2566.788000000008,51.278,50.056320449315656,1.0
160,2,10,0.0,-13.760927614869543,12,0.0,10,1.0,0.2,14.606000000000002,34.648,0.4215539136458093,1.0
160,3,10,1.0,10.475869663736065,4,0.3160503022143287,0,0.0,0.3,34.909,11.033000000000001,3.16405329466147,1.0
160,4,10,1.0,10.754231482626437,2,1.0,0,0.0,0.1,8.087,8.087,1.0,1.0
160,5,10,0.0,-22.835034635535685,200,0.0,0,0.0,12.500000000000014,704.5320000000002,28.439,24.773444917191185,1.0
160,6,10,0.0,-13.482463160182569,12,0.0,10,1.0,0.15000000000000002,8.507,23.005,0.36978917626602914,1.0
160,7,10,0.0,-25.623092342034543,200,0.0,0,0.0,15.000000000000002,2093.7099999999946,43.902,47.69053801649115,1.0
160,8,10,1.0,10.636678086980842,3,1.0,0,0.0,0.15000000000000002,14.302,14.302,1.0,1.0
160,9,10,0.0,-28.171316465230916,200,0.0,0,0.0,20.00000000000003,1242.4280000000026,29.207,42.53870647447538,1.0
161,0,10,0.0,-25.91639696325784,200,0.0,0,0.0,15.000000000000004,2008.5369999999896,48.473,41.436201596764995,1.0
161,1,10,0.0,-23.067003872584394,200,0.0,0,0.0,10.050000000000008,983.3860000000026,52.678000000000004,18.667868939595323,1.0
161,2,10,0.0,-28.09390014622937,200,0.0,0,0.0,20.000000000000014,2673.0849999999987,47.870000000000005,55.84050553582616,1.0
161,3,10,0.0,-25.926514441509667,200,0.0,0,0.0,15.000000000000004,1026.6720000000025,11.737,87.4731191957061,1.0
161,4,10,0.0,-25.2679640718563,200,0.0,0,0.0,15.000000000000004,1113.7949999999978,18.704,59.54849230111194,1.0
161,5,10,0.0,-26.658755756318698,200,0.0,0,0.0,19.950000000000024,558.4969999999993,28.447,19.632896263226325,1.0
161,6,10,0.0,-25.72542861438382,200,0.0,0,0.0,15.050000000000002,953.1050000000032,36.583,26.053221441653317,1.0
161,7,10,0.0,-25.49485702091338,200,0.0,0,0.0,15.000000000000004,2092.9629999999943,46.86000000000001,44.664169867690866,1.0
161,8,10,0.0,-27.95024850390495,200,0.0,0,0.0,20.000000000000014,1215.6490000000053,59.154,20.55057984244523,1.0
161,9,10,1.0,9.990932632675282,8,0.5020320855614974,0,0.0,0.49999999999999994,42.074999999999996,21.122999999999998,1.991904559011504,1.0
162,0,10,0.0,-23.016956796247865,200,0.0,0,0.0,10.000000000000007,2116.6800000000085,66.52199999999999,31.819247767655945,1.0
162,1,10,0.0,-12.835224125768415,11,0.0,10,1.0,0.05,10.022,49.615,0.20199536430514964,1.0
162,2,10,0.0,-22.870381998953423,200,0.0,0,0.0,10.000000000000007,963.8250000000031,57.33000000000001,16.811878597592933,1.0
162,3,10,1.0,10.592311941879824,3,0.7194424783579246,0,0.0,0.25,18.366999999999997,13.214,1.3899651884365065,1.0
162,4,10,0.0,-24.181522773711343,200,0.0,0,0.0,11.950000000000015,814.7490000000004,38.663000000000004,21.07309313814242,1.0
162,5,10,0.0,-12.641669245957626,11,0.0,10,1.0,0.05,15.721,37.478,0.4194727573509792,1.0
162,6,10,0.0,-25.307551127425345,200,0.0,0,0.0,15.000000000000004,797.6389999999983,11.442,69.71150148575408,1.0
162,7,10,0.0,-13.097172748150037,13,0.0,10,1.0,0.25,13.415,31.352,0.4278833886195458,1.0
162,8,10,0.0,-14.54215584701863,22,0.0,10,1.0,0.6,180.14999999999998,27.219,6.618538520886145,1.0
162,9,10,0.0,-13.30744511761387,13,0.0,10,1.0,0.2,13.438,40.769000000000005,0.3296131864897348,1.0
163,0,10,0.0,-25.463851715988838,200,0.0,0,0.0,15.000000000000002,1601.0949999999993,28.351,56.474022080349876,1.0
163,1,10,0.0,-25.604999570418983,200,0.0,0,0.0,14.950000000000003,1718.5490000000016,46.557,36.912795068410794,1.0
163,2,10,1.0,10.612709263794843,3,0.7067868234814928,0,0.0,0.2,19.641,13.882,1.4148537674686643,1.0
163,3,10,0.0,-26.012471348077682,200,0.0,0,0.0,15.050000000000002,647.8219999999989,78.267,8.277077184509421,1.0
163,4,10,1.0,10.7050652027784,2,0.9971401760579113,0,0.0,0.2,22.379,22.314999999999998,1.0028680259914857,1.0
163,5,10,0.0,-28.322328349944716,200,0.0,0,0.0,20.000000000000014,1456.561000000006,14.448,100.81402270210451,1.0
163,6,10,0.0,-12.67632660623682,13,0.0,10,1.0,0.25,38.916,52.623,0.7395245425004275,1.0
163,7,10,0.0,-25.8502072649572,200,0.0,0,0.0,15.000000000000002,785.7360000000017,14.040000000000001,55.96410256410268,1.0
163,8,10,1.0,10.754611481129084,2,0.95821303753229,0,0.0,0.1,6.5809999999999995,6.306,1.0436092610212495,1.0
163,9,10,1.0,10.606612303724493,3,0.9974275554210486,0,0.0,0.2,13.217,13.183,1.0025790791170448,1.0
164,0,10,1.0,10.703831384747398,2,1.0,0,0.0,0.2,9.323,9.323,1.0,1.0
164,1,10,0.0,-23.075621587080278,200,0.0,0,0.0,10.050000000000008,969.0570000000032,60.248999999999995,16.08420056764433,1.0
164,2,10,0.0,-12.933019222659544,12,0.0,10,1.0,0.1,12.655000000000001,56.912,0.22236083778465002,1.0
164,3,10,0.0,-13.085011126417296,14,0.0,10,1.0,0.35,38.913,37.748,1.0308625622549539,1.0
164,4,10,0.0,-13.339967397349593,12,0.0,10,1.0,0.1,12.527000000000001,52.143,0.2402431774159523,1.0
164,5,10,0.0,-13.23950379222524,14,0.0,10,1.0,0.3,23.439999999999998,35.731,0.6560129859225882,1.0
164,6,10,0.0,-25.791485486624957,200,0.0,0,0.0,15.000000000000004,971.6570000000041,42.168,23.042520394612126,1.0
164,7,10,0.0,-25.43982162368194,200,0.0,0,0.0,15.000000000000004,1023.4110000000026,39.355000000000004,26.004599161478907,1.0
164,8,10,1.0,10.059573433069326,7,0.6966977195701416,0,0.0,0.55,58.717,40.908,1.4353427202503177,1.0
164,9,10,0.0,-25.591847462486797,200,0.0,0,0.0,15.000000000000002,1421.5999999999935,52.315000000000005,27.173850712032753,1.0
165,0,10,0.0,-25.52501523206498,200,0.0,0,0.0,15.000000000000004,2096.1659999999943,50.22299999999999,41.73717221193466,1.0
165,1,10,0.0,-28.019649438202165,200,0.0,0,0.0,20.000000000000014,1682.8780000000013,55.62500000000001,30.253986516853953,1.0
165,2,10,0.0,-25.628713143428236,200,0.0,0,0.0,14.900000000000002,459.36600000000146,24.012,19.130684657671225,1.0
165,3,10,0.0,-25.573779256501922,200,0.0,0,0.0,15.000000000000004,1026.8000000000025,60.71300000000001,16.912358144054853,1.0
165,4,10,0.0,-28.081746353322544,200,0.0,0,0.0,20.000000000000014,1826.000000000009,44.424,41.1039077975871,1.0
165,5,10,0.0,-25.58714676390149,200,0.0,0,0.0,15.000000000000004,1039.5999999999976,32.910000000000004,31.589182619264587,1.0
165,6,10,0.0,-25.563281091358828,200,0.0,0,0.0,15.000000000000004,1342.1010000000015,54.17099999999999,24.77526720939251,1.0
165,7,10,0.0,-25.468493114655466,200,0.0,0,0.0,15.000000000000004,2094.816999999994,53.229,39.35480659039234,1.0
165,8,10,1.0,10.465172448979592,4,0.5976338577875351,0,0.0,0.3,16.398,9.8,1.6732653061224487,1.0
165,9,10,0.0,-26.24775068997242,200,0.0,0,0.0,16.649999999999995,863.793000000001,39.132000000000005,22.073827046918147,1.0
166,0,10,0.0,-28.014851646030312,200,0.0,0,0.0,20.000000000000014,1682.8780000000013,30.770999999999997,54.69039030255765,1.0
166,1,10,1.0,10.317511661436688,5,0.9242044207556043,0,0.0,0.4,12.758000000000001,11.791,1.0820117038419135,1.0
166,2,10,1.0,10.3053140276094,5,0.7329874448202719,0,0.0,0.44999999999999996,34.885999999999996,25.571,1.364279848265613,1.0
166,3,10,0.0,-13.026716737629915,12,0.0,10,1.0,0.2,8.361,37.812999999999995,0.2211144315447069,1.0
166,4,10,0.0,-12.923430270984799,12,0.0,10,1.0,0.1,8.106,25.721,0.3151510438940943,1.0
166,5,10,1.0,10.505804880355623,4,0.5338550870992174,0,0.0,0.25,19.805,10.573,1.873167502128062,1.0
166,6,10,0.0,-31.572033026591875,200,0.0,0,0.0,26.300000000000022,2553.1640000000084,43.359,58.88429161189161,1.0
166,7,10,0.0,-25.690912599433695,200,0.0,0,0.0,14.950000000000003,1350.6549999999984,59.336,22.76282526628014,1.0
166,8,10,0.0,-29.74444820560008,200,0.0,0,0.0,23.40000000000002,744.4499999999989,30.428,24.465952412251838,1.0
166,9,10,0.0,-23.053122322463587,200,0.0,0,0.0,10.000000000000007,908.3060000000035,59.522999999999996,15.259748332577383,1.0
167,0,10,1.0,10.590341928602797,3,0.8026892279800575,0,0.0,0.25,39.714,31.878,1.245812158855637,1.0
167,1,10,0.0,-25.47761904761905,200,0.0,0,0.0,15.000000000000004,733.0620000000004,35.7,20.53394957983194,1.0
167,2,10,0.0,-25.934279995091604,200,0.0,0,0.0,15.050000000000002,755.3589999999983,32.597,23.17265392520779,1.0
167,3,10,0.0,-28.398400796283976,200,0.0,0,0.0,20.000000000000014,3759.158000000014,27.125999999999998,138.58136105581414,1.0
167,4,10,0.0,-25.43301392955372,200,0.0,0,0.0,15.000000000000002,703.5999999999996,45.084,15.606423564901062,1.0
167,5,10,0.0,-24.480256174368428,200,0.0,0,0.0,12.500000000000014,1113.7999999999993,28.261999999999997,39.40980822305567,1.0
167,6,10,0.0,-23.262555623230895,200,0.0,0,0.0,10.050000000000008,981.0790000000036,55.821999999999996,17.575131668517855,1.0
167,7,10,1.0,10.825,1,1.0,0,0.0,0.15,4.57,4.57,1.0,1.0
167,8,10,1.0,10.000223822372485,7,0.7401231894519031,0,0.0,0.65,41.562000000000005,30.761000000000003,1.3511264263190403,1.0
167,9,10,1.0,10.585826989394237,3,0.9702039012688592,0,0.0,0.25,15.841000000000001,15.369,1.030711171839417,1.0
168,0,10,0.0,-27.933145295178257,200,0.0,0,0.0,20.000000000000014,1822.730000000009,56.016999999999996,32.53887212810413,1.0
168,1,10,0.0,-16.03856726880561,33,0.0,10,1.0,2.3000000000000007,424.05699999999985,37.09,11.433189538959283,1.0
168,2,10,0.0,-12.992558210245003,11,0.0,10,1.0,0.1,3.683,62.489000000000004,0.05893837315367504,1.0
168,3,10,0.0,-12.898105390799552,11,0.0,10,1.0,0.05,13.303,52.36699999999999,0.2540340290641053,1.0
168,4,10,0.0,-23.469416935773296,200,0.0,0,0.0,10.050000000000008,1235.5419999999938,25.083,49.25814296535478,1.0
168,5,10,1.0,10.734853228962818,2,0.40427215189873417,0,0.0,0.15000000000000002,7.584,3.066,2.4735812133072406,1.0
168,6,10,1.0,9.745278983789932,9,0.8461809956202976,0,0.0,0.8,62.33299999999999,52.745000000000005,1.181780263532088,1.0
168,7,10,0.0,-14.166599101207753,21,0.0,10,1.0,0.8500000000000001,108.711,21.362000000000002,5.088989794963018,1.0
168,8,10,0.0,-25.507282838983084,200,0.0,0,0.0,15.000000000000004,962.181000000004,45.312,21.234573622881445,1.0
168,9,10,0.0,-14.481669513739583,23,0.0,10,1.0,0.8500000000000001,135.934,33.953,4.003593202367979,1.0
169,0,10,1.0,9.87916833807547,8,0.851463521188292,0,0.0,0.7000000000000002,75.53699999999999,64.31700000000001,1.1744484350949203,1.0
169,1,10,0.0,-25.940179827646787,200,0.0,0,0.0,15.050000000000002,2104.3329999999946,22.744,92.52255539922594,1.0
169,2,10,0.0,-24.41513350559866,200,0.0,0,0.0,15.000000000000002,1795.8969999999933,32.508,55.24477051802612,1.0
169,3,10,0.0,-27.436672689773577,200,0.0,0,0.0,20.00000000000003,1098.0879999999984,54.788999999999994,20.042125244118317,1.0
169,4,10,0.0,-27.98532865639769,200,0.0,0,0.0,20.000000000000014,1819.529000000009,32.785000000000004,55.49882568247701,1.0
169,5,10,0.0,-25.879437050359677,200,0.0,0,0.0,15.000000000000002,1248.0690000000009,38.92,32.067548818088405,1.0
169,6,10,0.0,-25.388972874072582,200,0.0,0,0.0,14.950000000000003,1602.2689999999993,59.574,26.895440964178995,1.0
169,7,10,0.0,-25.041640160523233,200,0.0,0,0.0,15.050000000000002,678.3029999999984,53.824,12.602240636147414,1.0
169,8,10,1.0,9.809036390008746,9,0.8007823175731074,0,0.0,0.6500000000000001,58.544,46.88099999999999,1.2487788229773258,1.0
169,9,10,0.0,-27.71022822387144,200,0.0,0,0.0,20.000000000000014,1685.9340000000013,17.921,94.07588862228678,1.0
170,0,10,1.0,10.346993156544055,5,0.8060679193242545,0,0.0,0.35,23.204,18.704,1.240590248075278,1.0
170,1,10,0.0,-25.5027434579081,200,0.0,0,0.0,15.000000000000004,1010.7999999999962,52.12400000000001,19.392218555751594,1.0
170,2,10,0.0,-31.487064814113797,200,0.0,0,0.0,27.05,881.5650000000013,39.621,22.249943211933097,1.0
170,3,10,0.0,-25.554584654933027,200,0.0,0,0.0,15.000000000000004,964.0000000000041,48.236999999999995,19.984659079130214,1.0
170,4,10,0.0,-25.625565443084874,200,0.0,0,0.0,15.000000000000004,1354.5999999999983,53.94,25.113088616981802,1.0
170,5,10,0.0,-25.72458223958002,200,0.0,0,0.0,15.000000000000002,2010.0989999999958,62.476,32.17393879249625,1.0
170,6,10,0.0,-23.38982102848959,200,0.0,0,0.0,10.100000000000009,1358.040000000005,75.43099999999998,18.00373851599482,1.0
170,7,10,0.0,-25.634171646746324,200,0.0,0,0.0,15.000000000000004,1028.1320000000026,48.19200000000001,21.334080345285575,1.0
170,8,10,0.0,-25.580125559558915,200,0.0,0,0.0,15.100000000000003,507.91299999999717,45.795,11.09101430287143,1.0
170,9,10,0.0,-25.832097913782324,200,0.0,0,0.0,15.000000000000004,732.256999999998,41.894000000000005,17.47880364730028,1.0
171,0,10,0.0,-27.858629977433136,200,0.0,0,0.0,20.000000000000014,2252.4740000000074,13.737,163.97131833733766,1.0
171,1,10,0.0,-12.9,10,0.0,10,1.0,0.0,0.0,74.901,0.0,1.0
171,2,10,0.0,-25.428427980761146,200,0.0,0,0.0,15.000000000000004,935.762000000003,59.255,15.792118808539414,1.0
171,3,10,0.0,-25.1708378791564,200,0.0,0,0.0,14.300000000000008,990.3389999999982,57.562,17.204735763177066,1.0
171,4,10,0.0,-28.15246314275444,200,0.0,0,0.0,20.000000000000014,1684.6220000000012,30.591,55.069203360465536,1.0
171,5,10,0.0,-12.9,10,0.0,10,1.0,0.0,0.0,51.151,0.0,1.0
171,6,10,0.0,-20.03435046914233,200,0.0,0,0.0,10.100000000000009,967.4620000000032,7.567,127.85278181577945,1.0
171,7,10,0.0,-32.954012361984255,200,0.0,0,0.0,30.000000000000004,1416.7920000000026,18.929000000000002,74.84769401447528,1.0
171,8,10,0.0,-25.521634147796807,200,0.0,0,0.0,14.950000000000003,2019.566999999994,33.519,60.25140964825902,1.0
171,9,10,1.0,10.185373068432671,6,0.46388133064162207,0,0.0,0.5000000000000001,34.179,15.855000000000002,2.155723746452223,1.0
172,0,10,0.0,-25.18474041727321,200,0.0,0,0.0,15.000000000000002,1039.5999999999976,16.488,63.05191654536618,1.0
172,1,10,0.0,-25.573196250507195,200,0.0,0,0.0,15.000000000000004,1342.1010000000015,46.833,28.657164819678464,1.0
172,2,10,0.0,-22.96720509481568,200,0.0,0,0.0,10.150000000000011,3101.9750000000085,61.43499999999999,50.4919833970865,1.0
172,3,10,0.0,-25.5918731477188,200,0.0,0,0.0,15.000000000000004,1449.0980000000025,49.601,29.215096469829287,1.0
172,4,10,0.0,-24.707463792150367,200,0.0,0,0.0,13.300000000000013,781.4500000000007,36.18,21.59894969596464,1.0
172,5,10,1.0,10.755145691688636,2,1.0,0,0.0,0.1,14.414,14.414,1.0,1.0
172,6,10,0.0,-25.73074790627102,200,0.0,0,0.0,15.000000000000002,2010.1929999999957,68.538,29.32961276955843,1.0
172,7,10,0.0,-27.92923370208837,200,0.0,0,0.0,20.000000000000014,2257.0000000000077,34.620999999999995,65.19164668842633,1.0
172,8,10,1.0,10.36526403860373,5,0.8518813194099121,0,0.0,0.3,30.165,25.696999999999996,1.1738724364711837,1.0
172,9,10,0.0,-23.136205729754042,200,0.0,0,0.0,10.000000000000007,729.058000000003,22.165,32.892307692307824,1.0
173,0,10,0.0,-34.41428879904429,200,0.0,9,0.0,14.3,743.8340000000023,43.532,17.08706239088492,1.0
173,1,10,0.0,-25.5468395237844,200,0.0,0,0.0,14.950000000000003,1336.1460000000015,56.781000000000006,23.531568658530166,1.0
173,2,10,0.0,-25.68077672671953,200,0.0,0,0.0,15.000000000000002,1163.9730000000013,21.037,55.3297998764083,1.0
173,3,10,1.0,10.85,1,1.0,0,0.0,0.1,5.955,5.955,1.0,1.0
173,4,10,0.0,-12.903835606174136,13,0.0,10,1.0,0.25,9.763,13.346,0.731530046455867,1.0
173,5,10,0.0,-25.26622596153849,200,0.0,0,0.0,15.000000000000004,1244.8000000000009,26.624,46.75480769230773,1.0
173,6,10,0.0,-28.08168316831679,200,0.0,0,0.0,20.000000000000014,1820.896000000009,49.288,36.94400259698119,1.0
173,7,10,0.0,-28.26646280381709,200,0.0,0,0.0,20.000000000000014,1144.1300000000022,18.967,60.32213845099395,1.0
173,8,10,1.0,10.346006388985192,5,0.9798602348830439,0,0.0,0.35000000000000003,41.212,40.382000000000005,1.0205537120499233,1.0
173,9,10,0.0,-13.284130997631244,13,0.0,10,1.0,0.2,20.667,36.306000000000004,0.5692447529333994,1.0
174,0,10,0.0,-25.562183242874113,200,0.0,0,0.0,15.000000000000002,1108.8179999999977,27.820999999999998,39.85543294633542,1.0
174,1,10,0.0,-28.639296133547806,200,0.0,0,0.0,19.95000000000003,773.9220000000001,44.149,17.529774173820474,1.0
174,2,10,0.0,-25.47752651776477,200,0.0,0,0.0,15.000000000000004,2000.9839999999958,46.384,43.13953087271464,1.0
174,3,10,0.0,-22.92840418084814,200,0.0,0,0.0,10.000000000000007,1184.4579999999999,41.42700000000001,28.59145002051801,1.0
174,4,10,0.0,-28.28062227187156,200,0.0,0,0.0,20.000000000000014,3808.4590000000144,48.339000000000006,78.78646641428276,1.0
174,5,10,1.0,10.58353891022905,3,0.9801524588639956,0,0.0,0.25,21.514,21.087,1.020249442784654,1.0
174,6,10,0.0,-23.109195909010786,200,0.0,0,0.0,10.000000000000007,1486.2000000000048,68.05199999999999,21.83918180215137,1.0
174,7,10,1.0,10.208554788069074,6,0.5419616117615029,0,0.0,0.45,29.384,15.925,1.845149136577708,1.0
174,8,10,0.0,-25.440988083416023,200,0.0,0,0.0,15.000000000000004,1603.4999999999993,40.28,39.808838133068505,1.0
174,9,10,1.0,10.607236345858361,3,0.9217200978498777,0,0.0,0.2,15.533999999999999,14.318,1.0849280625785724,1.0
175,0,10,0.0,-12.779998591464274,12,0.0,10,1.0,0.2,23.860999999999997,49.69700000000002,0.480129585286838,1.0
175,1,10,0.0,-27.845952746952033,200,0.0,0,0.0,20.000000000000014,2255.5210000000075,47.489000000000004,47.4956516245869,1.0
175,2,10,0.0,-12.871144763676696,12,0.0,10,1.0,0.2,24.703,55.898,0.44192994382625495,1.0
175,3,10,0.0,-25.820904841055466,200,0.0,0,0.0,15.050000000000002,2107.4349999999945,72.19500000000001,29.190871944040367,1.0
175,4,10,0.0,-23.570423715108202,200,0.0,0,0.0,10.10000000000001,917.3979999999966,30.916999999999998,29.672930750072666,1.0
175,5,10,0.0,-25.64962918950383,200,0.0,0,0.0,14.950000000000003,635.1290000000007,41.233999999999995,15.40304117960908,1.0
175,6,10,0.0,-25.677475858287448,200,0.0,0,0.0,15.000000000000004,1165.2000000000032,32.827000000000005,35.49517165747717,1.0
175,7,10,0.0,-27.962185156162533,200,0.0,0,0.0,20.000000000000014,1822.730000000009,44.665,40.8089107802532,1.0
175,8,10,1.0,10.756654996148729,2,1.0,0,0.0,0.1,14.280999999999999,14.280999999999999,1.0,1.0
175,9,10,1.0,10.317214129787656,5,0.9687776367900949,0,0.0,0.39999999999999997,26.007,25.195,1.0322286167890455,1.0
176,0,10,0.0,-23.699968535270656,200,0.0,0,0.0,10.100000000000009,871.5409999999994,43.223,20.163824815491736,1.0
176,1,10,0.0,-25.408032596041846,200,0.0,0,0.0,15.000000000000004,1599.9829999999995,24.052000000000003,66.52182770663559,1.0
176,2,10,0.0,-30.78649576753001,200,0.0,0,0.0,24.900000000000002,1118.4530000000013,39.575,28.261604548325995,1.0
176,3,10,0.0,-25.322776663006863,200,0.0,0,0.0,15.000000000000002,936.200000000003,26.413,35.444667398629576,1.0
176,4,10,0.0,-23.795582702870735,200,0.0,0,0.0,10.250000000000012,862.6139999999967,38.596,22.349828997823526,1.0
176,5,10,0.0,-12.719434400743662,12,0.0,10,1.0,0.15000000000000002,15.325,31.197,0.49123313139083885,1.0
176,6,10,0.0,-12.719631076616498,12,0.0,10,1.0,0.15000000000000002,18.752000000000002,38.138000000000005,0.491688080130054,1.0
176,7,10,0.0,-25.26174090951363,200,0.0,0,0.0,15.000000000000004,531.7999999999989,10.753,49.455965776992365,1.0
176,8,10,0.0,-25.72788296873659,200,0.0,0,0.0,15.000000000000002,917.4129999999966,35.153,26.097715699940167,1.0
176,9,10,0.0,-23.075164997746427,200,0.0,0,0.0,10.050000000000008,969.1740000000032,51.031000000000006,18.991867688267977,1.0
177,0,10,0.0,-25.60268954018952,200,0.0,0,0.0,15.000000000000004,936.200000000003,45.584,20.537908037908103,1.0
177,1,10,0.0,-25.56638082546308,200,0.0,0,0.0,15.000000000000004,962.617000000004,51.77700000000001,18.591594723525965,1.0
177,2,10,0.0,-25.3886259223166,200,0.0,0,0.0,15.000000000000004,777.5210000000023,50.281,15.463515045444648,1.0
177,3,10,0.0,-12.97427358385988,11,0.0,10,1.0,0.1,3.683,45.105000000000004,0.08165391863429775,1.0
177,4,10,0.0,-22.82777036048061,200,0.0,0,0.0,10.000000000000007,900.8000000000025,13.482000000000001,66.81501260940531,1.0
177,5,10,0.0,-23.18510626673224,200,0.0,0,0.0,10.000000000000007,1366.937000000002,18.303,74.68376768835721,1.0
177,6,10,0.0,-12.98551724735056,11,0.0,10,1.0,0.05,3.996,57.748000000000005,0.06919720163468863,1.0
177,7,10,0.0,-32.688588190764634,200,0.0,0,0.0,30.000000000000004,1428.7480000000028,10.568000000000001,135.1956850870555,1.0
177,8,10,1.0,10.75559309252696,2,1.0,0,0.0,0.1,13.261,13.261,1.0,1.0
177,9,10,1.0,9.701382730015082,10,0.45953111191973806,0,0.0,0.7000000000000001,57.71099999999999,26.52,2.176131221719457,1.0
178,0,10,0.0,-25.89118299173157,200,0.0,0,0.0,15.000000000000002,1030.4289999999994,54.303000000000004,18.97554462921016,1.0
178,1,10,0.0,-25.74582515723267,200,0.0,0,0.0,14.950000000000003,1602.3969999999995,71.55000000000001,22.395485674353587,1.0
178,2,10,0.0,-25.637819051959905,200,0.0,0,0.0,15.000000000000004,827.3999999999957,17.552,47.13992707383749,1.0
178,3,10,1.0,10.46923044058745,4,0.6543084771821931,0,0.0,0.3,28.618,18.725,1.5283311081441922,1.0
178,4,10,0.0,-25.599652158914548,200,0.0,0,0.0,15.000000000000004,757.3619999999978,69.572,10.886017363307046,1.0
178,5,10,0.0,-28.07842542609325,200,0.0,0,0.0,20.000000000000014,1820.7490000000091,49.461000000000006,36.81181132609549,1.0
178,6,10,0.0,-25.96144879743221,200,0.0,0,0.0,15.000000000000004,979.5689999999981,45.486,21.535615354174872,1.0
178,7,10,0.0,-26.21513906510438,200,0.0,0,0.0,15.050000000000002,626.5039999999991,40.197,15.585839739284003,1.0
178,8,10,0.0,-28.405061557723453,200,0.0,0,0.0,20.05000000000002,1218.4890000000055,19.169,63.56560070947913,1.0
178,9,10,0.0,-25.699145445223063,200,0.0,0,0.0,15.000000000000004,1027.4920000000025,29.255000000000003,35.12192787557691,1.0
179,0,10,0.0,-28.079425235453627,200,0.0,0,0.0,20.000000000000014,1822.743000000009,62.007999999999996,29.39528770481243,1.0
179,1,10,0.0,-25.204586474147952,200,0.0,0,0.0,15.000000000000004,1029.2850000000024,18.838,54.6387620766537,1.0
179,2,10,0.0,-22.891021388539407,200,0.0,0,0.0,10.000000000000007,807.7090000000017,43.714999999999996,18.47670136108891,1.0
179,3,10,0.0,-25.756222568031262,200,0.0,0,0.0,14.950000000000003,1005.6510000000028,37.593,26.75101747665796,1.0
179,4,10,0.0,-25.585627921154273,200,0.0,0,0.0,15.000000000000004,1342.1010000000015,39.368,34.09116541353387,1.0
179,5,10,0.0,-26.090060113266016,200,0.0,0,0.0,15.000000000000002,758.4099999999967,31.607000000000003,23.99500110734953,1.0
179,6,10,0.0,-12.60530227001195,11,0.0,10,1.0,0.05,11.559,25.11,0.4603345280764635,1.0
179,7,10,0.0,-12.912628696963736,11,0.0,10,1.0,0.05,5.262,45.747,0.11502393599580299,1.0
179,8,10,0.0,-22.90350921357363,200,0.0,0,0.0,10.000000000000007,960.2520000000031,39.724000000000004,24.17309435102213,1.0
179,9,10,0.0,-24.539501417104766,200,0.0,0,0.0,13.350000000000014,844.699000000001,46.221,18.27522121979189,1.0
180,0,10,0.0,-28.010882633390032,200,0.0,0,0.0,20.000000000000014,1826.000000000009,48.242000000000004,37.850835371668026,1.0
180,1,10,0.0,-25.560721707916223,200,0.0,0,0.0,15.000000000000002,1355.1269999999984,26.465000000000003,51.20449650481761,1.0
180,2,10,0.0,-23.752258374178442,200,0.0,0,0.0,10.15000000000001,1037.2560000000021,44.272999999999996,23.428635963228203,1.0
180,3,10,1.0,9.336675534175322,12,0.8044111413452203,0,0.0,1.05,73.133,58.82899999999999,1.2431453874789644,1.0
180,4,10,0.0,-25.954902553255803,200,0.0,0,0.0,15.000000000000004,657.4269999999988,33.095,19.86484363196854,1.0
180,5,10,0.0,-12.899999999999999,10,0.0,10,1.0,0.0,0.0,16.447,0.0,1.0
180,6,10,0.0,-12.929168419710589,11,0.0,10,1.0,0.1,3.907,31.374000000000002,0.1245298654937209,1.0
180,7,10,0.0,-25.591653764447486,200,0.0,0,0.0,15.000000000000004,940.687000000003,55.546,16.935278867965344,1.0
180,8,10,0.0,-12.899999999999999,10,0.0,10,1.0,0.0,0.0,32.531,0.0,1.0
180,9,10,0.0,-12.90258754935268,11,0.0,10,1.0,0.05,13.303,54.455,0.24429345331007257,1.0
181,0,10,0.0,-28.013899552566805,200,0.0,0,0.0,20.000000000000014,1826.000000000009,37.771,48.34396759418625,1.0
181,1,10,0.0,-23.25887083627676,200,0.0,0,0.0,10.000000000000007,462.6429999999986,18.403,25.139542465902224,1.0
181,2,10,0.0,-25.21237877583461,200,0.0,0,0.0,15.000000000000004,475.3440000000026,25.16,18.892845786963537,1.0
181,3,10,0.0,-23.13671665717305,200,0.0,0,0.0,10.050000000000008,968.6860000000032,61.44500000000001,15.76509073154859,1.0
181,4,10,0.0,-25.590592874867042,200,0.0,0,0.0,15.000000000000002,936.358000000003,45.136,20.745258773484647,1.0
181,5,10,0.0,-26.253474662736682,200,0.0,0,0.0,16.699999999999996,1507.3280000000018,26.463,56.95983070702497,1.0
181,6,10,0.0,-22.392141503100163,200,0.0,0,0.0,10.050000000000008,973.1640000000032,25.321,38.43307926227254,1.0
181,7,10,0.0,-26.027459350001017,200,0.0,0,0.0,14.900000000000002,670.0399999999988,49.876999999999995,13.433847264270081,1.0
181,8,10,0.0,-28.18099267140987,200,0.0,0,0.0,20.000000000000014,1825.3410000000092,46.80299999999999,39.00051278764202,1.0
181,9,10,0.0,-25.736658751222205,200,0.0,0,0.0,15.000000000000002,2091.3259999999946,42.95399999999999,48.68757275224647,1.0
182,0,10,0.0,-28.096918313488356,200,0.0,0,0.0,20.000000000000014,1684.6220000000012,48.123000000000005,35.006587286744406,1.0
182,1,10,1.0,-0.6496923389745692,23,0.2527195395756254,9,0.0,0.9500000000000002,126.49199999999998,31.967,3.9569556104733,1.0
182,2,10,0.0,-13.053250414593697,14,0.0,10,1.0,0.3,26.284,42.20999999999999,0.6226960435915662,1.0
182,3,10,0.0,-14.07637899511676,21,0.0,10,1.0,0.9,66.3,43.208999999999996,1.5344025550232592,1.0
182,4,10,0.0,-23.243224022709803,200,0.0,0,0.0,10.050000000000008,534.017000000001,50.72699999999999,10.52727344412248,1.0
182,5,10,1.0,10.09822413009116,7,0.9519127710446037,0,0.0,0.44999999999999996,48.516,46.18299999999999,1.0505164237923046,1.0
182,6,10,0.0,-14.075110733398404,21,0.0,10,1.0,0.8000000000000002,116.03500000000003,59.422,1.9527279458786313,1.0
182,7,10,0.0,-13.39554617066523,14,0.0,10,1.0,0.3,46.91,33.387,1.4050378889987118,1.0
182,8,10,0.0,-22.878093288710964,200,0.0,0,0.0,10.050000000000008,729.9199999999989,33.466,21.810793043686097,1.0
182,9,10,0.0,-23.3318777590353,200,0.0,0,0.0,10.250000000000012,862.7409999999973,55.726,15.481839715752024,1.0
183,0,10,0.0,-23.11207085174209,200,0.0,0,0.0,10.000000000000007,2108.2790000000086,61.79100000000001,34.119515787088865,1.0
183,1,10,0.0,-28.046340913285164,200,0.0,0,0.0,20.000000000000014,1820.1400000000092,48.769000000000005,37.32165925075374,1.0
183,2,10,0.0,-25.36905938654902,200,0.0,0,0.0,15.000000000000002,2036.8289999999938,58.717,34.68891462438466,1.0
183,3,10,0.0,-25.503225363711238,200,0.0,0,0.0,15.000000000000004,1693.6169999999954,58.288,29.05601496019756,1.0
183,4,10,1.0,10.705428679817906,2,1.0,0,0.0,0.2,10.544,10.544,1.0,1.0
183,5,10,0.0,-25.591025961504204,200,0.0,0,0.0,15.000000000000004,886.0780000000027,28.003,31.64225261579126,1.0
183,6,10,0.0,-23.104942067649397,200,0.0,0,0.0,10.000000000000007,987.0330000000001,51.353,19.22055186649271,1.0
183,7,10,0.0,-12.987522071351131,11,0.0,10,1.0,0.05,5.163,38.738,0.13327998347875472,1.0
183,8,10,0.0,-13.214744516940488,11,0.0,10,1.0,0.05,6.773,12.721,0.5324266960144642,1.0
183,9,10,0.0,-25.75039322299926,200,0.0,0,0.0,15.000000000000004,2109.7759999999944,71.35900000000001,29.565660953768887,1.0
184,0,10,0.0,-25.455884547652442,200,0.0,0,0.0,15.000000000000002,1345.4000000000017,67.006,20.078798913530157,1.0
184,1,10,1.0,9.173639302950336,14,0.5307834996908399,0,0.0,1.0,79.247,42.062999999999995,1.8840073223498088,1.0
184,2,10,0.0,-24.134978942900943,200,0.0,0,0.0,12.500000000000016,662.1060000000006,30.631,21.615552871274218,1.0
184,3,10,0.0,-25.45647639848098,200,0.0,0,0.0,15.000000000000004,1599.9829999999995,50.82300000000001,31.48147492277117,1.0
184,4,10,0.0,-25.368123122226777,200,0.0,0,0.0,15.000000000000004,2098.7999999999943,50.259,41.75968483256719,1.0
184,5,10,0.0,-26.055767067764396,200,0.0,0,0.0,14.950000000000003,626.5109999999992,39.475,15.871082963901182,1.0
184,6,10,1.0,10.516189759036145,4,1.0,0,0.0,0.2,24.568,24.568,1.0,1.0
184,7,10,0.0,-25.747675311467034,200,0.0,0,0.0,14.900000000000002,1977.575999999996,39.33,50.28161708619364,1.0
184,8,10,0.0,-25.145032363013787,200,0.0,0,0.0,13.350000000000012,1147.2469999999983,58.4,19.644640410958875,1.0
184,9,10,1.0,9.666971707998604,10,0.44726221782487574,0,0.0,0.8,38.407,17.178,2.2358248923041097,1.0
185,0,10,0.0,-22.927971542234125,200,0.0,0,0.0,10.000000000000007,1096.9269999999992,47.509,23.088825275210997,1.0
185,1,10,0.0,-25.342373233582734,200,0.0,0,0.0,15.000000000000004,960.4199999999983,28.872,33.264754779717315,1.0
185,2,10,0.0,-23.08628923360667,200,0.0,0,0.0,10.000000000000007,882.4000000000018,30.362999999999996,29.06168692158225,1.0
185,3,10,0.0,-28.06884795824471,200,0.0,0,0.0,20.000000000000014,2254.0100000000075,66.29100000000001,34.00174986046382,1.0
185,4,10,0.0,-28.0445705637533,200,0.0,0,0.0,20.000000000000014,1818.637000000009,39.644999999999996,45.873048303695526,1.0
185,5,10,0.0,-26.08955819437432,200,0.0,0,0.0,15.050000000000002,1029.1220000000026,29.685000000000002,34.668081522654624,1.0
185,6,10,0.0,-24.88730314570193,200,0.0,0,0.0,14.950000000000003,1602.2689999999993,25.209,63.55940338767898,1.0
185,7,10,1.0,10.154174392935982,6,0.6153935724266418,0,0.0,0.55,25.764,15.855,1.624976348155156,1.0
185,8,10,0.0,-25.580709594367377,200,0.0,0,0.0,15.100000000000003,900.9200000000048,38.064,23.668558217738674,1.0
185,9,10,0.0,-28.11853123986146,200,0.0,0,0.0,20.05000000000002,1681.0450000000012,58.563,28.70489899766066,1.0
186,0,10,0.0,-13.568128732408995,20,0.0,10,1.0,0.8500000000000001,63.781000000000006,57.771,1.1040314344567344,1.0
186,1,10,0.0,-28.09316006507014,200,0.0,0,0.0,20.000000000000014,1822.743000000009,52.866,34.478549540347466,1.0
186,2,10,0.0,-14.17828076016428,20,0.0,10,1.0,0.7500000000000001,30.480000000000004,41.149,0.7407227393132276,1.0
186,3,10,0.0,-28.027683997299125,200,0.0,0,0.0,20.000000000000014,1682.9010000000012,25.177,66.84279302538036,1.0
186,4,10,0.0,-23.921767030755962,200,0.0,0,0.0,10.000000000000007,1640.7850000000012,13.916,117.90636677206102,1.0
186,5,10,1.0,10.082378755327017,7,0.5111251125112513,0,0.0,0.5,55.54999999999999,28.393,1.95646814355651,1.0
186,6,10,0.0,-25.571670131240158,200,0.0,0,0.0,15.000000000000004,937.3050000000029,32.231,29.080853836368803,1.0
186,7,10,0.0,-25.471623999763864,200,0.0,0,0.0,15.000000000000002,708.5899999999996,33.867,20.922727138512407,1.0
186,8,10,0.0,-28.513324798892768,200,0.0,0,0.0,19.80000000000003,820.7300000000034,57.805,14.198252746302282,1.0
186,9,10,0.0,-26.412663424211313,200,0.0,0,0.0,16.599999999999994,808.8440000000029,44.822,18.0456918477534,1.0
187,0,10,1.0,10.101580884589646,7,0.9370884524386419,0,0.0,0.45,35.080999999999996,32.873999999999995,1.0671351219808969,1.0
187,1,10,0.0,-25.96299866848072,200,0.0,0,0.0,14.950000000000003,2040.8599999999938,34.547000000000004,59.07488349205411,1.0
187,2,10,0.0,-28.476021980512144,200,0.0,0,0.0,19.950000000000017,3788.616000000014,26.477999999999998,143.0854294130982,1.0
187,3,10,0.0,-13.04129430610755,11,0.0,10,1.0,0.05,1.518,49.316,0.030781085246167572,1.0
187,4,10,1.0,10.220317280453258,5,0.9521057295881016,0,0.0,0.6000000000000001,25.953,24.71,1.0503035208417644,1.0
187,5,10,0.0,-12.91344614066516,11,0.0,10,1.0,0.05,5.554,38.517,0.14419606926811537,1.0
187,6,10,0.0,-25.59544758457468,200,0.0,0,0.0,15.000000000000004,1342.1010000000015,35.915,37.36881525824869,1.0
187,7,10,0.0,-13.037731038878265,11,0.0,10,1.0,0.1,2.135,50.208,0.04252310388782664,1.0
187,8,10,0.0,-30.81901762555994,200,0.0,0,0.0,24.75,1460.0690000000036,33.928,43.034337420419824,1.0
187,9,10,0.0,-13.047266328339532,11,0.0,10,1.0,0.05,4.862,57.53799999999999,0.08450067781292366,1.0
188,0,10,0.0,-22.886626603282792,200,0.0,0,0.0,10.000000000000007,961.2000000000031,22.298000000000002,43.107005112566284,1.0
188,1,10,0.0,-28.38860194174757,200,0.0,0,0.0,20.000000000000014,3759.158000000014,27.810000000000002,135.17288745055785,1.0
188,2,10,0.0,-27.072486749500325,200,0.0,0,0.0,17.500000000000032,865.1840000000007,23.018,37.58727952037538,1.0
188,3,10,1.0,10.35553446191052,5,0.5216085980270959,0,0.0,0.35,39.637,20.675,1.9171463119709795,1.0
188,4,10,0.0,-25.702625681014233,200,0.0,0,0.0,15.000000000000002,881.2849999999985,38.729,22.75517054403673,1.0
188,5,10,0.0,-13.12291829728802,13,0.0,10,1.0,0.15000000000000002,25.542,43.69499999999999,0.584552008238929,1.0
188,6,10,1.0,10.752689856028134,2,1.0,0,0.0,0.1,18.198,18.198,1.0,1.0
188,7,10,0.0,-28.383693324460808,200,0.0,0,0.0,20.00000000000003,771.0530000000001,66.122,11.661065908472219,1.0
188,8,10,0.0,-13.54112616238723,13,0.0,10,1.0,0.30000000000000004,27.39,36.025,0.7603053435114504,1.0
188,9,10,0.0,-13.383596052960279,13,0.0,10,1.0,0.30000000000000004,21.53,40.03,0.537846615038721,1.0
189,0,10,0.0,-13.482975253093365,15,0.0,10,1.0,0.35000000000000003,59.735,60.452,0.9881393502282803,1.0
189,1,10,0.0,-13.860871223862091,15,0.0,10,1.0,0.4,51.687,41.941,1.2323740492596742,1.0
189,2,10,0.0,-25.51481936971562,200,0.0,0,0.0,15.000000000000002,400.8000000000009,32.525,12.32282859338973,1.0
189,3,10,0.0,-26.077518923465124,200,0.0,0,0.0,15.000000000000004,1069.0629999999976,51.127,20.909949733017733,1.0
189,4,10,1.0,10.2349319017795,6,0.4687543687963094,0,0.0,0.4,42.91799999999999,20.118000000000002,2.133313450641216,1.0
189,5,10,1.0,9.738401360544218,9,0.7802697016067331,0,0.0,0.8,41.82399999999999,32.634,1.2816081387509957,1.0
189,6,10,0.0,-13.038173449044212,11,0.0,10,1.0,0.1,9.13,34.108,0.2676791368593879,1.0
189,7,10,0.0,-23.239092036599345,200,0.0,0,0.0,10.000000000000007,2044.0000000000048,42.73299999999999,47.831886364168334,1.0
189,8,10,0.0,-23.47685563991083,200,0.0,0,0.0,10.050000000000008,1148.3699999999965,44.389,25.870598571718137,1.0
189,9,10,0.0,-12.960363068484805,11,0.0,10,1.0,0.1,5.873,65.635,0.08947969833168279,1.0
190,0,10,0.0,-23.86836242794963,200,0.0,0,0.0,10.15000000000001,849.0010000000019,42.504999999999995,19.974144218327304,1.0
190,1,10,0.0,-24.550087657843942,200,0.0,0,0.0,13.400000000000013,747.0729999999991,58.523,12.765459733779865,1.0
190,2,10,0.0,-25.504125681206606,200,0.0,0,0.0,15.000000000000002,1601.0949999999993,44.223,36.205029057277876,1.0
190,3,10,1.0,10.373802879095646,5,0.7271384536347288,0,0.0,0.3,31.144000000000002,22.645999999999997,1.3752539079749186,1.0
190,4,10,0.0,-22.94682621049807,200,0.0,0,0.0,10.000000000000007,2652.192000000003,52.086,50.919479322658745,1.0
190,5,10,1.0,10.491360155585268,4,0.6626127577319588,0,0.0,0.25,24.832,16.454,1.5091770997933633,1.0
190,6,10,0.0,-25.510542976681226,200,0.0,0,0.0,15.050000000000002,2111.4709999999945,48.759,43.30423101376145,1.0
190,7,10,0.0,-25.572952119226397,200,0.0,0,0.0,15.000000000000004,940.687000000003,47.305,19.885572349645976,1.0
190,8,10,0.0,-25.79687169731556,200,0.0,0,0.0,15.000000000000002,1685.3999999999944,28.386000000000003,59.37433946311542,1.0
190,9,10,0.0,-25.611090909090876,200,0.0,0,0.0,15.000000000000004,406.0999999999989,55.0,7.383636363636343,1.0
191,0,10,0.0,-25.64343630445963,200,0.0,0,0.0,15.000000000000004,938.814000000003,35.026,26.803346085764943,1.0
191,1,10,0.0,-25.411729303196495,200,0.0,0,0.0,15.000000000000004,1244.0649999999985,37.385,33.277116490571046,1.0
191,2,10,0.0,-25.517664415707845,200,0.0,0,0.0,15.000000000000002,501.19999999999726,50.49700000000001,9.92534209953061,1.0
191,3,10,0.0,-25.540123573784168,200,0.0,0,0.0,15.000000000000002,1040.3289999999974,52.762,19.717391304347778,1.0
191,4,10,0.0,-13.3638378889049,15,0.0,10,1.0,0.4,26.624000000000002,62.451,0.42631823349506015,1.0
191,5,10,0.0,-22.880060042610808,200,0.0,0,0.0,10.000000000000007,963.8250000000031,61.955999999999996,15.556604687197417,1.0
191,6,10,0.0,-12.979538695467454,15,0.0,10,1.0,0.3,28.59,44.721000000000004,0.6392969745757027,1.0
191,7,10,0.0,-25.658938797206954,200,0.0,0,0.0,15.000000000000002,1604.7679999999993,41.387,38.774687703868345,1.0
191,8,10,0.0,-22.9880691928473,200,0.0,0,0.0,10.000000000000007,1481.092999999996,34.281,43.204486450220124,1.0
191,9,10,0.0,-23.254621864604914,200,0.0,0,0.0,10.050000000000008,969.1740000000032,55.615,17.426485660343488,1.0
192,0,10,0.0,-13.103367573737014,17,0.0,10,1.0,0.5499999999999999,34.351,33.294,1.031747462005166,1.0
192,1,10,0.0,-13.792260518837656,17,0.0,10,1.0,0.5000000000000001,45.661,43.635999999999996,1.0464066367219729,1.0
192,2,10,0.0,-30.886720763873594,200,0.0,0,0.0,24.7,1476.5660000000037,31.733,46.53092994674325,1.0
192,3,10,0.0,-25.346454627819362,200,0.0,0,0.0,15.000000000000002,1999.1549999999959,20.971,95.32950264651166,1.0
192,4,10,0.0,-13.03711419596717,11,0.0,10,1.0,0.1,2.135,39.47599999999999,0.0540834937683656,1.0
192,5,10,0.0,-23.695702864489213,200,0.0,0,0.0,10.100000000000009,898.892000000002,49.782000000000004,18.056566630509057,1.0
192,6,10,0.0,-28.010622625416673,200,0.0,0,0.0,20.000000000000014,2253.5000000000077,51.588,43.682639373497864,1.0
192,7,10,0.0,-12.925587719465467,11,0.0,10,1.0,0.05,5.751,52.457,0.10963265150504223,1.0
192,8,10,1.0,10.318823575793415,5,1.0,0,0.0,0.4,25.365000000000002,25.365000000000002,1.0,1.0
192,9,10,0.0,-25.565975075269588,200,0.0,0,0.0,15.050000000000002,2103.7559999999944,52.477999999999994,40.08834178131778,1.0
193,0,10,1.0,9.207697712829988,14,0.5547859039868297,0,0.0,0.9000000000000002,64.387,35.721000000000004,1.8024971305394584,1.0
193,1,10,0.0,-25.452038597660618,200,0.0,0,0.0,15.000000000000002,1603.9799999999993,63.009,25.456363376660466,1.0
193,2,10,0.0,-31.312930385261883,200,0.0,6,0.0,14.650000000000002,1180.7590000000025,64.268,18.372424845957593,1.0
193,3,10,0.0,-13.033277190524707,11,0.0,10,1.0,0.05,3.41,62.816,0.054285532348446255,1.0
193,4,10,0.0,-23.225351137487657,200,0.0,0,0.0,10.050000000000008,1094.1220000000003,40.44,27.05544015825916,1.0
193,5,10,0.0,-24.010398016865874,200,0.0,0,0.0,10.550000000000015,946.7049999999948,53.955,17.546195903993972,1.0
193,6,10,0.0,-27.650679365869845,200,0.0,0,0.0,20.000000000000014,3801.973000000014,24.095999999999997,157.7844040504654,1.0
193,7,10,0.0,-13.10681835989855,11,0.0,10,1.0,0.1,8.442,48.497,0.17407262304884838,1.0
193,8,10,0.0,-23.451136777816156,200,0.0,0,0.0,10.100000000000009,3139.568000000009,40.606,77.31783480273873,1.0
193,9,10,1.0,10.19534012252367,5,0.803079675420101,0,0.0,0.6500000000000001,31.302,25.137999999999998,1.2452064603389292,1.0
194,0,10,1.0,10.515281537764807,4,0.8388063481343914,0,0.0,0.2,23.692,19.873,1.1921702812861672,1.0
194,1,10,1.0,10.204838955443464,6,0.7893328909441553,0,0.0,0.44999999999999996,48.223,38.064,1.2668926019335855,1.0
194,2,10,0.0,-13.269682076101468,13,0.0,10,1.0,0.2,12.165,11.984000000000002,1.01510347129506,1.0
194,3,10,0.0,-25.699197991719103,200,0.0,0,0.0,15.000000000000004,1344.7830000000015,30.673000000000002,43.84256512242042,1.0
194,4,10,0.0,-13.116819266298252,13,0.0,10,1.0,0.2,11.894,49.039,0.24254165052305307,1.0
194,5,10,1.0,9.463988247575431,11,0.7112132969296354,0,0.0,0.9500000000000002,83.508,59.391999999999996,1.4060479525862069,1.0
194,6,10,0.0,-26.549787357406778,200,0.0,0,0.0,16.649999999999995,1064.973999999997,37.081,28.720207114155414,1.0
194,7,10,0.0,-28.058275569193565,200,0.0,0,0.0,20.000000000000014,1822.4700000000091,36.499,49.93205293295731,1.0
194,8,10,0.0,-26.103607938191207,200,0.0,0,0.0,15.150000000000004,2108.2049999999945,66.00999999999999,31.937660960460455,1.0
194,9,10,0.0,-25.501349527665415,200,0.0,0,0.0,15.000000000000004,938.084000000003,27.417,34.21541379436127,1.0
195,0,10,1.0,10.343763107993878,5,1.0,0,0.0,0.35,43.77100000000001,43.77100000000001,1.0,1.0
195,1,10,0.0,-25.865798997143518,200,0.0,0,0.0,14.950000000000003,1314.0110000000066,48.661,27.003370255440835,1.0
195,2,10,0.0,-25.810400417738553,200,0.0,0,0.0,15.000000000000002,938.830999999997,39.259,23.91377773249438,1.0
195,3,10,0.0,-25.675145006976372,200,0.0,0,0.0,15.050000000000002,641.3669999999977,40.136,15.979843531991172,1.0
195,4,10,0.0,-24.452949743805647,200,0.0,0,0.0,13.350000000000012,1025.833000000002,14.247,72.00343932055885,1.0
195,5,10,0.0,-28.130901626401425,200,0.0,0,0.0,20.000000000000014,1825.0900000000092,31.665,57.63745460287413,1.0
195,6,10,0.0,-13.064178971738333,13,0.0,10,1.0,0.25,21.682000000000002,35.419000000000004,0.6121573166944295,1.0
195,7,10,0.0,-25.632869126855905,200,0.0,0,0.0,15.000000000000002,933.797000000003,25.391,36.776692528848926,1.0
195,8,10,0.0,-13.111748439648789,13,0.0,10,1.0,0.2,36.080999999999996,47.265,0.76337670580768,1.0
195,9,10,1.0,9.974148327137547,7,1.0,0,0.0,0.7000000000000001,53.8,53.8,1.0,1.0
196,0,10,0.0,-25.76045354984265,200,0.0,0,0.0,15.000000000000002,2010.1929999999957,60.721,33.10540010869379,1.0
196,1,10,0.0,-13.816955708423846,21,0.0,10,1.0,0.8500000000000001,50.659,33.144,1.528451605117065,1.0
196,2,10,0.0,-13.482457766218026,12,0.0,10,1.0,0.2,20.518,39.601,0.5181182293376431,1.0
196,3,10,0.0,-25.602025501123297,200,0.0,0,0.0,15.000000000000004,1004.2400000000001,34.272999999999996,29.301199194701375,1.0
196,4,10,1.0,10.85,1,1.0,0,0.0,0.1,3.685,3.685,1.0,1.0
196,5,10,0.0,-25.608175559380392,200,0.0,0,0.0,15.000000000000004,2092.0769999999943,34.86,60.013683304646996,1.0
196,6,10,1.0,10.730175819242856,2,0.7203061004526837,0,0.0,0.15000000000000002,9.278,6.683,1.3882986682627563,1.0
196,7,10,0.0,-14.383746560027518,21,0.0,10,1.0,0.8500000000000001,59.692000000000014,46.51199999999999,1.2833677330581361,1.0
196,8,10,0.0,-12.738464855541183,12,0.0,10,1.0,0.2,13.001000000000001,18.552,0.7007869771453213,1.0
196,9,10,0.0,-25.182899955927684,200,0.0,0,0.0,15.000000000000004,966.5650000000041,9.076,106.49680475980654,1.0
197,0,10,1.0,10.109877812257563,7,0.7252166085293125,0,0.0,0.44999999999999996,35.548,25.78,1.3788983708301008,1.0
197,1,10,1.0,10.221056389209526,6,0.6666571664719126,0,0.0,0.39999999999999997,35.087,23.391000000000002,1.5000213757428071,1.0
197,2,10,0.0,-25.577637567997726,200,0.0,0,0.0,15.000000000000004,2088.005999999994,54.046,38.63386744624938,1.0
197,3,10,0.0,-25.68913435527509,200,0.0,0,0.0,15.000000000000002,1005.6000000000029,17.744,56.67267808836806,1.0
197,4,10,0.0,-23.496040695634715,200,0.0,0,0.0,10.000000000000007,799.9499999999992,39.906000000000006,20.04585776574949,1.0
197,5,10,1.0,9.980425483417545,7,0.8705271512666182,0,0.0,0.7000000000000001,30.238,26.323,1.148729248185997,1.0
197,6,10,0.0,-25.744594594594595,200,0.0,0,0.0,15.000000000000004,736.9139999999987,2.96,248.957432432432,1.0
197,7,10,0.0,-23.565822999863293,200,0.0,0,0.0,10.100000000000009,877.3129999999993,51.209,17.132008045460744,1.0
197,8,10,0.0,-25.235586138797153,200,0.0,0,0.0,13.400000000000013,992.106000000001,32.407000000000004,30.613941432406605,1.0
197,9,10,0.0,-26.415730452420398,200,0.0,0,0.0,15.050000000000002,2098.8209999999945,40.427,51.91631830212468,1.0
198,0,10,0.0,-22.861780854619244,200,0.0,0,0.0,10.000000000000007,809.7710000000017,20.945,38.66178085461932,1.0
198,1,10,0.0,-25.814675300417182,200,0.0,0,0.0,15.000000000000004,1010.7999999999962,16.061,62.93506008343168,1.0
198,2,10,0.0,-25.413526853345015,200,0.0,0,0.0,15.000000000000004,1025.2050000000024,40.926,25.05021257880082,1.0
198,3,10,0.0,-25.995562700964626,200,0.0,0,0.0,15.000000000000002,2005.9369999999958,23.325000000000003,85.99944265809198,1.0
198,4,10,0.0,-23.183259960991855,200,0.0,0,0.0,10.000000000000007,1250.3999999999976,28.711999999999996,43.54973530231254,1.0
198,5,10,1.0,10.137934033275682,7,0.7951459507621982,0,0.0,0.39999999999999997,51.626999999999995,41.051,1.2576307519914252,1.0
198,6,10,0.0,-13.074171552784373,14,0.0,10,1.0,0.30000000000000004,25.618000000000002,34.963,0.7327174441552499,1.0
198,7,10,0.0,-13.153392792885413,14,0.0,10,1.0,0.3,18.836000000000002,19.453000000000003,0.9682825271166401,1.0
198,8,10,0.0,-27.728072205507914,200,0.0,0,0.0,20.00000000000003,704.9999999999974,12.963000000000001,54.38555889840294,1.0
198,9,10,0.0,-25.922658483903028,200,0.0,0,0.0,15.000000000000004,903.803000000003,58.33399999999999,15.493588644701257,1.0
199,0,10,0.0,-25.477990805380575,200,0.0,0,0.0,15.100000000000003,1105.6539999999993,41.111,26.8943591739437,1.0
199,1,10,0.0,-28.030366741376902,200,0.0,0,0.0,20.000000000000014,825.761000000002,50.417,16.3786222901006,1.0
199,2,10,0.0,-13.32650676965016,14,0.0,10,1.0,0.35000000000000003,22.598,55.025000000000006,0.41068605179463874,1.0
199,3,10,0.0,-23.398308687615582,200,0.0,0,0.0,10.050000000000008,942.2829999999948,53.018,17.772888452978137,1.0
199,4,10,1.0,10.353165531015037,5,0.5050732807215332,0,0.0,0.35000000000000003,33.706,17.024,1.9799107142857144,1.0
199,5,10,0.0,-23.049830186116065,200,0.0,0,0.0,10.000000000000007,571.1999999999991,36.80499999999999,15.519630484988433,1.0
199,6,10,0.0,-25.331013946261486,200,0.0,0,0.0,15.050000000000002,1025.5150000000024,26.386999999999997,38.864402925683194,1.0
199,7,10,0.0,-22.881605744399423,200,0.0,0,0.0,10.000000000000007,942.5309999999986,47.62900000000001,19.789015095844935,1.0
199,8,10,0.0,-25.411901267111947,200,0.0,0,0.0,15.000000000000004,1998.0129999999958,33.382999999999996,59.851211694574964,1.0
199,9,10,0.0,-13.126035724438548,14,0.0,10,1.0,0.2,24.005,42.211999999999996,0.5686771534160903,1.0
