scenario_id,robot_id,robots,success,reward,steps,spl,collisions,deadlock,cumulative_risk,path_length,shortest_path_length,detour,disruption_applied
0,0,10,0.0,-12.607661469933184,11,0.0,10,1.0,0.05,4.936,8.98,0.5496659242761692,0.0
0,1,10,1.0,10.007837061415742,6,0.6048653755314123,0,0.0,0.8500000000000001,29.638,17.927,1.653260445138618,0.0
0,2,10,1.0,9.633805599042269,10,0.8456506502608832,0,0.0,0.85,51.364,43.436,1.1825214108113085,0.0
0,3,10,0.0,-25.588335158817184,200,0.0,0,0.0,15.000000000000002,738.1539999999969,54.78,13.474881343555985,0.0
0,4,10,0.0,-27.850363392942512,200,0.0,0,0.0,20.00000000000003,1251.8000000000025,41.828,29.92732141149475,0.0
0,5,10,1.0,9.730515195765264,10,0.4873026462085836,0,0.0,0.6500000000000001,44.96999999999999,21.914,2.0521128045997985,0.0
0,6,10,1.0,10.355178798406914,5,0.8512894499549143,0,0.0,0.35,27.725,23.602,1.174688585713075,0.0
0,7,10,0.0,-13.029840509595227,11,0.0,10,1.0,0.05,2.817,31.004999999999995,0.09085631349782296,0.0
0,8,10,0.0,-23.24353393085788,200,0.0,0,0.0,10.000000000000007,636.5359999999993,23.43,27.167562953478416,0.0
0,9,10,0.0,-26.35972633147008,200,0.0,0,0.0,16.549999999999994,1166.3890000000017,67.801,17.203123847730883,0.0
1,0,10,0.0,-22.89405016308625,200,0.0,0,0.0,10.000000000000007,278.38799999999935,35.564,7.827803396693267,0.0
1,1,10,0.0,-12.899897735920854,11,0.0,10,1.0,0.05,2.719,21.024,0.12932838660578386,0.0
1,2,10,0.0,-23.651162653012268,200,0.0,0,0.0,10.000000000000007,1474.9410000000066,62.495000000000005,23.600944075526147,0.0
1,3,10,1.0,10.136892026179625,7,0.601426127815675,0,0.0,0.4,48.523,29.183,1.662714594113011,0.0
1,4,10,0.0,-23.234892106684534,200,0.0,0,0.0,10.000000000000007,925.3849999999986,77.762,11.900221187726636,0.0
1,5,10,0.0,-23.546431898474328,200,0.0,0,0.0,10.150000000000011,900.9429999999975,50.666999999999994,17.781652752284476,0.0
1,6,10,0.0,-28.048419508149575,200,0.0,0,0.0,20.00000000000003,609.0649999999995,31.351,19.42729099550252,0.0
1,7,10,0.0,-23.558265057303114,200,0.0,0,0.0,10.15000000000001,856.9099999999968,61.515,13.930098349995884,0.0
1,8,10,1.0,10.128987558375815,7,0.8117548327352703,0,0.0,0.39999999999999997,34.556000000000004,28.051000000000002,1.2318990410324053,0.0
1,9,10,0.0,-12.925695652173912,11,0.0,10,1.0,0.15,4.572,29.21,0.15652173913043477,0.0
2,0,10,0.0,-12.974237239277702,12,0.0,10,1.0,0.1,9.421,48.567,0.1939794510675973,0.0
2,1,10,0.0,-23.409484557650604,200,0.0,0,0.0,10.100000000000009,990.9310000000036,38.239000000000004,25.914145244384095,0.0
2,2,10,1.0,10.463687156355974,4,1.0,0,0.0,0.3,30.372999999999998,30.372999999999998,1.0,0.0
2,3,10,0.0,-23.134933456419677,200,0.0,0,0.0,10.000000000000007,1236.0769999999939,38.99699999999999,31.69672026053271,0.0
2,4,10,1.0,10.51483550627513,4,1.0,0,0.0,0.2,16.414,16.414,1.0,0.0
2,5,10,0.0,-22.972335406390705,200,0.0,0,0.0,10.000000000000007,682.0000000000001,46.63,14.625777396525843,0.0
2,6,10,0.0,-30.476096699714788,200,0.0,0,0.0,25.0,1593.9629999999954,29.452,54.12070487572984,0.0
2,7,10,1.0,9.764831079542867,9,0.9893243243243244,0,0.0,0.75,44.4,43.926,1.0107908755634476,0.0
2,8,10,0.0,-23.001389983117637,200,0.0,0,0.0,10.050000000000008,672.0809999999993,31.986000000000004,21.011723879197124,0.0
2,9,10,0.0,-12.968534453455058,12,0.0,10,1.0,0.1,9.852,41.186,0.23920749769339097,0.0
3,0,10,0.0,-30.75541431460734,200,0.0,0,0.0,24.85,323.46399999999886,66.254,4.882180698523845,0.0
3,1,10,1.0,10.056691612053916,7,0.958866143460842,0,0.0,0.55,36.44199999999999,34.943,1.0428984345934806,0.0
3,2,10,1.0,9.807842112695948,9,0.7118013671089666,0,0.0,0.7,39.792,28.323999999999998,1.4048863154921623,0.0
3,3,10,0.0,-23.157278423331096,200,0.0,0,0.0,10.000000000000007,966.1150000000032,52.66800000000001,18.343491304017675,0.0
3,4,10,0.0,-12.934220140036775,11,0.0,10,1.0,0.05,4.887,53.843,0.09076388759913079,0.0
3,5,10,0.0,-12.831402080396636,11,0.0,10,1.0,0.05,8.488,41.146,0.20628979730715014,0.0
3,6,10,0.0,-28.463054466740864,200,0.0,0,0.0,19.70000000000003,813.9660000000033,51.279,15.873281460246949,0.0
3,7,10,1.0,10.484219367217186,4,0.933125043881205,0,0.0,0.25,28.485999999999997,26.581000000000003,1.0716677325909483,0.0
3,8,10,1.0,8.900911037000316,16,0.6989541989541991,0,0.0,1.1500000000000004,63.49199999999999,44.378,1.4307089098201808,0.0
3,9,10,0.0,-23.11835548172763,200,0.0,0,0.0,10.000000000000007,633.9829999999993,21.672,29.25355297157619,0.0
4,0,10,0.0,-23.250358433299624,200,0.0,0,0.0,10.000000000000007,1625.7010000000014,41.514,39.16030736618975,0.0
4,1,10,1.0,10.099915085184385,6,1.0,0,0.0,0.65,37.096000000000004,37.096000000000004,1.0,0.0
4,2,10,0.0,-24.546463202386832,200,0.0,0,0.0,12.500000000000016,952.4499999999992,32.176,29.601255594231702,0.0
4,3,10,0.0,-25.551167109295207,200,0.0,0,0.0,15.000000000000004,1067.736999999998,48.949999999999996,21.812808988764008,0.0
4,4,10,1.0,10.388994678277697,4,1.0,0,0.0,0.45,20.669999999999998,20.669999999999998,1.0,0.0
4,5,10,1.0,10.756927374301675,2,0.8280820205051262,0,0.0,0.1,7.998,6.623,1.2076098444813528,0.0
4,6,10,1.0,9.902093605062943,8,0.7955974842767294,0,0.0,0.65,55.01400000000001,43.769,1.2569169960474311,0.0
4,7,10,0.0,-12.899999999999999,10,0.0,10,1.0,0.0,0.0,62.161,0.0,0.0
4,8,10,0.0,-22.602810912956183,200,0.0,0,0.0,10.000000000000007,741.281,8.467,87.54942718790598,0.0
4,9,10,0.0,-12.9,10,0.0,10,1.0,0.0,0.0,47.94199999999999,0.0,0.0
5,0,10,1.0,10.345782581040867,5,0.731063688449722,0,0.0,0.35,60.214999999999996,44.02100000000001,1.3678698802844094,0.0
5,1,10,1.0,9.933655474970838,8,0.8913249853080782,0,0.0,0.6,44.242,39.434,1.1219252421768018,0.0
5,2,10,0.0,-13.45555575221239,15,0.0,10,1.0,0.45,19.364,28.250000000000004,0.6854513274336282,0.0
5,3,10,0.0,-23.88498833613149,200,0.0,0,0.0,11.650000000000016,681.6869999999998,56.585,12.04713263232305,0.0
5,4,10,0.0,-23.00916255222189,200,0.0,0,0.0,10.000000000000007,1185.3999999999999,42.128,28.138055450056967,0.0
5,5,10,0.0,-23.333785063715514,200,0.0,0,0.0,10.050000000000008,973.7810000000035,49.516999999999996,19.66558959549253,0.0
5,6,10,1.0,10.396457519985127,5,0.8278477672976717,0,0.0,0.25,45.483,37.653,1.2079515576448092,0.0
5,7,10,0.0,-23.171502440512477,200,0.0,0,0.0,10.050000000000008,1571.1099999999979,45.891999999999996,34.23494290943951,0.0
5,8,10,1.0,10.467949325894933,4,1.0,0,0.0,0.30000000000000004,21.509999999999998,21.509999999999998,1.0,0.0
5,9,10,0.0,-12.94063822346564,15,0.0,10,1.0,0.5,23.312,28.595,0.8152474208777759,0.0
6,0,10,0.0,-31.038835549038048,200,0.0,0,0.0,24.8,512.9630000000005,51.827000000000005,9.897601636212794,0.0
6,1,10,0.0,-23.222787482254123,200,0.0,0,0.0,10.000000000000007,843.1059999999969,32.402,26.020183939262914,0.0
6,2,10,0.0,-26.064995993700407,200,0.0,0,0.0,14.800000000000002,285.30400000000174,72.386,3.9414251374575437,0.0
6,3,10,0.0,-25.43567429548605,200,0.0,0,0.0,15.000000000000002,637.4000000000018,42.689,14.931246925437508,0.0
6,4,10,0.0,-23.083397919162003,200,0.0,0,0.0,10.000000000000007,679.1759999999972,42.57900000000001,15.950961741703589,0.0
6,5,10,0.0,-12.961193921852388,16,0.0,10,1.0,0.35,35.790000000000006,45.606,0.7847651624786214,0.0
6,6,10,0.0,-12.9,10,0.0,10,1.0,0.0,0.0,21.396,0.0,0.0
6,7,10,0.0,-12.899999999999999,10,0.0,10,1.0,0.0,0.0,37.543000000000006,0.0,0.0
6,8,10,0.0,-13.60813845615263,16,0.0,10,1.0,0.45,27.076,17.139000000000003,1.5797887858101405,0.0
6,9,10,1.0,10.46498681526444,4,0.9072402274984201,0,0.0,0.30000000000000004,22.154,20.099,1.1022438927309817,0.0
7,0,10,0.0,-25.464915512975736,200,0.0,0,0.0,15.000000000000004,1991.3249999999898,37.994,52.411564983944565,0.0
7,1,10,0.0,-12.899999999999999,10,0.0,10,1.0,0.0,0.0,19.799,0.0,0.0
7,2,10,0.0,-28.17206419717692,200,0.0,0,0.0,20.00000000000003,1044.7770000000003,27.914,37.4284230135416,0.0
7,3,10,0.0,-26.085779112987648,200,0.0,0,0.0,15.000000000000004,1179.938999999996,55.422000000000004,21.290083360398324,0.0
7,4,10,0.0,-28.49756143910853,200,0.0,0,0.0,19.85000000000003,1118.8729999999987,62.094,18.019019551003296,0.0
7,5,10,0.0,-13.280243937884071,17,0.0,10,1.0,0.44999999999999996,30.191000000000003,48.168,0.6267854177047003,0.0
7,6,10,0.0,-25.414979055322878,200,0.0,0,0.0,15.000000000000004,1431.1659999999968,34.615,41.3452549472771,0.0
7,7,10,0.0,-12.9,10,0.0,10,1.0,0.0,0.0,13.562,0.0,0.0
7,8,10,0.0,-13.420298629010576,17,0.0,10,1.0,0.75,51.504000000000005,63.239,0.8144341308369836,0.0
7,9,10,0.0,-25.612226175372818,200,0.0,0,0.0,14.950000000000003,477.8100000000026,54.387,8.785371504219807,0.0
8,0,10,0.0,-13.080238475413228,14,0.0,10,1.0,0.25,16.448,33.819,0.48635382477305655,0.0
8,1,10,0.0,-25.825793687099694,200,0.0,0,0.0,14.950000000000003,693.7719999999975,34.976,19.835658737419877,0.0
8,2,10,1.0,10.081237366687139,7,0.8411732932528593,0,0.0,0.5,42.580999999999996,35.818,1.1888156792674074,0.0
8,3,10,0.0,-23.06915974682067,200,0.0,0,0.0,10.000000000000007,858.2779999999973,51.663,16.61301124595934,0.0
8,4,10,0.0,-25.728265851795207,200,0.0,0,0.0,15.000000000000004,913.2169999999986,26.18,34.882238349885355,0.0
8,5,10,0.0,-25.680734500605755,200,0.0,0,0.0,15.000000000000004,1313.0000000000066,36.324,36.14690012113222,0.0
8,6,10,0.0,-24.60345229382531,200,0.0,0,0.0,13.350000000000012,764.1099999999994,25.961,29.43299564731711,0.0
8,7,10,0.0,-13.012236594506554,14,0.0,10,1.0,0.39999999999999997,40.2,63.239,0.6356836762124639,0.0
8,8,10,0.0,-13.042021762269329,14,0.0,10,1.0,0.35,35.134,77.97900000000001,0.4505572012977852,0.0
8,9,10,0.0,-13.232522340586664,14,0.0,10,1.0,0.30000000000000004,14.474999999999998,39.614,0.36540112081587317,0.0
9,0,10,1.0,10.224640352083618,6,0.9616770823000365,0,0.0,0.4,30.243000000000002,29.084000000000003,1.0398500893962315,0.0
9,1,10,1.0,10.123025156386628,7,0.7450823163855964,0,0.0,0.39999999999999997,39.907,29.733999999999995,1.3421335844487794,0.0
9,2,10,1.0,10.348071597009683,5,0.742973234921345,0,0.0,0.35000000000000003,26.826,19.931,1.3459435050925694,0.0
9,3,10,0.0,-23.10231111908388,200,0.0,0,0.0,10.000000000000007,931.7569999999977,33.447,27.857715191197943,0.0
9,4,10,0.0,-13.625783244169373,17,0.0,10,1.0,0.44999999999999996,29.347,28.599,1.0261547606559671,0.0
9,5,10,0.0,-33.408392839836424,200,0.0,0,0.0,29.650000000000006,856.9159999999977,51.591,16.609796282297253,0.0
9,6,10,0.0,-13.496866882050877,17,0.0,10,1.0,0.55,45.917,76.143,0.6030363920517973,0.0
9,7,10,0.0,-25.94130727109731,200,0.0,0,0.0,14.950000000000003,905.2619999999968,41.272999999999996,21.933515857824652,0.0
9,8,10,0.0,-25.49779887896384,200,0.0,0,0.0,15.000000000000004,595.8000000000004,39.071000000000005,15.24916178239616,0.0
9,9,10,0.0,-28.0571097308489,200,0.0,0,0.0,20.00000000000003,704.9229999999974,60.37500000000001,11.675743271221487,0.0
10,0,10,0.0,-23.349914539920455,200,0.0,0,0.0,10.050000000000008,916.1359999999978,46.981,19.500138353802555,0.0
10,1,10,1.0,9.87174555262989,8,0.5340673286343914,0,0.0,0.75,58.311,31.141999999999996,1.8724230942136024,0.0
10,2,10,1.0,9.849587990266837,8,0.9437384450715189,0,0.0,0.7500000000000001,51.385,48.494,1.0596156225512434,0.0
10,3,10,1.0,10.466966766548625,4,0.8920478707247435,0,0.0,0.30000000000000004,16.461,14.684000000000001,1.1210160719150093,0.0
10,4,10,1.0,10.050420553117666,7,0.8617384269030531,0,0.0,0.55,56.856,48.99499999999999,1.1604449433615678,0.0
10,5,10,1.0,9.736988744588745,9,0.9696593179643032,0,0.0,0.8,59.556999999999995,57.75,1.0312900432900431,0.0
10,6,10,1.0,10.592084091736439,3,0.5189873417721519,0,0.0,0.25,10.586,5.494,1.926829268292683,0.0
10,7,10,1.0,10.729641251573458,2,1.0,0,0.0,0.15000000000000002,11.122,11.122,1.0,0.0
10,8,10,0.0,-23.38429657794678,200,0.0,0,0.0,10.000000000000007,794.4419999999992,26.3,30.206920152091225,0.0
10,9,10,0.0,-23.04635772252996,200,0.0,0,0.0,10.000000000000007,651.6000000000005,62.104000000000006,10.492077804972311,0.0
11,0,10,1.0,10.13957164958422,7,0.8517542414758689,0,0.0,0.4,48.568,41.367999999999995,1.1740475730032875,0.0
11,1,10,0.0,-13.009077245539592,16,0.0,10,1.0,0.55,32.131,39.122,0.82130259189203,0.0
11,2,10,0.0,-23.34590058700361,200,0.0,0,0.0,10.000000000000007,1239.0099999999939,58.262,21.266176924925233,0.0
11,3,10,0.0,-13.225620235198704,16,0.0,10,1.0,0.35,35.04,49.31999999999999,0.710462287104623,0.0
11,4,10,1.0,10.492920514973413,4,0.8253161633077324,0,0.0,0.25,17.317,14.292000000000002,1.21165687097677,0.0
11,5,10,0.0,-26.52420586569805,200,0.0,0,0.0,15.250000000000004,849.7679999999971,51.213,16.592818229746296,0.0
11,6,10,0.0,-25.541525620217964,200,0.0,0,0.0,15.000000000000002,1039.5999999999976,43.13,24.103872014838803,0.0
11,7,10,0.0,-25.935270118527768,200,0.0,0,0.0,15.000000000000002,1380.1749999999959,64.12,21.524875233936303,0.0
11,8,10,0.0,-25.533613531387722,200,0.0,0,0.0,14.950000000000003,1166.1249999999995,38.104000000000006,30.603742389250456,0.0
11,9,10,1.0,10.520893814603946,4,0.9122585850436187,0,0.0,0.2,19.831,18.091,1.0961804212039135,0.0
12,0,10,0.0,-23.05001658174794,200,0.0,0,0.0,10.000000000000007,1144.9809999999995,66.33800000000001,17.25980584280502,0.0
12,1,10,1.0,10.228229546549231,6,0.9819926348863137,0,0.0,0.39999999999999997,29.599,29.066,1.018337576549921,0.0
12,2,10,1.0,10.460827108399384,4,0.9545504027868496,0,0.0,0.3,36.744,35.074,1.0476136169242174,0.0
12,3,10,0.0,-25.697647348371422,200,0.0,0,0.0,15.000000000000004,949.6959999999987,46.726,20.324787056456763,0.0
12,4,10,0.0,-25.558097924472786,200,0.0,0,0.0,15.000000000000002,614.697999999999,23.753,25.878752157622152,0.0
12,5,10,1.0,10.440664450914685,4,0.9628669664110023,0,0.0,0.35,18.905,18.203,1.0385650716914796,0.0
12,6,10,0.0,-25.388139204545393,200,0.0,0,0.0,15.000000000000002,1071.0000000000025,47.872,22.372159090909143,0.0
12,7,10,0.0,-35.50130993406514,200,0.0,0,0.0,34.89999999999991,1054.5079999999953,50.20099999999999,21.0057170175892,0.0
12,8,10,0.0,-23.123524634542605,200,0.0,0,0.0,10.000000000000007,614.6969999999991,36.94,16.64041689225769,0.0
12,9,10,1.0,10.60777984792789,3,1.0,0,0.0,0.2,19.858999999999998,19.858999999999998,1.0,0.0
13,0,10,1.0,10.387774711490215,5,0.43574747198688174,0,0.0,0.3,18.294999999999998,7.972,2.2949071751128947,0.0
13,1,10,0.0,-23.257210017177467,200,0.0,0,0.0,10.000000000000007,954.9059999999993,33.183,28.776964108127633,0.0
13,2,10,0.0,-23.136580347284863,200,0.0,0,0.0,10.000000000000007,1076.313999999997,39.852,27.007778781491442,0.0
13,3,10,1.0,10.341769827021174,5,0.8312448181925857,0,0.0,0.35000000000000003,42.214999999999996,35.091,1.203015018095808,0.0
13,4,10,1.0,10.467877503017549,4,0.9902540684667015,0,0.0,0.3,32.629,32.311,1.0098418495249295,0.0
13,5,10,0.0,-23.290609758889975,200,0.0,0,0.0,10.000000000000007,580.0560000000016,43.673,13.2817988230715,0.0
13,6,10,0.0,-24.595413364077462,200,0.0,0,0.0,13.300000000000013,870.1130000000003,20.817,41.798193783926614,0.0
13,7,10,1.0,10.06498418238399,7,0.8034673297416771,0,0.0,0.55,72.39,58.163000000000004,1.2446056771487026,0.0
13,8,10,0.0,-26.933933694708127,200,0.0,0,0.0,17.45000000000003,723.7409999999999,66.782,10.837366356203766,0.0
13,9,10,1.0,10.222267823930565,5,0.9334490740740742,0,0.0,0.6000000000000001,25.919999999999998,24.195,1.0712957222566646,0.0
14,0,10,1.0,10.298098783454988,5,1.0,0,0.0,0.45,30.825000000000003,30.825000000000003,1.0,0.0
14,1,10,1.0,9.987252958352544,8,0.784984719317999,0,0.0,0.5,49.736000000000004,39.042,1.2739101480456945,0.0
14,2,10,0.0,-33.27996620575789,200,0.0,0,0.0,29.900000000000006,1069.722999999999,77.52800000000002,13.797892374367954,0.0
14,3,10,0.0,-23.07000746226362,200,0.0,0,0.0,10.050000000000008,749.3589999999994,52.933,14.156745319554897,0.0
14,4,10,0.0,-23.004459369527066,200,0.0,0,0.0,10.150000000000011,674.3790000000017,57.099999999999994,11.810490367775863,0.0
14,5,10,0.0,-30.55980032942282,200,0.0,0,0.0,25.0,442.3999999999986,29.749000000000002,14.87108810380176,0.0
14,6,10,0.0,-12.757944016340174,12,0.0,10,1.0,0.15000000000000002,11.83,21.542,0.549159780893139,0.0
14,7,10,1.0,9.959488122371297,8,0.7716673919350159,0,0.0,0.5499999999999999,55.152,42.559,1.2958951103174419,0.0
14,8,10,0.0,-12.989076267434136,12,0.0,10,1.0,0.1,4.98,18.068,0.27562541509851674,0.0
14,9,10,0.0,-23.153536642894775,200,0.0,0,0.0,10.000000000000007,1106.6000000000004,36.037,30.707328578960524,0.0
15,0,10,0.0,-28.237171451145628,200,0.0,0,0.0,19.900000000000013,1614.1289999999972,72.143,22.374021041542452,0.0
15,1,10,0.0,-23.025419905608025,200,0.0,0,0.0,10.000000000000007,622.0000000000022,57.632000000000005,10.792615213770164,0.0
15,2,10,1.0,10.035408956824886,7,0.8301219421702243,0,0.0,0.6,40.429,33.561,1.2046422931378684,0.0
15,3,10,1.0,10.252611513166945,6,0.9397481316748986,0,0.0,0.35,38.671,36.341,1.0641149115324289,0.0
15,4,10,1.0,9.043968064139607,14,0.5763996117704151,0,0.0,1.2500000000000002,90.668,52.260999999999996,1.7349074835919713,0.0
15,5,10,1.0,10.470279329608939,4,0.7876210032267527,0,0.0,0.3,17.045,13.425,1.2696461824953447,0.0
15,6,10,1.0,10.753984794275492,2,0.20780669144981415,0,0.0,0.15000000000000002,10.76,2.236,4.812164579606439,0.0
15,7,10,0.0,-23.473778882531374,200,0.0,0,0.0,10.000000000000007,1090.6720000000032,31.983000000000004,34.10161648375709,0.0
15,8,10,0.0,-25.340015390534788,200,0.0,0,0.0,15.000000000000004,1353.7869999999984,12.995000000000001,104.1775298191611,0.0
15,9,10,0.0,-23.685092449551068,200,0.0,0,0.0,10.100000000000009,1322.7229999999943,41.428,31.928236941199053,0.0
16,0,10,1.0,10.76628817541112,2,0.316304415134064,0,0.0,0.1,16.149,5.108,3.1615113547376668,0.0
16,1,10,0.0,-23.109448536934707,200,0.0,0,0.0,10.000000000000007,855.7999999999994,39.096000000000004,21.889707386944938,0.0
16,2,10,0.0,-13.771443062654791,18,0.0,10,1.0,0.6000000000000001,32.986,37.954,0.8691047056963692,0.0
16,3,10,0.0,-25.408543227441506,200,0.0,0,0.0,15.000000000000002,822.8000000000012,44.983000000000004,18.291354511704448,0.0
16,4,10,0.0,-30.830343211478805,200,0.0,0,0.0,24.95,495.66900000000055,27.738,17.86967337226911,0.0
16,5,10,1.0,10.293096042185093,5,0.8634131368938,0,0.0,0.45,39.096,33.756,1.158194098826875,0.0
16,6,10,0.0,-12.9,10,0.0,10,1.0,0.0,0.0,46.163,0.0,0.0
16,7,10,0.0,-13.304370551526397,18,0.0,10,1.0,0.6000000000000001,58.489999999999995,59.28999999999999,0.9865069994940125,0.0
16,8,10,0.0,-14.41853443433322,20,0.0,10,1.0,1.25,79.75,26.703,2.986555817698386,0.0
16,9,10,0.0,-12.899999999999999,10,0.0,10,1.0,0.0,0.0,54.193999999999996,0.0,0.0
17,0,10,0.0,-13.537638288410701,15,0.0,10,1.0,0.25,13.209,40.477000000000004,0.32633347333053336,0.0
17,1,10,0.0,-25.56035636312409,200,0.0,0,0.0,15.000000000000004,1287.7739999999944,56.796,22.673674202408524,0.0
17,2,10,1.0,10.348763638670388,5,0.6010599763602394,0,0.0,0.35000000000000003,26.226999999999997,15.764,1.6637274803349402,0.0
17,3,10,0.0,-23.016894216215416,200,0.0,0,0.0,10.000000000000007,231.79999999999956,65.40700000000001,3.5439631843686383,0.0
17,4,10,0.0,-25.496581850448496,200,0.0,0,0.0,14.950000000000003,1122.9609999999993,41.69800000000001,26.930812029353906,0.0
17,5,10,0.0,-30.610073032986868,200,0.0,0,0.0,25.05,997.1120000000054,38.955,25.596508792196264,0.0
17,6,10,0.0,-12.711407966027235,15,0.0,10,1.0,0.35,25.571,27.316000000000003,0.9361180260653097,0.0
17,7,10,0.0,-28.43281889903382,200,0.0,0,0.0,19.950000000000028,948.4189999999986,45.123999999999995,21.018061342079573,0.0
17,8,10,0.0,-23.477556660359905,200,0.0,0,0.0,10.050000000000008,647.4830000000022,49.682,13.032546998913132,0.0
17,9,10,0.0,-28.372022915202926,200,0.0,0,0.0,19.95000000000003,1044.8600000000004,37.006,28.234880830135662,0.0
18,0,10,0.0,-23.04286510202665,200,0.0,0,0.0,10.000000000000007,739.0000000000023,28.718,25.73298976251836,0.0
18,1,10,1.0,10.73159081782894,2,1.0,0,0.0,0.15000000000000002,7.471,7.471,1.0,0.0
18,2,10,1.0,10.55938412301928,3,1.0,0,0.0,0.30000000000000004,12.811,12.811,1.0,0.0
18,3,10,0.0,-25.595786024537055,200,0.0,0,0.0,15.000000000000004,754.1999999999979,39.36899999999999,19.157204907414414,0.0
18,4,10,0.0,-13.836162537821483,19,0.0,10,1.0,0.49999999999999994,34.624,21.152,1.6369137670196672,0.0
18,5,10,1.0,10.139128857479387,6,0.6928123775949863,0,0.0,0.6,30.636000000000003,21.225,1.44339222614841,0.0
18,6,10,1.0,10.463416838433487,4,0.9510310249934031,0,0.0,0.3,26.526999999999997,25.228,1.0514904074837481,0.0
18,7,10,1.0,9.813875653689713,8,0.6234861815547044,0,0.0,0.8500000000000001,38.644000000000005,24.093999999999998,1.6038847845936752,0.0
18,8,10,0.0,-24.283525218084424,200,0.0,0,0.0,12.500000000000014,654.5709999999995,67.74900000000001,9.661707183869863,0.0
18,9,10,0.0,-28.103396741704326,200,0.0,0,0.0,20.00000000000003,962.3509999999995,63.346000000000004,15.191977393994877,0.0
19,0,10,0.0,-25.062860328902826,200,0.0,0,0.0,13.350000000000014,722.843999999998,44.39,16.28393782383415,0.0
19,1,10,0.0,-23.077430626927075,200,0.0,0,0.0,10.000000000000007,852.6009999999984,63.245,13.480923393153585,0.0
19,2,10,0.0,-30.438783719234795,200,0.0,0,0.0,25.0,1071.4629999999975,39.77700000000001,26.93674736656855,0.0
19,3,10,1.0,9.721637206459173,10,0.6245347246524354,0,0.0,0.7000000000000001,62.86599999999999,39.262,1.601191992257144,0.0
19,4,10,0.0,-25.76379847857101,200,0.0,0,0.0,14.900000000000002,736.2230000000019,58.891999999999996,12.501239557155504,0.0
19,5,10,1.0,9.64858643131841,10,0.9040137282431859,0,0.0,0.8000000000000002,44.871,40.564,1.1061778917266543,0.0
19,6,10,0.0,-23.08128797083833,200,0.0,0,0.0,10.000000000000007,974.8000000000033,24.69,39.48157148643188,0.0
19,7,10,0.0,-28.389919215666694,200,0.0,0,0.0,20.00000000000003,944.2589999999987,39.983,23.61651201760745,0.0
19,8,10,1.0,10.75729805966322,2,1.0,0,0.0,0.1,11.699,11.699,1.0,0.0
19,9,10,0.0,-23.007069104099216,200,0.0,0,0.0,10.000000000000007,966.1310000000051,48.52100000000001,19.91160528430999,0.0
20,0,10,1.0,9.573214951600134,10,0.8814471284810553,0,0.0,0.9500000000000002,44.419000000000004,39.153,1.1344979950450798,0.0
20,1,10,1.0,10.608944786902631,3,0.9772005958935164,0,0.0,0.2,15.439,15.087,1.0233313448664414,0.0
20,2,10,0.0,-23.47077615387054,200,0.0,0,0.0,10.15000000000001,552.4639999999998,31.611000000000004,17.476954224795158,0.0
20,3,10,0.0,-26.387264095651112,200,0.0,0,0.0,17.500000000000032,906.5000000000006,25.593,35.41984136287268,0.0
20,4,10,0.0,-22.870792231447982,200,0.0,0,0.0,10.000000000000007,1092.3999999999983,42.273,25.841553710406128,0.0
20,5,10,1.0,8.332868018204385,13,0.9561485056470913,1,0.0,0.8500000000000001,50.557,48.339999999999996,1.0458626396359123,0.0
20,6,10,1.0,10.21822299651568,6,0.9195981049596043,0,0.0,0.4,43.693000000000005,40.17999999999999,1.0874315579890497,0.0
20,7,10,1.0,10.612060024693703,3,0.9293847647629976,0,0.0,0.2,11.329,10.529,1.0759806249406403,0.0
20,8,10,1.0,10.224730151115375,6,0.960093433346493,0,0.0,0.39999999999999997,30.396,29.183000000000003,1.0415652948634477,0.0
20,9,10,0.0,-26.38965884790898,200,0.0,1,0.0,14.950000000000003,720.9569999999994,45.361,15.893763365005169,0.0
21,0,10,1.0,10.611330463705732,3,0.9384008078582576,0,0.0,0.2,10.893,10.222000000000001,1.0656427313637253,0.0
21,1,10,0.0,-25.66854695800332,200,0.0,0,0.0,14.950000000000003,447.2770000000017,49.885000000000005,8.966162172997928,0.0
21,2,10,1.0,9.806115573101009,9,0.6474385810289743,0,0.0,0.7,45.385,29.384,1.5445480533623739,0.0
21,3,10,1.0,10.084367289218315,7,0.7560463058545938,0,0.0,0.49999999999999994,27.124,20.507,1.3226703076998096,0.0
21,4,10,1.0,10.378994749403342,5,0.7299651567944251,0,0.0,0.3,28.7,20.95,1.369928400954654,0.0
21,5,10,0.0,-26.578885828156096,200,0.0,0,0.0,17.45000000000003,904.2980000000006,25.593,35.33380221154224,0.0
21,6,10,1.0,10.742768344451184,2,0.3871346402159878,0,0.0,0.15000000000000002,8.519,3.298,2.5830806549423895,0.0
21,7,10,0.0,-22.717889226009884,200,0.0,0,0.0,10.000000000000007,948.3999999999972,16.809,56.4221547980247,0.0
21,8,10,0.0,-25.561177347242953,200,0.0,0,0.0,15.000000000000004,729.8329999999983,53.67999999999999,13.59599478390459,0.0
21,9,10,1.0,9.517423742431635,11,0.6760888543990687,0,0.0,0.9000000000000001,51.545,34.849,1.4790955264139576,0.0
22,0,10,0.0,-25.397601544516107,200,0.0,0,0.0,15.000000000000004,387.61000000000115,40.400999999999996,9.594069453726423,0.0
22,1,10,0.0,-13.046319784780296,14,0.0,10,1.0,0.30000000000000004,22.177,47.95099999999999,0.4624929615649309,0.0
22,2,10,0.0,-23.114135407136274,200,0.0,0,0.0,10.000000000000007,1148.9399999999966,39.348,29.19945105214996,0.0
22,3,10,0.0,-23.148690442871782,200,0.0,0,0.0,10.100000000000009,2025.8840000000046,75.03300000000002,26.999906707715326,0.0
22,4,10,1.0,10.22087445490016,6,1.0,0,0.0,0.39999999999999997,30.499000000000002,30.499000000000002,1.0,0.0
22,5,10,1.0,9.520746493095954,11,0.8561306570440534,0,0.0,0.8500000000000001,53.208,45.553,1.1680460123372776,0.0
22,6,10,1.0,10.345911213300319,5,0.5703506435863293,0,0.0,0.35000000000000003,24.783,14.135,1.7533073929961092,0.0
22,7,10,0.0,-25.291587648918142,200,0.0,0,0.0,15.000000000000004,1246.9999999999984,20.565,60.637004619499066,0.0
22,8,10,0.0,-23.470152369526083,200,0.0,0,0.0,10.000000000000007,660.841999999999,25.005,26.428394321135734,0.0
22,9,10,1.0,10.586732716780677,3,0.9419705532956552,0,0.0,0.25,27.778999999999996,26.167,1.061604310773111,0.0
23,0,10,1.0,10.608654269818153,3,1.0,0,0.0,0.2,26.781,26.781,1.0,0.0
23,1,10,0.0,-25.679948888646422,200,0.0,0,0.0,15.000000000000004,956.0029999999986,54.977999999999994,17.388828258576133,0.0
23,2,10,0.0,-26.183734706088742,200,0.0,0,0.0,15.000000000000004,1135.0859999999996,48.467,23.419770152887523,0.0
23,3,10,0.0,-12.849985920287164,12,0.0,10,1.0,0.15000000000000002,26.412,64.632,0.40865206089862605,0.0
23,4,10,0.0,-23.337074944807544,200,0.0,0,0.0,10.050000000000008,802.803000000004,68.39699999999999,11.737400763191427,0.0
23,5,10,0.0,-23.036994457245992,200,0.0,0,0.0,10.100000000000009,1088.5990000000013,32.114,33.89795727720002,0.0
23,6,10,0.0,-12.937479211273217,12,0.0,10,1.0,0.25,6.088,20.083,0.30314196086242096,0.0
23,7,10,1.0,10.515136192861615,4,0.8174372973895241,0,0.0,0.2,23.444,19.164,1.2233354205802545,0.0
23,8,10,0.0,-23.344418532871547,200,0.0,0,0.0,10.250000000000012,558.6130000000012,58.318,9.578740697554807,0.0
23,9,10,0.0,-28.123206127385203,200,0.0,0,0.0,19.85000000000003,852.6590000000007,37.21,22.914780972856775,0.0
24,0,10,1.0,9.808321141995833,9,0.9466196651139367,0,0.0,0.6500000000000001,47.658,45.114,1.0563904774571087,0.0
24,1,10,1.0,9.94350518203561,8,0.6453438518264449,0,0.0,0.6,40.817,26.341,1.549561520063779,0.0
24,2,10,0.0,-25.84946879165072,200,0.0,0,0.0,14.950000000000003,1722.8790000000015,44.267,38.920166263808284,0.0
24,3,10,0.0,-25.522261798753295,200,0.0,0,0.0,15.000000000000002,353.3999999999994,26.952,13.112199465716808,0.0
24,4,10,0.0,-24.944798897067237,200,0.0,0,0.0,13.400000000000013,796.9970000000004,43.883,18.16186222455166,0.0
24,5,10,0.0,-23.44704267866842,200,0.0,0,0.0,10.050000000000008,510.1540000000002,64.435,7.917343058896566,0.0
24,6,10,0.0,-13.027133463377803,13,0.0,10,1.0,0.2,12.651,31.784,0.39803045557513217,0.0
24,7,10,0.0,-30.405629065074546,200,0.0,0,0.0,24.75,648.0650000000024,59.962,10.807928354624636,0.0
24,8,10,0.0,-13.23813798867824,13,0.0,10,1.0,0.2,7.386000000000001,26.320999999999998,0.2806124387371301,0.0
24,9,10,0.0,-25.769961806960666,200,0.0,0,0.0,14.950000000000003,1053.8979999999951,39.535999999999994,26.656667341157306,0.0
25,0,10,0.0,-23.41876171232621,200,0.0,0,0.0,10.050000000000008,805.710000000004,78.443,10.271279782772256,0.0
25,1,10,0.0,-23.001674234545042,200,0.0,0,0.0,10.000000000000007,504.7650000000014,39.421,12.80446969889149,0.0
25,2,10,1.0,10.584427968655817,3,1.0,0,0.0,0.25,16.590000000000003,16.590000000000003,1.0,0.0
25,3,10,0.0,-23.074870099196872,200,0.0,0,0.0,10.000000000000007,473.20800000000173,42.34,11.17638167217765,0.0
25,4,10,0.0,-13.153839511604883,15,0.0,10,1.0,0.55,20.151999999999997,27.273,0.7388992776738899,0.0
25,5,10,0.0,-22.960775428868523,200,0.0,0,0.0,10.000000000000007,681.9830000000001,57.71,11.81741465950442,0.0
25,6,10,0.0,-23.118006183902082,200,0.0,0,0.0,10.000000000000007,283.62399999999934,50.77700000000001,5.58567855525138,0.0
25,7,10,0.0,-25.99354700736008,200,0.0,0,0.0,14.900000000000002,1304.3660000000064,36.005,36.22735731148469,0.0
25,8,10,0.0,-23.017924023141298,200,0.0,0,0.0,10.000000000000007,660.6730000000003,53.410999999999994,12.369605511973196,0.0
25,9,10,1.0,9.88685520034717,8,0.9069084039566554,0,0.0,0.7,38.113,34.565000000000005,1.102647186460292,0.0
26,0,10,1.0,9.847580888818742,9,0.7525537041436182,0,0.0,0.6000000000000001,58.934000000000005,44.351,1.3288088205451964,0.0
26,1,10,1.0,9.832680654660777,9,0.6742525487800223,0,0.0,0.65,52.37799999999999,35.316,1.4831237965794537,0.0
26,2,10,0.0,-26.099799690409608,200,0.0,0,0.0,15.000000000000004,636.497,43.283,14.705473280502737,0.0
26,3,10,0.0,-25.94274222786191,200,0.0,0,0.0,15.050000000000002,1127.5650000000019,11.033000000000001,102.19931115743694,0.0
26,4,10,0.0,-23.287629031814593,200,0.0,0,0.0,10.000000000000007,1690.1709999999991,72.73400000000001,23.237701762586948,0.0
26,5,10,0.0,-26.100702512652923,200,0.0,0,0.0,14.900000000000002,795.5879999999986,44.653999999999996,17.816724145653215,0.0
26,6,10,0.0,-22.967569952783915,200,0.0,0,0.0,10.000000000000007,782.9990000000007,63.114000000000004,12.40610641062206,0.0
26,7,10,0.0,-29.673556634397233,200,0.0,0,0.0,23.40000000000002,916.4139999999984,34.811,26.325414380511862,0.0
26,8,10,0.0,-24.360009424330485,200,0.0,0,0.0,12.500000000000014,1142.8500000000015,76.39800000000001,14.959161234587311,0.0
26,9,10,0.0,-25.95727812076502,200,0.0,0,0.0,15.050000000000002,611.1280000000006,66.41,9.202349043818712,0.0
27,0,10,1.0,10.75507904265654,2,1.0,0,0.0,0.1,11.323,11.323,1.0,0.0
27,1,10,1.0,10.241635060923288,6,0.5313091248945725,0,0.0,0.39999999999999997,43.869,23.308,1.8821434700532007,0.0
27,2,10,0.0,-12.9,10,0.0,10,1.0,0.0,0.0,35.778,0.0,0.0
27,3,10,0.0,-25.6942076561012,200,0.0,0,0.0,14.950000000000003,731.2350000000012,70.323,10.398233863743032,0.0
27,4,10,0.0,-23.072142368240968,200,0.0,0,0.0,10.000000000000007,316.19999999999993,21.915000000000003,14.428473648186168,0.0
27,5,10,0.0,-24.890236605507194,200,0.0,0,0.0,13.350000000000012,766.6639999999994,35.481,21.607733716637057,0.0
27,6,10,0.0,-12.9,10,0.0,10,1.0,0.0,0.0,18.536,0.0,0.0
27,7,10,1.0,10.27366370197565,6,0.420238350540731,0,0.0,0.35,32.641,13.717,2.379601953779981,0.0
27,8,10,0.0,-25.695443944694226,200,0.0,0,0.0,15.000000000000002,526.3630000000007,24.012,21.920831251041175,0.0
27,9,10,1.0,10.145666016739586,6,1.0,0,0.0,0.55,42.056,42.056,1.0,0.0
28,0,10,0.0,-26.323277215386984,200,0.0,0,0.0,16.649999999999995,1172.4110000000016,64.21,18.259009500077898,0.0
28,1,10,1.0,10.492357382057458,4,0.8384316043544653,0,0.0,0.25,20.301000000000002,17.021,1.1927031314258858,0.0
28,2,10,0.0,-23.01365529484063,200,0.0,0,0.0,10.000000000000007,830.2040000000018,43.939,18.894467329707133,0.0
28,3,10,1.0,9.834932007075068,9,0.883176000268754,0,0.0,0.6000000000000001,59.534,52.579,1.132277144867723,0.0
28,4,10,0.0,-28.110769153149583,200,0.0,0,0.0,20.000000000000014,1737.200000000008,39.641,43.823314245352236,0.0
28,5,10,1.0,10.349403815086369,5,0.8656411359724614,0,0.0,0.35,37.184,32.188,1.155213122902945,0.0
28,6,10,0.0,-25.588687378566842,200,0.0,1,0.0,13.250000000000012,867.7090000000005,52.498,16.528420130290687,0.0
28,7,10,0.0,-23.863659144893074,200,0.0,1,0.0,9.950000000000006,645.6289999999983,33.68,19.169507125890686,0.0
28,8,10,1.0,10.515405383943461,4,0.8328703703703703,0,0.0,0.2,15.120000000000001,12.593,1.200667037242913,0.0
28,9,10,0.0,-13.269657488600494,18,0.0,10,1.0,0.5500000000000002,48.085,57.01999999999999,0.8433005962820065,0.0
29,0,10,1.0,10.101460820521629,6,1.0,0,0.0,0.65,34.929,34.929,1.0,0.0
29,1,10,0.0,-12.9,10,0.0,10,1.0,0.0,0.0,64.37100000000001,0.0,0.0
29,2,10,0.0,-13.362673949135917,15,0.0,10,1.0,0.35,26.162,53.00399999999999,0.4935853897819033,0.0
29,3,10,0.0,-13.245916625973425,15,0.0,10,1.0,0.30000000000000004,22.739,38.909,0.5844149168572824,0.0
29,4,10,0.0,-28.02865840228158,200,0.0,0,0.0,20.000000000000025,844.9570000000007,35.413,23.860079631773665,0.0
29,5,10,0.0,-29.665290426003597,200,0.0,0,0.0,23.40000000000002,910.162999999997,58.638000000000005,15.521726525461254,0.0
29,6,10,0.0,-12.9,10,0.0,10,1.0,0.0,0.0,58.213,0.0,0.0
29,7,10,0.0,-23.634535584131118,200,0.0,0,0.0,10.10000000000001,915.1139999999966,52.959,17.279669178043328,0.0
29,8,10,0.0,-23.398859566446713,200,0.0,0,0.0,10.100000000000009,1428.3320000000058,31.83,44.873766886585166,0.0
29,9,10,1.0,10.875,1,1.0,0,0.0,0.05,7.812,7.812,1.0,0.0
30,0,10,1.0,10.112965289829921,7,0.7532419995816775,0,0.0,0.44999999999999996,38.248,28.81,1.3275945852134676,0.0
30,1,10,0.0,-23.246511627906965,200,0.0,0,0.0,10.000000000000007,724.399999999999,12.040000000000001,60.16611295681054,0.0
30,2,10,1.0,10.515063999321862,4,1.0,0,0.0,0.2,11.797,11.797,1.0,0.0
30,3,10,0.0,-25.671084149385567,200,0.0,0,0.0,14.950000000000003,374.28599999999966,41.664,8.983438940092157,0.0
30,4,10,1.0,10.319311533402875,5,0.8516086671043991,0,0.0,0.4,25.891000000000002,22.049,1.174248265227448,0.0
30,5,10,1.0,10.875,1,1.0,0,0.0,0.05,7.263,7.263,1.0,0.0
30,6,10,1.0,10.351875725900117,5,0.6328132829986971,0,0.0,0.35,29.933,18.942,1.5802449582937388,0.0
30,7,10,0.0,-23.578213953593938,200,0.0,0,0.0,10.050000000000008,630.4989999999992,44.089000000000006,14.300596520674071,0.0
30,8,10,0.0,-24.78488185194674,200,0.0,0,0.0,13.300000000000013,714.885999999998,31.232,22.889536372950758,0.0
30,9,10,0.0,-23.080576009176824,200,0.0,0,0.0,10.000000000000007,933.1239999999977,36.614000000000004,25.485442726825738,0.0
31,0,10,0.0,-23.11835548172763,200,0.0,0,0.0,10.000000000000007,633.9829999999993,21.672,29.25355297157619,0.0
31,1,10,0.0,-28.311573389228574,200,0.0,0,0.0,19.95000000000003,717.2980000000005,37.451,19.15297321833864,0.0
31,2,10,0.0,-30.44832201057127,200,0.0,0,0.0,24.85,2022.9829999999913,68.299,29.619511266636277,0.0
31,3,10,0.0,-23.605527127260626,200,0.0,0,0.0,10.10000000000001,622.8389999999991,35.997,17.30252521043418,0.0
31,4,10,1.0,9.491189593146164,12,0.7082200596246535,0,0.0,0.7500000000000002,76.143,53.925999999999995,1.4119905055075475,0.0
31,5,10,0.0,-25.43114608296069,200,0.0,0,0.0,15.000000000000004,1032.2660000000026,40.477000000000004,25.50253230229519,0.0
31,6,10,0.0,-23.019490633550802,200,0.0,0,0.0,10.050000000000008,901.0369999999992,47.51,18.965207324773715,0.0
31,7,10,1.0,10.60789899276493,3,1.0,0,0.0,0.2,14.098,14.098,1.0,0.0
31,8,10,1.0,9.131489395485993,15,0.5262121320633103,0,0.0,0.9000000000000002,83.77799999999999,44.08500000000001,1.9003742769649534,0.0
31,9,10,0.0,-26.032006305375894,200,0.0,0,0.0,15.000000000000002,659.6029999999987,36.794,17.92691743219,0.0
32,0,10,0.0,-23.069839493954152,200,0.0,0,0.0,10.000000000000007,356.2759999999996,46.477999999999994,7.665476139248669,0.0
32,1,10,0.0,-25.405853035920572,200,0.0,0,0.0,15.000000000000002,975.600000000003,32.906,29.648088494499575,0.0
32,2,10,0.0,-13.048120327205558,12,0.0,10,1.0,0.15000000000000002,18.014,45.476000000000006,0.39612103087342765,0.0
32,3,10,0.0,-30.617483482013757,200,0.0,0,0.0,25.0,1224.156,44.951,27.233120508998685,0.0
32,4,10,0.0,-22.81115067883375,200,0.0,0,0.0,10.000000000000007,1018.2000000000013,26.958,37.769864233251774,0.0
32,5,10,0.0,-25.930193883330123,200,0.0,0,0.0,14.950000000000003,783.4109999999986,26.485,29.579422314517597,0.0
32,6,10,1.0,10.202151047120418,6,0.8226553246473567,0,0.0,0.45000000000000007,46.434999999999995,38.2,1.2155759162303663,0.0
32,7,10,0.0,-28.20284799460745,200,0.0,0,0.0,19.950000000000028,719.4070000000005,53.406,13.470527656068617,0.0
32,8,10,0.0,-12.860102505118938,12,0.0,10,1.0,0.15000000000000002,13.183,39.559,0.3332490710078617,0.0
32,9,10,0.0,-23.064597070665744,200,0.0,0,0.0,10.000000000000007,858.9999999999973,51.411,16.70848651066887,0.0
33,0,10,1.0,9.605691930674068,10,0.829837800754643,0,0.0,0.9,40.814,33.869,1.205054769848534,0.0
33,1,10,0.0,-23.348105526611523,200,0.0,0,0.0,10.050000000000008,471.1999999999985,48.945,9.627132495658362,0.0
33,2,10,0.0,-28.306023656963006,200,0.0,0,0.0,19.85000000000003,1039.525,45.102999999999994,23.047801698334926,0.0
33,3,10,1.0,10.166689846085704,6,0.9500115713955102,0,0.0,0.49999999999999994,47.531000000000006,45.155,1.0526187576126675,0.0
33,4,10,0.0,-25.90777871643245,200,0.0,0,0.0,15.100000000000003,786.6960000000001,39.063,20.139159818754322,0.0
33,5,10,0.0,-23.094706022944628,200,0.0,0,0.0,10.000000000000007,1149.2039999999965,50.208,22.888862332695915,0.0
33,6,10,1.0,10.315489433261384,5,1.0,0,0.0,0.39999999999999997,39.842,39.842,1.0,0.0
33,7,10,0.0,-23.61261885661702,200,0.0,0,0.0,10.050000000000008,872.2239999999962,42.383,20.579571998206738,0.0
33,8,10,1.0,10.15821233074042,7,0.6920546306450006,0,0.0,0.35,30.092999999999996,20.826,1.4449726303658885,0.0
33,9,10,1.0,9.996805822463916,8,0.7121393005852722,0,0.0,0.49999999999999994,34.342999999999996,24.457,1.4042196508157172,0.0
34,0,10,0.0,-12.899999999999999,10,0.0,10,1.0,0.0,0.0,43.56699999999999,0.0,0.0
34,1,10,1.0,10.85,1,1.0,0,0.0,0.1,3.997,3.997,1.0,0.0
34,2,10,0.0,-12.9,10,0.0,10,1.0,0.0,0.0,31.401,0.0,0.0
34,3,10,0.0,-22.944342011954184,200,0.0,0,0.0,10.000000000000007,1096.9269999999992,49.355000000000004,22.225245669131784,0.0
34,4,10,0.0,-13.606060479879321,16,0.0,10,1.0,0.65,29.359,63.641,0.4613221036753037,0.0
34,5,10,1.0,10.345731153716134,5,1.0,0,0.0,0.35,20.707,20.707,1.0,0.0
34,6,10,1.0,10.247949323642237,6,0.791973137192197,0,0.0,0.35000000000000003,31.270000000000003,24.765,1.262669089440743,0.0
34,7,10,1.0,9.83001235849523,9,0.7464300210324344,0,0.0,0.6499999999999999,54.202,40.458000000000006,1.3397103168718174,0.0
34,8,10,1.0,10.437032588454375,4,0.8254236636821274,0,0.0,0.35,26.023,21.48,1.2114990689013034,0.0
34,9,10,0.0,-13.320483578499399,16,0.0,10,1.0,0.5499999999999999,46.910000000000004,54.045,0.8679803867147747,0.0
35,0,10,1.0,9.979694107062528,7,0.7537988767616827,0,0.0,0.7000000000000001,47.185,35.568,1.326613810166442,0.0
35,1,10,1.0,9.617552565396657,10,0.9490339340802078,0,0.0,0.8500000000000001,61.59,58.451,1.0537031017433407,0.0
35,2,10,0.0,-23.482833137726107,200,0.0,0,0.0,10.100000000000009,1614.3580000000013,53.679,30.07429348534811,0.0
35,3,10,1.0,9.724574415925082,10,0.8778487959196849,0,0.0,0.65,46.467000000000006,40.791000000000004,1.1391483415459294,0.0
35,4,10,1.0,10.436421925743877,4,1.0,0,0.0,0.35000000000000003,34.178999999999995,34.178999999999995,1.0,0.0
35,5,10,0.0,-24.42759426229512,200,0.0,0,0.0,13.300000000000013,543.3059999999995,31.720000000000002,17.128184110970977,0.0
35,6,10,0.0,-23.21550707612109,200,0.0,0,0.0,10.000000000000007,629.392000000002,54.479,11.552928651407,0.0
35,7,10,1.0,9.476629441522865,11,0.804384539912824,0,0.0,0.9500000000000001,62.172999999999995,50.011,1.2431864989702264,0.0
35,8,10,1.0,10.465067813063374,4,1.0,0,0.0,0.3,36.055,36.055,1.0,0.0
35,9,10,0.0,-23.023902834008133,200,0.0,0,0.0,10.050000000000008,939.023999999998,12.35,76.0343319838055,0.0
36,0,10,0.0,-22.940163860379943,200,0.0,0,0.0,10.000000000000007,610.9269999999984,39.85099999999999,15.33028029409547,0.0
36,1,10,1.0,10.05897685717271,7,0.8343103711290779,0,0.0,0.55,45.887,38.284,1.1985947131961132,0.0
36,2,10,1.0,10.150997919290369,6,0.8397360737522127,0,0.0,0.5499999999999999,43.49700000000001,36.526,1.1908503531730823,0.0
36,3,10,1.0,10.25331289392681,6,0.889057816775987,0,0.0,0.35,23.021,20.467,1.124786241266429,0.0
36,4,10,0.0,-26.008066361981204,200,0.0,0,0.0,15.000000000000004,777.9680000000023,26.913,28.906773678148195,0.0
36,5,10,0.0,-25.50593213307895,200,0.0,0,0.0,15.000000000000004,964.234000000004,24.105999999999998,39.999751099311545,0.0
36,6,10,0.0,-13.037704980659948,11,0.0,10,1.0,0.1,2.747,41.882,0.06558903586266177,0.0
36,7,10,0.0,-12.89921993499458,11,0.0,10,1.0,0.1,4.423,19.383,0.228189650724862,0.0
36,8,10,0.0,-33.14005005820717,200,0.0,0,0.0,29.799999999999894,914.2910000000038,25.77,35.47889018238276,0.0
36,9,10,1.0,10.611646333714576,3,0.9984140074858846,0,0.0,0.2,15.763,15.738,1.0015885118820689,0.0
37,0,10,0.0,-23.687226075647565,200,0.0,0,0.0,10.100000000000009,1082.7000000000044,36.908,29.335103500596194,0.0
37,1,10,0.0,-25.550581452490412,200,0.0,0,0.0,14.950000000000003,874.4439999999961,28.489000000000004,30.694092456737547,0.0
37,2,10,1.0,10.15394238424471,6,0.927048129588626,0,0.0,0.55,25.743000000000002,23.865000000000002,1.0786926461345065,0.0
37,3,10,0.0,-28.32281538875256,200,0.0,0,0.0,19.850000000000016,1324.7949999999987,29.749,44.532421257857365,0.0
37,4,10,0.0,-38.045897161857354,200,0.0,0,0.0,40.00000000000003,354.78999999999985,67.368,5.266446977793609,0.0
37,5,10,1.0,9.949642492613483,8,0.9361563026477909,0,0.0,0.5499999999999999,39.769,37.23,1.0681976900349182,0.0
37,6,10,0.0,-22.95319907586924,200,0.0,0,0.0,10.050000000000008,635.7949999999992,61.895999999999994,10.271988496833385,0.0
37,7,10,0.0,-23.337766672844253,200,0.0,0,0.0,10.20000000000001,888.1860000000012,75.542,11.757512377220634,0.0
37,8,10,1.0,10.391677169732635,4,1.0,0,0.0,0.44999999999999996,21.581000000000003,21.581000000000003,1.0,0.0
37,9,10,1.0,10.176196067639054,6,0.9595950704225351,0,0.0,0.5,34.08,32.702999999999996,1.04210622878635,0.0
38,0,10,0.0,-25.9652686029094,200,0.0,0,0.0,14.950000000000003,637.4490000000001,39.389,16.183426845058264,0.0
38,1,10,0.0,-23.554053779338393,200,0.0,0,0.0,10.25000000000001,574.0630000000011,81.165,7.07278999568781,0.0
38,2,10,1.0,10.753810122339534,2,1.0,0,0.0,0.1,11.934,11.934,1.0,0.0
38,3,10,1.0,9.956123255459513,8,1.0,0,0.0,0.55,45.929,45.929,1.0,0.0
38,4,10,0.0,-22.945220447095615,200,0.0,0,0.0,10.000000000000007,1663.999999999998,33.863,49.139178454360156,0.0
38,5,10,1.0,10.728044708545557,2,1.0,0,0.0,0.15000000000000002,10.602,10.602,1.0,0.0
38,6,10,1.0,10.087289919170352,7,0.6942591533786501,0,0.0,0.49999999999999994,47.223000000000006,32.785,1.440384322098521,0.0
38,7,10,0.0,-25.980109055118124,200,0.0,0,0.0,15.000000000000002,713.0679999999973,50.8,14.036771653543253,0.0
38,8,10,1.0,10.729328370834038,2,1.0,0,0.0,0.15000000000000002,23.644,23.644,1.0,0.0
38,9,10,0.0,-23.701873606616317,200,0.0,0,0.0,10.150000000000011,928.1049999999992,55.620000000000005,16.686533620999626,0.0
39,0,10,0.0,-24.99493077564637,200,0.0,0,0.0,13.300000000000013,889.6329999999977,11.99,74.1979149291074,0.0
39,1,10,0.0,-23.336019662990612,200,0.0,0,0.0,10.050000000000008,848.8880000000017,81.066,10.471566378012998,0.0
39,2,10,0.0,-22.953672905709205,200,0.0,0,0.0,10.000000000000007,587.5530000000012,34.033,17.264214145094503,0.0
39,3,10,0.0,-23.042579908675776,200,0.0,0,0.0,10.000000000000007,901.8240000000025,43.8,20.589589041095948,0.0
39,4,10,0.0,-12.678806057836674,11,0.0,10,1.0,0.1,6.771,15.319,0.44200013055682486,0.0
39,5,10,0.0,-13.041821421299124,11,0.0,10,1.0,0.05,4.742,19.644,0.24139686418244757,0.0
39,6,10,0.0,-13.151835663069459,16,0.0,10,1.0,0.55,29.464,41.421,0.711330001689964,0.0
39,7,10,0.0,-13.709114708152239,16,0.0,10,1.0,0.45,21.509999999999998,24.619,0.8737154230472398,0.0
39,8,10,0.0,-25.580757610969055,200,0.0,0,0.0,15.000000000000004,820.3729999999988,25.818,31.775234332636096,0.0
39,9,10,1.0,10.3412,5,0.8743799168211654,0,0.0,0.35,39.914,34.9,1.1436676217765045,0.0
40,0,10,1.0,10.586732716780677,3,0.9419705532956552,0,0.0,0.25,27.778999999999996,26.167,1.061604310773111,0.0
40,1,10,1.0,9.938694109479854,8,0.9203701074352785,0,0.0,0.6,42.258,38.893,1.0865194250893477,0.0
40,2,10,1.0,10.610256510518495,3,1.0,0,0.0,0.2,12.787,12.787,1.0,0.0
40,3,10,1.0,10.489278853081025,4,0.9642476728569445,0,0.0,0.25,21.593,20.821,1.0370779501464866,0.0
40,4,10,1.0,10.08867866676286,7,0.7598607570649343,0,0.0,0.49999999999999994,36.483000000000004,27.722,1.3160305894235627,0.0
40,5,10,0.0,-28.36132581598566,200,0.0,0,0.0,19.850000000000026,689.032000000001,62.25599999999999,11.06772038036496,0.0
40,6,10,0.0,-23.287113842763294,200,0.0,0,0.0,10.050000000000008,935.0540000000032,78.95100000000001,11.843472533596827,0.0
40,7,10,0.0,-23.08377054306661,200,0.0,0,0.0,10.000000000000007,472.4490000000017,28.780999999999995,16.415308710607754,0.0
40,8,10,1.0,9.712271718146717,10,0.716632656590461,0,0.0,0.7,57.82599999999999,41.44,1.395415057915058,0.0
40,9,10,1.0,9.884918692939042,8,0.9188250247140234,0,0.0,0.7000000000000002,35.405,32.531,1.0883465002612893,0.0
41,0,10,0.0,-25.442722681359022,200,0.0,0,0.0,15.000000000000004,1353.7869999999984,17.424,77.69668273645537,0.0
41,1,10,0.0,-25.443635102323864,200,0.0,0,0.0,15.000000000000002,389.99999999999864,34.596,11.272979535206344,0.0
41,2,10,0.0,-26.39228173856986,200,0.0,0,0.0,16.699999999999996,860.4940000000013,18.613,46.23080642561658,0.0
41,3,10,0.0,-12.9,10,0.0,10,1.0,0.0,0.0,60.019,0.0,0.0
41,4,10,1.0,10.585510932816081,3,1.0,0,0.0,0.25,22.683999999999997,22.683999999999997,1.0,0.0
41,5,10,1.0,10.248623964554035,6,0.8253307046553039,0,0.0,0.35,31.448,25.955,1.2116355230206126,0.0
41,6,10,0.0,-26.539256060896903,200,0.0,0,0.0,16.699999999999996,1064.7419999999995,31.266,34.05430819420455,0.0
41,7,10,0.0,-33.071653580328245,200,0.0,0,0.0,29.999999999999893,914.4000000000004,63.806999999999995,14.330716065635439,0.0
41,8,10,0.0,-23.435528271539923,200,0.0,0,0.0,10.050000000000008,761.9159999999995,36.061,21.128532209311985,0.0
41,9,10,0.0,-12.9,10,0.0,10,1.0,0.0,0.0,39.05500000000001,0.0,0.0
42,0,10,0.0,-23.083931730669157,200,0.0,0,0.0,10.000000000000007,967.8000000000052,57.654,16.786346133832954,0.0
42,1,10,1.0,9.938751174092374,8,0.6631370849807723,0,0.0,0.6,36.926,24.487,1.5079838281537143,0.0
42,2,10,0.0,-23.390777675571858,200,0.0,0,0.0,10.050000000000008,917.1519999999979,50.008,18.34010558310666,0.0
42,3,10,0.0,-12.91349578033995,13,0.0,10,1.0,0.15000000000000002,17.016000000000002,33.652,0.50564602401046,0.0
42,4,10,0.0,-28.108093210049507,200,0.0,0,0.0,19.90000000000003,750.811,53.535000000000004,14.024675445969926,0.0
42,5,10,0.0,-25.819215823356306,200,0.0,0,0.0,15.100000000000003,787.3640000000001,34.329,22.935826851932774,0.0
42,6,10,0.0,-12.982087761132131,13,0.0,10,1.0,0.25,18.43,38.582,0.47768389404385464,0.0
42,7,10,0.0,-28.162457155358922,200,0.0,0,0.0,20.000000000000014,1336.5999999999988,41.13699999999999,32.4914310717845,0.0
42,8,10,1.0,10.251395091530878,6,0.9597142673273699,0,0.0,0.35,31.078,29.826,1.0419767987661772,0.0
42,9,10,0.0,-26.201850032469643,200,0.0,0,0.0,15.150000000000004,639.74,47.737,13.40134486876008,0.0
43,0,10,1.0,10.255477051276399,6,0.7564872256687346,0,0.0,0.35,29.982,22.681,1.321899387152242,0.0
43,1,10,0.0,-28.096556351604487,200,0.0,0,0.0,19.85000000000003,585.830000000001,73.139,8.009816923939361,0.0
43,2,10,1.0,10.097541567695961,6,0.9383133223092961,0,0.0,0.65,27.818,26.102,1.0657420887288331,0.0
43,3,10,0.0,-24.784047198219472,200,0.0,0,0.0,13.450000000000014,711.8460000000009,30.552,23.299489395129644,0.0
43,4,10,1.0,10.326394632342872,5,1.0,0,0.0,0.4,29.212,29.212,1.0,0.0
43,5,10,0.0,-28.084905582137146,200,0.0,0,0.0,19.950000000000017,803.229000000003,31.35,25.621339712918754,0.0
43,6,10,1.0,9.344384929088806,13,0.49530442123034724,0,0.0,0.8999999999999999,66.339,32.858000000000004,2.01896037494674,0.0
43,7,10,0.0,-24.738498883272538,200,0.0,0,0.0,13.350000000000012,813.7640000000007,51.04200000000001,15.943027310842062,0.0
43,8,10,0.0,-25.502491112159753,200,0.0,0,0.0,15.000000000000002,653.8109999999989,31.785000000000004,20.569797074091515,0.0
43,9,10,0.0,-25.97362094835038,200,0.0,0,0.0,14.850000000000001,817.5909999999989,51.98500000000001,15.72744060786763,0.0
44,0,10,0.0,-23.126949781244093,200,0.0,0,0.0,10.000000000000007,1067.8000000000047,42.056000000000004,25.38995624881122,0.0
44,1,10,0.0,-24.808551198460666,200,0.0,0,0.0,13.300000000000013,1233.3640000000012,53.526999999999994,23.041904085788506,0.0
44,2,10,0.0,-28.197161163907097,200,0.0,0,0.0,19.80000000000001,1525.013999999996,51.035000000000004,29.88172822572736,0.0
44,3,10,1.0,9.862653621925885,8,0.8319674416011598,0,0.0,0.75,35.873999999999995,29.846,1.2019701132480063,0.0
44,4,10,1.0,10.225763829873335,6,0.7590772255329605,0,0.0,0.39999999999999997,32.554,24.711,1.3173890170369473,0.0
44,5,10,0.0,-22.963745698494836,200,0.0,0,0.0,10.000000000000007,972.3999999999978,57.53799999999999,16.90013556258469,0.0
44,6,10,1.0,10.618821612815639,3,0.47519514870008384,0,0.0,0.2,15.501,7.366,2.104398588107521,0.0
44,7,10,1.0,10.579085742525328,3,0.30478987799367374,0,0.0,0.30000000000000004,13.277999999999999,4.047,3.2809488510007414,0.0
44,8,10,1.0,9.515506222523566,11,0.7062467175383855,0,0.0,0.8999999999999999,64.738,45.721000000000004,1.4159357844316616,0.0
44,9,10,1.0,9.848023389401124,9,0.6933619281045751,0,0.0,0.6000000000000001,48.96000000000001,33.947,1.4422482104456948,0.0
45,0,10,0.0,-12.9,10,0.0,10,1.0,0.0,0.0,17.005,0.0,0.0
45,1,10,0.0,-24.42497429942714,200,0.0,0,0.0,13.350000000000012,712.832000000001,32.294999999999995,22.072518965784212,0.0
45,2,10,1.0,10.422238154613465,4,0.7783791854865805,0,0.0,0.4,26.788999999999998,20.852000000000004,1.2847208900824858,0.0
45,3,10,1.0,10.099257166257166,6,0.8148963860246272,0,0.0,0.65,29.967,24.42,1.227149877149877,0.0
45,4,10,0.0,-13.493821563933768,18,0.0,10,1.0,0.65,71.254,60.156000000000006,1.1844870004654564,0.0
45,5,10,1.0,10.21190539345712,6,0.8050320304521399,0,0.0,0.44999999999999996,32.313,26.012999999999998,1.2421865990081884,0.0
45,6,10,1.0,9.39000359537009,12,0.6646777674992291,0,0.0,0.95,64.86,43.111000000000004,1.504488413629932,0.0
45,7,10,1.0,9.835702351766095,9,0.6928266989604139,0,0.0,0.6000000000000001,63.583,44.052,1.443362389902842,0.0
45,8,10,1.0,9.637738868346643,10,0.6810063904524102,0,0.0,0.8,47.257999999999996,32.183,1.4684150017089768,0.0
45,9,10,0.0,-12.9,10,0.0,10,1.0,0.0,0.0,9.850000000000001,0.0,0.0
46,0,10,0.0,-12.653206673433141,13,0.0,10,1.0,0.15000000000000002,11.0,15.764,0.6977924384673941,0.0
46,1,10,1.0,8.962306755348987,15,0.7996590923654633,0,0.0,1.2000000000000002,78.027,62.395,1.2505328952640435,0.0
46,2,10,0.0,-25.59026200454266,200,0.0,0,0.0,15.000000000000002,1128.600000000002,62.517999999999994,18.052400908538374,0.0
46,3,10,0.0,-22.95789588801398,200,0.0,0,0.0,10.000000000000007,1088.4000000000012,36.57600000000001,29.757217847769056,0.0
46,4,10,0.0,-13.132998754742115,13,0.0,10,1.0,0.2,12.59,34.531,0.36459992470533725,0.0
46,5,10,0.0,-12.751953641604898,15,0.0,10,1.0,0.4,46.181999999999995,42.495,1.0867631486057183,0.0
46,6,10,0.0,-13.401649358283532,15,0.0,10,1.0,0.3,24.678,61.242000000000004,0.4029587537964142,0.0
46,7,10,1.0,10.090061896056412,7,0.7779357984559124,0,0.0,0.5,49.22,38.290000000000006,1.2854531209192999,0.0
46,8,10,1.0,10.561996966445932,3,0.9437209789477361,0,0.0,0.30000000000000004,28.642999999999997,27.031000000000002,1.0596352336206576,0.0
46,9,10,1.0,10.369900399594442,5,0.8792805076301852,0,0.0,0.3,19.069,16.767,1.1372934931711098,0.0
47,0,10,0.0,-24.60207363251778,200,0.0,0,0.0,13.350000000000012,791.7110000000004,33.803000000000004,23.421323551164104,0.0
47,1,10,0.0,-23.37131706403368,200,0.0,0,0.0,10.000000000000007,881.6770000000008,37.371,23.592545021540786,0.0
47,2,10,0.0,-25.82694540170223,200,0.0,0,0.0,15.000000000000004,900.333999999996,24.085,37.38152376998115,0.0
47,3,10,0.0,-12.994554754354722,11,0.0,10,1.0,0.1,2.351,46.042,0.05106207375874201,0.0
47,4,10,0.0,-12.847937771707446,11,0.0,10,1.0,0.1,15.055,60.03699999999999,0.2507620300814498,0.0
47,5,10,0.0,-23.135273753045304,200,0.0,0,0.0,10.000000000000007,1438.8709999999942,38.995000000000005,36.89885882805473,0.0
47,6,10,0.0,-23.10536634550743,200,0.0,0,0.0,10.000000000000007,636.4729999999993,53.556,11.884251997908718,0.0
47,7,10,1.0,10.587823870700372,3,0.6207233626588465,0,0.0,0.25,19.437,12.065000000000001,1.611023622047244,0.0
47,8,10,0.0,-23.46373675404352,200,0.0,0,0.0,10.10000000000001,613.6869999999991,26.895,22.817884365123597,0.0
47,9,10,0.0,-22.879628589023202,200,0.0,0,0.0,10.000000000000007,989.3670000000036,51.964000000000006,19.03946963282279,0.0
48,0,10,1.0,10.368244419916605,5,0.9535169268549378,0,0.0,0.3,17.102999999999998,16.308,1.0487490802060337,0.0
48,1,10,1.0,9.840167122244905,9,0.8721144271100514,0,0.0,0.6000000000000001,66.278,57.80199999999999,1.1466385246185256,0.0
48,2,10,0.0,-24.872130476026236,200,0.0,0,0.0,13.350000000000014,555.8389999999997,46.384,11.983421007243871,0.0
48,3,10,0.0,-24.573859242072693,200,0.0,0,0.0,12.500000000000016,688.3599999999989,18.101999999999997,38.02673737708535,0.0
48,4,10,0.0,-23.276388210389182,200,0.0,0,0.0,10.050000000000008,874.4669999999992,36.846000000000004,23.733023937469444,0.0
48,5,10,0.0,-25.611956817968192,200,0.0,0,0.0,15.000000000000004,776.2829999999985,42.56400000000001,18.238018043416936,0.0
48,6,10,1.0,10.109273630788751,7,0.5194990662418982,0,0.0,0.44999999999999996,45.51500000000001,23.645,1.9249312751110175,0.0
48,7,10,0.0,-28.088176414426083,200,0.0,0,0.0,20.00000000000003,853.6000000000007,32.469,26.289691705934914,0.0
48,8,10,1.0,9.862509206383093,8,0.8424720667251187,0,0.0,0.75,44.481,37.474000000000004,1.1869829748625713,0.0
48,9,10,0.0,-22.951769547325195,200,0.0,0,0.0,10.000000000000007,1011.7769999999965,42.525000000000006,23.792522045855293,0.0
49,0,10,1.0,9.886810423210449,9,1.0,0,0.0,0.5,48.391999999999996,48.391999999999996,1.0,0.0
49,1,10,0.0,-24.399096956688542,200,0.0,0,0.0,12.500000000000014,1299.2480000000003,70.351,18.468081477164507,0.0
49,2,10,0.0,-25.532308350654176,200,0.0,0,0.0,15.000000000000002,1009.000000000001,65.432,15.420589314097093,0.0
49,3,10,0.0,-13.214179364644131,15,0.0,10,1.0,0.55,35.839,51.05800000000001,0.701927220024286,0.0
49,4,10,1.0,10.875,1,1.0,0,0.0,0.05,6.997,6.997,1.0,0.0
49,5,10,0.0,-13.345272543089964,15,0.0,10,1.0,0.3,19.231,67.127,0.28648680858670883,0.0
49,6,10,1.0,9.81159501436292,9,0.8278183063963563,0,0.0,0.6500000000000001,49.622,41.077999999999996,1.207994546959443,0.0
49,7,10,0.0,-25.894394054286888,200,0.0,0,0.0,15.050000000000002,741.676999999998,58.025,12.782024989228747,0.0
49,8,10,0.0,-13.689179034280938,19,0.0,10,1.0,0.49999999999999994,41.43000000000001,38.272,1.0825146321070236,0.0
49,9,10,0.0,-24.072655041066497,200,0.0,0,0.0,12.500000000000014,835.9500000000008,33.604000000000006,24.876502797286058,0.0
50,0,10,1.0,9.604614347297447,11,0.8416753498064903,0,0.0,0.7000000000000001,53.74399999999999,45.23500000000001,1.1881065546590026,0.0
50,1,10,0.0,-22.933910969235562,200,0.0,0,0.0,10.000000000000007,548.4310000000014,57.014,9.619233872382246,0.0
50,2,10,0.0,-25.495797436382176,200,0.0,0,0.0,14.950000000000003,1676.8180000000007,58.19899999999999,28.811800890049675,0.0
50,3,10,0.0,-13.02722903124755,13,0.0,10,1.0,0.2,17.368,51.07599999999999,0.3400422899209022,0.0
50,4,10,0.0,-23.537225814985728,200,0.0,0,0.0,10.050000000000008,1330.4449999999943,34.019,39.10888033157924,0.0
50,5,10,0.0,-23.332860218089408,200,0.0,0,0.0,10.050000000000008,914.8689999999987,56.674,16.142658008963522,0.0
50,6,10,1.0,10.37715851814516,5,0.624955703429539,0,0.0,0.30000000000000004,25.397,15.872,1.6001134072580645,0.0
50,7,10,0.0,-25.713966642840113,200,0.0,0,0.0,15.000000000000004,458.0670000000018,41.97,10.914152966404618,0.0
50,8,10,0.0,-13.21234886471145,13,0.0,10,1.0,0.30000000000000004,10.480999999999998,42.28,0.24789498580889305,0.0
50,9,10,0.0,-25.289517613772173,200,0.0,0,0.0,15.000000000000004,947.0599999999986,50.18800000000001,18.87024786801623,0.0
51,0,10,0.0,-25.467632715971334,200,0.0,0,0.0,15.000000000000004,1129.0999999999992,39.577,28.529196250347407,0.0
51,1,10,1.0,10.350028266497596,5,0.8020934864601432,0,0.0,0.35000000000000003,23.597,18.927,1.2467374649970941,0.0
51,2,10,0.0,-23.25705347376311,200,0.0,0,0.0,10.000000000000007,892.9679999999992,31.997,27.907866362471456,0.0
51,3,10,1.0,9.51803858980467,12,0.6543731392140664,0,0.0,0.7000000000000002,64.153,41.980000000000004,1.5281800857551215,0.0
51,4,10,1.0,9.852426674870877,8,0.9033502332867323,0,0.0,0.75,59.36899999999999,53.631,1.1069903600529543,0.0
51,5,10,1.0,10.752760531091795,2,1.0,0,0.0,0.1,10.469,10.469,1.0,0.0
51,6,10,0.0,-25.592028775295308,200,0.0,0,0.0,15.100000000000003,934.2809999999987,42.745000000000005,21.85708269973093,0.0
51,7,10,1.0,10.197110671000068,6,0.921263157894737,0,0.0,0.44999999999999996,64.125,59.07600000000001,1.0854661791590492,0.0
51,8,10,1.0,10.63219226393629,3,0.8708718626155878,0,0.0,0.15000000000000002,15.14,13.185,1.1482745544178992,0.0
51,9,10,0.0,-23.401215334086057,200,0.0,0,0.0,10.050000000000008,645.656999999999,48.714999999999996,13.253761675048734,0.0
52,0,10,0.0,-25.369163089379885,200,0.0,0,0.0,13.400000000000013,670.9479999999983,28.653000000000002,23.416326388161735,0.0
52,1,10,0.0,-22.916491534827376,200,0.0,0,0.0,10.000000000000007,993.399999999998,59.479,16.701693034516353,0.0
52,2,10,1.0,10.85,1,1.0,0,0.0,0.1,5.231,5.231,1.0,0.0
52,3,10,0.0,-22.97423586951038,200,0.0,0,0.0,10.000000000000007,876.9640000000019,39.666,22.108707709373316,0.0
52,4,10,1.0,10.639137598301732,3,1.0,0,0.0,0.15000000000000002,20.726999999999997,20.726999999999997,1.0,0.0
52,5,10,1.0,9.730400227354647,10,0.7603136791955648,0,0.0,0.65,47.43699999999999,36.067,1.3152466243380372,0.0
52,6,10,0.0,-22.90750423626238,200,0.0,0,0.0,10.000000000000007,764.2000000000033,41.31000000000001,18.49915274751884,0.0
52,7,10,1.0,10.641268079167723,3,0.4192776211500612,0,0.0,0.15000000000000002,37.598,15.764,2.385054554681553,0.0
52,8,10,1.0,10.19913143814075,6,1.0,0,0.0,0.44999999999999996,24.483000000000004,24.483000000000004,1.0,0.0
52,9,10,0.0,-23.248904821678984,200,0.0,0,0.0,10.100000000000009,916.6899999999993,67.715,13.537473233404699,0.0
53,0,10,0.0,-12.908326241134752,11,0.0,10,1.0,0.05,4.563,38.07,0.11985815602836879,0.0
53,1,10,0.0,-22.97779254299666,200,0.0,0,0.0,10.000000000000007,1124.8000000000034,39.13100000000001,28.744473690935656,0.0
53,2,10,0.0,-22.899610365223925,200,0.0,0,0.0,10.000000000000007,855.4000000000024,42.604,20.077926955215528,0.0
53,3,10,0.0,-12.905796943796943,11,0.0,10,1.0,0.1,3.177,19.305,0.16456876456876457,0.0
53,4,10,0.0,-13.038391774743246,11,0.0,10,1.0,0.1,3.699,43.718999999999994,0.08460852261030674,0.0
53,5,10,0.0,-12.896733312905369,11,0.0,10,1.0,0.05,4.482,19.581,0.2288953577447526,0.0
53,6,10,0.0,-23.070008514048247,200,0.0,0,0.0,10.050000000000008,702.0559999999983,79.86800000000001,8.790203836329923,0.0
53,7,10,1.0,9.230550994960254,13,0.6213620441962197,0,0.0,1.1,61.95099999999999,38.494,1.6093676936665453,0.0
53,8,10,0.0,-22.75972074938142,200,0.0,0,0.0,10.000000000000007,543.7999999999996,11.316,48.05585012371859,0.0
53,9,10,0.0,-23.180600877686533,200,0.0,0,0.0,10.000000000000007,794.5280000000038,35.548,22.350849555530655,0.0
54,0,10,1.0,9.007928203385992,8,0.8453070406356197,1,0.0,0.44999999999999996,41.786,35.322,1.1830020950116074,0.0
54,1,10,0.0,-23.026713046951734,200,0.0,0,0.0,10.000000000000007,472.40000000000174,60.083,7.862456934573869,0.0
54,2,10,1.0,8.912126081682167,8,0.8566697612548327,1,0.0,0.6500000000000001,72.16899999999998,61.82500000000001,1.1673109583501815,0.0
54,3,10,0.0,-24.764928491725517,200,0.0,0,0.0,13.350000000000012,1402.914000000001,63.629,22.048342736802415,0.0
54,4,10,0.0,-28.031543282060465,200,0.0,0,0.0,20.000000000000014,825.761000000002,33.351000000000006,24.759707355101852,0.0
54,5,10,1.0,10.446136487221317,4,0.7157034442498541,0,0.0,0.35000000000000003,25.695,18.39,1.397226753670473,0.0
54,6,10,1.0,10.342273299153902,5,0.9827213155291791,0,0.0,0.35000000000000003,32.352,31.793,1.0175824867109111,0.0
54,7,10,1.0,10.137314353255563,7,0.6146629603891592,0,0.0,0.39999999999999997,31.657999999999998,19.459000000000003,1.626907857546636,0.0
54,8,10,0.0,-28.225516898849246,200,0.0,0,0.0,19.90000000000003,613.7559999999995,41.275,14.869921259842508,0.0
54,9,10,1.0,10.00576399194942,7,0.9264337508239947,0,0.0,0.6499999999999999,53.095,49.189,1.0794079977230682,0.0
55,0,10,1.0,10.10526149233844,7,1.0,0,0.0,0.45,30.020000000000003,30.020000000000003,1.0,0.0
55,1,10,0.0,-13.671994307010596,17,0.0,10,1.0,0.35,29.554000000000002,68.15400000000001,0.4336355899873815,0.0
55,2,10,0.0,-13.673943755900908,17,0.0,10,1.0,0.55,46.766999999999996,66.727,0.7008707120056348,0.0
55,3,10,0.0,-23.242300952118192,200,0.0,0,0.0,10.050000000000008,728.0180000000021,28.988000000000003,25.114461156340624,0.0
55,4,10,0.0,-23.09695689497717,200,0.0,0,0.0,10.000000000000007,1244.7200000000023,54.75,22.73461187214616,0.0
55,5,10,1.0,9.922758345221112,9,0.796808220423752,0,0.0,0.44999999999999996,43.98799999999999,35.05,1.2550071326676175,0.0
55,6,10,1.0,10.754926503340759,2,1.0,0,0.0,0.1,6.734999999999999,6.734999999999999,1.0,0.0
55,7,10,0.0,-25.42517600149523,200,0.0,0,0.0,15.000000000000004,975.600000000003,48.153,20.260419911532054,0.0
55,8,10,0.0,-25.739616613418455,200,0.0,0,0.0,15.000000000000004,1311.4600000000064,20.971,62.536836583854196,0.0
55,9,10,0.0,-24.77570532915358,200,0.0,0,0.0,13.350000000000012,914.5309999999972,75.284,12.147747197279596,0.0
56,0,10,1.0,9.596015303119481,10,0.7293896463412829,0,0.0,0.9000000000000001,67.551,49.271,1.3710093158247245,0.0
56,1,10,1.0,10.635107211375692,3,0.726609266092661,0,0.0,0.15000000000000002,12.195,8.861,1.376255501636384,0.0
56,2,10,0.0,-20.19853706725382,27,0.0,16,1.0,0.8500000000000002,56.394,50.867000000000004,1.1086559065799044,0.0
56,3,10,0.0,-13.016973025305468,11,0.0,10,1.0,0.1,4.713,29.954000000000004,0.15734125659344325,0.0
56,4,10,0.0,-12.982857553003534,16,0.0,10,1.0,0.65,40.93,45.28,0.9039310954063604,0.0
56,5,10,0.0,-13.462811713172144,16,0.0,10,1.0,0.3,25.843,28.993,0.8913530852274687,0.0
56,6,10,1.0,10.517432028370768,4,0.7860188019239177,0,0.0,0.2,36.592,28.761999999999997,1.2722341979000071,0.0
56,7,10,1.0,10.60653969510988,3,1.0,0,0.0,0.2,25.255000000000003,25.255000000000003,1.0,0.0
56,8,10,0.0,-12.917708298209526,11,0.0,10,1.0,0.05,3.642,29.657,0.12280405974980611,0.0
56,9,10,0.0,-24.621960457556693,200,0.0,0,0.0,13.350000000000012,561.9170000000001,24.303,23.121301896885164,0.0
57,0,10,1.0,9.227156172642001,13,0.8335743062086777,0,0.0,1.0500000000000003,71.239,59.382999999999996,1.1996530993718744,0.0
57,1,10,0.0,-12.845610665090543,13,0.0,10,1.0,0.30000000000000004,35.781,60.909,0.5874501305225829,0.0
57,2,10,0.0,-30.59510610801242,200,0.0,0,0.0,25.0,1118.5999999999983,58.80800000000001,19.02122160250303,0.0
57,3,10,1.0,10.490900834105652,4,0.9778865325357985,0,0.0,0.25,11.033999999999999,10.79,1.022613531047266,0.0
57,4,10,1.0,10.058532567274433,7,0.7183709568733153,0,0.0,0.55,47.488,34.114,1.3920384592835786,0.0
57,5,10,1.0,10.315804189674818,5,0.8247469879518073,0,0.0,0.4,41.5,34.227000000000004,1.2124930610336868,0.0
57,6,10,0.0,-26.204205307461837,200,0.0,0,0.0,14.900000000000002,912.7379999999979,56.071999999999996,16.277964046226245,0.0
57,7,10,1.0,10.734100719424461,2,0.48465095126203295,0,0.0,0.15000000000000002,13.193,6.394,2.063340631842352,0.0
57,8,10,1.0,9.85506559986825,8,0.9120562759725629,0,0.0,0.7500000000000001,39.946000000000005,36.433,1.0964235720363409,0.0
57,9,10,0.0,-26.847025165700117,200,0.0,0,0.0,17.500000000000032,909.1200000000006,38.623999999999995,23.537696768848402,0.0
58,0,10,1.0,9.788358869896378,9,0.9454073515867035,0,0.0,0.7000000000000001,59.715,56.455000000000005,1.0577451067221681,0.0
58,1,10,0.0,-22.94097061736545,200,0.0,0,0.0,10.000000000000007,785.3940000000017,45.434999999999995,17.286101023440118,0.0
58,2,10,0.0,-26.171921693168606,200,0.0,0,0.0,14.900000000000002,843.5449999999955,45.028000000000006,18.73378786532814,0.0
58,3,10,0.0,-14.728209508228275,24,0.0,10,1.0,1.0500000000000003,67.475,41.564,1.623400057742277,0.0
58,4,10,1.0,9.972375920068579,8,0.8143520858910475,0,0.0,0.55,41.541,33.829,1.227970084838452,0.0
58,5,10,0.0,-13.174273342726556,13,0.0,10,1.0,0.3,14.334,29.099,0.4925942472249905,0.0
58,6,10,1.0,10.00893489069748,7,0.7607827391644303,0,0.0,0.65,47.321,36.001000000000005,1.314435710119163,0.0
58,7,10,0.0,-23.28973850719527,200,0.0,0,0.0,10.050000000000008,902.0149999999967,35.718,25.253793605464935,0.0
58,8,10,0.0,-13.053174047373842,13,0.0,10,1.0,0.2,16.093,43.69499999999999,0.36830300949765427,0.0
58,9,10,1.0,10.348621129676891,5,0.9339779626714639,0,0.0,0.35000000000000003,22.235,20.767,1.070689074011653,0.0
59,0,10,0.0,-34.42100655972659,200,0.0,9,0.0,14.200000000000001,738.4119999999987,54.423,13.568013523694,0.0
59,1,10,0.0,-23.395487944294302,200,0.0,0,0.0,10.050000000000008,349.99599999999964,57.732,6.0624263839811485,0.0
59,2,10,1.0,9.971013311983926,8,0.6739098237521952,0,0.0,0.5499999999999999,47.263,31.851,1.4838780572038555,0.0
59,3,10,1.0,9.036162572855954,15,0.7068448001883348,0,0.0,1.1000000000000003,67.96400000000001,48.04,1.4147377185678605,0.0
59,4,10,0.0,-13.338228159242842,15,0.0,10,1.0,0.3,17.435,43.531,0.400519170246491,0.0
59,5,10,1.0,10.200509981057847,6,0.8124537571398976,0,0.0,0.45,33.789,27.452,1.2308392831123416,0.0
59,6,10,0.0,-23.559008304701685,200,0.0,0,0.0,10.150000000000011,702.8970000000013,54.42700000000001,12.914490969555574,0.0
59,7,10,1.0,10.391574582475405,4,1.0,0,0.0,0.45,34.967999999999996,34.967999999999996,1.0,0.0
59,8,10,0.0,-13.18509667614196,15,0.0,10,1.0,0.4,22.541999999999998,35.531,0.6344319045340688,0.0
59,9,10,0.0,-14.580464927361003,25,0.0,10,1.0,0.8000000000000002,68.147,52.933,1.287419945969433,0.0
60,0,10,0.0,-12.931896416601356,12,0.0,10,1.0,0.1,13.418,59.971000000000004,0.22374147504627234,0.0
60,1,10,1.0,10.172011553878804,6,0.4615401358175169,0,0.0,0.5499999999999999,45.944,21.205,2.166658806885169,0.0
60,2,10,0.0,-25.563091053407444,200,0.0,0,0.0,15.000000000000002,1041.0929999999976,44.095,23.61022791699734,0.0
60,3,10,0.0,-29.338790454445025,200,0.0,0,0.0,22.500000000000025,2071.9360000000042,67.885,30.521263902187584,0.0
60,4,10,0.0,-13.129393282773565,12,0.0,10,1.0,0.1,9.468,23.075000000000003,0.41031419284940407,0.0
60,5,10,1.0,10.875,1,1.0,0,0.0,0.05,7.196,7.196,1.0,0.0
60,6,10,1.0,10.587179422564619,3,1.0,0,0.0,0.25,13.889,13.889,1.0,0.0
60,7,10,0.0,-23.14192676214255,200,0.0,0,0.0,10.050000000000008,580.8049999999995,39.242000000000004,14.800596299882764,0.0
60,8,10,0.0,-22.966514621123697,200,0.0,0,0.0,10.000000000000007,988.8249999999989,56.56199999999999,17.48214348856121,0.0
60,9,10,1.0,9.863645234216564,8,0.8625050180650341,0,0.0,0.75,34.874,30.079,1.1594135443332558,0.0
61,0,10,1.0,9.83486520100962,8,0.7785879069237563,0,0.0,0.8,35.11099999999999,27.337,1.284376486081135,0.0
61,1,10,0.0,-35.601902593392985,200,0.0,0,0.0,34.999999999999915,1056.1999999999953,51.82399999999999,20.38051867860442,0.0
61,2,10,0.0,-25.714741531990292,200,0.0,0,0.0,15.000000000000002,946.9299999999985,36.136,26.20461589550582,0.0
61,3,10,1.0,8.969163950556545,15,0.5695920976583708,0,0.0,1.2500000000000002,57.09700000000001,32.522000000000006,1.7556423344197774,0.0
61,4,10,0.0,-23.449777963544413,200,0.0,0,0.0,10.050000000000008,550.7629999999998,24.523,22.45903845369652,0.0
61,5,10,1.0,10.320772215973003,5,0.8354870541797847,0,0.0,0.39999999999999997,21.281000000000002,17.78,1.1969066366704162,0.0
61,6,10,0.0,-26.504590501621134,200,0.0,0,0.0,16.599999999999994,858.7990000000013,26.215,32.75983215716198,0.0
61,7,10,0.0,-25.643544708535106,200,0.0,0,0.0,14.950000000000003,946.9750000000025,27.053,35.004435737256586,0.0
61,8,10,1.0,9.611012829896241,10,0.8100087183958151,0,0.0,0.8500000000000001,57.35,46.454,1.2345546131657124,0.0
61,9,10,1.0,10.295967569175842,5,0.7724660997471846,0,0.0,0.44999999999999996,43.51,33.61,1.2945551919071705,0.0
62,0,10,0.0,-23.07842819668666,200,0.0,0,0.0,10.000000000000007,422.9869999999992,56.80100000000001,7.446823119311265,0.0
62,1,10,1.0,10.371301050411647,5,0.9772114774889031,0,0.0,0.3,25.231999999999996,24.657,1.0233199497100214,0.0
62,2,10,1.0,10.60759065685895,3,1.0,0,0.0,0.2,15.497999999999998,15.497999999999998,1.0,0.0
62,3,10,0.0,-23.63057551877,200,0.0,0,0.0,10.150000000000011,919.1819999999992,46.697,19.683962567188452,0.0
62,4,10,1.0,10.607673595754092,3,1.0,0,0.0,0.2,9.044,9.044,1.0,0.0
62,5,10,1.0,10.730112600738117,2,1.0,0,0.0,0.15000000000000002,13.277000000000001,13.277000000000001,1.0,0.0
62,6,10,0.0,-26.558598909338794,200,0.0,0,0.0,16.649999999999995,1058.9549999999995,36.675,28.874028629856838,0.0
62,7,10,0.0,-23.355277415091045,200,0.0,0,0.0,10.050000000000008,635.792000000003,62.037000000000006,10.248593581249946,0.0
62,8,10,1.0,10.4633923087376,4,1.0,0,0.0,0.3,36.795,36.795,1.0,0.0
62,9,10,0.0,-26.09633563966897,200,0.0,0,0.0,14.950000000000003,848.4030000000014,58.968,14.387515262515285,0.0
63,0,10,1.0,9.596359098504648,11,0.796661660294921,0,0.0,0.7000000000000001,58.59199999999999,46.678000000000004,1.255238013625262,0.0
63,1,10,0.0,-23.424460225733668,200,0.0,0,0.0,10.050000000000008,1051.8919999999944,55.375,18.995792325056332,0.0
63,2,10,0.0,-23.042597886493756,200,0.0,0,0.0,10.000000000000007,546.6730000000015,47.504,11.507936173795922,0.0
63,3,10,0.0,-23.21673819742488,200,0.0,0,0.0,10.000000000000007,837.0990000000032,32.620000000000005,25.66213979153903,0.0
63,4,10,0.0,-24.15705217310715,200,0.0,0,0.0,12.500000000000014,856.5500000000014,32.373000000000005,26.45877737620861,0.0
63,5,10,0.0,-23.02116528979654,200,0.0,0,0.0,10.000000000000007,231.79999999999956,45.877,5.052640756806233,0.0
63,6,10,1.0,10.875,1,1.0,0,0.0,0.05,7.655,7.655,1.0,0.0
63,7,10,0.0,-25.698150348475956,200,0.0,0,0.0,14.950000000000003,644.835999999997,47.636,13.536736921655825,0.0
63,8,10,1.0,10.8,1,1.0,0,0.0,0.2,6.938,6.938,1.0,0.0
63,9,10,0.0,-22.943107878140736,200,0.0,0,0.0,10.000000000000007,682.0000000000001,59.938,11.378424371850913,0.0
64,0,10,0.0,-22.99119605289706,200,0.0,0,0.0,10.000000000000007,639.200000000003,54.521,11.723922892096677,0.0
64,1,10,0.0,-12.9,10,0.0,10,1.0,0.0,0.0,19.679,0.0,0.0
64,2,10,0.0,-25.497412976693727,200,0.0,0,0.0,15.000000000000004,1340.6830000000016,43.293000000000006,30.96766220867118,0.0
64,3,10,0.0,-13.085336692429227,16,0.0,10,1.0,0.39999999999999997,31.689,46.838,0.6765660361245143,0.0
64,4,10,1.0,10.174971389645776,6,0.8359194829598838,0,0.0,0.49999999999999994,35.123000000000005,29.360000000000003,1.1962874659400546,0.0
64,5,10,0.0,-25.979565014848788,200,0.0,0,0.0,15.000000000000004,884.708999999996,51.519,17.17248005590163,0.0
64,6,10,1.0,10.086416105184353,7,0.8395003535234504,0,0.0,0.49999999999999994,50.916,42.744,1.191184727681078,0.0
64,7,10,0.0,-31.95872615924739,200,0.0,0,0.0,27.15,876.8700000000014,50.701,17.294925149405366,0.0
64,8,10,0.0,-12.9,10,0.0,10,1.0,0.0,0.0,51.461,0.0,0.0
64,9,10,0.0,-25.905367934298667,200,0.0,0,0.0,14.950000000000003,729.6120000000011,55.03699999999999,13.25675454694117,0.0
65,0,10,0.0,-13.664213163212478,18,0.0,10,1.0,0.7000000000000001,30.186,59.879,0.5041166352143489,0.0
65,1,10,0.0,-25.55158604700185,200,0.0,0,0.0,15.000000000000004,783.2000000000033,75.91199999999999,10.317209400358355,0.0
65,2,10,1.0,10.485061225959807,4,0.5832458093517623,0,0.0,0.25,23.803,13.883,1.7145429662176765,0.0
65,3,10,1.0,10.17140776093331,6,0.9938616071428571,0,0.0,0.5,32.256,32.058,1.0061763054463784,0.0
65,4,10,1.0,9.887895154884829,8,0.7916496368723865,0,0.0,0.7000000000000002,31.807000000000002,25.18,1.2631850675139,0.0
65,5,10,0.0,-23.148590947907763,200,0.0,0,0.0,10.000000000000007,1074.5720000000024,29.275,36.70613151152869,0.0
65,6,10,1.0,10.635556929417826,3,0.9792150136212286,0,0.0,0.15000000000000002,19.822000000000003,19.409999999999997,1.0212261720762497,0.0
65,7,10,0.0,-13.81892999430848,18,0.0,10,1.0,0.39999999999999997,25.36,52.709999999999994,0.4811231265414533,0.0
65,8,10,0.0,-23.072960127707425,200,0.0,0,0.0,10.000000000000007,1032.3610000000017,55.126,18.727297463991615,0.0
65,9,10,1.0,9.989064176125732,8,0.478977162402354,0,0.0,0.5499999999999999,66.951,32.068,2.0877822127978045,0.0
66,0,10,0.0,-25.43728359297062,200,0.0,0,0.0,15.000000000000002,1410.2619999999963,52.123999999999995,27.055905149259388,0.0
66,1,10,1.0,9.856426668172068,8,0.7987770783355279,0,0.0,0.7500000000000001,55.441,44.285000000000004,1.2519137405442022,0.0
66,2,10,1.0,10.371133184906093,5,1.0,0,0.0,0.3,17.517,17.517,1.0,0.0
66,3,10,1.0,10.218070358925601,5,0.8418040659516569,0,0.0,0.6000000000000001,24.988,21.035000000000004,1.1879248870929402,0.0
66,4,10,0.0,-30.60148213223012,200,0.0,0,0.0,25.0,597.2230000000004,35.287,16.924731487516663,0.0
66,5,10,0.0,-23.040013068031566,200,0.0,0,0.0,10.000000000000007,514.4000000000004,64.279,8.00261360631,0.0
66,6,10,1.0,10.095152500560664,7,0.49872773536895665,0,0.0,0.5,35.763000000000005,17.836,2.005102040816327,0.0
66,7,10,1.0,9.690875615203685,10,0.9797439919440731,0,0.0,0.7000000000000002,51.639,50.592999999999996,1.0206747969086634,0.0
66,8,10,1.0,10.754503837350208,2,1.0,0,0.0,0.1,7.427,7.427,1.0,0.0
66,9,10,0.0,-23.26477589696411,200,0.0,0,0.0,10.050000000000008,1333.6399999999942,54.35,24.537994480220682,0.0
67,0,10,1.0,9.980990819766191,7,0.930091388166233,0,0.0,0.7000000000000001,29.982,27.886,1.0751631643118411,0.0
67,1,10,0.0,-25.680170819343868,200,0.0,0,0.0,14.950000000000003,357.9419999999994,33.95399999999999,10.541968545679433,0.0
67,2,10,0.0,-23.001806255347415,200,0.0,0,0.0,10.000000000000007,899.6000000000033,63.114000000000004,14.253572899832102,0.0
67,3,10,0.0,-25.400782417582477,200,0.0,0,0.0,15.000000000000004,1128.600000000002,56.87499999999999,19.84351648351652,0.0
67,4,10,1.0,9.873718387967829,9,0.8326121116886255,0,0.0,0.55,41.365,34.440999999999995,1.2010394587845883,0.0
67,5,10,0.0,-23.123511347464635,200,0.0,0,0.0,10.000000000000007,742.3999999999983,26.701999999999998,27.803160811924137,0.0
67,6,10,0.0,-28.158523392456328,200,0.0,0,0.0,19.800000000000026,686.5199999999985,45.44200000000001,15.10760970027724,0.0
67,7,10,0.0,-30.483868850546205,200,0.0,0,0.0,25.0,1594.9999999999955,68.563,23.263276111021913,0.0
67,8,10,0.0,-23.434297508477098,200,0.0,0,0.0,10.100000000000009,917.6879999999992,40.69799999999999,22.5487247530591,0.0
67,9,10,1.0,9.513239175418732,11,0.7785461343222335,0,0.0,0.9,65.797,51.226,1.2844453988209112,0.0
68,0,10,0.0,-25.850992231086092,200,0.0,0,0.0,14.950000000000003,823.0330000000012,38.358,21.456619218937412,0.0
68,1,10,1.0,10.58414624994482,3,0.9552584970903264,0,0.0,0.25,23.714,22.653,1.046837063523595,0.0
68,2,10,0.0,-23.101491342208007,200,0.0,0,0.0,10.000000000000007,907.7999999999979,29.973,30.287258532679342,0.0
68,3,10,1.0,10.289275802496656,5,0.9541381969000079,0,0.0,0.44999999999999996,37.613,35.888,1.048066205974142,0.0
68,4,10,0.0,-23.558727286304535,200,0.0,0,0.0,10.150000000000011,850.509999999998,40.174,21.170657639269127,0.0
68,5,10,0.0,-23.513455026198336,200,0.0,0,0.0,10.20000000000001,985.4810000000035,41.224,23.90551620415301,0.0
68,6,10,1.0,10.01186527250361,7,0.6555290652829396,0,0.0,0.65,28.522,18.697000000000003,1.52548537198481,0.0
68,7,10,0.0,-23.119101483513205,200,0.0,0,0.0,10.000000000000007,358.5169999999996,49.949,7.17766121443872,0.0
68,8,10,1.0,10.516378221323901,4,0.9681996086105678,0,0.0,0.2,16.351999999999997,15.832,1.0328448711470437,0.0
68,9,10,0.0,-22.912975591834815,200,0.0,0,0.0,10.000000000000007,874.6000000000031,43.550999999999995,20.082202475258967,0.0
69,0,10,1.0,10.85,1,1.0,0,0.0,0.1,1.745,1.745,1.0,0.0
69,1,10,0.0,-28.125184029272464,200,0.0,0,0.0,19.80000000000003,722.1370000000005,37.168,19.42899806284978,0.0
69,2,10,1.0,10.370413386777418,5,0.9168474651317245,0,0.0,0.3,22.585,20.707,1.090693968223306,0.0
69,3,10,0.0,-12.948355673348363,12,0.0,10,1.0,0.15000000000000002,13.152,49.239,0.2671053433254128,0.0
69,4,10,0.0,-13.25098510707271,12,0.0,10,1.0,0.2,10.634,52.441,0.20278026734806734,0.0
69,5,10,0.0,-13.865777114067061,17,0.0,10,1.0,0.75,21.212000000000003,52.399,0.4048168858184317,0.0
69,6,10,1.0,10.145200961270548,6,0.9262831886956803,0,0.0,0.55,30.997,28.712,1.0795834494288103,0.0
69,7,10,1.0,10.610936725590616,3,0.7894874135907135,0,0.0,0.2,23.000999999999998,18.159,1.2666446390219726,0.0
69,8,10,0.0,-13.1239200058072,17,0.0,10,1.0,0.45000000000000007,50.688,68.88,0.7358885017421604,0.0
69,9,10,0.0,-23.012588931347025,200,0.0,0,0.0,10.050000000000008,872.936999999996,54.17100000000001,16.114470842332537,0.0
70,0,10,0.0,-25.838767913835568,200,0.0,0,0.0,14.950000000000003,644.5679999999969,33.702999999999996,19.12494436697021,0.0
70,1,10,1.0,10.17371600820934,6,0.854730840916566,0,0.0,0.5,45.605000000000004,38.98,1.1699589533093897,0.0
70,2,10,0.0,-23.435043164449418,200,0.0,0,0.0,10.050000000000008,989.4160000000049,42.396,23.337484668365057,0.0
70,3,10,1.0,10.731949745083758,2,0.8105076741440379,0,0.0,0.15000000000000002,8.469999999999999,6.865,1.2337946103423159,0.0
70,4,10,1.0,10.391009383255899,4,1.0,0,0.0,0.45,21.954,21.954,1.0,0.0
70,5,10,1.0,10.224861066751835,6,0.333724152632701,0,0.0,0.39999999999999997,28.145999999999997,9.393,2.996486745448738,0.0
70,6,10,1.0,10.610579823873048,3,1.0,0,0.0,0.2,22.938000000000002,22.938000000000002,1.0,0.0
70,7,10,1.0,10.372842270673738,5,0.96498128228214,0,0.0,0.3,42.206,40.728,1.0362895305440976,0.0
70,8,10,0.0,-13.358589196782017,13,0.0,10,1.0,0.30000000000000004,23.109,39.155,0.5901928233942025,0.0
70,9,10,0.0,-12.668126195028682,13,0.0,10,1.0,0.2,21.122999999999998,30.857,0.6845448358557215,0.0
71,0,10,0.0,-30.734833078212617,200,0.0,0,0.0,24.75,532.7580000000015,54.876000000000005,9.708397113492264,0.0
71,1,10,1.0,10.620973918287351,3,0.3664438428816088,0,0.0,0.2,18.101,6.633000000000001,2.72893110206543,0.0
71,2,10,0.0,-22.781893004115254,200,0.0,0,0.0,10.000000000000007,900.9999999999992,20.655,43.62139917695469,0.0
71,3,10,1.0,10.734206268314434,2,0.7251478196600148,0,0.0,0.15000000000000002,10.824,7.849,1.3790291756911708,0.0
71,4,10,0.0,-24.674614778635632,200,0.0,0,0.0,13.300000000000013,632.1869999999989,25.388,24.901016228139234,0.0
71,5,10,1.0,10.756780986004287,2,1.0,0,0.0,0.1,7.931,7.931,1.0,0.0
71,6,10,0.0,-23.175525037631637,200,0.0,0,0.0,10.050000000000008,1454.9529999999947,49.825,29.201264425489104,0.0
71,7,10,0.0,-28.125449396162903,200,0.0,0,0.0,19.850000000000023,950.4319999999993,48.10900000000001,19.75580452721942,0.0
71,8,10,1.0,10.60851154630376,3,1.0,0,0.0,0.2,21.089000000000002,21.089000000000002,1.0,0.0
71,9,10,1.0,10.324293493975903,5,0.8529967935542218,0,0.0,0.4,24.326,20.75,1.1723373493975904,0.0
72,0,10,0.0,-25.524006644518206,200,0.0,0,0.0,15.100000000000003,780.4720000000024,49.66499999999999,15.714728682170593,0.0
72,1,10,1.0,10.23491426181514,6,0.676357807392507,0,0.0,0.39999999999999997,31.816000000000003,21.519000000000002,1.4785073655839025,0.0
72,2,10,1.0,10.177767033500567,6,0.8427154011388046,0,0.0,0.5,29.329,24.716,1.1866402330474186,0.0
72,3,10,0.0,-24.08797287207563,200,0.0,0,0.0,12.050000000000017,900.4010000000009,40.18,22.40918367346941,0.0
72,4,10,0.0,-23.13136597938149,200,0.0,0,0.0,10.000000000000007,881.3590000000019,51.992000000000004,16.951819510693987,0.0
72,5,10,0.0,-23.049410241657036,200,0.0,0,0.0,10.000000000000007,1025.831000000005,27.808000000000003,36.88977991944781,0.0
72,6,10,1.0,9.863611762358458,8,0.6782602811564291,0,0.0,0.75,59.113,40.093999999999994,1.4743602534044997,0.0
72,7,10,1.0,10.488293971696379,4,1.0,0,0.0,0.25,21.764,21.764,1.0,0.0
72,8,10,0.0,-25.828348533035626,200,0.0,0,0.0,15.000000000000002,1682.9839999999945,47.479,35.446913372227606,0.0
72,9,10,1.0,10.139184240132131,7,0.8852184599737254,0,0.0,0.4,47.194,41.777,1.129664648012064,0.0
73,0,10,1.0,10.739955595026641,2,0.33586875466070093,0,0.0,0.15000000000000002,13.41,4.504,2.977353463587922,0.0
73,1,10,0.0,-25.534174504143788,200,0.0,0,0.0,15.000000000000002,447.1999999999987,64.43400000000001,6.94043517397645,0.0
73,2,10,1.0,10.753927335640139,2,1.0,0,0.0,0.1,8.091999999999999,8.091999999999999,1.0,0.0
73,3,10,1.0,9.470303950657664,12,0.6942903487429036,0,0.0,0.8,61.65,42.803000000000004,1.440319603766091,0.0
73,4,10,0.0,-25.305318771088636,200,0.0,0,0.0,15.000000000000004,876.9999999999985,22.524,38.936245782276615,0.0
73,5,10,1.0,10.152086745034454,6,0.8527774897162018,0,0.0,0.55,28.929,24.67,1.1726388325901904,0.0
73,6,10,1.0,10.151871563981041,6,0.7767347690042333,0,0.0,0.55,27.165000000000003,21.1,1.287440758293839,0.0
73,7,10,1.0,10.25223995480545,6,0.8842611383433764,0,0.0,0.35,32.028999999999996,28.322,1.1308876491773179,0.0
73,8,10,1.0,9.546078379412892,10,0.9486739012024972,0,0.0,1.0,71.60100000000001,67.92600000000002,1.0541029944351206,0.0
73,9,10,1.0,9.977153541076488,7,0.8171296296296297,0,0.0,0.7,32.4,26.474999999999998,1.2237960339943343,0.0
74,0,10,1.0,10.513558998048664,4,0.9144573925710123,0,0.0,0.2,27.46,25.111,1.093544661702043,0.0
74,1,10,0.0,-23.864241180461345,200,0.0,0,0.0,10.15000000000001,1107.2500000000045,58.96,18.779681139755844,0.0
74,2,10,0.0,-25.402408429503268,200,0.0,0,0.0,15.000000000000004,721.800000000001,27.902,25.869113325209696,0.0
74,3,10,1.0,10.730847564038172,2,0.6191883066397139,0,0.0,0.15000000000000002,12.862,7.964,1.6150175791059769,0.0
74,4,10,0.0,-25.547891362811903,200,0.0,0,0.0,14.950000000000003,454.0440000000018,31.977999999999998,14.198636562636871,0.0
74,5,10,1.0,9.864173144641553,8,0.7475229084407361,0,0.0,0.75,40.269,30.102,1.3377516444090094,0.0
74,6,10,0.0,-30.960493212960685,200,0.0,0,0.0,24.700000000000003,507.3130000000006,46.63300000000001,10.878841163982598,0.0
74,7,10,1.0,10.85,1,1.0,0,0.0,0.1,3.868,3.868,1.0,0.0
74,8,10,0.0,-23.057656213433283,200,0.0,0,0.0,10.000000000000007,818.6150000000005,8.546,95.7892581324597,0.0
74,9,10,1.0,10.221760665907077,5,0.9677478636405402,0,0.0,0.6000000000000001,32.649,31.596,1.0333270034181543,0.0
75,0,10,1.0,9.857894640084973,8,1.0,0,0.0,0.7500000000000001,48.956,48.956,1.0,0.0
75,1,10,0.0,-23.19066249176012,200,0.0,0,0.0,10.050000000000008,848.8079999999969,21.238,39.966475185987235,0.0
75,2,10,0.0,-12.987122980126944,15,0.0,10,1.0,0.3,26.902,36.07899999999999,0.745641508911001,0.0
75,3,10,0.0,-23.3286472353448,200,0.0,0,0.0,10.20000000000001,843.3810000000018,67.314,12.529057848293101,0.0
75,4,10,1.0,10.25331289392681,6,0.889057816775987,0,0.0,0.35,23.021,20.467,1.124786241266429,0.0
75,5,10,1.0,10.374053031617672,5,0.6833230564910118,0,0.0,0.3,42.166,28.813,1.463436643181897,0.0
75,6,10,0.0,-26.332820916905405,200,0.0,0,0.0,16.650000000000052,879.8289999999984,69.80000000000001,12.604999999999974,0.0
75,7,10,0.0,-30.544102125231827,200,0.0,0,0.0,25.0,873.3190000000031,70.11,12.456411353587265,0.0
75,8,10,0.0,-25.665528377248627,200,0.0,0,0.0,15.100000000000003,1157.8369999999998,32.297,35.84967644053627,0.0
75,9,10,0.0,-13.476474103585657,15,0.0,10,1.0,0.35000000000000003,23.075000000000003,47.439,0.4864141318324586,0.0
76,0,10,0.0,-12.832479245813985,11,0.0,10,1.0,0.05,5.83,28.428,0.20507949908540876,0.0
76,1,10,0.0,-25.946489662581325,200,0.0,0,0.0,15.000000000000004,912.4320000000008,45.611000000000004,20.004648001578584,0.0
76,2,10,0.0,-24.780682443624286,200,0.0,0,0.0,13.250000000000012,783.5870000000009,76.67299999999999,10.219855751046666,0.0
76,3,10,0.0,-12.430569538560828,11,0.0,10,1.0,0.05,6.105,9.297,0.6566634398192965,0.0
76,4,10,0.0,-12.899999999999999,10,0.0,10,1.0,0.0,0.0,9.177,0.0,0.0
76,5,10,0.0,-12.9,10,0.0,10,1.0,0.0,0.0,55.885,0.0,0.0
76,6,10,1.0,10.613717985067574,3,0.9919377519452517,0,0.0,0.2,21.334,21.162,1.0081277762026273,0.0
76,7,10,1.0,10.25100955644274,6,0.7888850312469,0,0.0,0.35,40.324000000000005,31.811,1.2676118323850243,0.0
76,8,10,0.0,-23.04860801524961,200,0.0,0,0.0,10.000000000000007,687.6149999999982,65.051,10.570398610321105,0.0
76,9,10,0.0,-30.91754935002402,200,0.0,0,0.0,25.0,1476.9509999999927,16.616,88.88727732306167,0.0
77,0,10,0.0,-23.168505609159368,200,0.0,0,0.0,10.000000000000007,942.7990000000029,43.322,21.7625917547667,0.0
77,1,10,0.0,-25.46002499439231,200,0.0,0,0.0,15.000000000000002,775.8000000000023,62.414,12.429903547281096,0.0
77,2,10,1.0,10.19805359024537,6,1.0,0,0.0,0.44999999999999996,39.858,39.858,1.0,0.0
77,3,10,1.0,10.343738849584744,5,0.9204706326485671,0,0.0,0.35,31.787,29.259,1.0864007655764039,0.0
77,4,10,0.0,-23.040667820779916,200,0.0,0,0.0,10.000000000000007,912.2400000000035,68.162,13.383410111205707,0.0
77,5,10,0.0,-23.62718404965665,200,0.0,0,0.0,10.300000000000011,418.55700000000013,53.165,7.872792250540772,0.0
77,6,10,0.0,-23.23141510043275,200,0.0,0,0.0,10.000000000000007,855.3029999999962,15.483,55.24142608021677,0.0
77,7,10,0.0,-23.40291541201379,200,0.0,0,0.0,10.050000000000008,514.895000000002,58.117000000000004,8.85962799180966,0.0
77,8,10,0.0,-23.663332277812877,200,0.0,0,0.0,10.100000000000009,545.0289999999978,56.843999999999994,9.58815354303001,0.0
77,9,10,1.0,10.619634228640841,3,0.42950724637681165,0,0.0,0.2,17.25,7.409000000000001,2.3282494263733295,0.0
78,0,10,0.0,-25.34173804918491,200,0.0,0,0.0,15.000000000000002,458.1999999999994,14.475999999999999,31.65239016302842,0.0
78,1,10,0.0,-28.083581092327048,200,0.0,0,0.0,19.900000000000013,1624.2599999999968,42.057,38.62044368357222,0.0
78,2,10,0.0,-25.469265379448725,200,0.0,0,0.0,15.000000000000002,521.0000000000014,61.787,8.43219447456587,0.0
78,3,10,0.0,-25.39241541449447,200,0.0,0,0.0,15.000000000000004,1054.9999999999975,39.132000000000005,26.96003270980265,0.0
78,4,10,0.0,-23.23314404542904,200,0.0,0,0.0,10.000000000000007,883.8180000000019,25.006,35.34423738302815,0.0
78,5,10,1.0,10.173263375335676,6,0.9807933870902387,0,0.0,0.5,24.679,24.205,1.0195827308407355,0.0
78,6,10,1.0,9.40438131980411,12,0.843878218469406,0,0.0,0.9,67.268,56.766000000000005,1.1850051086918225,0.0
78,7,10,1.0,10.515024988975453,4,1.0,0,0.0,0.2,13.606,13.606,1.0,0.0
78,8,10,1.0,9.483158835653892,11,0.6727319033335221,0,0.0,0.9500000000000002,70.676,47.54600000000001,1.4864762545745172,0.0
78,9,10,0.0,-26.175922883327775,200,0.0,0,0.0,16.499999999999993,776.434999999999,42.118,18.434754736692128,0.0
79,0,10,0.0,-28.20153625193253,200,0.0,0,0.0,19.750000000000025,678.5679999999984,61.445,11.043502319147178,0.0
79,1,10,0.0,-13.19284330969444,13,0.0,10,1.0,0.25,13.895,53.44299999999999,0.259996631925603,0.0
79,2,10,1.0,9.97141056861074,8,0.6548745481607486,0,0.0,0.55,37.623999999999995,24.639000000000003,1.5270100247574978,0.0
79,3,10,0.0,-25.72410320207698,200,0.0,0,0.0,15.150000000000002,1576.4659999999994,36.976000000000006,42.63484422327994,0.0
79,4,10,1.0,10.727951859099804,2,1.0,0,0.0,0.15000000000000002,12.774999999999999,12.774999999999999,1.0,0.0
79,5,10,0.0,-23.410381438958428,200,0.0,0,0.0,10.050000000000008,988.7509999999975,61.75300000000001,16.011384062312718,0.0
79,6,10,0.0,-25.4031694534564,200,0.0,0,0.0,15.000000000000004,659.1419999999988,40.07,16.449762914898898,0.0
79,7,10,1.0,9.998351685104193,7,0.8403597526700394,0,0.0,0.7,46.254,38.87,1.1899665551839465,0.0
79,8,10,0.0,-13.178952605790647,13,0.0,10,1.0,0.15000000000000002,13.828,56.12500000000001,0.2463786191536748,0.0
79,9,10,0.0,-23.65732338308453,200,0.0,0,0.0,10.000000000000007,653.7749999999991,36.17999999999999,18.070066334991687,0.0
80,0,10,1.0,10.320126305361788,5,0.9856788315228449,0,0.0,0.39999999999999997,24.579,24.227000000000004,1.0145292442316423,0.0
80,1,10,1.0,10.48973496812726,4,1.0,0,0.0,0.25,17.413,17.413,1.0,0.0
80,2,10,1.0,10.473281763180639,4,0.6637599678733292,0,0.0,0.3,17.430999999999997,11.57,1.5065687121866895,0.0
80,3,10,1.0,10.06443929499333,7,0.7522582008346098,0,0.0,0.55,37.862,28.482,1.3293308054209678,0.0
80,4,10,0.0,-25.61695682451248,200,0.0,0,0.0,15.150000000000004,867.8660000000029,48.824000000000005,17.77539734556781,0.0
80,5,10,0.0,-23.13188403294121,200,0.0,0,0.0,10.050000000000008,680.2349999999973,55.007000000000005,12.36633519370257,0.0
80,6,10,0.0,-25.5891534098179,200,0.0,0,0.0,15.000000000000002,902.283999999996,46.89399999999999,19.240926344521604,0.0
80,7,10,0.0,-22.96491406488362,200,0.0,0,0.0,10.000000000000007,275.9999999999994,39.332,7.017187023288909,0.0
80,8,10,1.0,10.484958915753683,3,1.0,0,0.0,0.45,21.176,21.176,1.0,0.0
80,9,10,1.0,10.229049040897575,6,0.6659837300391683,0,0.0,0.4,33.190000000000005,22.104,1.5015381831342747,0.0
81,0,10,1.0,10.378666183160808,5,0.5800665468313764,0,0.0,0.3,26.147,15.166999999999998,1.7239401331838862,0.0
81,1,10,0.0,-24.669429073918483,200,0.0,0,0.0,13.350000000000012,767.1310000000005,38.096,20.136786014279732,0.0
81,2,10,0.0,-22.99805579036341,200,0.0,0,0.0,10.000000000000007,1659.674999999998,59.14999999999999,28.058748943364296,0.0
81,3,10,1.0,9.386518182533232,12,0.6672906679729871,0,0.0,1.0,57.158,38.141,1.498597309981385,0.0
81,4,10,0.0,-23.11308061932732,200,0.0,0,0.0,10.000000000000007,594.3349999999995,46.825,12.692685531233304,0.0
81,5,10,1.0,9.986297979605087,8,0.7170477885800354,0,0.0,0.5,36.51500000000001,26.182999999999996,1.3946071878699924,0.0
81,6,10,1.0,8.508887197375032,19,0.6259587184397754,0,0.0,1.4000000000000001,108.087,67.658,1.5975494398297319,0.0
81,7,10,0.0,-23.154119523162176,200,0.0,0,0.0,10.000000000000007,818.2740000000002,19.125999999999998,42.783331590505085,0.0
81,8,10,1.0,10.636391772395232,3,0.9485776805251641,0,0.0,0.15000000000000002,10.968,10.404,1.0542099192618224,0.0
81,9,10,0.0,-25.700878859401733,200,0.0,0,0.0,15.100000000000003,1115.4660000000006,52.113,21.404755051522663,0.0
82,0,10,1.0,9.814852833455417,9,0.8336448252252922,0,0.0,0.6500000000000001,54.041,45.05100000000001,1.1995516192759315,0.0
82,1,10,0.0,-23.10640349770886,200,0.0,0,0.0,10.100000000000009,461.9399999999986,23.787,19.419851179215478,0.0
82,2,10,0.0,-23.273360365230968,200,0.0,0,0.0,10.000000000000007,1111.4449999999988,49.940999999999995,22.25516109008628,0.0
82,3,10,0.0,-24.599064428429696,200,0.0,0,0.0,13.350000000000012,843.671000000001,46.346,18.20375005394211,0.0
82,4,10,0.0,-22.890841576234806,200,0.0,0,0.0,10.000000000000007,682.0000000000001,31.238999999999997,21.831684753033073,0.0
82,5,10,0.0,-23.56782564866765,200,0.0,0,0.0,10.10000000000001,907.7869999999966,45.632000000000005,19.89364919354831,0.0
82,6,10,1.0,10.728543256997455,2,1.0,0,0.0,0.15000000000000002,11.004000000000001,11.004000000000001,1.0,0.0
82,7,10,1.0,10.633973930680666,3,0.9668358518860309,0,0.0,0.15000000000000002,17.337999999999997,16.763,1.0343017359661155,0.0
82,8,10,0.0,-23.45860490272504,200,0.0,0,0.0,10.300000000000011,556.9960000000012,62.863,8.860474364888747,0.0
82,9,10,0.0,-25.62036048395097,200,0.0,0,0.0,14.950000000000003,521.4599999999992,60.501999999999995,8.618888631780756,0.0
83,0,10,1.0,9.130737530817372,14,0.6386406026693795,0,0.0,1.1000000000000003,82.56600000000002,52.73,1.5658259055566095,0.0
83,1,10,1.0,9.325604422682543,12,0.8633406533077135,0,0.0,1.0500000000000003,72.86,62.903000000000006,1.158291337456083,0.0
83,2,10,0.0,-23.347341495408827,200,0.0,0,0.0,10.100000000000009,410.34300000000013,38.879,10.554360966074235,0.0
83,3,10,0.0,-30.484199955367124,200,0.0,0,0.0,25.0,1367.8370000000057,67.215,20.350174812169985,0.0
83,4,10,0.0,-22.91996852014416,200,0.0,0,0.0,10.000000000000007,1097.6759999999992,33.037,33.22565608257406,0.0
83,5,10,1.0,9.592914053014972,10,0.9417369348768524,0,0.0,0.9000000000000001,41.98199999999999,39.53600000000001,1.0618676649129903,0.0
83,6,10,0.0,-25.78217235415706,200,0.0,0,0.0,14.950000000000003,660.0839999999981,47.413999999999994,13.921710887079728,0.0
83,7,10,0.0,-13.241954059015807,13,0.0,10,1.0,0.15000000000000002,12.161,44.666,0.2722652576904133,0.0
83,8,10,1.0,10.584171641791045,3,0.9040005397018146,0,0.0,0.25,14.823,13.399999999999999,1.1061940298507464,0.0
83,9,10,0.0,-23.48527197015702,200,0.0,0,0.0,10.050000000000008,640.3149999999991,46.108000000000004,13.887286371128635,0.0
84,0,10,0.0,-23.278640543647263,200,0.0,0,0.0,10.050000000000008,628.090000000002,29.578,21.23503955642714,0.0
84,1,10,0.0,-26.325658948436498,200,0.0,0,0.0,16.700000000000053,700.9799999999997,55.194,12.700293510164142,0.0
84,2,10,0.0,-26.163171241983374,200,0.0,0,0.0,14.950000000000003,746.7029999999979,51.144000000000005,14.600011731581375,0.0
84,3,10,0.0,-13.783582092365693,20,0.0,10,1.0,0.5499999999999999,41.119,26.524999999999995,1.550197926484449,0.0
84,4,10,0.0,-25.541657363994993,200,0.0,0,0.0,15.000000000000002,1128.600000000002,53.748000000000005,20.997990622906933,0.0
84,5,10,1.0,10.489709266603363,4,0.990155411758199,0,0.0,0.25,18.081000000000003,17.903,1.0099424677428366,0.0
84,6,10,1.0,9.923309135030642,8,0.632031818654466,0,0.0,0.6500000000000001,38.468,24.313000000000002,1.5821988236745774,0.0
84,7,10,0.0,-23.2973279425441,200,0.0,0,0.0,10.050000000000008,911.6309999999986,77.41600000000003,11.775744032241375,0.0
84,8,10,1.0,10.534132227299821,3,1.0,0,0.0,0.35000000000000003,20.132,20.132,1.0,0.0
84,9,10,0.0,-23.676803963705765,200,0.0,0,0.0,10.000000000000007,874.1029999999969,16.752000000000002,52.17902340019083,0.0
85,0,10,0.0,-28.062507294158767,200,0.0,0,0.0,20.00000000000003,809.6330000000033,68.548,11.811183404329862,0.0
85,1,10,1.0,9.962043384355338,8,0.8492025518341307,0,0.0,0.55,50.160000000000004,42.596000000000004,1.1775753591886562,0.0
85,2,10,0.0,-12.9,10,0.0,10,1.0,0.0,0.0,25.720999999999997,0.0,0.0
85,3,10,0.0,-12.9,10,0.0,10,1.0,0.0,0.0,22.224,0.0,0.0
85,4,10,1.0,9.671619163383351,9,0.8525098622148534,0,0.0,0.9500000000000001,69.964,59.644999999999996,1.1730069578338502,0.0
85,5,10,0.0,-13.811870797310283,21,0.0,10,1.0,0.75,51.339999999999996,49.968,1.0274575728466218,0.0
85,6,10,0.0,-25.636400192246164,200,0.0,0,0.0,14.950000000000003,1167.1749999999995,34.330999999999996,33.997698872738916,0.0
85,7,10,1.0,10.373451397087761,5,0.7026269010468102,0,0.0,0.3,25.314999999999998,17.787,1.4232304492044752,0.0
85,8,10,0.0,-23.11019431696113,200,0.0,0,0.0,10.000000000000007,1354.1999999999953,61.446,22.038863392246775,0.0
85,9,10,1.0,10.106359511491815,7,0.7991189427312776,0,0.0,0.45,44.265,35.373000000000005,1.251378169790518,0.0
86,0,10,1.0,9.905848590793386,8,0.8085248828386521,0,0.0,0.6499999999999999,40.329,32.607,1.236820314656362,0.0
86,1,10,0.0,-23.345895503746934,200,0.0,0,0.0,10.20000000000001,1117.6709999999987,48.04,23.2654246461282,0.0
86,2,10,1.0,10.15241743097467,7,0.9665832204129442,0,0.0,0.35,43.541,42.086,1.0345720667205247,0.0
86,3,10,0.0,-23.658853369786087,200,0.0,0,0.0,10.050000000000008,886.8019999999992,39.869,22.242895482705844,0.0
86,4,10,0.0,-23.052514727864143,200,0.0,0,0.0,10.000000000000007,277.35699999999935,45.492000000000004,6.096830211905375,0.0
86,5,10,1.0,9.277198296862753,14,0.6255565567687904,0,0.0,0.8000000000000002,75.464,47.207,1.5985764823013535,0.0
86,6,10,1.0,10.73741754385965,2,0.37658562367864695,0,0.0,0.15000000000000002,7.568,2.85,2.6554385964912277,0.0
86,7,10,1.0,9.982023671385473,8,0.8065188908794353,0,0.0,0.49999999999999994,37.399,30.163,1.2398965620130624,0.0
86,8,10,1.0,10.419665082226958,4,0.6971509103374725,0,0.0,0.4,26.253999999999998,18.303,1.4344096596186415,0.0
86,9,10,1.0,9.63235094773119,10,0.6264843468873695,0,0.0,0.85,69.47500000000001,43.525000000000006,1.5962090752441125,0.0
87,0,10,0.0,-23.06765388250795,200,0.0,0,0.0,10.000000000000007,472.40000000000174,34.913,13.530776501589717,0.0
87,1,10,0.0,-25.649636293639656,200,0.0,0,0.0,15.000000000000004,1040.7919999999979,49.353,21.0887281421595,0.0
87,2,10,0.0,-23.265429709631665,200,0.0,0,0.0,10.050000000000008,657.7390000000013,56.480000000000004,11.645520538243648,0.0
87,3,10,0.0,-23.67140849338552,200,0.0,0,0.0,10.050000000000008,803.2759999999993,47.849000000000004,16.787728061192485,0.0
87,4,10,0.0,-22.943353329498382,200,0.0,0,0.0,10.000000000000007,968.8000000000043,36.507000000000005,26.53737639356847,0.0
87,5,10,0.0,-13.374331330185528,15,0.0,10,1.0,0.30000000000000004,19.665,41.934,0.46895120904278154,0.0
87,6,10,0.0,-25.61985815602837,200,0.0,0,0.0,15.000000000000002,912.5999999999981,38.07,23.97163120567371,0.0
87,7,10,0.0,-13.05995214151572,15,0.0,10,1.0,0.5,21.172,33.014,0.6413036893439147,0.0
87,8,10,0.0,-23.56979071369784,200,0.0,0,0.0,10.050000000000008,953.3769999999986,52.248999999999995,18.24679898179867,0.0
87,9,10,1.0,10.372397914856647,5,0.9394822761194029,0,0.0,0.3,25.727999999999998,24.170999999999996,1.0644160357453147,0.0
88,0,10,0.0,-25.386665279800276,200,0.0,0,0.0,15.000000000000004,755.458,48.07,15.71578947368421,0.0
88,1,10,1.0,10.706279836683418,2,1.0,0,0.0,0.2,6.368,6.368,1.0,0.0
88,2,10,0.0,-23.13723227554847,200,0.0,0,0.0,10.000000000000007,1569.799999999998,57.195,27.44645510971235,0.0
88,3,10,1.0,9.829216388038615,8,0.6621866034676314,0,0.0,0.8,64.136,42.47,1.510148340004709,0.0
88,4,10,0.0,-25.67686604565953,200,0.0,0,0.0,15.000000000000004,1717.6539999999964,57.86299999999999,29.684841781449226,0.0
88,5,10,1.0,10.728886517700225,2,1.0,0,0.0,0.15000000000000002,7.966,7.966,1.0,0.0
88,6,10,0.0,-22.80125871417514,200,0.0,0,0.0,10.050000000000008,660.0059999999967,36.147999999999996,18.25843753457997,0.0
88,7,10,1.0,10.648258803801006,3,0.2633205769796879,0,0.0,0.15000000000000002,13.588000000000001,3.578,3.7976523197316943,0.0
88,8,10,1.0,9.760759641604986,9,0.5720716705295061,0,0.0,0.7500000000000001,44.87200000000001,25.67,1.7480327230229842,0.0
88,9,10,1.0,10.225794115381653,6,0.7945289311832564,0,0.0,0.39999999999999997,32.681,25.966,1.2586074096895938,0.0
89,0,10,0.0,-23.24321532033429,200,0.0,0,0.0,10.050000000000008,634.9210000000021,35.9,17.685821727019558,0.0
89,1,10,0.0,-23.795200199472276,200,0.0,0,0.0,10.10000000000001,1090.7320000000043,48.127,22.66361917426817,0.0
89,2,10,0.0,-23.11070275873445,200,0.0,0,0.0,10.000000000000007,898.4079999999975,42.446999999999996,21.165406271350097,0.0
89,3,10,0.0,-23.584875572286144,200,0.0,0,0.0,10.300000000000011,414.53700000000015,49.145,8.434978125953812,0.0
89,4,10,0.0,-23.460814161857346,200,0.0,0,0.0,10.050000000000008,836.8170000000017,37.946999999999996,22.05225709542261,0.0
89,5,10,0.0,-25.87574409285617,200,0.0,0,0.0,15.000000000000002,622.279999999999,36.185,17.19718115241119,0.0
89,6,10,1.0,10.707121212121212,2,0.712742980561555,0,0.0,0.2,14.815999999999999,10.559999999999999,1.403030303030303,0.0
89,7,10,0.0,-22.820334144908138,200,0.0,0,0.0,10.000000000000007,658.9899999999998,23.822,27.663084543699092,0.0
89,8,10,1.0,9.986020398758871,8,0.7609107272259753,0,0.0,0.49999999999999994,42.779,32.551,1.3142146170624558,0.0
89,9,10,1.0,10.466397731269785,4,0.6985472526797507,0,0.0,0.3,32.559,22.744,1.4315423848047837,0.0
90,0,10,1.0,10.641162898320772,3,0.6808606409794743,0,0.0,0.15000000000000002,11.108,7.563000000000001,1.4687293402089117,0.0
90,1,10,0.0,-13.06438144030933,11,0.0,10,1.0,0.1,4.76,51.725,0.09202513291445141,0.0
90,2,10,1.0,10.587199166863162,3,0.6408280447265036,0,0.0,0.25,19.854,12.723,1.560481018627682,0.0
90,3,10,1.0,9.550203073798865,11,0.6222841305627755,0,0.0,0.7500000000000001,69.637,43.334,1.6069829694927769,0.0
90,4,10,0.0,-12.884977196716328,11,0.0,10,1.0,0.05,7.108,32.89,0.21611432046214654,0.0
90,5,10,1.0,9.7931200547258,9,0.9178142396718431,0,0.0,0.7000000000000002,47.782,43.855000000000004,1.0895450917797285,0.0
90,6,10,0.0,-23.25645259842525,200,0.0,0,0.0,10.000000000000007,793.5720000000039,31.749999999999996,24.994393700787526,0.0
90,7,10,1.0,10.371844637545927,5,0.9267145868237582,0,0.0,0.3,18.503,17.147,1.0790808887852104,0.0
90,8,10,1.0,9.865673603919884,8,0.9209602009722966,0,0.0,0.7500000000000001,42.991,39.593,1.085823251584876,0.0
90,9,10,1.0,9.9790827331811,8,0.7305086485654161,0,0.0,0.49999999999999994,38.966,28.465000000000003,1.3689091867205339,0.0
91,0,10,1.0,10.85,1,1.0,0,0.0,0.1,5.729,5.729,1.0,0.0
91,1,10,0.0,-12.971071600192214,13,0.0,10,1.0,0.4,16.046,33.29600000000001,0.48191975012013444,0.0
91,2,10,0.0,-22.99514690022554,200,0.0,0,0.0,10.000000000000007,787.2000000000014,61.198,12.863165462923648,0.0
91,3,10,0.0,-25.931007749091037,200,0.0,0,0.0,15.000000000000004,730.0799999999981,27.229000000000003,26.812589518527968,0.0
91,4,10,1.0,9.994437330466019,8,0.7615901434925834,0,0.0,0.49999999999999994,53.731,40.921,1.3130422032697149,0.0
91,5,10,0.0,-23.07254285714286,200,0.0,0,0.0,10.000000000000007,672.5719999999993,35.00000000000001,19.216342857142834,0.0
91,6,10,0.0,-25.60840189904458,200,0.0,0,0.0,15.000000000000004,947.6210000000026,50.973,18.590646028289537,0.0
91,7,10,1.0,10.729932217750477,2,1.0,0,0.0,0.15000000000000002,9.442,9.442,1.0,0.0
91,8,10,0.0,-24.269945696145264,200,0.0,0,0.0,12.500000000000016,1142.8500000000013,72.92300000000002,15.672010202542422,0.0
91,9,10,0.0,-23.076218354707976,200,0.0,0,0.0,10.000000000000007,1024.1920000000002,56.99899999999999,17.968595940279663,0.0
92,0,10,0.0,-13.035177538783262,15,0.0,10,1.0,0.35000000000000003,31.973,46.863,0.6822653265902737,0.0
92,1,10,0.0,-30.831574553727656,200,0.0,0,0.0,24.700000000000003,621.83,57.14,10.882569128456423,0.0
92,2,10,1.0,9.836204925332947,8,1.0,0,0.0,0.8,48.281,48.281,1.0,0.0
92,3,10,1.0,10.875,1,1.0,0,0.0,0.05,3.41,3.41,1.0,0.0
92,4,10,0.0,-12.940109625543453,15,0.0,10,1.0,0.3,45.414,42.782000000000004,1.061521200504885,0.0
92,5,10,1.0,10.314573957949097,5,1.0,0,0.0,0.4,37.954,37.954,1.0,0.0
92,6,10,0.0,-23.133302927694466,200,0.0,0,0.0,10.000000000000007,871.5810000000023,43.413000000000004,20.076497823232724,0.0
92,7,10,0.0,-25.626786886893672,200,0.0,0,0.0,15.000000000000002,1071.092999999998,59.696,17.942458456177935,0.0
92,8,10,0.0,-23.465953193564133,200,0.0,0,0.0,10.050000000000008,672.2670000000033,32.815999999999995,20.485951974646618,0.0
92,9,10,1.0,10.21959078921249,6,1.0,0,0.0,0.39999999999999997,35.263,35.263,1.0,0.0
93,0,10,0.0,-12.713680743682046,12,0.0,10,1.0,0.15000000000000002,13.396,26.947,0.4971239841169704,0.0
93,1,10,0.0,-12.963008420281893,12,0.0,10,1.0,0.15000000000000002,12.067,43.70400000000001,0.2761074501189822,0.0
93,2,10,0.0,-25.555727984435055,200,0.0,0,0.0,15.000000000000002,755.456,64.761,11.665292382761232,0.0
93,3,10,1.0,10.388990616744103,4,1.0,0,0.0,0.45,21.954,21.954,1.0,0.0
93,4,10,1.0,10.610916627665976,3,1.0,0,0.0,0.2,14.957,14.957,1.0,0.0
93,5,10,0.0,-12.982394842984732,14,0.0,10,1.0,0.3,39.415000000000006,69.42,0.5677758571016999,0.0
93,6,10,1.0,9.966283282409428,8,0.6461960563091361,0,0.0,0.55,38.999,25.201,1.5475179556366812,0.0
93,7,10,1.0,9.077765700723958,14,0.6691980194055548,0,0.0,1.2000000000000002,74.927,50.141000000000005,1.4943260006780879,0.0
93,8,10,0.0,-23.11663309761341,200,0.0,0,0.0,10.050000000000008,947.4500000000025,63.352000000000004,14.955328955676261,0.0
93,9,10,1.0,9.680459105549396,10,0.7031371821050678,0,0.0,0.75,53.87,37.878,1.4221975817096995,0.0
94,0,10,1.0,10.464577584256956,4,1.0,0,0.0,0.3,17.684,17.684,1.0,0.0
94,1,10,1.0,9.989320997299167,8,0.8457327317690144,0,0.0,0.5,52.973,44.801,1.182406642708868,0.0
94,2,10,0.0,-22.796539177424155,200,0.0,0,0.0,10.000000000000007,680.9519999999973,16.655,40.88574001801244,0.0
94,3,10,1.0,10.001768937454763,7,1.0,0,0.0,0.65,56.647,56.647,1.0,0.0
94,4,10,1.0,9.949317890006421,8,0.5401063337956542,0,0.0,0.6000000000000001,34.608,18.692,1.8514872672801197,0.0
94,5,10,0.0,-23.24444348086119,200,0.0,0,0.0,10.000000000000007,286.4829999999993,33.44,8.567075358851655,0.0
94,6,10,0.0,-24.644482208029185,200,0.0,0,0.0,13.300000000000013,919.1469999999996,21.92,41.931888686131366,0.0
94,7,10,1.0,10.147707668711657,6,1.0,0,0.0,0.55,32.599999999999994,32.599999999999994,1.0,0.0
94,8,10,0.0,-22.971252229900145,200,0.0,0,0.0,10.000000000000007,678.6169999999994,48.769,13.914925464946982,0.0
94,9,10,0.0,-23.05519235208123,200,0.0,0,0.0,10.050000000000008,573.9750000000022,38.991,14.720704778025754,0.0
95,0,10,0.0,-26.115323397275812,200,0.0,0,0.0,14.950000000000003,557.1550000000008,56.092,9.932878128788433,0.0
95,1,10,1.0,9.169181545522253,14,0.7021072120072929,0,0.0,1.0000000000000002,70.75699999999998,49.679,1.424283902655045,0.0
95,2,10,1.0,10.202361524340064,6,0.7119614205877051,0,0.0,0.45000000000000007,44.376000000000005,31.594,1.4045704880673546,0.0
95,3,10,0.0,-33.12324155948561,200,0.0,0,0.0,29.949999999999893,915.5890000000005,69.66399999999999,13.142928915939375,0.0
95,4,10,0.0,-30.63525927804561,200,0.0,0,0.0,24.700000000000003,1002.6480000000056,59.144999999999996,16.952371290895353,0.0
95,5,10,0.0,-22.765098064599673,200,0.0,0,0.0,10.000000000000007,1486.2000000000048,30.898,48.100200660237064,0.0
95,6,10,1.0,10.471775463890001,4,0.4879971336438552,0,0.0,0.30000000000000004,30.701,14.982,2.049192364170338,0.0
95,7,10,0.0,-25.498802859054315,200,0.0,0,0.0,15.000000000000002,753.2800000000001,56.802,13.261504876588853,0.0
95,8,10,0.0,-24.443132403658755,200,0.0,0,0.0,12.500000000000016,1026.0590000000007,40.014,25.64250012495628,0.0
95,9,10,1.0,10.727627765064836,2,1.0,0,0.0,0.15000000000000002,18.354,18.354,1.0,0.0
96,0,10,0.0,-14.241706779156676,20,0.0,10,1.0,0.9999999999999999,38.97,57.131,0.6821165391818802,0.0
96,1,10,0.0,-25.710336858945972,200,0.0,0,0.0,15.000000000000002,946.8000000000026,22.502,42.07625988801007,0.0
96,2,10,0.0,-22.886161161161098,200,0.0,0,0.0,10.000000000000007,910.7999999999963,39.96,22.7927927927927,0.0
96,3,10,0.0,-24.370099631894472,200,0.0,1,0.0,10.15000000000001,464.1269999999986,32.870999999999995,14.119649539107378,0.0
96,4,10,1.0,10.464165791655153,4,1.0,0,0.0,0.3,18.095,18.095,1.0,0.0
96,5,10,0.0,-13.770710950680737,20,0.0,10,1.0,0.6,58.614,50.974000000000004,1.1498803311492132,0.0
96,6,10,0.0,-25.554220035626344,200,0.0,0,0.0,15.000000000000002,559.7990000000025,58.94499999999999,9.496971753329419,0.0
96,7,10,1.0,8.630290089158805,10,0.5959647816823677,1,0.0,0.85,38.957,23.217,1.6779515010552613,0.0
96,8,10,0.0,-23.346993860322304,200,0.0,0,0.0,10.050000000000008,674.0860000000033,52.12,12.933346124328537,0.0
96,9,10,1.0,9.544093065911719,11,0.7899768478414942,0,0.0,0.8,63.49300000000001,50.158,1.2658598827704455,0.0
97,0,10,1.0,9.618795933594479,10,0.901518046871417,0,0.0,0.85,65.413,58.971,1.1092401349816012,0.0
97,1,10,1.0,9.894808707468773,9,0.725366796830572,0,0.0,0.49999999999999994,52.754,38.266,1.378612867819997,0.0
97,2,10,0.0,-13.010177721447683,12,0.0,10,1.0,0.15000000000000002,11.617999999999999,71.01,0.1636107590480214,0.0
97,3,10,0.0,-23.57947469458987,200,0.0,0,0.0,10.050000000000008,1333.6709999999941,37.245,35.80805477245252,0.0
97,4,10,0.0,-30.547622035387096,200,0.0,0,0.0,25.0,303.5999999999992,31.876,9.524407077424998,0.0
97,5,10,0.0,-23.406329838256163,200,0.0,0,0.0,10.15000000000001,833.8699999999976,60.466,13.79072536632153,0.0
97,6,10,0.0,-25.871148860189816,200,0.0,0,0.0,14.950000000000003,1362.6709999999962,40.88399999999999,33.330178064768525,0.0
97,7,10,0.0,-25.433589440007996,200,0.0,0,0.0,13.400000000000013,891.6569999999977,39.697,22.461571403380546,0.0
97,8,10,0.0,-13.187316564417179,12,0.0,10,1.0,0.15000000000000002,7.526,32.6,0.23085889570552146,0.0
97,9,10,1.0,10.85,1,1.0,0,0.0,0.1,3.999,3.999,1.0,0.0
98,0,10,0.0,-13.458423440318633,15,0.0,10,1.0,0.4,22.371,55.989,0.3995606279804962,0.0
98,1,10,0.0,-13.358743281152964,14,0.0,10,1.0,0.35000000000000003,18.907000000000004,46.697,0.40488682356468303,0.0
98,2,10,0.0,-25.50526488976638,200,0.0,0,0.0,15.000000000000002,635.799999999997,39.507,16.09335054547288,0.0
98,3,10,0.0,-13.517847618006652,15,0.0,10,1.0,0.35,28.754,64.043,0.4489795918367347,0.0
98,4,10,1.0,10.224170337738618,6,0.8838261601599494,0,0.0,0.39999999999999997,28.509,25.197,1.1314442195499466,0.0
98,5,10,1.0,9.385934059322542,13,0.45577569068348533,0,0.0,0.8000000000000002,72.935,33.242000000000004,2.1940617291378373,0.0
98,6,10,0.0,-26.519716025683476,200,0.0,0,0.0,16.600000000000055,691.8270000000006,45.321000000000005,15.265042695439211,0.0
98,7,10,1.0,9.978350848341421,8,0.957062515595309,0,0.0,0.5,52.09899999999999,49.861999999999995,1.0448638241546668,0.0
98,8,10,0.0,-13.110172725220139,14,0.0,10,1.0,0.35,20.172,26.573999999999998,0.7590878302099797,0.0
98,9,10,1.0,10.25328954997547,6,0.9226369285214601,0,0.0,0.35,24.301,22.421,1.0838499620891129,0.0
99,0,10,0.0,-23.15784438775509,200,0.0,0,0.0,10.000000000000007,683.5400000000001,31.36,21.796556122448983,0.0
99,1,10,1.0,10.514560424335986,4,1.0,0,0.0,0.2,25.262999999999998,25.262999999999998,1.0,0.0
99,2,10,0.0,-25.528503562945325,200,0.0,0,0.0,15.000000000000002,1288.9279999999967,54.309,23.733230219668872,0.0
99,3,10,1.0,10.756038564337533,2,1.0,0,0.0,0.1,26.189999999999998,26.189999999999998,1.0,0.0
99,4,10,1.0,9.492818124498452,12,0.7534767210849095,0,0.0,0.7500000000000001,46.30800000000001,34.891999999999996,1.3271810157056063,0.0
99,5,10,1.0,10.85,1,1.0,0,0.0,0.1,3.598,3.598,1.0,0.0
99,6,10,0.0,-22.870637192408573,200,0.0,0,0.0,10.000000000000007,1075.6000000000024,41.57300000000001,25.872561518293175,0.0
99,7,10,1.0,10.306133129751155,5,0.2873975314174743,0,0.0,0.44999999999999996,53.553,15.391000000000002,3.4795010070820602,0.0
99,8,10,1.0,10.194374635670483,6,1.0,0,0.0,0.45,42.887,42.887,1.0,0.0
99,9,10,0.0,-27.987357494866536,200,0.0,0,0.0,19.750000000000014,1524.803999999996,48.7,31.31014373716624,0.0
100,0,10,0.0,-23.64743462214066,200,0.0,0,0.0,10.100000000000009,892.3990000000024,50.66700000000001,17.613022282748183,0.0
100,1,10,0.0,-12.916635038308742,14,0.0,10,1.0,0.30000000000000004,33.714,56.38399999999999,0.5979355845629967,0.0
100,2,10,0.0,-23.34590058700361,200,0.0,0,0.0,10.000000000000007,1239.0099999999939,58.262,21.266176924925233,0.0
100,3,10,0.0,-24.618883551045407,200,0.0,0,0.0,13.350000000000012,715.0080000000008,27.789,25.729893123178265,0.0
100,4,10,1.0,10.079572223426547,6,0.9259023851737865,0,0.0,0.7000000000000001,29.893,27.678,1.080027458631404,0.0
100,5,10,0.0,-25.604416282642042,200,0.0,0,0.0,15.000000000000002,632.554,26.040000000000003,24.291628264208907,0.0
100,6,10,1.0,10.635833606467825,3,1.0,0,0.0,0.15000000000000002,18.306,18.306,1.0,0.0
100,7,10,0.0,-13.082399657599392,14,0.0,10,1.0,0.30000000000000004,19.43,42.056000000000004,0.4620030435609663,0.0
100,8,10,1.0,10.515532575704102,4,1.0,0,0.0,0.2,14.167000000000002,14.167000000000002,1.0,0.0
100,9,10,0.0,-25.946361930471454,200,0.0,0,0.0,14.950000000000003,1307.7350000000065,30.376,43.05158677903629,0.0
101,0,10,0.0,-23.307749843444885,200,0.0,0,0.0,10.050000000000008,933.5089999999949,54.294,17.193594135631837,0.0
101,1,10,0.0,-27.02976228992536,200,0.0,0,0.0,17.40000000000003,903.3090000000005,44.507999999999996,20.295430035049893,0.0
101,2,10,0.0,-23.302236852042938,200,0.0,0,0.0,10.000000000000007,1245.0809999999938,39.721,31.345660985372824,0.0
101,3,10,1.0,9.891501889284273,8,0.6327383301223277,0,0.0,0.7000000000000002,43.081,27.259,1.580432150849261,0.0
101,4,10,1.0,10.074459343549862,7,0.7701250660560155,0,0.0,0.49999999999999994,45.416,34.976,1.2984903934126257,0.0
101,5,10,1.0,9.512766862598642,11,0.8335950189496479,0,0.0,0.9000000000000001,36.940000000000005,30.793,1.1996232910076967,0.0
101,6,10,0.0,-30.626618637284032,200,0.0,0,0.0,25.0,997.9900000000055,42.474000000000004,23.496491971559198,0.0
101,7,10,1.0,10.46567134268537,4,0.7560892458047653,0,0.0,0.3,26.399,19.96,1.3225951903807616,0.0
101,8,10,0.0,-23.078763834443258,200,0.0,0,0.0,10.000000000000007,1185.3999999999999,63.519000000000005,18.662132590248582,0.0
101,9,10,1.0,10.44316042138952,4,1.0,0,0.0,0.35000000000000003,29.996,29.996,1.0,0.0
102,0,10,1.0,10.875,1,1.0,0,0.0,0.05,3.518,3.518,1.0,0.0
102,1,10,1.0,9.262123938917087,13,0.7353161668839634,0,0.0,1.0000000000000002,61.36,45.11899999999999,1.359959218954321,0.0
102,2,10,0.0,-22.90228092704705,200,0.0,0,0.0,10.000000000000007,639.200000000003,32.706,19.543814590595087,0.0
102,3,10,1.0,10.72950205338809,2,1.0,0,0.0,0.15000000000000002,9.74,9.74,1.0,0.0
102,4,10,0.0,-25.488228228228234,200,0.0,0,0.0,15.000000000000004,365.3999999999997,33.300000000000004,10.972972972972963,0.0
102,5,10,0.0,-23.045445369808615,200,0.0,0,0.0,10.000000000000007,1227.766999999998,54.392999999999994,22.57215082823154,0.0
102,6,10,1.0,10.583290209983932,3,0.95472097328749,0,0.0,0.25,18.905,18.049,1.0474264502188488,0.0
102,7,10,0.0,-23.41329152890212,200,0.0,0,0.0,10.000000000000007,1167.6570000000022,43.855000000000004,26.625401892600664,0.0
102,8,10,0.0,-25.700936849780298,200,0.0,0,0.0,15.000000000000002,2169.9909999999995,56.230999999999995,38.59065284273799,0.0
102,9,10,1.0,10.63461270015054,3,0.6163384083336847,0,0.0,0.15000000000000002,23.711000000000002,14.613999999999999,1.6224852880799236,0.0
103,0,10,0.0,-13.174141502476031,13,0.0,10,1.0,0.35000000000000003,29.165,47.455,0.6145822358023391,0.0
103,1,10,0.0,-22.46237654969533,200,0.0,0,0.0,10.000000000000007,656.2810000000001,9.518,68.9515654549275,0.0
103,2,10,0.0,-23.01076847137062,200,0.0,0,0.0,10.000000000000007,1335.598000000003,76.984,17.349033565416228,0.0
103,3,10,1.0,10.63498332679482,3,1.0,0,0.0,0.15000000000000002,10.196,10.196,1.0,0.0
103,4,10,1.0,10.315768550658197,5,0.8532312592551201,0,0.0,0.4,35.791,30.538,1.172015194184295,0.0
103,5,10,1.0,10.341912338973922,5,0.8262804584059636,0,0.0,0.35000000000000003,26.963,22.279,1.2102428295704475,0.0
103,6,10,0.0,-13.089090607368073,13,0.0,10,1.0,0.2,30.554000000000002,66.286,0.4609419786983677,0.0
103,7,10,0.0,-25.614586647998486,200,0.0,0,0.0,15.000000000000002,1056.3599999999951,31.425999999999995,33.61420479857428,0.0
103,8,10,1.0,10.328301475925478,5,0.7193142757690467,0,0.0,0.39999999999999997,22.983,16.532,1.3902129203968063,0.0
103,9,10,0.0,-23.126688715735128,200,0.0,0,0.0,10.000000000000007,505.2000000000014,17.839000000000002,28.31997309266222,0.0
104,0,10,0.0,-23.532501442474157,200,0.0,0,0.0,10.000000000000007,916.5239999999978,51.99399999999999,17.62749548024768,0.0
104,1,10,1.0,10.435760513877105,4,1.0,0,0.0,0.35000000000000003,33.004,33.004,1.0,0.0
104,2,10,0.0,-23.03490912401015,200,0.0,0,0.0,10.000000000000007,897.4030000000033,65.914,13.614755590618127,0.0
104,3,10,1.0,10.116193191117901,6,1.0,0,0.0,0.6000000000000001,36.658,36.658,1.0,0.0
104,4,10,1.0,9.62303450634643,10,0.7537956190439813,0,0.0,0.8500000000000002,52.36300000000001,39.471,1.3266195434622892,0.0
104,5,10,1.0,10.32377213515164,5,0.8516207314959265,0,0.0,0.39999999999999997,23.076,19.652,1.1742316303684104,0.0
104,6,10,1.0,9.234662360940636,13,0.8879335697604015,0,0.0,1.0500000000000003,57.805,51.327000000000005,1.1262103766049056,0.0
104,7,10,1.0,10.875,1,1.0,0,0.0,0.05,2.943,2.943,1.0,0.0
104,8,10,0.0,-22.932006960765033,200,0.0,0,0.0,10.000000000000007,874.6000000000031,55.740999999999985,15.690425360147886,0.0
104,9,10,1.0,9.165721555797893,14,0.8012689005394726,0,0.0,1.0,78.96600000000001,63.273,1.2480204826703334,0.0
105,0,10,0.0,-24.113790482871515,200,0.0,0,0.0,12.500000000000014,952.4499999999992,25.659,37.11952921002374,0.0
105,1,10,0.0,-12.899999999999999,10,0.0,10,1.0,0.0,0.0,47.01900000000001,0.0,0.0
105,2,10,0.0,-12.899999999999999,10,0.0,10,1.0,0.0,0.0,65.07499999999999,0.0,0.0
105,3,10,1.0,10.466797701844571,4,0.8416899974548231,0,0.0,0.3,31.432,26.456,1.1880858784396733,0.0
105,4,10,0.0,-27.57178771155264,200,0.0,0,0.0,17.850000000000026,797.4279999999982,54.36,14.669389256806442,0.0
105,5,10,1.0,10.230145308645321,6,0.9844671595185353,0,0.0,0.39999999999999997,37.469,36.887,1.0157779163390896,0.0
105,6,10,0.0,-23.118711566617893,200,0.0,0,0.0,10.000000000000007,824.1999999999977,34.15,24.134699853587048,0.0
105,7,10,1.0,9.619581082634179,11,0.7266881028938907,0,0.0,0.7000000000000002,71.841,52.206,1.3761061946902653,0.0
105,8,10,1.0,10.730694708793301,2,1.0,0,0.0,0.15000000000000002,7.881,7.881,1.0,0.0
105,9,10,0.0,-23.06033383452932,200,0.0,0,0.0,10.000000000000007,596.786999999999,52.541000000000004,11.358500980186882,0.0
106,0,10,1.0,10.754525832766825,2,1.0,0,0.0,0.1,11.768,11.768,1.0,0.0
106,1,10,1.0,9.691887948318112,10,0.9526133735118733,0,0.0,0.7000000000000002,47.12299999999999,44.88999999999999,1.049743818222321,0.0
106,2,10,0.0,-22.9603847252643,200,0.0,0,0.0,10.000000000000007,585.5999999999996,52.505,11.153223502523561,0.0
106,3,10,0.0,-28.184343653250743,200,0.0,0,0.0,19.950000000000024,681.7920000000009,43.605,15.635638114895103,0.0
106,4,10,1.0,10.731725195684367,2,1.0,0,0.0,0.15000000000000002,4.727,4.727,1.0,0.0
106,5,10,0.0,-25.848863140543855,200,0.0,0,0.0,14.950000000000003,1002.7949999999962,41.254,24.307824695786984,0.0
106,6,10,0.0,-23.080893443808502,200,0.0,0,0.0,10.000000000000007,787.2000000000014,48.397,16.26547100026864,0.0
106,7,10,1.0,9.475977224768974,11,0.6707392464371705,0,0.0,0.95,61.468,41.229,1.490892333066531,0.0
106,8,10,1.0,10.490428004847418,4,0.8653002859866541,0,0.0,0.25,20.979999999999997,18.154,1.1556681723036244,0.0
106,9,10,1.0,10.376628629972444,5,0.8635933734020806,0,0.0,0.3,32.777,28.305999999999997,1.1579523775877907,0.0
107,0,10,1.0,9.746450187420475,9,0.8192306066966234,0,0.0,0.8,70.991,58.157999999999994,1.2206575191719111,0.0
107,1,10,1.0,9.339184150631077,13,0.7812929403967085,0,0.0,0.8500000000000001,61.859,48.32999999999999,1.279929650320712,0.0
107,2,10,0.0,-25.579408587413873,200,0.0,0,0.0,15.000000000000004,777.7940000000023,62.020999999999994,12.540816820109356,0.0
107,3,10,0.0,-30.53202126313123,200,0.0,0,0.0,25.0,441.7059999999986,47.406000000000006,9.31751255115383,0.0
107,4,10,0.0,-25.69411861056195,200,0.0,0,0.0,15.000000000000002,899.9119999999959,53.114999999999995,16.94270921585232,0.0
107,5,10,1.0,10.585072128413591,3,0.9336317633320358,0,0.0,0.25,25.69,23.985,1.0710860954763395,0.0
107,6,10,1.0,10.22476375722325,6,0.9444602982093172,0,0.0,0.39999999999999997,28.034,26.476999999999997,1.058805755939117,0.0
107,7,10,1.0,9.59812832574998,10,0.6422804497498638,0,0.0,0.9,60.56699999999999,38.900999999999996,1.5569522634379578,0.0
107,8,10,1.0,10.610598556839243,3,1.0,0,0.0,0.2,25.361,25.361,1.0,0.0
107,9,10,1.0,10.875,1,1.0,0,0.0,0.05,4.082,4.082,1.0,0.0
108,0,10,0.0,-24.21525519013775,200,0.0,0,0.0,12.500000000000014,759.3670000000011,49.80599999999999,15.24649640605552,0.0
108,1,10,0.0,-32.88061436400353,200,0.0,0,0.0,29.950000000000003,824.2330000000029,48.538,16.98118999546753,0.0
108,2,10,1.0,10.754961550292219,2,1.0,0,0.0,0.1,9.753,9.753,1.0,0.0
108,3,10,1.0,10.875,1,1.0,0,0.0,0.05,4.228,4.228,1.0,0.0
108,4,10,0.0,-23.174676409706475,200,0.0,0,0.0,10.000000000000007,581.293,40.097,14.497169364291592,0.0
108,5,10,1.0,9.671314153230057,10,0.9179645932088613,0,0.0,0.7500000000000001,41.348000000000006,37.956,1.089366635051112,0.0
108,6,10,1.0,9.859591938790818,8,0.7749123248919804,0,0.0,0.7500000000000001,51.611000000000004,39.994,1.290468570285543,0.0
108,7,10,0.0,-12.70448601425997,15,0.0,10,1.0,0.3,46.233999999999995,25.526,1.8112512732116273,0.0
108,8,10,0.0,-13.395653514369627,15,0.0,10,1.0,0.44999999999999996,23.196,65.03300000000002,0.35668045453846503,0.0
108,9,10,1.0,10.748881426586383,2,0.1981642955484167,0,0.0,0.15000000000000002,10.895,2.159,5.046317739694303,0.0
109,0,10,0.0,-32.17013599423937,200,0.0,9,0.0,9.700000000000005,648.3099999999996,48.605,13.338339676987957,0.0
109,1,10,1.0,10.059517614413256,7,0.7289410040307805,0,0.0,0.55,68.225,49.732,1.3718531327917638,0.0
109,2,10,1.0,10.875,1,1.0,0,0.0,0.05,6.727,6.727,1.0,0.0
109,3,10,0.0,-12.656224620698161,13,0.0,10,1.0,0.25,30.699,40.53500000000001,0.7573455038855309,0.0
109,4,10,0.0,-24.34834292593012,200,0.0,0,0.0,12.500000000000016,635.5439999999988,53.166,11.953955535492588,0.0
109,5,10,0.0,-12.991975340136054,13,0.0,10,1.0,0.2,16.025,35.28,0.45422335600907027,0.0
109,6,10,0.0,-23.39051613566998,200,0.0,0,0.0,10.100000000000009,732.7900000000021,29.159,25.130834390754213,0.0
109,7,10,1.0,10.609473867595819,3,1.0,0,0.0,0.2,8.61,8.61,1.0,0.0
109,8,10,0.0,-12.9746892270569,11,0.0,10,1.0,0.1,3.771,51.388000000000005,0.07338289094730287,0.0
109,9,10,0.0,-12.974826281814067,11,0.0,10,1.0,0.1,3.562,48.641999999999996,0.07322889683812343,0.0
110,0,10,1.0,9.76682524447255,9,0.9739568440270109,0,0.0,0.7500000000000001,45.463,44.278999999999996,1.0267395379299442,0.0
110,1,10,0.0,-13.005297482239865,13,0.0,10,1.0,0.2,14.162,38.288,0.3698809026326787,0.0
110,2,10,1.0,9.39273689707558,13,0.8098890747255706,0,0.0,0.7500000000000001,52.016999999999996,42.128,1.2347369920243068,0.0
110,3,10,1.0,9.739708366805424,9,0.9627364128524222,0,0.0,0.7999999999999999,42.669000000000004,41.07900000000001,1.0387059081282406,0.0
110,4,10,0.0,-23.37862007341576,200,0.0,0,0.0,10.000000000000007,1157.805000000002,41.408,27.96090127511597,0.0
110,5,10,0.0,-12.99659444777141,13,0.0,10,1.0,0.2,19.109,46.756,0.4086962101120712,0.0
110,6,10,0.0,-13.253682412426548,12,0.0,10,1.0,0.2,9.866,21.953000000000003,0.44941465858880325,0.0
110,7,10,0.0,-13.13028514246807,12,0.0,10,1.0,0.1,6.43,48.46699999999999,0.13266758825592673,0.0
110,8,10,1.0,10.132722027023167,7,0.8043887867647058,0,0.0,0.39999999999999997,43.52,35.007,1.2431799354414832,0.0
110,9,10,0.0,-27.963652373847385,200,0.0,0,0.0,20.000000000000014,1534.4149999999959,40.883,37.53185920798366,0.0
111,0,10,1.0,10.875,1,1.0,0,0.0,0.05,2.85,2.85,1.0,0.0
111,1,10,0.0,-23.579438702363838,200,0.0,0,0.0,10.15000000000001,757.4419999999996,29.993,25.25395925715999,0.0
111,2,10,0.0,-25.612309375488415,200,0.0,0,0.0,15.000000000000002,611.8350000000003,44.787000000000006,13.66099537812312,0.0
111,3,10,0.0,-23.089268337464382,200,0.0,0,0.0,10.000000000000007,478.88000000000085,54.46500000000001,8.792435509042518,0.0
111,4,10,1.0,10.645360592401804,3,0.2186554030271031,0,0.0,0.2,14.205000000000002,3.106,4.573406310367032,0.0
111,5,10,0.0,-22.798516250588797,200,0.0,0,0.0,10.000000000000007,684.4000000000029,16.983999999999998,40.29674988224229,0.0
111,6,10,1.0,9.882987865105122,8,1.0,0,0.0,0.7000000000000002,42.522,42.522,1.0,0.0
111,7,10,0.0,-23.652561377880332,200,0.0,0,0.0,10.25000000000001,667.5450000000023,63.663,10.485603882946176,0.0
111,8,10,0.0,-12.914656425974766,13,0.0,10,1.0,0.25,13.982,28.058,0.4983248984246917,0.0
111,9,10,0.0,-13.276568624251421,13,0.0,10,1.0,0.25,8.242,61.282999999999994,0.1344908049540656,0.0
112,0,10,1.0,9.269298905936015,12,0.8168258145200161,0,0.0,1.2000000000000004,76.763,62.702000000000005,1.2242512200567766,0.0
112,1,10,0.0,-25.662264711342065,200,0.0,0,0.0,14.900000000000002,909.7239999999981,48.483000000000004,18.763772868840583,0.0
112,2,10,1.0,10.472564282703386,4,0.7095712861415752,0,0.0,0.30000000000000004,20.060000000000002,14.234,1.4093016720528313,0.0
112,3,10,0.0,-23.210018719354544,200,0.0,0,0.0,10.050000000000008,1431.8889999999942,41.401,34.58585541412029,0.0
112,4,10,1.0,9.840773574826384,9,1.0,0,0.0,0.6000000000000001,39.31099999999999,39.31099999999999,1.0,0.0
112,5,10,0.0,-23.48315630004084,200,0.0,0,0.0,10.15000000000001,1341.0290000000048,31.849,42.10584319758877,0.0
112,6,10,1.0,9.614092313247212,10,0.8045576320970917,0,0.0,0.85,61.96200000000001,49.852000000000004,1.242919040359464,0.0
112,7,10,1.0,10.730933007035791,2,1.0,0,0.0,0.15000000000000002,6.538,6.538,1.0,0.0
112,8,10,0.0,-23.035720892322423,200,0.0,0,0.0,10.000000000000007,366.0310000000006,56.437,6.485656572815716,0.0
112,9,10,1.0,10.318967276850803,5,0.8341046515555856,0,0.0,0.4,29.602999999999998,24.691999999999997,1.1988903288514499,0.0
113,0,10,1.0,10.203638002332733,6,0.49844088578827767,0,0.0,0.45,37.842,18.862000000000002,2.0062559643728126,0.0
113,1,10,0.0,-26.303044800366603,200,0.0,0,0.0,16.600000000000055,660.9139999999998,48.013,13.765313560910583,0.0
113,2,10,0.0,-25.547556022916787,200,0.0,0,0.0,15.000000000000004,639.5999999999977,55.156,11.596199869461124,0.0
113,3,10,0.0,-13.053280504963652,11,0.0,10,1.0,0.05,5.525,51.172,0.10796920190729306,0.0
113,4,10,0.0,-13.317191722372351,15,0.0,10,1.0,0.4,34.342,56.248000000000005,0.6105461527520978,0.0
113,5,10,1.0,10.442954671560885,4,0.9193972452223051,0,0.0,0.35,25.483,23.429000000000002,1.087669128003756,0.0
113,6,10,1.0,10.41766112191258,4,0.9054278728606356,0,0.0,0.39999999999999997,30.675,27.773999999999997,1.104450205227911,0.0
113,7,10,0.0,-30.669265352974858,200,0.0,0,0.0,25.0,848.1999999999975,20.908,40.568203558446406,0.0
113,8,10,0.0,-12.972749683636719,11,0.0,10,1.0,0.1,3.105,41.092000000000006,0.07556215321717122,0.0
113,9,10,0.0,-13.184660348107958,15,0.0,10,1.0,0.25,26.695999999999998,42.573,0.6270641016606769,0.0
114,0,10,0.0,-30.941356170992965,200,0.0,0,0.0,24.7,534.6950000000006,51.815000000000005,10.31930908038214,0.0
114,1,10,0.0,-25.26128496917968,200,0.0,0,0.0,13.300000000000011,675.1209999999982,37.961999999999996,17.784126231494607,0.0
114,2,10,0.0,-22.994671608942475,200,0.0,0,0.0,10.000000000000007,1659.674999999998,34.532,48.06194254604419,0.0
114,3,10,0.0,-23.17688622399591,200,0.0,0,0.0,10.000000000000007,642.2060000000013,50.617,12.687555564336119,0.0
114,4,10,1.0,10.623292841136927,3,0.4565720747401863,0,0.0,0.2,18.570999999999998,8.479,2.190234697487911,0.0
114,5,10,0.0,-23.308082471510364,200,0.0,0,0.0,10.000000000000007,1246.5359999999937,45.54299999999999,27.37052895066188,0.0
114,6,10,0.0,-23.079891307994234,200,0.0,0,0.0,10.000000000000007,669.1800000000011,59.618,11.224462410681356,0.0
114,7,10,1.0,10.535286318758816,3,0.8686241679258381,0,0.0,0.35000000000000003,24.487000000000002,21.27,1.1512458862247297,0.0
114,8,10,1.0,9.903469941106726,7,0.9333321239387565,0,0.0,0.8500000000000001,55.123999999999995,51.44900000000001,1.0714299597659815,0.0
114,9,10,1.0,9.736986518287184,9,0.9130137949037169,0,0.0,0.8000000000000002,49.801,45.46900000000001,1.0952737029624577,0.0
115,0,10,1.0,10.8,1,1.0,0,0.0,0.2,2.301,2.301,1.0,0.0
115,1,10,0.0,-13.222174257482788,15,0.0,10,1.0,0.35,22.246,34.713,0.6408550110909457,0.0
115,2,10,0.0,-24.902874394320698,200,0.0,0,0.0,13.350000000000014,718.5990000000008,53.24600000000001,13.495830672726603,0.0
115,3,10,0.0,-30.530610724000447,200,0.0,0,0.0,25.0,1476.9509999999927,53.674,27.517065990982463,0.0
115,4,10,1.0,10.395987987890232,5,0.5845337088272792,0,0.0,0.25,52.553,30.719,1.71076532439207,0.0
115,5,10,0.0,-26.019744382501177,200,0.0,0,0.0,15.000000000000004,734.2560000000011,41.077,17.875112593422138,0.0
115,6,10,0.0,-13.307325248183398,15,0.0,10,1.0,0.35,16.21,48.855000000000004,0.3317981782826732,0.0
115,7,10,1.0,10.466404682274248,4,1.0,0,0.0,0.3,17.342,17.342,1.0,0.0
115,8,10,0.0,-28.24845202208621,200,0.0,0,0.0,19.950000000000028,938.4589999999987,33.505,28.009520967019807,0.0
115,9,10,1.0,10.63486323171035,3,1.0,0,0.0,0.15000000000000002,20.107000000000003,20.107000000000003,1.0,0.0
116,0,10,0.0,-28.203912904118763,200,0.0,0,0.0,19.900000000000023,943.9930000000002,68.63700000000001,13.753412882264668,0.0
116,1,10,0.0,-26.003117001204725,200,0.0,0,0.0,14.900000000000002,2174.5270000000037,43.990999999999985,49.431179104817,0.0
116,2,10,0.0,-22.846549655912565,200,0.0,0,0.0,10.000000000000007,1076.1999999999969,31.678000000000004,33.97310436264905,0.0
116,3,10,1.0,10.634747437145638,3,1.0,0,0.0,0.15000000000000002,17.461,17.461,1.0,0.0
116,4,10,1.0,9.884110386175276,9,0.8431042172555626,0,0.0,0.5,60.537,51.038999999999994,1.1860929877152766,0.0
116,5,10,1.0,9.623540966456698,10,0.6803204215754566,0,0.0,0.85,66.038,44.927,1.4698956084314554,0.0
116,6,10,1.0,10.606615957446808,3,0.9955517898750265,0,0.0,0.2,18.884,18.8,1.004468085106383,0.0
116,7,10,0.0,-24.730104021311686,200,0.0,0,0.0,13.350000000000012,781.4500000000006,47.297999999999995,16.52184024694492,0.0
116,8,10,1.0,9.84061755612995,9,1.0,0,0.0,0.6000000000000001,39.462,39.462,1.0,0.0
116,9,10,0.0,-24.953981104651117,200,0.0,0,0.0,13.350000000000014,636.168999999999,34.4,18.4932848837209,0.0
117,0,10,1.0,10.63035924497666,2,1.0,0,0.0,0.35,9.854,9.854,1.0,0.0
117,1,10,0.0,-22.969997278170894,200,0.0,0,0.0,10.000000000000007,874.983000000002,51.436,17.011101174274867,0.0
117,2,10,1.0,10.586209758833427,3,0.8777630089105497,0,0.0,0.25,20.313000000000002,17.83,1.1392596747055528,0.0
117,3,10,1.0,10.003376612497906,7,0.9661077301566748,0,0.0,0.65,30.892,29.845,1.0350812531412297,0.0
117,4,10,1.0,9.885069223242354,9,1.0,0,0.0,0.49999999999999994,48.033,48.033,1.0,0.0
117,5,10,0.0,-24.55082105771559,200,0.0,0,0.0,12.500000000000014,1189.3499999999983,41.410000000000004,28.721323351847335,0.0
117,6,10,0.0,-22.917506472636372,200,0.0,0,0.0,10.000000000000007,607.2469999999985,44.804,13.553410409784806,0.0
117,7,10,0.0,-25.68625184442772,200,0.0,0,0.0,15.100000000000003,526.8660000000013,71.83800000000001,7.334085024638789,0.0
117,8,10,1.0,8.479373616782519,20,0.5393169649236356,0,0.0,1.2500000000000004,118.96900000000002,64.162,1.8541971883669464,0.0
117,9,10,1.0,9.601699471915508,10,0.801976386036961,0,0.0,0.9,54.544,43.742999999999995,1.2469195071211394,0.0
118,0,10,1.0,10.096270845805183,7,0.48070875043680245,0,0.0,0.49999999999999994,48.649,23.386000000000003,2.080261695031215,0.0
118,1,10,0.0,-31.02566649559083,200,0.0,0,0.0,24.9,321.03299999999894,42.866,7.489222227406311,0.0
118,2,10,0.0,-13.290489123736752,16,0.0,10,1.0,0.35,44.559999999999995,64.912,0.6864678333744144,0.0
118,3,10,0.0,-23.313007003878255,200,0.0,0,0.0,10.250000000000012,1366.1569999999956,61.108999999999995,22.356068664190147,0.0
118,4,10,0.0,-25.818561052568956,200,0.0,0,0.0,15.000000000000002,611.4149999999975,33.594,18.200125022325338,0.0
118,5,10,0.0,-22.93365945045796,200,0.0,0,0.0,10.000000000000007,966.148000000005,48.04,20.11132389675281,0.0
118,6,10,0.0,-29.724981333785838,200,0.0,0,0.0,23.35000000000002,1140.5270000000007,58.93,19.35392838961481,0.0
118,7,10,0.0,-12.802307330324483,16,0.0,10,1.0,0.39999999999999997,47.036,46.75099999999999,1.006096126286069,0.0
118,8,10,1.0,9.736154072931784,9,0.8654080150724183,0,0.0,0.8,50.954,44.096000000000004,1.1555243105950652,0.0
118,9,10,0.0,-26.921032832060465,200,0.0,0,0.0,17.500000000000032,536.8029999999991,63.50500000000001,8.452924966538053,0.0
119,0,10,0.0,-24.490797835289104,200,0.0,0,0.0,12.500000000000014,633.510999999999,55.989,11.314919001946793,0.0
119,1,10,0.0,-13.240958037321207,12,0.0,10,1.0,0.2,9.765,52.78500000000001,0.18499573742540493,0.0
119,2,10,1.0,9.786396391869143,9,1.0,0,0.0,0.7000000000000002,39.79900000000001,39.79900000000001,1.0,0.0
119,3,10,0.0,-23.333140434833894,200,0.0,0,0.0,10.000000000000007,994.9089999999952,33.852,29.38996218834915,0.0
119,4,10,1.0,10.85,1,1.0,0,0.0,0.1,1.868,1.868,1.0,0.0
119,5,10,1.0,10.006442448120096,7,0.8069891736329998,0,0.0,0.6500000000000001,36.485,29.442999999999998,1.2391739972149578,0.0
119,6,10,0.0,-12.928196041684414,12,0.0,10,1.0,0.2,25.061999999999998,70.434,0.35582247210154183,0.0
119,7,10,1.0,10.116212821655342,7,0.7654168354187539,0,0.0,0.45,46.913,35.908,1.3064776651442573,0.0
119,8,10,0.0,-23.210018719354544,200,0.0,0,0.0,10.050000000000008,1431.8889999999942,41.401,34.58585541412029,0.0
119,9,10,0.0,-25.22765826988905,200,0.0,0,0.0,15.000000000000004,1040.7919999999979,19.570999999999998,53.18031781717838,0.0
120,0,10,0.0,-24.725145637065566,200,0.0,0,0.0,13.300000000000013,729.5709999999975,32.375,22.535011583011507,0.0
120,1,10,1.0,10.197829844206428,6,0.8273084281542644,0,0.0,0.45,39.724,32.864,1.2087390457643623,0.0
120,2,10,0.0,-23.588198928273354,200,0.0,0,0.0,10.10000000000001,877.2819999999994,45.534,19.26652611235559,0.0
120,3,10,1.0,10.252168496253702,6,0.9451581027667983,0,0.0,0.35000000000000003,24.288,22.956,1.0580240460010455,0.0
120,4,10,0.0,-23.368081455247843,200,0.0,0,0.0,10.050000000000008,1108.5379999999986,31.060000000000002,35.690212491951016,0.0
120,5,10,0.0,-23.145962705984374,200,0.0,0,0.0,10.10000000000001,870.5270000000023,69.17999999999999,12.583506793871097,0.0
120,6,10,0.0,-23.22453162913089,200,0.0,0,0.0,10.000000000000007,517.1240000000005,29.261,17.67280680769627,0.0
120,7,10,1.0,10.345472791322889,5,1.0,0,0.0,0.35000000000000003,21.573999999999998,21.573999999999998,1.0,0.0
120,8,10,1.0,10.223066258462763,6,0.8445481490824243,0,0.0,0.4,47.571,40.176,1.1840651135005973,0.0
120,9,10,1.0,9.474931259440881,12,0.6774183980661712,0,0.0,0.7500000000000001,67.43100000000001,45.679,1.4761925611331248,0.0
121,0,10,0.0,-23.14795420542516,200,0.0,0,0.0,10.000000000000007,549.2170000000013,30.746000000000002,17.863039094516402,0.0
121,1,10,0.0,-28.42114370536205,200,0.0,0,0.0,19.900000000000013,1645.6719999999968,82.18900000000001,20.023020112180422,0.0
121,2,10,1.0,10.319860121253587,5,0.9702742075273378,0,0.0,0.39999999999999997,54.229,52.617000000000004,1.0306364863067068,0.0
121,3,10,1.0,10.2650462372449,5,1.0,0,0.0,0.5000000000000001,31.359999999999996,31.359999999999996,1.0,0.0
121,4,10,0.0,-25.33123380684357,200,0.0,0,0.0,15.000000000000002,755.6000000000024,22.386000000000003,33.753238631287516,0.0
121,5,10,0.0,-26.648958184995777,200,0.0,0,0.0,16.600000000000055,942.2079999999984,30.898000000000003,30.494142015664387,0.0
121,6,10,1.0,10.340631564122168,5,0.902884755122802,0,0.0,0.35000000000000003,27.524,24.851000000000003,1.1075610639410889,0.0
121,7,10,1.0,10.369170793766186,5,0.6683165310336451,0,0.0,0.3,32.932,22.009,1.4962969694216004,0.0
121,8,10,0.0,-25.35620945536004,200,0.0,0,0.0,15.000000000000004,1345.1270000000015,21.427000000000003,62.77719699444632,0.0
121,9,10,1.0,10.086664180414182,7,0.9284477666659879,0,0.0,0.5,49.096999999999994,45.584,1.0770665145665144,0.0
122,0,10,1.0,9.756767969697867,10,0.7218258714969241,0,0.0,0.6,46.816,33.793,1.3853756695173558,0.0
122,1,10,0.0,-28.031633873247063,200,0.0,0,0.0,20.00000000000002,691.2999999999992,55.19400000000001,12.524912128129852,0.0
122,2,10,0.0,-30.57985958157193,200,0.0,0,0.0,25.150000000000002,635.846,74.27799999999999,8.560354344489621,0.0
122,3,10,0.0,-25.47834735767342,200,0.0,0,0.0,15.000000000000004,1037.5669999999975,28.403000000000002,36.53019047283728,0.0
122,4,10,0.0,-25.56424651843652,200,0.0,0,0.0,14.950000000000003,1335.9880000000014,50.55200000000001,26.427994935907606,0.0
122,5,10,0.0,-23.302373821175795,200,0.0,0,0.0,10.000000000000007,867.767,47.611000000000004,18.226187225641134,0.0
122,6,10,0.0,-22.81502533053256,200,0.0,0,0.0,10.000000000000007,898.1999999999975,24.279,36.994933893488096,0.0
122,7,10,1.0,10.466048632218845,4,0.6185021641236393,0,0.0,0.3,22.872999999999998,14.147,1.6168092175019437,0.0
122,8,10,1.0,10.627150112396968,3,0.3862927346991284,0,0.0,0.2,31.093,12.011,2.5887103488468903,0.0
122,9,10,0.0,-25.428380467020357,200,0.0,0,0.0,15.000000000000004,1030.6670000000024,47.878,21.52694348134848,0.0
123,0,10,0.0,-13.657214285714282,15,0.0,10,1.0,0.75,25.714,35.7,0.7202801120448178,0.0
123,1,10,0.0,-23.047178236018457,200,0.0,0,0.0,10.050000000000008,1249.4820000000059,54.410999999999994,22.963775707118156,0.0
123,2,10,0.0,-23.149017165005475,200,0.0,0,0.0,10.000000000000007,613.478999999999,14.448,42.461171096345446,0.0
123,3,10,0.0,-27.42232472835493,200,0.0,0,0.0,17.900000000000023,865.8570000000004,57.796,14.981261679008936,0.0
123,4,10,0.0,-23.646401867403103,200,0.0,0,0.0,10.150000000000011,546.8229999999978,53.229,10.273027860752556,0.0
123,5,10,0.0,-13.506408892010155,17,0.0,10,1.0,0.75,46.518,55.532999999999994,0.8376640916211983,0.0
123,6,10,0.0,-13.20419565863812,17,0.0,10,1.0,0.55,40.798,33.63,1.2131430270591734,0.0
123,7,10,0.0,-24.162107326878456,200,0.0,0,0.0,12.450000000000014,1152.5080000000014,70.644,16.31430836305987,0.0
123,8,10,0.0,-13.05863845985648,15,0.0,10,1.0,0.35,27.062999999999995,50.307,0.5379569443616196,0.0
123,9,10,0.0,-28.09013601656241,200,0.0,0,0.0,20.000000000000014,1536.9459999999958,44.921,34.21442087219776,0.0
124,0,10,1.0,10.345407385697538,5,0.9376938479054613,0,0.0,0.35,25.470999999999997,23.884,1.0664461564227097,0.0
124,1,10,0.0,-23.75971931464173,200,0.0,0,0.0,10.150000000000011,641.2819999999967,32.1,19.97763239875379,0.0
124,2,10,0.0,-30.927348914069892,200,0.0,0,0.0,24.8,327.5969999999988,46.596,7.030582024208061,0.0
124,3,10,0.0,-25.428926795493126,200,0.0,0,0.0,14.950000000000003,899.4259999999961,31.774,28.306980550135208,0.0
124,4,10,1.0,10.704992143306097,2,1.0,0,0.0,0.2,6.364,6.364,1.0,0.0
124,5,10,0.0,-12.824663117522466,14,0.0,10,1.0,0.39999999999999997,16.625999999999998,17.469,0.9517430877554524,0.0
124,6,10,1.0,10.503017515108061,4,0.657463214249638,0,0.0,0.25,29.698999999999998,19.526,1.5209976441667519,0.0
124,7,10,0.0,-23.108731332868082,200,0.0,0,0.0,10.000000000000007,518.3749999999981,57.32000000000001,9.04352756454986,0.0
124,8,10,0.0,-22.979266494655405,200,0.0,0,0.0,10.000000000000007,1089.8210000000013,29.843,36.51848004557187,0.0
124,9,10,0.0,-13.270518485735685,14,0.0,10,1.0,0.35,17.453,29.374000000000002,0.5941649077415401,0.0
125,0,10,0.0,-23.345871789701853,200,0.0,0,0.0,10.050000000000008,1247.7209999999977,39.677,31.446959195503634,0.0
125,1,10,0.0,-25.16585198904821,200,0.0,0,0.0,13.350000000000014,519.7129999999999,24.836000000000002,20.92579320341439,0.0
125,2,10,0.0,-33.09651211438077,200,0.0,0,0.0,29.499999999999968,682.3679999999989,49.239,13.858283068299498,0.0
125,3,10,0.0,-13.335271363602102,18,0.0,10,1.0,0.6500000000000001,36.038000000000004,39.79900000000001,0.905500138194427,0.0
125,4,10,1.0,9.155368722730772,14,0.6515534943869078,0,0.0,1.0500000000000003,89.70099999999998,58.445,1.5347933955000423,0.0
125,5,10,0.0,-13.820647623453219,18,0.0,10,1.0,0.39999999999999997,44.56,17.294,2.5766161674569217,0.0
125,6,10,0.0,-33.31058839273762,200,0.0,0,0.0,29.800000000000004,768.5289999999975,22.417,34.28331177231554,0.0
125,7,10,0.0,-23.406738805505437,200,0.0,0,0.0,10.15000000000001,833.9289999999976,48.171,17.311847377052533,0.0
125,8,10,1.0,10.34218306182122,5,1.0,0,0.0,0.35,38.304,38.304,1.0,0.0
125,9,10,0.0,-23.120772035709766,200,0.0,0,0.0,10.000000000000007,1143.93,47.718,23.97271469885578,0.0
126,0,10,0.0,-25.59755508310785,200,0.0,0,0.0,15.000000000000002,607.4160000000021,41.392,14.67471975260925,0.0
126,1,10,0.0,-12.947763863690145,13,0.0,10,1.0,0.25,33.028999999999996,50.708,0.6513567878835687,0.0
126,2,10,1.0,10.413995447834646,4,1.0,0,0.0,0.4,16.256,16.256,1.0,0.0
126,3,10,1.0,9.58342677532014,10,0.8172079837129211,0,0.0,0.9500000000000001,52.557,42.949999999999996,1.2236786961583237,0.0
126,4,10,0.0,-13.08949308224443,13,0.0,10,1.0,0.2,15.231000000000002,52.03999999999999,0.2926787086856265,0.0
126,5,10,0.0,-24.290365270329062,200,0.0,0,0.0,12.000000000000016,1297.383999999999,34.495,37.61078417161905,0.0
126,6,10,1.0,10.228336071286341,6,0.8741514360313315,0,0.0,0.39999999999999997,45.96,40.175999999999995,1.143966547192354,0.0
126,7,10,0.0,-26.153569581350137,200,0.0,0,0.0,15.000000000000004,671.2379999999986,53.362,12.578951313668876,0.0
126,8,10,1.0,10.36824620352592,5,1.0,0,0.0,0.3,22.916,22.916,1.0,0.0
126,9,10,1.0,9.811593241407222,9,0.7330267842007121,0,0.0,0.65,47.192,34.593,1.364206631399416,0.0
127,0,10,0.0,-25.26518466006147,200,0.0,0,0.0,13.400000000000013,655.7789999999989,58.54,11.202237786129123,0.0
127,1,10,0.0,-23.093512621152332,200,0.0,0,0.0,10.000000000000007,739.0940000000023,46.945,15.743827883693733,0.0
127,2,10,1.0,10.231250778890859,6,0.9210834197920575,0,0.0,0.39999999999999997,45.301,41.726,1.085677994535781,0.0
127,3,10,1.0,9.670397432538643,9,1.0,0,0.0,0.9500000000000002,57.254999999999995,57.254999999999995,1.0,0.0
127,4,10,0.0,-24.128239602194434,200,0.0,0,0.0,12.500000000000016,694.2470000000001,37.00300000000001,18.76191119638948,0.0
127,5,10,0.0,-25.59820233314207,200,0.0,0,0.0,15.000000000000002,1290.7999999999945,31.374000000000002,41.14234716644337,0.0
127,6,10,1.0,10.317870694418861,5,0.8230745906610067,0,0.0,0.4,19.787999999999997,16.287,1.214956713943636,0.0
127,7,10,0.0,-25.56908791019416,200,0.0,0,0.0,15.000000000000002,783.3680000000032,40.621,19.284803426799026,0.0
127,8,10,0.0,-28.057131292104028,200,0.0,0,0.0,20.000000000000014,1346.420000000001,34.587,38.928499147078405,0.0
127,9,10,0.0,-25.313261648745502,200,0.0,0,0.0,15.000000000000002,1354.5999999999983,36.27,37.34767025089601,0.0
128,0,10,1.0,9.515225001461049,12,0.6558200145644093,0,0.0,0.7000000000000001,52.181999999999995,34.222,1.5248086026532637,0.0
128,1,10,0.0,-24.973076272030294,200,0.0,0,0.0,13.350000000000012,992.0360000000009,50.215,19.755770188190795,0.0
128,2,10,0.0,-22.940716167430903,200,0.0,0,0.0,10.000000000000007,1089.084,51.245000000000005,21.252492926139134,0.0
128,3,10,0.0,-25.597360488249027,200,0.0,0,0.0,15.000000000000002,1629.7330000000045,59.31399999999999,27.476363084600678,0.0
128,4,10,0.0,-23.2853694818602,200,0.0,0,0.0,10.050000000000008,563.8979999999998,50.855000000000004,11.088349228197812,0.0
128,5,10,1.0,9.717892954345468,10,0.7365699987941637,0,0.0,0.65,66.34400000000001,48.867000000000004,1.3576442179794135,0.0
128,6,10,0.0,-23.147914242822264,200,0.0,0,0.0,10.050000000000008,876.834999999996,58.619,14.958204677664169,0.0
128,7,10,1.0,10.37393951814911,5,0.39985795454545464,0,0.0,0.3,54.91199999999999,21.957,2.50088809946714,0.0
128,8,10,0.0,-25.69124931918978,200,0.0,0,0.0,15.000000000000004,1147.4450000000043,38.556999999999995,29.759706408693738,0.0
128,9,10,1.0,9.981526541475677,7,0.9387058268328566,0,0.0,0.7000000000000001,36.023,33.815,1.0652964660653559,0.0
129,0,10,0.0,-22.93777154324229,200,0.0,0,0.0,10.000000000000007,1663.258999999998,51.327000000000005,32.4051473883141,0.0
129,1,10,0.0,-23.233361327483316,200,0.0,0,0.0,10.150000000000011,1166.8410000000029,51.737,22.55331774165496,0.0
129,2,10,0.0,-22.538747383112394,200,0.0,0,0.0,10.000000000000007,900.9519999999992,17.196,52.393114677832,0.0
129,3,10,1.0,9.989285686465433,7,0.8512931034482759,0,0.0,0.7000000000000001,30.16,25.675,1.1746835443037975,0.0
129,4,10,0.0,-23.581847945358884,200,0.0,0,0.0,10.100000000000009,1246.4349999999977,44.655,27.91255178591418,0.0
129,5,10,1.0,9.744682671655235,10,0.6526929860263194,0,0.0,0.6,44.226,28.866000000000003,1.5321139056329243,0.0
129,6,10,1.0,10.472564282703386,4,0.7095712861415752,0,0.0,0.30000000000000004,20.060000000000002,14.234,1.4093016720528313,0.0
129,7,10,1.0,10.466797701844571,4,0.8416899974548231,0,0.0,0.3,31.432,26.456,1.1880858784396733,0.0
129,8,10,0.0,-26.097469978635008,200,0.0,0,0.0,15.050000000000002,639.5,40.721000000000004,15.70442769087203,0.0
129,9,10,0.0,-26.04614354697103,200,0.0,0,0.0,14.950000000000003,802.5399999999986,45.56,17.61501316944685,0.0
130,0,10,0.0,-28.3789522886699,200,0.0,0,0.0,19.95000000000003,1032.0790000000034,36.637,28.170401506673674,0.0
130,1,10,0.0,-22.938038720158833,200,0.0,0,0.0,10.000000000000007,966.148000000005,44.318000000000005,21.80035200144422,0.0
130,2,10,0.0,-13.784261683751716,16,0.0,10,1.0,0.6,21.166999999999998,61.94499999999999,0.34170635240939545,0.0
130,3,10,0.0,-12.901252510210066,16,0.0,10,1.0,0.4,51.50299999999999,44.319,1.162097520250908,0.0
130,4,10,0.0,-25.8604437443062,200,0.0,0,0.0,14.950000000000003,511.10599999999715,26.343999999999998,19.401229881566852,0.0
130,5,10,0.0,-23.276228010052552,200,0.0,0,0.0,10.000000000000007,801.9150000000012,39.393,20.356789277282797,0.0
130,6,10,0.0,-22.963101374914846,200,0.0,0,0.0,10.000000000000007,876.9640000000019,49.894,17.576542269611615,0.0
130,7,10,1.0,9.959583455676269,8,0.685144205270762,0,0.0,0.5499999999999999,54.678999999999995,37.462999999999994,1.4595467527960921,0.0
130,8,10,0.0,-22.959262219853755,200,0.0,0,0.0,10.000000000000007,461.3859999999986,33.777,13.659768481511046,0.0
130,9,10,1.0,10.108767800578434,7,0.7180009492919864,0,0.0,0.45,50.564,36.305,1.392755818757747,0.0
131,0,10,0.0,-13.449861396136683,20,0.0,10,1.0,0.7000000000000001,79.206,61.398,1.2900420209127332,0.0
131,1,10,0.0,-25.69067029319567,200,0.0,0,0.0,15.050000000000002,809.4970000000011,54.230000000000004,14.927106767471898,0.0
131,2,10,1.0,9.316740795196962,13,0.750678337651189,0,0.0,0.9000000000000001,65.23299999999999,48.969,1.3321284894525105,0.0
131,3,10,1.0,10.155127798304717,6,0.7671657718344616,0,0.0,0.55,29.987000000000002,23.005,1.3034992392958054,0.0
131,4,10,0.0,-22.942039821660998,200,0.0,0,0.0,10.000000000000007,1087.2000000000016,36.111000000000004,30.107169560521765,0.0
131,5,10,0.0,-14.071955209258881,20,0.0,10,1.0,0.8000000000000002,38.274,43.893,0.871984143257467,0.0
131,6,10,0.0,-13.707425633299467,17,0.0,10,1.0,0.35,22.189999999999998,57.082,0.3887390070425002,0.0
131,7,10,0.0,-25.63682108012598,200,0.0,0,0.0,15.000000000000004,1161.542999999996,26.034,44.616386264116,0.0
131,8,10,0.0,-13.337717534160843,17,0.0,10,1.0,0.39999999999999997,41.508,47.934999999999995,0.8659226035256077,0.0
131,9,10,1.0,9.73476827564799,9,0.9891915128811375,0,0.0,0.8,32.56699999999999,32.214999999999996,1.0109265869936364,0.0
132,0,10,0.0,-12.9,10,0.0,10,1.0,0.0,0.0,58.03099999999999,0.0,0.0
132,1,10,0.0,-25.62870993545538,200,0.0,0,0.0,14.950000000000003,948.9249999999986,54.381,17.4495687832147,0.0
132,2,10,0.0,-12.9,10,0.0,10,1.0,0.0,0.0,11.927,0.0,0.0
132,3,10,0.0,-25.440571862828868,200,0.0,0,0.0,15.000000000000002,625.5999999999998,52.635000000000005,11.88562743421677,0.0
132,4,10,0.0,-23.33919091583545,200,0.0,0,0.0,10.050000000000008,584.4300000000012,36.393,16.058857472590915,0.0
132,5,10,0.0,-22.94304322084068,200,0.0,0,0.0,10.000000000000007,673.3999999999993,59.11500000000001,11.391355831853154,0.0
132,6,10,1.0,8.986538712705604,16,0.4809398555276382,0,0.0,1.0000000000000002,101.888,49.002,2.0792620709358802,0.0
132,7,10,0.0,-25.53340485924541,200,0.0,0,0.0,14.950000000000003,799.0459999999982,42.80499999999999,18.667118327298176,0.0
132,8,10,0.0,-33.22537599954638,200,0.0,0,0.0,29.850000000000005,1147.605000000004,35.266,32.541399648386665,0.0
132,9,10,0.0,-23.393951908904295,200,0.0,0,0.0,10.050000000000008,838.8150000000018,69.202,12.12125372099075,0.0
133,0,10,0.0,-13.166454022629242,12,0.0,10,1.0,0.1,10.242,31.994000000000003,0.32012252297305743,0.0
133,1,10,1.0,10.31731228130557,5,0.638992742467561,0,0.0,0.39999999999999997,54.564,34.866,1.564963001204612,0.0
133,2,10,1.0,10.347665775528714,5,0.9424123813380123,0,0.0,0.35000000000000003,22.227,20.947,1.0611066023774287,0.0
133,3,10,0.0,-28.094336451330076,200,0.0,0,0.0,19.95000000000003,814.3620000000033,68.42,11.902396959953277,0.0
133,4,10,0.0,-25.85665232251697,200,0.0,0,0.0,15.000000000000002,750.4510000000013,48.568000000000005,15.451552462526791,0.0
133,5,10,1.0,10.615560648559896,3,0.7247260647528384,0,0.0,0.2,20.169,14.616999999999997,1.3798317028117948,0.0
133,6,10,0.0,-23.11744994142075,200,0.0,0,0.0,10.100000000000009,836.5390000000017,37.556,22.274443497710134,0.0
133,7,10,1.0,9.963786277116638,8,0.8054061112562025,0,0.0,0.55,38.290000000000006,30.839000000000002,1.2416096501183567,0.0
133,8,10,1.0,10.704387128469662,2,1.0,0,0.0,0.2,8.142,8.142,1.0,0.0
133,9,10,0.0,-25.531074835283718,200,0.0,0,0.0,15.000000000000002,459.0000000000008,20.338,22.568590815222773,0.0
134,0,10,0.0,-13.153710814657881,15,0.0,10,1.0,0.3,20.643,30.209,0.6833394021649177,0.0
134,1,10,0.0,-13.145153379403336,12,0.0,10,1.0,0.1,5.494,47.464000000000006,0.11575088488117308,0.0
134,2,10,1.0,9.939673644490364,8,0.7428256807261079,0,0.0,0.6,59.93599999999999,44.522,1.34621086204573,0.0
134,3,10,0.0,-26.17671743991054,200,0.0,0,0.0,14.950000000000003,793.3079999999985,50.092000000000006,15.837019883414486,0.0
134,4,10,0.0,-26.030539332451152,200,0.0,0,0.0,15.000000000000002,510.81099999999714,34.005,15.021643875900518,0.0
134,5,10,1.0,10.280146572668976,6,0.8616878882520507,0,0.0,0.3,29.137,25.107,1.1605130043414187,0.0
134,6,10,0.0,-12.756664417706812,15,0.0,10,1.0,0.39999999999999997,26.636,26.679,0.9983882454364856,0.0
134,7,10,0.0,-12.919571796883758,12,0.0,10,1.0,0.15000000000000002,7.686999999999999,17.842,0.4308373500728618,0.0
134,8,10,0.0,-25.447988174575283,200,0.0,0,0.0,15.000000000000002,1039.5999999999976,39.914,26.045998897629843,0.0
134,9,10,0.0,-23.186702286134135,200,0.0,0,0.0,10.000000000000007,912.5509999999963,50.347,18.125230897570784,0.0
135,0,10,0.0,-22.930879154329354,200,0.0,0,0.0,10.000000000000007,1017.993999999995,36.137,28.170407062013865,0.0
135,1,10,1.0,10.249357533237722,6,1.0,0,0.0,0.35,25.799,25.799,1.0,0.0
135,2,10,0.0,-23.63582748191988,200,0.0,0,0.0,10.10000000000001,676.2880000000013,38.025000000000006,17.785351742274848,0.0
135,3,10,0.0,-23.77401289169923,200,0.0,0,0.0,10.500000000000014,968.3270000000032,57.09100000000001,16.961114711600832,0.0
135,4,10,0.0,-23.176054320421684,200,0.0,0,0.0,10.000000000000007,954.3560000000026,69.80799999999999,13.671155168462105,0.0
135,5,10,1.0,10.440568118267803,4,0.9279557761732853,0,0.0,0.35,44.32,41.127,1.077637561699127,0.0
135,6,10,0.0,-26.101278526971047,200,0.0,0,0.0,14.950000000000003,551.1390000000008,53.984,10.209302756372272,0.0
135,7,10,0.0,-25.953749069163877,200,0.0,0,0.0,15.000000000000002,837.1870000000013,44.315,18.891729662642476,0.0
135,8,10,0.0,-25.967005583528614,200,0.0,0,0.0,14.950000000000003,907.4889999999979,20.059,45.24098908220738,0.0
135,9,10,1.0,9.367289650361846,13,0.5210576529916862,0,0.0,0.8500000000000001,66.03299999999999,34.407000000000004,1.919173424012555,0.0
136,0,10,0.0,-25.654762222637558,200,0.0,0,0.0,15.000000000000002,1166.0000000000014,37.45100000000001,31.134015113081123,0.0
136,1,10,0.0,-25.81814456555749,200,0.0,0,0.0,14.900000000000002,777.6809999999986,41.559,18.712697610625824,0.0
136,2,10,1.0,10.222946935892908,6,1.0,0,0.0,0.39999999999999997,31.151,31.151,1.0,0.0
136,3,10,0.0,-24.848523583192506,200,0.0,0,0.0,13.300000000000013,1390.2120000000011,63.329,21.952217783322034,0.0
136,4,10,0.0,-25.475974553329795,200,0.0,0,0.0,15.000000000000002,1354.5999999999983,44.328,30.55856343620281,0.0
136,5,10,1.0,10.462612127735916,4,1.0,0,0.0,0.3,22.296,22.296,1.0,0.0
136,6,10,1.0,10.75492493872549,2,0.780767850735558,0,0.0,0.1,8.361,6.5280000000000005,1.2807904411764706,0.0
136,7,10,1.0,10.875,1,1.0,0,0.0,0.05,2.543,2.543,1.0,0.0
136,8,10,1.0,9.285217595427639,13,0.7633932745348585,0,0.0,0.9500000000000001,64.17399999999998,48.989999999999995,1.309940804245764,0.0
136,9,10,1.0,10.39930564716627,5,0.7690416731699703,0,0.0,0.25,25.628,19.709,1.3003196509208992,0.0
137,0,10,1.0,10.249717629880836,6,1.0,0,0.0,0.35,21.231,21.231,1.0,0.0
137,1,10,0.0,-13.087230742561133,15,0.0,10,1.0,0.35,26.509999999999998,49.03299999999999,0.5406562927008343,0.0
137,2,10,0.0,-12.899999999999999,10,0.0,10,1.0,0.0,0.0,22.369999999999997,0.0,0.0
137,3,10,0.0,-23.710704685458232,200,0.0,0,0.0,10.000000000000007,654.931999999999,42.855999999999995,15.2821541907784,0.0
137,4,10,0.0,-35.28164262153071,200,0.0,9,0.0,15.900000000000054,902.5249999999986,30.012999999999998,30.071135841135465,0.0
137,5,10,0.0,-24.763637055716742,200,0.0,0,0.0,13.350000000000012,771.8860000000005,42.034000000000006,18.36337250796975,0.0
137,6,10,1.0,9.264506767308694,14,0.43515070859230104,0,0.0,0.9000000000000002,70.633,30.735999999999997,2.2980543987506508,0.0
137,7,10,0.0,-26.120238963142988,200,0.0,0,0.0,15.000000000000002,955.6780000000018,51.849,18.431946614206673,0.0
137,8,10,0.0,-12.899999999999999,10,0.0,10,1.0,0.0,0.0,34.827999999999996,0.0,0.0
137,9,10,0.0,-13.049611443764723,15,0.0,10,1.0,0.35,25.894000000000002,46.261,0.5597371435982793,0.0
138,0,10,0.0,-25.268378273269423,200,0.0,0,0.0,13.350000000000012,845.4919999999983,53.998000000000005,15.657839179228827,0.0
138,1,10,1.0,5.081771708450938,15,0.8949213990668923,4,0.0,0.9500000000000001,67.30200000000002,60.230000000000004,1.1174165698157068,0.0
138,2,10,0.0,-13.532686860162185,16,0.0,10,1.0,0.44999999999999996,54.503,27.253,1.9998899203757385,0.0
138,3,10,0.0,-13.34593741123,11,0.0,10,1.0,0.05,4.95,10.561,0.4687056149985797,0.0
138,4,10,0.0,-12.982046855309886,11,0.0,10,1.0,0.05,2.53,43.645,0.05796769389391682,0.0
138,5,10,0.0,-14.692259805411975,25,0.0,10,1.0,0.7500000000000001,72.98200000000001,52.624,1.3868577075098816,0.0
138,6,10,0.0,-13.170784247527507,16,0.0,10,1.0,0.35,29.224999999999998,25.177,1.1607816658060928,0.0
138,7,10,1.0,9.7447241128536,10,0.6892399043775544,0,0.0,0.6000000000000001,77.806,53.627,1.450873627090831,0.0
138,8,10,0.0,-25.26229521246355,200,0.0,0,0.0,15.000000000000002,526.0870000000008,26.381,19.941889996588483,0.0
138,9,10,0.0,-22.962938750150972,200,0.0,0,0.0,10.000000000000007,1228.370999999998,57.943000000000005,21.199644478194053,0.0
139,0,10,0.0,-13.079566554485318,12,0.0,10,1.0,0.15000000000000002,15.733,34.468,0.45645236161076935,0.0
139,1,10,1.0,10.48954749832584,4,0.9999043428352784,0,0.0,0.25,20.907999999999998,20.906,1.0000956663158902,0.0
139,2,10,1.0,10.584271217712178,3,1.0,0,0.0,0.25,20.596,20.596,1.0,0.0
139,3,10,0.0,-28.383785479226674,200,0.0,0,0.0,19.800000000000026,693.269000000001,68.06800000000001,10.184947405535654,0.0
139,4,10,0.0,-23.59757134295989,200,0.0,0,0.0,10.05000000000001,668.0050000000024,70.084,9.531490782489618,0.0
139,5,10,1.0,10.031248784661456,7,0.7544008919140947,0,0.0,0.6000000000000001,34.083999999999996,25.712999999999997,1.3255551666472212,0.0
139,6,10,0.0,-25.71250178551805,200,0.0,0,0.0,15.000000000000002,866.7169999999956,72.808,11.904145148884675,0.0
139,7,10,1.0,9.222456581163543,14,0.691441226445713,0,0.0,0.9000000000000001,104.75799999999998,72.434,1.4462545213573734,0.0
139,8,10,0.0,-12.742746817114304,12,0.0,10,1.0,0.15000000000000002,26.412,56.631,0.4663876675319171,0.0
139,9,10,0.0,-23.07651294026071,200,0.0,0,0.0,10.000000000000007,625.8000000000019,25.695,24.354932866316478,0.0
140,0,10,0.0,-25.519412273832632,200,0.0,0,0.0,15.000000000000004,912.5999999999981,24.263,37.6128261138358,0.0
140,1,10,0.0,-13.137599050425669,14,0.0,10,1.0,0.3,20.995,36.647999999999996,0.572882558393364,0.0
140,2,10,1.0,10.243676799144088,6,0.8823578409595734,0,0.0,0.35,36.016000000000005,31.779,1.1333270398690962,0.0
140,3,10,0.0,-23.19648482537754,200,0.0,0,0.0,10.050000000000008,892.8769999999976,32.785,27.23431447308213,0.0
140,4,10,1.0,9.884195897787045,8,1.0,0,0.0,0.7000000000000002,32.129,32.129,1.0,0.0
140,5,10,1.0,9.14079871806839,14,0.5281763052802839,0,0.0,1.1000000000000003,60.84900000000001,32.139,1.8933071968636237,0.0
140,6,10,0.0,-25.591001902640482,200,0.0,0,0.0,15.000000000000002,784.4000000000033,43.098000000000006,18.200380528098826,0.0
140,7,10,0.0,-28.14223169614535,200,0.0,0,0.0,19.90000000000003,935.7999999999987,42.57299999999999,21.981067812933052,0.0
140,8,10,0.0,-13.105204714812045,14,0.0,10,1.0,0.4,35.676,72.19800000000001,0.49414111194215904,0.0
140,9,10,0.0,-25.534976774126168,200,0.0,0,0.0,14.900000000000002,1450.8289999999947,57.479,25.241027157744476,0.0
141,0,10,1.0,10.060085764367095,7,0.9781756723656494,0,0.0,0.55,40.826,39.935,1.0223112557906597,0.0
141,1,10,1.0,10.229402785034415,6,0.8672550680667468,0,0.0,0.4,50.759,44.021,1.153063310692624,0.0
141,2,10,0.0,-13.830479458493937,17,0.0,10,1.0,0.7,53.92100000000001,42.548,1.2672981103694652,0.0
141,3,10,1.0,10.606288187372709,3,0.9422129181386016,0,0.0,0.2,22.929000000000002,21.604,1.0613312349564896,0.0
141,4,10,0.0,-28.054521631450868,200,0.0,0,0.0,20.05000000000003,703.3599999999974,44.819,15.693344340569789,0.0
141,5,10,1.0,10.63486323171035,3,1.0,0,0.0,0.15000000000000002,20.107000000000003,20.107000000000003,1.0,0.0
141,6,10,1.0,9.314764419289903,13,0.642035663444969,0,0.0,0.9000000000000004,53.38799999999999,34.277,1.557545876243545,0.0
141,7,10,1.0,10.875,1,1.0,0,0.0,0.05,3.422,3.422,1.0,0.0
141,8,10,0.0,-14.026135389198657,19,0.0,10,1.0,0.7999999999999999,54.675,49.678999999999995,1.100565631353288,0.0
141,9,10,0.0,-13.179439542258377,17,0.0,10,1.0,0.45,50.461,58.023999999999994,0.8696573831517993,0.0
142,0,10,1.0,10.608173838700484,3,0.914373566812591,0,0.0,0.2,19.188000000000002,17.544999999999998,1.09364491308065,0.0
142,1,10,1.0,10.63840075497211,3,0.9193514969439553,0,0.0,0.15000000000000002,19.305999999999997,17.749,1.087723252014198,0.0
142,2,10,1.0,10.223688898000091,6,0.7155407057289545,0,0.0,0.39999999999999997,61.355,43.902,1.3975445310008654,0.0
142,3,10,0.0,-23.60893085404598,200,0.0,0,0.0,10.000000000000007,912.7580000000008,53.510000000000005,17.05770883946927,0.0
142,4,10,0.0,-25.609992670884097,200,0.0,0,0.0,15.000000000000002,613.8699999999975,25.924,23.67960191328489,0.0
142,5,10,0.0,-23.372636325326617,200,0.0,0,0.0,10.000000000000007,341.72199999999975,35.595,9.600280938334029,0.0
142,6,10,0.0,-13.21455618685681,13,0.0,10,1.0,0.25,10.885,53.153,0.204786183282223,0.0
142,7,10,0.0,-24.985279452965457,200,0.0,0,0.0,14.000000000000009,914.5600000000007,42.118,21.714231444987906,0.0
142,8,10,0.0,-12.931771356423427,13,0.0,10,1.0,0.30000000000000004,16.357,34.849,0.46936784412752164,0.0
142,9,10,0.0,-28.09293099067757,200,0.0,0,0.0,20.00000000000003,715.5830000000004,51.167,13.98524439580199,0.0
143,0,10,1.0,9.784857196636969,10,0.7931720911714941,0,0.0,0.5499999999999999,50.23499999999999,39.845,1.260760446731083,0.0
143,1,10,0.0,-23.185156386928163,200,0.0,0,0.0,10.000000000000007,944.913,62.761,15.05573524959768,0.0
143,2,10,0.0,-13.342599163220946,14,0.0,10,1.0,0.35,18.224,61.187000000000005,0.2978410446663507,0.0
143,3,10,0.0,-26.336072396564667,200,0.0,0,0.0,16.700000000000053,911.4890000000009,61.246,14.88242497469224,0.0
143,4,10,0.0,-25.539667143148836,200,0.0,0,0.0,15.000000000000004,656.7999999999988,19.588,33.53073310189906,0.0
143,5,10,1.0,9.879209112400602,8,0.8402519130493667,0,0.0,0.7000000000000001,44.301,37.224,1.1901192778852354,0.0
143,6,10,1.0,10.460950670033016,4,0.8881031434608254,0,0.0,0.30000000000000004,23.191,20.596,1.1259953389007573,0.0
143,7,10,1.0,10.611041572729732,3,0.9967640449438203,0,0.0,0.2,11.125,11.089,1.003246460456308,0.0
143,8,10,1.0,10.435499349632929,4,0.8369436858808769,0,0.0,0.35,54.196,45.359,1.1948235190370158,0.0
143,9,10,0.0,-13.147284359144056,14,0.0,10,1.0,0.35000000000000003,21.499000000000002,36.263999999999996,0.5928469005073904,0.0
144,0,10,1.0,10.343732887434182,5,0.8855925795231135,0,0.0,0.35,39.674,35.135000000000005,1.129187419951615,0.0
144,1,10,0.0,-25.02801308346647,200,0.0,0,0.0,13.500000000000014,796.1450000000004,46.318,17.18867394965241,0.0
144,2,10,1.0,9.817025980140388,9,0.9634241886932499,0,0.0,0.6500000000000001,48.501999999999995,46.728,1.0379643896593047,0.0
144,3,10,1.0,10.875,1,1.0,0,0.0,0.05,4.95,4.95,1.0,0.0
144,4,10,0.0,-23.526855044124844,200,0.0,0,0.0,10.050000000000008,1042.8629999999966,38.867000000000004,26.83157948902659,0.0
144,5,10,0.0,-26.12428937553978,200,0.0,0,0.0,15.050000000000002,642.9349999999988,54.431000000000004,11.811927026878044,0.0
144,6,10,1.0,10.330448279644594,5,0.5825257193976443,0,0.0,0.39999999999999997,46.949,27.349,1.7166624008190428,0.0
144,7,10,1.0,10.318823575793415,5,1.0,0,0.0,0.4,25.365000000000002,25.365000000000002,1.0,0.0
144,8,10,0.0,-22.939652779919225,200,0.0,0,0.0,10.000000000000007,482.2000000000002,32.429,14.869407012242135,0.0
144,9,10,0.0,-22.916933875325114,200,0.0,0,0.0,10.000000000000007,918.690000000003,39.607000000000006,23.195142272830633,0.0
145,0,10,0.0,-23.34652228960533,200,0.0,0,0.0,10.15000000000001,830.7089999999976,46.99499999999999,17.676540057452872,0.0
145,1,10,0.0,-22.98442468089028,200,0.0,0,0.0,10.000000000000007,1659.674999999998,65.10300000000001,25.49306483572182,0.0
145,2,10,0.0,-30.52453534345786,200,0.0,0,0.0,25.0,436.8000000000019,54.126,8.070058751801387,0.0
145,3,10,0.0,-25.56941346883406,200,0.0,0,0.0,15.000000000000002,524.4860000000007,43.493,12.059089968500693,0.0
145,4,10,0.0,-25.93415335833876,200,0.0,0,0.0,14.950000000000003,1713.0120000000013,51.722,33.11960094350569,0.0
145,5,10,0.0,-25.898361394236716,200,0.0,0,0.0,15.000000000000004,826.8810000000012,39.735,20.80989052472634,0.0
145,6,10,1.0,10.354221560525035,5,0.6300153139356814,0,0.0,0.35000000000000003,26.12,16.456,1.587263004375304,0.0
145,7,10,1.0,10.389699453551913,4,0.9366428145497911,0,0.0,0.44999999999999996,20.124000000000002,18.849,1.0676428457743117,0.0
145,8,10,0.0,-23.103693194973637,200,0.0,0,0.0,10.000000000000007,898.6379999999975,47.509,18.91511082110753,0.0
145,9,10,0.0,-25.91539673809975,200,0.0,0,0.0,14.900000000000002,795.3250000000018,52.730000000000004,15.082969846387288,0.0
146,0,10,0.0,-25.448621871149594,200,0.0,0,0.0,15.000000000000002,1022.8000000000022,59.24700000000001,17.263321349604237,0.0
146,1,10,1.0,9.941835013814632,8,0.5982526189249527,0,0.0,0.6,46.584,27.869,1.671534680110517,0.0
146,2,10,1.0,10.200767388328979,6,1.0,0,0.0,0.44999999999999996,32.147999999999996,32.147999999999996,1.0,0.0
146,3,10,0.0,-23.220014635011733,200,0.0,0,0.0,10.050000000000008,415.22400000000016,33.823,12.276379978121401,0.0
146,4,10,0.0,-13.273625254974405,16,0.0,10,1.0,0.4,40.197,51.96600000000001,0.7735249971134972,0.0
146,5,10,1.0,10.175954125023278,6,0.9184935997947374,0,0.0,0.49999999999999994,35.077,32.218,1.088739214103917,0.0
146,6,10,0.0,-23.140254054387356,200,0.0,0,0.0,10.000000000000007,413.6979999999993,32.434000000000005,12.755071838194464,0.0
146,7,10,1.0,10.637690282431786,3,0.9846548654027444,0,0.0,0.15000000000000002,19.094,18.801000000000002,1.0155842774320514,0.0
146,8,10,1.0,10.586792466765141,3,0.9679033526342125,0,0.0,0.25,13.989,13.54,1.0331610044313146,0.0
146,9,10,1.0,9.764674646756234,9,0.9661948201740589,0,0.0,0.7500000000000001,47.685,46.073,1.0349879538992468,0.0
147,0,10,0.0,-12.95722845381071,11,0.0,10,1.0,0.1,5.873,52.955999999999996,0.1109033914948259,0.0
147,1,10,0.0,-13.051627906976748,11,0.0,10,1.0,0.1,1.767,45.92400000000001,0.038476613535406316,0.0
147,2,10,0.0,-28.101256775269555,200,0.0,0,0.0,20.00000000000003,808.7530000000033,33.577999999999996,24.085800226338776,0.0
147,3,10,0.0,-13.281746485400895,17,0.0,10,1.0,0.49999999999999994,36.361,38.83800000000001,0.9362222565528603,0.0
147,4,10,0.0,-25.43964505096217,200,0.0,0,0.0,15.000000000000002,857.1999999999956,58.769000000000005,14.585921148904958,0.0
147,5,10,0.0,-23.04025417637081,200,0.0,0,0.0,10.000000000000007,946.8000000000026,34.778999999999996,27.223324419908643,0.0
147,6,10,0.0,-25.914700192968404,200,0.0,0,0.0,14.950000000000003,938.4679999999969,21.247,44.16943568503774,0.0
147,7,10,0.0,-13.847728017948054,17,0.0,10,1.0,0.35,38.587,46.355999999999995,0.8324057295711452,0.0
147,8,10,1.0,10.534233806667173,3,1.0,0,0.0,0.35,13.169,13.169,1.0,0.0
147,9,10,0.0,-17.63572690699693,22,0.0,14,1.0,0.75,52.405000000000015,50.70800000000001,1.033466119744419,0.0
148,0,10,1.0,9.236604153694003,13,0.8388821459847287,0,0.0,1.05,65.089,54.602000000000004,1.1920625618109226,0.0
148,1,10,1.0,9.852076867556839,8,0.9619486605851382,0,0.0,0.7500000000000001,51.851000000000006,49.87800000000001,1.039556517903685,0.0
148,2,10,0.0,-25.51076594828431,200,0.0,0,0.0,15.000000000000004,524.0000000000007,51.087,10.257012547223377,0.0
148,3,10,0.0,-23.478751658348543,200,0.0,0,0.0,10.050000000000008,1238.0759999999939,63.316,19.553920020215962,0.0
148,4,10,0.0,-25.905786015595027,200,0.0,0,0.0,14.900000000000002,711.4540000000019,39.115,18.188776684136567,0.0
148,5,10,1.0,9.838012672381662,8,0.8360165354494277,0,0.0,0.8,48.138999999999996,40.245,1.1961485898869424,0.0
148,6,10,0.0,-25.839821895982688,200,0.0,0,0.0,15.150000000000002,904.0929999999979,52.721999999999994,17.1483062099313,0.0
148,7,10,1.0,9.40982209043736,12,0.7656186991262789,0,0.0,0.9,66.955,51.262,1.3061331980804494,0.0
148,8,10,1.0,10.731423493382916,2,1.0,0,0.0,0.15000000000000002,9.143,9.143,1.0,0.0
148,9,10,1.0,9.66590220093373,11,0.7025323195535962,0,0.0,0.6000000000000001,46.952999999999996,32.986,1.4234220578427212,0.0
149,0,10,1.0,10.85,1,1.0,0,0.0,0.1,13.531,13.531,1.0,0.0
149,1,10,1.0,10.610063816647225,3,1.0,0,0.0,0.2,14.573,14.573,1.0,0.0
149,2,10,0.0,-23.260454259718763,200,0.0,0,0.0,10.000000000000007,900.7189999999975,60.45,14.900231596360587,0.0
149,3,10,0.0,-23.2950254217363,200,0.0,0,0.0,10.15000000000001,882.6210000000019,68.052,12.969802503967582,0.0
149,4,10,0.0,-12.818446965052116,11,0.0,10,1.0,0.05,7.204,32.620000000000005,0.22084610668301652,0.0
149,5,10,1.0,10.292331612718213,5,1.0,0,0.0,0.45,27.897000000000002,27.897000000000002,1.0,0.0
149,6,10,0.0,-25.728129904902655,200,0.0,0,0.0,15.000000000000002,734.723999999998,64.986,11.305881266734342,0.0
149,7,10,1.0,10.125462721206846,6,0.8868021610496526,0,0.0,0.6000000000000001,34.983000000000004,31.023,1.1276472294749058,0.0
149,8,10,0.0,-23.08279005061842,200,0.0,0,0.0,10.000000000000007,332.6399999999999,29.831000000000003,11.150816264959266,0.0
149,9,10,1.0,9.740240577157952,9,0.8140535041272632,0,0.0,0.8,43.248999999999995,35.207,1.228420484562729,0.0
150,0,10,0.0,-25.594537471364703,200,0.0,0,0.0,15.000000000000004,1120.5370000000005,73.336,15.27949438202248,0.0
150,1,10,0.0,-12.625879663056558,13,0.0,10,1.0,0.4,17.547,20.775000000000002,0.8446209386281588,0.0
150,2,10,0.0,-13.415197514047335,14,0.0,10,1.0,0.30000000000000004,24.42,23.492,1.0395028094670526,0.0
150,3,10,1.0,10.369049001356766,5,0.8888546107247027,0,0.0,0.3,35.656,31.692999999999998,1.1250433849746002,0.0
150,4,10,1.0,0.21043571281022366,15,0.9696406089046583,9,0.0,0.6500000000000001,34.948,33.887,1.0313099418656122,0.0
150,5,10,0.0,-13.033090307849772,13,0.0,10,1.0,0.15000000000000002,12.509,50.804,0.2462207700181088,0.0
150,6,10,1.0,9.999283895993697,7,0.8836698623533822,0,0.0,0.6500000000000001,37.342,32.998,1.1316443420813382,0.0
150,7,10,0.0,-23.008954061770094,200,0.0,0,0.0,10.000000000000007,363.19999999999874,53.942,6.733157836194407,0.0
150,8,10,0.0,-25.851202072538776,200,0.0,0,0.0,14.950000000000003,1723.0020000000015,44.39,38.8150934895247,0.0
150,9,10,0.0,-13.533921084360781,14,0.0,10,1.0,0.35000000000000003,19.175,51.422,0.37289486990004284,0.0
151,0,10,0.0,-23.536576327019482,200,0.0,0,0.0,10.050000000000008,1083.2520000000043,26.714,40.54997379651135,0.0
151,1,10,0.0,-23.737116081709278,200,0.0,0,0.0,10.000000000000007,896.129999999999,46.897999999999996,19.108064309778648,0.0
151,2,10,1.0,10.248467227901383,5,0.8612118073537027,0,0.0,0.55,19.31,16.63,1.1611545399879735,0.0
151,3,10,1.0,9.71381131672815,10,0.711317849630256,0,0.0,0.65,46.11300000000001,32.801,1.405841285326667,0.0
151,4,10,0.0,-23.181842928804834,200,0.0,0,0.0,10.050000000000008,669.6040000000012,65.18700000000001,10.272048107751562,0.0
151,5,10,0.0,-22.94179567977352,200,0.0,0,0.0,10.000000000000007,897.2219999999991,43.794000000000004,20.48732703110013,0.0
151,6,10,1.0,9.845441627125346,9,0.8464563634842271,0,0.0,0.6,47.804,40.464,1.181395808620008,0.0
151,7,10,0.0,-23.132355801964724,200,0.0,0,0.0,10.000000000000007,584.1870000000011,41.123999999999995,14.205500437700643,0.0
151,8,10,1.0,10.584085993820803,3,1.0,0,0.0,0.25,19.42,19.42,1.0,0.0
151,9,10,0.0,-25.623894706471443,200,0.0,0,0.0,15.000000000000002,1355.1269999999984,58.921,22.99904957485444,0.0
152,0,10,0.0,-22.958788255122823,200,0.0,0,0.0,10.000000000000007,802.3149999999978,45.092,17.792845737603074,0.0
152,1,10,1.0,10.875,1,1.0,0,0.0,0.05,7.935,7.935,1.0,0.0
152,2,10,1.0,10.61371007691305,3,0.9221799238629534,0,0.0,0.2,24.955,23.013,1.0843870855603353,0.0
152,3,10,1.0,10.081918433366068,7,1.0,0,0.0,0.5,34.622,34.622,1.0,0.0
152,4,10,0.0,-24.56213060491542,200,0.0,0,0.0,12.600000000000016,1060.9420000000016,74.62200000000001,14.217549784245952,0.0
152,5,10,0.0,-30.468202948334998,200,0.0,0,0.0,24.95,635.4270000000022,57.931,10.968686886123185,0.0
152,6,10,0.0,-25.90202915451903,200,0.0,0,0.0,14.950000000000003,1136.9640000000043,30.869999999999997,36.830709426627934,0.0
152,7,10,0.0,-25.719554971689245,200,0.0,0,0.0,14.950000000000003,640.5909999999969,49.098,13.047191331622408,0.0
152,8,10,1.0,9.94421461220344,8,0.8034626482847067,0,0.0,0.6,34.309,27.566,1.2446129289704708,0.0
152,9,10,1.0,9.737529780065264,9,1.0,0,0.0,0.8000000000000002,37.693,37.693,1.0,0.0
153,0,10,1.0,10.102794233289647,7,0.7798446443172528,0,0.0,0.44999999999999996,39.135999999999996,30.52,1.2823066841415465,0.0
153,1,10,1.0,10.610650182335675,3,1.0,0,0.0,0.2,11.243,11.243,1.0,0.0
153,2,10,0.0,-25.197045988158486,200,0.0,0,0.0,13.350000000000012,719.4599999999988,39.184000000000005,18.36106574111879,0.0
153,3,10,0.0,-12.869191443654728,13,0.0,10,1.0,0.2,32.801,43.757,0.7496172041044862,0.0
153,4,10,1.0,9.13064264634118,15,0.46017708578394684,0,0.0,0.9500000000000001,93.514,43.033,2.1730764761926893,0.0
153,5,10,0.0,-26.00652914398817,200,0.0,0,0.0,15.050000000000002,839.4830000000013,50.525000000000006,16.615200395843665,0.0
153,6,10,0.0,-22.999078745338885,200,0.0,0,0.0,10.000000000000007,1663.999999999998,45.589999999999996,36.49923228778237,0.0
153,7,10,1.0,10.490117825099988,4,0.996875,0,0.0,0.25,18.560000000000002,18.502000000000002,1.0031347962382444,0.0
153,8,10,0.0,-25.832742082652164,200,0.0,0,0.0,15.000000000000002,1354.8730000000019,52.606,25.755103980534575,0.0
153,9,10,0.0,-12.866938206851337,13,0.0,10,1.0,0.2,22.264,48.808,0.45615472873299456,0.0
154,0,10,1.0,10.61047368821872,3,1.0,0,0.0,0.2,13.131,13.131,1.0,0.0
154,1,10,0.0,-30.531008697774148,200,0.0,0,0.0,25.0,442.3999999999986,57.37100000000001,7.711212982168666,0.0
154,2,10,0.0,-26.152042305789273,200,0.0,0,0.0,15.000000000000002,962.6420000000019,56.588,17.011415847882976,0.0
154,3,10,1.0,10.49055411535969,4,1.0,0,0.0,0.25,20.058999999999997,20.058999999999997,1.0,0.0
154,4,10,1.0,10.225794732490847,6,1.0,0,0.0,0.4,42.335,42.335,1.0,0.0
154,5,10,1.0,10.122615991197506,7,0.5008112658809124,0,0.0,0.44999999999999996,32.665,16.359,1.9967601931658412,0.0
154,6,10,0.0,-25.841453256653732,200,0.0,0,0.0,15.000000000000002,729.1370000000011,37.385,19.50346395613217,0.0
154,7,10,0.0,-13.023016920770292,11,0.0,10,1.0,0.1,4.434,51.35699999999999,0.08633681873941236,0.0
154,8,10,0.0,-25.736383816495266,200,0.0,0,0.0,15.000000000000004,945.8369999999986,37.840999999999994,24.99503184376731,0.0
154,9,10,0.0,-12.983302988020693,11,0.0,10,1.0,0.05,5.436,58.76800000000001,0.09249931935747344,0.0
155,0,10,1.0,10.08867866676286,7,0.7598607570649343,0,0.0,0.49999999999999994,36.483000000000004,27.722,1.3160305894235627,0.0
155,1,10,0.0,-29.71588090449431,200,0.0,0,0.0,23.40000000000002,864.0970000000004,53.201,16.24211950903179,0.0
155,2,10,1.0,9.772035696407254,10,0.6309434145630359,0,0.0,0.5499999999999999,41.159000000000006,25.968999999999998,1.5849281836035276,0.0
155,3,10,1.0,10.248003397601213,5,1.0,0,0.0,0.55,24.429000000000002,24.429000000000002,1.0,0.0
155,4,10,0.0,-28.280839532537023,200,0.0,0,0.0,19.95000000000003,772.6130000000002,42.613,18.130922488442497,0.0
155,5,10,0.0,-23.683569721424682,200,0.0,0,0.0,10.15000000000001,627.9610000000029,64.43499999999999,9.745650655699588,0.0
155,6,10,0.0,-28.085227060965313,200,0.0,0,0.0,19.950000000000024,797.1289999999991,69.76100000000001,11.426570720029801,0.0
155,7,10,0.0,-30.358551853092255,200,0.0,0,0.0,24.8,738.3569999999969,35.832,20.606078365706544,0.0
155,8,10,0.0,-23.103422006259315,200,0.0,0,0.0,10.000000000000007,358.24799999999925,48.568000000000005,7.376214791632334,0.0
155,9,10,0.0,-26.038597778243638,200,0.0,0,0.0,15.050000000000002,619.2489999999974,47.71,12.979438272898708,0.0
156,0,10,0.0,-25.17309004875252,200,0.0,0,0.0,13.400000000000013,510.6089999999999,27.896,18.304022082018925,0.0
156,1,10,0.0,-25.590992387933447,200,0.0,0,0.0,15.000000000000002,622.1900000000018,42.564,14.617752090968935,0.0
156,2,10,1.0,10.302996665277199,5,0.8982327392541561,0,0.0,0.45,26.708,23.990000000000002,1.1132972071696539,0.0
156,3,10,1.0,10.136917852823519,6,0.5572317262830482,0,0.0,0.6,38.58,21.497999999999998,1.7945855428411948,0.0
156,4,10,1.0,10.250108380727546,6,0.9028070430380973,0,0.0,0.35,41.289,37.276,1.1076564009013843,0.0
156,5,10,0.0,-23.30202498584494,200,0.0,0,0.0,10.000000000000007,901.3889999999975,54.751000000000005,16.46342532556478,0.0
156,6,10,0.0,-25.780079795816672,200,0.0,0,0.0,14.900000000000002,811.9849999999989,34.086999999999996,23.82095813653296,0.0
156,7,10,0.0,-23.217468895155953,200,0.0,0,0.0,10.050000000000008,932.6099999999949,48.224000000000004,19.33912574651615,0.0
156,8,10,1.0,10.875,1,1.0,0,0.0,0.05,7.812,7.812,1.0,0.0
156,9,10,0.0,-23.141096939625047,200,0.0,0,0.0,10.000000000000007,1114.000000000003,30.029000000000003,37.0974724433049,0.0
157,0,10,0.0,-12.957076759294646,12,0.0,10,1.0,0.15000000000000002,10.097000000000001,18.317,0.5512365562046188,0.0
157,1,10,0.0,-27.067865903515887,200,0.0,0,0.0,18.000000000000025,783.7999999999982,19.567999999999998,40.05519215044963,0.0
157,2,10,0.0,-13.93298841872073,22,0.0,10,1.0,0.9,72.89399999999999,71.322,1.0220408850004206,0.0
157,3,10,0.0,-22.995055929794255,200,0.0,0,0.0,10.000000000000007,405.79999999999933,32.362,12.539398059452422,0.0
157,4,10,0.0,-25.60188226153907,200,0.0,0,0.0,15.000000000000002,1117.5680000000007,28.317,39.46632764770282,0.0
157,5,10,0.0,-23.438684828063412,200,0.0,0,0.0,10.050000000000008,941.4839999999948,66.478,14.162339420560109,0.0
157,6,10,1.0,10.19960625,6,0.9552523955938984,0,0.0,0.45,33.498999999999995,32.0,1.0468437499999999,0.0
157,7,10,0.0,-23.13214708637819,200,0.0,0,0.0,10.050000000000008,1030.0160000000017,53.37,19.299531572044252,0.0
157,8,10,0.0,-13.13080139270876,12,0.0,10,1.0,0.1,10.274,34.178,0.30060272690034523,0.0
157,9,10,0.0,-14.533627219153534,22,0.0,10,1.0,1.45,41.326,54.13100000000001,0.7634442371284476,0.0
158,0,10,1.0,10.632839629282028,3,0.9998826979472142,0,0.0,0.15000000000000002,17.05,17.048000000000002,1.0001173158141716,0.0
158,1,10,0.0,-23.182733907989036,200,0.0,0,0.0,10.000000000000007,857.0539999999994,30.278999999999996,28.305228045840334,0.0
158,2,10,0.0,-14.438150665152182,15,0.0,11,1.0,0.2,13.934000000000001,51.943,0.268255587855919,0.0
158,3,10,0.0,-23.328770368165134,200,0.0,0,0.0,10.050000000000008,941.1279999999974,50.385000000000005,18.678733750123993,0.0
158,4,10,0.0,-23.27004654016211,200,0.0,0,0.0,10.000000000000007,899.1479999999975,47.271,19.021133464491918,0.0
158,5,10,0.0,-14.462369737943993,15,0.0,11,1.0,0.3,15.072,48.958999999999996,0.307849425029106,0.0
158,6,10,0.0,-25.592165419783907,200,0.0,0,0.0,15.000000000000002,1603.9799999999993,67.368,23.80922693266832,0.0
158,7,10,0.0,-23.080448516213213,200,0.0,0,0.0,10.000000000000007,920.0000000000031,42.897000000000006,21.446721215935916,0.0
158,8,10,1.0,9.265708327482095,13,0.5931892774436467,0,0.0,1.0500000000000003,60.023,35.605000000000004,1.6858025558208116,0.0
158,9,10,1.0,9.233059837398374,13,0.5815382869678689,0,0.0,1.1,52.877,30.750000000000004,1.7195772357723575,0.0
159,0,10,0.0,-25.5360860719643,200,0.0,0,0.0,15.000000000000002,774.3510000000023,67.339,11.499294613819663,0.0
159,1,10,0.0,-13.099202201783722,15,0.0,10,1.0,0.25,24.926000000000002,28.704,0.8683807134894092,0.0
159,2,10,1.0,10.21871639251276,6,0.9457647121935518,0,0.0,0.4,37.282000000000004,35.260000000000005,1.0573454339194555,0.0
159,3,10,1.0,10.111160184810307,7,0.7533010405453894,0,0.0,0.44999999999999996,55.739999999999995,41.989,1.3274905332348947,0.0
159,4,10,0.0,-13.014537122860116,12,0.0,10,1.0,0.15000000000000002,10.2,52.864999999999995,0.1929442920646931,0.0
159,5,10,0.0,-13.327781278525368,14,0.0,10,1.0,0.5,23.660999999999998,67.92200000000001,0.3483554665645887,0.0
159,6,10,0.0,-23.38925683270976,200,0.0,0,0.0,10.050000000000008,653.6570000000008,59.602999999999994,10.966847306343656,0.0
159,7,10,0.0,-13.031072896946053,12,0.0,10,1.0,0.15000000000000002,20.794,52.293,0.3976440441359264,0.0
159,8,10,0.0,-12.803237066515067,14,0.0,10,1.0,0.3,25.436999999999998,26.384999999999998,0.9640704945992041,0.0
159,9,10,0.0,-13.602549306479197,15,0.0,10,1.0,0.35,34.153,26.315,1.2978529355880675,0.0
160,0,10,1.0,9.86204762995566,9,0.8394731058733037,0,0.0,0.5499999999999999,72.80399999999999,61.11699999999999,1.1912233912004844,0.0
160,1,10,0.0,-26.631267210109648,200,0.0,0,0.0,16.549999999999994,1056.0559999999969,51.278,20.59471898279958,0.0
160,2,10,0.0,-24.777906372662173,200,0.0,0,0.0,13.350000000000012,602.9459999999988,34.648,17.40204340798888,0.0
160,3,10,0.0,-25.94274222786191,200,0.0,0,0.0,15.050000000000002,1127.5650000000019,11.033000000000001,102.19931115743694,0.0
160,4,10,1.0,10.754231482626437,2,1.0,0,0.0,0.1,8.087,8.087,1.0,0.0
160,5,10,0.0,-22.858890959597744,200,0.0,0,0.0,10.000000000000007,802.6000000000012,28.439,28.22180808045294,0.0
160,6,10,0.0,-26.21911280156488,200,0.0,0,0.0,16.600000000000055,662.9209999999997,23.005,28.81638774179525,0.0
160,7,10,1.0,10.223688898000091,6,0.7155407057289545,0,0.0,0.39999999999999997,61.355,43.902,1.3975445310008654,0.0
160,8,10,1.0,10.636678086980842,3,1.0,0,0.0,0.15000000000000002,14.302,14.302,1.0,0.0
160,9,10,0.0,-23.20991543123228,200,0.0,0,0.0,10.000000000000007,731.8840000000021,29.207,25.058513370082583,0.0
161,0,10,1.0,10.13514265673674,7,0.8994804230840601,0,0.0,0.4,53.89,48.473,1.1117529346233985,0.0
161,1,10,0.0,-22.998709138539777,200,0.0,0,0.0,10.000000000000007,563.4000000000012,52.678000000000004,10.695166862827008,0.0
161,2,10,0.0,-26.23631146856069,200,0.0,0,0.0,15.050000000000002,796.4090000000024,47.870000000000005,16.63691247127642,0.0
161,3,10,1.0,10.444527136406236,4,0.5676080858883837,0,0.0,0.35000000000000003,20.678,11.737,1.7617789895203204,0.0
161,4,10,1.0,10.234329555175364,6,0.5936270153611781,0,0.0,0.4,31.508,18.704,1.6845594525235243,0.0
161,5,10,0.0,-30.708223362744725,200,0.0,0,0.0,25.0,308.02699999999913,28.447,10.828101381516474,0.0
161,6,10,1.0,10.340480414400131,5,0.9982536087537859,0,0.0,0.35,36.647000000000006,36.583,1.001749446464205,0.0
161,7,10,0.0,-23.096137430644564,200,0.0,0,0.0,10.000000000000007,900.9999999999992,46.86000000000001,19.22748612889456,0.0
161,8,10,0.0,-22.9591723298509,200,0.0,0,0.0,10.050000000000008,681.6499999999994,59.154,11.523312032998604,0.0
161,9,10,1.0,10.609232116650096,3,1.0,0,0.0,0.2,21.122999999999998,21.122999999999998,1.0,0.0
162,0,10,0.0,-22.999509184931256,200,0.0,0,0.0,10.000000000000007,1725.3939999999973,66.52199999999999,25.937193710351426,0.0
162,1,10,0.0,-12.835224125768415,11,0.0,10,1.0,0.05,10.022,49.615,0.20199536430514964,0.0
162,2,10,0.0,-23.02105354962496,200,0.0,0,0.0,10.000000000000007,1367.256000000002,57.33000000000001,23.848874934589247,0.0
162,3,10,1.0,10.592311941879824,3,0.7194424783579246,0,0.0,0.25,18.366999999999997,13.214,1.3899651884365065,0.0
162,4,10,0.0,-23.051003802084654,200,0.0,0,0.0,10.000000000000007,1148.0409999999965,38.663000000000004,29.693531283138825,0.0
162,5,10,0.0,-12.641669245957626,11,0.0,10,1.0,0.05,15.721,37.478,0.4194727573509792,0.0
162,6,10,1.0,10.583928509001924,3,1.0,0,0.0,0.25,11.442,11.442,1.0,0.0
162,7,10,0.0,-23.407647359020153,200,0.0,0,0.0,10.100000000000009,681.1439999999973,31.352,21.72569533044135,0.0
162,8,10,1.0,10.317691318564238,5,0.838229859571323,0,0.0,0.4,32.472,27.219,1.192990190675631,0.0
162,9,10,0.0,-25.62080257058064,200,0.0,0,0.0,15.000000000000004,1172.0129999999995,40.769000000000005,28.747651401800372,0.0
163,0,10,1.0,10.150100349194032,6,1.0,0,0.0,0.55,28.351,28.351,1.0,0.0
163,1,10,0.0,-23.125645982344242,200,0.0,0,0.0,10.000000000000007,1203.6529999999977,46.557,25.853319586743083,0.0
163,2,10,0.0,-22.54876818902174,200,0.0,0,0.0,10.000000000000007,1252.7999999999977,13.882,90.24636219564887,0.0
163,3,10,0.0,-23.322769110864137,200,0.0,0,0.0,10.100000000000009,894.277000000002,78.267,11.425977742854613,0.0
163,4,10,1.0,10.107272014340131,7,0.5958929715872676,0,0.0,0.44999999999999996,37.448,22.314999999999998,1.6781537082679814,0.0
163,5,10,1.0,10.489434523809525,4,0.9244353445517949,0,0.0,0.25,15.628999999999998,14.448,1.0817414174972313,0.0
163,6,10,0.0,-12.67632660623682,13,0.0,10,1.0,0.25,38.916,52.623,0.7395245425004275,0.0
163,7,10,1.0,10.531678062678063,3,0.8918815906492187,0,0.0,0.35000000000000003,15.742,14.040000000000001,1.1212250712250713,0.0
163,8,10,1.0,10.754611481129084,2,0.95821303753229,0,0.0,0.1,6.5809999999999995,6.306,1.0436092610212495,0.0
163,9,10,1.0,10.729916179928695,2,1.0,0,0.0,0.15000000000000002,13.183,13.183,1.0,0.0
164,0,10,1.0,10.703831384747398,2,1.0,0,0.0,0.2,9.323,9.323,1.0,0.0
164,1,10,0.0,-13.398477817059202,17,0.0,10,1.0,0.5000000000000001,47.025999999999996,60.248999999999995,0.7805274776344836,0.0
164,2,10,0.0,-13.790523439696372,17,0.0,10,1.0,0.55,22.463,56.912,0.39469707618779876,0.0
164,3,10,0.0,-25.345846137543695,200,0.0,0,0.0,15.000000000000002,1163.799999999996,37.748,30.830772491257715,0.0
164,4,10,0.0,-23.390225437738476,200,0.0,0,0.0,10.050000000000008,884.0889999999958,52.143,16.955085054561415,0.0
164,5,10,0.0,-12.995318630880746,17,0.0,10,1.0,0.5,36.849000000000004,35.731,1.03128935658112,0.0
164,6,10,0.0,-23.048143141718796,200,0.0,0,0.0,10.000000000000007,975.0149999999946,42.168,23.122154240182002,0.0
164,7,10,0.0,-23.04769406682755,200,0.0,0,0.0,10.000000000000007,505.2000000000014,39.355000000000004,12.836996569686224,0.0
164,8,10,1.0,10.035255451256479,7,0.6558817399111767,0,0.0,0.6,62.370999999999995,40.908,1.5246651021805024,0.0
164,9,10,0.0,-13.513821274968938,17,0.0,10,1.0,0.6,34.126999999999995,52.315000000000005,0.6523368058874126,0.0
165,0,10,0.0,-13.444251737251857,16,0.0,10,1.0,0.44999999999999996,27.969,50.22299999999999,0.5568962427573025,0.0
165,1,10,0.0,-22.97873258426964,200,0.0,0,0.0,10.000000000000007,760.9069999999996,55.62500000000001,13.679226966292125,0.0
165,2,10,0.0,-25.695443944694226,200,0.0,0,0.0,15.000000000000002,526.3630000000007,24.012,21.920831251041175,0.0
165,3,10,0.0,-33.44818119677832,200,0.0,9,0.0,12.750000000000009,532.9590000000009,60.71300000000001,8.778334129428636,0.0
165,4,10,0.0,-12.897599495768052,11,0.0,10,1.0,0.05,5.86,44.424,0.13191067891229966,0.0
165,5,10,1.0,10.05619902765117,7,0.8392838926859125,0,0.0,0.55,39.212,32.910000000000004,1.1914919477362504,0.0
165,6,10,1.0,9.62649341898802,11,0.8816894531249999,0,0.0,0.65,61.44,54.17099999999999,1.1341861881818687,0.0
165,7,10,0.0,-13.1899649627083,16,0.0,10,1.0,0.45,46.398,53.229,0.8716676999380037,0.0
165,8,10,1.0,10.609847959183673,3,1.0,0,0.0,0.2,9.8,9.8,1.0,0.0
165,9,10,0.0,-13.135750281099867,11,0.0,10,1.0,0.1,5.275,39.132000000000005,0.13480016354901359,0.0
166,0,10,1.0,9.647666309187223,10,0.7743274868517073,0,0.0,0.8000000000000002,39.739000000000004,30.770999999999997,1.2914432420135844,0.0
166,1,10,1.0,10.583144347383596,3,1.0,0,0.0,0.25,11.791,11.791,1.0,0.0
166,2,10,0.0,-13.018182120370732,12,0.0,10,1.0,0.15000000000000002,13.216999999999999,25.571,0.5168745844902428,0.0
166,3,10,0.0,-13.0521784835903,12,0.0,10,1.0,0.25,6.5280000000000005,37.812999999999995,0.17263903948377546,0.0
166,4,10,0.0,-12.965471793476148,12,0.0,10,1.0,0.1,11.2,25.721,0.4354418568484895,0.0
166,5,10,0.0,-13.216528421450864,12,0.0,10,1.0,0.15000000000000002,5.403,10.573,0.5110186323654591,0.0
166,6,10,1.0,10.220118775802025,6,0.8506768687463213,0,0.0,0.39999999999999997,50.970000000000006,43.359,1.1755344911091123,0.0
166,7,10,0.0,-23.549061615208327,200,0.0,0,0.0,10.050000000000008,626.9760000000028,59.336,10.566536335445646,0.0
166,8,10,1.0,10.394813329827791,4,0.9354689949887786,0,0.0,0.45,32.527,30.428,1.0689825161035889,0.0
166,9,10,1.0,9.096872217462156,14,0.736579631233758,0,0.0,1.1500000000000004,80.81000000000002,59.522999999999996,1.357626463719907,0.0
167,0,10,1.0,10.145033565468347,7,0.7174558876485415,0,0.0,0.39999999999999997,44.432,31.878,1.393813915553046,0.0
167,1,10,1.0,9.887256022408963,8,0.8945350672780576,0,0.0,0.7000000000000001,39.909,35.7,1.1178991596638654,0.0
167,2,10,0.0,-25.912886768721084,200,0.0,0,0.0,15.000000000000004,2202.1860000000033,32.597,67.55793477927426,0.0
167,3,10,1.0,10.269263437292635,5,1.0,0,0.0,0.5000000000000001,27.125999999999998,27.125999999999998,1.0,0.0
167,4,10,0.0,-23.205259737379183,200,0.0,0,0.0,10.000000000000007,682.5390000000001,45.084,15.139273356401386,0.0
167,5,10,0.0,-24.216744391762784,200,0.0,0,0.0,12.100000000000016,683.2120000000015,28.261999999999997,24.174226877078816,0.0
167,6,10,0.0,-28.15182526602408,200,0.0,0,0.0,19.750000000000014,1181.6260000000032,55.821999999999996,21.16774748307125,0.0
167,7,10,1.0,10.825,1,1.0,0,0.0,0.15,4.57,4.57,1.0,0.0
167,8,10,1.0,10.270817918793277,5,1.0,0,0.0,0.5,30.761000000000003,30.761000000000003,1.0,0.0
167,9,10,0.0,-24.681630880343448,200,0.0,0,0.0,13.350000000000012,842.2400000000002,15.369,54.80122324159023,0.0
168,0,10,0.0,-12.9,10,0.0,10,1.0,0.0,0.0,56.016999999999996,0.0,0.0
168,1,10,0.0,-12.905888379617146,12,0.0,10,1.0,0.15000000000000002,13.107,37.09,0.3533836613642491,0.0
168,2,10,1.0,9.061318712093328,15,0.7410407229087114,0,0.0,1.0500000000000003,84.32600000000001,62.489000000000004,1.3494535038166717,0.0
168,3,10,0.0,-26.047817232226436,200,0.0,0,0.0,14.950000000000003,775.3340000000026,52.36699999999999,14.805774629060338,0.0
168,4,10,1.0,10.345435753299046,5,0.9169774073261681,0,0.0,0.35,27.353999999999996,25.083,1.0905394091615834,0.0
168,5,10,1.0,10.734853228962818,2,0.40427215189873417,0,0.0,0.15000000000000002,7.584,3.066,2.4735812133072406,0.0
168,6,10,0.0,-12.899999999999999,10,0.0,10,1.0,0.0,0.0,52.745000000000005,0.0,0.0
168,7,10,1.0,10.248361576631401,6,0.8132018729300696,0,0.0,0.35,26.269000000000002,21.362000000000002,1.229706956277502,0.0
168,8,10,0.0,-24.26201668432203,200,0.0,0,0.0,12.500000000000014,630.1999999999989,45.312,13.908015536723141,0.0
168,9,10,0.0,-12.831063823520752,12,0.0,10,1.0,0.1,14.142,33.953,0.41651694990133414,0.0
169,0,10,0.0,-23.371469129468178,200,0.0,0,0.0,10.300000000000013,1354.6249999999952,64.31700000000001,21.06169441982672,0.0
169,1,10,1.0,10.466397731269785,4,0.6985472526797507,0,0.0,0.3,32.559,22.744,1.4315423848047837,0.0
169,2,10,1.0,10.127746708502523,6,1.0,0,0.0,0.6,32.508,32.508,1.0,0.0
169,3,10,0.0,-30.57822738140859,200,0.0,0,0.0,25.0,1073.3139999999976,54.788999999999994,19.589954187884388,0.0
169,4,10,1.0,10.083706878145493,7,0.8994513031550069,0,0.0,0.5,36.45,32.785000000000004,1.1117889278633521,0.0
169,5,10,1.0,9.491401593011306,11,0.7395443403576111,0,0.0,0.9000000000000001,52.627,38.92,1.3521839671120246,0.0
169,6,10,1.0,9.224132003894317,13,0.7478252137127651,0,0.0,1.1,79.66299999999998,59.574,1.3372108637996438,0.0
169,7,10,0.0,-26.03771793252079,200,0.0,0,0.0,15.000000000000002,853.1910000000014,53.824,15.851497473246162,0.0
169,8,10,0.0,-22.866321110897825,200,0.0,0,0.0,10.000000000000007,1253.400000000006,46.88099999999999,26.735777820439115,0.0
169,9,10,1.0,10.728966296523632,2,0.8734282093771322,0,0.0,0.15000000000000002,20.518,17.921,1.144913788293064,0.0
170,0,10,1.0,10.234329555175364,6,0.5936270153611781,0,0.0,0.4,31.508,18.704,1.6845594525235243,0.0
170,1,10,0.0,-12.974031732023636,12,0.0,10,1.0,0.1,9.168,52.12400000000001,0.17588826644156239,0.0
170,2,10,0.0,-23.10982774286363,200,0.0,0,0.0,10.050000000000008,889.7139999999976,39.621,22.45561697079825,0.0
170,3,10,0.0,-26.14197503990716,200,0.0,0,0.0,16.599999999999994,981.3060000000008,48.236999999999995,20.34342931774366,0.0
170,4,10,0.0,-14.431220059325174,19,0.0,11,1.0,0.6,51.928999999999995,53.94,0.9627178346310715,0.0
170,5,10,0.0,-34.54190681221584,200,0.0,9,0.0,14.3,888.5029999999981,62.476,14.22150905947881,0.0
170,6,10,0.0,-26.915022404581727,200,0.0,1,0.0,14.950000000000003,639.3259999999989,75.43099999999998,8.475639988863982,0.0
170,7,10,0.0,-23.073061918990746,200,0.0,0,0.0,10.000000000000007,934.7999999999971,48.19200000000001,19.397410358565676,0.0
170,8,10,0.0,-38.944650070968585,200,0.0,9,0.0,23.9,1169.875,45.795,25.54591112566874,0.0
170,9,10,0.0,-25.598558266100174,200,0.0,0,0.0,15.000000000000002,1313.0000000000066,41.894000000000005,31.34100348498607,0.0
171,0,10,1.0,10.489778335881198,4,0.8584015497094295,0,0.0,0.25,16.003,13.737,1.164955958360632,0.0
171,1,10,0.0,-22.967704035994174,200,0.0,0,0.0,10.000000000000007,493.799999999999,74.901,6.592702367124591,0.0
171,2,10,0.0,-24.284832503586117,200,0.0,0,0.0,12.500000000000014,628.5000000000001,59.255,10.606699856552192,0.0
171,3,10,0.0,-14.917388902400887,25,0.0,10,1.0,1.45,54.76300000000001,57.562,0.9513741704596785,0.0
171,4,10,0.0,-12.90430780294858,11,0.0,10,1.0,0.1,4.664,30.591,0.15246314275440487,0.0
171,5,10,0.0,-18.96640525111923,25,0.0,15,1.0,0.65,66.19,51.151,1.294011847275713,0.0
171,6,10,0.0,-12.496078366591778,11,0.0,10,1.0,0.05,4.412,7.567,0.5830580150654155,0.0
171,7,10,0.0,-23.593289133076198,200,0.0,0,0.0,10.000000000000007,854.4689999999963,18.929000000000002,45.14073643615596,0.0
171,8,10,1.0,9.843145081893852,9,0.8848732840549103,0,0.0,0.6,37.879999999999995,33.519,1.1301053134043377,0.0
171,9,10,0.0,-30.404257332072035,200,0.0,0,0.0,25.0,303.5999999999992,15.855000000000002,19.148533585619628,0.0
172,0,10,0.0,-13.128811863173219,15,0.0,10,1.0,0.44999999999999996,28.055999999999997,16.488,1.7016011644832605,0.0
172,1,10,0.0,-25.573196250507195,200,0.0,0,0.0,15.000000000000004,1342.1010000000015,46.833,28.657164819678464,0.0
172,2,10,0.0,-13.418390900952225,15,0.0,10,1.0,0.35,18.65,61.43499999999999,0.30357288190770737,0.0
172,3,10,0.0,-13.674493558597609,15,0.0,10,1.0,0.45000000000000007,20.963,49.601,0.4226326082135441,0.0
172,4,10,0.0,-25.849562741846412,200,0.0,0,0.0,14.950000000000003,814.2859999999989,36.18,22.50652294085127,0.0
172,5,10,1.0,10.634493547939504,3,0.791065254376818,0,0.0,0.15000000000000002,18.221,14.414,1.264118218398779,0.0
172,6,10,0.0,-12.876785724707462,13,0.0,10,1.0,0.2,30.752999999999997,68.538,0.4486999912457323,0.0
172,7,10,1.0,10.262459345483954,6,0.8740469578389295,0,0.0,0.35,39.61,34.620999999999995,1.144103289910748,0.0
172,8,10,1.0,10.486672957932834,4,0.940971840785089,0,0.0,0.25,27.309,25.696999999999996,1.0627310581001677,0.0
172,9,10,0.0,-12.995399729302957,13,0.0,10,1.0,0.15000000000000002,13.225,22.165,0.5966614031130161,0.0
173,0,10,0.0,-23.215213406229854,200,0.0,0,0.0,10.050000000000008,1353.6089999999997,43.532,31.09457410640448,0.0
173,1,10,1.0,9.447781123967525,11,0.9143478260869566,0,0.0,1.0,62.1,56.781000000000006,1.0936757013789824,0.0
173,2,10,1.0,10.254768027760612,6,0.7428581517708959,0,0.0,0.35,28.319,21.037,1.3461520178732709,0.0
173,3,10,1.0,10.85,1,1.0,0,0.0,0.1,5.955,5.955,1.0,0.0
173,4,10,1.0,10.535390379139818,3,1.0,0,0.0,0.35,13.346,13.346,1.0,0.0
173,5,10,1.0,10.3442529296875,5,1.0,0,0.0,0.35,26.624,26.624,1.0,0.0
173,6,10,0.0,-22.96279013147214,200,0.0,0,0.0,10.000000000000007,571.1999999999991,49.288,11.589027755234524,0.0
173,7,10,1.0,10.585355881267464,3,1.0,0,0.0,0.25,18.967,18.967,1.0,0.0
173,8,10,1.0,10.345494527264623,5,0.9921379784777162,0,0.0,0.35000000000000003,40.702,40.382000000000005,1.0079243227180426,0.0
173,9,10,0.0,-26.350864044510566,200,0.0,0,0.0,16.600000000000055,810.9420000000003,36.306000000000004,22.336308048256495,0.0
174,0,10,1.0,10.318699184069587,5,0.9745341179767408,0,0.0,0.4,28.548000000000002,27.820999999999998,1.0261313396355272,0.0
174,1,10,0.0,-28.158368139708724,200,0.0,0,0.0,19.750000000000014,1520.123999999996,44.149,34.43167455661501,0.0
174,2,10,0.0,-25.396084856847175,200,0.0,0,0.0,15.000000000000002,964.0000000000041,46.384,20.783028630562352,0.0
174,3,10,0.0,-25.57639944963423,200,0.0,0,0.0,15.000000000000002,633.0,41.42700000000001,15.279889926859292,0.0
174,4,10,0.0,-23.380806077908055,200,0.0,0,0.0,10.050000000000008,735.612,48.339000000000006,15.21777446782101,0.0
174,5,10,1.0,10.58353891022905,3,0.9801524588639956,0,0.0,0.25,21.514,21.087,1.020249442784654,0.0
174,6,10,0.0,-30.69406527361429,200,0.0,0,0.0,24.75,1219.133,68.05199999999999,17.91472697349086,0.0
174,7,10,1.0,10.610343485086343,3,0.8409462956117655,0,0.0,0.2,18.936999999999998,15.925,1.189136577708006,0.0
174,8,10,0.0,-23.000124131082483,200,0.0,0,0.0,10.000000000000007,1124.8000000000034,40.28,27.924528301886877,0.0
174,9,10,1.0,10.256857801368907,6,0.5985035321656982,0,0.0,0.35000000000000003,23.923000000000002,14.318,1.6708339153513063,0.0
175,0,10,0.0,-24.864792542809422,200,0.0,0,0.0,13.350000000000012,603.7410000000003,49.69700000000002,12.148439543634428,0.0
175,1,10,0.0,-13.593867948366988,20,0.0,10,1.0,0.5499999999999999,51.041999999999994,47.489000000000004,1.074817326117627,0.0
175,2,10,0.0,-23.163525528641472,200,0.0,0,0.0,10.000000000000007,1083.0910000000003,55.898,19.376203084189065,0.0
175,3,10,0.0,-23.343019184154095,200,0.0,0,0.0,10.100000000000009,918.3659999999992,72.19500000000001,12.72063162268854,0.0
175,4,10,1.0,9.96665539994178,8,0.78739335285878,0,0.0,0.55,39.265,30.916999999999998,1.2700132613125465,0.0
175,5,10,1.0,9.316661007906097,13,0.754869654364382,0,0.0,0.9000000000000001,54.62399999999999,41.233999999999995,1.3247320172673036,0.0
175,6,10,0.0,-13.832484540165108,18,0.0,10,1.0,0.7,43.11,32.827000000000005,1.3132482407774086,0.0
175,7,10,0.0,-13.840319601477667,18,0.0,10,1.0,0.55,28.271000000000004,44.665,0.632956453599015,0.0
175,8,10,1.0,10.756654996148729,2,1.0,0,0.0,0.1,14.280999999999999,14.280999999999999,1.0,0.0
175,9,10,0.0,-14.18844115896011,20,0.0,10,1.0,0.7500000000000001,67.72999999999998,25.195,2.6882317920222256,0.0
176,0,10,1.0,10.173958077875206,6,1.0,0,0.0,0.5,43.223,43.223,1.0,0.0
176,1,10,0.0,-22.853442541160774,200,0.0,0,0.0,10.000000000000007,689.6769999999975,24.052000000000003,28.674413770164538,0.0
176,2,10,0.0,-23.36368123815535,200,0.0,0,0.0,10.25000000000001,692.2969999999971,39.575,17.493291219203968,0.0
176,3,10,0.0,-25.49292015295493,200,0.0,0,0.0,15.000000000000002,627.2000000000005,26.413,23.745882709271967,0.0
176,4,10,0.0,-25.877290910975315,200,0.0,0,0.0,14.900000000000002,1110.4830000000006,38.596,28.77197118872424,0.0
176,5,10,0.0,-12.719434400743662,12,0.0,10,1.0,0.15000000000000002,15.325,31.197,0.49123313139083885,0.0
176,6,10,0.0,-12.719631076616498,12,0.0,10,1.0,0.15000000000000002,18.752000000000002,38.138000000000005,0.491688080130054,0.0
176,7,10,1.0,10.14454710313401,7,0.3070443448216784,0,0.0,0.45,35.021,10.753,3.256858551102018,0.0
176,8,10,1.0,10.108263163883596,7,0.9495934520111294,0,0.0,0.45,37.019,35.153,1.0530822404915654,0.0
176,9,10,0.0,-25.920278948090417,200,0.0,0,0.0,14.950000000000003,550.5629999999989,51.031000000000006,10.788795046148396,0.0
177,0,10,1.0,10.086664180414182,7,0.9284477666659879,0,0.0,0.5,49.096999999999994,45.584,1.0770665145665144,0.0
177,1,10,0.0,-22.91751192614484,200,0.0,0,0.0,10.050000000000008,926.874999999995,51.77700000000001,17.90128821677569,0.0
177,2,10,0.0,-25.655577753027966,200,0.0,0,0.0,15.050000000000002,921.910000000003,50.281,18.335156420914522,0.0
177,3,10,0.0,-25.518911428888135,200,0.0,0,0.0,15.000000000000002,964.3979999999973,45.105000000000004,21.381177253076093,0.0
177,4,10,1.0,10.610904168520992,3,0.7780919951520749,0,0.0,0.2,17.326999999999998,13.482000000000001,1.2851950749147008,0.0
177,5,10,1.0,10.632957711850516,3,1.0,0,0.0,0.15000000000000002,18.303,18.303,1.0,0.0
177,6,10,0.0,-23.027377571517587,200,0.0,0,0.0,10.000000000000007,620.471000000002,57.748000000000005,10.74445868255181,0.0
177,7,10,1.0,10.37697482967449,5,0.41974818286531357,0,0.0,0.3,25.177000000000003,10.568000000000001,2.3823807721423162,0.0
177,8,10,1.0,10.75559309252696,2,1.0,0,0.0,0.1,13.261,13.261,1.0,0.0
177,9,10,0.0,-25.59641779788829,200,0.0,0,0.0,15.000000000000004,964.373000000004,26.52,36.36398944193077,0.0
178,0,10,0.0,-13.111487026499457,15,0.0,10,1.0,0.3,32.629,54.303000000000004,0.6008691969136143,0.0
178,1,10,0.0,-13.290899510831585,15,0.0,10,1.0,0.30000000000000004,53.177,71.55000000000001,0.7432145352900069,0.0
178,2,10,1.0,10.159801731996355,6,0.6701538696498797,0,0.0,0.55,26.191000000000003,17.552,1.4921946216955335,0.0
178,3,10,0.0,-22.96817089452607,200,0.0,0,0.0,10.000000000000007,1345.8000000000047,18.725,71.8718291054742,0.0
178,4,10,0.0,-24.661595469441757,200,0.0,0,0.0,12.650000000000015,643.2769999999989,69.572,9.246205369976412,0.0
178,5,10,0.0,-13.704052687976386,22,0.0,10,1.0,1.0000000000000002,57.159000000000006,49.461000000000006,1.1556377752168374,0.0
178,6,10,1.0,10.194468188013895,6,0.8645884812773237,0,0.0,0.45,52.61,45.486,1.1566196192234974,0.0
178,7,10,0.0,-23.272103017638134,200,0.0,0,0.0,10.050000000000008,1687.8080000000077,40.197,41.988407095057035,0.0
178,8,10,1.0,10.489304345557933,4,1.0,0,0.0,0.25,19.169,19.169,1.0,0.0
178,9,10,1.0,10.29738762604683,5,0.9343958606151587,0,0.0,0.44999999999999996,31.309,29.255000000000003,1.0702102204751325,0.0
179,0,10,0.0,-22.960833763385406,200,0.0,0,0.0,10.000000000000007,657.2440000000001,62.007999999999996,10.59934202038447,0.0
179,1,10,0.0,-25.204586474147952,200,0.0,0,0.0,15.000000000000004,1029.2850000000024,18.838,54.6387620766537,0.0
179,2,10,0.0,-25.446648861946617,200,0.0,0,0.0,15.150000000000002,936.738999999997,43.714999999999996,21.42831979869603,0.0
179,3,10,0.0,-23.398495065570735,200,0.0,0,0.0,10.25000000000001,754.7789999999999,37.593,20.077647434362774,0.0
179,4,10,0.0,-23.136684616947782,200,0.0,0,0.0,10.000000000000007,1056.6980000000012,39.368,26.841546433651725,0.0
179,5,10,1.0,10.463580852342835,4,0.9503006614552015,0,0.0,0.3,33.26,31.607000000000003,1.052298541462334,0.0
179,6,10,1.0,10.485132616487455,4,1.0,0,0.0,0.25,25.11,25.11,1.0,0.0
179,7,10,0.0,-25.434793538374066,200,0.0,0,0.0,15.000000000000004,596.5999999999991,45.747,13.041292325179773,0.0
179,8,10,0.0,-25.41367938777564,200,0.0,0,0.0,15.000000000000002,1445.2000000000066,39.724000000000004,36.38102910079565,0.0
179,9,10,0.0,-25.40727158650826,200,0.0,0,0.0,15.000000000000004,1246.9999999999984,46.221,26.979078773717543,0.0
180,0,10,0.0,-23.347717549023674,200,0.0,0,0.0,10.100000000000009,1362.5300000000018,48.242000000000004,28.24364661498283,0.0
180,1,10,1.0,10.342135461930853,5,0.5982278080426775,0,0.0,0.35,44.23899999999999,26.465000000000003,1.671604005290005,0.0
180,2,10,1.0,10.108859462878053,7,0.7478042024187556,0,0.0,0.44999999999999996,59.20399999999999,44.272999999999996,1.3372484358412575,0.0
180,3,10,1.0,9.531113311462034,11,0.8433177081093478,0,0.0,0.8500000000000002,69.759,58.82899999999999,1.1857927212769215,0.0
180,4,10,0.0,-25.954902553255803,200,0.0,0,0.0,15.000000000000004,657.4269999999988,33.095,19.86484363196854,0.0
180,5,10,1.0,10.609393810421354,3,0.6661671189598606,0,0.0,0.2,24.689,16.447,1.5011248251960845,0.0
180,6,10,1.0,10.350824249378466,5,0.7523019374640323,0,0.0,0.35000000000000003,41.704,31.374000000000002,1.3292535220246062,0.0
180,7,10,0.0,-13.156426565369241,17,0.0,10,1.0,0.49999999999999994,43.891,55.546,0.7901739099125049,0.0
180,8,10,1.0,9.884918692939042,8,0.9188250247140234,0,0.0,0.7000000000000002,35.405,32.531,1.0883465002612893,0.0
180,9,10,0.0,-25.23805656046285,200,0.0,0,0.0,13.300000000000013,938.2489999999996,54.455,17.229804425672565,0.0
181,0,10,1.0,10.124338778427894,6,0.8086103915565928,0,0.0,0.6000000000000001,46.711,37.771,1.2366895237086653,0.0
181,1,10,0.0,-13.14435635494213,12,0.0,10,1.0,0.1,9.812,18.403,0.5331739390316796,0.0
181,2,10,1.0,9.056910969793323,7,0.8592602711656022,1,0.0,0.5499999999999999,29.281000000000002,25.16,1.16379173290938,0.0
181,3,10,0.0,-25.804480185531666,200,0.0,0,0.0,14.950000000000003,953.6859999999986,61.44500000000001,15.520969973146691,0.0
181,4,10,0.0,-23.08299361928389,200,0.0,0,0.0,10.000000000000007,634.5759999999992,45.136,14.05919886565046,0.0
181,5,10,1.0,9.849205305520917,9,0.643258222124991,0,0.0,0.6,41.138999999999996,26.463,1.554585647885727,0.0
181,6,10,0.0,-27.478587733501875,200,0.0,1,0.0,16.599999999999994,858.5640000000013,25.321,33.90719165909724,0.0
181,7,10,0.0,-25.55098542414345,200,0.0,0,0.0,15.000000000000002,920.9280000000015,49.876999999999995,18.463981394229837,0.0
181,8,10,0.0,-25.531896352797883,200,0.0,0,0.0,14.950000000000003,1160.6629999999998,46.80299999999999,24.798901779800442,0.0
181,9,10,0.0,-13.130637658890905,12,0.0,10,1.0,0.1,10.274,42.95399999999999,0.23918610606695537,0.0
182,0,10,0.0,-23.042349811940152,200,0.0,0,0.0,10.000000000000007,678.5999999999993,48.123000000000005,14.101365251542907,0.0
182,1,10,1.0,10.344368723996622,5,0.9511157393632848,0,0.0,0.35000000000000003,33.61,31.967,1.0513967529014296,0.0
182,2,10,1.0,9.769380715470268,10,0.6836181067292897,0,0.0,0.5499999999999999,61.745,42.20999999999999,1.4628050225065155,0.0
182,3,10,0.0,-24.649089194380775,200,0.0,0,0.0,13.350000000000012,779.7980000000007,43.208999999999996,18.047119813001938,0.0
182,4,10,0.0,-23.25888737753074,200,0.0,0,0.0,10.000000000000007,649.3000000000009,50.72699999999999,12.799889605141265,0.0
182,5,10,1.0,10.075609423380898,7,0.8537703584567319,0,0.0,0.5,54.092999999999996,46.18299999999999,1.171275144533703,0.0
182,6,10,0.0,-26.016790246036848,200,0.0,0,0.0,14.900000000000002,794.9209999999986,59.422,13.377553767964704,0.0
182,7,10,0.0,-22.966903285710018,200,0.0,0,0.0,10.000000000000007,1353.8889999999967,33.387,40.55138227453789,0.0
182,8,10,0.0,-25.800355584772554,200,0.0,0,0.0,14.950000000000003,1157.3369999999961,33.466,34.58247176238559,0.0
182,9,10,0.0,-23.07246168754258,200,0.0,0,0.0,10.000000000000007,565.4270000000013,55.726,10.146556365071982,0.0
183,0,10,0.0,-22.95340745416005,200,0.0,0,0.0,10.000000000000007,1089.2010000000002,61.79100000000001,17.627178715346897,0.0
183,1,10,0.0,-22.873829071746375,200,0.0,0,0.0,10.000000000000007,517.1240000000005,48.769000000000005,10.60353913346594,0.0
183,2,10,0.0,-13.365045387196213,16,0.0,10,1.0,0.5000000000000001,27.478,58.717,0.46797350000851545,0.0
183,3,10,0.0,-27.95907510979965,200,0.0,0,0.0,19.900000000000023,565.25,58.288,9.697536371122702,0.0
183,4,10,1.0,10.705428679817906,2,1.0,0,0.0,0.2,10.544,10.544,1.0,0.0
183,5,10,0.0,-23.38161446987822,200,0.0,0,0.0,10.000000000000007,1883.0819999999928,28.003,67.24572367246341,0.0
183,6,10,1.0,9.358616633887017,12,0.8087596069043719,0,0.0,1.0,63.496,51.353,1.236461355714369,0.0
183,7,10,0.0,-12.910694150446588,11,0.0,10,1.0,0.05,4.54,38.738,0.1171975837678765,0.0
183,8,10,0.0,-13.376149280716923,11,0.0,10,1.0,0.05,5.162,12.721,0.40578570867070196,0.0
183,9,10,0.0,-13.071962541515436,16,0.0,10,1.0,0.45,72.964,71.35900000000001,1.0224919071175322,0.0
184,0,10,0.0,-22.94884040235202,200,0.0,0,0.0,10.000000000000007,1074.246999999997,67.006,16.03210160284149,0.0
184,1,10,0.0,-23.229857000213844,200,0.0,0,0.0,10.050000000000008,822.5890000000022,42.062999999999995,19.556118203646964,0.0
184,2,10,0.0,-25.883543469034684,200,0.0,0,0.0,15.100000000000003,945.1810000000025,30.631,30.85700760667306,0.0
184,3,10,0.0,-28.089959270409157,200,0.0,0,0.0,20.00000000000003,1250.1130000000026,50.82300000000001,24.597387009818437,0.0
184,4,10,0.0,-25.939978809765414,200,0.0,0,0.0,14.950000000000003,1377.970999999996,50.259,27.417397878986765,0.0
184,5,10,1.0,10.075454084863837,7,0.8031699525931351,0,0.0,0.49999999999999994,49.14900000000001,39.475,1.2450664977834074,0.0
184,6,10,0.0,-22.735835232823145,200,0.0,0,0.0,10.000000000000007,1356.5999999999967,24.568,55.21816997720599,0.0
184,7,10,1.0,9.871585558098143,9,0.8604055916519001,0,0.0,0.5499999999999999,45.71099999999999,39.33,1.1622425629290616,0.0
184,8,10,0.0,-23.173486301369863,200,0.0,0,0.0,10.000000000000007,937.6800000000002,58.4,16.056164383561647,0.0
184,9,10,1.0,10.302596344161136,5,0.684218911813909,0,0.0,0.45,25.106,17.178,1.4615205495401096,0.0
185,0,10,0.0,-22.927971542234044,200,0.0,0,0.0,10.000000000000007,1111.852000000003,47.509,23.402976278178937,0.0
185,1,10,1.0,10.063950193959545,7,0.6678231906182778,0,0.0,0.55,43.233,28.872,1.497402327514547,0.0
185,2,10,0.0,-12.962170075420746,12,0.0,10,1.0,0.1,7.608,30.362999999999996,0.2505681256792807,0.0
185,3,10,0.0,-25.52386447632413,200,0.0,0,0.0,15.000000000000004,1114.599999999999,66.29100000000001,16.81374545564253,0.0
185,4,10,0.0,-23.538705763652327,200,0.0,0,0.0,10.300000000000013,965.2990000000032,39.644999999999996,24.34856854584445,0.0
185,5,10,0.0,-25.43847936668343,200,0.0,0,0.0,13.200000000000012,888.9039999999976,29.685000000000002,29.94455112009424,0.0
185,6,10,1.0,10.253717124836369,6,0.9506373029640245,0,0.0,0.35000000000000003,26.517999999999997,25.209,1.0519258994803442,0.0
185,7,10,0.0,-12.739332071901607,12,0.0,10,1.0,0.2,11.635,15.855,0.7338379060233364,0.0
185,8,10,0.0,-25.53233816729715,200,0.0,0,0.0,15.000000000000002,635.512999999997,38.064,16.695906893652715,0.0
185,9,10,0.0,-23.044618615849572,200,0.0,0,0.0,10.000000000000007,1088.4000000000012,58.563,18.58511346754779,0.0
186,0,10,0.0,-23.012445690744453,200,0.0,0,0.0,10.000000000000007,472.603999999998,57.771,8.180644267885237,0.0
186,1,10,0.0,-35.54913384784176,200,0.0,0,0.0,34.89999999999991,1057.1109999999953,52.866,19.996046608406072,0.0
186,2,10,0.0,-12.970611679506186,12,0.0,10,1.0,0.1,8.926,41.149,0.21691900167683298,0.0
186,3,10,1.0,10.200454184374628,6,0.9121110024272724,0,0.0,0.45,27.603,25.177,1.0963577868689678,0.0
186,4,10,1.0,10.634812446105203,3,0.8976327162484681,0,0.0,0.15000000000000002,15.503,13.916,1.114041391204369,0.0
186,5,10,1.0,10.1793977388793,6,0.4668519188398172,0,0.0,0.5,60.818,28.393,2.1420068326700243,0.0
186,6,10,0.0,-23.157863547516335,200,0.0,0,0.0,10.10000000000001,968.6020000000041,32.231,30.051875523564394,0.0
186,7,10,0.0,-12.834085097587623,12,0.0,10,1.0,0.1,11.323,33.867,0.33433726046003487,0.0
186,8,10,1.0,2.805608943862988,18,0.9851221923037594,6,0.0,0.9500000000000002,58.678000000000004,57.805,1.0151024997837559,0.0
186,9,10,0.0,-23.07930458257103,200,0.0,0,0.0,10.000000000000007,1070.7300000000007,44.822,23.888492258266044,0.0
187,0,10,1.0,10.124504167427148,7,0.9379172610556346,0,0.0,0.39999999999999997,35.050000000000004,32.873999999999995,1.066192127517187,0.0
187,1,10,1.0,10.349815758242395,5,0.8174676415607772,0,0.0,0.35000000000000003,42.260999999999996,34.547000000000004,1.2232900107100468,0.0
187,2,10,0.0,-23.089961477453027,200,0.0,0,0.0,10.000000000000007,965.8810000000035,26.477999999999998,36.47862376312424,0.0
187,3,10,0.0,-22.83164469948905,200,0.0,0,0.0,10.100000000000009,1087.9450000000013,49.316,22.060690242517666,0.0
187,4,10,0.0,-12.792579117766088,14,0.0,10,1.0,0.4,29.189,24.71,1.1812626467017402,0.0
187,5,10,0.0,-25.47614105459924,200,0.0,0,0.0,14.950000000000003,433.03899999999885,38.517,11.242801879689457,0.0
187,6,10,0.0,-13.024601698454685,14,0.0,10,1.0,0.30000000000000004,16.352,35.915,0.45529722956981766,0.0
187,7,10,0.0,-23.094706022944628,200,0.0,0,0.0,10.000000000000007,1149.2039999999965,50.208,22.888862332695915,0.0
187,8,10,0.0,-25.794636878094728,200,0.0,0,0.0,15.000000000000002,828.5040000000012,33.928,24.419476538552264,0.0
187,9,10,0.0,-22.963745698494836,200,0.0,0,0.0,10.000000000000007,972.3999999999978,57.53799999999999,16.90013556258469,0.0
188,0,10,1.0,10.462841958920082,4,0.8401341320975095,0,0.0,0.3,26.541,22.298000000000002,1.190286124316082,0.0
188,1,10,0.0,-13.565829198130167,17,0.0,10,1.0,0.35,24.795,27.810000000000002,0.8915857605177994,0.0
188,2,10,1.0,10.15086497523677,6,0.8704102854982039,0,0.0,0.55,26.445,23.018,1.1488834824919627,0.0
188,3,10,0.0,-13.25957702539299,17,0.0,10,1.0,0.5499999999999999,45.632,20.675,2.207110036275695,0.0
188,4,10,0.0,-25.620658937746793,200,0.0,0,0.0,15.000000000000002,976.9999999999985,38.729,25.22657440161116,0.0
188,5,10,0.0,-13.053174047373842,13,0.0,10,1.0,0.2,16.093,43.69499999999999,0.36830300949765427,0.0
188,6,10,1.0,10.752689856028134,2,1.0,0,0.0,0.1,18.198,18.198,1.0,0.0
188,7,10,0.0,-13.002120474274827,13,0.0,10,1.0,0.35,28.756999999999998,66.122,0.43490819999395053,0.0
188,8,10,1.0,9.94947494795281,7,0.9355198919704996,0,0.0,0.75,38.508,36.025,1.0689243580846635,0.0
188,9,10,0.0,-23.65598925805655,200,0.0,0,0.0,10.150000000000011,1084.1570000000022,40.03,27.083612290781968,0.0
189,0,10,0.0,-12.994465195527033,14,0.0,10,1.0,0.2,25.511000000000003,60.452,0.4220042347647721,0.0
189,1,10,0.0,-25.833870079397258,200,0.0,0,0.0,14.950000000000003,1371.113999999996,41.941,32.69149519563186,0.0
189,2,10,0.0,-25.58147578785547,200,0.0,0,0.0,15.000000000000002,721.800000000001,32.525,22.19215987701771,0.0
189,3,10,1.0,9.571037905607605,11,0.8914286710604318,0,0.0,0.75,57.354,51.127,1.121794746415788,0.0
189,4,10,0.0,-12.88161447459986,14,0.0,10,1.0,0.30000000000000004,22.066999999999997,20.118000000000002,1.0968784173377073,0.0
189,5,10,0.0,-25.049269167126273,200,0.0,0,0.0,13.300000000000013,530.5010000000002,32.634,16.256082613225477,0.0
189,6,10,1.0,10.104981236073648,7,0.9554596896184662,0,0.0,0.45,35.69799999999999,34.108,1.046616629529729,0.0
189,7,10,0.0,-23.274350267942854,200,0.0,0,0.0,10.000000000000007,723.3449999999968,42.73299999999999,16.927082114525003,0.0
189,8,10,0.0,-22.9099776971772,200,0.0,0,0.0,10.000000000000007,934.7999999999971,44.389,21.059271441122736,0.0
189,9,10,1.0,8.726545440694752,16,0.584888342333672,0,0.0,1.5000000000000002,112.218,65.635,1.709728041441304,0.0
190,0,10,0.0,-12.9,10,0.0,10,1.0,0.0,0.0,42.504999999999995,0.0,0.0
190,1,10,0.0,-25.44591869863131,200,0.0,0,0.0,15.000000000000004,553.2010000000014,58.523,9.452710899988062,0.0
190,2,10,1.0,9.124631639644528,15,0.6002361691731363,0,0.0,0.9500000000000003,73.67600000000002,44.223,1.6660108993057916,0.0
190,3,10,0.0,-12.9,10,0.0,10,1.0,0.0,0.0,22.645999999999997,0.0,0.0
190,4,10,0.0,-12.933133087585915,12,0.0,10,1.0,0.1,11.582,52.086,0.22236301501363132,0.0
190,5,10,0.0,-25.78400388963178,200,0.0,0,0.0,15.000000000000002,976.9999999999985,16.454,59.37765892792017,0.0
190,6,10,0.0,-31.255490576098776,200,0.0,6,0.0,13.450000000000006,902.2920000000003,48.759,18.505137513074516,0.0
190,7,10,0.0,-13.094320367825809,12,0.0,10,1.0,0.15000000000000002,12.303999999999998,47.305,0.2600993552478596,0.0
190,8,10,1.0,10.510208201225957,4,0.9792665677717598,0,0.0,0.2,28.987000000000002,28.386000000000003,1.0211724089339815,0.0
190,9,10,0.0,-28.355871818181733,200,0.0,0,0.0,20.00000000000003,616.2909999999995,55.0,11.2052909090909,0.0
191,0,10,1.0,9.983225032832753,8,0.8433090961621805,0,0.0,0.5,41.534,35.026,1.1858048306971962,0.0
191,1,10,0.0,-36.8215161160894,200,0.0,9,0.0,19.20000000000003,813.4820000000004,37.385,21.759582720342397,0.0
191,2,10,0.0,-13.58054983464364,14,0.0,10,1.0,0.6499999999999999,21.709000000000003,50.49700000000001,0.4299067271323049,0.0
191,3,10,0.0,-28.11176168454572,200,0.0,0,0.0,19.90000000000003,1168.409999999998,52.762,22.14491490087559,0.0
191,4,10,0.0,-24.236393412435305,200,0.0,1,0.0,10.050000000000008,624.2319999999991,62.451,9.995548510031849,0.0
191,5,10,0.0,-13.324796145651753,14,0.0,10,1.0,0.55,19.611,61.955999999999996,0.31653108657757123,0.0
191,6,10,0.0,-13.351034413362848,18,0.0,10,1.0,0.6000000000000001,45.154,44.721000000000004,1.009682252185774,0.0
191,7,10,0.0,-26.21387561311524,200,0.0,0,0.0,14.800000000000002,543.8690000000008,41.387,13.141058786575515,0.0
191,8,10,1.0,10.199764155071323,6,0.9950076916378836,0,0.0,0.44999999999999996,34.452999999999996,34.281,1.0050173565531926,0.0
191,9,10,1.0,9.315602085768228,13,0.6933760550561658,0,0.0,0.9,80.20899999999999,55.615,1.4422188258563335,0.0
192,0,10,1.0,10.174071003784464,6,0.9441356624319419,0,0.0,0.5000000000000001,35.263999999999996,33.294,1.059169820388058,0.0
192,1,10,0.0,-12.9,10,0.0,10,1.0,0.0,0.0,43.635999999999996,0.0,0.0
192,2,10,0.0,-23.348747675921025,200,0.0,0,0.0,10.000000000000007,902.5949999999992,31.733,28.44341852330379,0.0
192,3,10,0.0,-25.739616613418455,200,0.0,0,0.0,15.000000000000004,1311.4600000000064,20.971,62.536836583854196,0.0
192,4,10,1.0,9.027815888134562,15,0.5533811820118874,0,0.0,1.1500000000000004,71.336,39.47599999999999,1.807072651737765,0.0
192,5,10,0.0,-25.992171668474555,200,0.0,0,0.0,15.000000000000004,916.1560000000007,49.782000000000004,18.403358643686488,0.0
192,6,10,0.0,-23.005427618826122,200,0.0,0,0.0,10.000000000000007,1114.000000000003,51.588,21.59416918663261,0.0
192,7,10,0.0,-12.9,10,0.0,10,1.0,0.0,0.0,52.457,0.0,0.0
192,8,10,1.0,10.318823575793415,5,1.0,0,0.0,0.4,25.365000000000002,25.365000000000002,1.0,0.0
192,9,10,0.0,-28.48345154159837,200,0.0,0,0.0,20.00000000000003,771.0530000000001,52.477999999999994,14.692880826251004,0.0
193,0,10,1.0,9.715174407211444,10,0.8190635604879393,0,0.0,0.65,43.611999999999995,35.721000000000004,1.220906469583718,0.0
193,1,10,0.0,-22.95203859766064,200,0.0,0,0.0,10.000000000000007,1157.0259999999994,63.009,18.362868796521123,0.0
193,2,10,0.0,-28.062970685255507,200,0.0,0,0.0,20.00000000000003,809.4000000000033,64.268,12.594137051098576,0.0
193,3,10,0.0,-22.97946383087109,200,0.0,0,0.0,10.000000000000007,682.0000000000001,62.816,10.857106469689253,0.0
193,4,10,0.0,-22.845105093966353,200,0.0,0,0.0,10.15000000000001,824.5239999999976,40.44,20.3888229475766,0.0
193,5,10,0.0,-24.671019460661665,200,0.0,0,0.0,13.350000000000012,1108.2399999999993,53.955,20.540079696042987,0.0
193,6,10,0.0,-22.799759296148675,200,0.0,0,0.0,10.000000000000007,965.0000000000034,24.095999999999997,40.04814077025247,0.0
193,7,10,1.0,9.618104728127513,10,0.9089665254713799,0,0.0,0.8500000000000001,53.354,48.497,1.1001505247747283,0.0
193,8,10,0.0,-25.3995577008324,200,0.0,0,0.0,13.900000000000007,923.8660000000003,40.606,22.75195783874305,0.0
193,9,10,1.0,10.19534012252367,5,0.803079675420101,0,0.0,0.6500000000000001,31.302,25.137999999999998,1.2452064603389292,0.0
194,0,10,1.0,10.638911840185177,3,0.8623188405797102,0,0.0,0.15000000000000002,23.046,19.873,1.1596638655462184,0.0
194,1,10,1.0,9.996635140815469,8,0.7174712080372458,0,0.0,0.5,53.053,38.064,1.3937841530054644,0.0
194,2,10,1.0,10.58484896528705,3,0.9056147510012847,0,0.0,0.25,13.233,11.984000000000002,1.1042222963951935,0.0
194,3,10,0.0,-25.699197991719103,200,0.0,0,0.0,15.000000000000004,1344.7830000000015,30.673000000000002,43.84256512242042,0.0
194,4,10,0.0,-25.579243051448834,200,0.0,0,0.0,15.000000000000004,661.4999999999995,49.039,13.489263647301119,0.0
194,5,10,1.0,9.85230435075431,8,1.0,0,0.0,0.7500000000000001,59.391999999999996,59.391999999999996,1.0,0.0
194,6,10,0.0,-23.299181521534013,200,0.0,0,0.0,10.100000000000009,561.0620000000013,37.081,15.130713842668785,0.0
194,7,10,1.0,9.439621770459466,12,0.6790258967108201,0,0.0,0.85,53.751999999999995,36.499,1.4726978821337569,0.0
194,8,10,1.0,10.125537948795637,6,0.9246004510246103,0,0.0,0.6000000000000001,71.39299999999999,66.00999999999999,1.0815482502651113,0.0
194,9,10,0.0,-22.783115220483655,200,0.0,0,0.0,10.100000000000009,855.7410000000001,27.417,31.212058212058214,0.0
195,0,10,1.0,10.343763107993878,5,1.0,0,0.0,0.35,43.77100000000001,43.77100000000001,1.0,0.0
195,1,10,0.0,-12.9576883952241,13,0.0,10,1.0,0.15000000000000002,19.336,48.661,0.3973613365939869,0.0
195,2,10,0.0,-25.785453399220504,200,0.0,0,0.0,14.950000000000003,938.4829999999969,39.259,23.90491352301375,0.0
195,3,10,0.0,-23.116553717360937,200,0.0,0,0.0,10.000000000000007,691.7759999999976,40.136,17.23579828582812,0.0
195,4,10,0.0,-22.699385835614457,200,0.0,0,0.0,10.000000000000007,1077.8240000000003,14.247,75.65269881378538,0.0
195,5,10,0.0,-23.752026843517996,200,0.0,0,0.0,10.100000000000009,1115.0039999999985,31.665,35.21250592136424,0.0
195,6,10,0.0,-13.013815889776673,13,0.0,10,1.0,0.15000000000000002,16.404,35.419000000000004,0.46314125187046495,0.0
195,7,10,1.0,9.882563309834193,9,0.6001891029429144,0,0.0,0.5499999999999999,42.30500000000001,25.391,1.666141546217164,0.0
195,8,10,0.0,-23.45204940230617,200,0.0,0,0.0,10.050000000000008,688.2390000000034,47.265,14.561282132656372,0.0
195,9,10,0.0,-28.643305947955422,200,0.0,0,0.0,20.10000000000003,959.7769999999986,53.8,17.839721189591053,0.0
196,0,10,0.0,-13.34463892228389,17,0.0,10,1.0,0.5000000000000001,47.541999999999994,60.721,0.7829581199255611,0.0
196,1,10,0.0,-13.471461501327543,17,0.0,10,1.0,0.35,24.689999999999998,33.144,0.7449312092686459,0.0
196,2,10,1.0,9.179041943385267,13,0.48614043702430637,0,0.0,1.2000000000000002,81.46000000000001,39.601,2.057018762152471,0.0
196,3,10,1.0,9.846948034896274,9,0.8303372419808119,0,0.0,0.6,41.276,34.272999999999996,1.2043299390190532,0.0
196,4,10,1.0,10.85,1,1.0,0,0.0,0.1,3.685,3.685,1.0,0.0
196,5,10,0.0,-23.312018359150862,200,0.0,0,0.0,10.000000000000007,287.09899999999936,34.86,8.235771658060797,0.0
196,6,10,1.0,10.85,1,1.0,0,0.0,0.1,6.683,6.683,1.0,0.0
196,7,10,1.0,9.49580151358789,12,0.6269308532147189,0,0.0,0.7500000000000001,74.19,46.51199999999999,1.5950722394220849,0.0
196,8,10,1.0,9.993402328589909,8,0.5260740110591237,0,0.0,0.49999999999999994,35.26500000000001,18.552,1.9008732212160417,0.0
196,9,10,0.0,-22.653261348611757,200,0.0,0,0.0,10.000000000000007,630.6000000000021,9.076,69.47994711326598,0.0
197,0,10,0.0,-12.839790147401088,12,0.0,10,1.0,0.1,8.447,25.78,0.32765709852598907,0.0
197,1,10,1.0,10.494530588687956,4,0.7544997096961488,0,0.0,0.25,31.002,23.391000000000002,1.3253815570091059,0.0
197,2,10,1.0,9.678751433963662,10,0.7602582678051457,0,0.0,0.7500000000000001,71.089,54.046,1.3153424860304186,0.0
197,3,10,0.0,-12.899999999999999,10,0.0,10,1.0,0.0,0.0,17.744,0.0,0.0
197,4,10,0.0,-23.522124743146342,200,0.0,0,0.0,10.000000000000007,648.958999999999,39.906000000000006,16.262191149200596,0.0
197,5,10,0.0,-25.76398244880902,200,0.0,0,0.0,15.000000000000002,690.5219999999977,26.323,26.232648254378212,0.0
197,6,10,1.0,10.732554054054054,2,0.4748917054387935,0,0.0,0.15000000000000002,6.2330000000000005,2.96,2.1057432432432432,0.0
197,7,10,0.0,-13.129949813509343,12,0.0,10,1.0,0.1,6.094,51.209,0.11900251908844148,0.0
197,8,10,1.0,10.349776745764803,5,0.9365914279934108,0,0.0,0.35000000000000003,34.601,32.407000000000004,1.0677014225321688,0.0
197,9,10,0.0,-12.899999999999999,10,0.0,10,1.0,0.0,0.0,40.427,0.0,0.0
198,0,10,1.0,10.391840773454286,4,0.9904946561997541,0,0.0,0.44999999999999996,21.146,20.945,1.0095965624254,0.0
198,1,10,1.0,10.48861496793475,4,1.0,0,0.0,0.25,16.061,16.061,1.0,0.0
198,2,10,0.0,-22.930362116991635,200,0.0,0,0.0,10.000000000000007,991.2829999999981,40.926,24.221350730586867,0.0
198,3,10,1.0,10.605706752411574,3,0.9715511496167945,0,0.0,0.2,24.008000000000003,23.325000000000003,1.0292818863879958,0.0
198,4,10,1.0,10.34697339091669,5,0.9824129200027372,0,0.0,0.35,29.226,28.711999999999996,1.017901922541098,0.0
198,5,10,1.0,10.110509244598184,7,0.8643771582582331,0,0.0,0.44999999999999996,47.49199999999999,41.051,1.15690238971036,0.0
198,6,10,0.0,-25.764541515316125,200,0.0,0,0.0,15.050000000000002,1109.8869999999988,34.963,31.744615736635836,0.0
198,7,10,1.0,10.182719374903614,6,0.673720302001801,0,0.0,0.49999999999999994,28.874000000000002,19.453000000000003,1.484295481416748,0.0
198,8,10,1.0,10.558914603101133,3,1.0,0,0.0,0.30000000000000004,12.963000000000001,12.963000000000001,1.0,0.0
198,9,10,0.0,-23.661700551993675,200,0.0,0,0.0,10.100000000000009,535.1409999999979,58.33399999999999,9.173740871532862,0.0
199,0,10,0.0,-13.21485940502542,13,0.0,10,1.0,0.35,18.98,41.111,0.4616769234511445,0.0
199,1,10,0.0,-23.11406866731467,200,0.0,0,0.0,10.000000000000007,951.9959999999992,50.417,18.882440446674718,0.0
199,2,10,1.0,9.23613057701045,13,0.8399224569544513,0,0.0,1.05,65.51199999999999,55.025000000000006,1.190586097228532,0.0
199,3,10,1.0,9.449167075332905,12,0.7325255260649102,0,0.0,0.8000000000000002,72.377,53.018,1.36514014108416,0.0
199,4,10,0.0,-12.594968867481207,13,0.0,10,1.0,0.2,13.697000000000001,17.024,0.8045700187969925,0.0
199,5,10,0.0,-13.356012634152972,15,0.0,10,1.0,0.55,24.274,36.80499999999999,0.6595299551691348,0.0
199,6,10,0.0,-13.267486641149054,15,0.0,10,1.0,0.3,17.53,26.386999999999997,0.664342289763899,0.0
199,7,10,0.0,-30.526472737197892,200,0.0,0,0.0,24.900000000000002,311.8339999999991,47.62900000000001,6.547145646559848,0.0
199,8,10,0.0,-22.8961838360843,200,0.0,0,0.0,10.050000000000008,1238.286999999994,33.382999999999996,37.093340922026,0.0
199,9,10,0.0,-25.39905714014974,200,0.0,0,0.0,15.000000000000002,941.1779999999986,42.211999999999996,22.296455984080325,0.0
