scenario_id,robot_id,robots,success,reward,steps,spl,collisions,deadlock,cumulative_risk,path_length,shortest_path_length,detour,disruption_applied
0,0,5,0.0,-25.72684153296947,200,0.0,0,0.0,14.850000000000001,1109.3499999999988,48.742,22.759632349924065,1.0
0,1,5,0.0,-26.690433035113593,200,0.0,0,0.0,16.549999999999994,862.9430000000013,59.464,14.512024081797414,1.0
0,2,5,0.0,-23.163115435254657,200,0.0,0,0.0,10.20000000000001,688.9959999999976,58.483000000000004,11.781132978814314,1.0
0,3,5,0.0,-25.35947138544533,200,0.0,0,0.0,14.950000000000003,2038.1779999999937,62.27600000000001,32.728145674095856,1.0
0,4,5,0.0,-24.6027239540607,200,0.0,0,0.0,12.500000000000014,505.0390000000004,48.75999999999999,10.35764971287942,1.0
1,0,5,0.0,-22.79569828534198,200,0.0,0,0.0,10.000000000000007,729.600000000003,49.105999999999995,14.857654869058834,1.0
1,1,5,0.0,-27.942468675984124,200,0.0,0,0.0,20.000000000000014,1218.8000000000054,55.309,22.036196640691486,1.0
1,2,5,0.0,-23.055255291524528,200,0.0,0,0.0,10.000000000000007,508.6000000000011,33.119,15.356743863039377,1.0
1,3,5,1.0,9.908118822938189,7,0.9419344658917581,0,0.0,0.8500000000000001,38.026,35.818,1.0616449829694568,1.0
1,4,5,0.0,-25.42329884967986,200,0.0,0,0.0,15.050000000000002,2113.3679999999945,51.376999999999995,41.13451544465412,1.0
2,0,5,0.0,-33.68022559866861,200,0.0,9,0.0,12.700000000000008,501.2559999999997,32.447,15.44845440256417,1.0
2,1,5,1.0,10.321875448176954,5,0.7402613311555737,0,0.0,0.4,48.98,36.257999999999996,1.3508742898119037,1.0
2,2,5,0.0,-13.058298251717838,13,0.0,10,1.0,0.15000000000000002,17.216,11.497,1.497434113246934,1.0
2,3,5,0.0,-25.528876452052906,200,0.0,0,0.0,15.000000000000004,1296.454999999999,42.526,30.486173164652186,1.0
2,4,5,0.0,-13.317918414367577,13,0.0,10,1.0,0.30000000000000004,10.245000000000001,33.854,0.3026230282979855,1.0
3,0,5,1.0,9.835540157480315,8,0.7880367336808141,0,0.0,0.8,52.377,41.275,1.268976377952756,1.0
3,1,5,0.0,-26.06852751407554,200,0.0,0,0.0,15.000000000000004,639.484999999997,24.333,26.28056548719833,1.0
3,2,5,0.0,-25.49875025270627,200,0.0,0,0.0,15.000000000000002,1143.519000000004,54.410999999999994,21.016320229365462,1.0
3,3,5,0.0,-23.36469106507261,200,0.0,0,0.0,10.050000000000008,1483.788999999996,43.828,33.85481883727288,1.0
3,4,5,0.0,-25.801103796079392,200,0.0,0,0.0,15.100000000000003,880.111999999996,47.391000000000005,18.571289907366292,1.0
4,0,5,1.0,10.137614540518118,7,0.7816718740788775,0,0.0,0.39999999999999997,33.926,26.519,1.2793091745540934,1.0
4,1,5,1.0,10.488845860358643,4,0.5085370585952659,0,0.0,0.25,15.462,7.863,1.9664250286150322,1.0
4,2,5,0.0,-23.177165897988697,200,0.0,0,0.0,10.000000000000007,1081.9440000000002,36.643,29.526621728570262,1.0
4,3,5,0.0,-23.192891536025936,200,0.0,0,0.0,10.10000000000001,1446.0099999999948,51.79600000000001,27.917406749555845,1.0
4,4,5,0.0,-23.120007767492954,200,0.0,0,0.0,10.000000000000007,1367.256000000002,30.898,44.25063110880969,1.0
5,0,5,0.0,-23.150811823741485,200,0.0,0,0.0,10.000000000000007,2108.2790000000086,63.77000000000001,33.06067116198852,1.0
5,1,5,0.0,-23.09208152218479,200,0.0,0,0.0,10.000000000000007,950.7359999999992,48.772,19.49347986549658,1.0
5,2,5,0.0,-24.521849950857163,200,0.0,0,0.0,15.000000000000004,596.8200000000005,9.157,65.17636780605007,1.0
5,3,5,1.0,10.633329793396408,3,1.0,0,0.0,0.15000000000000002,10.358,10.358,1.0,1.0
5,4,5,0.0,-22.9253960250431,200,0.0,0,0.0,10.000000000000007,1032.6000000000017,47.598000000000006,21.694188831463542,1.0
6,0,5,0.0,-12.976514665992045,12,0.0,10,1.0,0.15000000000000002,20.358,71.15100000000001,0.2861238773875279,1.0
6,1,5,0.0,-23.24947723048337,200,0.0,0,0.0,10.000000000000007,715.3219999999975,17.216,41.54983736059465,1.0
6,2,5,0.0,-23.03652398831873,200,0.0,0,0.0,10.000000000000007,689.5999999999975,59.925,11.507717980809304,1.0
6,3,5,1.0,9.48877935235791,11,0.8423897219391467,0,0.0,0.9500000000000001,54.952000000000005,46.291,1.1870990041260723,1.0
6,4,5,0.0,-13.184588483724763,12,0.0,10,1.0,0.2,23.860999999999997,58.248,0.40964496635077596,1.0
7,0,5,0.0,-23.328586939540752,200,0.0,0,0.0,10.000000000000007,1207.673999999998,51.208,23.583697859709382,1.0
7,1,5,1.0,9.762317207916986,9,0.9632131784739253,0,0.0,0.75,43.222,41.632,1.0381917755572638,1.0
7,2,5,0.0,-25.73469016491501,200,0.0,0,0.0,15.050000000000002,1767.7789999999936,58.51500000000001,30.210698111595203,1.0
7,3,5,0.0,-25.552609959555173,200,0.0,0,0.0,15.000000000000004,1026.8000000000025,31.648,32.444388270980866,1.0
7,4,5,0.0,-23.07507933032075,200,0.0,0,0.0,10.000000000000007,1150.0029999999965,50.233,22.893376863814556,1.0
8,0,5,1.0,9.595665430182825,10,0.8387916117663867,0,0.0,0.9,62.993,52.838,1.1921912260115826,1.0
8,1,5,0.0,-23.516015568022517,200,0.0,0,0.0,10.250000000000012,321.39500000000123,71.3,4.507643758765796,1.0
8,2,5,0.0,-33.117524564043556,200,0.0,0,0.0,29.650000000000006,1421.6690000000028,33.891,41.94827535333873,1.0
8,3,5,0.0,-28.17155973154368,200,0.0,0,0.0,19.90000000000003,813.2680000000033,63.325,12.84276352151604,1.0
8,4,5,1.0,9.031550121494968,15,0.5387596496514176,0,0.0,1.1000000000000003,96.247,51.854,1.8561152466540671,1.0
9,0,5,0.0,-27.003049001331533,200,0.0,0,0.0,17.550000000000033,614.4079999999989,37.550000000000004,16.362396804260953,1.0
9,1,5,0.0,-23.696715948525135,200,0.0,0,0.0,10.250000000000012,858.6450000000024,27.664,31.038353094274232,1.0
9,2,5,0.0,-26.121077141082402,200,0.0,0,0.0,15.000000000000004,919.7700000000008,51.516,17.854064756580495,1.0
9,3,5,0.0,-13.914209098727587,18,0.0,10,1.0,0.6000000000000001,52.519999999999996,45.346999999999994,1.1581802544821047,1.0
9,4,5,0.0,-13.579510901981578,18,0.0,10,1.0,0.55,42.435,30.178,1.4061568029690503,1.0
10,0,5,0.0,-27.96746714609814,200,0.0,0,0.0,20.000000000000014,1821.6300000000092,46.721999999999994,38.988699113908,1.0
10,1,5,0.0,-25.063835996169583,200,0.0,0,0.0,13.350000000000014,528.0759999999998,39.682,13.307696184668105,1.0
10,2,5,1.0,10.34635282405952,5,0.5569627640947824,0,0.0,0.35000000000000003,34.268,19.086000000000002,1.795452163889762,1.0
10,3,5,1.0,10.313095730856237,5,0.984691943127962,0,0.0,0.39999999999999997,42.2,41.554,1.0155460364826492,1.0
10,4,5,0.0,-25.4226236088305,200,0.0,0,0.0,15.000000000000004,935.762000000003,54.81,17.072833424557615,1.0
11,0,5,0.0,-25.520643902439026,200,0.0,0,0.0,15.000000000000004,1997.3589999999958,51.25,38.972858536585285,1.0
11,1,5,0.0,-13.593876531871539,15,0.0,10,1.0,0.5,36.688,34.842999999999996,1.0529518124156934,1.0
11,2,5,1.0,10.368134168261147,5,0.9628740509155873,0,0.0,0.3,35.824,34.494,1.0385574302777294,1.0
11,3,5,0.0,-13.48585566049859,15,0.0,10,1.0,0.35000000000000003,23.781,62.25599999999999,0.3819872783346184,1.0
11,4,5,0.0,-25.740790701454845,200,0.0,0,0.0,15.000000000000004,809.0129999999975,61.51499999999999,13.151475249939,1.0
12,0,5,0.0,-13.169825549342367,12,0.0,10,1.0,0.15000000000000002,9.706,25.394,0.3822162715602111,1.0
12,1,5,0.0,-31.359321943406353,200,0.0,3,0.0,19.500000000000032,719.9270000000005,44.952000000000005,16.015460936109637,1.0
12,2,5,1.0,9.92481325256885,8,0.9782879900196727,0,0.0,0.6000000000000001,41.68200000000001,40.77700000000001,1.0221938838070481,1.0
12,3,5,1.0,10.372677641727728,5,1.0,0,0.0,0.3,41.488,41.488,1.0,1.0
12,4,5,0.0,-13.023214517822325,12,0.0,10,1.0,0.15000000000000002,6.428,40.006,0.16067589861520773,1.0
13,0,5,1.0,10.231371356941398,6,0.7959988026342047,0,0.0,0.4,20.044,15.955,1.2562832967721718,1.0
13,1,5,0.0,-23.101571470674934,200,0.0,0,0.0,10.000000000000007,719.299999999999,50.894999999999996,14.133018960605149,1.0
13,2,5,1.0,10.326061524203322,5,0.8765779277590301,0,0.0,0.4,32.004000000000005,28.054000000000002,1.1407998859342696,1.0
13,3,5,0.0,-25.35610913404506,200,0.0,0,0.0,15.000000000000004,1082.241999999997,8.43,128.3798339264528,1.0
13,4,5,1.0,9.847790615042523,9,0.6315035177625293,0,0.0,0.6,69.078,43.623000000000005,1.5835224537514614,1.0
14,0,5,1.0,9.649788232839557,10,0.6642797745541902,0,0.0,0.8000000000000002,43.292,28.758000000000003,1.5053898045761178,1.0
14,1,5,1.0,10.219886512590548,6,1.0,0,0.0,0.39999999999999997,28.990000000000002,28.990000000000002,1.0,1.0
14,2,5,1.0,9.172342960446072,14,0.8896984729865902,0,0.0,1.0,51.604000000000006,45.912000000000006,1.1239763024917233,1.0
14,3,5,0.0,-27.78646622537679,200,0.0,0,0.0,20.000000000000014,1457.259000000006,25.078,58.109059733631305,1.0
14,4,5,0.0,-23.091382643198706,200,0.0,0,0.0,10.000000000000007,898.1999999999975,49.145,18.276528639739496,1.0
15,0,5,1.0,10.009757226017026,7,0.9539384990691404,0,0.0,0.6500000000000001,31.154,29.719,1.0482856085332615,1.0
15,1,5,1.0,9.78645138726976,9,0.7946418646014747,0,0.0,0.7000000000000001,53.97400000000001,42.89,1.2584285381207743,1.0
15,2,5,0.0,-24.598630383152276,200,0.0,0,0.0,14.950000000000003,1113.2790000000007,47.57899999999999,23.398537169759784,1.0
15,3,5,0.0,-23.08004470374306,200,0.0,0,0.0,10.050000000000008,896.9649999999975,52.792,16.990547810274236,1.0
15,4,5,0.0,-24.64108272397339,200,0.0,0,0.0,13.300000000000011,1239.9680000000012,55.93299999999999,22.168809110900565,1.0
16,0,5,1.0,9.420684607270577,12,0.6379287707204988,0,0.0,0.9000000000000001,60.93,38.86899999999999,1.5675731302580465,1.0
16,1,5,0.0,-27.716244477172346,200,0.0,0,0.0,20.10000000000003,1026.3719999999964,21.727999999999998,47.23729749631796,1.0
16,2,5,1.0,9.98679700446144,7,0.7518688901667624,0,0.0,0.7000000000000001,41.736000000000004,31.38,1.3300191204588911,1.0
16,3,5,1.0,10.128756540674054,7,0.9754311437991378,0,0.0,0.4,31.544,30.769000000000002,1.0251876889076668,1.0
16,4,5,1.0,10.053836419228809,7,0.9509348624964666,0,0.0,0.55,49.525999999999996,47.096000000000004,1.0515967385765244,1.0
17,0,5,0.0,-22.952045806990263,200,0.0,0,0.0,10.000000000000007,1657.7359999999978,41.915,39.54994631993315,1.0
17,1,5,0.0,-33.55360973005446,200,0.0,0,0.0,29.5999999999999,929.034000000004,59.93799999999999,15.499916580466552,1.0
17,2,5,0.0,-25.232966143836887,200,0.0,0,0.0,13.350000000000014,879.2249999999989,48.263000000000005,18.21737148540287,1.0
17,3,5,0.0,-23.074097300711376,200,0.0,0,0.0,10.000000000000007,1446.271999999997,60.164,24.038827205637872,1.0
17,4,5,0.0,-23.030171938111128,200,0.0,0,0.0,10.000000000000007,1029.9500000000016,45.306999999999995,22.732690312755242,1.0
18,0,5,0.0,-25.346007998815054,200,0.0,0,0.0,15.000000000000002,1039.5999999999976,33.755,30.798400237001854,1.0
18,1,5,1.0,10.757150271431128,2,1.0,0,0.0,0.1,16.763,16.763,1.0,1.0
18,2,5,1.0,10.443125757999814,4,0.575949707162431,0,0.0,0.35,18.610999999999997,10.719000000000001,1.7362627110737938,1.0
18,3,5,1.0,10.443540038613587,4,1.0,0,0.0,0.35,54.385000000000005,54.385000000000005,1.0,1.0
18,4,5,0.0,-28.06834469498335,200,0.0,0,0.0,20.00000000000003,752.569,40.047,18.79214423052913,1.0
19,0,5,0.0,-13.402398787705039,14,0.0,10,1.0,0.2,10.172,48.83299999999999,0.20830176315196697,1.0
19,1,5,1.0,10.198455586177655,5,0.878725782414307,0,0.0,0.6500000000000001,26.84,23.585,1.138011447954208,1.0
19,2,5,0.0,-12.736506663101128,14,0.0,10,1.0,0.30000000000000004,22.294,22.437,0.9936265989214244,1.0
19,3,5,1.0,10.438195582628511,4,1.0,0,0.0,0.35,22.819,22.819,1.0,1.0
19,4,5,1.0,9.843113197812404,9,0.6617576764618852,0,0.0,0.6,43.93299999999999,29.073,1.511127162659512,1.0
20,0,5,1.0,10.753912980734542,2,1.0,0,0.0,0.1,13.859,13.859,1.0,1.0
20,1,5,1.0,10.564942662215126,3,0.40110625909752545,0,0.0,0.30000000000000004,17.175,6.889,2.4931049499201627,1.0
20,2,5,0.0,-13.196006020149074,12,0.0,10,1.0,0.15000000000000002,10.76,48.836,0.22032926529609304,1.0
20,3,5,0.0,-13.068396042389573,12,0.0,10,1.0,0.15000000000000002,17.79,53.315,0.3336772015380287,1.0
20,4,5,0.0,-22.961692902849045,200,0.0,0,0.0,10.000000000000007,739.0000000000023,41.101,17.980097807839282,1.0
21,0,5,0.0,-23.210180853855018,200,0.0,0,0.0,10.050000000000008,973.8269999999975,26.679,36.501630495895554,1.0
21,1,5,1.0,9.92614040756973,7,1.0,0,0.0,0.8,49.513000000000005,49.513000000000005,1.0,1.0
21,2,5,0.0,-24.25888080688473,200,0.0,0,0.0,12.500000000000014,924.2499999999998,47.293,19.543061341001835,1.0
21,3,5,0.0,-24.841769626769597,200,0.0,0,0.0,13.350000000000012,1147.051999999998,25.641,44.73507273507266,1.0
21,4,5,0.0,-25.69523667089648,200,0.0,0,0.0,14.950000000000003,729.2659999999981,49.647,14.689024513062183,1.0
22,0,5,1.0,10.392518084739924,5,0.39321834928661725,0,0.0,0.3,22.148000000000003,8.709,2.543116316454243,1.0
22,1,5,0.0,-30.79348325535772,200,0.0,0,0.0,24.55,856.5669999999975,62.199,13.771395038505403,1.0
22,2,5,1.0,9.864406457028089,8,0.9295048622140488,0,0.0,0.7500000000000001,35.888999999999996,33.358999999999995,1.0758416019664858,1.0
22,3,5,1.0,10.341349501764181,5,0.9430671347082054,0,0.0,0.35,27.348,25.791,1.0603698964755146,1.0
22,4,5,0.0,-23.04059677450291,200,0.0,0,0.0,10.000000000000007,660.2390000000016,52.147,12.661111856866198,1.0
23,0,5,0.0,-28.00686173941296,200,0.0,0,0.0,20.000000000000014,1218.8000000000054,58.491,20.837393787078447,1.0
23,1,5,0.0,-13.284380900366697,17,0.0,10,1.0,0.5,45.202999999999996,38.451,1.1756001144313541,1.0
23,2,5,0.0,-25.69508433107758,200,0.0,0,0.0,15.050000000000002,1241.1659999999986,38.419999999999995,32.3052056220718,1.0
23,3,5,1.0,9.990993049006253,7,0.8005872483221476,0,0.0,0.7000000000000001,35.760000000000005,28.629,1.24908309755842,1.0
23,4,5,0.0,-13.47224771358117,17,0.0,10,1.0,0.6,29.429000000000002,32.037000000000006,0.9185941255423415,1.0
24,0,5,0.0,-25.175510390689936,200,0.0,0,0.0,13.300000000000013,1045.2109999999989,48.120000000000005,21.720926849542785,1.0
24,1,5,0.0,-12.887683522122787,12,0.0,10,1.0,0.25,11.46,31.958000000000002,0.3585956567995494,1.0
24,2,5,0.0,-12.98167881392886,12,0.0,10,1.0,0.1,9.666,48.159,0.2007101476359559,1.0
24,3,5,0.0,-12.55489881587887,12,0.0,10,1.0,0.2,29.058,41.211999999999996,0.7050858973114628,1.0
24,4,5,0.0,-13.128177945472249,12,0.0,10,1.0,0.1,8.982,24.648000000000003,0.364410905550146,1.0
25,0,5,0.0,-25.59537836534112,200,0.0,0,0.0,14.950000000000003,1350.6549999999984,66.33800000000001,20.36020078989415,1.0
25,1,5,1.0,9.742658875533623,9,0.7335539466086262,0,0.0,0.8,45.025999999999996,33.028999999999996,1.363226255714675,1.0
25,2,5,0.0,-23.431533559230765,200,0.0,0,0.0,10.000000000000007,1026.1940000000022,44.563,23.027937975450534,1.0
25,3,5,1.0,9.973158564624732,7,0.9723730437559885,0,0.0,0.7000000000000001,50.096,48.711999999999996,1.0284118902939727,1.0
25,4,5,1.0,10.302184332207007,5,0.800569496351664,0,0.0,0.44999999999999996,28.095000000000002,22.492,1.2491107949493154,1.0
26,0,5,0.0,-25.37485476406429,200,0.0,0,0.0,15.000000000000002,1459.0000000000018,42.999,33.931021651666356,1.0
26,1,5,0.0,-23.10789497537546,200,0.0,0,0.0,10.000000000000007,973.8000000000042,33.097,29.422606278514795,1.0
26,2,5,0.0,-13.25620384734719,17,0.0,10,1.0,0.65,58.099000000000004,48.345000000000006,1.2017581962974453,1.0
26,3,5,0.0,-23.07385071162414,200,0.0,0,0.0,10.200000000000012,952.2560000000026,32.742,29.083623480544947,1.0
26,4,5,0.0,-13.836987913292337,17,0.0,10,1.0,0.6,38.815000000000005,65.69200000000001,0.5908634232478841,1.0
27,0,5,0.0,-25.442041121789803,200,0.0,0,0.0,14.950000000000003,1314.8340000000012,57.123000000000005,23.017593613780807,1.0
27,1,5,0.0,-26.364524875733235,200,0.0,0,0.0,16.700000000000053,552.1579999999994,44.662,12.363037929335889,1.0
27,2,5,1.0,10.75569707617016,2,1.0,0,0.0,0.1,7.968999999999999,7.968999999999999,1.0,1.0
27,3,5,0.0,-25.649545390113943,200,0.0,0,0.0,15.000000000000004,604.5839999999976,49.383,12.242755604155226,1.0
27,4,5,0.0,-23.510591272872155,200,0.0,0,0.0,10.050000000000008,841.348999999998,30.113000000000003,27.939727028193733,1.0
28,0,5,1.0,9.71624938500275,9,0.6396334690855238,0,0.0,0.85,54.02,34.553,1.5633953636442568,1.0
28,1,5,0.0,-29.796863010842422,200,0.0,0,0.0,23.250000000000018,754.9739999999979,57.55199999999999,13.118119266055011,1.0
28,2,5,1.0,10.489190033347423,4,0.7675474963048415,0,0.0,0.25,27.738999999999997,21.290999999999997,1.3028509698933823,1.0
28,3,5,0.0,-23.29545764523269,200,0.0,0,0.0,10.20000000000001,730.407000000003,39.299,18.585892770808496,1.0
28,4,5,0.0,-24.687391777610234,200,0.0,0,0.0,13.300000000000013,619.3799999999997,47.772,12.965335342878667,1.0
29,0,5,1.0,10.316401394133022,5,0.907522303325223,0,0.0,0.39999999999999997,49.32,44.759,1.1019012935945842,1.0
29,1,5,0.0,-25.61493419032997,200,0.0,0,0.0,15.050000000000002,718.0159999999979,52.12,13.776208749040636,1.0
29,2,5,1.0,10.755774770085026,2,1.0,0,0.0,0.1,11.526,11.526,1.0,1.0
29,3,5,0.0,-25.646336092018483,200,0.0,0,0.0,15.000000000000004,1354.5999999999983,35.644999999999996,38.00252489830267,1.0
29,4,5,0.0,-28.62119054506383,200,0.0,0,0.0,19.950000000000028,630.1209999999995,48.398,13.019566924253057,1.0
30,0,5,1.0,9.707912102646615,9,0.8678924376969348,0,0.0,0.85,55.856000000000016,48.477000000000004,1.1522165150483736,1.0
30,1,5,0.0,-23.23254608570745,200,0.0,0,0.0,10.000000000000007,1076.7130000000025,58.478,18.412274701597223,1.0
30,2,5,1.0,10.024393218427267,6,0.9267025967662913,0,0.0,0.8,30.614999999999995,28.371000000000002,1.079094850375383,1.0
30,3,5,0.0,-25.57410092337603,200,0.0,0,0.0,14.950000000000003,1726.2010000000016,24.692,69.90932285760577,1.0
30,4,5,0.0,-23.480640264877884,200,0.0,0,0.0,10.000000000000007,1064.3490000000047,23.256,45.76664086687327,1.0
31,0,5,0.0,-25.415538825757512,200,0.0,0,0.0,15.000000000000002,1031.1999999999955,10.559999999999999,97.65151515151474,1.0
31,1,5,1.0,10.294030618569481,5,0.7718878576212802,0,0.0,0.45,31.353,24.201,1.2955249783066816,1.0
31,2,5,1.0,9.743782274458491,9,0.6540283635919066,0,0.0,0.8,65.436,42.797000000000004,1.5289856765661145,1.0
31,3,5,0.0,-30.847296661965267,200,0.0,0,0.0,25.0,1594.4119999999955,21.269999999999996,74.96060178655364,1.0
31,4,5,0.0,-23.074761545323465,200,0.0,0,0.0,10.000000000000007,871.599999999996,58.291999999999994,14.952309064708642,1.0
32,0,5,1.0,10.027507540809085,7,0.7483237070968598,0,0.0,0.6,30.126,22.544,1.336320085166785,1.0
32,1,5,0.0,-26.19148480300194,200,0.0,0,0.0,15.150000000000002,1434.4830000000024,26.650000000000002,53.826754221388455,1.0
32,2,5,0.0,-27.913318934485126,200,0.0,0,0.0,20.000000000000014,1826.000000000009,41.669999999999995,43.820494360451384,1.0
32,3,5,0.0,-24.79096672653881,200,0.0,0,0.0,13.300000000000013,1235.5070000000012,56.230999999999995,21.97199053902654,1.0
32,4,5,0.0,-23.628971411201704,200,0.0,0,0.0,10.15000000000001,753.1560000000025,64.15100000000001,11.740362582033052,1.0
33,0,5,1.0,10.369921008254193,5,1.0,0,0.0,0.30000000000000004,22.534,22.534,1.0,1.0
33,1,5,1.0,9.988672106247078,8,0.8713328242979554,0,0.0,0.49999999999999994,58.935,51.352000000000004,1.1476670821000154,1.0
33,2,5,1.0,9.99765726988932,8,0.5778713168971739,0,0.0,0.49999999999999994,36.586,21.142000000000003,1.7304890738813732,1.0
33,3,5,0.0,-26.0476840889872,200,0.0,0,0.0,15.000000000000002,720.1039999999972,61.492000000000004,11.710531451245645,1.0
33,4,5,1.0,9.673970595232431,10,0.8795011821814909,0,0.0,0.7500000000000001,47.793000000000006,42.034,1.1370081362706381,1.0
34,0,5,1.0,10.469428397894452,4,0.838216992872497,0,0.0,0.3,35.356,29.636000000000003,1.193008503171818,1.0
34,1,5,1.0,10.875,1,1.0,0,0.0,0.05,3.187,3.187,1.0,1.0
34,2,5,0.0,-24.302424095107554,200,0.0,0,0.0,17.500000000000032,1028.7209999999993,22.627,45.464312546957146,1.0
34,3,5,0.0,-22.998805234212078,200,0.0,0,0.0,10.000000000000007,638.429000000003,52.73,12.107509956381625,1.0
34,4,5,1.0,10.414299817431875,4,0.9454975545823611,0,0.0,0.4,31.282999999999998,29.578,1.0576441950098046,1.0
35,0,5,0.0,-12.897099638030372,11,0.0,10,1.0,0.05,6.185,46.689,0.13247231681980765,1.0
35,1,5,1.0,10.875,1,1.0,0,0.0,0.05,2.513,2.513,1.0,1.0
35,2,5,1.0,10.730889724310776,2,1.0,0,0.0,0.15000000000000002,9.576,9.576,1.0,1.0
35,3,5,0.0,-28.025340121683268,200,0.0,0,0.0,20.00000000000002,1123.4499999999998,47.336000000000006,23.73352205509548,1.0
35,4,5,0.0,-12.859067030945683,11,0.0,10,1.0,0.05,8.488,36.968,0.2296039818221164,1.0
36,0,5,1.0,10.587002399680042,3,1.0,0,0.0,0.25,15.002,15.002,1.0,1.0
36,1,5,1.0,10.53553489495291,3,0.6619245524296676,0,0.0,0.35,12.511999999999999,8.282,1.5107461965708764,1.0
36,2,5,0.0,-33.39654343067646,200,0.0,0,0.0,29.749999999999897,914.1309999999974,37.462,24.40155357428854,1.0
36,3,5,1.0,10.000079207920791,8,0.4908026359455744,0,0.0,0.5,42.186,20.705000000000002,2.0374788698382034,1.0
36,4,5,0.0,-24.75012199739181,200,0.0,0,0.0,13.300000000000013,656.1530000000001,23.771,27.60308779605402,1.0
37,0,5,0.0,-25.482118840934167,200,0.0,0,0.0,15.000000000000002,1041.0929999999976,65.432,15.911067978970497,1.0
37,1,5,0.0,-25.20823352382237,200,0.0,0,0.0,13.400000000000013,971.8080000000012,29.573,32.861326209718364,1.0
37,2,5,0.0,-27.900870608335353,200,0.0,0,0.0,20.000000000000014,1686.0630000000012,55.019,30.645104418473643,1.0
37,3,5,1.0,9.928098136412123,7,0.7187570468587922,0,0.0,0.8,22.173000000000002,15.937,1.3912907071594405,1.0
37,4,5,1.0,10.208646004754069,6,0.605916241967649,0,0.0,0.45,27.078,16.407,1.6503931248857195,1.0
38,0,5,0.0,-30.25187979943542,200,0.0,0,0.0,25.05,630.4750000000022,50.657,12.445960084489847,1.0
38,1,5,0.0,-14.178818884102814,22,0.0,10,1.0,0.7500000000000001,67.1,49.449,1.356953628991486,1.0
38,2,5,0.0,-14.427473499267935,22,0.0,10,1.0,0.9000000000000001,78.77999999999999,51.225,1.5379209370424594,1.0
38,3,5,0.0,-23.056645751968716,200,0.0,0,0.0,10.000000000000007,570.6890000000021,62.476,9.134531660157535,1.0
38,4,5,0.0,-23.074761417930706,200,0.0,0,0.0,10.000000000000007,1032.6000000000017,47.929,21.544367710571922,1.0
39,0,5,1.0,9.985482609419204,8,0.5686212661262342,0,0.0,0.5499999999999999,31.703,18.027,1.7586398180507017,1.0
39,1,5,1.0,10.466219931271478,4,0.6594038696182674,0,0.0,0.30000000000000004,17.211000000000002,11.349,1.5165212794078775,1.0
39,2,5,0.0,-28.49544510722615,200,0.0,0,0.0,19.900000000000013,1811.512000000009,48.449000000000005,37.39008029061505,1.0
39,3,5,1.0,10.592051282051282,3,0.8205504587155963,0,0.0,0.25,16.35,13.416,1.2186940966010733,1.0
39,4,5,0.0,-30.345644050184642,200,0.0,0,0.0,24.900000000000002,447.4729999999986,51.96799999999999,8.610548799261059,1.0
40,0,5,0.0,-22.995690766495194,200,0.0,0,0.0,10.000000000000007,718.9960000000001,62.98800000000001,11.414809170000636,1.0
40,1,5,0.0,-23.132844424112324,200,0.0,0,0.0,10.000000000000007,875.8550000000018,28.417,30.82151529014329,1.0
40,2,5,0.0,-25.439534869286767,200,0.0,0,0.0,15.050000000000002,739.2639999999984,40.278999999999996,18.353583753320553,1.0
40,3,5,0.0,-23.005029150519565,200,0.0,0,0.0,10.000000000000007,655.7110000000001,58.318,11.243715490929047,1.0
40,4,5,0.0,-25.476229270361316,200,0.0,0,0.0,15.000000000000002,1354.5999999999983,44.803,30.234582505635746,1.0
41,0,5,0.0,-23.112370410888378,200,0.0,0,0.0,10.050000000000008,753.3129999999992,62.15800000000001,12.119324946105072,1.0
41,1,5,0.0,-28.093726057716797,200,0.0,0,0.0,20.000000000000014,1016.4120000000013,35.241,28.841746828977648,1.0
41,2,5,0.0,-13.331887566137567,12,0.0,10,1.0,0.15000000000000002,9.442,37.800000000000004,0.24978835978835975,1.0
41,3,5,0.0,-23.103930534681215,200,0.0,0,0.0,10.000000000000007,736.075000000003,48.571000000000005,15.154619011344279,1.0
41,4,5,0.0,-12.938539191739757,12,0.0,10,1.0,0.15000000000000002,9.098,36.028,0.2525258132563562,1.0
42,0,5,0.0,-24.60829545953059,200,0.0,0,0.0,12.500000000000014,492.8230000000004,45.58999999999999,10.809892520289548,1.0
42,1,5,0.0,-23.41001571413201,200,0.0,0,0.0,10.100000000000009,303.03099999999927,46.455000000000005,6.5231083844580615,1.0
42,2,5,0.0,-29.714568654734087,200,0.0,0,0.0,22.750000000000018,971.2079999999987,47.43300000000001,20.47536525203969,1.0
42,3,5,0.0,-24.7586170608619,200,0.0,0,0.0,13.350000000000012,1234.2070000000012,42.998999999999995,28.70315588734625,1.0
42,4,5,1.0,10.607199660152931,3,0.5510299625468165,0,0.0,0.2,10.68,5.885,1.814783347493628,1.0
43,0,5,0.0,-24.695142728834746,200,0.0,0,0.0,13.300000000000013,1347.7789999999973,51.21600000000001,26.31558497344574,1.0
43,1,5,0.0,-30.545537778919595,200,0.0,0,0.0,24.95,1222.438,50.59700000000001,24.160286182975273,1.0
43,2,5,0.0,-25.44242769985068,200,0.0,0,0.0,15.000000000000002,754.913,54.25299999999999,13.914677529353218,1.0
43,3,5,1.0,10.484511095288951,4,0.9423363649917997,0,0.0,0.25,26.828,25.281000000000002,1.0611921996756457,1.0
43,4,5,1.0,10.096989357347525,7,0.9841679087942634,0,0.0,0.44999999999999996,49.646,48.86,1.016086778550962,1.0
44,0,5,1.0,9.79716956165592,9,0.7626057150179396,0,0.0,0.7000000000000001,62.432,47.611000000000004,1.3112936086198568,1.0
44,1,5,1.0,10.229543574139287,6,0.954165851112416,0,0.0,0.39999999999999997,30.654,29.249000000000002,1.048035830284796,1.0
44,2,5,1.0,10.036688150301192,8,1.0,0,0.0,0.39999999999999997,47.478,47.478,1.0,1.0
44,3,5,1.0,9.615551658163266,11,0.5283130119822267,0,0.0,0.7500000000000002,47.487,25.088,1.8928172831632653,1.0
44,4,5,0.0,-23.05308919214596,200,0.0,0,0.0,10.000000000000007,563.2910000000012,34.734,16.217279898658408,1.0
45,0,5,0.0,-24.8974986819444,200,0.0,0,0.0,13.450000000000014,846.396000000001,56.902,14.874626550912112,1.0
45,1,5,0.0,-25.623290881304104,200,0.0,0,0.0,15.000000000000004,918.411999999998,43.186,21.26642893530306,1.0
45,2,5,0.0,-23.087097767944673,200,0.0,0,0.0,10.000000000000007,729.062000000003,35.706999999999994,20.417901251855465,1.0
45,3,5,0.0,-25.7636361168422,200,0.0,0,0.0,14.950000000000003,823.0470000000012,36.836,22.343549788250655,1.0
45,4,5,0.0,-23.267064094436932,200,0.0,0,0.0,10.000000000000007,1460.9749999999967,58.367000000000004,25.03083934414989,1.0
46,0,5,1.0,10.330241113596818,5,0.6876041533136779,0,0.0,0.4,23.403,16.092000000000002,1.4543251304996268,1.0
46,1,5,0.0,-13.310680517229585,13,0.0,10,1.0,0.30000000000000004,13.7,43.849000000000004,0.31243585942666874,1.0
46,2,5,0.0,-26.025745018822832,200,0.0,0,0.0,14.950000000000003,907.3249999999987,54.455,16.661922688458336,1.0
46,3,5,0.0,-13.042391988283475,13,0.0,10,1.0,0.15000000000000002,17.643,36.870999999999995,0.478506143039245,1.0
46,4,5,0.0,-23.525467796171757,200,0.0,0,0.0,10.20000000000001,1045.933999999995,77.32,13.527340920848358,1.0
47,0,5,0.0,-28.28438544489609,200,0.0,0,0.0,19.80000000000003,719.7360000000004,35.424,20.317750677506787,1.0
47,1,5,1.0,10.271629056971722,5,0.5073856809668529,0,0.0,0.5,28.298,14.358,1.9708873102103355,1.0
47,2,5,0.0,-33.118683810809614,200,0.0,0,0.0,30.000000000000004,1421.0000000000027,47.402,29.977638074342913,1.0
47,3,5,0.0,-24.93606721899558,200,0.0,0,0.0,13.450000000000014,840.8020000000009,46.832,17.953578749572962,1.0
47,4,5,0.0,-23.083705800662358,200,0.0,0,0.0,10.000000000000007,1079.4000000000033,46.805,23.061638713812698,1.0
48,0,5,0.0,-28.234727494251196,200,0.0,0,0.0,20.05000000000003,943.0169999999987,29.137000000000004,32.36493118715031,1.0
48,1,5,1.0,10.755423162583519,2,0.9157658576381806,0,0.0,0.1,9.806000000000001,8.98,1.0919821826280625,1.0
48,2,5,1.0,9.802978579146979,9,0.7878641181871295,0,0.0,0.7000000000000001,59.905,47.196999999999996,1.269254401762824,1.0
48,3,5,0.0,-28.09867165985513,200,0.0,0,0.0,19.900000000000013,968.7890000000003,57.010999999999996,16.9930188910912,1.0
48,4,5,0.0,-25.604824384814037,200,0.0,0,0.0,15.000000000000004,885.2000000000028,42.223,20.964876962792857,1.0
49,0,5,1.0,10.343173495801503,5,0.9794694205676829,0,0.0,0.35000000000000003,16.171,15.839,1.0209609192499527,1.0
49,1,5,0.0,-25.677675502812672,200,0.0,0,0.0,15.100000000000003,971.6210000000029,51.908,18.71813593280425,1.0
49,2,5,1.0,10.339602432179607,5,0.747225862822193,0,0.0,0.35,57.225,42.76,1.338283442469598,1.0
49,3,5,1.0,9.52466478388998,11,0.8240551798573283,0,0.0,0.85,59.297,48.864,1.2135109692206942,1.0
49,4,5,0.0,-22.952576785606066,200,0.0,0,0.0,10.000000000000007,844.6370000000001,33.014,25.5842067001878,1.0
50,0,5,0.0,-15.342168174266195,29,0.0,10,1.0,1.75,39.87800000000001,65.004,0.6134699403113655,1.0
50,1,5,0.0,-14.419410240202271,29,0.0,10,1.0,1.2000000000000004,96.67999999999999,63.279999999999994,1.5278128950695322,1.0
50,2,5,0.0,-23.064363516338474,200,0.0,0,0.0,10.000000000000007,963.8250000000031,36.356,26.51075475849937,1.0
50,3,5,0.0,-33.18522415940224,200,0.0,0,0.0,29.549999999999898,913.1170000000037,32.120000000000005,28.428300124533113,1.0
50,4,5,1.0,10.875,1,1.0,0,0.0,0.05,2.973,2.973,1.0,1.0
51,0,5,0.0,-28.156967821257417,200,0.0,0,0.0,20.000000000000014,2678.8239999999987,47.174,56.78602620087334,1.0
51,1,5,1.0,10.298564393701776,5,0.8254880637978355,0,0.0,0.45,38.622,31.882,1.2114045542939589,1.0
51,2,5,1.0,9.526439686369118,12,0.29101504221297814,0,0.0,0.75,56.97299999999999,16.580000000000002,3.436248492159227,1.0
51,3,5,1.0,10.343039489326511,5,0.7631049579931369,0,0.0,0.35,25.352999999999998,19.346999999999998,1.3104357264692201,1.0
51,4,5,1.0,10.59142120412569,3,0.6391231028667791,0,0.0,0.25,13.046000000000001,8.338000000000001,1.5646437994722955,1.0
52,0,5,0.0,-24.751798313476737,200,0.0,0,0.0,12.250000000000018,917.6730000000023,51.704,17.748588116973586,1.0
52,1,5,1.0,10.207833390722614,6,0.6821583168350056,0,0.0,0.45000000000000007,29.801,20.329,1.4659353632741403,1.0
52,2,5,0.0,-26.585052892697565,200,0.0,0,0.0,16.599999999999994,1035.7240000000015,48.778000000000006,21.233424904670166,1.0
52,3,5,0.0,-23.01715351627853,200,0.0,0,0.0,10.000000000000007,676.5189999999973,52.001,13.009730582104138,1.0
52,4,5,0.0,-22.71350164654219,200,0.0,0,0.0,10.000000000000007,1252.7999999999977,21.863999999999997,57.299670691547654,1.0
53,0,5,1.0,9.915428479150219,8,0.6785221498952972,0,0.0,0.65,61.60300000000001,41.799,1.4737912390248573,1.0
53,1,5,0.0,-28.031114048460825,200,0.0,0,0.0,19.950000000000017,1512.9559999999972,30.829,49.075740374322784,1.0
53,2,5,0.0,-25.146498601095466,200,0.0,0,0.0,15.050000000000002,785.3560000000034,25.377000000000002,30.94755093194638,1.0
53,3,5,1.0,10.31733112519507,5,0.9105118167319124,0,0.0,0.39999999999999997,34.485,31.398999999999997,1.0982833848211728,1.0
53,4,5,0.0,-25.610782664059325,200,0.0,0,0.0,15.000000000000004,974.399999999997,43.977999999999994,22.156532811860412,1.0
54,0,5,1.0,10.19924193761274,6,0.9538377607117378,0,0.0,0.45,47.658,45.458,1.0483963218795371,1.0
54,1,5,1.0,9.750391465053763,9,0.6859829887283037,0,0.0,0.7999999999999999,43.383,29.759999999999998,1.4577620967741938,1.0
54,2,5,0.0,-25.785278811242065,200,0.0,0,0.0,14.950000000000003,1146.0400000000043,22.309,51.37119548164437,1.0
54,3,5,0.0,-13.198652282476472,15,0.0,10,1.0,0.3,32.717,46.857,0.6982307872889856,1.0
54,4,5,0.0,-13.253174563141776,15,0.0,10,1.0,0.3,21.828,27.755000000000003,0.7864528913709241,1.0
55,0,5,0.0,-28.33793528528079,200,0.0,0,0.0,19.95000000000003,716.0880000000004,33.949,21.093051341718475,1.0
55,1,5,0.0,-29.842903243550627,200,0.0,0,0.0,24.8,618.8639999999983,54.539,11.347182749958714,1.0
55,2,5,0.0,-24.907789875096796,200,0.0,0,0.0,13.300000000000013,918.6899999999972,36.188,25.38659224052164,1.0
55,3,5,0.0,-30.46420504171317,200,0.0,0,0.0,25.0,445.9169999999986,66.40599999999999,6.715010691804937,1.0
55,4,5,0.0,-29.052814330713304,200,0.0,0,0.0,24.900000000000002,1223.416,33.969,36.01566133827902,1.0
56,0,5,0.0,-27.987406070274215,200,0.0,0,0.0,20.000000000000014,1818.637000000009,47.642,38.17297762478504,1.0
56,1,5,1.0,10.374377221856484,5,0.7077625570776255,0,0.0,0.3,21.462000000000003,15.19,1.4129032258064518,1.0
56,2,5,0.0,-25.643048951048932,200,0.0,0,0.0,15.000000000000004,1082.698999999997,35.75,30.28528671328663,1.0
56,3,5,1.0,10.365750843764685,4,1.0,0,0.0,0.5,23.407,23.407,1.0,1.0
56,4,5,1.0,10.515309696710808,4,0.8811517831937518,0,0.0,0.2,21.254,18.728,1.134878257155062,1.0
57,0,5,0.0,-23.590300491050286,200,0.0,0,0.0,10.150000000000011,978.623000000002,63.129999999999995,15.50171075558375,1.0
57,1,5,0.0,-23.423583102992442,200,0.0,0,0.0,10.050000000000008,985.2790000000049,33.284,29.60218122821791,1.0
57,2,5,1.0,9.900350503114518,8,0.6914373747246012,0,0.0,0.7,60.367000000000004,41.74,1.4462625778629612,1.0
57,3,5,1.0,10.755113177750484,2,1.0,0,0.0,0.1,11.398,11.398,1.0,1.0
57,4,5,0.0,-23.34057108562283,200,0.0,0,0.0,10.000000000000007,897.6209999999976,37.49,23.94294478527601,1.0
58,0,5,1.0,10.075944484498919,7,0.5027096996893338,0,0.0,0.55,57.94,29.127,1.9892196244034743,1.0
58,1,5,1.0,10.279075546719682,5,0.6647013977128337,0,0.0,0.5,19.674999999999997,13.078000000000001,1.5044349288882088,1.0
58,2,5,0.0,-24.21317073170724,200,0.0,0,0.0,12.500000000000014,883.8000000000008,32.8,26.945121951219537,1.0
58,3,5,0.0,-25.392743395275218,200,0.0,0,0.0,15.000000000000002,936.200000000003,43.643,21.45132094493969,1.0
58,4,5,1.0,10.031051919860504,7,0.7415490170207152,0,0.0,0.6000000000000001,37.894999999999996,28.101,1.3485285221166505,1.0
59,0,5,0.0,-24.843377816291177,200,0.0,0,0.0,15.000000000000002,2203.9490000000037,11.54,190.98344887348387,1.0
59,1,5,0.0,-25.242083758937664,200,0.0,0,0.0,15.000000000000002,1313.0000000000066,25.454,51.58324821246195,1.0
59,2,5,0.0,-23.262536873156325,200,0.0,0,0.0,10.000000000000007,961.2000000000031,18.306,52.507374631268604,1.0
59,3,5,1.0,9.596099720951864,11,0.8239238727806873,0,0.0,0.7000000000000002,62.632,51.604000000000006,1.2137043640027902,1.0
59,4,5,0.0,-30.559571273235715,200,0.0,0,0.0,25.0,460.19999999999834,38.626,11.914254647128836,1.0
60,0,5,0.0,-28.065109472403808,200,0.0,0,0.0,19.950000000000024,986.3119999999993,39.462,24.993968881455558,1.0
60,1,5,0.0,-12.9,10,0.0,10,1.0,0.0,0.0,24.196,0.0,1.0
60,2,5,1.0,10.755865573185952,2,0.8738121202679544,0,0.0,0.1,6.4190000000000005,5.609,1.144410768407916,1.0
60,3,5,0.0,-12.899999999999999,10,0.0,10,1.0,0.0,0.0,32.363,0.0,1.0
60,4,5,0.0,-22.966757938223516,200,0.0,0,0.0,10.000000000000007,984.4830000000026,62.451,15.764087044242727,1.0
61,0,5,0.0,-12.834677512403369,11,0.0,10,1.0,0.1,8.549,34.66799999999999,0.24659628475827858,1.0
61,1,5,0.0,-25.3766162843956,200,0.0,0,0.0,15.000000000000004,940.687000000003,56.766,16.57131029137165,1.0
61,2,5,0.0,-25.542344014851892,200,0.0,0,0.0,15.000000000000004,639.5999999999977,61.945,10.32528856243438,1.0
61,3,5,0.0,-12.967724746930866,11,0.0,10,1.0,0.1,6.788,23.215,0.2923971570105535,1.0
61,4,5,1.0,9.659444167652737,10,0.6368287459347981,0,0.0,0.8,50.428,32.114,1.5702808743850034,1.0
62,0,5,0.0,-25.399908118166945,200,0.0,0,0.0,15.000000000000002,637.4000000000018,34.391999999999996,18.533379855780467,1.0
62,1,5,1.0,10.756171408080325,2,0.9887720127644486,0,0.0,0.1,8.461,8.366,1.0113554864929477,1.0
62,2,5,0.0,-27.066649346934884,200,0.0,0,0.0,19.850000000000016,2646.617999999999,20.978,126.16159786442935,1.0
62,3,5,0.0,-23.010539797182382,200,0.0,0,0.0,10.000000000000007,606.1999999999992,47.629000000000005,12.727539944151655,1.0
62,4,5,1.0,10.46640817783216,4,0.8874310017193016,0,0.0,0.3,22.102,19.614000000000004,1.126848169674722,1.0
63,0,5,1.0,10.166098754830399,5,0.7689513998943475,0,0.0,0.7,15.144000000000002,11.645,1.3004723057106056,1.0
63,1,5,1.0,10.681275177304965,2,0.44389875330562895,0,0.0,0.25,7.941000000000001,3.525,2.2527659574468086,1.0
63,2,5,0.0,-12.700664424684604,12,0.0,10,1.0,0.2,29.098,52.632,0.5528575771393829,1.0
63,3,5,0.0,-23.07833103419875,200,0.0,0,0.0,10.100000000000009,904.5479999999967,48.56900000000001,18.623978257736344,1.0
63,4,5,0.0,-12.665823507392851,12,0.0,10,1.0,0.25,13.82,21.372,0.6466404641587123,1.0
64,0,5,0.0,-23.28795336592709,200,0.0,0,0.0,13.300000000000013,849.088999999999,13.295,63.86528770214359,1.0
64,1,5,1.0,9.897368692734545,9,0.7313689217758985,0,0.0,0.49999999999999994,52.976,38.745,1.3672990063233967,1.0
64,2,5,0.0,-28.507753651105045,200,0.0,0,0.0,19.80000000000003,777.3710000000002,57.106,13.612772738416282,1.0
64,3,5,1.0,10.084001853782876,7,0.6043017377788359,0,0.0,0.5,71.41299999999998,43.154999999999994,1.65480245626231,1.0
64,4,5,0.0,-23.033050097644587,200,0.0,0,0.0,10.000000000000007,974.8000000000033,50.181999999999995,19.42529193734812,1.0
65,0,5,0.0,-25.641171130276827,200,0.0,0,0.0,15.000000000000004,708.303999999998,28.639000000000003,24.73214846887105,1.0
65,1,5,1.0,10.103808547547704,7,0.7693054291780406,0,0.0,0.44999999999999996,49.455000000000005,38.046,1.2998738369342377,1.0
65,2,5,0.0,-26.348789660831578,200,0.0,0,0.0,15.100000000000003,2958.6730000000043,21.936,134.87750729394622,1.0
65,3,5,0.0,-25.25429351328805,200,0.0,0,0.0,15.000000000000004,1296.1999999999991,26.377000000000002,49.141297342381584,1.0
65,4,5,0.0,-28.084658542022684,200,0.0,0,0.0,20.000000000000014,2253.8540000000075,53.827999999999996,41.87140521661603,1.0
66,0,5,0.0,-26.545165438342213,200,0.0,0,0.0,17.500000000000036,875.8669999999985,32.429,27.00875759351193,1.0
66,1,5,0.0,-25.7748567435359,200,0.0,0,0.0,15.000000000000002,325.3019999999998,48.653999999999996,6.6860278702676,1.0
66,2,5,0.0,-23.687065255972684,200,0.0,0,0.0,10.050000000000008,1073.9510000000032,36.625,29.322894197952305,1.0
66,3,5,0.0,-22.904645419263776,200,0.0,0,0.0,10.000000000000007,824.1999999999977,42.515,19.38609902387387,1.0
66,4,5,1.0,10.463039456296016,4,1.0,0,0.0,0.3,15.890999999999998,15.890999999999998,1.0,1.0
67,0,5,0.0,-25.495535978241584,200,0.0,0,0.0,15.000000000000004,1038.2699999999975,67.652,15.347218116241907,1.0
67,1,5,0.0,-26.22650122850128,200,0.0,0,0.0,15.000000000000004,427.67599999999857,38.665,11.061062976852414,1.0
67,2,5,0.0,-25.507606954930285,200,0.0,0,0.0,15.000000000000004,802.9999999999977,52.452000000000005,15.309235110195944,1.0
67,3,5,0.0,-26.354606684672504,200,0.0,0,0.0,16.700000000000053,703.9269999999984,59.24,11.88262997974339,1.0
67,4,5,1.0,9.708201562184858,9,0.8585303655196297,0,0.0,0.8500000000000001,63.526,54.539,1.164781165771283,1.0
68,0,5,0.0,-24.821464652666947,200,0.0,0,0.0,13.300000000000013,801.1049999999991,24.429000000000002,32.79319661058574,1.0
68,1,5,1.0,10.412931688194845,4,1.0,0,0.0,0.4,31.122,31.122,1.0,1.0
68,2,5,1.0,10.18335681352459,6,0.686731516825274,0,0.0,0.5,56.849,39.04,1.456173155737705,1.0
68,3,5,0.0,-23.25230354796322,200,0.0,0,0.0,10.050000000000008,483.25700000000063,34.245,14.11175354066289,1.0
68,4,5,0.0,-23.00778832060476,200,0.0,0,0.0,10.000000000000007,450.8930000000009,25.926000000000002,17.391537452750168,1.0
69,0,5,1.0,9.903683675248445,9,0.6576970855231725,0,0.0,0.49999999999999994,52.325,34.414,1.5204567908409368,1.0
69,1,5,0.0,-23.323250225448316,200,0.0,0,0.0,10.050000000000008,907.2189999999966,67.643,13.41186819035224,1.0
69,2,5,0.0,-25.907556162582484,200,0.0,0,0.0,14.950000000000003,975.8970000000043,44.11299999999999,22.122662253757497,1.0
69,3,5,0.0,-23.568659044156334,200,0.0,0,0.0,10.050000000000008,991.8829999999975,41.806,23.725852748409263,1.0
69,4,5,0.0,-25.78415605579935,200,0.0,0,0.0,15.050000000000002,1029.5370000000025,69.033,14.913693450958274,1.0
70,0,5,0.0,-22.962781731048423,200,0.0,0,0.0,10.000000000000007,639.200000000003,27.544,23.206505954109897,1.0
70,1,5,0.0,-28.35313575773261,200,0.0,0,0.0,19.750000000000032,322.5159999999989,30.907999999999998,10.434709460333858,1.0
70,2,5,1.0,9.916165852670431,8,0.7696211740659263,0,0.0,0.65,57.730999999999995,44.43099999999999,1.2993405505165314,1.0
70,3,5,1.0,10.246827718927756,5,0.906141975308642,0,0.0,0.55,32.4,29.359,1.1035798222010285,1.0
70,4,5,1.0,10.24642588325653,6,0.8593208593208592,0,0.0,0.35,30.302999999999997,26.039999999999996,1.163709677419355,1.0
71,0,5,0.0,-13.50001752379098,16,0.0,10,1.0,0.3,31.715999999999998,41.087,0.7719229926740817,1.0
71,1,5,1.0,10.32638064766337,5,0.46778692428056323,0,0.0,0.39999999999999997,44.097,20.627999999999997,2.1377254217568358,1.0
71,2,5,0.0,-13.433119621342513,16,0.0,10,1.0,0.35,27.85,46.48,0.5991824440619622,1.0
71,3,5,0.0,-26.235170243820715,200,0.0,0,0.0,16.699999999999996,1148.4289999999992,41.79299999999999,27.47897973344817,1.0
71,4,5,1.0,10.337367973182053,5,1.0,0,0.0,0.35000000000000003,38.779999999999994,38.779999999999994,1.0,1.0
72,0,5,0.0,-24.949972849171388,200,0.0,0,0.0,13.400000000000013,1246.6600000000012,60.035,20.765553427167507,1.0
72,1,5,1.0,10.511354320451586,4,0.6511904088672736,0,0.0,0.2,35.366,23.029999999999998,1.5356491532783327,1.0
72,2,5,0.0,-36.23802691533334,200,0.0,8,0.0,18.950000000000035,583.3640000000009,37.748000000000005,15.45416975733816,1.0
72,3,5,0.0,-13.398662192393736,16,0.0,10,1.0,0.6,27.549999999999997,42.465,0.6487695749440715,1.0
72,4,5,0.0,-13.38118448762268,16,0.0,10,1.0,0.45000000000000007,25.729,50.334,0.5111654150276155,1.0
73,0,5,1.0,9.608121417347231,11,0.5752132399745385,0,0.0,0.7000000000000003,78.55,45.183,1.7384857136533651,1.0
73,1,5,0.0,-25.64712005551692,200,0.0,0,0.0,15.000000000000004,1245.4289999999983,31.702,39.28550249195629,1.0
73,2,5,0.0,-25.447738906896156,200,0.0,0,0.0,15.000000000000004,1026.8000000000025,35.788000000000004,28.69118140158719,1.0
73,3,5,1.0,10.414477296207016,4,0.9991643727880455,0,0.0,0.4,20.344,20.326999999999998,1.0008363260687756,1.0
73,4,5,1.0,10.730303114263549,2,0.8934547975047034,0,0.0,0.15000000000000002,10.099,9.023,1.119250803502161,1.0
74,0,5,0.0,-23.422457095251314,200,0.0,0,0.0,10.10000000000001,669.3680000000012,36.010000000000005,18.58839211330189,1.0
74,1,5,1.0,10.23611534472652,6,0.7350435848994068,0,0.0,0.39999999999999997,30.171,22.177000000000003,1.360463543310637,1.0
74,2,5,0.0,-27.828653232022805,200,0.0,0,0.0,20.000000000000014,1539.120999999996,36.324,42.37201299416353,1.0
74,3,5,1.0,10.597175462645648,3,0.40395370729276264,0,0.0,0.25,18.058999999999997,7.295,2.4755311857436597,1.0
74,4,5,0.0,-27.102511607638068,200,0.0,0,0.0,17.35000000000003,896.2809999999998,63.105000000000004,14.20301085492433,1.0
75,0,5,1.0,10.190731077604822,6,1.0,0,0.0,0.45,53.25699999999999,53.25699999999999,1.0,1.0
75,1,5,0.0,-22.921476871241705,200,0.0,0,0.0,10.000000000000007,678.5999999999993,42.739,15.87776971852405,1.0
75,2,5,0.0,-28.188602705410826,200,0.0,0,0.0,20.10000000000003,946.1049999999987,39.92000000000001,23.700025050100162,1.0
75,3,5,0.0,-30.747302517690663,200,0.0,0,0.0,24.900000000000002,860.2359999999975,65.854,13.062775230054324,1.0
75,4,5,0.0,-25.83505585235546,200,0.0,0,0.0,15.000000000000004,1293.4899999999966,10.295,125.64254492472041,1.0
76,0,5,1.0,9.06453644254486,15,0.7126601811472658,0,0.0,1.05,74.52500000000002,53.111,1.4031933121199003,1.0
76,1,5,0.0,-27.960630140031103,200,0.0,0,0.0,20.000000000000014,1821.6300000000092,35.992000000000004,50.61208046232521,1.0
76,2,5,0.0,-33.381274767844864,200,0.0,0,0.0,29.549999999999898,931.4119999999973,53.951,17.264035884413584,1.0
76,3,5,0.0,-22.937249406360632,200,0.0,0,0.0,10.000000000000007,644.8000000000008,51.378,12.550118727860188,1.0
76,4,5,1.0,9.756272713478245,9,0.9371467169113723,0,0.0,0.7500000000000001,56.25800000000001,52.721999999999994,1.067068775843102,1.0
77,0,5,0.0,-25.713573663719394,200,0.0,0,0.0,14.950000000000003,1115.0700000000006,54.965999999999994,20.286540770658238,1.0
77,1,5,0.0,-30.525863948940735,200,0.0,0,0.0,25.0,442.3999999999986,68.78299999999999,6.431821816437182,1.0
77,2,5,0.0,-22.939512072434503,200,0.0,0,0.0,10.000000000000007,1659.0469999999978,55.664,29.80466728945095,1.0
77,3,5,0.0,-25.83995104630249,200,0.0,0,0.0,15.050000000000002,727.2360000000019,52.805,13.772104914307393,1.0
77,4,5,1.0,10.465494574225225,4,0.9747005212302252,0,0.0,0.3,32.807,31.977,1.0259561559871158,1.0
78,0,5,0.0,-25.550071683119747,200,0.0,0,0.0,15.000000000000004,781.0560000000017,24.412999999999997,31.99344611477499,1.0
78,1,5,0.0,-26.70578833901805,200,0.0,0,0.0,16.649999999999995,1090.6790000000017,31.078,35.094890276079596,1.0
78,2,5,0.0,-25.73528078043544,200,0.0,0,0.0,15.000000000000002,938.7329999999969,52.176,17.9916628334866,1.0
78,3,5,0.0,-25.579243051448874,200,0.0,0,0.0,15.000000000000004,809.9539999999973,49.039,16.516527661656994,1.0
78,4,5,1.0,10.341360216671681,5,0.9066848567530695,0,0.0,0.35,36.65,33.23,1.1029190490520615,1.0
79,0,5,0.0,-21.952485254624378,200,0.0,0,0.0,10.000000000000007,2119.4010000000085,39.843,53.19381070702528,1.0
79,1,5,1.0,10.245613293474706,5,1.0,0,0.0,0.5499999999999999,21.409,21.409,1.0,1.0
79,2,5,0.0,-26.19098272364833,200,0.0,0,0.0,16.600000000000055,940.5899999999983,14.297,65.7893264321185,1.0
79,3,5,1.0,10.00561360208419,7,0.881675582555082,0,0.0,0.65,33.087,29.172000000000004,1.1342040312628547,1.0
79,4,5,1.0,10.36703855893736,5,0.9302191208498157,0,0.0,0.3,22.499,20.929000000000002,1.0750155286922451,1.0
80,0,5,1.0,9.605855509745128,10,0.690900851325543,0,0.0,0.9,61.785999999999994,42.687999999999995,1.4473856821589206,1.0
80,1,5,0.0,-23.081549093955257,200,0.0,0,0.0,10.000000000000007,1090.6359999999981,45.36200000000001,24.042943432829194,1.0
80,2,5,1.0,9.205935352119116,13,0.6277336649765619,0,0.0,1.1000000000000003,104.52999999999999,65.617,1.5930322934605359,1.0
80,3,5,0.0,-13.635829377966521,15,0.0,10,1.0,0.25,14.8,16.012,0.9243067699225581,1.0
80,4,5,0.0,-12.999661306427033,15,0.0,10,1.0,0.39999999999999997,35.081,38.058,0.9217772872983342,1.0
81,0,5,1.0,10.583757414220287,3,0.9521732913926222,0,0.0,0.25,13.988,13.318999999999999,1.0502289961708837,1.0
81,1,5,0.0,-22.65365370090638,200,0.0,0,0.0,10.000000000000007,1056.6439999999977,15.888,66.505790533736,1.0
81,2,5,1.0,10.125658012018748,6,1.0,0,0.0,0.6000000000000001,34.778999999999996,34.778999999999996,1.0,1.0
81,3,5,0.0,-23.06510220584086,200,0.0,0,0.0,10.100000000000009,988.6950000000002,53.17699999999999,18.5925306053369,1.0
81,4,5,1.0,10.271374621606869,5,1.0,0,0.0,0.49999999999999994,20.151,20.151,1.0,1.0
82,0,5,1.0,10.460885260178532,4,1.0,0,0.0,0.3,22.965,22.965,1.0,1.0
82,1,5,1.0,9.78040286530452,10,0.7617647547382934,0,0.0,0.5499999999999999,60.20100000000001,45.85900000000001,1.3127412285483764,1.0
82,2,5,0.0,-25.571106353696806,200,0.0,0,0.0,15.000000000000004,755.6000000000024,26.158000000000005,28.886000458750758,1.0
82,3,5,0.0,-22.510039720368688,200,0.0,0,0.0,10.050000000000008,1094.1529999999993,15.735000000000001,69.53625675246262,1.0
82,4,5,1.0,10.703882754466974,2,1.0,0,0.0,0.2,9.962,9.962,1.0,1.0
83,0,5,0.0,-25.252951300537273,200,0.0,0,0.0,15.100000000000003,1688.3830000000005,28.296000000000003,59.66861040429744,1.0
83,1,5,0.0,-12.662315636060796,12,0.0,10,1.0,0.1,12.655,24.015,0.5269623152196543,1.0
83,2,5,1.0,9.210393291027874,13,0.6747546450089048,0,0.0,1.1,79.171,53.42100000000001,1.482020179330226,1.0
83,3,5,0.0,-13.355855817985969,12,0.0,10,1.0,0.1,9.931000000000001,38.062999999999995,0.2609095447022043,1.0
83,4,5,0.0,-25.43393309459344,200,0.0,0,0.0,15.000000000000004,1060.7999999999968,57.245000000000005,18.5308760590444,1.0
84,0,5,1.0,10.062100063974711,7,0.7968154967165433,0,0.0,0.55,33.349000000000004,26.573000000000004,1.25499567229895,1.0
84,1,5,1.0,9.319542102220346,12,0.8510392149040572,0,0.0,1.0500000000000003,75.201,63.999,1.175033984906014,1.0
84,2,5,0.0,-33.46378492180194,200,0.0,0,0.0,29.649999999999896,931.6280000000039,52.36699999999999,17.790364160635594,1.0
84,3,5,0.0,-29.713952979619005,200,0.0,0,0.0,23.30000000000002,1152.4669999999987,36.112,31.913685201595,1.0
84,4,5,0.0,-23.5207350370683,200,0.0,0,0.0,10.050000000000008,904.2669999999976,49.772999999999996,18.167821911478065,1.0
85,0,5,0.0,-24.194085038455903,200,0.0,0,0.0,12.500000000000014,943.6829999999986,48.237,19.563467877355528,1.0
85,1,5,1.0,9.468162151752471,11,0.6689511834827718,0,0.0,0.9500000000000002,58.217999999999996,38.94500000000001,1.4948773911927073,1.0
85,2,5,1.0,10.20094175794817,6,0.9169974031064727,0,0.0,0.45,40.818000000000005,37.43000000000001,1.0905156291744589,1.0
85,3,5,1.0,10.097855335746162,6,1.0,0,0.0,0.65,28.459,28.459,1.0,1.0
85,4,5,1.0,10.113466355185203,7,0.642715621323757,0,0.0,0.44999999999999996,32.302,20.761,1.5558980781272578,1.0
86,0,5,1.0,10.079837528976373,7,0.6897431941541957,0,0.0,0.5,71.299,49.178000000000004,1.4498149579080077,1.0
86,1,5,1.0,10.267982614226652,5,0.9316543209876543,0,0.0,0.5,20.25,18.866,1.0733594826672321,1.0
86,2,5,0.0,-13.98433000477257,17,0.0,10,1.0,0.85,59.508,27.239,2.184661698300231,1.0
86,3,5,0.0,-13.58952112278722,17,0.0,10,1.0,0.7000000000000001,37.835,56.716,0.6670957049157205,1.0
86,4,5,1.0,10.491454253142356,4,0.8315508021390375,0,0.0,0.25,16.456,13.684000000000001,1.202572347266881,1.0
87,0,5,1.0,9.894755548657457,9,0.5110112359550563,0,0.0,0.5,37.824999999999996,19.329,1.956904133685136,1.0
87,1,5,0.0,-23.033672828164022,200,0.0,0,0.0,10.000000000000007,660.4959999999998,54.424,12.136116419226807,1.0
87,2,5,0.0,-13.705435102365334,21,0.0,10,1.0,1.1,80.015,75.46500000000002,1.0602928509905252,1.0
87,3,5,1.0,9.597191345571918,10,0.7982447311741379,0,0.0,0.9,49.679,39.656,1.252748638289288,1.0
87,4,5,0.0,-14.24956962183301,21,0.0,10,1.0,0.5499999999999999,45.21,24.037,1.8808503557016267,1.0
88,0,5,1.0,9.736465553235908,9,0.8853740329011647,0,0.0,0.8000000000000002,37.870999999999995,33.53,1.1294661497166714,1.0
88,1,5,0.0,-25.952538760356124,200,0.0,0,0.0,15.000000000000004,677.0969999999984,58.178,11.63836845542986,1.0
88,2,5,0.0,-23.272530511633427,200,0.0,0,0.0,10.000000000000007,593.4189999999993,33.266,17.83860398003966,1.0
88,3,5,0.0,-23.07048245966114,200,0.0,0,0.0,10.000000000000007,965.0000000000034,49.827999999999996,19.36662117684843,1.0
88,4,5,1.0,9.958518278141696,8,0.8612244897959185,0,0.0,0.55,38.464999999999996,33.127,1.1611374407582937,1.0
89,0,5,1.0,9.522821379457282,11,0.8794651222212758,0,0.0,0.8500000000000002,58.705,51.629,1.1370547560479576,1.0
89,1,5,0.0,-23.069019186904683,200,0.0,0,0.0,10.000000000000007,527.5339999999983,37.265,14.156286059304932,1.0
89,2,5,0.0,-24.2506803562593,200,0.0,0,0.0,12.500000000000014,847.3500000000009,56.587999999999994,14.974022761009419,1.0
89,3,5,1.0,10.059420647995607,7,0.9320239275774928,0,0.0,0.55,31.261000000000003,29.136000000000003,1.0729338275672706,1.0
89,4,5,1.0,10.339897808170244,5,0.9331412652682208,0,0.0,0.35,41.998999999999995,39.191,1.0716491031104078,1.0
90,0,5,0.0,-25.875955386424128,200,0.0,0,0.0,15.050000000000002,892.3399999999987,48.483000000000004,18.4052141987913,1.0
90,1,5,0.0,-25.450967573221767,200,0.0,0,0.0,15.000000000000004,885.0170000000028,53.535999999999994,16.531250000000053,1.0
90,2,5,0.0,-25.55964158941746,200,0.0,0,0.0,14.950000000000003,943.7389999999987,39.159000000000006,24.100181312086583,1.0
90,3,5,0.0,-25.50171787679121,200,0.0,0,0.0,15.000000000000004,739.7999999999985,45.986999999999995,16.087155065561976,1.0
90,4,5,0.0,-25.96828985729632,200,0.0,0,0.0,15.050000000000002,1358.7030000000018,45.619,29.783708542493297,1.0
91,0,5,0.0,-22.812333576831602,200,0.0,0,0.0,10.000000000000007,1734.4019999999973,42.437,40.87004265145975,1.0
91,1,5,1.0,10.296821959327337,5,1.0,0,0.0,0.44999999999999996,20.456,20.456,1.0,1.0
91,2,5,0.0,-30.448931932722164,200,0.0,0,0.0,25.0,848.1299999999976,49.407,17.166191025563133,1.0
91,3,5,0.0,-25.63350139372822,200,0.0,0,0.0,15.000000000000002,620.3950000000028,28.7,21.616550522648183,1.0
91,4,5,0.0,-25.399621957942767,200,0.0,0,0.0,15.000000000000002,1060.7999999999968,25.394000000000002,41.773647318264025,1.0
92,0,5,0.0,-25.62380488668554,200,0.0,0,0.0,15.000000000000004,559.4000000000025,22.592,24.760977337110592,1.0
92,1,5,1.0,10.754658826411859,2,1.0,0,0.0,0.1,8.163,8.163,1.0,1.0
92,2,5,0.0,-24.570617763201913,200,0.0,0,0.0,14.000000000000009,1198.1999999999987,29.882,40.097717689578964,1.0
92,3,5,0.0,-25.806735768453862,200,0.0,0,0.0,15.000000000000002,751.1919999999986,60.394000000000005,12.438189224095085,1.0
92,4,5,0.0,-23.149507952748493,200,0.0,0,0.0,10.000000000000007,938.599999999998,21.502,43.651753325271976,1.0
93,0,5,1.0,10.157283456957162,7,0.7463932770684557,0,0.0,0.35,55.452,41.389,1.3397762690569957,1.0
93,1,5,1.0,9.862331437598735,8,0.8022813688212926,0,0.0,0.7500000000000001,39.45,31.65,1.2464454976303319,1.0
93,2,5,1.0,9.86799644911902,9,0.9038024049398767,0,0.0,0.5499999999999999,49.23199999999999,44.496,1.1064365336209994,1.0
93,3,5,0.0,-23.403877194895838,200,0.0,0,0.0,10.050000000000008,738.6710000000029,36.676,20.140446068273608,1.0
93,4,5,0.0,-25.693472021022135,200,0.0,0,0.0,15.000000000000004,891.8629999999972,59.366,15.023127716201145,1.0
94,0,5,1.0,9.504642865506664,10,0.9220686676743688,0,0.0,1.05,46.30999999999999,42.70100000000001,1.0845179269806322,1.0
94,1,5,0.0,-23.215571885888117,200,0.0,0,0.0,10.000000000000007,949.5149999999992,56.541000000000004,16.79338886825488,1.0
94,2,5,0.0,-25.54768269649866,200,0.0,0,0.0,15.000000000000002,1604.7679999999993,68.82999999999998,23.31494987650733,1.0
94,3,5,1.0,9.472879207563075,11,1.0,0,0.0,0.9500000000000002,49.821,49.821,1.0,1.0
94,4,5,0.0,-25.52557460150019,200,0.0,0,0.0,15.000000000000004,1342.1910000000016,34.128,39.32814697609006,1.0
95,0,5,1.0,10.608966370261415,3,0.8265362511052167,0,0.0,0.2,18.096,14.957,1.2098682890954067,1.0
95,1,5,1.0,9.54777328220931,10,0.9381841454802258,0,0.0,1.0,45.312000000000005,42.510999999999996,1.0658888287737294,1.0
95,2,5,0.0,-22.865088444952896,200,0.0,0,0.0,10.000000000000007,613.199999999999,22.726,26.982311009416485,1.0
95,3,5,1.0,9.379565217391304,12,0.730705829462011,0,0.0,0.9500000000000002,66.73,48.76,1.3685397867104185,1.0
95,4,5,1.0,10.753734903381641,2,1.0,0,0.0,0.1,16.56,16.56,1.0,1.0
96,0,5,0.0,-22.969512057537653,200,0.0,0,0.0,10.000000000000007,520.7890000000011,21.273000000000003,24.48122032623518,1.0
96,1,5,1.0,10.491711034102543,4,0.5608215547703179,0,0.0,0.25,22.64,12.697,1.7830983696936287,1.0
96,2,5,0.0,-25.441788091514187,200,0.0,0,0.0,15.000000000000002,1598.9189999999994,54.986000000000004,29.07865638526169,1.0
96,3,5,0.0,-25.573819428730534,200,0.0,0,0.0,15.000000000000004,1352.8549999999982,57.45099999999999,23.54798001775423,1.0
96,4,5,0.0,-22.95168937377716,200,0.0,0,0.0,10.000000000000007,983.2000000000048,56.737,17.329079789202897,1.0
97,0,5,0.0,-23.714912915232755,200,0.0,0,0.0,10.200000000000012,661.5879999999966,56.956,11.615773579605248,1.0
97,1,5,0.0,-25.959065127696178,200,0.0,0,0.0,14.900000000000002,659.2859999999976,38.294000000000004,17.216430772444703,1.0
97,2,5,0.0,-28.201036614543916,200,0.0,0,0.0,19.950000000000028,943.4309999999987,64.783,14.562940894987863,1.0
97,3,5,1.0,10.149992142705457,6,0.8746935136339996,0,0.0,0.55,26.918,23.545,1.1432575918454022,1.0
97,4,5,1.0,10.342150435391853,5,0.8578911214150782,0,0.0,0.35,23.292,19.982000000000003,1.165649084175758,1.0
98,0,5,1.0,9.519529553839213,11,0.7776791611624834,0,0.0,0.8500000000000001,48.44800000000001,37.677,1.285877325689413,1.0
98,1,5,0.0,-25.630932481350314,200,0.0,0,0.0,15.050000000000002,887.6710000000028,50.001000000000005,17.75306493870128,1.0
98,2,5,1.0,10.364882304639387,5,0.8999876832122184,0,0.0,0.3,48.714,43.842000000000006,1.1111263172300532,1.0
98,3,5,0.0,-30.543442422364947,200,0.0,0,0.0,25.0,873.3190000000031,64.565,13.526198404708483,1.0
98,4,5,0.0,-35.589698228562376,200,0.0,0,0.0,34.999999999999915,1057.0439999999953,51.032000000000004,20.713356325442767,1.0
99,0,5,0.0,-22.709752280209393,200,0.0,0,0.0,10.000000000000007,1075.6000000000024,18.529,58.049543958119834,1.0
99,1,5,0.0,-25.853053628351795,200,0.0,0,0.0,14.950000000000003,1699.5519999999965,58.663000000000004,28.971447079078743,1.0
99,2,5,0.0,-25.53665121006169,200,0.0,0,0.0,15.000000000000004,1435.0959999999977,47.229,30.385906963941597,1.0
99,3,5,1.0,10.609609297725026,3,1.0,0,0.0,0.2,10.11,10.11,1.0,1.0
99,4,5,0.0,-26.05458248717854,200,0.0,0,0.0,14.950000000000003,894.318999999996,58.105999999999995,15.391164423639488,1.0
100,0,5,0.0,-25.523218801779006,200,0.0,0,0.0,15.000000000000004,1354.5999999999983,45.868,29.532571727566022,1.0
100,1,5,0.0,-25.46604567307692,200,0.0,0,0.0,15.000000000000004,886.5999999999987,23.296000000000003,38.05803571428565,1.0
100,2,5,1.0,10.37266901766425,5,0.8563499836761345,0,0.0,0.3,36.756,31.476,1.1677468547464736,1.0
100,3,5,0.0,-25.65996283021381,200,0.0,0,0.0,15.000000000000004,1038.2269999999978,30.132,34.455960440727395,1.0
100,4,5,0.0,-25.436592255317404,200,0.0,0,0.0,15.000000000000002,678.3660000000012,47.439,14.299753367482477,1.0
101,0,5,0.0,-22.852741981809416,200,0.0,0,0.0,10.000000000000007,983.2000000000048,31.335,31.377054411999513,1.0
101,1,5,0.0,-25.78894979771967,200,0.0,0,0.0,15.050000000000002,831.3140000000012,54.379999999999995,15.287127620448718,1.0
101,2,5,0.0,-23.188836188436788,200,0.0,0,0.0,10.050000000000008,628.2929999999994,28.02,22.42301927194859,1.0
101,3,5,1.0,10.060141585852824,7,0.8398972766821902,0,0.0,0.55,52.179,43.825,1.1906217912150598,1.0
101,4,5,0.0,-25.460240198046197,200,0.0,0,0.0,15.000000000000004,1603.4999999999993,59.784,26.82155760738658,1.0
102,0,5,0.0,-23.480941196223984,200,0.0,0,0.0,10.050000000000008,1148.6699999999964,26.801000000000002,42.859221670833044,1.0
102,1,5,1.0,9.711105563183954,10,0.7039646157676592,0,0.0,0.7000000000000001,68.279,48.066,1.4205259434943618,1.0
102,2,5,0.0,-23.21310848791463,200,0.0,0,0.0,10.200000000000012,696.593999999999,51.591,13.502238762574848,1.0
102,3,5,1.0,10.500198417930124,4,0.5106368654907769,0,0.0,0.25,14.854000000000001,7.585000000000001,1.9583388266315094,1.0
102,4,5,0.0,-26.05791481926795,200,0.0,0,0.0,15.000000000000004,835.6190000000042,53.228,15.698861501465473,1.0
103,0,5,1.0,10.393078622756793,5,0.8578256856540086,0,0.0,0.25,30.336,26.023000000000003,1.165738000999116,1.0
103,1,5,1.0,10.194032289532728,6,0.7908501774417529,0,0.0,0.45,51.848,41.004000000000005,1.2644620037069552,1.0
103,2,5,0.0,-25.57161664033704,200,0.0,0,0.0,15.000000000000004,900.020999999996,43.67699999999999,20.606291640909316,1.0
103,3,5,0.0,-27.84499437695021,200,0.0,0,0.0,19.900000000000023,988.834,63.133,15.66271205233396,1.0
103,4,5,1.0,9.991073515619362,8,0.5985146163478562,0,0.0,0.5,46.318,27.722,1.6708029723685158,1.0
104,0,5,0.0,-30.9527616370957,200,0.0,0,0.0,24.65,763.0209999999965,72.763,10.486387312232818,1.0
104,1,5,0.0,-23.620531111654252,200,0.0,0,0.0,10.050000000000008,914.6909999999979,36.819,24.842907194654874,1.0
104,2,5,0.0,-32.87177294701877,200,0.0,0,0.0,30.000000000000004,1417.7940000000028,30.407,46.62722399447505,1.0
104,3,5,1.0,10.10418584560094,7,0.834862385321101,0,0.0,0.45,34.662,28.938000000000002,1.1978021978021978,1.0
104,4,5,0.0,-25.50661866463435,200,0.0,0,0.0,15.000000000000004,1036.4079999999979,49.859,20.78677871597902,1.0
105,0,5,0.0,-25.589589080516898,200,0.0,0,0.0,14.950000000000003,879.446999999996,50.38699999999999,17.45384722249779,1.0
105,1,5,1.0,10.537582092127206,3,1.0,0,0.0,0.35000000000000003,17.389,17.389,1.0,1.0
105,2,5,1.0,9.960627396305334,8,0.7655940759189663,0,0.0,0.55,44.969,34.428,1.3061752062274894,1.0
105,3,5,0.0,-23.11403290574459,200,0.0,0,0.0,10.050000000000008,733.6380000000028,26.895,27.27785833798114,1.0
105,4,5,0.0,-23.04138731679002,200,0.0,0,0.0,10.000000000000007,965.0000000000034,34.455,28.007546074590145,1.0
106,0,5,0.0,-25.750760697305857,200,0.0,0,0.0,15.000000000000002,1291.541999999999,35.336,36.55031695721075,1.0
106,1,5,1.0,9.734966014390782,10,0.7921548007151119,0,0.0,0.65,47.545,37.663,1.262379523670446,1.0
106,2,5,0.0,-28.169688094393774,200,0.0,0,0.0,19.900000000000013,1331.5079999999987,62.038,21.462780876237126,1.0
106,3,5,0.0,-23.11244720788365,200,0.0,0,0.0,10.000000000000007,899.4599999999975,51.144000000000005,17.586813702487046,1.0
106,4,5,1.0,10.732211203269623,2,1.0,0,0.0,0.15000000000000002,8.318999999999999,8.318999999999999,1.0,1.0
107,0,5,0.0,-22.972100771208268,200,0.0,0,0.0,10.000000000000007,614.425999999999,29.175,21.06001713796055,1.0
107,1,5,1.0,9.73445613624197,9,0.9430176058559979,0,0.0,0.8,63.388,59.775999999999996,1.0604255888650964,1.0
107,2,5,0.0,-25.537253384349448,200,0.0,0,0.0,14.950000000000003,1431.4319999999977,51.48700000000001,27.801814050148533,1.0
107,3,5,1.0,9.502874134296897,11,0.7844837768066547,0,0.0,0.9,59.266999999999996,46.494,1.2747236202520755,1.0
107,4,5,0.0,-26.301854442406043,200,0.0,0,0.0,16.699999999999996,1018.6649999999996,61.048,16.686296029353944,1.0
108,0,5,0.0,-27.122313907422825,200,0.0,0,0.0,16.549999999999994,1301.602,19.184,67.84831109257715,1.0
108,1,5,1.0,10.30351541150302,5,0.7154223879239793,0,0.0,0.44999999999999996,21.994,15.735000000000001,1.3977756593581188,1.0
108,2,5,1.0,10.754103196056606,2,1.0,0,0.0,0.1,12.578,12.578,1.0,1.0
108,3,5,0.0,-28.08168264722216,200,0.0,0,0.0,20.00000000000003,580.1740000000009,52.251,11.103596103423875,1.0
108,4,5,0.0,-25.867815743874548,200,0.0,0,0.0,15.000000000000004,1055.463999999998,61.75099999999999,17.09225761526126,1.0
109,0,5,0.0,-23.334643739957954,200,0.0,0,0.0,10.000000000000007,2390.419000000005,64.72800000000001,36.930215671734096,1.0
109,1,5,0.0,-23.470334665554,200,0.0,0,0.0,10.050000000000008,628.9619999999992,45.538,13.81180552505598,1.0
109,2,5,0.0,-24.262533433634253,200,0.0,0,0.0,12.900000000000013,1111.3319999999987,11.964,92.88966900702096,1.0
109,3,5,1.0,10.354171274585287,5,0.5668432224404372,0,0.0,0.35000000000000003,50.409,28.573999999999998,1.7641562259396655,1.0
109,4,5,1.0,10.488862302669641,4,0.8037066560382623,0,0.0,0.25,15.054,12.099,1.2442350607488222,1.0
110,0,5,0.0,-28.577631608965834,200,0.0,0,0.0,19.95000000000003,1057.4900000000007,52.599000000000004,20.10475484324798,1.0
110,1,5,0.0,-23.184178372111916,200,0.0,0,0.0,10.000000000000007,1526.2459999999955,74.18199999999999,20.57434418052891,1.0
110,2,5,0.0,-25.435918651900188,200,0.0,0,0.0,15.000000000000004,401.99999999999886,25.102000000000004,16.01466018643928,1.0
110,3,5,1.0,10.001302727535581,8,0.6833589462129529,0,0.0,0.49999999999999994,45.55,31.127000000000002,1.4633597841102577,1.0
110,4,5,1.0,10.449184905660378,4,0.40226177374672695,0,0.0,0.35000000000000003,26.351,10.600000000000001,2.4859433962264146,1.0
111,0,5,0.0,-23.02717990352923,200,0.0,0,0.0,10.000000000000007,823.8180000000023,20.939,39.343712689240284,1.0
111,1,5,0.0,-25.499108395224262,200,0.0,0,0.0,14.900000000000002,589.1379999999987,53.185,11.077145811789013,1.0
111,2,5,1.0,9.736474075174566,10,0.5155484068627451,0,0.0,0.65,65.28,33.655,1.9396820680433813,1.0
111,3,5,1.0,9.6892376659564,10,0.6384203256456407,0,0.0,0.75,47.782000000000004,30.505000000000003,1.566366169480413,1.0
111,4,5,1.0,10.063839672398267,7,0.7740383019682034,0,0.0,0.55,30.129,23.321,1.2919257321727198,1.0
112,0,5,0.0,-23.209082429362258,200,0.0,0,0.0,10.050000000000008,1043.5989999999967,31.251,33.394099388819455,1.0
112,1,5,0.0,-23.28519976608197,200,0.0,0,0.0,10.000000000000007,648.1170000000009,42.74999999999999,15.160631578947392,1.0
112,2,5,1.0,10.493537035582436,4,1.0,0,0.0,0.25,25.462000000000003,25.462000000000003,1.0,1.0
112,3,5,0.0,-25.487684904651626,200,0.0,0,0.0,15.000000000000002,898.3310000000008,56.11000000000001,16.01017643913742,1.0
112,4,5,0.0,-25.43564668769713,200,0.0,0,0.0,15.000000000000004,1039.5999999999976,30.115000000000002,34.521002822513616,1.0
113,0,5,0.0,-26.060757081346143,200,0.0,0,0.0,15.100000000000001,1158.3109999999997,51.791,22.365102044756807,1.0
113,1,5,0.0,-22.8626358535724,200,0.0,0,0.0,10.000000000000007,896.3999999999991,25.487000000000002,35.17087142464782,1.0
113,2,5,0.0,-25.33497063381224,200,0.0,0,0.0,15.000000000000002,1297.8000000000031,52.271,24.82829867421712,1.0
113,3,5,1.0,9.72693954572333,10,0.5965884330448858,0,0.0,0.65,48.18899999999999,28.749,1.6761974329541895,1.0
113,4,5,0.0,-25.2781972628598,200,0.0,0,0.0,15.000000000000002,1221.9999999999986,27.546999999999997,44.36054742803205,1.0
114,0,5,0.0,-24.356825155067014,200,0.0,0,0.0,12.500000000000014,655.8000000000006,45.303000000000004,14.475862525660565,1.0
114,1,5,1.0,10.875,1,1.0,0,0.0,0.05,4.423,4.423,1.0,1.0
114,2,5,1.0,9.982429802911614,8,0.6240262494140756,0,0.0,0.5,44.801,27.957,1.6024966913474263,1.0
114,3,5,0.0,-23.093101278551963,200,0.0,0,0.0,10.000000000000007,641.1330000000013,69.61,9.210357707225992,1.0
114,4,5,0.0,-25.359135818228218,200,0.0,0,0.0,15.050000000000002,944.7439999999987,39.17,24.119070717385718,1.0
115,0,5,0.0,-25.315494880545987,200,0.0,0,0.0,15.000000000000002,1605.0739999999994,29.3,54.78068259385663,1.0
115,1,5,1.0,9.838564147371487,8,0.6553418905377677,0,0.0,0.8,41.914,27.467999999999996,1.5259210717926317,1.0
115,2,5,0.0,-25.871975584404012,200,0.0,0,0.0,15.000000000000002,918.7359999999981,45.217000000000006,20.3183758320985,1.0
115,3,5,0.0,-23.464210084914534,200,0.0,0,0.0,10.000000000000007,1367.8350000000019,38.156,35.84849040779961,1.0
115,4,5,0.0,-23.14228273676172,200,0.0,0,0.0,10.000000000000007,509.62700000000143,60.26100000000001,8.456995403328875,1.0
116,0,5,1.0,10.753543743078627,2,1.0,0,0.0,0.1,11.739,11.739,1.0,1.0
116,1,5,0.0,-33.52693127187421,200,0.0,0,0.0,29.749999999999897,926.1569999999973,52.001999999999995,17.810026537440816,1.0
116,2,5,1.0,10.223662104187948,6,0.8758588605782994,0,0.0,0.39999999999999997,27.944000000000003,24.475,1.1417364657814097,1.0
116,3,5,1.0,10.488918367346939,4,0.9912921101240214,0,0.0,0.25,22.738,22.54,1.0087843833185448,1.0
116,4,5,0.0,-24.867922387508102,200,0.0,0,0.0,13.400000000000013,1240.297000000001,54.115,22.91965259170287,1.0
117,0,5,0.0,-25.611722147491054,200,0.0,0,0.0,15.000000000000052,674.9499999999992,58.729000000000006,11.492618638151496,1.0
117,1,5,1.0,10.679660179861418,2,0.8575221238938053,0,0.0,0.25,7.91,6.783,1.1661506707946336,1.0
117,2,5,0.0,-23.041642291018984,200,0.0,0,0.0,10.050000000000008,844.8129999999969,45.67400000000001,18.496584490081815,1.0
117,3,5,1.0,10.173904004242907,6,0.8728762557289014,0,0.0,0.5,21.601000000000003,18.855,1.145637761866879,1.0
117,4,5,1.0,9.809888254168445,9,0.9591212309881703,0,0.0,0.65,56.21499999999999,53.91699999999998,1.0426210657121133,1.0
118,0,5,0.0,-23.15855104754378,200,0.0,0,0.0,10.000000000000007,882.4000000000018,27.827,31.710209508750555,1.0
118,1,5,1.0,8.65605926516232,17,0.47166582588998684,0,0.0,1.4500000000000002,101.097,47.684,2.120145122053519,1.0
118,2,5,0.0,-23.019289331150002,200,0.0,0,0.0,10.000000000000007,1455.0009999999947,79.39,18.32725784103785,1.0
118,3,5,1.0,10.728442509779857,2,1.0,0,0.0,0.15000000000000002,13.036999999999999,13.036999999999999,1.0,1.0
118,4,5,1.0,9.947803814359174,8,0.6244995020426414,0,0.0,0.6000000000000001,49.201,30.726,1.6012823016337956,1.0
119,0,5,1.0,9.89329170449248,9,0.7049920431744277,0,0.0,0.49999999999999994,57.81199999999999,40.757000000000005,1.418455725396864,1.0
119,1,5,0.0,-25.476381142305257,200,0.0,0,0.0,15.000000000000002,799.3999999999983,32.093,24.908858629607646,1.0
119,2,5,0.0,-26.37031684387801,200,0.0,0,0.0,16.650000000000052,949.5579999999983,39.782999999999994,23.868436266747064,1.0
119,3,5,0.0,-22.859916304168195,200,0.0,0,0.0,10.000000000000007,971.4440000000033,18.161,53.49066681350163,1.0
119,4,5,1.0,10.732916044466567,2,0.7583039758429793,0,0.0,0.15000000000000002,7.948,6.026999999999999,1.3187323709971797,1.0
120,0,5,0.0,-28.235016777116055,200,0.0,0,0.0,20.05000000000003,944.4169999999987,35.763,26.40765595727424,1.0
120,1,5,0.0,-28.45644585686067,200,0.0,0,0.0,20.10000000000003,772.2970000000001,71.902,10.740966871575202,1.0
120,2,5,1.0,10.462382741347906,4,0.8817801572695333,0,0.0,0.3,29.884999999999998,26.352,1.134069520340012,1.0
120,3,5,0.0,-25.68094040058615,200,0.0,0,0.0,14.950000000000003,1165.8330000000017,49.12800000000001,23.73052027357111,1.0
120,4,5,1.0,9.836906591427542,9,0.47329241959313556,0,0.0,0.6499999999999999,52.794000000000004,24.987000000000002,2.1128586865169887,1.0
121,0,5,1.0,9.624156105367879,11,0.8219796629453174,0,0.0,0.65,56.251999999999995,46.23799999999999,1.21657511138025,1.0
121,1,5,0.0,-23.489136840609333,200,0.0,0,0.0,10.20000000000001,639.5329999999992,42.217,15.14870786649926,1.0
121,2,5,1.0,9.831920792079208,8,0.8360927152317882,0,0.0,0.8,54.964,45.955000000000005,1.1960396039603958,1.0
121,3,5,1.0,9.503150540802155,11,0.8198678467298103,0,0.0,0.9,57.96300000000001,47.522,1.219708766466058,1.0
121,4,5,0.0,-25.74398835437524,200,0.0,0,0.0,15.000000000000002,1009.8349999999962,36.752,27.47700805398335,1.0
122,0,5,0.0,-24.863931363184456,200,0.0,0,0.0,13.250000000000012,802.5609999999988,51.299,15.644768903877244,1.0
122,1,5,0.0,-12.586920930232559,12,0.0,10,1.0,0.3,9.375,12.9,0.7267441860465116,1.0
122,2,5,0.0,-13.098136035959632,12,0.0,10,1.0,0.1,9.072,58.95499999999999,0.15388007802561277,1.0
122,3,5,1.0,10.756354100038378,2,1.0,0,0.0,0.1,7.817,7.817,1.0,1.0
122,4,5,1.0,9.245398435672026,13,0.8223474436503573,0,0.0,1.0,72.76000000000002,59.83400000000001,1.21603101915299,1.0
123,0,5,0.0,-23.13207113749279,200,0.0,0,0.0,10.050000000000008,1033.2510000000018,53.74099999999999,19.22649373848648,1.0
123,1,5,0.0,-22.93551333169989,200,0.0,0,0.0,10.000000000000007,809.7710000000017,44.893,18.037800993473407,1.0
123,2,5,1.0,10.225162244345398,6,0.9845390419947505,0,0.0,0.39999999999999997,24.384,24.006999999999998,1.0157037530720208,1.0
123,3,5,1.0,10.501929440389295,4,0.2187450103784129,0,0.0,0.3,18.789,4.11,4.5715328467153284,1.0
123,4,5,1.0,10.125206591601025,7,0.793960787323025,0,0.0,0.39999999999999997,26.063000000000002,20.693,1.2595080461991979,1.0
124,0,5,1.0,9.982142106093265,7,0.9015546497298321,0,0.0,0.7000000000000001,42.196,38.041999999999994,1.1091951001524631,1.0
124,1,5,0.0,-23.223344041609227,200,0.0,0,0.0,10.000000000000007,2044.0000000000048,45.759,44.66880832186028,1.0
124,2,5,1.0,10.654860210481557,2,1.0,0,0.0,0.3,9.407,9.407,1.0,1.0
124,3,5,0.0,-26.439609093737452,200,0.0,0,0.0,15.849999999999994,964.3509999999982,44.998000000000005,21.43097470998707,1.0
124,4,5,0.0,-28.083205202976174,200,0.0,0,0.0,20.000000000000014,911.551000000002,56.583000000000006,16.109980029337468,1.0
125,0,5,0.0,-23.491363823468834,200,0.0,0,0.0,10.050000000000008,422.09299999999837,34.010999999999996,12.410484843138939,1.0
125,1,5,0.0,-13.81726028265416,17,0.0,10,1.0,0.8500000000000001,27.673999999999996,63.11599999999999,0.4384625134672666,1.0
125,2,5,0.0,-25.29498516133106,200,0.0,0,0.0,15.000000000000002,1339.885999999999,31.674,42.30239313001197,1.0
125,3,5,0.0,-13.109816800076237,17,0.0,10,1.0,0.7000000000000001,39.973000000000006,41.976000000000006,0.9522822565275395,1.0
125,4,5,0.0,-23.17495930232557,200,0.0,0,0.0,10.050000000000008,1045.3689999999974,34.4,30.38863372093016,1.0
126,0,5,1.0,9.531323190255481,10,0.6509780485671807,0,0.0,1.05,68.60600000000001,44.661,1.5361501085958669,1.0
126,1,5,1.0,10.053356731775374,7,0.916486853672181,0,0.0,0.5499999999999999,25.026000000000003,22.936000000000003,1.0911231252179978,1.0
126,2,5,1.0,10.488627590673577,4,0.7718456308738252,0,0.0,0.25,20.004,15.44,1.29559585492228,1.0
126,3,5,0.0,-25.579071718777673,200,0.0,0,0.0,15.000000000000002,1119.2000000000005,45.288,24.71294824236002,1.0
126,4,5,1.0,9.612112802003056,11,0.461451893643839,0,0.0,0.7500000000000002,66.64399999999999,30.753,2.1670731310766427,1.0
127,0,5,1.0,10.490855316207812,4,1.0,0,0.0,0.25,26.043000000000003,26.043000000000003,1.0,1.0
127,1,5,1.0,10.172434442944537,6,0.9516221608768143,0,0.0,0.5,36.586999999999996,34.817,1.0508372346842059,1.0
127,2,5,1.0,10.465999384236452,4,0.865302642796249,0,0.0,0.3,18.767999999999997,16.24,1.1556650246305418,1.0
127,3,5,1.0,10.582560095666626,3,1.0,0,0.0,0.25,24.669,24.669,1.0,1.0
127,4,5,0.0,-25.45078825603171,200,0.0,0,0.0,15.000000000000004,885.7990000000027,18.154,48.79359920678653,1.0
128,0,5,0.0,-12.9,10,0.0,10,1.0,0.0,0.0,48.925000000000004,0.0,1.0
128,1,5,0.0,-12.9,10,0.0,10,1.0,0.0,0.0,12.417000000000002,0.0,1.0
128,2,5,0.0,-22.91724463488136,200,0.0,0,0.0,10.000000000000007,911.5999999999987,55.077999999999996,16.551073023711805,1.0
128,3,5,0.0,-25.42554156171281,200,0.0,0,0.0,15.000000000000002,1345.4000000000017,39.699999999999996,33.88916876574312,1.0
128,4,5,0.0,-30.704171100234102,200,0.0,0,0.0,24.85,311.9509999999991,37.592,8.298334752074886,1.0
129,0,5,0.0,-29.271558957829793,200,0.0,6,0.0,9.850000000000005,931.8119999999974,37.23,25.028525382755774,1.0
129,1,5,0.0,-27.97721531846535,200,0.0,0,0.0,19.950000000000017,2248.5980000000077,42.328,53.12318087318105,1.0
129,2,5,0.0,-23.11494466403169,200,0.0,0,0.0,10.000000000000007,1660.787999999998,40.480000000000004,41.02737154150192,1.0
129,3,5,0.0,-12.899999999999999,10,0.0,10,1.0,0.0,0.0,23.561,0.0,1.0
129,4,5,0.0,-12.9,10,0.0,10,1.0,0.0,0.0,42.718,0.0,1.0
130,0,5,0.0,-13.534518210344462,16,0.0,10,1.0,0.45,24.944,56.726,0.43972781440609243,1.0
130,1,5,0.0,-24.6658305310879,200,0.0,0,0.0,13.300000000000013,609.0459999999996,73.45299999999999,8.291642274651814,1.0
130,2,5,0.0,-25.981943983358843,200,0.0,0,0.0,14.900000000000002,1165.3610000000015,47.592999999999996,24.485974828231075,1.0
130,3,5,0.0,-13.896877036442927,16,0.0,10,1.0,0.9,27.438000000000002,19.949,1.3754072885858941,1.0
130,4,5,1.0,9.39793251790531,11,0.8342030222498109,0,0.0,1.1,51.551,43.004000000000005,1.1987489535857128,1.0
131,0,5,1.0,9.626085444086378,10,0.7442115880309315,0,0.0,0.8500000000000002,44.614999999999995,33.203,1.3437038821793208,1.0
131,1,5,1.0,10.490724552769315,4,1.0,0,0.0,0.25,38.403,38.403,1.0,1.0
131,2,5,1.0,9.844259722708843,8,0.8880542282475831,0,0.0,0.8,44.995,39.958,1.1260573602282395,1.0
131,3,5,0.0,-23.699880620062867,200,0.0,0,0.0,10.000000000000007,1049.7910000000056,33.674,31.175120270832263,1.0
131,4,5,1.0,9.94237149095446,8,0.7323647660818713,0,0.0,0.6000000000000001,43.776,32.06,1.3654398003742982,1.0
132,0,5,1.0,9.458995244624676,12,0.6448984967357153,0,0.0,0.8000000000000003,53.150999999999996,34.277,1.550631618869796,1.0
132,1,5,1.0,9.796203401005467,9,0.8247649257958536,0,0.0,0.7000000000000001,44.135,36.400999999999996,1.2124666904755363,1.0
132,2,5,0.0,-23.471682165230945,200,0.0,0,0.0,10.200000000000012,1149.781,61.29600000000001,18.75784716784129,1.0
132,3,5,0.0,-28.574514783507443,200,0.0,0,0.0,19.85000000000003,957.1109999999985,54.182,17.664741057915887,1.0
132,4,5,0.0,-23.114025096272222,200,0.0,0,0.0,10.000000000000007,946.3520000000026,38.172999999999995,24.79113509548641,1.0
133,0,5,0.0,-28.553402272940733,200,0.0,0,0.0,20.00000000000003,1045.391000000003,53.23500000000001,19.637287498826016,1.0
133,1,5,0.0,-23.144616061122417,200,0.0,0,0.0,10.000000000000007,1694.3740000000078,36.385999999999996,46.566646512395096,1.0
133,2,5,0.0,-22.937981999114232,200,0.0,0,0.0,10.150000000000011,941.1189999999987,38.387,24.51660718472396,1.0
133,3,5,1.0,10.43522168224299,4,0.849799860219836,0,0.0,0.35000000000000003,31.478,26.75,1.176747663551402,1.0
133,4,5,0.0,-23.749621787272666,200,0.0,0,0.0,10.150000000000011,585.0829999999977,79.29400000000001,7.3786541226321996,1.0
134,0,5,0.0,-23.03074430295598,200,0.0,0,0.0,10.000000000000007,909.4000000000035,48.139,18.89112777581594,1.0
134,1,5,0.0,-25.257491690558947,200,0.0,0,0.0,14.000000000000009,1192.4909999999988,39.413,30.25628599700604,1.0
134,2,5,0.0,-27.847543641190633,200,0.0,0,0.0,20.000000000000014,1739.1820000000082,42.562999999999995,40.861358456875884,1.0
134,3,5,1.0,9.72087185246483,9,0.8993355187383717,0,0.0,0.85,56.434999999999995,50.754000000000005,1.111932064467825,1.0
134,4,5,0.0,-25.577523240371846,200,0.0,0,0.0,15.000000000000004,752.296999999998,24.096000000000004,31.22082503320044,1.0
135,0,5,0.0,-13.034979549458845,16,0.0,10,1.0,0.44999999999999996,32.829,31.784,1.0328781776994715,1.0
135,1,5,1.0,9.79185056144867,9,0.38482954157272664,0,0.0,0.7500000000000001,58.548,22.531,2.5985531046114243,1.0
135,2,5,0.0,-13.666028484575545,16,0.0,10,1.0,0.45,10.962,53.29200000000001,0.2056969151092096,1.0
135,3,5,0.0,-28.15845976399619,200,0.0,0,0.0,20.00000000000003,714.4000000000004,22.541999999999998,31.69195279921926,1.0
135,4,5,1.0,10.487692928334125,4,0.6692288146360056,0,0.0,0.25,15.741999999999999,10.535,1.4942572377788323,1.0
136,0,5,0.0,-23.555536829545698,200,0.0,0,0.0,10.300000000000011,936.4879999999987,53.639,17.459087604168584,1.0
136,1,5,0.0,-22.95346800049047,200,0.0,0,0.0,10.000000000000007,921.0000000000024,57.079,16.13553145640257,1.0
136,2,5,0.0,-25.482376713730332,200,0.0,0,0.0,15.000000000000004,1025.6950000000024,39.096000000000004,26.235292613055105,1.0
136,3,5,1.0,9.474946516007533,11,0.7732259003980196,0,0.0,0.9500000000000001,51.505,39.825,1.2932831136220966,1.0
136,4,5,1.0,9.867612528132032,9,0.583582634075155,0,0.0,0.5499999999999999,54.82,31.991999999999997,1.7135533883470868,1.0
137,0,5,0.0,-13.188611696893016,12,0.0,10,1.0,0.1,10.995000000000001,56.904,0.1932201602699283,1.0
137,1,5,0.0,-25.020045114323867,200,0.0,0,0.0,15.000000000000004,885.4550000000028,9.753,90.78796267815059,1.0
137,2,5,1.0,10.27661848190302,6,1.0,0,0.0,0.3,36.111000000000004,36.111000000000004,1.0,1.0
137,3,5,0.0,-23.342255013639445,200,0.0,0,0.0,10.050000000000008,978.8930000000033,33.358999999999995,29.344194969873303,1.0
137,4,5,0.0,-13.170653752306137,12,0.0,10,1.0,0.15000000000000002,17.499000000000002,50.409,0.3471403915967387,1.0
138,0,5,0.0,-25.235969389112054,200,0.0,0,0.0,14.950000000000003,1285.1989999999946,37.601,34.17991542778103,1.0
138,1,5,0.0,-25.75453834552864,200,0.0,0,0.0,15.000000000000004,942.4439999999978,17.903,52.6416801653353,1.0
138,2,5,0.0,-26.49330756331805,200,0.0,0,0.0,15.999999999999993,983.5309999999982,45.919,21.418824451751963,1.0
138,3,5,0.0,-28.483245579991443,200,0.0,0,0.0,19.950000000000017,2673.2259999999987,46.38,57.63747304872787,1.0
138,4,5,0.0,-22.982563338300974,200,0.0,0,0.0,10.000000000000007,1481.092999999996,40.26,36.788201689021264,1.0
139,0,5,0.0,-23.13782686193278,200,0.0,0,0.0,10.050000000000008,899.1729999999975,51.895,17.32677521919255,1.0
139,1,5,1.0,10.488822097127285,4,1.0,0,0.0,0.25,22.383000000000003,22.383000000000003,1.0,1.0
139,2,5,1.0,10.2727872834812,5,0.8259257643826057,0,0.0,0.5000000000000001,22.927,18.936,1.2107625686523025,1.0
139,3,5,1.0,9.892125807195573,9,0.47009716895472226,0,0.0,0.55,73.789,34.688,2.1272197878228782,1.0
139,4,5,1.0,9.961034306370207,8,0.8571762642502192,0,0.0,0.55,34.21,29.323999999999998,1.166621197653799,1.0
140,0,5,0.0,-22.88249159629421,200,0.0,0,0.0,10.000000000000007,1663.999999999998,48.788000000000004,34.10674756087558,1.0
140,1,5,1.0,9.560097427051192,11,0.6509410090147082,0,0.0,0.8,63.23,41.159,1.5362375179183168,1.0
140,2,5,0.0,-13.133406103611172,14,0.0,10,1.0,0.25,17.985999999999997,50.59299999999999,0.35550372581187123,1.0
140,3,5,0.0,-13.52396981172329,14,0.0,10,1.0,0.30000000000000004,13.788,18.749,0.7353992212918022,1.0
140,4,5,1.0,10.198609163892696,6,0.9314923576405356,0,0.0,0.44999999999999996,27.413,25.535000000000004,1.0735461131779909,1.0
141,0,5,1.0,10.125454785439826,6,0.9397188533627343,0,0.0,0.6000000000000001,36.28,34.093,1.0641480655853106,1.0
141,1,5,0.0,-23.192826287409602,200,0.0,0,0.0,10.050000000000008,719.0739999999996,49.887,14.414055766031222,1.0
141,2,5,0.0,-25.368303621596816,200,0.0,0,0.0,13.350000000000012,664.0709999999979,39.154,16.960489349747096,1.0
141,3,5,1.0,10.008741000719942,7,0.7347991403537775,0,0.0,0.6500000000000001,30.245,22.224,1.3609161267098633,1.0
141,4,5,0.0,-27.21613603473229,200,0.0,0,0.0,17.900000000000027,809.3940000000023,52.516000000000005,15.412331479929968,1.0
142,0,5,0.0,-23.072790474821495,200,0.0,0,0.0,10.000000000000007,1338.2000000000028,41.742000000000004,32.058837621580246,1.0
142,1,5,0.0,-25.478137708108825,200,0.0,0,0.0,15.000000000000002,847.6500000000024,28.771,29.461958221820666,1.0
142,2,5,1.0,10.370716591349257,4,0.8610870907967884,0,0.0,0.5,16.189999999999998,13.941,1.1613227171651959,1.0
142,3,5,1.0,9.960175106730068,7,0.8102536700601833,0,0.0,0.7500000000000001,35.558,28.811,1.2341813890527924,1.0
142,4,5,0.0,-26.05374683009296,200,0.0,0,0.0,15.050000000000002,639.471999999997,23.66,27.027557058326163,1.0
143,0,5,0.0,-22.964093512031656,200,0.0,0,0.0,10.000000000000007,681.9660000000001,32.83,20.77264696923546,1.0
143,1,5,0.0,-33.504299868478725,200,0.0,0,0.0,29.899999999999896,929.6379999999973,45.62,20.377860587461583,1.0
143,2,5,0.0,-27.823887597492,200,0.0,0,0.0,19.950000000000024,769.451999999998,32.695,23.53424070958856,1.0
143,3,5,0.0,-22.988749072287394,200,0.0,0,0.0,10.000000000000007,1663.508999999998,53.89600000000001,30.865166246103566,1.0
143,4,5,0.0,-23.391325670695508,200,0.0,0,0.0,10.200000000000012,812.5750000000018,38.803,20.941035486946934,1.0
144,0,5,1.0,9.959933300482207,8,0.826453733600954,0,0.0,0.55,34.377,28.410999999999998,1.2099890887332374,1.0
144,1,5,0.0,-23.45604815519827,200,0.0,0,0.0,10.100000000000009,961.0059999999992,49.382000000000005,19.460653679478334,1.0
144,2,5,1.0,9.486811200923789,11,0.3067658519305703,0,0.0,0.95,56.46,17.32,3.259815242494226,1.0
144,3,5,0.0,-27.90692714082943,200,0.0,0,0.0,20.000000000000014,911.400000000002,50.728,17.966409083740775,1.0
144,4,5,1.0,9.707760648882843,10,0.6638073739653876,0,0.0,0.7000000000000001,59.805,39.699000000000005,1.5064611199274538,1.0
145,0,5,1.0,9.337519476472423,13,0.6885843909018454,0,0.0,0.8500000000000001,65.244,44.926,1.4522548190357476,1.0
145,1,5,1.0,10.586714911698314,3,1.0,0,0.0,0.25,15.062,15.062,1.0,1.0
145,2,5,0.0,-22.476361576354748,200,0.0,0,0.0,10.000000000000007,2044.0000000000048,20.3,100.68965517241402,1.0
145,3,5,0.0,-26.296593185836045,200,0.0,0,0.0,16.649999999999995,1087.3500000000017,18.667,58.249852681202206,1.0
145,4,5,0.0,-25.968116169865223,200,0.0,0,0.0,16.000000000000036,610.2770000000005,48.98,12.459718252347908,1.0
146,0,5,1.0,10.654704248534102,2,1.0,0,0.0,0.3,9.721,9.721,1.0,1.0
146,1,5,0.0,-23.056196741854663,200,0.0,0,0.0,10.000000000000007,505.2000000000014,33.516,15.07339778016474,1.0
146,2,5,0.0,-24.57293431915088,200,0.0,0,0.0,12.250000000000016,1187.7549999999994,33.068999999999996,35.91747558136017,1.0
146,3,5,0.0,-23.00577441516653,200,0.0,0,0.0,10.000000000000007,806.6000000000017,57.495000000000005,14.029046004000376,1.0
146,4,5,0.0,-25.587870605814363,200,0.0,0,0.0,15.000000000000004,753.6,38.147,19.755157679502975,1.0
147,0,5,1.0,10.727338638373121,2,1.0,0,0.0,0.15000000000000002,24.881999999999998,24.881999999999998,1.0,1.0
147,1,5,0.0,-27.983502182356908,200,0.0,0,0.0,20.000000000000014,1820.896000000009,49.946000000000005,36.457293877387755,1.0
147,2,5,1.0,10.754113745647487,2,1.0,0,0.0,0.1,12.062,12.062,1.0,1.0
147,3,5,1.0,10.57123008161679,4,0.13230152200740436,0,0.0,0.25,19.448,2.573,7.558492032646716,1.0
147,4,5,0.0,-28.40421040711172,200,0.0,0,0.0,19.85000000000003,947.5499999999986,35.321999999999996,26.826057414642396,1.0
148,0,5,0.0,-23.004563894523375,200,0.0,0,0.0,10.000000000000007,633.9999999999993,33.524,18.91182436463427,1.0
148,1,5,0.0,-24.101812920621693,200,0.0,0,0.0,12.000000000000016,688.9200000000009,45.617,15.102264506653242,1.0
148,2,5,0.0,-22.887296857607687,200,0.0,0,0.0,10.000000000000007,952.3269999999998,23.358,40.77091360561691,1.0
148,3,5,1.0,9.782608180703017,9,0.8981972226971372,0,0.0,0.7000000000000001,52.641000000000005,47.282000000000004,1.1133412292204221,1.0
148,4,5,1.0,10.125988750859872,6,0.9592624939349831,0,0.0,0.6000000000000001,51.525,49.426,1.0424675272123982,1.0
149,0,5,0.0,-23.1361003710613,200,0.0,0,0.0,10.000000000000007,581.0369999999979,48.779,11.911621804464993,1.0
149,1,5,1.0,10.025638213704893,8,0.5490636161791679,0,0.0,0.44999999999999996,41.43599999999999,22.750999999999998,1.8212825809854511,1.0
149,2,5,0.0,-26.05094195749584,200,0.0,0,0.0,15.150000000000004,1471.2159999999985,48.653999999999996,30.238336005261615,1.0
149,3,5,0.0,-23.471818354190383,200,0.0,0,0.0,10.050000000000008,3103.767000000009,26.369999999999997,117.70068259385701,1.0
149,4,5,0.0,-23.173203683792327,200,0.0,0,0.0,10.000000000000007,1663.999999999998,42.782,38.89486232527694,1.0
150,0,5,0.0,-25.98219525700759,200,0.0,0,0.0,15.000000000000004,746.4869999999979,52.37199999999999,14.253551516077255,1.0
150,1,5,0.0,-26.14060884617688,200,0.0,0,0.0,15.000000000000002,1056.2149999999979,16.753,63.04632006207831,1.0
150,2,5,0.0,-24.693523391078724,200,0.0,0,0.0,13.350000000000012,868.2570000000003,59.745000000000005,14.532714034647254,1.0
150,3,5,0.0,-23.152071085843318,200,0.0,0,0.0,10.100000000000009,672.4369999999997,49.602,13.556650941494288,1.0
150,4,5,0.0,-23.639965431660986,200,0.0,0,0.0,10.150000000000011,756.2250000000024,67.69200000000001,11.171556461620314,1.0
151,0,5,0.0,-25.591653764447518,200,0.0,0,0.0,15.000000000000004,889.9420000000028,55.546,16.02171173441837,1.0
151,1,5,0.0,-25.354171134462778,200,0.0,0,0.0,15.000000000000004,941.6519999999987,32.641,28.84874850647954,1.0
151,2,5,0.0,-25.56680372081667,200,0.0,0,0.0,15.000000000000002,1604.7679999999993,49.129000000000005,32.66437338435546,1.0
151,3,5,1.0,10.587600200696535,3,0.9547452660054102,0,0.0,0.25,17.744,16.941,1.047399799303465,1.0
151,4,5,0.0,-26.479185829884695,200,0.0,0,0.0,16.600000000000055,705.8439999999983,70.31700000000001,10.038027788443737,1.0
152,0,5,0.0,-13.038678649625744,11,0.0,10,1.0,0.05,3.11,39.278000000000006,0.07917918427618513,1.0
152,1,5,1.0,9.724904965176366,9,0.8253138269269993,0,0.0,0.8,53.931,44.51,1.2116603010559426,1.0
152,2,5,0.0,-13.084290853217645,11,0.0,10,1.0,0.1,5.091,55.32,0.09202819956616053,1.0
152,3,5,1.0,9.807425296639126,9,0.993458001604641,0,0.0,0.65,48.60900000000001,48.291000000000004,1.0065850779648382,1.0
152,4,5,1.0,9.969309102340878,8,0.7361543802182544,0,0.0,0.55,56.173,41.352000000000004,1.3584107177403753,1.0
153,0,5,0.0,-24.973187344789892,200,0.0,0,0.0,12.550000000000015,813.1109999999987,50.335,16.1539882785338,1.0
153,1,5,0.0,-12.928731657897316,13,0.0,10,1.0,0.2,23.724,61.198,0.3876597274420733,1.0
153,2,5,0.0,-22.949854737049417,200,0.0,0,0.0,10.000000000000007,714.5999999999975,40.61600000000001,17.594051605278644,1.0
153,3,5,0.0,-25.71616480608463,200,0.0,0,0.0,15.000000000000002,1699.0469999999964,57.06100000000001,29.775976586460036,1.0
153,4,5,0.0,-12.980045585538381,13,0.0,10,1.0,0.2,20.165,57.254999999999995,0.3521963147323378,1.0
154,0,5,0.0,-23.06271857262286,200,0.0,0,0.0,10.050000000000008,1017.9470000000014,22.726999999999997,44.79020548246586,1.0
154,1,5,0.0,-23.554654341326497,200,0.0,0,0.0,10.050000000000008,666.5400000000011,65.55600000000001,10.167490389895677,1.0
154,2,5,0.0,-25.480210816555104,200,0.0,0,0.0,15.000000000000004,1025.6950000000024,34.817,29.45960306746711,1.0
154,3,5,0.0,-23.13822985874609,200,0.0,0,0.0,10.050000000000008,986.7560000000026,53.733000000000004,18.364059330392916,1.0
154,4,5,0.0,-22.901376194978535,200,0.0,0,0.0,10.000000000000007,824.6259999999977,38.076,21.65736947158309,1.0
155,0,5,0.0,-23.331402456858722,200,0.0,0,0.0,10.000000000000007,1146.6829999999966,27.352,41.92318660427013,1.0
155,1,5,1.0,9.72893523192179,9,0.7826105035552414,0,0.0,0.8000000000000002,48.098,37.642,1.2777748259922426,1.0
155,2,5,0.0,-28.39958491026736,200,0.0,0,0.0,20.000000000000014,825.985000000002,8.191,100.84055670858282,1.0
155,3,5,0.0,-23.282381930184755,200,0.0,0,0.0,10.000000000000007,1065.6170000000047,46.265,23.03289743866864,1.0
155,4,5,1.0,10.169657135350528,6,0.9567439619598231,0,0.0,0.5,47.739000000000004,45.674,1.0452117178263345,1.0
156,0,5,0.0,-29.88406779844521,200,0.0,0,0.0,23.25000000000002,1146.0199999999988,46.181,24.81583335137825,1.0
156,1,5,0.0,-25.64116590764297,200,0.0,0,0.0,15.100000000000003,1160.9620000000016,42.379000000000005,27.394747398475694,1.0
156,2,5,1.0,9.329860764719037,13,0.8747837077383729,0,0.0,0.85,66.461,58.138999999999996,1.1431397168853954,1.0
156,3,5,0.0,-22.854780840158295,200,0.0,0,0.0,10.000000000000007,1440.484999999994,54.82299999999999,26.27519471754545,1.0
156,4,5,1.0,10.707700092772201,2,0.9012617816965643,0,0.0,0.2,13.156,11.857000000000001,1.1095555368136965,1.0
157,0,5,1.0,10.875,1,1.0,0,0.0,0.05,3.598,3.598,1.0,1.0
157,1,5,0.0,-13.297410614525138,14,0.0,10,1.0,0.25,30.617,32.22,0.9502482929857232,1.0
157,2,5,0.0,-28.31779375091684,200,0.0,0,0.0,19.90000000000003,1100.0849999999982,40.901999999999994,26.895628575619735,1.0
157,3,5,1.0,10.513546474505153,4,0.9906474495097819,0,0.0,0.2,22.133,21.926000000000002,1.0094408464836266,1.0
157,4,5,0.0,-28.676997965604535,200,0.0,0,0.0,19.85000000000003,770.4480000000001,42.272999999999996,18.22553402881272,1.0
158,0,5,0.0,-25.51461869901689,200,0.0,0,0.0,15.000000000000004,1353.7869999999984,47.81,28.315979920518686,1.0
158,1,5,0.0,-22.902355002524306,200,0.0,0,0.0,10.000000000000007,1182.761,33.673,35.12490719567606,1.0
158,2,5,0.0,-23.704486993148052,200,0.0,0,0.0,10.000000000000007,682.4930000000002,33.713,20.24420846557708,1.0
158,3,5,0.0,-25.92639777171593,200,0.0,0,0.0,15.050000000000002,786.4220000000017,30.427,25.846189239819953,1.0
158,4,5,1.0,10.077546950389706,7,0.9622619047619049,0,0.0,0.49999999999999994,41.99999999999999,40.415,1.0392181120870962,1.0
159,0,5,0.0,-23.039214020782,200,0.0,0,0.0,10.000000000000007,553.9999999999985,70.63799999999999,7.842804156403049,1.0
159,1,5,1.0,10.344083993583823,5,1.0,0,0.0,0.35,41.146,41.146,1.0,1.0
159,2,5,1.0,10.34504649402606,5,0.9014132553606238,0,0.0,0.35,20.52,18.497,1.1093690868789534,1.0
159,3,5,1.0,10.507966890448582,3,1.0,0,0.0,0.4,13.108,13.108,1.0,1.0
159,4,5,1.0,10.488147764042147,4,1.0,0,0.0,0.25,24.105999999999998,24.105999999999998,1.0,1.0
160,0,5,0.0,-25.63973623545817,200,0.0,0,0.0,15.000000000000004,802.0769999999982,37.306,21.499946389320705,1.0
160,1,5,0.0,-25.769787025528316,200,0.0,0,0.0,14.850000000000001,884.244999999996,41.836,21.135983363610194,1.0
160,2,5,1.0,9.501141916794321,11,0.7937805494690714,0,0.0,0.9,83.062,65.933,1.259794033336872,1.0
160,3,5,0.0,-23.333393042854624,200,0.0,0,0.0,10.050000000000008,1171.1720000000053,55.77,21.000035861574418,1.0
160,4,5,1.0,10.73386866059818,2,0.7461793482655454,0,0.0,0.15000000000000002,12.366999999999999,9.228,1.3401603814477676,1.0
161,0,5,0.0,-23.54364872187539,200,0.0,0,0.0,10.20000000000001,975.3070000000041,42.44499999999999,22.978136411827172,1.0
161,1,5,0.0,-22.903139446174166,200,0.0,0,0.0,10.000000000000007,685.643000000003,48.498999999999995,14.137260562073507,1.0
161,2,5,0.0,-23.117227733808964,200,0.0,0,0.0,10.000000000000007,978.5249999999946,44.855,21.815293724222375,1.0
161,3,5,0.0,-28.38133278528491,200,0.0,0,0.0,19.850000000000023,800.093999999999,38.926,20.554231105173894,1.0
161,4,5,0.0,-23.362437569587982,200,0.0,0,0.0,10.050000000000008,968.9109999999998,56.583,17.123712068995985,1.0
162,0,5,1.0,10.729095399061034,2,1.0,0,0.0,0.15000000000000002,26.625,26.625,1.0,1.0
162,1,5,0.0,-25.45045587476346,200,0.0,0,0.0,15.000000000000002,1219.5019999999988,52.317,23.309861039432665,1.0
162,2,5,1.0,10.248506412346485,5,0.8724014506838601,0,0.0,0.55,42.187,36.804,1.1462612759482664,1.0
162,3,5,0.0,-12.899999999999999,10,0.0,10,1.0,0.0,0.0,25.598,0.0,1.0
162,4,5,0.0,-12.92945365499728,10,0.0,10,1.0,0.0,0.0,27.565,0.0,1.0
163,0,5,0.0,-23.015372300639346,200,0.0,0,0.0,10.050000000000008,860.4589999999994,41.445,20.761467004463732,1.0
163,1,5,0.0,-25.595261383796622,200,0.0,0,0.0,14.950000000000003,1350.6549999999984,25.365,53.24876798738413,1.0
163,2,5,0.0,-25.49751914906809,200,0.0,0,0.0,15.000000000000004,1999.862000000007,64.494,31.00849691444176,1.0
163,3,5,1.0,10.85,1,1.0,0,0.0,0.1,6.271,6.271,1.0,1.0
163,4,5,0.0,-23.298087812491488,200,0.0,0,0.0,10.050000000000008,857.5589999999974,36.521,23.481257358779807,1.0
164,0,5,0.0,-33.17647671994428,200,0.0,0,0.0,30.000000000000007,1424.0530000000028,57.56,24.740323141070235,1.0
164,1,5,0.0,-13.58237421748203,14,0.0,10,1.0,0.4,32.99,43.129999999999995,0.7648968235566892,1.0
164,2,5,0.0,-28.345515943724845,200,0.0,0,0.0,19.95000000000003,943.5149999999986,37.601,25.0928166804074,1.0
164,3,5,0.0,-25.587891277709645,200,0.0,0,0.0,15.000000000000002,857.6479999999957,53.861999999999995,15.923062641565403,1.0
164,4,5,0.0,-13.433102257666999,14,0.0,10,1.0,0.25,16.766,43.009,0.3898253853844544,1.0
165,0,5,1.0,10.462750755824294,4,0.6945405138339921,0,0.0,0.3,32.384,22.492,1.4398008180686466,1.0
165,1,5,0.0,-24.67767759277621,200,0.0,0,0.0,13.350000000000012,1237.9140000000014,38.318,32.30633122814347,1.0
165,2,5,1.0,10.15664676777455,6,0.7317591499409681,0,0.0,0.55,25.41,18.594,1.366569861245563,1.0
165,3,5,0.0,-26.297351903352176,200,0.0,0,0.0,16.649999999999995,1012.5130000000014,33.441,30.277593373403946,1.0
165,4,5,0.0,-26.076864533866512,200,0.0,0,0.0,14.950000000000003,750.3569999999978,64.016,11.721397775556076,1.0
166,0,5,0.0,-25.695877551020455,200,0.0,0,0.0,15.000000000000004,631.021,24.5,25.75595918367347,1.0
166,1,5,0.0,-25.84809145901549,200,0.0,0,0.0,15.000000000000004,923.5530000000015,36.038,25.627199067650857,1.0
166,2,5,0.0,-13.005131695143021,13,0.0,10,1.0,0.25,11.751999999999999,26.044999999999998,0.4512190439623728,1.0
166,3,5,1.0,9.758749911907726,9,0.890322715579445,0,0.0,0.7500000000000001,47.813,42.569,1.1231882355704856,1.0
166,4,5,0.0,-12.694152384500747,13,0.0,10,1.0,0.35,29.333999999999996,37.576,0.7806578667234404,1.0
167,0,5,0.0,-12.993746952988973,15,0.0,10,1.0,0.35,25.261000000000003,34.46,0.7330528148578063,1.0
167,1,5,0.0,-25.32967839824806,200,0.0,0,0.0,15.000000000000004,587.1849999999998,31.965,18.369623025183788,1.0
167,2,5,1.0,9.611782450069581,10,0.94923060444857,0,0.0,0.8500000000000001,56.018,53.17399999999999,1.0534847857975704,1.0
167,3,5,0.0,-28.01298900693964,200,0.0,0,0.0,20.00000000000003,959.4439999999995,32.566,29.46152428913589,1.0
167,4,5,0.0,-13.120800434133766,15,0.0,10,1.0,0.3,35.333,44.226,0.7989191878080767,1.0
168,0,5,0.0,-22.935113494495532,200,0.0,0,0.0,10.050000000000008,930.655999999995,52.86600000000001,17.60405553663971,1.0
168,1,5,0.0,-13.211559156751981,13,0.0,10,1.0,0.25,20.783,31.687,0.655884116514659,1.0
168,2,5,1.0,10.148102795931404,7,0.7334883134201942,0,0.0,0.35,55.49100000000001,40.702,1.3633482384158029,1.0
168,3,5,0.0,-14.64113093795444,23,0.0,10,1.0,0.9000000000000001,58.70400000000001,33.007999999999996,1.7784779447406693,1.0
168,4,5,0.0,-12.754489766953364,13,0.0,10,1.0,0.4,28.107,35.229,0.7978370092821255,1.0
169,0,5,0.0,-25.82270776775547,200,0.0,0,0.0,15.000000000000004,736.9999999999969,11.419,64.54155355109877,1.0
169,1,5,1.0,10.235867477310777,6,0.48758377728131985,0,0.0,0.39999999999999997,23.276,11.349,2.0509295973213497,1.0
169,2,5,1.0,10.193980466678452,6,0.8544994524375968,0,0.0,0.45000000000000007,52.961999999999996,45.256,1.1702757645395085,1.0
169,3,5,0.0,-27.243302373287012,200,0.0,0,0.0,17.950000000000024,948.3069999999973,70.19800000000001,13.509031596341735,1.0
169,4,5,0.0,-23.553183948979825,200,0.0,0,0.0,10.050000000000008,551.6289999999979,55.037,10.022875520104618,1.0
170,0,5,0.0,-27.817290249433075,200,0.0,0,0.0,20.000000000000014,1522.9369999999972,35.28,43.167148526077014,1.0
170,1,5,1.0,10.727779184247538,2,1.0,0,0.0,0.15000000000000002,7.11,7.11,1.0,1.0
170,2,5,1.0,10.704550282977797,2,1.0,0,0.0,0.2,11.485,11.485,1.0,1.0
170,3,5,0.0,-26.549717035512092,200,0.0,0,0.0,16.649999999999995,1143.6259999999993,48.575,23.543510036026746,1.0
170,4,5,1.0,9.723161194415718,9,0.687338960462017,0,0.0,0.8500000000000001,45.019999999999996,30.944000000000003,1.4548862461220267,1.0
171,0,5,0.0,-23.18900173690457,200,0.0,0,0.0,10.000000000000007,1206.8149999999978,43.756,27.580560380290652,1.0
171,1,5,0.0,-30.893069301215995,200,0.0,0,0.0,24.900000000000002,863.4299999999976,51.976,16.61209019547479,1.0
171,2,5,1.0,10.75298519316957,2,0.8400610017633321,0,0.0,0.1,20.983,17.627,1.1903897430078858,1.0
171,3,5,1.0,10.005870501092083,8,0.6278270201518343,0,0.0,0.44999999999999996,50.318,31.591,1.5927954164160678,1.0
171,4,5,1.0,9.375565736421851,12,0.8776835648565757,0,0.0,0.9500000000000001,72.05900000000001,63.245,1.1393627954779035,1.0
172,0,5,0.0,-23.511958063403252,200,0.0,0,0.0,10.150000000000011,939.8839999999948,52.174,18.014413309311053,1.0
172,1,5,0.0,-25.38548058420092,200,0.0,0,0.0,14.950000000000003,1003.4070000000028,40.534,24.75469975822773,1.0
172,2,5,0.0,-23.85599761864262,200,0.0,0,0.0,10.300000000000011,878.3510000000014,58.790000000000006,14.940483075352972,1.0
172,3,5,1.0,10.368450328602725,5,0.6864334749918274,0,0.0,0.3,15.295,10.499,1.4568054100390513,1.0
172,4,5,0.0,-25.96543490728359,200,0.0,0,0.0,15.100000000000003,1295.745000000003,41.848,30.96312846492074,1.0
173,0,5,1.0,10.875,1,1.0,0,0.0,0.05,8.863,8.863,1.0,1.0
173,1,5,1.0,10.875,1,1.0,0,0.0,0.05,3.438,3.438,1.0,1.0
173,2,5,0.0,-28.14489432405183,200,0.0,0,0.0,19.90000000000003,589.440000000001,63.496,9.283104447524268,1.0
173,3,5,0.0,-22.915233755444234,200,0.0,0,0.0,10.000000000000007,1659.0469999999978,39.721000000000004,41.76750333576691,1.0
173,4,5,1.0,8.160871034919868,21,0.5731609220256888,0,0.0,1.7000000000000006,115.61500000000002,66.26600000000002,1.7447107113753657,1.0
174,0,5,0.0,-25.477756868648747,200,0.0,0,0.0,15.000000000000002,1039.5999999999976,53.14000000000001,19.563417388031567,1.0
174,1,5,1.0,10.291728443743427,5,1.0,0,0.0,0.45,22.823999999999998,22.823999999999998,1.0,1.0
174,2,5,0.0,-25.57136921895989,200,0.0,0,0.0,14.950000000000003,1218.2970000000048,15.633,77.93110727307649,1.0
174,3,5,1.0,10.01470855507581,7,0.7762729699709648,0,0.0,0.6499999999999999,51.31699999999999,39.836,1.2882066472537401,1.0
174,4,5,0.0,-23.213109834657534,200,0.0,0,0.0,10.000000000000007,1051.4410000000057,37.256,28.222058191969232,1.0
175,0,5,1.0,10.681917850525016,2,0.8539930372402154,0,0.0,0.25,9.479,8.095,1.170969734403953,1.0
175,1,5,0.0,-12.918632699275364,11,0.0,10,1.0,0.1,6.094,44.160000000000004,0.13799818840579708,1.0
175,2,5,0.0,-25.573062871779303,200,0.0,0,0.0,15.000000000000002,230.47400000000107,59.342999999999996,3.8837605109280133,1.0
175,3,5,0.0,-12.899193338537604,11,0.0,10,1.0,0.1,10.234,49.959,0.2048479753397786,1.0
175,4,5,0.0,-23.271945052939078,200,0.0,0,0.0,10.100000000000009,286.1590000000005,54.78,5.223786053304135,1.0
176,0,5,0.0,-28.213914469235966,200,0.0,0,0.0,19.850000000000016,1780.2159999999972,59.160000000000004,30.09154834347527,1.0
176,1,5,0.0,-26.71347123886587,200,0.0,0,0.0,17.5,948.029,30.648999999999997,30.931808541877388,1.0
176,2,5,0.0,-25.503821970163973,200,0.0,0,0.0,15.000000000000002,1600.1529999999993,48.666,32.88030657954217,1.0
176,3,5,0.0,-25.44368811881183,200,0.0,0,0.0,15.000000000000004,736.9999999999969,37.168,19.828885062419204,1.0
176,4,5,1.0,10.344457892005739,5,1.0,0,0.0,0.35,32.760999999999996,32.760999999999996,1.0,1.0
177,0,5,0.0,-12.9,10,0.0,10,1.0,0.0,0.0,57.638,0.0,1.0
177,1,5,0.0,-23.111963036231064,200,0.0,0,0.0,10.050000000000008,897.8579999999976,27.297,32.892185954500405,1.0
177,2,5,0.0,-25.608499355023625,200,0.0,0,0.0,15.000000000000004,957.9999999999975,20.931,45.769432898571374,1.0
177,3,5,1.0,10.729971897482015,2,0.9735171810024075,0,0.0,0.15000000000000002,9.138,8.895999999999999,1.0272032374100721,1.0
177,4,5,0.0,-12.9,10,0.0,10,1.0,0.0,0.0,31.708999999999996,0.0,1.0
178,0,5,1.0,10.612298156057923,3,0.7345423936333026,0,0.0,0.2,13.068000000000001,9.599,1.3613918116470467,1.0
178,1,5,1.0,10.349470043274213,5,0.8719243237498007,0,0.0,0.35,18.817,16.407,1.1468885231913208,1.0
178,2,5,1.0,10.329695623560381,5,0.40715434083601293,0,0.0,0.39999999999999997,29.855999999999998,12.156,2.456071076011846,1.0
178,3,5,1.0,9.115964314716232,14,0.6302709772811284,0,0.0,1.1,70.338,44.332,1.5866191464404942,1.0
178,4,5,0.0,-26.103858832561585,200,0.0,0,0.0,15.000000000000004,1064.4619999999975,41.681,25.538302823828545,1.0
179,0,5,0.0,-23.349342679944158,200,0.0,0,0.0,10.050000000000008,962.681000000005,22.896,42.04581586303306,1.0
179,1,5,0.0,-28.381326111821366,200,0.0,0,0.0,19.950000000000028,719.3170000000005,29.726,24.19824396151519,1.0
179,2,5,0.0,-25.56714709371293,200,0.0,0,0.0,14.950000000000003,938.455999999997,43.836,21.408340177023383,1.0
179,3,5,1.0,10.629714983713356,3,0.7472427169696508,0,0.0,0.15000000000000002,13.147,9.824,1.3382532573289903,1.0
179,4,5,0.0,-25.5747623603167,200,0.0,0,0.0,15.000000000000004,829.9210000000021,49.129,16.89269067149753,1.0
180,0,5,1.0,10.369692676744817,5,0.934167688469832,0,0.0,0.3,23.651,22.093999999999998,1.0704716212546395,1.0
180,1,5,1.0,9.66206930777302,10,0.5460359244348095,0,0.0,0.8000000000000002,64.58,35.263,1.831381334543289,1.0
180,2,5,1.0,10.441527421706127,4,0.8481708876950627,0,0.0,0.35000000000000003,23.454,19.893,1.17900769114764,1.0
180,3,5,0.0,-25.62279141950607,200,0.0,0,0.0,15.050000000000002,1084.8209999999972,36.245,29.93022485860111,1.0
180,4,5,0.0,-28.21293381944833,200,0.0,0,0.0,19.950000000000017,801.566000000003,52.25100000000001,15.340682474976608,1.0
181,0,5,1.0,10.367107358262968,5,0.9334744617602019,0,0.0,0.3,22.201999999999998,20.725,1.071266586248492,1.0
181,1,5,0.0,-25.486335106291957,200,0.0,0,0.0,15.000000000000004,733.0620000000004,58.471000000000004,12.537189375929954,1.0
181,2,5,1.0,10.875,1,1.0,0,0.0,0.05,8.58,8.58,1.0,1.0
181,3,5,1.0,10.60968631948192,3,1.0,0,0.0,0.2,14.824,14.824,1.0,1.0
181,4,5,1.0,10.172768423724511,6,0.9234315180873506,0,0.0,0.5,63.99499999999999,59.09499999999999,1.082917336492089,1.0
182,0,5,0.0,-23.174744519171966,200,0.0,0,0.0,10.050000000000008,767.4679999999994,45.796,16.758406847759616,1.0
182,1,5,0.0,-13.579714436961446,20,0.0,10,1.0,0.9,48.374,34.003,1.4226391788959798,1.0
182,2,5,1.0,9.119320741009808,13,0.8007645720578002,0,0.0,1.2500000000000002,96.263,77.08400000000002,1.248806496808676,1.0
182,3,5,0.0,-13.735199620651368,20,0.0,10,1.0,0.5499999999999999,44.888000000000005,43.232000000000006,1.0383049592894151,1.0
182,4,5,1.0,10.4380460495714,4,0.9905871511321747,0,0.0,0.35000000000000003,15.192000000000002,15.049,1.0095022925111306,1.0
183,0,5,1.0,10.727393663713988,2,1.0,0,0.0,0.15000000000000002,25.061999999999998,25.061999999999998,1.0,1.0
183,1,5,1.0,10.585091770723634,3,0.9964023384799882,0,0.0,0.25,13.341999999999999,13.294,1.0036106514216938,1.0
183,2,5,0.0,-23.408570075196845,200,0.0,0,0.0,10.000000000000007,629.6020000000019,16.889,37.27882053407555,1.0
183,3,5,0.0,-25.728040916046957,200,0.0,0,0.0,15.000000000000034,760.3160000000012,37.247,20.412811770075475,1.0
183,4,5,0.0,-25.560592979918823,200,0.0,0,0.0,15.000000000000004,1170.1659999999995,53.93099999999999,21.697465279709252,1.0
184,0,5,1.0,10.466502738541367,4,0.5163892941141445,0,0.0,0.30000000000000004,33.589,17.345,1.9365234938022486,1.0
184,1,5,0.0,-23.34443713479082,200,0.0,0,0.0,10.10000000000001,533.2720000000011,76.15500000000003,7.002455518350743,1.0
184,2,5,0.0,-33.19034090909087,200,0.0,0,0.0,29.999999999999893,915.0540000000004,27.456000000000003,33.32801573426575,1.0
184,3,5,0.0,-23.419853095487934,200,0.0,0,0.0,10.050000000000008,1153.8500000000026,53.367999999999995,21.620634087842955,1.0
184,4,5,1.0,10.609513078470824,3,1.0,0,0.0,0.2,14.91,14.91,1.0,1.0
185,0,5,0.0,-22.980321489001657,200,0.0,0,0.0,10.000000000000007,934.7999999999971,59.1,15.817258883248682,1.0
185,1,5,0.0,-22.87132936120336,200,0.0,0,0.0,10.150000000000011,1038.7069999999974,15.357,67.63736406850279,1.0
185,2,5,0.0,-25.54873632447673,200,0.0,0,0.0,15.000000000000004,964.373000000004,52.466,18.380913353409905,1.0
185,3,5,1.0,10.53561435302646,3,1.0,0,0.0,0.35,11.036000000000001,11.036000000000001,1.0,1.0
185,4,5,1.0,10.629940595324278,3,0.9684909473336907,0,0.0,0.15000000000000002,24.247,23.482999999999997,1.0325341736575395,1.0
186,0,5,0.0,-25.65943217121159,200,0.0,0,0.0,15.000000000000002,884.4690000000028,23.176,38.16314290645508,1.0
186,1,5,1.0,9.908041552748719,8,0.9545140835957384,0,0.0,0.6500000000000001,46.366,44.257000000000005,1.0476534785457667,1.0
186,2,5,1.0,10.17282275024326,6,1.0,0,0.0,0.5,31.859,31.859,1.0,1.0
186,3,5,0.0,-25.468576607976328,200,0.0,0,0.0,15.000000000000002,992.5130000000023,49.923,19.88087654988687,1.0
186,4,5,0.0,-22.93601818772331,200,0.0,0,0.0,10.000000000000007,445.360999999999,55.422000000000004,8.03581610190897,1.0
187,0,5,0.0,-12.895490972934338,15,0.0,10,1.0,0.55,28.822000000000003,32.181000000000004,0.8956216400981946,1.0
187,1,5,0.0,-13.472161120840633,15,0.0,10,1.0,0.35000000000000003,21.043,45.67999999999999,0.46066112084063054,1.0
187,2,5,1.0,9.868496632910091,9,0.6654807314027676,0,0.0,0.5499999999999999,58.463,38.906000000000006,1.5026731095460852,1.0
187,3,5,0.0,-22.951643280112567,200,0.0,0,0.0,10.000000000000007,570.0000000000022,58.937000000000005,9.671343977467501,1.0
187,4,5,1.0,10.498580106302201,4,0.6265709867977639,0,0.0,0.25,25.223,15.803999999999998,1.595988357377879,1.0
188,0,5,0.0,-22.78745118920832,200,0.0,0,0.0,10.000000000000007,875.9959999999992,11.268,77.74192403265879,1.0
188,1,5,0.0,-12.977211269733367,11,0.0,10,1.0,0.1,1.868,26.478,0.0705491351310522,1.0
188,2,5,0.0,-23.29625713988991,200,0.0,0,0.0,10.000000000000007,633.5159999999969,28.886999999999997,21.93083393914207,1.0
188,3,5,0.0,-12.86777235403186,11,0.0,10,1.0,0.1,5.114,26.427,0.19351420895296476,1.0
188,4,5,0.0,-25.68302323724348,200,0.0,0,0.0,15.000000000000004,889.9420000000028,50.092000000000006,17.766150283478453,1.0
189,0,5,1.0,10.079569315313588,7,0.7589660273042509,0,0.0,0.5,41.239,31.299,1.3175820313748043,1.0
189,1,5,0.0,-13.181188485309185,12,0.0,10,1.0,0.1,9.253,30.257,0.3058135307532141,1.0
189,2,5,1.0,9.672864535768644,10,0.5612612954666262,0,0.0,0.8,52.676,29.565,1.7817013360392355,1.0
189,3,5,1.0,10.440835116500237,4,0.9985162324173542,0,0.0,0.35,16.849,16.824,1.0014859724203518,1.0
189,4,5,0.0,-13.004994386862645,12,0.0,10,1.0,0.1,6.803,38.303000000000004,0.177610108868757,1.0
190,0,5,0.0,-25.40811058500077,200,0.0,0,0.0,15.000000000000002,2040.0209999999938,32.735,62.319260730105206,1.0
190,1,5,0.0,-30.84464974664418,200,0.0,0,0.0,24.85,860.3939999999975,56.245000000000005,15.297253089163435,1.0
190,2,5,0.0,-22.994796434594043,200,0.0,0,0.0,10.000000000000007,834.2000000000032,62.265,13.397574881554696,1.0
190,3,5,0.0,-25.65296410326151,200,0.0,0,0.0,14.950000000000003,887.7140000000028,51.480999999999995,17.24352673801991,1.0
190,4,5,0.0,-23.79256875782563,200,0.0,0,0.0,10.100000000000009,852.9240000000012,46.322,18.412935538189224,1.0
191,0,5,0.0,-12.982954796256179,15,0.0,10,1.0,0.44999999999999996,22.076,24.467000000000002,0.9022765357420198,1.0
191,1,5,0.0,-13.632155270507914,15,0.0,10,1.0,0.25,15.42,58.001999999999995,0.2658529016240819,1.0
191,2,5,0.0,-25.35522746818975,200,0.0,0,0.0,15.000000000000002,1313.0000000000066,45.346999999999994,28.954506362052765,1.0
191,3,5,0.0,-23.00435293900463,200,0.0,0,0.0,10.000000000000007,471.874999999998,54.168000000000006,8.711324028946942,1.0
191,4,5,0.0,-28.211319947333756,200,0.0,0,0.0,19.950000000000017,1345.8780000000008,41.013,32.815887645380755,1.0
192,0,5,1.0,10.376919834238354,5,0.5548023942601181,0,0.0,0.3,25.226999999999997,13.995999999999999,1.8024435553015146,1.0
192,1,5,0.0,-25.751811162400365,200,0.0,0,0.0,15.000000000000002,909.9599999999981,11.915000000000001,76.37096097356257,1.0
192,2,5,1.0,9.496706101702438,11,0.6770000601069904,0,0.0,0.9000000000000001,66.548,45.053,1.477104743302333,1.0
192,3,5,1.0,10.521855044699873,4,0.6963481740870435,0,0.0,0.2,17.991,12.528,1.4360632183908044,1.0
192,4,5,0.0,-25.11529443612853,200,0.0,0,0.0,15.000000000000004,1342.8060000000016,31.399,42.76588426383011,1.0
193,0,5,0.0,-25.429567113934855,200,0.0,0,0.0,15.000000000000004,742.3999999999983,42.182,17.599924138257983,1.0
193,1,5,1.0,9.47087852494577,11,0.7137169903127347,0,0.0,0.9500000000000001,67.82100000000001,48.404999999999994,1.4011155872327243,1.0
193,2,5,0.0,-25.458666276199686,200,0.0,0,0.0,15.000000000000002,395.1999999999999,47.806,8.266744760071955,1.0
193,3,5,0.0,-23.595090340628587,200,0.0,0,0.0,10.25000000000001,529.7899999999983,60.769999999999996,8.717952937304563,1.0
193,4,5,0.0,-22.937772297575055,200,0.0,0,0.0,10.000000000000007,563.6110000000012,48.66000000000001,11.5826346074805,1.0
194,0,5,0.0,-28.16658166517913,200,0.0,0,0.0,20.00000000000003,1170.768999999998,31.372,37.31891495601167,1.0
194,1,5,1.0,10.08842772965837,7,0.8422237288135593,0,0.0,0.49999999999999994,36.875,31.057000000000002,1.1873329684129181,1.0
194,2,5,0.0,-23.200061665673946,200,0.0,0,0.0,10.000000000000007,724.5729999999969,57.081999999999994,12.693546126624803,1.0
194,3,5,0.0,-25.349419360077984,200,0.0,0,0.0,15.000000000000002,1605.1879999999994,49.256,32.588679551729726,1.0
194,4,5,1.0,9.91010098180135,8,0.7561806860469398,0,0.0,0.65,54.282000000000004,41.04699999999999,1.3224352571442497,1.0
195,0,5,0.0,-25.308520774757877,200,0.0,0,0.0,15.000000000000002,1004.1550000000028,44.814,22.407171865934814,1.0
195,1,5,1.0,10.407234441186054,4,0.46477113542573734,0,0.0,0.44999999999999996,26.413,12.276,2.1515966112740306,1.0
195,2,5,0.0,-25.750629645113335,200,0.0,0,0.0,15.000000000000002,1340.097999999999,43.056,31.124535488665902,1.0
195,3,5,0.0,-25.22855992358956,200,0.0,0,0.0,15.000000000000004,1350.3060000000019,46.06700000000001,29.311785008791578,1.0
195,4,5,0.0,-23.51407064374782,200,0.0,0,0.0,10.200000000000012,320.46000000000123,74.175,4.320323559150674,1.0
196,0,5,0.0,-25.48179973649545,200,0.0,0,0.0,15.000000000000004,2696.5759999999923,7.59,355.2801054018435,1.0
196,1,5,0.0,-23.11577873828375,200,0.0,0,0.0,10.000000000000007,1050.3179999999975,20.591,51.00859598853856,1.0
196,2,5,0.0,-25.42556360562694,200,0.0,0,0.0,15.000000000000004,753.2560000000001,49.689,15.159411539777418,1.0
196,3,5,0.0,-23.20908322861279,200,0.0,0,0.0,10.100000000000009,881.3259999999992,51.724999999999994,17.038685355244066,1.0
196,4,5,0.0,-25.565652709359707,200,0.0,0,0.0,14.900000000000002,933.051999999997,58.464,15.959428024083145,1.0
197,0,5,0.0,-33.25155950514026,200,0.0,0,0.0,29.799999999999894,915.6759999999973,34.434,26.592205378404987,1.0
197,1,5,1.0,10.208100785818713,6,0.9157392686804452,0,0.0,0.45,23.902,21.888,1.0920138888888888,1.0
197,2,5,0.0,-23.72464647911532,200,0.0,0,0.0,10.150000000000011,633.2320000000029,34.90599999999999,18.14106457342586,1.0
197,3,5,1.0,10.22048078273489,6,0.6204182399070578,0,0.0,0.4,34.43,21.361,1.6118159262206826,1.0
197,4,5,0.0,-23.398512192726205,200,0.0,0,0.0,10.25000000000001,967.219000000004,40.721000000000004,23.75233908793998,1.0
198,0,5,1.0,10.31865729369583,5,0.8698246648003539,0,0.0,0.39999999999999997,40.721999999999994,35.42100000000001,1.1496569831455912,1.0
198,1,5,0.0,-13.005145578845084,11,0.0,10,1.0,0.1,4.099,57.632000000000005,0.07112368128817323,1.0
198,2,5,0.0,-23.187364328527384,200,0.0,0,0.0,10.000000000000007,1156.5999999999995,30.865000000000002,37.472865705491635,1.0
198,3,5,0.0,-26.40245676385931,200,0.0,0,0.0,16.700000000000053,943.7529999999983,39.955,23.620397947691114,1.0
198,4,5,0.0,-12.918057383602926,11,0.0,10,1.0,0.05,3.641,16.259,0.22393751153207453,1.0
199,0,5,0.0,-25.711711140036968,200,0.0,0,0.0,15.100000000000003,1784.3759999999936,55.314,32.259030263585956,1.0
199,1,5,1.0,10.120228712985366,7,0.5052098492345305,0,0.0,0.45,34.358000000000004,17.358,1.9793755040903331,1.0
199,2,5,0.0,-25.451920854329398,200,0.0,0,0.0,15.000000000000002,888.2789999999973,43.262,20.53254588322309,1.0
199,3,5,0.0,-25.78215125187318,200,0.0,0,0.0,14.950000000000003,949.8259999999987,59.391000000000005,15.992759845767853,1.0
199,4,5,0.0,-22.932487739477118,200,0.0,0,0.0,10.000000000000007,990.0000000000035,56.68600000000001,17.46462971456803,1.0
