episode,mean_reward,std_reward,success_rate,n_robots,robot_0_reward,robot_0_success,robot_1_reward,robot_1_success,robot_2_reward,robot_2_success
1,-3.1623645913938887,14.813363636184018,0.6666666666666666,3,8.345619197257534,1.0,-24.076447025252357,0.0,6.243734053813157,1.0
2,-1.262721958942226,15.575864383219121,0.6666666666666666,3,10.51351371039076,1.0,8.97062205145664,1.0,-23.272301638674076,0.0
3,-21.317065132111832,6.529751006753301,0.3333333333333333,3,-24.851220049330518,0.0,-12.161565373639151,1.0,-26.93840997336583,0.0
4,-13.430137984710745,16.19828988850771,0.3333333333333333,3,-24.454385080645167,0.0,-25.308424867323737,0.0,9.472395993836672,1.0
5,-7.584415932974927,14.556095457240314,0.6666666666666666,3,9.727456293014793,1.0,-6.594410802955062,1.0,-25.88629328898451,0.0
6,1.8933918925406228,5.106804231960241,1.0,3,2.53318325565912,1.0,7.803437980702,1.0,-4.656445558739252,1.0
7,4.352131183137873,3.107652919382983,1.0,3,0.24245219382387617,1.0,7.755734539491085,1.0,5.058206816098657,1.0
8,-16.43230209086707,10.944200852764999,0.3333333333333333,3,-0.9600531134934318,1.0,-23.821393230848727,0.0,-24.515459928259048,0.0
9,-10.80023973951588,16.920888152414584,0.6666666666666666,3,-7.953986880054277,1.0,-32.80002326642336,0.0,8.353290927930002,1.0
10,8.311774199843937,1.6865874680403796,1.0,3,10.64446811636791,1.0,7.5764379721737924,1.0,6.7144165109901035,1.0
11,-2.677716674413695,14.524695697501455,0.6666666666666666,3,-23.14438763612363,0.0,6.043430833221523,1.0,9.06780677966102,1.0
12,-8.1711419467919,13.490224650203643,0.6666666666666666,3,-11.285956219299104,1.0,-22.914124091327945,0.0,9.686654470251352,1.0
13,-28.299122284503586,8.201165811952508,0.3333333333333333,3,-36.07472979450005,0.0,-16.958558845967122,1.0,-31.86407821304358,0.0
14,-9.35528923767435,12.477864171157252,0.6666666666666666,3,-8.365669867398275,1.0,5.408050753254351,1.0,-25.10824859887913,0.0
15,-22.986693645759658,8.609508313499655,0.3333333333333333,3,-10.890280528052791,1.0,-30.236167187700733,0.0,-27.83363322152544,0.0
16,5.276604822734652,2.349920678588524,1.0,3,3.1216910187278915,1.0,8.545054802422843,1.0,4.163068647053222,1.0
17,-23.659150776151137,5.56580153429186,0.3333333333333333,3,-15.81655908714316,1.0,-26.99946746585209,0.0,-28.16142577545817,0.0
18,-13.271431881889498,13.724507466538169,0.3333333333333333,3,6.137920351433097,1.0,-22.945412547676494,0.0,-23.0068034494251,0.0
19,-18.167864573371066,9.397831823720031,0.3333333333333333,3,-26.091520589346423,0.0,-23.446741137317314,0.0,-4.965331993449462,1.0
20,-18.84894149509644,6.263440684075928,0.3333333333333333,3,-22.60531633616618,0.0,-10.023576961198186,1.0,-23.917931187924953,0.0
21,-7.993769651599881,14.368280167430342,0.6666666666666666,3,9.13651616046776,1.0,-26.023910891089113,0.0,-7.093914224178292,1.0
22,-19.684294151690306,17.57714166500611,0.3333333333333333,3,2.9790861524115417,1.0,-39.85975378068243,0.0,-22.17221482680002,0.0
23,-19.98339428820608,9.891157400073773,0.3333333333333333,3,-6.227705692724733,1.0,-29.060844350091674,0.0,-24.661632821801835,0.0
24,-4.379924066398723,13.99678520485199,0.6666666666666666,3,10.875,1.0,-1.083537743709389,1.0,-22.93123445548678,0.0
25,-8.62133456106371,11.443974886051496,0.6666666666666666,3,4.9962998820827895,1.0,-7.856060027285128,1.0,-23.004243537988792,0.0
26,7.530447280441352,4.075368744344124,1.0,3,10.875,1.0,1.7932698230785764,1.0,9.92307201824548,1.0
27,6.659912050871409,1.244668003819887,1.0,3,4.92193723470879,1.0,7.287279274804423,1.0,7.770519643101014,1.0
28,2.1696049013346776,9.374421442997305,1.0,3,10.17864682762493,1.0,-10.984293180149445,1.0,7.314461056528549,1.0
29,-3.385206747160867,14.340665390658556,0.6666666666666666,3,9.835876666666667,1.0,-23.31431597440913,0.0,3.32281906625986,1.0
30,-6.627471488397805,13.80896723325851,0.6666666666666666,3,-5.695789437339453,1.0,-23.986516487436937,0.0,9.799891459582977,1.0
31,-15.797670398051055,13.17644159766247,0.3333333333333333,3,-24.787638070027672,0.0,2.832845996264383,1.0,-25.438219120389878,0.0
32,-8.29679350193272,14.630981270555704,0.6666666666666666,3,-4.169234006107102,1.0,7.198494460751823,1.0,-27.919640960442884,0.0
33,-17.813257393115787,10.120222498165658,0.3333333333333333,3,-24.41758589511755,0.0,-3.5149352268791088,1.0,-25.507251057350707,0.0
34,-1.3394379081961596,7.937835356476536,1.0,3,-6.39159874707334,1.0,9.868266688974401,1.0,-7.49498166648954,1.0
35,-7.259422385283311,11.602772116178434,0.6666666666666666,3,-22.64101847194918,0.0,-4.517498712951378,1.0,5.380250029050627,1.0
36,-8.983125532200374,14.303933931490283,0.6666666666666666,3,-13.33425636345699,1.0,-23.91617006132283,0.0,10.301049828178694,1.0
37,-14.151755414518442,12.266213271154877,0.3333333333333333,3,3.1895079346957402,1.0,-22.434545484749826,0.0,-23.210228693501243,0.0
38,10.282748981323723,0.4450746136208447,1.0,3,10.171193690851736,1.0,9.80205325311943,1.0,10.875,1.0
39,-9.554129433003,14.250000477295695,0.6666666666666666,3,7.116906504830853,1.0,-8.083976034084857,1.0,-27.695318769754994,0.0
40,5.137426071423354,0.5942249339409027,1.0,3,5.09563643659711,1.0,4.431447359265188,1.0,5.885194418407764,1.0
41,-3.5802590011513633,17.33153888500121,0.6666666666666666,3,6.471345878231327,1.0,-27.965743506802394,0.0,10.753620625116975,1.0
42,-11.37909368691012,11.938452621318492,0.6666666666666666,3,2.653976980216224,1.0,-10.265766031112513,1.0,-26.52549200983407,0.0
43,-15.868747941723298,11.875176819599721,0.3333333333333333,3,0.6169600106994793,1.0,-21.33746931012623,0.0,-26.88573452574314,0.0
44,-7.114204852000637,11.970275744446031,0.6666666666666666,3,-5.368487343511829,1.0,-22.569436694413035,0.0,6.595309481922953,1.0
45,-6.115506933883505,12.112142090407529,0.6666666666666666,3,-22.35999800053317,0.0,6.712411932396661,1.0,-2.6989347335140046,1.0
46,-10.863313816573774,3.85941935380031,1.0,3,-15.068609671848025,1.0,-5.747479585379812,1.0,-11.773852192493486,1.0
47,-10.928529518043206,10.040478390807872,0.6666666666666666,3,-0.13329813487731457,1.0,-24.314514505818735,0.0,-8.337775913433564,1.0
48,-1.3660428851636706,15.41174835190029,0.6666666666666666,3,-23.158656210258577,0.0,9.837646666666668,1.0,9.222880888100898,1.0
49,2.993482810354689,3.1699612996580955,1.0,3,1.5912054374787221,1.0,7.382194626797705,1.0,0.007048366787639537,1.0
50,-9.349716755698815,10.198393170987087,0.6666666666666666,3,1.485570422303411,1.0,-6.523681024595371,1.0,-23.011039664804482,0.0
51,-19.89033214686177,6.032946511562596,0.3333333333333333,3,-24.994841557036086,0.0,-11.417549325284973,1.0,-23.258605558264243,0.0
52,-9.335194086444636,11.412945970780402,0.6666666666666666,3,4.540021996000726,1.0,-23.413655549844258,0.0,-9.131948705490371,1.0
53,1.1546156842439714,3.6950951970664168,1.0,3,0.6696521008403291,1.0,5.903115731030228,1.0,-3.108920779138643,1.0
54,-7.378498864073315,13.138808846105821,0.6666666666666666,3,-23.049645475787603,0.0,-8.188954689984094,1.0,9.103103573551754,1.0
55,-8.976345314184693,16.788862517830992,0.6666666666666666,3,9.679728497820056,1.0,-5.585811569177633,1.0,-31.0229528711965,0.0
56,-2.500691430371546,6.230645370293845,1.0,3,-10.065770714679388,1.0,5.194468070923875,1.0,-2.6307716473591256,1.0
57,-24.846297954805774,0.5138520251809661,0.0,3,-24.470203035708884,0.0,-24.49584721143614,0.0,-25.572843617272294,0.0
58,-16.49429056726423,11.607907813612739,0.3333333333333333,3,-0.0853360198763724,1.0,-24.280505112141658,0.0,-25.117030569774656,0.0
59,9.365777327925926,0.5557598838516363,1.0,3,9.343893914865252,1.0,8.696318850797567,1.0,10.057119218114961,1.0
60,-2.4391403336461477,1.5264630501283352,1.0,3,-1.5797422508610168,1.0,-1.1538436413444337,1.0,-4.583835108732993,1.0
61,3.297177811336119,9.943353191574744,1.0,3,-10.750284213626545,1.0,9.766817647634902,1.0,10.875,1.0
62,-2.1960839262135514,14.864279640214866,0.6666666666666666,3,7.729419776278711,1.0,8.889014421947667,1.0,-23.206685976867032,0.0
63,-4.355847792593073,13.493006185945932,0.6666666666666666,3,9.411706572196433,1.0,-22.682205934298835,0.0,0.20295598432318407,1.0
64,3.647851330701741,4.699873586882252,1.0,3,10.280818604651163,1.0,0.7001853397896145,1.0,-0.037449952335554926,1.0
65,-4.456583831708358,19.06502282034243,0.6666666666666666,3,9.1652347107438,1.0,-31.418105684383328,0.0,8.883119478514452,1.0
66,2.7630826625653615,0.9563445264497806,1.0,3,3.7919212661973747,1.0,1.4883932602830274,1.0,3.0089334612156824,1.0
67,-2.6955480040370308,14.344787875103874,0.6666666666666666,3,5.92300233320371,1.0,-22.90922040537032,0.0,8.899574060055516,1.0
68,-0.6308425558123965,7.3861626106755764,1.0,3,8.420906928337793,1.0,-9.671412262572577,1.0,-0.6420223332024051,1.0
69,-18.773705980452394,11.546959433333026,0.3333333333333333,3,-28.324430880619637,0.0,-25.46944411590772,0.0,-2.5272429448298315,1.0
70,-14.252942564980373,16.81227303448387,0.3333333333333333,3,9.503767736406056,1.0,-26.963657986860433,0.0,-25.298937444486743,0.0
71,5.171521419222964,6.741185976797322,1.0,3,9.584259419537245,1.0,-4.35339867155929,1.0,10.283703509690937,1.0
72,8.123248241626131,1.9993066521034104,1.0,3,9.232254146532584,1.0,9.821170662160736,1.0,5.316319916185068,1.0
73,-5.560958732614872,11.320719945430628,1.0,3,-13.471237363831143,1.0,10.448585135135135,1.0,-13.660223969148609,1.0
74,-4.384361148105709,13.56858781492544,0.6666666666666666,3,-22.81861916244278,0.0,0.21828397322555482,1.0,9.447251744900099,1.0
75,1.4366980160159784,5.1988235454431315,1.0,3,-2.928632003138265,1.0,-1.5040703693954551,1.0,8.742796420581655,1.0
76,4.307362276017819,3.782030868252936,1.0,3,-1.039540983606548,1.0,7.09745601568243,1.0,6.864171795977575,1.0
77,6.022801311570795,0.8719564228869081,1.0,3,7.24857945348948,1.0,5.526372384937238,1.0,5.2934520962856695,1.0
78,6.533436857253804,3.4580438088249545,1.0,3,10.188241811846689,1.0,1.8919801812004557,1.0,7.520088578714267,1.0
79,-5.923765347932765,11.381533781798193,0.6666666666666666,3,-21.920060214422122,0.0,0.52587320656278,1.0,3.6228909640610487,1.0
80,1.0272651085128104,7.809701044580454,1.0,3,8.941837525807948,1.0,3.7413208336237567,1.0,-9.601363033893273,1.0
81,1.9350417599252794,6.885214012862947,1.0,3,7.476947432377695,1.0,6.097682446729983,1.0,-7.769504599331841,1.0
82,1.2467477213171936,6.415379991327841,1.0,3,-6.063570107502022,1.0,9.555409679771184,1.0,0.24840359168241832,1.0
83,-4.9311108856082955,4.947893826826176,0.6666666666666666,3,-11.926468965517229,0.0,-1.5790477194673738,1.0,-1.2878159718402848,1.0
84,5.241517395454495,5.3398739213095086,1.0,3,-2.3065477510161543,1.0,8.812044067796611,1.0,9.219055869583027,1.0
85,-15.999006433103807,14.262921408229511,0.3333333333333333,3,4.170585762154646,1.0,-26.276295787042134,0.0,-25.891309274423936,0.0
86,3.0794175640777084,4.528072765144571,1.0,3,1.2286265936149974,1.0,-1.3042446860528596,1.0,9.313870784670987,1.0
87,-7.012911199303459,5.313030396212122,1.0,3,-14.526281869688408,1.0,-3.190015112262527,1.0,-3.322436615959443,1.0
88,-5.404048701838842,7.214554490627642,1.0,3,4.794718850078201,1.0,-10.75552385770998,1.0,-10.251341097884746,1.0
89,3.6019245073018005,5.7262968632580264,1.0,3,-4.340157150433088,1.0,8.943446220983535,1.0,6.202484451354954,1.0
90,-24.410041990738545,8.142261404584579,0.3333333333333333,3,-29.794266234254092,0.0,-12.903043134454,1.0,-30.532816603507538,0.0
91,-2.7545385704636147,14.842439940323263,0.6666666666666666,3,-23.73452163724417,0.0,8.307526351012212,1.0,7.163379574841113,1.0
92,0.05587202777688146,5.463788332909719,1.0,3,-0.7814156846386435,1.0,-6.177828543752019,1.0,7.126860311721307,1.0
93,2.4607813046603955,7.358461110155943,1.0,3,8.73563092623692,1.0,-7.866227745460964,1.0,6.51294073320523,1.0
94,-12.86358761336514,11.628327759414312,0.6666666666666666,3,-26.99341301189503,0.0,-13.084828589108913,1.0,1.4874787609085143,1.0
95,-2.8273294766060317,15.300827082480062,0.6666666666666666,3,8.990464046170645,1.0,6.9617921497415844,1.0,-24.434244625730326,0.0
96,8.870078568562823,1.6952865582141898,1.0,3,10.754603732428503,1.0,6.644297988407774,1.0,9.211333984852187,1.0
97,-13.308902903217307,14.963842655643774,0.3333333333333333,3,7.8520560806553235,1.0,-24.077110114048253,0.0,-23.701654676258986,0.0
98,-2.666850927535069,14.606335126865725,0.6666666666666666,3,9.439794238683128,1.0,-23.21463437926331,0.0,5.774287357974975,1.0
99,-3.254544355195055,9.440145772817395,1.0,3,-16.397591183250675,1.0,5.346700314255784,1.0,1.2872578034097266,1.0
100,-11.32987637752995,9.128413078735349,0.6666666666666666,3,-23.970475755073153,0.0,-7.2796699767931425,1.0,-2.739483400723552,1.0
101,-2.8681160622240234,14.382665816028922,0.6666666666666666,3,-22.8809195368692,0.0,10.285885836693549,1.0,3.990685513503582,1.0
102,5.745387506356224,4.480708273300218,1.0,3,-0.1910099750623484,1.0,6.794078848646068,1.0,10.63309364548495,1.0
103,-4.568135904435169,13.00633725205823,0.6666666666666666,3,5.097594685210481,1.0,-22.953766680801152,0.0,4.151764282285163,1.0
104,4.929729425347932,5.153888862469382,1.0,3,-2.3000647181628384,1.0,7.743743801652892,1.0,9.345509192553743,1.0
105,1.2242410726241681,2.831745275160192,1.0,3,0.41989743479936337,1.0,5.023903942195303,1.0,-1.7710781591221618,1.0
106,7.837147272170921,2.986250824856332,1.0,3,3.6708107822090525,1.0,10.518455277359992,1.0,9.32217575694372,1.0
107,6.797445036958173,2.888289984506459,1.0,3,4.967204589151198,1.0,10.875,1.0,4.550130521723323,1.0
108,-1.5298765421858203,7.612755523221424,1.0,3,9.013668275030158,1.0,-4.915828969982805,1.0,-8.687468931604814,1.0
109,-4.123251171763638,16.710522544020296,0.6666666666666666,3,9.456489801359819,1.0,5.836664067721095,1.0,-27.662907384371827,0.0
110,-3.484017565024724,15.822490162905297,0.6666666666666666,3,8.830669836168028,1.0,-25.821229871114493,0.0,6.538507339872292,1.0
111,4.753076959638466,5.355094810074381,1.0,3,8.961864988558354,1.0,8.101217964143906,1.0,-2.803852073786862,1.0
112,-2.9812598890246953,15.275640676057183,0.6666666666666666,3,9.7927861821952,1.0,-24.455880722951736,0.0,5.719314873682451,1.0
113,3.3030567521663894,4.314665632082803,1.0,3,9.182389551486645,1.0,1.777460241564972,1.0,-1.0506795365524493,1.0
114,6.465481399631234,2.655379505646094,1.0,3,5.257162049238285,1.0,10.148850996074945,1.0,3.990431153580473,1.0
115,-24.387796605597526,9.102768872593533,0.3333333333333333,3,-31.781110920787203,0.0,-11.564542091956177,1.0,-29.817736804049197,0.0
116,3.6620143667927283,5.265554520903936,1.0,3,8.501477367013921,1.0,-3.659124586390444,1.0,6.1436903197547075,1.0
117,1.8154928041355796,7.699097295556982,1.0,3,-8.952437054367197,1.0,5.801990856694529,1.0,8.596924610079407,1.0
118,6.929426125376768,1.9068327978277373,1.0,3,7.4816205300970084,1.0,8.939226554769672,1.0,4.3674312912636255,1.0
119,4.092049720851345,7.480258969349619,1.0,3,8.159387355806466,1.0,10.515566297774303,1.0,-6.398804491026732,1.0
120,5.479852802426689,2.3912102605052032,1.0,3,2.098177020160625,1.0,7.176298067672685,1.0,7.165083319446758,1.0
121,-15.280802321533821,12.44273840756414,0.3333333333333333,3,-23.109535427807494,0.0,-25.01435912990728,0.0,2.281487593113315,1.0
122,3.8567902901931124,3.3008238423895206,1.0,3,-0.5340633876513721,1.0,4.679825041353861,1.0,7.424609216876848,1.0
123,1.0215978856223178,6.384589459301606,1.0,3,6.279922938696522,1.0,-7.964213685253858,1.0,4.749084403424289,1.0
124,2.274800147952897,5.854214166029711,1.0,3,-5.491475301481099,1.0,3.67369563704683,1.0,8.64218010829296,1.0
125,7.075888672312882,2.7820375947836027,1.0,3,8.88354432172189,1.0,9.19842592110063,1.0,3.145695774116124,1.0
126,-8.755926383075769,16.483970318741456,0.6666666666666666,3,-7.465967361740704,1.0,10.756820180796483,1.0,-29.558631968283088,0.0
127,3.9264067212631706,4.240632102778476,1.0,3,1.2139317722321117,1.0,9.914738828321553,1.0,0.6505495632358471,1.0
128,-5.690290538893545,13.858227555975468,0.6666666666666666,3,-1.9796563722708385,1.0,-24.211413994862532,0.0,9.120198750452735,1.0
129,3.459364780014546,5.428628197795067,1.0,3,5.802182585568917,1.0,8.619496741223523,1.0,-4.043584986748801,1.0
130,7.72557337356346,2.116780303969684,1.0,3,10.639766060952926,1.0,6.861561356491263,1.0,5.675392703246193,1.0
131,9.266825480572548,0.8076999369428085,1.0,3,8.826301555993863,1.0,10.399788262468988,1.0,8.574386623254789,1.0
132,-0.74631988560729,3.0104366216327723,1.0,3,-4.838244612845481,1.0,0.28169994561417333,1.0,2.317585010409437,1.0
133,-2.678415459914947,18.10680896383376,0.6666666666666666,3,9.360123109534873,1.0,-28.270369489279712,0.0,10.875,1.0
134,5.708659736311937,6.476900281157763,1.0,3,-3.4345025941052967,1.0,9.803488525730181,1.0,10.756993277310924,1.0
135,6.187903983175576,2.1269811689778173,1.0,3,7.107136793765655,1.0,3.247898168991207,1.0,8.208676986769868,1.0
136,5.013639791853621,2.055445297307891,1.0,3,3.3930727844608723,1.0,3.73404172324733,1.0,7.913804867852663,1.0
137,1.2873011029909829,11.123917547124126,1.0,3,8.080183621006244,1.0,-14.397544149829514,1.0,10.179263837796219,1.0
138,1.349485983853145,2.482751372060926,1.0,3,3.155301534206041,1.0,3.0543270868824504,1.0,-2.1611706695290565,1.0
139,7.652836772918384,2.167246473659291,1.0,3,6.9591358243838926,1.0,10.585131147540984,1.0,5.414243346830276,1.0
140,4.946607342310567,5.304082313667311,1.0,3,-2.5482319248826375,1.0,8.959492707107449,1.0,8.428561244706888,1.0
141,7.727517168537749,1.5909504264064562,1.0,3,9.265225316594483,1.0,5.536244334975371,1.0,8.381081854043392,1.0
142,-3.78988802983592,17.690540711866568,0.6666666666666666,3,-28.807629234868706,0.0,8.850568156299122,1.0,8.587396989061824,1.0
143,0.2269214762450288,12.389718433214984,1.0,3,9.213448838639481,1.0,-17.292831707317085,1.0,8.76014729741269,1.0
144,-1.9814338093718435,4.459318918848688,1.0,3,-6.719442165709594,1.0,-3.216836023586877,1.0,3.9919767611809407,1.0
145,7.955967508340628,2.9524095645021955,1.0,3,3.7830317232831074,1.0,10.165067187881748,1.0,9.91980361385703,1.0
146,6.91556295768599,1.0172812993244578,1.0,3,5.533715992126622,1.0,7.259836637691089,1.0,7.953136243240261,1.0
147,4.59291421277251,6.786762486417955,1.0,3,9.346548011000502,1.0,-5.004875048484511,1.0,9.43706967580154,1.0
148,7.340960482368573,0.6220122629776295,1.0,3,7.286317222600408,1.0,6.60794700944386,1.0,8.128617215061448,1.0
149,-3.0657885425513727,7.685510451189964,1.0,3,-3.4475166986310466,1.0,6.532057998221519,1.0,-12.281906927244592,1.0
150,3.001752509088585,7.663518036871911,1.0,3,-7.750996357654797,1.0,7.204220255898971,1.0,9.552033629021581,1.0
151,2.7573606244441105,2.395331600511082,1.0,3,3.5423996298771403,1.0,5.218646569646569,1.0,-0.4889643261913772,1.0
152,-2.3536056451476046,17.304394865436045,0.6666666666666666,3,-26.824815252900752,0.0,10.06378952825298,1.0,9.700208789204959,1.0
153,8.82163629428963,1.5529775799768863,1.0,3,10.769722857142858,1.0,8.725845882820936,1.0,6.9693401429050965,1.0
154,4.606901550996115,4.335788315084122,1.0,3,-1.0026055633968465,1.0,5.267205780273869,1.0,9.556104436111323,1.0
155,5.286740128522523,3.742339616246928,1.0,3,7.408551667868392,1.0,8.424774171304733,1.0,0.026894546394444774,1.0
156,3.5993215967373113,4.79474939553468,1.0,3,8.001729689106874,1.0,5.864495824965649,1.0,-3.0682607238605897,1.0
157,1.9760669546594045,6.47346720869337,1.0,3,8.491353971108431,1.0,-6.851311095983673,1.0,4.288157988853456,1.0
158,7.472241769733427,1.77938909744471,1.0,3,7.682232947976878,1.0,5.195549581417286,1.0,9.538942779806119,1.0
159,5.6595647793061135,2.253869483583216,1.0,3,6.11275370771538,1.0,2.7005983931411937,1.0,8.165342237061768,1.0
160,6.024284913071486,4.733404843394423,1.0,3,7.926161402551333,1.0,10.631658595641646,1.0,-0.48496525897852116,1.0
161,10.360702684615228,0.5666455474069807,1.0,3,10.875,1.0,9.571337465610394,1.0,10.635770588235294,1.0
162,4.318293949875891,3.679060342242188,1.0,3,-0.8508848205834312,1.0,7.415641203951356,1.0,6.39012546625975,1.0
163,3.3232078930780244,4.426134912955761,1.0,3,-1.7678337229856922,1.0,2.714845880021034,1.0,9.022611522198732,1.0
164,7.74558106734487,1.211843113457612,1.0,3,7.1006804117201305,1.0,6.692923051886409,1.0,9.443139738428068,1.0
165,0.463495773189357,1.6291047923496276,1.0,3,-1.146280936250724,1.0,2.6957725985063066,1.0,-0.15900434268751162,1.0
166,6.090197958266465,2.0593488628344656,1.0,3,3.725207139134967,1.0,5.800793090179478,1.0,8.74459364548495,1.0
167,4.398746834450994,4.705133650502801,1.0,3,-1.0930802800053172,1.0,10.398473571985075,1.0,3.890847211373223,1.0
168,8.964972814709578,0.16900632446009187,1.0,3,8.833917990312044,1.0,8.85740146517718,1.0,9.203598988639513,1.0
169,6.304468009951137,0.18368029630379687,1.0,3,6.285208774406022,1.0,6.53843997383793,1.0,6.08975528160946,1.0
170,10.31289263463148,0.2454151621169979,1.0,3,9.97947133344161,1.0,10.396143237119496,1.0,10.563063333333334,1.0
171,-1.4598385223769927,15.257789497979761,0.6666666666666666,3,-23.026999083689695,0.0,8.73773873873874,1.0,9.909744777819977,1.0
172,4.3400453724991275,3.9652795459733325,1.0,3,0.4558819372363683,1.0,9.785,1.0,2.779254180261013,1.0
173,8.476064391891606,1.646017443147137,1.0,3,9.812416434066307,1.0,6.157227124742974,1.0,9.458549616865541,1.0
174,0.057674801941703414,7.758680761891422,1.0,3,10.169435018400156,1.0,-1.309042834797257,1.0,-8.687367777777789,1.0
175,3.1582776231620677,4.716842011267235,1.0,3,0.144510445407958,1.0,-0.48855622177526215,1.0,9.818878645853507,1.0
176,8.694227129593578,1.587295508060798,1.0,3,6.465599253088192,1.0,10.041293910819883,1.0,9.575788224872662,1.0
177,-5.428808200140314,11.704649711994096,1.0,3,10.760583880430227,1.0,-16.511132960145463,1.0,-10.535875520705709,1.0
178,9.849252550559576,0.24048613963952206,1.0,3,9.8326370555576,1.0,10.151742756804214,1.0,9.563377839316916,1.0
179,6.608261785099285,4.56840255011121,1.0,3,0.19845178096155358,1.0,9.112306906067936,1.0,10.514026668268365,1.0
180,5.879884367116918,3.5494277104993364,1.0,3,10.285126654604323,1.0,5.761258400788551,1.0,1.5932680459578759,1.0
181,5.583875714560672,0.7819136365780335,1.0,3,6.3530879831156835,1.0,4.511288645206934,1.0,5.887250515359399,1.0
182,9.051525611337285,0.21577296895392922,1.0,3,8.836288290565879,1.0,9.346471880492091,1.0,8.971816662953886,1.0
183,2.5482993693651665,6.455097862036114,1.0,3,-6.504940374787035,1.0,8.090581692195478,1.0,6.059256790687057,1.0
184,8.03679366527655,2.0017724735667546,1.0,3,5.610044590274271,1.0,7.987707807705421,1.0,10.51262859784996,1.0
185,9.753499142910428,0.672043433889972,1.0,3,10.033437297341115,1.0,10.400098268600843,1.0,8.826961862789327,1.0
186,-4.737728268067326,20.76364612960985,0.6666666666666666,3,10.653037449213919,1.0,9.224145136962973,1.0,-34.09036739037887,0.0
187,7.810609715415484,2.9387942494759294,1.0,3,3.798207313720095,1.0,10.755020746887967,1.0,8.87860108563839,1.0
188,8.15538584148131,1.8432781834022947,1.0,3,10.149896265560166,1.0,5.704528958319122,1.0,8.611732300564645,1.0
189,10.261898336924983,0.5783223307206106,1.0,3,9.486556677441614,1.0,10.424138333333334,1.0,10.875,1.0
190,-8.943400816171954,14.746168685518136,0.6666666666666666,3,9.20562183843442,1.0,-26.91363970588238,0.0,-9.122184581067895,1.0
191,-3.136063679059897,5.921145153438146,1.0,3,-0.03506216078924673,1.0,2.0497388566311336,1.0,-11.422867733021578,1.0
192,7.462126509593726,1.0041657033117772,1.0,3,7.605159763313609,1.0,6.167017117223468,1.0,8.614202648244099,1.0
193,9.835869245363071,0.554473601523243,1.0,3,9.080357647798083,1.0,10.031792341812256,1.0,10.395457746478874,1.0
194,-0.5177982554243871,11.867776813840923,1.0,3,4.909954891457566,1.0,-16.985612868099622,1.0,10.522263210368894,1.0
195,5.086956744583344,7.103427851601224,1.0,3,9.694016377832794,1.0,-4.947632638240478,1.0,10.514486494157717,1.0
196,1.5894643061021618,7.55284415571033,1.0,3,3.0187598456839773,1.0,10.041932656229784,1.0,-8.292299583607276,1.0
197,6.48312787471432,1.6364295603550454,1.0,3,7.019827238566584,1.0,4.265209547257555,1.0,8.164346838318819,1.0
198,6.731521850730455,4.58406857557228,1.0,3,0.3037321689513579,1.0,9.215233897085282,1.0,10.675599486154725,1.0
199,8.368502151521549,2.2095262673808875,1.0,3,5.4993600095699495,1.0,8.731146444994694,1.0,10.875,1.0
200,-2.076222398635059,16.26553019597587,0.6666666666666666,3,8.620134260140926,1.0,-25.060788524436983,0.0,10.21198706839088,1.0
201,10.47859629092418,0.21362258851242738,1.0,3,10.269012350488955,1.0,10.771823513729672,1.0,10.394953008553912,1.0
202,-2.3958876530287334,17.41449586487251,0.6666666666666666,3,10.278470731707317,1.0,9.554018187296283,1.0,-27.020151878089802,0.0
203,9.603605365247512,1.1623352451947757,1.0,3,10.045308338656577,1.0,10.753960900036887,1.0,8.011546857049073,1.0
204,3.8397042296528787,9.61277867632099,1.0,3,10.638235762010817,1.0,-9.754817667322827,1.0,10.635694594270646,1.0
205,10.288920576676409,0.5067578050443581,1.0,3,9.585087590264775,1.0,10.757753941586975,1.0,10.523920198177475,1.0
206,7.247338822641286,3.6185740730845373,1.0,3,10.1591185017187,1.0,2.146963860484666,1.0,9.435934105720492,1.0
207,9.059721903889292,1.0631687550751852,1.0,3,10.275601795411726,1.0,9.217757655977378,1.0,7.685806260278774,1.0
208,10.246063499730965,0.727131563166402,1.0,3,10.63615867768595,1.0,10.875,1.0,9.22703182150695,1.0
209,9.200643202070937,1.4085368119163557,1.0,3,10.63598715083799,1.0,7.286808723117655,1.0,9.679133732257167,1.0
210,6.291045620605208,5.4014469370800775,1.0,3,9.557355347749853,1.0,-1.3222312397083034,1.0,10.638012753774076,1.0
211,9.887327474763364,0.14538082894401766,1.0,3,10.036313215167153,1.0,9.69013246519982,1.0,9.93553674392312,1.0
212,6.554321196862783,4.524570833615154,1.0,3,10.875,1.0,0.30663389565412125,1.0,8.481329694934228,1.0
213,8.987748337838541,1.170589152276683,1.0,3,10.154489117983964,1.0,9.421459758192603,1.0,7.387296137339057,1.0
214,6.708058269647634,2.3627873060259343,1.0,3,9.819071352658774,1.0,4.096453258170593,1.0,6.208650198113538,1.0
215,9.19981718165558,1.5357763991817939,1.0,3,7.045137074596082,1.0,10.040664212862803,1.0,10.513650257507859,1.0
216,10.247803499336856,0.19575266016804166,1.0,3,10.513394929410895,1.0,10.047372363493004,1.0,10.182643205106668,1.0
217,6.490456461372091,1.077700846212003,1.0,3,5.364322750812185,1.0,7.9429196402022,1.0,6.164126993101886,1.0
218,7.910478513529303,0.8509828384481676,1.0,3,9.066914494916194,1.0,7.620790508652334,1.0,7.043730537019384,1.0
219,1.8723237280493823,7.542000992658307,1.0,3,4.629680724633025,1.0,9.416671916646475,1.0,-8.429381457131354,1.0
220,9.973407541033177,0.8646973344047676,1.0,3,8.768023215463094,1.0,10.754533699857461,1.0,10.397665707778977,1.0
221,9.538465737405987,0.39523334801701826,1.0,3,9.432482273591976,1.0,10.066736048806746,1.0,9.116178889819238,1.0
222,6.511346168058464,4.781320269798426,1.0,3,10.756328435053096,1.0,8.946993848622625,1.0,-0.16928377950032925,1.0
223,-3.4406739292339794,16.193574777024125,0.6666666666666666,3,10.164254281838224,1.0,-26.19704797457125,0.0,5.710771905031091,1.0
224,0.97502369935546,5.139594568514888,1.0,3,7.990794015132194,1.0,-0.8874515855039622,1.0,-4.178271331561852,1.0
225,9.334359174718402,0.6273175110095991,1.0,3,9.696559210984875,1.0,8.451903868784937,1.0,9.854614444385396,1.0
226,8.632814859725599,0.22978545965595915,1.0,3,8.728961946455632,1.0,8.31591267300399,1.0,8.853569959717175,1.0
227,9.09080873540468,0.9170368646342081,1.0,3,9.680874649793811,1.0,9.795926556420232,1.0,7.795625000000002,1.0
228,7.903895867866173,1.8909928894066121,1.0,3,8.040458631194765,1.0,10.148576682268555,1.0,5.522652290135197,1.0
229,8.280867083690813,0.6065511776961169,1.0,3,7.528615418575134,1.0,8.299999119391009,1.0,9.013986713106295,1.0
230,9.483093521396798,0.6007638069928788,1.0,3,8.817575168544854,1.0,9.358480071617624,1.0,10.273225324027916,1.0
231,9.296887241035664,0.6939636750478413,1.0,3,8.759841195504087,1.0,8.854028135713442,1.0,10.276792391889467,1.0
232,2.9258044847716476,10.72840100148432,1.0,3,-12.245833407335043,1.0,10.629669295085309,1.0,10.393577566564677,1.0
233,7.426857358054558,2.1272884759780757,1.0,3,5.5170377652559655,1.0,10.394843465045593,1.0,6.368690843862113,1.0
234,2.7420770772612464,9.156900472594891,1.0,3,9.940114211550942,1.0,8.465849693960042,1.0,-10.179732673727244,1.0
235,8.282813288692267,0.7956899586971036,1.0,3,7.216155102040817,1.0,9.126567896746046,1.0,8.505716867289943,1.0
236,8.032860685256644,3.0480651072368383,1.0,3,10.654833333333334,1.0,3.758768571428578,1.0,9.684980151008018,1.0
237,3.681030726091585,8.305038237248112,1.0,3,9.425798913600492,1.0,-8.063146818655126,1.0,9.680440083329389,1.0
238,3.1664959333188354,3.5070873882108735,1.0,3,7.276947029729298,1.0,3.514941901946795,1.0,-1.2924011317195863,1.0
239,1.6762172162413875,7.955097283191434,1.0,3,3.263304219461191,1.0,10.528202487628727,1.0,-8.762855058365757,1.0
240,5.7403430908495165,3.4426574695496974,1.0,3,10.039700018748828,1.0,1.612159336570155,1.0,5.569169917229567,1.0
241,7.141497365838233,3.3858014982925315,1.0,3,9.945155831995718,1.0,9.101230579393125,1.0,2.3781056861258536,1.0
242,7.897004001674584,2.2076203597567523,1.0,3,4.775236535080708,1.0,9.42172985055003,1.0,9.494045619393015,1.0
243,8.730153477248217,1.5585222865511281,1.0,3,10.527913929353518,1.0,6.726949659964517,1.0,8.93559684242662,1.0
244,8.667289939025775,1.3859013070126018,1.0,3,10.528361503003213,1.0,7.204407348570257,1.0,8.269100965503856,1.0
245,9.121061792372666,0.6048740767189703,1.0,3,9.362612636630233,1.0,9.710954271065905,1.0,8.289618469421857,1.0
246,3.336702206666187,9.161492083159423,1.0,3,10.036154952562718,1.0,9.591006522122333,1.0,-9.617054854686492,1.0
247,-3.155075246713835,11.998969930332914,1.0,3,-19.357013645540846,1.0,0.5771626524236595,1.0,9.31462525297568,1.0
248,6.376945821974516,1.4032355369986005,1.0,3,4.421342096160493,1.0,7.062659497632614,1.0,7.646835872130444,1.0
249,10.557336488081209,0.054901924972336494,1.0,3,10.51675079883675,1.0,10.520306270852938,1.0,10.634952394553938,1.0
250,9.571408181489737,0.6888644282106355,1.0,3,10.271236086878046,1.0,8.63456835799859,1.0,9.808420099592576,1.0
251,6.797216378225755,4.34891375097466,1.0,3,10.274316380217467,1.0,9.45206004297813,1.0,0.6652727114816717,1.0
252,9.654601608263148,0.8294244167505903,1.0,3,9.684798102432662,1.0,10.655000000000001,1.0,8.62400672235678,1.0
253,4.679640190944357,3.6471261783975826,1.0,3,7.191349505656916,1.0,-0.47759643701145116,1.0,7.325167504187605,1.0
254,-1.9386398615999294,14.903063961827764,0.6666666666666666,3,10.277000110983685,1.0,-22.92044983782575,0.0,6.827530142042276,1.0
255,10.636680950045735,0.0018921895864774847,1.0,3,10.634598682042833,1.0,10.639177656827856,1.0,10.636266511266513,1.0
256,7.56545935514666,1.8358265736121415,1.0,3,6.436997854483499,1.0,6.104765466457933,1.0,10.15461474449855,1.0
257,9.394124516731281,0.7148367001378078,1.0,3,10.403803437517105,1.0,8.932858207319747,1.0,8.845711905356993,1.0
258,9.107314412621626,0.8533214827440516,1.0,3,9.925908570673943,1.0,7.9301214860544595,1.0,9.465913181136477,1.0
259,7.522078584535703,1.9159408202157209,1.0,3,4.904765179978187,1.0,9.437774615520594,1.0,8.22369595810833,1.0
260,8.16320135253495,1.3407697377102514,1.0,3,7.278010492332527,1.0,7.153618043602982,1.0,10.057975521669341,1.0
261,1.119189318601468,6.684917245893953,1.0,3,5.7660213299047225,1.0,5.925807819929531,1.0,-8.33426119402985,1.0
262,6.201418531477278,5.7014793040454546,1.0,3,10.515286343612335,1.0,-1.8549397326320403,1.0,9.943908983451538,1.0
263,9.970894014580143,0.6233561403784623,1.0,3,9.929308642966054,1.0,10.754289027469978,1.0,9.229084373304396,1.0
264,9.35667486977776,1.086248344510143,1.0,3,9.448107987806523,1.0,10.63897683007032,1.0,7.982939791456443,1.0
265,9.963020910172531,0.8764446830144301,1.0,3,10.39375853695553,1.0,10.754171717171717,1.0,8.741132476390346,1.0
266,7.429011606596205,3.8065205312732258,1.0,3,9.70626921594656,1.0,2.0660519474543895,1.0,10.514713656387665,1.0
267,9.850812842816977,0.14121230574926152,1.0,3,10.03845351824599,1.0,9.816192214864781,1.0,9.697792795340158,1.0
268,4.913189377668197,5.356870471660122,1.0,3,9.794160932415853,1.0,7.4902906086604855,1.0,-2.544883408071744,1.0
269,9.455854313403787,0.4957407371918984,1.0,3,9.921630613852875,1.0,9.676758677685951,1.0,8.769173648672535,1.0
270,-1.4010076849365578,15.375939234268872,0.6666666666666666,3,10.161531400635875,1.0,8.766391319364494,1.0,-23.13094577481004,0.0
271,1.9625053688551686,8.692935074085067,1.0,3,-10.287090606262492,1.0,8.987985952100995,1.0,7.186620760727002,1.0
272,-1.3466462652971458,16.700411441919357,0.6666666666666666,3,-24.964509664008947,0.0,10.407423298404607,1.0,10.517147569712902,1.0
273,1.8020457295421977,5.089544935043627,1.0,3,2.9818442594992813,1.0,7.361232416172697,1.0,-4.936939487045386,1.0
274,9.964471532020957,0.5111067274256978,1.0,3,10.654951470168427,1.0,9.804361845428524,1.0,9.434101280465915,1.0
275,6.669857167985815,4.201934615616607,1.0,3,0.7480553503438028,1.0,10.059219504830919,1.0,9.202296648782724,1.0
276,2.1458693656198347,5.840266280725521,1.0,3,-1.7802805158712918,1.0,-2.184073703756587,1.0,10.401962316487383,1.0
277,8.430479738624253,1.7285371708432447,1.0,3,7.206936926080354,1.0,10.875,1.0,7.2095022897924075,1.0
278,-1.0215936674493336,15.749190982003668,0.6666666666666666,3,-23.289458810272233,0.0,10.515031550068587,1.0,9.709646257855646,1.0
279,9.142191083800325,1.5437403251657587,1.0,3,9.923032727710263,1.0,10.517390841886932,1.0,6.986149681803784,1.0
280,9.550007513921111,1.408637146368488,1.0,3,10.320619738491851,1.0,10.755614823133072,1.0,7.573787980138414,1.0
281,10.12717848332082,0.8225968919269873,1.0,3,10.525,1.0,8.98153544996246,1.0,10.875,1.0
282,9.923004139136614,1.1001735002098758,1.0,3,8.381243333333336,1.0,10.512769084076506,1.0,10.875,1.0
283,8.625466776254022,1.520628421073383,1.0,3,6.998976231975913,1.0,8.22036785462244,1.0,10.657056242163712,1.0
284,7.5439548035143105,1.2365391774527015,1.0,3,8.484485143247966,1.0,8.350441651892794,1.0,5.796937615402171,1.0
285,3.007227131414668,5.788206983062814,1.0,3,-5.062468478819582,1.0,8.231620936815194,1.0,5.852528936248392,1.0
286,9.850717106266098,0.3000100898134384,1.0,3,10.272419354838709,1.0,9.680294822507364,1.0,9.59943714145222,1.0
287,9.45108224654148,0.6379812209976196,1.0,3,10.150600854148522,1.0,8.607829937998227,1.0,9.594815947477695,1.0
288,9.959699440219675,0.4804045530428871,1.0,3,9.559844293523273,1.0,10.635305159084151,1.0,9.683948868051598,1.0
289,9.587339748872651,0.3146725428580468,1.0,3,9.18581456887513,1.0,9.621935671894871,1.0,9.954269005847953,1.0
290,8.6509418196281,1.6806208733697303,1.0,3,6.641558802095986,1.0,8.556308673595035,1.0,10.754957983193277,1.0
291,-14.54705331618713,17.920696282883146,0.3333333333333333,3,10.75533073929961,1.0,-25.9456265964656,0.0,-28.4508640913954,0.0
292,9.584616414913434,0.6459650937940639,1.0,3,8.671175978641964,1.0,10.030099167200513,1.0,10.052574098897827,1.0
293,4.362461785180504,3.1204805463590235,1.0,3,0.1557530674846621,1.0,7.620718557072063,1.0,5.310913730984787,1.0
294,9.251570416133303,0.9394617837149567,1.0,3,10.043174894179181,1.0,9.779837669813492,1.0,7.931698684407236,1.0
295,8.387912669836544,2.1181333891913026,1.0,3,10.875,1.0,5.6985021226678585,1.0,8.590235886841773,1.0
296,9.952143986010759,0.7249630301087115,1.0,3,10.273890312517407,1.0,10.634310898063003,1.0,8.94823074745187,1.0
297,9.605273015133735,0.6465024054743027,1.0,3,9.810326369728026,1.0,10.27437635394101,1.0,8.731116321732166,1.0
298,9.43966266698348,0.5976361059400583,1.0,3,10.163112725911304,1.0,8.699495591939547,1.0,9.456379683099591,1.0
299,10.20132167399889,0.6427046749923518,1.0,3,10.39289720013254,1.0,10.875,1.0,9.336067821864136,1.0
300,7.288287059019074,4.024126465352161,1.0,3,9.321418328345827,1.0,10.875,1.0,1.6684428487113916,1.0
301,9.491298774426657,0.6922276350603614,1.0,3,10.050458761886281,1.0,8.515820994071534,1.0,9.907616567322155,1.0
302,5.750667689690701,5.049861497926371,1.0,3,-1.3774984843166624,1.0,9.693679489200694,1.0,8.93582206418807,1.0
303,9.486874977691105,0.4549296683168728,1.0,3,9.61249718936907,1.0,9.970512222222222,1.0,8.877615521482024,1.0
304,8.471626074297165,2.878176740516511,1.0,3,10.249316666666667,1.0,4.411706174318599,1.0,10.753855381906229,1.0
305,5.595015024803743,5.173865252627813,1.0,3,9.793385558934185,1.0,8.685587567322044,1.0,-1.6939280518449973,1.0
306,-1.214009606083143,15.842162271477628,0.6666666666666666,3,-23.60563719467242,0.0,10.631741573033707,1.0,9.331866803389282,1.0
307,9.003374032859409,0.9210878435691026,1.0,3,8.113664590227758,1.0,8.624264523079473,1.0,10.272192985270994,1.0
308,8.155492287536626,2.5261434035701225,1.0,3,9.29456396188276,1.0,10.518359480921944,1.0,4.653553419805179,1.0
309,5.088669584429376,3.3673323910787314,1.0,3,4.282093484860279,1.0,9.556495417863493,1.0,1.427419850564359,1.0
310,10.353386473671952,0.37313574045665443,1.0,3,10.161752812743678,1.0,10.023406608272177,1.0,10.875,1.0
311,-1.9836872008492066,17.13764535010984,0.6666666666666666,3,-26.209112580956344,0.0,10.757441023590564,1.0,9.50060995481816,1.0
312,8.13673353997238,1.5705936411531256,1.0,3,6.09808664976298,1.0,9.919657483522181,1.0,8.392456486631975,1.0
313,9.99807125403,0.3149205275059549,1.0,3,9.558710715169513,1.0,10.280871612466125,1.0,10.154631434454359,1.0
314,9.65879887578371,0.5116611716260979,1.0,3,9.68144666666667,1.0,9.021127600687155,1.0,10.273822359997304,1.0
315,4.867847507759941,6.3332304579042304,1.0,3,8.618711454311454,1.0,-4.051232440126256,1.0,10.036063509094625,1.0
316,8.46091828488707,1.5253749968917008,1.0,3,6.563273156089194,1.0,8.521281201594679,1.0,10.298200496977339,1.0
317,7.895510442737518,0.30385815105685415,1.0,3,8.321848371346398,1.0,7.728942357369547,1.0,7.635740599496606,1.0
318,8.650372334102796,1.2922244324018528,1.0,3,8.97417570618358,1.0,10.046074419153202,1.0,6.930866876971608,1.0
319,1.684933937237284,9.376750655731785,1.0,3,-11.433651951707274,1.0,9.92119065455567,1.0,6.5672631088634565,1.0
320,6.040233546458751,5.522419774880138,1.0,3,10.654097259537883,1.0,-1.723792452830189,1.0,9.19039583266856,1.0
321,9.710628764422662,0.25268901254578496,1.0,3,9.658426083122038,1.0,9.4305703989704,1.0,10.042889811175549,1.0
322,9.218273362420597,1.274148693959414,1.0,3,10.15870196175506,1.0,7.416940030268634,1.0,10.079178095238095,1.0
323,9.118682761331508,0.6994116290928495,1.0,3,8.133108877226698,1.0,9.683912988741412,1.0,9.539026418026419,1.0
324,8.96853983336484,0.7796389362641987,1.0,3,8.975090662128107,1.0,8.010422483692007,1.0,9.920106354274406,1.0
325,8.870401375227038,0.9787074876098959,1.0,3,8.951321855320522,1.0,7.633324477105708,1.0,10.02655779325488,1.0
326,8.849468389481656,2.0223053875009103,1.0,3,10.512226267991775,1.0,10.033283187454412,1.0,6.002895712998781,1.0
327,9.08623297349786,2.0054756453048763,1.0,3,6.254119001422842,1.0,10.633616585737409,1.0,10.370963333333332,1.0
328,9.893328301477206,0.6700555499598113,1.0,3,10.636823766431071,1.0,9.01278539386327,1.0,10.030375744137283,1.0
329,-6.108758982454403,22.9338009790987,0.6666666666666666,3,-38.53627694736321,0.0,9.575000000000001,1.0,10.635000000000002,1.0
330,-14.710378491364859,16.977395773382597,0.3333333333333333,3,9.242233181111999,1.0,-28.119250702940935,0.0,-25.254117952265645,0.0
331,-6.452862399477716,22.82688391819624,0.6666666666666666,3,-38.72359010667421,0.0,10.424151006264161,1.0,8.940851901976897,1.0
332,9.11298571865032,0.8100238222852348,1.0,3,9.919049643593734,1.0,9.414867652114129,1.0,8.005039860243098,1.0
333,9.612571093809933,0.9235587812902494,1.0,3,8.493885856407095,1.0,9.588091189427312,1.0,10.755736235595391,1.0
334,10.204858110770246,0.4487756084631817,1.0,3,9.586023144996597,1.0,10.392284676047627,1.0,10.636266511266513,1.0
335,3.8206939010682337,8.264329946871003,1.0,3,10.392698887343533,1.0,8.904595054413187,1.0,-7.835212238552019,1.0
336,10.309252158949015,0.8000882696976023,1.0,3,10.875,1.0,9.177756476847042,1.0,10.875,1.0
337,9.689928919341904,0.7900973698657987,1.0,3,10.520574381158376,1.0,9.921832476818233,1.0,8.627379900049108,1.0
338,9.8408319531259,0.8829492344753674,1.0,3,10.635512290502792,1.0,10.27761491505479,1.0,8.609368653820116,1.0
339,3.284100581421235,1.4911158925005146,1.0,3,1.690635453651021,1.0,2.884676143806706,1.0,5.2769901468059786,1.0
340,9.490254224414494,0.6260636691449531,1.0,3,9.434966778722561,1.0,8.752626067144309,1.0,10.28316982737661,1.0
341,7.774669785653278,2.431518734794301,1.0,3,9.784302464991367,1.0,9.18635037482272,1.0,4.353356517145749,1.0
342,1.8997639565972666,6.441399128236626,1.0,3,-0.6715604671791784,1.0,-4.3828399555775,1.0,10.753692292548479,1.0
343,8.796214989769839,1.1929497950414922,1.0,3,10.16223637102303,1.0,7.255776162385619,1.0,8.970632435900864,1.0
344,6.765920971479827,3.9641541755169065,1.0,3,8.935618514915694,1.0,10.157799455068886,1.0,1.2043449444549044,1.0
345,-5.367976343045723,19.930449804043374,0.6666666666666666,3,-33.49287486956131,0.0,10.299716279375946,1.0,7.089229561048196,1.0
346,8.395467184090716,3.0178286695687677,1.0,3,4.137001729890029,1.0,10.769728072513995,1.0,10.279671749868124,1.0
347,-0.9608754033411326,15.907415726837609,0.6666666666666666,3,-23.45699792960662,0.0,10.176885714285714,1.0,10.397486005297507,1.0
348,9.571844875642858,0.6968771557531286,1.0,3,8.621503945353904,1.0,9.820971666956371,1.0,10.2730590146183,1.0
349,7.901146667242944,2.25465961689599,1.0,3,8.365520208731727,1.0,10.400901128034516,1.0,4.93701866496259,1.0
350,-1.2990223257552003,16.723874571694687,0.6666666666666666,3,-24.95014718321772,0.0,10.512728252879196,1.0,10.540351953072923,1.0
351,10.050201056558002,0.5724954233990036,1.0,3,10.51668754998667,1.0,10.390036581310275,1.0,9.243879038377061,1.0
352,10.315015606355304,0.4522707685116839,1.0,3,10.635,1.0,10.634638633377136,1.0,9.675408185688779,1.0
353,10.360371756922904,0.4360511402321554,1.0,3,10.397301112656466,1.0,10.875,1.0,9.80881415811225,1.0
354,10.162426146753367,0.35233907186443203,1.0,3,9.683637995049505,1.0,10.521342863491594,1.0,10.282297581718998,1.0
355,10.045916965408422,0.2859638252546891,1.0,3,10.403381419182356,1.0,9.70339420995671,1.0,10.030975267086198,1.0
356,8.077815862865133,1.4660866037261242,1.0,3,10.15109834166565,1.0,7.025691834249415,1.0,7.056657412680334,1.0
357,6.493649304600704,3.059821191090423,1.0,3,6.827697274031564,1.0,10.062942697699741,1.0,2.59030794207081,1.0
358,8.348751288855082,1.93776903624814,1.0,3,8.28233775579042,1.0,6.009382410917363,1.0,10.754533699857461,1.0
359,9.709107866360762,1.314363853886187,1.0,3,7.855835656248146,1.0,10.511787942834138,1.0,10.7597,1.0
360,9.442928976452658,0.32591517671136705,1.0,3,9.639254435212216,1.0,8.983624599933783,1.0,9.705907894211975,1.0
361,9.18760718484173,0.7263451310996113,1.0,3,8.99726446429373,1.0,10.156959939769584,1.0,8.408597150461876,1.0
362,10.364784708479801,0.13437988711672513,1.0,3,10.274377388676562,1.0,10.554753068798172,1.0,10.26522366796467,1.0
363,9.462562660833528,0.5886407964205069,1.0,3,8.89717615381379,1.0,9.216105128578258,1.0,10.27440670010854,1.0
364,8.387306802746062,3.518129458579807,1.0,3,3.411920408238184,1.0,10.875,1.0,10.875,1.0
365,9.67492377824871,1.1052483203582875,1.0,3,8.113417427088924,1.0,10.515961370952471,1.0,10.395392536704732,1.0
366,10.315145400874625,0.2463912014965083,1.0,3,10.269978336943844,1.0,10.038508464766315,1.0,10.636949400913714,1.0
367,9.200726065121609,0.6766806721045403,1.0,3,9.696363650107338,1.0,8.24396253834975,1.0,9.66185200690774,1.0
368,1.8978731246987632,3.356569202716347,1.0,3,0.10238253372385664,1.0,-1.0099032749596955,1.0,6.601140115332129,1.0
369,7.813170943807596,1.2839557798588215,1.0,3,8.932276539068667,1.0,8.49197014255807,1.0,6.01526614979605,1.0
370,10.598098898420538,0.22286405737579357,1.0,3,10.754605523462848,1.0,10.282923996880145,1.0,10.756767174918622,1.0
371,9.162667243478435,1.1260940148676661,1.0,3,10.754957983193277,1.0,8.342247491137849,1.0,8.390796256104178,1.0
372,10.20178897470691,0.06210464532727533,1.0,3,10.163801336131215,1.0,10.28936256465216,1.0,10.152203023337359,1.0
373,10.316237634223755,0.24524088801676988,1.0,3,10.27520996989942,1.0,10.635000000000002,1.0,10.038502932771845,1.0
374,10.121542403824735,0.3184060294915815,1.0,3,9.678701117711647,1.0,10.413619227857684,1.0,10.272306865904874,1.0
375,9.936702514327914,0.41054165461261133,1.0,3,9.359172983912462,1.0,10.27705609985237,1.0,10.173878459218908,1.0
376,9.171838844818856,1.750473334249253,1.0,3,10.16208225667528,1.0,10.641608695652174,1.0,6.71182558212911,1.0
377,9.38382341624505,0.9268985043913642,1.0,3,8.079922390038021,1.0,10.152362271632912,1.0,9.919185587064222,1.0
378,-4.178395939725249,19.64146607959203,0.6666666666666666,3,-31.950900798791015,0.0,10.15143852677777,1.0,9.264274452837498,1.0
379,5.24454116390697,5.8762626092881,1.0,3,-3.058387034473874,1.0,9.698876323740796,1.0,9.093134202453987,1.0
380,4.46809408871835,5.71510931882822,1.0,3,6.760252731486592,1.0,10.034184189847556,1.0,-3.3901546551790958,1.0
381,5.050787953179754,4.400858853439955,1.0,3,-1.0832821833435116,1.0,9.02953878965609,1.0,7.206107253226685,1.0
382,8.42852233592821,1.3954879868255554,1.0,3,7.608516657694837,1.0,10.39312258203181,1.0,7.283927768057985,1.0
383,10.281396855131169,0.2584746541825453,1.0,3,10.166081549881387,1.0,10.63945508292785,1.0,10.038653932584271,1.0
384,-3.194198225183231,18.96525646603323,0.6666666666666666,3,10.039119481472422,1.0,10.392630394934178,1.0,-30.01434455195629,0.0
385,4.147925853677161,5.8093479339564436,1.0,3,7.36430540037244,1.0,-4.007321433191054,1.0,9.086793593850095,1.0
386,10.48008801016196,0.22112963546238293,1.0,3,10.167382853305478,1.0,10.63945508292785,1.0,10.633426094252552,1.0
387,-16.534992785198597,19.43129434100559,0.3333333333333333,3,-32.98832066631965,0.0,10.752856870774211,1.0,-27.36951456005035,0.0
388,6.020769657208004,2.7423961936609116,1.0,3,9.562195290307164,1.0,2.8808111766412097,1.0,5.6193025046756375,1.0
389,9.922689073985467,0.6031377514229677,1.0,3,10.518410688415518,1.0,10.153505426635485,1.0,9.096151106905396,1.0
390,2.931147875167321,4.723155690282026,1.0,3,7.280127199340553,1.0,5.147225789192082,1.0,-3.633909363030673,1.0
391,9.072046305100288,0.6177321706839662,1.0,3,8.824039430392762,1.0,8.470612636551522,1.0,9.921486848356585,1.0
392,9.83718013375991,0.29407419349701164,1.0,3,9.917981315076307,1.0,10.150082279780587,1.0,9.443476806422836,1.0
393,10.160660571564717,0.2570508877799507,1.0,3,9.91568769418553,1.0,10.515749579831933,1.0,10.050544440676688,1.0
394,10.27266088987823,0.09865941953838703,1.0,3,10.393994451592151,1.0,10.152335524585853,1.0,10.271652693456684,1.0
395,7.156273691144899,2.7245333479961387,1.0,3,9.833298008003165,1.0,8.217715397215397,1.0,3.417807668216133,1.0
396,8.946139044992114,0.6218137564723297,1.0,3,8.384261321455083,1.0,9.812909443511577,1.0,8.641246370009679,1.0
397,1.5426500687500297,5.384696376611998,1.0,3,-4.671685244245161,1.0,8.46150502429162,1.0,0.8381304262036302,1.0
398,9.975672240019216,0.6160034832984694,1.0,3,10.513221322424446,1.0,9.113204869857263,1.0,10.300590527775944,1.0
399,9.576438208278452,0.844877319906139,1.0,3,8.413980749480523,1.0,9.918405530631757,1.0,10.396928344723072,1.0
400,10.59689260666969,0.2454057789792394,1.0,3,10.875,1.0,10.6376393629124,1.0,10.278038457096661,1.0
401,7.614899010659383,2.6754885665674775,1.0,3,9.907385395152293,1.0,3.8617921400753144,1.0,9.075519496750541,1.0
402,7.386276417509868,3.015462049748045,1.0,3,10.162293263412666,1.0,8.801804139082723,1.0,3.194731850034212,1.0
403,10.353553020450809,0.20532674943781667,1.0,3,10.15108695652174,1.0,10.635047614512903,1.0,10.274524490317782,1.0
404,7.776171333371764,3.060141652327396,1.0,3,10.166951212130384,1.0,3.456708879316176,1.0,9.70485390866873,1.0
405,10.038140970198958,0.3534688720676202,1.0,3,10.158525419620675,1.0,9.557780858168986,1.0,10.39811663280721,1.0
406,8.848311060901178,1.9336837831472162,1.0,3,6.121452176444897,1.0,10.03319099177133,1.0,10.39029001448731,1.0
407,9.094575830976368,0.7515363194409067,1.0,3,8.65114394327465,1.0,10.15279424337418,1.0,8.479789306280274,1.0
408,-4.359046821754421,20.374836459647714,0.6666666666666666,3,10.392698887343533,1.0,9.700808443745789,1.0,-33.17064779635258,0.0
409,9.834465099831359,0.2984719191929195,1.0,3,9.904269555369806,1.0,10.160081572423563,1.0,9.439044171700708,1.0
410,9.323652388955537,0.4352721748187102,1.0,3,9.711674388301724,1.0,8.715791180541823,1.0,9.543491598023065,1.0
411,8.894289732908254,1.3406501951655116,1.0,3,10.27597099180024,1.0,9.327829863176682,1.0,7.0790683437478386,1.0
412,-16.78150561036409,12.145780587630277,0.3333333333333333,3,-27.188964455639535,0.0,0.25622480146609483,1.0,-23.411777176918825,0.0
413,9.515429609617073,0.8232700519126025,1.0,3,8.353674731921913,1.0,10.02994010881923,1.0,10.162673988110072,1.0
414,9.318706810291003,0.8103113131237785,1.0,3,9.72619735805611,1.0,8.187400095653098,1.0,10.0425229771638,1.0
415,-1.3927354807142518,15.657047128286306,0.6666666666666666,3,9.566065756226688,1.0,9.790492557572412,1.0,-23.534764755941854,0.0
416,10.128242555836144,0.3985346437587662,1.0,3,10.654833333333334,1.0,9.690960362400904,1.0,10.038933971774194,1.0
417,-1.249843635933906,16.977451330429375,0.6666666666666666,3,-25.25918456607056,0.0,10.63465365826884,1.0,10.875,1.0
418,9.306722303987812,0.7198683866707696,1.0,3,8.325495280358016,1.0,9.562365844815083,1.0,10.032305786790333,1.0
419,7.6136355632412815,4.019626227902264,1.0,3,1.9328540813869495,1.0,10.273377931285221,1.0,10.634674677051672,1.0
420,7.934318461705075,1.165634678874492,1.0,3,7.34524296539664,1.0,6.895514973855174,1.0,9.56219744586341,1.0
421,9.526043371901181,0.9322528364780734,1.0,3,9.785368964925821,1.0,10.515847280692746,1.0,8.276913870084977,1.0
422,10.276900551980694,0.1963005757373841,1.0,3,10.039837709700949,1.0,10.520539049898538,1.0,10.270324896342597,1.0
423,-9.387615244587316,18.422229657842745,0.6666666666666666,3,-33.7697583963257,0.0,-5.146458123953105,1.0,10.753370786516854,1.0
424,8.461040040795929,1.1066315937018791,1.0,3,9.794879475110541,1.0,7.085174275713114,1.0,8.503066371564131,1.0
425,9.70901548970832,0.7665497026924025,1.0,3,8.679960641046343,1.0,9.928276493868179,1.0,10.518809334210436,1.0
426,9.345064153915677,0.6951001431855381,1.0,3,8.393780070008193,1.0,9.606136260037168,1.0,10.035276131701671,1.0
427,9.644039276558756,0.47736119483138983,1.0,3,9.918298137634636,1.0,10.041135569228992,1.0,8.97268412281264,1.0
428,8.428411503167212,1.366228757364978,1.0,3,9.914084415302444,1.0,8.755366393478546,1.0,6.615783700720643,1.0
429,8.614572099563048,1.9549720456704347,1.0,3,5.893146006905945,1.0,10.397486005297507,1.0,9.55308428648569,1.0
430,9.141623349850407,1.0839720512430808,1.0,3,9.464901327651205,1.0,10.27771762461245,1.0,7.682251097287569,1.0
431,10.273749595432621,0.35632541972864423,1.0,3,10.634952394553938,1.0,10.397452501703127,1.0,9.7888438900408,1.0
432,9.135830997939644,0.7723149019335402,1.0,3,9.79055769495255,1.0,8.05136450204385,1.0,9.565570796822536,1.0
433,10.514977271502296,0.3540027772171373,1.0,3,10.875,1.0,10.636237671014955,1.0,10.033694143491935,1.0
434,8.276651630957662,2.8316866752538767,1.0,3,10.159317317776612,1.0,10.396258442943477,1.0,4.274379132152899,1.0
435,9.18670458061345,1.136755592321788,1.0,3,9.066705096684165,1.0,10.635055865921787,1.0,7.858352779234399,1.0
436,9.639238156267615,0.6493670987118481,1.0,3,8.960840850117386,1.0,9.442387124527738,1.0,10.514486494157717,1.0
437,5.578553716090064,3.685711788493421,1.0,3,4.893687839305104,1.0,10.395908567753292,1.0,1.4460647412117957,1.0
438,10.079604091681261,0.422676417036791,1.0,3,9.482225889074968,1.0,10.359922222222222,1.0,10.396664163746593,1.0
439,8.124965709085675,1.4362542773466587,1.0,3,7.231093855199964,1.0,10.151453583708015,1.0,6.992349688349049,1.0
440,10.047485624315895,0.6724315710490292,1.0,3,9.10752962403082,1.0,10.642397065783246,1.0,10.39253018313362,1.0
441,6.420925908095318,3.5975383622155603,1.0,3,9.318445246462153,1.0,1.3504664081333217,1.0,8.593866069690481,1.0
442,7.507310958701343,2.896431556592285,1.0,3,8.578179131152048,1.0,10.395895660531844,1.0,3.5478580844201373,1.0
443,10.232677035913978,0.28448816568576585,1.0,3,10.635000000000002,1.0,10.033080497848943,1.0,10.029950609892987,1.0
444,9.421274981854916,1.011499950730603,1.0,3,8.027812343884825,1.0,9.83801588506096,1.0,10.39799671661896,1.0
445,9.085048137162007,1.455734071650848,1.0,3,9.292213030720827,1.0,10.755318717328548,1.0,7.207612663436649,1.0
446,-2.102445553210907,16.746205570728275,0.6666666666666666,3,10.404597141375138,1.0,-25.77243938497929,0.0,9.06050558397143,1.0
447,1.1718672773327279,9.07940188553791,1.0,3,10.513894815182338,1.0,-11.127920902348283,1.0,4.129627919164128,1.0
448,-2.04384418403296,17.677134289428103,0.6666666666666666,3,-27.04298550377377,0.0,10.517492052278346,1.0,10.393960899396545,1.0
449,9.531707026126464,0.546552299383167,1.0,3,10.277322876371151,1.0,8.98248516493483,1.0,9.33531303707341,1.0
450,3.064800162512793,6.868683862291064,1.0,3,-6.22680783145351,1.0,10.163712935109585,1.0,5.257495383882304,1.0
451,6.521959434333101,0.735267136234993,1.0,3,6.92160114834712,1.0,7.153487792611558,1.0,5.490789362040622,1.0
452,8.90215897243995,2.0380805161698228,1.0,3,6.020848263931791,1.0,10.278047542276953,1.0,10.40758111111111,1.0
453,7.067214294365261,1.3300632989689685,1.0,3,8.820074204280019,1.0,6.781727797833935,1.0,5.599840880981829,1.0
454,9.109378384413281,1.2679500883000159,1.0,3,9.70487697398105,1.0,10.276409691629956,1.0,7.346848487628835,1.0
455,10.244527563060636,0.38806532496661655,1.0,3,10.755501858736059,1.0,10.162450324199957,1.0,9.815630506245892,1.0
456,10.439182453784925,0.3427778684198816,1.0,3,10.875,1.0,10.405100502512562,1.0,10.037446858842216,1.0
457,10.160308880363232,0.490056095158413,1.0,3,10.160624240121582,1.0,10.760344827586207,1.0,9.559957573381908,1.0
458,6.790107664423026,2.4875999971169924,1.0,3,10.162832376645213,1.0,4.237271632913183,1.0,5.970218983710684,1.0
459,10.558305378941442,0.20155464185931266,1.0,3,10.280654976792162,1.0,10.7529794933655,1.0,10.641281666666668,1.0
460,10.473844310142434,0.11570565505700237,1.0,3,10.39371809958079,1.0,10.637465258978525,1.0,10.390349571867986,1.0
461,8.506917110723437,1.91405640985017,1.0,3,9.799341986616676,1.0,9.920473195029269,1.0,5.800936150524368,1.0
462,7.829136019535258,2.905185249591636,1.0,3,10.755394476537152,1.0,3.8684258446412016,1.0,8.863587737427418,1.0
463,9.789717067582162,0.8052580089083887,1.0,3,10.187899891496773,1.0,8.66664052564646,1.0,10.514610785603253,1.0
464,9.601131271400448,0.4806967995641442,1.0,3,9.199705586416517,1.0,10.276972711477534,1.0,9.326715516307294,1.0
465,8.24787725571195,3.1468812914304234,1.0,3,10.875,1.0,3.8233735249946372,1.0,10.045258242141214,1.0
466,4.071522514795644,9.195737927210601,1.0,3,10.633598372202224,1.0,10.514000635862653,1.0,-8.933031463677944,1.0
467,8.682332282027803,2.36008112266841,1.0,3,10.636823766431071,1.0,5.3620230245944525,1.0,10.048150055057885,1.0
468,9.724744176381245,0.6724325572457297,1.0,3,8.871702814001374,1.0,9.78727496537929,1.0,10.515254749763075,1.0
469,2.299818557387701,7.749310998950612,1.0,3,4.473174521982708,1.0,10.515566297774303,1.0,-8.089285147593907,1.0
470,9.83998053157126,0.5930763948695202,1.0,3,10.63102316992968,1.0,9.203009272546637,1.0,9.685909152237464,1.0
471,9.050439291876193,1.5384339438429793,1.0,3,9.54929952700473,1.0,6.967018348623853,1.0,10.635,1.0
472,10.081428755838102,0.2796444719426343,1.0,3,9.685961300636443,1.0,10.281542596746057,1.0,10.276782370131807,1.0
473,-4.408023085165468,20.85322473283647,0.6666666666666666,3,10.03748548499182,1.0,10.635361366622865,1.0,-33.89691610711109,0.0
474,-2.1677702111085257,17.6805219720369,0.6666666666666666,3,-27.171710373336783,0.0,10.274886479435862,1.0,10.393513260575345,1.0
475,6.556517184230235,4.466500745175411,1.0,3,0.2772901901039937,1.0,9.102056083994338,1.0,10.290205278592376,1.0
476,-12.73273204189933,15.745969961154362,0.3333333333333333,3,9.534238021563603,1.0,-24.065937305448596,0.0,-23.666496841812997,0.0
477,-3.704068461273988,19.270113001905177,0.6666666666666666,3,-30.950272375602797,0.0,9.429991725279272,1.0,10.40807526650156,1.0
478,10.008329627187644,0.7444554633971754,1.0,3,8.991599103099192,1.0,10.280019612717881,1.0,10.753370165745856,1.0
479,-1.014440747480985,15.557017091888152,0.6666666666666666,3,10.512980694519156,1.0,9.450529542920847,1.0,-23.00683247988296,0.0
480,5.817219315323434,3.7590908481222116,1.0,3,10.400339763086283,1.0,1.1927636313693135,1.0,5.858554551514704,1.0
481,9.974682167788883,0.7720679047722004,1.0,3,8.89146126198083,1.0,10.63506814967211,1.0,10.39751709171371,1.0
482,10.635358682211622,0.33890400172128365,1.0,3,10.156076046634869,1.0,10.875,1.0,10.875,1.0
483,10.51681492901362,0.19397955940330971,1.0,3,10.753202971565196,1.0,10.278069573429875,1.0,10.519172242045792,1.0
484,10.323986956655203,0.45875908418270145,1.0,3,10.518814974943501,1.0,9.690642561688774,1.0,10.762503333333333,1.0
485,10.041685379995036,0.009115571144539002,1.0,3,10.036143731442769,1.0,10.054536286335772,1.0,10.03437612220657,1.0
486,10.156610335806976,0.3490786369482149,1.0,3,10.514396350608232,1.0,10.272294513317046,1.0,9.683140143495649,1.0
487,7.908649752604634,3.018858510255693,1.0,3,9.798858261831445,1.0,3.6483390336590675,1.0,10.278751962323392,1.0
488,9.710714184719237,0.7075717775059972,1.0,3,10.642368188642585,1.0,8.928655711814695,1.0,9.56111865370043,1.0
489,0.45612228648397607,4.434135309599224,1.0,3,-2.9243357957282754,1.0,6.720377046970821,1.0,-2.4276743917906174,1.0
490,7.336671357646022,1.9768050295304378,1.0,3,5.342805710368669,1.0,6.636544364242088,1.0,10.03066399832731,1.0
491,9.754378023002628,0.9262381407812597,1.0,3,10.635512290502792,1.0,8.47441977532853,1.0,10.153202003176558,1.0
492,10.356699324747998,0.36931266992040235,1.0,3,10.875,1.0,10.04177193296356,1.0,10.153326041280435,1.0
493,9.887464573426444,0.10771441498641178,1.0,3,10.039653069633292,1.0,9.805661646796347,1.0,9.817079003849692,1.0
494,8.594239877622654,2.1797732296699674,1.0,3,10.753202971565196,1.0,9.420348991948899,1.0,5.6091676693538695,1.0
495,10.636963440970147,0.16831787357311565,1.0,3,10.518499481023511,1.0,10.875,1.0,10.517390841886932,1.0
496,1.0291981107844432,5.723960082197122,1.0,3,-4.7986227085802025,1.0,-0.9223777765968801,1.0,8.808594817530413,1.0
497,10.281101781227944,0.25712946118601,1.0,3,10.515418611622628,1.0,10.404764994959677,1.0,9.923121737101527,1.0
498,10.397911715881895,0.10031841171073988,1.0,3,10.407328352313868,1.0,10.270609879032259,1.0,10.51579691629956,1.0
499,6.741208398802066,2.3573250889138078,1.0,3,6.027813812412505,1.0,4.277662176745675,1.0,9.91814920724802,1.0
500,-2.5775656383142937,15.234303420267095,0.6666666666666666,3,7.808851864542286,1.0,-24.11757070105106,0.0,8.576021921565893,1.0
501,9.803766116313701,0.5345130163220162,1.0,3,10.394516001891848,1.0,9.09995858858123,1.0,9.916823758468022,1.0
502,7.598570414532059,1.5361137277627088,1.0,3,9.685234486951234,1.0,6.031938403558632,1.0,7.07853835308631,1.0
503,10.317042341856974,0.3946131856592489,1.0,3,10.875,1.0,10.028482895171049,1.0,10.047644130399872,1.0
504,10.24301281759954,0.15549134079243657,1.0,3,10.297768041237113,1.0,10.400074178629346,1.0,10.03119623293216,1.0
505,10.440532624082273,0.39020541542287035,1.0,3,10.875,1.0,10.517949532228993,1.0,9.928648340017826,1.0
506,10.393661247381706,0.2596895619144201,1.0,3,10.270747717842323,1.0,10.155406148784124,1.0,10.754829875518672,1.0
507,10.057904471924802,0.40204103746358993,1.0,3,10.285282676727794,1.0,9.492906320541762,1.0,10.39552441850485,1.0
508,9.482159170414576,1.1643398276020889,1.0,3,10.037128083100718,1.0,10.547261016949152,1.0,7.862088411193861,1.0
509,9.940208713979892,0.10474804657375501,1.0,3,9.966903539823008,1.0,9.800671881547702,1.0,10.053050720568969,1.0
510,10.19322852948479,0.31687137442611335,1.0,3,10.636322001321401,1.0,9.913696163382154,1.0,10.02966742375081,1.0
511,4.541281839366921,4.473716413791517,1.0,3,-1.5795018949648103,1.0,8.988473145780052,1.0,6.2148742672855235,1.0
512,9.384347325943443,1.1863245729886507,1.0,3,10.04200736042128,1.0,10.392177866962685,1.0,7.718856750446366,1.0
513,9.927909473913713,0.44738905298399445,1.0,3,9.440063730476933,1.0,9.822919254658384,1.0,10.520745436605822,1.0
514,9.47346503187133,0.8641463238120018,1.0,3,10.646389089161259,1.0,9.184173274804115,1.0,8.589832731648615,1.0
515,10.194616206025197,0.22784763680955905,1.0,3,10.034733004077033,1.0,10.032277309020895,1.0,10.51683830497766,1.0
516,10.169270957900146,0.08437196967699051,1.0,3,10.272523009143306,1.0,10.065854929997021,1.0,10.169434934560108,1.0
517,9.81262694469707,0.6943076830067406,1.0,3,8.866943475226796,1.0,10.514284805833476,1.0,10.056652553030938,1.0
518,10.439099789568205,0.3897322220001529,1.0,3,9.929036586037798,1.0,10.513262782666816,1.0,10.875,1.0
519,7.582602372789437,3.16415551261866,1.0,3,10.272911042784928,1.0,9.334139757540834,1.0,3.1407563180425493,1.0
520,-2.3992337473756393,17.340000405626387,0.6666666666666666,3,8.820285677963023,1.0,-26.892986920089943,0.0,10.875,1.0
521,-2.2863826819261077,16.193970817431637,0.6666666666666666,3,-25.120168376370703,0.0,10.65717627118644,1.0,7.60384405940594,1.0
522,7.352821457882892,3.9626394852338755,1.0,3,10.03450419052361,1.0,10.273458805107204,1.0,1.7505013780178604,1.0
523,10.516016978322552,0.16896037963757254,1.0,3,10.397796352583587,1.0,10.75495867768595,1.0,10.395295904698115,1.0
524,9.73609725318231,0.6892295826081547,1.0,3,10.393968331578154,1.0,10.030026353750555,1.0,8.784297074218225,1.0
525,9.546937681625344,0.5072189545469263,1.0,3,8.909455706126105,1.0,10.150492907015405,1.0,9.580864431734526,1.0
526,8.930744531770207,0.827981056964313,1.0,3,9.934109110882739,1.0,8.95181800456799,1.0,7.906306479859895,1.0
527,8.412943207225007,1.9723330488753066,1.0,3,8.94561668972986,1.0,10.517754016064258,1.0,5.775458915880905,1.0
528,9.707729112117152,0.5757740990265349,1.0,3,8.89535380464459,1.0,10.065870022765345,1.0,10.161963508941518,1.0
529,10.034639777478834,1.0189484400930282,1.0,3,10.755042016806723,1.0,8.59362907905897,1.0,10.755248236570807,1.0
530,8.801280451060585,0.14250208085947036,1.0,3,8.968146989572823,1.0,8.619985374557581,1.0,8.81570898905135,1.0
531,-11.695921465752358,15.960293395217942,0.3333333333333333,3,10.875,1.0,-22.873790227339857,0.0,-23.088974169917222,0.0
532,10.476640536435584,0.29816779272314176,1.0,3,10.397203663595317,1.0,10.157717945711438,1.0,10.875,1.0
533,-4.256431204637508,14.37099873842685,0.6666666666666666,3,1.4427671011586494,1.0,9.788577099082245,1.0,-24.000637814153418,0.0
534,9.153662913158199,1.0474450678683225,1.0,3,10.634457959183674,1.0,8.447122133230405,1.0,8.379408647060517,1.0
535,8.864552881864745,1.1474041043437158,1.0,3,7.6298983484586405,1.0,10.393760297135591,1.0,8.57,1.0
536,-3.971353498330059,16.308881568308205,0.6666666666666666,3,5.854076822169383,1.0,9.187044098425869,1.0,-26.95518141558543,0.0
537,10.636327706303367,0.16876679876699374,1.0,3,10.517018304156926,1.0,10.875,1.0,10.516964814753171,1.0
538,5.47176184079034,2.286200372152784,1.0,3,2.23954519715078,1.0,7.01968006888786,1.0,7.156060256332382,1.0
539,6.567315149311564,3.66627315668929,1.0,3,1.7528445547865878,1.0,7.307819226481433,1.0,10.641281666666668,1.0
540,9.115037092015571,1.4707729433485066,1.0,3,10.274464956658086,1.0,7.039811592922958,1.0,10.030834726465672,1.0
541,10.23343901941074,0.15218404443385572,1.0,3,10.031286161406383,1.0,10.270557324840764,1.0,10.398473571985075,1.0
542,9.491134222619053,1.4501744638957523,1.0,3,10.391145505421475,1.0,7.445198215655404,1.0,10.637058946780277,1.0
543,10.086245670910365,0.3570501922213374,1.0,3,10.278444289355503,1.0,9.585767791596878,1.0,10.394524931778715,1.0
544,10.236740366210716,0.11236439278761,1.0,3,10.149257725180803,1.0,10.165595979222015,1.0,10.39536739422933,1.0
545,10.060053636164708,0.14446908446890483,1.0,3,10.148272005544705,1.0,9.856350861287398,1.0,10.175538041662026,1.0
546,10.676935682548063,0.11451861325884823,1.0,3,10.755807047644186,1.0,10.76,1.0,10.515,1.0
547,9.919771529560794,0.4202848182924319,1.0,3,10.511034505817841,1.0,9.676723902182488,1.0,9.571556180682055,1.0
548,7.204171151538778,1.3011782486559835,1.0,3,5.9536581520025225,1.0,6.660342461658047,1.0,8.998512840955764,1.0
549,7.273698868512799,3.231294228991228,1.0,3,2.821802582805212,1.0,8.606697859709419,1.0,10.392596163023766,1.0
550,10.174160265319225,0.6557877136977702,1.0,3,10.752984793854838,1.0,10.512289164665065,1.0,9.257206837437774,1.0
551,8.260576267480777,1.264186169479105,1.0,3,10.036511843569498,1.0,7.1943120160946155,1.0,7.550904942778216,1.0
552,9.606058788159947,0.6752025368828011,1.0,3,10.397301112656466,1.0,9.673362443418224,1.0,8.747512808405146,1.0
553,10.315798383641992,0.27898417428628847,1.0,3,10.512064046986435,1.0,9.921256887627317,1.0,10.514074216312226,1.0
554,8.830043064295477,1.96834654075899,1.0,3,10.040673982992416,1.0,6.05393011535981,1.0,10.395525094534204,1.0
555,10.243410754335214,0.2775331945636158,1.0,3,10.035196448327708,1.0,10.635653488632546,1.0,10.05938232604539,1.0
556,6.746615496983213,5.071949691588787,1.0,3,10.392760024739719,1.0,-0.42587104072398496,1.0,10.272957506933905,1.0
557,9.31399770132775,1.4603904929703382,1.0,3,10.51312116682987,1.0,10.170694109772423,1.0,7.258177827380953,1.0
558,9.527047754787295,1.3570151547645177,1.0,3,10.875,1.0,10.036077867946574,1.0,7.670065396415309,1.0
559,10.434628853470088,0.05871328249796751,1.0,3,10.393031852353298,1.0,10.393192786173499,1.0,10.517661921883466,1.0
560,2.3162592631685666,8.843089650541923,1.0,3,-10.042335606328335,1.0,10.153628315796107,1.0,6.837485080037927,1.0
561,-1.4346864730918416,15.579423852503083,0.6666666666666666,3,8.747298055233799,1.0,-23.446762173684377,0.0,10.395404699175053,1.0
562,-6.0343497484528354,22.821639964010856,0.6666666666666666,3,10.397693651501635,1.0,9.806474526196688,1.0,-38.30721742305683,0.0
563,9.300757758142984,1.4759813849248884,1.0,3,10.163143828407248,1.0,10.51577226531158,1.0,7.2233571807101224,1.0
564,9.623858003704662,0.5533266283839128,1.0,3,9.176085221920541,1.0,9.29197448857621,1.0,10.40351430061723,1.0
565,-4.291281388973512,20.28106731806693,0.6666666666666666,3,9.55734706117553,1.0,10.53628142857143,1.0,-32.967472656667496,0.0
566,10.277032230769114,0.44644008513759365,1.0,3,10.153516390672525,1.0,10.875,1.0,9.802580301634816,1.0
567,10.085551148130858,0.37885107428923614,1.0,3,10.422316875101512,1.0,10.278047542276953,1.0,9.556289027014106,1.0
568,8.879846037958611,0.6518875954010809,1.0,3,8.494121341540009,1.0,8.347554264972777,1.0,9.797862507363046,1.0
569,6.451544492327212,0.6193753282919885,1.0,3,6.748418394648829,1.0,5.5894282640849795,1.0,7.0167868182478275,1.0
570,10.19872669881506,0.3005829638478232,1.0,3,9.795784295377375,1.0,10.517472117083019,1.0,10.282923683984789,1.0
571,4.288499128437279,2.7281218596548618,1.0,3,0.4360586976080416,1.0,6.396379374883024,1.0,6.033059312820772,1.0
572,-0.6448412583691633,15.877343102457125,0.6666666666666666,3,10.286702368951612,1.0,10.875,1.0,-23.096226144059102,0.0
573,9.666959161879944,0.9105346174746497,1.0,3,9.912384654278853,1.0,10.63897683007032,1.0,8.449516001290663,1.0
574,10.041498754825726,0.3485376855575942,1.0,3,9.924311803933517,1.0,10.514722416445252,1.0,9.685462044098408,1.0
575,10.235796976227887,0.30893476662403313,1.0,3,10.39172983216026,1.0,9.804383602633154,1.0,10.511277493890248,1.0
576,10.557055541690627,0.2444826652142498,1.0,3,10.515731735636988,1.0,10.875,1.0,10.28043488943489,1.0
577,9.525956568032608,0.39569944860720513,1.0,3,8.966427765691725,1.0,9.813640562330349,1.0,9.79780137607575,1.0
578,10.200314631873757,0.2023208847419052,1.0,3,9.922002726776949,1.0,10.28195994875223,1.0,10.396981220092094,1.0
579,10.156352805491181,0.2600135373823857,1.0,3,10.518138903960935,1.0,9.918506497801,1.0,10.032413014711606,1.0
580,9.884752471555593,0.74736654543548,1.0,3,10.63102316992968,1.0,10.15980317854026,1.0,8.86343106619684,1.0
581,7.37009538137988,4.298057237680864,1.0,3,10.636892744479495,1.0,1.2975559869324353,1.0,10.17583741272771,1.0
582,10.595204228275623,0.15062606814469104,1.0,3,10.394766094048238,1.0,10.757879154743561,1.0,10.63296743603507,1.0
583,9.55820087458329,0.38114970156321604,1.0,3,10.032422933438053,1.0,9.543008122173045,1.0,9.09917156813877,1.0
584,-0.7525167697803165,15.86831380384489,0.6666666666666666,3,10.42157503563429,1.0,10.514511870751651,1.0,-23.19363721572689,0.0
585,10.287834687963363,0.6724330093236539,1.0,3,10.875,1.0,9.346427286896056,1.0,10.642076776994031,1.0
586,10.157373753707263,0.1691682259460469,1.0,3,10.278974932997004,1.0,9.918144752924741,1.0,10.275001575200049,1.0
587,7.408686488318229,3.964272124881174,1.0,3,10.022203164725079,1.0,10.397312668033113,1.0,1.806543632196492,1.0
588,9.959048413210802,0.5812423701178918,1.0,3,9.214993983527313,1.0,10.02850118517662,1.0,10.633650070928477,1.0
589,9.227544517647038,1.406019285365509,1.0,3,10.398567599295637,1.0,10.033745609845186,1.0,7.250320343800293,1.0
590,-1.0736083239004817,15.645867868359177,0.6666666666666666,3,-23.19936556124419,0.0,10.156369178162953,1.0,9.822171411379792,1.0
591,10.716975680748078,0.14838356757048454,1.0,3,10.757536764705883,1.0,10.518390277538355,1.0,10.875,1.0
592,10.319297404242958,0.2448802185005581,1.0,3,10.288352540884645,1.0,10.036053760537605,1.0,10.633485911306622,1.0
593,9.328360444191835,1.0447758911056009,1.0,3,7.908416754042273,1.0,10.392104718317533,1.0,9.684559860215701,1.0
594,10.038885827067613,0.3361696920962537,1.0,3,10.514178605810068,1.0,9.791876015106745,1.0,9.810602860286028,1.0
595,10.357350621637453,0.1487540688901151,1.0,3,10.159234195402298,1.0,10.517679306916632,1.0,10.395138362593428,1.0
596,10.642443379805897,0.10014171657819662,1.0,3,10.512892964499068,1.0,10.65767,1.0,10.756767174918622,1.0
597,7.081423058271476,4.785870420996244,1.0,3,10.038850695105694,1.0,10.875,1.0,0.3304184797087313,1.0
598,10.433722280717,0.3965319909171944,1.0,3,9.913397067399817,1.0,10.51276977475118,1.0,10.875,1.0
599,9.135271636512384,1.1525601184771745,1.0,3,10.515705404112865,1.0,7.694458856102367,1.0,9.195650649321918,1.0
600,5.591233924103432,4.722950273978577,1.0,3,-0.778791862184228,1.0,10.515921369350092,1.0,7.0365722651444305,1.0
601,9.270664614797127,0.15267432883680282,1.0,3,9.337433280008124,1.0,9.05945836273818,1.0,9.415102201645077,1.0
602,10.478171927603105,0.05565527747876296,1.0,3,10.399516449298254,1.0,10.514999333511064,1.0,10.52,1.0
603,-16.936267600390774,18.090980821507248,0.3333333333333333,3,8.640205399372908,1.0,-29.169164298453616,0.0,-30.27984390209161,0.0
604,9.070149287439826,1.4596276077642356,1.0,3,7.007365491651205,1.0,10.034747556182605,1.0,10.16833481448567,1.0
605,10.006188537372433,0.4882506775674423,1.0,3,9.346648671921574,1.0,10.158931747176158,1.0,10.512985193019565,1.0
606,8.794363445326594,1.8753476977414691,1.0,3,10.513540540540541,1.0,6.185856355418366,1.0,9.683693440020875,1.0
607,10.676128993103374,0.0561002522367967,1.0,3,10.636233987251687,1.0,10.755466300142539,1.0,10.636686691915894,1.0
608,-13.4565426488237,15.850539575408403,0.3333333333333333,3,8.948486529955769,1.0,-24.05044580970385,0.0,-25.26766866672302,0.0
609,10.09710957520661,0.43943341347446907,1.0,3,9.490183104049603,1.0,10.284888839235839,1.0,10.516256782334386,1.0
610,10.321530928155573,0.5351779417319141,1.0,3,9.567983266174165,1.0,10.637087238644556,1.0,10.759522279647996,1.0
611,4.744800822851084,3.759136343458158,1.0,3,4.213738273921198,1.0,9.59128598268805,1.0,0.4293782119440053,1.0
612,10.040373410269217,0.50417817527975,1.0,3,9.327358667006717,1.0,10.397845437467526,1.0,10.395916126333402,1.0
613,8.66587926404805,1.2765471856426496,1.0,3,8.206294140103074,1.0,7.383737564504974,1.0,10.407606087536102,1.0
614,9.804451254145116,0.5047655654903602,1.0,3,10.03699071729958,1.0,10.272669728363416,1.0,9.103693316772352,1.0
615,-2.2437427309366336,16.10303561557468,0.6666666666666666,3,9.340488439955106,1.0,8.944006971340045,1.0,-25.01572360410505,0.0
616,7.898523206829343,2.1229914337013107,1.0,3,10.875,1.0,6.069582056892779,1.0,6.750987563595251,1.0
617,9.832691444836046,0.5590047963686838,1.0,3,10.03636109260493,1.0,10.392384057629831,1.0,9.069329184273379,1.0
618,5.632516750939203,4.8996386499909566,1.0,3,9.811144376899696,1.0,-1.2436532039569084,1.0,8.33005907987482,1.0
619,10.555200115977998,0.2991498384861246,1.0,3,10.875,1.0,10.155441956609227,1.0,10.635158391324767,1.0
620,9.525500647499113,1.6546860453761296,1.0,3,10.755,1.0,10.635055865921787,1.0,7.186446076575554,1.0
621,5.711519935147564,5.212647915415274,1.0,3,10.513266129032257,1.0,-1.5334188665783373,1.0,8.154712542988774,1.0
622,10.041652257103864,0.5758216664998661,1.0,3,10.754444115250722,1.0,10.026286697111678,1.0,9.344225958949195,1.0
623,10.517357601619457,0.2575527576658082,1.0,3,10.398278101704923,1.0,10.875,1.0,10.278794703153444,1.0
624,9.94010805400839,1.1028354985543436,1.0,3,10.875,1.0,10.553796666666667,1.0,8.3915274953585,1.0
625,9.58745732042439,1.2584649214605887,1.0,3,7.841212093781117,1.0,10.162970047923322,1.0,10.758189819568726,1.0
626,9.958887879287529,0.14569161819574358,1.0,3,9.933172193678965,1.0,10.148785545448034,1.0,9.794705898735588,1.0
627,5.456001403081287,5.502233625226776,1.0,3,10.632479054179855,1.0,-2.1636310311635114,1.0,7.899156186227517,1.0
628,10.431906047519712,0.24917328694003998,1.0,3,10.39250248719555,1.0,10.148348021637391,1.0,10.754867633726201,1.0
629,9.197160303946529,0.6061614711086043,1.0,3,10.032727294090002,1.0,8.94526365983578,1.0,8.613489957913803,1.0
630,10.552204115903644,0.24788631990067844,1.0,3,10.875,1.0,10.509227262765725,1.0,10.272385084945208,1.0
631,-2.7182781652733463,18.96846131279448,0.6666666666666666,3,-29.543643920798594,0.0,10.634397011388321,1.0,10.754412413590233,1.0
632,5.7350795986352425,3.693934762765922,1.0,3,10.51503954550518,1.0,1.5198001355013506,1.0,5.1703991148991975,1.0
633,7.678773163693509,3.668039951130075,1.0,3,2.4932458913503313,1.0,10.151096750594403,1.0,10.391976849135792,1.0
634,9.965241397855454,0.30372939510176034,1.0,3,10.04687204316972,1.0,10.289637858253721,1.0,9.559214292142922,1.0
635,10.522671020663548,0.2562677327304615,1.0,3,10.875,1.0,10.272967806516192,1.0,10.420045255474452,1.0
636,2.8796070347629357,10.716984635672542,1.0,3,10.395346451395897,1.0,10.519802306425042,1.0,-12.27632765353213,1.0
637,7.908980375369739,0.707563797623609,1.0,3,8.204528150134049,1.0,6.933282321058503,1.0,8.589130654916666,1.0
638,10.322131505674994,0.4325410366225462,1.0,3,10.875,1.0,9.819003757214238,1.0,10.272390759810744,1.0
639,8.920072437848532,1.0666905218073792,1.0,3,8.820696089385475,1.0,7.66617468856172,1.0,10.273346535598398,1.0
640,10.515323331081401,0.09866964109255293,1.0,3,10.394926377426977,1.0,10.636611719293805,1.0,10.514431896523423,1.0
641,10.084764161229804,0.5866415410875464,1.0,3,10.875,1.0,9.470858820047356,1.0,9.908433663642061,1.0
642,10.081900698319837,0.39072888418038937,1.0,3,9.567207497119002,1.0,10.16511581733951,1.0,10.513378780501,1.0
643,9.689297379473707,0.4119342535240509,1.0,3,9.342191735169962,1.0,9.45766752972439,1.0,10.268032873526769,1.0
644,9.999447465923494,0.3931195672590956,1.0,3,9.920014176856283,1.0,9.562632625994695,1.0,10.515695594919501,1.0
645,10.044481914064011,0.694001146551276,1.0,3,9.103140101372963,1.0,10.27460535964269,1.0,10.75570028117638,1.0
646,3.773563342088695,9.109061765160831,1.0,3,-9.1084075075693,1.0,10.154302325581396,1.0,10.27479520825399,1.0
647,-3.5616315803429974,14.113826770914347,0.6666666666666666,3,3.3202901482684277,1.0,-23.228482995555837,0.0,9.223298106258417,1.0
648,7.673039767358336,2.472396553065905,1.0,3,9.295641168886979,1.0,9.54399382560484,1.0,4.179484307583191,1.0
649,9.30346135083086,1.3136066181941424,1.0,3,9.585446423441539,1.0,10.752659631743297,1.0,7.5722779973077445,1.0
650,9.895560100423237,0.22882507344879321,1.0,3,10.05490868009791,1.0,9.571964934121796,1.0,10.059806687050004,1.0
651,10.068655277426819,0.5701734549135578,1.0,3,10.875,1.0,9.663811295406395,1.0,9.667154536874058,1.0
652,5.598618332180216,3.295964384384373,1.0,3,1.0103825063328848,1.0,8.604172004328625,1.0,7.181300485879136,1.0
653,9.468192375592144,0.7651424654689458,1.0,3,8.70926963467769,1.0,9.179677927858313,1.0,10.515629564240431,1.0
654,9.66816433048463,0.36677232967679047,1.0,3,9.60107914365979,1.0,10.147136599610644,1.0,9.256277248183455,1.0
655,9.717722962811985,0.33835230578593173,1.0,3,9.672647551978537,1.0,9.32770815066321,1.0,10.152813185794209,1.0
656,9.488810897413337,1.3748998632422946,1.0,3,10.274612526817018,1.0,7.555646696035241,1.0,10.636173469387755,1.0
657,10.002899698132158,0.4698115066153702,1.0,3,9.341994902743382,1.0,10.392410678576189,1.0,10.274293513076902,1.0
658,10.006243365317982,0.47643053797963486,1.0,3,10.406646666666667,1.0,10.275335847870501,1.0,9.336747581416777,1.0
659,9.764168546411945,0.6620527685592512,1.0,3,8.850066257160604,1.0,10.396672123692587,1.0,10.045767258382643,1.0
660,9.946474838396641,0.380026494626463,1.0,3,9.414440508184704,1.0,10.27833126636351,1.0,10.146652740641711,1.0
661,9.672554804420509,0.5377053210056909,1.0,3,9.918885034924887,1.0,10.17243188798915,1.0,8.92634749034749,1.0
662,9.62279711599946,0.34056406942779444,1.0,3,10.070139968895802,1.0,9.244564675547917,1.0,9.55368670355466,1.0
663,10.202192258314012,0.36744812014716416,1.0,3,9.686797244321456,1.0,10.517362943082512,1.0,10.402416587538065,1.0
664,9.528780128038823,1.0762032286805356,1.0,3,10.037966001999882,1.0,10.516309324124322,1.0,8.032065057992266,1.0
665,8.958178856860505,0.9591275276554662,1.0,3,8.571687380080238,1.0,8.025433176437026,1.0,10.277416014064247,1.0
666,-15.941882428815282,18.722642896945757,0.3333333333333333,3,-30.091451710960566,0.0,10.51455081130997,1.0,-28.24874638679525,0.0
667,9.929648001111874,0.8598965780054488,1.0,3,10.762822855095827,1.0,8.745924383919725,1.0,10.28019676432007,1.0
668,9.811748256617038,0.5771041627313708,1.0,3,10.516433531061756,1.0,9.10284171215168,1.0,9.815969526637678,1.0
669,9.834355964275924,0.8770368924753323,1.0,3,10.39011177713359,1.0,8.596195717334485,1.0,10.516760398359695,1.0
670,6.3143263753545185,5.52911798377825,1.0,3,9.924338226446878,1.0,10.516198119949426,1.0,-1.4975572203327498,1.0
671,3.8897622922329123,8.709932198151453,1.0,3,-8.427346375091311,1.0,10.153216113920516,1.0,9.943417137869531,1.0
672,9.366081620872961,1.6288868215162444,1.0,3,7.066605411344595,1.0,10.396591845828228,1.0,10.635047605446063,1.0
673,10.523182559860357,0.49754499532486707,1.0,3,10.875,1.0,10.875,1.0,9.819547679581072,1.0
674,10.356977187344294,0.40323028519399673,1.0,3,10.7529588716836,1.0,10.514360617734292,1.0,9.803612072614987,1.0
675,10.554678160987061,0.14906313525447634,1.0,3,10.396301321585902,1.0,10.513378780501,1.0,10.754354380874283,1.0
676,10.5156272401089,0.09802565882624778,1.0,3,10.63467476052573,1.0,10.394586729381352,1.0,10.517620230419618,1.0
677,10.040065642334815,0.19116319193182613,1.0,3,10.276520983989643,1.0,10.035335559484057,1.0,9.808340383530739,1.0
678,9.957254906494455,0.6445317904538065,1.0,3,10.632731832899836,1.0,10.14954477723141,1.0,9.089488109352116,1.0
679,10.1204842064925,0.41159286057599087,1.0,3,10.290885543143922,1.0,10.517295532484615,1.0,9.553271543848965,1.0
680,10.63664157830697,0.33708971266412835,1.0,3,10.15992473492091,1.0,10.875,1.0,10.875,1.0
681,5.441181453802426,3.225126023687761,1.0,3,9.927781377899045,1.0,3.9084957639329163,1.0,2.487267219575318,1.0
682,8.643282807127163,0.9115594886840238,1.0,3,8.003830483347391,1.0,9.93240909090909,1.0,7.993608847125005,1.0
683,10.270948481139724,0.2604214392854686,1.0,3,10.63269084843331,1.0,10.030195465207193,1.0,10.149959129778672,1.0
684,-3.7005729288914893,17.213008565441967,0.6666666666666666,3,9.070848714173202,1.0,-28.033416884221605,0.0,7.860849383373935,1.0
685,10.32287928335964,0.23533037086138808,1.0,3,10.062115830894964,1.0,10.27417334511264,1.0,10.632348674071318,1.0
686,9.9969998201017,0.40489394316199634,1.0,3,10.396891028977961,1.0,10.151982269797804,1.0,9.44212616152933,1.0
687,9.967224023563498,0.708052391456825,1.0,3,8.987327593793083,1.0,10.2786798751275,1.0,10.63566460176991,1.0
688,1.4380420267218765,5.086933745960204,1.0,3,2.1595660553995213,1.0,-5.121501699430457,1.0,7.276061724196565,1.0
689,-0.8482871778828821,16.32336609351662,0.6666666666666666,3,10.6339252647952,1.0,10.754121786586243,1.0,-23.932908585030088,0.0
690,9.918380102646674,0.9354304374791133,1.0,3,10.520528207532427,1.0,8.59720389851485,1.0,10.637408201892745,1.0
691,10.046093668395416,0.41193352566453756,1.0,3,9.467473619115285,1.0,10.276812112770761,1.0,10.393995273300206,1.0
692,8.27651998290902,0.5069215095298831,1.0,3,8.072727672485819,1.0,8.973651928287312,1.0,7.783180347953934,1.0
693,-1.955775815515934,6.929147099559947,1.0,3,7.84348650781905,1.0,-6.876918133838279,1.0,-6.833895820528573,1.0
694,10.122033159364234,0.7510689792573284,1.0,3,9.096752682886867,1.0,10.394346795205836,1.0,10.875,1.0
695,9.808254358036477,0.7619569546971469,1.0,3,10.51303212121212,1.0,8.749937838785362,1.0,10.161793114111948,1.0
696,10.022946947660214,0.631041210827548,1.0,3,10.53648380952381,1.0,9.13409510983142,1.0,10.398261923625416,1.0
697,9.999485490315456,0.2416808373805197,1.0,3,10.042235009236606,1.0,9.684437784008509,1.0,10.27178367770125,1.0
698,9.962188155447688,0.4864393197343066,1.0,3,9.33030830581879,1.0,10.5136715144735,1.0,10.042584646050774,1.0
699,10.000872871041437,0.14552184331416648,1.0,3,10.031714126704387,1.0,9.809237819753259,1.0,10.161666666666667,1.0
700,10.254062424261143,0.28531695903279464,1.0,3,9.951111252499544,1.0,10.63634981944508,1.0,10.174726200838807,1.0
701,-1.424671034252487,16.8919058928193,0.6666666666666666,3,10.160861963954487,1.0,10.875,1.0,-25.30987506671195,0.0
702,-1.345151564677592,15.530645055736452,0.6666666666666666,3,10.516315266934427,1.0,-23.28465155454647,0.0,8.732881593579268,1.0
703,10.07522870489579,0.053523099761356115,1.0,3,10.03455241301908,1.0,10.04028427879316,1.0,10.15084942287513,1.0
704,2.5562180468840405,5.644092756403725,1.0,3,-1.5984314098660217,1.0,10.535901666666668,1.0,-1.2688161161485247,1.0
705,10.3974736519634,0.3339557366398545,1.0,3,10.63164533910818,1.0,10.635581230003554,1.0,9.925194386778465,1.0
706,9.76461126150339,0.4693005083049376,1.0,3,9.10434639263541,1.0,10.153071886779975,1.0,10.036415505094789,1.0
707,10.200104933288562,0.27619623869970916,1.0,3,9.809517867806518,1.0,10.392596392441305,1.0,10.398200539617863,1.0
708,9.883005494995269,0.3867354644271795,1.0,3,10.396120906436975,1.0,9.790401776948753,1.0,9.46249380160008,1.0
709,9.916506471919975,0.5487287458009843,1.0,3,9.193532141699091,1.0,10.033788921507291,1.0,10.522198352553541,1.0
710,10.477311295162485,0.24232694660655754,1.0,3,10.516901255546117,1.0,10.752317942942943,1.0,10.162714686998395,1.0
711,9.324332579987862,1.379994165933323,1.0,3,7.417103012970506,1.0,10.636322001321401,1.0,9.919572725671681,1.0
712,10.037528370620052,0.16756498472744047,1.0,3,10.151540294240275,1.0,9.800611327677139,1.0,10.16043348994274,1.0
713,2.119794039878373,4.743243426776144,1.0,3,-1.1281457928987297,1.0,8.82664723650045,1.0,-1.339119323966603,1.0
714,-1.3224294008107904,16.826655281040203,0.6666666666666666,3,10.516091370558376,1.0,10.635434181856832,1.0,-25.11881375484758,0.0
715,8.533754902762468,0.7944950767248167,1.0,3,7.4400684039087945,1.0,9.303580263756253,1.0,8.857616040622354,1.0
716,10.065546282227178,0.652352000157202,1.0,3,10.044138099185645,1.0,10.875,1.0,9.277500747495889,1.0
717,9.841455215317588,0.7120314580364463,1.0,3,10.151230202627959,1.0,8.856801014221144,1.0,10.51633442910366,1.0
718,1.8862888836298979,4.967119654489597,1.0,3,3.288749767441862,1.0,-4.775918331847535,1.0,7.146035215295367,1.0
719,10.835389133627018,0.05601822444201776,1.0,3,10.756167400881058,1.0,10.875,1.0,10.875,1.0
720,8.724660315233807,0.8682864137456066,1.0,3,8.359996760902801,1.0,7.891537852391512,1.0,9.92244633240711,1.0
721,9.961931983446135,0.39111277800742894,1.0,3,9.679967042889391,1.0,9.690815391721625,1.0,10.515013515727391,1.0
722,9.929443438235795,0.5039260490481193,1.0,3,10.396091690119983,1.0,9.22965200248095,1.0,10.162586622106453,1.0
723,10.316903177824429,0.31305796222069115,1.0,3,10.75331491712707,1.0,10.163245948079691,1.0,10.034148668266525,1.0
724,10.375185236615243,0.34064968476326846,1.0,3,10.75669941980161,1.0,9.929676290044121,1.0,10.43918,1.0
725,9.803171933667256,0.3434415328467799,1.0,3,10.274027383580362,1.0,9.670940568586254,1.0,9.464547848835155,1.0
726,10.477708771976388,0.20267689545770126,1.0,3,10.279292656010822,1.0,10.756054122621565,1.0,10.397779537296776,1.0
727,9.523983229686953,0.8687896597095638,1.0,3,8.519264145154928,1.0,10.638795121209817,1.0,9.413890422696117,1.0
728,9.821245669485629,0.9341747807379114,1.0,3,10.157082052985633,1.0,10.759869037772264,1.0,8.546785917698989,1.0
729,9.768178794855167,0.6404001011663482,1.0,3,8.865020825721594,1.0,10.278047542276953,1.0,10.161468016566957,1.0
730,10.282931314564701,0.34950304042963753,1.0,3,10.166985251229063,1.0,9.924796252461121,1.0,10.757012440003919,1.0
731,9.771565953819808,1.2271158535885944,1.0,3,10.518918063314713,1.0,8.04149077067473,1.0,10.754289027469978,1.0
732,-20.594641705679607,18.77891251273951,0.3333333333333333,3,-27.323136065314962,0.0,5.01857973096513,1.0,-39.47936878268899,0.0
733,5.829930228961914,3.3703982864050572,1.0,3,2.354558292173566,1.0,4.742599500194597,1.0,10.39263289451758,1.0
734,9.518496071061591,1.2369908559200469,1.0,3,10.393112398302087,1.0,7.769126827865406,1.0,10.393248987017282,1.0
735,10.001162756692667,0.40346169279306726,1.0,3,9.447339957765628,1.0,10.159195071079642,1.0,10.396953241232731,1.0
736,9.88237149472584,1.010037962482048,1.0,3,10.27559730097887,1.0,8.49651718319865,1.0,10.875,1.0
737,10.278766562786243,0.0045165520726534025,1.0,3,10.27450024395344,1.0,10.285016487516595,1.0,10.276782956888697,1.0
738,10.161050288116106,0.18837612747590612,1.0,3,10.160066951290512,1.0,10.392253080861355,1.0,9.930830832196452,1.0
739,10.59497170853268,0.15034982695431695,1.0,3,10.63317678767352,1.0,10.757012440003919,1.0,10.394725897920605,1.0
740,-2.8514156746586807,7.005584495695006,1.0,3,2.889917715160501,1.0,-12.714588313054762,1.0,1.2704235739182188,1.0
741,-12.418216705477015,30.20518128993642,0.6666666666666666,3,7.693105527638192,1.0,-55.11098099715943,0.0,10.163225353090189,1.0
742,10.274944519489113,0.10006158630172833,1.0,3,10.275968340768456,1.0,10.15188590174428,1.0,10.396979315954603,1.0
743,9.75650449071068,0.8511910378548797,1.0,3,10.636892744479495,1.0,10.027279186177942,1.0,8.6053415414746,1.0
744,10.074741556882032,0.1497128295390602,1.0,3,10.273975656953754,1.0,9.913074309269161,1.0,10.037174704423181,1.0
745,9.300360818032999,1.6504132079891964,1.0,3,10.1516374611469,1.0,6.9926248121556185,1.0,10.756820180796483,1.0
746,10.317846859446306,0.48944032269521887,1.0,3,9.683583590376312,1.0,10.394956987962603,1.0,10.875,1.0
747,10.035602869178158,0.1683707471269993,1.0,3,10.273556239254367,1.0,9.909095713757202,1.0,9.924156654522905,1.0
748,9.227912699490899,0.3796329714668883,1.0,3,9.69533005105762,1.0,9.222945262070745,1.0,8.765462785344333,1.0
749,9.469097346175056,1.080285567424703,1.0,3,7.983090657935127,1.0,9.90491434186981,1.0,10.519287038720233,1.0
750,10.27875775020565,0.25789166609532627,1.0,3,10.636006174395161,1.0,10.163712935109585,1.0,10.0365541411122,1.0
751,9.765406342308609,0.49825586731379923,1.0,3,9.923911610916123,1.0,10.280750566251415,1.0,9.091556849758287,1.0
752,10.477332153391139,0.05863857746433239,1.0,3,10.394494622495595,1.0,10.515407005426738,1.0,10.522094832251083,1.0
753,9.920930329491014,0.1888292656021461,1.0,3,10.154165059720823,1.0,9.691681229138034,1.0,9.916944699614184,1.0
754,3.0320829954953368,5.323698449845866,1.0,3,10.267192609250593,1.0,-2.3889516241461113,1.0,1.2180080013815289,1.0
755,10.395213101830963,0.09638688442450068,1.0,3,10.278309579919949,1.0,10.392953890489913,1.0,10.514375835083031,1.0
756,10.039658954414012,0.16390936250994326,1.0,3,10.156958746076393,1.0,10.154156359556865,1.0,9.80786175760878,1.0
757,9.529956170964361,1.4302625504059123,1.0,3,7.549145577247529,1.0,10.875,1.0,10.165722935645556,1.0
758,-1.784608734122776,16.651418801109457,0.6666666666666666,3,10.4002657079532,1.0,-25.32844269748615,0.0,9.574350787164622,1.0
759,10.036768494231435,0.16611997091050615,1.0,3,9.914316446491334,1.0,10.271625993088461,1.0,9.924363043114507,1.0
760,10.200949195517317,0.40462897060136455,1.0,3,9.801938543622173,1.0,10.75567245531753,1.0,10.04523658761225,1.0
761,10.362694738603436,0.4947086086938564,1.0,3,10.875,1.0,9.693913460532283,1.0,10.519170755278026,1.0
762,10.482651096801517,0.2139752916771065,1.0,3,10.776839344262296,1.0,10.274172166608771,1.0,10.396941779533485,1.0
763,9.600686231495787,0.6074651188951918,1.0,3,10.409476765385083,1.0,9.447118016979353,1.0,8.945463912122927,1.0
764,9.627015703225416,0.5474786885818477,1.0,3,9.183618512601145,1.0,10.398394724045708,1.0,9.299033873029398,1.0
765,8.06208075198542,1.9416818686988833,1.0,3,9.562463226904006,1.0,5.320198765295999,1.0,9.303580263756253,1.0
766,9.537732490990981,0.4520928377436342,1.0,3,9.113619001105313,1.0,9.33544914412349,1.0,10.164129327744138,1.0
767,10.612570685444224,0.22296618144180838,1.0,3,10.875,1.0,10.329965743648302,1.0,10.632746312684366,1.0
768,9.535254884824306,1.5698016228609328,1.0,3,7.315241914162334,1.0,10.636746073643923,1.0,10.653776666666666,1.0
769,9.81407059912324,0.373234368521022,1.0,3,10.27113797093995,1.0,9.35690422967346,1.0,9.814169596756312,1.0
770,6.067638713098205,3.4002190166549626,1.0,3,9.449958193259203,1.0,1.4163826498509007,1.0,7.336575296184511,1.0
771,9.746108729774562,0.7706652232799697,1.0,3,8.895665732418415,1.0,10.761624528565441,1.0,9.58103592833983,1.0
772,10.434969438065325,0.2822850389842755,1.0,3,10.035758493771233,1.0,10.635055865921787,1.0,10.63409395450296,1.0
773,10.27805341904162,0.259347775365587,1.0,3,10.158065749437757,1.0,10.638204083247606,1.0,10.0378904244395,1.0
774,10.116308896164163,0.14707433226825412,1.0,3,10.274139095436249,1.0,9.92007580998501,1.0,10.15471178307123,1.0
775,10.473586083648284,0.20600072135318526,1.0,3,10.273413379073755,1.0,10.390362283312903,1.0,10.756982588558195,1.0
776,7.793019980007731,2.9566143507163845,1.0,3,10.067644551623577,1.0,9.694114336165987,1.0,3.617301052233633,1.0
777,6.4636584851712096,5.394368500771717,1.0,3,10.036485778173162,1.0,10.514624056603774,1.0,-1.160134379263308,1.0
778,-1.897085040757099,17.563380180279086,0.6666666666666666,3,10.395873211642822,1.0,10.64790094654046,1.0,-26.73502928045458,0.0
779,10.037611628503456,0.33523920410448016,1.0,3,10.275642686860188,1.0,10.273679043714269,1.0,9.563513154935912,1.0
780,8.701985294866809,0.862706791262163,1.0,3,9.920384261389785,1.0,8.03780872259005,1.0,8.14776290062059,1.0
781,4.957349111052968,5.267896962463745,1.0,3,-2.0558062989415724,1.0,6.287267447395983,1.0,10.640586184704494,1.0
782,9.810364652547692,0.5360230151492116,1.0,3,10.516313937282229,1.0,9.218208667489204,1.0,9.696571352871642,1.0
783,9.439687818930608,1.2290369214584564,1.0,3,7.873087184495965,1.0,9.570976272295859,1.0,10.875,1.0
784,-1.014351159853075,15.987320548210377,0.6666666666666666,3,10.756348196975573,1.0,-23.61734436106121,0.0,9.817942684526413,1.0
785,9.239038447363718,0.9108640715748441,1.0,3,8.476233318649426,1.0,10.519388333333334,1.0,8.721493690108394,1.0
786,-2.074988783981747,15.448011852203827,0.6666666666666666,3,9.36104652417962,1.0,8.3276147534925,1.0,-23.91362762961736,0.0
787,10.000038205302173,0.4400038750724083,1.0,3,10.039009786989062,1.0,9.44271784232365,1.0,10.518386986593802,1.0
788,9.788894048807784,0.7813053756376779,1.0,3,10.875,1.0,9.06995039099929,1.0,9.421731755424062,1.0
789,10.006693497066662,0.5341523968039905,1.0,3,10.646380977968835,1.0,9.338886943085242,1.0,10.034812570145904,1.0
790,9.098413120413275,0.8451470172628642,1.0,3,9.425483851420953,1.0,7.939298137866654,1.0,9.930457371952217,1.0
791,10.003571715874408,0.2374254544938004,1.0,3,9.696805257207462,1.0,10.275179411965347,1.0,10.038730478450416,1.0
792,9.51458465721745,0.4654785458756522,1.0,3,10.160946529639558,1.0,9.299420675300649,1.0,9.083386766712142,1.0
793,10.043772906024772,0.3858574835608452,1.0,3,9.571467739532112,1.0,10.043229759043209,1.0,10.516621219499,1.0
794,9.801384579657608,0.2904757412221002,1.0,3,9.8015793615347,1.0,9.445528554385602,1.0,10.15704582305252,1.0
795,6.306053164931626,4.472053913309687,1.0,3,0.020535483610530036,1.0,10.055524386933309,1.0,8.842099624251041,1.0
796,-12.5870317844229,15.649988981540742,0.3333333333333333,3,9.539901731399159,1.0,-24.077514435847082,0.0,-23.223482648820774,0.0
797,9.850429509831688,0.7006104774341034,1.0,3,10.517264630427416,1.0,8.882361846649783,1.0,10.151662052417866,1.0
798,7.679724689481509,3.262169566536688,1.0,3,10.403673008449806,1.0,3.093203338847945,1.0,9.542297721146777,1.0
799,9.562771481958853,0.1671382257223037,1.0,3,9.685752935758691,1.0,9.32646813748698,1.0,9.67609337263089,1.0
800,7.247063588271679,0.9651038658105802,1.0,3,8.474636868661127,1.0,6.116618367717346,1.0,7.149935528436565,1.0
801,8.323031334993638,2.222928675029214,1.0,3,10.516958021117166,1.0,5.276162324127151,1.0,9.175973659736597,1.0
802,10.715108183433978,0.11306262200608144,1.0,3,10.635992930764663,1.0,10.875,1.0,10.634331619537274,1.0
803,9.724995433470013,0.4850065490210991,1.0,3,9.096126848249027,1.0,10.276580007087402,1.0,9.802279445073614,1.0
804,9.105251002002811,1.2360825890218823,1.0,3,10.14956183347685,1.0,7.369048051869358,1.0,9.797143120662225,1.0
805,10.27309262546592,0.26006781377079774,1.0,3,10.151141655525846,1.0,10.033570402728742,1.0,10.63456581814317,1.0
806,10.162040951206103,0.3297527677573694,1.0,3,10.392307893166219,1.0,9.695712116723449,1.0,10.398102843728642,1.0
807,10.030122595604134,0.1979691945392089,1.0,3,10.029719940649674,1.0,9.787862418133681,1.0,10.272785428029048,1.0
808,9.538318013872798,0.38466958217931874,1.0,3,9.795309002552523,1.0,8.994584328871142,1.0,9.82506071019473,1.0
809,9.503824557739101,0.6378464960603655,1.0,3,8.937651534625468,1.0,9.17875129610428,1.0,10.395070842487558,1.0
810,9.453780767983993,0.15634195080474098,1.0,3,9.674822843151375,1.0,9.347676644076305,1.0,9.3388428167243,1.0
811,8.676624214888635,2.098711659548812,1.0,3,5.711421248835044,1.0,10.271317055608288,1.0,10.047134340222575,1.0
812,10.171733710352816,0.4336264078168232,1.0,3,10.75815240229724,1.0,10.033871172000921,1.0,9.723177556760282,1.0
813,10.179360231137018,0.1380246212633731,1.0,3,10.276282410651717,1.0,10.277632785956966,1.0,9.98416549680237,1.0
814,-2.0660896361610805,2.776755816417671,1.0,3,-3.353045485839086,1.0,1.7903880983182408,1.0,-4.635611520962396,1.0
815,9.79987104860628,0.420577737822847,1.0,3,10.15227980640958,1.0,9.208715466674771,1.0,10.038617872734488,1.0
816,9.843037179902929,0.3715371114437749,1.0,3,9.322122578661473,1.0,10.16304044117647,1.0,10.043948519870847,1.0
817,10.120906011478986,0.3896671438342549,1.0,3,9.691885988374167,1.0,10.035887911984577,1.0,10.634944134078212,1.0
818,8.255032488314738,2.783767223817677,1.0,3,10.39668768229751,1.0,4.323431445702863,1.0,10.044978336943842,1.0
819,10.594872681633964,0.22591082386605282,1.0,3,10.275387257427443,1.0,10.75520556273273,1.0,10.754025224741715,1.0
820,9.678630046244175,0.48208919903484787,1.0,3,9.665000000000001,1.0,9.09512679917752,1.0,10.275763339555002,1.0
821,1.931050909456473,5.250201691846117,1.0,3,9.298912647516412,1.0,-2.5484217650243632,1.0,-0.9573381541226293,1.0
822,9.582651314605533,1.283624690469137,1.0,3,10.040521660991297,1.0,7.8324322828253,1.0,10.875,1.0
823,6.521782520261382,5.644655606723238,1.0,3,10.632927032430032,1.0,-1.4597557733409872,1.0,10.392176301695104,1.0
824,5.657926970292986,5.781893313518526,1.0,3,-2.482683090243775,1.0,10.394029503621503,1.0,9.06243449750123,1.0
825,7.193883657290243,1.8026657462509714,1.0,3,5.011343135256344,1.0,7.144192332047664,1.0,9.426115504566718,1.0
826,2.1724211755800966,11.633206408203922,0.6666666666666666,3,10.524176975945018,1.0,10.271858680393075,1.0,-14.278772129597801,0.0
827,4.8844655252767994,6.3631575574169466,1.0,3,9.205189095045142,1.0,9.560270211888538,1.0,-4.112062731103281,1.0
828,10.473330678195993,0.11558597430526345,1.0,3,10.636788548625745,1.0,10.390452991452992,1.0,10.392750494509242,1.0
829,-2.976443947109486,19.42041680548523,0.6666666666666666,3,10.63638341426259,1.0,10.875,1.0,-30.440715255591048,0.0
830,8.79361640258792,0.6635473271301879,1.0,3,8.208419216921692,1.0,8.450919179734619,1.0,9.721510811107452,1.0
831,8.666390799799784,2.370174146263741,1.0,3,10.030234316232887,1.0,10.636173469387755,1.0,5.332764613778706,1.0
832,10.326357129115168,0.11937105081531565,1.0,3,10.158637860082305,1.0,10.393577750576714,1.0,10.426855776686484,1.0
833,-4.223317610169535,21.01595091595617,0.6666666666666666,3,10.63945508292785,1.0,-33.944360307990394,0.0,10.634952394553938,1.0
834,9.108994858450133,1.6669972316692068,1.0,3,10.031462212770371,1.0,6.76890244771017,1.0,10.526619914869864,1.0
835,7.608805899892606,1.6308116604478464,1.0,3,9.218076548195079,1.0,5.373434403988137,1.0,8.234906747494605,1.0
836,10.042831937087833,0.3275554491990407,1.0,3,9.579606769151273,1.0,10.276830164069473,1.0,10.272058878042753,1.0
837,9.95690838378527,0.15048436236824267,1.0,3,9.797832687110798,1.0,10.158877874363037,1.0,9.914014589881976,1.0
838,9.885956063144901,0.5473773160617058,1.0,3,10.635000000000002,1.0,9.342221876766535,1.0,9.680646312668168,1.0
839,9.388572187840927,0.8213213869265266,1.0,3,9.592443869598382,1.0,8.296343216637945,1.0,10.276929477286453,1.0
840,7.08466298260387,3.1224637523487595,1.0,3,7.957582298974635,1.0,10.396960282054971,1.0,2.899446366782005,1.0
841,10.233791621858943,0.11242409018825335,1.0,3,10.153093370780562,1.0,10.392777201688764,1.0,10.155504293107505,1.0
842,10.119975816743008,0.4641493808015095,1.0,3,10.275968340768456,1.0,9.48980048877091,1.0,10.594158620689655,1.0
843,10.800564436280814,0.05280203787317772,1.0,3,10.875,1.0,10.768503489273714,1.0,10.758189819568726,1.0
844,10.117415344554082,0.7406807891469174,1.0,3,10.755736235595391,1.0,10.517505812944647,1.0,9.07900398512221,1.0
845,10.320189702536497,0.13901082292099454,1.0,3,10.177113812935122,1.0,10.274967291501659,1.0,10.508488003172715,1.0
846,4.34622600295748,3.779174982833307,1.0,3,0.7869239492732181,1.0,9.578668942772204,1.0,2.6730851168270187,1.0
847,9.683256837640627,0.6799123503921038,1.0,3,8.72173568818514,1.0,10.158630791357051,1.0,10.169404033379694,1.0
848,9.854300296974161,0.6951917078866167,1.0,3,10.153991363355953,1.0,8.893544032185963,1.0,10.515365495380571,1.0
849,9.17449134275558,1.4810449788382913,1.0,3,7.090950099744317,1.0,10.401689202056751,1.0,10.030834726465672,1.0
850,10.51456534461159,0.1714943801534171,1.0,3,10.392288278697553,1.0,10.394315556555656,1.0,10.75709219858156,1.0
851,10.352953175693296,0.15013164632489037,1.0,3,10.391418434474092,1.0,10.51455081130997,1.0,10.152890281295827,1.0
852,9.152241606604727,0.5651131634162924,1.0,3,9.922781681953236,1.0,8.950629744384198,1.0,8.58331339347675,1.0
853,7.755689073548999,2.104770954533908,1.0,3,5.410897321218398,1.0,7.340144495784694,1.0,10.516025403643905,1.0
854,10.202583948695715,0.13942453507610203,1.0,3,10.39169418848645,1.0,10.156369178162953,1.0,10.059688479437742,1.0
855,10.351673459566763,0.39858945250322614,1.0,3,10.271413955928645,1.0,9.908606422771644,1.0,10.875,1.0
856,10.153630208674725,0.2598969979279185,1.0,3,9.79204654629783,1.0,10.391541350297558,1.0,10.27730272942879,1.0
857,-0.764383682783734,15.807466469930624,0.6666666666666666,3,10.407230390770795,1.0,-23.119516094800165,0.0,10.419134655678167,1.0
858,2.9216384876295955,11.07890189046758,0.6666666666666666,3,10.875,1.0,-12.745685156697734,0.0,10.635600619586521,1.0
859,9.88945523694119,0.6906199050403615,1.0,3,8.976006237792198,1.0,10.645582432432432,1.0,10.046777040598942,1.0
860,10.27367175466946,0.0979616864142988,1.0,3,10.153876993543403,1.0,10.273305967270923,1.0,10.39383230319405,1.0
861,9.689008344130167,0.2818137517574028,1.0,3,9.349204744069914,1.0,9.678553217320923,1.0,10.039267070999667,1.0
862,9.96589757253114,0.9508619192915078,1.0,3,8.628315294374023,1.0,10.514843723361937,1.0,10.754533699857461,1.0
863,9.965328475134585,0.43421538024562,1.0,3,9.454553593149418,1.0,10.515921369350092,1.0,9.92551046290425,1.0
864,-6.155775063534377,20.940712180972575,0.6666666666666666,3,8.331456964520367,1.0,-35.76812419084911,0.0,8.96934203572561,1.0
865,10.27813372471931,0.19077747564840428,1.0,3,10.515058282635954,1.0,10.047894287029123,1.0,10.271448604492853,1.0
866,8.879575765153689,1.403126186370194,1.0,3,6.925315030213282,1.0,9.558723956614525,1.0,10.154688308633263,1.0
867,10.554018112218088,0.15019906051771953,1.0,3,10.754357142857142,1.0,10.514986484272608,1.0,10.392710709524515,1.0
868,9.070389427673222,1.040524054506879,1.0,3,7.626635205822152,1.0,9.545860832137734,1.0,10.038672245059784,1.0
869,10.353251359145567,0.34150860821315954,1.0,3,10.752865289194995,1.0,10.38833527178189,1.0,9.918553516459816,1.0
870,10.161570818054017,0.2902631363552979,1.0,3,10.167649823937642,1.0,9.803072011174578,1.0,10.51399061904983,1.0
871,10.209792103734845,0.394911775788792,1.0,3,10.754582213535304,1.0,9.8309274842507,1.0,10.04386661341853,1.0
872,10.636584430080198,0.19476327986313485,1.0,3,10.636823766431071,1.0,10.875,1.0,10.397929523809523,1.0
873,8.483288583533417,2.006715318782709,1.0,3,10.51526528882821,1.0,5.751589719811886,1.0,9.183010741960159,1.0
874,7.830428601581083,2.7461634435347766,1.0,3,9.076213370495104,1.0,4.021922348484849,1.0,10.393150085763294,1.0
875,8.22290129148879,1.8239646749714864,1.0,3,10.310626463700235,1.0,8.491030857532534,1.0,5.867046553233605,1.0
876,4.795141212549058,6.728819262224188,1.0,3,9.174775783268199,1.0,9.921717421647,1.0,-4.7110695672680265,1.0
877,10.112120603166368,0.3986797318588471,1.0,3,10.394931284596296,1.0,9.548303281389765,1.0,10.393127243513042,1.0
878,10.202544568949198,0.14937193080843733,1.0,3,10.180628841607565,1.0,10.031547118761154,1.0,10.395457746478874,1.0
879,9.001483518930476,1.1180258924890838,1.0,3,10.394745308310991,1.0,8.952223487118035,1.0,7.6574817613623996,1.0
880,9.523163983124451,0.5824699248666582,1.0,3,8.711990781874723,1.0,9.804632300479055,1.0,10.052868867019576,1.0
881,6.078751890855421,4.009310185271479,1.0,3,0.5845463761455516,1.0,10.0391689373297,1.0,7.61254035909101,1.0
882,-2.4573891239469234,15.531777804028165,0.6666666666666666,3,9.798722426470588,1.0,7.200465903783279,1.0,-24.371355702094636,0.0
883,9.547627025398949,0.46402144849597327,1.0,3,9.01824347826087,1.0,10.148159016945348,1.0,9.47647858099063,1.0
884,9.392679711259065,0.8182492162009433,1.0,3,9.071996188936367,1.0,10.515917743367197,1.0,8.590125201473635,1.0
885,-4.176012602632369,21.200094028996958,0.6666666666666666,3,-34.15739218877139,0.0,10.875,1.0,10.754354380874283,1.0
886,10.275128385971486,0.35326447645039677,1.0,3,9.795311223082901,1.0,10.635557932939712,1.0,10.394516001891848,1.0
887,8.221354982539497,1.8195717230942157,1.0,3,9.309031133124432,1.0,5.657867846936642,1.0,9.697165967557419,1.0
888,8.398008033983041,1.625680582779627,1.0,3,6.233499108193238,1.0,8.809120285068659,1.0,10.151404708687231,1.0
889,9.269089392975374,0.7944353552881457,1.0,3,10.2862164021424,1.0,8.347269568397952,1.0,9.173782208385772,1.0
890,2.2647994706289,10.861627831085658,0.6666666666666666,3,-13.056687399678976,0.0,10.875,1.0,8.976085811565676,1.0
891,10.317278309638432,0.2451144556640813,1.0,3,10.634978858350951,1.0,10.038338836875024,1.0,10.278517233689323,1.0
892,10.517318081333299,0.10189230649004241,1.0,3,10.51066955311582,1.0,10.395983166128211,1.0,10.645301524755867,1.0
893,9.585393173376607,0.9320610600704963,1.0,3,8.7043856024081,1.0,9.176793917721723,1.0,10.875,1.0
894,10.444028908405032,0.45023237977566966,1.0,3,10.75533073929961,1.0,9.807355985915493,1.0,10.7694,1.0
895,10.6344902200254,0.0015951839046011867,1.0,3,10.63565474148493,1.0,10.635581230003554,1.0,10.63223468858772,1.0
896,7.671191089299778,3.700148320815943,1.0,3,10.051725156008857,1.0,10.516570170507777,1.0,2.445277941382699,1.0
897,7.882067452364173,1.9372726663891608,1.0,3,7.562829038881896,1.0,5.685184335230828,1.0,10.398188982979795,1.0
898,10.357520598653869,0.22319960378942183,1.0,3,10.516405922681393,1.0,10.041871067446737,1.0,10.514284805833476,1.0
899,10.358589620648907,0.40115534183523555,1.0,3,10.75265581201169,1.0,10.515,1.0,9.808113049935029,1.0
900,8.751069006940819,1.9217830227164867,1.0,3,9.15762754226905,1.0,10.875,1.0,6.220579478553406,1.0
901,8.84156658931146,1.5206838251234671,1.0,3,9.789455787675733,1.0,10.039402027905364,1.0,6.695841952353282,1.0
902,-9.360866501829713,13.152802872819079,0.6666666666666666,3,-7.769900090047603,1.0,5.893446382083377,1.0,-26.20614579752492,0.0
903,4.775154333560648,4.415435736335584,1.0,3,9.066297010076537,1.0,-1.2989892656977329,1.0,6.55815525630314,1.0
904,8.650322985590897,1.234035641764757,1.0,3,10.39403158819536,1.0,7.716209712075634,1.0,7.840727656501694,1.0
905,9.962396396274878,0.43083884768130754,1.0,3,10.514540782122905,1.0,9.909451077324876,1.0,9.463197329376854,1.0
906,8.09384200163261,2.1232637944879817,1.0,3,10.754065040650406,1.0,7.969874647837097,1.0,5.557586316410324,1.0
907,8.21427689918342,2.657026029315727,1.0,3,10.035234292017321,1.0,10.150334099396725,1.0,4.457262306136212,1.0
908,10.477769659024288,0.24505215508643144,1.0,3,10.756328435053096,1.0,10.517038847850348,1.0,10.159941694169417,1.0
909,10.203203119322465,0.4505752873051099,1.0,3,10.39312572904516,1.0,9.581483628922237,1.0,10.635,1.0
910,9.295460735188938,1.7299150165886688,1.0,3,10.397263224868206,1.0,10.636233987251687,1.0,6.852884993446921,1.0
911,10.16165371273402,0.5363009332063396,1.0,3,10.2753253783121,1.0,10.75423076923077,1.0,9.455404990659193,1.0
912,10.078940105735178,0.2026446443293141,1.0,3,9.799891987273748,1.0,10.275000777000777,1.0,10.16192755293101,1.0
913,10.39663940130338,0.0987911337186504,1.0,3,10.275989636991698,1.0,10.517974593495936,1.0,10.395953973422511,1.0
914,8.756826355464701,2.32893276877086,1.0,3,10.754069451980467,1.0,10.026278168508684,1.0,5.490131445904953,1.0
915,9.880352521208307,0.6552307997649567,1.0,3,10.515062761506277,1.0,10.147675333417478,1.0,8.978319468701168,1.0
916,7.210837874424553,3.2317085353341706,1.0,3,9.29827205882353,1.0,9.6881822671156,1.0,2.6460592973345323,1.0
917,10.238392407610538,0.1492207952799105,1.0,3,10.394818758660929,1.0,10.037507449923558,1.0,10.282851014247127,1.0
918,10.15610119057862,0.0961465985840934,1.0,3,10.272938142766133,1.0,10.037449023068964,1.0,10.15791640590076,1.0
919,3.3230523706588904,4.883838934390402,1.0,3,-1.7661073490092232,1.0,1.8237276672790657,1.0,9.911536793706828,1.0
920,9.96121507485927,0.14632835182283513,1.0,3,9.92116954014577,1.0,10.15706516143267,1.0,9.80541052299937,1.0
921,10.086448635461004,0.6745750967133631,1.0,3,9.22718112447671,1.0,10.875,1.0,10.157164781906301,1.0
922,5.8923314758207495,5.627327632978288,1.0,3,9.691182813664755,1.0,10.049040780464159,1.0,-2.063229166666666,1.0
923,7.752002249871654,0.5011204635650185,1.0,3,8.460057005881879,1.0,7.371966692885623,1.0,7.423983050847458,1.0
924,10.20660925988181,0.2213525951512368,1.0,3,10.519634372516117,1.0,10.04746683370274,1.0,10.052726573426574,1.0
925,8.011170398744397,1.1999021086957462,1.0,3,6.935707886620648,1.0,9.685643883476036,1.0,7.4121594261365065,1.0
926,9.280038382375787,1.0708437795290704,1.0,3,9.186111772914469,1.0,8.018016223374904,1.0,10.63598715083799,1.0
927,9.58905846104752,0.8074940699846347,1.0,3,10.633826530612245,1.0,9.465942218860585,1.0,8.667406633669732,1.0
928,-1.5117101490372147,15.36267166103496,0.6666666666666666,3,10.393326389175364,1.0,-23.203354811149488,0.0,8.27489797486248,1.0
929,-7.021493632705963,13.68585442501043,0.6666666666666666,3,-24.971083326444564,0.0,8.22331631651286,1.0,-4.316713888186186,1.0
930,6.078850081861649,5.288415787206541,1.0,3,-1.3522896425053936,1.0,9.063233165401265,1.0,10.525606722689076,1.0
931,10.116252609396929,0.2257279811598407,1.0,3,10.276184135798573,1.0,9.79702524801354,1.0,10.275548444378675,1.0
932,8.509947413084587,2.122629445003782,1.0,3,9.588215086682567,1.0,5.544635973707666,1.0,10.396991178863528,1.0
933,7.787012053163369,2.2173302134886823,1.0,3,5.082865458363768,1.0,7.764122329660445,1.0,10.514048371465892,1.0
934,9.649768991155183,0.8421611849210686,1.0,3,9.917729366137436,1.0,8.510800684251187,1.0,10.520776923076925,1.0
935,10.16351284505513,0.2523052743637135,1.0,3,9.81390493064976,1.0,10.276529612270984,1.0,10.400103992244647,1.0
936,2.523161527322205,10.881160587650223,1.0,3,10.875,1.0,-12.845817129750289,1.0,9.540301711716904,1.0
937,10.436203546334895,0.31396187268491776,1.0,3,10.275553429581956,1.0,10.15805720942273,1.0,10.875,1.0
938,-1.5199048354688536,13.181878758951546,0.6666666666666666,3,9.363889871654935,1.0,-20.069057851580215,0.0,6.145453473518719,1.0
939,-0.1617999734667824,14.693857903076351,0.6666666666666666,3,9.927547942565289,1.0,10.526230352448902,1.0,-20.939178215414536,0.0
940,10.178451640163727,0.30621503282851414,1.0,3,10.561203278688524,1.0,10.16251058627065,1.0,9.811641055532005,1.0
941,10.152864179288757,0.09680064958620853,1.0,3,10.156183051059308,1.0,10.269725996595033,1.0,10.03268349021193,1.0
942,9.857955328681557,0.7907194893680084,1.0,3,10.164981820891073,1.0,8.773229423668672,1.0,10.63565474148493,1.0
943,7.474633087889121,3.0461145654990873,1.0,3,10.153603507987935,1.0,9.05671578487101,1.0,3.213579970808417,1.0
944,9.844577575879946,0.6173677851744263,1.0,3,10.39522169117647,1.0,8.982478075776926,1.0,10.15603296068644,1.0
945,9.728090015848084,0.20527381877738218,1.0,3,9.802809752824068,1.0,9.933667858909478,1.0,9.447792435810701,1.0
946,10.434086289793504,0.14861304457208435,1.0,3,10.632319069574677,1.0,10.395439555852395,1.0,10.27450024395344,1.0
947,10.63935394624775,0.09568416173993936,1.0,3,10.636173469387755,1.0,10.523787871843059,1.0,10.758100497512437,1.0
948,9.264970299953111,0.47541401744378314,1.0,3,8.783720724203473,1.0,9.09899102199281,1.0,9.912199153663051,1.0
949,10.476471063757343,0.20318868641289736,1.0,3,10.398561994874827,1.0,10.75495867768595,1.0,10.275892518711252,1.0
950,-3.595208296791787,18.030463643476157,0.6666666666666666,3,-29.0343821641449,0.0,10.635257026434019,1.0,7.613500247335521,1.0
951,9.915651730742896,1.0180252418092999,1.0,3,10.635434181856832,1.0,8.475946629213484,1.0,10.635574381158376,1.0
952,10.276752131656615,0.3499347581495631,1.0,3,9.801419068264899,1.0,10.395148543134642,1.0,10.633688783570301,1.0
953,8.057016860992093,2.6924461926466234,1.0,3,10.637152898756229,1.0,9.192041267239228,1.0,4.341856416980822,1.0
954,10.516142620187606,0.1986794556364787,1.0,3,10.273340141264573,1.0,10.76,1.0,10.515087719298245,1.0
955,10.714837498546807,0.15074435110098194,1.0,3,10.51290892971482,1.0,10.7566035659256,1.0,10.875,1.0
956,9.844454450839464,0.3049630279475029,1.0,3,9.588090425312487,1.0,10.272989235246676,1.0,9.67228369195923,1.0
957,9.63508122004688,0.5879086967593063,1.0,3,10.399001873682566,1.0,9.53732835231387,1.0,8.968913434144202,1.0
958,10.598578630476995,0.31063437347896433,1.0,3,10.164675553467616,1.0,10.756060337963373,1.0,10.875,1.0
959,9.720843897803977,0.45609311991499896,1.0,3,9.090218486150201,1.0,10.153481339654753,1.0,9.918831867606979,1.0
960,4.668702132904699,7.847950052893392,1.0,3,9.791062947855805,1.0,10.634335011185682,1.0,-6.419291560327389,1.0
961,10.08711061758389,0.33535502063279704,1.0,3,9.697887116454867,1.0,10.04704538925596,1.0,10.516399347040846,1.0
962,10.114129010254397,0.4914787160296225,1.0,3,10.755,1.0,9.560690782903933,1.0,10.026696247859256,1.0
963,10.27584476416193,0.0021208737410394686,1.0,3,10.278719689315484,1.0,10.275147748854877,1.0,10.273666854315428,1.0
964,9.349008072102633,0.6497285712151031,1.0,3,10.035291311294642,1.0,8.476732905013256,1.0,9.535,1.0
965,4.6507199438532565,2.792465444759011,1.0,3,2.862364093140103,1.0,8.594181785750688,1.0,2.495613952668979,1.0
966,5.656141358390644,2.8751692634280848,1.0,3,3.9899629342298093,1.0,3.277099730329571,1.0,9.701361410612552,1.0
967,10.119575499768281,0.3103052004676104,1.0,3,10.274705587432454,1.0,10.39751709171371,1.0,9.686503820158682,1.0
968,10.562568747648513,0.20851683656556289,1.0,3,10.658646666666666,1.0,10.755974775258284,1.0,10.27308480102059,1.0
969,8.887929897671006,1.6848111887922357,1.0,3,10.755544021153659,1.0,6.672757850008279,1.0,9.235487821851079,1.0
970,10.393571851578956,0.09831918212571882,1.0,3,10.273975656953754,1.0,10.391948820326679,1.0,10.514791077456437,1.0
971,-0.8948147862373256,8.197644644533703,1.0,3,10.636644903768797,1.0,-7.695505809450035,1.0,-5.625583453030739,1.0
972,10.088433170394032,0.28605422837772426,1.0,3,10.398902710572518,1.0,10.157802565059546,1.0,9.70859423555003,1.0
973,-1.9842004754502984,16.411799447626915,0.6666666666666666,3,8.319443563199199,1.0,-25.147044989550093,0.0,10.875,1.0
974,9.027133760124622,0.6888625359816393,1.0,3,9.43378080609276,1.0,9.590475760835616,1.0,8.057144713445492,1.0
975,-2.8928985723214,16.445630150184698,0.6666666666666666,3,7.257191467375257,1.0,-26.090302177479035,0.0,10.154414993139579,1.0
976,7.887695101862466,1.8653020581539532,1.0,3,6.810964703468089,1.0,6.340510879657664,1.0,10.511609722461644,1.0
977,9.017129997603213,0.5150351645285611,1.0,3,8.291105120296114,1.0,9.43071653239157,1.0,9.329568340121954,1.0
978,9.928227678319642,0.37705159386542914,1.0,3,9.468582224302816,1.0,9.923964098368545,1.0,10.392136712287561,1.0
979,6.572050275168148,4.740501339908887,1.0,3,9.562287790140035,1.0,10.273313829787233,1.0,-0.11945079442282314,1.0
980,10.317931443200381,0.29764313620286464,1.0,3,9.921232454179705,1.0,10.394381024357608,1.0,10.63818085106383,1.0
981,9.581327156786893,0.5772817018129609,1.0,3,9.112285871103792,1.0,10.394537223340041,1.0,9.237158375916849,1.0
982,9.180065326187643,2.057398227736886,1.0,3,10.511793640154899,1.0,6.273842721415857,1.0,10.754559616992173,1.0
983,9.408111637671704,1.0674139220689762,1.0,3,7.898624753646038,1.0,10.174927020533975,1.0,10.150783138835104,1.0
984,5.768301021443288,1.7043892465022967,1.0,3,3.3800255074928245,1.0,6.680447453219514,1.0,7.244430103617523,1.0
985,10.393961570016062,0.16901641659345462,1.0,3,10.51290892971482,1.0,10.51403862904753,1.0,10.154937151285832,1.0
986,9.327952238356621,0.3644106843904544,1.0,3,9.175721894480402,1.0,9.830461784260166,1.0,8.977673036329296,1.0
987,10.00198184963827,0.052051934382400133,1.0,3,10.039075263604412,1.0,10.038500238584263,1.0,9.928370046726137,1.0
988,9.84228277362345,0.3831021083647539,1.0,3,9.338373691009537,1.0,9.921878487205563,1.0,10.266596142655251,1.0
989,8.874700560053055,2.498715025483421,1.0,3,10.875,1.0,10.397340324118208,1.0,5.351761356040957,1.0
990,-19.299749305474812,21.28691177324487,0.3333333333333333,3,-32.83075575299377,0.0,-35.82335979715687,0.0,10.754867633726201,1.0
991,8.7523253187253,1.6507499436363866,1.0,3,9.01078772877969,1.0,6.613775584553221,1.0,10.632412642842988,1.0
992,10.045149272470745,0.4368039103528117,1.0,3,10.156340750044858,1.0,10.515789056653608,1.0,9.463318010713769,1.0
993,8.53236788439397,1.4946500187381273,1.0,3,9.06737250025551,1.0,10.03582451543552,1.0,6.493906637490882,1.0
994,-1.8006803714137245,10.283762690905549,1.0,3,10.406688449311199,1.0,-14.750441941755188,1.0,-1.0582876217971844,1.0
995,10.317710116226722,0.19930497082166349,1.0,3,10.39226355415842,1.0,10.515837402665962,1.0,10.045029391855783,1.0
996,4.036984101994071,4.143903557132289,1.0,3,-1.0861950239984424,1.0,4.134292478017869,1.0,9.062854851962786,1.0
997,10.35789650113876,0.3009227582224879,1.0,3,10.035892385094227,1.0,10.759869037772264,1.0,10.277928080549785,1.0
998,10.279783294479753,0.19396507269229418,1.0,3,10.27830700053628,1.0,10.518075729044735,1.0,10.042967153858243,1.0
999,9.806154341979104,0.6343735604202334,1.0,3,10.515032782485335,1.0,8.975518483057197,1.0,9.927911760394782,1.0
1000,10.085887078779786,0.3846044168092056,1.0,3,9.581123178140839,1.0,10.162795698924732,1.0,10.51374235927379,1.0
