scenario_id,robot_id,robots,success,reward,steps,spl,collisions,deadlock,cumulative_risk,path_length,shortest_path_length,detour,disruption_applied
0,0,10,1.0,9.31698627596439,16,1.0,0,0.0,0.39999999999999997,37.744,37.744,1.0,1.0
0,1,10,1.0,10.75700316536915,2,1.0,0,0.0,0.1,11.689,11.689,1.0,1.0
0,2,10,1.0,10.515449188690031,4,1.0,0,0.0,0.2,22.741,22.741,1.0,1.0
0,3,10,1.0,9.152752931007734,18,1.0,0,0.0,0.35,45.120999999999995,45.120999999999995,1.0,1.0
0,4,10,1.0,10.207649080547558,7,1.0,0,0.0,0.25,34.042,34.042,1.0,1.0
0,5,10,1.0,10.426383174801698,5,1.0,0,0.0,0.2,30.383,30.383,1.0,1.0
0,6,10,1.0,9.525990915107393,14,0.9999398387678982,0,0.0,0.35,33.244,33.242000000000004,1.0000601648516936,1.0
0,7,10,1.0,9.81669416481583,11,0.8466178266178266,0,0.0,0.3,40.949999999999996,34.669,1.1811704981395483,1.0
0,8,10,1.0,10.04418141804612,8,0.97130509537861,0,0.0,0.39999999999999997,43.039,41.803999999999995,1.029542627499761,1.0
0,9,10,1.0,10.061886161418565,8,1.0,0,0.0,0.35,31.694,31.694,1.0,1.0
1,0,10,0.0,-2.9000000000000004,10,0.0,0,1.0,0.0,0.0,30.041,0.0,1.0
1,1,10,1.0,10.757785294303597,2,1.0,0,0.0,0.1,15.817,15.817,1.0,1.0
1,2,10,0.0,-2.9,10,0.0,0,1.0,0.0,0.0,24.512,0.0,1.0
1,3,10,0.0,-2.9000000000000004,10,0.0,0,1.0,0.0,0.0,52.443999999999996,0.0,1.0
1,4,10,0.0,-2.910238674108824,10,0.0,0,1.0,0.0,0.0,29.203,0.0,1.0
1,5,10,0.0,-2.9,10,0.0,0,1.0,0.0,0.0,32.508,0.0,1.0
1,6,10,0.0,-2.9000000000000004,10,0.0,0,1.0,0.0,0.0,36.991,0.0,1.0
1,7,10,0.0,-2.9000000000000004,10,0.0,0,1.0,0.0,0.0,19.644,0.0,1.0
1,8,10,0.0,-2.8999999999999995,10,0.0,0,1.0,0.0,0.0,39.32,0.0,1.0
1,9,10,1.0,10.520040376272496,4,0.8024610505997519,0,0.0,0.2,29.011999999999997,23.281,1.2461664017868648,1.0
2,0,10,1.0,10.094052960222017,8,1.0,0,0.0,0.3,34.592,34.592,1.0,1.0
2,1,10,1.0,9.122929890453834,17,1.0,0,0.0,0.5499999999999999,47.925,47.925,1.0,1.0
2,2,10,0.0,-2.8999999999999995,10,0.0,0,1.0,0.0,0.0,30.242,0.0,1.0
2,3,10,1.0,9.574832985386221,13,0.9999478106570637,0,0.0,0.39999999999999997,38.322,38.32,1.000052192066806,1.0
2,4,10,0.0,-2.979660249150623,12,0.0,0,1.0,0.1,6.0,35.32,0.16987542468856173,1.0
2,5,10,1.0,10.755,2,1.0,0,0.0,0.1,9.0,9.0,1.0,1.0
2,6,10,1.0,10.512260919103685,4,1.0,0,0.0,0.2,26.33,26.33,1.0,1.0
2,7,10,1.0,9.948782732447818,10,1.0,0,0.0,0.25,31.619999999999997,31.619999999999997,1.0,1.0
2,8,10,1.0,9.87084815593567,11,1.0,0,0.0,0.2,35.194,35.194,1.0,1.0
2,9,10,1.0,9.8329292759847,11,0.9250775915580386,0,0.0,0.3,32.22,29.806,1.0809904046165202,1.0
3,0,10,1.0,9.424588687534321,15,1.0,0,0.0,0.35,36.42,36.42,1.0,1.0
3,1,10,1.0,9.296768660531697,16,0.844979156316824,0,0.0,0.39999999999999997,46.297000000000004,39.120000000000005,1.183461145194274,1.0
3,2,10,1.0,10.157665602907608,7,1.0,0,0.0,0.35,45.123000000000005,45.123000000000005,1.0,1.0
3,3,10,1.0,10.513368721927318,4,1.0,0,0.0,0.2,22.041,22.041,1.0,1.0
3,4,10,1.0,8.600623352886169,24,1.0,0,0.0,0.35,47.052,47.052,1.0,1.0
3,5,10,1.0,9.15704487519245,18,0.942123409820473,0,0.0,0.35,42.055,39.620999999999995,1.0614320688523764,1.0
3,6,10,1.0,9.827692587931377,11,1.0,0,0.0,0.3,30.194,30.194,1.0,1.0
3,7,10,1.0,10.183131901295935,7,0.806673349563225,0,0.0,0.3,34.915,28.165,1.2396591514290787,1.0
3,8,10,1.0,10.543802506051545,4,1.0,0,0.0,0.15000000000000002,28.092,28.092,1.0,1.0
3,9,10,1.0,8.644254994587147,23,0.7647036688617121,0,0.0,0.49999999999999994,53.15,40.644,1.3076960929042418,1.0
4,0,10,1.0,10.875,1,1.0,0,0.0,0.05,3.503,3.503,1.0,1.0
4,1,10,1.0,9.647440688757856,13,1.0,0,0.0,0.3,36.123000000000005,36.123000000000005,1.0,1.0
4,2,10,1.0,9.135268671242699,18,0.9000253567229891,0,0.0,0.39999999999999997,43.38100000000001,39.044,1.1110798073967834,1.0
4,3,10,1.0,10.637038250635282,3,1.0,0,0.0,0.15000000000000002,14.954,14.954,1.0,1.0
4,4,10,1.0,10.514832238113645,4,1.0,0,0.0,0.2,25.87,25.87,1.0,1.0
4,5,10,1.0,9.972536627485933,9,0.7602490259190242,0,0.0,0.35,47.224000000000004,35.902,1.3153584758509276,1.0
4,6,10,1.0,10.875,1,1.0,0,0.0,0.05,3.828,3.828,1.0,1.0
4,7,10,1.0,10.276468929365317,6,1.0,0,0.0,0.3,30.141,30.141,1.0,1.0
4,8,10,0.0,-2.9000000000000004,10,0.0,0,1.0,0.0,0.0,40.058,0.0,1.0
4,9,10,1.0,10.633454008438818,3,0.9222866482468771,0,0.0,0.15000000000000002,25.697,23.7,1.0842616033755275,1.0
5,0,10,1.0,10.091031746031746,8,0.9901014223494654,0,0.0,0.3,32.833,32.507999999999996,1.0099975390673066,1.0
5,1,10,0.0,-2.9000000000000004,10,0.0,0,1.0,0.0,0.0,34.191,0.0,1.0
5,2,10,0.0,-2.9,10,0.0,0,1.0,0.0,0.0,37.594,0.0,1.0
5,3,10,1.0,10.36402687430186,6,1.0,0,0.0,0.15000000000000002,15.219,15.219,1.0,1.0
5,4,10,0.0,-2.8999999999999995,10,0.0,0,1.0,0.0,0.0,40.567,0.0,1.0
5,5,10,0.0,-2.906586258743545,10,0.0,0,1.0,0.0,0.0,45.891,0.0,1.0
5,6,10,1.0,10.209615840479676,7,1.0,0,0.0,0.25,28.686,28.686,1.0,1.0
5,7,10,0.0,-2.8999999999999995,10,0.0,0,1.0,0.0,0.0,41.705,0.0,1.0
5,8,10,1.0,10.515921369350092,4,1.0,0,0.0,0.2,14.956,14.956,1.0,1.0
5,9,10,1.0,10.394928050463237,5,1.0,0,0.0,0.25,30.438000000000002,30.438000000000002,1.0,1.0
6,0,10,1.0,10.753855381906229,2,1.0,0,0.0,0.1,9.086,9.086,1.0,1.0
6,1,10,1.0,9.303012646229826,16,1.0,0,0.0,0.39999999999999997,40.091,40.091,1.0,1.0
6,2,10,1.0,9.733693497959832,11,0.9999470114455277,0,0.0,0.44999999999999996,37.744,37.742,1.0000529913624079,1.0
6,3,10,1.0,10.395456844001108,5,1.0,0,0.0,0.25,28.872,28.872,1.0,1.0
6,4,10,0.0,-2.9000000000000004,10,0.0,0,1.0,0.0,0.0,29.405,0.0,1.0
6,5,10,1.0,9.069824277684646,18,0.9722541800889707,0,0.0,0.49999999999999994,52.152,50.705,1.0285376195641456,1.0
6,6,10,1.0,10.275218658892129,6,1.0,0,0.0,0.3,34.3,34.3,1.0,1.0
6,7,10,1.0,10.518162281357451,4,1.0,0,0.0,0.2,26.756,26.756,1.0,1.0
6,8,10,1.0,8.883467238364833,21,0.9794503791894316,0,0.0,0.35,49.052,48.044,1.020980767629673,1.0
6,9,10,1.0,10.041475780037924,9,0.6686260949746428,0,0.0,0.25,43.38,29.005000000000003,1.4956042061713497,1.0
7,0,10,1.0,9.900239652694259,10,0.8597331853831993,0,0.0,0.3,39.653,34.091,1.1631515649291602,1.0
7,1,10,1.0,9.720992060054858,12,1.0,0,0.0,0.3,34.635,34.635,1.0,1.0
7,2,10,1.0,10.333329274891774,6,1.0,0,0.0,0.2,29.567999999999998,29.567999999999998,1.0,1.0
7,3,10,1.0,10.181801794802066,7,1.0,0,0.0,0.3,25.741,25.741,1.0,1.0
7,4,10,0.0,-2.8999999999999995,10,0.0,0,1.0,0.0,0.0,45.333,0.0,1.0
7,5,10,1.0,10.756856695072976,2,0.8877391304347826,0,0.0,0.1,11.5,10.209,1.1264570477030071,1.0
7,6,10,1.0,10.756507448789572,2,1.0,0,0.0,0.1,10.74,10.74,1.0,1.0
7,7,10,1.0,10.280772787868688,6,0.6977906976744187,0,0.0,0.3,34.4,24.004,1.4330944842526245,1.0
7,8,10,1.0,10.512732211333617,4,0.939614332421432,0,0.0,0.2,29.974,28.164,1.0642664394262178,1.0
7,9,10,1.0,10.517620230419618,4,1.0,0,0.0,0.2,18.922,18.922,1.0,1.0
8,0,10,0.0,-2.9000000000000012,10,0.0,0,1.0,0.0,0.0,18.191,0.0,1.0
8,1,10,1.0,9.470003672724687,14,0.8570181138818943,0,0.0,0.44999999999999996,49.244,42.203,1.1668364808188991,1.0
8,2,10,1.0,10.520486013986014,4,0.7657295850066933,0,0.0,0.2,29.880000000000003,22.88,1.305944055944056,1.0
8,3,10,1.0,9.973054584688326,9,1.0,0,0.0,0.35,32.903,32.903,1.0,1.0
8,4,10,0.0,-2.8999999999999995,10,0.0,0,1.0,0.0,0.0,34.555,0.0,1.0
8,5,10,0.0,-2.8999999999999995,10,0.0,0,1.0,0.0,0.0,32.879999999999995,0.0,1.0
8,6,10,1.0,9.807797753337093,10,0.8511932147786602,0,0.0,0.49999999999999994,49.991,42.552,1.17482139499906,1.0
8,7,10,0.0,-2.8999999999999995,10,0.0,0,1.0,0.0,0.0,36.022999999999996,0.0,1.0
8,8,10,1.0,10.875,1,1.0,0,0.0,0.05,7.159,7.159,1.0,1.0
8,9,10,1.0,10.423905413705361,5,1.0,0,0.0,0.2,34.191,34.191,1.0,1.0
9,0,10,1.0,10.517679306916632,4,1.0,0,0.0,0.2,28.164,28.164,1.0,1.0
9,1,10,0.0,-2.8999999999999995,10,0.0,0,1.0,0.0,0.0,31.744,0.0,1.0
9,2,10,1.0,10.875,1,1.0,0,0.0,0.05,3.0,3.0,1.0,1.0
9,3,10,0.0,-2.955862432407662,11,0.0,0,1.0,0.05,2.9,43.644,0.06644670515993034,1.0
9,4,10,1.0,10.084398007564861,8,1.0,0,0.0,0.3,37.542,37.542,1.0,1.0
9,5,10,0.0,-2.759030872569915,11,0.0,0,1.0,0.05,4.453,15.482999999999999,0.2876057611573985,1.0
9,6,10,1.0,10.875,1,1.0,0,0.0,0.05,7.159,7.159,1.0,1.0
9,7,10,1.0,10.39458261138614,5,1.0,0,0.0,0.25,32.32,32.32,1.0,1.0
9,8,10,1.0,10.634310898063003,3,1.0,0,0.0,0.15000000000000002,25.555,25.555,1.0,1.0
9,9,10,0.0,-2.936680208852777,11,0.0,0,1.0,0.05,3.0,34.091,0.0879997653339591,1.0
10,0,10,1.0,10.6345159288374,3,1.0,0,0.0,0.15000000000000002,16.919,16.919,1.0,1.0
10,1,10,1.0,10.636788548625745,3,1.0,0,0.0,0.15000000000000002,22.303,22.303,1.0,1.0
10,2,10,1.0,10.754605523462848,2,1.0,0,0.0,0.1,12.637,12.637,1.0,1.0
10,3,10,1.0,9.947439352352434,9,1.0,0,0.0,0.39999999999999997,36.069,36.069,1.0,1.0
10,4,10,1.0,10.875,1,1.0,0,0.0,0.05,6.0,6.0,1.0,1.0
10,5,10,1.0,9.887032314580495,11,0.9615348619560131,0,0.0,0.2,32.055,30.822,1.0400038933229512,1.0
10,6,10,1.0,10.272856745049506,6,1.0,0,0.0,0.3,32.32,32.32,1.0,1.0
10,7,10,1.0,9.311896243477538,15,0.9991483881688269,0,0.0,0.5499999999999999,48.144,48.103,1.0008523376920357,1.0
10,8,10,1.0,10.546644903768797,4,0.9753138580395945,0,0.0,0.15000000000000002,16.567999999999998,16.159,1.025310972213627,1.0
10,9,10,1.0,10.302577119218288,6,1.0,0,0.0,0.25,28.040999999999997,28.040999999999997,1.0,1.0
11,0,10,1.0,10.633494252222663,3,1.0,0,0.0,0.15000000000000002,17.659,17.659,1.0,1.0
11,1,10,1.0,10.396679399073038,5,1.0,0,0.0,0.25,31.285,31.285,1.0,1.0
11,2,10,1.0,10.123371280598036,8,1.0,0,0.0,0.25,40.934000000000005,40.934000000000005,1.0,1.0
11,3,10,0.0,-2.8999999999999995,10,0.0,0,1.0,0.0,0.0,27.247,0.0,1.0
11,4,10,0.0,-2.8999999999999995,10,0.0,0,1.0,0.0,0.0,22.717,0.0,1.0
11,5,10,1.0,10.516762068790841,4,1.0,0,0.0,0.2,19.741,19.741,1.0,1.0
11,6,10,1.0,10.635664988814318,3,1.0,0,0.0,0.15000000000000002,17.88,17.88,1.0,1.0
11,7,10,1.0,10.639177656827856,3,0.7143355597647294,0,0.0,0.15000000000000002,20.061999999999998,14.331,1.3999023096783196,1.0
11,8,10,1.0,10.288035714285714,6,0.5945303210463733,0,0.0,0.3,35.322,21.0,1.6820000000000002,1.0
11,9,10,0.0,-2.9,10,0.0,0,1.0,0.0,0.0,45.355,0.0,1.0
12,0,10,1.0,9.281297895464874,17,0.9762143601219184,0,0.0,0.3,51.837999999999994,50.605000000000004,1.024365181306195,1.0
12,1,10,1.0,10.39327917282127,5,1.0,0,0.0,0.25,24.372,24.372,1.0,1.0
12,2,10,1.0,9.601481012658228,13,1.0,0,0.0,0.35,46.61,46.61,1.0,1.0
12,3,10,1.0,9.423782634813548,15,0.9732853609174724,0,0.0,0.35,44.470000000000006,43.282000000000004,1.0274478998197865,1.0
12,4,10,1.0,10.150751442847737,8,0.8227476975047006,0,0.0,0.2,31.379,25.817,1.215439439129256,1.0
12,5,10,1.0,10.515925808161102,4,0.9998940228910556,0,0.0,0.2,18.872,18.87,1.0001059883412824,1.0
12,6,10,1.0,10.30243862114574,6,1.0,0,0.0,0.25,24.194,24.194,1.0,1.0
12,7,10,1.0,10.037635219215742,9,0.9279748637108252,0,0.0,0.25,37.237,34.555,1.0776153957459125,1.0
12,8,10,1.0,10.52204650809332,4,0.4993738378050168,0,0.0,0.2,26.351000000000003,13.158999999999999,2.0025077893456955,1.0
12,9,10,1.0,10.02415768350099,9,1.0,0,0.0,0.25,38.869,38.869,1.0,1.0
13,0,10,1.0,9.528005105046141,13,1.0,0,0.0,0.49999999999999994,40.744,40.744,1.0,1.0
13,1,10,1.0,9.860822904816079,10,1.0,0,0.0,0.39999999999999997,39.555,39.555,1.0,1.0
13,2,10,1.0,10.397319757146471,5,1.0,0,0.0,0.25,23.718,23.718,1.0,1.0
13,3,10,1.0,10.875,1,1.0,0,0.0,0.05,6.0,6.0,1.0,1.0
13,4,10,1.0,10.752214705696403,2,1.0,0,0.0,0.1,15.817,15.817,1.0,1.0
13,5,10,1.0,10.185192689563875,7,1.0,0,0.0,0.3,27.194000000000003,27.194000000000003,1.0,1.0
13,6,10,1.0,10.635600330605168,3,0.9491791358922351,0,0.0,0.15000000000000002,26.131,24.802999999999997,1.053541910252792,1.0
13,7,10,1.0,10.875,1,1.0,0,0.0,0.05,8.186,8.186,1.0,1.0
13,8,10,1.0,10.755,2,1.0,0,0.0,0.1,23.7,23.7,1.0,1.0
13,9,10,1.0,10.183762101627506,7,1.0,0,0.0,0.3,38.217999999999996,38.217999999999996,1.0,1.0
14,0,10,1.0,10.445909641839888,5,1.0,0,0.0,0.15000000000000002,16.501,16.501,1.0,1.0
14,1,10,0.0,-2.9000000000000004,10,0.0,0,1.0,0.0,0.0,41.705999999999996,0.0,1.0
14,2,10,0.0,-2.8999999999999995,10,0.0,0,1.0,0.0,0.0,39.383,0.0,1.0
14,3,10,1.0,10.633650070928477,3,1.0,0,0.0,0.15000000000000002,21.852999999999998,21.852999999999998,1.0,1.0
14,4,10,0.0,-2.8999999999999995,10,0.0,0,1.0,0.0,0.0,28.067,0.0,1.0
14,5,10,1.0,10.635,3,1.0,0,0.0,0.15000000000000002,11.906,11.906,1.0,1.0
14,6,10,1.0,10.545,4,1.0,0,0.0,0.15000000000000002,11.906,11.906,1.0,1.0
14,7,10,0.0,-2.9000759107223897,10,0.0,0,1.0,0.0,0.0,24.239,0.0,1.0
14,8,10,1.0,10.513967670830272,4,1.0,0,0.0,0.2,23.137,23.137,1.0,1.0
14,9,10,0.0,-2.8999999999999995,10,0.0,0,1.0,0.0,0.0,20.351,0.0,1.0
15,0,10,1.0,10.515,4,1.0,0,0.0,0.2,40.343999999999994,40.343999999999994,1.0,1.0
15,1,10,0.0,-2.8999999999999995,10,0.0,0,1.0,0.0,0.0,33.041,0.0,1.0
15,2,10,0.0,-2.9000000000000004,10,0.0,0,1.0,0.0,0.0,19.767,0.0,1.0
15,3,10,0.0,-2.9000000000000004,10,0.0,0,1.0,0.0,0.0,33.479,0.0,1.0
15,4,10,0.0,-2.8999999999999995,10,0.0,0,1.0,0.0,0.0,30.244,0.0,1.0
15,5,10,1.0,10.511609722461644,4,1.0,0,0.0,0.2,29.005000000000003,29.005000000000003,1.0,1.0
15,6,10,1.0,10.875,1,1.0,0,0.0,0.05,3.0,3.0,1.0,1.0
15,7,10,0.0,-2.9000000000000004,10,0.0,0,1.0,0.0,0.0,21.531,0.0,1.0
15,8,10,0.0,-2.9381521842430387,10,0.0,0,1.0,0.0,0.0,31.567,0.0,1.0
15,9,10,1.0,10.278396278966133,6,0.9066666666666668,0,0.0,0.3,39.599999999999994,35.904,1.1029411764705879,1.0
16,0,10,1.0,10.638386443776938,3,0.9792186201163757,0,0.0,0.15000000000000002,15.639,15.314,1.0212224108658743,1.0
16,1,10,1.0,10.875,1,1.0,0,0.0,0.05,12.314,12.314,1.0,1.0
16,2,10,1.0,10.035520989749951,9,1.0,0,0.0,0.25,30.634,30.634,1.0,1.0
16,3,10,1.0,10.14808670765317,7,1.0,0,0.0,0.35,42.452999999999996,42.452999999999996,1.0,1.0
16,4,10,1.0,9.951693530249644,9,0.999950023738724,0,0.0,0.39999999999999997,40.019,40.016999999999996,1.0000499787590276,1.0
16,5,10,1.0,9.710836326952414,11,1.0,0,0.0,0.49999999999999994,40.641999999999996,40.641999999999996,1.0,1.0
16,6,10,1.0,10.40338427457798,5,0.7059266004196524,0,0.0,0.25,25.259,17.831,1.4165778700016824,1.0
16,7,10,1.0,9.328012124383967,16,0.904479201593657,0,0.0,0.35,50.701,45.858000000000004,1.1056086179074534,1.0
16,8,10,1.0,10.396984787502557,5,1.0,0,0.0,0.25,29.318,29.318,1.0,1.0
16,9,10,1.0,10.875,1,1.0,0,0.0,0.05,3.0,3.0,1.0,1.0
17,0,10,1.0,10.514231786984205,4,1.0,0,0.0,0.2,24.186,24.186,1.0,1.0
17,1,10,1.0,9.7652199560088,11,0.8436234817813766,0,0.0,0.39999999999999997,35.568,30.006,1.185362927414517,1.0
17,2,10,1.0,10.148805441055234,7,1.0,0,0.0,0.35,42.455,42.455,1.0,1.0
17,3,10,1.0,9.94426382931313,9,0.9999442959001784,0,0.0,0.39999999999999997,35.903999999999996,35.902,1.0000557072029412,1.0
17,4,10,0.0,-2.9000000000000004,10,0.0,0,1.0,0.0,0.0,26.588,0.0,1.0
17,5,10,1.0,10.273355674709562,6,1.0,0,0.0,0.3,26.855999999999998,26.855999999999998,1.0,1.0
17,6,10,0.0,-2.8999999999999995,10,0.0,0,1.0,0.0,0.0,38.32,0.0,1.0
17,7,10,1.0,10.753620625116975,2,1.0,0,0.0,0.1,10.686,10.686,1.0,1.0
17,8,10,1.0,10.51375825884182,4,1.0,0,0.0,0.2,33.449,33.449,1.0,1.0
17,9,10,0.0,-2.9,10,0.0,0,1.0,0.0,0.0,40.568999999999996,0.0,1.0
18,0,10,1.0,9.480049036023537,14,0.9713515648597784,0,0.0,0.39999999999999997,43.038999999999994,41.806,1.0294933741568195,1.0
18,1,10,1.0,10.513208749916124,4,1.0,0,0.0,0.2,29.806,29.806,1.0,1.0
18,2,10,1.0,10.635571822099791,3,1.0,0,0.0,0.15000000000000002,22.506999999999998,22.506999999999998,1.0,1.0
18,3,10,1.0,10.087990719782708,8,1.0,0,0.0,0.3,44.18000000000001,44.18000000000001,1.0,1.0
18,4,10,1.0,10.281116561489101,6,0.9694617243329391,0,0.0,0.3,38.902,37.714,1.0315002386381715,1.0
18,5,10,1.0,9.832995732931726,10,0.7727669479196975,0,0.0,0.44999999999999996,41.244,31.872,1.2940512048192772,1.0
18,6,10,1.0,10.755544021153659,2,1.0,0,0.0,0.1,10.210999999999999,10.210999999999999,1.0,1.0
18,7,10,0.0,-2.9000000000000004,10,0.0,0,1.0,0.0,0.0,36.203,0.0,1.0
18,8,10,0.0,-2.8999999999999995,10,0.0,0,1.0,0.0,0.0,27.333,0.0,1.0
18,9,10,0.0,-2.8999999999999995,10,0.0,0,1.0,0.0,0.0,29.569,0.0,1.0
19,0,10,1.0,10.39485083395894,5,1.0,0,0.0,0.25,30.637,30.637,1.0,1.0
19,1,10,1.0,10.51580860641851,4,1.0,0,0.0,0.2,20.659,20.659,1.0,1.0
19,2,10,1.0,10.268868500648136,6,1.0,0,0.0,0.3,34.715,34.715,1.0,1.0
19,3,10,1.0,10.63434525851507,3,1.0,0,0.0,0.15000000000000002,20.405,20.405,1.0,1.0
19,4,10,1.0,9.228033969902315,17,0.9494749742361362,0,0.0,0.39999999999999997,35.903,34.089,1.053213646630878,1.0
19,5,10,1.0,10.277585427747072,6,0.8042888696284285,0,0.0,0.3,35.766999999999996,28.767,1.2433343761949456,1.0
19,6,10,1.0,10.150712961279767,8,1.0,0,0.0,0.2,27.505,27.505,1.0,1.0
19,7,10,1.0,9.021727465229318,19,1.0,0,0.0,0.39999999999999997,41.558,41.558,1.0,1.0
19,8,10,1.0,8.821081945089713,21,0.9999557551489945,0,0.0,0.44999999999999996,45.203,45.201,1.000044246808699,1.0
19,9,10,1.0,9.643969629682688,13,1.0,0,0.0,0.3,27.922,27.922,1.0,1.0
20,0,10,1.0,10.275073056691992,6,0.7970850525755356,0,0.0,0.3,30.052000000000003,23.954,1.2545712615847042,1.0
20,1,10,1.0,9.143810905392876,18,0.8268740879974279,0,0.0,0.39999999999999997,40.433,33.433,1.2093739718242456,1.0
20,2,10,1.0,10.116918470685288,8,1.0,0,0.0,0.25,35.153,35.153,1.0,1.0
20,3,10,1.0,10.875,1,1.0,0,0.0,0.05,7.159,7.159,1.0,1.0
20,4,10,1.0,9.916123814987843,10,1.0,0,0.0,0.3,36.603,36.603,1.0,1.0
20,5,10,1.0,10.636724414034067,3,1.0,0,0.0,0.15000000000000002,13.738,13.738,1.0,1.0
20,6,10,0.0,-2.9000000000000004,10,0.0,0,1.0,0.0,0.0,46.644,0.0,1.0
20,7,10,1.0,10.755,2,1.0,0,0.0,0.1,12.0,12.0,1.0,1.0
20,8,10,0.0,-2.8999999999999995,10,0.0,0,1.0,0.0,0.0,24.387,0.0,1.0
20,9,10,1.0,9.793879477250725,11,1.0,0,0.0,0.35,33.056,33.056,1.0,1.0
21,0,10,1.0,9.623250386728543,13,1.0,0,0.0,0.3,37.494,37.494,1.0,1.0
21,1,10,1.0,10.398154559433392,5,1.0,0,0.0,0.25,21.461,21.461,1.0,1.0
21,2,10,1.0,10.274323903689464,6,1.0,0,0.0,0.3,32.769,32.769,1.0,1.0
21,3,10,1.0,9.822223293748106,11,0.9999448959911833,0,0.0,0.3,36.295,36.293,1.0000551070454358,1.0
21,4,10,1.0,10.512245983935742,4,1.0,0,0.0,0.2,29.88,29.88,1.0,1.0
21,5,10,0.0,-3.013665586313161,14,0.0,0,1.0,0.2,14.95,37.641999999999996,0.3971627437436906,1.0
21,6,10,1.0,9.738766193707587,11,1.0,0,0.0,0.44999999999999996,38.904,38.904,1.0,1.0
21,7,10,1.0,9.318944994792014,16,1.0,0,0.0,0.35,45.123,45.123,1.0,1.0
21,8,10,1.0,10.120936651340378,8,1.0,0,0.0,0.25,37.191,37.191,1.0,1.0
21,9,10,1.0,9.104345142018657,18,1.0,0,0.0,0.44999999999999996,47.705,47.705,1.0,1.0
22,0,10,1.0,10.875,1,1.0,0,0.0,0.05,5.74,5.74,1.0,1.0
22,1,10,1.0,9.909028349336992,10,1.0,0,0.0,0.3,39.366,39.366,1.0,1.0
22,2,10,1.0,9.940188417345707,9,1.0,0,0.0,0.39999999999999997,38.903,38.903,1.0,1.0
22,3,10,1.0,10.397748298296417,5,1.0,0,0.0,0.25,26.591,26.591,1.0,1.0
22,4,10,0.0,-2.8999999999999995,10,0.0,0,1.0,0.0,0.0,34.617000000000004,0.0,1.0
22,5,10,1.0,10.875,1,1.0,0,0.0,0.05,6.85,6.85,1.0,1.0
22,6,10,0.0,-2.9000000000000004,10,0.0,0,1.0,0.0,0.0,33.354,0.0,1.0
22,7,10,1.0,10.426769258540547,5,1.0,0,0.0,0.2,22.159,22.159,1.0,1.0
22,8,10,1.0,10.631285847299814,3,0.775003608024246,0,0.0,0.15000000000000002,13.858,10.74,1.290316573556797,1.0
22,9,10,1.0,10.875,1,1.0,0,0.0,0.05,3.05,3.05,1.0,1.0
23,0,10,1.0,8.828707907413936,21,0.9821820112170241,0,0.0,0.44999999999999996,43.327,42.555,1.0181412289977676,1.0
23,1,10,1.0,9.968294471605867,9,1.0,0,0.0,0.35,34.567,34.567,1.0,1.0
23,2,10,1.0,10.875,1,1.0,0,0.0,0.05,6.989,6.989,1.0,1.0
23,3,10,1.0,10.397102799867461,5,1.0,0,0.0,0.25,24.144,24.144,1.0,1.0
23,4,10,1.0,10.75572857142857,2,0.8619440822830653,0,0.0,0.1,13.806000000000001,11.9,1.1601680672268908,1.0
23,5,10,1.0,10.396647907299556,5,1.0,0,0.0,0.25,33.138999999999996,33.138999999999996,1.0,1.0
23,6,10,1.0,9.76503445004743,11,1.0,0,0.0,0.39999999999999997,40.058,40.058,1.0,1.0
23,7,10,1.0,10.875,1,1.0,0,0.0,0.05,2.47,2.47,1.0,1.0
23,8,10,1.0,10.636817776787703,3,0.8701298701298701,0,0.0,0.15000000000000002,20.636,17.956,1.1492537313432836,1.0
23,9,10,1.0,9.523408382894365,14,0.9582739670262569,0,0.0,0.35,44.217,42.372,1.0435429056924383,1.0
24,0,10,0.0,-3.1294455066921607,10,0.0,0,1.0,0.0,0.0,24.058,0.0,1.0
24,1,10,1.0,10.756432974610805,2,1.0,0,0.0,0.1,19.142,19.142,1.0,1.0
24,2,10,1.0,10.875,1,1.0,0,0.0,0.05,6.0,6.0,1.0,1.0
24,3,10,1.0,10.517014806980434,4,1.0,0,0.0,0.2,22.692,22.692,1.0,1.0
24,4,10,0.0,-2.9000000000000004,10,0.0,0,1.0,0.0,0.0,31.817,0.0,1.0
24,5,10,0.0,-2.8999999999999995,10,0.0,0,1.0,0.0,0.0,36.153,0.0,1.0
24,6,10,1.0,10.1818600238011,7,1.0,0,0.0,0.3,31.091000000000005,31.091000000000005,1.0,1.0
24,7,10,0.0,-2.8999999999999995,10,0.0,0,1.0,0.0,0.0,29.904,0.0,1.0
24,8,10,1.0,10.761724269256403,2,0.653781512605042,0,0.0,0.1,16.065,10.503,1.5295629820051415,1.0
24,9,10,1.0,10.518045306401643,4,1.0,0,0.0,0.2,24.853,24.853,1.0,1.0
25,0,10,1.0,10.513569655670382,4,0.981876993973768,0,0.0,0.2,22.568,22.159,1.0184575116205605,1.0
25,1,10,0.0,-2.9000000000000004,10,0.0,0,1.0,0.0,0.0,40.541999999999994,0.0,1.0
25,2,10,0.0,-2.8099197528672377,12,0.0,0,1.0,0.1,10.209,28.163,0.362496893086674,1.0
25,3,10,0.0,-2.8607550400871804,11,0.0,0,1.0,0.05,4.453,25.694,0.17330894372226982,1.0
25,4,10,1.0,10.635078047765234,3,1.0,0,0.0,0.15000000000000002,19.219,19.219,1.0,1.0
25,5,10,1.0,10.1535905285191,7,1.0,0,0.0,0.35,38.22,38.22,1.0,1.0
25,6,10,0.0,-2.8999999999999995,10,0.0,0,1.0,0.0,0.0,27.438000000000002,0.0,1.0
25,7,10,0.0,-2.9000000000000004,10,0.0,0,1.0,0.0,0.0,35.366,0.0,1.0
25,8,10,0.0,-2.8999999999999995,10,0.0,0,1.0,0.0,0.0,21.008,0.0,1.0
25,9,10,1.0,9.923360381716508,9,0.7882141573841177,0,0.0,0.44999999999999996,41.745000000000005,32.903999999999996,1.2686907366885487,1.0
26,0,10,0.0,-2.9000000000000004,10,0.0,0,1.0,0.0,0.0,31.186,0.0,1.0
26,1,10,0.0,-2.8999999999999995,10,0.0,0,1.0,0.0,0.0,33.82,0.0,1.0
26,2,10,0.0,-2.9000000000000004,10,0.0,0,1.0,0.0,0.0,34.592,0.0,1.0
26,3,10,1.0,10.634460474096322,3,0.8988623216351717,0,0.0,0.15000000000000002,10.372,9.323,1.1125174300117988,1.0
26,4,10,1.0,10.634944134078212,3,1.0,0,0.0,0.15000000000000002,17.9,17.9,1.0,1.0
26,5,10,0.0,-2.8999999999999995,10,0.0,0,1.0,0.0,0.0,37.091,0.0,1.0
26,6,10,1.0,10.756415342334808,2,1.0,0,0.0,0.1,8.369,8.369,1.0,1.0
26,7,10,1.0,10.63102316992968,3,1.0,0,0.0,0.15000000000000002,19.767,19.767,1.0,1.0
26,8,10,0.0,-2.8999999999999995,10,0.0,0,1.0,0.0,0.0,34.494,0.0,1.0
26,9,10,0.0,-2.8999999999999995,10,0.0,0,1.0,0.0,0.0,40.091,0.0,1.0
27,0,10,1.0,10.636079228439344,3,1.0,0,0.0,0.15000000000000002,18.819000000000003,18.819000000000003,1.0,1.0
27,1,10,0.0,-2.8999999999999995,10,0.0,0,1.0,0.0,0.0,50.605,0.0,1.0
27,2,10,1.0,10.400927815373937,5,0.9999305965228859,0,0.0,0.25,28.817,28.815,1.0000694082942911,1.0
27,3,10,0.0,-2.8779403492707174,11,0.0,0,1.0,0.05,4.709,30.578,0.15399960756099154,1.0
27,4,10,1.0,10.51582327736971,4,1.0,0,0.0,0.2,22.872,22.872,1.0,1.0
27,5,10,0.0,-2.841908450857254,11,0.0,0,1.0,0.05,8.95,46.019,0.194484886677242,1.0
27,6,10,0.0,-2.8832066488815924,12,0.0,0,1.0,0.1,6.7989999999999995,24.365,0.2790478144879951,1.0
27,7,10,0.0,-2.8999999999999995,10,0.0,0,1.0,0.0,0.0,34.091,0.0,1.0
27,8,10,0.0,-2.97092178686695,12,0.0,0,1.0,0.1,6.0,33.153000000000006,0.18097909691430636,1.0
27,9,10,0.0,-2.8999999999999995,10,0.0,0,1.0,0.0,0.0,31.287,0.0,1.0
28,0,10,1.0,10.391989659615929,5,1.0,0,0.0,0.25,31.817,31.817,1.0,1.0
28,1,10,0.0,-2.908390472753518,10,0.0,0,1.0,0.0,0.0,36.022999999999996,0.0,1.0
28,2,10,1.0,10.75567245531753,2,1.0,0,0.0,0.1,15.777999999999999,15.777999999999999,1.0,1.0
28,3,10,0.0,-2.9000000000000004,10,0.0,0,1.0,0.0,0.0,46.644,0.0,1.0
28,4,10,1.0,10.322688937343152,6,1.0,0,0.0,0.2,24.307,24.307,1.0,1.0
28,5,10,1.0,10.423632075471698,5,1.0,0,0.0,0.2,21.2,21.2,1.0,1.0
28,6,10,1.0,9.920737202695928,9,1.0,0,0.0,0.44999999999999996,35.906,35.906,1.0,1.0
28,7,10,0.0,-2.8999999999999995,10,0.0,0,1.0,0.0,0.0,37.742000000000004,0.0,1.0
28,8,10,0.0,-2.9000000000000004,10,0.0,0,1.0,0.0,0.0,48.121,0.0,1.0
28,9,10,1.0,10.518212057165863,4,1.0,0,0.0,0.2,19.872,19.872,1.0,1.0
29,0,10,0.0,-2.811388776746064,12,0.0,0,1.0,0.1,8.9,24.77,0.3593056116269681,1.0
29,1,10,1.0,10.634825055419087,3,1.0,0,0.0,0.15000000000000002,16.691,16.691,1.0,1.0
29,2,10,1.0,10.636301415408,3,1.0,0,0.0,0.15000000000000002,21.054000000000002,21.054000000000002,1.0,1.0
29,3,10,1.0,10.271475357893827,6,1.0,0,0.0,0.3,34.717,34.717,1.0,1.0
29,4,10,1.0,10.220282676727795,7,0.9775001429469953,0,0.0,0.25,34.978,34.191,1.023017753209909,1.0
29,5,10,1.0,10.27610220104684,6,0.8750697319357587,0,0.0,0.3,34.059,29.804000000000002,1.1427660716682322,1.0
29,6,10,0.0,-2.8999999999999995,10,0.0,0,1.0,0.0,0.0,43.541999999999994,0.0,1.0
29,7,10,0.0,-2.9000000000000004,10,0.0,0,1.0,0.0,0.0,36.405,0.0,1.0
29,8,10,0.0,-2.9000000000000004,10,0.0,0,1.0,0.0,0.0,21.747,0.0,1.0
29,9,10,1.0,10.875,1,1.0,0,0.0,0.05,8.186,8.186,1.0,1.0
30,0,10,0.0,-2.9,10,0.0,0,1.0,0.0,0.0,45.355,0.0,1.0
30,1,10,1.0,10.755874479476502,2,1.0,0,0.0,0.1,20.171999999999997,20.171999999999997,1.0,1.0
30,2,10,0.0,-2.8999999999999995,10,0.0,0,1.0,0.0,0.0,34.007999999999996,0.0,1.0
30,3,10,1.0,10.2770746388443,6,1.0,0,0.0,0.3,29.904,29.904,1.0,1.0
30,4,10,1.0,10.010136886243744,9,0.968862212670039,0,0.0,0.3,38.153,36.964999999999996,1.0321385094007847,1.0
30,5,10,0.0,-3.11674953387197,10,0.0,0,1.0,0.0,0.0,25.744,0.0,1.0
30,6,10,0.0,-2.9000000000000004,10,0.0,0,1.0,0.0,0.0,37.157000000000004,0.0,1.0
30,7,10,1.0,10.632890422967346,3,1.0,0,0.0,0.15000000000000002,22.815,22.815,1.0,1.0
30,8,10,1.0,10.875,1,1.0,0,0.0,0.05,5.369,5.369,1.0,1.0
30,9,10,1.0,10.11426751204048,8,1.0,0,0.0,0.25,32.806,32.806,1.0,1.0
31,0,10,1.0,10.753067179932945,2,1.0,0,0.0,0.1,8.053,8.053,1.0,1.0
31,1,10,1.0,10.756629213483146,2,1.0,0,0.0,0.1,8.9,8.9,1.0,1.0
31,2,10,1.0,10.875,1,1.0,0,0.0,0.05,2.9,2.9,1.0,1.0
31,3,10,1.0,10.39594372442019,5,1.0,0,0.0,0.25,29.32,29.32,1.0,1.0
31,4,10,1.0,10.279425257951736,6,1.0,0,0.0,0.3,35.181,35.181,1.0,1.0
31,5,10,1.0,10.875,1,1.0,0,0.0,0.05,4.514,4.514,1.0,1.0
31,6,10,1.0,10.753709857211105,2,1.0,0,0.0,0.1,18.839,18.839,1.0,1.0
31,7,10,1.0,10.636801584835302,3,1.0,0,0.0,0.15000000000000002,12.872,12.872,1.0,1.0
31,8,10,0.0,-2.622623707017053,11,0.0,0,1.0,0.05,7.159,10.731,0.6671326064672444,1.0
31,9,10,1.0,10.63452229804793,3,1.0,0,0.0,0.15000000000000002,18.903,18.903,1.0,1.0
32,0,10,1.0,9.575034968885952,14,1.0,0,0.0,0.25,36.318,36.318,1.0,1.0
32,1,10,1.0,10.754444115250722,2,1.0,0,0.0,0.1,13.501000000000001,13.501000000000001,1.0,1.0
32,2,10,1.0,10.51290892971482,4,1.0,0,0.0,0.2,20.303,20.303,1.0,1.0
32,3,10,1.0,10.759607552469376,2,0.6688060947610102,0,0.0,0.1,19.164,12.817,1.4952016852617618,1.0
32,4,10,1.0,10.128458649702441,8,1.0,0,0.0,0.25,24.365,24.365,1.0,1.0
32,5,10,0.0,-2.9000000000000004,10,0.0,0,1.0,0.0,0.0,22.741,0.0,1.0
32,6,10,1.0,10.27465179378957,6,0.9617280371122064,0,0.0,0.3,31.040999999999997,29.852999999999998,1.0397949954778414,1.0
32,7,10,1.0,9.76596841180464,12,1.0,0,0.0,0.25,25.040999999999997,25.040999999999997,1.0,1.0
32,8,10,1.0,10.75673678226265,2,1.0,0,0.0,0.1,17.59,17.59,1.0,1.0
32,9,10,0.0,-2.8999999999999995,10,0.0,0,1.0,0.0,0.0,42.201,0.0,1.0
33,0,10,1.0,10.397690238538319,5,1.0,0,0.0,0.25,29.555,29.555,1.0,1.0
33,1,10,1.0,10.186115274516741,7,1.0,0,0.0,0.3,31.091,31.091,1.0,1.0
33,2,10,1.0,9.226176256018675,17,0.9921586604579343,0,0.0,0.35,41.446999999999996,41.122,1.007903312095715,1.0
33,3,10,1.0,10.7529588716836,2,1.0,0,0.0,0.1,10.139,10.139,1.0,1.0
33,4,10,1.0,9.169624861639155,17,0.931981790047319,0,0.0,0.44999999999999996,44.591,41.558,1.0729823379373407,1.0
33,5,10,1.0,9.920074940911974,9,1.0,0,0.0,0.44999999999999996,34.694,34.694,1.0,1.0
33,6,10,0.0,-2.8999999999999995,10,0.0,0,1.0,0.0,0.0,20.351,0.0,1.0
33,7,10,1.0,9.625155460709365,13,1.0,0,0.0,0.3,37.019,37.019,1.0,1.0
33,8,10,1.0,8.93916759102966,20,0.8232094648245196,0,0.0,0.39999999999999997,50.376000000000005,41.470000000000006,1.2147576561369664,1.0
33,9,10,0.0,-2.889367883845748,11,0.0,0,1.0,0.05,4.55,32.233000000000004,0.14115968107219307,1.0
34,0,10,1.0,9.842712227606896,11,1.0,0,0.0,0.2,30.333,30.333,1.0,1.0
34,1,10,0.0,-2.8999999999999995,10,0.0,0,1.0,0.0,0.0,17.351,0.0,1.0
34,2,10,1.0,10.875,1,1.0,0,0.0,0.05,7.159,7.159,1.0,1.0
34,3,10,1.0,9.97407396897465,10,1.0,0,0.0,0.2,21.144,21.144,1.0,1.0
34,4,10,1.0,10.516522154792584,4,1.0,0,0.0,0.2,24.058,24.058,1.0,1.0
34,5,10,1.0,10.002738927065888,9,0.990703395406047,0,0.0,0.3,34.959,34.634,1.0093838424669401,1.0
34,6,10,1.0,10.516606847908577,4,0.9999999999999999,0,0.0,0.2,22.401000000000003,22.401,1.0000000000000002,1.0
34,7,10,1.0,10.119486236256924,8,0.7350224814679791,0,0.0,0.25,32.916,24.194,1.3605026039513928,1.0
34,8,10,1.0,9.554696746827215,14,0.7626066313620119,0,0.0,0.3,38.333,29.233,1.3112920329764306,1.0
34,9,10,1.0,10.755968158347677,2,1.0,0,0.0,0.1,13.943999999999999,13.943999999999999,1.0,1.0
35,0,10,1.0,10.394281100036913,5,1.0,0,0.0,0.25,32.508,32.508,1.0,1.0
35,1,10,1.0,10.875,1,1.0,0,0.0,0.05,12.314,12.314,1.0,1.0
35,2,10,0.0,-2.9000000000000004,10,0.0,0,1.0,0.0,0.0,38.558,0.0,1.0
35,3,10,1.0,10.39458299892991,5,1.0,0,0.0,0.25,29.904,29.904,1.0,1.0
35,4,10,1.0,10.756029577238385,2,1.0,0,0.0,0.1,6.221,6.221,1.0,1.0
35,5,10,1.0,10.124288253215978,8,1.0,0,0.0,0.25,35.448,35.448,1.0,1.0
35,6,10,1.0,10.875,1,1.0,0,0.0,0.05,4.453,4.453,1.0,1.0
35,7,10,0.0,-2.9,10,0.0,0,1.0,0.0,0.0,38.655,0.0,1.0
35,8,10,1.0,10.633107255520505,3,1.0,0,0.0,0.15000000000000002,15.85,15.85,1.0,1.0
35,9,10,0.0,-2.8999999999999995,10,0.0,0,1.0,0.0,0.0,20.354,0.0,1.0
36,0,10,1.0,10.514393420150789,4,1.0,0,0.0,0.2,24.802999999999997,24.802999999999997,1.0,1.0
36,1,10,1.0,9.633425997425999,13,1.0,0,0.0,0.3,50.504999999999995,50.504999999999995,1.0,1.0
36,2,10,1.0,9.849887304197784,10,0.9534226152224765,0,0.0,0.39999999999999997,38.903,37.091,1.048852821439163,1.0
36,3,10,1.0,9.68503960608007,11,1.0,0,0.0,0.5499999999999999,46.71,46.71,1.0,1.0
36,4,10,1.0,10.516769258540547,4,1.0,0,0.0,0.2,22.159,22.159,1.0,1.0
36,5,10,1.0,10.636788548625745,3,1.0,0,0.0,0.15000000000000002,22.303,22.303,1.0,1.0
36,6,10,1.0,10.24482910339647,7,0.8410578094679363,0,0.0,0.2,22.159,18.637,1.1889789129151687,1.0
36,7,10,0.0,-2.9000000000000004,10,0.0,0,1.0,0.0,0.0,18.922,0.0,1.0
36,8,10,1.0,10.753067179932945,2,1.0,0,0.0,0.1,8.053,8.053,1.0,1.0
36,9,10,1.0,10.19,7,1.0,0,0.0,0.3,33.968999999999994,33.968999999999994,1.0,1.0
37,0,10,1.0,9.227747562148057,17,0.8273299547758107,0,0.0,0.39999999999999997,44.003,36.405,1.2087075951105617,1.0
37,1,10,1.0,9.43270721886684,15,0.9999424824571496,0,0.0,0.35,34.772,34.77,1.0000575208513085,1.0
37,2,10,1.0,9.99477656127807,9,0.9999441434396471,0,0.0,0.3,35.806,35.804,1.0000558596804825,1.0
37,3,10,1.0,10.321593536079003,6,1.0,0,0.0,0.2,26.733,26.733,1.0,1.0
37,4,10,1.0,8.207539126322127,28,0.9599636783886413,0,0.0,0.44999999999999996,48.456,46.516000000000005,1.041706079628515,1.0
37,5,10,1.0,10.395301261092946,5,1.0,0,0.0,0.25,25.692,25.692,1.0,1.0
37,6,10,1.0,10.875,1,1.0,0,0.0,0.05,7.159,7.159,1.0,1.0
37,7,10,0.0,-2.8999999999999995,10,0.0,0,1.0,0.0,0.0,27.287,0.0,1.0
37,8,10,1.0,8.878557119361535,21,0.9999460785635329,0,0.0,0.35,37.091,37.089,1.0000539243441453,1.0
37,9,10,1.0,9.886189959952045,10,1.0,0,0.0,0.35,39.203,39.203,1.0,1.0
38,0,10,1.0,10.394933110367894,5,1.0,0,0.0,0.25,29.9,29.9,1.0,1.0
38,1,10,1.0,10.161690029734814,7,1.0,0,0.0,0.35,32.958,32.958,1.0,1.0
38,2,10,1.0,10.875,1,1.0,0,0.0,0.05,6.0,6.0,1.0,1.0
38,3,10,1.0,10.635805932015108,3,1.0,0,0.0,0.15000000000000002,18.004,18.004,1.0,1.0
38,4,10,1.0,9.839984056027419,11,1.0,0,0.0,0.25,33.555,33.555,1.0,1.0
38,5,10,1.0,10.150905520583812,7,1.0,0,0.0,0.35,35.902,35.902,1.0,1.0
38,6,10,0.0,-2.8999999999999995,10,0.0,0,1.0,0.0,0.0,35.591,0.0,1.0
38,7,10,0.0,-2.790424343696407,12,0.0,0,1.0,0.1,8.710999999999999,22.741,0.38305263620773045,1.0
38,8,10,1.0,10.513368721927318,4,1.0,0,0.0,0.2,22.041,22.041,1.0,1.0
38,9,10,1.0,10.39389705882353,5,1.0,0,0.0,0.25,27.2,27.2,1.0,1.0
39,0,10,1.0,10.63474786109713,3,1.0,0,0.0,0.15000000000000002,19.87,19.87,1.0,1.0
39,1,10,1.0,10.757037632135306,2,1.0,0,0.0,0.1,11.825,11.825,1.0,1.0
39,2,10,1.0,9.911351644681917,10,1.0,0,0.0,0.3,23.956,23.956,1.0,1.0
39,3,10,1.0,9.91518045000745,10,1.0,0,0.0,0.3,33.555,33.555,1.0,1.0
39,4,10,1.0,10.637107023411371,3,1.0,0,0.0,0.15000000000000002,14.95,14.95,1.0,1.0
39,5,10,1.0,10.307971455311183,6,1.0,0,0.0,0.25,32.055,32.055,1.0,1.0
39,6,10,1.0,10.397856326763781,5,1.0,0,0.0,0.25,21.006,21.006,1.0,1.0
39,7,10,1.0,9.952208557255064,9,0.9999483284245337,0,0.0,0.39999999999999997,38.705999999999996,38.704,1.0000516742455559,1.0
39,8,10,1.0,9.512901590312227,14,0.6649849616765305,0,0.0,0.39999999999999997,41.228,27.416,1.5037934053107676,1.0
39,9,10,1.0,10.032639182745445,9,1.0,0,0.0,0.25,31.667,31.667,1.0,1.0
40,0,10,0.0,-2.8999999999999995,10,0.0,0,1.0,0.0,0.0,37.089,0.0,1.0
40,1,10,1.0,10.400829800763034,5,0.5404507574672814,0,0.0,0.25,34.919,18.872,1.8503073336159388,1.0
40,2,10,0.0,-3.426487643094041,10,0.0,0,1.0,0.0,0.0,28.041,0.0,1.0
40,3,10,0.0,-2.9000000000000004,10,0.0,0,1.0,0.0,0.0,28.165,0.0,1.0
40,4,10,0.0,-2.9,10,0.0,0,1.0,0.0,0.0,21.922,0.0,1.0
40,5,10,0.0,-2.9,10,0.0,0,1.0,0.0,0.0,28.557000000000002,0.0,1.0
40,6,10,0.0,-3.2327005775520146,10,0.0,0,1.0,0.0,0.0,28.742,0.0,1.0
40,7,10,0.0,-2.9000000000000004,10,0.0,0,1.0,0.0,0.0,39.201,0.0,1.0
40,8,10,1.0,10.635325322948328,3,1.0,0,0.0,0.15000000000000002,21.056,21.056,1.0,1.0
40,9,10,1.0,10.634732688526332,3,1.0,0,0.0,0.15000000000000002,18.817,18.817,1.0,1.0
41,0,10,1.0,9.300454557709418,16,1.0,0,0.0,0.39999999999999997,37.091,37.091,1.0,1.0
41,1,10,1.0,10.160251961091936,7,1.0,0,0.0,0.35,31.87,31.87,1.0,1.0
41,2,10,1.0,9.936419113241461,10,1.0,0,0.0,0.25,33.379999999999995,33.379999999999995,1.0,1.0
41,3,10,1.0,10.636067519784476,3,1.0,0,0.0,0.15000000000000002,23.756,23.756,1.0,1.0
41,4,10,1.0,9.587214132331232,14,0.999932899416225,0,0.0,0.25,29.806,29.804000000000002,1.0000671050865655,1.0
41,5,10,1.0,8.928451381947513,20,1.0,0,0.0,0.39999999999999997,43.019,43.019,1.0,1.0
41,6,10,1.0,10.39389705882353,5,1.0,0,0.0,0.25,27.2,27.2,1.0,1.0
41,7,10,1.0,10.516214673437227,4,0.9999299646321391,0,0.0,0.2,28.557000000000002,28.555,1.000070040273157,1.0
41,8,10,1.0,9.481640295993262,14,1.0,0,0.0,0.39999999999999997,33.244,33.244,1.0,1.0
41,9,10,1.0,10.182054176072235,7,1.0,0,0.0,0.3,25.694,25.694,1.0,1.0
42,0,10,0.0,-2.9000000000000004,10,0.0,0,1.0,0.0,0.0,36.094,0.0,1.0
42,1,10,1.0,10.512475027746948,4,1.0,0,0.0,0.2,19.822,19.822,1.0,1.0
42,2,10,1.0,10.755874479476502,2,1.0,0,0.0,0.1,20.171999999999997,20.171999999999997,1.0,1.0
42,3,10,1.0,9.829425367021612,11,0.8509007076989062,0,0.0,0.3,37.304,31.742,1.175225253607208,1.0
42,4,10,1.0,10.215135599882085,7,0.9264873230461104,0,0.0,0.25,21.969,20.354,1.0793455831777539,1.0
42,5,10,1.0,9.642796946754375,13,1.0,0,0.0,0.3,32.228,32.228,1.0,1.0
42,6,10,1.0,10.21043318176331,7,1.0,0,0.0,0.25,24.851,24.851,1.0,1.0
42,7,10,1.0,9.853972089857045,11,1.0,0,0.0,0.25,32.318,32.318,1.0,1.0
42,8,10,1.0,10.27812572904516,6,0.999916687494793,0,0.0,0.3,24.006,24.004,1.0000833194467589,1.0
42,9,10,1.0,10.119930497531334,8,0.9422079083914833,0,0.0,0.25,27.944999999999997,26.33,1.0613368780858337,1.0
43,0,10,1.0,9.253819514661274,17,0.8605952734104618,0,0.0,0.35,50.565,43.516,1.1619863958084382,1.0
43,1,10,1.0,10.393960899396545,5,1.0,0,0.0,0.25,24.194,24.194,1.0,1.0
43,2,10,1.0,10.634418769996445,3,1.0,0,0.0,0.15000000000000002,11.252,11.252,1.0,1.0
43,3,10,1.0,10.753970422761615,2,1.0,0,0.0,0.1,6.221,6.221,1.0,1.0
43,4,10,1.0,9.36221238368852,15,1.0,0,0.0,0.44999999999999996,46.641999999999996,46.641999999999996,1.0,1.0
43,5,10,1.0,9.619128854911398,12,0.9549571879224875,0,0.0,0.49999999999999994,44.38,42.381,1.0471673627333002,1.0
43,6,10,1.0,9.830178116399958,10,1.0,0,0.0,0.44999999999999996,39.244,39.244,1.0,1.0
43,7,10,1.0,10.328780240757334,6,1.0,0,0.0,0.2,25.668999999999997,25.668999999999997,1.0,1.0
43,8,10,0.0,-2.9514135038618057,10,0.0,0,1.0,0.0,0.0,36.123000000000005,0.0,1.0
43,9,10,1.0,10.275146354279356,6,1.0,0,0.0,0.3,32.353,32.353,1.0,1.0
44,0,10,1.0,10.757012440003919,2,1.0,0,0.0,0.1,10.209,10.209,1.0,1.0
44,1,10,1.0,10.33366061244187,6,1.0,0,0.0,0.2,34.191,34.191,1.0,1.0
44,2,10,1.0,10.517571812983519,4,1.0,0,0.0,0.2,29.729999999999997,29.729999999999997,1.0,1.0
44,3,10,1.0,10.516502716448965,4,1.0,0,0.0,0.2,17.302,17.302,1.0,1.0
44,4,10,1.0,10.75624262576424,2,1.0,0,0.0,0.1,9.323,9.323,1.0,1.0
44,5,10,0.0,-2.760605815831987,12,0.0,0,1.0,0.1,13.209,27.236,0.4849831105889264,1.0
44,6,10,1.0,10.394375403179904,5,0.9357312786279871,0,0.0,0.25,28.163,26.353,1.0686828824042802,1.0
44,7,10,1.0,10.086727643411718,8,1.0,0,0.0,0.3,35.806,35.806,1.0,1.0
44,8,10,1.0,9.674387081634448,12,0.7316136231946263,0,0.0,0.39999999999999997,46.597,34.091,1.3668416884221641,1.0
44,9,10,0.0,-2.9285761955920178,12,0.0,0,1.0,0.05,6.989,30.717,0.22752873001920762,1.0
45,0,10,1.0,10.514243378153527,4,1.0,0,0.0,0.2,22.237,22.237,1.0,1.0
45,1,10,1.0,8.926517368621962,21,0.8760059745413202,0,0.0,0.3,44.857,39.295,1.1415447257920854,1.0
45,2,10,1.0,10.395808342356762,5,0.6714398609135451,0,0.0,0.25,31.634999999999998,21.241,1.489336660232569,1.0
45,3,10,1.0,10.149402618657938,8,0.9626420239357674,0,0.0,0.2,33.004999999999995,31.772,1.0388077552562003,1.0
45,4,10,1.0,9.429996760902801,15,1.0,0,0.0,0.35,38.591,38.591,1.0,1.0
45,5,10,1.0,9.693196652485446,12,0.967818831942789,0,0.0,0.35,36.916000000000004,35.728,1.0332512315270936,1.0
45,6,10,1.0,10.210733406272794,7,1.0,0,0.0,0.25,27.42,27.42,1.0,1.0
45,7,10,1.0,10.752317942942943,2,1.0,0,0.0,0.1,10.656,10.656,1.0,1.0
45,8,10,1.0,9.277322522841406,17,0.9651748729555452,0,0.0,0.3,46.834,45.203,1.036081675994956,1.0
45,9,10,1.0,8.936367987490943,19,0.9999618640835939,0,0.0,0.5499999999999999,52.443999999999996,52.44199999999999,1.0000381373708096,1.0
46,0,10,0.0,-2.9000000000000012,10,0.0,0,1.0,0.0,0.0,18.191,0.0,1.0
46,1,10,1.0,10.51496045449482,4,1.0,0,0.0,0.2,17.954,17.954,1.0,1.0
46,2,10,0.0,-2.9000000000000004,10,0.0,0,1.0,0.0,0.0,35.055,0.0,1.0
46,3,10,0.0,-2.8999999999999995,10,0.0,0,1.0,0.0,0.0,27.533,0.0,1.0
46,4,10,0.0,-2.8999999999999995,10,0.0,0,1.0,0.0,0.0,31.744,0.0,1.0
46,5,10,0.0,-2.9000509398964596,10,0.0,0,1.0,0.0,0.0,36.120999999999995,0.0,1.0
46,6,10,0.0,-2.9000000000000004,10,0.0,0,1.0,0.0,0.0,45.372,0.0,1.0
46,7,10,0.0,-2.9000000000000004,10,0.0,0,1.0,0.0,0.0,33.555,0.0,1.0
46,8,10,0.0,-2.899999999999999,10,0.0,0,1.0,0.0,0.0,35.858000000000004,0.0,1.0
46,9,10,1.0,10.756348196975573,2,1.0,0,0.0,0.1,12.895,12.895,1.0,1.0
47,0,10,1.0,10.875,1,1.0,0,0.0,0.05,6.0,6.0,1.0,1.0
47,1,10,1.0,10.754065040650406,2,1.0,0,0.0,0.1,7.503,7.503,1.0,1.0
47,2,10,1.0,10.516503468208093,4,0.9998844064270027,0,0.0,0.2,17.302,17.3,1.000115606936416,1.0
47,3,10,1.0,10.084096824167313,8,0.9553527380365071,0,0.0,0.3,40.54,38.73,1.0467337980893365,1.0
47,4,10,1.0,9.811593851745286,11,1.0,0,0.0,0.3,39.620999999999995,39.620999999999995,1.0,1.0
47,5,10,1.0,10.636856550529117,3,1.0,0,0.0,0.15000000000000002,16.159,16.159,1.0,1.0
47,6,10,1.0,10.277895516717326,6,0.9878025896040533,0,0.0,0.3,26.645,26.32,1.0123480243161094,1.0
47,7,10,1.0,10.039461220296829,8,1.0,0,0.0,0.39999999999999997,36.991,36.991,1.0,1.0
47,8,10,1.0,10.875,1,1.0,0,0.0,0.05,5.9,5.9,1.0,1.0
47,9,10,1.0,10.277796924386093,6,1.0,0,0.0,0.3,32.903999999999996,32.903999999999996,1.0,1.0
48,0,10,1.0,10.068824571963617,9,0.9604008093265247,0,0.0,0.2,31.137,29.904,1.0412319422150882,1.0
48,1,10,0.0,-2.8999999999999995,10,0.0,0,1.0,0.0,0.0,22.644,0.0,1.0
48,2,10,1.0,9.940917436875884,10,1.0,0,0.0,0.25,40.357000000000006,40.357000000000006,1.0,1.0
48,3,10,1.0,10.156457472337022,7,0.7457003678298041,0,0.0,0.35,40.236000000000004,30.004,1.3410211971737103,1.0
48,4,10,0.0,-2.8999999999999995,10,0.0,0,1.0,0.0,0.0,34.089,0.0,1.0
48,5,10,1.0,10.332985193019566,6,1.0,0,0.0,0.2,22.692,22.692,1.0,1.0
48,6,10,1.0,10.327290961469211,6,0.9574211342871919,0,0.0,0.2,29.005,27.77,1.0444724522866402,1.0
48,7,10,1.0,10.094635715237969,8,0.8435672514619884,0,0.0,0.3,35.568,30.004,1.1854419410745232,1.0
48,8,10,0.0,-2.8999999999999986,10,0.0,0,1.0,0.0,0.0,33.192,0.0,1.0
48,9,10,1.0,10.396031668421845,5,1.0,0,0.0,0.25,26.588,26.588,1.0,1.0
49,0,10,1.0,10.120637286415157,8,1.0,0,0.0,0.25,29.555,29.555,1.0,1.0
49,1,10,0.0,-2.989295756142425,12,0.0,0,1.0,0.1,6.05,38.055,0.15898042307186966,1.0
49,2,10,0.0,-2.9000000000000004,10,0.0,0,1.0,0.0,0.0,22.694,0.0,1.0
49,3,10,1.0,9.24661158874102,17,1.0,0,0.0,0.35,42.455,42.455,1.0,1.0
49,4,10,1.0,9.721662969669534,12,1.0,0,0.0,0.3,44.18000000000001,44.18000000000001,1.0,1.0
49,5,10,1.0,10.636818071632023,3,1.0,0,0.0,0.15000000000000002,16.501,16.501,1.0,1.0
49,6,10,1.0,10.126063829787233,8,0.999924017931768,0,0.0,0.25,26.322000000000003,26.32,1.0000759878419454,1.0
49,7,10,1.0,10.397029903988464,5,1.0,0,0.0,0.25,26.351,26.351,1.0,1.0
49,8,10,1.0,9.857574560677373,10,0.9999526996665326,0,0.0,0.39999999999999997,42.283,42.281,1.0000473025708947,1.0
49,9,10,1.0,10.15637940868904,7,0.912500361449267,0,0.0,0.35,34.583,31.557000000000002,1.0958899768672559,1.0
50,0,10,0.0,-2.8999999999999995,10,0.0,0,1.0,0.0,0.0,23.733,0.0,1.0
50,1,10,0.0,-3.0916256056076694,14,0.0,0,1.0,0.2,11.9,38.803999999999995,0.3066694155241728,1.0
50,2,10,0.0,-2.9000000000000004,10,0.0,0,1.0,0.0,0.0,34.672,0.0,1.0
50,3,10,1.0,10.123068667728683,8,1.0,0,0.0,0.25,23.854,23.854,1.0,1.0
50,4,10,1.0,10.635,3,1.0,0,0.0,0.15000000000000002,11.906,11.906,1.0,1.0
50,5,10,0.0,-3.0657089564950764,14,0.0,0,1.0,0.15000000000000002,9.05,29.353,0.30831601539876674,1.0
50,6,10,0.0,-2.8999999999999995,10,0.0,0,1.0,0.0,0.0,45.991,0.0,1.0
50,7,10,0.0,-2.8999999999999995,10,0.0,0,1.0,0.0,0.0,40.525,0.0,1.0
50,8,10,1.0,10.516967992684041,4,1.0,0,0.0,0.2,21.87,21.87,1.0,1.0
50,9,10,0.0,-2.711746323529412,12,0.0,0,1.0,0.1,12.85,27.2,0.4724264705882353,1.0
51,0,10,1.0,9.433192593005746,15,0.8938355310716155,0,0.0,0.35,40.117,35.858,1.1187740532098835,1.0
51,1,10,1.0,10.001657909413803,9,1.0,0,0.0,0.3,34.067,34.067,1.0,1.0
51,2,10,1.0,10.275,6,1.0,0,0.0,0.3,31.744,31.744,1.0,1.0
51,3,10,1.0,10.516313937282229,4,1.0,0,0.0,0.2,28.7,28.7,1.0,1.0
51,4,10,1.0,9.309723844928305,15,1.0,0,0.0,0.5499999999999999,48.958,48.958,1.0,1.0
51,5,10,1.0,8.732160821459193,22,0.8630677613728462,0,0.0,0.49999999999999994,56.757999999999996,48.986000000000004,1.1586575756338544,1.0
51,6,10,1.0,10.394415317947539,5,1.0,0,0.0,0.25,30.461,30.461,1.0,1.0
51,7,10,1.0,9.90467507128921,10,1.0,0,0.0,0.3,33.315,33.315,1.0,1.0
51,8,10,1.0,9.18659888109404,17,0.8654984244101145,0,0.0,0.44999999999999996,52.044,45.044,1.1554036053636445,1.0
51,9,10,1.0,10.632554135192718,3,1.0,0,0.0,0.15000000000000002,25.815,25.815,1.0,1.0
52,0,10,1.0,10.39602177345633,5,1.0,0,0.0,0.25,24.066,24.066,1.0,1.0
52,1,10,1.0,10.244038629047528,7,1.0,0,0.0,0.2,26.405,26.405,1.0,1.0
52,2,10,1.0,10.061282796839189,9,0.9621498864496594,0,0.0,0.2,30.383,29.233,1.03933910306845,1.0
52,3,10,1.0,10.396326851688173,5,1.0,0,0.0,0.25,28.285,28.285,1.0,1.0
52,4,10,1.0,9.141721706470129,18,0.9923812649444418,0,0.0,0.35,42.658,42.333,1.0076772258049276,1.0
52,5,10,1.0,9.455805774838204,15,1.0,0,0.0,0.25,42.183,42.183,1.0,1.0
52,6,10,1.0,9.763804643261608,11,0.9999433780646622,0,0.0,0.39999999999999997,35.322,35.32,1.000056625141563,1.0
52,7,10,1.0,10.281216047325445,6,0.7308266098340692,0,0.0,0.3,32.845,24.004,1.3683136143976002,1.0
52,8,10,1.0,9.346885892902248,16,0.7853016290198606,0,0.0,0.35,40.331,31.672,1.273396059611013,1.0
52,9,10,1.0,10.514809909562384,4,1.0,0,0.0,0.2,23.331,23.331,1.0,1.0
53,0,10,0.0,-2.7759034969233083,11,0.0,0,1.0,0.05,8.95,33.315,0.2686477562659463,1.0
53,1,10,1.0,9.91801665610573,10,0.9550995705928125,0,0.0,0.3,34.699,33.141,1.0470112549410096,1.0
53,2,10,1.0,10.306053205231715,6,1.0,0,0.0,0.25,24.772,24.772,1.0,1.0
53,3,10,0.0,-2.8999999999999995,10,0.0,0,1.0,0.0,0.0,22.697,0.0,1.0
53,4,10,1.0,9.108007824033068,18,1.0,0,0.0,0.44999999999999996,40.644,40.644,1.0,1.0
53,5,10,1.0,9.701762921620965,12,1.0,0,0.0,0.35,37.089,37.089,1.0,1.0
53,6,10,0.0,-2.97725431464841,12,0.0,0,1.0,0.1,6.05,35.055,0.17258593638567965,1.0
53,7,10,1.0,10.515286343612335,4,1.0,0,0.0,0.2,22.7,22.7,1.0,1.0
53,8,10,1.0,10.094231970569862,8,0.9888465630254984,0,0.0,0.3,29.139,28.814,1.0112792392586936,1.0
53,9,10,1.0,8.971471873159238,19,0.8716412801642992,0,0.0,0.5499999999999999,46.744,40.744,1.1472609463970156,1.0
54,0,10,1.0,10.637966542255398,3,1.0,0,0.0,0.15000000000000002,15.004000000000001,15.004000000000001,1.0,1.0
54,1,10,0.0,-2.9855983454571393,12,0.0,0,1.0,0.1,6.05,35.055,0.17258593638567965,1.0
54,2,10,0.0,-2.8999999999999995,10,0.0,0,1.0,0.0,0.0,26.769000000000002,0.0,1.0
54,3,10,0.0,-3.008606373736912,12,0.0,0,1.0,0.1,6.0,43.742,0.13716793928032556,1.0
54,4,10,0.0,-2.7981469828442735,12,0.0,0,1.0,0.1,11.322,30.194,0.3749751606279393,1.0
54,5,10,0.0,-3.007754958246347,12,0.0,0,1.0,0.05,5.82,38.32,0.15187891440501045,1.0
54,6,10,0.0,-2.9000000000000004,10,0.0,0,1.0,0.0,0.0,28.147,0.0,1.0
54,7,10,1.0,10.218279471499352,7,1.0,0,0.0,0.25,22.403,22.403,1.0,1.0
54,8,10,0.0,-2.9000000000000004,10,0.0,0,1.0,0.0,0.0,17.956,0.0,1.0
54,9,10,1.0,10.517431508533766,4,1.0,0,0.0,0.2,20.331,20.331,1.0,1.0
55,0,10,0.0,-2.9000000000000004,10,0.0,0,1.0,0.0,0.0,37.544,0.0,1.0
55,1,10,1.0,10.516228951776426,4,1.0,0,0.0,0.2,22.686,22.686,1.0,1.0
55,2,10,0.0,-2.9557308143264827,10,0.0,0,1.0,0.0,0.0,45.203,0.0,1.0
55,3,10,0.0,-2.7528067985756763,14,0.0,0,1.0,0.2,18.872,27.241,0.6927792665467494,1.0
55,4,10,1.0,9.85813196353639,10,0.8961591327575923,0,0.0,0.39999999999999997,38.559,34.555,1.1158732455505715,1.0
55,5,10,1.0,10.39541700107009,5,0.9999999999999999,0,0.0,0.25,29.904000000000003,29.904,1.0000000000000002,1.0
55,6,10,0.0,-3.2399095463401064,10,0.0,0,1.0,0.0,0.0,28.744,0.0,1.0
55,7,10,0.0,-2.7153324430300616,11,0.0,0,1.0,0.05,11.85,35.194,0.3367051201909416,1.0
55,8,10,0.0,-3.0444673913043476,13,0.0,0,1.0,0.1,6.7989999999999995,34.04,0.19973560517038777,1.0
55,9,10,0.0,-3.016950676658092,10,0.0,0,1.0,0.0,0.0,44.705,0.0,1.0
56,0,10,0.0,-2.9000000000000004,10,0.0,0,1.0,0.0,0.0,17.784,0.0,1.0
56,1,10,1.0,10.753970422761615,2,1.0,0,0.0,0.1,6.221,6.221,1.0,1.0
56,2,10,1.0,10.634674677051672,3,1.0,0,0.0,0.15000000000000002,21.056,21.056,1.0,1.0
56,3,10,1.0,9.393867255422348,15,0.9999542438801191,0,0.0,0.39999999999999997,43.709999999999994,43.708,1.0000457582135993,1.0
56,4,10,1.0,10.214331105042188,7,1.0,0,0.0,0.25,24.533,24.533,1.0,1.0
56,5,10,0.0,-2.9000000000000004,10,0.0,0,1.0,0.0,0.0,19.691,0.0,1.0
56,6,10,0.0,-2.942035471076854,10,0.0,0,1.0,0.0,0.0,40.089,0.0,1.0
56,7,10,1.0,9.972140073759656,9,0.9999304202616198,0,0.0,0.35,28.744,28.742,1.0000695845800571,1.0
56,8,10,1.0,9.909271715875054,10,1.0,0,0.0,0.3,35.055,35.055,1.0,1.0
56,9,10,1.0,10.420575539568345,5,0.4070416780168892,0,0.0,0.25,29.368,11.954,2.4567508783670737,1.0
57,0,10,1.0,10.51545834261528,4,0.7635002976443575,0,0.0,0.2,23.518,17.956,1.3097571842281133,1.0
57,1,10,1.0,9.553701105866189,13,1.0,0,0.0,0.44999999999999996,45.123000000000005,45.123000000000005,1.0,1.0
57,2,10,1.0,10.633619167171673,3,1.0,0,0.0,0.15000000000000002,23.102,23.102,1.0,1.0
57,3,10,1.0,10.274541961221436,6,1.0,0,0.0,0.3,34.091,34.091,1.0,1.0
57,4,10,1.0,9.73652937702982,11,1.0,0,0.0,0.44999999999999996,40.644,40.644,1.0,1.0
57,5,10,1.0,10.246608362403578,7,0.9904136253041363,0,0.0,0.2,20.55,20.353,1.009679162776986,1.0
57,6,10,1.0,10.218483794283063,7,1.0,0,0.0,0.25,34.494,34.494,1.0,1.0
57,7,10,1.0,9.968223055506785,9,0.9653043436153212,0,0.0,0.35,41.302,39.869,1.0359427123830545,1.0
57,8,10,1.0,10.752288732394366,2,1.0,0,0.0,0.1,10.792,10.792,1.0,1.0
57,9,10,1.0,10.753885899735245,2,1.0,0,0.0,0.1,11.709,11.709,1.0,1.0
58,0,10,0.0,-2.8999999999999995,10,0.0,0,1.0,0.0,0.0,22.644,0.0,1.0
58,1,10,1.0,9.85608712569785,11,1.0,0,0.0,0.25,29.555,29.555,1.0,1.0
58,2,10,1.0,10.875,1,1.0,0,0.0,0.05,4.5,4.5,1.0,1.0
58,3,10,1.0,10.035208079650456,9,1.0,0,0.0,0.25,27.922,27.922,1.0,1.0
58,4,10,0.0,-2.8999999999999995,10,0.0,0,1.0,0.0,0.0,28.759999999999998,0.0,1.0
58,5,10,1.0,9.361843496651392,16,0.9630878558819536,0,0.0,0.3,44.186,42.555,1.0383268711079778,1.0
58,6,10,1.0,9.611165202883495,13,1.0,0,0.0,0.35,31.767,31.767,1.0,1.0
58,7,10,1.0,10.514941717364046,4,1.0,0,0.0,0.2,21.533,21.533,1.0,1.0
58,8,10,1.0,10.397029903988464,5,1.0,0,0.0,0.25,26.351,26.351,1.0,1.0
58,9,10,1.0,10.756060337963373,2,1.0,0,0.0,0.1,11.303,11.303,1.0,1.0
59,0,10,1.0,10.276569126074499,6,0.9999283718931309,0,0.0,0.3,27.922,27.92,1.0000716332378223,1.0
59,1,10,1.0,8.82398832277321,22,0.9915626054674318,0,0.0,0.3,38.519,38.194,1.008509189925119,1.0
59,2,10,1.0,9.42596962065166,15,0.9999370415840337,0,0.0,0.35,31.767,31.765,1.000062962379978,1.0
59,3,10,1.0,9.057172270494899,19,0.7809575992581977,0,0.0,0.35,47.452,37.058,1.2804792487452101,1.0
59,4,10,1.0,9.604636423405653,13,0.9999342581026889,0,0.0,0.35,30.422,30.42,1.0000657462195923,1.0
59,5,10,1.0,10.518878520246625,4,0.8118785090982885,0,0.0,0.2,29.566000000000003,24.004,1.2317113814364273,1.0
59,6,10,1.0,10.753725112932909,2,1.0,0,0.0,0.1,11.954,11.954,1.0,1.0
59,7,10,1.0,10.511124038370216,4,1.0,0,0.0,0.2,21.058,21.058,1.0,1.0
59,8,10,1.0,10.034113411691447,9,1.0,0,0.0,0.25,25.694,25.694,1.0,1.0
59,9,10,1.0,9.71112631730908,12,1.0,0,0.0,0.3,34.635,34.635,1.0,1.0
60,0,10,0.0,-2.9523847646773405,11,0.0,0,1.0,0.05,2.9,41.22,0.07035419699175158,1.0
60,1,10,1.0,10.6323606370876,3,1.0,0,0.0,0.15000000000000002,23.733,23.733,1.0,1.0
60,2,10,1.0,9.564167496624837,13,0.8353454491671134,0,0.0,0.39999999999999997,54.089000000000006,45.183,1.1971095323462366,1.0
60,3,10,1.0,10.875,1,1.0,0,0.0,0.05,3.0,3.0,1.0,1.0
60,4,10,1.0,10.452127387827632,5,1.0,0,0.0,0.15000000000000002,18.008,18.008,1.0,1.0
60,5,10,1.0,10.514195226261341,4,0.779098563645369,0,0.0,0.2,22.209,17.303,1.2835346471710107,1.0
60,6,10,0.0,-2.9522576665491718,11,0.0,0,1.0,0.05,3.0,42.555,0.07049700387733521,1.0
60,7,10,1.0,9.928344965442474,10,1.0,0,0.0,0.25,29.516,29.516,1.0,1.0
60,8,10,1.0,10.875,1,1.0,0,0.0,0.05,3.5,3.5,1.0,1.0
60,9,10,1.0,9.964762230038078,9,1.0,0,0.0,0.35,34.403,34.403,1.0,1.0
61,0,10,1.0,10.875,1,1.0,0,0.0,0.05,3.869,3.869,1.0,1.0
61,1,10,1.0,9.81764510294196,11,0.9682437479073841,0,0.0,0.3,38.827,37.594,1.032797786880885,1.0
61,2,10,1.0,10.63350724637681,3,1.0,0,0.0,0.15000000000000002,15.870000000000001,15.870000000000001,1.0,1.0
61,3,10,1.0,10.635,3,1.0,0,0.0,0.15000000000000002,11.906,11.906,1.0,1.0
61,4,10,1.0,10.207445387343787,7,1.0,0,0.0,0.25,30.167,30.167,1.0,1.0
61,5,10,1.0,10.394415317947539,5,1.0,0,0.0,0.25,30.461,30.461,1.0,1.0
61,6,10,1.0,9.252674600842395,17,0.9814930538864586,0,0.0,0.35,41.606,40.836,1.0188559114506808,1.0
61,7,10,1.0,9.274877417422557,16,0.9662842377260982,0,0.0,0.44999999999999996,48.375,46.744,1.034892178675338,1.0
61,8,10,1.0,10.420751442847736,5,0.8227476975047006,0,0.0,0.2,31.379,25.817,1.215439439129256,1.0
61,9,10,1.0,10.182917189460477,7,0.9999302990172162,0,0.0,0.3,28.694,28.692,1.0000697058413495,1.0
62,0,10,1.0,10.754533699857461,2,1.0,0,0.0,0.1,9.822,9.822,1.0,1.0
62,1,10,1.0,9.810262708700058,11,1.0,0,0.0,0.3,37.494,37.494,1.0,1.0
62,2,10,1.0,10.396684565249593,5,1.0,0,0.0,0.25,27.004,27.004,1.0,1.0
62,3,10,1.0,9.582270563343032,13,1.0,0,0.0,0.39999999999999997,37.81,37.81,1.0,1.0
62,4,10,1.0,10.038980241270576,8,0.999942144696115,0,0.0,0.39999999999999997,34.569,34.567,1.000057858651315,1.0
62,5,10,1.0,9.173082381544724,18,0.8371476581544506,0,0.0,0.35,42.253,35.372,1.194532398507294,1.0
62,6,10,1.0,10.756666666666666,2,1.0,0,0.0,0.1,9.0,9.0,1.0,1.0
62,7,10,1.0,9.220069080195522,16,1.0,0,0.0,0.5499999999999999,44.803,44.803,1.0,1.0
62,8,10,1.0,10.037841187611408,8,1.0,0,0.0,0.39999999999999997,35.904,35.904,1.0,1.0
62,9,10,1.0,10.424698838177566,5,1.0,0,0.0,0.2,25.219,25.219,1.0,1.0
63,0,10,1.0,10.755,2,1.0,0,0.0,0.1,12.0,12.0,1.0,1.0
63,1,10,0.0,-2.9000000000000004,10,0.0,0,1.0,0.0,0.0,17.588,0.0,1.0
63,2,10,1.0,10.63627711854249,3,1.0,0,0.0,0.15000000000000002,16.686,16.686,1.0,1.0
63,3,10,1.0,10.205871366629195,7,1.0,0,0.0,0.25,31.134999999999998,31.134999999999998,1.0,1.0
63,4,10,1.0,10.755493482309125,2,0.8224213186308292,0,0.0,0.1,13.059000000000001,10.74,1.2159217877094972,1.0
63,5,10,1.0,10.015946884246917,9,1.0,0,0.0,0.25,34.133,34.133,1.0,1.0
63,6,10,1.0,9.757847297035994,11,0.9988687158545335,0,0.0,0.39999999999999997,36.242,36.201,1.0011325653987457,1.0
63,7,10,1.0,10.51555930052738,4,0.933034888453143,0,0.0,0.2,27.029,25.219,1.071771283556049,1.0
63,8,10,1.0,9.425567546564388,15,0.9919186393475233,0,0.0,0.35,40.216,39.891,1.0081472011230603,1.0
63,9,10,1.0,10.634638633377136,3,1.0,0,0.0,0.15000000000000002,18.264,18.264,1.0,1.0
64,0,10,1.0,9.539663054130397,14,0.9550997935306262,0,0.0,0.3,36.325,34.694,1.0470110105493746,1.0
64,1,10,1.0,10.754533699857461,2,1.0,0,0.0,0.1,9.822,9.822,1.0,1.0
64,2,10,1.0,8.843614796537498,21,1.0,0,0.0,0.39999999999999997,49.443999999999996,49.443999999999996,1.0,1.0
64,3,10,1.0,9.250051073183345,17,1.0,0,0.0,0.35,46.404,46.404,1.0,1.0
64,4,10,1.0,10.117291091495899,8,1.0,0,0.0,0.25,25.717,25.717,1.0,1.0
64,5,10,1.0,10.03154131893307,9,1.0,0,0.0,0.25,30.555,30.555,1.0,1.0
64,6,10,1.0,10.285537479541734,6,0.6800222593210907,0,0.0,0.3,44.925,30.55,1.4705400981996726,1.0
64,7,10,1.0,10.51582327736971,4,1.0,0,0.0,0.2,22.872,22.872,1.0,1.0
64,8,10,1.0,9.673540376317256,12,0.999941295605976,0,0.0,0.39999999999999997,34.069,34.067,1.0000587078404322,1.0
64,9,10,1.0,10.875,1,1.0,0,0.0,0.05,4.514,4.514,1.0,1.0
65,0,10,1.0,10.12241156780983,8,0.966206216082881,0,0.0,0.25,36.486000000000004,35.253,1.034975746744958,1.0
65,1,10,1.0,10.7529794933655,2,1.0,0,0.0,0.1,8.290000000000001,8.290000000000001,1.0,1.0
65,2,10,1.0,9.850885817371465,11,1.0,0,0.0,0.25,37.694,37.694,1.0,1.0
65,3,10,1.0,10.275276837643348,6,1.0,0,0.0,0.3,30.433,30.433,1.0,1.0
65,4,10,1.0,10.875,1,1.0,0,0.0,0.05,2.9,2.9,1.0,1.0
65,5,10,1.0,9.995448522745763,9,0.963471444568869,0,0.0,0.3,44.65,43.019,1.0379134800901928,1.0
65,6,10,1.0,10.30541020681023,6,1.0,0,0.0,0.25,35.153,35.153,1.0,1.0
65,7,10,1.0,10.636067798876704,3,1.0,0,0.0,0.15000000000000002,14.956,14.956,1.0,1.0
65,8,10,1.0,10.397795355703627,5,1.0,0,0.0,0.25,25.063,25.063,1.0,1.0
65,9,10,0.0,-2.788779158530091,11,0.0,0,1.0,0.05,7.159,28.165,0.25418072075270726,1.0
66,0,10,1.0,9.068192175703501,18,1.0,0,0.0,0.49999999999999994,43.71,43.71,1.0,1.0
66,1,10,1.0,10.875,1,1.0,0,0.0,0.05,4.5,4.5,1.0,1.0
66,2,10,1.0,9.814237560708886,11,1.0,0,0.0,0.3,31.091,31.091,1.0,1.0
66,3,10,1.0,9.424669537401574,14,0.9999507898233354,0,0.0,0.49999999999999994,40.641999999999996,40.63999999999999,1.0000492125984253,1.0
66,4,10,1.0,10.875,1,1.0,0,0.0,0.05,6.817,6.817,1.0,1.0
66,5,10,1.0,10.393960899396545,5,1.0,0,0.0,0.25,24.194,24.194,1.0,1.0
66,6,10,1.0,10.634138353570236,3,1.0,0,0.0,0.15000000000000002,17.954,17.954,1.0,1.0
66,7,10,1.0,10.875,1,1.0,0,0.0,0.05,3.503,3.503,1.0,1.0
66,8,10,1.0,10.183831080886378,7,1.0,0,0.0,0.3,34.702999999999996,34.702999999999996,1.0,1.0
66,9,10,1.0,9.702334410767275,12,0.9585777777777778,0,0.0,0.35,39.375,37.744,1.0432121661721068,1.0
67,0,10,0.0,-2.8999999999999995,10,0.0,0,1.0,0.0,0.0,27.533,0.0,1.0
67,1,10,0.0,-2.8999999999999995,10,0.0,0,1.0,0.0,0.0,42.372,0.0,1.0
67,2,10,0.0,-2.761790525771966,11,0.0,0,1.0,0.05,7.159,25.163,0.28450502722250925,1.0
67,3,10,1.0,10.634808983733771,3,1.0,0,0.0,0.15000000000000002,26.804000000000002,26.804000000000002,1.0,1.0
67,4,10,0.0,-2.937280360615167,11,0.0,0,1.0,0.05,2.47,28.285,0.08732543751104827,1.0
67,5,10,0.0,-2.8051626016260167,11,0.0,0,1.0,0.05,3.799,16.113,0.23577235772357724,1.0
67,6,10,0.0,-2.8999999999999995,10,0.0,0,1.0,0.0,0.0,33.82,0.0,1.0
67,7,10,1.0,10.875,1,1.0,0,0.0,0.05,7.577,7.577,1.0,1.0
67,8,10,0.0,-2.6575678261296183,11,0.0,0,1.0,0.05,8.186,20.383,0.40160918412402496,1.0
67,9,10,0.0,-2.8999999999999995,10,0.0,0,1.0,0.0,0.0,27.194,0.0,1.0
68,0,10,1.0,10.4244857119328,5,1.0,0,0.0,0.2,36.429,36.429,1.0,1.0
68,1,10,0.0,-2.9000000000000004,10,0.0,0,1.0,0.0,0.0,36.555,0.0,1.0
68,2,10,0.0,-2.8999999999999995,10,0.0,0,1.0,0.0,0.0,27.194,0.0,1.0
68,3,10,1.0,10.091102162908422,8,1.0,0,0.0,0.3,30.422,30.422,1.0,1.0
68,4,10,0.0,-2.9000000000000004,10,0.0,0,1.0,0.0,0.0,44.014,0.0,1.0
68,5,10,1.0,10.751958991772234,2,1.0,0,0.0,0.1,15.314,15.314,1.0,1.0
68,6,10,1.0,10.754681282671452,2,1.0,0,0.0,0.1,12.817,12.817,1.0,1.0
68,7,10,0.0,-2.9000000000000004,10,0.0,0,1.0,0.0,0.0,46.641999999999996,0.0,1.0
68,8,10,0.0,-2.8999999999999995,10,0.0,0,1.0,0.0,0.0,38.903999999999996,0.0,1.0
68,9,10,1.0,10.512260919103685,4,1.0,0,0.0,0.2,26.33,26.33,1.0,1.0
69,0,10,1.0,10.875,1,1.0,0,0.0,0.05,8.141,8.141,1.0,1.0
69,1,10,1.0,8.981865462060195,20,0.9337027508410846,0,0.0,0.35,40.424,37.744,1.0710046629927936,1.0
69,2,10,1.0,9.525287686376014,14,1.0,0,0.0,0.35,37.089,37.089,1.0,1.0
69,3,10,1.0,9.167039211519048,18,1.0,0,0.0,0.35,37.642,37.642,1.0,1.0
69,4,10,1.0,8.606099172219787,24,1.0,0,0.0,0.35,43.369,43.369,1.0,1.0
69,5,10,1.0,9.99953011056222,9,1.0,0,0.0,0.3,34.008,34.008,1.0,1.0
69,6,10,0.0,-2.9000000000000004,10,0.0,0,1.0,0.0,0.0,34.202,0.0,1.0
69,7,10,1.0,10.277609240189257,6,1.0,0,0.0,0.3,28.744,28.744,1.0,1.0
69,8,10,0.0,-2.8999999999999995,10,0.0,0,1.0,0.0,0.0,42.244,0.0,1.0
69,9,10,1.0,10.755132366273799,2,1.0,0,0.0,0.1,11.03,11.03,1.0,1.0
70,0,10,0.0,-2.9,10,0.0,0,1.0,0.0,0.0,30.922,0.0,1.0
70,1,10,1.0,10.515190090437615,4,1.0,0,0.0,0.2,23.331,23.331,1.0,1.0
70,2,10,1.0,10.634300025201613,3,1.0,0,0.0,0.15000000000000002,15.872,15.872,1.0,1.0
70,3,10,0.0,-2.9000000000000004,10,0.0,0,1.0,0.0,0.0,46.016999999999996,0.0,1.0
70,4,10,0.0,-2.8999999999999995,10,0.0,0,1.0,0.0,0.0,29.372,0.0,1.0
70,5,10,1.0,10.641123016977456,3,0.6223261453191304,0,0.0,0.15000000000000002,23.094,14.371999999999998,1.6068744781519624,1.0
70,6,10,1.0,10.51344042196116,4,1.0,0,0.0,0.2,33.368,33.368,1.0,1.0
70,7,10,0.0,-2.9000000000000004,10,0.0,0,1.0,0.0,0.0,37.056,0.0,1.0
70,8,10,0.0,-2.8999999999999995,10,0.0,0,1.0,0.0,0.0,30.555,0.0,1.0
70,9,10,1.0,10.63690635451505,3,1.0,0,0.0,0.15000000000000002,14.950000000000001,14.950000000000001,1.0,1.0
71,0,10,1.0,10.635000000000002,3,1.0,0,0.0,0.15000000000000002,18.0,18.0,1.0,1.0
71,1,10,1.0,10.516991672908315,4,1.0,0,0.0,0.2,22.697,22.697,1.0,1.0
71,2,10,1.0,9.46514545278825,15,1.0,0,0.0,0.3,31.040999999999997,31.040999999999997,1.0,1.0
71,3,10,1.0,10.666932820067055,3,1.0,0,0.0,0.1,8.053,8.053,1.0,1.0
71,4,10,1.0,10.753620625116975,2,1.0,0,0.0,0.1,10.686,10.686,1.0,1.0
71,5,10,1.0,10.219001873682567,7,1.0,0,0.0,0.25,25.618000000000002,25.618000000000002,1.0,1.0
71,6,10,1.0,10.393730105824513,5,0.9999166805532411,0,0.0,0.25,24.004,24.002000000000002,1.0000833263894675,1.0
71,7,10,1.0,9.969133271510897,9,1.0,0,0.0,0.35,30.194,30.194,1.0,1.0
71,8,10,1.0,10.753785516023216,2,1.0,0,0.0,0.1,19.815,19.815,1.0,1.0
71,9,10,1.0,9.822151862299235,11,0.8619988090512108,0,0.0,0.3,40.303999999999995,34.742,1.1600944102239363,1.0
72,0,10,1.0,10.39560404091214,5,0.9999999999999999,0,0.0,0.25,23.856,23.855999999999998,1.0000000000000002,1.0
72,1,10,1.0,10.520108971022037,4,1.0,0,0.0,0.2,28.815,28.815,1.0,1.0
72,2,10,1.0,9.591310186473699,13,0.8273083122265715,0,0.0,0.39999999999999997,34.744,28.744,1.2087392151405512,1.0
72,3,10,1.0,10.63682321232648,3,1.0,0,0.0,0.15000000000000002,20.963,20.963,1.0,1.0
72,4,10,1.0,10.095381729696847,8,0.9999324118819911,0,0.0,0.3,29.591,29.589,1.0000675926864715,1.0
72,5,10,1.0,9.855208079650454,11,1.0,0,0.0,0.25,27.922,27.922,1.0,1.0
72,6,10,1.0,9.339550284161108,15,0.8634353543581986,0,0.0,0.49999999999999994,51.558,44.517,1.1581642967854975,1.0
72,7,10,1.0,9.243811550609115,17,0.9165724683631552,0,0.0,0.35,36.271,33.245000000000005,1.0910212061964204,1.0
72,8,10,1.0,10.51537808251198,4,0.9370300065707818,0,0.0,0.2,27.394,25.668999999999997,1.0672016829638864,1.0
72,9,10,1.0,10.635000000000002,3,1.0,0,0.0,0.15000000000000002,18.0,18.0,1.0,1.0
73,0,10,1.0,10.517362943082512,4,1.0,0,0.0,0.2,30.553,30.553,1.0,1.0
73,1,10,1.0,10.15766371067475,7,0.9987648370187384,0,0.0,0.35,33.194,33.153000000000006,1.001236690495581,1.0
73,2,10,0.0,-2.9000000000000004,10,0.0,0,1.0,0.0,0.0,33.553,0.0,1.0
73,3,10,1.0,10.75624262576424,2,1.0,0,0.0,0.1,9.323,9.323,1.0,1.0
73,4,10,1.0,10.51675515269235,4,1.0,0,0.0,0.2,27.801000000000002,27.801000000000002,1.0,1.0
73,5,10,1.0,9.423964762390547,15,1.0,0,0.0,0.35,47.05200000000001,47.05200000000001,1.0,1.0
73,6,10,0.0,-2.773056127155325,12,0.0,0,1.0,0.1,13.209,28.186,0.4686369119420989,1.0
73,7,10,1.0,10.032981545262942,8,1.0,0,0.0,0.39999999999999997,38.906,38.906,1.0,1.0
73,8,10,1.0,9.853553879120556,10,0.999941295605976,0,0.0,0.39999999999999997,34.069,34.067,1.0000587078404322,1.0
73,9,10,1.0,9.613818757419866,13,0.9563430919363122,0,0.0,0.35,36.993,35.378,1.0456498388829216,1.0
74,0,10,1.0,10.393765866841372,5,0.7014590992647058,0,0.0,0.25,34.816,24.422,1.4255998689706004,1.0
74,1,10,1.0,10.875,1,1.0,0,0.0,0.05,5.9,5.9,1.0,1.0
74,2,10,1.0,8.966346734988832,20,0.9915320479416364,0,0.0,0.35,38.379999999999995,38.055,1.0085402706608855,1.0
74,3,10,1.0,9.132898251192369,18,0.999947008637592,0,0.0,0.39999999999999997,37.742000000000004,37.74,1.0000529941706413,1.0
74,4,10,1.0,9.462647534115394,15,1.0,0,0.0,0.3,33.416,33.416,1.0,1.0
74,5,10,1.0,10.755020746887967,2,1.0,0,0.0,0.1,12.05,12.05,1.0,1.0
74,6,10,1.0,10.163647739667919,7,0.9528538845742993,0,0.0,0.35,34.637,33.004000000000005,1.0494788510483577,1.0
74,7,10,1.0,10.18750019459796,7,0.7119818222123697,0,0.0,0.3,36.088,25.694,1.4045302405230795,1.0
74,8,10,1.0,9.844767973952068,11,0.954341862157774,0,0.0,0.25,35.722,34.091,1.0478425390865624,1.0
74,9,10,1.0,9.927205375401694,10,1.0,0,0.0,0.25,34.23,34.23,1.0,1.0
75,0,10,1.0,8.993836132901627,19,0.9698010621259378,0,0.0,0.44999999999999996,47.452,46.019,1.0311393120232948,1.0
75,1,10,1.0,10.51347730295976,4,0.9999168675700392,0,0.0,0.2,24.058,24.056,1.0000831393415364,1.0
75,2,10,0.0,-2.896703707689824,11,0.0,0,1.0,0.05,2.47,18.583000000000002,0.13291718237098424,1.0
75,3,10,1.0,10.317477801859749,6,0.611082628385884,0,0.0,0.25,23.406,14.303,1.6364399077116687,1.0
75,4,10,1.0,9.6735096036956,12,1.0,0,0.0,0.39999999999999997,32.904,32.904,1.0,1.0
75,5,10,1.0,9.972637056917488,10,1.0,0,0.0,0.2,30.553,30.553,1.0,1.0
75,6,10,1.0,10.755559179128221,2,1.0,0,0.0,0.1,12.572,12.572,1.0,1.0
75,7,10,1.0,10.091267248496285,8,0.9161286837200506,0,0.0,0.3,37.021,33.916,1.0915497110508317,1.0
75,8,10,1.0,10.515301161822435,4,1.0,0,0.0,0.2,25.219,25.219,1.0,1.0
75,9,10,1.0,9.644557088526774,13,1.0,0,0.0,0.3,36.022999999999996,36.022999999999996,1.0,1.0
76,0,10,1.0,10.33635326829728,6,1.0,0,0.0,0.2,21.219,21.219,1.0,1.0
76,1,10,1.0,9.84892477559337,11,1.0,0,0.0,0.25,36.318,36.318,1.0,1.0
76,2,10,1.0,10.244698838177564,7,1.0,0,0.0,0.2,25.219,25.219,1.0,1.0
76,3,10,1.0,10.633826530612245,3,1.0,0,0.0,0.15000000000000002,11.956,11.956,1.0,1.0
76,4,10,1.0,10.51503954550518,4,1.0,0,0.0,0.2,17.954,17.954,1.0,1.0
76,5,10,1.0,9.088542843113185,18,0.9719920163144878,0,0.0,0.44999999999999996,46.093999999999994,44.803,1.0288150347074971,1.0
76,6,10,1.0,9.539481659263505,14,0.6690312994296121,0,0.0,0.35,41.726,27.915999999999997,1.4946983808568564,1.0
76,7,10,1.0,10.066801503313224,9,1.0,0,0.0,0.2,30.333000000000002,30.333000000000002,1.0,1.0
76,8,10,1.0,10.875,1,1.0,0,0.0,0.05,3.05,3.05,1.0,1.0
76,9,10,1.0,10.274075566597988,6,1.0,0,0.0,0.3,33.004000000000005,33.004000000000005,1.0,1.0
77,0,10,1.0,10.120155733836716,8,1.0,0,0.0,0.25,33.904,33.904,1.0,1.0
77,1,10,0.0,-2.9000000000000004,10,0.0,0,1.0,0.0,0.0,42.552,0.0,1.0
77,2,10,1.0,9.978114818867006,9,1.0,0,0.0,0.35,32.904,32.904,1.0,1.0
77,3,10,0.0,-2.9000000000000004,10,0.0,0,1.0,0.0,0.0,38.055,0.0,1.0
77,4,10,1.0,10.514756106296112,4,0.9448110174939939,0,0.0,0.2,29.553,27.922,1.05841272115178,1.0
77,5,10,1.0,10.394492561318858,5,1.0,0,0.0,0.25,24.87,24.87,1.0,1.0
77,6,10,1.0,10.39301521249744,5,1.0,0,0.0,0.25,29.318,29.318,1.0,1.0
77,7,10,0.0,-2.9,10,0.0,0,1.0,0.0,0.0,43.544,0.0,1.0
77,8,10,1.0,10.875,1,1.0,0,0.0,0.05,3.869,3.869,1.0,1.0
77,9,10,1.0,10.875,1,1.0,0,0.0,0.05,6.0,6.0,1.0,1.0
78,0,10,0.0,-2.7471931896092023,11,0.0,0,1.0,0.05,11.85,39.381,0.30090652852898603,1.0
78,1,10,0.0,-3.0552447653429606,13,0.0,0,1.0,0.15000000000000002,9.0,41.550000000000004,0.21660649819494582,1.0
78,2,10,0.0,-2.8999999999999995,10,0.0,0,1.0,0.0,0.0,41.83,0.0,1.0
78,3,10,0.0,-2.894447432762836,11,0.0,0,1.0,0.05,4.709,34.765,0.13545232273838628,1.0
78,4,10,1.0,9.919426073842374,9,0.8919612385721046,0,0.0,0.44999999999999996,40.143,35.806,1.1211249511255097,1.0
78,5,10,0.0,-2.811225247524752,11,0.0,0,1.0,0.05,7.4,32.32,0.22896039603960397,1.0
78,6,10,0.0,-2.7448435709879266,13,0.0,0,1.0,0.15000000000000002,12.872,22.694,0.5671983784260157,1.0
78,7,10,1.0,10.157965675947233,7,1.0,0,0.0,0.35,30.853,30.853,1.0,1.0
78,8,10,1.0,10.396984787502557,5,1.0,0,0.0,0.25,29.318,29.318,1.0,1.0
78,9,10,0.0,-2.9940863839707643,13,0.0,0,1.0,0.15000000000000002,9.05,31.742,0.2851112091235587,1.0
79,0,10,1.0,10.2725,6,0.9999333466640006,0,0.0,0.3,30.006,30.004,1.0000666577789628,1.0
79,1,10,1.0,10.397058368473743,5,1.0,0,0.0,0.25,32.962999999999994,32.962999999999994,1.0,1.0
79,2,10,1.0,9.94784664743469,9,1.0,0,0.0,0.39999999999999997,37.091,37.091,1.0,1.0
79,3,10,1.0,10.512259046217645,4,1.0,0,0.0,0.2,29.902,29.902,1.0,1.0
79,4,10,1.0,10.875,1,1.0,0,0.0,0.05,3.05,3.05,1.0,1.0
79,5,10,1.0,10.392712097335727,5,1.0,0,0.0,0.25,27.287,27.287,1.0,1.0
79,6,10,1.0,10.203890620226092,7,1.0,0,0.0,0.25,32.73,32.73,1.0,1.0
79,7,10,1.0,9.931341212433038,10,1.0,0,0.0,0.25,33.041,33.041,1.0,1.0
79,8,10,1.0,10.155999800039993,7,1.0,0,0.0,0.35,30.006,30.006,1.0,1.0
79,9,10,1.0,10.875,1,1.0,0,0.0,0.05,2.9,2.9,1.0,1.0
80,0,10,1.0,9.023117215041129,19,0.8175224554493492,0,0.0,0.44999999999999996,41.638,34.04,1.223207990599295,1.0
80,1,10,1.0,9.428130811327772,14,0.999946870683243,0,0.0,0.49999999999999994,37.644,37.641999999999996,1.0000531321396313,1.0
80,2,10,1.0,10.092883730656629,8,1.0,0,0.0,0.3,28.692,28.692,1.0,1.0
80,3,10,1.0,9.470846669646848,15,1.0,0,0.0,0.3,33.555,33.555,1.0,1.0
80,4,10,1.0,10.752659631743297,2,1.0,0,0.0,0.1,9.287,9.287,1.0,1.0
80,5,10,1.0,9.787878003280692,11,1.0,0,0.0,0.35,31.091,31.091,1.0,1.0
80,6,10,1.0,10.037288813477154,8,1.0,0,0.0,0.39999999999999997,33.004000000000005,33.004000000000005,1.0,1.0
80,7,10,1.0,10.519287038720233,4,1.0,0,0.0,0.2,27.505,27.505,1.0,1.0
80,8,10,1.0,10.753034825870646,2,1.0,0,0.0,0.1,10.05,10.05,1.0,1.0
80,9,10,1.0,9.971463121164723,9,1.0,0,0.0,0.35,33.244,33.244,1.0,1.0
81,0,10,1.0,10.332741785243952,6,1.0,0,0.0,0.2,31.133000000000003,31.133000000000003,1.0,1.0
81,1,10,1.0,10.63399382560484,3,1.0,0,0.0,0.15000000000000002,15.872,15.872,1.0,1.0
81,2,10,1.0,9.816881690762608,11,0.9729410501449588,0,0.0,0.3,37.251999999999995,36.244,1.0278114998344552,1.0
81,3,10,1.0,9.70446361600518,12,0.9999999999999998,0,0.0,0.35,37.063,37.062999999999995,1.0000000000000002,1.0
81,4,10,1.0,10.511059766820313,4,1.0,0,0.0,0.2,25.817,25.817,1.0,1.0
81,5,10,1.0,10.184312853907134,7,1.0,0,0.0,0.3,35.32,35.32,1.0,1.0
81,6,10,1.0,10.518981818181818,4,0.6073545109875952,0,0.0,0.2,27.167,16.5,1.6464848484848487,1.0
81,7,10,1.0,9.91229984100118,10,1.0,0,0.0,0.3,38.99399999999999,38.99399999999999,1.0,1.0
81,8,10,0.0,-2.9000000000000004,10,0.0,0,1.0,0.0,0.0,26.353,0.0,1.0
81,9,10,0.0,-2.9180254603566635,11,0.0,0,1.0,0.05,3.0,27.533,0.10896015690262593,1.0
82,0,10,0.0,-2.8999999999999995,10,0.0,0,1.0,0.0,0.0,40.664,0.0,1.0
82,1,10,1.0,10.037564701953583,9,1.0,0,0.0,0.25,23.956,23.956,1.0,1.0
82,2,10,0.0,-2.8999999999999995,10,0.0,0,1.0,0.0,0.0,34.058,0.0,1.0
82,3,10,1.0,10.516153530588175,4,1.0,0,0.0,0.2,19.501,19.501,1.0,1.0
82,4,10,1.0,10.396991178863528,5,1.0,0,0.0,0.25,23.353,23.353,1.0,1.0
82,5,10,1.0,10.756060606060606,2,1.0,0,0.0,0.1,11.55,11.55,1.0,1.0
82,6,10,0.0,-2.900051633678483,10,0.0,0,1.0,0.0,0.0,36.022999999999996,0.0,1.0
82,7,10,0.0,-2.8999999999999995,10,0.0,0,1.0,0.0,0.0,30.92,0.0,1.0
82,8,10,1.0,10.40975040257649,5,0.5776545166402536,0,0.0,0.25,29.026,16.767,1.7311385459533608,1.0
82,9,10,1.0,10.875,1,1.0,0,0.0,0.05,3.0,3.0,1.0,1.0
83,0,10,1.0,10.335984524826735,6,1.0,0,0.0,0.2,21.066,21.066,1.0,1.0
83,1,10,0.0,-2.84564282903797,12,0.0,0,1.0,0.05,11.85,40.664,0.29141255164273067,1.0
83,2,10,0.0,-3.0573353508003507,12,0.0,0,1.0,0.05,6.0,25.113999999999997,0.23891056781078285,1.0
83,3,10,1.0,10.397016244465897,5,0.9892972403345848,0,0.0,0.25,30.366,30.041,1.0108185479844212,1.0
83,4,10,1.0,10.521772892474072,4,0.4881014191761856,0,0.0,0.2,23.112,11.281,2.0487545430369645,1.0
83,5,10,0.0,-2.9000000000000004,10,0.0,0,1.0,0.0,0.0,25.040999999999997,0.0,1.0
83,6,10,1.0,10.756114100264755,2,1.0,0,0.0,0.1,11.709,11.709,1.0,1.0
83,7,10,0.0,-2.6656881739437868,12,0.0,0,1.0,0.1,14.784,28.285,0.522679865653173,1.0
83,8,10,1.0,10.391526762850539,5,0.9864760789870922,0,0.0,0.25,32.461,32.022,1.013709324839173,1.0
83,9,10,1.0,10.282343839268712,6,0.6230976890444688,0,0.0,0.3,33.709,21.004,1.6048847838506952,1.0
84,0,10,0.0,-2.9000000000000004,10,0.0,0,1.0,0.0,0.0,27.92,0.0,1.0
84,1,10,1.0,10.63489966555184,3,1.0,0,0.0,0.15000000000000002,14.950000000000001,14.950000000000001,1.0,1.0
84,2,10,0.0,-2.8999999999999995,10,0.0,0,1.0,0.0,0.0,24.772,0.0,1.0
84,3,10,0.0,-2.9000000000000004,10,0.0,0,1.0,0.0,0.0,30.041,0.0,1.0
84,4,10,1.0,10.75643252887595,2,1.0,0,0.0,0.1,10.649,10.649,1.0,1.0
84,5,10,1.0,10.636583955163088,3,1.0,0,0.0,0.15000000000000002,30.689,30.689,1.0,1.0
84,6,10,0.0,-2.9000000000000004,10,0.0,0,1.0,0.0,0.0,26.588,0.0,1.0
84,7,10,1.0,10.3955,5,0.8783427495291902,0,0.0,0.25,26.55,23.32,1.1385077186963979,1.0
84,8,10,0.0,-2.8999999999999995,10,0.0,0,1.0,0.0,0.0,25.869,0.0,1.0
84,9,10,0.0,-2.8999999999999995,10,0.0,0,1.0,0.0,0.0,40.091,0.0,1.0
85,0,10,1.0,10.007396468065899,9,0.9466684470556816,0,0.0,0.3,37.445,35.448,1.0563360415256149,1.0
85,1,10,1.0,10.75516608316967,2,1.0,0,0.0,0.1,11.710999999999999,11.710999999999999,1.0,1.0
85,2,10,1.0,10.398272904138663,5,0.88174977581972,0,0.0,0.25,25.649,22.616,1.1341085956844712,1.0
85,3,10,1.0,10.511295111688845,4,1.0,0,0.0,0.2,29.233,29.233,1.0,1.0
85,4,10,1.0,10.875,1,1.0,0,0.0,0.05,3.0,3.0,1.0,1.0
85,5,10,1.0,9.027654947091238,19,0.99115514741421,0,0.0,0.39999999999999997,41.379999999999995,41.014,1.0089237821231773,1.0
85,6,10,1.0,10.756114100264755,2,1.0,0,0.0,0.1,11.709,11.709,1.0,1.0
85,7,10,1.0,9.433722265109445,15,1.0,0,0.0,0.35,40.157,40.157,1.0,1.0
85,8,10,1.0,10.269330301777593,6,1.0,0,0.0,0.3,38.704,38.704,1.0,1.0
85,9,10,1.0,10.515769102249944,4,1.0,0,0.0,0.2,17.956,17.956,1.0,1.0
86,0,10,1.0,10.153068319961099,7,1.0,0,0.0,0.35,32.904,32.904,1.0,1.0
86,1,10,0.0,-2.8999999999999995,10,0.0,0,1.0,0.0,0.0,39.025,0.0,1.0
86,2,10,0.0,-2.8999999999999995,10,0.0,0,1.0,0.0,0.0,25.765,0.0,1.0
86,3,10,1.0,10.300746243646316,6,1.0,0,0.0,0.25,35.806,35.806,1.0,1.0
86,4,10,1.0,10.395115961800819,5,1.0,0,0.0,0.25,24.921999999999997,24.921999999999997,1.0,1.0
86,5,10,1.0,10.18901571879448,7,1.0,0,0.0,0.3,32.318,32.318,1.0,1.0
86,6,10,1.0,10.51580860641851,4,1.0,0,0.0,0.2,20.659,20.659,1.0,1.0
86,7,10,1.0,10.633920771560657,3,1.0,0,0.0,0.15000000000000002,18.819,18.819,1.0,1.0
86,8,10,0.0,-2.8999999999999995,10,0.0,0,1.0,0.0,0.0,30.438000000000002,0.0,1.0
86,9,10,0.0,-2.9000000000000004,10,0.0,0,1.0,0.0,0.0,41.279999999999994,0.0,1.0
87,0,10,1.0,9.94175534135327,10,1.0,0,0.0,0.25,26.351,26.351,1.0,1.0
87,1,10,1.0,10.093755947071067,8,0.9999256671374415,0,0.0,0.3,26.906,26.904,1.0000743383883437,1.0
87,2,10,0.0,-2.8999999999999995,10,0.0,0,1.0,0.0,0.0,34.635,0.0,1.0
87,3,10,0.0,-2.829916909371253,11,0.0,0,1.0,0.05,5.661,17.511,0.323282508137742,1.0
87,4,10,1.0,10.21002776064158,7,1.0,0,0.0,0.25,22.694,22.694,1.0,1.0
87,5,10,1.0,10.275715509854328,6,1.0,0,0.0,0.3,21.006,21.006,1.0,1.0
87,6,10,1.0,10.516896990250107,4,1.0,0,0.0,0.2,18.872,18.872,1.0,1.0
87,7,10,0.0,-2.9252466604946434,11,0.0,0,1.0,0.05,3.05,30.244,0.10084644888242296,1.0
87,8,10,1.0,9.843812709950988,11,1.0,0,0.0,0.25,36.318,36.318,1.0,1.0
87,9,10,1.0,9.447238768539968,15,1.0,0,0.0,0.3,41.869,41.869,1.0,1.0
88,0,10,1.0,10.302287561146052,6,0.9347747983146618,0,0.0,0.25,30.616999999999997,28.619999999999997,1.0697763801537385,1.0
88,1,10,1.0,9.518360175322357,13,0.9999490367954337,0,0.0,0.49999999999999994,39.244,39.242,1.000050965801947,1.0
88,2,10,1.0,9.565680654221048,14,1.0,0,0.0,0.25,36.318,36.318,1.0,1.0
88,3,10,1.0,9.999777918258527,9,1.0,0,0.0,0.3,36.382999999999996,36.382999999999996,1.0,1.0
88,4,10,1.0,10.034287418774552,9,0.9999265812561947,0,0.0,0.25,27.241,27.239,1.000073424134513,1.0
88,5,10,1.0,10.281252570406794,6,1.0,0,0.0,0.3,33.555,33.555,1.0,1.0
88,6,10,1.0,8.925165248981038,20,0.9206672920830444,0,0.0,0.44999999999999996,49.034,45.144,1.0861687045897572,1.0
88,7,10,1.0,10.392881788178817,5,0.9982457641622454,0,0.0,0.25,23.372,23.331,1.0017573185890019,1.0
88,8,10,0.0,-2.8999999999999995,10,0.0,0,1.0,0.0,0.0,10.501000000000001,0.0,1.0
88,9,10,1.0,10.515062761506277,4,1.0,0,0.0,0.2,23.9,23.9,1.0,1.0
89,0,10,0.0,-2.562294855480822,12,0.0,0,1.0,0.1,17.683,27.505,0.6429012906744228,1.0
89,1,10,1.0,10.517091070285181,4,1.0,0,0.0,0.2,20.303,20.303,1.0,1.0
89,2,10,1.0,10.270837789661318,6,0.9565472225922472,0,0.0,0.3,37.535000000000004,35.904,1.0454266934046346,1.0
89,3,10,0.0,-2.8963852208132934,11,0.0,0,1.0,0.05,3.05,22.87,0.13336248360297331,1.0
89,4,10,0.0,-2.9434510323297784,10,0.0,0,1.0,0.0,0.0,42.282999999999994,0.0,1.0
89,5,10,0.0,-2.9000000000000004,10,0.0,0,1.0,0.0,0.0,36.555,0.0,1.0
89,6,10,1.0,10.275631811805331,6,0.796065630100507,0,0.0,0.3,34.922999999999995,27.801000000000002,1.2561778353296642,1.0
89,7,10,0.0,-2.954137245810426,12,0.0,0,1.0,0.1,6.0,30.194,0.19871497648539446,1.0
89,8,10,0.0,-2.975033331196718,12,0.0,0,1.0,0.1,5.9,31.201999999999998,0.18909044292032565,1.0
89,9,10,0.0,-2.8999999999999995,10,0.0,0,1.0,0.0,0.0,46.544,0.0,1.0
90,0,10,1.0,10.126500286314183,8,1.0,0,0.0,0.25,20.956,20.956,1.0,1.0
90,1,10,1.0,9.678987939980367,13,1.0,0,0.0,0.25,35.655,35.655,1.0,1.0
90,2,10,1.0,10.300472023114963,6,1.0,0,0.0,0.25,35.994,35.994,1.0,1.0
90,3,10,1.0,9.77016037857051,12,0.9279895084051981,0,0.0,0.25,25.163,23.351,1.0775983897905872,1.0
90,4,10,1.0,10.512340068196856,4,1.0,0,0.0,0.2,19.649,19.649,1.0,1.0
90,5,10,1.0,10.51675079883675,4,1.0,0,0.0,0.2,27.852999999999998,27.852999999999998,1.0,1.0
90,6,10,1.0,10.015202308260081,9,1.0,0,0.0,0.25,29.806,29.806,1.0,1.0
90,7,10,1.0,9.590930503196198,14,1.0,0,0.0,0.25,30.505,30.505,1.0,1.0
90,8,10,1.0,10.63697671299029,3,0.7459574127441563,0,0.0,0.15000000000000002,24.984,18.637,1.3405591028599024,1.0
90,9,10,1.0,10.303437511350015,6,1.0,0,0.0,0.25,27.533,27.533,1.0,1.0
91,0,10,1.0,10.393368460468599,5,1.0,0,0.0,0.25,28.041,28.041,1.0,1.0
91,1,10,1.0,9.34138816186833,16,1.0,0,0.0,0.35,44.702999999999996,44.702999999999996,1.0,1.0
91,2,10,1.0,9.885520165664136,11,1.0,0,0.0,0.2,30.423000000000002,30.423000000000002,1.0,1.0
91,3,10,1.0,10.633143449470882,3,1.0,0,0.0,0.15000000000000002,16.159,16.159,1.0,1.0
91,4,10,1.0,10.119939265775672,8,1.0,0,0.0,0.25,29.555,29.555,1.0,1.0
91,5,10,1.0,10.068018734627662,8,1.0,0,0.0,0.35,38.218,38.218,1.0,1.0
91,6,10,1.0,9.486859996820519,14,0.9336532752820106,0,0.0,0.39999999999999997,40.424,37.742,1.071061416989031,1.0
91,7,10,0.0,-2.8999999999999995,10,0.0,0,1.0,0.0,0.0,33.433,0.0,1.0
91,8,10,0.0,-2.9037685385769043,11,0.0,0,1.0,0.05,3.0,24.004,0.12497917013831028,1.0
91,9,10,1.0,10.21144323233597,7,1.0,0,0.0,0.25,31.717,31.717,1.0,1.0
92,0,10,1.0,10.753960900036887,2,1.0,0,0.0,0.1,13.555,13.555,1.0,1.0
92,1,10,1.0,9.639351584618346,13,1.0,0,0.0,0.3,36.381,36.381,1.0,1.0
92,2,10,0.0,-2.8999999999999995,10,0.0,0,1.0,0.0,0.0,49.544,0.0,1.0
92,3,10,0.0,-2.8999999999999995,10,0.0,0,1.0,0.0,0.0,31.040999999999997,0.0,1.0
92,4,10,1.0,10.397339949148039,5,0.8075202255454766,0,0.0,0.25,32.632000000000005,26.351,1.2383590755569052,1.0
92,5,10,0.0,-2.9000000000000012,10,0.0,0,1.0,0.0,0.0,18.191,0.0,1.0
92,6,10,1.0,9.884393666938271,10,1.0,0,0.0,0.35,35.590999999999994,35.590999999999994,1.0,1.0
92,7,10,1.0,10.875,1,1.0,0,0.0,0.05,2.9,2.9,1.0,1.0
92,8,10,1.0,10.635055865921787,3,1.0,0,0.0,0.15000000000000002,17.9,17.9,1.0,1.0
92,9,10,1.0,10.875,1,1.0,0,0.0,0.05,5.9,5.9,1.0,1.0
93,0,10,1.0,10.755559179128221,2,1.0,0,0.0,0.1,12.572,12.572,1.0,1.0
93,1,10,1.0,10.51458224487174,4,1.0,0,0.0,0.2,23.351,23.351,1.0,1.0
93,2,10,1.0,9.801490561780854,11,1.0,0,0.0,0.3,39.891,39.891,1.0,1.0
93,3,10,1.0,9.370746685275646,16,1.0,0,0.0,0.3,40.124,40.124,1.0,1.0
93,4,10,1.0,10.399677487352445,5,1.0,0,0.0,0.25,33.208,33.208,1.0,1.0
93,5,10,1.0,9.42758801456793,15,1.0,0,0.0,0.35,36.244,36.244,1.0,1.0
93,6,10,1.0,10.753333333333334,2,1.0,0,0.0,0.1,9.0,9.0,1.0,1.0
93,7,10,0.0,-2.8706762396083194,12,0.0,0,1.0,0.1,8.9,30.433,0.2924457003910229,1.0
93,8,10,1.0,10.512841949454526,4,1.0,0,0.0,0.2,18.241,18.241,1.0,1.0
93,9,10,1.0,9.978207833441038,9,0.9516055720435281,0,0.0,0.35,37.401,35.591,1.0508555533702342,1.0
94,0,10,1.0,10.515503691470759,4,1.0,0,0.0,0.2,20.588,20.588,1.0,1.0
94,1,10,1.0,10.02688671743585,9,1.0,0,0.0,0.25,32.696999999999996,32.696999999999996,1.0,1.0
94,2,10,0.0,-2.8999999999999995,10,0.0,0,1.0,0.0,0.0,34.669000000000004,0.0,1.0
94,3,10,0.0,-2.8999999999999995,10,0.0,0,1.0,0.0,0.0,50.923,0.0,1.0
94,4,10,0.0,-2.9,10,0.0,0,1.0,0.0,0.0,42.991,0.0,1.0
94,5,10,0.0,-2.8999999999999995,10,0.0,0,1.0,0.0,0.0,37.742000000000004,0.0,1.0
94,6,10,0.0,-2.8999999999999995,10,0.0,0,1.0,0.0,0.0,41.550000000000004,0.0,1.0
94,7,10,0.0,-2.9000000000000004,10,0.0,0,1.0,0.0,0.0,40.642,0.0,1.0
94,8,10,1.0,10.33303518524683,6,1.0,0,0.0,0.2,30.041,30.041,1.0,1.0
94,9,10,0.0,-2.679976536368629,12,0.0,0,1.0,0.1,10.209,20.031,0.5096600269582148,1.0
95,0,10,1.0,10.875,1,1.0,0,0.0,0.05,6.05,6.05,1.0,1.0
95,1,10,1.0,9.845497123953148,11,1.0,0,0.0,0.25,33.553,33.553,1.0,1.0
95,2,10,1.0,9.909980906441564,10,1.0,0,0.0,0.3,29.852999999999998,29.852999999999998,1.0,1.0
95,3,10,1.0,9.528284741749296,14,0.9999506708760851,0,0.0,0.35,40.544,40.541999999999994,1.0000493315573973,1.0
95,4,10,1.0,10.156005348893752,7,0.9999392208107943,0,0.0,0.35,32.906,32.903999999999996,1.0000607828835402,1.0
95,5,10,1.0,10.513137159533075,4,1.0,0,0.0,0.2,22.616,22.616,1.0,1.0
95,6,10,1.0,8.766696136584045,22,0.992723446175891,0,0.0,0.39999999999999997,44.664,44.339,1.0073298901644152,1.0
95,7,10,1.0,9.097107253351668,18,1.0,0,0.0,0.44999999999999996,46.544,46.544,1.0,1.0
95,8,10,1.0,10.753781512605043,2,1.0,0,0.0,0.1,11.9,11.9,1.0,1.0
95,9,10,1.0,10.394791920349546,5,1.0,0,0.0,0.25,27.922,27.922,1.0,1.0
96,0,10,1.0,10.514485711932801,4,1.0,0,0.0,0.2,36.429,36.429,1.0,1.0
96,1,10,0.0,-2.9000000000000004,10,0.0,0,1.0,0.0,0.0,46.742,0.0,1.0
96,2,10,0.0,-2.8999999999999995,10,0.0,0,1.0,0.0,0.0,42.361000000000004,0.0,1.0
96,3,10,0.0,-2.9000000000000004,10,0.0,0,1.0,0.0,0.0,28.091,0.0,1.0
96,4,10,1.0,10.753855381906229,2,1.0,0,0.0,0.1,9.086,9.086,1.0,1.0
96,5,10,1.0,10.18618875943987,7,0.935593822119652,0,0.0,0.3,28.165,26.351,1.068839892224204,1.0
96,6,10,0.0,-2.9000000000000004,10,0.0,0,1.0,0.0,0.0,33.242,0.0,1.0
96,7,10,1.0,9.763245320855615,11,1.0,0,0.0,0.39999999999999997,35.904,35.904,1.0,1.0
96,8,10,1.0,10.754957983193277,2,1.0,0,0.0,0.1,11.9,11.9,1.0,1.0
96,9,10,1.0,10.634343385214008,3,1.0,0,0.0,0.15000000000000002,24.672,24.672,1.0,1.0
97,0,10,0.0,-2.965408821074112,10,0.0,0,1.0,0.0,0.0,43.123999999999995,0.0,1.0
97,1,10,1.0,10.636067519784476,3,1.0,0,0.0,0.15000000000000002,23.756,23.756,1.0,1.0
97,2,10,1.0,9.373050018804062,16,1.0,0,0.0,0.3,34.567,34.567,1.0,1.0
97,3,10,0.0,-2.9000000000000004,10,0.0,0,1.0,0.0,0.0,28.089,0.0,1.0
97,4,10,1.0,10.154858378462619,8,1.0,0,0.0,0.2,25.667,25.667,1.0,1.0
97,5,10,1.0,10.037385215958743,8,0.758173129140871,0,0.0,0.39999999999999997,36.828,27.922,1.3189599598882602,1.0
97,6,10,1.0,9.972065819903822,9,1.0,0,0.0,0.35,27.241,27.241,1.0,1.0
97,7,10,1.0,10.308903267034108,6,1.0,0,0.0,0.25,25.038,25.038,1.0,1.0
97,8,10,1.0,10.875,1,1.0,0,0.0,0.05,8.322,8.322,1.0,1.0
97,9,10,1.0,9.667494793967313,12,1.0,0,0.0,0.39999999999999997,31.694,31.694,1.0,1.0
98,0,10,1.0,10.39169497992634,5,1.0,0,0.0,0.25,30.139,30.139,1.0,1.0
98,1,10,1.0,10.75506932791663,2,1.0,0,0.0,0.1,11.323,11.323,1.0,1.0
98,2,10,1.0,10.875,1,1.0,0,0.0,0.05,7.159,7.159,1.0,1.0
98,3,10,1.0,10.303330627705627,6,1.0,0,0.0,0.25,25.872,25.872,1.0,1.0
98,4,10,1.0,9.130854115466743,17,1.0,0,0.0,0.5499999999999999,49.641999999999996,49.641999999999996,1.0,1.0
98,5,10,1.0,9.9691394570673,9,1.0,0,0.0,0.35,37.058,37.058,1.0,1.0
98,6,10,1.0,10.6337097304405,3,1.0,0,0.0,0.15000000000000002,12.168,12.168,1.0,1.0
98,7,10,1.0,9.825000000000001,11,1.0,0,0.0,0.3,49.344,49.344,1.0,1.0
98,8,10,1.0,10.330459810187875,6,1.0,0,0.0,0.2,25.815,25.815,1.0,1.0
98,9,10,1.0,10.03499108079748,9,1.0,0,0.0,0.25,38.12,38.12,1.0,1.0
99,0,10,0.0,-2.807620775053193,13,0.0,0,1.0,0.1,13.45,28.668999999999997,0.46914786005790227,1.0
99,1,10,0.0,-2.9446179129005747,10,0.0,0,1.0,0.0,0.0,37.727,0.0,1.0
99,2,10,0.0,-2.9729780867728595,12,0.0,0,1.0,0.1,6.05,34.089,0.17747660535656665,1.0
99,3,10,0.0,-2.9886600654795177,12,0.0,0,1.0,0.1,6.0,37.569,0.15970614070110994,1.0
99,4,10,0.0,-2.9847394337299957,12,0.0,0,1.0,0.1,6.0,36.555,0.16413623307345096,1.0
99,5,10,1.0,10.519459887961103,4,0.6844884965996236,0,0.0,0.2,27.644000000000002,18.921999999999997,1.4609449318253889,1.0
99,6,10,1.0,10.514872227933617,4,1.0,0,0.0,0.2,27.236,27.236,1.0,1.0
99,7,10,1.0,10.39377020496584,5,1.0,0,0.0,0.25,24.004,24.004,1.0,1.0
99,8,10,0.0,-3.0557899535809026,13,0.0,0,1.0,0.05,5.661,36.192,0.15641578249336868,1.0
99,9,10,1.0,10.274521739130435,6,0.7370522838760568,0,0.0,0.3,40.567,29.9,1.3567558528428094,1.0
100,0,10,1.0,10.875,1,1.0,0,0.0,0.05,6.817,6.817,1.0,1.0
100,1,10,1.0,10.095231668750461,8,1.0,0,0.0,0.3,27.194,27.194,1.0,1.0
100,2,10,1.0,10.514725781861634,4,1.0,0,0.0,0.2,24.269000000000002,24.269000000000002,1.0,1.0
100,3,10,1.0,10.875,1,1.0,0,0.0,0.05,6.0,6.0,1.0,1.0
100,4,10,1.0,9.394440705762596,16,0.9908940629290296,0,0.0,0.25,35.691,35.366,1.0091896171464119,1.0
100,5,10,1.0,9.733700746307603,11,0.9569256124054237,0,0.0,0.44999999999999996,40.047,38.322,1.0450133082824486,1.0
100,6,10,1.0,9.526957369806354,14,1.0,0,0.0,0.3,42.552,42.552,1.0,1.0
100,7,10,1.0,10.875,1,1.0,0,0.0,0.05,6.0,6.0,1.0,1.0
100,8,10,1.0,9.881934538810485,10,1.0,0,0.0,0.35,31.744,31.744,1.0,1.0
100,9,10,1.0,10.632764671404498,3,1.0,0,0.0,0.15000000000000002,13.649,13.649,1.0,1.0
101,0,10,0.0,-2.9,10,0.0,0,1.0,0.0,0.0,45.355,0.0,1.0
101,1,10,1.0,10.395457746478874,5,1.0,0,0.0,0.25,28.4,28.4,1.0,1.0
101,2,10,1.0,9.794410865355212,11,0.9360748020227078,0,0.0,0.35,41.924,39.244,1.0682906941188461,1.0
101,3,10,1.0,10.512818554929845,4,1.0,0,0.0,0.2,20.954,20.954,1.0,1.0
101,4,10,1.0,10.303882256634148,6,0.9999317871759891,0,0.0,0.25,29.32,29.318,1.0000682174773177,1.0
101,5,10,1.0,10.236488431151242,7,1.0,0,0.0,0.2,21.264,21.264,1.0,1.0
101,6,10,1.0,10.512326906638807,4,0.6695281699097038,0,0.0,0.2,31.451999999999998,21.058,1.4935891347706334,1.0
101,7,10,1.0,10.633901556365013,3,1.0,0,0.0,0.15000000000000002,21.139,21.139,1.0,1.0
101,8,10,1.0,10.756629834254143,2,1.0,0,0.0,0.1,9.05,9.05,1.0,1.0
101,9,10,1.0,10.517203506022916,4,1.0,0,0.0,0.2,20.421999999999997,20.421999999999997,1.0,1.0
102,0,10,1.0,10.203297535609314,7,1.0,0,0.0,0.25,22.115,22.115,1.0,1.0
102,1,10,1.0,9.973193771915177,9,0.6974090247452692,0,0.0,0.35,34.35,23.956,1.4338787777592252,1.0
102,2,10,1.0,10.514282073743729,4,1.0,0,0.0,0.2,25.114,25.114,1.0,1.0
102,3,10,0.0,-2.9236426207007913,10,0.0,0,1.0,0.0,0.0,49.544,0.0,1.0
102,4,10,0.0,-2.9000000000000004,10,0.0,0,1.0,0.0,0.0,44.470000000000006,0.0,1.0
102,5,10,0.0,-2.9,10,0.0,0,1.0,0.0,0.0,28.041,0.0,1.0
102,6,10,1.0,10.634310898063003,3,1.0,0,0.0,0.15000000000000002,25.555,25.555,1.0,1.0
102,7,10,1.0,10.395771762984637,5,1.0,0,0.0,0.25,21.872,21.872,1.0,1.0
102,8,10,1.0,9.767978171896315,12,0.8405481337079297,0,0.0,0.25,34.882,29.32,1.1896998635743519,1.0
102,9,10,0.0,-2.8999999999999995,10,0.0,0,1.0,0.0,0.0,52.343999999999994,0.0,1.0
103,0,10,1.0,10.391573187831494,5,1.0,0,0.0,0.25,32.806,32.806,1.0,1.0
103,1,10,1.0,10.754669260700389,2,1.0,0,0.0,0.1,12.85,12.85,1.0,1.0
103,2,10,1.0,10.875,1,1.0,0,0.0,0.05,8.186,8.186,1.0,1.0
103,3,10,1.0,10.635894064613073,3,1.0,0,0.0,0.15000000000000002,17.303,17.303,1.0,1.0
103,4,10,0.0,-2.9,10,0.0,0,1.0,0.0,0.0,44.558,0.0,1.0
103,5,10,0.0,-2.8999999999999995,10,0.0,0,1.0,0.0,0.0,20.954,0.0,1.0
103,6,10,1.0,10.179998962601793,7,1.0,0,0.0,0.3,38.558,38.558,1.0,1.0
103,7,10,1.0,10.635361366622865,3,1.0,0,0.0,0.15000000000000002,18.264,18.264,1.0,1.0
103,8,10,0.0,-2.8999999999999995,10,0.0,0,1.0,0.0,0.0,36.839999999999996,0.0,1.0
103,9,10,1.0,10.75674157303371,2,1.0,0,0.0,0.1,8.9,8.9,1.0,1.0
104,0,10,1.0,10.277761394101878,6,0.9999999999999999,0,0.0,0.3,26.856,26.855999999999998,1.0000000000000002,1.0
104,1,10,1.0,10.752953046559702,2,1.0,0,0.0,0.1,10.158999999999999,10.158999999999999,1.0,1.0
104,2,10,1.0,10.393313953488372,5,1.0,0,0.0,0.25,27.004,27.004,1.0,1.0
104,3,10,0.0,-3.3130873886333667,10,0.0,0,1.0,0.0,0.0,31.091,0.0,1.0
104,4,10,1.0,10.39557988482657,5,0.9999999999999999,0,0.0,0.25,22.401000000000003,22.401,1.0000000000000002,1.0
104,5,10,0.0,-2.8999999999999995,10,0.0,0,1.0,0.0,0.0,29.372,0.0,1.0
104,6,10,0.0,-2.8999999999999995,10,0.0,0,1.0,0.0,0.0,32.590999999999994,0.0,1.0
104,7,10,0.0,-2.9000000000000012,10,0.0,0,1.0,0.0,0.0,18.191,0.0,1.0
104,8,10,1.0,10.419913269731136,5,1.0,0,0.0,0.2,27.672,27.672,1.0,1.0
104,9,10,1.0,10.154744001773148,7,1.0,0,0.0,0.35,36.094,36.094,1.0,1.0
105,0,10,1.0,10.633355096231202,3,0.9313007895798513,0,0.0,0.15000000000000002,17.351,16.159,1.0737669410235782,1.0
105,1,10,1.0,10.092814775663612,8,0.999941276645722,0,0.0,0.3,34.058,34.056,1.0000587268029129,1.0
105,2,10,0.0,-2.9000000000000004,10,0.0,0,1.0,0.0,0.0,11.281,0.0,1.0
105,3,10,1.0,9.83244956466341,10,0.999952811268669,0,0.0,0.44999999999999996,42.383,42.381,1.0000471909582125,1.0
105,4,10,1.0,10.512340068196856,4,1.0,0,0.0,0.2,19.649,19.649,1.0,1.0
105,5,10,1.0,10.302349119260757,6,1.0,0,0.0,0.25,24.241,24.241,1.0,1.0
105,6,10,0.0,-2.8999999999999995,10,0.0,0,1.0,0.0,0.0,22.041,0.0,1.0
105,7,10,1.0,9.614205854678517,13,1.0,0,0.0,0.35,47.824999999999996,47.824999999999996,1.0,1.0
105,8,10,0.0,-2.9000000000000004,10,0.0,0,1.0,0.0,0.0,23.855999999999998,0.0,1.0
105,9,10,1.0,10.247181445070153,7,1.0,0,0.0,0.2,20.954,20.954,1.0,1.0
106,0,10,0.0,-2.8999999999999995,10,0.0,0,1.0,0.0,0.0,32.446,0.0,1.0
106,1,10,1.0,10.274801136363637,6,0.9066666666666665,0,0.0,0.3,39.6,35.903999999999996,1.1029411764705883,1.0
106,2,10,1.0,10.755497060572033,2,1.0,0,0.0,0.1,15.139,15.139,1.0,1.0
106,3,10,0.0,-2.8999999999999995,10,0.0,0,1.0,0.0,0.0,23.344,0.0,1.0
106,4,10,0.0,-2.899999999999999,10,0.0,0,1.0,0.0,0.0,16.691,0.0,1.0
106,5,10,1.0,10.755344464383242,2,0.6688060947610102,0,0.0,0.1,19.164,12.817,1.4952016852617618,1.0
106,6,10,0.0,-2.8999999999999995,10,0.0,0,1.0,0.0,0.0,43.019000000000005,0.0,1.0
106,7,10,0.0,-2.9000000000000004,10,0.0,0,1.0,0.0,0.0,17.956,0.0,1.0
106,8,10,0.0,-2.9,10,0.0,0,1.0,0.0,0.0,11.251999999999999,0.0,1.0
106,9,10,1.0,10.875,1,1.0,0,0.0,0.05,6.05,6.05,1.0,1.0
107,0,10,1.0,10.634310898063003,3,1.0,0,0.0,0.15000000000000002,25.555,25.555,1.0,1.0
107,1,10,1.0,10.516738331291078,4,0.9998886166184006,0,0.0,0.2,17.956,17.954,1.0001113957892391,1.0
107,2,10,0.0,-2.778960800176509,13,0.0,0,1.0,0.15000000000000002,14.371999999999998,27.194,0.5284989335882915,1.0
107,3,10,1.0,10.152998400319936,7,1.0,0,0.0,0.35,30.006,30.006,1.0,1.0
107,4,10,1.0,10.75700316536915,2,1.0,0,0.0,0.1,11.689,11.689,1.0,1.0
107,5,10,0.0,-2.9116891808612904,11,0.0,0,1.0,0.05,4.709,40.567,0.11607957206596493,1.0
107,6,10,0.0,-2.9000000000000004,10,0.0,0,1.0,0.0,0.0,40.64,0.0,1.0
107,7,10,1.0,10.754559616992173,2,1.0,0,0.0,0.1,13.158999999999999,13.158999999999999,1.0,1.0
107,8,10,1.0,9.855532295123819,10,1.0,0,0.0,0.39999999999999997,35.253,35.253,1.0,1.0
107,9,10,0.0,-2.8331434043571946,11,0.0,0,1.0,0.05,6.828,33.416,0.20433325353124254,1.0
108,0,10,1.0,10.063752811797052,8,1.0,0,0.0,0.35,24.006,24.006,1.0,1.0
108,1,10,1.0,9.377728154163131,15,0.9999394049566747,0,0.0,0.44999999999999996,33.006,33.004000000000005,1.000060598715307,1.0
108,2,10,1.0,10.512769084076506,4,1.0,0,0.0,0.2,17.829,17.829,1.0,1.0
108,3,10,1.0,9.975286343612334,10,1.0,0,0.0,0.2,22.7,22.7,1.0,1.0
108,4,10,1.0,9.767388767323121,11,0.9999392208107943,0,0.0,0.39999999999999997,32.906,32.903999999999996,1.0000607828835402,1.0
108,5,10,0.0,-2.8767480836236925,13,0.0,0,1.0,0.15000000000000002,12.05,28.700000000000003,0.41986062717770034,1.0
108,6,10,1.0,9.885017480452603,10,0.933143764052374,0,0.0,0.35,45.366,42.333,1.071646233434909,1.0
108,7,10,1.0,9.284294228625331,16,0.9456653961560295,0,0.0,0.44999999999999996,49.324,46.644,1.0574564788611611,1.0
108,8,10,1.0,10.274343668416885,6,1.0,0,0.0,0.3,34.091,34.091,1.0,1.0
108,9,10,1.0,9.399790888360583,15,1.0,0,0.0,0.39999999999999997,41.221999999999994,41.221999999999994,1.0,1.0
109,0,10,1.0,10.335021488661303,6,1.0,0,0.0,0.2,21.872,21.872,1.0,1.0
109,1,10,1.0,10.63686990583208,3,0.7820409678816759,0,0.0,0.15000000000000002,16.159,12.637,1.2787053889372477,1.0
109,2,10,0.0,-2.9084143763213524,10,0.0,0,1.0,0.0,0.0,43.516000000000005,0.0,1.0
109,3,10,0.0,-2.9000000000000004,10,0.0,0,1.0,0.0,0.0,42.141999999999996,0.0,1.0
109,4,10,0.0,-2.8999999999999995,10,0.0,0,1.0,0.0,0.0,42.891,0.0,1.0
109,5,10,0.0,-2.8371943719437196,12,0.0,0,1.0,0.1,11.03,33.333,0.33090330903309034,1.0
109,6,10,0.0,-2.945733768261791,12,0.0,0,1.0,0.1,6.0,28.817,0.20821043134261027,1.0
109,7,10,0.0,-2.8999999999999995,10,0.0,0,1.0,0.0,0.0,34.089,0.0,1.0
109,8,10,0.0,-2.6378862865621024,12,0.0,0,1.0,0.1,10.503,18.872,0.5565387876218737,1.0
109,9,10,1.0,10.03969444178093,8,0.8355231533408108,0,0.0,0.39999999999999997,37.446,31.287,1.196854923770256,1.0
110,0,10,0.0,-2.9000000000000004,10,0.0,0,1.0,0.0,0.0,21.144,0.0,1.0
110,1,10,0.0,-2.9000000000000004,10,0.0,0,1.0,0.0,0.0,38.055,0.0,1.0
110,2,10,0.0,-2.9,10,0.0,0,1.0,0.0,0.0,45.355,0.0,1.0
110,3,10,0.0,-2.9000000000000004,10,0.0,0,1.0,0.0,0.0,37.542,0.0,1.0
110,4,10,1.0,10.637966542255398,3,1.0,0,0.0,0.15000000000000002,15.004000000000001,15.004000000000001,1.0,1.0
110,5,10,1.0,10.39876982921048,5,0.9638829491197751,0,0.0,0.25,34.138999999999996,32.906,1.037470370145262,1.0
110,6,10,0.0,-2.9000000000000004,10,0.0,0,1.0,0.0,0.0,27.92,0.0,1.0
110,7,10,0.0,-3.4900811383348658,10,0.0,0,1.0,0.0,0.0,25.019,0.0,1.0
110,8,10,1.0,10.213703382357124,7,1.0,0,0.0,0.25,35.153,35.153,1.0,1.0
110,9,10,1.0,10.753036249505174,2,1.0,0,0.0,0.1,17.683,17.683,1.0,1.0
111,0,10,0.0,-2.8999999999999995,10,0.0,0,1.0,0.0,0.0,31.567,0.0,1.0
111,1,10,1.0,10.278185455746852,6,1.0,0,0.0,0.3,27.241,27.241,1.0,1.0
111,2,10,0.0,-2.9000000000000004,10,0.0,0,1.0,0.0,0.0,43.058,0.0,1.0
111,3,10,1.0,10.39825133639245,5,0.8052032148706815,0,0.0,0.25,26.253,21.139,1.2419225128908653,1.0
111,4,10,0.0,-2.8999999999999995,10,0.0,0,1.0,0.0,0.0,37.089,0.0,1.0
111,5,10,0.0,-2.8999999999999995,10,0.0,0,1.0,0.0,0.0,31.041,0.0,1.0
111,6,10,1.0,9.980556113902848,10,0.9295445698715454,0,0.0,0.2,25.689999999999998,23.88,1.0757956448911223,1.0
111,7,10,1.0,10.636514088693378,3,1.0,0,0.0,0.15000000000000002,16.822,16.822,1.0,1.0
111,8,10,0.0,-2.9000000000000004,10,0.0,0,1.0,0.0,0.0,35.194,0.0,1.0
111,9,10,1.0,9.503185430463576,13,1.0,0,0.0,0.5499999999999999,53.605000000000004,53.605000000000004,1.0,1.0
112,0,10,1.0,10.875,1,1.0,0,0.0,0.05,4.5,4.5,1.0,1.0
112,1,10,1.0,10.39767861073205,5,0.7825083531397472,0,0.0,0.25,29.031,22.717,1.2779416296165866,1.0
112,2,10,1.0,9.001469070367529,19,0.9999535089146654,0,0.0,0.44999999999999996,43.019000000000005,43.016999999999996,1.000046493246856,1.0
112,3,10,1.0,9.584543155998892,14,1.0,0,0.0,0.25,28.872,28.872,1.0,1.0
112,4,10,1.0,9.731872168397574,12,1.0,0,0.0,0.3,28.694,28.694,1.0,1.0
112,5,10,1.0,10.187761394101877,7,0.9999999999999999,0,0.0,0.3,26.856,26.855999999999998,1.0000000000000002,1.0
112,6,10,1.0,9.294860307991964,17,0.8141228939544104,0,0.0,0.3,40.35999999999999,32.858,1.2283157830665286,1.0
112,7,10,1.0,10.210092962704904,7,1.0,0,0.0,0.25,27.269000000000002,27.269000000000002,1.0,1.0
112,8,10,1.0,9.354096497717011,15,0.9989552543063909,0,0.0,0.44999999999999996,39.244,39.203,1.0010458383286993,1.0
112,9,10,1.0,10.514309485956545,4,1.0,0,0.0,0.2,18.87,18.87,1.0,1.0
113,0,10,0.0,-2.5883945694483996,13,0.0,0,1.0,0.15000000000000002,15.697,21.066,0.7451343396942941,1.0
113,1,10,1.0,10.875,1,1.0,0,0.0,0.05,5.9,5.9,1.0,1.0
113,2,10,0.0,-2.9000000000000004,10,0.0,0,1.0,0.0,0.0,37.056,0.0,1.0
113,3,10,0.0,-2.9000000000000004,10,0.0,0,1.0,0.0,0.0,25.04,0.0,1.0
113,4,10,0.0,-2.9000000000000004,10,0.0,0,1.0,0.0,0.0,40.056,0.0,1.0
113,5,10,1.0,10.154318801089918,7,0.999948591404483,0,0.0,0.35,38.903999999999996,38.902,1.0000514112384966,1.0
113,6,10,1.0,10.875,1,1.0,0,0.0,0.05,3.0,3.0,1.0,1.0
113,7,10,1.0,10.511732123411978,4,1.0,0,0.0,0.2,27.55,27.55,1.0,1.0
113,8,10,1.0,10.875,1,1.0,0,0.0,0.05,2.47,2.47,1.0,1.0
113,9,10,0.0,-2.818327185889252,13,0.0,0,1.0,0.05,8.95,21.147,0.423227881023313,1.0
114,0,10,1.0,10.875,1,1.0,0,0.0,0.05,7.159,7.159,1.0,1.0
114,1,10,1.0,9.995980312421123,9,0.9971196868008948,0,0.0,0.3,35.76,35.657,1.002888633367922,1.0
114,2,10,1.0,10.635965403624382,3,0.7941284211628028,0,0.0,0.15000000000000002,19.109,15.175,1.2592421746293245,1.0
114,3,10,1.0,9.137978989127241,18,0.9546474658687115,0,0.0,0.39999999999999997,42.775999999999996,40.836,1.0475071015770399,1.0
114,4,10,1.0,9.714203215997527,12,1.0,0,0.0,0.3,38.806,38.806,1.0,1.0
114,5,10,1.0,10.397737882865178,5,1.0,0,0.0,0.25,33.073,33.073,1.0,1.0
114,6,10,1.0,9.607409834260228,13,0.9999999999999998,0,0.0,0.35,36.322,36.321999999999996,1.0000000000000002,1.0
114,7,10,1.0,9.97104288996681,9,1.0,0,0.0,0.35,35.253,35.253,1.0,1.0
114,8,10,1.0,10.298273030727504,6,1.0,0,0.0,0.25,33.553,33.553,1.0,1.0
114,9,10,1.0,9.423932437212594,15,1.0,0,0.0,0.35,42.405,42.405,1.0,1.0
115,0,10,1.0,10.04378760199732,8,1.0,0,0.0,0.39999999999999997,41.055,41.055,1.0,1.0
115,1,10,1.0,10.183810220259163,7,1.0,0,0.0,0.3,34.187000000000005,34.187000000000005,1.0,1.0
115,2,10,1.0,10.632927032430032,3,1.0,0,0.0,0.15000000000000002,18.008,18.008,1.0,1.0
115,3,10,0.0,-2.9000000000000004,10,0.0,0,1.0,0.0,0.0,40.64,0.0,1.0
115,4,10,1.0,10.757012440003919,2,1.0,0,0.0,0.1,10.209,10.209,1.0,1.0
115,5,10,0.0,-2.8999999999999995,10,0.0,0,1.0,0.0,0.0,40.836,0.0,1.0
115,6,10,1.0,10.539846185491612,4,1.0,0,0.0,0.15000000000000002,21.877,21.877,1.0,1.0
115,7,10,1.0,10.093144912974427,8,1.0,0,0.0,0.3,30.853,30.853,1.0,1.0
115,8,10,1.0,10.520773613850537,4,0.999912346057764,0,0.0,0.2,22.817,22.815,1.0000876616261232,1.0
115,9,10,0.0,-2.8999999999999995,10,0.0,0,1.0,0.0,0.0,40.742,0.0,1.0
116,0,10,1.0,10.755042016806723,2,1.0,0,0.0,0.1,11.9,11.9,1.0,1.0
116,1,10,1.0,10.515921369350092,4,1.0,0,0.0,0.2,14.956,14.956,1.0,1.0
116,2,10,0.0,-2.8999999999999995,10,0.0,0,1.0,0.0,0.0,34.091,0.0,1.0
116,3,10,1.0,10.186326629582085,7,1.0,0,0.0,0.3,35.055,35.055,1.0,1.0
116,4,10,1.0,10.277301710329148,6,0.9959601677688289,0,0.0,0.3,38.863,38.705999999999996,1.0040562186741075,1.0
116,5,10,1.0,10.309854541932985,6,0.9999225316651819,0,0.0,0.25,25.817,25.815,1.0000774743366259,1.0
116,6,10,0.0,-2.9,10,0.0,0,1.0,0.0,0.0,42.183,0.0,1.0
116,7,10,1.0,9.790130400716365,11,0.9217673914725685,0,0.0,0.35,38.769,35.736000000000004,1.0848723975822698,1.0
116,8,10,1.0,10.633608205953339,3,0.9753138580395943,0,0.0,0.15000000000000002,16.568,16.159,1.0253109722136273,1.0
116,9,10,1.0,10.875,1,1.0,0,0.0,0.05,7.501,7.501,1.0,1.0
117,0,10,1.0,10.244430103617523,7,1.0,0,0.0,0.2,27.505,27.505,1.0,1.0
117,1,10,1.0,9.091608933198152,19,1.0,0,0.0,0.3,35.507999999999996,35.507999999999996,1.0,1.0
117,2,10,0.0,-2.9000000000000004,10,0.0,0,1.0,0.0,0.0,20.956,0.0,1.0
117,3,10,1.0,9.94773644584158,10,1.0,0,0.0,0.25,25.767,25.767,1.0,1.0
117,4,10,0.0,-2.9000000000000004,10,0.0,0,1.0,0.0,0.0,28.091,0.0,1.0
117,5,10,1.0,8.674336154586337,23,0.993658289103965,0,0.0,0.39999999999999997,51.248000000000005,50.923,1.0063821848673489,1.0
117,6,10,1.0,10.398597172852774,5,0.735022481467979,0,0.0,0.25,32.916000000000004,24.194,1.3605026039513932,1.0
117,7,10,1.0,9.562201517820842,14,0.9536980193221106,0,0.0,0.3,30.948999999999998,29.516,1.0485499390161268,1.0
117,8,10,1.0,10.754455978846341,2,1.0,0,0.0,0.1,10.210999999999999,10.210999999999999,1.0,1.0
117,9,10,1.0,9.149129399636738,17,1.0,0,0.0,0.49999999999999994,40.742,40.742,1.0,1.0
118,0,10,1.0,9.15615550505519,18,1.0,0,0.0,0.35,43.124,43.124,1.0,1.0
118,1,10,1.0,9.916898415558265,9,1.0,0,0.0,0.44999999999999996,37.742,37.742,1.0,1.0
118,2,10,1.0,10.511755213936219,4,0.9149125313521923,0,0.0,0.2,31.497,28.817,1.0930006593330326,1.0
118,3,10,1.0,10.306022438784701,6,1.0,0,0.0,0.25,24.422,24.422,1.0,1.0
118,4,10,1.0,9.067544084712228,18,0.9620944292199235,0,0.0,0.49999999999999994,47.803,45.991,1.0393990128503403,1.0
118,5,10,1.0,10.633901556365013,3,1.0,0,0.0,0.15000000000000002,21.139,21.139,1.0,1.0
118,6,10,1.0,10.875,1,1.0,0,0.0,0.05,5.9,5.9,1.0,1.0
118,7,10,1.0,10.875,1,1.0,0,0.0,0.05,7.17,7.17,1.0,1.0
118,8,10,1.0,10.394023607609443,5,1.0,0,0.0,0.25,30.540999999999997,30.540999999999997,1.0,1.0
118,9,10,1.0,9.613290917276842,12,0.99902940201695,0,0.0,0.49999999999999994,42.242,42.201,1.000971540958745,1.0
119,0,10,1.0,10.51290892971482,4,1.0,0,0.0,0.2,20.303,20.303,1.0,1.0
119,1,10,1.0,9.96936612732186,10,1.0,0,0.0,0.2,29.233,29.233,1.0,1.0
119,2,10,1.0,10.239144480212081,7,1.0,0,0.0,0.2,26.405,26.405,1.0,1.0
119,3,10,1.0,8.615862162295162,23,0.9999507922448577,0,0.0,0.49999999999999994,40.644,40.641999999999996,1.0000492101766647,1.0
119,4,10,1.0,9.162973062897601,18,0.9334144947700564,0,0.0,0.35,40.249,37.569,1.0713354095131624,1.0
119,5,10,1.0,10.210739859074463,7,1.0,0,0.0,0.25,21.004,21.004,1.0,1.0
119,6,10,1.0,8.976232611486415,20,1.0,0,0.0,0.35,47.517,47.517,1.0,1.0
119,7,10,1.0,10.63102316992968,3,1.0,0,0.0,0.15000000000000002,19.767,19.767,1.0,1.0
119,8,10,1.0,9.466099666016335,15,1.0,0,0.0,0.3,30.241,30.241,1.0,1.0
119,9,10,1.0,10.400271308377027,5,1.0,0,0.0,0.25,32.804,32.804,1.0,1.0
120,0,10,1.0,10.516080522486773,4,1.0,0,0.0,0.2,24.192,24.192,1.0,1.0
120,1,10,1.0,10.338059649930907,6,1.0,0,0.0,0.2,26.052,26.052,1.0,1.0
120,2,10,1.0,9.491502230447988,13,1.0,0,0.0,0.5499999999999999,42.144,42.144,1.0,1.0
120,3,10,1.0,8.87105435658442,21,0.9451270968405887,0,0.0,0.35,48.584999999999994,45.919,1.0580587556349224,1.0
120,4,10,1.0,9.920639706307453,9,1.0,0,0.0,0.44999999999999996,34.594,34.594,1.0,1.0
120,5,10,1.0,9.381493510707333,16,0.8396218704879178,0,0.0,0.3,36.707,30.82,1.1910123296560675,1.0
120,6,10,1.0,8.484988293234297,25,1.0,0,0.0,0.39999999999999997,49.544,49.544,1.0,1.0
120,7,10,1.0,10.634090358160112,3,1.0,0,0.0,0.15000000000000002,16.501,16.501,1.0,1.0
120,8,10,1.0,9.127681284530386,18,1.0,0,0.0,0.35,40.544,40.544,1.0,1.0
120,9,10,1.0,10.635000000000002,3,1.0,0,0.0,0.15000000000000002,18.0,18.0,1.0,1.0
121,0,10,0.0,-2.851834111536645,11,0.0,0,1.0,0.05,6.989,38.122,0.18333245894758932,1.0
121,1,10,0.0,-2.706893076248904,11,0.0,0,1.0,0.05,11.85,34.23,0.34618755477651186,1.0
121,2,10,0.0,-2.9000000000000004,10,0.0,0,1.0,0.0,0.0,29.902,0.0,1.0
121,3,10,0.0,-2.680283874944355,12,0.0,0,1.0,0.1,14.784,29.203,0.5062493579426771,1.0
121,4,10,1.0,10.635100334448161,3,1.0,0,0.0,0.15000000000000002,14.95,14.95,1.0,1.0
121,5,10,0.0,-2.6340320835362228,13,0.0,0,1.0,0.15000000000000002,12.822,18.482999999999997,0.6937185521830872,1.0
121,6,10,0.0,-2.8999999999999995,10,0.0,0,1.0,0.0,0.0,49.544,0.0,1.0
121,7,10,0.0,-2.8032975091447483,11,0.0,0,1.0,0.05,6.828,28.705,0.2378679672530918,1.0
121,8,10,0.0,-2.9691104108592894,12,0.0,0,1.0,0.1,6.0,33.004000000000005,0.18179614592170643,1.0
121,9,10,1.0,10.514506185276222,4,1.0,0,0.0,0.2,24.817,24.817,1.0,1.0
122,0,10,1.0,10.545602988611678,4,1.0,0,0.0,0.15000000000000002,15.190999999999999,15.190999999999999,1.0,1.0
122,1,10,1.0,10.875,1,1.0,0,0.0,0.05,3.0,3.0,1.0,1.0
122,2,10,0.0,-2.951792765494058,11,0.0,0,1.0,0.05,3.0,42.242,0.07101936461341793,1.0
122,3,10,0.0,-2.9576349260914405,11,0.0,0,1.0,0.05,3.0,46.544,0.06445513922310073,1.0
122,4,10,0.0,-2.9272345670896063,11,0.0,0,1.0,0.05,3.0,30.422,0.0986128459667346,1.0
122,5,10,0.0,-2.910189491435165,11,0.0,0,1.0,0.05,6.0,33.801,0.17750954113783615,1.0
122,6,10,1.0,10.755864724594005,2,1.0,0,0.0,0.1,5.973000000000001,5.973000000000001,1.0,1.0
122,7,10,0.0,-2.9597441661314496,11,0.0,0,1.0,0.05,2.9,46.71,0.06208520659387711,1.0
122,8,10,0.0,-2.8352612936941126,11,0.0,0,1.0,0.05,5.661,25.833,0.21913831146208337,1.0
122,9,10,0.0,-2.9,10,0.0,0,1.0,0.0,0.0,28.040999999999997,0.0,1.0
123,0,10,1.0,9.952386262963156,9,0.9999478895257948,0,0.0,0.39999999999999997,38.379999999999995,38.378,1.0000521131898483,1.0
123,1,10,1.0,10.515253941281978,4,1.0,0,0.0,0.2,21.186,21.186,1.0,1.0
123,2,10,1.0,10.635375194513285,3,1.0,0,0.0,0.15000000000000002,17.351,17.351,1.0,1.0
123,3,10,1.0,9.434552755434918,15,0.9054157647907647,0,0.0,0.35,44.352000000000004,40.157,1.1044649749732303,1.0
123,4,10,1.0,10.207101697003296,7,1.0,0,0.0,0.25,32.469,32.469,1.0,1.0
123,5,10,1.0,9.223971583363197,17,0.8926293208889223,0,0.0,0.39999999999999997,53.143,47.437,1.120285852815313,1.0
123,6,10,1.0,10.757037632135306,2,1.0,0,0.0,0.1,11.825,11.825,1.0,1.0
123,7,10,1.0,10.516631278072682,4,1.0,0,0.0,0.2,22.040999999999997,22.040999999999997,1.0,1.0
123,8,10,1.0,9.60910450006016,13,0.8952442505520547,0,0.0,0.35,37.134,33.244,1.117013596438455,1.0
123,9,10,1.0,10.275445971768477,6,1.0,0,0.0,0.3,32.446,32.446,1.0,1.0
124,0,10,1.0,10.753970422761615,2,1.0,0,0.0,0.1,6.221,6.221,1.0,1.0
124,1,10,1.0,10.637417240613196,3,0.8179670462805912,0,0.0,0.15000000000000002,16.508,13.503,1.222543138561801,1.0
124,2,10,0.0,-2.8999999999999995,10,0.0,0,1.0,0.0,0.0,43.60999999999999,0.0,1.0
124,3,10,1.0,10.514078630649907,4,1.0,0,0.0,0.2,14.956,14.956,1.0,1.0
124,4,10,0.0,-2.913343710521567,10,0.0,0,1.0,0.0,0.0,22.164,0.0,1.0
124,5,10,1.0,10.875,1,1.0,0,0.0,0.05,5.9,5.9,1.0,1.0
124,6,10,0.0,-2.9000000000000012,10,0.0,0,1.0,0.0,0.0,37.058,0.0,1.0
124,7,10,0.0,-2.9000000000000004,10,0.0,0,1.0,0.0,0.0,31.77,0.0,1.0
124,8,10,1.0,10.517258214756048,4,1.0,0,0.0,0.2,31.133,31.133,1.0,1.0
124,9,10,0.0,-2.9000000000000004,10,0.0,0,1.0,0.0,0.0,21.99,0.0,1.0
125,0,10,0.0,-2.8999999999999995,10,0.0,0,1.0,0.0,0.0,39.242,0.0,1.0
125,1,10,1.0,10.275899322550321,6,1.0,0,0.0,0.3,30.851,30.851,1.0,1.0
125,2,10,1.0,10.756706281833617,2,1.0,0,0.0,0.1,17.67,17.67,1.0,1.0
125,3,10,1.0,9.833261208143286,10,0.9999443795539241,0,0.0,0.44999999999999996,35.958,35.956,1.0000556235398819,1.0
125,4,10,1.0,10.875,1,1.0,0,0.0,0.05,6.0,6.0,1.0,1.0
125,5,10,1.0,10.517459509100018,4,0.9362566928518388,0,0.0,0.2,25.587,23.956,1.0680831524461514,1.0
125,6,10,1.0,10.001122808029534,9,0.9349080515558431,0,0.0,0.3,37.086,34.672,1.069623904014767,1.0
125,7,10,0.0,-2.8999999999999995,10,0.0,0,1.0,0.0,0.0,35.591,0.0,1.0
125,8,10,0.0,-2.9000000000000004,10,0.0,0,1.0,0.0,0.0,36.244,0.0,1.0
125,9,10,1.0,10.637107023411371,3,1.0,0,0.0,0.15000000000000002,14.95,14.95,1.0,1.0
126,0,10,1.0,10.638681870338496,3,0.8432510885341072,0,0.0,0.15000000000000002,16.536,13.943999999999999,1.185886402753873,1.0
126,1,10,1.0,10.036233806292413,8,1.0,0,0.0,0.39999999999999997,38.903999999999996,38.903999999999996,1.0,1.0
126,2,10,1.0,9.925643273433707,9,0.9046771677760935,0,0.0,0.44999999999999996,45.519000000000005,41.18000000000001,1.1053666828557551,1.0
126,3,10,1.0,9.670227347974837,12,1.0,0,0.0,0.39999999999999997,36.244,36.244,1.0,1.0
126,4,10,1.0,10.875,1,1.0,0,0.0,0.05,3.751,3.751,1.0,1.0
126,5,10,1.0,10.18063145841479,7,1.0,0,0.0,0.3,35.806,35.806,1.0,1.0
126,6,10,1.0,10.875,1,1.0,0,0.0,0.05,3.751,3.751,1.0,1.0
126,7,10,1.0,10.272983415666902,6,1.0,0,0.0,0.3,34.008,34.008,1.0,1.0
126,8,10,1.0,10.757340368256703,2,1.0,0,0.0,0.1,9.287,9.287,1.0,1.0
126,9,10,1.0,9.294117087282554,16,0.9770711297071131,0,0.0,0.39999999999999997,53.77499999999999,52.541999999999994,1.0234669407331278,1.0
127,0,10,1.0,10.513765342483833,4,1.0,0,0.0,0.2,22.730999999999998,22.730999999999998,1.0,1.0
127,1,10,0.0,-2.539405045644646,12,0.0,0,1.0,0.1,14.784,22.237,0.6648378828079328,1.0
127,2,10,0.0,-2.894776430093427,11,0.0,0,1.0,0.05,4.453,30.505,0.1459760694968038,1.0
127,3,10,1.0,10.875,1,1.0,0,0.0,0.05,5.9,5.9,1.0,1.0
127,4,10,0.0,-2.97383537023724,12,0.0,0,1.0,0.05,5.74,38.948,0.14737598849748382,1.0
127,5,10,1.0,10.391717148118627,5,1.0,0,0.0,0.25,36.382999999999996,36.382999999999996,1.0,1.0
127,6,10,0.0,-2.8999999999999995,10,0.0,0,1.0,0.0,0.0,31.04,0.0,1.0
127,7,10,1.0,10.638012753774076,3,1.0,0,0.0,0.15000000000000002,23.052,23.052,1.0,1.0
127,8,10,1.0,10.756629213483146,2,1.0,0,0.0,0.1,8.9,8.9,1.0,1.0
127,9,10,1.0,10.456595732343732,5,1.0,0,0.0,0.15000000000000002,25.869,25.869,1.0,1.0
128,0,10,1.0,10.337739080896316,6,1.0,0,0.0,0.2,26.33,26.33,1.0,1.0
128,1,10,1.0,10.517448579241469,4,0.7955921301551268,0,0.0,0.2,21.144,16.822,1.2569254547616215,1.0
128,2,10,1.0,9.334662918821678,16,1.0,0,0.0,0.35,44.470000000000006,44.470000000000006,1.0,1.0
128,3,10,1.0,9.823969629682688,11,1.0,0,0.0,0.3,27.922,27.922,1.0,1.0
128,4,10,1.0,10.512652057990335,4,0.9363029995709327,0,0.0,0.2,25.637,24.004,1.06803032827862,1.0
128,5,10,1.0,10.21611102881268,7,1.0,0,0.0,0.25,27.002000000000002,27.002000000000002,1.0,1.0
128,6,10,0.0,-2.8493163097199337,11,0.0,0,1.0,0.05,3.503,18.817,0.18616144975288304,1.0
128,7,10,1.0,9.670135307308122,12,1.0,0,0.0,0.39999999999999997,39.244,39.244,1.0,1.0
128,8,10,1.0,9.396060606060606,15,1.0,0,0.0,0.39999999999999997,35.903999999999996,35.903999999999996,1.0,1.0
128,9,10,1.0,9.431625658186114,14,1.0,0,0.0,0.49999999999999994,40.641999999999996,40.641999999999996,1.0,1.0
129,0,10,1.0,10.875,1,1.0,0,0.0,0.05,5.369,5.369,1.0,1.0
129,1,10,1.0,10.875,1,1.0,0,0.0,0.05,11.85,11.85,1.0,1.0
129,2,10,0.0,-2.942729347329986,10,0.0,0,1.0,0.0,0.0,39.438,0.0,1.0
129,3,10,1.0,10.875,1,1.0,0,0.0,0.05,7.616,7.616,1.0,1.0
129,4,10,1.0,10.07100403283883,8,1.0,0,0.0,0.35,34.715,34.715,1.0,1.0
129,5,10,0.0,-2.9000000000000004,10,0.0,0,1.0,0.0,0.0,33.555,0.0,1.0
129,6,10,0.0,-2.8999999999999995,10,0.0,0,1.0,0.0,0.0,36.916,0.0,1.0
129,7,10,1.0,10.008201670129768,9,0.8939473591981214,0,0.0,0.3,28.533,25.506999999999998,1.1186341004430158,1.0
129,8,10,1.0,10.51262859784996,4,1.0,0,0.0,0.2,17.302,17.302,1.0,1.0
129,9,10,1.0,9.669805482949364,12,0.9999392171164599,0,0.0,0.39999999999999997,32.904,32.902,1.0000607865783235,1.0
130,0,10,1.0,9.83123900143237,11,0.9444390762392503,0,0.0,0.3,31.047,29.322000000000003,1.058829547779824,1.0
130,1,10,0.0,-2.987432572278636,13,0.0,0,1.0,0.15000000000000002,9.05,30.922,0.292671884095466,1.0
130,2,10,1.0,10.756685082872929,2,1.0,0,0.0,0.1,9.05,9.05,1.0,1.0
130,3,10,1.0,10.875,1,1.0,0,0.0,0.05,6.0,6.0,1.0,1.0
130,4,10,1.0,10.421641305070105,5,1.0,0,0.0,0.2,30.098,30.098,1.0,1.0
130,5,10,1.0,9.54052089059923,14,1.0,0,0.0,0.3,36.379999999999995,36.379999999999995,1.0,1.0
130,6,10,1.0,10.248338521105374,7,1.0,0,0.0,0.2,26.344,26.344,1.0,1.0
130,7,10,1.0,10.395886588308553,5,1.0,0,0.0,0.25,25.694,25.694,1.0,1.0
130,8,10,1.0,9.357258758706726,16,1.0,0,0.0,0.3,48.095000000000006,48.095000000000006,1.0,1.0
130,9,10,1.0,10.516878833170129,4,1.0,0,0.0,0.2,19.403,19.403,1.0,1.0
131,0,10,1.0,10.51417672263029,4,1.0,0,0.0,0.2,22.872,22.872,1.0,1.0
131,1,10,0.0,-2.7902164642960394,11,0.0,0,1.0,0.05,6.989,27.672,0.2525657704538884,1.0
131,2,10,1.0,9.175666222671321,17,0.9825796552035383,0,0.0,0.44999999999999996,44.315999999999995,43.544,1.0177291934594892,1.0
131,3,10,1.0,10.087740181424595,8,1.0,0,0.0,0.3,38.804,38.804,1.0,1.0
131,4,10,1.0,9.826845331656711,11,1.0,0,0.0,0.3,31.810000000000002,31.810000000000002,1.0,1.0
131,5,10,1.0,10.274931781701444,6,0.9999999999999999,0,0.0,0.3,29.904000000000003,29.904,1.0000000000000002,1.0
131,6,10,0.0,-3.733250000000001,11,0.0,0,1.0,0.05,6.0,12.0,0.5,1.0
131,7,10,1.0,10.030860062994151,9,1.0,0,0.0,0.25,31.113999999999997,31.113999999999997,1.0,1.0
131,8,10,1.0,10.337740953782355,6,1.0,0,0.0,0.2,29.902,29.902,1.0,1.0
131,9,10,1.0,9.538728834626966,14,1.0,0,0.0,0.3,36.203,36.203,1.0,1.0
132,0,10,0.0,-2.8999999999999995,10,0.0,0,1.0,0.0,0.0,34.74,0.0,1.0
132,1,10,1.0,9.639990271450266,12,1.0,0,0.0,0.44999999999999996,42.144,42.144,1.0,1.0
132,2,10,1.0,9.79182542421628,11,1.0,0,0.0,0.35,34.77,34.77,1.0,1.0
132,3,10,1.0,10.511455934285275,4,1.0,0,0.0,0.2,26.052,26.052,1.0,1.0
132,4,10,0.0,-2.907141321741623,10,0.0,0,1.0,0.0,0.0,41.869,0.0,1.0
132,5,10,0.0,-2.8999999999999995,10,0.0,0,1.0,0.0,0.0,32.591,0.0,1.0
132,6,10,0.0,-2.9000000000000004,10,0.0,0,1.0,0.0,0.0,34.742000000000004,0.0,1.0
132,7,10,0.0,-2.9000000000000004,10,0.0,0,1.0,0.0,0.0,32.228,0.0,1.0
132,8,10,0.0,-2.9000000000000004,10,0.0,0,1.0,0.0,0.0,34.744,0.0,1.0
132,9,10,1.0,10.636856550529117,3,1.0,0,0.0,0.15000000000000002,16.159,16.159,1.0,1.0
133,0,10,0.0,-2.8686263142379875,12,0.0,0,1.0,0.1,9.0,30.531,0.29478235236317185,1.0
133,1,10,1.0,9.767620979201654,11,0.988784998978132,0,0.0,0.39999999999999997,39.144,38.705,1.0113422038496318,1.0
133,2,10,1.0,10.875,1,1.0,0,0.0,0.05,12.314,12.314,1.0,1.0
133,3,10,0.0,-2.8999999999999995,10,0.0,0,1.0,0.0,0.0,42.025,0.0,1.0
133,4,10,1.0,9.605959799312773,13,1.0,0,0.0,0.35,47.437,47.437,1.0,1.0
133,5,10,1.0,10.397301848852146,5,1.0,0,0.0,0.25,35.806,35.806,1.0,1.0
133,6,10,0.0,-2.8999999999999995,10,0.0,0,1.0,0.0,0.0,35.902,0.0,1.0
133,7,10,1.0,10.15688028320103,7,1.0,0,0.0,0.35,46.60999999999999,46.60999999999999,1.0,1.0
133,8,10,1.0,10.875,1,1.0,0,0.0,0.05,4.453,4.453,1.0,1.0
133,9,10,1.0,9.157039577019225,17,0.9990938024931484,0,0.0,0.49999999999999994,45.244,45.203,1.000907019445612,1.0
134,0,10,0.0,-2.899999999999999,10,0.0,0,1.0,0.0,0.0,34.067,0.0,1.0
134,1,10,0.0,-2.9074181314273213,13,0.0,0,1.0,0.15000000000000002,10.503,27.422,0.3830136386842681,1.0
134,2,10,0.0,-2.8446049508307896,13,0.0,0,1.0,0.1,11.322,26.540999999999997,0.4265852831468295,1.0
134,3,10,1.0,10.637849982864976,3,1.0,0,0.0,0.15000000000000002,23.344,23.344,1.0,1.0
134,4,10,1.0,10.751670725108225,2,1.0,0,0.0,0.1,14.784,14.784,1.0,1.0
134,5,10,0.0,-2.7157629759100237,13,0.0,0,1.0,0.15000000000000002,16.142,26.318,0.6133444790637586,1.0
134,6,10,1.0,10.2735190276371,6,0.9906823394495414,0,0.0,0.3,34.88,34.55500000000001,1.0094052959050788,1.0
134,7,10,0.0,-2.9951104309964034,13,0.0,0,1.0,0.15000000000000002,9.0,31.694,0.2839654193222692,1.0
134,8,10,0.0,-2.9000000000000004,10,0.0,0,1.0,0.0,0.0,38.558,0.0,1.0
134,9,10,1.0,10.639082401928556,3,1.0,0,0.0,0.15000000000000002,22.815,22.815,1.0,1.0
135,0,10,1.0,10.635375194513285,3,1.0,0,0.0,0.15000000000000002,17.351,17.351,1.0,1.0
135,1,10,1.0,10.51324920116325,4,1.0,0,0.0,0.2,27.852999999999998,27.852999999999998,1.0,1.0
135,2,10,1.0,10.032822475458227,9,1.0,0,0.0,0.25,29.134,29.134,1.0,1.0
135,3,10,1.0,10.187522595129813,7,0.9551065292096221,0,0.0,0.3,36.375,34.742000000000004,1.047003626734212,1.0
135,4,10,1.0,10.397654364245115,5,0.9121772790226926,0,0.0,0.25,28.159,25.686,1.0962781281632017,1.0
135,5,10,1.0,10.395604482586236,5,1.0,0,0.0,0.25,24.004,24.004,1.0,1.0
135,6,10,1.0,9.587589511858162,13,1.0,0,0.0,0.39999999999999997,34.744,34.744,1.0,1.0
135,7,10,1.0,10.303519739148728,6,1.0,0,0.0,0.25,28.522,28.522,1.0,1.0
135,8,10,0.0,-2.8999999999999995,10,0.0,0,1.0,0.0,0.0,25.692,0.0,1.0
135,9,10,1.0,10.15727584152517,7,1.0,0,0.0,0.35,26.855999999999998,26.855999999999998,1.0,1.0
136,0,10,1.0,10.754957983193277,2,1.0,0,0.0,0.1,11.9,11.9,1.0,1.0
136,1,10,0.0,-2.555218597899411,11,0.0,0,1.0,0.05,6.05,11.710999999999999,0.5166083169669542,1.0
136,2,10,0.0,-2.9,10,0.0,0,1.0,0.0,0.0,45.355,0.0,1.0
136,3,10,0.0,-2.8709109252863123,11,0.0,0,1.0,0.05,4.453,27.505,0.1618978367569533,1.0
136,4,10,0.0,-2.8999999999999995,10,0.0,0,1.0,0.0,0.0,48.986000000000004,0.0,1.0
136,5,10,0.0,-2.8999999999999995,10,0.0,0,1.0,0.0,0.0,22.219,0.0,1.0
136,6,10,0.0,-2.8999999999999995,10,0.0,0,1.0,0.0,0.0,25.692,0.0,1.0
136,7,10,0.0,-2.6458354430379747,11,0.0,0,1.0,0.05,11.85,23.7,0.5,1.0
136,8,10,0.0,-2.896934694692696,11,0.0,0,1.0,0.05,7.159,40.058,0.17871586200009984,1.0
136,9,10,1.0,10.275979527003177,6,1.0,0,0.0,0.3,31.163,31.163,1.0,1.0
137,0,10,1.0,10.875,1,1.0,0,0.0,0.05,6.903,6.903,1.0,1.0
137,1,10,1.0,10.157177104688843,7,0.9999338711810606,0,0.0,0.35,30.244000000000003,30.242,1.0000661331922494,1.0
137,2,10,1.0,10.516878833170129,4,1.0,0,0.0,0.2,19.403,19.403,1.0,1.0
137,3,10,0.0,-2.9430812844425596,11,0.0,0,1.0,0.05,3.05,37.744,0.08080754557015685,1.0
137,4,10,1.0,9.808349479402445,11,1.0,0,0.0,0.3,44.18000000000001,44.18000000000001,1.0,1.0
137,5,10,1.0,10.396150263533,5,1.0,0,0.0,0.25,30.167,30.167,1.0,1.0
137,6,10,0.0,-2.8493221287023225,11,0.0,0,1.0,0.05,6.989,37.544,0.18615491157042405,1.0
137,7,10,1.0,9.824957822334696,11,0.9999999999999999,0,0.0,0.3,30.822000000000003,30.822,1.0000000000000002,1.0
137,8,10,0.0,-2.8999999999999995,10,0.0,0,1.0,0.0,0.0,49.541999999999994,0.0,1.0
137,9,10,0.0,-2.9124956632736563,12,0.0,0,1.0,0.1,7.503,30.553,0.2455732661277125,1.0
138,0,10,1.0,10.63399382560484,3,1.0,0,0.0,0.15000000000000002,15.872,15.872,1.0,1.0
138,1,10,0.0,-2.8999999999999995,10,0.0,0,1.0,0.0,0.0,27.194000000000003,0.0,1.0
138,2,10,1.0,10.520771792961389,4,1.0,0,0.0,0.2,22.817,22.817,1.0,1.0
138,3,10,0.0,-2.8999999999999995,10,0.0,0,1.0,0.0,0.0,39.242,0.0,1.0
138,4,10,1.0,10.179516306440082,7,1.0,0,0.0,0.3,36.366,36.366,1.0,1.0
138,5,10,1.0,9.857192845132486,11,1.0,0,0.0,0.25,34.494,34.494,1.0,1.0
138,6,10,1.0,10.119566187692573,8,1.0,0,0.0,0.25,34.727000000000004,34.727000000000004,1.0,1.0
138,7,10,1.0,10.160365023402832,7,0.9999392171164599,0,0.0,0.35,32.904,32.902,1.0000607865783235,1.0
138,8,10,0.0,-2.9000000000000004,10,0.0,0,1.0,0.0,0.0,47.517,0.0,1.0
138,9,10,1.0,10.875,1,1.0,0,0.0,0.05,11.85,11.85,1.0,1.0
139,0,10,0.0,-2.9,10,0.0,0,1.0,0.0,0.0,37.744,0.0,1.0
139,1,10,1.0,10.39116331665818,5,1.0,0,0.0,0.25,33.382999999999996,33.382999999999996,1.0,1.0
139,2,10,0.0,-2.9000000000000004,10,0.0,0,1.0,0.0,0.0,31.815,0.0,1.0
139,3,10,1.0,10.634944134078212,3,1.0,0,0.0,0.15000000000000002,17.9,17.9,1.0,1.0
139,4,10,1.0,10.661958991772234,3,1.0,0,0.0,0.1,15.314,15.314,1.0,1.0
139,5,10,0.0,-2.8999999999999995,10,0.0,0,1.0,0.0,0.0,25.765,0.0,1.0
139,6,10,1.0,10.875,1,1.0,0,0.0,0.05,5.9,5.9,1.0,1.0
139,7,10,1.0,10.279881672092182,6,1.0,0,0.0,0.3,38.705999999999996,38.705999999999996,1.0,1.0
139,8,10,1.0,10.754603732428503,2,1.0,0,0.0,0.1,8.252,8.252,1.0,1.0
139,9,10,1.0,10.513063207590411,4,1.0,0,0.0,0.2,21.817,21.817,1.0,1.0
140,0,10,1.0,10.635965403624382,3,0.7941284211628028,0,0.0,0.15000000000000002,19.109,15.175,1.2592421746293245,1.0
140,1,10,1.0,10.311321978503319,6,1.0,0,0.0,0.25,29.679000000000002,29.679000000000002,1.0,1.0
140,2,10,0.0,-2.8937760834670945,13,0.0,0,1.0,0.15000000000000002,11.9,29.904,0.39794007490636707,1.0
140,3,10,1.0,10.275467282885307,6,1.0,0,0.0,0.3,34.187,34.187,1.0,1.0
140,4,10,1.0,10.875,1,1.0,0,0.0,0.05,6.817,6.817,1.0,1.0
140,5,10,0.0,-2.9000000000000004,10,0.0,0,1.0,0.0,0.0,44.014,0.0,1.0
140,6,10,0.0,-2.8999999999999995,10,0.0,0,1.0,0.0,0.0,5.973000000000001,0.0,1.0
140,7,10,0.0,-3.1682183718008066,10,0.0,0,1.0,0.0,0.0,30.242,0.0,1.0
140,8,10,1.0,10.755687203791469,2,1.0,0,0.0,0.1,10.55,10.55,1.0,1.0
140,9,10,1.0,10.636818071632023,3,1.0,0,0.0,0.15000000000000002,16.501,16.501,1.0,1.0
141,0,10,1.0,10.875,1,1.0,0,0.0,0.05,7.159,7.159,1.0,1.0
141,1,10,1.0,10.11972275334608,8,0.9999304758925157,0,0.0,0.25,28.767,28.765,1.0000695289414219,1.0
141,2,10,1.0,9.336039806854316,15,0.9924029920523608,0,0.0,0.49999999999999994,42.78,42.455,1.007655164291603,1.0
141,3,10,1.0,10.637107023411371,3,1.0,0,0.0,0.15000000000000002,14.95,14.95,1.0,1.0
141,4,10,1.0,10.396039100603456,5,1.0,0,0.0,0.25,24.194,24.194,1.0,1.0
141,5,10,1.0,9.910223237943827,10,1.0,0,0.0,0.3,30.192,30.192,1.0,1.0
141,6,10,1.0,10.277498125468634,6,1.0,0,0.0,0.3,24.006,24.006,1.0,1.0
141,7,10,1.0,10.425161220903124,5,1.0,0,0.0,0.2,27.881,27.881,1.0,1.0
141,8,10,1.0,9.835028399119308,11,1.0,0,0.0,0.25,31.339,31.339,1.0,1.0
141,9,10,1.0,9.576683708063248,14,1.0,0,0.0,0.25,36.871,36.871,1.0,1.0
142,0,10,0.0,-2.9000000000000004,10,0.0,0,1.0,0.0,0.0,37.056,0.0,1.0
142,1,10,1.0,10.755874479476502,2,1.0,0,0.0,0.1,20.171999999999997,20.171999999999997,1.0,1.0
142,2,10,0.0,-2.9000000000000004,10,0.0,0,1.0,0.0,0.0,33.056,0.0,1.0
142,3,10,1.0,10.636801584835302,3,1.0,0,0.0,0.15000000000000002,12.872,12.872,1.0,1.0
142,4,10,0.0,-2.8999999999999995,10,0.0,0,1.0,0.0,0.0,31.134999999999998,0.0,1.0
142,5,10,0.0,-2.8999999999999995,10,0.0,0,1.0,0.0,0.0,27.505,0.0,1.0
142,6,10,1.0,10.396517932311838,5,0.8479742994824201,0,0.0,0.25,28.015,23.756,1.1792810237413707,1.0
142,7,10,1.0,10.186103291629431,7,0.9999999999999999,0,0.0,0.3,26.856,26.855999999999998,1.0000000000000002,1.0
142,8,10,0.0,-2.8999999999999995,10,0.0,0,1.0,0.0,0.0,43.744,0.0,1.0
142,9,10,0.0,-2.8999999999999995,10,0.0,0,1.0,0.0,0.0,41.53,0.0,1.0
143,0,10,1.0,10.513137159533075,4,1.0,0,0.0,0.2,22.616,22.616,1.0,1.0
143,1,10,1.0,10.512119277227397,4,1.0,0,0.0,0.2,30.383,30.383,1.0,1.0
143,2,10,1.0,9.428248673505484,15,1.0,0,0.0,0.35,42.405,42.405,1.0,1.0
143,3,10,1.0,9.580945365905357,13,1.0,0,0.0,0.39999999999999997,37.742000000000004,37.742000000000004,1.0,1.0
143,4,10,1.0,10.75700422601346,2,1.0,0,0.0,0.1,12.777999999999999,12.777999999999999,1.0,1.0
143,5,10,1.0,9.94722844166739,9,1.0,0,0.0,0.39999999999999997,34.569,34.569,1.0,1.0
143,6,10,1.0,10.303214216415498,6,0.9888711224816118,0,0.0,0.25,31.27,30.922,1.011254123277925,1.0
143,7,10,1.0,10.875,1,1.0,0,0.0,0.05,5.82,5.82,1.0,1.0
143,8,10,1.0,10.517258214756048,4,1.0,0,0.0,0.2,31.133,31.133,1.0,1.0
143,9,10,0.0,-2.8999999999999995,10,0.0,0,1.0,0.0,0.0,31.287,0.0,1.0
144,0,10,1.0,10.188179667385707,7,1.0,0,0.0,0.3,28.742,28.742,1.0,1.0
144,1,10,1.0,10.875,1,1.0,0,0.0,0.05,8.186,8.186,1.0,1.0
144,2,10,1.0,10.755,2,1.0,0,0.0,0.1,12.0,12.0,1.0,1.0
144,3,10,1.0,9.105738933186693,18,1.0,0,0.0,0.44999999999999996,43.644,43.644,1.0,1.0
144,4,10,1.0,10.396291642314436,5,1.0,0,0.0,0.25,23.954,23.954,1.0,1.0
144,5,10,1.0,9.735908925649882,11,1.0,0,0.0,0.44999999999999996,33.006,33.006,1.0,1.0
144,6,10,1.0,9.646160229645094,12,0.9999478106570637,0,0.0,0.44999999999999996,38.322,38.32,1.000052192066806,1.0
144,7,10,1.0,10.42132613261326,5,1.0,0,0.0,0.2,26.664,26.664,1.0,1.0
144,8,10,1.0,10.425,5,1.0,0,0.0,0.2,29.567999999999998,29.567999999999998,1.0,1.0
144,9,10,1.0,8.522999039868324,24,1.0,0,0.0,0.49999999999999994,43.744,43.744,1.0,1.0
145,0,10,1.0,9.216208622217588,17,0.7324831035931116,0,0.0,0.44999999999999996,52.378,38.366,1.365219204503988,1.0
145,1,10,1.0,9.79640981958331,11,1.0,0,0.0,0.35,35.806,35.806,1.0,1.0
145,2,10,1.0,10.27476833124954,6,1.0,0,0.0,0.3,27.194,27.194,1.0,1.0
145,3,10,1.0,10.756666666666666,2,1.0,0,0.0,0.1,9.0,9.0,1.0,1.0
145,4,10,1.0,9.575766940333025,13,1.0,0,0.0,0.39999999999999997,34.592,34.592,1.0,1.0
145,5,10,1.0,10.092986451636337,8,1.0,0,0.0,0.3,27.531,27.531,1.0,1.0
145,6,10,1.0,9.79583493499152,11,1.0,0,0.0,0.35,35.379999999999995,35.379999999999995,1.0,1.0
145,7,10,1.0,10.512818554929845,4,1.0,0,0.0,0.2,20.954,20.954,1.0,1.0
145,8,10,1.0,10.118984366106325,8,1.0,0,0.0,0.25,26.353,26.353,1.0,1.0
145,9,10,1.0,9.335803272414122,15,1.0,0,0.0,0.49999999999999994,41.803999999999995,41.803999999999995,1.0,1.0
146,0,10,1.0,10.514243378153527,4,1.0,0,0.0,0.2,22.237,22.237,1.0,1.0
146,1,10,1.0,10.022646181878416,9,0.969228299261479,0,0.0,0.25,37.37200000000001,36.222,1.0317486610347304,1.0
146,2,10,1.0,9.667799800475338,13,1.0,0,0.0,0.25,34.081,34.081,1.0,1.0
146,3,10,1.0,8.295652253488903,27,0.81442146450531,0,0.0,0.44999999999999996,53.67,43.709999999999994,1.2278654770075499,1.0
146,4,10,1.0,8.88230649544634,20,1.0,0,0.0,0.49999999999999994,48.203,48.203,1.0,1.0
146,5,10,1.0,9.461424330742659,15,1.0,0,0.0,0.3,37.056,37.056,1.0,1.0
146,6,10,1.0,10.299683285953787,6,1.0,0,0.0,0.25,27.438000000000002,27.438000000000002,1.0,1.0
146,7,10,1.0,9.302322130675414,17,1.0,0,0.0,0.25,39.931,39.931,1.0,1.0
146,8,10,1.0,10.16017453798768,7,1.0,0,0.0,0.35,30.194000000000003,30.194000000000003,1.0,1.0
146,9,10,1.0,9.672548057480252,12,1.0,0,0.0,0.39999999999999997,37.091,37.091,1.0,1.0
147,0,10,1.0,10.875,1,1.0,0,0.0,0.05,4.4,4.4,1.0,1.0
147,1,10,1.0,10.513689389872965,4,0.5467975476128358,0,0.0,0.2,30.664,16.767,1.828830440746705,1.0
147,2,10,0.0,-2.6291477335089453,11,0.0,0,1.0,0.05,11.85,27.333,0.4335418724618593,1.0
147,3,10,1.0,10.75517094017094,2,1.0,0,0.0,0.1,7.254,7.254,1.0,1.0
147,4,10,1.0,10.177546552076938,7,1.0,0,0.0,0.3,29.322,29.322,1.0,1.0
147,5,10,1.0,10.755659309564232,2,1.0,0,0.0,0.1,12.369,12.369,1.0,1.0
147,6,10,1.0,10.518095600837936,4,0.8867685552647134,0,0.0,0.2,23.686,21.004,1.127689963816416,1.0
147,7,10,1.0,9.673104275402554,12,1.0,0,0.0,0.39999999999999997,45.025,45.025,1.0,1.0
147,8,10,1.0,10.125480772051274,8,0.954341862157774,0,0.0,0.25,35.722,34.091,1.0478425390865624,1.0
147,9,10,0.0,-2.8937160798651504,11,0.0,0,1.0,0.05,5.74,42.120999999999995,0.13627406756724678,1.0
148,0,10,1.0,9.644674687439359,13,1.0,0,0.0,0.3,36.073,36.073,1.0,1.0
148,1,10,1.0,10.754957983193277,2,1.0,0,0.0,0.1,11.9,11.9,1.0,1.0
148,2,10,1.0,8.622414438817572,24,0.9549032838506524,0,0.0,0.35,44.459999999999994,42.455,1.047226475091273,1.0
148,3,10,1.0,10.757041128316402,2,1.0,0,0.0,0.1,10.139,10.139,1.0,1.0
148,4,10,1.0,10.16198995329162,7,0.7181645569620253,0,0.0,0.35,31.599999999999998,22.694,1.3924385300079316,1.0
148,5,10,1.0,9.164142788634457,18,0.9905469919008146,0,0.0,0.35,42.103,41.705,1.0095432202373817,1.0
148,6,10,1.0,9.898380402165072,10,1.0,0,0.0,0.3,35.657,35.657,1.0,1.0
148,7,10,1.0,9.401843165388224,15,0.9999448184527093,0,0.0,0.39999999999999997,36.244,36.242,1.000055184592462,1.0
148,8,10,1.0,10.515,4,1.0,0,0.0,0.2,19.644,19.644,1.0,1.0
148,9,10,1.0,10.515141621537383,4,1.0,0,0.0,0.2,25.667,25.667,1.0,1.0
149,0,10,1.0,10.518239300981818,4,0.7229656296698818,0,0.0,0.2,29.444,21.287,1.3831916192981633,1.0
149,1,10,1.0,10.754605601317957,2,1.0,0,0.0,0.1,15.175,15.175,1.0,1.0
149,2,10,1.0,10.181715108867474,7,1.0,0,0.0,0.3,39.221999999999994,39.221999999999994,1.0,1.0
149,3,10,1.0,10.755,2,1.0,0,0.0,0.1,12.0,12.0,1.0,1.0
149,4,10,1.0,10.875,1,1.0,0,0.0,0.05,3.0,3.0,1.0,1.0
149,5,10,1.0,9.975274218138365,10,1.0,0,0.0,0.2,24.269,24.269,1.0,1.0
149,6,10,1.0,10.512892964499068,4,1.0,0,0.0,0.2,26.281,26.281,1.0,1.0
149,7,10,1.0,10.755606023406171,2,1.0,0,0.0,0.1,12.219,12.219,1.0,1.0
149,8,10,1.0,10.875,1,1.0,0,0.0,0.05,3.869,3.869,1.0,1.0
149,9,10,1.0,10.3933599189213,5,1.0,0,0.0,0.25,22.694,22.694,1.0,1.0
150,0,10,1.0,9.793609830407938,11,1.0,0,0.0,0.35,37.089,37.089,1.0,1.0
150,1,10,1.0,10.664502939427967,3,1.0,0,0.0,0.1,15.139,15.139,1.0,1.0
150,2,10,1.0,10.75700316536915,2,1.0,0,0.0,0.1,11.689,11.689,1.0,1.0
150,3,10,1.0,10.058650048932128,8,1.0,0,0.0,0.35,34.742000000000004,34.742000000000004,1.0,1.0
150,4,10,1.0,10.520486013986014,4,0.7657295850066933,0,0.0,0.2,29.880000000000003,22.88,1.305944055944056,1.0
150,5,10,1.0,9.70266060326963,12,1.0,0,0.0,0.35,34.744,34.744,1.0,1.0
150,6,10,0.0,-2.8999999999999995,10,0.0,0,1.0,0.0,0.0,21.056,0.0,1.0
150,7,10,1.0,10.875,1,1.0,0,0.0,0.05,5.9,5.9,1.0,1.0
150,8,10,0.0,-2.8999999999999995,10,0.0,0,1.0,0.0,0.0,22.717,0.0,1.0
150,9,10,1.0,9.428503989703989,15,1.0,0,0.0,0.35,38.85,38.85,1.0,1.0
151,0,10,0.0,-3.0602623187533844,13,0.0,0,1.0,0.1,6.0,33.242,0.18049455508092174,1.0
151,1,10,0.0,-2.6829837464146506,13,0.0,0,1.0,0.15000000000000002,17.372,27.194,0.6388173861881298,1.0
151,2,10,1.0,10.282067448219506,6,1.0,0,0.0,0.3,31.817,31.817,1.0,1.0
151,3,10,0.0,-2.9074506372174422,10,0.0,0,1.0,0.0,0.0,40.56700000000001,0.0,1.0
151,4,10,0.0,-2.820243754930318,11,0.0,0,1.0,0.05,8.322,38.03,0.21882724165132786,1.0
151,5,10,0.0,-2.9,10,0.0,0,1.0,0.0,0.0,31.091,0.0,1.0
151,6,10,0.0,-2.8999999999999995,10,0.0,0,1.0,0.0,0.0,40.934000000000005,0.0,1.0
151,7,10,0.0,-2.881889093419236,11,0.0,0,1.0,0.05,4.55,30.422,0.1495628163828808,1.0
151,8,10,1.0,10.393171038824764,5,1.0,0,0.0,0.25,38.120000000000005,38.120000000000005,1.0,1.0
151,9,10,1.0,10.637647530133073,3,1.0,0,0.0,0.15000000000000002,14.353,14.353,1.0,1.0
152,0,10,1.0,10.043516193271145,8,1.0,0,0.0,0.39999999999999997,47.705,47.705,1.0,1.0
152,1,10,1.0,10.123342608850926,8,1.0,0,0.0,0.25,33.601,33.601,1.0,1.0
152,2,10,1.0,10.303514694415314,6,1.0,0,0.0,0.25,37.191,37.191,1.0,1.0
152,3,10,1.0,10.636621814218644,3,0.9508549563553749,0,0.0,0.15000000000000002,25.089,23.855999999999998,1.051685110663984,1.0
152,4,10,1.0,10.635000000000002,3,1.0,0,0.0,0.15000000000000002,18.0,18.0,1.0,1.0
152,5,10,1.0,10.754751763429192,2,1.0,0,0.0,0.1,7.372,7.372,1.0,1.0
152,6,10,1.0,10.875,1,1.0,0,0.0,0.05,5.583,5.583,1.0,1.0
152,7,10,1.0,10.756214483976784,2,1.0,0,0.0,0.1,19.815,19.815,1.0,1.0
152,8,10,1.0,10.19133061512526,7,0.8939473591981214,0,0.0,0.3,28.533,25.506999999999998,1.1186341004430158,1.0
152,9,10,0.0,-2.8191732370090588,11,0.0,0,1.0,0.05,6.0,27.269000000000002,0.22003007077633943,1.0
153,0,10,0.0,-2.8999999999999995,10,0.0,0,1.0,0.0,0.0,29.353,0.0,1.0
153,1,10,1.0,10.63607605717248,3,1.0,0,0.0,0.15000000000000002,13.503,13.503,1.0,1.0
153,2,10,0.0,-2.8999999999999995,10,0.0,0,1.0,0.0,0.0,32.055,0.0,1.0
153,3,10,0.0,-2.899999999999999,10,0.0,0,1.0,0.0,0.0,35.858000000000004,0.0,1.0
153,4,10,0.0,-2.944665943894837,10,0.0,0,1.0,0.0,0.0,29.516,0.0,1.0
153,5,10,1.0,10.875,1,1.0,0,0.0,0.05,6.0,6.0,1.0,1.0
153,6,10,0.0,-2.9,10,0.0,0,1.0,0.0,0.0,38.12,0.0,1.0
153,7,10,1.0,10.397301112656466,5,1.0,0,0.0,0.25,28.759999999999998,28.759999999999998,1.0,1.0
153,8,10,1.0,10.875,1,1.0,0,0.0,0.05,6.0,6.0,1.0,1.0
153,9,10,0.0,-2.8999999999999995,10,0.0,0,1.0,0.0,0.0,31.040999999999997,0.0,1.0
154,0,10,1.0,10.756507448789572,2,1.0,0,0.0,0.1,10.74,10.74,1.0,1.0
154,1,10,1.0,9.212791270757481,17,1.0,0,0.0,0.39999999999999997,45.044,45.044,1.0,1.0
154,2,10,1.0,8.883166976785398,20,1.0,0,0.0,0.49999999999999994,45.144,45.144,1.0,1.0
154,3,10,1.0,10.875,1,1.0,0,0.0,0.05,6.0,6.0,1.0,1.0
154,4,10,1.0,10.633314960003183,3,1.0,0,0.0,0.15000000000000002,25.127,25.127,1.0,1.0
154,5,10,1.0,10.277610018726591,6,1.0,0,0.0,0.3,29.904,29.904,1.0,1.0
154,6,10,1.0,9.467746888173812,14,0.9999501134918061,0,0.0,0.44999999999999996,40.091,40.089,1.0000498889969818,1.0
154,7,10,1.0,9.920819353405177,9,1.0,0,0.0,0.44999999999999996,36.004000000000005,36.004000000000005,1.0,1.0
154,8,10,1.0,9.824542834913409,11,1.0,0,0.0,0.3,34.702999999999996,34.702999999999996,1.0,1.0
154,9,10,1.0,10.39632836963329,5,1.0,0,0.0,0.25,28.742,28.742,1.0,1.0
155,0,10,1.0,10.397423923488766,5,1.0,0,0.0,0.25,21.853,21.853,1.0,1.0
155,1,10,1.0,9.341389623556378,16,1.0,0,0.0,0.35,45.372,45.372,1.0,1.0
155,2,10,1.0,9.019872340425533,19,1.0,0,0.0,0.39999999999999997,47.705,47.705,1.0,1.0
155,3,10,1.0,10.634562099731786,3,1.0,0,0.0,0.15000000000000002,18.269,18.269,1.0,1.0
155,4,10,1.0,10.367849982864977,6,1.0,0,0.0,0.15000000000000002,23.344,23.344,1.0,1.0
155,5,10,1.0,9.369570488906342,15,1.0,0,0.0,0.44999999999999996,40.744,40.744,1.0,1.0
155,6,10,1.0,9.734030354663638,12,1.0,0,0.0,0.3,31.692,31.692,1.0,1.0
155,7,10,1.0,10.029020876826722,9,1.0,0,0.0,0.25,31.134999999999998,31.134999999999998,1.0,1.0
155,8,10,1.0,10.51093215339233,4,1.0,0,0.0,0.2,28.815,28.815,1.0,1.0
155,9,10,1.0,10.512237016656021,4,1.0,0,0.0,0.2,20.353,20.353,1.0,1.0
156,0,10,1.0,10.521645035282258,4,0.6470180587827646,0,0.0,0.2,24.531,15.871999999999998,1.5455519153225807,1.0
156,1,10,1.0,10.242475027746949,7,1.0,0,0.0,0.2,19.822,19.822,1.0,1.0
156,2,10,1.0,10.875,1,1.0,0,0.0,0.05,7.159,7.159,1.0,1.0
156,3,10,0.0,-2.9000000000000004,10,0.0,0,1.0,0.0,0.0,33.244,0.0,1.0
156,4,10,1.0,10.875,1,1.0,0,0.0,0.05,11.85,11.85,1.0,1.0
156,5,10,1.0,10.149761756176352,8,0.9435092823496813,0,0.0,0.2,28.872,27.241,1.0598729855732167,1.0
156,6,10,1.0,10.755974775258284,2,1.0,0,0.0,0.1,7.453,7.453,1.0,1.0
156,7,10,1.0,10.511837718642548,4,1.0,0,0.0,0.2,26.756,26.756,1.0,1.0
156,8,10,1.0,9.827550588095873,10,0.7875542489150218,0,0.0,0.44999999999999996,42.858,33.753,1.269753799662252,1.0
156,9,10,1.0,9.717467810240835,12,1.0,0,0.0,0.3,46.754000000000005,46.754000000000005,1.0,1.0
157,0,10,1.0,10.756039099963115,2,1.0,0,0.0,0.1,13.555,13.555,1.0,1.0
157,1,10,1.0,10.875,1,1.0,0,0.0,0.05,7.616,7.616,1.0,1.0
157,2,10,1.0,10.753855381906229,2,1.0,0,0.0,0.1,9.086,9.086,1.0,1.0
157,3,10,1.0,9.650547987456948,12,0.8749212917153909,0,0.0,0.44999999999999996,44.467999999999996,38.906,1.1429599547627616,1.0
157,4,10,1.0,9.705791500741215,12,0.9666207749150065,0,0.0,0.35,35.591,34.403,1.034531872220446,1.0
157,5,10,1.0,10.274734693877551,6,0.9453984179046884,0,0.0,0.3,36.281,34.3,1.0577551020408165,1.0
157,6,10,1.0,10.277333980205706,6,0.8469199921109724,0,0.0,0.3,30.422,25.765,1.1807490782068697,1.0
157,7,10,1.0,9.450773059475805,14,0.6955149974803357,0,0.0,0.49999999999999994,45.641,31.744,1.4377835181451613,1.0
157,8,10,1.0,10.875,1,1.0,0,0.0,0.05,5.9,5.9,1.0,1.0
157,9,10,1.0,9.828806962696056,10,1.0,0,0.0,0.44999999999999996,37.744,37.744,1.0,1.0
158,0,10,1.0,10.396945343744049,5,0.6689598063570927,0,0.0,0.25,31.398000000000003,21.004,1.4948581222624262,1.0
158,1,10,1.0,9.997173372398052,9,1.0,0,0.0,0.3,29.353,29.353,1.0,1.0
158,2,10,1.0,10.515087719298245,4,1.0,0,0.0,0.2,26.847,26.847,1.0,1.0
158,3,10,0.0,-2.8999999999999995,10,0.0,0,1.0,0.0,0.0,48.123000000000005,0.0,1.0
158,4,10,1.0,10.753725112932909,2,1.0,0,0.0,0.1,11.954,11.954,1.0,1.0
158,5,10,0.0,-2.8999999999999995,10,0.0,0,1.0,0.0,0.0,51.003,0.0,1.0
158,6,10,1.0,10.178038680318544,7,1.0,0,0.0,0.3,39.555,39.555,1.0,1.0
158,7,10,0.0,-2.9000000000000004,10,0.0,0,1.0,0.0,0.0,40.81,0.0,1.0
158,8,10,1.0,10.327387612026598,6,1.0,0,0.0,0.2,27.672,27.672,1.0,1.0
158,9,10,1.0,10.63102316992968,3,1.0,0,0.0,0.15000000000000002,19.767,19.767,1.0,1.0
159,0,10,1.0,9.60883411284436,13,1.0,0,0.0,0.35,36.989,36.989,1.0,1.0
159,1,10,1.0,10.274742517383856,6,0.9426237294575852,0,0.0,0.3,31.581,29.769,1.060868688904565,1.0
159,2,10,1.0,10.393673148311827,5,1.0,0,0.0,0.25,28.285,28.285,1.0,1.0
159,3,10,1.0,10.1150257660553,8,0.9669676105767944,0,0.0,0.25,37.327,36.094,1.0341608023494209,1.0
159,4,10,1.0,9.47032937567035,14,1.0,0,0.0,0.44999999999999996,40.091,40.091,1.0,1.0
159,5,10,1.0,10.875,1,1.0,0,0.0,0.05,6.0,6.0,1.0,1.0
159,6,10,1.0,10.875,1,1.0,0,0.0,0.05,4.453,4.453,1.0,1.0
159,7,10,1.0,10.275146354279356,6,1.0,0,0.0,0.3,32.353,32.353,1.0,1.0
159,8,10,1.0,10.758747044917259,2,0.5648661280630299,0,0.0,0.1,14.977,8.459999999999999,1.7703309692671396,1.0
159,9,10,1.0,10.123568237659146,8,1.0,0,0.0,0.25,31.339,31.339,1.0,1.0
160,0,10,0.0,-2.9000000000000004,10,0.0,0,1.0,0.0,0.0,28.7,0.0,1.0
160,1,10,1.0,10.875,1,1.0,0,0.0,0.05,6.0,6.0,1.0,1.0
160,2,10,1.0,10.875,1,1.0,0,0.0,0.05,3.808,3.808,1.0,1.0
160,3,10,1.0,10.875,1,1.0,0,0.0,0.05,8.322,8.322,1.0,1.0
160,4,10,1.0,10.753584657665192,2,1.0,0,0.0,0.1,8.369,8.369,1.0,1.0
160,5,10,1.0,10.09217924090879,8,1.0,0,0.0,0.3,30.194,30.194,1.0,1.0
160,6,10,1.0,10.875,1,1.0,0,0.0,0.05,2.9,2.9,1.0,1.0
160,7,10,0.0,-2.8999999999999995,10,0.0,0,1.0,0.0,0.0,40.525,0.0,1.0
160,8,10,1.0,10.182672792648821,7,1.0,0,0.0,0.3,27.533,27.533,1.0,1.0
160,9,10,1.0,9.741179718469379,11,1.0,0,0.0,0.44999999999999996,49.443999999999996,49.443999999999996,1.0,1.0
161,0,10,0.0,-2.9000000000000012,10,0.0,0,1.0,0.0,0.0,34.636,0.0,1.0
161,1,10,0.0,-3.0114080328617074,12,0.0,0,1.0,0.05,6.0,39.438,0.1521375323292256,1.0
161,2,10,1.0,10.333399178832117,6,1.0,0,0.0,0.2,21.92,21.92,1.0,1.0
161,3,10,0.0,-2.8371474528468177,12,0.0,0,1.0,0.1,7.503,22.692,0.33064516129032256,1.0
161,4,10,1.0,9.94288817377313,10,1.0,0,0.0,0.25,32.318,32.318,1.0,1.0
161,5,10,0.0,-2.9,10,0.0,0,1.0,0.0,0.0,37.744,0.0,1.0
161,6,10,1.0,10.635664988814318,3,1.0,0,0.0,0.15000000000000002,17.88,17.88,1.0,1.0
161,7,10,1.0,10.274999999999999,7,1.0,0,0.0,0.15000000000000002,27.628,27.628,1.0,1.0
161,8,10,1.0,10.633923942827519,3,1.0,0,0.0,0.15000000000000002,13.503,13.503,1.0,1.0
161,9,10,1.0,10.091249895842013,8,0.999833374989586,0,0.0,0.3,24.006,24.002000000000002,1.000166652778935,1.0
162,0,10,1.0,10.75299683463085,2,1.0,0,0.0,0.1,11.689,11.689,1.0,1.0
162,1,10,1.0,10.518957566363106,4,0.6886536494240093,0,0.0,0.2,22.482999999999997,15.482999999999999,1.4521087644513337,1.0
162,2,10,1.0,10.875,1,1.0,0,0.0,0.05,6.0,6.0,1.0,1.0
162,3,10,1.0,9.329450327951015,16,0.8796097523575864,0,0.0,0.35,52.172,45.891,1.1368677954282975,1.0
162,4,10,1.0,10.0722356776898,8,1.0,0,0.0,0.35,30.058,30.058,1.0,1.0
162,5,10,1.0,10.276988839140873,6,1.0,0,0.0,0.3,30.822,30.822,1.0,1.0
162,6,10,1.0,9.690679111727965,12,1.0,0,0.0,0.35,36.025,36.025,1.0,1.0
162,7,10,1.0,10.754681282671452,2,1.0,0,0.0,0.1,12.817,12.817,1.0,1.0
162,8,10,0.0,-3.0429854096520756,10,0.0,0,1.0,0.0,0.0,44.550000000000004,0.0,1.0
162,9,10,1.0,10.155999800039993,7,1.0,0,0.0,0.35,30.006,30.006,1.0,1.0
163,0,10,1.0,10.518122913188648,4,1.0,0,0.0,0.2,19.168,19.168,1.0,1.0
163,1,10,1.0,8.380505571442658,26,0.9922118075259769,0,0.0,0.44999999999999996,51.103,50.705,1.0078493245242086,1.0
163,2,10,1.0,10.298353293413173,6,1.0,0,0.0,0.25,28.557000000000002,28.557000000000002,1.0,1.0
163,3,10,1.0,9.006207116251714,19,0.9067436951449839,0,0.0,0.44999999999999996,45.005,40.808,1.1028474808861009,1.0
163,4,10,1.0,9.615945786531261,13,1.0,0,0.0,0.3,38.994,38.994,1.0,1.0
163,5,10,1.0,9.763865264523803,11,1.0,0,0.0,0.39999999999999997,36.991,36.991,1.0,1.0
163,6,10,1.0,10.158517197706972,7,1.0,0,0.0,0.35,30.004,30.004,1.0,1.0
163,7,10,1.0,10.274674677051673,7,1.0,0,0.0,0.15000000000000002,21.056,21.056,1.0,1.0
163,8,10,1.0,9.332023851157585,16,0.9594658076639152,0,0.0,0.35,44.702999999999996,42.891,1.0422466251661187,1.0
163,9,10,1.0,10.51627568134172,4,1.0,0,0.0,0.2,28.619999999999997,28.619999999999997,1.0,1.0
164,0,10,1.0,10.027215328467154,9,1.0,0,0.0,0.25,35.620000000000005,35.620000000000005,1.0,1.0
164,1,10,1.0,10.212031335731268,7,1.0,0,0.0,0.25,32.806,32.806,1.0,1.0
164,2,10,1.0,10.63102316992968,3,1.0,0,0.0,0.15000000000000002,19.767,19.767,1.0,1.0
164,3,10,1.0,10.276892709223588,6,1.0,0,0.0,0.3,30.422,30.422,1.0,1.0
164,4,10,1.0,10.514943783739904,4,1.0,0,0.0,0.2,24.637,24.637,1.0,1.0
164,5,10,1.0,10.332494187055353,6,1.0,0,0.0,0.2,28.815,28.815,1.0,1.0
164,6,10,1.0,9.436726292997392,15,0.9705088712180913,0,0.0,0.35,41.876999999999995,40.642,1.0303872840903496,1.0
164,7,10,1.0,10.515274218138366,4,1.0,0,0.0,0.2,24.269,24.269,1.0,1.0
164,8,10,1.0,9.766112338437317,11,0.9999492166670898,0,0.0,0.39999999999999997,39.383,39.381,1.000050785911988,1.0
164,9,10,1.0,9.840773609653725,11,1.0,0,0.0,0.25,38.120000000000005,38.120000000000005,1.0,1.0
165,0,10,1.0,9.99573067836652,9,1.0,0,0.0,0.3,38.519,38.519,1.0,1.0
165,1,10,1.0,10.395066889632108,5,1.0,0,0.0,0.25,29.9,29.9,1.0,1.0
165,2,10,1.0,10.276018010618637,6,1.0,0,0.0,0.3,34.091,34.091,1.0,1.0
165,3,10,1.0,10.755440383007826,2,1.0,0,0.0,0.1,13.158999999999999,13.158999999999999,1.0,1.0
165,4,10,1.0,10.756666666666666,2,1.0,0,0.0,0.1,9.0,9.0,1.0,1.0
165,5,10,1.0,9.830822189922479,10,1.0,0,0.0,0.44999999999999996,41.28,41.28,1.0,1.0
165,6,10,1.0,10.753970422761615,2,1.0,0,0.0,0.1,6.221,6.221,1.0,1.0
165,7,10,1.0,10.397831052858994,5,1.0,0,0.0,0.25,34.715,34.715,1.0,1.0
165,8,10,1.0,10.423208749916125,5,1.0,0,0.0,0.2,29.806,29.806,1.0,1.0
165,9,10,1.0,9.918050635026738,9,1.0,0,0.0,0.44999999999999996,35.903999999999996,35.903999999999996,1.0,1.0
166,0,10,1.0,9.00469694097576,19,0.9990294479689424,0,0.0,0.44999999999999996,42.244,42.203,1.0009714949174229,1.0
166,1,10,1.0,9.450297953676635,14,1.0,0,0.0,0.44999999999999996,48.916999999999994,48.916999999999994,1.0,1.0
166,2,10,1.0,10.51627568134172,4,1.0,0,0.0,0.2,28.619999999999997,28.619999999999997,1.0,1.0
166,3,10,1.0,8.752356356776021,22,1.0,0,0.0,0.39999999999999997,47.705,47.705,1.0,1.0
166,4,10,1.0,10.210435392851975,7,1.0,0,0.0,0.25,34.55500000000001,34.55500000000001,1.0,1.0
166,5,10,1.0,10.400280480440179,5,1.0,0,0.0,0.25,29.806,29.806,1.0,1.0
166,6,10,1.0,9.344296867446582,16,1.0,0,0.0,0.35,41.372,41.372,1.0,1.0
166,7,10,1.0,10.180176757296376,7,1.0,0,0.0,0.3,34.058,34.058,1.0,1.0
166,8,10,1.0,9.918378295524217,9,1.0,0,0.0,0.44999999999999996,39.144,39.144,1.0,1.0
166,9,10,1.0,10.516488356556595,4,1.0,0,0.0,0.2,20.956,20.956,1.0,1.0
167,0,10,1.0,9.85010687804424,11,1.0,0,0.0,0.25,32.233000000000004,32.233000000000004,1.0,1.0
167,1,10,0.0,-2.8999999999999995,10,0.0,0,1.0,0.0,0.0,52.544,0.0,1.0
167,2,10,1.0,10.632570778851619,3,0.7550652472527473,0,0.0,0.15000000000000002,23.296,17.59,1.324388857305287,1.0
167,3,10,0.0,-2.8999999999999995,10,0.0,0,1.0,0.0,0.0,36.048,0.0,1.0
167,4,10,0.0,-2.9000000000000004,10,0.0,0,1.0,0.0,0.0,44.705,0.0,1.0
167,5,10,1.0,10.875,1,1.0,0,0.0,0.05,8.186,8.186,1.0,1.0
167,6,10,1.0,10.275564268785725,6,1.0,0,0.0,0.3,28.692,28.692,1.0,1.0
167,7,10,1.0,10.206360852647606,7,1.0,0,0.0,0.25,29.555,29.555,1.0,1.0
167,8,10,1.0,10.517582624377622,4,1.0,0,0.0,0.2,25.506999999999998,25.506999999999998,1.0,1.0
167,9,10,0.0,-2.9,10,0.0,0,1.0,0.0,0.0,36.891,0.0,1.0
168,0,10,0.0,-2.8999999999999995,10,0.0,0,1.0,0.0,0.0,35.508,0.0,1.0
168,1,10,0.0,-2.8999999999999995,10,0.0,0,1.0,0.0,0.0,20.88,0.0,1.0
168,2,10,1.0,10.63456581814317,3,1.0,0,0.0,0.15000000000000002,18.817,18.817,1.0,1.0
168,3,10,0.0,-2.520233057588291,11,0.0,0,1.0,0.05,6.989,12.572,0.5559179128221444,1.0
168,4,10,1.0,10.875,1,1.0,0,0.0,0.05,3.0,3.0,1.0,1.0
168,5,10,1.0,10.090422089230866,8,1.0,0,0.0,0.3,31.581,31.581,1.0,1.0
168,6,10,1.0,10.396227959278727,5,1.0,0,0.0,0.25,30.058,30.058,1.0,1.0
168,7,10,1.0,10.757046953440298,2,1.0,0,0.0,0.1,10.158999999999999,10.158999999999999,1.0,1.0
168,8,10,0.0,-2.8999999999999995,10,0.0,0,1.0,0.0,0.0,25.88,0.0,1.0
168,9,10,1.0,9.770678331670757,11,1.0,0,0.0,0.39999999999999997,37.091,37.091,1.0,1.0
169,0,10,0.0,-2.8999999999999995,10,0.0,0,1.0,0.0,0.0,40.664,0.0,1.0
169,1,10,0.0,-2.9000000000000004,10,0.0,0,1.0,0.0,0.0,33.555,0.0,1.0
169,2,10,0.0,-2.8999999999999995,10,0.0,0,1.0,0.0,0.0,29.569,0.0,1.0
169,3,10,0.0,-2.899999999999999,10,0.0,0,1.0,0.0,0.0,18.239,0.0,1.0
169,4,10,0.0,-2.9000000000000004,10,0.0,0,1.0,0.0,0.0,21.241,0.0,1.0
169,5,10,1.0,10.753370165745856,2,1.0,0,0.0,0.1,9.05,9.05,1.0,1.0
169,6,10,0.0,-2.8999999999999995,10,0.0,0,1.0,0.0,0.0,37.494,0.0,1.0
169,7,10,1.0,10.635519767928704,3,1.0,0,0.0,0.15000000000000002,16.719,16.719,1.0,1.0
169,8,10,1.0,10.39405627557981,5,1.0,0,0.0,0.25,29.32,29.32,1.0,1.0
169,9,10,0.0,-2.9000000000000004,10,0.0,0,1.0,0.0,0.0,19.822,0.0,1.0
170,0,10,1.0,8.844590914090858,21,1.0,0,0.0,0.39999999999999997,45.455,45.455,1.0,1.0
170,1,10,1.0,9.700198205345663,12,0.9999452879223087,0,0.0,0.35,36.555,36.553,1.0000547150712664,1.0
170,2,10,1.0,9.135106440531256,18,0.9626842351960837,0,0.0,0.39999999999999997,38.401999999999994,36.969,1.038762206172739,1.0
170,3,10,1.0,10.397117031263335,5,1.0,0,0.0,0.25,35.153,35.153,1.0,1.0
170,4,10,1.0,10.053897331866319,9,1.0,0,0.0,0.2,29.084000000000003,29.084000000000003,1.0,1.0
170,5,10,1.0,10.398160560898612,5,1.0,0,0.0,0.25,27.242,27.242,1.0,1.0
170,6,10,0.0,-2.7879908814589665,12,0.0,0,1.0,0.1,12.0,26.32,0.45592705167173253,1.0
170,7,10,1.0,10.513102088424795,4,0.6339883090358476,0,0.0,0.2,28.398000000000003,18.004,1.5773161519662298,1.0
170,8,10,0.0,-2.9000000000000004,10,0.0,0,1.0,0.0,0.0,21.287,0.0,1.0
170,9,10,1.0,10.120187440741011,8,1.0,0,0.0,0.25,27.422,27.422,1.0,1.0
171,0,10,0.0,-2.863092623673655,11,0.0,0,1.0,0.05,6.0,35.153,0.1706824453104998,1.0
171,1,10,0.0,-2.9,10,0.0,0,1.0,0.0,0.0,31.156999999999996,0.0,1.0
171,2,10,1.0,10.334943783739904,6,1.0,0,0.0,0.2,24.637,24.637,1.0,1.0
171,3,10,1.0,10.30892409948542,6,0.7910716102988569,0,0.0,0.25,29.479,23.32,1.2641080617495712,1.0
171,4,10,0.0,-2.9000000000000004,10,0.0,0,1.0,0.0,0.0,37.568999999999996,0.0,1.0
171,5,10,1.0,10.396684565249593,5,1.0,0,0.0,0.25,27.004,27.004,1.0,1.0
171,6,10,1.0,10.21371916982685,7,1.0,0,0.0,0.25,34.016999999999996,34.016999999999996,1.0,1.0
171,7,10,0.0,-2.9000551211767176,10,0.0,0,1.0,0.0,0.0,33.381,0.0,1.0
171,8,10,0.0,-2.8999999999999995,10,0.0,0,1.0,0.0,0.0,46.544,0.0,1.0
171,9,10,0.0,-2.6379273979862212,12,0.0,0,1.0,0.1,10.503,18.87,0.556597774244833,1.0
172,0,10,1.0,10.632764671404498,3,1.0,0,0.0,0.15000000000000002,13.649,13.649,1.0,1.0
172,1,10,1.0,10.161690029734814,7,1.0,0,0.0,0.35,32.958,32.958,1.0,1.0
172,2,10,1.0,10.514511665762344,4,0.9883362381016222,0,0.0,0.2,29.836,29.488,1.0118014107433533,1.0
172,3,10,1.0,9.81168523859465,11,1.0,0,0.0,0.3,30.512,30.512,1.0,1.0
172,4,10,1.0,9.811874621764979,11,1.0,0,0.0,0.3,28.091,28.091,1.0,1.0
172,5,10,1.0,10.63725875731319,3,1.0,0,0.0,0.15000000000000002,13.503,13.503,1.0,1.0
172,6,10,1.0,9.625575426480442,13,1.0,0,0.0,0.3,38.806,38.806,1.0,1.0
172,7,10,1.0,9.46156291180079,15,1.0,0,0.0,0.3,44.014,44.014,1.0,1.0
172,8,10,1.0,10.75718875502008,2,1.0,0,0.0,0.1,12.45,12.45,1.0,1.0
172,9,10,1.0,10.272383206484747,6,1.0,0,0.0,0.3,32.322,32.322,1.0,1.0
173,0,10,1.0,9.66486595434677,13,1.0,0,0.0,0.25,41.18000000000001,41.18000000000001,1.0,1.0
173,1,10,1.0,10.514309113417768,4,0.9999047800418969,0,0.0,0.2,21.004,21.002000000000002,1.000095229025807,1.0
173,2,10,1.0,10.118738969833778,8,1.0,0,0.0,0.25,24.365,24.365,1.0,1.0
173,3,10,1.0,9.796801503313223,12,1.0,0,0.0,0.2,30.333000000000002,30.333000000000002,1.0,1.0
173,4,10,1.0,10.39546367340945,5,0.9103639584238495,0,0.0,0.25,29.921,27.239,1.0984617643819523,1.0
173,5,10,1.0,9.614866898535213,13,0.9999331193151418,0,0.0,0.35,29.904,29.902,1.0000668851581833,1.0
173,6,10,1.0,10.424881315645779,5,1.0,0,0.0,0.2,31.133,31.133,1.0,1.0
173,7,10,0.0,-2.9000000000000004,10,0.0,0,1.0,0.0,0.0,21.144,0.0,1.0
173,8,10,1.0,10.153884325364993,7,1.0,0,0.0,0.35,31.165,31.165,1.0,1.0
173,9,10,1.0,10.029851752021564,9,0.9190381245846173,0,0.0,0.25,33.102,30.422,1.0880941423969495,1.0
174,0,10,0.0,-2.9,10,0.0,0,1.0,0.0,0.0,31.767,0.0,1.0
174,1,10,0.0,-2.8583604177055535,11,0.0,0,1.0,0.05,6.0,34.091,0.1759995306679182,1.0
174,2,10,1.0,10.213342608850926,7,1.0,0,0.0,0.25,33.601,33.601,1.0,1.0
174,3,10,1.0,10.633143888831844,3,0.9620982613277133,0,0.0,0.15000000000000002,30.368000000000002,29.217,1.0393948728479996,1.0
174,4,10,0.0,-2.9000000000000012,10,0.0,0,1.0,0.0,0.0,37.058,0.0,1.0
174,5,10,0.0,-2.9000000000000004,10,0.0,0,1.0,0.0,0.0,46.60999999999999,0.0,1.0
174,6,10,1.0,10.512681427849806,4,0.9865038827291226,0,0.0,0.2,24.081,23.756,1.0136807543357467,1.0
174,7,10,0.0,-2.667175716989372,11,0.0,0,1.0,0.05,5.369,13.738,0.3908138011355365,1.0
174,8,10,1.0,10.278313953488373,6,1.0,0,0.0,0.3,27.004,27.004,1.0,1.0
174,9,10,0.0,-2.9000000000000004,10,0.0,0,1.0,0.0,0.0,35.055,0.0,1.0
175,0,10,0.0,-2.9000000000000004,10,0.0,0,1.0,0.0,0.0,38.903,0.0,1.0
175,1,10,1.0,10.875,1,1.0,0,0.0,0.05,5.9,5.9,1.0,1.0
175,2,10,0.0,-2.8999999999999995,10,0.0,0,1.0,0.0,0.0,42.989,0.0,1.0
175,3,10,0.0,-2.8999999999999995,10,0.0,0,1.0,0.0,0.0,40.934000000000005,0.0,1.0
175,4,10,1.0,10.639101972637606,3,0.9149927219796216,0,0.0,0.15000000000000002,13.739999999999998,12.572,1.092904867960547,1.0
175,5,10,0.0,-2.9000000000000004,10,0.0,0,1.0,0.0,0.0,30.069,0.0,1.0
175,6,10,0.0,-2.899999999999999,10,0.0,0,1.0,0.0,0.0,20.303,0.0,1.0
175,7,10,1.0,10.751958991772234,2,1.0,0,0.0,0.1,15.314,15.314,1.0,1.0
175,8,10,0.0,-2.8999999999999995,10,0.0,0,1.0,0.0,0.0,38.591,0.0,1.0
175,9,10,0.0,-2.9000000000000004,10,0.0,0,1.0,0.0,0.0,30.239,0.0,1.0
176,0,10,1.0,10.276183002170647,6,1.0,0,0.0,0.3,23.956,23.956,1.0,1.0
176,1,10,1.0,9.903920943641385,10,1.0,0,0.0,0.3,49.256,49.256,1.0,1.0
176,2,10,1.0,10.211468462739203,7,0.9655846149552014,0,0.0,0.25,35.827,34.594,1.0356420188471989,1.0
176,3,10,1.0,10.634284979145225,3,1.0,0,0.0,0.15000000000000002,18.461,18.461,1.0,1.0
176,4,10,1.0,10.632961749364718,3,1.0,0,0.0,0.15000000000000002,14.954,14.954,1.0,1.0
176,5,10,1.0,10.27331299734748,6,1.0,0,0.0,0.3,41.47,41.47,1.0,1.0
176,6,10,1.0,10.038669436096871,9,0.835622913527726,0,0.0,0.25,33.849000000000004,28.285,1.1967120381827825,1.0
176,7,10,1.0,10.875,1,1.0,0,0.0,0.05,5.583,5.583,1.0,1.0
176,8,10,1.0,9.797249456854772,11,0.9666926950106358,0,0.0,0.35,37.138999999999996,35.902,1.0344549050192189,1.0
176,9,10,1.0,10.391447137412753,5,1.0,0,0.0,0.25,23.353,23.353,1.0,1.0
177,0,10,1.0,10.752357723577237,2,1.0,0,0.0,0.1,16.113,16.113,1.0,1.0
177,1,10,0.0,-2.8999999999999995,10,0.0,0,1.0,0.0,0.0,31.808,0.0,1.0
177,2,10,1.0,10.514366133845714,4,1.0,0,0.0,0.2,24.461,24.461,1.0,1.0
177,3,10,1.0,10.875,1,1.0,0,0.0,0.05,6.0,6.0,1.0,1.0
177,4,10,0.0,-2.8999999999999995,10,0.0,0,1.0,0.0,0.0,34.007999999999996,0.0,1.0
177,5,10,0.0,-2.9000000000000004,10,0.0,0,1.0,0.0,0.0,43.36899999999999,0.0,1.0
177,6,10,0.0,-2.9000000000000004,10,0.0,0,1.0,0.0,0.0,27.92,0.0,1.0
177,7,10,1.0,10.54690470446321,4,0.8876753399721599,0,0.0,0.15000000000000002,9.339,8.290000000000001,1.1265379975874548,1.0
177,8,10,0.0,-2.8999999999999995,10,0.0,0,1.0,0.0,0.0,49.541999999999994,0.0,1.0
177,9,10,1.0,10.753036249505174,2,1.0,0,0.0,0.1,17.683,17.683,1.0,1.0
178,0,10,1.0,10.637849982864976,3,1.0,0,0.0,0.15000000000000002,23.344,23.344,1.0,1.0
178,1,10,0.0,-2.9823061641189774,12,0.0,0,1.0,0.1,6.05,36.242,0.16693339219689862,1.0
178,2,10,1.0,10.188425856775371,7,1.0,0,0.0,0.3,36.153,36.153,1.0,1.0
178,3,10,1.0,9.832782717421507,11,0.9048965994091396,0,0.0,0.3,31.817999999999998,28.792,1.1050986385106973,1.0
178,4,10,1.0,9.422078962475862,15,1.0,0,0.0,0.35,38.321999999999996,38.321999999999996,1.0,1.0
178,5,10,0.0,-2.989104767557942,12,0.0,0,1.0,0.1,5.9,37.063,0.15918840892534333,1.0
178,6,10,1.0,10.875,1,1.0,0,0.0,0.05,5.9,5.9,1.0,1.0
178,7,10,1.0,9.293101754773204,16,0.8579679954549758,0,0.0,0.44999999999999996,42.244,36.244,1.165544641871758,1.0
178,8,10,1.0,9.857739026784463,11,1.0,0,0.0,0.25,35.655,35.655,1.0,1.0
178,9,10,0.0,-2.8710220011324115,11,0.0,0,1.0,0.05,6.0,37.089,0.161773032435493,1.0
179,0,10,1.0,10.303338836875024,6,0.8687185717660558,0,0.0,0.25,29.631,25.741,1.151120780078474,1.0
179,1,10,1.0,9.909247890040994,10,1.0,0,0.0,0.3,41.470000000000006,41.470000000000006,1.0,1.0
179,2,10,1.0,10.398833906413515,5,0.9879989660647687,0,0.0,0.25,27.081,26.756,1.0121468081925549,1.0
179,3,10,1.0,10.338045306401641,6,1.0,0,0.0,0.2,24.853,24.853,1.0,1.0
179,4,10,0.0,-2.9000000000000004,10,0.0,0,1.0,0.0,0.0,31.694,0.0,1.0
179,5,10,1.0,9.219946553594319,17,1.0,0,0.0,0.39999999999999997,50.705,50.705,1.0,1.0
179,6,10,1.0,9.613974898181915,13,1.0,0,0.0,0.35,37.567,37.567,1.0,1.0
179,7,10,1.0,10.875,1,1.0,0,0.0,0.05,2.9,2.9,1.0,1.0
179,8,10,1.0,9.794066111463142,11,1.0,0,0.0,0.35,33.141,33.141,1.0,1.0
179,9,10,1.0,10.515021488661302,4,1.0,0,0.0,0.2,21.872,21.872,1.0,1.0
180,0,10,1.0,10.51473471117179,4,1.0,0,0.0,0.2,21.241,21.241,1.0,1.0
180,1,10,0.0,-2.9000000000000004,10,0.0,0,1.0,0.0,0.0,22.872,0.0,1.0
180,2,10,0.0,-2.8999999999999995,10,0.0,0,1.0,0.0,0.0,29.250999999999998,0.0,1.0
180,3,10,0.0,-2.9314565925506306,10,0.0,0,1.0,0.0,0.0,42.366,0.0,1.0
180,4,10,1.0,9.935469505537359,10,1.0,0,0.0,0.25,32.055,32.055,1.0,1.0
180,5,10,1.0,10.428162281357451,5,1.0,0,0.0,0.2,26.756,26.756,1.0,1.0
180,6,10,1.0,10.513594077318606,4,1.0,0,0.0,0.2,21.004,21.004,1.0,1.0
180,7,10,0.0,-2.8999999999999995,10,0.0,0,1.0,0.0,0.0,26.33,0.0,1.0
180,8,10,1.0,10.212953316953318,7,0.9999181066251741,0,0.0,0.25,24.422,24.42,1.0000819000819001,1.0
180,9,10,1.0,10.636818071632023,3,1.0,0,0.0,0.15000000000000002,16.501,16.501,1.0,1.0
181,0,10,1.0,10.54546867291564,4,1.0,0,0.0,0.15000000000000002,20.27,20.27,1.0,1.0
181,1,10,0.0,-2.9000000000000004,10,0.0,0,1.0,0.0,0.0,41.22,0.0,1.0
181,2,10,1.0,10.393330627705627,5,1.0,0,0.0,0.25,25.872,25.872,1.0,1.0
181,3,10,0.0,-2.8999999999999995,10,0.0,0,1.0,0.0,0.0,27.505,0.0,1.0
181,4,10,1.0,10.755555884749278,2,1.0,0,0.0,0.1,13.501000000000001,13.501000000000001,1.0,1.0
181,5,10,1.0,10.305641842988697,6,1.0,0,0.0,0.25,32.468999999999994,32.468999999999994,1.0,1.0
181,6,10,0.0,-2.9434624322230825,10,0.0,0,1.0,0.0,0.0,38.730000000000004,0.0,1.0
181,7,10,1.0,10.754605601317957,2,1.0,0,0.0,0.1,15.175,15.175,1.0,1.0
181,8,10,1.0,10.394354863193048,5,1.0,0,0.0,0.25,26.351,26.351,1.0,1.0
181,9,10,0.0,-2.8999999999999995,10,0.0,0,1.0,0.0,0.0,34.165,0.0,1.0
182,0,10,1.0,9.522200248866767,14,1.0,0,0.0,0.35,33.753,33.753,1.0,1.0
182,1,10,1.0,10.278045077581593,6,0.8431261982632231,0,0.0,0.3,35.468,29.904,1.1860620652755485,1.0
182,2,10,1.0,9.585037623589116,14,0.9545910128626316,0,0.0,0.25,35.918,34.287,1.0475690494939773,1.0
182,3,10,1.0,10.246866826794768,7,0.9326115363076349,0,0.0,0.2,32.141999999999996,29.976,1.072257806244996,1.0
182,4,10,1.0,10.395917347108815,5,0.8118235930735931,0,0.0,0.25,29.568,24.004,1.2317947008831862,1.0
182,5,10,1.0,9.19301182361635,17,0.9832556121895671,0,0.0,0.44999999999999996,46.105000000000004,45.333,1.0170295369818898,1.0
182,6,10,1.0,10.300121412106476,6,1.0,0,0.0,0.25,31.668999999999997,31.668999999999997,1.0,1.0
182,7,10,1.0,9.64548990995036,12,0.9999501134918061,0,0.0,0.44999999999999996,40.091,40.089,1.0000498889969818,1.0
182,8,10,1.0,10.753370165745856,2,1.0,0,0.0,0.1,9.05,9.05,1.0,1.0
182,9,10,1.0,10.273353577247814,6,1.0,0,0.0,0.3,27.004,27.004,1.0,1.0
183,0,10,1.0,10.766412101825935,2,0.41923227356540205,0,0.0,0.1,17.897,7.503,2.3853125416500065,1.0
183,1,10,1.0,9.913969629682688,10,1.0,0,0.0,0.3,27.922,27.922,1.0,1.0
183,2,10,0.0,-2.9489207034058964,10,0.0,0,1.0,0.0,0.0,45.891,0.0,1.0
183,3,10,0.0,-2.8999999999999995,10,0.0,0,1.0,0.0,0.0,38.658,0.0,1.0
183,4,10,0.0,-2.9000000000000004,10,0.0,0,1.0,0.0,0.0,32.322,0.0,1.0
183,5,10,0.0,-2.9000000000000004,10,0.0,0,1.0,0.0,0.0,21.144,0.0,1.0
183,6,10,0.0,-2.9000000000000004,10,0.0,0,1.0,0.0,0.0,26.569,0.0,1.0
183,7,10,1.0,10.757388730309758,2,1.0,0,0.0,0.1,9.459,9.459,1.0,1.0
183,8,10,1.0,9.495669754659692,13,0.9056622709299292,0,0.0,0.5499999999999999,49.821,45.121,1.10416435805944,1.0
183,9,10,1.0,10.517524972253051,4,1.0,0,0.0,0.2,19.822,19.822,1.0,1.0
184,0,10,0.0,-2.750649112573952,13,0.0,0,1.0,0.15000000000000002,13.503,24.002000000000002,0.5625781184901257,1.0
184,1,10,1.0,10.304293452661328,6,1.0,0,0.0,0.25,23.353,23.353,1.0,1.0
184,2,10,1.0,9.72439800756486,12,1.0,0,0.0,0.3,37.542,37.542,1.0,1.0
184,3,10,1.0,10.756029577238385,2,1.0,0,0.0,0.1,6.221,6.221,1.0,1.0
184,4,10,0.0,-2.9686180032619642,13,0.0,0,1.0,0.15000000000000002,9.05,28.817,0.3140507339417705,1.0
184,5,10,1.0,10.395158123115394,5,1.0,0,0.0,0.25,27.194000000000003,27.194000000000003,1.0,1.0
184,6,10,1.0,9.339675246998361,16,0.9781581798483207,0,0.0,0.35,46.15,45.141999999999996,1.0223295379026185,1.0
184,7,10,1.0,10.100048883113669,8,0.8531834019638899,0,0.0,0.3,37.884,32.322,1.1720809355856692,1.0
184,8,10,1.0,9.751641933287951,12,0.6467519316705923,0,0.0,0.3,45.42700000000001,29.38,1.546187882913547,1.0
184,9,10,1.0,10.633969173987628,3,1.0,0,0.0,0.15000000000000002,19.237,19.237,1.0,1.0
185,0,10,1.0,10.632890422967346,3,1.0,0,0.0,0.15000000000000002,22.815,22.815,1.0,1.0
185,1,10,1.0,10.636349929071523,3,1.0,0,0.0,0.15000000000000002,21.852999999999998,21.852999999999998,1.0,1.0
185,2,10,0.0,-2.777725751015489,12,0.0,0,1.0,0.1,8.9,22.403,0.39726822300584747,1.0
185,3,10,0.0,-2.9666270662706626,10,0.0,0,1.0,0.0,0.0,33.333,0.0,1.0
185,4,10,0.0,-2.734060890744607,12,0.0,0,1.0,0.1,12.870000000000001,28.740000000000002,0.4478079331941545,1.0
185,5,10,0.0,-2.8999999999999995,10,0.0,0,1.0,0.0,0.0,39.242,0.0,1.0
185,6,10,0.0,-2.8145676932407846,12,0.0,0,1.0,0.1,15.817,44.517,0.35530246871981486,1.0
185,7,10,1.0,10.393171038824764,5,1.0,0,0.0,0.25,38.120000000000005,38.120000000000005,1.0,1.0
185,8,10,1.0,10.392994142185142,5,1.0,0,0.0,0.25,33.801,33.801,1.0,1.0
185,9,10,1.0,10.875,1,1.0,0,0.0,0.05,7.159,7.159,1.0,1.0
186,0,10,1.0,10.515253624552814,4,1.0,0,0.0,0.2,26.555,26.555,1.0,1.0
186,1,10,1.0,10.18211944074112,7,1.0,0,0.0,0.3,29.253,29.253,1.0,1.0
186,2,10,1.0,10.75614461809377,2,1.0,0,0.0,0.1,9.086,9.086,1.0,1.0
186,3,10,1.0,10.515512547742945,4,1.0,0,0.0,0.2,39.010999999999996,39.010999999999996,1.0,1.0
186,4,10,0.0,-2.7793171070931852,11,0.0,0,1.0,0.05,7.616,28.759999999999998,0.2648122392211405,1.0
186,5,10,1.0,10.757041128316402,2,1.0,0,0.0,0.1,10.139,10.139,1.0,1.0
186,6,10,1.0,10.875,1,1.0,0,0.0,0.05,3.0,3.0,1.0,1.0
186,7,10,1.0,10.516488356556595,4,1.0,0,0.0,0.2,20.956,20.956,1.0,1.0
186,8,10,0.0,-2.8999999999999995,10,0.0,0,1.0,0.0,0.0,21.533,0.0,1.0
186,9,10,0.0,-2.8999999999999995,10,0.0,0,1.0,0.0,0.0,19.872,0.0,1.0
187,0,10,1.0,10.511990491723635,4,1.0,0,0.0,0.2,28.817,28.817,1.0,1.0
187,1,10,1.0,10.875,1,1.0,0,0.0,0.05,5.661,5.661,1.0,1.0
187,2,10,1.0,10.030564670554444,8,1.0,0,0.0,0.39999999999999997,45.955999999999996,45.955999999999996,1.0,1.0
187,3,10,0.0,-2.9000000000000012,10,0.0,0,1.0,0.0,0.0,35.153,0.0,1.0
187,4,10,1.0,10.758329274891775,2,1.0,0,0.0,0.1,14.784,14.784,1.0,1.0
187,5,10,0.0,-2.8999999999999995,10,0.0,0,1.0,0.0,0.0,34.089,0.0,1.0
187,6,10,0.0,-2.9068562323264064,10,0.0,0,1.0,0.0,0.0,44.558,0.0,1.0
187,7,10,0.0,-2.9000000000000004,10,0.0,0,1.0,0.0,0.0,25.717,0.0,1.0
187,8,10,0.0,-2.8999999999999995,10,0.0,0,1.0,0.0,0.0,44.550000000000004,0.0,1.0
187,9,10,0.0,-2.8999999999999995,10,0.0,0,1.0,0.0,0.0,32.73,0.0,1.0
188,0,10,1.0,10.396706095302239,5,0.8479742994824201,0,0.0,0.25,28.015,23.756,1.1792810237413707,1.0
188,1,10,0.0,-2.8999999999999995,10,0.0,0,1.0,0.0,0.0,25.089,0.0,1.0
188,2,10,1.0,10.875,1,1.0,0,0.0,0.05,6.817,6.817,1.0,1.0
188,3,10,1.0,10.15631393728223,8,1.0,0,0.0,0.2,28.7,28.7,1.0,1.0
188,4,10,0.0,-2.8999999999999995,10,0.0,0,1.0,0.0,0.0,27.239,0.0,1.0
188,5,10,1.0,9.820532368716478,11,1.0,0,0.0,0.3,40.084999999999994,40.084999999999994,1.0,1.0
188,6,10,1.0,10.875,1,1.0,0,0.0,0.05,8.186,8.186,1.0,1.0
188,7,10,0.0,-2.8999999999999995,10,0.0,0,1.0,0.0,0.0,12.870000000000001,0.0,1.0
188,8,10,1.0,10.396039100603456,5,1.0,0,0.0,0.25,24.194,24.194,1.0,1.0
188,9,10,1.0,10.082139674484807,8,0.9999381188118811,0,0.0,0.3,32.32,32.318,1.0000618850176373,1.0
189,0,10,1.0,10.398160560898612,5,1.0,0,0.0,0.25,27.242,27.242,1.0,1.0
189,1,10,1.0,9.853589147286822,11,0.9741955302972122,0,0.0,0.25,39.063,38.055,1.0264879779266851,1.0
189,2,10,0.0,-2.9,10,0.0,0,1.0,0.0,0.0,32.902,0.0,1.0
189,3,10,1.0,10.633932201123294,3,1.0,0,0.0,0.15000000000000002,14.956,14.956,1.0,1.0
189,4,10,0.0,-2.9,10,0.0,0,1.0,0.0,0.0,37.744,0.0,1.0
189,5,10,0.0,-2.9000000000000004,10,0.0,0,1.0,0.0,0.0,31.131,0.0,1.0
189,6,10,1.0,10.276155497558511,6,0.6964730716233254,0,0.0,0.3,34.108999999999995,23.756,1.4358056911938035,1.0
189,7,10,1.0,10.183601943585536,7,1.0,0,0.0,0.3,31.694,31.694,1.0,1.0
189,8,10,1.0,10.633181928367977,3,1.0,0,0.0,0.15000000000000002,16.501,16.501,1.0,1.0
189,9,10,0.0,-2.8999999999999995,10,0.0,0,1.0,0.0,0.0,19.649,0.0,1.0
190,0,10,1.0,10.068944106852777,8,1.0,0,0.0,0.35,33.242,33.242,1.0,1.0
190,1,10,1.0,9.64961245252682,13,1.0,0,0.0,0.3,36.073,36.073,1.0,1.0
190,2,10,1.0,9.336195358046421,15,1.0,0,0.0,0.49999999999999994,45.455,45.455,1.0,1.0
190,3,10,1.0,10.187858994474384,7,0.9999317871759891,0,0.0,0.3,29.32,29.318,1.0000682174773177,1.0
190,4,10,0.0,-2.8849936378674137,11,0.0,0,1.0,0.05,5.74,39.295,0.1460745641939178,1.0
190,5,10,1.0,10.393804163126592,5,1.0,0,0.0,0.25,32.956,32.956,1.0,1.0
190,6,10,1.0,10.754669260700389,2,1.0,0,0.0,0.1,12.85,12.85,1.0,1.0
190,7,10,1.0,10.636816726969107,3,1.0,0,0.0,0.15000000000000002,14.371999999999998,14.371999999999998,1.0,1.0
190,8,10,1.0,10.519094973713948,4,0.7853752652903725,0,0.0,0.2,25.915,20.353,1.2732766668304425,1.0
190,9,10,1.0,9.907868453418057,10,1.0,0,0.0,0.3,39.028,39.028,1.0,1.0
191,0,10,1.0,10.875,1,1.0,0,0.0,0.05,5.9,5.9,1.0,1.0
191,1,10,0.0,-2.9000000000000004,10,0.0,0,1.0,0.0,0.0,42.366,0.0,1.0
191,2,10,0.0,-2.8999999999999995,10,0.0,0,1.0,0.0,0.0,46.544,0.0,1.0
191,3,10,1.0,10.754340690435768,2,1.0,0,0.0,0.1,12.369,12.369,1.0,1.0
191,4,10,0.0,-2.9000000000000004,10,0.0,0,1.0,0.0,0.0,24.186,0.0,1.0
191,5,10,0.0,-2.932591097402401,13,0.0,0,1.0,0.15000000000000002,15.697,33.068999999999996,0.47467416613747015,1.0
191,6,10,1.0,10.75674157303371,2,1.0,0,0.0,0.1,8.9,8.9,1.0,1.0
191,7,10,1.0,10.875,1,1.0,0,0.0,0.05,5.583,5.583,1.0,1.0
191,8,10,1.0,10.516936792409588,4,1.0,0,0.0,0.2,21.817,21.817,1.0,1.0
191,9,10,0.0,-2.8999999999999995,10,0.0,0,1.0,0.0,0.0,30.722,0.0,1.0
192,0,10,1.0,9.345254863698184,16,1.0,0,0.0,0.35,33.822,33.822,1.0,1.0
192,1,10,1.0,9.967350957765312,9,1.0,0,0.0,0.35,34.403,34.403,1.0,1.0
192,2,10,1.0,9.34688028320103,16,1.0,0,0.0,0.35,46.60999999999999,46.60999999999999,1.0,1.0
192,3,10,1.0,10.393911564625851,5,1.0,0,0.0,0.25,25.872,25.872,1.0,1.0
192,4,10,1.0,8.94030521838365,20,1.0,0,0.0,0.39999999999999997,48.195,48.195,1.0,1.0
192,5,10,1.0,10.061893705143117,8,0.9999432672396674,0,0.0,0.35,35.253,35.251,1.0000567359791213,1.0
192,6,10,1.0,10.517019505467443,4,1.0,0,0.0,0.2,20.302,20.302,1.0,1.0
192,7,10,1.0,10.29732259410485,6,0.9999403963641782,0,0.0,0.25,33.555,33.553,1.000059607188627,1.0
192,8,10,1.0,9.90854147646781,10,1.0,0,0.0,0.3,31.765,31.765,1.0,1.0
192,9,10,1.0,10.636714555279182,3,1.0,0,0.0,0.15000000000000002,23.318,23.318,1.0,1.0
193,0,10,1.0,10.305183985809167,6,1.0,0,0.0,0.25,24.241,24.241,1.0,1.0
193,1,10,1.0,10.088488804609437,8,1.0,0,0.0,0.3,27.422,27.422,1.0,1.0
193,2,10,1.0,9.767202718006795,11,0.9999433780646622,0,0.0,0.39999999999999997,35.322,35.32,1.000056625141563,1.0
193,3,10,1.0,10.517107035500931,4,1.0,0,0.0,0.2,26.281,26.281,1.0,1.0
193,4,10,1.0,9.884037900453535,11,1.0,0,0.0,0.2,34.617,34.617,1.0,1.0
193,5,10,1.0,9.872183817753339,10,1.0,0,0.0,0.35,43.282,43.282,1.0,1.0
193,6,10,1.0,9.450334649201507,15,1.0,0,0.0,0.3,33.438,33.438,1.0,1.0
193,7,10,1.0,9.060918218796832,19,0.9742819598272949,0,0.0,0.35,47.943,46.71,1.0263969171483622,1.0
193,8,10,1.0,9.123198833669226,17,1.0,0,0.0,0.5499999999999999,46.641999999999996,46.641999999999996,1.0,1.0
193,9,10,1.0,10.396762176465723,5,0.8885704838531907,0,0.0,0.25,27.219,24.186,1.125403125775242,1.0
194,0,10,1.0,9.173822125720182,18,1.0,0,0.0,0.3,46.516,46.516,1.0,1.0
194,1,10,1.0,10.755606023406171,2,1.0,0,0.0,0.1,12.219,12.219,1.0,1.0
194,2,10,1.0,10.875,1,1.0,0,0.0,0.05,6.0,6.0,1.0,1.0
194,3,10,1.0,9.97410801915021,9,1.0,0,0.0,0.35,33.42,33.42,1.0,1.0
194,4,10,1.0,9.451608933198154,15,1.0,0,0.0,0.3,35.507999999999996,35.507999999999996,1.0,1.0
194,5,10,1.0,9.751125956854558,12,1.0,0,0.0,0.25,28.740000000000002,28.740000000000002,1.0,1.0
194,6,10,1.0,9.968868512718439,9,1.0,0,0.0,0.35,34.163,34.163,1.0,1.0
194,7,10,1.0,9.305281774868858,16,1.0,0,0.0,0.39999999999999997,41.558,41.558,1.0,1.0
194,8,10,1.0,10.303327876307412,6,1.0,0,0.0,0.25,21.99,21.99,1.0,1.0
194,9,10,1.0,10.511837718642548,4,1.0,0,0.0,0.2,26.756,26.756,1.0,1.0
195,0,10,1.0,10.39390199197676,5,1.0,0,0.0,0.25,28.915999999999997,28.915999999999997,1.0,1.0
195,1,10,1.0,10.124298577255994,8,1.0,0,0.0,0.25,30.153,30.153,1.0,1.0
195,2,10,1.0,10.875,1,1.0,0,0.0,0.05,8.322,8.322,1.0,1.0
195,3,10,1.0,9.710882972688225,12,0.9999459736891866,0,0.0,0.35,37.019,37.016999999999996,1.0000540292298135,1.0
195,4,10,1.0,10.633427272727273,3,0.9998601594182632,0,0.0,0.15000000000000002,14.302,14.3,1.0001398601398601,1.0
195,5,10,1.0,10.427538042394843,5,1.0,0,0.0,0.2,30.098,30.098,1.0,1.0
195,6,10,1.0,10.875,1,1.0,0,0.0,0.05,5.9,5.9,1.0,1.0
195,7,10,1.0,9.908400141894289,10,1.0,0,0.0,0.3,47.923,47.923,1.0,1.0
195,8,10,1.0,9.943069839533187,9,0.9999392208107946,0,0.0,0.39999999999999997,32.906,32.904,1.00006078288354,1.0
195,9,10,1.0,10.515417755128261,4,1.0,0,0.0,0.2,23.351,23.351,1.0,1.0
196,0,10,1.0,10.089103441923301,8,1.0,0,0.0,0.3,32.569,32.569,1.0,1.0
196,1,10,1.0,10.634825055419087,3,1.0,0,0.0,0.15000000000000002,16.691,16.691,1.0,1.0
196,2,10,1.0,9.818953357337218,11,1.0,0,0.0,0.3,36.382999999999996,36.382999999999996,1.0,1.0
196,3,10,0.0,-2.8999999999999995,10,0.0,0,1.0,0.0,0.0,47.925,0.0,1.0
196,4,10,1.0,10.152009664582149,7,1.0,0,0.0,0.35,40.457,40.457,1.0,1.0
196,5,10,0.0,-2.9000000000000004,10,0.0,0,1.0,0.0,0.0,42.044,0.0,1.0
196,6,10,0.0,-2.9000000000000004,10,0.0,0,1.0,0.0,0.0,38.869,0.0,1.0
196,7,10,0.0,-2.9000000000000004,10,0.0,0,1.0,0.0,0.0,40.058,0.0,1.0
196,8,10,1.0,10.754065040650406,2,1.0,0,0.0,0.1,7.503,7.503,1.0,1.0
196,9,10,0.0,-2.8999999999999995,10,0.0,0,1.0,0.0,0.0,50.019,0.0,1.0
197,0,10,1.0,10.394415317947539,5,1.0,0,0.0,0.25,30.461,30.461,1.0,1.0
197,1,10,1.0,10.277272892551967,6,1.0,0,0.0,0.3,33.002,33.002,1.0,1.0
197,2,10,1.0,10.755042016806723,2,1.0,0,0.0,0.1,11.9,11.9,1.0,1.0
197,3,10,1.0,10.875,1,1.0,0,0.0,0.05,3.0,3.0,1.0,1.0
197,4,10,1.0,10.002613488034807,9,1.0,0,0.0,0.3,34.475,34.475,1.0,1.0
197,5,10,1.0,9.343886393840796,15,1.0,0,0.0,0.49999999999999994,43.641999999999996,43.641999999999996,1.0,1.0
197,6,10,1.0,10.272394005197395,6,1.0,0,0.0,0.3,28.091,28.091,1.0,1.0
197,7,10,1.0,10.127779537296776,8,1.0,0,0.0,0.25,33.153,33.153,1.0,1.0
197,8,10,0.0,-3.0622976563745548,11,0.0,0,1.0,0.05,7.159,18.817,0.3804538449274592,1.0
197,9,10,1.0,9.738687730816578,12,1.0,0,0.0,0.3,36.555,36.555,1.0,1.0
198,0,10,1.0,9.00304647971872,18,1.0,0,0.0,0.6,46.644,46.644,1.0,1.0
198,1,10,0.0,-2.9917799915782,12,0.0,0,1.0,0.05,5.74,45.120999999999995,0.12721349260876313,1.0
198,2,10,1.0,10.517805032057508,4,1.0,0,0.0,0.2,20.588,20.588,1.0,1.0
198,3,10,1.0,9.493743960728589,14,0.988784998978132,0,0.0,0.39999999999999997,39.144,38.705,1.0113422038496318,1.0
198,4,10,1.0,9.430250869483162,15,0.8551830674167666,0,0.0,0.35,43.372,37.091,1.1693402712248253,1.0
198,5,10,1.0,10.18703825063528,8,1.0,0,0.0,0.15000000000000002,14.954,14.954,1.0,1.0
198,6,10,1.0,10.330532966072054,6,1.0,0,0.0,0.2,22.872,22.872,1.0,1.0
198,7,10,1.0,10.154261524952437,7,1.0,0,0.0,0.35,34.165,34.165,1.0,1.0
198,8,10,1.0,8.797299041658517,21,0.9999565396901278,0,0.0,0.49999999999999994,46.019000000000005,46.016999999999996,1.0000434621987528,1.0
198,9,10,1.0,10.060946190416088,9,0.9538504755407521,0,0.0,0.2,24.918999999999997,23.769,1.0483823467541755,1.0
199,0,10,1.0,10.75281124497992,2,1.0,0,0.0,0.1,12.45,12.45,1.0,1.0
199,1,10,1.0,10.875,1,1.0,0,0.0,0.05,4.453,4.453,1.0,1.0
199,2,10,1.0,10.875,1,1.0,0,0.0,0.05,3.0,3.0,1.0,1.0
199,3,10,1.0,10.394298577255993,5,1.0,0,0.0,0.25,30.153,30.153,1.0,1.0
199,4,10,1.0,9.798743102391171,10,0.8670919723551302,0,0.0,0.49999999999999994,45.144,39.144,1.1532801961986512,1.0
199,5,10,1.0,10.18262700605803,7,1.0,0,0.0,0.3,37.635999999999996,37.635999999999996,1.0,1.0
199,6,10,1.0,10.298970247530788,6,1.0,0,0.0,0.25,32.804,32.804,1.0,1.0
199,7,10,0.0,-2.899999999999999,10,0.0,0,1.0,0.0,0.0,32.903,0.0,1.0
199,8,10,1.0,9.914042469302693,10,1.0,0,0.0,0.3,35.508,35.508,1.0,1.0
199,9,10,0.0,-2.8999999999999995,10,0.0,0,1.0,0.0,0.0,33.422,0.0,1.0
