scenario_id,robot_id,robots,success,reward,steps,spl,collisions,deadlock,cumulative_risk,path_length,shortest_path_length,detour,disruption_applied
0,0,5,0.0,-25.561199786631647,200,0.0,0,0.0,15.000000000000004,1002.9579999999969,48.742,20.576874153707212,1.0
0,1,5,0.0,-25.419483048567237,200,0.0,0,0.0,14.950000000000003,1243.3349999999984,59.464,20.909037400780278,1.0
0,2,5,0.0,-30.56862849033047,200,0.0,0,0.0,24.900000000000002,447.1529999999986,58.483000000000004,7.645862900329986,1.0
0,3,5,0.0,-25.588192401567223,200,0.0,0,0.0,15.000000000000004,881.2650000000003,62.27600000000001,14.150957029995507,1.0
0,4,5,0.0,-22.898687448728523,200,0.0,0,0.0,10.000000000000007,1481.092999999996,48.75999999999999,30.375164068908866,1.0
1,0,5,0.0,-25.436513257035802,200,0.0,0,0.0,15.050000000000002,747.0079999999983,49.105999999999995,15.212153301022246,1.0
1,1,5,0.0,-25.507087454121383,200,0.0,0,0.0,15.000000000000002,365.3999999999997,55.309,6.60651973458207,1.0
1,2,5,1.0,10.158146230260575,7,0.8939242624632242,0,0.0,0.35,37.04900000000001,33.119,1.1186630031099976,1.0
1,3,5,1.0,9.59760036852979,9,0.7535237934951823,0,0.0,1.1,47.534000000000006,35.818,1.3270981070969905,1.0
1,4,5,0.0,-25.198648519765687,200,0.0,0,0.0,13.350000000000012,731.5109999999987,51.376999999999995,14.238102652938062,1.0
2,0,5,0.0,-12.800330230837982,12,0.0,10,1.0,0.15000000000000002,12.986,32.447,0.4002219003297685,1.0
2,1,5,1.0,10.321875448176954,5,0.7402613311555737,0,0.0,0.4,48.98,36.257999999999996,1.3508742898119037,1.0
2,2,5,0.0,-12.499852135339655,12,0.0,10,1.0,0.1,9.685,11.497,0.8423936679133688,1.0
2,3,5,1.0,9.404602596058881,12,0.7998420102317184,0,0.0,0.9000000000000004,53.168,42.526,1.2502469077740674,1.0
2,4,5,1.0,10.030866071956046,7,0.9003723404255318,0,0.0,0.6,37.6,33.854,1.1106516216695221,1.0
3,0,5,0.0,-23.17306989703211,200,0.0,0,0.0,10.000000000000007,520.1339999999981,41.275,12.601671714112612,1.0
3,1,5,0.0,-22.649488349155487,200,0.0,0,0.0,10.000000000000007,1124.6499999999999,24.333,46.219126289401224,1.0
3,2,5,0.0,-26.745972321773156,200,0.0,0,0.0,17.500000000000032,868.9399999999986,54.410999999999994,15.969932550403387,1.0
3,3,5,0.0,-23.096180523866025,200,0.0,0,0.0,10.150000000000011,1030.223,43.828,23.506046363055578,1.0
3,4,5,0.0,-23.008482623282827,200,0.0,0,0.0,10.000000000000007,1088.4000000000012,47.391000000000005,22.966386022662554,1.0
4,0,5,1.0,10.374302952600022,5,0.9724962411529575,0,0.0,0.3,27.269,26.519,1.0282816094121197,1.0
4,1,5,1.0,10.615239730382804,3,0.5680947908388123,0,0.0,0.2,13.841,7.863,1.760269617194455,1.0
4,2,5,0.0,-32.89359495674487,200,0.0,0,0.0,30.000000000000004,1417.7940000000028,36.643,38.692083071800965,1.0
4,3,5,1.0,10.321763070507375,5,0.8072313566586147,0,0.0,0.39999999999999997,64.16499999999999,51.79600000000001,1.2388022241099697,1.0
4,4,5,0.0,-22.74597061298461,200,0.0,0,0.0,10.000000000000007,1569.799999999998,30.898,50.805877403068095,1.0
5,0,5,0.0,-22.960279128116582,200,0.0,0,0.0,10.000000000000007,1089.2010000000002,63.77000000000001,17.08014740473577,1.0
5,1,5,0.0,-23.092081522184905,200,0.0,0,0.0,10.000000000000007,898.1999999999975,48.772,18.416304436971984,1.0
5,2,5,0.0,-24.892268210112487,200,0.0,0,0.0,15.000000000000004,1029.2850000000024,9.157,112.40417167194522,1.0
5,3,5,1.0,10.633329793396408,3,1.0,0,0.0,0.15000000000000002,10.358,10.358,1.0,1.0
5,4,5,1.0,10.00695680490777,7,0.8518810180047964,0,0.0,0.6500000000000001,55.87400000000001,47.598000000000006,1.173872851800496,1.0
6,0,5,1.0,9.326306798217875,12,0.7353804493871056,0,0.0,1.0500000000000003,96.754,71.15100000000001,1.3598403395595282,1.0
6,1,5,1.0,10.212209572490707,6,0.5017047938219438,0,0.0,0.45,34.315,17.216,1.9932039962825276,1.0
6,2,5,0.0,-22.96308652482265,200,0.0,0,0.0,10.000000000000007,485.00000000000153,59.925,8.09345014601588,1.0
6,3,5,0.0,-23.23145179408525,200,0.0,0,0.0,10.150000000000011,518.5959999999981,46.291,11.202955218076907,1.0
6,4,5,0.0,-26.39241381678341,200,0.0,0,0.0,16.649999999999995,987.3130000000009,58.248,16.950161378931483,1.0
7,0,5,0.0,-22.89142165286675,200,0.0,0,0.0,10.000000000000007,961.2000000000031,51.208,18.77050460865496,1.0
7,1,5,0.0,-12.915453016910067,11,0.0,10,1.0,0.1,5.826,41.632,0.1399404304381245,1.0
7,2,5,0.0,-25.57469084850033,200,0.0,0,0.0,14.950000000000003,802.9589999999976,58.51500000000001,13.72227633940011,1.0
7,3,5,0.0,-12.993177135995953,11,0.0,10,1.0,0.1,5.134,31.648,0.16222194135490395,1.0
7,4,5,0.0,-25.575426910596597,200,0.0,0,0.0,15.000000000000002,1110.799999999998,50.233,22.112953636055938,1.0
8,0,5,0.0,-28.073413073924048,200,0.0,0,0.0,20.000000000000014,1820.7490000000091,52.838,34.45908247851942,1.0
8,1,5,0.0,-25.67011626928471,200,0.0,0,0.0,15.050000000000002,1404.9579999999964,71.3,19.704880785413696,1.0
8,2,5,1.0,10.000541589212474,7,0.7614072925793623,0,0.0,0.65,44.511,33.891,1.3133575285474022,1.0
8,3,5,0.0,-23.09206474536126,200,0.0,0,0.0,10.000000000000007,762.6269999999995,63.325,12.04306356099486,1.0
8,4,5,0.0,-24.93491283218271,200,0.0,0,0.0,13.450000000000014,1140.5929999999994,51.854,21.99623944150884,1.0
9,0,5,0.0,-25.581021571238292,200,0.0,0,0.0,15.000000000000002,946.0140000000025,37.550000000000004,25.193448735020038,1.0
9,1,5,0.0,-33.31059138230197,200,0.0,0,0.0,29.849999999999895,915.9139999999974,27.664,33.10851648351639,1.0
9,2,5,1.0,10.048761161580869,7,0.9080909571655209,0,0.0,0.5499999999999999,56.73,51.516,1.101211274167249,1.0
9,3,5,0.0,-25.35522746818975,200,0.0,0,0.0,15.000000000000002,1313.0000000000066,45.346999999999994,28.954506362052765,1.0
9,4,5,1.0,9.998911790045728,7,0.8332320945386271,0,0.0,0.65,36.218,30.178,1.200145801577308,1.0
10,0,5,0.0,-25.79376439364755,200,0.0,0,0.0,14.950000000000003,1221.6330000000025,46.721999999999994,26.146847309618654,1.0
10,1,5,0.0,-23.046897837810576,200,0.0,0,0.0,10.000000000000007,319.327,39.682,8.04714984123784,1.0
10,2,5,1.0,10.295543330189666,5,0.8008895975829803,0,0.0,0.45,23.831,19.086000000000002,1.2486115477313213,1.0
10,3,5,1.0,10.313095730856237,5,0.984691943127962,0,0.0,0.39999999999999997,42.2,41.554,1.0155460364826492,1.0
10,4,5,0.0,-25.4226236088305,200,0.0,0,0.0,15.000000000000004,935.762000000003,54.81,17.072833424557615,1.0
11,0,5,0.0,-25.69453912195123,200,0.0,0,0.0,14.950000000000003,1149.2970000000043,51.25,22.425307317073255,1.0
11,1,5,1.0,9.55366070659817,11,0.6084625593741266,0,0.0,0.8,57.26400000000001,34.842999999999996,1.6434864965703302,1.0
11,2,5,1.0,10.368134168261147,5,0.9628740509155873,0,0.0,0.3,35.824,34.494,1.0385574302777294,1.0
11,3,5,0.0,-22.987005268568456,200,0.0,0,0.0,10.000000000000007,657.6000000000016,62.25599999999999,10.562837316885147,1.0
11,4,5,0.0,-23.083237259205088,200,0.0,0,0.0,10.000000000000007,565.9190000000012,61.51499999999999,9.199691132244189,1.0
12,0,5,0.0,-24.60938213751275,200,0.0,0,0.0,13.350000000000012,824.2319999999976,25.394,32.457745924233976,1.0
12,1,5,0.0,-28.52745928990928,200,0.0,0,0.0,19.950000000000028,722.2040000000005,44.952000000000005,16.066114967076,1.0
12,2,5,0.0,-12.721238443240061,13,0.0,10,1.0,0.2,25.416000000000004,40.77700000000001,0.6232925423645682,1.0
12,3,5,1.0,9.976070912070961,8,0.7796151533373421,0,0.0,0.5,53.216,41.488,1.282684149633629,1.0
12,4,5,0.0,-13.038598960155978,13,0.0,10,1.0,0.35,15.821000000000002,40.006,0.39546568014797784,1.0
13,0,5,1.0,9.97566687558759,8,0.29956253168359587,0,0.0,0.5499999999999999,53.261,15.955,3.3382011908492637,1.0
13,1,5,0.0,-22.863562235976005,200,0.0,0,0.0,10.000000000000007,1388.7999999999954,50.894999999999996,27.287552804794096,1.0
13,2,5,1.0,10.18209310615242,6,0.7542817196784342,0,0.0,0.5,37.193,28.054000000000002,1.325764596848934,1.0
13,3,5,1.0,10.755015421115065,2,0.9653040192373754,0,0.0,0.1,8.733,8.43,1.0359430604982207,1.0
13,4,5,0.0,-23.240997982715466,200,0.0,0,0.0,10.050000000000008,1054.7160000000058,43.623000000000005,24.177979506223913,1.0
14,0,5,0.0,-27.782356213923162,200,0.0,0,0.0,20.00000000000003,1251.8000000000025,28.758000000000003,43.52875721538363,1.0
14,1,5,0.0,-22.70984718868577,200,0.0,0,0.0,10.000000000000007,1055.4420000000014,28.990000000000002,36.40710589858576,1.0
14,2,5,0.0,-25.58542428994599,200,0.0,0,0.0,15.000000000000002,784.4000000000033,45.912000000000006,17.08485798919679,1.0
14,3,5,0.0,-22.736850227290894,200,0.0,0,0.0,10.100000000000009,684.9539999999992,25.078,27.3129436159183,1.0
14,4,5,0.0,-25.59138264319871,200,0.0,0,0.0,15.000000000000002,1728.0300000000016,49.145,35.16186794180489,1.0
15,0,5,1.0,10.028210908846193,7,0.7366581563096447,0,0.0,0.6000000000000001,40.343,29.719,1.357481745684579,1.0
15,1,5,0.0,-23.007997202145084,200,0.0,0,0.0,10.000000000000007,966.1310000000051,42.89,22.52578689671264,1.0
15,2,5,0.0,-24.74837596418594,200,0.0,0,0.0,15.100000000000003,948.4890000000025,47.57899999999999,19.935034363900098,1.0
15,3,5,0.0,-23.031455523564198,200,0.0,0,0.0,10.000000000000007,1146.0969999999966,52.792,21.709671919987812,1.0
15,4,5,0.0,-25.594970500420214,200,0.0,0,0.0,14.950000000000003,1602.3969999999995,55.93299999999999,28.64850803640069,1.0
16,0,5,0.0,-23.39743677480766,200,0.0,0,0.0,10.200000000000012,1004.6859999999999,38.86899999999999,25.848002264015026,1.0
16,1,5,1.0,10.231606682621504,6,0.7167408873494968,0,0.0,0.4,30.315,21.727999999999998,1.395204344624448,1.0
16,2,5,1.0,9.79746972594009,8,0.7530055431574401,0,0.0,0.9,41.673,31.38,1.3280114722753347,1.0
16,3,5,1.0,10.20596135721018,6,0.80644231273261,0,0.0,0.45,38.153999999999996,30.769000000000002,1.2400143001072506,1.0
16,4,5,1.0,10.072836971292679,7,0.9163359016265857,0,0.0,0.49999999999999994,51.396,47.096000000000004,1.0913028707321215,1.0
17,0,5,0.0,-23.083267088154567,200,0.0,0,0.0,10.000000000000007,584.8739999999992,41.915,13.953811284742914,1.0
17,1,5,0.0,-26.095752277353323,200,0.0,0,0.0,14.950000000000003,906.7229999999987,59.93799999999999,15.127681938002585,1.0
17,2,5,1.0,9.905729337173403,8,0.8684456760355563,0,0.0,0.65,55.574,48.263000000000005,1.15148250212378,1.0
17,3,5,0.0,-25.725125324114156,200,0.0,0,0.0,14.900000000000002,721.6709999999997,60.164,11.995063493118803,1.0
17,4,5,0.0,-24.27859381552524,200,0.0,0,0.0,12.500000000000014,748.3080000000009,45.306999999999995,16.516388196084513,1.0
18,0,5,0.0,-25.346007998815054,200,0.0,0,0.0,15.000000000000002,1039.5999999999976,33.755,30.798400237001854,1.0
18,1,5,1.0,10.634783451649467,3,0.6644601236721104,0,0.0,0.15000000000000002,25.228,16.763,1.5049812086142098,1.0
18,2,5,1.0,10.563852971359267,3,0.7016429927341756,0,0.0,0.30000000000000004,15.277,10.719000000000001,1.4252262337904653,1.0
18,3,5,1.0,10.443540038613587,4,1.0,0,0.0,0.35,54.385000000000005,54.385000000000005,1.0,1.0
18,4,5,0.0,-23.35448810148078,200,0.0,0,0.0,11.250000000000014,956.1280000000016,40.047,23.87514670262446,1.0
19,0,5,0.0,-23.007961009972703,200,0.0,0,0.0,10.000000000000007,508.6000000000011,48.83299999999999,10.41508815759837,1.0
19,1,5,1.0,9.92804875980496,7,0.7624789861631966,0,0.0,0.8,30.932000000000002,23.585,1.3115115539537843,1.0
19,2,5,0.0,-12.749687569639438,13,0.0,10,1.0,0.2,17.097,22.437,0.7620002674154299,1.0
19,3,5,0.0,-13.317588632280117,13,0.0,10,1.0,0.15000000000000002,23.929,22.819,1.0486436741312064,1.0
19,4,5,1.0,2.0506292780242834,17,0.6349064226594745,7,0.0,0.6500000000000001,45.791000000000004,29.073,1.575035256079524,1.0
20,0,5,1.0,10.63446821559997,3,0.6882014102691428,0,0.0,0.15000000000000002,20.138,13.859,1.4530629915578326,1.0
20,1,5,1.0,10.468541152562056,4,0.37634526085768916,0,0.0,0.30000000000000004,18.305,6.889,2.6571345623457683,1.0
20,2,5,0.0,-13.241026701613565,16,0.0,10,1.0,0.4,45.52400000000001,48.836,0.9321811778196415,1.0
20,3,5,0.0,-13.714178280033762,16,0.0,10,1.0,0.44999999999999996,33.288,53.315,0.6243646253399606,1.0
20,4,5,0.0,-28.31359370818232,200,0.0,0,0.0,19.950000000000024,613.3459999999988,41.101,14.922897253108166,1.0
21,0,5,0.0,-25.57191199070433,200,0.0,0,0.0,15.000000000000004,721.800000000001,26.679,27.054987068480866,1.0
21,1,5,1.0,9.730676388019308,8,0.9362036039102236,0,0.0,1.0,52.88700000000001,49.513000000000005,1.0681437198311554,1.0
21,2,5,0.0,-23.521157676611733,200,0.0,0,0.0,10.20000000000001,1245.4599999999978,47.293,26.33497557778102,1.0
21,3,5,1.0,10.342204867204867,5,0.8220113487000289,0,0.0,0.35000000000000003,31.192999999999998,25.641,1.2165282165282165,1.0
21,4,5,1.0,9.313920075734687,12,0.821276736530413,0,0.0,1.1,60.451,49.647,1.2176163715833788,1.0
22,0,5,1.0,10.581577104145136,3,0.7383637134378974,0,0.0,0.25,11.795,8.709,1.3543460787690895,1.0
22,1,5,0.0,-28.300502741201623,200,0.0,0,0.0,19.80000000000001,2647.008999999999,62.199,42.557098988729706,1.0
22,2,5,1.0,9.792787853352918,9,0.6423345014826509,0,0.0,0.7000000000000002,51.934000000000005,33.358999999999995,1.5568212476393182,1.0
22,3,5,1.0,10.316644565933853,5,0.7651526389177322,0,0.0,0.4,33.707,25.791,1.306928773603195,1.0
22,4,5,0.0,-33.35844123343632,200,0.0,0,0.0,29.549999999999898,916.1650000000038,52.147,17.568891786680037,1.0
23,0,5,0.0,-25.50277564069685,200,0.0,0,0.0,15.000000000000002,588.5999999999987,58.491,10.063086628712087,1.0
23,1,5,0.0,-25.886321031962776,200,0.0,0,0.0,14.900000000000002,1235.4009999999985,38.451,32.12922940885799,1.0
23,2,5,0.0,-24.176769911504426,200,0.0,0,0.0,12.500000000000014,770.8539999999991,38.419999999999995,20.063872982821426,1.0
23,3,5,0.0,-13.128929057948234,12,0.0,10,1.0,0.1,6.132,28.629,0.2141884103531384,1.0
23,4,5,0.0,-13.073162281112463,12,0.0,10,1.0,0.1,4.386,32.037000000000006,0.13690420451353122,1.0
24,0,5,1.0,9.732118869492934,9,0.9173752240057955,0,0.0,0.8,52.45400000000001,48.120000000000005,1.0900665004156276,1.0
24,1,5,1.0,9.351476938481756,12,0.5527631237568106,0,0.0,1.0500000000000003,57.815,31.958000000000002,1.8090931848050564,1.0
24,2,5,0.0,-23.021445628023848,200,0.0,0,0.0,10.000000000000007,1204.6850000000031,48.159,25.014742831038916,1.0
24,3,5,1.0,10.317371396680578,5,0.6493146368363005,0,0.0,0.39999999999999997,63.47,41.211999999999996,1.5400854120159178,1.0
24,4,5,1.0,9.979890457643622,7,0.9252946917936783,0,0.0,0.7000000000000001,26.638,24.648000000000003,1.0807367737747484,1.0
25,0,5,0.0,-22.99634975428873,200,0.0,0,0.0,10.000000000000007,1455.0009999999947,66.33800000000001,21.93314540685572,1.0
25,1,5,1.0,10.126451603136639,6,1.0,0,0.0,0.6,33.028999999999996,33.028999999999996,1.0,1.0
25,2,5,1.0,10.101194600902092,7,0.9956432369632247,0,0.0,0.45,44.757999999999996,44.563,1.0043758274801964,1.0
25,3,5,0.0,-24.95257246674329,200,0.0,0,0.0,13.300000000000013,699.3579999999996,48.711999999999996,14.35699622269666,1.0
25,4,5,1.0,10.302184332207007,5,0.800569496351664,0,0.0,0.44999999999999996,28.095000000000002,22.492,1.2491107949493154,1.0
26,0,5,0.0,-13.030749901160492,14,0.0,10,1.0,0.25,22.250999999999998,42.999,0.51747715063141,1.0
26,1,5,0.0,-26.271656645617426,200,0.0,0,0.0,16.699999999999996,735.3180000000006,33.097,22.217058947940917,1.0
26,2,5,1.0,9.861841245216672,8,0.8116207232313737,0,0.0,0.75,59.566,48.345000000000006,1.2321025959251215,1.0
26,3,5,0.0,-23.127145562274723,200,0.0,0,0.0,10.000000000000007,832.6000000000017,32.742,25.429112454950882,1.0
26,4,5,0.0,-13.283425531267124,14,0.0,10,1.0,0.25,23.052,65.69200000000001,0.35091030871338974,1.0
27,0,5,0.0,-25.557770075101097,200,0.0,0,0.0,15.000000000000002,659.9999999999992,57.123000000000005,11.554015020219511,1.0
27,1,5,0.0,-24.27864493305275,200,0.0,0,0.0,12.050000000000017,997.4900000000032,44.662,22.33419909542795,1.0
27,2,5,1.0,10.756478855565314,2,0.6676441018766756,0,0.0,0.1,11.936,7.968999999999999,1.4978039904630445,1.0
27,3,5,0.0,-28.543386793025917,200,0.0,0,0.0,19.80000000000001,1038.626000000001,49.383,21.03205556568052,1.0
27,4,5,1.0,10.314297811576395,5,0.8821220376717346,0,0.0,0.4,34.137,30.113000000000003,1.1336299936904326,1.0
28,0,5,0.0,-22.92883396521287,200,0.0,0,0.0,10.000000000000007,1368.926000000002,34.553,39.618151824733076,1.0
28,1,5,0.0,-25.531414199332794,200,0.0,0,0.0,15.000000000000004,400.1349999999998,57.55199999999999,6.952582012788433,1.0
28,2,5,0.0,-23.557005072565875,200,0.0,0,0.0,10.050000000000008,651.729000000001,21.290999999999997,30.61053966464708,1.0
28,3,5,0.0,-25.315437797399365,200,0.0,0,0.0,15.000000000000002,1336.8640000000014,39.299,34.017761266190014,1.0
28,4,5,0.0,-23.146613078790892,200,0.0,0,0.0,10.000000000000007,807.7550000000012,47.772,16.908544754249377,1.0
29,0,5,1.0,10.316401394133022,5,0.907522303325223,0,0.0,0.39999999999999997,49.32,44.759,1.1019012935945842,1.0
29,1,5,0.0,-25.576726784343837,200,0.0,0,0.0,15.000000000000004,782.6860000000017,52.12,15.016999232540325,1.0
29,2,5,1.0,10.755774770085026,2,1.0,0,0.0,0.1,11.526,11.526,1.0,1.0
29,3,5,0.0,-25.646336092018483,200,0.0,0,0.0,15.000000000000004,1354.5999999999983,35.644999999999996,38.00252489830267,1.0
29,4,5,0.0,-30.969141286829945,200,0.0,0,0.0,24.7,693.4919999999975,48.398,14.328939212364094,1.0
30,0,5,1.0,9.828446686057305,8,0.9047930120571877,0,0.0,0.7999999999999999,53.578,48.477000000000004,1.1052251583225035,1.0
30,1,5,0.0,-25.426707479735907,200,0.0,0,0.0,15.000000000000004,1246.9999999999984,58.478,21.324258695577797,1.0
30,2,5,0.0,-24.629784286771766,200,0.0,0,0.0,13.300000000000013,709.2290000000013,28.371000000000002,24.998378626061868,1.0
30,3,5,1.0,10.070839543171878,7,0.5858403720223972,0,0.0,0.55,42.148,24.692,1.706949619309898,1.0
30,4,5,1.0,10.367737358101136,5,1.0,0,0.0,0.3,23.256,23.256,1.0,1.0
31,0,5,1.0,10.34224715909091,5,0.2710124470678814,0,0.0,0.4,38.964999999999996,10.559999999999999,3.6898674242424243,1.0
31,1,5,0.0,-25.76717904218832,200,0.0,0,0.0,15.000000000000004,1028.1320000000026,24.201,42.48303789099634,1.0
31,2,5,0.0,-22.638889875458496,200,0.0,0,0.0,10.000000000000007,1202.732999999998,42.797000000000004,28.103208168796826,1.0
31,3,5,1.0,10.414003761165961,4,0.6783390738614619,0,0.0,0.39999999999999997,31.355999999999995,21.269999999999996,1.4741889985895629,1.0
31,4,5,1.0,9.388405613120153,12,0.8504442466772683,0,0.0,0.9500000000000002,68.54299999999999,58.291999999999994,1.175856035133466,1.0
32,0,5,1.0,10.174819907735984,6,0.9627193918947773,0,0.0,0.49999999999999994,23.417,22.544,1.0387242725337118,1.0
32,1,5,0.0,-13.299368105065666,13,0.0,10,1.0,0.2,10.152,26.650000000000002,0.3809380863039399,1.0
32,2,5,1.0,9.880315094792415,8,0.9410781634634927,0,0.0,0.7000000000000001,44.279,41.669999999999995,1.0626109911207107,1.0
32,3,5,0.0,-25.59963427646671,200,0.0,0,0.0,14.950000000000003,1602.2689999999993,56.230999999999995,28.494406999697667,1.0
32,4,5,0.0,-12.933070178173372,13,0.0,10,1.0,0.25,31.456,64.15100000000001,0.490343096756091,1.0
33,0,5,1.0,10.369921008254193,5,1.0,0,0.0,0.30000000000000004,22.534,22.534,1.0,1.0
33,1,5,0.0,-23.366318157033803,200,0.0,0,0.0,10.100000000000009,943.1019999999949,51.352000000000004,18.365438541828844,1.0
33,2,5,0.0,-25.37465708069248,200,0.0,0,0.0,15.000000000000004,721.800000000001,21.142000000000003,34.14057326648382,1.0
33,3,5,0.0,-23.040125544786296,200,0.0,0,0.0,10.000000000000007,742.3999999999983,61.492000000000004,12.073115201977464,1.0
33,4,5,1.0,9.742053813579483,9,0.8873174026851303,0,0.0,0.8000000000000002,47.37200000000001,42.034,1.1269924346957227,1.0
34,0,5,1.0,10.345948171143203,5,0.7423475777766646,0,0.0,0.35,39.922,29.636000000000003,1.3470778782561748,1.0
34,1,5,1.0,10.765183558205209,2,0.37388549976536833,0,0.0,0.1,8.524000000000001,3.187,2.6746156259805463,1.0
34,2,5,0.0,-23.275872409068807,200,0.0,0,0.0,16.050000000000033,1072.8570000000002,22.627,47.41490255005083,1.0
34,3,5,0.0,-23.23555850559454,200,0.0,0,0.0,10.10000000000001,1235.5210000000025,52.73,23.431082875023755,1.0
34,4,5,1.0,10.268634796132261,5,1.0,0,0.0,0.5,29.578,29.578,1.0,1.0
35,0,5,0.0,-13.52566289704213,18,0.0,10,1.0,0.44999999999999996,34.907999999999994,46.689,0.7476707575660219,1.0
35,1,5,1.0,10.744594110624751,2,0.3315740862910674,0,0.0,0.15000000000000002,7.579000000000001,2.513,3.0159172304019104,1.0
35,2,5,1.0,10.343885756056808,5,0.3358114742600646,0,0.0,0.4,28.516,9.576,2.977861319966583,1.0
35,3,5,0.0,-22.89122676187263,200,0.0,0,0.0,10.050000000000008,698.1789999999984,47.336000000000006,14.749429609599423,1.0
35,4,5,0.0,-13.503028835749841,18,0.0,10,1.0,0.5499999999999999,54.44700000000001,36.968,1.4728143259034843,1.0
36,0,5,0.0,-23.17497666977735,200,0.0,0,0.0,10.000000000000007,469.244999999998,15.002,31.27882948940128,1.0
36,1,5,1.0,10.730584399903405,2,0.9415643474306503,0,0.0,0.15000000000000002,8.796,8.282,1.0620623037913546,1.0
36,2,5,0.0,-25.580828572953884,200,0.0,0,0.0,15.000000000000004,1052.7529999999974,37.462,28.10188991511391,1.0
36,3,5,1.0,10.34477928036706,5,0.8599136140875487,0,0.0,0.35,24.078000000000003,20.705000000000002,1.1629075102632216,1.0
36,4,5,0.0,-25.366233435698977,200,0.0,0,0.0,14.950000000000003,1715.4280000000015,23.771,72.16473854696906,1.0
37,0,5,0.0,-25.482118840934167,200,0.0,0,0.0,15.000000000000002,1041.0929999999976,65.432,15.911067978970497,1.0
37,1,5,0.0,-27.999830926859044,200,0.0,0,0.0,20.00000000000003,707.0989999999974,29.573,23.910289791363656,1.0
37,2,5,0.0,-23.282163797960685,200,0.0,0,0.0,10.100000000000009,1066.485000000005,55.019,19.38394009342236,1.0
37,3,5,1.0,10.415149651753781,4,1.0,0,0.0,0.4,15.937,15.937,1.0,1.0
37,4,5,1.0,10.46396355214238,4,0.9587448138841816,0,0.0,0.3,17.113,16.407,1.043030413847748,1.0
38,0,5,0.0,-13.546836666206053,14,0.0,10,1.0,0.35000000000000003,28.61,50.657,0.5647788064828159,1.0
38,1,5,0.0,-13.558430605270079,20,0.0,10,1.0,0.8500000000000001,53.631,49.449,1.0845719832554754,1.0
38,2,5,0.0,-13.10632952659834,14,0.0,10,1.0,0.30000000000000004,28.587,51.225,0.5580673499267935,1.0
38,3,5,0.0,-14.177832287598436,20,0.0,10,1.0,0.7500000000000001,35.39000000000001,62.476,0.5664575196875602,1.0
38,4,5,0.0,-22.939149992697466,200,0.0,0,0.0,10.000000000000007,502.5999999999981,47.929,10.486344384401887,1.0
39,0,5,0.0,-22.811782326510233,200,0.0,0,0.0,10.000000000000007,678.5999999999993,18.027,37.64353469795303,1.0
39,1,5,1.0,9.996230064322848,8,0.2268212251424003,0,0.0,0.5499999999999999,50.035000000000004,11.349,4.40875848092343,1.0
39,2,5,0.0,-23.274062828954136,200,0.0,0,0.0,10.000000000000007,1368.5650000000019,48.449000000000005,28.247538648888558,1.0
39,3,5,1.0,10.592051282051282,3,0.8205504587155963,0,0.0,0.25,16.35,13.416,1.2186940966010733,1.0
39,4,5,0.0,-25.559225869765932,200,0.0,0,0.0,15.000000000000004,942.4439999999978,51.96799999999999,18.13508312807878,1.0
40,0,5,0.0,-12.9,10,0.0,10,1.0,0.0,0.0,62.98800000000001,0.0,1.0
40,1,5,0.0,-23.58959249744871,200,0.0,0,0.0,10.200000000000012,341.27899999999977,28.417,12.009677305838046,1.0
40,2,5,0.0,-25.616214404528318,200,0.0,0,0.0,15.000000000000004,628.7450000000005,40.278999999999996,15.609747014573363,1.0
40,3,5,0.0,-22.959772625947377,200,0.0,0,0.0,10.000000000000007,974.0000000000008,58.318,16.701532974381852,1.0
40,4,5,0.0,-12.899999999999999,10,0.0,10,1.0,0.0,0.0,44.803,0.0,1.0
41,0,5,0.0,-25.5778499951737,200,0.0,0,0.0,15.000000000000002,936.358000000003,62.15800000000001,15.064159078477475,1.0
41,1,5,1.0,10.06820791123975,7,0.7043832823649339,0,0.0,0.5499999999999999,50.03099999999999,35.241,1.419681620839363,1.0
41,2,5,0.0,-23.082777777777856,200,0.0,0,0.0,10.000000000000007,1112.1559999999988,37.800000000000004,29.422116402116366,1.0
41,3,5,0.0,-25.962580861007638,200,0.0,0,0.0,15.050000000000002,842.5710000000013,48.571000000000005,17.347203063556467,1.0
41,4,5,0.0,-24.47899855667812,200,0.0,0,0.0,12.050000000000017,822.0259999999985,36.028,22.816309537026715,1.0
42,0,5,1.0,10.103586751480588,7,0.7682715154783368,0,0.0,0.44999999999999996,59.341,45.58999999999999,1.301623162974337,1.0
42,1,5,1.0,9.077752556237218,13,0.7127733026467203,0,0.0,1.3500000000000003,65.17500000000001,46.455000000000005,1.4029706167258638,1.0
42,2,5,0.0,-25.831225412687363,200,0.0,0,0.0,15.050000000000002,943.4509999999987,47.43300000000001,19.89018194084284,1.0
42,3,5,0.0,-25.675206051303448,200,0.0,0,0.0,15.050000000000002,1113.812999999999,42.998999999999995,25.903230307681554,1.0
42,4,5,1.0,10.636852166525063,3,0.4065630397236614,0,0.0,0.15000000000000002,14.475000000000001,5.885,2.4596431605777402,1.0
43,0,5,0.0,-23.652385777881925,200,0.0,0,0.0,10.10000000000001,437.26399999999825,51.21600000000001,8.537644486098058,1.0
43,1,5,0.0,-29.70868776804947,200,0.0,0,0.0,23.35000000000002,744.7659999999989,50.59700000000001,14.719568353854948,1.0
43,2,5,0.0,-25.586778611321037,200,0.0,0,0.0,15.000000000000004,941.5999999999987,54.25299999999999,17.355722264206566,1.0
43,3,5,1.0,10.484569637277007,4,0.8892054447610005,0,0.0,0.25,28.430999999999997,25.281000000000002,1.1245995016019934,1.0
43,4,5,1.0,10.121527834629555,7,0.9905526497182013,0,0.0,0.39999999999999997,49.326,48.86,1.0095374539500614,1.0
44,0,5,0.0,-25.508657033038595,200,0.0,0,0.0,15.100000000000003,1039.7509999999975,47.611000000000004,21.83846170002725,1.0
44,1,5,0.0,-25.35673800813704,200,0.0,0,0.0,15.000000000000004,947.1360000000018,29.249000000000002,32.38182501965885,1.0
44,2,5,0.0,-22.933063734782355,200,0.0,0,0.0,10.000000000000007,970.7159999999978,47.478,20.445595854922235,1.0
44,3,5,1.0,10.489997608418367,4,0.9003409294814284,0,0.0,0.25,27.865,25.088,1.110690369897959,1.0
44,4,5,0.0,-23.087954165946908,200,0.0,0,0.0,10.000000000000007,898.1999999999975,34.734,25.85938849542228,1.0
45,0,5,0.0,-25.583685986432815,200,0.0,0,0.0,15.100000000000003,1039.7509999999975,56.902,18.2726617693578,1.0
45,1,5,0.0,-24.75494141619967,200,0.0,0,0.0,13.350000000000012,511.20999999999987,43.186,11.837401009586436,1.0
45,2,5,0.0,-23.073882712073296,200,0.0,0,0.0,10.000000000000007,764.9930000000006,35.706999999999994,21.424174531604468,1.0
45,3,5,0.0,-13.413979530893691,16,0.0,10,1.0,0.45000000000000007,29.716,36.836,0.8067108263655121,1.0
45,4,5,0.0,-13.130428752548529,16,0.0,10,1.0,0.55,43.041,58.367000000000004,0.7374201175321671,1.0
46,0,5,1.0,10.317728063634103,5,0.5965965965965966,0,0.0,0.4,26.973000000000006,16.092000000000002,1.6761744966442955,1.0
46,1,5,0.0,-24.45451526830709,200,0.0,0,0.0,13.300000000000013,1363.0829999999999,43.849000000000004,31.085840041962182,1.0
46,2,5,0.0,-23.515885777247277,200,0.0,0,0.0,10.100000000000009,628.2799999999992,54.455,11.537599853089691,1.0
46,3,5,0.0,-28.39093379620841,200,0.0,0,0.0,20.000000000000025,616.5449999999988,36.870999999999995,16.721678283746005,1.0
46,4,5,1.0,9.729673435075012,9,0.967455362170143,0,0.0,0.8000000000000002,79.92099999999999,77.32,1.0336394205897568,1.0
47,0,5,0.0,-22.85628387533878,200,0.0,0,0.0,10.000000000000007,1018.2000000000013,35.424,28.74322493224936,1.0
47,1,5,1.0,10.490711101824765,4,0.9071839262020598,0,0.0,0.25,15.827,14.358,1.1023122997631982,1.0
47,2,5,0.0,-25.61868381080977,200,0.0,0,0.0,15.000000000000004,2976.5830000000046,47.402,62.79446014936088,1.0
47,3,5,0.0,-24.333389349162932,200,0.0,0,0.0,12.550000000000015,714.8349999999995,46.832,15.263815339938493,1.0
47,4,5,1.0,9.01322593739985,15,0.6745499877498666,0,0.0,1.1,69.387,46.805,1.4824698216002563,1.0
48,0,5,0.0,-25.352901808696867,200,0.0,0,0.0,15.000000000000004,857.1999999999956,29.137000000000004,29.41963826063066,1.0
48,1,5,0.0,-23.457683741648037,200,0.0,0,0.0,10.000000000000007,987.2000000000025,8.98,109.93318485523413,1.0
48,2,5,0.0,-25.489518613471137,200,0.0,0,0.0,15.000000000000002,892.7070000000028,47.196999999999996,18.91448609021766,1.0
48,3,5,0.0,-23.35209152619674,200,0.0,0,0.0,10.100000000000009,1013.0649999999998,57.010999999999996,17.76964094648401,1.0
48,4,5,1.0,9.790049735925917,9,0.9155824442709688,0,0.0,0.7000000000000001,46.116,42.223,1.0922009331407052,1.0
49,0,5,1.0,10.299673906180946,5,0.7967704612908094,0,0.0,0.45,19.879,15.839,1.2550666077403878,1.0
49,1,5,0.0,-33.03355898898053,200,0.0,0,0.0,29.950000000000003,768.5799999999975,51.908,14.806580873853694,1.0
49,2,5,1.0,10.166054256314313,6,0.695488110341238,0,0.0,0.49999999999999994,61.482000000000006,42.76,1.437839101964453,1.0
49,3,5,0.0,-25.401359896856608,200,0.0,0,0.0,15.150000000000004,1594.7559999999994,48.864,32.63662409954158,1.0
49,4,5,0.0,-23.022484400557335,200,0.0,0,0.0,10.050000000000008,1198.5939999999978,33.014,36.305627915429746,1.0
50,0,5,0.0,-13.093415020614117,13,0.0,10,1.0,0.2,14.072000000000001,65.004,0.21647898590855946,1.0
50,1,5,0.0,-28.623148546144055,200,0.0,0,0.0,19.500000000000032,973.6080000000026,63.279999999999994,15.385714285714327,1.0
50,2,5,0.0,-23.530138078996593,200,0.0,0,0.0,10.100000000000009,757.5919999999986,36.356,20.838156012762642,1.0
50,3,5,0.0,-13.159613325031133,13,0.0,10,1.0,0.15000000000000002,10.473999999999998,32.120000000000005,0.32608966376089654,1.0
50,4,5,1.0,10.765134544231415,2,0.1109949598655964,0,0.0,0.15000000000000002,26.785,2.973,9.009418096199125,1.0
51,0,5,0.0,-25.789692415313546,200,0.0,0,0.0,15.000000000000002,368.2639999999994,47.174,7.806503582481863,1.0
51,1,5,1.0,10.208738786776237,6,0.8306065027094625,0,0.0,0.45,38.38399999999999,31.882,1.2039395270058337,1.0
51,2,5,1.0,10.490759348612785,4,0.8069304521341316,0,0.0,0.25,20.547,16.580000000000002,1.2392641737032568,1.0
51,3,5,1.0,10.465472166227324,4,0.8476974981378433,0,0.0,0.3,22.823,19.346999999999998,1.1796660981030653,1.0
51,4,5,1.0,10.38644279203646,4,0.42060129136400326,0,0.0,0.5,19.824,8.338000000000001,2.3775485727992325,1.0
52,0,5,0.0,-25.41710505956986,200,0.0,0,0.0,15.000000000000004,857.1999999999956,51.704,16.578988086028076,1.0
52,1,5,1.0,10.47109400364012,4,0.580016548261006,0,0.0,0.30000000000000004,35.049,20.329,1.7240887402233263,1.0
52,2,5,0.0,-25.305472139079114,200,0.0,0,0.0,15.000000000000004,1313.0000000000066,48.778000000000006,26.91787281151352,1.0
52,3,5,0.0,-25.456971981307948,200,0.0,0,0.0,15.000000000000002,653.9999999999982,52.001,12.576681217668856,1.0
52,4,5,1.0,10.491716977680206,4,0.8963594621187272,0,0.0,0.25,24.392000000000003,21.863999999999997,1.1156238565678744,1.0
53,0,5,1.0,9.794984329768655,9,0.6516939771433916,0,0.0,0.7,64.13900000000001,41.799,1.5344625469508844,1.0
53,1,5,1.0,10.108774043919686,7,0.9181309190541426,0,0.0,0.45,33.578,30.829,1.0891692886567843,1.0
53,2,5,0.0,-28.038026559482955,200,0.0,0,0.0,20.000000000000014,798.1700000000029,25.377000000000002,31.45249635496721,1.0
53,3,5,1.0,10.31733112519507,5,0.9105118167319124,0,0.0,0.39999999999999997,34.485,31.398999999999997,1.0982833848211728,1.0
53,4,5,0.0,-23.235304925189872,200,0.0,0,0.0,10.050000000000008,514.1020000000024,43.977999999999994,11.689981354313575,1.0
54,0,5,0.0,-25.96853535131332,200,0.0,0,0.0,14.950000000000003,784.9139999999967,45.458,17.26679572352494,1.0
54,1,5,1.0,9.741931787634408,9,0.7329507671846907,0,0.0,0.8,40.603,29.759999999999998,1.36434811827957,1.0
54,2,5,1.0,10.383507553005513,5,0.6222525939975454,0,0.0,0.3,35.852000000000004,22.309,1.6070644134654177,1.0
54,3,5,0.0,-23.057686151482134,200,0.0,0,0.0,10.000000000000007,468.7639999999981,46.857,10.004140256525131,1.0
54,4,5,1.0,10.11465627814808,7,0.8219076667949896,0,0.0,0.45,33.769,27.755000000000003,1.2166816789767607,1.0
55,0,5,0.0,-23.12557984034881,200,0.0,0,0.0,10.000000000000007,584.5930000000012,33.949,17.219741376771076,1.0
55,1,5,0.0,-27.29572351894977,200,0.0,0,0.0,19.850000000000026,676.5729999999986,54.539,12.405306294578166,1.0
55,2,5,0.0,-23.147535094506466,200,0.0,0,0.0,10.000000000000007,1067.8000000000047,36.188,29.507018901293375,1.0
55,3,5,0.0,-23.001024003855132,200,0.0,0,0.0,10.000000000000007,689.5999999999975,66.40599999999999,10.384603800861331,1.0
55,4,5,0.0,-33.889688833936724,200,0.0,0,0.0,34.29999999999991,1061.0409999999952,33.969,31.23556772351247,1.0
56,0,5,0.0,-25.806919524789038,200,0.0,0,0.0,14.950000000000003,1218.6400000000026,47.642,25.579110868561408,1.0
56,1,5,0.0,-25.243317972350205,200,0.0,0,0.0,15.000000000000004,1682.6629999999955,15.19,110.77439104674099,1.0
56,2,5,1.0,10.322629090909091,5,0.8708679447516503,0,0.0,0.39999999999999997,41.051,35.75,1.1482797202797204,1.0
56,3,5,1.0,10.084373478019396,6,0.8457813911472448,0,0.0,0.7000000000000001,27.675,23.407,1.182338616653138,1.0
56,4,5,1.0,10.60907624946604,3,1.0,0,0.0,0.2,18.728,18.728,1.0,1.0
57,0,5,0.0,-25.05111135751626,200,0.0,0,0.0,13.350000000000012,394.0080000000005,63.129999999999995,6.241216537303984,1.0
57,1,5,1.0,10.19618555462084,6,0.9541610526617551,0,0.0,0.45,34.882999999999996,33.284,1.0480411008292272,1.0
57,2,5,1.0,10.17616626736943,6,0.8067103457606154,0,0.0,0.49999999999999994,51.741,41.74,1.2396022999520844,1.0
57,3,5,0.0,-23.349973679592978,200,0.0,0,0.0,10.000000000000007,941.5999999999987,11.398,82.61098438322502,1.0
57,4,5,0.0,-25.529284875966976,200,0.0,0,0.0,15.000000000000002,1339.4510000000014,37.49,35.72822085889574,1.0
58,0,5,0.0,-25.573751673704855,200,0.0,0,0.0,15.050000000000002,810.9229999999973,29.127,27.840937961341616,1.0
58,1,5,1.0,10.25137329866952,5,0.5410168369668639,0,0.0,0.55,24.173000000000002,13.078000000000001,1.8483713105979507,1.0
58,2,5,0.0,-25.437489329268306,200,0.0,0,0.0,14.950000000000003,877.648999999996,32.8,26.757591463414514,1.0
58,3,5,0.0,-25.710966821712532,200,0.0,0,0.0,14.950000000000003,911.7629999999981,43.643,20.891391517539997,1.0
58,4,5,1.0,10.21992028753425,6,0.8063414634146341,0,0.0,0.39999999999999997,34.85,28.101,1.2401693889897158,1.0
59,0,5,1.0,10.610785095320624,3,0.8868736550876113,0,0.0,0.2,13.012,11.54,1.1275563258232237,1.0
59,1,5,1.0,10.37061247741023,5,0.9404418828049952,0,0.0,0.3,27.066000000000003,25.454,1.0633299284984679,1.0
59,2,5,1.0,10.634166393532176,3,1.0,0,0.0,0.15000000000000002,18.306,18.306,1.0,1.0
59,3,5,0.0,-12.92454829083017,12,0.0,10,1.0,0.15000000000000002,13.396,51.604000000000006,0.2595922796682428,1.0
59,4,5,0.0,-12.909374514575674,12,0.0,10,1.0,0.1,9.600999999999999,38.626,0.24856314399627194,1.0
60,0,5,0.0,-23.739327200851438,200,0.0,0,0.0,11.650000000000016,672.9839999999994,39.462,17.05397597688914,1.0
60,1,5,1.0,8.846015043808894,9,0.7310411505226901,1,0.0,0.6000000000000001,33.098000000000006,24.196,1.3679120515787735,1.0
60,2,5,1.0,10.609690675699767,3,0.16389562574876546,0,0.0,0.25,34.223,5.609,6.101444107684079,1.0
60,3,5,0.0,-26.201868182801313,200,0.0,1,0.0,14.900000000000002,731.836999999997,32.363,22.613385656459446,1.0
60,4,5,0.0,-25.58574722582502,200,0.0,0,0.0,15.000000000000004,1694.2000000000005,62.451,27.12846871947608,1.0
61,0,5,0.0,-26.444751067266594,200,0.0,0,0.0,16.649999999999995,1148.7839999999992,34.66799999999999,33.13672551055727,1.0
61,1,5,0.0,-23.14496635309873,200,0.0,0,0.0,10.100000000000009,464.37099999999856,56.766,8.180442518408881,1.0
61,2,5,0.0,-25.412729033820234,200,0.0,0,0.0,15.000000000000002,1605.0739999999994,61.945,25.911276132052617,1.0
61,3,5,0.0,-25.597838466508776,200,0.0,0,0.0,15.000000000000004,916.0000000000031,23.215,39.45724746930877,1.0
61,4,5,1.0,10.055320109609516,7,0.9051041402440742,0,0.0,0.55,35.481,32.114,1.1048452388366445,1.0
62,0,5,1.0,9.82226418934636,9,0.8352844027784523,0,0.0,0.65,41.174,34.391999999999996,1.197197022563387,1.0
62,1,5,1.0,10.727995457805402,2,1.0,0,0.0,0.15000000000000002,8.366,8.366,1.0,1.0
62,2,5,1.0,10.293629516636475,5,1.0,0,0.0,0.45,20.978,20.978,1.0,1.0
62,3,5,1.0,9.856102689537886,9,0.7219468570475801,0,0.0,0.55,65.973,47.629000000000005,1.3851435050074532,1.0
62,4,5,1.0,10.344408585704087,5,0.5559996598350201,0,0.0,0.35,35.277,19.614000000000004,1.7985622514530435,1.0
63,0,5,1.0,10.534872906826966,3,1.0,0,0.0,0.35000000000000003,11.645,11.645,1.0,1.0
63,1,5,1.0,10.825,1,1.0,0,0.0,0.15,3.525,3.525,1.0,1.0
63,2,5,0.0,-28.674980430156584,200,0.0,0,0.0,20.00000000000003,778.7680000000001,52.632,14.796473628210977,1.0
63,3,5,0.0,-23.286051699643828,200,0.0,0,0.0,10.25000000000001,1032.1380000000001,48.56900000000001,21.250962548127404,1.0
63,4,5,0.0,-28.555935335953503,200,0.0,0,0.0,19.90000000000003,940.5069999999986,21.372,44.006503836795744,1.0
64,0,5,1.0,10.706728093268145,2,1.0,0,0.0,0.2,13.295,13.295,1.0,1.0
64,1,5,0.0,-12.910019873532068,10,0.0,10,1.0,0.0,0.0,38.745,0.0,1.0
64,2,5,0.0,-28.136564809302005,200,0.0,0,0.0,19.80000000000001,1528.533999999996,57.106,26.76660946310363,1.0
64,3,5,1.0,10.207904182597613,6,0.6944913822237242,0,0.0,0.45,62.138999999999996,43.154999999999994,1.4399026763990268,1.0
64,4,5,0.0,-12.907736240086088,10,0.0,10,1.0,0.0,0.0,50.181999999999995,0.0,1.0
65,0,5,0.0,-28.018876881176016,200,0.0,0,0.0,19.950000000000017,1345.1770000000008,28.639000000000003,46.97011068822238,1.0
65,1,5,0.0,-12.801990485202122,15,0.0,10,1.0,0.4,32.913999999999994,38.046,0.8651106555222624,1.0
65,2,5,1.0,10.265402534646244,5,0.8481942618513649,0,0.0,0.49999999999999994,25.862000000000002,21.936,1.1789752005835157,1.0
65,3,5,0.0,-13.54949368768245,15,0.0,10,1.0,0.35000000000000003,24.728,26.377000000000002,0.9374834135800129,1.0
65,4,5,0.0,-28.084658542022684,200,0.0,0,0.0,20.000000000000014,2253.8540000000075,53.827999999999996,41.87140521661603,1.0
66,0,5,0.0,-13.82932375343057,16,0.0,10,1.0,0.6,33.15,32.429,1.0222331863455547,1.0
66,1,5,0.0,-23.721071854318254,200,0.0,0,0.0,10.150000000000011,570.0260000000011,48.653999999999996,11.715912360751451,1.0
66,2,5,0.0,-23.072819112628068,200,0.0,0,0.0,10.000000000000007,1047.6000000000058,36.625,28.603412969283436,1.0
66,3,5,0.0,-13.380753028342939,16,0.0,10,1.0,0.65,49.597,42.515,1.1665765024109138,1.0
66,4,5,0.0,-25.796582971493244,200,0.0,0,0.0,15.000000000000004,740.8139999999985,15.890999999999998,46.61846328110242,1.0
67,0,5,0.0,-25.590078637734354,200,0.0,0,0.0,15.000000000000004,1166.2640000000013,67.652,17.239165139242022,1.0
67,1,5,1.0,10.247183111341005,6,0.8057222638993081,0,0.0,0.35,47.988,38.665,1.2411224621750938,1.0
67,2,5,0.0,-25.04109948143065,200,0.0,0,0.0,13.75000000000001,835.8429999999998,52.452000000000005,15.935388545717986,1.0
67,3,5,0.0,-25.44871708305192,200,0.0,0,0.0,15.000000000000004,559.6410000000025,59.24,9.447012153950075,1.0
67,4,5,1.0,9.732593923614294,9,0.9479273485704354,0,0.0,0.8,57.535000000000004,54.539,1.0549331670914393,1.0
68,0,5,1.0,9.98924556879119,7,0.7540280264213842,0,0.0,0.7000000000000001,32.397999999999996,24.429000000000002,1.3262106512751235,1.0
68,1,5,1.0,10.290405500931817,5,0.832116788321168,0,0.0,0.45,37.400999999999996,31.122,1.2017543859649122,1.0
68,2,5,1.0,10.182094774590164,6,0.8237329619783095,0,0.0,0.5,47.394,39.04,1.213985655737705,1.0
68,3,5,0.0,-23.29288815885533,200,0.0,0,0.0,10.050000000000008,1116.6240000000034,34.245,32.606920718353145,1.0
68,4,5,0.0,-25.32371750366434,200,0.0,0,0.0,15.000000000000004,698.2460000000036,25.926000000000002,26.932268764946524,1.0
69,0,5,0.0,-25.82205090951358,200,0.0,0,0.0,15.150000000000002,587.6490000000002,34.414,17.07587028534899,1.0
69,1,5,0.0,-25.479422556657767,200,0.0,0,0.0,14.00000000000001,1408.6329999999982,67.643,20.824519905976942,1.0
69,2,5,1.0,10.58385294584363,3,1.0,0,0.0,0.25,44.11299999999999,44.11299999999999,1.0,1.0
69,3,5,0.0,-22.997249198679565,200,0.0,0,0.0,10.000000000000007,1659.674999999998,41.806,39.69944505573358,1.0
69,4,5,0.0,-23.048049483580318,200,0.0,0,0.0,10.000000000000007,908.2910000000035,69.033,13.157345037880484,1.0
70,0,5,0.0,-26.287841272146355,200,0.0,0,0.0,16.599999999999994,821.6460000000008,27.544,29.830307871042724,1.0
70,1,5,0.0,-24.865092856218403,200,0.0,0,0.0,13.350000000000012,1235.966000000001,30.907999999999998,39.98854665458784,1.0
70,2,5,1.0,9.934806553982579,8,0.7454740692270262,0,0.0,0.6,59.601,44.43099999999999,1.341428282055322,1.0
70,3,5,1.0,10.27181205081917,5,1.0,0,0.0,0.5,29.359,29.359,1.0,1.0
70,4,5,1.0,10.24642588325653,6,0.8593208593208592,0,0.0,0.35,30.302999999999997,26.039999999999996,1.163709677419355,1.0
71,0,5,0.0,-23.262492880959947,200,0.0,0,0.0,10.050000000000008,788.4460000000006,41.087,19.18967069876118,1.0
71,1,5,1.0,10.32638064766337,5,0.46778692428056323,0,0.0,0.39999999999999997,44.097,20.627999999999997,2.1377254217568358,1.0
71,2,5,1.0,9.302347030981068,13,0.8969163675658987,0,0.0,0.9000000000000004,51.821999999999996,46.48,1.1149311531841652,1.0
71,3,5,1.0,9.82415823223985,9,0.662634174184649,0,0.0,0.6500000000000001,63.071,41.79299999999999,1.509128322924892,1.0
71,4,5,1.0,10.220769726663228,6,0.9316740342110319,0,0.0,0.39999999999999997,41.624,38.779999999999994,1.0733367715317177,1.0
72,0,5,0.0,-13.17033064045973,15,0.0,10,1.0,0.5,38.731,60.035,0.6451403348046973,1.0
72,1,5,1.0,10.25058488927486,6,0.8234705188257588,0,0.0,0.35000000000000003,27.967,23.029999999999998,1.214372557533652,1.0
72,2,5,0.0,-26.180054572427714,200,0.0,0,0.0,14.900000000000002,784.4469999999985,37.748000000000005,20.781153968422128,1.0
72,3,5,0.0,-23.188013658306783,200,0.0,0,0.0,10.000000000000007,887.4380000000015,42.465,20.898104321205732,1.0
72,4,5,0.0,-13.30272440100131,15,0.0,10,1.0,0.35000000000000003,26.677999999999997,50.334,0.5300194699407954,1.0
73,0,5,1.0,9.761110152048337,10,0.7771146503388257,0,0.0,0.6000000000000002,58.141999999999996,45.183,1.2868114113715334,1.0
73,1,5,1.0,10.108259100372216,7,0.8480325281545089,0,0.0,0.44999999999999996,37.382999999999996,31.702,1.1792000504700018,1.0
73,2,5,0.0,-22.82820163183201,200,0.0,0,0.0,10.000000000000007,934.7999999999971,35.788000000000004,26.120487314183443,1.0
73,3,5,0.0,-22.85109066758501,200,0.0,0,0.0,10.000000000000007,1732.9809999999973,20.326999999999998,85.25512864662751,1.0
73,4,5,1.0,10.7546104399867,2,1.0,0,0.0,0.1,9.023,9.023,1.0,1.0
74,0,5,1.0,9.512910302693696,11,0.6630210634850495,0,0.0,0.9,54.312,36.010000000000005,1.5082477089697304,1.0
74,1,5,1.0,10.23611534472652,6,0.7350435848994068,0,0.0,0.39999999999999997,30.171,22.177000000000003,1.360463543310637,1.0
74,2,5,0.0,-25.3101142495319,200,0.0,0,0.0,14.950000000000003,811.9319999999973,36.324,22.352494218698308,1.0
74,3,5,1.0,10.589052090472926,3,0.4815181518151815,0,0.0,0.25,15.15,7.295,2.0767649074708707,1.0
74,4,5,0.0,-28.32380778068301,200,0.0,0,0.0,19.800000000000026,871.9439999999993,63.105000000000004,13.817352032327062,1.0
75,0,5,1.0,9.681342922057194,9,0.5657873768976616,0,0.0,0.9000000000000001,94.129,53.25699999999999,1.7674484105375823,1.0
75,1,5,0.0,-23.585838578347637,200,0.0,0,0.0,10.150000000000011,585.2090000000022,42.739,13.692622663141446,1.0
75,2,5,1.0,10.22285521042084,5,0.9640649149922722,0,0.0,0.6,41.408,39.92000000000001,1.0372745490981963,1.0
75,3,5,0.0,-24.511700124517873,200,0.0,0,0.0,12.500000000000016,1300.7340000000002,65.854,19.751784250007596,1.0
75,4,5,0.0,-25.83505585235547,200,0.0,0,0.0,15.000000000000004,354.0110000000007,10.295,34.38669256920842,1.0
76,0,5,0.0,-23.129012822202593,200,0.0,0,0.0,10.000000000000007,1253.3879999999976,53.111,23.599405019675732,1.0
76,1,5,1.0,9.894117303845299,8,0.6979251502811714,0,0.0,0.7000000000000002,51.56999999999999,35.992000000000004,1.4328184040897973,1.0
76,2,5,0.0,-25.764085929825185,200,0.0,0,0.0,15.000000000000002,326.3069999999998,53.951,6.048210413152671,1.0
76,3,5,0.0,-22.937249406360632,200,0.0,0,0.0,10.000000000000007,644.8000000000008,51.378,12.550118727860188,1.0
76,4,5,0.0,-26.42598649520134,200,0.0,0,0.0,16.699999999999996,1140.2039999999984,52.721999999999994,21.626721292818907,1.0
77,0,5,0.0,-25.97611250591281,200,0.0,0,0.0,15.050000000000002,951.1420000000026,54.965999999999994,17.304188043517858,1.0
77,1,5,0.0,-23.05283878283876,200,0.0,0,0.0,10.000000000000007,993.0259999999988,68.78299999999999,14.437084744777039,1.0
77,2,5,0.0,-25.482907444668022,200,0.0,0,0.0,14.950000000000003,1021.7440000000022,55.664,18.35556194308713,1.0
77,3,5,0.0,-26.303244010983853,200,0.0,0,0.0,15.200000000000003,824.5769999999973,52.805,15.615509894896265,1.0
77,4,5,1.0,10.465494574225225,4,0.9747005212302252,0,0.0,0.3,32.807,31.977,1.0259561559871158,1.0
78,0,5,1.0,10.345196206938926,5,0.636335201355402,0,0.0,0.35,38.364999999999995,24.412999999999997,1.5714987916274117,1.0
78,1,5,1.0,10.22768389214235,6,0.7134854676523257,0,0.0,0.39999999999999997,43.558,31.078,1.401570242615355,1.0
78,2,5,0.0,-25.62022328273535,200,0.0,0,0.0,14.950000000000003,938.1469999999969,52.176,17.98043161606863,1.0
78,3,5,0.0,-25.579243051448874,200,0.0,0,0.0,15.000000000000004,809.9539999999973,49.039,16.516527661656994,1.0
78,4,5,1.0,10.465208847427025,4,1.0,0,0.0,0.3,33.23,33.23,1.0,1.0
79,0,5,0.0,-24.916055015937573,200,0.0,0,0.0,15.900000000000034,1079.5870000000002,39.843,27.0960269056045,1.0
79,1,5,0.0,-12.818404175813914,14,0.0,10,1.0,0.44999999999999996,16.317999999999998,21.409,0.7622028119015367,1.0
79,2,5,1.0,10.41573686787438,4,1.0,0,0.0,0.4,14.297,14.297,1.0,1.0
79,3,5,1.0,10.12576134649664,6,1.0,0,0.0,0.6,29.172000000000004,29.172000000000004,1.0,1.0
79,4,5,0.0,-12.834371446318505,14,0.0,10,1.0,0.2,17.416999999999998,20.929000000000002,0.8321945625686844,1.0
80,0,5,0.0,-25.374041651049524,200,0.0,0,0.0,15.000000000000004,911.500999999998,42.687999999999995,21.3526283733133,1.0
80,1,5,0.0,-25.61053304528009,200,0.0,0,0.0,15.000000000000002,923.1319999999997,45.36200000000001,20.350337286715742,1.0
80,2,5,1.0,9.215573403233918,13,0.6221979897591504,0,0.0,1.1000000000000003,105.46,65.617,1.6072054498072144,1.0
80,3,5,0.0,-12.960320384711466,14,0.0,10,1.0,0.25,18.659000000000002,16.012,1.1653135148638523,1.0
80,4,5,0.0,-12.62789715697094,14,0.0,10,1.0,0.3,35.921,38.058,0.9438488622628619,1.0
81,0,5,1.0,10.335106990014266,5,0.5355879041338265,0,0.0,0.4,24.868000000000002,13.318999999999999,1.8671071401756891,1.0
81,1,5,1.0,10.467724068479356,4,0.720119657344876,0,0.0,0.30000000000000004,22.063,15.888,1.3886581067472306,1.0
81,2,5,1.0,9.838876333419593,8,0.5763074169815071,0,0.0,0.8,60.348000000000006,34.778999999999996,1.7351850254463905,1.0
81,3,5,1.0,8.894665362844838,16,0.606254417766833,0,0.0,1.2000000000000002,87.71400000000001,53.17699999999999,1.6494725163134443,1.0
81,4,5,1.0,10.272070368716193,5,0.9560204953031596,0,0.0,0.49999999999999994,21.078000000000003,20.151,1.0460026797677535,1.0
82,0,5,1.0,10.460885260178532,4,1.0,0,0.0,0.3,22.965,22.965,1.0,1.0
82,1,5,1.0,10.034656228875466,8,0.9692480027053304,0,0.0,0.39999999999999997,47.31400000000001,45.85900000000001,1.0317276870407117,1.0
82,2,5,1.0,10.320365471366314,5,0.9885118282820651,0,0.0,0.39999999999999997,26.462,26.158000000000005,1.011621683614955,1.0
82,3,5,0.0,-25.798633619319894,200,0.0,0,0.0,15.000000000000002,939.7999999999969,15.735000000000001,59.72672386399726,1.0
82,4,5,1.0,10.703882754466974,2,1.0,0,0.0,0.2,9.962,9.962,1.0,1.0
83,0,5,0.0,-29.747797215154183,200,0.0,0,0.0,23.40000000000002,744.4499999999989,28.296000000000003,26.309372349448644,1.0
83,1,5,1.0,10.396883406204456,5,0.5734240687679083,0,0.0,0.25,41.88,24.015,1.7439100562148657,1.0
83,2,5,0.0,-25.97470554650799,200,0.0,0,0.0,14.950000000000003,838.9110000000043,53.42100000000001,15.703768181052473,1.0
83,3,5,0.0,-25.422733363108495,200,0.0,0,0.0,15.000000000000004,1998.0129999999958,38.062999999999995,52.4922628274176,1.0
83,4,5,0.0,-23.06115817975374,200,0.0,0,0.0,10.000000000000007,896.3999999999991,57.245000000000005,15.65900952048212,1.0
84,0,5,0.0,-13.462885447634816,19,0.0,10,1.0,0.6500000000000001,40.078,26.573000000000004,1.508222631994882,1.0
84,1,5,0.0,-13.585129923905065,19,0.0,10,1.0,0.7000000000000001,57.150999999999996,63.999,0.8929983280988765,1.0
84,2,5,0.0,-26.062516756736134,200,0.0,0,0.0,14.950000000000003,909.1799999999987,52.36699999999999,17.361697252086216,1.0
84,3,5,1.0,10.44985766504209,4,0.6060992598311543,0,0.0,0.35,59.580999999999996,36.112,1.649894771821001,1.0
84,4,5,0.0,-25.598929138287854,200,0.0,0,0.0,15.000000000000004,399.95499999999987,49.772999999999996,8.035581540192473,1.0
85,0,5,0.0,-22.967656881646818,200,0.0,0,0.0,10.150000000000011,660.1379999999997,48.237,13.685303812426138,1.0
85,1,5,1.0,10.000410707407882,7,0.8513684854844351,0,0.0,0.65,45.74400000000001,38.94500000000001,1.1745795352420079,1.0
85,2,5,1.0,10.20094175794817,6,0.9169974031064727,0,0.0,0.45,40.818000000000005,37.43000000000001,1.0905156291744589,1.0
85,3,5,1.0,9.833280508802137,8,0.729568293683347,0,0.0,0.7999999999999999,39.008,28.459,1.3706736006184337,1.0
85,4,5,1.0,10.368297288184577,5,1.0,0,0.0,0.3,20.761,20.761,1.0,1.0
86,0,5,0.0,-13.067416934401564,12,0.0,10,1.0,0.15000000000000002,10.477,49.178000000000004,0.21304241734108748,1.0
86,1,5,0.0,-22.361325665217876,200,0.0,0,0.0,10.000000000000007,1652.106999999998,18.866,87.57060320152645,1.0
86,2,5,0.0,-12.706613862476594,12,0.0,10,1.0,0.15000000000000002,18.424,27.239,0.6763831271338888,1.0
86,3,5,1.0,9.019176775513083,14,0.7591791933821462,0,0.0,1.3000000000000005,74.70700000000001,56.716,1.317212074194231,1.0
86,4,5,1.0,10.366528792750659,5,0.7192263218753285,0,0.0,0.3,19.026,13.684000000000001,1.3903829289681378,1.0
87,0,5,0.0,-26.3147294221119,200,0.0,0,0.0,16.649999999999995,1144.3869999999993,19.329,59.205701277872585,1.0
87,1,5,0.0,-26.434536050271912,200,0.0,0,0.0,16.649999999999995,1543.8369999999989,54.424,28.366841834484767,1.0
87,2,5,0.0,-23.220465447558468,200,0.0,0,0.0,10.050000000000008,1151.3519999999999,75.46500000000002,15.256768038163381,1.0
87,3,5,1.0,9.599061680451886,10,0.7406798655211057,0,0.0,0.9,53.540000000000006,39.656,1.3501109542061733,1.0
87,4,5,0.0,-28.242542746598975,200,0.0,0,0.0,20.000000000000014,1685.7880000000014,24.037,70.13304488912932,1.0
88,0,5,0.0,-28.32230509991057,200,0.0,0,0.0,19.800000000000022,350.2899999999996,33.53,10.447062332239774,1.0
88,1,5,1.0,8.972430128227165,15,0.6312580022134937,0,0.0,1.2000000000000002,92.16199999999999,58.178,1.5841383340781738,1.0
88,2,5,0.0,-25.727679312210654,200,0.0,0,0.0,14.950000000000003,818.9790000000011,33.266,24.619100583178053,1.0
88,3,5,0.0,-23.07048245966114,200,0.0,0,0.0,10.000000000000007,965.0000000000034,49.827999999999996,19.36662117684843,1.0
88,4,5,0.0,-25.420026866302404,200,0.0,0,0.0,15.000000000000004,551.7690000000014,33.127,16.656171702840624,1.0
89,0,5,0.0,-33.43965978422987,200,0.0,0,0.0,29.750000000000004,863.3309999999975,51.629,16.721823006449817,1.0
89,1,5,0.0,-24.745217764658506,200,0.0,0,0.0,13.300000000000013,672.9269999999981,37.265,18.057882731785806,1.0
89,2,5,0.0,-25.596413904007886,200,0.0,0,0.0,15.000000000000004,865.5610000000021,56.587999999999994,15.295840107443313,1.0
89,3,5,1.0,10.226352965403624,6,0.733700989650223,0,0.0,0.39999999999999997,39.711,29.136000000000003,1.362953047775947,1.0
89,4,5,1.0,10.339847031206144,5,0.8089458583606829,0,0.0,0.35,48.446999999999996,39.191,1.236176673215789,1.0
90,0,5,0.0,-13.136750097972486,13,0.0,10,1.0,0.25,18.831000000000003,48.483000000000004,0.3884041829094734,1.0
90,1,5,0.0,-23.128090817393943,200,0.0,0,0.0,10.050000000000008,1886.3329999999928,53.535999999999994,35.23485131500286,1.0
90,2,5,0.0,-25.550460941290698,200,0.0,0,0.0,15.000000000000004,806.5330000000012,39.159000000000006,20.596363543502157,1.0
90,3,5,0.0,-13.28933774762433,13,0.0,10,1.0,0.15000000000000002,10.926,45.986999999999995,0.23758888381499121,1.0
90,4,5,0.0,-25.72121977684731,200,0.0,0,0.0,15.050000000000002,946.9139999999986,45.619,20.75700914092809,1.0
91,0,5,0.0,-22.84777764686476,200,0.0,0,0.0,10.000000000000007,1181.972000000001,42.437,27.8523929589745,1.0
91,1,5,0.0,-25.278798396558383,200,0.0,0,0.0,15.000000000000002,752.6380000000024,20.456,36.79301916308186,1.0
91,2,5,0.0,-30.52056145890264,200,0.0,0,0.0,25.0,997.6000000000055,49.407,20.19147084421247,1.0
91,3,5,0.0,-25.154059233449455,200,0.0,0,0.0,13.350000000000014,822.7660000000008,28.7,28.66780487804881,1.0
91,4,5,0.0,-25.49263605576116,200,0.0,0,0.0,15.000000000000002,627.2000000000005,25.394000000000002,24.69874773568561,1.0
92,0,5,1.0,10.128249822946175,6,0.8556603416278452,0,0.0,0.6,26.403000000000002,22.592,1.1686880311614734,1.0
92,1,5,1.0,10.635986157050104,3,0.5316183653533051,0,0.0,0.15000000000000002,15.355,8.163,1.8810486340806076,1.0
92,2,5,0.0,-33.3394976909175,200,0.0,0,0.0,29.949999999999893,911.8479999999973,29.882,30.514958838096423,1.0
92,3,5,0.0,-23.49118554823317,200,0.0,0,0.0,10.050000000000008,815.6509999999976,60.394000000000005,13.50549723482461,1.0
92,4,5,0.0,-25.33075853408988,200,0.0,0,0.0,14.950000000000003,1602.3969999999995,21.502,74.52316063621987,1.0
93,0,5,1.0,10.13129913745198,7,0.6166418355184745,0,0.0,0.39999999999999997,67.11999999999999,41.389,1.6216869216458476,1.0
93,1,5,0.0,-13.402126382306475,15,0.0,10,1.0,0.45000000000000007,21.388,31.65,0.6757661927330174,1.0
93,2,5,1.0,9.646860391945344,10,0.7598749935959835,0,0.0,0.8000000000000002,58.556999999999995,44.496,1.3160059331175835,1.0
93,3,5,0.0,-12.95581960955393,15,0.0,10,1.0,0.45000000000000007,26.287,36.676,0.7167357399934562,1.0
93,4,5,0.0,-25.60010191018432,200,0.0,0,0.0,15.000000000000004,1027.6210000000024,59.366,17.30992487282287,1.0
94,0,5,1.0,9.783363855647409,9,0.9833049325288998,0,0.0,0.7,43.426,42.70100000000001,1.016978525093089,1.0
94,1,5,0.0,-25.60950911727775,200,0.0,0,0.0,14.950000000000003,432.28199999999885,56.541000000000004,7.645460816044973,1.0
94,2,5,0.0,-25.54768269649866,200,0.0,0,0.0,15.000000000000002,1604.7679999999993,68.82999999999998,23.31494987650733,1.0
94,3,5,0.0,-25.881124425443055,200,0.0,0,0.0,14.900000000000002,624.8629999999991,49.821,12.542160936151406,1.0
94,4,5,0.0,-25.52557460150019,200,0.0,0,0.0,15.000000000000004,1342.1910000000016,34.128,39.32814697609006,1.0
95,0,5,0.0,-25.67526175035098,200,0.0,0,0.0,15.000000000000002,1145.8000000000043,14.957,76.60627131109207,1.0
95,1,5,0.0,-25.3689280421538,200,0.0,0,0.0,15.000000000000002,1289.9179999999944,42.510999999999996,30.343158241396218,1.0
95,2,5,0.0,-22.73936636451642,200,0.0,0,0.0,10.050000000000008,472.9950000000017,22.726,20.812945524949473,1.0
95,3,5,0.0,-33.21614417555383,200,0.0,0,0.0,29.400000000000002,859.3509999999976,48.76,17.62409762100077,1.0
95,4,5,1.0,10.753734903381641,2,1.0,0,0.0,0.1,16.56,16.56,1.0,1.0
96,0,5,1.0,10.331050627556056,5,0.7888237911598933,0,0.0,0.4,26.968,21.273000000000003,1.267710243031072,1.0
96,1,5,1.0,10.587013073954477,3,0.6982896111752736,0,0.0,0.25,18.183,12.697,1.4320705678506735,1.0
96,2,5,0.0,-28.0481338886262,200,0.0,0,0.0,20.000000000000014,2245.8350000000078,54.986000000000004,40.843760229876835,1.0
96,3,5,0.0,-23.942886024612246,200,0.0,0,0.0,10.350000000000012,1273.7459999999971,57.45099999999999,22.170997893857326,1.0
96,4,5,0.0,-25.026009922977952,200,0.0,0,0.0,13.350000000000012,518.9819999999999,56.737,9.147152651708758,1.0
97,0,5,1.0,9.129222031041506,14,0.7176915322580647,0,0.0,1.05,79.35999999999999,56.956,1.393356275019313,1.0
97,1,5,0.0,-24.72859716926938,200,0.0,0,0.0,13.350000000000012,607.0139999999991,38.294000000000004,15.851412753956208,1.0
97,2,5,1.0,9.746942253368939,9,0.8731097873258039,0,0.0,0.8,74.19800000000001,64.783,1.1453313369248106,1.0
97,3,5,1.0,10.173848375451263,6,0.9860954056204716,0,0.0,0.5000000000000001,23.877000000000002,23.545,1.0141006583138672,1.0
97,4,5,0.0,-25.828926033430143,200,0.0,0,0.0,15.000000000000002,1068.9520000000025,19.982000000000003,53.495746171554515,1.0
98,0,5,1.0,9.877004273164,8,0.9074203415139327,0,0.0,0.7000000000000002,41.521,37.677,1.1020251081561696,1.0
98,1,5,0.0,-23.13146097078066,200,0.0,0,0.0,10.100000000000009,1334.8189999999997,50.001000000000005,26.69584608307833,1.0
98,2,5,1.0,9.952466812645408,8,0.6537727408291083,0,0.0,0.5500000000000002,67.06,43.842000000000006,1.5295835044021713,1.0
98,3,5,0.0,-26.07491752497475,200,0.0,0,0.0,15.000000000000004,787.9519999999986,64.565,12.20401146131803,1.0
98,4,5,0.0,-25.366726563724736,200,0.0,0,0.0,15.100000000000003,1688.9830000000006,51.032000000000004,33.09654726446153,1.0
99,0,5,1.0,10.031541367585948,7,0.6416080889227466,0,0.0,0.6000000000000001,28.879000000000005,18.529,1.5585838415456854,1.0
99,1,5,0.0,-25.520148986584484,200,0.0,0,0.0,15.000000000000004,1039.5999999999976,58.663000000000004,17.72156214308845,1.0
99,2,5,0.0,-22.966292426263514,200,0.0,0,0.0,10.15000000000001,829.8089999999976,47.229,17.5699040843549,1.0
99,3,5,1.0,10.470230464886251,4,0.5925101095938581,0,0.0,0.3,17.063,10.11,1.687734915924827,1.0
99,4,5,0.0,-25.474244656317836,200,0.0,0,0.0,15.000000000000002,994.000000000004,58.105999999999995,17.106667125598115,1.0
100,0,5,1.0,9.877109967733496,8,1.0,0,0.0,0.7000000000000001,45.868,45.868,1.0,1.0
100,1,5,1.0,10.125533567994506,6,1.0,0,0.0,0.6,23.296000000000003,23.296000000000003,1.0,1.0
100,2,5,1.0,10.396386770873045,5,0.8637049639162528,0,0.0,0.25,36.443,31.476,1.1578027703647222,1.0
100,3,5,0.0,-23.174120536306887,200,0.0,0,0.0,10.050000000000008,477.6890000000018,30.132,15.853212531528003,1.0
100,4,5,0.0,-25.507084466367292,200,0.0,0,0.0,15.000000000000002,940.1320000000017,47.439,19.81770273403743,1.0
101,0,5,0.0,-23.075432264241307,200,0.0,0,0.0,10.000000000000007,330.48399999999987,31.335,10.54680070209031,1.0
101,1,5,0.0,-23.12374034571533,200,0.0,0,0.0,10.000000000000007,857.8520000000024,54.379999999999995,15.77513791835238,1.0
101,2,5,0.0,-25.409707351891505,200,0.0,0,0.0,15.000000000000002,1008.2889999999962,28.02,35.984618129907076,1.0
101,3,5,1.0,10.061265830005706,7,0.7110523412402245,0,0.0,0.55,61.634,43.825,1.4063662293211636,1.0
101,4,5,0.0,-25.760170112404598,200,0.0,0,0.0,15.050000000000002,895.9480000000028,59.784,14.986417770641022,1.0
102,0,5,0.0,-25.629696653109992,200,0.0,0,0.0,15.000000000000004,1287.8639999999946,26.801000000000002,48.05283384948302,1.0
102,1,5,0.0,-26.166015270669455,200,0.0,0,0.0,15.000000000000004,1698.0669999999955,48.066,35.32782008072224,1.0
102,2,5,1.0,9.19942867942083,13,0.6869823430717197,0,0.0,1.1500000000000001,75.098,51.591,1.455641487856409,1.0
102,3,5,1.0,10.25295912986157,5,0.36103574658479703,0,0.0,0.5499999999999999,21.009,7.585000000000001,2.769808833223467,1.0
102,4,5,1.0,9.730660178853235,9,0.9277373026109388,0,0.0,0.8,57.374,53.228,1.07789133538739,1.0
103,0,5,1.0,10.29097433040003,5,0.8120260866851813,0,0.0,0.45,32.047,26.023000000000003,1.2314875302616912,1.0
103,1,5,1.0,10.342928494780997,5,0.9401352745615043,0,0.0,0.35,43.614999999999995,41.004000000000005,1.063676714466881,1.0
103,2,5,1.0,9.894035991482932,8,0.9416596597891468,0,0.0,0.7,46.382999999999996,43.67699999999999,1.0619548045882272,1.0
103,3,5,0.0,-22.93578635578855,200,0.0,0,0.0,10.000000000000007,908.9740000000035,63.133,14.397763451760623,1.0
103,4,5,0.0,-24.251468148041198,200,0.0,0,0.0,12.500000000000014,1112.7129999999981,27.722,40.13826563739983,1.0
104,0,5,0.0,-26.005706815276998,200,0.0,0,0.0,14.950000000000003,651.8670000000002,72.763,8.95877025411267,1.0
104,1,5,0.0,-23.620780439446968,200,0.0,0,0.0,10.050000000000008,903.575999999999,36.819,24.541025014258913,1.0
104,2,5,0.0,-25.386793665932156,200,0.0,0,0.0,14.950000000000003,1158.033999999996,30.407,38.08445423751097,1.0
104,3,5,1.0,10.106572672610408,7,0.8433292533659731,0,0.0,0.45,34.314,28.938000000000002,1.18577648766328,1.0
104,4,5,0.0,-22.84985689644793,200,0.0,0,0.0,10.050000000000008,1137.0320000000002,49.859,22.804949958884055,1.0
105,0,5,0.0,-13.997453906761665,20,0.0,10,1.0,0.8000000000000002,43.134,50.38699999999999,0.8560541409490544,1.0
105,1,5,1.0,10.341802001265167,5,0.6049820825940229,0,0.0,0.35,28.743000000000002,17.389,1.6529415147507047,1.0
105,2,5,0.0,-24.229551527826153,200,0.0,0,0.0,12.500000000000014,953.3000000000028,34.428,27.68967119786229,1.0
105,3,5,0.0,-13.69929615170106,20,0.0,10,1.0,0.6000000000000001,50.2,26.895,1.8665179401375722,1.0
105,4,5,0.0,-23.279320127702867,200,0.0,0,0.0,10.050000000000008,481.8410000000018,34.455,13.984646640545693,1.0
106,0,5,1.0,10.061688080144895,7,0.758234448426067,0,0.0,0.55,46.602999999999994,35.336,1.3188532940910118,1.0
106,1,5,0.0,-25.5719804582746,200,0.0,0,0.0,15.000000000000004,1344.7830000000015,37.663,35.70567931391556,1.0
106,2,5,0.0,-23.260537090170548,200,0.0,0,0.0,10.100000000000009,866.6809999999966,62.038,13.970163448209108,1.0
106,3,5,0.0,-23.112447207883612,200,0.0,0,0.0,10.000000000000007,1150.1999999999966,51.144000000000005,22.489441576724474,1.0
106,4,5,1.0,10.732211203269623,2,1.0,0,0.0,0.15000000000000002,8.318999999999999,8.318999999999999,1.0,1.0
107,0,5,1.0,9.461722022279348,11,0.5559048816737167,0,0.0,1.0000000000000002,52.482000000000006,29.175,1.7988688946015425,1.0
107,1,5,1.0,9.759406283458244,9,1.0,0,0.0,0.7500000000000001,59.775999999999996,59.775999999999996,1.0,1.0
107,2,5,0.0,-23.646981373939052,200,0.0,0,0.0,10.000000000000007,997.1039999999982,51.48700000000001,19.366131256433626,1.0
107,3,5,1.0,9.647679055361982,10,0.8024785115123063,0,0.0,0.8000000000000002,57.937999999999995,46.494,1.2461392867896932,1.0
107,4,5,0.0,-23.064129865024295,200,0.0,0,0.0,10.000000000000007,787.2000000000014,61.048,12.894771327480038,1.0
108,0,5,1.0,10.231746768140116,6,0.49400010300252356,0,0.0,0.39999999999999997,38.834,19.184,2.0242910758965804,1.0
108,1,5,1.0,10.441831267874166,4,1.0,0,0.0,0.35,15.735000000000001,15.735000000000001,1.0,1.0
108,2,5,1.0,10.754103196056606,2,1.0,0,0.0,0.1,12.578,12.578,1.0,1.0
108,3,5,0.0,-24.57075405255394,200,0.0,0,0.0,13.400000000000013,813.4839999999991,52.251,15.568773803372169,1.0
108,4,5,0.0,-25.000738125698362,200,0.0,0,0.0,13.400000000000013,649.6529999999979,61.75099999999999,10.520525983384852,1.0
109,0,5,0.0,-30.464451242120898,200,0.0,0,0.0,25.0,1326.8449999999941,64.72800000000001,20.49877950809532,1.0
109,1,5,0.0,-25.36347665685807,200,0.0,0,0.0,15.000000000000002,1354.1999999999953,45.538,29.737801396635675,1.0
109,2,5,0.0,-28.12420010030102,200,0.0,0,0.0,20.000000000000014,723.7350000000014,11.964,60.492728184553776,1.0
109,3,5,1.0,10.342100860922518,5,0.7695042145800232,0,0.0,0.35,37.132999999999996,28.573999999999998,1.299538041576258,1.0
109,4,5,1.0,10.612072072072072,3,0.7533154847145259,0,0.0,0.2,16.061,12.099,1.3274650797586578,1.0
110,0,5,0.0,-12.906260575296109,11,0.0,10,1.0,0.1,10.234,52.599000000000004,0.19456643662427042,1.0
110,1,5,0.0,-25.62871788304439,200,0.0,0,0.0,14.950000000000003,482.6569999999988,74.18199999999999,6.506389690221332,1.0
110,2,5,0.0,-25.575887977053604,200,0.0,0,0.0,14.950000000000003,939.3279999999969,25.102000000000004,37.42044458608863,1.0
110,3,5,0.0,-13.061520062967842,11,0.0,10,1.0,0.05,5.091,31.127000000000002,0.16355575545346482,1.0
110,4,5,1.0,10.474266981132075,4,0.5739036275040608,0,0.0,0.3,18.47,10.600000000000001,1.7424528301886788,1.0
111,0,5,1.0,10.232175366540906,6,0.8010941923636085,0,0.0,0.39999999999999997,26.138,20.939,1.248292659630355,1.0
111,1,5,0.0,-25.45803328006019,200,0.0,0,0.0,15.000000000000002,1040.3289999999974,53.185,19.5605715897339,1.0
111,2,5,0.0,-25.791858564849196,200,0.0,0,0.0,15.000000000000002,941.8559999999986,33.655,27.985618778784687,1.0
111,3,5,0.0,-25.427654482871656,200,0.0,0,0.0,15.000000000000004,735.1529999999988,30.505000000000003,24.099426323553473,1.0
111,4,5,1.0,10.271252519188714,5,0.986172192151556,0,0.0,0.5,23.648000000000003,23.321,1.0140216971827967,1.0
112,0,5,0.0,-23.041100924770337,200,0.0,0,0.0,10.050000000000008,1120.1170000000034,31.251,35.84259703689493,1.0
112,1,5,1.0,9.35753216374269,12,0.7575086382564011,0,0.0,1.0,56.434999999999995,42.74999999999999,1.3201169590643276,1.0
112,2,5,0.0,-22.921418977299506,23,0.0,19,1.0,0.30000000000000004,18.974999999999998,25.462000000000003,0.7452281831749271,1.0
112,3,5,0.0,-13.083084833363039,12,0.0,10,1.0,0.1,7.4670000000000005,56.11000000000001,0.1330778827303511,1.0
112,4,5,0.0,-13.15435646687697,12,0.0,10,1.0,0.15000000000000002,10.396,30.115000000000002,0.34521002822513697,1.0
113,0,5,0.0,-23.073506979977196,200,0.0,0,0.0,10.000000000000007,633.1500000000012,51.791,12.225097024579584,1.0
113,1,5,0.0,-25.441264173892495,200,0.0,0,0.0,15.000000000000004,604.1999999999995,25.487000000000002,23.706203162396495,1.0
113,2,5,0.0,-25.806803390025006,200,0.0,0,0.0,15.000000000000004,1223.5889999999943,52.271,23.408563065562056,1.0
113,3,5,0.0,-27.84149013878735,200,0.0,0,0.0,20.000000000000014,911.400000000002,28.749,31.701972242512856,1.0
113,4,5,0.0,-23.157127817911146,200,0.0,0,0.0,10.000000000000007,901.4229999999975,27.546999999999997,32.72309144371429,1.0
114,0,5,0.0,-23.034898351102576,200,0.0,0,0.0,10.000000000000007,316.19999999999993,45.303000000000004,6.979670220515196,1.0
114,1,5,1.0,10.875,1,1.0,0,0.0,0.05,4.423,4.423,1.0,1.0
114,2,5,1.0,10.34488303466037,5,1.0,0,0.0,0.35000000000000003,27.957,27.957,1.0,1.0
114,3,5,0.0,-12.957719867835081,11,0.0,10,1.0,0.05,6.039,69.61,0.08675477661255566,1.0
114,4,5,0.0,-13.052428644370693,11,0.0,10,1.0,0.1,3.615,39.17,0.0922900178708195,1.0
115,0,5,0.0,-28.085507508532427,200,0.0,0,0.0,19.950000000000028,307.8469999999991,29.3,10.506723549488024,1.0
115,1,5,0.0,-30.768931119848617,200,0.0,0,0.0,25.0,1370.7360000000056,27.467999999999996,49.903014416776095,1.0
115,2,5,0.0,-24.871842116902865,200,0.0,0,0.0,13.350000000000012,514.5519999999999,45.217000000000006,11.379613862043033,1.0
115,3,5,0.0,-23.19021910053469,200,0.0,0,0.0,10.000000000000007,1569.3819999999978,38.156,41.13067407485055,1.0
115,4,5,0.0,-26.028494299795906,200,0.0,0,0.0,15.050000000000002,841.0159999999955,60.26100000000001,13.956223759977355,1.0
116,0,5,0.0,-23.645625692137276,200,0.0,0,0.0,10.000000000000007,582.6889999999979,11.739,49.63702189283567,1.0
116,1,5,0.0,-28.31785681319955,200,0.0,0,0.0,19.850000000000016,1253.6259999999954,52.001999999999995,24.107265105188176,1.0
116,2,5,1.0,10.258098672114402,6,0.7090503505417464,0,0.0,0.35000000000000003,34.518,24.475,1.4103370786516853,1.0
116,3,5,0.0,-23.201895740905112,200,0.0,0,0.0,10.000000000000007,961.2000000000031,22.54,42.64418811002676,1.0
116,4,5,0.0,-26.38079996304168,200,0.0,0,0.0,16.600000000000055,647.6590000000001,54.115,11.968197357479443,1.0
117,0,5,0.0,-22.948543309097733,200,0.0,0,0.0,10.000000000000007,1459.5060000000062,58.729000000000006,24.85153842224465,1.0
117,1,5,1.0,10.875,1,1.0,0,0.0,0.05,6.783,6.783,1.0,1.0
117,2,5,0.0,-25.95697858738004,200,0.0,0,0.0,15.050000000000002,600.0430000000005,45.67400000000001,13.137518062792845,1.0
117,3,5,1.0,10.097448687350836,6,0.7733798195242002,0,0.0,0.6500000000000001,24.38,18.855,1.2930257226199946,1.0
117,4,5,0.0,-25.310944600033388,200,0.0,0,0.0,13.300000000000013,743.1829999999981,53.91699999999998,13.78383441215198,1.0
118,0,5,1.0,10.107833219534985,7,0.8543751918943814,0,0.0,0.45,32.57,27.827,1.1704459697416179,1.0
118,1,5,0.0,-25.529213153258972,200,0.0,0,0.0,15.000000000000004,1128.917000000002,47.684,23.674964348628514,1.0
118,2,5,1.0,9.738257715077467,9,0.9919286321155482,0,0.0,0.8000000000000002,80.03599999999999,79.39,1.00813704496788,1.0
118,3,5,1.0,10.610069801334662,3,0.9916330721837682,0,0.0,0.2,13.146999999999998,13.036999999999999,1.0084375239702386,1.0
118,4,5,1.0,10.199142745557507,6,1.0,0,0.0,0.44999999999999996,30.726,30.726,1.0,1.0
119,0,5,1.0,10.135771278553378,7,0.8774569958449052,0,0.0,0.39999999999999997,46.449000000000005,40.757000000000005,1.1396569914370538,1.0
119,1,5,0.0,-12.964083444988002,14,0.0,10,1.0,0.4,22.523,32.093,0.7018041317421244,1.0
119,2,5,0.0,-13.40912223814192,14,0.0,10,1.0,0.30000000000000004,7.708,39.782999999999994,0.1937510997159591,1.0
119,3,5,1.0,10.41533671053356,4,0.9431346073950977,0,0.0,0.39999999999999997,19.256,18.161,1.0602940366719893,1.0
119,4,5,1.0,10.732916044466567,2,0.7583039758429793,0,0.0,0.15000000000000002,7.948,6.026999999999999,1.3187323709971797,1.0
120,0,5,0.0,-23.039146604032045,200,0.0,0,0.0,10.000000000000007,946.8000000000026,35.763,26.47428906970899,1.0
120,1,5,0.0,-24.28175614030212,200,0.0,0,0.0,11.800000000000017,716.7389999999987,71.902,9.968276264916117,1.0
120,2,5,1.0,10.31336710686096,5,0.8118049351529528,0,0.0,0.39999999999999997,32.461,26.352,1.2318230115361262,1.0
120,3,5,1.0,9.64960002442599,10,0.7794630957669609,0,0.0,0.8000000000000002,63.02799999999999,49.12800000000001,1.2829343755088745,1.0
120,4,5,1.0,10.113481210229319,7,0.7766208739976379,0,0.0,0.44999999999999996,32.174,24.987000000000002,1.2876295673750349,1.0
121,0,5,0.0,-23.442701025130862,200,0.0,0,0.0,10.15000000000001,843.7420000000033,46.23799999999999,18.247804835849376,1.0
121,1,5,1.0,9.623215884596252,10,0.8853865190218531,0,0.0,0.8500000000000002,47.682,42.217,1.1294502214747615,1.0
121,2,5,0.0,-23.277179088238473,200,0.0,0,0.0,10.050000000000008,525.4939999999981,45.955000000000005,11.434968991404592,1.0
121,3,5,0.0,-13.059820083329825,13,0.0,10,1.0,0.25,21.405,47.522,0.450422961996549,1.0
121,4,5,0.0,-13.22295140400522,13,0.0,10,1.0,0.15000000000000002,14.222000000000001,36.752,0.38697213757074445,1.0
122,0,5,0.0,-13.068634086434436,12,0.0,10,1.0,0.1,12.527000000000001,51.299,0.24419579329031757,1.0
122,1,5,1.0,10.53400930232558,3,1.0,0,0.0,0.35,12.9,12.9,1.0,1.0
122,2,5,0.0,-13.015785938427612,12,0.0,10,1.0,0.1,10.498,58.95499999999999,0.17806801797981514,1.0
122,3,5,1.0,10.621917615453498,3,0.5458036587068845,0,0.0,0.2,14.322,7.817,1.83216067545094,1.0
122,4,5,0.0,-23.713642076411393,200,0.0,0,0.0,10.15000000000001,670.4809999999998,59.83400000000001,11.205685730521102,1.0
123,0,5,0.0,-23.064411157217037,200,0.0,0,0.0,10.000000000000007,755.9999999999965,53.74099999999999,14.067471762713692,1.0
123,1,5,1.0,9.490599759427974,11,0.7176220467406247,0,0.0,0.9500000000000001,62.558,44.893,1.3934911901632772,1.0
123,2,5,1.0,10.215314491606614,6,0.5715816290088331,0,0.0,0.45,42.001,24.006999999999998,1.7495313866788853,1.0
123,3,5,1.0,10.875,1,1.0,0,0.0,0.05,4.11,4.11,1.0,1.0
123,4,5,1.0,10.467609819745807,4,0.6470201988618599,0,0.0,0.3,31.982,20.693,1.5455468032668052,1.0
124,0,5,0.0,-25.321565637979052,200,0.0,0,0.0,15.000000000000004,1357.6000000000017,38.041999999999994,35.686872404184896,1.0
124,1,5,0.0,-23.223344041609227,200,0.0,0,0.0,10.000000000000007,2044.0000000000048,45.759,44.66880832186028,1.0
124,2,5,1.0,10.39354576379292,4,0.9067861962598806,0,0.0,0.45000000000000007,10.373999999999999,9.407,1.102795790368874,1.0
124,3,5,1.0,9.475382016978532,11,0.8141192647271674,0,0.0,0.9500000000000002,55.272000000000006,44.998000000000005,1.22832125872261,1.0
124,4,5,0.0,-25.651624604563157,200,0.0,0,0.0,15.050000000000002,896.7570000000028,56.583000000000006,15.848523408090816,1.0
125,0,5,1.0,10.35955734909294,5,0.6949246046340567,0,0.0,0.35000000000000003,48.94199999999999,34.010999999999996,1.4390050277851283,1.0
125,1,5,0.0,-23.044378287597514,200,0.0,0,0.0,10.000000000000007,875.8700000000018,63.11599999999999,13.87714684073772,1.0
125,2,5,0.0,-25.215938940455974,200,0.0,0,0.0,15.000000000000002,621.0000000000017,31.674,19.60598598219365,1.0
125,3,5,0.0,-23.128120830950973,200,0.0,0,0.0,10.000000000000007,835.4070000000032,41.976000000000006,19.90201543739287,1.0
125,4,5,0.0,-30.888825290697667,200,0.0,0,0.0,24.900000000000002,450.96199999999857,34.4,13.109360465116238,1.0
126,0,5,0.0,-13.484541098497571,17,0.0,10,1.0,0.6,53.944,44.661,1.2078547278386065,1.0
126,1,5,0.0,-22.73670212765957,200,0.0,0,0.0,10.000000000000007,1207.799999999998,22.936000000000003,52.659574468085005,1.0
126,2,5,1.0,10.488627590673577,4,0.7718456308738252,0,0.0,0.25,20.004,15.44,1.29559585492228,1.0
126,3,5,0.0,-13.629824015191662,17,0.0,10,1.0,0.6,32.538000000000004,45.288,0.7184684684684686,1.0
126,4,5,0.0,-27.79628150099174,200,0.0,0,0.0,20.050000000000026,606.4239999999987,30.753,19.71918186843556,1.0
127,0,5,0.0,-26.383750143992653,200,0.0,0,0.0,16.649999999999995,1148.1189999999992,26.043000000000003,44.08551242176397,1.0
127,1,5,1.0,10.221847660625556,6,0.8178764388066714,0,0.0,0.4,42.57,34.817,1.2226785765574288,1.0
127,2,5,1.0,10.489708743842364,4,1.0,0,0.0,0.25,16.24,16.24,1.0,1.0
127,3,5,1.0,10.582560095666626,3,1.0,0,0.0,0.25,24.669,24.669,1.0,1.0
127,4,5,1.0,10.123507766883332,7,0.3298927857532255,0,0.0,0.44999999999999996,55.03,18.154,3.031287870441776,1.0
128,0,5,0.0,-25.439312008175854,200,0.0,0,0.0,15.000000000000004,620.2280000000017,48.925000000000004,12.677118037813011,1.0
128,1,5,1.0,10.608166223725537,3,1.0,0,0.0,0.2,12.417000000000002,12.417000000000002,1.0,1.0
128,2,5,0.0,-28.094715131268412,200,0.0,0,0.0,19.950000000000028,1099.6339999999982,55.077999999999996,19.965031410000332,1.0
128,3,5,1.0,9.989461460957179,8,0.985674206122601,0,0.0,0.49999999999999994,40.276999999999994,39.699999999999996,1.0145340050377833,1.0
128,4,5,0.0,-23.082730368163443,200,0.0,0,0.0,10.000000000000007,729.062000000003,37.592,19.394073207065414,1.0
129,0,5,1.0,9.906944399677679,8,0.7335093387973836,0,0.0,0.6500000000000001,50.75599999999999,37.23,1.3633091592801503,1.0
129,1,5,1.0,10.03714727839728,7,0.8375811302833623,0,0.0,0.6000000000000001,50.536,42.328,1.193914193914194,1.0
129,2,5,0.0,-22.931891304347896,200,0.0,0,0.0,10.000000000000007,1663.508999999998,40.480000000000004,41.094589920948565,1.0
129,3,5,0.0,-12.899999999999999,10,0.0,10,1.0,0.0,0.0,23.561,0.0,1.0
129,4,5,0.0,-12.9,10,0.0,10,1.0,0.0,0.0,42.718,0.0,1.0
130,0,5,0.0,-23.03823696364989,200,0.0,0,0.0,10.050000000000008,699.3009999999983,56.726,12.32769805732818,1.0
130,1,5,0.0,-22.98091296475294,200,0.0,0,0.0,10.000000000000007,678.6169999999994,73.45299999999999,9.238792152805189,1.0
130,2,5,0.0,-28.361674510957478,200,0.0,0,0.0,19.750000000000032,814.4380000000033,47.592999999999996,17.112558569537608,1.0
130,3,5,1.0,10.414571156448945,4,1.0,0,0.0,0.4,19.949,19.949,1.0,1.0
130,4,5,0.0,-22.996326388242952,200,0.0,0,0.0,10.000000000000007,763.2460000000007,43.004000000000005,17.748255976188275,1.0
131,0,5,0.0,-22.95967231876634,200,0.0,0,0.0,10.000000000000007,763.2290000000033,33.203,22.98674818540503,1.0
131,1,5,0.0,-14.254349920579125,20,0.0,10,1.0,0.9999999999999999,56.70900000000002,38.403,1.4766815092570897,1.0
131,2,5,1.0,9.727968366785124,9,0.852965034367929,0,0.0,0.8500000000000001,46.846,39.958,1.1723810000500525,1.0
131,3,5,1.0,10.037116766644889,8,0.8545616038573784,0,0.0,0.39999999999999997,39.405,33.674,1.1701906515412486,1.0
131,4,5,1.0,10.221666562694947,6,0.8512333058970342,0,0.0,0.39999999999999997,37.663000000000004,32.06,1.1747660636306925,1.0
132,0,5,0.0,-27.89716136184625,200,0.0,0,0.0,20.00000000000003,704.9999999999974,34.277,20.567727630772744,1.0
132,1,5,1.0,9.492991538693992,11,0.7874402405520582,0,0.0,0.9500000000000002,46.227000000000004,36.400999999999996,1.2699376390758499,1.0
132,2,5,0.0,-25.75858359436176,200,0.0,0,0.0,15.150000000000002,1205.0650000000035,61.29600000000001,19.659765726964295,1.0
132,3,5,1.0,9.636291572847071,10,0.8834069750379078,0,0.0,0.8000000000000002,61.333000000000006,54.182,1.1319811007345613,1.0
132,4,5,0.0,-32.97578196631123,200,0.0,0,0.0,29.950000000000003,779.1769999999962,38.172999999999995,20.411730804495225,1.0
133,0,5,0.0,-33.50157621865311,200,0.0,0,0.0,29.899999999999896,932.1159999999973,53.23500000000001,17.509458063304162,1.0
133,1,5,1.0,9.743875941296103,10,0.7209431345353675,0,0.0,0.6,50.47,36.385999999999996,1.3870719507502887,1.0
133,2,5,0.0,-25.367051866517375,200,0.0,0,0.0,15.000000000000004,907.7999999999979,38.387,23.648631046968973,1.0
133,3,5,1.0,10.43496859813084,4,1.0,0,0.0,0.35000000000000003,26.75,26.75,1.0,1.0
133,4,5,0.0,-26.73027492622399,200,0.0,0,0.0,16.799999999999997,1164.5079999999984,79.29400000000001,14.685953539990393,1.0
134,0,5,0.0,-33.07833565300483,200,0.0,0,0.0,30.000000000000004,1173.0949999999966,48.139,24.368910862294534,1.0
134,1,5,0.0,-33.20820452642528,200,0.0,0,0.0,29.649999999999896,912.6219999999973,39.413,23.155354832161912,1.0
134,2,5,0.0,-25.375661020134835,200,0.0,0,0.0,15.100000000000003,1407.3189999999997,42.562999999999995,33.06437516152526,1.0
134,3,5,0.0,-22.991950191118015,200,0.0,0,0.0,10.000000000000007,934.7999999999971,50.754000000000005,18.41825274855178,1.0
134,4,5,1.0,10.225912184594954,6,1.0,0,0.0,0.39999999999999997,24.096000000000004,24.096000000000004,1.0,1.0
135,0,5,0.0,-23.074096715328395,200,0.0,0,0.0,10.000000000000007,1486.2000000000048,31.784,46.75937578655943,1.0
135,1,5,1.0,10.112750654653588,6,0.44461766156882093,0,0.0,0.65,50.675,22.531,2.2491234299409704,1.0
135,2,5,0.0,-23.495705734444197,200,0.0,0,0.0,10.100000000000009,1202.559999999998,53.29200000000001,22.56548825339634,1.0
135,3,5,1.0,10.203327566320645,6,0.5887791882150133,0,0.0,0.45,38.286,22.541999999999998,1.6984295980835775,1.0
135,4,5,1.0,10.464782154722355,4,0.6621205455345359,0,0.0,0.3,15.911,10.535,1.510299003322259,1.0
136,0,5,0.0,-23.009918156565163,200,0.0,0,0.0,10.000000000000007,1067.8000000000047,53.639,19.907157105837257,1.0
136,1,5,0.0,-25.443922633543018,200,0.0,0,0.0,15.000000000000002,1598.9189999999994,57.079,28.01238634173688,1.0
136,2,5,0.0,-25.482376713730332,200,0.0,0,0.0,15.000000000000004,1025.6950000000024,39.096000000000004,26.235292613055105,1.0
136,3,5,0.0,-24.87485574387944,200,0.0,0,0.0,13.500000000000014,1033.499,39.825,25.951010671688636,1.0
136,4,5,1.0,10.112588147036758,7,0.6518204600558261,0,0.0,0.44999999999999996,49.080999999999996,31.991999999999997,1.5341647911977994,1.0
137,0,5,0.0,-33.04314723042315,200,0.0,0,0.0,29.799999999999894,912.4560000000038,56.904,16.035006326444602,1.0
137,1,5,0.0,-23.11206808161588,200,0.0,0,0.0,10.000000000000007,633.9999999999993,9.753,65.00563929047466,1.0
137,2,5,0.0,-22.940793663980457,200,0.0,0,0.0,10.000000000000007,1031.4529999999947,36.111000000000004,28.563401733543646,1.0
137,3,5,0.0,-23.046746305344882,200,0.0,0,0.0,10.000000000000007,1085.4000000000017,33.358999999999995,32.536946551155665,1.0
137,4,5,1.0,9.336948659961514,11,0.8054099827442961,0,0.0,1.2500000000000002,62.587999999999994,50.409,1.2416036818822034,1.0
138,0,5,1.0,9.792017233584213,9,0.9565250572373443,0,0.0,0.7000000000000002,39.309999999999995,37.601,1.0454509188585408,1.0
138,1,5,1.0,10.124000726135284,7,0.6396898560045735,0,0.0,0.45,27.987000000000002,17.903,1.563257554599788,1.0
138,2,5,0.0,-22.972233715890965,200,0.0,0,0.0,10.000000000000007,845.599999999997,45.919,18.415035170626474,1.0
138,3,5,0.0,-26.212003018542482,200,0.0,0,0.0,14.950000000000003,803.7510000000036,46.38,17.329689521345486,1.0
138,4,5,0.0,-22.91234202682557,200,0.0,0,0.0,10.000000000000007,1241.6830000000023,40.26,30.841604570293153,1.0
139,0,5,1.0,8.96531053087966,15,0.7403840666552531,0,0.0,1.2000000000000002,70.092,51.895,1.3506503516716446,1.0
139,1,5,1.0,9.979685698967966,8,0.41327548005908415,0,0.0,0.55,54.16000000000001,22.383000000000003,2.4196935174015994,1.0
139,2,5,1.0,10.056125897760879,7,0.6256112065547773,0,0.0,0.5500000000000002,30.268,18.936,1.5984368398817068,1.0
139,3,5,0.0,-25.38099630996312,200,0.0,0,0.0,15.000000000000002,1296.922999999999,34.688,37.38823224169739,1.0
139,4,5,1.0,10.200960646569362,6,0.8999785164042599,0,0.0,0.45,32.583,29.323999999999998,1.1111376347019506,1.0
140,0,5,0.0,-23.5843990325489,200,0.0,0,0.0,10.10000000000001,352.1720000000003,48.788000000000004,7.218414364187921,1.0
140,1,5,0.0,-23.199010665953946,200,0.0,0,0.0,10.000000000000007,1203.9009999999978,41.159,29.250006074005633,1.0
140,2,5,0.0,-22.958177811159626,200,0.0,0,0.0,10.000000000000007,989.1979999999984,50.59299999999999,19.552072421085892,1.0
140,3,5,0.0,-25.343320710437872,200,0.0,0,0.0,15.000000000000002,1368.351999999996,18.749,72.98266574217271,1.0
140,4,5,0.0,-25.379342079498787,200,0.0,0,0.0,15.000000000000004,1290.7999999999945,25.535000000000004,50.55022518112372,1.0
141,0,5,1.0,9.660378670108233,10,0.5658307470167461,0,0.0,0.8000000000000002,60.253,34.093,1.7673129381397938,1.0
141,1,5,0.0,-25.698897207689456,200,0.0,0,0.0,15.050000000000002,1244.9590000000007,49.887,24.95557960991843,1.0
141,2,5,1.0,10.197078459416662,6,0.831930987591365,0,0.0,0.45000000000000007,47.064,39.154,1.2020227818358276,1.0
141,3,5,1.0,9.911848902087833,8,0.8085865017282156,0,0.0,0.65,27.484999999999996,22.224,1.2367260619150466,1.0
141,4,5,0.0,-28.237730977225997,200,0.0,0,0.0,19.750000000000032,952.9069999999996,52.516000000000005,18.14507959479015,1.0
142,0,5,1.0,9.551504000766613,11,0.8123066145133985,0,0.0,0.8,51.38699999999999,41.742000000000004,1.231062239471036,1.0
142,1,5,0.0,-29.66335059608631,200,0.0,0,0.0,23.40000000000002,744.4499999999989,28.771,25.875013033957767,1.0
142,2,5,0.0,-22.90101140520762,200,0.0,0,0.0,10.000000000000007,275.9999999999994,13.941,19.797718958467783,1.0
142,3,5,1.0,9.977438825448612,7,1.0,0,0.0,0.7000000000000001,28.811,28.811,1.0,1.0
142,4,5,0.0,-22.897846999154666,200,0.0,0,0.0,10.050000000000008,1120.5240000000001,23.66,47.35942519019443,1.0
143,0,5,0.0,-23.006405117270823,200,0.0,0,0.0,10.000000000000007,585.2150000000012,32.83,17.82561681388977,1.0
143,1,5,1.0,9.716310828583955,9,0.9291053135374024,0,0.0,0.8500000000000001,49.101,45.62,1.0763042525208242,1.0
143,2,5,0.0,-25.487643370545936,200,0.0,0,0.0,15.000000000000002,637.4000000000018,32.695,19.495335678238316,1.0
143,3,5,1.0,9.643201165207065,10,0.8046701204855254,0,0.0,0.8000000000000002,66.979,53.89600000000001,1.2427452872198306,1.0
143,4,5,0.0,-24.337158209416845,200,0.0,0,0.0,12.500000000000014,852.9950000000003,38.803,21.98270752261424,1.0
144,0,5,0.0,-12.73289447749111,12,0.0,10,1.0,0.15000000000000002,20.518,28.410999999999998,0.7221850691633523,1.0
144,1,5,0.0,-33.45848203798961,200,0.0,0,0.0,29.5999999999999,919.0540000000038,49.382000000000005,18.61111336114381,1.0
144,2,5,0.0,-12.67744053117783,12,0.0,10,1.0,0.15000000000000002,9.911,17.32,0.5722286374133949,1.0
144,3,5,0.0,-25.630470351679467,200,0.0,0,0.0,14.950000000000003,599.470999999999,50.728,11.817359249329739,1.0
144,4,5,1.0,9.719844958311294,10,0.5786604474892502,0,0.0,0.65,68.60499999999999,39.699000000000005,1.7281291720194458,1.0
145,0,5,1.0,8.97663491074211,16,0.5700256299642197,0,0.0,1.0,78.814,44.926,1.7543070827583134,1.0
145,1,5,1.0,10.101641216305934,6,0.6817852616331703,0,0.0,0.6500000000000001,22.092000000000002,15.062,1.466737485061745,1.0
145,2,5,1.0,10.586852709359606,3,1.0,0,0.0,0.25,20.3,20.3,1.0,1.0
145,3,5,0.0,-25.786869877323653,200,0.0,0,0.0,15.000000000000002,1071.0000000000025,18.667,57.373975464723976,1.0
145,4,5,0.0,-26.37799795835042,200,0.0,0,0.0,16.700000000000053,702.4699999999983,48.98,14.341976316863994,1.0
146,0,5,1.0,10.538284641497789,3,1.0,0,0.0,0.35,9.721,9.721,1.0,1.0
146,1,5,0.0,-23.056196741854663,200,0.0,0,0.0,10.000000000000007,505.2000000000014,33.516,15.07339778016474,1.0
146,2,5,0.0,-25.351464815990774,200,0.0,0,0.0,15.000000000000002,785.5330000000018,33.068999999999996,23.75436209138474,1.0
146,3,5,0.0,-25.764288720758355,200,0.0,0,0.0,15.100000000000003,730.1709999999981,57.495000000000005,12.699730411340083,1.0
146,4,5,0.0,-30.437688415864923,200,0.0,0,0.0,25.0,445.9169999999986,38.147,11.689438225810644,1.0
147,0,5,1.0,10.727338638373121,2,1.0,0,0.0,0.15000000000000002,24.881999999999998,24.881999999999998,1.0,1.0
147,1,5,1.0,9.422180755215633,12,0.9512255508789307,0,0.0,0.8500000000000002,52.50699999999999,49.946000000000005,1.0512753774076,1.0
147,2,5,1.0,10.642409219034985,3,0.37302078179119247,0,0.0,0.15000000000000002,32.336,12.062,2.680815785110264,1.0
147,3,5,1.0,10.77799844539448,2,0.2084075814028835,0,0.0,0.1,12.346,2.573,4.798289933929266,1.0
147,4,5,1.0,9.44943151576921,11,0.4792347873278611,0,0.0,1.0,73.70499999999998,35.321999999999996,2.086659872034426,1.0
148,0,5,0.0,-25.80175486218832,200,0.0,0,0.0,14.950000000000003,739.7789999999985,33.524,22.067145925307198,1.0
148,1,5,0.0,-25.589637635092075,200,0.0,0,0.0,15.000000000000002,738.1539999999969,45.617,16.181555121993927,1.0
148,2,5,1.0,10.731388389416903,2,1.0,0,0.0,0.15000000000000002,23.358,23.358,1.0,1.0
148,3,5,1.0,9.65875364832283,10,0.7399026649766051,0,0.0,0.7500000000000001,63.90300000000001,47.282000000000004,1.3515291231335393,1.0
148,4,5,0.0,-23.1330350422854,200,0.0,0,0.0,10.000000000000007,1735.2229999999972,49.426,35.10749403148135,1.0
149,0,5,1.0,10.101947251891183,7,0.9699349784255632,0,0.0,0.45,50.291000000000004,48.779,1.0309969454068348,1.0
149,1,5,0.0,-23.232068260735844,200,0.0,0,0.0,10.050000000000008,636.8720000000021,22.750999999999998,27.993143158542576,1.0
149,2,5,0.0,-27.962515723270453,200,0.0,0,0.0,20.00000000000003,1101.9339999999984,48.653999999999996,22.648374234389742,1.0
149,3,5,0.0,-22.852317406143325,200,0.0,0,0.0,10.000000000000007,782.7459999999998,26.369999999999997,29.683200606750088,1.0
149,4,5,0.0,-23.173203683792327,200,0.0,0,0.0,10.000000000000007,1663.999999999998,42.782,38.89486232527694,1.0
150,0,5,0.0,-25.594321202169198,200,0.0,0,0.0,15.000000000000002,961.9570000000041,52.37199999999999,18.367772855724514,1.0
150,1,5,0.0,-26.1744899421,200,0.0,0,0.0,15.000000000000002,1042.126999999998,16.753,62.205396048468806,1.0
150,2,5,0.0,-14.631775964515857,23,0.0,10,1.0,1.0500000000000003,52.278999999999996,59.745000000000005,0.8750355678299438,1.0
150,3,5,0.0,-25.17869158501669,200,0.0,0,0.0,13.250000000000012,656.0090000000006,49.602,13.225454618765385,1.0
150,4,5,0.0,-14.216775098977722,23,0.0,10,1.0,1.3499999999999999,79.664,67.69200000000001,1.1768598948177036,1.0
151,0,5,0.0,-25.59208295826886,200,0.0,0,0.0,15.000000000000004,1833.599999999991,55.546,33.01047780218182,1.0
151,1,5,1.0,9.667989644925093,10,0.487914617557811,0,0.0,0.8,66.899,32.641,2.0495389234398456,1.0
151,2,5,0.0,-25.65948350261562,200,0.0,0,0.0,14.950000000000003,736.0119999999981,49.129000000000005,14.98121272568133,1.0
151,3,5,1.0,10.587600200696535,3,0.9547452660054102,0,0.0,0.25,17.744,16.941,1.047399799303465,1.0
151,4,5,0.0,-25.5453233215297,200,0.0,0,0.0,15.000000000000004,637.4000000000018,70.31700000000001,9.06466430592889,1.0
152,0,5,0.0,-22.97693365242634,200,0.0,0,0.0,10.000000000000007,806.6000000000017,39.278000000000006,20.5356688222415,1.0
152,1,5,1.0,9.877155021343517,8,0.8946014390802748,0,0.0,0.7000000000000001,49.754000000000005,44.51,1.1178162210739162,1.0
152,2,5,0.0,-25.51539696312361,200,0.0,0,0.0,15.000000000000002,809.7999999999973,55.32,14.638467100506098,1.0
152,3,5,1.0,9.68347041891864,10,0.9389838418013183,0,0.0,0.7000000000000001,51.429,48.291000000000004,1.0649810523700067,1.0
152,4,5,0.0,-25.173701634745612,200,0.0,0,0.0,15.050000000000002,1038.6899999999973,41.352000000000004,25.11825304701096,1.0
153,0,5,0.0,-28.60935531936026,200,0.0,0,0.0,19.900000000000013,1031.3730000000012,50.335,20.490175821992672,1.0
153,1,5,0.0,-23.0870289878754,200,0.0,0,0.0,10.000000000000007,2116.9150000000086,61.198,34.591244811922095,1.0
153,2,5,0.0,-25.54710212724052,200,0.0,0,0.0,15.000000000000004,1025.7090000000026,40.61600000000001,25.25381623005718,1.0
153,3,5,0.0,-25.47192478225057,200,0.0,0,0.0,15.000000000000002,1037.6899999999973,57.06100000000001,18.18562590911476,1.0
153,4,5,0.0,-23.13504497423804,200,0.0,0,0.0,10.000000000000007,550.1959999999981,57.254999999999995,9.60957121648761,1.0
154,0,5,1.0,10.149364412372949,6,0.9390158244845681,0,0.0,0.55,24.202999999999996,22.726999999999997,1.064944779337352,1.0
154,1,5,0.0,-13.207726218805298,15,0.0,10,1.0,0.35,39.854,65.55600000000001,0.607938251266093,1.0
154,2,5,0.0,-23.08185656432199,200,0.0,0,0.0,10.000000000000007,570.0000000000022,34.817,16.371312864405382,1.0
154,3,5,0.0,-13.11166945824726,15,0.0,10,1.0,0.55,31.746999999999996,53.733000000000004,0.5908287272253548,1.0
154,4,5,0.0,-23.335537346359843,200,0.0,0,0.0,10.200000000000012,1091.2590000000002,38.076,28.660022061140882,1.0
155,0,5,0.0,-23.369484132787356,200,0.0,0,0.0,10.000000000000007,835.2660000000031,27.352,30.537657209710556,1.0
155,1,5,0.0,-23.507616757876836,200,0.0,0,0.0,10.10000000000001,649.1789999999996,37.642,17.246134636841816,1.0
155,2,5,1.0,10.494389573922597,4,0.40521420797467106,0,0.0,0.25,20.214,8.191,2.4678305457209126,1.0
155,3,5,0.0,-22.90800821355238,200,0.0,0,0.0,10.000000000000007,968.8000000000043,46.265,20.940235599265197,1.0
155,4,5,1.0,9.876032097035512,8,0.7950771159001497,0,0.0,0.7000000000000001,57.446,45.674,1.2577396330516266,1.0
156,0,5,1.0,10.023631471817414,7,0.6585431936799474,0,0.0,0.65,70.126,46.181,1.5185032805699314,1.0
156,1,5,1.0,9.85732992755846,8,0.8515824374560435,0,0.0,0.7500000000000001,49.765,42.379000000000005,1.1742844333278273,1.0
156,2,5,0.0,-13.15586826398803,16,0.0,10,1.0,0.44999999999999996,46.876000000000005,58.138999999999996,0.8062746177264832,1.0
156,3,5,0.0,-13.728430585703084,16,0.0,10,1.0,0.5,29.866,54.82299999999999,0.544771355088193,1.0
156,4,5,1.0,10.387747743948722,4,0.8676276891555688,0,0.0,0.45000000000000007,13.665999999999999,11.857000000000001,1.1525681032301591,1.0
157,0,5,1.0,10.875,1,1.0,0,0.0,0.05,3.598,3.598,1.0,1.0
157,1,5,1.0,10.342299503414027,5,0.926634264185672,0,0.0,0.35000000000000003,34.771,32.22,1.0791744258224705,1.0
157,2,5,0.0,-13.764199061170604,19,0.0,10,1.0,0.7500000000000001,42.13099999999999,40.901999999999994,1.030047430443499,1.0
157,3,5,1.0,10.63548481255131,3,0.822615742477677,0,0.0,0.15000000000000002,26.654,21.926000000000002,1.215634406640518,1.0
157,4,5,0.0,-13.50034359993376,19,0.0,10,1.0,0.7500000000000001,49.24100000000001,42.272999999999996,1.1648333451612143,1.0
158,0,5,0.0,-25.93254444676845,200,0.0,0,0.0,15.050000000000002,733.8430000000019,47.81,15.349152896883536,1.0
158,1,5,0.0,-13.476791049208565,19,0.0,10,1.0,0.6500000000000001,40.559,33.673,1.2044961838861994,1.0
158,2,5,0.0,-13.726189748761602,19,0.0,10,1.0,0.8500000000000001,44.244,33.713,1.3123720819861775,1.0
158,3,5,0.0,-28.274080914976828,200,0.0,0,0.0,20.000000000000014,802.587000000003,30.427,26.377460807835245,1.0
158,4,5,0.0,-26.005337869602833,200,0.0,0,0.0,15.000000000000004,970.1360000000042,40.415,24.004354818755516,1.0
159,0,5,0.0,-23.25069452702509,200,0.0,0,0.0,10.150000000000011,536.2770000000012,70.63799999999999,7.591905206829203,1.0
159,1,5,1.0,9.553940601759587,11,0.6590319377262389,0,0.0,0.8,62.434,41.146,1.5173771448014386,1.0
159,2,5,1.0,10.248127534194733,6,0.644562149353591,0,0.0,0.35,28.696999999999996,18.497,1.5514407741795964,1.0
159,3,5,1.0,10.507966890448582,3,1.0,0,0.0,0.4,13.108,13.108,1.0,1.0
159,4,5,1.0,10.340244337509333,5,0.8307543853603061,0,0.0,0.35000000000000003,29.016999999999996,24.105999999999998,1.2037252136397576,1.0
160,0,5,1.0,9.569144373559213,11,0.7297302583964165,0,0.0,0.7500000000000002,51.123,37.306,1.3703693775800139,1.0
160,1,5,0.0,-25.948882780380544,200,0.0,0,0.0,14.900000000000002,1067.4550000000015,41.836,25.515226121044115,1.0
160,2,5,0.0,-22.971229278206685,200,0.0,0,0.0,10.000000000000007,818.9690000000003,65.933,12.421230643228736,1.0
160,3,5,0.0,-23.214918414918387,200,0.0,0,0.0,10.000000000000007,2397.2000000000044,55.77,42.98368298368306,1.0
160,4,5,1.0,10.7552774165583,2,1.0,0,0.0,0.1,9.228,9.228,1.0,1.0
161,0,5,1.0,9.24788785487101,13,0.5848674419886455,0,0.0,1.0000000000000002,72.57200000000002,42.44499999999999,1.7097891388856175,1.0
161,1,5,0.0,-22.95500835068757,200,0.0,0,0.0,10.000000000000007,844.637,48.498999999999995,17.41555495989608,1.0
161,2,5,1.0,9.884911826998104,8,1.0,0,0.0,0.7000000000000001,44.855,44.855,1.0,1.0
161,3,5,0.0,-22.872398910753706,200,0.0,0,0.0,10.000000000000007,993.399999999998,38.926,25.520217849252376,1.0
161,4,5,1.0,9.307027198982027,13,0.523887561802122,0,0.0,0.9000000000000002,108.00600000000001,56.583,1.9088065319972434,1.0
162,0,5,1.0,10.729095399061034,2,1.0,0,0.0,0.15000000000000002,26.625,26.625,1.0,1.0
162,1,5,0.0,-12.9,10,0.0,10,1.0,0.0,0.0,52.317,0.0,1.0
162,2,5,1.0,10.223741169438105,5,0.8028620667088413,0,0.0,0.6000000000000001,45.84100000000001,36.804,1.2455439626127596,1.0
162,3,5,1.0,0.2965716071568103,16,0.8575544388609716,9,0.0,0.39999999999999997,29.849999999999998,25.598,1.1661067270880536,1.0
162,4,5,0.0,-12.92945365499728,10,0.0,10,1.0,0.0,0.0,27.565,0.0,1.0
163,0,5,1.0,9.939573169260466,8,0.800931472964094,0,0.0,0.6000000000000001,51.745999999999995,41.445,1.2485462661358426,1.0
163,1,5,1.0,10.400418095801301,5,0.5374054535053708,0,0.0,0.25,47.199,25.365,1.8607924305144885,1.0
163,2,5,0.0,-24.27265327007163,200,0.0,0,0.0,12.500000000000014,648.9999999999995,64.494,10.062951592396185,1.0
163,3,5,1.0,10.85,1,1.0,0,0.0,0.1,6.271,6.271,1.0,1.0
163,4,5,1.0,10.199801347170121,6,0.968187481774078,0,0.0,0.45,37.721000000000004,36.521,1.0328578078365873,1.0
164,0,5,0.0,-25.640368311327272,200,0.0,0,0.0,15.150000000000002,2971.8190000000045,57.56,51.62993398193198,1.0
164,1,5,0.0,-13.155557616508235,11,0.0,10,1.0,0.1,5.6,43.129999999999995,0.12984001854857408,1.0
164,2,5,0.0,-22.965266881199987,200,0.0,0,0.0,10.000000000000007,553.9999999999985,37.601,14.733650700779195,1.0
164,3,5,1.0,9.375655749879321,12,0.687383547308507,0,0.0,0.9500000000000001,78.358,53.861999999999995,1.4547918755337717,1.0
164,4,5,0.0,-13.055275872491805,11,0.0,10,1.0,0.1,4.872,43.009,0.11327861610360622,1.0
165,0,5,0.0,-22.917303930286415,200,0.0,0,0.0,10.000000000000007,729.730000000003,22.492,32.443980081807,1.0
165,1,5,1.0,9.13994676131322,14,0.5634088603314169,0,0.0,1.1000000000000003,68.01100000000001,38.318,1.7749099639855945,1.0
165,2,5,1.0,10.295198451113261,5,1.0,0,0.0,0.45,18.594,18.594,1.0,1.0
165,3,5,0.0,-22.98516790765823,200,0.0,0,0.0,10.000000000000007,355.8149999999996,33.441,10.64008253341705,1.0
165,4,5,0.0,-25.614033991502147,200,0.0,0,0.0,15.000000000000002,1355.1269999999984,64.016,21.168567233191673,1.0
166,0,5,1.0,10.00241387755102,7,1.0,0,0.0,0.65,24.5,24.5,1.0,1.0
166,1,5,0.0,-23.365584660636024,200,0.0,0,0.0,10.250000000000012,1011.459,36.038,28.066457628059272,1.0
166,2,5,1.0,10.106740833173355,6,0.9221754062953652,0,0.0,0.65,28.243,26.044999999999998,1.0843923977730852,1.0
166,3,5,1.0,9.758749911907726,9,0.890322715579445,0,0.0,0.7500000000000001,47.813,42.569,1.1231882355704856,1.0
166,4,5,0.0,-13.276576005961253,16,0.0,10,1.0,0.35000000000000003,26.680999999999997,37.576,0.7100542899723227,1.0
167,0,5,0.0,-22.93784097504352,200,0.0,0,0.0,10.000000000000007,874.4949999999992,34.46,25.37710388856643,1.0
167,1,5,1.0,10.065577819490066,7,0.7232554982351345,0,0.0,0.55,44.196,31.965,1.3826372595025809,1.0
167,2,5,0.0,-26.018454131718585,200,0.0,0,0.0,15.000000000000002,624.3479999999992,53.17399999999999,11.741603039079235,1.0
167,3,5,0.0,-22.81173616655406,200,0.0,0,0.0,10.000000000000007,1226.1999999999994,32.566,37.652766689185015,1.0
167,4,5,1.0,10.204061637950527,6,0.6211167911915061,0,0.0,0.44999999999999996,71.204,44.226,1.610003165558721,1.0
168,0,5,0.0,-22.9757990012484,200,0.0,0,0.0,10.000000000000007,737.0919999999978,52.86600000000001,13.942647448265383,1.0
168,1,5,0.0,-13.05702054470287,13,0.0,10,1.0,0.2,14.36,31.687,0.4531826932180389,1.0
168,2,5,1.0,10.391495995282789,5,0.9970115618263765,0,0.0,0.25,40.824000000000005,40.702,1.0029973957053708,1.0
168,3,5,1.0,10.109105065438682,7,0.6521902353243365,0,0.0,0.45,50.611,33.007999999999996,1.5332949587978673,1.0
168,4,5,0.0,-12.754489766953364,13,0.0,10,1.0,0.4,28.107,35.229,0.7978370092821255,1.0
169,0,5,1.0,10.560763639548123,3,1.0,0,0.0,0.30000000000000004,11.419,11.419,1.0,1.0
169,1,5,1.0,10.521712926249009,4,0.5878178898844978,0,0.0,0.2,19.307000000000002,11.349,1.7012071548154024,1.0
169,2,5,1.0,10.073089093158918,7,0.6738133523911618,0,0.0,0.5,67.16400000000002,45.256,1.4840905073360442,1.0
169,3,5,0.0,-25.74133037978286,200,0.0,0,0.0,14.900000000000002,871.6079999999955,70.19800000000001,12.416422120288262,1.0
169,4,5,0.0,-26.287527663208426,200,0.0,0,0.0,16.599999999999994,1143.3649999999984,55.037,20.774478986863354,1.0
170,0,5,0.0,-29.741331916099796,200,0.0,0,0.0,23.35000000000002,745.480999999999,35.28,21.130413832199515,1.0
170,1,5,0.0,-23.155414908579438,200,0.0,0,0.0,10.000000000000007,231.79999999999956,7.11,32.601969057665194,1.0
170,2,5,1.0,10.704550282977797,2,1.0,0,0.0,0.2,11.485,11.485,1.0,1.0
170,3,5,1.0,9.702147606793618,10,0.7269856473651914,0,0.0,0.7000000000000001,66.81700000000001,48.575,1.3755429747812662,1.0
170,4,5,0.0,-25.88518485005167,200,0.0,0,0.0,15.000000000000004,949.4870000000026,30.944000000000003,30.68404214064124,1.0
171,0,5,0.0,-13.760026053569797,20,0.0,10,1.0,0.6,72.64,43.756,1.6601151842033093,1.0
171,1,5,0.0,-30.892600815761163,200,0.0,0,0.0,24.900000000000002,695.5860000000016,51.976,13.382830537171033,1.0
171,2,5,1.0,10.75298519316957,2,0.8400610017633321,0,0.0,0.1,20.983,17.627,1.1903897430078858,1.0
171,3,5,0.0,-25.96443971384256,200,0.0,0,0.0,14.950000000000003,1016.3649999999961,31.591,32.17261245291368,1.0
171,4,5,0.0,-13.726312119535141,20,0.0,10,1.0,0.7999999999999999,58.23,63.245,0.920705194086489,1.0
172,0,5,1.0,9.331378464369225,12,0.7532520031762071,0,0.0,1.05,69.26500000000001,52.174,1.3275769540384101,1.0
172,1,5,1.0,9.604176987220605,10,0.6000592153960028,0,0.0,0.9,67.55000000000001,40.534,1.6665021956875712,1.0
172,2,5,1.0,9.157191188977718,13,0.5887654852633373,0,0.0,1.2000000000000002,99.85299999999998,58.790000000000006,1.698469127402619,1.0
172,3,5,1.0,10.610458138870369,3,1.0,0,0.0,0.2,10.499,10.499,1.0,1.0
172,4,5,0.0,-25.61470273370291,200,0.0,0,0.0,15.000000000000002,476.3610000000026,41.848,11.383124641559993,1.0
173,0,5,1.0,10.875,1,1.0,0,0.0,0.05,8.863,8.863,1.0,1.0
173,1,5,1.0,10.875,1,1.0,0,0.0,0.05,3.438,3.438,1.0,1.0
173,2,5,0.0,-25.385110873125864,200,0.0,0,0.0,15.000000000000002,1459.0000000000018,63.496,22.97782537482679,1.0
173,3,5,1.0,9.937742503965158,8,0.5211361847284178,0,0.0,0.6000000000000001,76.22,39.721000000000004,1.9188842174164797,1.0
173,4,5,0.0,-25.564940693568342,200,0.0,0,0.0,14.950000000000003,617.6870000000016,66.26600000000002,9.321326170283426,1.0
174,0,5,0.0,-22.977756868648832,200,0.0,0,0.0,10.000000000000007,659.5100000000016,53.14000000000001,12.41080165600304,1.0
174,1,5,0.0,-25.785133193130036,200,0.0,0,0.0,14.950000000000003,942.1899999999969,22.823999999999998,41.28066947073243,1.0
174,2,5,0.0,-25.383259770997302,200,0.0,0,0.0,15.000000000000002,525.1999999999979,15.633,33.59559905328459,1.0
174,3,5,1.0,8.706682397831107,17,0.4128810256729163,0,0.0,1.35,96.48300000000003,39.836,2.422005221407773,1.0
174,4,5,1.0,9.866319250590509,9,0.724923627731403,0,0.0,0.5499999999999999,51.39300000000001,37.256,1.3794556581490232,1.0
175,0,5,1.0,10.53948424953675,3,0.42306888261733044,0,0.0,0.35,19.134,8.095,2.363681284743669,1.0
175,1,5,0.0,-28.13636775362313,200,0.0,0,0.0,20.000000000000014,1218.8000000000054,44.160000000000004,27.59963768115954,1.0
175,2,5,0.0,-23.783773486342124,200,0.0,0,0.0,10.300000000000011,455.918999999999,59.342999999999996,7.682776401597477,1.0
175,3,5,1.0,9.251816089193138,13,0.6903942622611005,0,0.0,1.0000000000000002,72.36299999999999,49.959,1.4484477271362513,1.0
175,4,5,0.0,-24.864771449434176,200,0.0,0,0.0,13.400000000000013,641.848000000002,54.78,11.71683096020449,1.0
176,0,5,0.0,-28.39040551048005,200,0.0,0,0.0,19.900000000000013,1788.374999999997,59.160000000000004,30.22946247464498,1.0
176,1,5,0.0,-25.710169336683087,200,0.0,0,0.0,15.000000000000004,844.8689999999962,30.648999999999997,27.56595647492565,1.0
176,2,5,0.0,-28.154345949944503,200,0.0,0,0.0,19.950000000000024,767.1669999999992,48.666,15.763921423581131,1.0
176,3,5,0.0,-25.82108292079209,200,0.0,0,0.0,15.000000000000002,613.8729999999994,37.168,16.51616982350407,1.0
176,4,5,0.0,-26.576763682427373,200,0.0,0,0.0,16.649999999999995,1150.2979999999993,32.760999999999996,35.11180977381641,1.0
177,0,5,0.0,-24.957500780734936,200,0.0,0,0.0,13.350000000000014,1369.5589999999997,57.638,23.76139005517193,1.0
177,1,5,1.0,10.032369491152874,7,0.863665126874644,0,0.0,0.6000000000000002,31.606,27.297,1.1578561746712093,1.0
177,2,5,1.0,10.273553103052887,5,0.600309748472768,0,0.0,0.5,34.867,20.931,1.6658066981988435,1.0
177,3,5,1.0,10.729971897482015,2,0.9735171810024075,0,0.0,0.15000000000000002,9.138,8.895999999999999,1.0272032374100721,1.0
177,4,5,1.0,10.052694660821848,7,0.8368036312775445,0,0.0,0.55,37.893,31.708999999999996,1.195023494906809,1.0
178,0,5,1.0,10.491278779039483,4,0.6642446889488617,0,0.0,0.25,14.451,9.599,1.5054693197208042,1.0
178,1,5,1.0,9.806648077040288,9,0.3092684398032083,0,0.0,0.7500000000000001,53.05099999999999,16.407,3.2334369476442975,1.0
178,2,5,1.0,10.521298947022046,4,0.6840357886444207,0,0.0,0.2,17.771,12.156,1.4619118130964133,1.0
178,3,5,0.0,-23.470735134891253,200,0.0,0,0.0,10.050000000000008,879.6629999999991,44.332,19.84261932689703,1.0
178,4,5,0.0,-25.464254336508294,200,0.0,0,0.0,14.950000000000003,1080.2490000000025,41.681,25.917060531177338,1.0
179,0,5,1.0,10.438151205450735,4,1.0,0,0.0,0.35,22.896,22.896,1.0,1.0
179,1,5,0.0,-25.615319921953944,200,0.0,0,0.0,15.000000000000004,1342.1010000000015,29.726,45.149061427706435,1.0
179,2,5,0.0,-26.72124600784736,200,0.0,0,0.0,16.750000000000053,555.2549999999995,43.836,12.666643854366264,1.0
179,3,5,0.0,-23.380700325732917,200,0.0,0,0.0,10.000000000000007,783.4000000000004,9.824,79.74348534201958,1.0
179,4,5,0.0,-25.4352928005863,200,0.0,0,0.0,15.000000000000004,635.799999999997,49.129,12.941439882757578,1.0
180,0,5,1.0,10.22198017561329,6,0.7735452699390799,0,0.0,0.39999999999999997,28.561999999999998,22.093999999999998,1.2927491626685979,1.0
180,1,5,0.0,-25.55529875506907,200,0.0,0,0.0,15.000000000000004,1159.9309999999962,35.263,32.89371295692358,1.0
180,2,5,1.0,10.224427688131504,6,0.647811645173896,0,0.0,0.4,30.708000000000002,19.893,1.5436585733675163,1.0
180,3,5,0.0,-25.446061525727682,200,0.0,0,0.0,15.000000000000004,877.9699999999985,36.245,24.2232032004414,1.0
180,4,5,1.0,9.627991521693364,10,0.7728866208120703,0,0.0,0.8500000000000002,67.605,52.25100000000001,1.29385083539071,1.0
181,0,5,1.0,10.485152472858866,4,0.7609134633035943,0,0.0,0.25,27.237000000000002,20.725,1.3142098914354645,1.0
181,1,5,1.0,9.404559525234731,11,0.9149102630302461,0,0.0,1.1,63.909000000000006,58.471000000000004,1.093003369191565,1.0
181,2,5,1.0,10.875,1,1.0,0,0.0,0.05,8.58,8.58,1.0,1.0
181,3,5,1.0,10.60968631948192,3,1.0,0,0.0,0.2,14.824,14.824,1.0,1.0
181,4,5,1.0,10.172768423724511,6,0.9234315180873506,0,0.0,0.5,63.99499999999999,59.09499999999999,1.082917336492089,1.0
182,0,5,1.0,9.39173464931435,12,0.6753177809891764,0,0.0,0.9500000000000002,67.814,45.796,1.4807843479779892,1.0
182,1,5,1.0,10.22280563479693,6,0.9173636216478713,0,0.0,0.4,37.066,34.003,1.0900802870334971,1.0
182,2,5,0.0,-23.31354639095018,200,0.0,0,0.0,10.050000000000008,1153.146,77.08400000000002,14.959602511545842,1.0
182,3,5,1.0,9.761788490007403,9,0.8254477412456563,0,0.0,0.7500000000000001,52.374,43.232000000000006,1.211463730569948,1.0
182,4,5,1.0,10.18168715529271,6,0.5156415967106389,0,0.0,0.5,29.185000000000002,15.049,1.9393315170443222,1.0
183,0,5,1.0,10.727393663713988,2,1.0,0,0.0,0.15000000000000002,25.061999999999998,25.061999999999998,1.0,1.0
183,1,5,1.0,10.462596660147435,4,0.8147331004473862,0,0.0,0.3,16.317,13.294,1.2273958176621032,1.0
183,2,5,0.0,-23.102399194742144,200,0.0,0,0.0,10.000000000000007,884.5760000000012,16.889,52.375865948250414,1.0
183,3,5,0.0,-23.1145864096437,200,0.0,0,0.0,10.000000000000007,996.5999999999951,37.247,26.756517303406856,1.0
183,4,5,0.0,-23.065370844226894,200,0.0,0,0.0,10.050000000000008,506.9760000000014,53.93099999999999,9.400456138399093,1.0
184,0,5,0.0,-22.71392332084178,200,0.0,0,0.0,10.000000000000007,992.3999999999982,17.345,57.21533583165167,1.0
184,1,5,0.0,-27.984259076882694,200,0.0,0,0.0,20.00000000000002,922.4999999999991,76.15500000000003,12.11345282647231,1.0
184,2,5,1.0,10.272855113636364,5,1.0,0,0.0,0.5,27.456000000000003,27.456000000000003,1.0,1.0
184,3,5,1.0,8.545222043171938,18,0.5054553720260644,0,0.0,1.4500000000000002,105.58400000000003,53.367999999999995,1.9784140308799287,1.0
184,4,5,0.0,-25.70422535211274,200,0.0,0,0.0,15.000000000000002,805.1999999999975,14.91,54.00402414486905,1.0
185,0,5,0.0,-24.644466666666712,200,0.0,0,0.0,13.350000000000012,834.4120000000011,59.1,14.118646362098156,1.0
185,1,5,0.0,-25.02579247248812,200,0.0,0,0.0,14.950000000000003,743.6479999999984,15.357,48.4240411538711,1.0
185,2,5,0.0,-25.985725422178202,200,0.0,0,0.0,14.900000000000002,255.24700000000138,52.466,4.864998284603389,1.0
185,3,5,1.0,10.53561435302646,3,1.0,0,0.0,0.35,11.036000000000001,11.036000000000001,1.0,1.0
185,4,5,1.0,10.605127539070816,3,0.7880465787442531,0,0.0,0.2,29.799,23.482999999999997,1.2689605246348423,1.0
186,0,5,1.0,9.991910597169484,8,0.6231615175714553,0,0.0,0.5,37.191,23.176,1.604720400414222,1.0
186,1,5,1.0,9.858480353390425,8,0.8974166599075352,0,0.0,0.7500000000000001,49.316,44.257000000000005,1.1143096007411257,1.0
186,2,5,1.0,10.17282275024326,6,1.0,0,0.0,0.5,31.859,31.859,1.0,1.0
186,3,5,0.0,-24.09343188510304,200,0.0,0,0.0,12.000000000000016,744.4000000000005,49.923,14.910962882839584,1.0
186,4,5,0.0,-24.632146800909386,200,0.0,0,0.0,13.300000000000011,851.1760000000003,55.422000000000004,15.35808884558479,1.0
187,0,5,0.0,-12.821845965010409,13,0.0,10,1.0,0.25,19.106,32.181000000000004,0.59370435971536,1.0
187,1,5,0.0,-25.51911799474615,200,0.0,0,0.0,14.950000000000003,732.8679999999981,45.67999999999999,16.04352014010504,1.0
187,2,5,0.0,-25.722363902739957,200,0.0,0,0.0,14.950000000000003,941.4809999999987,38.906000000000006,24.19886392844288,1.0
187,3,5,0.0,-25.4399528309891,200,0.0,0,0.0,15.000000000000004,707.799999999998,58.937000000000005,12.009433802195531,1.0
187,4,5,0.0,-14.012902429764619,13,0.0,10,1.0,0.4,11.023,15.803999999999998,0.6974816502151354,1.0
188,0,5,1.0,10.492828363507277,4,0.7998864201036417,0,0.0,0.25,14.087,11.268,1.2501774937877173,1.0
188,1,5,1.0,10.017623309917667,8,0.794991893352549,0,0.0,0.44999999999999996,33.306000000000004,26.478,1.2578744618173578,1.0
188,2,5,0.0,-23.29564336898953,200,0.0,0,0.0,10.000000000000007,645.3359999999996,28.886999999999997,22.34001453941218,1.0
188,3,5,0.0,-23.46234949105081,200,0.0,0,0.0,10.100000000000009,290.9779999999993,26.427,11.010633064668685,1.0
188,4,5,1.0,9.519185099417074,11,0.9857331208060296,0,0.0,0.8500000000000001,50.817,50.092000000000006,1.014473369001038,1.0
189,0,5,1.0,10.102805041694623,7,0.9206400564755713,0,0.0,0.44999999999999996,33.997,31.299,1.086200837087447,1.0
189,1,5,1.0,9.93496612354166,8,0.9235958485958486,0,0.0,0.6000000000000001,32.76,30.257,1.0827246587566512,1.0
189,2,5,1.0,9.800943683409436,9,0.6673212351029254,0,0.0,0.7000000000000001,44.303999999999995,29.565,1.4985286656519532,1.0
189,3,5,1.0,10.440835116500237,4,0.9985162324173542,0,0.0,0.35,16.849,16.824,1.0014859724203518,1.0
189,4,5,0.0,-23.624536067671,200,0.0,0,0.0,10.050000000000008,1065.8630000000048,38.303000000000004,27.827141477169015,1.0
190,0,5,0.0,-25.720742324728935,200,0.0,0,0.0,15.000000000000004,723.2279999999988,32.735,22.09341683213682,1.0
190,1,5,0.0,-22.92411769935105,200,0.0,0,0.0,10.000000000000007,1088.4000000000012,56.245000000000005,19.35105342697131,1.0
190,2,5,0.0,-28.220642415482196,200,0.0,0,0.0,20.00000000000003,1103.4869999999983,62.265,17.72242833052274,1.0
190,3,5,1.0,9.409288086867,12,0.7636997478118973,0,0.0,0.9000000000000001,67.41,51.480999999999995,1.3094151240263399,1.0
190,4,5,1.0,9.58594879323,10,0.796416966112477,0,0.0,0.9,58.163000000000004,46.322,1.255623677734122,1.0
191,0,5,0.0,-12.867631503657986,14,0.0,10,1.0,0.39999999999999997,18.434,24.467000000000002,0.7534229778885846,1.0
191,1,5,0.0,-13.518030240336541,14,0.0,10,1.0,0.2,14.075000000000001,58.001999999999995,0.24266404606737701,1.0
191,2,5,0.0,-25.35522746818975,200,0.0,0,0.0,15.000000000000002,1313.0000000000066,45.346999999999994,28.954506362052765,1.0
191,3,5,1.0,9.517909651454733,11,0.8272323269345306,0,0.0,0.8500000000000002,65.48100000000001,54.168000000000006,1.2088502436863093,1.0
191,4,5,0.0,-28.211319947333756,200,0.0,0,0.0,19.950000000000017,1345.8780000000008,41.013,32.815887645380755,1.0
192,0,5,1.0,10.636504715633038,3,1.0,0,0.0,0.15000000000000002,13.995999999999999,13.995999999999999,1.0,1.0
192,1,5,0.0,-24.75467687788501,200,0.0,0,0.0,13.350000000000012,912.2560000000016,11.915000000000001,76.5636592530425,1.0
192,2,5,1.0,9.47335682418485,11,0.6763597603999337,0,0.0,0.9500000000000001,66.61100000000002,45.053,1.4785030963531844,1.0
192,3,5,0.0,-23.148547254150724,200,0.0,0,0.0,10.000000000000007,941.5999999999987,12.528,75.1596424010216,1.0
192,4,5,0.0,-23.447691327749276,200,0.0,0,0.0,10.10000000000001,582.7160000000022,31.399,18.558425427561456,1.0
193,0,5,0.0,-23.02819164572566,200,0.0,0,0.0,10.000000000000007,764.0910000000003,42.182,18.11414821487839,1.0
193,1,5,0.0,-25.28379557896912,200,0.0,0,0.0,13.350000000000012,951.0350000000001,48.404999999999994,19.647453775436425,1.0
193,2,5,0.0,-28.30086181650835,200,0.0,0,0.0,19.80000000000003,813.2080000000033,47.806,17.010584445467167,1.0
193,3,5,0.0,-25.627780812901023,200,0.0,0,0.0,14.950000000000003,1447.2409999999948,60.769999999999996,23.815056771433188,1.0
193,4,5,0.0,-25.399876695437676,200,0.0,0,0.0,15.000000000000002,974.399999999997,48.66000000000001,20.024660912453694,1.0
194,0,5,1.0,9.389981512176462,12,0.5489029639220352,0,0.0,0.9500000000000002,57.153999999999996,31.372,1.8218156317735559,1.0
194,1,5,1.0,10.113107994976978,7,0.8604715595821905,0,0.0,0.45,36.093,31.057000000000002,1.1621534597675243,1.0
194,2,5,0.0,-13.270997862723803,17,0.0,10,1.0,0.7000000000000001,45.406000000000006,57.081999999999994,0.7954521565467224,1.0
194,3,5,0.0,-13.340181500730877,17,0.0,10,1.0,0.49999999999999994,46.120999999999995,49.256,0.9363529316225433,1.0
194,4,5,1.0,9.584159500085267,11,0.5586069868401354,0,0.0,0.7500000000000001,73.481,41.04699999999999,1.7901673691134556,1.0
195,0,5,1.0,9.48304770830544,11,0.6238897396630934,0,0.0,0.9500000000000002,71.83000000000001,44.814,1.6028473244968093,1.0
195,1,5,1.0,10.407234441186054,4,0.46477113542573734,0,0.0,0.44999999999999996,26.413,12.276,2.1515966112740306,1.0
195,2,5,0.0,-25.567732487922783,200,0.0,0,0.0,15.000000000000002,1002.3279999999958,43.056,23.27963582311399,1.0
195,3,5,1.0,10.00658920702455,7,0.8413602907603238,0,0.0,0.65,54.753,46.06700000000001,1.1885514576594958,1.0
195,4,5,0.0,-25.67770232558143,200,0.0,0,0.0,15.000000000000002,1404.0229999999963,74.175,18.928520390967257,1.0
196,0,5,0.0,-14.767776021080365,12,0.0,10,1.0,0.15000000000000002,17.438000000000002,7.59,2.2974967061923586,1.0
196,1,5,0.0,-25.743164489339954,200,0.0,0,0.0,15.000000000000004,1066.2000000000014,20.591,51.779903841484206,1.0
196,2,5,0.0,-24.727452454265546,200,0.0,0,0.0,13.350000000000012,781.4500000000006,49.689,15.726820825534839,1.0
196,3,5,0.0,-13.164443209279845,12,0.0,10,1.0,0.15000000000000002,10.591000000000001,51.724999999999994,0.20475592073465446,1.0
196,4,5,0.0,-25.544916529830243,200,0.0,0,0.0,15.000000000000004,1217.5210000000027,58.464,20.82514025725237,1.0
197,0,5,0.0,-25.449149096823003,200,0.0,0,0.0,15.000000000000002,1054.9999999999975,34.434,30.63832258813956,1.0
197,1,5,1.0,10.323732182017544,5,1.0,0,0.0,0.39999999999999997,21.888,21.888,1.0,1.0
197,2,5,0.0,-23.23422019137111,200,0.0,0,0.0,10.000000000000007,602.080999999999,34.90599999999999,17.248639202429356,1.0
197,3,5,1.0,10.346344974486215,5,0.712104543787712,0,0.0,0.35000000000000003,29.997000000000003,21.361,1.4042881887552081,1.0
197,4,5,0.0,-25.29501547113285,200,0.0,0,0.0,14.950000000000003,405.1809999999989,40.721000000000004,9.950173129343554,1.0
198,0,5,1.0,10.31865729369583,5,0.8698246648003539,0,0.0,0.39999999999999997,40.721999999999994,35.42100000000001,1.1496569831455912,1.0
198,1,5,0.0,-25.68382391726812,200,0.0,0,0.0,15.050000000000002,665.9409999999991,57.632000000000005,11.555056218767335,1.0
198,2,5,1.0,10.225749230520007,6,0.9530352621503119,0,0.0,0.4,32.386,30.865000000000002,1.0492791187429127,1.0
198,3,5,0.0,-28.089400575647613,200,0.0,0,0.0,20.00000000000003,714.4000000000004,39.955,17.88011512952072,1.0
198,4,5,1.0,10.035017528753306,7,0.5046557824818424,0,0.0,0.6000000000000001,32.218,16.259,1.9815486807306724,1.0
199,0,5,0.0,-25.475286545901582,200,0.0,0,0.0,15.000000000000002,803.6869999999975,55.314,14.52954044184108,1.0
199,1,5,1.0,10.250936167761262,6,0.7833739507175738,0,0.0,0.35,22.158,17.358,1.2765295540960941,1.0
199,2,5,1.0,9.739383985946096,9,0.9123924413700017,0,0.0,0.8000000000000002,47.416,43.262,1.0960196014978503,1.0
199,3,5,1.0,9.281680136721052,12,0.8402682474781059,0,0.0,1.1500000000000001,70.681,59.391000000000005,1.1900961425131753,1.0
199,4,5,1.0,9.307407472744593,12,0.9271356372973946,0,0.0,1.1,61.141000000000005,56.68600000000001,1.0785908337155559,1.0
